5634	4302.0	4780.0	9384978.0	-6.0249914131545825	1.6911860236377311E-9	all
43231	4537.0	4752.0	7524693.0	-1.9060157868481438	0.05664815747371528	all
43227	4537.0	4752.0	7524693.0	-1.9060157868481438	0.05664815747371528	all
43226	4532.5	4777.0	7271603.0	-2.103750601369507	0.03540020792752601	all
5575	4564.0	4912.0	2355080.0	-1.8398373210011107	0.06579212438833013	all
43229	4532.0	4778.0	7270216.0	-2.139407355297233	0.03240269177197767	all
44424	4561.0	4737.0	5343323.0	-1.0115573830793458	0.31174973120436544	all
44464	4533.5	5006.5	3776340.0	-2.8602903336701555	0.004232533225427456	all
5623	4535.0	4987.0	3773338.0	-2.7635934108602034	0.005716872634604384	all
5622	4560.5	4738.0	5325235.0	-1.0358864343466578	0.30025512707089586	all
16301	3698.0	4625.0	1608540.0	-4.012372107219041	6.0111647171199336E-5	all
16772	4163.0	4617.0	2181515.0	-2.3687036914866035	0.01785054803559868	all
16740	4430.5	4621.5	5431082.0	-1.2573326266706313	0.2086332143459565	all
3824	4705.0	4494.0	9839981.0	-2.1674413479487304	0.03020121736170812	all
3674	4556.0	4819.0	4570746.0	-1.849547510175797	0.06437879413989687	all
8152	4564.0	4613.0	1.035114E7	-0.7145323705832206	0.4748980469560522	all
8150	4587.0	4543.0	3503015.0	-0.7028755570501316	0.4821333050814226	all
16310	3736.5	4628.5	1754878.0	-3.9909969416540845	6.579612893726087E-5	all
6796	4038.0	4640.0	2996645.0	-4.2426567391061285	2.208891646485496E-5	all
6793	4039.0	4640.5	3036277.0	-4.348090056478183	1.373282173579711E-5	all
44237	4428.0	4723.5	9788288.0	-3.64679316447978	2.6553349332615286E-4	all
9987	4421.0	4818.0	9757701.0	-5.318662165616468	1.0453302605097808E-7	all
5886	3624.0	4743.0	4676690.0	-8.707278909019449	3.1125654558764918E-18	all
16020	4054.0	4806.0	8094283.0	-7.956101631683392	1.7754457886529358E-15	all
71944	3732.5	4749.5	5292886.0	-8.697558130146621	3.391020393180288E-18	all
46777	3134.0	4593.0	196461.0	-2.78884251733613	0.005289677986577998	all
6468	3512.5	4609.5	906650.0	-3.7215185806928974	1.980282913744736E-4	all
6464	4282.5	4618.5	3658507.0	-2.737664546526889	0.006187715658290769	all
36211	4282.5	4618.5	3658507.0	-2.737664546526889	0.006187715658290769	all
19538	4391.5	4628.0	5647598.0	-2.0979014194487826	0.03591385460865595	all
43170	4405.0	4674.0	8664580.0	-3.1646219696954083	0.001552845618937302	all
71704	4492.0	4669.0	1.0062648E7	-2.1875782310101615	0.02870033897036461	all
44238	4478.0	4671.0	9828819.0	-2.605220162244858	0.009181524095847526	all
43412	4388.0	4614.0	4148462.0	-2.1751168980047626	0.0296213574812416	all
44267	4310.0	4634.5	5013937.0	-2.5795748561195873	0.009892201647180564	all
44260	4390.5	4676.5	8143724.0	-3.4684686351902916	5.234336235933762E-4	all
4674	3503.0	4604.0	671723.0	-3.3641031761335305	7.679282894191309E-4	all
4672	3538.5	4607.0	859022.0	-3.4887424590420713	4.852984769975885E-4	all
16773	3710.5	4613.5	1162545.0	-3.237577881554243	0.0012054903086485443	all
6351	3629.0	4655.0	2203678.0	-5.874578681376686	4.239201001936509E-9	all
34645	4031.5	4676.5	4215461.0	-5.219684145036311	1.792285320696493E-7	all
9059	3964.0	4684.5	4283201.0	-5.571112450585649	2.5311788213836145E-8	all
1901576	4180.0	4713.0	6349510.0	-4.839878084308671	1.299188038102671E-6	all
9058	4210.5	4708.5	6602245.0	-4.6199794594247265	3.837780362921216E-6	all
44249	4250.0	4688.0	6288668.0	-4.292513513538943	1.7666179484547874E-5	all
97659	3663.0	4654.0	2226425.0	-5.748819492525689	8.986869786501884E-9	all
32774	3670.0	4654.0	2261661.0	-5.660998050966332	1.504951366220578E-8	all
16070	4313.5	4629.0	4177590.0	-2.36736482078102	0.01791526333582021	all
90304	4528.0	4599.0	5301035.0	-0.705632820873766	0.48041650811471026	all
6139	4482.0	4611.5	5883622.0	-1.5684150119886748	0.1167843099144867	all
46483	4542.0	4602.0	6432774.0	-1.0099806429363258	0.31250456413808647	all
6725	4516.0	4608.0	6490320.0	-1.1062863712516935	0.26860258881829024	all
1901360	4531.0	4604.0	6717213.0	-0.8244548013455996	0.40968118762500383	all
34641	4497.0	4612.0	7108782.0	-1.3157115527747165	0.1882708751637824	all
6807	4502.5	4611.5	7595783.0	-1.2743579749756155	0.20253657879838582	all
34654	3763.0	4659.5	2728841.0	-5.632254601310197	1.7786883596332422E-8	all
19438	3888.0	4661.0	3315746.0	-4.964627348454078	6.883310808081902E-7	all
44271	4056.5	4665.5	4316785.0	-4.409662496588723	1.0353184704467305E-5	all
18130	4005.5	4649.5	3309084.0	-4.440469293308044	8.976291292156676E-6	all
1901362	4033.0	4657.0	3587741.0	-4.427134578561662	9.549315752050428E-6	all
10467	4295.5	4644.5	4831617.0	-2.680294333605564	0.0073557450346838135	all
6355	3720.0	4674.0	3056779.0	-6.323821211412848	2.551729539692045E-10	all
1903506	3713.0	4678.0	3075038.0	-6.597601702258575	4.1786203855679754E-11	all
2001141	3713.0	4678.0	3075038.0	-6.597601702258575	4.1786203855679754E-11	all
31326	3716.5	4685.5	3448131.0	-6.620465074432314	3.5807051181375797E-11	all
9889	3710.0	4688.5	3467865.0	-6.714966528422907	1.881093948791045E-11	all
19222	3879.0	4699.0	4612776.0	-6.47025524475085	9.783750828148955E-11	all
50789	4005.0	4748.0	6291664.0	-7.482287283217952	7.304005985788812E-14	all
65007	4079.0	4740.0	6741707.0	-6.983198709120624	2.8853384802748058E-12	all
31323	3791.5	4694.5	4081952.0	-6.647755706490436	2.9759569186704506E-11	all
50794	3868.0	4743.0	5558886.0	-7.9147865309105425	2.476776829483033E-15	all
51252	3713.5	4677.5	3127341.0	-6.595667187576433	4.2334765619106304E-11	all
19219	3743.0	4676.5	3276882.0	-6.355641381608483	2.0755874486124022E-10	all
80090	3753.0	4694.5	3907887.0	-6.944081801514123	3.80929737445641E-12	all
51171	3726.5	4683.5	3507295.0	-6.557151891078568	5.4845144188553286E-11	all
60255	3753.0	4698.5	4007672.0	-6.993115122207434	2.6884872082376134E-12	all
10556	3689.0	4688.5	3318430.0	-6.889836824389086	5.585642097005974E-12	all
10468	3736.0	4687.0	3517438.0	-6.77162286196267	1.2734574860306823E-11	all
2000112	3699.0	4684.5	3295718.0	-6.650449837930103	2.921985762041853E-11	all
3677	3951.0	4648.0	3194599.0	-4.738101431903758	2.1572983103971793E-6	all
3676	4233.0	4661.5	5373695.0	-3.4684044067778963	5.235587574042442E-4	all
1901363	4289.0	4695.0	7807479.0	-4.211961342767665	2.531628764100695E-5	all
5488	4290.0	4877.0	9619254.0	-6.829770434175306	8.505062297384626E-12	all
97159	4289.0	4695.0	7829986.0	-4.1955072559626005	2.72261569902133E-5	all
9737	3814.5	4609.5	935887.0	-3.600017738513507	3.181954725585023E-4	all
9725	3893.0	4638.0	2400363.0	-4.304688766507604	1.672206567352906E-5	all
9719	3880.5	4638.5	2518417.0	-4.506009851629093	6.605802171936705E-6	all
50896	4167.0	4718.0	7233468.0	-5.660180191241669	1.512141366529045E-8	all
10033	3866.0	4656.5	2988648.0	-5.3130901470347345	1.0778168475208457E-7	all
42221	4117.5	4648.5	4369971.0	-4.324566719846838	1.5283194504794262E-5	all
33993	3944.0	4608.0	1235314.0	-2.7995706410764405	0.0051170618874603205	all
97305	3868.0	4607.0	1074205.0	-3.11618194859153	0.0018320919290478197	all
1901700	4071.0	4620.0	2564916.0	-3.6255052718365817	2.883970127866367E-4	all
1101	3858.0	4623.5	1870816.0	-4.283592899111543	1.8389926230160342E-5	all
42162	5325.0	4584.0	31486.0	-0.09222884385048544	0.9265162216189323	all
43565	3365.0	4602.0	561731.0	-3.221859960954463	0.0012736136803679055	all
723	7306.0	4581.0	40688.0	-1.9827505577038445	0.04739529921317853	all
6259	5442.5	4556.5	1296523.0	-2.448771121188854	0.014334450335681136	all
32200	7306.0	4581.0	40688.0	-1.9827505577038445	0.04739529921317853	all
51276	5221.0	4561.0	1056517.0	-1.973902619740489	0.04839281683877316	all
6996	4500.0	4595.0	2984184.0	-0.8848382633743876	0.3762438690933726	all
16043	4490.0	4604.0	4675367.0	-1.4878903678819086	0.136779808285041	all
71840	4510.0	4601.0	5248913.0	-0.9275445492452974	0.35364387277445264	all
1902589	4815.0	4577.0	1561620.0	-0.8099799646315168	0.41795169091802153	all
44763	4379.5	4688.5	8950763.0	-3.42172252802337	6.222578133559037E-4	all
44699	4415.0	4733.0	9983974.0	-3.330984652157242	8.653937360949313E-4	all
44710	4719.0	4543.0	7164001.0	-1.8419508115412173	0.06548234519802304	all
60249	7323.0	4580.5	40900.0	-2.3512299071579474	0.018711468505390585	all
42592	4701.0	4581.0	869218.0	-0.4451750402410899	0.6561932628840317	all
65008	4629.5	4583.5	1620975.0	-0.5422269920070969	0.587662142927727	all
3682	3233.0	4604.0	477809.0	-3.829347567218458	1.2848343787631543E-4	all
44877	3520.5	4614.5	785658.0	-4.343352953333932	1.4032441442706647E-5	all
5515	3938.0	4720.0	5217498.0	-7.100701320310168	1.2412537493030774E-12	all
3691	705.0	4585.0	8632.0	-1.1200609829544934	0.26268777579508884	all
3690	4733.0	4582.5	333640.0	-0.5478318954181532	0.5838073356852576	all
43566	4621.0	4584.0	423104.0	-0.68533724661176	0.4931311332407834	all
781	7340.0	4580.0	27396.0	-2.6247572208670302	0.00867107702629563	all
98687	6415.5	4573.5	131156.0	-3.094728303576699	0.0019699326021581547	all
44427	5733.0	4564.0	518724.0	-3.2864305041346427	0.001014658074924228	all
44446	4457.5	4631.0	8398227.0	-2.2308297758931466	0.0256924067883619	all
44422	4457.5	4631.0	8409179.0	-2.202323268751483	0.02764248168117472	all
5694	5654.0	4563.5	703283.0	-3.049003395019512	0.0022960188692674206	all
43232	4520.0	4590.0	3085978.0	-1.178867518537114	0.23845093348953383	all
43228	4520.0	4590.0	3085978.0	-1.178867518537114	0.23845093348953383	all
7049	5183.0	4569.0	1052667.0	-1.4590927499092032	0.14453958144204837	all
79	2375.0	4587.5	50753.0	-2.1340524053213086	0.032838491264592345	all
1904029	2574.0	4587.0	59744.0	-1.666517145107425	0.09561045620395044	all
45859	3219.5	4592.5	209545.0	-2.7424511754975134	0.006098251507254622	all
43549	3192.0	4593.0	211350.0	-2.8537097453072873	0.004321199216009744	all
42325	3247.0	4594.0	239468.0	-2.6762503562232975	0.007445100773153067	all
19220	3341.0	4593.0	325067.0	-2.194467423929687	0.028201823378155806	all
51174	3341.0	4593.0	325067.0	-2.194467423929687	0.028201823378155806	all
51338	3247.0	4594.0	274302.0	-2.5869759647084	0.009682234568555733	all
50790	4327.0	4591.5	808716.0	-1.273932417447852	0.20268736844551416	all
65009	4287.0	4593.0	841975.0	-1.6460015317213916	0.09976344365742726	all
1932	3219.5	4593.5	216517.0	-2.7990984877709164	0.005124550439365113	all
31399	3341.0	4594.0	392176.0	-2.516645569320861	0.011847794639202998	all
32268	3410.0	4605.0	767155.0	-3.4382073162233717	5.855791886201799E-4	all
51246	3405.5	4607.0	785466.0	-3.4942274035586776	4.754358612789651E-4	all
51726	3349.0	4594.0	436101.0	-2.436311708573524	0.014837892146421117	all
71900	3502.0	4586.5	98819.0	-2.099325563928476	0.03578821140303726	all
16538	3410.0	4586.0	50258.0	-0.9813825257641224	0.3264041400105566	all
19887	4830.0	4584.5	105309.0	-0.3589669262093388	0.7196198315992233	all
19207	5361.5	4583.5	107789.0	-0.8378896147801167	0.40209270193249047	all
30234	4563.5	4584.5	488838.0	-0.05406339959265057	0.9568846524692389	all
98772	4703.0	4583.0	551324.0	-0.513116740010503	0.6078696623873856	all
19901	3723.0	4589.0	118775.0	-2.1224173464164204	0.033802706796183725	all
19900	3928.0	4590.0	142866.0	-2.1500204148635276	0.03155360000075359	all
19899	4003.0	4590.5	448562.0	-1.8344611776319204	0.06658556554116368	all
51301	4607.0	4583.0	654600.0	-0.032094985508089015	0.9743963023340291	all
5880	1874.0	4585.5	3765.0	-1.4451656420341406	0.14841136455860704	all
5874	4444.5	4587.5	266360.0	-1.2109913851455714	0.22589870640669385	all
44430	4399.0	4590.0	484584.0	-1.6160126962693384	0.1060915681985528	all
5856	3720.0	4594.5	623619.0	-1.9462091066893419	0.051629626459304336	all
43234	4525.5	4594.5	3991358.0	-0.5724668078679285	0.5670057664476553	all
32991	4484.0	4600.5	5097912.0	-1.4269902307488764	0.15358271055500047	all
15630	4444.5	4587.5	421567.0	-1.2445899543929764	0.2132825148412123	all
44428	4594.5	4583.5	2701746.0	-0.1531829382097058	0.8782540122005204	all
5737	4590.5	4570.5	9789011.0	-1.1766488957468377	0.23933567316273174	all
51297	4081.0	4584.5	35521.0	-0.15981892378290508	0.8730237166607333	all
31023	5447.0	4584.0	40969.0	-0.042245147935684756	0.9663032718129612	all
226	3844.0	4586.5	167076.0	-1.4570478704392378	0.14510316660655237	all
7010	3800.0	4592.0	332699.0	-2.2257569193770297	0.0260304678824754	all
7017	3766.0	4589.0	269380.0	-1.6721775816895919	0.09448930978902158	all
8017	4589.0	4584.0	166978.0	-0.1437713508074311	0.8856810265387876	all
32403	3638.0	4592.0	234028.0	-2.1476930611341714	0.0317381469661955	all
15631	4521.0	4585.5	182662.0	-0.5482842653784739	0.5834967297085234	all
8092	3238.0	4596.0	328784.0	-2.725417758667487	0.006422017324606739	all
5813	6192.0	4583.5	31686.0	-0.6712128100636234	0.5020849691876252	all
5815	6019.0	4584.0	60830.0	-0.7761577323287738	0.4376558593500415	all
51225	2578.0	4586.0	53204.0	-1.5190947056862771	0.12873865918044117	all
70925	3618.0	4588.0	215881.0	-1.360502263460838	0.17367103711810475	all
22607	4468.0	4588.0	1461486.0	-0.6257750267348078	0.5314625142710996	all
44085	4414.0	4597.0	2322858.0	-0.538791929572489	0.590030432896038	all
7051	3280.5	4585.5	82999.0	-0.7325696782013601	0.4638209304521068	all
22402	5372.0	4567.5	832802.0	-2.0058728158496466	0.04486981925815025	all
71822	3666.0	4598.0	849862.0	-2.5524959871627413	0.010695414157434873	all
43933	4266.0	4599.0	1819826.0	-1.4793297496345248	0.13905220551924805	all
6461	3628.5	4593.5	648121.0	-1.9740339204541089	0.048377886078987305	all
65003	4077.0	4596.5	986842.0	-1.5172898908265502	0.12919350940684857	all
70271	3628.5	4593.5	666114.0	-1.9422623259842104	0.052105351340117255	all
5777	4946.5	4576.5	601216.0	-0.7512894729476269	0.45247846323344887	all
42579	4946.5	4576.5	601216.0	-0.7512894729476269	0.45247846323344887	all
44444	4589.5	4573.5	1.0378478E7	-1.0876054738610539	0.27676931320309095	all
9658	4274.5	4587.5	470721.0	-0.715195097479961	0.47448849796020753	all
9657	3990.0	4594.0	644151.0	-1.0458882147961588	0.295612646143121	all
3700	3264.0	4667.5	1686594.0	-8.416204549662844	3.8887805705254446E-17	all
1071	3266.0	4667.0	1690931.0	-8.404066912009252	4.3127676121361836E-17	all
46872	4310.0	4623.5	4838941.0	-2.6705816837234644	0.007571994572641788	all
43169	4323.5	4621.5	4896624.0	-2.529301224723425	0.011428989171861262	all
43167	4301.0	4654.0	6920351.0	-3.741919953933886	1.8261968909411916E-4	all
6979	4551.0	4585.5	862019.0	-0.5225433990716966	0.6012920376842044	all
6950	4282.0	4628.0	4808384.0	-3.199592843547208	0.0013762185348673303	all
31347	4148.5	4590.5	410408.0	-1.6675970145032704	0.09539575131772572	all
80134	4148.5	4591.5	541677.0	-1.5682684649312415	0.11681849219281923	all
48583	3863.5	4605.5	983338.0	-3.039070672236335	0.0023730917759162066	all
9611	4162.5	4586.5	420259.0	-0.6249401861537592	0.5320103159641583	all
2000022	4356.0	4585.5	31577.0	-0.6857478644585643	0.4928721178937995	all
9966	3855.5	4595.5	383405.0	-2.691206625056032	0.0071194085091881715	all
10646	3852.0	4597.0	399212.0	-2.8731657796351238	0.004063808086789855	all
23051	3859.0	4595.0	392360.0	-2.5097048677791993	0.01208321027463038	all
1903507	3915.0	4589.5	452263.0	-1.3887706828199167	0.16490249280580135	all
1902679	3915.0	4589.5	452263.0	-1.3887706828199167	0.16490249280580135	all
51253	3853.0	4590.0	455066.0	-1.4435810578125845	0.1488568563875472	all
10605	4149.0	4594.0	967555.0	-1.2546668565788506	0.20959972217858536	all
9892	4355.0	4592.0	1178063.0	-0.8995527313029033	0.36835832180382533	all
48519	3992.0	4607.0	1707494.0	-2.2912785894428116	0.021947306109815965	all
45934	3915.0	4589.5	540751.0	-1.3117057393949592	0.1896194395104334	all
51172	3853.0	4590.0	608554.0	-1.485237269387604	0.13748098257600108	all
31324	4317.0	4589.0	827212.0	-0.8821745071303623	0.37768244556694763	all
48523	4128.0	4594.5	1116543.0	-1.246817174147788	0.21246454176948992	all
31327	3977.0	4589.0	590966.0	-0.9419982249604151	0.3461935486895765	all
9890	3977.0	4589.0	598800.0	-0.9700350680002422	0.332029012588845	all
10558	3693.5	4591.5	543831.0	-1.4965362300007983	0.13451397396988368	all
9908	3892.0	4597.5	797247.0	-2.512560344931679	0.011985860423420912	all
90567	3836.0	4599.0	808580.0	-2.7666700962660964	0.005663203256922713	all
48608	4022.0	4617.0	2411664.0	-3.05073893177195	0.0022827896939156657	all
3006	4338.0	4613.5	2777337.0	-2.531483831433006	0.011358105385338187	all
32502	4069.0	4681.0	4985884.0	-5.197084423473299	2.0243844123829934E-7	all
22414	4318.5	4617.5	2898874.0	-2.6293015726698203	0.008556044793049436	all
48856	4130.0	4653.5	4463878.0	-4.44647016831336	8.729278284347118E-6	all
61458	4022.0	4617.0	2411664.0	-3.05073893177195	0.0022827896939156657	all
48731	3922.0	4643.0	3377417.0	-4.51994806740453	6.18548027919007E-6	all
7275	4021.0	4678.0	4486771.0	-5.113124478984119	3.168733360985205E-7	all
44767	4058.0	4682.0	4882673.0	-5.321028809216696	1.0318205947219448E-7	all
44707	4051.0	4678.0	4560315.0	-5.075198162809711	3.870923738580091E-7	all
32501	4086.0	4678.0	4703419.0	-4.889121199440024	1.0128712384151081E-6	all
44702	4355.5	4607.5	2565163.0	-2.0326606186376868	0.042086822599454815	all
9791	4021.5	4629.5	2842508.0	-3.7734062121503826	1.6103377279920653E-4	all
48367	3487.5	4618.5	1347165.0	-4.5840602491296325	4.560327417569551E-6	all
9555	4456.0	4589.0	652495.0	-0.6511142540839748	0.5149727357927598	all
48229	4593.0	4583.0	959480.0	-0.3593160266375937	0.7193586862923591	all
9867	2672.0	4588.0	85738.0	-2.174428129849571	0.02967299743638029	all
9755	3893.0	4607.0	895366.0	-2.6639484926120782	0.007722938679139653	all
7165	3633.0	4637.5	1911421.0	-4.783846136212257	1.719723456084572E-6	all
51716	4167.0	4633.0	3649094.0	-3.3641756297064203	7.677267080835893E-4	all
7154	3772.0	4642.0	2274046.0	-5.111335420559862	3.1988943574587207E-7	all
44700	3642.0	4638.0	1930652.0	-4.782406748590283	1.7320874628639448E-6	all
23052	3674.5	4637.5	1935370.0	-4.767109096382861	1.8688812379934977E-6	all
32870	3946.0	4606.5	982541.0	-2.454179654670316	0.014120641521468457	all
71495	3948.0	4606.0	987918.0	-2.424125436201967	0.015345304112796101	all
71310	3948.0	4612.0	1259266.0	-2.8115318516272017	0.004930620866363371	all
70887	4058.0	4609.0	1499512.0	-2.3929068634597264	0.01671548362714439	all
71395	2967.0	4587.5	94359.0	-1.8322657493179126	0.0669118373374748	all
9753	3531.0	4591.0	338973.0	-1.6163983957583246	0.1060082049944616	all
71229	4071.0	4594.0	605659.0	-1.8448692002686653	0.06505656799549603	all
1901701	4071.0	4596.0	863680.0	-1.7453580808593903	0.08092255767897186	all
3714	3619.0	4586.0	21840.0	-1.4672511433586501	0.14230774891891115	all
3712	4182.0	4587.0	211671.0	-0.6606593641292038	0.5088307892571101	all
989	4270.0	4585.5	251787.0	-0.19751025464211897	0.843428257448676	all
988	4207.0	4587.5	275209.0	-0.3697546925110802	0.7115652764808373	all
42742	3577.0	4601.5	574167.0	-2.961524991200222	0.0030611964929200906	all
9617	3638.0	4605.0	708247.0	-3.025157242659538	0.002485038941029001	all
51707	4048.5	4605.5	1578100.0	-2.0460825770563074	0.040748246875485554	all
43207	4048.5	4605.5	1578100.0	-2.0460825770563074	0.040748246875485554	all
9605	4051.0	4623.0	2210877.0	-3.3060606804182875	9.461759473070708E-4	all
9607	4015.0	4607.0	1585709.0	-2.1370320055398917	0.03259538853132941	all
51704	4071.0	4618.0	2274897.0	-2.637537365978364	0.008351042463793354	all
98542	4065.0	4599.5	1092815.0	-1.807527487498723	0.07068007283817165	all
6952	4070.0	4603.0	1460765.0	-2.017881389574986	0.04360361570812349	all
9507	4844.5	4504.5	7596558.0	-3.5129607189806333	4.431429859846457E-4	all
9536	4851.0	4500.5	7671455.0	-3.627736466315742	2.85916875128284E-4	all
10233	4787.0	4584.0	22547.0	-0.06914536284084645	0.9448739130784072	all
10232	4787.0	4584.0	22547.0	-0.06914536284084645	0.9448739130784072	all
44765	4271.0	4615.0	3142319.0	-1.877679720609132	0.060424992572545674	all
6810	4344.0	4616.0	4006845.0	-1.7684955424886246	0.07697809673630474	all
51234	4344.0	4616.0	4073937.0	-1.7196930011624525	0.08548826071091813	all
51179	4346.5	4617.5	4180421.0	-1.739802142353989	0.0818937661860518	all
1902578	4285.0	4614.5	3218083.0	-1.7048520823178246	0.08822201510429376	all
10588	3914.5	4584.5	23524.0	-0.6191563069591911	0.535813392602638	all
10051	3944.0	4586.0	136693.0	-0.9443777573857093	0.34497664358451285	all
3002	3056.0	4598.0	272972.0	-3.0058176344685554	0.002648677981721399	all
7389	3021.0	4600.5	328035.0	-3.2497549179946525	0.0011550450473333039	all
48826	4132.0	4584.5	35673.0	-0.13954985710372145	0.8890156610449538	all
48598	3556.0	4585.5	61166.0	-0.3076992843011676	0.7583111643683571	all
9653	3721.0	4616.0	1551631.0	-4.0459283803969655	5.211616614126834E-5	all
9790	4338.0	4594.0	1519909.0	-1.6521434939269575	0.09850530227059322	all
9965	2826.0	4592.0	179187.0	-2.8483955875171203	0.004394026903172133	all
9887	3018.5	4600.5	402256.0	-3.7993041262285434	1.4510294192737684E-4	all
48513	3782.5	4613.5	1763517.0	-3.8338903375100037	1.261323907497343E-4	all
48366	3438.0	4600.0	594860.0	-3.2127578850971408	0.0013146706397752957	all
48827	3763.0	4600.0	917394.0	-2.735157493180561	0.006235043611056234	all
10016	2861.5	4597.5	297560.0	-3.5045720339298896	4.5734182397937843E-4	all
9886	3491.0	4593.0	322914.0	-2.9638090659940475	0.0030385675738343046	all
48825	4773.0	4584.0	84534.0	-0.2225977587810237	0.8238485809179016	all
9793	4375.0	4590.0	1282791.0	-1.0221796851320277	0.30669586387678005	all
48316	4391.0	4594.5	1555257.0	-1.1899343117782983	0.23407221121506827	all
10154	4205.0	4599.5	1602722.0	-1.7225843265888907	0.08496372134373588	all
10088	1623.5	4585.5	9601.0	-1.6528627852285545	0.09835879254753013	all
10087	3815.0	4586.0	145499.0	-0.9371468020999034	0.348683049751477	all
9888	3755.5	4600.5	1001026.0	-3.008015827036052	0.0026295944281420815	all
22622	4151.0	4591.5	830174.0	-2.0763620783213534	0.03786047577847498	all
16324	5688.0	4584.0	21408.0	-0.2612345537572467	0.7939116329492588	all
98590	2454.0	4585.0	36296.0	-0.6297796012197766	0.5288387936534003	all
44459	4431.5	4587.5	688994.0	-1.2584965717160563	0.2082122262632915	all
44425	4358.0	4618.5	4993244.0	-2.8813456872686083	0.003959810801118621	all
98589	2145.5	4587.5	74508.0	-2.1178727491181193	0.034185846062521535	all
98805	3799.5	4623.5	1896594.0	-3.830613926133802	1.278239328155827E-4	all
45177	5688.0	4584.0	31229.0	-0.1288637941898591	0.8974654257893003	all
51865	4124.0	4584.5	24478.0	-0.4722770040028146	0.636729082168582	all
16567	4231.0	4595.0	1066521.0	-1.1235193418073057	0.2612169906825713	all
32446	4225.5	4596.5	1112837.0	-1.334392714491625	0.18207518646412305	all
70647	4191.0	4599.0	1209850.0	-1.7138181720148309	0.0865621249204614	all
4842	4225.5	4593.5	659870.0	-1.0952210160848448	0.27341982063509185	all
19787	4220.0	4594.0	676731.0	-1.2388111558171204	0.21541544153102854	all
8270	4412.5	4594.5	1898202.0	-0.9381924232166281	0.348145531428541	all
46914	4379.0	4597.0	2761002.0	-1.1653133110629588	0.24389219294838682	all
16874	4356.0	4590.0	952633.0	-0.3112754273691568	0.7555912461364178	all
9414	4290.5	4588.5	627575.0	-1.560351560299998	0.11867682513587884	all
9415	4291.0	4588.0	638479.0	-1.6197233267752775	0.10529172299555516	all
9628	4230.0	4629.0	3576599.0	-3.3881832471195885	7.035724155444842E-4	all
10035	4290.5	4594.5	2031115.0	-1.8886082536754556	0.05894434023165843	all
42127	4542.0	4585.0	99613.0	-0.4552549002887884	0.6489258679914154	all
30154	4299.5	4593.5	1110504.0	-2.175736573982625	0.029574963734093886	all
48869	4263.5	4598.5	1457824.0	-2.6598627324670536	0.007817250374725767	all
10492	3538.0	4588.0	27661.0	-1.7154547572454846	0.08626188348543173	all
10074	3853.0	4587.0	94755.0	-0.8376249392934451	0.4022413816604632	all
19827	3853.0	4587.0	102138.0	-0.9361691163583745	0.34918612153313566	all
98727	3853.0	4587.0	102138.0	-0.9361691163583745	0.34918612153313566	all
10073	4481.0	4586.0	251480.0	-0.43844672130310913	0.6610624841902736	all
48507	4041.0	4587.5	391547.0	-0.7133530433081553	0.47562732201697866	all
7276	4605.0	4582.0	115932.0	-0.5624711365481941	0.5737950637017506	all
48609	4381.0	4585.0	288181.0	-0.39025229203305234	0.6963499974133962	all
32504	4381.0	4585.0	314096.0	-0.42926248145768026	0.6677322172732587	all
3	4842.0	4575.0	749095.0	-1.1377881843976947	0.25520893992323246	all
19953	4599.0	4584.0	223101.0	-0.04341753545527872	0.9653686996059576	all
44703	4558.0	4585.5	644088.0	-0.5025238108098682	0.6152991075723735	all
80147	5187.0	4580.5	135080.0	-0.7621203439024643	0.4459881819075924	all
48468	4576.0	4585.0	575303.0	-1.169393985345211	0.24224493201353947	all
48765	4985.0	4582.5	190948.0	-0.06515740591911996	0.9480486741726953	all
10053	4118.0	4586.0	223460.0	-0.966883136312812	0.3336024577800153	all
90627	3702.0	4588.5	244095.0	-1.8645312146691713	0.0622471422820087	all
10015	4363.0	4586.5	475835.0	-0.848186283392004	0.39633423498256304	all
48364	4184.0	4591.0	830070.0	-1.9660977164243085	0.04928732414777116	all
90558	3235.0	4593.5	454066.0	-2.831634540688991	0.00463107460682106	all
48764	4985.0	4582.5	190948.0	-0.06515740591911996	0.9480486741726953	all
48469	5017.0	4582.0	193754.0	-0.16498777390383795	0.8689536051810318	all
21700	4720.5	4582.5	334820.0	-0.10549812508029757	0.9159805576505212	all
10054	4953.0	4583.0	193401.0	-0.18533031116826507	0.8529699649378818	all
5089	4287.0	4585.0	25785.0	-0.9048975282270194	0.3655196766387985	all
5088	4287.0	4585.0	25785.0	-0.9048975282270194	0.3655196766387985	all
5085	5640.5	4583.5	69653.0	-1.145337312634429	0.25206945514213996	all
43547	4333.0	4587.0	168517.0	-0.5981992138825111	0.549707015911576	all
43087	4333.0	4587.0	178513.0	-0.5310895291871164	0.5953567398004461	all
51336	4372.0	4586.5	306472.0	-0.16554305355125934	0.8685165654265004	all
51345	4411.0	4586.0	204099.0	-0.09115581913705048	0.9273687799518048	all
43085	4272.0	4591.0	413227.0	-1.3972898190404097	0.1623264361417339	all
44093	4272.0	4591.0	418473.0	-1.5246910669237106	0.1273361709117638	all
9893	3796.0	4616.0	1055555.0	-3.9235675333197104	8.72472934833056E-5	all
48518	3804.0	4632.5	1646496.0	-4.836495663127481	1.3214815469606566E-6	all
9860	4860.5	4583.5	237344.0	-0.010040273853593892	0.9919891550970303	all
904	4127.5	4587.5	413325.0	-1.5570215512590972	0.11946536874886089	all
902	3973.0	4594.0	679990.0	-2.4035681970524037	0.016235938349294262	all
32989	3976.0	4594.5	753475.0	-2.570473110111967	0.010155971082185475	all
48588	5207.5	4580.5	321172.0	-0.7060563778835932	0.48015307790733786	all
48589	4276.0	4589.0	665688.0	-1.5718732289945188	0.11597995426864423	all
40007	4034.5	4594.5	846080.0	-2.1005033750523605	0.03568458403449689	all
16049	3960.5	4594.5	680861.0	-2.2550927593964682	0.02412750703408989	all
9932	4386.5	4585.5	268052.0	-0.7135907653106385	0.4754802695411954	all
9826	3992.0	4591.5	475412.0	-2.085995986894161	0.036978986583435625	all
60560	4276.0	4588.0	567222.0	-1.4335487568433565	0.15170107569313576	all
48868	4576.0	4585.0	354750.0	-0.5925452200412873	0.553485549214449	all
9856	4481.0	4588.0	445902.0	-1.1454549128547267	0.2520207622324139	all
44706	4481.0	4588.0	445902.0	-1.1454549128547267	0.2520207622324139	all
90406	4054.5	4586.5	103539.0	-1.1525656067224572	0.24908872681720162	all
42995	4054.5	4586.5	138432.0	-1.11320143402411	0.26562192692819375	all
80092	4751.0	4584.5	33975.0	-0.3659766677698648	0.7143824860246268	all
43900	3460.5	4589.5	190125.0	-1.594991788231661	0.11071407211440716	all
10769	4287.0	4585.0	34791.0	-0.8190026596816979	0.412784896132108	all
22604	4287.0	4585.0	88052.0	-0.6754606387873735	0.4993831507870712	all
22603	3540.5	4587.5	171525.0	-1.1976426812364058	0.2310561525719078	all
50793	3889.5	4610.5	1124829.0	-3.1710186915045524	0.0015190536844740894	all
51128	4251.0	4589.0	554638.0	-1.8448992882791517	0.06505219023855328	all
60284	4488.5	4584.5	46916.0	-0.8864145978170523	0.3753941557959052	all
45595	4317.5	4585.5	100166.0	-0.7552676456457732	0.45008840755788904	all
51239	3889.5	4605.5	1030361.0	-2.8952418431956257	0.00378866517426302	all
2000241	3444.0	4595.5	495117.0	-2.843060989955855	0.004468251904938347	all
51510	3492.0	4585.5	64875.0	-0.8018792119099916	0.42262283218421504	all
1558	4645.0	4583.5	140841.0	-0.37750510136187504	0.7057982740230118	all
40008	4645.0	4583.5	415926.0	-0.098344366847541	0.9216588492491076	all
48638	4645.0	4583.5	202949.0	-0.4077184365214581	0.683480400441262	all
42802	3797.0	4593.0	483231.0	-2.5416167903582987	0.011034107559548442	all
31902	4379.0	4585.0	61844.0	-0.6773722496400105	0.49816980066870165	all
10008	3010.0	4589.0	212169.0	-1.553286826064542	0.12035462613390616	all
98588	3851.5	4641.5	2692459.0	-4.564016075815248	5.018423350533313E-6	all
31090	4261.0	4623.5	3849380.0	-2.8241854680787553	0.004740094693854389	all
44440	3010.0	4589.0	212169.0	-1.553286826064542	0.12035462613390616	all
5768	3269.0	4607.0	758994.0	-3.6587119127475285	2.5348609088353624E-4	all
12505	3803.0	4665.0	3722672.0	-6.009579379805914	1.8600527377633208E-9	all
5770	2983.0	4588.0	94266.0	-1.5305334428341488	0.12588474205229264	all
42147	1109.0	4585.0	7152.0	-1.4422553959326567	0.14923033822218262	all
16197	4336.0	4585.5	91515.0	-0.013882577278281636	0.9889236617084451	all
1902582	3849.0	4603.0	1166478.0	-0.9711334813082714	0.331481812954727	all
46907	4011.0	4604.0	1422237.0	-1.272471472062616	0.20320565388670675	all
51649	4029.0	4605.0	1602776.0	-1.3157839457927532	0.18824656918316734	all
51641	4029.0	4608.0	1762172.0	-1.412692278090737	0.15774622303322575	all
16192	3772.5	4604.5	677151.0	-3.089418211986566	0.0020054891580415205	all
5794	3523.5	4647.5	2163478.0	-6.220820240038594	4.945625278519689E-10	all
6886	4162.0	4592.5	868218.0	-0.35380188208446206	0.723487362915563	all
15031	4331.0	4594.0	1329655.0	-0.3616866799285919	0.7175861820052815	all
45184	4336.5	4593.5	1352417.0	-0.3300072649759634	0.7413944727010735	all
8104	4336.5	4593.5	1422398.0	-0.28935631441524096	0.7723087217615568	all
33036	4388.0	4591.0	1811033.0	-0.019058627503404025	0.9847943358977138	all
71702	4382.0	4593.0	2301810.0	-0.35180643524443583	0.7249834320929895	all
34613	4104.0	4595.0	969722.0	-0.5424463931683364	0.5875110272014302	all
70727	4125.0	4595.0	1014756.0	-0.49685496500215653	0.6192913314416577	all
30904	2888.5	4584.5	15161.0	-0.6045633400827423	0.5454691713128653	all
98796	4318.0	4596.0	1249097.0	-1.2092171304305002	0.2265794381318239	all
5771	5692.5	4583.5	35181.0	-0.2051576255652895	0.8374489751118727	all
8333	5185.0	4584.0	12992.0	-0.17089365823503933	0.8643073832977727	all
16482	3928.0	4598.0	771682.0	-0.7379918249252022	0.4605194169368769	all
7041	5185.0	4584.0	12992.0	-0.17089365823503933	0.8643073832977727	all
7034	3611.0	4589.0	172237.0	-0.9014359608735988	0.3673565685230611	all
42578	4287.5	4589.5	781753.0	-1.0667446022047544	0.2860871803647732	all
16788	5110.5	4565.5	1895632.0	-1.8711745891390215	0.06132088567536046	all
16787	4841.0	4550.5	5244212.0	-1.2973575200591718	0.19450820163128998	all
5774	3856.0	4608.5	1280886.0	-2.9602425457108446	0.0030739692801118055	all
44437	3856.0	4609.5	1297254.0	-2.9579297040892096	0.00309712744041933	all
5773	4058.0	4611.5	2055958.0	-2.5600905565270256	0.010464489149711476	all
4439	1984.5	4585.5	35016.0	-1.2970354006481395	0.19461900660245762	all
34593	1798.0	4586.0	36460.0	-1.593826014473705	0.11097500916106773	all
52866	1984.5	4586.5	39556.0	-1.6879394384010569	0.09142285499532944	all
16791	4480.0	4586.5	676350.0	-0.856862629207459	0.39152080816213286	all
16311	4430.0	4587.0	685571.0	-0.9721925986416968	0.3309547419627352	all
34595	1984.5	4585.5	35016.0	-1.2970354006481395	0.19461900660245762	all
7033	5047.0	4583.0	86177.0	-0.8298916469237381	0.4066000480429276	all
36092	8504.0	4584.0	9447.0	-0.9426363568888155	0.34586693674463975	all
6661	5339.5	4582.5	99360.0	-0.817375049858444	0.41371412954711984	all
46474	4918.0	4582.0	196138.0	-0.5396672382656407	0.5894265375172286	all
6650	4650.5	4583.5	306958.0	-0.14324120350942648	0.8860996896218647	all
6644	4757.0	4581.5	461312.0	-0.4110358044913696	0.6810462808167996	all
19637	4150.0	4602.5	1285527.0	-1.9727247035675954	0.048526935858442706	all
44255	4521.0	4588.5	1511171.0	-0.20710990984759103	0.8359240229444361	all
6629	4778.0	4574.5	1908440.0	-1.3461522131889456	0.17825343272715624	all
46486	4307.0	4587.0	381002.0	-0.2413585200882286	0.8092772586790934	all
45017	4631.0	4584.0	252617.0	-0.3814932285438683	0.7028372948518121	all
8610	4608.0	4584.0	1101329.0	-0.48893253180589025	0.6248894631824791	all
44711	4325.5	4615.5	3203148.0	-1.8094968561535643	0.07037384813180958	all
8654	5074.5	4579.5	311447.0	-1.1339893357171256	0.25679902134915467	all
90407	4403.0	4590.0	800673.0	-0.6554607411345797	0.5121711548979134	all
46488	4307.0	4585.0	184720.0	-0.16481478389106843	0.8690897673090362	all
5739	4943.5	4510.5	4964295.0	-4.317809293137949	1.5758549597733616E-5	all
9506	3837.0	4616.0	1747722.0	-4.474142755402403	7.671847565978074E-6	all
5911	3849.5	4615.5	1754003.0	-4.430755281015593	9.390360801350514E-6	all
30054	3849.5	4615.5	1754003.0	-4.430755281015593	9.390360801350514E-6	all
55044	3837.0	4616.0	1747722.0	-4.474142755402403	7.671847565978074E-6	all
16757	4173.0	4603.0	930144.0	-1.9897862073272783	0.04661449144405025	all
6357	3541.0	4588.5	237155.0	-1.7913302538206146	0.07324031397227981	all
977	1897.0	4588.5	17489.0	-2.5643703077239515	0.010336320027884838	all
976	2971.0	4590.5	65184.0	-1.5428453660777766	0.12286829928556206	all
1990837	3909.0	4589.0	116251.0	-0.5392921813022474	0.5896852629466933	all
44212	3126.5	4597.5	264433.0	-2.474099836296802	0.013357236429758685	all
975	3158.0	4597.0	272876.0	-2.280701163647236	0.022566136269206616	all
1067	3158.0	4597.0	272876.0	-2.280701163647236	0.022566136269206616	all
1012	1897.0	4588.5	17489.0	-2.5643703077239515	0.010336320027884838	all
1228	1371.5	4588.5	12839.0	-3.1844437291595034	0.0014503250532249367	all
981	1661.0	4589.0	23674.0	-3.048094152706831	0.0023029775906561792	all
45944	1994.0	4590.0	66373.0	-3.071553808587427	0.002129477788884621	all
45893	3237.0	4603.0	435177.0	-3.349116069135674	8.10698259732221E-4	all
10628	3526.5	4604.5	490884.0	-3.259770511738112	0.0011150239354828896	all
10604	3326.0	4614.0	689669.0	-4.673835025058908	2.9562683184499727E-6	all
1903508	3237.0	4603.0	435177.0	-3.349116069135674	8.10698259732221E-4	all
1902680	3237.0	4603.0	435177.0	-3.349116069135674	8.10698259732221E-4	all
51254	3444.0	4601.0	465240.0	-2.8743839400436824	0.004048165216173927	all
45935	3603.5	4602.5	508639.0	-2.9435197083749878	0.003245031611343225	all
31325	3573.5	4611.5	737902.0	-4.336698841633038	1.4463858243977924E-5	all
48522	3326.0	4626.0	1033417.0	-5.513980321667296	3.508078408252794E-8	all
51173	3609.0	4604.0	545480.0	-2.9542795793674568	0.003133999432226022	all
31328	3491.0	4604.5	519210.0	-3.4030743748583636	6.66321397004836E-4	all
9891	3538.0	4606.0	540977.0	-3.359877931910156	7.797691748675443E-4	all
10557	3326.0	4606.0	477118.0	-3.583138772463358	3.394901302347013E-4	all
6366	2530.5	4590.5	105756.0	-2.1795564959446336	0.02929035255081357	all
1085	1677.0	4586.0	20551.0	-1.6509960888351194	0.09873937352709179	all
8134	3888.0	4587.0	100442.0	-1.687994700058274	0.09141224632584717	all
5667	3802.0	4587.5	135287.0	-1.3169207619462437	0.18786518633827773	all
5516	3115.0	4595.0	243508.0	-2.8681684697407106	0.004128556315004167	all
30148	2381.0	4588.0	31231.0	-2.188567770677445	0.028628270479712253	all
46467	4556.5	4584.5	202507.0	-0.4323492776261509	0.6654875771981189	all
6643	4719.5	4583.5	285951.0	-1.1072226105645353	0.2681976941221358	all
1901566	4359.0	4601.5	2719030.0	-0.8562640013182945	0.3918517684764361	all
1901564	4445.0	4600.0	3682990.0	-0.6652567949872197	0.5058862596321545	all
6665	3954.0	4586.0	113467.0	-0.08078885027046219	0.9356098752735503	all
5802	3267.0	4603.0	546423.0	-3.7017127783961445	2.1414895972107176E-4	all
98791	3247.0	4608.0	610087.0	-4.449681911703249	8.599756258258502E-6	all
44431	3319.0	4619.5	961677.0	-4.906416103151746	9.275563755627655E-7	all
31984	4351.0	4600.5	2156688.0	-1.7863623206077712	0.07404061230174666	all
16758	4199.0	4592.5	578219.0	-0.6437425858883455	0.5197423698423448	all
16021	4271.0	4614.0	3858894.0	-3.013197949293968	0.0025851023699255777	all
31224	4330.0	4617.5	4111453.0	-3.008541493537842	0.0026250495292761207	all
5884	1877.0	4587.0	23274.0	-2.267030542941464	0.023388359967961823	all
15629	2697.0	4588.0	100073.0	-1.7148067203897923	0.08638066900690217	all
51015	2493.0	4588.0	42389.0	-2.572709099452524	0.01009059813779056	all
3779	2678.5	4593.5	133092.0	-2.979072141430811	0.002891226985643737	all
10150	3438.0	4587.0	174692.0	-1.2634847861829015	0.20641501073892599	all
10260	3601.5	4586.5	192251.0	-1.0038739526707863	0.31543937295620583	all
7568	4633.0	4584.0	312222.0	-0.5134351182947309	0.6076469852732684	all
10200	3470.0	4586.0	218781.0	-1.2098893239266943	0.2263213643832116	all
10243	4091.0	4585.0	277513.0	-0.8908789696916144	0.3729941036935157	all
1901698	4535.0	4586.0	531770.0	-0.8804590952191844	0.3786106550841887	all
10193	2804.0	4588.0	82891.0	-1.1005371363829881	0.2710981583621319	all
302	4966.0	4581.0	381131.0	-0.2360589032216105	0.8133869632601127	all
9816	4148.0	4586.0	86514.0	-0.05116891304534617	0.9591909231735013	all
9814	4438.0	4586.0	356800.0	-0.12801241099623084	0.898139151289406	all
45087	4414.0	4586.5	542536.0	-0.053470808715307704	0.9573567886312591	all
6955	4390.0	4587.0	560835.0	-0.19019916479447083	0.8491530655657519	all
2376	4248.5	4588.5	626699.0	-0.49633512372103034	0.619657989193364	all
42542	5051.0	4581.5	115125.0	-0.9357966420740638	0.3493779007257335	all
9751	3440.0	4595.0	290967.0	-2.2192301505412426	0.026471070847870204	all
14070	4092.5	4591.5	670955.0	-1.02110820610516	0.3072031756311765	all
90404	4472.0	4584.5	24869.0	-0.4120780444053898	0.680282220680636	all
35838	4472.0	4584.5	24869.0	-0.4120780444053898	0.680282220680636	all
51286	4472.0	4584.5	24869.0	-0.4120780444053898	0.680282220680636	all
60187	4472.0	4584.5	24869.0	-0.4120780444053898	0.680282220680636	all
30427	5136.0	4584.5	36016.0	-0.09381110795266893	0.9252592077242189	all
44463	2514.0	4585.0	35174.0	-0.7708482202192953	0.44079690168254226	all
30036	3518.0	4588.5	158065.0	-1.4871912854033054	0.13696429704632662	all
30029	3526.0	4590.0	168192.0	-1.6380640842530891	0.10140832619328952	all
6140	5280.5	4584.5	16517.0	-0.3488989430291952	0.7271651787238859	all
51196	4332.0	4585.0	11155.0	-0.5708065883978001	0.5681307564146074	all
51193	3263.0	4585.5	62252.0	-0.1981920181202507	0.8428948322330372	all
43471	2451.0	4585.5	4919.0	-1.1374963954872541	0.2553308305681654	all
31329	4332.0	4585.0	203236.0	-0.6382734026095335	0.5232957225586584	all
9894	4322.5	4585.5	233622.0	-0.6686858104848535	0.5036959208890426	all
43470	2451.0	4585.5	4919.0	-1.1374963954872541	0.2553308305681654	all
6109	4073.0	4587.0	89015.0	-1.2894166280309356	0.19725328368750544	all
10675	4202.5	4585.5	62544.0	-0.16874807546387155	0.8659948022280767	all
43455	3155.5	4586.5	67662.0	-1.3224325317898789	0.18602416197336807	all
34248	3097.0	4597.0	246826.0	-3.0878308464366726	0.0020162320018091407	all
6096	3423.0	4590.0	118578.0	-1.5840865814765523	0.11317401753008577	all
6090	3535.0	4589.5	163736.0	-1.6517912581527596	0.09857711137819483	all
32787	4440.0	4589.0	1019985.0	-0.5822097179289537	0.5604254283741856	all
19752	4659.5	4577.5	2209847.0	-0.4702778888335529	0.6381564926769623	all
43436	4689.0	4575.5	2284504.0	-0.5744361692293244	0.5656726831310976	all
6082	4698.5	4574.5	2288237.0	-0.6468226618395476	0.5177467237763484	all
44281	4563.5	4588.5	3417548.0	-0.3912031224246882	0.6956471004991986	all
44724	3977.0	4588.0	165710.0	-0.7680156776131147	0.44247787083674317	all
44712	5086.0	4563.5	1124604.0	-2.233997674801528	0.025483226054241716	all
9056	4622.0	4582.5	2429024.0	-0.1799683669228843	0.8571774022188089	all
44723	3741.0	4611.0	1099997.0	-3.459128863562146	5.41925560832479E-4	all
5975	4173.0	4612.0	1711142.0	-2.9769120343654345	0.0029116753890428013	all
16052	3946.5	4594.5	356344.0	-2.119212647707147	0.03407249989831305	all
1901575	4711.0	4579.0	2219981.0	-0.08832344130580841	0.9296196082863335	all
6757	3423.0	4590.0	118578.0	-1.5840865814765523	0.11317401753008577	all
6091	4397.0	4589.5	786934.0	-0.17564970548277417	0.8605691500417404	all
46031	3423.0	4590.0	118578.0	-1.5840865814765523	0.11317401753008577	all
9150	3456.5	4597.5	357671.0	-2.399630203643484	0.01641164203179038	all
6163	3568.5	4597.5	374861.0	-2.3809538383066613	0.017267875681523843	all
72521	3798.0	4598.0	479025.0	-2.1073301701400764	0.035088969913024376	all
9117	3647.0	4601.0	665361.0	-2.5877377870921667	0.009660849040809084	all
6753	3861.5	4599.5	686710.0	-2.3296244964196764	0.019826006281955428	all
55086	3977.0	4601.0	811586.0	-2.2377123121595557	0.02523982183683029	all
9259	3568.5	4598.5	421816.0	-2.4998529152852775	0.01242448788934616	all
19693	3490.0	4600.0	476173.0	-2.783163814654058	0.005383161864885238	all
1901135	4174.0	4603.0	1418470.0	-1.87132260400986	0.0613003793018276	all
9179	3423.0	4590.0	127086.0	-1.5760010597530518	0.11502555897763068	all
9185	3423.0	4590.0	127086.0	-1.5760010597530518	0.11502555897763068	all
9132	2988.0	4591.0	135919.0	-2.0726674133249263	0.03820324245638648	all
9135	3423.0	4590.0	127086.0	-1.5760010597530518	0.11502555897763068	all
9167	3382.0	4596.0	285634.0	-2.452343295958545	0.01419291833272739	all
9161	3423.0	4596.0	354066.0	-2.3769994928688725	0.017454112123447732	all
9123	3382.0	4598.0	362920.0	-2.6826950462177663	0.007303155131750123	all
9126	3382.0	4596.0	285634.0	-2.452343295958545	0.01419291833272739	all
46128	3568.5	4597.5	367710.0	-2.0030529396216066	0.045171606479925075	all
9119	3490.0	4601.0	434746.0	-2.485094105504561	0.012951719167731787	all
9116	3423.0	4602.0	453306.0	-2.713185309391229	0.006663982926497753	all
1901657	4078.0	4596.0	578595.0	-1.3434678925452601	0.1791205158157131	all
42278	3456.5	4598.5	369660.0	-2.2574777710188707	0.023978236952320795	all
46034	3364.0	4594.5	209265.0	-2.3462965020240256	0.018961017098279385	all
9205	3187.0	4595.5	210924.0	-2.6739699729332336	0.007495916282107222	all
9144	3346.0	4595.0	216552.0	-2.5975627675644093	0.009388795910359727	all
9141	3402.5	4594.5	245202.0	-2.5998994853464916	0.00932510697877851	all
9199	3346.0	4596.0	220510.0	-2.8023895274868993	0.0050725585852445035	all
6165	2988.0	4591.0	127419.0	-2.091501222454601	0.0364831569603489	all
46939	3423.0	4592.0	184051.0	-1.695997789675604	0.08988629865345169	all
46496	3647.0	4589.0	251570.0	-1.2981084026965655	0.19425008730617851	all
19362	3570.0	4589.5	253190.0	-1.427589887002274	0.15340993613946496	all
6733	4201.0	4589.0	304827.0	-0.8455891467952589	0.3977819821868711	all
6732	4719.0	4580.0	680813.0	-0.5877193526508302	0.5567206835280654	all
51186	4684.5	4579.5	944086.0	-0.4206601096887618	0.674003293718672	all
72524	3570.0	4589.5	278783.0	-1.4361519543914034	0.15095910705939933	all
4619	5029.0	4584.0	13519.0	-0.05616632334349063	0.9552093088693536	all
16868	5029.0	4584.0	38960.0	-0.2948359283011332	0.768119218931594	all
16866	5029.0	4584.0	144598.0	-0.42465440928392484	0.6710886232537848	all
16853	4900.0	4575.0	709294.0	-0.7819024437702707	0.43427190872831645	all
5829	3932.0	4667.0	4157708.0	-4.4523702809605945	8.492754742444089E-6	all
6094	3423.0	4585.0	28219.0	-0.5579346133397218	0.5768890345623316	all
6006	5299.0	4583.0	63841.0	-0.48282135325987235	0.6292225877880306	all
19318	4177.0	4584.5	159641.0	-0.320736811879395	0.7484098480582024	all
5996	4617.5	4583.5	257485.0	-0.3617486004927457	0.7175399051864837	all
19319	4602.0	4584.0	45732.0	-0.5392370751887416	0.5897232811903463	all
46364	4617.5	4583.5	94210.0	-0.5323753081330262	0.5944660832278338	all
44283	4616.5	4582.5	1558957.0	-0.09523765236305855	0.9241260636249771	all
16051	3018.0	4606.0	465445.0	-3.973353806851528	7.086766128242533E-5	all
10167	3157.5	4586.5	45360.0	-1.0558674037883446	0.2910287981479843	all
80029	4476.5	4584.5	8970.0	-0.057454698986875254	0.954182991428781	all
31669	4071.5	4589.5	323676.0	-2.0771867159879878	0.03778432944793792	all
31667	3722.0	4593.5	373819.0	-2.421258834684108	0.015466860006810551	all
9991	3883.0	4592.5	465038.0	-2.153692313079345	0.031264309373405276	all
31668	4234.0	4588.0	413285.0	-1.7203886734353437	0.08536181448542657	all
71496	4071.5	4589.5	418370.0	-2.007589512281012	0.04468692995295205	all
10036	4476.5	4584.5	8970.0	-0.057454698986875254	0.954182991428781	all
9267	4215.0	4589.0	287787.0	-1.9895725759920242	0.04663803962108541	all
42594	3712.0	4592.5	316331.0	-2.38435583242628	0.017109050213331606	all
33554	4472.0	4589.0	1848298.0	-1.178890801086174	0.238441661159285	all
45892	3977.0	4589.0	427329.0	-1.1906320840272142	0.23379805053205271	all
10629	3977.0	4594.0	710833.0	-1.5007702441608821	0.13341499742522325	all
2000113	3673.0	4591.0	519051.0	-1.3157433970069095	0.18826018316669835	all
16036	3331.0	4590.0	146559.0	-2.416693397592129	0.015662203531244843	all
9873	3145.0	4593.0	214415.0	-1.8734030234745518	0.06101275283039611	all
160	3305.0	4593.5	294198.0	-1.5155822566080623	0.12962501644277835	all
35556	3409.0	4601.5	554378.0	-3.0649487788023984	0.0021770727867103826	all
71369	3284.0	4592.0	254692.0	-1.5606832919319422	0.11859849537333968	all
9723	3111.0	4599.0	399621.0	-2.8580311952591724	0.004262784817694562	all
3777	3766.0	4586.0	102218.0	-0.9301288284876857	0.3523043861051214	all
3774	3720.0	4586.5	102815.0	-1.2061715874674581	0.22775133675764359	all
17111	4524.0	4585.5	1560920.0	-0.05512360631892511	0.956039989606831	all
16462	4457.5	4590.5	1649329.0	-0.3120991851108267	0.7549651458143454	all
16818	4429.0	4592.0	1652357.0	-0.5006142148563039	0.6166426563750635	all
16817	4472.0	4590.0	1674387.0	-0.3963210143646472	0.6918682265594145	all
9524	4533.0	4584.5	232880.0	-0.2440861353807121	0.8071641102125219	all
5524	4388.0	4602.0	2628244.0	-1.834186068091755	0.06662637877649882	all
35639	4289.0	4612.5	3014214.0	-2.3702749208889378	0.017774862808808623	all
1901265	4335.5	4623.0	4278101.0	-2.640247328104739	0.00828455429620576	all
43168	4233.0	4623.0	3809107.0	-2.8904807427203	0.0038465309715523597	all
32559	4376.0	4603.0	2639245.0	-1.9026476515312567	0.05708653689422075	all
30554	4326.0	4608.0	2675733.0	-2.400806015015177	0.01635900609197718	all
17076	4210.0	4619.5	3059261.0	-2.893809643245449	0.0038059882003913087	all
166	4335.5	4623.0	4278101.0	-2.640247328104739	0.00828455429620576	all
36094	4327.0	4625.5	4477522.0	-2.749359649704587	0.005971182860209653	all
32555	4277.5	4613.5	3024771.0	-2.4331217201536144	0.014969267768302374	all
32553	4270.0	4615.0	3085296.0	-2.4730051374507265	0.013398221691332599	all
97367	4301.0	4612.5	3143692.0	-2.225958010465685	0.02601699409795955	all
32550	4285.0	4613.0	3024987.0	-2.376615379240994	0.017472296090900615	all
32549	4285.0	4613.0	3024987.0	-2.376615379240994	0.017472296090900615	all
1882	4289.0	4612.5	3031902.0	-2.331178453988428	0.019743951770404503	all
1883	4285.0	4613.0	3024987.0	-2.376615379240994	0.017472296090900615	all
5876	4431.0	4585.0	57285.0	-0.24610424358643948	0.8056015381796755	all
5819	4832.0	4582.0	202099.0	-0.2038329750542946	0.8384840233915665	all
5871	4165.5	4585.5	77691.0	-0.4303742932614985	0.6669233920108513	all
5875	3766.0	4586.0	135551.0	-1.019459865359427	0.30798469766798975	all
90306	934.5	4585.5	1886.0	-1.9461279594185423	0.051639370816131236	all
212	2556.0	4586.0	16425.0	-1.1016036831131928	0.2706340064074858	all
1903046	5979.0	4573.5	256870.0	-2.4417084152282005	0.014617947968050543	all
51321	5877.0	4572.5	342447.0	-2.3402736401461026	0.019269615510077644	all
7126	5979.0	4573.5	248946.0	-2.4255280526499168	0.015286134309048889	all
280	5480.0	4569.0	467282.0	-2.5158210613245418	0.01187554588104122	all
48285	5340.0	4568.0	579478.0	-2.1365125048582088	0.032637662816050746	all
7140	5634.0	4583.0	41217.0	-1.0527691136779145	0.2924468238857122	all
16887	5096.0	4574.0	1000220.0	-1.076682692957562	0.2816220468673074	all
10252	4935.0	4583.5	52871.0	-0.2378982356325758	0.811960023991646	all
48878	4493.0	4585.0	577587.0	-1.376179995441188	0.16876591387603185	all
48480	1265.5	4585.5	2548.0	-1.7696313899089766	0.07678856617873765	all
48440	3836.0	4588.0	178949.0	-1.018164159739088	0.30859994871924656	all
48437	4309.0	4590.5	438232.0	-1.9007946853069095	0.057328910489775814	all
48569	4390.0	4589.5	675183.0	-1.9244478264658078	0.05429847450301182	all
48467	4053.0	4587.5	196321.0	-0.7770696013221449	0.43711770760632507	all
48438	4427.5	4587.5	394989.0	-0.5758940552008539	0.5646867940684843	all
9938	2881.0	4585.0	12630.0	-0.24970067005807656	0.8028188399780939	all
9968	4096.5	4585.5	169837.0	-0.24590604084917847	0.8057549674702441	all
48585	3619.0	4591.0	340227.0	-1.5642699216229232	0.11775419267104223	all
10648	4096.5	4585.5	169837.0	-0.24590604084917847	0.8057549674702441	all
23057	4096.5	4585.5	169837.0	-0.24590604084917847	0.8057549674702441	all
9937	2415.0	4585.5	27632.0	-1.211810154257113	0.22558506043309867	all
46982	3034.0	4593.0	140675.0	-2.282570422713101	0.022455684856167866	all
46983	3831.5	4603.5	694661.0	-3.059809098258828	0.0022147811418957407	all
48479	2533.0	4585.5	5083.0	-1.093772169808147	0.27405491279117256	all
9739	3531.0	4589.0	226082.0	-0.8307082647753895	0.40613845628022727	all
9740	5815.5	4582.5	80708.0	-1.6189343604211555	0.1054613868942701	all
10476	5662.0	4583.5	96432.0	-1.0429959922091887	0.2969501489428501	all
71370	5740.0	4583.0	99654.0	-1.1237200547432606	0.26113180582053497	all
71396	4167.0	4591.0	457920.0	-0.7007423577686952	0.48346381665177696	all
9851	6547.0	4584.0	45831.0	-1.444606797174483	0.14856836246508387	all
42446	4851.0	4584.0	134599.0	-0.4974391345985457	0.6188794142295724	all
42445	4851.0	4584.0	218137.0	-0.31148301555478564	0.7554334527689552	all
10817	4851.0	4580.0	386816.0	-0.3686333725048023	0.7124010171265815	all
9850	5204.5	4583.5	113114.0	-0.4436191072288313	0.6573179890077702	all
9734	4115.5	4589.5	203385.0	-0.8715454795227102	0.38345638474492594	all
71365	4167.0	4590.0	219593.0	-0.7093725769008923	0.47809330079183254	all
9733	3832.0	4597.0	520662.0	-1.5541532967631029	0.12014785470609571	all
30246	4519.0	4584.5	308585.0	-0.06858048330765269	0.9453235543434024	all
55114	4950.0	4551.0	2810149.0	-2.661461628859878	0.00778022081183021	all
16491	5008.0	4547.0	2377950.0	-2.9753642447982696	0.002926408441335441	all
5506	4209.5	4587.5	374418.0	-0.3285039104292151	0.7425306881044444	all
16706	4961.0	4582.0	185641.0	-0.6325203654797504	0.5270469051082165	all
16705	4233.0	4586.0	466041.0	-0.4002338988026724	0.6889842489538254	all
51213	5030.5	4580.5	269941.0	-1.44771602554933	0.14769648618185846	all
80167	4059.0	4591.0	312179.0	-0.5153665075071072	0.6062969321015459	all
9738	3549.5	4592.5	221256.0	-2.160882384177513	0.030704425997388027	all
71215	3529.0	4593.5	262160.0	-2.1989578252666866	0.0278809212931945	all
97306	3852.0	4594.0	324627.0	-1.8599768513203965	0.0628888011272587	all
35198	2304.0	4585.5	4625.0	-1.215880068351019	0.22403061182597006	all
3723	4365.0	4599.5	2374836.0	-0.5423403136244093	0.5875840887779322	all
48829	3003.0	4586.5	23139.0	-1.810947763399034	0.07014893803157336	all
9743	3405.5	4595.5	325577.0	-2.346801852346731	0.018935321644719436	all
48442	6210.0	4584.5	14399.0	-0.7482331561261072	0.4543195352144832	all
48464	6210.0	4584.5	14399.0	-0.7482331561261072	0.4543195352144832	all
31540	1536.0	4585.5	3089.0	-1.6253947673943618	0.10407847013426913	all
31537	4523.5	4586.5	39395.0	-0.7746904317385701	0.43852260625739026	all
9962	4582.0	4584.5	44382.0	-0.17982074460634298	0.857293297231428	all
48441	5205.0	4584.5	48583.0	-0.7048735775380394	0.4808889146527078	all
48465	5205.0	4584.5	48583.0	-0.7048735775380394	0.4808889146527078	all
71472	3430.0	4587.0	46126.0	-1.4137391305681906	0.1574385115256125	all
71470	3453.0	4587.5	77762.0	-1.1745335517962594	0.24018138108846188	all
71214	4232.0	4589.0	414391.0	-1.02063644531625	0.3074267156714394	all
6970	3905.5	4604.5	1239684.0	-3.1481338295356727	0.0016431644582786658	all
9651	3793.0	4604.0	1129497.0	-3.1574953016968803	0.0015913080100855158	all
42631	4894.0	4583.0	67952.0	-0.08232123557396935	0.934391268178623	all
71462	4894.0	4583.0	67952.0	-0.08232123557396935	0.934391268178623	all
325	3615.0	4591.0	258898.0	-2.156731403912529	0.03102659861012385	all
55085	4367.0	4594.0	1830797.0	-1.0479153338912393	0.29467761681074056	all
22891	4487.0	4588.5	1405905.0	-0.820681710331484	0.41182759133991487	all
22857	4498.0	4587.5	1658104.0	-0.7975705709672061	0.4251197346385033	all
5215	4336.5	4599.5	2169166.0	-1.3021706256283783	0.19285806430320881	all
22892	4301.0	4593.5	1643961.0	-1.0748474802549461	0.2824430189268069	all
5576	4665.0	4576.5	3065913.0	-0.19696590834194974	0.8438542163349676	all
6612	2941.5	4590.5	117853.0	-1.9122274057401194	0.05584703238817101	all
6605	4041.5	4590.5	565440.0	-0.18483707814749592	0.8533568247449056	all
90150	3285.0	4588.5	178627.0	-0.7835506035293902	0.43330384991304827	all
72657	3285.0	4588.5	178627.0	-0.7835506035293902	0.43330384991304827	all
44802	3285.0	4595.5	345238.0	-1.5343337244205977	0.12494757311742247	all
61024	3350.0	4596.0	411660.0	-1.7816856299853445	0.07480051156108122	all
1902580	3933.0	4592.5	637760.0	-0.14365707769409322	0.8857712665645626	all
18230	3083.0	4586.0	62770.0	-0.5871598660406074	0.5570963439444389	all
18231	3083.0	4586.0	62770.0	-0.5871598660406074	0.5570963439444389	all
18198	3784.0	4585.5	150424.0	-0.33641218746060436	0.7365600602580977	all
18193	4559.0	4587.0	881891.0	-0.5727584146611958	0.5668082795304468	all
18345	3324.0	4586.0	74342.0	-0.3304845631821029	0.7410338548106055	all
6497	4174.0	4586.0	237170.0	-0.25484748079104946	0.7988409013324074	all
42158	4174.0	4586.0	237170.0	-0.25484748079104946	0.7988409013324074	all
42157	4233.5	4585.5	255650.0	-0.002299275063634748	0.9981654455419373	all
43543	3621.0	4589.0	256236.0	-1.487093583495756	0.13699009598672537	all
5783	3955.5	4607.5	1797604.0	-2.924850225749028	0.0034462204510688635	all
19706	3083.0	4586.0	62770.0	-0.5871598660406074	0.5570963439444389	all
19707	3083.0	4586.0	62770.0	-0.5871598660406074	0.5570963439444389	all
16417	3445.0	4586.0	90571.0	-0.46798772705643904	0.6397933663757351	all
16747	4490.0	4587.0	666757.0	-0.48061253691929856	0.6307919034861438	all
16746	4591.5	4584.5	807633.0	-0.08759359229617239	0.930199695204772	all
16409	2800.0	4587.0	66563.0	-1.042431230862407	0.2972117932715729	all
10305	4839.0	4583.0	72605.0	-0.489457613929074	0.6245177556267805	all
34485	1464.0	4585.0	17712.0	-0.8845547026835113	0.3763968465993053	all
34594	1464.0	4585.0	17712.0	-0.8845547026835113	0.3763968465993053	all
46855	3601.0	4584.5	34900.0	-0.24262872909720132	0.8082930235048447	all
46838	4308.0	4585.0	39209.0	-0.26352925617022394	0.792142677061695	all
44262	3533.5	4602.0	642874.0	-3.370243519320102	7.510178250403475E-4	all
71545	3601.0	4584.5	34900.0	-0.24262872909720132	0.8082930235048447	all
43647	3276.5	4587.5	58580.0	-1.3957065913551296	0.16280286861993756	all
19751	3682.0	4588.5	144475.0	-1.275549745231619	0.2021147286713062	all
6066	4032.0	4591.0	418678.0	-1.1896278199240655	0.2341927064653061	all
1901615	4524.0	4585.0	654042.0	-0.04970462357447414	0.9603577719322027	all
46174	5031.0	4584.0	54602.0	-0.526843055466719	0.5983025808526177	all
46164	5031.0	4584.0	70486.0	-0.6833919228138361	0.49435922255852494	all
1901616	5803.5	4583.5	78265.0	-1.1320840905745229	0.25759908281463384	all
44282	5665.0	4570.0	403785.0	-3.0079164583474864	0.0026304543752040336	all
46434	5231.0	4583.0	77145.0	-0.07394946747469928	0.941050594210702	all
46856	2281.0	4585.5	29310.0	-0.9880503260487569	0.32312800169924094	all
46839	4064.5	4584.5	40677.0	-0.6217682462756635	0.5340942688192105	all
30258	4519.0	4585.0	247178.0	-0.20288146073717386	0.8392276851201931	all
19932	2174.0	4586.0	23128.0	-1.283648746327081	0.1992648853812629	all
32957	4068.0	4584.5	18268.0	-0.01876003503453387	0.9850325356282481	all
46030	3247.5	4584.5	16567.0	-0.3394717897455099	0.7342543452128141	all
52745	2061.5	4585.5	30276.0	-0.8592350733376294	0.3902108366739885	all
10067	1464.0	4586.0	5049.0	-1.9000762408604117	0.05742311514629714	all
10065	2102.0	4586.5	7795.0	-1.9933715618352699	0.04622077552007498	all
48508	2558.5	4587.5	36991.0	-1.9672752014578467	0.04915149238050489	all
2000377	5631.0	4581.0	86771.0	-1.4660404171471253	0.14263727629324843	all
34047	2970.5	4584.5	14961.0	-0.6422719532174838	0.5206966214684621	all
43666	3734.0	4584.5	41980.0	-0.4663410952162506	0.6409713676397031	all
10921	4738.0	4584.0	47425.0	-0.34667677814285686	0.7288341578923936	all
35304	3900.0	4584.5	50485.0	-0.4977403918327708	0.6186670346046494	all
35303	3900.0	4584.5	50485.0	-0.4977403918327708	0.6186670346046494	all
6470	4430.0	4586.0	437346.0	-0.8127787832509944	0.4163449020457579	all
159	1545.0	4586.0	11469.0	-1.9374193373552293	0.052694104737563356	all
8287	2774.0	4586.0	32932.0	-1.05273399900443	0.29246292172116106	all
1903293	2774.0	4586.0	32932.0	-1.05273399900443	0.29246292172116106	all
1902494	4790.0	4572.0	1660051.0	-1.6434891119779913	0.10028177625566337	all
8601	2970.5	4584.5	14961.0	-0.6422719532174838	0.5206966214684621	all
19888	2730.0	4585.0	44426.0	-0.6877803403641258	0.4915911181819199	all
19208	3734.0	4584.5	52773.0	-0.2485707131294824	0.8036928650797291	all
5730	3762.0	4603.0	945874.0	-2.848789146653533	0.0043885954821612765	all
31981	4537.0	4586.0	2070213.0	-0.13047914898878366	0.8961873497952001	all
70013	4537.0	4587.0	2455261.0	-0.2104028181835654	0.8333532932859851	all
43233	4537.0	4587.0	2455261.0	-0.2104028181835654	0.8333532932859851	all
31974	4573.0	4585.5	2522295.0	-0.09809993213751922	0.9218529414072419	all
2181	2005.0	4588.0	45982.0	-2.2226733604971725	0.026237833479834508	all
6412	4362.0	4595.0	1390328.0	-0.3388685239284176	0.7347087772458593	all
43043	4378.0	4594.0	1415182.0	-0.2618606754538263	0.7934288583819329	all
43604	4449.0	4590.0	1541941.0	-0.009546852169119834	0.9923828297572019	all
43603	4512.5	4586.5	1720364.0	-0.557312257822356	0.577314102151305	all
6518	4403.0	4592.0	1533865.0	-9.903353973714528E-4	0.9992098268054987	all
22626	3354.0	4597.0	488490.0	-2.646457389902645	0.008133975193211459	all
44445	3333.0	4602.0	544120.0	-3.260009421034484	0.0011140851315816092	all
5840	4419.5	4586.5	952523.0	-1.0937899896643188	0.27404709545797623	all
30529	4303.0	4594.5	1567093.0	-1.6146790350768	0.1063802199211456	all
15934	4830.5	4582.5	332975.0	-0.5767097211446858	0.5641355643774842	all
44391	4897.0	4581.5	529532.0	-0.1955266469065193	0.8449806790176119	all
10229	1507.5	4588.5	20272.0	-3.0557598175475893	0.002244910076684768	all
44822	4087.0	4586.5	390023.0	-0.774215186793201	0.4388035488669966	all
22625	3403.0	4590.5	194302.0	-2.266716342816457	0.023407559409366646	all
3735	4897.0	4578.5	763181.0	-0.09772984829848955	0.9221468134814296	all
5198	4697.0	4584.0	967341.0	-0.6035681982004603	0.5461307614372597	all
4349	4252.0	4584.5	8521.0	-0.17716309734003993	0.8593802811541458	all
16774	1605.5	4586.5	15223.0	-1.897190996519864	0.05780273471286061	all
19202	1023.0	4586.0	12465.0	-1.7694466998199048	0.07681935814008725	all
50661	3108.0	4588.0	78568.0	-2.111693243403856	0.03471276893052602	all
50662	4663.0	4582.5	647471.0	-0.11705384531217813	0.906817384317247	all
48037	4696.0	4580.5	930824.0	-0.312279225301166	0.7548283269761578	all
6561	3432.0	4586.0	26973.0	-0.7355499756854789	0.46200461552297145	all
9084	3444.0	4588.5	73288.0	-1.5521058967387034	0.12063688728376853	all
1901607	5014.0	4579.5	476103.0	-0.8384945856815834	0.40175298728115316	all
1901605	5028.0	4571.0	770535.0	-1.503866333657942	0.13261578708093913	all
6520	4846.5	4574.5	1072674.0	-1.2826200967234733	0.19962520586177396	all
8652	4500.5	4584.5	569079.0	-0.061770180813539716	0.9507458503839437	all
46394	4608.0	4584.0	1147229.0	-0.00963654283702149	0.9923112702498882	all
16053	4608.0	4584.0	1147229.0	-0.00963654283702149	0.9923112702498882	all
9064	3841.5	4586.5	204043.0	-0.8356459568130202	0.4033541066759565	all
6560	4092.0	4584.5	43017.0	-0.3426435083792505	0.7318666663340141	all
16620	4824.0	4583.0	114979.0	-0.6317173570791887	0.5275715841251187	all
16903	4738.0	4583.5	157532.0	-0.45351410822911414	0.65017858666035	all
9269	4824.0	4584.0	54946.0	-0.49084821711904236	0.6235338042051871	all
42538	3872.0	4587.5	128351.0	-0.6217701380320647	0.5340930247148354	all
6972	3627.0	4588.5	148967.0	-0.992744806775982	0.3208343332804563	all
55129	769.0	4585.5	1555.0	-2.034376244173325	0.04191367516334396	all
60776	1442.0	4586.0	6001.0	-1.692826861701485	0.09048842808615293	all
10255	1237.0	4586.0	2831.0	-2.3829324624722807	0.017175345040847053	all
9757	1237.0	4586.0	2831.0	-2.3829324624722807	0.017175345040847053	all
10182	3393.5	4588.5	99492.0	-1.452211192461434	0.14644289153462445	all
9756	3393.5	4588.5	99492.0	-1.452211192461434	0.14644289153462445	all
71322	3344.0	4589.0	139277.0	-1.334403063352499	0.18207179664610693	all
71331	1350.0	4586.5	15697.0	-1.8242132296421674	0.06811984229847841	all
9746	2813.0	4590.0	102973.0	-2.091779196331694	0.03645827217920629	all
34284	2939.0	4589.5	107586.0	-2.0533892450050453	0.040034841545421064	all
71326	1350.0	4586.5	15697.0	-1.8242132296421674	0.06811984229847841	all
71333	1350.0	4586.5	15697.0	-1.8242132296421674	0.06811984229847841	all
9749	2399.0	4589.0	88062.0	-1.9989577672060623	0.04561292356623394	all
1678	1350.0	4586.5	15697.0	-1.8242132296421674	0.06811984229847841	all
42593	1463.0	4587.0	19315.0	-1.8271859667318737	0.06767181311078009	all
33500	1463.0	4587.0	27912.0	-1.6838966259006725	0.09220164854298314	all
55082	4577.5	4584.5	304592.0	-1.0519530321158483	0.2928210989675323	all
19725	4493.0	4585.0	514134.0	-0.8860318052762939	0.37560038868049916	all
5759	4853.5	4580.5	312181.0	-0.7134421426920066	0.4755722030985995	all
44429	4733.0	4580.0	1137763.0	-0.64418709190292	0.519454120213463	all
4739	1956.5	4586.5	9132.0	-1.7412894830295231	0.08163284875685609	all
4738	1956.5	4586.5	9132.0	-1.7412894830295231	0.08163284875685609	all
16624	2988.0	4586.0	25176.0	-0.9917095311712939	0.3213392402655201	all
50897	4059.0	4584.5	137770.0	-1.1560828951002475	0.2476472517722711	all
6086	1886.0	4587.0	10268.0	-2.139964656310977	0.032357623157005404	all
6085	2192.0	4587.0	25956.0	-1.9298237370976945	0.05362868129957447	all
71616	2988.0	4586.0	40651.0	-1.117145444527277	0.26393214242970586	all
9108	5441.0	4575.5	363889.0	-1.817897114508545	0.0690798594318697	all
51188	5061.0	4578.0	549740.0	-1.1554684026066218	0.2478986646932303	all
6637	4090.0	4586.0	85621.0	-0.8756855885364414	0.3812009820246971	all
35383	4090.0	4586.0	85621.0	-0.8756855885364414	0.3812009820246971	all
6790	5022.5	4573.5	575398.0	-1.3072693812343357	0.1911212392320179	all
35384	2988.0	4586.0	40651.0	-1.117145444527277	0.26393214242970586	all
44272	5421.0	4574.5	315491.0	-1.7061480400698847	0.08798052008977565	all
6084	3247.5	4587.5	47251.0	-1.7108241543817009	0.08711357920389687	all
46686	3889.0	4598.0	945360.0	-1.8170347002269702	0.06921180022917377	all
10038	4060.0	4594.0	1239036.0	-1.621594405676329	0.10489022128247813	all
48040	348.0	4585.0	8052.0	-1.2463263610135034	0.21264460382433492	all
16831	5162.0	4582.0	168278.0	-0.6126581147844044	0.5401024231186777	all
16830	4809.0	4582.0	297464.0	-0.3739320614349683	0.7084548623556303	all
16829	5462.5	4565.5	744118.0	-2.5991333936056304	0.009345944762361768	all
33320	3840.0	4584.5	7697.0	-0.39685067026433324	0.6914775828083173	all
33319	3840.0	4584.5	7697.0	-0.39685067026433324	0.6914775828083173	all
9225	3942.0	4586.0	109846.0	-1.0046878187639685	0.3150471954941183	all
9226	4245.0	4585.5	91008.0	-0.7900528437149096	0.42949690783954575	all
1901137	4322.0	4591.0	893711.0	-0.9494209401628638	0.34240656433267613	all
42732	2436.0	4585.0	10140.0	-0.7917710000010675	0.42849421466304627	all
19321	4203.0	4585.0	59152.0	-0.050748536623904404	0.9595258998127155	all
51446	274.0	4585.5	565.0	-2.2983212650411047	0.021543511020608707	all
45787	2432.0	4586.5	68905.0	-1.9219985180803958	0.05460594422237874	all
51445	1191.0	4586.0	18930.0	-1.882067118018484	0.059826903239978496	all
10090	2638.0	4588.0	140633.0	-2.2851113174322624	0.02230630136417283	all
10026	3297.0	4587.0	184927.0	-1.6477013829479585	0.09941396412255767	all
90626	2476.5	4590.5	182029.0	-2.9101851731305977	0.0036121467597079785	all
51302	4118.0	4586.0	205593.0	-0.988882971712766	0.32272040277293623	all
8284	4542.0	4585.0	44016.0	-0.7344133715447595	0.4626968397040102	all
42803	3417.0	4593.0	267292.0	-2.5315122650869855	0.011357184536232643	all
9408	4744.5	4580.5	434937.0	-0.05718899917855557	0.9543946411984429	all
9266	4584.0	4585.0	1140398.0	-0.9846497430255406	0.32479614687073954	all
9958	5185.0	4584.0	49646.0	-0.09406223606435125	0.9250597185820437	all
9630	4431.0	4585.0	134922.0	-0.47553119343746986	0.6344084051048313	all
9606	4431.0	4586.0	160153.0	-0.567632892604717	0.570284267517801	all
9629	4566.0	4584.5	149650.0	-0.3865485180843663	0.6990904772025488	all
48530	1012.0	4586.0	6382.0	-1.6098835702523768	0.10742327639838209	all
48527	4636.0	4583.0	217778.0	-0.33086970116230435	0.7407429091201199	all
48528	4617.5	4583.5	242945.0	-0.6443276197554914	0.5193630090274787	all
80163	4614.0	4584.5	27043.0	-0.07736567058236815	0.9383326498034363	all
10427	2730.0	4586.0	26869.0	-0.7503750139551087	0.4530288750352284	all
33293	4374.0	4584.5	62558.0	-0.16733637958308625	0.867105380899977	all
31406	3938.0	4588.0	243228.0	-1.284033975125151	0.19913006791407678	all
43177	3938.0	4588.0	243228.0	-1.284033975125151	0.19913006791407678	all
42562	2469.0	4587.0	29891.0	-1.4350777337437672	0.15126494776825422	all
43178	3852.0	4586.0	61743.0	-0.6872118292766625	0.49194925103764	all
19840	2469.0	4587.0	29049.0	-1.540942062796882	0.12333088735834785	all
8289	3389.5	4598.5	458257.0	-2.9731120705989604	0.0029479679150530244	all
4872	3001.5	4589.5	176698.0	-1.8705786397777688	0.06140350757136228	all
60089	3433.5	4597.5	385852.0	-2.910445254765509	0.0036091418818880137	all
43086	4678.5	4582.5	234069.0	-0.18174730712001688	0.8557810384730236	all
44092	4355.0	4585.0	258948.0	-0.5099796709886563	0.6100657040442434	all
4864	4614.0	4584.5	27043.0	-0.07736567058236815	0.9383326498034363	all
19212	4614.0	4584.5	27043.0	-0.07736567058236815	0.9383326498034363	all
4857	4788.5	4582.5	145242.0	-0.6720794552801579	0.5015331148936254	all
44403	4158.0	4588.0	182185.0	-0.8316812968844531	0.4055888603505097	all
44419	4158.0	4588.0	188833.0	-0.9512205502533748	0.34149242849524963	all
9570	4170.0	4604.0	2179955.0	-1.1866139178673012	0.23537994352294345	all
9532	4308.0	4603.5	2251778.0	-0.9891141098140824	0.3226073149214227	all
44435	4630.0	4581.5	3953262.0	-0.7833905568697668	0.4333977997478232	all
44434	4584.5	4584.5	3922077.0	-0.6302160595251715	0.5285532334548584	all
9941	4783.0	4575.5	2018489.0	-0.09840141527545683	0.9216135509015484	all
9526	4845.0	4574.0	2045632.0	-0.2752593980369396	0.7831169556541516	all
31967	4754.0	4570.5	3036461.0	-0.4015454602013676	0.6880185753108086	all
31975	4740.0	4571.5	3050057.0	-0.31563088035291453	0.7522826958476659	all
19253	2944.0	4586.5	33808.0	-1.4411305644852621	0.14954780013731286	all
19685	3225.0	4586.0	42847.0	-0.8673743799597856	0.38573691474230987	all
15979	4244.0	4589.5	571479.0	-0.2805560672374626	0.7790509163368389	all
15977	2944.0	4586.5	42840.0	-1.3303025394230854	0.18341861084340716	all
45912	4724.5	4584.5	8906.0	-0.07451781144701454	0.9405983690775969	all
10109	4463.0	4586.5	98001.0	-0.22729862562493122	0.8201915417294754	all
43255	3156.5	4585.5	47615.0	-0.8102915185278922	0.4177726488077048	all
9744	3512.0	4588.0	181736.0	-1.3510554380257156	0.17667767469477047	all
34285	3501.5	4588.5	191656.0	-1.5114626556047077	0.13067061631638413	all
70417	3673.0	4585.0	66033.0	-0.26927324867035657	0.7877194166117406	all
9409	4434.0	4588.0	767817.0	-1.0952595092241795	0.27340296115598106	all
9416	4265.5	4595.5	1369676.0	-1.7671713209384212	0.0771995410910588	all
9314	4307.0	4593.0	1473818.0	-1.581481242383486	0.1137680445063195	all
36294	7785.0	4584.0	19300.0	-0.6167429070950622	0.5374043152421251	all
36293	4073.5	4586.5	145823.0	-0.044897370353852856	0.9641891128827114	all
70482	4076.0	4586.0	149514.0	-0.10144631576483913	0.9191961714162846	all
71453	7785.0	4584.0	19300.0	-0.6167429070950622	0.5374043152421251	all
34059	7370.0	4584.0	11601.0	-0.4737128666489752	0.6357046768245636	all
34605	5148.0	4583.5	53806.0	-0.13607408808555893	0.8917627116761127	all
10582	5469.0	4583.5	44903.0	-0.11767374099778265	0.9063261738350986	all
10022	5469.0	4583.5	44903.0	-0.11767374099778265	0.9063261738350986	all
10050	4385.0	4585.0	22307.0	-0.10962069718670779	0.9127101955914109	all
10158	1834.0	4585.5	9805.0	-1.6143999998311183	0.10644069176272147	all
1708	4470.5	4584.5	72522.0	-0.8901458592155516	0.37338757135031264	all
45165	4481.0	4585.0	105040.0	-0.7170576738491397	0.47333851083047485	all
4722	4151.0	4587.0	266153.0	-1.4239797438012194	0.15445233585933266	all
4721	4480.0	4585.5	436263.0	-0.6875049328515409	0.49176459332343625	all
9788	4096.5	4585.5	98518.0	-0.18569360192229734	0.8526850459781701	all
1901420	4096.5	4585.5	98518.0	-0.18569360192229734	0.8526850459781701	all
1901419	3549.5	4590.5	140033.0	-1.5552068103740808	0.11989682285413268	all
9787	3549.5	4590.5	140033.0	-1.5552068103740808	0.11989682285413268	all
5509	3622.0	4596.0	357153.0	-2.254390215302976	0.024171630304183206	all
10119	2997.0	4589.0	134559.0	-1.635633381672934	0.10191633957820938	all
6469	4057.5	4584.5	32938.0	-0.5042597082061373	0.6140788872520213	all
1933	4430.0	4585.0	37369.0	-0.49487173296087855	0.6206906650809552	all
42326	4676.5	4584.5	45847.0	-0.005069573231024594	0.9959550831147954	all
45936	4923.0	4584.0	46131.0	-0.49385517411295426	0.62140846403884	all
10563	4923.0	4584.0	46131.0	-0.49385517411295426	0.62140846403884	all
31400	4509.0	4584.5	99211.0	-0.12992516589536252	0.8966256335325856	all
32269	4180.0	4586.0	214313.0	-0.5179863185162108	0.6044678150568584	all
51248	4180.0	4586.0	214313.0	-0.5179863185162108	0.6044678150568584	all
33673	4057.5	4584.5	32938.0	-0.5042597082061373	0.6140788872520213	all
51348	4588.0	4584.0	75240.0	-0.2482981500728455	0.8039037302232261	all
1902456	4966.0	4584.0	21617.0	-0.22598728343105914	0.8212113108538879	all
10205	4398.0	4585.0	31064.0	-0.1523842875984064	0.8788838490223442	all
43155	4398.0	4585.0	31064.0	-0.1523842875984064	0.8788838490223442	all
42548	4831.0	4584.5	60642.0	-0.36053704441056034	0.7184455592055765	all
43467	4568.0	4585.0	65474.0	-0.3237319122039055	0.7461410083737003	all
9644	5040.5	4576.5	152727.0	-1.8060820878489396	0.07090551828540989	all
9642	5038.0	4575.0	309734.0	-1.0172913618905555	0.30901484465040674	all
1900150	2672.0	4587.0	22620.0	-1.3560633563364266	0.17507901063468842	all
32101	3345.5	4589.5	129782.0	-1.6735105553361787	0.09422683036571894	all
2831	3477.0	4587.0	118434.0	-1.0076749406839225	0.31361053901709646	all
1900425	1884.5	4585.5	12114.0	-1.1790540611905282	0.23837664958549543	all
31348	3501.0	4586.5	102125.0	-1.2572601602769204	0.2086594451502437	all
43901	1770.0	4586.0	22573.0	-1.36276313324674	0.17295717351928494	all
2832	1770.0	4586.0	22573.0	-1.36276313324674	0.17295717351928494	all
32102	1770.0	4586.0	22573.0	-1.36276313324674	0.17295717351928494	all
1900424	3477.0	4585.0	54901.0	-0.4955568442284768	0.6202071070664239	all
30835	1150.0	4586.5	13188.0	-2.2105027171867677	0.027070292151665485	all
30834	1892.0	4586.0	20491.0	-1.6595489955291367	0.09700521630327724	all
1901879	3510.0	4585.0	30513.0	-1.3568739182199698	0.17482127541464026	all
43244	3815.0	4585.0	50566.0	-0.9491545891039935	0.3425419936994478	all
8064	4986.0	4584.0	101255.0	-0.3260141419426282	0.7444136554549114	all
30832	4986.0	4584.0	101255.0	-0.3260141419426282	0.7444136554549114	all
32535	3510.0	4586.0	188396.0	-0.9758405088212926	0.32914350693991334	all
90066	3510.0	4586.0	188396.0	-0.9758405088212926	0.32914350693991334	all
32956	3510.0	4585.0	106321.0	-0.6203375643197359	0.5350355686711534	all
51493	4685.0	4584.0	150827.0	-0.5969697914998022	0.55052754939522	all
33043	4498.0	4585.0	360587.0	-1.0800537009565159	0.28011826745197355	all
32970	3510.0	4585.0	106321.0	-0.6203375643197359	0.5350355686711534	all
51494	2294.5	4586.5	21224.0	-2.0663113337321697	0.03879909193939106	all
10639	3089.0	4587.0	86375.0	-1.4972093211088058	0.134338800749653	all
51129	3299.5	4586.5	92595.0	-1.3386611410479206	0.18068101207940762	all
1901880	1892.0	4586.0	18525.0	-1.9397992382031002	0.052404093283720365	all
43242	1892.0	4586.0	18525.0	-1.9397992382031002	0.052404093283720365	all
15991	3807.5	4584.5	32442.0	-0.5704008731592628	0.5684058374874725	all
15988	3807.5	4584.5	32442.0	-0.5704008731592628	0.5684058374874725	all
1902600	3630.0	4588.0	178688.0	-1.5227754236435955	0.12781490059852876	all
15992	4572.5	4584.5	381286.0	-0.41251403564514005	0.679962695277623	all
15672	4795.5	4580.5	546877.0	-0.21127003400331903	0.8326765645610295	all
6812	4604.0	4583.0	921843.0	-1.1123595471197703	0.26598359039564823	all
6811	4271.0	4594.0	1452570.0	-1.848365225458794	0.06454952578712858	all
6818	4572.5	4584.5	381286.0	-0.41251403564514005	0.679962695277623	all
98662	4604.0	4584.0	507414.0	-1.1197930918946715	0.2628019437631558	all
98660	4503.0	4585.0	556320.0	-1.2246387817848536	0.22071134904489964	all
34220	4101.0	4593.5	1156831.0	-2.0659500433585927	0.03883319689324659	all
98655	4750.5	4580.5	801347.0	-0.5136773604081027	0.6074775829774692	all
16820	5237.0	4582.5	198140.0	-0.6757042167759093	0.49922845817339245	all
51017	1341.5	4586.5	18032.0	-2.491961733995026	0.012703972338203955	all
61572	1341.5	4586.5	18032.0	-2.491961733995026	0.012703972338203955	all
7015	3676.0	4586.5	133403.0	-0.8740800317588379	0.3820746710742159	all
33180	974.0	4585.5	10473.0	-1.4884532319610817	0.13663140711915228	all
33178	3758.0	4585.5	49306.0	-0.6261368302904531	0.5312251965989498	all
16469	5035.0	4583.5	100525.0	-0.02418241706507057	0.9807071031770955	all
33176	3345.5	4584.5	31832.0	-0.651743838121776	0.5145664373051351	all
51693	1150.0	4586.5	13188.0	-2.2105027171867677	0.027070292151665485	all
30837	1892.0	4587.0	15888.0	-2.3156994874051557	0.020574682423075998	all
30833	4248.0	4584.5	95519.0	-0.42703492897103823	0.6693538869201948	all
32271	4248.0	4584.5	105945.0	-0.3099590985675787	0.7565920601584853	all
43254	3510.0	4586.0	124381.0	-1.1904897314526417	0.23385396358789823	all
44087	3158.0	4590.0	193839.0	-2.072744319102801	0.038196080846122166	all
32272	1892.0	4587.0	15888.0	-2.3156994874051557	0.020574682423075998	all
31333	1892.0	4587.0	15888.0	-2.3156994874051557	0.020574682423075998	all
46933	4789.0	4584.5	45536.0	-0.042166920874522215	0.9663656324095433	all
15078	3630.0	4588.0	169569.0	-1.5587109006465278	0.11906482059886697	all
15077	4662.0	4584.0	313616.0	-1.2292095935270886	0.21899323291096895	all
22890	4633.0	4583.5	532895.0	-0.9909872929291111	0.32169178512314656	all
8324	4813.0	4579.0	778407.0	-0.294359747265905	0.7684830220375769	all
15075	4207.0	4591.0	1077893.0	-1.6634962808264324	0.09621313471123813	all
44769	4416.0	4584.5	67831.0	-0.5230303265025525	0.6009531493390898	all
42625	4864.0	4583.5	118302.0	-0.059492272829569544	0.9525600199616414	all
42626	5237.0	4582.5	198140.0	-0.6757042167759093	0.49922845817339245	all
43492	5237.0	4582.5	198140.0	-0.6757042167759093	0.49922845817339245	all
42623	5140.0	4575.0	750737.0	-0.8409035586809388	0.4004019646294835	all
15405	4662.0	4584.0	320263.0	-0.5508426944975469	0.5817415137675555	all
15399	4662.0	4584.0	320263.0	-0.5508426944975469	0.5817415137675555	all
22804	4773.0	4580.0	849152.0	-0.27735251136647526	0.7815094421508457	all
19829	4864.0	4583.5	118302.0	-0.059492272829569544	0.9525600199616414	all
45814	4749.0	4583.0	157226.0	-0.18841260478245095	0.8505532194528622	all
40029	4682.0	4583.5	461212.0	-0.0815886392492643	0.9349738357335723	all
1709	5829.0	4584.0	17814.0	-0.8673526855865202	0.3857487976593841	all
10076	3330.5	4585.5	15394.0	-0.5606328057807685	0.575047882700464	all
152	4385.0	4585.0	50277.0	-0.02229286368635169	0.982214341420606	all
151	4848.0	4579.0	674014.0	-1.0597429795936135	0.28926154392317627	all
1990234	4848.0	4577.0	1124677.0	-1.9428713784277698	0.052031700902788545	all
31519	2233.5	4586.5	8451.0	-1.8696873107533178	0.06152725265743822	all
16568	4598.5	4584.5	646478.0	-0.4273536084731081	0.6691217918497016	all
6325	4686.5	4583.5	721879.0	-0.2757327242899967	0.7827533592392443	all
10077	4447.5	4584.5	27119.0	-0.06566459403657715	0.9476448614097693	all
4712	3110.5	4588.5	111230.0	-2.354391396600443	0.018553064289795855	all
165	2636.0	4587.0	44438.0	-2.373092280883218	0.01763985613959186	all
23014	3218.0	4587.0	89619.0	-1.8813986645227823	0.05991770840673271	all
4709	2268.5	4587.5	27017.0	-2.25118872476498	0.02437358673054555	all
4702	2702.0	4586.0	51205.0	-1.713840445227537	0.08655803310835322	all
5057	3338.0	4586.5	100478.0	-1.379206362330811	0.16783113699072308	all
4871	3438.0	4596.0	322396.0	-2.9848459820409228	0.0028372114100487767	all
186	2268.5	4587.5	27017.0	-2.25118872476498	0.02437358673054555	all
32147	2702.0	4590.0	78869.0	-2.6930623471465847	0.0070799028210687875	all
45860	2702.0	4591.0	100014.0	-2.8432166734710167	0.004466069746178049	all
1934	2702.0	4591.0	100014.0	-2.8432166734710167	0.004466069746178049	all
42327	2702.0	4591.0	100014.0	-2.8432166734710167	0.004466069746178049	all
45937	2914.0	4590.5	105438.0	-2.741076257700094	0.00612382929340848	all
10562	2914.0	4590.5	105438.0	-2.741076257700094	0.00612382929340848	all
31401	2914.0	4591.5	142938.0	-3.3174555425340237	9.084137126591237E-4	all
32270	3126.0	4595.0	214949.0	-3.82687516963821	1.297802868291637E-4	all
51247	3126.0	4596.0	219763.0	-3.9658340401169405	7.313974161153117E-5	all
33674	2702.0	4591.0	100014.0	-2.8432166734710167	0.004466069746178049	all
51347	3126.0	4591.0	119004.0	-2.6287740348044233	0.008569328117855768	all
43410	2559.5	4587.5	39384.0	-2.504096403962984	0.012276457881878564	all
43408	2702.0	4587.0	59942.0	-2.3517786549081863	0.018683889318861998	all
1902531	3247.0	4587.0	96397.0	-1.9819096654810158	0.04748935197269092	all
1902533	2559.5	4587.5	39384.0	-2.504096403962984	0.012276457881878564	all
9967	2636.0	4592.0	100182.0	-3.3448355894596182	8.233135954121089E-4	all
10647	2559.5	4593.5	116324.0	-3.525449957101412	4.227640435440255E-4	all
48584	3668.0	4595.0	354603.0	-2.0199932331183637	0.04338408945101554	all
23056	2636.0	4592.0	100182.0	-3.3448355894596182	8.233135954121089E-4	all
30140	4683.0	4584.0	35754.0	-0.6979250481874586	0.48522406876445445	all
5798	3391.0	4586.5	89325.0	-0.925490474066037	0.3547108365106877	all
16023	3669.0	4591.5	293492.0	-2.2912709138675225	0.021947749760355555	all
31988	3849.0	4590.0	314474.0	-1.9310917147654378	0.05347171143573174	all
31982	3803.0	4591.0	329856.0	-1.9953898620202482	0.04600037578300818	all
31410	3535.0	4592.0	294870.0	-2.4119218189382337	0.015868683849864475	all
30133	3849.0	4587.0	92506.0	-1.6634197759893015	0.0962284372127233	all
30136	4132.0	4586.0	123407.0	-1.8178811606596255	0.06908229833475427	all
30135	3247.0	4591.0	169745.0	-2.484728833791695	0.012965015093639445	all
6897	2289.0	4590.0	101310.0	-2.20838649062975	0.02721734271540737	all
35091	2569.0	4595.5	132639.0	-3.9042109608796713	9.453329531370648E-5	all
5543	3193.0	4595.0	256366.0	-3.0222647891433434	0.0025089097831810588	all
5096	3749.0	4588.5	74342.0	-2.131231422105812	0.0330700815545793	all
8047	4321.0	4588.0	173256.0	-0.8413048241800798	0.4001771887497335	all
30695	3749.0	4589.5	81616.0	-2.184662618530443	0.028913592965355367	all
60589	4327.0	4587.5	126676.0	-1.3231872590753704	0.18577311197203702	all
30139	2559.5	4585.5	18587.0	-1.3792643978351147	0.1678132491982164	all
98656	3811.0	4592.0	478379.0	-1.8336722673551282	0.0667026576563193	all
6820	3895.5	4593.5	611661.0	-1.5224167610919273	0.1279046876887215	all
8514	3837.0	4589.5	305111.0	-1.4127948082963813	0.1577160652230658	all
8509	3837.0	4591.5	428260.0	-1.6398861875630306	0.10102883328486742	all
15711	3844.0	4590.5	423109.0	-1.1861369669666773	0.23556821385340632	all
5507	4347.0	4586.0	502218.0	-0.6891262282038993	0.4907438359747909	all
46916	4277.0	4586.0	158306.0	-0.68233945197462	0.4950243320714306	all
6875	4493.0	4585.0	218889.0	-0.7466411063141929	0.4552802284295596	all
55065	4481.0	4586.0	305710.0	-1.195559899984341	0.23186834786593447	all
98771	4701.0	4583.0	388843.0	-0.6450067852241891	0.5189227886199325	all
50801	4747.0	4582.5	425178.0	-0.7746215972963951	0.43856329155989715	all
55080	4493.0	4585.0	344017.0	-1.0441384776357725	0.29642132596930104	all
30003	4727.5	4583.5	244871.0	-0.5470000643146007	0.5843786879351462	all
6873	4875.0	4582.0	276929.0	-0.5008294405747701	0.6164911640744889	all
55076	4597.0	4584.5	224337.0	-0.6919924514708041	0.48894206943318774	all
30001	4604.0	4583.0	484515.0	-1.007121219623944	0.31387652517242437	all
6825	5014.5	4582.5	71306.0	-0.19522251973974797	0.8452187500192472	all
41	4585.0	4584.0	210312.0	-0.24815311264969422	0.8040159425065609	all
31593	1958.0	4586.0	15952.0	-1.1813738212198277	0.23745425298296718	all
43130	1958.0	4588.0	41045.0	-1.9453954493023313	0.05172740203891514	all
32182	1958.0	4588.0	50065.0	-1.824901047066975	0.06801596319572496	all
71805	4701.0	4584.0	96894.0	-1.332109986282023	0.18282404929028928	all
71804	4701.0	4584.0	96894.0	-1.332109986282023	0.18282404929028928	all
6813	4795.5	4582.5	118840.0	-0.6707095609573497	0.5024055708655704	all
9939	1328.0	4585.0	8734.0	-1.0978556923303227	0.2722675080898257	all
5267	4854.0	4582.5	51481.0	-0.38927317155808755	0.6970740802594394	all
15079	4739.5	4583.5	83219.0	-1.4168643129988854	0.15652260206988838	all
46873	4778.0	4582.0	370794.0	-0.660726651673018	0.5087876287384723	all
5261	4778.0	4584.0	55185.0	-1.3261025545951135	0.18480573009909287	all
5216	3146.0	4588.0	104651.0	-2.528705456245293	0.011448405840612248	all
22838	3222.5	4590.5	158742.0	-2.4170688417344683	0.015646057711009288	all
15267	3553.5	4590.5	221309.0	-1.7376708126522256	0.08226883446931649	all
22803	3553.5	4590.5	221309.0	-1.7376708126522256	0.08226883446931649	all
2000033	3087.0	4585.0	11221.0	-0.5564384591703955	0.5779111537363901	all
2000034	2010.5	4586.5	15869.0	-1.7977318458806404	0.07221951225808526	all
80050	2314.0	4586.5	33835.0	-1.4379098944326112	0.15045962193465448	all
48580	3641.5	4603.5	646032.0	-3.5168590101081807	4.366856701706681E-4	all
2000026	3716.0	4606.0	955061.0	-3.028293290931111	0.0024593926786360435	all
48581	3133.5	4591.5	195782.0	-3.027639923628142	0.002464715786734311	all
51241	3382.0	4594.5	233733.0	-3.1340517186790295	0.0017241046522808593	all
51093	3462.5	4595.5	250276.0	-3.114466795470676	0.0018427769663707332	all
2000242	4210.0	4586.0	144030.0	-1.5689397993296463	0.11666196706093789	all
48838	369.5	4585.5	756.0	-2.2473985387928765	0.024614568316136266	all
10162	3865.0	4587.0	48915.0	-1.1219088859412434	0.26190118211413316	all
22611	3865.0	4587.0	48915.0	-1.1219088859412434	0.26190118211413316	all
10431	3977.0	4586.0	106029.0	-0.6423846150477499	0.5206234865075383	all
97438	369.5	4585.5	756.0	-2.2473985387928765	0.024614568316136266	all
10030	4088.5	4585.5	54979.0	-0.0083310666174832	0.9933528474630589	all
48582	4088.5	4588.5	158055.0	-1.4877886829350506	0.13680663115011873	all
51240	4182.0	4587.0	207344.0	-0.8943256277050632	0.3711476918997103	all
51094	4092.0	4589.0	228474.0	-1.156561993943532	0.247451357559609	all
10029	4022.0	4588.0	160335.0	-1.0931897041724288	0.27431051658353156	all
1900140	4022.0	4588.0	160335.0	-1.0931897041724288	0.27431051658353156	all
911	4028.0	4586.0	83517.0	-1.0489777704665273	0.29418834960618756	all
1902410	4237.5	4585.5	97127.0	-0.9894418409339948	0.3224470117719286	all
32506	4237.5	4585.5	97127.0	-0.9894418409339948	0.3224470117719286	all
910	4458.0	4585.0	201863.0	-0.7139708528801467	0.4752452029607924	all
1903047	5340.0	4574.0	433941.0	-1.5880582471353077	0.11227316854196244	all
278	5393.5	4573.5	444948.0	-1.6557121394653698	0.09778012773947198	all
61640	4832.0	4584.0	126153.0	-0.46642917719222404	0.6409083308181004	all
281	4993.0	4583.5	123689.0	-0.32470491591429546	0.7454044137409268	all
9504	2926.0	4585.5	69983.0	-1.1159845138793822	0.26442876346451105	all
61025	4623.0	4584.5	73687.0	-0.7865215848227344	0.4315619786539634	all
9612	4477.0	4585.0	40444.0	-0.10825319158519218	0.9137948520327832	all
5484	4623.0	4584.5	65991.0	-0.6966033810186851	0.4860510393632417	all
4683	1167.5	4585.5	2352.0	-1.8218871718181533	0.06847210716223924	all
18105	4710.0	4584.5	26578.0	-0.14895778365858944	0.8815869449895206	all
18209	5502.0	4584.0	32083.0	-0.0071274222450143304	0.9943131879802967	all
1902448	2062.0	4585.5	4141.0	-1.3449198563308222	0.1786511171756839	all
1902446	2062.0	4585.5	4141.0	-1.3449198563308222	0.1786511171756839	all
2000030	4492.0	4586.0	70942.0	-0.6416580649320751	0.5210952229273176	all
9742	4263.5	4585.5	58744.0	-0.5519226716770247	0.5810013345285012	all
43401	4263.5	4585.5	58744.0	-0.5519226716770247	0.5810013345285012	all
71383	4263.5	4585.5	58744.0	-0.5519226716770247	0.5810013345285012	all
71407	4360.0	4585.0	287812.0	-0.4075686816146055	0.6835903610296675	all
48545	4263.5	4585.5	58744.0	-0.5519226716770247	0.5810013345285012	all
71367	4360.0	4585.0	63038.0	-0.5610508824502835	0.5747628506331015	all
9741	5781.0	4580.5	105014.0	-1.6572759091456915	0.09746370558760764	all
9505	4975.0	4579.0	570622.0	-0.16004849780889482	0.8728428708524799	all
5618	4238.5	4597.5	1189694.0	-2.446684732335812	0.014417689135240913	all
30312	4203.5	4598.5	1192438.0	-2.569535874870428	0.010183484714866246	all
10583	5874.0	4583.5	63515.0	-0.07083688258940529	0.9435275774743437	all
4650	4506.0	4585.0	84178.0	-0.253420318923398	0.7999434277753137	all
4553	4506.0	4586.0	489605.0	-1.1353477547882098	0.2562296407109592	all
16798	4510.0	4585.0	580484.0	-1.0000355060565227	0.3172933253091702	all
71555	4414.0	4591.0	640322.0	-1.0301679994194233	0.30293114884035277	all
45229	4419.5	4591.5	715898.0	-1.2265425402308499	0.21999457702230307	all
71554	4264.0	4598.0	917572.0	-1.8811705143045223	0.059948727318133666	all
6499	3577.0	4587.5	63362.0	-1.7049083943556418	0.08821151055255895	all
6498	3577.0	4587.5	63362.0	-1.7049083943556418	0.08821151055255895	all
31365	4293.0	4585.0	114032.0	-0.7005276097999147	0.4835978688225592	all
18377	3533.0	4588.0	66677.0	-1.7686608387315255	0.07695049127802045	all
7264	4300.0	4585.0	83354.0	-0.32476242442147796	0.7453608852556932	all
5525	3791.0	4595.0	473887.0	-1.6914176790609594	0.09075705810550064	all
32561	3716.5	4595.5	474313.0	-1.8269616452599065	0.06770553642691733	all
19001	3716.5	4595.5	474313.0	-1.8269616452599065	0.06770553642691733	all
5992	3359.5	4586.5	21793.0	-0.885663721442931	0.37579876309681637	all
46351	3802.5	4586.5	59507.0	-0.47498524617422583	0.6347974893285812	all
5984	4173.0	4586.0	108327.0	-0.46887734596221514	0.6391573099517807	all
9311	4185.0	4587.5	207957.0	-0.6221038110900312	0.5338736091496595	all
34637	3287.0	4595.0	265548.0	-2.974789777450199	0.002931893953168868	all
9312	4453.5	4585.5	93427.0	-0.5953863981894331	0.551585215432228	all
5991	3802.5	4585.5	35835.0	-0.11794729919564417	0.9061094154341803	all
4805	2405.0	4585.5	4827.0	-1.1620246196487043	0.24522546460744132	all
19203	3275.0	4587.0	51370.0	-0.8650271180820983	0.3870239048105921	all
15927	3195.0	4584.5	6407.0	-0.7407790307890157	0.458827431411173	all
10228	3389.0	4595.0	317175.0	-2.5225359389827857	0.011651204385796027	all
60090	1643.0	4585.0	20470.0	-0.41942565215898814	0.6749050799425182	all
32947	3738.0	4584.5	7493.0	-0.4512393412310272	0.6518170580932818	all
5834	4972.0	4580.5	183113.0	-0.5219880773967976	0.601678631831482	all
98797	4895.0	4581.0	241734.0	-0.017813875262141832	0.9857873356567012	all
31234	5017.0	4580.0	185483.0	-0.6416255238020719	0.5211163564678902	all
19897	5058.5	4579.5	186991.0	-0.8076646459051441	0.4192836610735893	all
19898	4972.0	4579.5	339149.0	-1.0655941700113656	0.2866071357685961	all
9898	5058.5	4579.5	198044.0	-0.681053901721725	0.4958373844623174	all
98562	4972.0	4580.5	210129.0	-0.5036026510209632	0.6145406292880966	all
98552	4863.0	4580.5	220590.0	-0.42018528264583566	0.6743501052987159	all
42254	4704.0	4583.5	732914.0	-0.9811072765351277	0.32653984249076573	all
22613	4710.0	4583.0	894039.0	-1.167722499975774	0.24291871795050157	all
6417	3174.0	4596.5	246315.0	-2.926062380642904	0.003432820959310335	all
10608	3646.5	4599.5	450294.0	-2.6730795870771673	0.0075158417038435	all
9845	3673.0	4589.0	216320.0	-1.3377025805451521	0.1809934094540423	all
90351	3579.0	4591.5	234912.0	-1.9008575408033903	0.05732067480036816	all
7623	4163.0	4590.0	192954.0	-1.2051497199310521	0.22814550861940575	all
48511	4094.0	4594.0	213382.0	-1.9260736816654291	0.05409517430534516	all
48579	5089.0	4584.0	22770.0	-0.03153703134448362	0.9748412600779749	all
48586	4514.0	4586.0	35892.0	-0.6805743624281595	0.49614085378863826	all
2000028	3430.0	4589.0	55611.0	-2.0447759929699645	0.04087694761193449	all
8948	3963.0	4584.5	7943.0	-0.3312643317456728	0.7404448308652904	all
6633	4233.0	4588.0	303842.0	-0.8898314345671344	0.37355640488142994	all
72330	4577.0	4584.5	497929.0	-0.04919983110084723	0.9607600458632058	all
6631	4418.0	4589.0	523998.0	-0.5429036309900326	0.587196155830222	all
6108	4997.0	4584.0	31072.0	-0.1512439000392041	0.8797833213445313	all
43648	3580.0	4589.5	192358.0	-1.4731625569083515	0.14070720866681247	all
4470	2627.0	4584.5	5271.0	-1.043649276956488	0.2966476854203427	all
16615	4363.0	4585.0	28264.0	-0.5515199333192089	0.5812773060175542	all
16614	5180.0	4575.5	379173.0	-1.550222460740963	0.12108813062196983	all
16616	5202.0	4575.0	331412.0	-1.5744965333497842	0.1153727023414898	all
51287	4479.0	4584.5	153800.0	-0.11772969109649531	0.9062818402730143	all
4471	2627.0	4584.5	5271.0	-1.043649276956488	0.2966476854203427	all
16652	3042.0	4585.5	11368.0	-1.3197071881831137	0.18693279916326352	all
16651	4968.0	4583.0	234555.0	-0.3906588038537343	0.6960494534987849	all
51289	3847.0	4584.5	14747.0	-0.682620169271657	0.4948468858824683	all
51260	5090.0	4583.5	81176.0	-0.1203909488332	0.9041734610301725	all
51259	3352.0	4585.0	107352.0	-0.5424933543862345	0.5874786843191208	all
51262	2845.5	4585.5	36518.0	-1.117870718459929	0.2636222125993306	all
9051	3319.0	4584.5	6655.0	-0.6746594700059759	0.49989214020809647	all
51156	3493.0	4586.0	76976.0	-0.8769711002306453	0.38050233539919975	all
6739	3923.5	4585.5	106790.0	-0.9118569832390339	0.36184400879044387	all
6098	3493.0	4586.0	76976.0	-0.8769711002306453	0.38050233539919975	all
19682	3923.5	4585.5	118331.0	-0.7070297020847811	0.4795480199092309	all
6081	4779.0	4583.0	237636.0	-0.2306455394728043	0.8175901859064393	all
48046	3671.0	4604.0	727444.0	-2.949452876410536	0.003183371158471974	all
8234	4529.0	4585.0	240860.0	-0.0632054991079493	0.949602865877641	all
70011	4761.0	4580.0	923295.0	-0.6243454915879444	0.5324007141623817	all
8233	4761.0	4580.0	1017802.0	-0.4203307083708894	0.6742438796353611	all
6508	4738.0	4577.0	1646465.0	-0.1187131359824173	0.9055026291291624	all
5764	1409.5	4587.5	36866.0	-1.9808880554079826	0.04760382889116401	all
323	1605.0	4588.0	38531.0	-2.2084507504827346	0.027212867353094763	all
50832	4352.0	4588.0	445978.0	-0.4871693500573905	0.626138323858944	all
9620	4153.0	4592.0	573367.0	-0.9480431718084662	0.34310747659412544	all
51603	4345.5	4586.5	666995.0	-1.1416665906306271	0.25359263298310586	all
44257	4345.5	4587.5	685004.0	-1.1195871905255388	0.2628897166726426	all
30163	4388.5	4587.5	771145.0	-0.8773068803668665	0.3803199761147632	all
9057	4256.0	4598.0	1158455.0	-2.1238205147803773	0.033685154887249394	all
44265	4231.0	4593.0	893366.0	-1.632780951504595	0.1025150746897399	all
44248	4676.5	4580.5	1924296.0	-0.15750563990909824	0.8748463633608786	all
5615	4692.0	4584.0	68665.0	-0.012859648634040183	0.9897397676873034	all
44421	5857.0	4582.0	85483.0	-0.8870517107352778	0.37505106068299177	all
4197	5316.0	4584.0	81455.0	-0.4891782719225141	0.6247154909690552	all
4175	4469.5	4586.5	511759.0	-0.5078504229238745	0.6115582452002575	all
6486	4352.0	4585.0	280689.0	-0.7418360067891404	0.4581867018364699	all
43413	4352.0	4585.0	280689.0	-0.7418360067891404	0.4581867018364699	all
70085	4299.0	4585.5	326328.0	-0.4791749043011055	0.6318142058828173	all
9101	4352.0	4585.0	280689.0	-0.7418360067891404	0.4581867018364699	all
9100	4342.5	4585.5	302117.0	-0.7695304720594432	0.4415784620735902	all
2000652	3059.5	4587.5	28387.0	-2.0877695406119523	0.03681862842316069	all
1903338	3024.0	4588.0	39548.0	-2.1020357778095167	0.035550141846547624	all
4315	2529.0	4585.5	10323.0	-1.5167346918121378	0.12933368167488496	all
4312	3733.0	4587.0	35744.0	-1.6752632103891532	0.09388260029240499	all
6636	4936.5	4583.5	42820.0	-0.3661424713559998	0.7142587670433314	all
33559	5238.0	4583.0	44947.0	-0.628522269034589	0.5296618631169275	all
9631	4828.0	4583.0	74321.0	-0.3324065171634998	0.7395823180873025	all
51782	3405.0	4585.5	48558.0	-0.7075961483280666	0.47919608542398606	all
80060	2096.0	4585.5	4209.0	-1.3267902993419243	0.18457806029268517	all
48481	4684.0	4584.5	142250.0	-0.28343759975804056	0.7768414091471412	all
35670	4684.0	4584.5	142250.0	-0.28343759975804056	0.7768414091471412	all
9686	6706.5	4582.5	45348.0	-1.0571742377675577	0.29043207503140467	all
16102	6706.5	4582.5	45348.0	-1.0571742377675577	0.29043207503140467	all
16114	4844.0	4582.0	210537.0	-1.1887813870810775	0.23452570421384622	all
6721	4656.5	4582.5	287541.0	-0.6280212564628654	0.5299900151876418	all
6720	4539.0	4586.5	382215.0	-0.006301886450777445	0.9949718553775767	all
8299	4539.0	4585.5	301002.0	-0.41655358797271147	0.6770049630968631	all
16101	6706.5	4582.5	50463.0	-1.3869407851615305	0.16545981990962322	all
9685	6706.5	4582.5	45348.0	-1.0571742377675577	0.29043207503140467	all
9585	4207.0	4588.5	108198.0	-1.4300787984389303	0.15269440447940474	all
7602	4207.0	4588.5	108198.0	-1.4300787984389303	0.15269440447940474	all
9583	4182.0	4589.0	109581.0	-1.6284352391930565	0.1034326306174803	all
9582	3430.0	4589.5	128775.0	-1.7387396056438378	0.08208057610185228	all
51606	4152.5	4590.5	186964.0	-1.7674513494555673	0.0771526697969882	all
9581	3430.0	4589.5	128775.0	-1.7387396056438378	0.08208057610185228	all
10017	4492.0	4587.0	140143.0	-0.7175535257663347	0.47303262182508254	all
71489	4503.0	4586.5	148696.0	-0.44834446048109616	0.6539046180732897	all
9639	4066.5	4591.5	378821.0	-1.2215759028820998	0.22186804583420572	all
71482	4207.0	4589.5	270739.0	-1.0039063016523582	0.3154237788428721	all
71478	4254.0	4588.0	298107.0	-0.7516049706326772	0.45228865324206047	all
10218	4182.0	4587.0	98484.0	-0.5441177603209534	0.58636043956078	all
48575	4531.5	4584.5	17581.0	-0.14828912115237075	0.8821146004963919	all
48572	4531.5	4584.5	17581.0	-0.14828912115237075	0.8821146004963919	all
9648	3723.0	4587.0	156902.0	-1.3008775987171963	0.19330035501244125	all
48573	2997.0	4588.0	128121.0	-1.5079537902672395	0.13156635421206547	all
16607	2984.0	4590.0	121737.0	-1.9276772379942213	0.05389528503472199	all
16604	3530.0	4592.0	201114.0	-1.6876185357480258	0.09148447875567545	all
44451	4464.0	4586.0	666297.0	-0.2213352519382541	0.8248314034831452	all
5654	4644.0	4583.0	822314.0	-0.7783871706473177	0.43634079971817796	all
80008	4722.0	4583.0	384263.0	-0.472315315878688	0.6367017398197599	all
31461	4900.0	4580.0	580386.0	-1.00323896696567	0.31574557597759834	all
9640	3668.0	4590.0	144402.0	-2.0570962651342057	0.03967696691328695	all
10114	3905.5	4586.5	114044.0	-0.3747605960508603	0.7078385218046968	all
10100	2823.0	4586.5	25167.0	-1.5405157421794	0.12343468856222363	all
10099	3668.0	4587.0	46008.0	-1.4260861972107075	0.15384346248729897	all
15250	3854.0	4587.0	54494.0	-0.5381437605293615	0.5904778030586952	all
5372	3854.0	4587.0	54494.0	-0.5381437605293615	0.5904778030586952	all
6833	3253.0	4588.0	56339.0	-1.2136780506278226	0.22487068922383546	all
42044	3253.0	4588.0	56339.0	-1.2136780506278226	0.22487068922383546	all
9705	3704.0	4588.0	199038.0	-1.342865490256736	0.17931553262464728	all
6914	3631.0	4587.5	84234.0	-1.3351832703331727	0.18181637095959102	all
326	3675.5	4585.5	25461.0	-1.5013111000499264	0.1332751153178542	all
322	3675.5	4585.5	25461.0	-1.5013111000499264	0.1332751153178542	all
42807	3854.0	4587.0	16406.0	-1.1048079804155735	0.26924280179099536	all
6281	5371.0	4570.0	793720.0	-2.037738904857675	0.0415760512086686	all
6974	5277.5	4571.5	857620.0	-1.7939245391744587	0.07282521410272623	all
10224	4422.0	4585.5	172943.0	-0.05555484760866798	0.9556964353008635	all
9411	4842.0	4581.0	276043.0	-0.5430577318147061	0.5870900537416435	all
5743	4439.0	4588.0	682722.0	-0.25987249474145074	0.7949621285386872	all
19866	4712.0	4580.5	940361.0	-0.5177967001230449	0.604600120926214	all
31966	4581.5	4586.5	824966.0	-0.34125887665580357	0.7329087033517365	all
5740	4579.0	4587.5	866489.0	-0.16218997809874133	0.8711562516204558	all
15217	2689.0	4586.0	21954.0	-1.4510006206400174	0.1467796873871422	all
295	3053.0	4586.0	39319.0	-1.268645926314116	0.2045673764022986	all
15216	2871.0	4586.5	41606.0	-1.4646886336188274	0.14300588743441442	all
15215	3576.0	4587.5	106030.0	-1.5847783386437853	0.11301670561624817	all
15605	3519.0	4589.0	114134.0	-1.885507295160209	0.05936138046191462	all
1901677	3647.5	4586.5	156212.0	-1.0809140923308125	0.2797353293742597	all
15748	3053.0	4591.0	149845.0	-2.222786709491144	0.026230185697255905	all
15932	3811.0	4586.0	136462.0	-0.9595651189810934	0.3372741313115929	all
15931	4753.0	4582.5	385454.0	-0.24227209291837695	0.808569336343328	all
71705	4653.5	4583.5	720031.0	-0.06640459535324227	0.9470557117124834	all
1901679	3576.0	4587.5	106030.0	-1.5847783386437853	0.11301670561624817	all
6862	3287.0	4589.5	122653.0	-2.1352959571666683	0.03273684295583228	all
15865	3053.0	4587.0	45952.0	-1.4319458220580037	0.15215932704261392	all
51503	3432.0	4586.5	43666.0	-1.240348800520587	0.21484640959987	all
5346	2871.0	4586.5	41606.0	-1.4646886336188274	0.14300588743441442	all
1901505	3664.0	4586.0	155374.0	-0.8644291282456299	0.38735219732987813	all
1901264	3647.5	4587.5	161122.0	-1.304566859948771	0.192040379018693	all
15211	3432.0	4585.5	57669.0	-0.6603207482373247	0.5090480181253707	all
5337	4272.0	4584.5	68227.0	-0.4856743865088632	0.6271980465732878	all
1901642	4272.0	4584.5	68227.0	-0.4856743865088632	0.6271980465732878	all
15858	4349.0	4585.0	72569.0	-0.49275239218289724	0.6221875532748911	all
15860	3432.0	4585.5	57669.0	-0.6603207482373247	0.5090480181253707	all
72530	3521.0	4586.0	85751.0	-0.8649783719723201	0.3870506597516229	all
15866	2689.0	4586.0	21954.0	-1.4510006206400174	0.1467796873871422	all
15868	3053.0	4587.0	45952.0	-1.4319458220580037	0.15215932704261392	all
9060	4069.0	4587.5	125336.0	-0.8296358547440097	0.4067446984755466	all
45333	4286.0	4587.0	228133.0	-0.2572799047565923	0.7969627041215633	all
15980	4439.0	4585.5	252701.0	-0.5993222575395294	0.5489580082341221	all
15101	2863.5	4586.5	10741.0	-1.4379236903605284	0.1504557070738794	all
15695	3854.0	4585.0	38138.0	-0.3981856652152191	0.6904933317287213	all
15867	2871.0	4586.5	35125.0	-1.2840334363615118	0.19913025641715276	all
6839	4582.0	4585.0	218348.0	-0.7752807006502662	0.43817381084368456	all
5347	2689.0	4586.0	30776.0	-1.3238070315917405	0.18556714026522003	all
2237	2081.5	4587.5	27802.0	-2.1575507250860553	0.030962779280041784	all
15292	6204.0	4584.0	11660.0	-0.4608686299153863	0.6448928594420928	all
15291	4855.0	4579.5	515753.0	-0.05203482046044398	0.9585009482654162	all
70588	2946.0	4586.5	52063.0	-1.2256041130717816	0.22034768927535142	all
6816	2946.0	4586.5	52063.0	-1.2256041130717816	0.22034768927535142	all
70838	3453.0	4587.0	158173.0	-0.6905993179173363	0.48981737622918387	all
72511	3390.0	4588.0	177859.0	-1.0809782266462427	0.2797067990962323	all
48645	3540.0	4590.5	191988.0	-1.9493079309359547	0.05125866202832404	all
48646	3693.0	4593.0	366916.0	-2.2004396084598303	0.02777572024354895	all
10223	3813.0	4585.5	44036.0	-0.22109303491068438	0.8250199934043547	all
10346	3813.0	4585.5	44036.0	-0.22109303491068438	0.8250199934043547	all
1763	4142.0	4585.0	49210.0	-0.14365248385643972	0.8857748942907747	all
10089	4407.0	4585.0	63119.0	-0.5531597344248497	0.5801540362346809	all
48439	953.0	4586.0	4075.0	-2.112114996428473	0.03467658702812241	all
43424	3835.5	4585.5	49425.0	-0.6131773933299236	0.5397590509188441	all
10380	2194.0	4585.0	30230.0	-0.2712696906452454	0.7861836161119401	all
90056	2041.5	4585.5	42340.0	-0.4233988278475717	0.6720042999467069	all
1901401	2041.5	4585.5	52161.0	-0.315219246069348	0.7525951936540441	all
1901463	4668.0	4584.5	34417.0	-0.3070363554527651	0.7588157001736542	all
9735	3525.0	4605.0	506439.0	-3.1519554122668554	0.001621810364582255	all
9736	3140.0	4586.5	98437.0	-0.19221199054882218	0.8475761539179347	all
71368	3399.0	4586.0	103221.0	-0.17127155308236575	0.8640102472854813	all
156	3438.0	4585.5	34093.0	-0.35024147126891964	0.7261574857852577	all
10082	6988.0	4582.0	23661.0	-2.2183731850512554	0.026529397899690024	all
10075	6337.0	4583.0	69736.0	-0.7520331364351536	0.45203113174280896	all
48509	4038.5	4586.5	222708.0	-0.30695257972021955	0.758879466753308	all
2000280	6284.5	4582.5	79852.0	-0.9981530866800975	0.31820513114809823	all
80113	5435.0	4584.5	7485.0	-0.4533722302885446	0.6502807293146095	all
80022	4825.0	4584.0	39160.0	-0.26969000691084466	0.7873987491115484	all
8295	1115.0	4585.0	8519.0	-1.1446609617832315	0.25234962865307164	all
6596	1679.0	4585.5	24262.0	-1.661196698394276	0.09667394845931758	all
6595	2974.5	4585.5	41361.0	-1.4913698273610938	0.13586442525732456	all
6576	5400.5	4581.5	157929.0	-0.4285199941225051	0.6682725799810811	all
44106	5400.5	4581.5	157929.0	-0.4285199941225051	0.6682725799810811	all
9308	5391.5	4579.5	241725.0	-0.7059785115716318	0.48020150075386525	all
42401	5588.0	4582.5	82179.0	-0.8017715831751652	0.4226850993546384	all
9309	5588.0	4582.5	82179.0	-0.8017715831751652	0.4226850993546384	all
8216	3745.0	4584.5	15506.0	-0.5395159824253133	0.5895308719879923	all
97164	3954.0	4586.0	100125.0	-1.0881578599045805	0.27652542436372973	all
4766	1097.0	4585.5	2211.0	-1.8594793414568975	0.06295922482054776	all
16765	5201.0	4581.0	229667.0	-1.095733247359102	0.2731955284034875	all
45962	1288.5	4585.5	2594.0	-1.7573672778282516	0.07885522705234618	all
40034	2979.0	4588.0	53906.0	-1.450704756132518	0.14686209052315172	all
46345	2359.0	4585.0	11925.0	-0.40317841407808	0.6868169782462543	all
43290	2359.0	4585.0	11925.0	-0.40317841407808	0.6868169782462543	all
8300	2908.0	4586.5	26928.0	-1.3056879367712266	0.19165870195370743	all
44242	4277.0	4587.5	217393.0	-0.5911035787993743	0.5544510221077419	all
16042	5329.0	4580.0	367893.0	-1.1371305971283976	0.25548369476180444	all
43288	3456.0	4587.0	44038.0	-0.7319111113350669	0.46422282378020396	all
16107	2359.0	4585.0	11925.0	-0.40317841407808	0.6868169782462543	all
6714	3922.0	4586.0	76972.0	-0.08978270741668316	0.9284598901613058	all
16115	2908.0	4586.5	26928.0	-1.3056879367712266	0.19165870195370743	all
72329	5238.0	4584.0	157774.0	-0.7153789157454854	0.4743749371486763	all
46395	5222.0	4576.0	315200.0	-1.9001642570671804	0.057411567274808666	all
16054	5222.0	4576.0	315200.0	-1.9001642570671804	0.057411567274808666	all
9687	3456.0	4587.0	44038.0	-0.7319111113350669	0.46422282378020396	all
1902644	3456.0	4587.0	44038.0	-0.7319111113350669	0.46422282378020396	all
10295	1382.0	4585.5	2781.0	-1.7075109961087822	0.08772711573037856	all
16709	2816.0	4587.0	91355.0	-1.1052367409846415	0.2690570205070233	all
4497	4265.0	4585.0	278030.0	-0.01661199052810961	0.9867461588192387	all
20037	4848.0	4582.5	300719.0	-0.42954005620694746	0.6675302498964192	all
46906	5151.0	4578.5	386684.0	-0.9075607885626022	0.3641103190170798	all
19825	5162.0	4582.0	174360.0	-1.2826171441766403	0.19962624077906782	all
34052	944.0	4586.0	5498.0	-1.802329422328523	0.07149359207885062	all
45089	4352.0	4586.0	118797.0	-0.3542965071449418	0.7231166851071875	all
31349	4689.0	4584.5	170540.0	-0.20282268964245637	0.8392736227366715	all
45088	4564.0	4585.0	206995.0	-0.4310288901789179	0.6664473641635603	all
50776	4352.0	4586.0	223172.0	-0.519906572965945	0.603128693918925	all
2682	4352.0	4586.0	238413.0	-0.649791740546505	0.5158267548035559	all
50778	4352.0	4586.0	130385.0	-0.1696871029472613	0.8652562173245066	all
2684	4352.0	4586.0	130385.0	-0.1696871029472613	0.8652562173245066	all
43068	3058.0	4586.0	21679.0	-1.4902014429875963	0.13617127709209523	all
10942	3772.5	4586.5	34732.0	-1.3309120782389863	0.18321794252545268	all
10941	3126.0	4593.0	151549.0	-2.5971599700657246	0.009399813572090366	all
43067	2789.0	4592.0	126885.0	-2.633717254877554	0.0084455785275282	all
10363	4528.0	4584.5	37744.0	-0.9716284412543725	0.3312354280409451	all
80135	4554.0	4584.5	112479.0	-0.49063540249551035	0.6236843423278389	all
9626	3454.5	4590.5	125580.0	-1.945697714614018	0.051691061348777274	all
34050	3454.5	4590.5	125580.0	-1.945697714614018	0.051691061348777274	all
12501	3362.0	4593.5	182303.0	-2.4670882556926084	0.013621677932500487	all
8219	3295.5	4597.5	243951.0	-3.034542984550091	0.002409004241197311	all
16265	3295.5	4597.5	243951.0	-3.034542984550091	0.002409004241197311	all
17022	2349.0	4585.0	16477.0	-1.0928340273382562	0.27446667855204865	all
17148	2457.0	4587.0	61402.0	-1.5147743021952325	0.12982957038373918	all
34249	2457.0	4587.0	61402.0	-1.5147743021952325	0.12982957038373918	all
43555	3377.5	4584.5	6772.0	-0.6434659675397838	0.5199217906927976	all
45254	5278.0	4584.0	12481.0	-0.2821378102835808	0.7778378419727523	all
1990204	4681.5	4582.5	336065.0	-0.05071390579980937	0.9595534956785877	all
4802	2075.0	4585.5	4167.0	-1.3379879668938908	0.18090035940281907	all
16744	1858.0	4587.0	24713.0	-2.0861056385383376	0.03696905506756529	all
4743	3647.0	4587.0	13517.0	-1.5920298176038792	0.1113780049206128	all
287	3973.5	4587.5	209082.0	-0.06595158472263318	0.9474163712707396	all
30955	3647.0	4587.0	13517.0	-1.5920298176038792	0.1113780049206128	all
31420	3647.0	4587.0	13517.0	-1.5920298176038792	0.1113780049206128	all
1901348	3024.0	4586.0	7213.0	-1.4289757613436918	0.1530112002243552	all
1903340	3024.0	4586.0	7213.0	-1.4289757613436918	0.1530112002243552	all
44089	3721.0	4586.5	123604.0	-0.9490466080922977	0.34259690768534634	all
48759	3283.0	4585.0	9875.0	-0.8494612158383738	0.39562470253936977	all
4427	2363.0	4586.5	14977.0	-1.9350655337601874	0.052982254325294444	all
19915	4502.5	4584.5	36595.0	-0.01660196579972606	0.9867541562923484	all
51235	3694.0	4585.0	104578.0	-0.06446296046620292	0.9486015990049621	all
10876	4497.5	4584.5	234656.0	-0.15097111520325648	0.8799985014210164	all
30130	2866.0	4584.5	5749.0	-0.9162091557698228	0.3595572042537126	all
30125	5632.0	4583.0	44659.0	-0.6612791299614731	0.5084333229444857	all
30118	4231.5	4585.5	79977.0	-0.9876040157999443	0.32334661878285076	all
30117	3826.0	4589.5	132659.0	-1.487151093831575	0.13697490948623414	all
48475	3826.0	4589.5	132659.0	-1.487151093831575	0.13697490948623414	all
30120	3803.0	4588.0	94310.0	-0.8726506015736163	0.3828535505450472	all
44433	3849.0	4588.0	183194.0	-0.7735350643070964	0.43920578535454835	all
30662	3826.0	4588.5	125519.0	-0.8170191296500507	0.4139174960279711	all
30659	3990.5	4587.5	173021.0	-0.5937235369250538	0.5526970379091709	all
12506	3990.5	4587.5	173021.0	-0.5937235369250538	0.5526970379091709	all
30665	5239.0	4583.0	71523.0	-0.5884840047800945	0.5562074670007465	all
12510	3968.0	4584.5	15845.0	-0.47559988316192653	0.6343594586484629	all
30658	3803.0	4587.0	47050.0	-1.3170553205878035	0.1878200819294812	all
30660	3205.0	4587.0	41149.0	-1.0605033725078732	0.28891565649561324	all
139	3389.5	4604.5	482423.0	-3.5415376611097362	3.9780206557841173E-4	all
30132	4550.0	4584.5	9117.0	-0.01826286255499283	0.9854291539085314	all
5905	1781.0	4587.0	38329.0	-2.229587254396196	0.025774856780342248	all
32585	1471.5	4585.5	2960.0	-1.65978760344683	0.09695718845993918	all
45324	4379.0	4585.0	20317.0	-0.4452286778044747	0.6561545041574828	all
51604	5030.0	4580.5	176124.0	-0.4083510828244911	0.683015941131702	all
43621	5429.0	4584.0	85886.0	-0.10554129442009641	0.9159463047256368	all
6887	4995.0	4584.0	111180.0	-0.2534655797737772	0.7999084562414744	all
32940	5488.0	4583.0	167529.0	-0.10955190618760623	0.9127647542800376	all
46903	5241.5	4583.5	171926.0	-0.11788168712109527	0.9061614036188889	all
145	2873.5	4586.5	51498.0	-1.2825761254034742	0.19964061895398508	all
44448	3182.0	4586.0	106973.0	-1.2134437385809123	0.2249602123860036	all
5938	3182.0	4587.0	128030.0	-1.5139366902896636	0.13004189732746954	all
6904	2951.0	4586.0	58476.0	-1.005488132969157	0.31466186086044334	all
48278	3066.5	4585.5	73076.0	-0.8408687364570788	0.4004214744838557	all
22406	4088.5	4584.5	84172.0	-0.6335771970620023	0.5263567862249557	all
48578	2559.0	4585.5	5135.0	-1.079908390934284	0.28018297634627676	all
2000243	2867.0	4587.0	99057.0	-1.788630602928607	0.0736743259334138	all
48574	2326.0	4585.0	29768.0	-0.3371270721891778	0.736021110125888	all
48571	3865.5	4584.5	36077.0	-0.08567681145641762	0.9317233361043713	all
6047	5888.0	4584.5	22402.0	-0.7919011475431057	0.4284183178109787	all
6040	5668.0	4583.5	65108.0	-1.549605404578939	0.12123625497059254	all
19276	4445.5	4584.5	8908.0	-0.07398458918263519	0.9410226476962367	all
70569	4882.0	4584.5	26238.0	-0.20130470504765446	0.8404603237705206	all
16779	5444.0	4576.0	421274.0	-2.6711280797709342	0.0075596795496519755	all
3977	4100.5	4584.5	8218.0	-0.25794627039351187	0.7964483742141267	all
6048	5888.0	4584.5	22402.0	-0.7919011475431057	0.4284183178109787	all
46349	5888.0	4584.5	28591.0	-1.083928345406211	0.2783965705582173	all
3983	1688.0	4586.0	4585.0	-2.0010885433076195	0.04538284876853465	all
51748	1688.0	4586.0	4585.0	-2.0010885433076195	0.04538284876853465	all
6011	1992.5	4585.5	12990.0	-1.0138903356603606	0.3106350833681307	all
5753	5408.0	4584.0	50295.0	-0.020245559878421433	0.9838474837935033	all
98800	4582.5	4585.5	318810.0	-0.014452019739779111	0.9884693579607139	all
98798	4510.5	4586.5	333467.0	-0.16503471037065945	0.8689166616998288	all
44455	4362.5	4589.5	391564.0	-0.7126741348834533	0.4760474253446634	all
45259	5711.0	4583.5	59631.0	-0.4624816540872703	0.6437359555498299	all
46961	3346.0	4585.0	34081.0	-0.9082706806172223	0.36373522898754973	all
36442	3346.0	4585.0	34081.0	-0.9082706806172223	0.36373522898754973	all
15986	3758.0	4585.5	38781.0	-0.8479308544173725	0.3964764800452403	all
6754	4170.0	4585.0	45626.0	-0.551293419835442	0.5814325485250278	all
9152	3830.0	4588.5	151698.0	-1.3575545579739756	0.17460507051007548	all
9260	4126.0	4589.5	216707.0	-1.5390502046483177	0.12379204022153623	all
46390	4126.0	4589.5	216707.0	-1.5390502046483177	0.12379204022153623	all
9165	4038.0	4592.0	308856.0	-1.8084991303585487	0.07052885204388225	all
1901293	4126.0	4590.5	326940.0	-1.5824626955340513	0.11354398193873934	all
6164	4170.0	4589.0	155997.0	-1.3556278301657878	0.17521761241137837	all
72522	4170.0	4589.0	174700.0	-1.2630237655083536	0.20658063899549983	all
9168	3830.0	4586.5	114336.0	-0.9920964286154064	0.32115048853767836	all
9156	4326.0	4586.0	181573.0	-0.8669493784873693	0.38596974656840144	all
9124	4038.0	4588.0	190619.0	-1.3338850049870479	0.18224154658636152	all
9127	3830.0	4586.5	114336.0	-0.9920964286154064	0.32115048853767836	all
9206	3346.0	4586.0	47375.0	-1.2830485692418883	0.1994750605921732	all
9201	3714.0	4586.5	57096.0	-1.5356970331496627	0.12461270306312748	all
9142	4082.0	4586.0	69680.0	-1.5086604226990812	0.1313855844583461	all
9145	3346.0	4586.0	47375.0	-1.2830485692418883	0.1994750605921732	all
46129	4170.0	4587.0	127610.0	-0.9714781462851063	0.33131023048590047	all
42451	4170.0	4587.0	127610.0	-0.9714781462851063	0.33131023048590047	all
9163	4082.0	4589.0	188539.0	-1.4485614045230095	0.14746010614684826	all
1901659	4453.5	4585.5	260256.0	-0.22414061477438504	0.8226478903118735	all
42455	4082.0	4589.0	188539.0	-1.4485614045230095	0.14746010614684826	all
15985	3758.0	4585.5	38781.0	-0.8479308544173725	0.3964764800452403	all
7030	3473.0	4585.5	46860.0	-0.8925131563867132	0.37211794413781807	all
10256	4314.0	4585.0	127565.0	-0.9745303362301478	0.3297932841148268	all
9832	3093.0	4595.0	201904.0	-2.5113145477979453	0.012028246714890122	all
42546	3392.0	4598.5	253100.0	-2.986728129601705	0.0028198036451076132	all
71669	4173.0	4592.0	368800.0	-1.4498798394047658	0.1470920302574086	all
10319	4249.0	4587.5	114527.0	-0.9784674562080597	0.327843179428839	all
8266	3645.5	4585.5	54488.0	-0.0618023569336172	0.9507202265113331	all
8187	3645.5	4585.5	54488.0	-0.0618023569336172	0.9507202265113331	all
3727	3473.0	4590.0	97160.0	-1.3120260291119827	0.18951135228407726	all
9534	4726.0	4578.0	1515235.0	-0.9032705988989073	0.36638229666464206	all
31976	4726.0	4578.0	1515235.0	-0.9032705988989073	0.36638229666464206	all
9579	4584.0	4585.0	1753536.0	-0.3196042252393755	0.7492683709772388	all
6397	4890.0	4580.0	670508.0	-1.4264997622993216	0.15372413547413066	all
16071	4890.0	4578.0	853300.0	-1.3415001212417164	0.17975813039026023	all
6396	4867.0	4572.5	1552493.0	-2.5506209205635453	0.010753121455022942	all
9535	4672.0	4583.0	1197270.0	-0.054476495381182204	0.9565555347400243	all
55035	4628.0	4584.0	1203585.0	-0.008022876513767808	0.9935987393670027	all
42651	4521.5	4585.5	1251805.0	-0.0898549340611645	0.9284024936253743	all
34357	4521.5	4585.5	1251805.0	-0.0898549340611645	0.9284024936253743	all
44436	4741.0	4577.5	1365490.0	-0.6002645215544201	0.5483299593059323	all
9678	800.0	4585.0	6555.0	-1.5722216557623616	0.11589915481957812	all
45735	7434.0	4581.0	24583.0	-2.102450487442025	0.035513832536909436	all
70070	3818.0	4584.5	7653.0	-0.408581560080679	0.6828467653227995	all
70071	5355.0	4584.5	26606.0	-0.14464686072066643	0.884989696760645	all
43623	3800.0	4590.0	467269.0	-1.3142085738528184	0.18877602399292456	all
34622	4184.0	4591.0	845774.0	-0.6100572898064426	0.5418238577734225	all
51238	5696.5	4584.5	16780.0	-0.29931211675701025	0.7647019102985396	all
6882	1403.0	4585.5	18279.0	-1.4266845501522678	0.1536708409022403	all
55069	2849.0	4585.0	33247.0	-1.0131291728147256	0.31099846549115795	all
72507	2849.0	4587.0	66730.0	-1.7640720868002169	0.07771984329376878	all
72503	2006.0	4587.0	40675.0	-1.9841108277576809	0.0472434863278128	all
43181	5681.0	4584.0	13421.0	-0.07750081825690955	0.9382251403525341	all
51651	3694.0	4585.0	68103.0	-0.06761057690927187	0.9460956355065705	all
9553	4669.5	4581.5	379549.0	-0.4834617934465766	0.6287678815971542	all
10052	2610.5	4585.5	26140.0	-1.410767045608047	0.15831331443412475	all
10103	2109.0	4586.5	46589.0	-1.7775772024588345	0.07547332078604455	all
10374	1901.0	4589.0	73081.0	-2.543571465721384	0.010972560845082807	all
7169	3498.0	4588.5	115766.0	-1.489428527690382	0.13637456104785972	all
7167	3180.0	4590.0	125305.0	-2.226473857666428	0.025982458155305237	all
7166	3498.0	4589.5	176756.0	-1.8673465384563386	0.061853210371885584	all
42753	4516.0	4585.0	11467.0	-0.5028845229591603	0.6150454632009164	all
42752	4272.0	4589.0	88284.0	-0.6563523753806341	0.5115974254544495	all
9909	3949.0	4587.5	368305.0	-1.6415406672447905	0.10068523252161493	all
48831	3604.5	4591.5	458188.0	-2.09736390192542	0.03596137403769747	all
5789	4631.0	4584.0	809790.0	-0.8858463552687369	0.37570032667760866	all
44432	4224.0	4588.0	869030.0	-1.6035624795565226	0.108810526734666	all
42175	4631.0	4584.0	819453.0	-0.8576640100343803	0.3910780185619366	all
9543	5860.0	4575.0	233273.0	-2.1842588128797185	0.028943235433375337	all
31978	5860.0	4575.0	233273.0	-2.1842588128797185	0.028943235433375337	all
31977	5631.0	4574.0	284395.0	-2.1398426756973223	0.0323674830658876	all
15914	8461.0	4584.0	9553.0	-0.9195602705538931	0.35780259626754973	all
6869	4497.5	4584.5	198413.0	-0.15692958538043378	0.8753003429635664	all
10287	4333.5	4587.5	237082.0	-0.4906508826807988	0.6236733916195468	all
48767	6008.0	4580.0	95314.0	-1.4514056717281258	0.14666693134429137	all
30042	2550.0	4586.0	15999.0	-1.1734474015770966	0.24061643791599763	all
51261	2550.0	4586.0	15999.0	-1.1734474015770966	0.24061643791599763	all
43624	3238.0	4586.0	61886.0	-0.6732805432564524	0.5007688285642208	all
43241	2732.0	4587.0	65753.0	-1.1165637415734297	0.264180901910382	all
32984	2985.0	4587.5	69054.0	-1.1986170897685902	0.23067686992144376	all
22411	3238.0	4588.0	88826.0	-1.3042926958308285	0.1921338047706116	all
8154	2967.5	4585.5	41720.0	-0.49735495498251875	0.618938764669837	all
51014	286.5	4585.5	590.0	-2.291655986736363	0.021925502054676714	all
16413	4874.0	4584.0	111904.0	-0.19880097454404388	0.8424184336256026	all
16407	4624.0	4584.0	319316.0	-0.5927960507537136	0.5533176510445961	all
8374	4874.0	4583.0	214035.0	-0.5329988494323394	0.5940343767643145	all
30095	5681.0	4581.5	50320.0	-0.5157093590469503	0.6060574169953972	all
98807	4954.5	4581.5	86356.0	-0.44926383064396525	0.6532413462680994	all
9523	4682.5	4582.5	155342.0	-0.017845683574736978	0.9857619603289167	all
9521	4847.0	4581.5	207496.0	-0.1543328380982954	0.877347306416675	all
9654	4495.0	4584.5	73199.0	-0.016649806588096408	0.9867159901412408	all
19684	4682.5	4583.5	345784.0	-0.40749752364748143	0.6836426125677302	all
5092	2550.0	4586.5	10682.0	-1.449047731235277	0.14732425334421337	all
4812	4775.0	4584.0	181420.0	-0.8757663988880983	0.3811570402387543	all
16876	4775.0	4584.0	181420.0	-0.8757663988880983	0.3811570402387543	all
16875	4775.0	4584.0	181420.0	-0.8757663988880983	0.3811570402387543	all
48587	1898.0	4585.0	7112.0	-1.4509633530401747	0.14679006508012327	all
1900111	4919.0	4584.0	10125.0	-0.7950364839163867	0.4265922798351681	all
1900109	4036.0	4584.5	13284.0	-0.9584586743522907	0.3378315205738527	all
51570	4036.0	4584.5	22186.0	-0.8251568387785118	0.409282553886712	all
31060	4036.0	4584.5	38588.0	-0.8709526810900253	0.38377999037844457	all
31056	4358.5	4584.5	63350.0	-0.9457373141584166	0.3442825854047795	all
1903308	4358.5	4584.5	90605.0	-0.8224838389802123	0.41080158079504936	all
1902275	4358.5	4584.5	90605.0	-0.8224838389802123	0.41080158079504936	all
33044	4588.0	4584.0	150425.0	-0.6226363001824675	0.5335235511651535	all
51574	3592.0	4584.5	12396.0	-1.1258849166705427	0.26021423455861736	all
31062	2265.0	4585.0	19693.0	-1.7733026545595654	0.07617856943704754	all
31058	2265.0	4585.0	24370.0	-2.1292308937226827	0.03323516209202501	all
1903310	3444.5	4584.5	30668.0	-1.8156825632009614	0.0694190803429129	all
2001252	4771.5	4583.5	44443.0	-1.155731300366542	0.24779108107911774	all
10638	4374.5	4585.5	145885.0	-1.1867797178000854	0.23531452105038975	all
51130	3873.5	4588.5	172783.0	-2.088745478974312	0.03673064059414116	all
5677	3515.5	4586.5	25836.0	-1.4513051789664142	0.1466948998215811	all
35064	6108.0	4584.0	28085.0	-0.5770361049563602	0.5639150657454699	all
42393	5516.0	4582.5	103164.0	-1.180331135423252	0.2378685393893173	all
32922	3642.0	4586.0	8331.0	-1.1855883601885657	0.23578490118750162	all
44550	5073.5	4582.5	226872.0	-1.4565528526742013	0.14523985019253646	all
19748	5860.0	4578.5	297371.0	-2.4829462230683976	0.013030075695066801	all
70566	5806.0	4583.0	41699.0	-0.9979468672655598	0.3183051238787885	all
70814	4073.0	4585.0	13392.0	-0.08381408715986005	0.933204247490964	all
70813	4073.0	4585.0	13392.0	-0.08381408715986005	0.933204247490964	all
1887	3254.0	4584.5	16257.0	-0.3979201401043591	0.6906890536737006	all
9970	2403.0	4586.0	13257.0	-1.6358780964785624	0.10186510299942822	all
103	4073.0	4585.0	41196.0	-0.013704527157707256	0.9890657116365276	all
70206	3700.0	4584.5	7417.0	-0.4715017872774426	0.6372824436508733	all
6457	5272.0	4578.5	648445.0	-0.6409178408837931	0.5215760638161793	all
70370	6456.0	4583.0	19665.0	-0.5551866694440647	0.5787669859855676	all
10286	5441.0	4582.5	89893.0	-0.1507673210191498	0.8801592655845477	all
10120	3432.0	4585.0	21980.0	-0.16476834023294387	0.8691263242270086	all
52317	3432.0	4585.0	21980.0	-0.16476834023294387	0.8691263242270086	all
46217	5651.0	4584.5	23184.0	-0.6715032283482562	0.5019000035444948	all
42430	6417.0	4580.0	101243.0	-2.2130844393477114	0.02689182469457535	all
52314	5651.0	4584.5	23184.0	-0.6715032283482562	0.5019000035444948	all
9404	7328.0	4583.0	34517.0	-1.8148210866297323	0.06955140877901939	all
9700	5651.0	4584.5	23184.0	-0.6715032283482562	0.5019000035444948	all
42435	6719.0	4581.0	66023.0	-2.489839667179893	0.012780073404712801	all
52315	5651.0	4584.5	23184.0	-0.6715032283482562	0.5019000035444948	all
9403	5651.0	4584.5	23184.0	-0.6715032283482562	0.5019000035444948	all
10508	4232.5	4585.5	14296.0	-0.767653091890499	0.4426933113317899	all
10506	4215.0	4586.0	27350.0	-0.6818092119580709	0.4953595985618434	all
31331	4232.5	4585.5	78939.0	-1.0752035003887366	0.28228362860780054	all
9896	4232.5	4586.5	83843.0	-1.3666485783945457	0.1717354828279461	all
6511	4345.5	4586.5	604567.0	-1.202010064021923	0.22935962889850703	all
19941	4345.5	4586.5	611791.0	-1.2469013228553991	0.21243368163462306	all
43632	4392.0	4586.5	629566.0	-1.2307390852741087	0.21842046475098864	all
16881	3700.0	4587.0	66862.0	-1.0150662670320418	0.31007424020125407	all
16879	4836.5	4583.5	230337.0	-0.3774146806010216	0.7058654586568909	all
31625	3456.0	4585.5	80969.0	-0.9038865892950484	0.36605554093768244	all
44389	3456.0	4585.5	80969.0	-0.9038865892950484	0.36605554093768244	all
55072	4851.0	4583.5	73976.0	-0.7608156489433145	0.44676718608418886	all
15103	3796.0	4586.0	104850.0	-0.7314033575420255	0.4645328150572956	all
15698	4231.5	4585.5	143739.0	-0.1840291470340452	0.8539905893713167	all
2000379	5973.0	4584.0	11709.0	-0.4502013824586768	0.6525652395471377	all
10043	4625.0	4584.0	147961.0	-0.7799553981777095	0.4354171287059788	all
1990267	3694.0	4588.0	276052.0	-1.3637495048081345	0.17264641755998567	all
15691	3796.0	4585.0	21440.0	-0.2558378425111319	0.7980760519552383	all
6828	3745.0	4585.5	40738.0	-0.6144919176381929	0.5388903123428868	all
5384	4352.5	4584.5	34845.0	-0.24996293085611646	0.8026160156751873	all
46915	4934.0	4582.5	160644.0	-0.25759047321710565	0.796722982925004	all
71421	4352.5	4584.5	34845.0	-0.24996293085611646	0.8026160156751873	all
15692	4352.5	4584.5	8722.0	-0.12357425976991498	0.9016523739645003	all
10039	3902.0	4586.0	104502.0	-0.07044487132753555	0.9438395777723476	all
6879	4793.0	4584.0	42598.0	-0.8956954159694875	0.37041545933847464	all
9624	3691.5	4587.5	167929.0	-1.4073125082477305	0.1593347419099495	all
3729	3703.5	4587.5	129100.0	-1.161356440134494	0.2454969757234513	all
6402	2689.5	4588.5	122100.0	-1.6286896631485759	0.10337873210850111	all
6401	3501.0	4589.0	168652.0	-1.1129866233331334	0.2657141745610536	all
34655	3501.0	4589.0	233117.0	-1.3582681703250437	0.17437860630031043	all
19439	5326.0	4584.0	376636.0	-0.42072384752741265	0.6739567451536629	all
44270	5031.0	4583.5	387605.0	-0.15441450683266023	0.8772829160348116	all
1901361	5337.0	4581.5	398937.0	-0.7694720826028629	0.44161311138576675	all
46700	4728.0	4584.0	385997.0	-0.03615242513661977	0.9711608204059629	all
80151	3085.0	4584.5	6187.0	-0.7994334798707445	0.42403910372982156	all
2000031	3345.5	4586.5	24060.0	-1.688133221217928	0.09138565854423654	all
42023	3538.0	4587.0	56282.0	-1.2192310807197946	0.22275649839998857	all
44786	4180.0	4586.0	68449.0	-0.8698214590093342	0.38439798244694856	all
6261	5502.0	4578.5	221569.0	-0.8371176630987305	0.4025264328892063	all
6260	5433.0	4577.0	361887.0	-1.0266467092774183	0.30458685114820383	all
4693	3214.5	4587.5	79009.0	-1.7556595737108558	0.07914655346138993	all
97472	3214.5	4587.5	79009.0	-1.7556595737108558	0.07914655346138993	all
17119	3222.5	4586.5	30976.0	-0.7658906873150733	0.4437413475464116	all
6623	4285.5	4585.5	87810.0	-0.32655703816602305	0.7440029420425711	all
72665	4285.5	4585.5	87810.0	-0.32655703816602305	0.7440029420425711	all
33365	3773.0	4594.0	531521.0	-0.2812092620569887	0.7785499010940311	all
72666	4285.5	4585.5	87810.0	-0.32655703816602305	0.7440029420425711	all
72594	4089.5	4589.5	461442.0	-0.4062024948641363	0.6845938211086464	all
5887	4895.0	4584.0	238278.0	-0.6566751276285655	0.5113898305747818	all
31226	4147.0	4591.0	406930.0	-1.6371811432810297	0.1015926258751268	all
6896	2046.0	4585.5	16872.0	-1.6433084277828987	0.10031913547135873	all
6892	2046.0	4585.5	22668.0	-1.8737552002799254	0.060964173766524944	all
48193	3274.0	4594.0	220550.0	-2.800452269116274	0.0051031053638957895	all
5048	3545.5	4585.5	72771.0	-0.05702440839945767	0.9545257516782552	all
42277	5506.0	4582.0	137609.0	-0.884154280236913	0.37661293494219983	all
33218	5288.0	4581.0	146280.0	-0.8872822665746258	0.37492695057984016	all
45543	4608.0	4584.0	11955.0	-0.3966474462474416	0.6916274594610001	all
45487	3799.0	4584.5	7615.0	-0.4187127831038867	0.675426052243606	all
16103	3799.0	4584.5	7615.0	-0.4187127831038867	0.675426052243606	all
52634	3799.0	4584.5	7615.0	-0.4187127831038867	0.675426052243606	all
16579	3993.5	4585.5	72022.0	-0.12767996156933986	0.8984022486268681	all
70646	3756.0	4587.0	104087.0	-1.4231442553201048	0.1546943414566642	all
4843	4004.0	4587.0	84210.0	-0.9919000698593269	0.3212462750378694	all
19783	4004.0	4587.0	112174.0	-0.8355323083797551	0.4034180638569509	all
36459	3837.0	4588.5	89869.0	-1.5487167041791126	0.12144983655282714	all
51607	3490.0	4586.5	67254.0	-0.5774605724024485	0.5636283658135768	all
2252	3922.0	4586.5	93606.0	-0.5809815640641497	0.5612528788512134	all
9615	4350.5	4585.5	145697.0	-0.053309368368106326	0.9574854159347845	all
46658	3830.0	4591.0	176378.0	-1.6529175387280124	0.09834764714607448	all
31225	4381.0	4586.5	340259.0	-0.26039982251000404	0.7945553798456642	all
15144	5092.0	4580.5	178578.0	-1.286970727519081	0.19810449122722898	all
1901476	5049.0	4581.0	187678.0	-1.0162916077955833	0.30949054375956	all
8643	4787.0	4582.0	236689.0	-0.7376951429870398	0.46069972426832695	all
34219	5049.0	4581.0	202714.0	-1.1443544699413075	0.2524766621530182	all
5351	5176.5	4579.5	105980.0	-1.588346132467698	0.11220809111115485	all
5402	5176.5	4579.5	105980.0	-1.588346132467698	0.11220809111115485	all
15294	5176.5	4578.5	176332.0	-1.4149300118772057	0.15708901749738127	all
15293	5092.0	4578.5	205687.0	-1.216930783920839	0.22363055192218229	all
51119	5176.5	4579.5	146193.0	-1.6949284532698579	0.09008899412081245	all
15295	5176.5	4579.5	105980.0	-1.588346132467698	0.11220809111115485	all
46323	5135.0	4584.0	29967.0	-0.30875993165402077	0.7575041507284097	all
15758	5176.5	4583.5	30477.0	-0.8324318996368668	0.40516520252997146	all
8645	5135.0	4584.0	38454.0	-0.35845510941856323	0.7200027563784965	all
15749	4375.0	4584.5	44191.0	-0.20260400312694762	0.839444560847034	all
35428	5135.0	4584.0	38454.0	-0.35845510941856323	0.7200027563784965	all
5355	5176.5	4583.5	30477.0	-0.8324318996368668	0.40516520252997146	all
15149	5135.0	4584.0	38454.0	-0.35845510941856323	0.7200027563784965	all
15145	5135.0	4584.0	38454.0	-0.35845510941856323	0.7200027563784965	all
1904659	5176.5	4583.5	30477.0	-0.8324318996368668	0.40516520252997146	all
8080	4548.0	4586.0	174807.0	-0.7497803953168334	0.45338697802119043	all
16410	4548.0	4586.0	196954.0	-0.49369495865140506	0.621521626136407	all
4675	999.0	4586.0	22413.0	-2.375283734526656	0.017535464917326746	all
19199	1510.0	4586.0	38965.0	-2.1630386579161893	0.030538206431258687	all
4888	3461.0	4584.5	76034.0	-1.3203639076434974	0.18671354784085312	all
38023	3020.0	4588.0	112402.0	-2.002982694822696	0.04517914597134338	all
7178	999.0	4586.0	22413.0	-2.375283734526656	0.017535464917326746	all
9838	1973.5	4585.5	29178.0	-1.9934158364768826	0.04621593117763516	all
1653	1254.5	4586.5	24176.0	-2.590074784749471	0.009595508387910512	all
9817	4438.0	4586.0	88834.0	-0.6110526129939671	0.5411647497487444	all
9903	4388.5	4584.5	26889.0	-0.10107574674094466	0.9194903307200729	all
9902	2303.0	4586.0	42151.0	-0.9465367938664222	0.3438748648058473	all
19750	2429.0	4586.5	44704.0	-1.1273076613186581	0.2596124243024157	all
51644	2429.0	4586.5	44704.0	-1.1273076613186581	0.2596124243024157	all
51640	4163.0	4586.0	95868.0	-0.03170983367066685	0.9747034526937807	all
51667	2303.0	4586.0	42151.0	-0.9465367938664222	0.3438748648058473	all
51656	3921.5	4585.5	82427.0	-0.009117157189067603	0.9927256618167243	all
9904	4388.5	4584.5	26889.0	-0.10107574674094466	0.9194903307200729	all
8375	3317.5	4585.5	98285.0	-0.20444402846526386	0.8380065269348281	all
8194	4414.0	4589.0	368020.0	-0.4089216906458862	0.6825971304711057	all
45489	2384.0	4591.0	53327.0	-2.9245068440705633	0.0034500249298976514	all
271	2384.0	4599.0	241263.0	-4.050647493058444	5.1076103042876244E-5	all
5976	3291.5	4605.5	530605.0	-4.071787439170768	4.6653744411366725E-5	all
45488	3155.0	4592.5	155439.0	-2.1355594880506907	0.03271533649386621	all
10393	2971.0	4593.0	157821.0	-2.2357197612201527	0.025370133758132782	all
47262	1613.5	4589.5	18460.0	-3.2719025633032732	0.001068263853121869	all
3887	5703.0	4582.5	72221.0	-1.6421527657716912	0.10055834873333211	all
34061	5563.0	4583.0	77110.0	-1.5766788206690272	0.11486944607713476	all
71897	5220.0	4584.0	93363.0	-0.9471883592799584	0.3435428060023481	all
9360	4184.0	4584.5	8385.0	-0.2134222113178359	0.8309976574388511	all
42575	6628.0	4583.0	24016.0	-1.1570657272556264	0.24724550782021903	all
61695	5219.0	4581.5	276272.0	-1.1528587765103295	0.24896835470592937	all
3689	3634.0	4586.0	25355.0	-0.9661933595341426	0.33394743507039937	all
33170	3634.0	4586.0	25355.0	-0.9661933595341426	0.33394743507039937	all
8094	5129.0	4580.5	254402.0	-0.5148505203663314	0.6066574790186997	all
5663	3804.0	4585.5	31090.0	-0.7506888873056855	0.45283991243681987	all
5657	6651.5	4579.5	77803.0	-2.4784784153826935	0.013194409416209267	all
4332	4566.5	4584.5	15677.0	-0.5072751181951093	0.6119617944423488	all
16832	4354.0	4585.0	41201.0	-0.013075879122950043	0.989567255224653	all
9561	4983.0	4581.5	144088.0	-1.8239333669116076	0.06816214649082891	all
55046	5200.0	4580.5	93792.0	-1.246424710722155	0.21260851395341762	all
32877	1691.0	4586.0	5402.0	-1.8232285193865658	0.068268787322018	all
2000105	1691.0	4586.0	5402.0	-1.8232285193865658	0.068268787322018	all
45740	3538.0	4585.0	19715.0	-0.5467543081220102	0.5845475380242829	all
51054	3538.0	4586.0	35525.0	-0.726717128179339	0.4673992586212099	all
51052	4606.5	4584.5	214774.0	-0.25017820879222435	0.802449536384759	all
6275	3713.0	4586.0	94130.0	-0.17485708281253434	0.8611919335929566	all
90329	3713.0	4586.0	68260.0	-0.05231538876120893	0.9582773916454361	all
90068	1691.0	4586.0	32680.0	-2.0237598141390594	0.042994870861593946	all
10564	3632.0	4589.5	211113.0	-1.3853218584678049	0.16595407284520794	all
32875	3713.0	4586.0	59352.0	-0.02982130502641805	0.9762095673653853	all
7067	5447.0	4577.0	251234.0	-1.7254975482611727	0.08443784525126403	all
8361	3332.0	4586.0	57960.0	-1.0557576685385868	0.29107894266797196	all
10091	2379.0	4586.0	66649.0	-1.0345603717004959	0.30087426886721125	all
15035	5505.0	4581.5	101182.0	-1.3270812097831857	0.18448182031313368	all
15036	4933.5	4582.5	129944.0	-0.5119425802469476	0.6086911964123938	all
16667	4825.0	4583.5	251948.0	-0.1893743582631037	0.8497994199682047	all
45454	4659.0	4584.0	190555.0	-0.3493384161386887	0.7268352610187621	all
9055	4806.0	4581.5	361214.0	-0.5073413391519599	0.6119153375512498	all
3725	4335.0	4585.5	61492.0	-0.27482693736288133	0.7834492016557538	all
4647	5040.0	4584.0	12591.0	-0.2581909282379065	0.7962595588506165	all
31261	5485.0	4584.0	22452.0	-0.0851668493527499	0.9321287451751008	all
32993	5760.0	4581.0	77496.0	-1.5448866237940209	0.12237368946678209	all
8285	4888.0	4584.0	22818.0	-0.02344196447531136	0.9812977313801754	all
2000104	5341.0	4584.5	30683.0	-0.8049619803216574	0.4208416198697783	all
8156	2986.0	4585.0	37034.0	-0.5369911512896118	0.5912737263222912	all
51053	4654.0	4584.0	86455.0	-0.05627714632736888	0.9551210245600954	all
10187	2198.5	4586.5	22873.0	-1.8464186300876055	0.06483144420279718	all
6021	936.5	4585.5	1890.0	-1.9450615148897836	0.05176757508762218	all
46173	3276.5	4588.5	35864.0	-2.0900086926722725	0.03661701885262419	all
46165	3954.0	4590.0	213457.0	-1.4863939067128258	0.13717496058948778	all
1901617	4787.0	4584.0	404207.0	-0.02802980550905765	0.9776383791204348	all
6020	3105.0	4585.0	32052.0	-0.011546424036923216	0.990787491229734	all
10264	3105.0	4587.0	20294.0	-1.687631039174493	0.09148207706566708	all
33517	3105.0	4587.0	20294.0	-1.687631039174493	0.09148207706566708	all
32958	3276.5	4587.5	23744.0	-1.7302715440509677	0.08358177113626616	all
16872	5610.0	4583.5	33223.0	-0.466255208182668	0.6410328361203615	all
6659	648.0	4585.5	1313.0	-2.098896138163227	0.035826057368359	all
6658	648.0	4585.5	1313.0	-2.098896138163227	0.035826057368359	all
6575	4242.5	4585.5	247046.0	-0.4370896629210715	0.6620463236884393	all
52646	3916.0	4585.0	28464.0	-0.5230102443391516	0.6009671242768597	all
42398	4563.5	4584.5	107097.0	-0.22119020321646604	0.8249443370506285	all
47334	797.5	4585.5	1612.0	-2.0191794096385136	0.04346857561362913	all
8443	967.0	4586.5	5255.0	-2.472270948646486	0.013425771774056112	all
19200	3374.0	4587.0	79834.0	-0.6295248168404602	0.5290055269167017	all
46835	3332.5	4587.5	82929.0	-0.738477157894246	0.46022454275886104	all
3872	894.0	4586.0	2513.0	-2.452160721477048	0.014200122048012437	all
61615	894.0	4586.0	2513.0	-2.452160721477048	0.014200122048012437	all
6002	894.0	4586.0	4209.0	-2.082943340118288	0.0372563884802948	all
10316	797.5	4585.5	1612.0	-2.0191794096385136	0.04346857561362913	all
502	3932.0	4586.0	180168.0	-0.9479161344548482	0.3431721504541827	all
70696	1842.0	4586.0	14117.0	-1.490841481739226	0.1360031180387808	all
33612	3065.5	4586.5	27013.0	-1.2943532613256306	0.19554342701476454	all
5102	2813.0	4588.0	38483.0	-2.2134732860661313	0.026865032991955036	all
6414	4053.0	4588.5	171481.0	-0.14515350971994498	0.8845896709547489	all
6354	4416.5	4584.5	33683.0	-0.4049146116535597	0.6855402775483421	all
3746	4096.0	4588.0	131039.0	-0.12382951396895185	0.9014502628791157	all
8135	3618.0	4600.0	368442.0	-1.4642561579896407	0.1431239712806636	all
34243	829.5	4586.5	3839.0	-2.7392479296404555	0.006157991590223337	all
32784	1610.0	4587.0	25899.0	-1.9369903246939266	0.052746526080787275	all
9910	4210.0	4586.0	121108.0	-1.4124856801219954	0.15780700417436927	all
60236	2578.0	4585.0	19328.0	-0.6120207847547117	0.5405240060274161	all
90224	2578.0	4585.0	19328.0	-0.6120207847547117	0.5405240060274161	all
70507	4815.5	4583.5	44756.0	-0.13520850017332653	0.8924470266363141	all
32886	4815.5	4583.5	44756.0	-0.13520850017332653	0.8924470266363141	all
7346	3551.0	4586.0	208606.0	-0.8261752175750113	0.40870470426479544	all
2020	1877.0	4586.0	5041.0	-1.9018178322819153	0.057194974172503105	all
6730	3634.0	4585.5	61639.0	-0.2600041306146357	0.7948605873762293	all
16801	7253.0	4584.0	11299.0	-0.5394579428107356	0.5895709092809334	all
16441	4070.5	4587.5	200306.0	-0.5550019501859444	0.578893326524207	all
16458	4711.5	4583.5	386588.0	-0.19595386761795727	0.8446462742012391	all
6346	4898.0	4584.5	36541.0	-0.02380281843575182	0.9810098918988879	all
6342	4815.5	4581.5	142614.0	-0.2591362721613083	0.795530099251458	all
16569	4573.0	4585.0	447079.0	-0.10765966052151693	0.9142656696951899	all
1666	4073.5	4586.5	137306.0	-0.004377934663750747	0.9965069246814491	all
70483	4730.5	4584.5	17406.0	-0.1812841576452695	0.8561445403642324	all
3032	4730.5	4584.5	17406.0	-0.1812841576452695	0.8561445403642324	all
9593	4385.0	4585.0	54988.0	-0.4864534984835702	0.62664566761622	all
8081	3509.0	4587.0	78080.0	-0.7813865316992372	0.4345751900825059	all
19432	3318.0	4587.0	37327.0	-0.5001523764528392	0.6169677886090359	all
46463	3318.0	4587.0	47864.0	-0.29674531304944674	0.7666609595328177	all
46460	3318.0	4587.0	47864.0	-0.29674531304944674	0.7666609595328177	all
6638	3318.0	4588.0	68956.0	-0.8234199986013236	0.41026919430932696	all
6639	3318.0	4588.0	68956.0	-0.8234199986013236	0.41026919430932696	all
6641	3617.0	4587.5	58214.0	-0.605365444306754	0.5449362060617868	all
6071	3001.5	4585.5	53829.0	-1.0475287612527215	0.29485577425775367	all
19400	3001.5	4585.5	53829.0	-1.0475287612527215	0.29485577425775367	all
4607	5482.0	4584.5	15550.0	-0.5312200875356702	0.5952662745165357	all
45492	1481.5	4589.5	32189.0	-3.229607251266573	0.001239603770669608	all
45491	1593.5	4589.5	49027.0	-2.9799761826998767	0.002882707961387423	all
10410	2778.0	4591.0	106635.0	-2.920575657100249	0.0034938535271635137	all
10383	3018.0	4591.0	139141.0	-2.854429189537688	0.004311424182336619	all
44036	3683.0	4594.0	202378.0	-2.8980161157307642	0.0037553129275655663	all
70592	1531.0	4590.0	58276.0	-3.1279074111971816	0.001760556323099404	all
33692	2848.0	4592.5	214514.0	-2.896906403877247	0.003768621705597263	all
44264	3683.0	4595.0	377730.0	-3.06156608274936	0.0022018238369031144	all
44038	1656.0	4591.0	66422.0	-3.067697050268936	0.0021571518630631586	all
70589	1656.0	4591.0	66422.0	-3.067697050268936	0.0021571518630631586	all
9834	2368.0	4591.0	65280.0	-2.551035528004063	0.010740337657917012	all
9641	2000.5	4586.5	17329.0	-1.5729480069746553	0.11573085772880208	all
8283	4452.0	4585.5	156131.0	-0.5417175184642761	0.5880131195439064	all
8131	6182.0	4581.5	25825.0	-1.4527720193181972	0.14628706320436638	all
16641	6182.0	4581.5	54519.0	-0.9779523214140174	0.32809790581053955	all
16638	5750.5	4581.5	83559.0	-0.6853098406582737	0.4931484233521004	all
46592	2543.0	4585.5	5103.0	-1.0884399471643535	0.27640093405752486	all
16647	4668.5	4584.5	18199.0	-0.03176950656601967	0.9746558645882077	all
16645	3905.0	4585.0	67892.0	-0.9207990003254326	0.3571553770150513	all
6598	3905.0	4585.0	12091.0	-0.3670403920818806	0.7135888889368551	all
42402	5924.0	4584.0	18880.0	-0.6875747422003194	0.4917206183331124	all
9310	5924.0	4584.0	18880.0	-0.6875747422003194	0.4917206183331124	all
1901565	5677.0	4571.0	376972.0	-2.7784649755186814	0.005461640094460548	all
46208	2543.0	4585.5	5103.0	-1.0884399471643535	0.27640093405752486	all
8215	1189.0	4586.0	13800.0	-1.544302652521051	0.12251503029011694	all
52901	2543.0	4585.5	5103.0	-1.0884399471643535	0.27640093405752486	all
42273	3278.0	4587.5	107203.0	-1.501077895534793	0.1333354153119707	all
19843	6014.0	4578.5	163639.0	-2.138076581938504	0.03251052823324632	all
27	4445.0	4585.0	52778.0	-0.7176994076357944	0.47294264861548097	all
22618	4404.0	4586.0	287147.0	-0.01382190119591581	0.9889720695731895	all
71826	4275.0	4586.5	290402.0	-0.07403327202754631	0.940983910638973	all
42255	3851.0	4586.5	99027.0	-0.843034808670875	0.3992089764958229	all
15369	2222.5	4585.5	4462.0	-1.2593376828979361	0.20790838775089981	all
15368	4503.0	4585.0	22375.0	-0.09815268578871375	0.9218110522403001	all
15085	3453.0	4586.0	42854.0	-0.8665782062567016	0.3861731588978502	all
72509	3421.5	4586.5	163653.0	-0.624892447481283	0.5320416495408081	all
15491	3204.0	4587.0	62385.0	-1.424808551542226	0.15421254969490233	all
15298	3204.0	4587.0	62385.0	-1.424808551542226	0.15421254969490233	all
15297	4213.0	4586.5	236297.0	-0.980274446635575	0.3269506647996213	all
51139	2006.0	4586.0	5122.0	-1.8841842191391913	0.05954006139042066	all
15299	2821.5	4586.5	41712.0	-1.4531449334691122	0.1461835175395089	all
30026	3573.5	4585.5	25277.0	-0.3492617387385118	0.7268928200118031	all
55071	4301.5	4584.5	35257.0	-0.1950230922256977	0.8453748697196383	all
55062	5795.0	4584.0	38685.0	-0.32941157021277995	0.7418446236090663	all
72506	5795.0	4584.0	38685.0	-0.32941157021277995	0.7418446236090663	all
55081	4926.0	4583.0	77109.0	-0.07724424572852252	0.938429243762444	all
55083	5795.0	4584.0	50416.0	-0.006483128725112481	0.9948272479199634	all
72505	5300.5	4583.5	43048.0	-0.3389457020225032	0.7346506348389461	all
51592	7274.5	4583.5	21096.0	-0.9929749102905143	0.3207221815636536	all
6874	2342.0	4586.5	24446.0	-1.6366604597826329	0.10170143510665423	all
55074	2678.0	4587.0	35578.0	-1.6941439010622878	0.09023794184293361	all
6814	4976.0	4583.0	75035.0	-0.2670600817960056	0.7894229017644118	all
10351	1814.0	4585.5	12790.0	-1.051598948795102	0.2929835902795186	all
9789	2730.0	4589.0	27529.0	-2.6096299205084343	0.009064022040719145	all
1901421	2730.0	4589.0	27529.0	-2.6096299205084343	0.009064022040719145	all
1900426	6200.0	4583.0	28171.0	-0.5647769386949355	0.5722254946580283	all
43902	5730.0	4583.5	43694.0	-0.26188818891092935	0.7934076457940761	all
2833	5843.0	4583.5	32778.0	-0.5255955678684359	0.5991692368329666	all
32103	4389.5	4585.5	49508.0	-0.6041384583070334	0.5457515925184495	all
1902477	1010.5	4585.5	2038.0	-1.9056030673257116	0.05670172387981184	all
1901002	6487.0	4584.0	13678.0	-0.02155219384110687	0.9828051684493512	all
1901000	5030.0	4584.5	35991.0	-0.09714483602490309	0.9226113752104776	all
47484	5030.0	4584.5	35991.0	-0.09714483602490309	0.9226113752104776	all
3743	3251.0	4596.0	204658.0	-1.9433743394579743	0.05197094537038052	all
6413	3560.0	4596.0	228056.0	-1.6117788359842502	0.10701007519935506	all
16597	3867.0	4586.5	106799.0	-1.5299056696320077	0.1260400797873692	all
10440	1929.0	4585.0	18087.0	-0.821311992768103	0.41146857828309735	all
50826	2776.0	4587.0	44313.0	-1.6034444849994043	0.108836556362898	all
46355	1160.5	4586.5	4529.0	-2.6091532143255978	0.009076659266161297	all
10412	1160.5	4586.5	4529.0	-2.6091532143255978	0.009076659266161297	all
16998	2240.0	4588.0	41030.0	-1.9469649916721428	0.051538931900044035	all
44247	3291.5	4586.5	97916.0	-1.5689004544146408	0.11667113598738303	all
272	4152.0	4590.0	205324.0	-1.9087852988615124	0.05628979409704489	all
44275	4112.0	4585.5	132444.0	-0.9381046833117671	0.3481906152792432	all
16985	1365.0	4586.0	3567.0	-2.222706051693951	0.026235627570737514	all
4567	1160.5	4586.5	4529.0	-2.6091532143255978	0.009076659266161297	all
15923	1409.5	4586.5	24891.0	-2.504786670392234	0.012252526929543118	all
19904	4311.5	4584.5	17587.0	-0.1471578627583285	0.883007419070097	all
6606	3744.5	4585.5	109557.0	-0.03163162460211089	0.9747658232143315	all
17038	4268.5	4585.5	246822.0	-0.8912736642657085	0.37278237358716093	all
34504	3289.0	4586.5	115040.0	-0.3010153518215494	0.7634027880728237	all
1902593	3744.5	4585.5	109557.0	-0.03163162460211089	0.9747658232143315	all
51170	3744.5	4586.5	117723.0	-0.10236224914359664	0.9184691470429815	all
6913	3898.0	4587.0	241839.0	-0.012360648141078005	0.9901378808179772	all
51169	3898.0	4587.0	241839.0	-0.012360648141078005	0.9901378808179772	all
44744	3744.5	4585.5	109557.0	-0.03163162460211089	0.9747658232143315	all
8536	3823.0	4587.0	69223.0	-0.7989837265521347	0.42429984815145383	all
17016	3890.0	4587.5	91711.0	-0.7334796683513668	0.46326592395465904	all
31267	3890.0	4587.5	91711.0	-0.7334796683513668	0.46326592395465904	all
51020	3890.0	4587.5	110274.0	-0.6538967112561835	0.5131783528975067	all
5635	4955.0	4582.0	334911.0	-0.6843622684292124	0.4937464358073538	all
8565	4104.0	4588.0	348727.0	-0.08827418996382352	0.9296587522772748	all
51087	5043.0	4584.0	61604.0	-0.7007534289746291	0.4834569062172458	all
6284	4340.0	4584.5	72230.0	-0.10805865975447272	0.9139491608031505	all
45132	6184.5	4576.5	121925.0	-2.1824526092262273	0.02907614521595389	all
98813	6628.0	4572.0	155160.0	-3.2888419526532346	0.001006004972401453	all
7059	6227.0	4571.0	198205.0	-3.1070459532719354	0.00188967021814531	all
51177	6135.0	4583.0	25967.0	-0.8789537112551672	0.37942637431699666	all
70192	6135.0	4578.0	99020.0	-1.79131907109193	0.07324210745095962	all
7062	6448.0	4580.5	46235.0	-1.8132729411586914	0.06978973457183664	all
819	6718.0	4578.0	61529.0	-2.8599799074811316	0.004236678497307626	all
45144	6135.0	4583.0	25967.0	-0.8789537112551672	0.37942637431699666	all
7135	6178.0	4582.5	27178.0	-1.272350656048885	0.20324855777808637	all
7127	6227.0	4573.0	154712.0	-2.873549168779518	0.004058878931558977	all
70	6030.5	4582.5	34096.0	-1.406776750590319	0.15949359872972035	all
43433	2292.0	4585.5	12630.0	-1.0817658393028953	0.279356589321488	all
51090	3652.5	4584.5	24250.0	-0.5073802336401876	0.611888052097967	all
51245	1360.0	4585.5	2737.0	-1.719241885925128	0.08557033684993777	all
10185	3660.5	4584.5	15686.0	-0.5055782306040459	0.6131527670780736	all
31307	2277.0	4586.0	42333.0	-0.9258362775862385	0.35453107104064174	all
31306	2277.0	4586.0	42333.0	-0.9258362775862385	0.35453107104064174	all
98573	4579.0	4585.5	71191.0	-0.20607083564700623	0.8367355796135832	all
31300	4314.0	4587.0	226029.0	-0.833460846084117	0.4045848710283628	all
5741	3213.0	4589.0	114172.0	-1.3065205740563306	0.19137558711118777	all
31968	3947.0	4591.0	270677.0	-1.2116779918582745	0.22563566684366076	all
19867	3827.0	4591.5	273683.0	-1.2734377399856056	0.20286275243083896	all
32592	5354.0	4584.5	62293.0	-0.19405776589795087	0.8461306508531448	all
31301	4034.0	4587.0	206644.0	-0.9321269645442363	0.35127091429900137	all
4353	4654.0	4584.5	9047.0	-0.036925641808270175	0.9705442944763671	all
16639	3512.0	4585.0	12844.0	-0.20311309953285564	0.8390466331821653	all
9646	4633.0	4584.0	62113.0	-0.6511658444691256	0.5149394359629466	all
43622	2975.0	4585.5	34240.0	-1.3895998436428474	0.16465042327656954	all
30865	2447.0	4587.0	42068.0	-1.8383526596811886	0.0660104561246041	all
31122	4458.0	4585.0	52804.0	-0.7149788675281212	0.47462210145018346	all
9913	3323.0	4585.0	30185.0	-1.3981132293000431	0.16207906780476752	all
30855	3323.0	4585.0	30185.0	-1.3981132293000431	0.16207906780476752	all
60429	2289.0	4586.0	32712.0	-2.020120162924961	0.043370924891316394	all
8544	3323.0	4585.0	30185.0	-1.3981132293000431	0.16207906780476752	all
55028	4431.0	4585.0	35820.0	-0.6896268941286634	0.4904288501358316	all
5881	4431.0	4585.0	35820.0	-0.6896268941286634	0.4904288501358316	all
30981	4431.0	4585.0	41561.0	-1.0136428631263583	0.3107531969701841	all
30863	4431.0	4585.0	41561.0	-1.0136428631263583	0.3107531969701841	all
42991	1437.0	4585.5	2891.0	-1.6781837715679178	0.09331122884461712	all
10118	4290.5	4585.5	114150.0	-0.366912206604769	0.7136845059818975	all
6073	3890.0	4589.0	287604.0	-1.6191779003942572	0.10540899151716931	all
44042	3890.0	4589.0	287604.0	-1.6191779003942572	0.10540899151716931	all
10411	3890.0	4586.0	68034.0	-0.9078029305464631	0.3639823498014393	all
16762	3789.0	4586.5	28131.0	-1.1452689419353193	0.25209776735829903	all
4713	2670.5	4586.5	24110.0	-1.6814657650734597	0.09267248076723188	all
18108	2670.5	4586.5	24110.0	-1.6814657650734597	0.09267248076723188	all
18212	2670.5	4586.5	24110.0	-1.6814657650734597	0.09267248076723188	all
6012	3716.0	4586.0	64684.0	-0.4006949608470248	0.6886447213060196	all
4034	3716.0	4585.0	18947.0	-0.6762753780287665	0.49886582234216004	all
16857	3883.5	4586.5	48097.0	-0.7578003536961679	0.4485705106059208	all
16854	4053.0	4586.0	84647.0	-0.2128141933425734	0.8314718926357451	all
10227	1973.5	4585.5	22031.0	-1.9586985915604516	0.05014809549619742	all
50691	3617.0	4584.5	7251.0	-0.5157592352209289	0.6060225771704287	all
50688	4011.5	4584.5	15445.0	-0.5510171094314094	0.5816219459279324	all
2697	4011.5	4584.5	15445.0	-0.5510171094314094	0.5816219459279324	all
1510	3933.0	4587.5	164886.0	-1.0797064289998448	0.2802729301154534	all
43414	4796.5	4582.5	550195.0	-0.09725946673926886	0.9225203441930054	all
32259	5004.0	4569.0	912783.0	-2.218802702052412	0.026500150116857964	all
9451	4698.0	4584.0	487498.0	-0.9006708405530695	0.36776335691574813	all
8168	5260.0	4568.5	735402.0	-2.610066979194191	0.009052449655141997	all
16741	4998.0	4571.0	758707.0	-2.4251200921318015	0.015303323498287287	all
4860	4978.0	4584.5	8399.0	-0.20968965546718044	0.8339098997844631	all
19210	8564.0	4584.0	9011.0	-1.037553089360761	0.2994781672527569	all
1904030	4978.0	4584.5	8399.0	-0.20968965546718044	0.8339098997844631	all
71901	4057.5	4584.5	21590.0	-0.9169179127428727	0.35918565665509616	all
45786	4069.5	4584.5	113391.0	-0.42310963669517754	0.6722152717452561	all
30332	1728.0	4586.0	5027.0	-1.9048656172695464	0.05679754164640954	all
16925	978.0	4587.0	15653.0	-2.349198371956723	0.018813880436172912	all
18205	4178.0	4588.5	330437.0	-1.0654181480668068	0.28668674783204917	all
2000070	2152.0	4586.0	23170.0	-1.277661711641269	0.20136873105049768	all
10337	2240.0	4585.0	25580.0	-0.9341199594315781	0.3502420172479084	all
10565	3401.0	4586.0	129260.0	-1.4330689207557996	0.15183814217886682	all
19789	1160.0	4585.5	11561.0	-1.2833183765080882	0.19938055711677669	all
10183	4494.0	4585.5	62895.0	-0.13335484302418293	0.893912756396425	all
50918	4494.0	4585.5	62895.0	-0.13335484302418293	0.893912756396425	all
6935	4494.0	4585.5	62895.0	-0.13335484302418293	0.893912756396425	all
42330	4494.0	4585.5	62895.0	-0.13335484302418293	0.893912756396425	all
40011	4464.0	4586.0	81873.0	-0.45298773782276	0.6505575712706226	all
10113	4642.0	4584.5	9071.0	-0.030526974635717942	0.9756467807516539	all
45824	6808.0	4583.5	32129.0	-0.6121391486236344	0.5404456979138632	all
50777	6393.0	4584.0	38033.0	-0.4113872739451206	0.680788583943881	all
2683	4829.5	4584.5	45741.0	-0.017713685289580054	0.9858672630773112	all
10112	4004.0	4585.5	34715.0	-0.267298316831734	0.7892394826064706	all
9870	5254.0	4584.0	38262.0	-0.3825951939532402	0.702019934295663	all
2218	5254.0	4583.0	78582.0	-0.7379232586894846	0.46056108430166043	all
2253	5254.0	4583.0	78582.0	-0.7379232586894846	0.46056108430166043	all
9531	5322.0	4584.5	17484.0	-0.16657779852272034	0.8677022638028801	all
9664	4975.0	4583.0	239590.0	-0.12916357952462607	0.8972282140764021	all
10093	2139.5	4586.5	22025.0	-1.9594986862977877	0.0500544135843939	all
10092	2139.5	4586.5	22025.0	-1.9594986862977877	0.0500544135843939	all
48449	2721.0	4586.0	58178.0	-1.0345197639763084	0.30089324212249413	all
48444	2233.0	4587.0	88443.0	-1.970190896221907	0.04881649652212462	all
48563	2233.0	4587.0	88443.0	-1.970190896221907	0.04881649652212462	all
60627	3331.0	4586.0	27926.0	-0.5997013076955058	0.5487053165795417	all
51049	3213.0	4590.0	184138.0	-2.586298301827843	0.00970129306223373	all
32879	3213.0	4590.0	238412.0	-2.336616228033699	0.01945914789112561	all
4620	3331.0	4585.0	53815.0	-0.6091917118028277	0.5423973733563707	all
16298	4910.0	4583.0	203660.0	-0.11588845486088557	0.907740945721603	all
19375	3676.0	4585.0	41265.0	-0.005029184278057709	0.9959873084259815	all
19374	4513.5	4584.5	43970.0	-0.22896578392827552	0.8188955101709553	all
6664	5340.0	4581.5	190698.0	-1.563729741859849	0.11788104998044695	all
1903509	5407.5	4580.5	196432.0	-1.7117224107275326	0.08694783658792798	all
9247	5556.0	4581.5	129704.0	-1.6785630537711314	0.0932372321422636	all
6995	5001.0	4582.5	63681.0	-0.05409820286009386	0.9568569240582427	all
43562	4955.0	4583.0	92494.0	-0.3096032851117836	0.7568626578113911	all
9395	3331.0	4585.0	11310.0	-0.5370632546061681	0.5912239216111108	all
9959	4791.0	4583.0	30780.0	-0.19286804595008777	0.8470623107802628	all
9660	6143.0	4582.5	10724.0	-1.4411289224769812	0.1495482639387447	all
70125	1394.0	4585.0	11057.0	-0.5921410833112191	0.55375611809293	all
32543	4522.0	4584.5	36235.0	-0.0646076500398978	0.948486393582151	all
7005	4215.0	4591.0	263897.0	-0.2662904374535728	0.7900155371184111	all
3924	3350.0	4597.0	248779.0	-1.8425070911438393	0.0654010102349804	all
4021	2612.5	4585.5	5242.0	-1.0513809997899886	0.2930836386904817	all
47635	2612.5	4585.5	5242.0	-1.0513809997899886	0.2930836386904817	all
8483	6120.0	4581.0	124156.0	-1.7686372912442887	0.07695442335588719	all
16769	6120.0	4581.0	124156.0	-1.7686372912442887	0.07695442335588719	all
30170	5088.5	4581.5	191434.0	-0.5545377089491567	0.5792109060250448	all
42853	2612.5	4585.5	5242.0	-1.0513809997899886	0.2930836386904817	all
6524	2612.5	4585.5	5242.0	-1.0513809997899886	0.2930836386904817	all
9080	2612.5	4585.5	5242.0	-1.0513809997899886	0.2930836386904817	all
1901606	5794.5	4575.5	147495.0	-2.5987455575106364	0.009356509779775988	all
9063	5794.5	4574.5	151754.0	-2.8151897139938513	0.004874844666190557	all
9078	2612.5	4585.5	5242.0	-1.0513809997899886	0.2930836386904817	all
6522	2612.5	4585.5	5242.0	-1.0513809997899886	0.2930836386904817	all
42851	2612.5	4585.5	5242.0	-1.0513809997899886	0.2930836386904817	all
42549	3815.0	4585.5	15528.0	-0.5353680349804917	0.5923953891369065	all
10207	3359.0	4587.0	64208.0	-0.4470676331940182	0.6548262277951897	all
44462	2476.5	4585.5	11576.0	-1.2804902305229826	0.20037277843506918	all
30313	1655.5	4585.5	3328.0	-1.561674706801029	0.11836464023523863	all
1903959	3437.0	4587.5	38675.0	-1.7838828330416152	0.07444270597981381	all
44070	3809.5	4586.5	54996.0	-0.9298538260472611	0.35244677281776315	all
43269	3050.0	4588.5	129001.0	-2.2497535781930003	0.02446459233191739	all
34765	3809.5	4586.5	93251.0	-1.9143036314525275	0.05558137070912971	all
34762	3661.0	4587.0	95138.0	-2.0733902443357084	0.03813597611940123	all
15288	4606.0	4584.5	25451.0	-0.32247243190999025	0.7470948193664364	all
22829	4606.0	4584.5	25451.0	-0.32247243190999025	0.7470948193664364	all
8308	3213.0	4586.0	30508.0	-1.357502566254727	0.17462157861073938	all
5253	3160.0	4587.0	35248.0	-1.731677804207676	0.08333094469298549	all
5244	4368.0	4584.5	84265.0	-1.3326885783896878	0.18263402298979506	all
22832	4368.0	4584.5	84265.0	-1.3326885783896878	0.18263402298979506	all
22836	4368.0	4584.5	93414.0	-1.275552004509239	0.2021139295649621	all
46930	3213.0	4586.0	25686.0	-0.9190098242721477	0.3580904336040738	all
6334	4869.0	4584.5	33925.0	-0.3726441239143331	0.7094133282546692	all
65004	4869.0	4584.5	80212.0	-0.9677717625452562	0.33315836915015884	all
71824	4869.0	4584.5	100536.0	-0.7267568025208498	0.46737494978272054	all
34728	4301.0	4585.0	49445.0	-0.11692379525290579	0.9069204415923167	all
31497	4384.5	4585.5	53649.0	-0.15317183264692968	0.8782627698112976	all
6333	4384.5	4585.5	81743.0	-0.06995750369952848	0.9442274838550737	all
6323	5083.0	4583.5	77240.0	-1.2185864717917791	0.2230011862149346	all
71103	5485.0	4578.0	258905.0	-0.942863648983201	0.34575065037961994	all
16444	5437.0	4584.0	18737.0	-0.7116912955813952	0.4766559589559892	all
6310	5939.0	4571.0	353871.0	-2.7130150034056078	0.006667408774935957	all
9294	3928.0	4586.0	73482.0	-1.1794824067965328	0.23820613817351333	all
9292	3928.0	4586.0	73482.0	-1.1794824067965328	0.23820613817351333	all
44764	4043.0	4587.5	195386.0	-1.3079592821895956	0.1908871203370061	all
578	4822.0	4584.0	29424.0	-0.3861637372348764	0.6993754082076242	all
9880	3069.0	4585.5	58718.0	-0.5545443925984832	0.5792063332744539	all
9798	2353.0	4587.5	73141.0	-1.5645116040937634	0.11769746998813424	all
32509	2291.0	4586.0	8983.0	-1.0436486593360235	0.2966479712743445	all
48830	5634.0	4584.5	7087.0	-0.5594834609000358	0.5758318156110211	all
4806	2119.0	4587.0	75715.0	-1.6915754907224825	0.09072694288805108	all
52689	4285.0	4586.5	351733.0	-0.15246593475906242	0.87881945640532	all
47714	1238.5	4585.5	10329.0	-1.5156034334180957	0.12961965836906758	all
8970	858.0	4585.0	16432.0	-1.1004231525281052	0.2711477953951086	all
30010	2081.0	4585.5	4179.0	-1.3347886333076147	0.18194553475441894	all
7163	2081.0	4585.5	4179.0	-1.3347886333076147	0.18194553475441894	all
9942	4822.0	4584.0	22284.0	-0.11349958339485283	0.9096344933434426	all
31146	4221.0	4585.5	122006.0	-0.44479685602719715	0.6564665666331628	all
43161	4284.0	4586.5	344512.0	-0.8385513407560486	0.40172112594194964	all
10498	4284.0	4586.5	344512.0	-0.8385513407560486	0.40172112594194964	all
9861	3448.0	4586.0	23392.0	-1.2460159568734053	0.21275853704546188	all
9625	3444.0	4585.0	56511.0	-0.3270926298687117	0.7435978260114724	all
19005	4470.0	4585.0	164650.0	-0.28835005693257126	0.7730787935883571	all
61630	4848.0	4582.0	258392.0	-0.537357164188395	0.5910209261911651	all
61659	4848.0	4582.0	258392.0	-0.537357164188395	0.5910209261911651	all
5262	668.0	4586.0	3398.0	-2.259497170473214	0.02385247611800937	all
7231	3928.0	4585.0	12546.0	-0.2679873799838642	0.7887090328699358	all
10007	6999.0	4584.0	11032.0	-0.5975835565034178	0.5501178387982961	all
15995	4552.0	4586.0	121721.0	-0.7771949789534894	0.4370437441170938	all
6779	4170.5	4586.5	150202.0	-0.9149923359405608	0.3601956535818912	all
6778	4569.5	4585.5	243262.0	-0.17265786134292072	0.8629203680187858	all
33013	4555.0	4586.0	244690.0	-0.3297397352569247	0.7415966269553389	all
33014	4552.0	4586.0	167450.0	-0.662750039247867	0.5074906560384069	all
46148	4265.0	4588.0	331678.0	-0.8238492948969747	0.41002519412626437	all
42440	4265.0	4588.0	412068.0	-0.4262882682841503	0.6698978054183256	all
15994	4553.5	4586.5	194092.0	-0.40310592897413655	0.6868702991220171	all
16851	6877.5	4583.5	13451.0	-0.9269719823847816	0.3539410813643884	all
51003	6877.5	4583.5	13451.0	-0.9269719823847816	0.3539410813643884	all
51002	6877.5	4583.5	13451.0	-0.9269719823847816	0.3539410813643884	all
9089	3220.5	4585.5	29508.0	-0.9616471997166625	0.33622685345090075	all
9085	4371.0	4585.0	35011.0	-0.7913421461523805	0.42874436045659003	all
9067	5332.0	4580.5	103170.0	-1.179886886964039	0.23804520593096412	all
9066	5053.0	4581.5	161730.0	-0.7427434921050763	0.4576369928728997	all
6553	4090.0	4586.0	40812.0	-1.0988334493563452	0.2718407192131893	all
46451	3220.5	4585.5	29508.0	-0.9616471997166625	0.33622685345090075	all
19877	2070.0	4585.0	11120.0	-0.5784260508668783	0.5629765101370725	all
43650	2797.0	4588.5	60312.0	-1.9761994131522875	0.04813219634909735	all
16836	5152.0	4582.5	188617.0	-0.7150280491258428	0.4745917114626099	all
16835	5501.0	4578.0	258536.0	-1.7814294441879148	0.07484232166273325	all
15780	3631.0	4586.0	64484.0	-1.232704675020699	0.21768596699491827	all
15783	4724.0	4584.5	8907.0	-0.07425120031482486	0.940810506287141	all
36079	4426.5	4584.5	25131.0	-0.37174012262911027	0.7100863488367515	all
5460	4724.0	4584.5	17890.0	-0.0900293138591952	0.9282639203124028	all
15165	3664.0	4585.0	40161.0	-0.14383467035245048	0.885631024536827	all
5338	3664.0	4585.0	63011.0	-0.563681265125428	0.572971069826506	all
90481	3664.0	4585.0	40161.0	-0.14383467035245048	0.885631024536827	all
15781	3664.0	4585.0	40161.0	-0.14383467035245048	0.885631024536827	all
72531	3664.0	4585.0	48870.0	-0.18232377800623345	0.8553286392611859	all
15786	4724.0	4584.5	17890.0	-0.0900293138591952	0.9282639203124028	all
5459	3664.0	4585.0	21559.0	-0.2357688225646423	0.8136120621869478	all
72334	3664.0	4585.0	21559.0	-0.2357688225646423	0.8136120621869478	all
15785	3664.0	4585.0	21559.0	-0.2357688225646423	0.8136120621869478	all
90480	4426.5	4584.5	25131.0	-0.37174012262911027	0.7100863488367515	all
5457	4724.0	4584.5	8907.0	-0.07425120031482486	0.940810506287141	all
36080	3521.0	4585.0	12993.0	-0.17067595930735135	0.8644785671199382	all
34515	1679.0	4585.5	3375.0	-1.5491439835881144	0.12134711168729355	all
31597	2071.0	4586.0	29424.0	-1.493793460190091	0.13522961139299022	all
8540	1955.0	4587.0	23572.0	-2.2295631200699337	0.025776460524578645	all
5838	2731.5	4586.5	62833.0	-1.7519618202387321	0.07978037320250282	all
22624	2731.5	4586.5	62833.0	-1.7519618202387321	0.07978037320250282	all
22412	5243.0	4582.0	84834.0	-0.9405054303515448	0.34695836550944503	all
48232	5157.0	4582.0	94152.0	-0.8850866794169131	0.37610988323091343	all
43073	8651.0	4584.0	8226.0	-1.2084467475958003	0.22687546757209898	all
9934	2705.0	4586.5	34605.0	-1.3460611558940478	0.17828279456994897	all
8725	3653.0	4585.5	15110.0	-0.6141790364321014	0.5390970246882603	all
43733	3653.0	4585.5	15110.0	-0.6141790364321014	0.5390970246882603	all
3905	3653.0	4585.5	15110.0	-0.6141790364321014	0.5390970246882603	all
19104	4619.0	4584.0	40341.0	-0.12120334110119078	0.9035299778058029	all
16799	4340.0	4584.5	66470.0	-0.6514177869354093	0.5147768317861567	all
15804	4385.0	4584.5	16598.0	-0.33362695470962495	0.7386610756477976	all
6865	4089.0	4586.5	153895.0	-0.6824904130294596	0.4949289027899272	all
46942	4039.5	4587.5	265974.0	-0.8134218899826354	0.41597621312204713	all
15849	4039.5	4587.5	265974.0	-0.8134218899826354	0.41597621312204713	all
15807	4385.0	4584.5	36472.0	-1.123357785957038	0.26128557078558245	all
15179	4385.0	4584.5	36472.0	-1.123357785957038	0.26128557078558245	all
15171	4207.5	4585.5	112587.0	-0.4826389302296815	0.6293521320719139	all
46943	4144.0	4586.0	196253.0	-0.5331883018003991	0.5939032385414584	all
5342	4144.0	4586.0	196253.0	-0.5331883018003991	0.5939032385414584	all
1903825	4207.5	4585.5	212310.0	-0.3846104640455317	0.7005260402488616	all
3333	4589.0	4584.5	127245.0	-0.07096341915762373	0.9434268693400163	all
1902475	4385.0	4584.5	36472.0	-1.123357785957038	0.26128557078558245	all
15175	4385.0	4584.5	16598.0	-0.33362695470962495	0.7386610756477976	all
8429	5695.0	4583.5	15538.0	-0.5334826043237546	0.5936995497042818	all
10417	1221.0	4589.0	13953.0	-3.4389562093358617	5.839616867606317E-4	all
10413	1221.0	4589.0	13953.0	-3.4389562093358617	5.839616867606317E-4	all
15020	1221.0	4589.0	14158.0	-3.4131816399108157	6.420913050408952E-4	all
80025	4979.0	4584.5	17199.0	-0.22031257223972692	0.8256277294614623	all
1902936	2139.5	4585.5	18154.0	-1.445929741839424	0.14819690889401135	all
1901981	3502.0	4585.0	33875.0	-0.9341709796492195	0.3502157028366205	all
48102	3080.0	4584.5	6177.0	-0.8020995911926413	0.42249535145363715	all
9750	3294.5	4585.5	44912.0	-1.104655872345632	0.2693087311326501	all
10497	5745.0	4584.0	29919.0	-0.31560225700923455	0.7523044243383797	all
10496	4951.5	4584.5	41966.0	-0.46801107228058814	0.6397766717082141	all
46739	4158.0	4585.0	19048.0	-0.6592420081582165	0.5097403752732812	all
44000	4158.0	4585.0	19048.0	-0.6592420081582165	0.5097403752732812	all
51814	4158.0	4585.0	19048.0	-0.6592420081582165	0.5097403752732812	all
52192	4158.0	4585.0	19048.0	-0.6592420081582165	0.5097403752732812	all
52126	4158.0	4585.0	19048.0	-0.6592420081582165	0.5097403752732812	all
51701	4230.0	4586.5	96481.0	-0.3496190047893481	0.7266246462593247	all
46794	4158.0	4585.0	19048.0	-0.6592420081582165	0.5097403752732812	all
16032	4158.0	4586.0	122455.0	-0.7257278989686589	0.46800559512771966	all
44766	4158.0	4585.0	19048.0	-0.6592420081582165	0.5097403752732812	all
1902579	4158.0	4585.0	19048.0	-0.6592420081582165	0.5097403752732812	all
43618	2790.0	4584.5	5597.0	-0.9567340478626535	0.33870150822724987	all
43620	2610.0	4585.0	8214.0	-1.2110591347280557	0.22587274176040273	all
9306	4995.0	4584.0	57156.0	-0.2596023079668182	0.7951705558520182	all
932	2377.0	4589.0	81387.0	-2.502944286416656	0.012316493069264994	all
36464	2377.0	4589.0	88635.0	-2.5459066893651503	0.010899431893008404	all
35770	2377.0	4589.0	88635.0	-2.5459066893651503	0.010899431893008404	all
10494	5705.5	4583.5	26865.0	-0.10477082354487867	0.9165576620326444	all
35194	4070.5	4587.5	172909.0	-0.600414389280601	0.5482301004253077	all
31047	4908.5	4582.5	267050.0	-0.7617287763411202	0.44622189685468494	all
4518	5619.0	4565.0	501123.0	-3.5942177633098717	3.2536762812524563E-4	all
90305	5492.0	4568.5	599115.0	-2.956614199726631	0.0031103702657830717	all
18401	1951.0	4586.0	12334.0	-1.7915394864836875	0.07320676399931789	all
19471	1951.0	4586.0	12334.0	-1.7915394864836875	0.07320676399931789	all
19511	1951.0	4586.0	12334.0	-1.7915394864836875	0.07320676399931789	all
18208	5178.5	4579.5	189805.0	-1.14017946701938	0.25421154001286694	all
18126	1951.0	4586.0	12334.0	-1.7915394864836875	0.07320676399931789	all
4656	1951.0	4586.0	12334.0	-1.7915394864836875	0.07320676399931789	all
31545	1951.0	4586.0	12334.0	-1.7915394864836875	0.07320676399931789	all
31543	1951.0	4586.0	12334.0	-1.7915394864836875	0.07320676399931789	all
19798	1951.0	4586.0	12334.0	-1.7915394864836875	0.07320676399931789	all
31418	3806.0	4585.5	70336.0	-0.2867257060879265	0.7743223530306342	all
48029	3806.0	4585.5	70336.0	-0.2867257060879265	0.7743223530306342	all
19842	3811.0	4585.5	97046.0	-0.3041512322709958	0.7610126767809355	all
5788	1951.0	4590.0	52354.0	-3.0087494031113784	0.002623253931144282	all
52325	1656.0	4586.0	22709.0	-1.343376544740301	0.1791500778606372	all
52546	4276.0	4586.0	44742.0	-0.6518387846249057	0.5145051785795138	all
987	4085.0	4586.0	22800.0	-0.026477614551250958	0.9788763883368135	all
1159	4085.0	4586.0	22800.0	-0.026477614551250958	0.9788763883368135	all
1900056	3332.0	4587.0	24989.0	-1.0183660903676475	0.30850401083619594	all
1900055	3382.0	4586.5	37570.0	-0.9923838704825674	0.3210103040914125	all
2000024	2415.0	4591.0	80430.0	-2.57520123006977	0.010018178261140705	all
90357	5715.0	4584.5	6925.0	-0.6026744643147633	0.5467252723190081	all
6521	5653.5	4582.5	40060.0	-0.6953665211825382	0.48682563578286786	all
33238	5653.5	4582.5	40060.0	-0.6953665211825382	0.48682563578286786	all
45764	2259.0	4585.5	4535.0	-1.2398750702480899	0.215021606057761	all
33240	2259.0	4585.5	4535.0	-1.2398750702480899	0.215021606057761	all
90355	1648.5	4585.5	3314.0	-1.5654072626516846	0.11748744658913589	all
90354	3790.5	4585.5	24394.0	-0.48520977281658356	0.6275275503860458	all
32350	3790.5	4585.5	35035.0	-0.22462659750713693	0.8222697717770935	all
32352	1648.5	4585.5	3314.0	-1.5654072626516846	0.11748744658913589	all
5852	2145.0	4588.0	43758.0	-1.6615175526824288	0.09660954663281528	all
42761	4325.5	4585.5	33605.0	-0.4153158432389302	0.6779107046376827	all
38	3874.5	4586.5	45216.0	-0.08033782520223681	0.9359685752557508	all
42335	1961.5	4587.5	26684.0	-2.2909103220810083	0.021968600868469513	all
30295	4242.0	4585.0	11607.0	-0.4724066730828475	0.6366365421756119	all
19209	4242.0	4585.0	11607.0	-0.4724066730828475	0.6366365421756119	all
80086	1626.0	4585.5	3269.0	-1.57740476360022	0.11470242004564592	all
48443	3977.5	4586.5	174710.0	-1.0119367860664754	0.31156827914251606	all
48466	3977.5	4586.5	174710.0	-1.0119367860664754	0.31156827914251606	all
10311	4422.0	4585.5	89127.0	-0.9414243129308755	0.34648745901781053	all
10102	4535.0	4584.5	128209.0	-0.631560165154153	0.5276743231871772	all
10101	4535.0	4584.5	128209.0	-0.631560165154153	0.5276743231871772	all
2000038	2570.5	4586.5	9906.0	-1.595357150198074	0.11063239233989496	all
10389	2095.0	4587.5	18822.0	-2.3866159269124267	0.01700424535760739	all
1902749	2485.0	4588.0	21308.0	-2.5142149502080002	0.011929769821431797	all
1901987	3551.0	4586.0	85863.0	-0.8557536930863079	0.3921340339407072	all
1901990	3962.0	4585.5	83389.0	-0.6996565770552821	0.48414180054676303	all
1944	2942.5	4586.5	28105.0	-1.1487360191304428	0.25066484868809746	all
72358	2942.5	4586.5	28105.0	-1.1487360191304428	0.25066484868809746	all
72359	2942.5	4586.5	28105.0	-1.1487360191304428	0.25066484868809746	all
6541	3575.0	4586.5	78528.0	-1.1098888454426805	0.26704692774742944	all
6189	3140.0	4585.0	26716.0	-0.7721849260248526	0.440004908156171	all
6188	3140.0	4586.0	31005.0	-1.2950149515998601	0.19531507170922668	all
46040	3140.0	4586.0	31005.0	-1.2950149515998601	0.19531507170922668	all
9113	2450.0	4586.0	22459.0	-1.3790136559653727	0.16789054351449212	all
46112	3761.0	4585.0	71246.0	-0.6138354930109011	0.5393240405057471	all
9112	3798.0	4585.0	133854.0	-0.5479698347997888	0.5837126156737102	all
6144	3644.0	4585.5	56546.0	-0.7735589249603171	0.4391916701583113	all
51536	4552.5	4584.5	334717.0	-0.11003047414526969	0.9123852067592955	all
51540	4552.5	4584.5	334717.0	-0.11003047414526969	0.9123852067592955	all
16763	3198.0	4588.0	125580.0	-2.208915922622316	0.02718048948287409	all
30131	4231.5	4585.5	43221.0	-0.31830955687033247	0.7502501357012052	all
30119	4262.5	4585.5	53044.0	-0.21905804576558768	0.8266048316456257	all
31901	4468.0	4584.5	27141.0	-0.06227744029963765	0.9503418936250534	all
5769	2884.0	4586.5	44750.0	-1.122298131065008	0.26173570055054385	all
48268	1238.0	4586.0	8796.0	-2.38821337363226	0.016930508953702086	all
6901	1187.5	4586.5	9937.0	-2.7110316625863278	0.0067074220947420625	all
16050	1964.0	4589.0	54427.0	-2.8292685964396314	0.0046654525345496325	all
6900	2337.0	4588.5	30609.0	-2.6622930727359875	0.007761027207678529	all
5545	1238.0	4586.0	8796.0	-2.38821337363226	0.016930508953702086	all
30276	3135.0	4587.0	49199.0	-2.6316126086231475	0.00849806996719501	all
16602	4559.0	4584.5	26562.0	-0.15142116819454543	0.8796434921741232	all
90575	4438.0	4584.5	98666.0	-0.17378345974049883	0.8620356437996194	all
44798	4596.0	4584.0	111590.0	-0.22250910443649727	0.8239175865876136	all
36	2827.0	4587.0	11448.0	-1.9409609291104923	0.05226301664639711	all
44620	2827.0	4587.0	11448.0	-1.9409609291104923	0.05226301664639711	all
51192	2827.0	4587.0	11448.0	-1.9409609291104923	0.05226301664639711	all
3756	2026.0	4587.0	41782.0	-1.868278600865594	0.061723247785126736	all
16864	2026.0	4587.0	41782.0	-1.868278600865594	0.061723247785126736	all
16860	4537.0	4585.5	156994.0	-0.4873852250788765	0.6259853619843838	all
34976	2247.0	4589.5	74401.0	-3.3099842074791432	9.330123522551989E-4	all
23	5676.5	4583.5	17215.0	-0.2172958831889476	0.8279777651869757	all
16161	1247.0	4587.0	6900.0	-2.7079685149645645	0.006769644432410064	all
16160	3766.5	4585.5	48758.0	-0.6858155820078491	0.49282940906215467	all
5983	5041.0	4584.0	65540.0	-0.3173020878868854	0.7510143932564649	all
9251	4674.5	4584.5	93475.0	-0.5915236493737146	0.5541696141343917	all
5982	4308.0	4585.0	144503.0	-0.43090029392271917	0.6665408697428827	all
1676	4609.0	4584.5	64030.0	-0.01890664126051743	0.9849155815274456	all
4467	3980.0	4585.0	31064.0	-0.1523842875984064	0.8788838490223442	all
15645	3392.0	4585.5	32935.0	-0.5046597555748054	0.6137978318546172	all
16877	4838.0	4583.5	130566.0	-0.46905950369808197	0.6390271041945824	all
34969	4329.0	4585.5	17807.0	-0.1056783883101129	0.9158375279397099	all
18216	4329.0	4585.5	27000.0	-0.08398601652274991	0.933067549677503	all
6479	4928.0	4583.5	277239.0	-0.27222958034353745	0.7854454985870355	all
8213	4928.0	4583.5	277239.0	-0.27222958034353745	0.7854454985870355	all
18195	4329.0	4585.5	27000.0	-0.08398601652274991	0.933067549677503	all
16571	4572.0	4585.5	190529.0	-0.08958778898857075	0.9286147883536678	all
16570	4598.5	4584.5	413886.0	-0.17893183757217793	0.857991223416488	all
19919	3019.5	4585.5	6056.0	-0.8343595381875921	0.4040784106872207	all
35247	3019.5	4585.5	6056.0	-0.8343595381875921	0.4040784106872207	all
35246	3019.5	4585.5	15223.0	-0.5928736700109725	0.5532657002185408	all
35241	3019.5	4585.5	6056.0	-0.8343595381875921	0.4040784106872207	all
16274	3019.5	4585.5	15223.0	-0.5928736700109725	0.5532657002185408	all
16273	3019.5	4585.5	15223.0	-0.5928736700109725	0.5532657002185408	all
8170	5595.0	4582.0	187169.0	-1.524093456140446	0.127485367148061	all
8757	5160.5	4578.5	362240.0	-1.5409804921471066	0.12332153387041626	all
8276	4992.0	4582.0	182169.0	-0.832603338233549	0.4050684756806602	all
16277	3019.5	4585.5	6056.0	-0.8343595381875921	0.4040784106872207	all
8469	3019.5	4585.5	6056.0	-0.8343595381875921	0.4040784106872207	all
42054	4788.5	4584.5	102759.0	-0.5554605747729996	0.578579669613886	all
35242	3019.5	4585.5	6056.0	-0.8343595381875921	0.4040784106872207	all
40020	1513.0	4585.5	18559.0	-1.3835753207730377	0.1664885294092633	all
51783	4690.0	4583.0	85890.0	-0.10519497351962029	0.9162210991372344	all
51785	3099.5	4584.5	6216.0	-0.7917017570372439	0.4285345975835244	all
51781	2728.0	4585.5	29450.0	-0.9693814488442457	0.33235490472135343	all
45927	4816.0	4584.0	39680.0	-0.20431061129609443	0.838110778245372	all
31969	4730.0	4582.0	733971.0	-0.0466585080571674	0.9627854000758327	all
42170	4730.0	4582.0	749020.0	-0.12462902258181793	0.9008172508213024	all
5471	3053.0	4585.0	20088.0	-0.48384889265948405	0.6284931132354905	all
15301	3053.0	4587.0	38667.0	-1.3428038198013674	0.17933550621992161	all
5811	3318.0	4585.0	47768.0	-0.3076642666917414	0.7583378126766835	all
4144	4133.0	4585.0	20061.0	-0.48840236777339346	0.62526486507077	all
16411	4926.0	4583.0	33950.0	-0.9247412591278612	0.35510051221661876	all
45995	2455.5	4585.5	30789.0	-0.7908269732953846	0.4290449674499811	all
6487	3301.0	4589.0	98081.0	-1.8595480333989647	0.06294949743683156	all
3830	1717.0	4585.5	3451.0	-1.5288815375416989	0.12629381394624017	all
9538	5659.0	4584.0	21054.0	-0.3209356719173922	0.7482591403958571	all
9522	5281.0	4584.0	77742.0	-0.01931106143213063	0.9845929598263468	all
15018	1221.0	4586.0	4198.0	-2.0853380283228558	0.037038627821125346	all
42285	2049.0	4587.0	25647.0	-1.9686741856456902	0.04899051749589902	all
9926	4820.0	4582.0	139220.0	-0.7782372259937789	0.4364291747918173	all
60918	4822.0	4581.0	158167.0	-0.6909719434485867	0.48958317276837227	all
9914	4913.5	4580.5	159004.0	-0.9098063873960073	0.3629246254336571	all
8395	1297.5	4585.5	7775.0	-1.997142423148744	0.04580971358365666	all
10268	2233.0	4585.0	19063.0	-0.6567122997616002	0.5113659242107944	all
55088	4672.0	4584.5	72198.0	-0.11107732157214459	0.9115550321956813	all
16131	3093.0	4585.0	41649.0	-1.0036338222875882	0.31555514576818755	all
16128	3093.0	4585.0	41649.0	-1.0036338222875882	0.31555514576818755	all
8202	4855.5	4583.5	189395.0	-0.1557072505655569	0.876263781750813	all
9688	3922.0	4586.0	31322.0	-0.11560678881413244	0.907964182283742	all
43289	3922.0	4586.0	31322.0	-0.11560678881413244	0.907964182283742	all
1902645	3922.0	4586.0	31322.0	-0.11560678881413244	0.907964182283742	all
16106	4259.0	4585.0	43854.0	-0.7528391058161318	0.4515466041744879	all
45549	3922.0	4586.0	8505.0	-1.1477087467708627	0.25108881911922576	all
10436	3922.0	4586.0	8505.0	-1.1477087467708627	0.25108881911922576	all
16702	5238.0	4584.0	50248.0	-0.9824288873439968	0.3258886007291768	all
16701	4835.0	4584.5	78896.0	-1.0788323807715094	0.28066245703798665	all
9773	3591.0	4587.0	53369.0	-0.6558594382652223	0.5119145684531234	all
9767	3880.5	4586.5	130866.0	-0.44837634780634616	0.6538816086526612	all
22900	3670.5	4588.5	230841.0	-0.8117826700868987	0.4169163477731124	all
16730	7089.0	4583.5	19522.0	-1.235310364015186	0.21671501801330517	all
30663	3202.0	4587.0	25332.0	-0.9694719737668492	0.33230975700164334	all
30137	3202.0	4587.0	25332.0	-0.9694719737668492	0.33230975700164334	all
30126	3135.0	4587.0	14306.0	-1.4589671559418602	0.1445741477230291	all
42773	3205.0	4587.5	45143.0	-1.0794993182457806	0.2803651975409349	all
22904	3382.0	4587.0	63866.0	-0.48038581374584954	0.6309530797689241	all
6119	3205.0	4587.5	45143.0	-1.0794993182457806	0.2803651975409349	all
5758	4136.0	4585.5	59770.0	-0.44846553069947337	0.6538172573473842	all
31970	5389.0	4584.0	75136.0	-0.2578163983616682	0.7965486081537919	all
6122	3566.0	4585.5	15346.0	-0.5696828729331064	0.5688928085241942	all
42775	3205.0	4587.5	45143.0	-1.0794993182457806	0.2803651975409349	all
9927	3948.0	4585.0	11411.0	-0.5150756629096854	0.6065001484884339	all
80036	7697.0	4583.5	8411.0	-1.8772290333802661	0.060486709904165326	all
209	4486.5	4584.5	53641.0	-0.15404305529973839	0.8775757874848662	all
71474	2095.0	4585.5	4207.0	-1.3273235216063037	0.18440168625080913	all
51924	588.0	4585.5	1193.0	-2.130889474025988	0.033098248756826425	all
10959	1451.0	4587.0	17583.0	-2.07407987329917	0.03807189345478115	all
5227	1674.5	4585.5	3366.0	-1.5515434837778215	0.12077149505040656	all
22839	1674.5	4585.5	3366.0	-1.5515434837778215	0.12077149505040656	all
45334	4036.0	4584.5	8089.0	-0.2923391064459801	0.7700273614395124	all
71497	1741.0	4585.5	3499.0	-1.5160842031965944	0.12949806214174417	all
16628	3911.0	4585.0	111556.0	-0.22507622678154	0.821919974783089	all
16627	4797.0	4583.5	220958.0	-1.3203142283202725	0.18673012705638786	all
3959	938.5	4585.5	1894.0	-1.943995070361025	0.05189604556923954	all
9707	4034.0	4587.0	147854.0	-0.7867870310857821	0.4314065466181777	all
9527	4100.0	4586.5	155321.0	-0.5927130661377101	0.5533731955670331	all
6099	4286.0	4586.0	110839.0	-0.279212306822588	0.780081899590729	all
6101	4286.0	4586.0	110839.0	-0.279212306822588	0.780081899590729	all
72350	4324.5	4585.5	116972.0	-0.1579673479550549	0.8744825281695278	all
8964	4517.5	4584.5	9052.0	-0.03559258614732179	0.9716072199721922	all
4611	1923.0	4585.0	10982.0	-0.6084685028878152	0.5428767898470923	all
31463	4424.5	4584.5	35578.0	-0.15221802377821123	0.8790149786857002	all
31351	2913.0	4586.0	33561.0	-0.9736500762319725	0.3302303133520186	all
31350	2913.0	4586.0	33561.0	-0.9736500762319725	0.3302303133520186	all
9299	2264.5	4585.5	4546.0	-1.2369423477940034	0.216108486844526	all
71281	6125.5	4583.5	65858.0	-0.7091496941983838	0.47823158742768657	all
71248	6102.0	4583.0	97849.0	-0.5940981997544562	0.552446434891592	all
71241	5670.0	4581.5	115717.0	-0.8935539631989373	0.3715605873200918	all
10105	3859.0	4585.0	19075.0	-0.6546885330443072	0.5126683096270104	all
70298	3859.0	4585.0	19075.0	-0.6546885330443072	0.5126683096270104	all
70297	4564.0	4585.0	29816.0	-0.3302847468339641	0.741184817138425	all
1902532	4923.0	4584.0	46466.0	-0.45575257546536335	0.6485679104356861	all
10104	4564.0	4585.0	29816.0	-0.3302847468339641	0.741184817138425	all
48510	3733.5	4586.5	38395.0	-0.8939745077626782	0.3713355307387136	all
48506	3733.5	4586.5	38395.0	-0.8939745077626782	0.3713355307387136	all
2000069	4317.0	4584.5	17104.0	-0.2382241634787291	0.8117072367730147	all
15271	2475.0	4585.0	8316.0	-1.188853844103885	0.23449718555460708	all
5249	5090.0	4582.5	45408.0	-0.057435282605608054	0.9541984579194128	all
22843	4895.0	4583.0	48545.0	-0.21928898564941865	0.8264249412839209	all
50660	4945.0	4584.0	208267.0	-0.3608998612319259	0.7181743073287541	all
46685	4884.5	4583.5	36235.0	-0.0646076500398978	0.948486393582151	all
4148	1814.5	4585.5	3646.0	-1.476892366764712	0.13970449140373792	all
16668	4646.5	4584.5	43251.0	-0.3147310345896092	0.7529658786523991	all
50787	170.0	4586.0	3816.0	-2.168499018699652	0.030120739203057575	all
61687	1137.0	4586.5	11805.0	-2.4234315180134645	0.015374651741864021	all
98754	2328.0	4588.0	48346.0	-2.709680548915126	0.006734803892931363	all
9636	3466.0	4586.0	162602.0	-1.4699968068422506	0.14156261880563703	all
46689	170.0	4586.0	3816.0	-2.168499018699652	0.030120739203057575	all
45340	170.0	4586.0	3816.0	-2.168499018699652	0.030120739203057575	all
16152	170.0	4586.0	3816.0	-2.168499018699652	0.030120739203057575	all
16723	3459.0	4585.0	15995.0	-1.174121990482861	0.24034616645228557	all
16722	2733.0	4586.0	20475.0	-1.6618297706475413	0.0965469112383295	all
730	4851.5	4584.5	23873.0	-0.5654237317686509	0.5717855865497632	all
45003	4822.0	4584.5	37856.0	-0.9582686247396724	0.337927320638719	all
724	6116.5	4579.5	127182.0	-2.364273209326305	0.018065484466421512	all
725	6098.0	4580.0	133697.0	-2.210663068397977	0.02705917780497621	all
6302	6098.0	4576.0	201806.0	-2.5163113769389964	0.011859035928455289	all
6312	4851.5	4584.5	53394.0	-0.18094205470520702	0.8564130587399665	all
3697	4241.0	4585.5	108138.0	-0.8120491627359103	0.4167634221654988	all
9432	3452.0	4586.0	8570.0	-1.133558316471146	0.25697986626554115	all
400	4325.0	4584.5	44066.0	-0.21751451262996113	0.8278073982809846	all
217	4812.0	4584.0	48633.0	-0.20927994481064852	0.834229706850282	all
4520	4619.0	4584.0	92733.0	-0.2899184792746683	0.7718786040687546	all
4536	5960.0	4581.5	104728.0	-1.677683689818472	0.09340886515411333	all
4519	5847.0	4574.0	282774.0	-2.5773580336096766	0.009955876859036344	all
42148	4851.5	4584.5	23873.0	-0.5654237317686509	0.5717855865497632	all
10212	4550.5	4584.5	106704.0	-0.2514733419951008	0.8014481701060494	all
150	6089.5	4583.5	27154.0	-1.27555103499823	0.20211427248065938	all
9911	3524.5	4585.5	93375.0	-1.2785572014872715	0.20105302938889003	all
4004	5096.0	4584.0	86326.0	-0.8176195294771683	0.41357447250981016	all
8186	5096.0	4584.0	86326.0	-0.8176195294771683	0.41357447250981016	all
3724	5118.0	4583.5	113674.0	-0.4021559177023111	0.6875692822714232	all
4386	5154.5	4576.5	497072.0	-0.4008463973478829	0.6885332166354244	all
8026	5247.0	4579.5	304630.0	-0.25006981852462584	0.8025333559066412	all
70035	5247.0	4579.5	304630.0	-0.25006981852462584	0.8025333559066412	all
10501	3538.0	4585.5	75257.0	-1.3859369322345299	0.16576616221886398	all
31965	5888.0	4581.0	97192.0	-1.3096099139637072	0.19032783289275265	all
17169	484.0	4586.0	10008.0	-2.18381293518566	0.02897599670304655	all
16780	3343.0	4585.5	31972.0	-1.6601361280655245	0.09688707036943973	all
6646	4681.0	4584.5	26584.0	-0.14803401445760594	0.8823159243026236	all
46337	4681.0	4584.5	26584.0	-0.14803401445760594	0.8823159243026236	all
9556	4100.5	4585.5	42475.0	-0.4072954775843171	0.683790983939341	all
48236	4313.0	4585.0	58555.0	-0.11321632294240117	0.9098590550277279	all
42981	2362.0	4588.5	34826.0	-2.203049831874201	0.027591236577367336	all
51403	1901.0	4587.0	8226.0	-2.4843422927036807	0.012979098374895477	all
31098	2636.0	4588.0	32976.0	-1.9900930404086505	0.04658068732378023	all
10098	3049.5	4585.5	15388.0	-0.5617640641748107	0.5742767791398968	all
6627	2951.0	4585.5	5919.0	-0.8708852632975778	0.383816803991076	all
34982	2951.0	4585.5	5919.0	-0.8708852632975778	0.383816803991076	all
16485	5080.0	4581.0	136265.0	-0.38444028018878607	0.7006521507011354	all
6626	6316.5	4583.5	72180.0	-1.6456128610203815	0.09984348957601026	all
70585	6316.5	4583.5	72180.0	-1.6456128610203815	0.09984348957601026	all
72655	6316.5	4583.5	72180.0	-1.6456128610203815	0.09984348957601026	all
4222	4490.0	4585.5	132199.0	-0.3564741917940667	0.7214854763216825	all
8237	4563.5	4585.5	250399.0	-0.2676507774624493	0.7889681416272526	all
5750	3750.0	4586.0	34111.0	-0.9044987924086789	0.36573097440518454	all
45275	3750.0	4586.0	34111.0	-0.9044987924086789	0.36573097440518454	all
1902495	3750.0	4586.0	63660.0	-1.3081184883859862	0.19083312347254194	all
1990351	3750.0	4586.0	72026.0	-1.3055432145698391	0.19170794207102204	all
70069	3978.5	4586.5	48017.0	-0.766512580224255	0.443371369350103	all
98803	4637.0	4584.5	218471.0	-0.048475267367111836	0.9613374750413793	all
70469	4637.0	4584.5	243222.0	-0.17471606860077105	0.8613027410585389	all
5746	4637.0	4584.5	227189.0	-0.06738896224633575	0.9462720560607576	all
8142	2053.0	4586.0	14742.0	-1.3854369652135454	0.16591889450661068	all
32934	4126.0	4585.0	29536.0	-0.3701983114060443	0.7112347346619733	all
5496	4828.0	4584.5	45596.0	-0.03500987631307573	0.972071865540333	all
48833	2587.0	4586.5	10722.0	-1.4415060086083287	0.14944178105435657	all
48832	2587.0	4586.5	10722.0	-1.4415060086083287	0.14944178105435657	all
48655	3551.5	4584.5	7120.0	-0.5506852935377765	0.5818494277652009	all
48654	3551.5	4584.5	7120.0	-0.5506852935377765	0.5818494277652009	all
48653	4785.0	4582.5	136485.0	-0.06098083795413442	0.9513744697428608	all
48448	2233.0	4585.0	19347.0	-0.608816487452331	0.542646083904287	all
48658	4870.0	4584.0	26838.0	-0.7547940157470175	0.4503725850678557	all
48455	2233.0	4585.0	12866.0	-0.1983237231237208	0.8427917919350381	all
10584	4490.0	4585.0	69126.0	-0.807861323513825	0.4191704182934233	all
10208	4425.0	4586.0	83398.0	-1.0587789917829151	0.2897004433910091	all
10927	3982.5	4586.5	85876.0	-1.203045071262138	0.2289588795791747	all
85029	4425.0	4586.0	83398.0	-1.0587789917829151	0.2897004433910091	all
30198	4425.0	4586.0	107215.0	-1.1958597035667458	0.23175131261037585	all
43062	4425.0	4586.0	107215.0	-1.1958597035667458	0.23175131261037585	all
16132	3093.0	4585.0	32541.0	-1.101894275322444	0.27050763766217856	all
16129	3093.0	4585.0	32541.0	-1.101894275322444	0.27050763766217856	all
6694	4855.5	4583.5	136279.0	-0.07518327166645968	0.9400688939514066	all
18685	3829.0	4585.0	9869.0	-0.8507674094045015	0.39489856897768116	all
16713	3298.0	4585.5	12642.0	-1.0795033225148107	0.28036341345153226	all
10345	4025.0	4585.5	33520.0	-0.4266505186845263	0.6696338959140464	all
9699	4358.0	4586.0	168695.0	-0.5874306600727329	0.5569145071983017	all
9698	4490.0	4585.0	215969.0	-0.9012208021761784	0.36747093272441655	all
5801	2690.5	4585.5	21194.0	-0.9778866800077838	0.32813037371550724	all
5797	1358.0	4586.0	5582.0	-1.7840427124027352	0.07441672495127312	all
31985	1622.0	4588.0	36798.0	-2.389785212274954	0.016858228651679012	all
5795	2329.0	4591.0	81231.0	-3.0838909672365915	0.0020431245904455153	all
48027	5655.5	4584.5	16920.0	-0.27291608756269126	0.784917719713841	all
9514	4659.0	4584.0	58902.0	-0.07690757612076234	0.9386970705219561	all
46861	4508.0	4584.5	15814.0	-0.4814447181978114	0.6302004608757277	all
5778	4669.0	4584.5	123681.0	-0.3252757629261215	0.7449723727292051	all
44439	5229.0	4583.0	130190.0	-0.7964859227693921	0.4257496544878281	all
44438	5229.0	4583.0	130190.0	-0.7964859227693921	0.4257496544878281	all
31903	4669.0	4584.5	123681.0	-0.3252757629261215	0.7449723727292051	all
70300	3091.0	4587.0	19999.0	-1.7296828304200778	0.08368695795674021	all
10928	5443.0	4583.5	44237.0	-0.19711693562983865	0.8437360307053923	all
16973	5280.0	4584.0	20429.0	-0.42634018844307275	0.669859977633915	all
6406	5890.0	4581.5	47760.0	-1.6594989255731496	0.09701529697507352	all
6405	5280.0	4583.0	72932.0	-1.2271015306119988	0.21978443265316305	all
51168	5280.0	4583.0	97455.0	-1.289752467588818	0.19713661618433065	all
50658	5342.5	4579.5	188764.0	-1.6692459681828589	0.09506864346379586	all
50657	5342.5	4579.5	188764.0	-1.6692459681828589	0.09506864346379586	all
51236	5342.5	4579.5	188764.0	-1.6692459681828589	0.09506864346379586	all
6403	5405.0	4579.0	199875.0	-1.7532090299853547	0.07956613358901377	all
51028	5638.0	4578.5	162207.0	-1.7409417491150274	0.08169378965045088	all
71427	5890.0	4581.5	47760.0	-1.6594989255731496	0.09701529697507352	all
71426	5575.5	4582.5	72419.0	-1.6254430374975286	0.10406819190772348	all
71166	5575.5	4582.5	72419.0	-1.6254430374975286	0.10406819190772348	all
9864	4038.0	4584.5	17054.0	-0.24765131676241445	0.8044042021583157	all
9682	4814.0	4584.0	27363.0	-0.6799560821743671	0.49653226945953133	all
10432	3277.0	4584.5	6571.0	-0.6970548051099088	0.48576849643894604	all
9954	4335.5	4584.5	25998.0	-0.23825547308699446	0.8116829543060582	all
10254	1703.5	4585.5	3424.0	-1.5360800381108202	0.12451875145887836	all
9944	2176.0	4588.5	24854.0	-2.509200181205126	0.012100488901703142	all
65001	2242.0	4589.0	27135.0	-2.654443126082019	0.007943942975828228	all
9943	2328.5	4587.5	36110.0	-2.063218596098405	0.03909186410392641	all
9955	2176.0	4589.5	45719.0	-2.6089256425138148	0.009082697618209923	all
33962	1543.0	4585.0	17788.0	-0.8717375134739885	0.3833515902350584	all
19048	1708.0	4585.5	11840.0	-1.230714861185124	0.2184295278558105	all
44003	4225.0	4586.5	72353.0	-0.09645567839279647	0.9231586732475918	all
51817	4148.0	4587.0	73795.0	-0.38054688831658373	0.7035394979147556	all
35821	4302.0	4587.0	94759.0	-0.12305062728305524	0.9020670077699007	all
30173	3664.0	4586.0	14084.0	-1.4964068402117818	0.13454766813193353	all
31228	3664.0	4586.0	14084.0	-1.4964068402117818	0.13454766813193353	all
30244	2072.5	4587.5	42978.0	-2.1416939042813863	0.03221812156910376	all
51274	2072.5	4587.5	42978.0	-2.1416939042813863	0.03221812156910376	all
9250	3683.0	4588.0	127772.0	-1.530899198045547	0.12579430747229128	all
51273	2240.0	4587.0	76678.0	-1.6122597249436457	0.10690543351626454	all
30243	2317.0	4586.5	76323.0	-1.2959744557685833	0.19498428556758648	all
16760	5029.0	4584.5	8297.0	-0.23688399095052742	0.812746789930879	all
35251	5624.5	4581.5	82268.0	-2.134421889564362	0.03280826132947717	all
46527	5544.0	4582.0	95142.0	-2.073099599128863	0.03816301131909135	all
16759	5029.0	4584.5	8297.0	-0.23688399095052742	0.812746789930879	all
33356	3752.0	4585.0	21138.0	-0.30676930489634074	0.7590189735920341	all
8417	1533.5	4585.5	3084.0	-1.6267278230553102	0.1037949168161357	all
36065	1533.5	4585.5	3084.0	-1.6267278230553102	0.1037949168161357	all
32580	3294.0	4586.0	30900.0	-1.3082165603297615	0.19079986668640758	all
51920	3768.0	4585.5	27188.0	-0.055041248225266896	0.9561056022458723	all
16684	5801.5	4579.5	203152.0	-1.3524571776490906	0.17622910884650453	all
16209	5051.0	4581.5	272349.0	-0.5071546042348103	0.6120463442490048	all
4601	5801.5	4579.5	194290.0	-1.3677554476756446	0.1713886375271527	all
9086	4668.5	4583.5	57231.0	-0.7044866622218934	0.48112975336268915	all
97	5631.0	4581.0	89501.0	-1.2511638822597821	0.2108746924863497	all
96	5780.0	4577.5	127122.0	-1.8458137070922598	0.0649192596480803	all
6555	4668.5	4583.5	76548.0	-0.5320417144039792	0.5946971044476279	all
8898	5766.0	4584.5	6823.0	-0.6298687997981104	0.5287804275974617	all
8172	4625.0	4584.0	11374.0	-0.5231305232341394	0.6008834258230021	all
10388	582.0	4585.5	18813.0	-2.3878160690184314	0.016948821836668283	all
338	582.0	4585.5	18813.0	-2.3878160690184314	0.016948821836668283	all
8180	1994.5	4585.5	29804.0	-1.9187440048857909	0.055016739478414	all
10971	401.0	4585.5	6694.0	-2.2009574771420213	0.027739034311704613	all
1901992	401.0	4585.5	6694.0	-2.2009574771420213	0.027739034311704613	all
1901989	401.0	4585.5	6694.0	-2.2009574771420213	0.027739034311704613	all
45931	2187.0	4585.0	23865.0	-1.1785905424355696	0.2385612594004114	all
1902751	401.0	4585.5	6694.0	-2.2009574771420213	0.027739034311704613	all
10387	2654.0	4584.5	11870.0	-1.2250585692149127	0.22055315380329	all
45732	3464.5	4586.5	54965.0	-1.7367210435702487	0.0824364214929065	all
42176	4593.5	4583.5	152476.0	-0.2034926132487703	0.8387500186708384	all
70461	8216.0	4583.0	13987.0	-1.5127656211765674	0.1303392043180675	all
123	5845.0	4583.0	59301.0	-0.9251153290064059	0.3549059202099891	all
31248	5877.0	4582.5	62269.0	-1.0477114836866444	0.29477155505690067	all
1902493	5877.0	4582.5	62269.0	-1.0477114836866444	0.29477155505690067	all
30245	5424.0	4584.5	27421.0	-0.019168210920407634	0.9847069169507267	all
51275	3308.0	4585.0	28040.0	-0.5834507849768731	0.5595898786461674	all
8810	5493.5	4584.5	25901.0	-0.2531897418362277	0.8001215931458749	all
4449	2183.0	4585.5	4383.0	-1.2803999623409206	0.20040450720581252	all
4448	1248.0	4586.0	4797.0	-1.9549363706377745	0.050590581007754876	all
6102	1248.0	4587.0	9186.0	-2.322440955320235	0.02020920424838512	all
9097	4371.0	4585.0	38914.0	-0.30061949022089957	0.7637046675144595	all
9082	4764.5	4584.5	62255.0	-0.1978895118600824	0.8431315102273151	all
9081	5665.0	4582.0	98522.0	-1.2091901281135067	0.2265898094550548	all
6549	4371.0	4585.0	38914.0	-0.30061949022089957	0.7637046675144595	all
9099	5158.0	4584.0	22796.0	-0.027152203457015314	0.9783383377487067	all
6573	7006.0	4582.5	33371.0	-1.4932577057077974	0.1353697420608941	all
10143	3037.0	4587.0	46863.0	-1.3366222821314533	0.18134596196999675	all
10115	2649.0	4585.5	14285.0	-0.7697270656129098	0.4414618115084994	all
19747	3737.0	4585.5	44028.0	-0.22204730751887725	0.824277056348982	all
19216	4018.0	4585.0	109678.0	-0.3668719845459587	0.7137145096400938	all
46890	3737.0	4585.5	81306.0	-0.10882772508121183	0.9133391329749085	all
1902930	7048.0	4584.0	26331.0	-0.8270660773114629	0.4081996101479477	all
9827	4490.0	4585.0	60541.0	-0.8043125691108769	0.4212164804579479	all
42545	4398.0	4585.5	169575.0	-0.7995867263644797	0.42395028050650785	all
48281	923.0	4585.5	1863.0	-1.952260015458905	0.050907342049479005	all
7267	5265.5	4584.5	26671.0	-0.13463936104334517	0.8928970193188013	all
2000027	1548.5	4586.5	5993.0	-2.3331261661792904	0.01964152451147608	all
8360	4939.0	4584.0	22658.0	-0.05042552070588558	0.9597832996654863	all
42814	1897.0	4585.0	10075.0	-0.8059214303007841	0.42028815369136097	all
10482	2466.5	4585.5	4950.0	-1.1292314503893741	0.25880020970431417	all
45604	1434.0	4585.0	7315.0	-1.406770470719521	0.15949546147630803	all
30856	1434.0	4585.0	7315.0	-1.406770470719521	0.15949546147630803	all
45682	1434.0	4585.0	7315.0	-1.406770470719521	0.15949546147630803	all
43447	5613.0	4584.0	12504.0	-0.277130734946758	0.7816797226279035	all
43446	5613.0	4584.0	12504.0	-0.277130734946758	0.7816797226279035	all
4402	3484.0	4586.0	54624.0	-1.3807560612897842	0.1673539775765582	all
61733	3484.0	4586.0	54624.0	-1.3807560612897842	0.1673539775765582	all
34212	4559.0	4585.0	66498.0	-1.0483801360429212	0.294463501726802	all
16573	4140.0	4586.0	92408.0	-1.022355791813809	0.3066125360172991	all
18393	4140.0	4586.0	92408.0	-1.022355791813809	0.3066125360172991	all
18394	4140.0	4586.0	92408.0	-1.022355791813809	0.3066125360172991	all
6473	4591.5	4584.5	119818.0	-0.6009235137616171	0.5478909310575685	all
6475	4140.0	4586.0	92408.0	-1.022355791813809	0.3066125360172991	all
32586	5123.0	4583.0	9381.0	-0.9570044861162201	0.338564990694066	all
4742	5278.0	4584.0	11520.0	-0.49134647979169904	0.6231814109585874	all
30523	5888.5	4583.5	14196.0	-0.7865073984578698	0.43157028639227357	all
16418	5278.0	4584.0	11520.0	-0.49134647979169904	0.6231814109585874	all
8378	3676.0	4586.0	67533.0	-0.9536552612455031	0.34025817330565666	all
71586	3137.5	4584.5	6292.0	-0.7714393109908285	0.4404465817313731	all
80120	3137.5	4584.5	6292.0	-0.7714393109908285	0.4404465817313731	all
10507	3475.0	4585.0	13066.0	-0.15478393758613115	0.87699165453197	all
31330	4031.5	4584.5	61849.0	-0.23882869240285615	0.8112384206070281	all
9895	4031.5	4584.5	61849.0	-0.23882869240285615	0.8112384206070281	all
31087	3501.0	4585.0	22328.0	-0.10607910543144493	0.915519589037931	all
31086	3501.0	4585.0	22328.0	-0.10607910543144493	0.915519589037931	all
956	2689.5	4588.5	106002.0	-1.5867763031851763	0.11256331762330801	all
4252	4620.5	4584.5	152774.0	-0.18418947820241233	0.8538648134394657	all
8236	5214.0	4579.0	236376.0	-1.1950215274909488	0.23207861933273788	all
17171	5214.0	4579.0	236376.0	-1.1950215274909488	0.23207861933273788	all
2000072	1898.0	4585.5	3813.0	-1.4323683076890361	0.1520384435557663	all
9694	3614.5	4585.5	86525.0	-0.43500148681399814	0.663561348229416	all
9696	3311.0	4585.0	28828.0	-0.4711226103954472	0.637553179562984	all
42537	4803.5	4583.5	62661.0	-0.15695033131730868	0.8752839927005097	all
18958	6012.0	4582.0	57290.0	-1.1210301275143968	0.2622750385120669	all
80030	2295.0	4585.0	12725.0	-0.22901927192772148	0.81885393732646	all
33473	2295.0	4585.0	12725.0	-0.22901927192772148	0.81885393732646	all
9683	7696.5	4582.5	20914.0	-2.1076495618278734	0.0350613131551606	all
34754	5305.0	4583.0	85816.0	-0.8596247636902594	0.389995919823927	all
80032	2295.0	4585.0	12725.0	-0.22901927192772148	0.81885393732646	all
80031	2295.0	4585.0	12725.0	-0.22901927192772148	0.81885393732646	all
2000904	3771.5	4584.5	14312.0	-0.7646364028397197	0.44448808602124834	all
32881	2194.0	4585.0	25820.0	-0.8999083326555094	0.3681690353609183	all
2000012	3484.0	4584.5	13619.0	-0.8952967473515988	0.370628478595492	all
10600	4323.0	4585.0	21132.0	-0.30778118825498724	0.7582488367969632	all
46885	5435.0	4584.5	24958.0	-0.39837546792413453	0.690353438413249	all
10031	5137.5	4584.5	17656.0	-0.1341483912268427	0.8932852347547892	all
50879	5137.5	4584.5	17656.0	-0.1341483912268427	0.8932852347547892	all
9590	4669.5	4584.5	16903.0	-0.2761213196791443	0.7824548862464612	all
43682	5813.0	4583.0	17560.0	-0.9101890811025568	0.36272280150931024	all
15662	5383.0	4583.5	33708.0	-0.40158088358132554	0.6879925009050816	all
5375	5623.5	4581.5	38262.0	-0.9098392898738845	0.3629072706563272	all
35434	5623.5	4581.5	38262.0	-0.9098392898738845	0.3629072706563272	all
10005	3733.0	4585.5	12558.0	-1.0953409400314023	0.27336729789606695	all
6268	6099.0	4581.5	37679.0	-0.9793819061959396	0.3273913138883977	all
32508	6024.0	4579.0	153749.0	-0.41040875077654854	0.6815061281019685	all
32392	6024.0	4579.0	153749.0	-0.41040875077654854	0.6815061281019685	all
3918	5653.5	4583.5	35502.0	-0.16235255711780303	0.87102822901943	all
61505	5653.5	4583.5	35502.0	-0.16235255711780303	0.87102822901943	all
3916	6707.0	4582.0	43162.0	-0.8315465633210061	0.40566493514595503	all
6265	6538.0	4582.5	41192.0	-0.5603369471232478	0.575249630586405	all
9330	5999.0	4582.5	20634.0	-1.064105138766244	0.28728107320541885	all
9295	5065.0	4581.0	166696.0	-0.708365149206141	0.4787185289386373	all
48317	2509.0	4585.5	13787.0	-0.863621512318416	0.38779584263078193	all
48445	3286.5	4584.5	6590.0	-0.6919891935983049	0.48894411537325166	all
46621	3079.0	4586.0	8903.0	-1.0610645735510593	0.2886605562629134	all
48640	4313.0	4586.0	19578.0	-0.5698589781444394	0.5687733498127339	all
45926	3893.0	4587.0	44624.0	-0.665259998476893	0.5058842110149756	all
46620	4313.0	4585.0	19620.0	-0.5627757946339137	0.5735875647723494	all
31012	4896.0	4584.0	30800.0	-0.19001707705208204	0.8492957487630479	all
80186	3973.0	4586.0	18056.0	-0.8265400567877768	0.4084978050236856	all
10394	1297.0	4586.0	5238.0	-1.8589311435273894	0.06303689900985052	all
6635	4468.5	4585.5	117529.0	-0.11672628265814111	0.9070769620864273	all
9062	4878.5	4584.5	123339.0	-0.34967947268168437	0.7265792607048488	all
19395	4418.0	4586.0	131916.0	-0.062335468809965	0.9502956833559988	all
34440	4519.0	4585.0	139951.0	-0.13443201046827347	0.8930609706594377	all
80024	5765.0	4584.0	12990.0	-0.1713290560904152	0.8639650347668049	all
4527	5889.0	4574.5	194676.0	-3.0835299944057253	0.002045604882267735	all
46133	1426.0	4585.5	2869.0	-1.6840492164760905	0.09217215755849012	all
46131	2246.0	4589.0	70517.0	-2.1196994268786544	0.03403140137019841	all
6213	2246.0	4589.0	70517.0	-2.1196994268786544	0.03403140137019841	all
72527	3584.5	4589.5	147063.0	-2.1444480498294705	0.03199700374411281	all
46135	1426.0	4585.5	2869.0	-1.6840492164760905	0.09217215755849012	all
72529	2246.0	4586.0	12491.0	-1.7650618719324365	0.07755336776860892	all
9164	1878.5	4585.5	20512.0	-1.0828884458529082	0.2788579409546469	all
1901658	6847.0	4582.5	55161.0	-0.9132159817380058	0.36112896017911256	all
1901136	5338.5	4582.5	154343.0	-0.08255652891470881	0.9342041681184925	all
42454	2246.0	4585.0	18997.0	-0.6678430167067121	0.5042338045360513	all
46108	968.0	4585.5	1953.0	-1.928265013561834	0.05382217120464019	all
6152	1511.0	4585.0	18262.0	-0.7917987281409125	0.4284780440628919	all
72523	6221.5	4583.5	52469.0	-0.28167717393621305	0.7781910586267726	all
45437	4047.5	4584.5	8112.0	-0.28620705040561756	0.774719544073736	all
50263	4047.5	4584.5	8112.0	-0.28620705040561756	0.774719544073736	all
47724	606.0	4585.0	8596.0	-1.1278981443512595	0.25936293765429286	all
8477	888.0	4585.5	9772.0	-1.6206219209983506	0.10509874800379919	all
47622	541.5	4585.5	1100.0	-2.155684309319628	0.03110832420299842	all
80148	4740.0	4584.5	8875.0	-0.0827827565448945	0.9340242803377817	all
9690	4099.0	4584.5	50894.0	-0.45319913370792597	0.6504053562053811	all
70534	2803.5	4585.5	5624.0	-0.9495355472935323	0.34234830150974727	all
6301	4294.0	4585.0	39658.0	-0.20707666264902616	0.835949987577429	all
31372	2993.0	4586.0	9925.0	-0.8385762694539763	0.4017071318716938	all
31371	2993.0	4586.0	9925.0	-0.8385762694539763	0.4017071318716938	all
31011	3740.0	4585.0	37567.0	-0.4699772707844929	0.6383712565571191	all
97346	3740.0	4585.0	37567.0	-0.4699772707844929	0.6383712565571191	all
70603	2731.0	4587.5	55877.0	-0.8410178209778432	0.40033795088218893	all
44454	6386.5	4572.5	230729.0	-3.273958712220833	0.001060521056576841	all
228	6174.0	4571.0	288538.0	-3.0359602311042875	0.002397709870930284	all
33202	3740.0	4585.0	37567.0	-0.4699772707844929	0.6383712565571191	all
790	4805.0	4583.0	147035.0	-0.264431031760326	0.7914478023522133	all
785	4749.0	4584.0	222905.0	-0.5340410862519553	0.593313108379559	all
16717	1149.0	4585.5	19320.0	-1.2664105937816303	0.20536612009436606	all
4462	5815.0	4583.0	26295.0	-0.8321978213278732	0.40529729343318943	all
16846	6657.0	4578.0	56077.0	-2.6864112249932335	0.0072224137960686455	all
9765	5458.5	4582.5	113161.0	-0.44013916096499833	0.6598363203313207	all
3958	2204.0	4586.5	9252.0	-1.7186643151486782	0.0856755133387508	all
16653	2542.0	4586.0	22118.0	-1.4276226756763704	0.15340049325062735	all
45156	5409.0	4583.5	17455.0	-0.17204554742725786	0.8634017211504782	all
9435	7131.0	4582.5	17144.0	-1.6014308906716466	0.1092815154181555	all
19674	6416.0	4581.0	44622.0	-1.5711119121812878	0.11615665611282508	all
19359	6646.0	4581.0	26155.0	-1.9048035453143572	0.05680561287357959	all
19363	6416.0	4582.0	40803.0	-1.0998571012603104	0.27139438838268803	all
72525	5961.5	4582.5	75765.0	-0.6016879005409541	0.5473819054769543	all
19365	1012.5	4585.5	2042.0	-1.904536622796953	0.05684033173200841	all
43173	2545.0	4587.5	29129.0	-1.999260756202064	0.04558014790426617	all
43094	3974.5	4587.5	254042.0	-0.5327281366992834	0.5942217860890782	all
4514	4622.0	4584.5	9111.0	-0.019862529348130886	0.9841530364906697	all
43462	5425.0	4584.5	14858.0	-0.6616918889818756	0.5081687039484273	all
32456	4086.0	4584.5	8189.0	-0.26567799322701247	0.7904872133078988	all
46520	3753.0	4586.0	9156.0	-1.0059867448460085	0.31442194632904097	all
46519	3853.5	4585.5	17530.0	-0.1579048175017298	0.8745318018678131	all
16671	4510.0	4584.5	72818.0	-0.05259074885475211	0.9580579881116601	all
9825	4645.5	4584.5	92545.0	-0.6663644076782591	0.5051782066036894	all
16126	4860.0	4584.0	85865.0	-0.10735947914759603	0.9145037996043566	all
16125	4868.0	4583.0	98899.0	-0.5114533786439397	0.6090336259509193	all
32876	5479.5	4584.5	21761.0	-0.890590490514843	0.3731489026736333	all
10948	3551.0	4585.0	76606.0	-0.12327961966388606	0.9018856788620002	all
3838	3927.0	4584.5	7871.0	-0.35046033326332954	0.7259932542657122	all
8169	4756.5	4583.5	22902.0	-0.7149203807944807	0.4746582426006344	all
4618	2425.5	4585.5	4868.0	-1.1510935632289276	0.2496937457953985	all
18119	6214.0	4583.0	55742.0	-0.40755783536104667	0.6835983253727844	all
17014	6214.0	4583.0	55742.0	-0.40755783536104667	0.6835983253727844	all
30968	3760.0	4585.0	23800.0	-1.1878561913540884	0.2348900717968876	all
34620	3166.5	4585.5	26375.0	-1.379430001729046	0.1677622143827709	all
6986	3166.5	4585.5	26375.0	-1.379430001729046	0.1677622143827709	all
35966	2434.5	4586.5	35216.0	-2.1605777275497773	0.030727973430241664	all
35967	2573.0	4586.0	26561.0	-1.8537573248920716	0.06377388635889021	all
72593	4560.0	4585.0	194631.0	-0.11444838245652189	0.9088823622649589	all
10291	3845.5	4584.5	7708.0	-0.3939179478102468	0.6936416190879349	all
16119	2652.0	4589.5	37869.0	-1.8716585153120917	0.061253862324708634	all
42214	3816.0	4588.0	69497.0	-0.7739068031758133	0.43898590616760147	all
16123	5364.0	4584.0	21463.0	-0.2519589563029868	0.8010727886099237	all
16122	4200.5	4586.5	45508.0	-1.0397497847113837	0.29845616430394795	all
16116	4394.0	4586.5	124721.0	-0.872036324322068	0.3831885615764743	all
16108	4394.0	4586.5	124721.0	-0.872036324322068	0.3831885615764743	all
16117	4614.0	4584.5	98800.0	-0.16299995262995157	0.8705184719602178	all
16109	4614.0	4584.5	98800.0	-0.16299995262995157	0.8705184719602178	all
70062	6413.5	4583.5	12338.0	-1.136820414479618	0.2556133674265576	all
1903561	6413.5	4583.5	12338.0	-1.136820414479618	0.2556133674265576	all
43230	6413.5	4583.5	12338.0	-1.136820414479618	0.2556133674265576	all
65010	6413.5	4583.5	12338.0	-1.136820414479618	0.2556133674265576	all
4190	3249.5	4585.5	42810.0	-0.36733531211624093	0.7133689171196709	all
70001	3249.5	4585.5	42810.0	-0.36733531211624093	0.7133689171196709	all
9853	4439.0	4585.0	150808.0	-0.016370792369050514	0.9869385809380844	all
8453	2698.5	4585.5	14445.0	-0.7395601751051166	0.459566914070195	all
15822	5679.0	4584.0	13636.0	-0.030695548804000692	0.9755123410286617	all
9846	3771.0	4587.0	134586.0	-1.0829049040587593	0.2788506349232064	all
7093	4588.0	4584.0	55807.0	-0.4007564850918636	0.6885994193859679	all
75	4096.0	4584.5	81271.0	-0.1119409007067471	0.9108702663058544	all
45930	4069.5	4584.5	63334.0	-0.08908809361955812	0.9290118996774741	all
71423	3588.0	4586.0	23473.0	-1.234469532836482	0.21702799290582253	all
15743	3588.0	4586.0	23473.0	-1.234469532836482	0.21702799290582253	all
15740	3816.5	4585.5	32377.0	-0.5790685661470716	0.5625429090265286	all
6835	3588.0	4587.0	57089.0	-1.14061186520714	0.2540314774419674	all
15367	2130.5	4585.5	4278.0	-1.3083941312208367	0.19073966218497015	all
15140	3588.0	4586.0	23473.0	-1.234469532836482	0.21702799290582253	all
15556	3816.5	4585.5	32377.0	-0.5790685661470716	0.5625429090265286	all
5310	3863.0	4586.0	53439.0	-0.6485349072061021	0.5166390409810122	all
15742	2130.5	4585.5	4278.0	-1.3083941312208367	0.19073966218497015	all
15131	2130.5	4585.5	4278.0	-1.3083941312208367	0.19073966218497015	all
15729	2130.5	4585.5	4278.0	-1.3083941312208367	0.19073966218497015	all
1902356	2130.5	4585.5	4278.0	-1.3083941312208367	0.19073966218497015	all
89711	2317.5	4585.5	10657.0	-1.4537613078771197	0.146012494161212	all
15813	2317.5	4585.5	10657.0	-1.4537613078771197	0.146012494161212	all
15800	2317.5	4585.5	10657.0	-1.4537613078771197	0.146012494161212	all
19676	1920.5	4586.5	8132.0	-1.9298325487032304	0.053627589136741836	all
6536	3778.5	4585.5	48732.0	-0.6886470556294774	0.4910454014184229	all
5313	2317.5	4585.5	10657.0	-1.4537613078771197	0.146012494161212	all
15172	2317.5	4585.5	10657.0	-1.4537613078771197	0.146012494161212	all
19252	4261.0	4585.0	68763.0	-0.003312333739070956	0.9973571448817927	all
4747	4203.0	4585.0	20053.0	-0.4897515455849222	0.6243097220279173	all
8865	4702.5	4584.5	8950.0	-0.06278692163066878	0.94993618034227	all
4396	4702.5	4584.5	8950.0	-0.06278692163066878	0.94993618034227	all
6014	4203.0	4585.0	20053.0	-0.4897515455849222	0.6243097220279173	all
8893	3206.0	4586.0	20687.0	-0.3828292040212718	0.7018464063820264	all
16794	3206.0	4586.0	20687.0	-0.3828292040212718	0.7018464063820264	all
15969	3206.0	4586.0	9749.0	-0.8768912807270552	0.38054569258150917	all
1901068	3490.0	4587.0	51577.0	-0.8433674333787	0.3990229797028194	all
34035	3206.0	4586.0	9749.0	-0.8768912807270552	0.38054569258150917	all
34032	4040.0	4586.0	50011.0	-0.05254746440354326	0.9580924764196556	all
33865	4040.0	4586.0	50011.0	-0.05254746440354326	0.9580924764196556	all
33875	4040.0	4586.0	50011.0	-0.05254746440354326	0.9580924764196556	all
8728	3206.0	4586.0	9749.0	-0.8768912807270552	0.38054569258150917	all
16778	3206.0	4587.0	21630.0	-1.4971863167877102	0.13434478475458586	all
80116	1151.0	4586.0	3438.0	-2.250789213365696	0.02439889105488726	all
16575	3775.0	4584.5	53814.0	-0.13520286543275023	0.8924514816024858	all
6476	3775.0	4584.5	53814.0	-0.13520286543275023	0.8924514816024858	all
35601	5442.0	4583.5	58012.0	-0.6257341991580848	0.5314892976627993	all
98732	5442.0	4583.5	58012.0	-0.6257341991580848	0.5314892976627993	all
122	2549.5	4585.5	22241.0	-0.816688954436163	0.41410620516035457	all
4407	2735.0	4585.0	37182.0	-0.5183831694607983	0.6041909551341893	all
33558	2735.0	4585.0	37182.0	-0.5183831694607983	0.6041909551341893	all
19213	2735.0	4585.0	47692.0	-0.3163084383252247	0.7517684068630621	all
16811	4368.0	4586.5	191753.0	-0.018220751095950772	0.9854627484015591	all
16810	4565.0	4584.5	353337.0	-0.08370300509407264	0.933292567806878	all
1076	6442.0	4582.5	48519.0	-1.582964841750575	0.1134294780744548	all
1104	5907.0	4584.0	43687.0	-0.7718335355897069	0.44021302662413264	all
5672	780.0	4585.5	1577.0	-2.0285107992651525	0.04250814225204638	all
16591	5357.0	4583.0	145075.0	-0.9642179455860976	0.3349366690739003	all
55029	5357.0	4581.0	182233.0	-1.3230551647802804	0.18581703328982838	all
428	5219.0	4581.5	196492.0	-1.2476175312520315	0.21217115519442764	all
30880	5219.0	4581.5	196492.0	-1.2476175312520315	0.21217115519442764	all
30145	3345.5	4586.5	41453.0	-0.5292038032809556	0.5966640786256898	all
3844	4757.5	4584.5	8840.0	-0.09211414617153317	0.9266073492116953	all
10021	2578.5	4585.5	11419.0	-1.3100914918337547	0.19016488635402917	all
2000896	2578.5	4585.5	11419.0	-1.3100914918337547	0.19016488635402917	all
5978	6661.0	4584.0	11355.0	-0.5272668028602104	0.5980083240982216	all
5977	6636.0	4583.0	24925.0	-1.0274891908412658	0.3041901726432842	all
6112	6636.0	4583.0	24925.0	-1.0274891908412658	0.3041901726432842	all
9501	5429.5	4582.5	39912.0	-0.7130205644341062	0.47583303198568005	all
60359	3387.0	4585.5	12802.0	-1.0493364320070175	0.2940233038912088	all
8905	4361.5	4584.5	8740.0	-0.1187752593905008	0.9054534100461371	all
70568	5444.0	4584.0	19403.0	-0.5993722427716299	0.5489246825735483	all
9298	870.0	4585.0	6336.0	-1.6198977209260224	0.10525424951287524	all
19673	1488.5	4585.5	8449.0	-1.8700643968846653	0.06147487582134889	all
19853	3786.0	4584.5	39550.0	-0.7562013999548334	0.44952845355175897	all
42364	4677.0	4583.0	185738.0	-0.10474265714523684	0.9165800125937362	all
6767	4655.0	4583.5	187070.0	-0.2912696387194306	0.7708451060368039	all
6766	4698.0	4582.5	234875.0	-0.1394890265665094	0.889063726692299	all
9110	4719.0	4582.0	227112.0	-0.31132986005627966	0.7555498693992473	all
19852	3786.0	4584.5	39550.0	-0.7562013999548334	0.44952845355175897	all
7031	3645.5	4587.5	98409.0	-0.890655622322774	0.37311394923105146	all
16559	4564.5	4584.5	25493.0	-0.31600604750310574	0.7519979179268188	all
266	3507.5	4585.5	16577.0	-0.3375863590887728	0.7356749231814185	all
44375	3336.0	4586.0	16009.0	-1.1717609293126858	0.2412930530583154	all
50200	836.5	4585.5	1690.0	-1.998383741327719	0.04567507294213407	all
1900376	3464.0	4585.5	37366.0	-1.0167178219914854	0.3092876850434124	all
2000762	2392.0	4585.5	38426.0	-0.8902767014059308	0.37331732821897523	all
4430	3474.5	4584.5	14060.0	-0.8121492553894939	0.4167059929946415	all
52742	6460.0	4583.5	23653.0	-0.5992952691380459	0.5489760020898204	all
46854	6008.0	4584.0	28518.0	-0.5153126283145361	0.6063345758003567	all
46834	4307.0	4585.0	39550.0	-0.220655460199782	0.8253607142072485	all
1902183	2415.0	4585.0	27134.0	-0.7125996760565327	0.4760935122694	all
51353	4545.0	4584.5	9107.0	-0.020928973876889592	0.9833023138694811	all
51341	3995.5	4584.5	16563.0	-0.3402259620082047	0.7336863682814314	all
1900409	6495.5	4583.5	5364.0	-1.0188544416628482	0.30827207512534316	all
1900407	6053.0	4584.0	10488.0	-0.7160117731656616	0.4739840793223574	all
1902882	6270.0	4583.5	13176.0	-0.9788213254450512	0.32766827080583993	all
1902884	6487.0	4583.0	8053.0	-1.2461086620858153	0.2127245051662937	all
1901031	5052.5	4584.5	8250.0	-0.2494147141634422	0.8030400044646179	all
2000121	5052.5	4584.5	8250.0	-0.2494147141634422	0.8030400044646179	all
90322	4945.0	4584.5	16711.0	-0.31232158828849604	0.7547961349780455	all
22627	4315.0	4585.0	168133.0	-0.07204093604173653	0.9425693302104322	all
15935	5431.5	4583.5	184383.0	-0.44793894494285375	0.654197260752705	all
30686	2853.5	4585.5	14943.0	-0.6456657283996105	0.5184958601433989	all
30684	3190.0	4587.0	47942.0	-1.2237198676630143	0.22105792216672493	all
6364	5169.0	4580.0	346723.0	-1.9968825521715468	0.04583794299766212	all
34470	5084.0	4579.5	657053.0	-2.2130491048051786	0.026894260402410376	all
34660	4974.5	4577.5	835462.0	-2.8220404223151805	0.004771916214126633	all
16072	5124.5	4580.5	352339.0	-1.940808787925314	0.05228147469608205	all
32040	1004.5	4585.5	9978.0	-1.581782049469567	0.11369933425061746	all
42274	6250.0	4584.0	90110.0	-0.5059571642568998	0.6128867210604418	all
18298	2642.0	4587.5	30519.0	-1.8334558905285536	0.06673480248189044	all
9881	2783.0	4588.0	25131.0	-2.0335506628326345	0.04199692056275394	all
15030	4938.0	4584.0	36587.0	-0.5931922855969067	0.5530524748009491	all
43153	2227.0	4585.5	4471.0	-1.256938182708229	0.20877602091081682	all
9649	2749.0	4586.5	19887.0	-1.1791144042886896	0.23835262361351728	all
9882	1951.5	4586.5	9391.0	-1.692456829020033	0.09055890475942453	all
9785	2641.0	4587.0	29681.0	-1.4614809512035702	0.143883499404173	all
30522	2641.0	4587.0	29681.0	-1.4614809512035702	0.143883499404173	all
71483	3320.0	4586.5	57162.0	-0.7114443062057638	0.47680895156306846	all
9637	3893.0	4587.0	161596.0	-0.4780164523390052	0.6326384951906902	all
46901	4263.0	4584.5	8543.0	-0.17129765243186704	0.863989726263352	all
9396	5196.0	4583.5	51002.0	-0.4414376278950085	0.658896206514747	all
42559	5715.0	4583.0	63428.0	-0.5230564660315283	0.6009349593728058	all
42558	5203.5	4582.5	86325.0	-0.4518800002222433	0.6513554330873363	all
6760	4692.0	4583.0	73914.0	-0.3696558157553347	0.711638957250849	all
46900	4692.0	4584.0	13242.0	-0.11646892631305227	0.9072809116702669	all
4326	4263.0	4584.5	8543.0	-0.17129765243186704	0.863989726263352	all
10449	2318.0	4585.5	11017.0	-1.385885804234585	0.16578177618499726	all
35266	2399.5	4585.5	25052.0	-1.555850891311677	0.11974355331475739	all
2000023	4220.0	4584.5	8457.0	-0.1942262098001792	0.8459987611672395	all
3988	1227.5	4585.5	2472.0	-1.789893835955392	0.07347097997511043	all
16408	2028.5	4585.5	19288.0	-1.2713373628535425	0.20360865569150588	all
31408	5821.5	4581.5	34058.0	-1.411309545479235	0.15815336112221992	all
31407	5821.5	4581.5	34058.0	-1.411309545479235	0.15815336112221992	all
9695	4519.0	4585.0	54295.0	-0.5589663559688605	0.5761846815491953	all
1077	1082.0	4586.0	5654.0	-1.768368389609203	0.07699933751753668	all
982	1599.5	4586.5	7777.0	-1.9967653370173966	0.045850680707681384	all
6809	2341.0	4585.5	13735.0	-0.8734257517334488	0.382431059784651	all
46209	2341.0	4585.5	13735.0	-0.8734257517334488	0.382431059784651	all
2001057	3401.0	4587.0	53901.0	-1.4511918640353225	0.1467264417731521	all
1903409	2341.0	4585.5	22241.0	-0.816688954436163	0.41410620516035457	all
16363	4369.0	4585.0	21422.0	-0.2588734925870715	0.7957328510249251	all
34399	4503.0	4585.0	54884.0	-0.4973356589142631	0.618952369621619	all
303	2328.0	4587.0	33617.0	-1.9171862770262453	0.05521427083029437	all
305	2328.0	4587.0	33617.0	-1.9171862770262453	0.05521427083029437	all
3950	4978.5	4583.5	35571.0	-0.1531514676384368	0.8782788292628806	all
6465	3039.0	4585.0	28392.0	-0.5332737323719722	0.5938441081514181	all
80144	4223.0	4584.5	17018.0	-0.2544388671266679	0.799156527087221	all
34045	1283.0	4585.5	2583.0	-1.760300000282338	0.07835695413767303	all
407	5167.0	4583.5	34285.0	-0.3246384396741614	0.7454547309622395	all
10181	3512.0	4587.0	80665.0	-0.5575766497665471	0.5771335049534407	all
6491	1775.5	4586.5	20179.0	-2.205661167151557	0.02740773282248874	all
4571	1226.0	4585.5	8024.0	-1.9501951997959908	0.0511528577238095	all
15924	1454.0	4585.0	13318.0	-1.6255906156656559	0.10403677286514075	all
4559	3371.5	4584.5	20386.0	-1.1022875990735619	0.270336658874757	all
10555	1791.0	4586.0	6726.0	-1.5349951391277226	0.12478502204411199	all
7188	1791.0	4586.0	5118.0	-1.8850550148499432	0.05942241062968062	all
7187	1791.0	4586.0	5118.0	-1.8850550148499432	0.05942241062968062	all
7186	4218.0	4585.0	67023.0	-0.17282588391505518	0.8627882907531285	all
1664	1638.0	4586.5	6609.0	-2.2169836377242866	0.026624209664555833	all
31683	1791.0	4586.0	5118.0	-1.8850550148499432	0.05942241062968062	all
2000067	4221.5	4584.5	17298.0	-0.2016468087380299	0.8401928487230087	all
5513	6655.0	4584.0	12684.0	-0.23794492796292735	0.8119238085632604	all
55075	1916.0	4586.5	13303.0	-2.192797140834584	0.02832199804054877	all
55067	5511.0	4583.0	77241.0	-0.06516339213117066	0.9480439079955723	all
19722	4058.0	4585.0	21125.0	-0.3089617188400749	0.757350647016477	all
52033	4352.0	4585.0	13011.0	-0.1667573786089683	0.8675609559484778	all
52169	4352.0	4585.0	13011.0	-0.1667573786089683	0.8675609559484778	all
52167	4352.0	4585.0	13011.0	-0.1667573786089683	0.8675609559484778	all
52553	4352.0	4585.0	21268.0	-0.2848451654589992	0.7757627678748747	all
52552	4352.0	4585.0	21268.0	-0.2848451654589992	0.7757627678748747	all
52564	4352.0	4585.0	21268.0	-0.2848451654589992	0.7757627678748747	all
52173	4352.0	4585.0	21268.0	-0.2848451654589992	0.7757627678748747	all
52255	4352.0	4585.0	21268.0	-0.2848451654589992	0.7757627678748747	all
52572	4352.0	4585.0	21268.0	-0.2848451654589992	0.7757627678748747	all
52200	4352.0	4585.0	21268.0	-0.2848451654589992	0.7757627678748747	all
75136	4352.0	4585.0	21268.0	-0.2848451654589992	0.7757627678748747	all
52031	4352.0	4585.0	21268.0	-0.2848451654589992	0.7757627678748747	all
52306	4352.0	4585.0	13011.0	-0.1667573786089683	0.8675609559484778	all
52308	4352.0	4585.0	13011.0	-0.1667573786089683	0.8675609559484778	all
52257	4352.0	4585.0	13011.0	-0.1667573786089683	0.8675609559484778	all
52305	4352.0	4585.0	13011.0	-0.1667573786089683	0.8675609559484778	all
52510	4352.0	4585.0	13011.0	-0.1667573786089683	0.8675609559484778	all
52555	4352.0	4585.0	21268.0	-0.2848451654589992	0.7757627678748747	all
52166	4352.0	4585.0	13011.0	-0.1667573786089683	0.8675609559484778	all
52509	4352.0	4585.0	13011.0	-0.1667573786089683	0.8675609559484778	all
52556	4352.0	4585.0	21268.0	-0.2848451654589992	0.7757627678748747	all
51082	4616.0	4584.0	123279.0	-0.6679501416014922	0.504165419015008	all
42762	4393.5	4584.5	41398.0	-0.5357644274622816	0.5921213700169472	all
10215	3551.0	4584.5	23943.0	-0.5546464244238434	0.5791365282918288	all
71668	4537.0	4585.0	37876.0	-0.4311268222364971	0.6663761587722483	all
70726	4537.0	4585.0	37876.0	-0.4311268222364971	0.6663761587722483	all
8574	5592.5	4583.5	7170.0	-0.5373547369282926	0.5910226025029768	all
46912	5818.0	4583.0	39553.0	-0.22027827137892766	0.8256544414924003	all
19287	4158.0	4584.5	17245.0	-0.21163959121873638	0.8323882195705423	all
9240	4630.0	4584.5	53859.0	-0.1303022380107013	0.8963273094830172	all
46490	4630.0	4584.5	53859.0	-0.1303022380107013	0.8963273094830172	all
19201	4149.5	4585.5	53060.0	-0.21731560045997028	0.8279624001791043	all
19205	4038.0	4587.0	114814.0	-0.643706471861575	0.5197657923952104	all
4017	4149.5	4585.5	24492.0	-0.4701215425338531	0.638268183905627	all
16776	3698.0	4587.0	78491.0	-0.7458020591753163	0.45578699586872695	all
62	5497.0	4583.0	44667.0	-0.6603692171579485	0.5090169213639345	all
1901681	5444.5	4583.5	77827.0	-0.4182773822594186	0.675744324338758	all
10271	1802.0	4585.5	13979.0	-0.8274212437090642	0.4079983438263708	all
1901404	1802.0	4585.5	13979.0	-0.8274212437090642	0.4079983438263708	all
1901402	4315.5	4584.5	8648.0	-0.14330348355195102	0.8860505047450342	all
51195	4315.5	4584.5	8648.0	-0.14330348355195102	0.8860505047450342	all
15996	5150.5	4584.5	43266.0	-0.3129417734492476	0.7543248997326832	all
6787	7095.0	4583.5	45742.0	-1.0142665221167293	0.3104555939897692	all
51187	7095.0	4583.5	45742.0	-1.0142665221167293	0.3104555939897692	all
33015	7095.0	4583.5	45742.0	-1.0142665221167293	0.3104555939897692	all
46149	5150.5	4584.5	43266.0	-0.3129417734492476	0.7543248997326832	all
254	6020.5	4583.5	6314.0	-0.7655738660826557	0.44392989945855676	all
5747	4968.0	4582.0	150320.0	-0.048454915566225824	0.9613536943693953	all
45271	4968.0	4582.0	150320.0	-0.048454915566225824	0.9613536943693953	all
30964	4968.0	4582.0	150320.0	-0.048454915566225824	0.9613536943693953	all
6120	2141.5	4585.5	22510.0	-0.7752733019254027	0.43817818183182455	all
8137	4772.5	4584.5	61481.0	-0.27593612698349834	0.7825971253684453	all
50136	4772.5	4584.5	61481.0	-0.27593612698349834	0.7825971253684453	all
3954	4577.0	4585.0	67432.0	-0.1329804574656428	0.8942088358971174	all
16655	5985.0	4581.0	88878.0	-1.9373468309250368	0.05270296128749777	all
1904031	3812.0	4585.0	20593.0	-0.3986820433067342	0.6901275006152832	all
32465	5214.5	4583.5	32187.0	-0.6044048994960511	0.5455744791451339	all
8353	2317.0	4588.0	16406.0	-2.2418593929468074	0.02497046120136155	all
10078	3812.0	4586.0	32908.0	-1.0557515095712646	0.29108175723627017	all
9828	4975.0	4583.0	37804.0	-0.44017935393700097	0.659807211817111	all
6949	4645.5	4584.5	25725.0	-0.2802869717317437	0.7792573454109494	all
9831	4888.0	4583.5	35574.0	-0.15275142026976868	0.8785943090237373	all
42547	4888.0	4583.5	35574.0	-0.15275142026976868	0.8785943090237373	all
10288	6175.0	4584.0	12473.0	-0.2838794017050844	0.7765028024442798	all
4634	5368.5	4584.5	7618.0	-0.4179129497073177	0.6760107641451689	all
15	5368.5	4584.5	7618.0	-0.4179129497073177	0.6760107641451689	all
8661	3440.0	4584.5	6897.0	-0.6101395760160743	0.5417693522453104	all
19288	4705.0	4584.0	32089.0	-0.006272131575612611	0.9949955958638874	all
9228	4997.0	4583.5	36014.0	-0.09407780619844767	0.9250473502583763	all
42724	4997.0	4583.5	36014.0	-0.09407780619844767	0.9250473502583763	all
42723	4719.0	4584.0	38791.0	-0.316084231875927	0.7519385748079122	all
72528	3681.0	4588.0	124887.0	-1.7205768526026184	0.08532763680856575	all
6772	4719.0	4584.0	38791.0	-0.316084231875927	0.7519385748079122	all
46168	5231.0	4584.0	12630.0	-0.24970067005807656	0.8028188399780939	all
6072	5231.0	4584.0	18754.0	-0.7088242927318966	0.47843352065161915	all
9331	5231.0	4584.0	12630.0	-0.24970067005807656	0.8028188399780939	all
4367	5231.0	4584.0	12630.0	-0.24970067005807656	0.8028188399780939	all
9627	5238.0	4583.0	129455.0	-0.8463383585384038	0.3973640149912975	all
1900057	3738.5	4584.5	7494.0	-0.45097273009883754	0.6520092033209783	all
16531	1993.5	4585.5	11442.0	-1.3057550013232595	0.19163588714138924	all
16530	1659.0	4586.0	12591.0	-1.7481971492883277	0.08042989506970721	all
46688	2317.5	4585.5	19998.0	-1.162024674070495	0.24522544250202527	all
48235	5200.0	4582.5	65494.0	-0.7434869723744013	0.4571869059434047	all
6888	3364.0	4589.5	97675.0	-1.5867444341930181	0.11257053822234037	all
4673	4743.0	4583.5	43690.0	-0.26236532521502576	0.7930398030124876	all
16775	4743.0	4583.5	43690.0	-0.26236532521502576	0.7930398030124876	all
18106	4743.0	4583.5	43690.0	-0.26236532521502576	0.7930398030124876	all
18202	4837.0	4583.0	57044.0	-0.27132155766141053	0.7861437274927143	all
71329	4564.0	4584.5	26868.0	-0.10430893894438692	0.916924184353648	all
71324	5486.0	4584.0	30554.0	-0.22508399449755256	0.8219139320627918	all
9884	7926.0	4584.0	8987.0	-1.0427778636252718	0.2970511859440965	all
34757	5309.0	4584.5	7737.0	-0.38618622497674615	0.6993587548235372	all
43271	4163.0	4585.0	12750.0	-0.22357679873552277	0.823086618605556	all
51051	4163.0	4585.0	12750.0	-0.22357679873552277	0.823086618605556	all
34756	1762.0	4585.0	12051.0	-0.37574834918939853	0.7071039898797582	all
80117	3879.5	4584.5	18329.0	-0.007258908028437728	0.9942082802178867	all
80190	3879.5	4584.5	18329.0	-0.007258908028437728	0.9942082802178867	all
5034	7926.0	4584.0	8987.0	-1.0427778636252718	0.2970511859440965	all
NA	6157.5	4572.5	231798.0	-3.592226901336911	3.2786417924152524E-4	all
9693	7295.5	4581.5	31670.0	-1.6961599190248051	0.0898555986926535	all
9692	7295.5	4581.5	31670.0	-1.6961599190248051	0.0898555986926535	all
43449	7295.5	4581.5	31670.0	-1.6961599190248051	0.0898555986926535	all
1900673	7295.5	4581.5	31670.0	-1.6961599190248051	0.0898555986926535	all
43450	7295.5	4581.5	31670.0	-1.6961599190248051	0.0898555986926535	all
1900674	7295.5	4581.5	31670.0	-1.6961599190248051	0.0898555986926535	all
46500	8236.5	4583.5	10623.0	-1.4601717721100258	0.14424287119180995	all
9809	4313.0	4585.5	88561.0	-0.2631782203180625	0.7924132169118868	all
9808	5168.0	4584.0	108587.0	-1.0961683976186614	0.2730050867356857	all
51258	5518.0	4582.5	77048.0	-0.48756777689633235	0.6258560243842864	all
43572	5188.0	4582.0	77252.0	-0.06415665433139134	0.948845491079576	all
10020	5090.5	4582.5	70104.0	-0.3086110042660476	0.7576174490263683	all
30007	4565.0	4584.5	9147.0	-0.01026452858930254	0.9918102349270779	all
30004	6487.0	4581.0	29401.0	-1.4966852411499743	0.13447517832746325	all
6672	4773.5	4584.5	42419.0	-0.41397538584166715	0.6788921332408291	all
43097	4273.5	4584.5	25572.0	-0.303843086356823	0.761247439412529	all
43174	3490.0	4586.0	43200.0	-0.8272244775042644	0.40810984034141995	all
46134	2586.0	4587.5	63164.0	-1.7225200736086699	0.08497534966619956	all
8655	5275.0	4584.0	40278.0	-0.1291243063391317	0.8972592893223298	all
6206	5045.0	4584.0	77546.0	-0.037249298591834915	0.9702862312683543	all
4849	4581.0	4585.0	30156.0	-0.28181827556786665	0.7780828568076461	all
19206	4309.5	4585.5	42180.0	-0.44248428001142903	0.6581388033022935	all
6222	4581.0	4585.0	55723.0	-0.4095459223628079	0.6821390732467556	all
9220	3198.0	4587.0	61842.0	-1.4745047902040598	0.14034572891402353	all
9218	3198.0	4587.0	61842.0	-1.4745047902040598	0.14034572891402353	all
6220	2426.0	4588.5	75406.0	-2.0456071566907204	0.04079503677983538	all
6221	1981.0	4589.0	70333.0	-2.134854256477103	0.03277291680850661	all
9174	4581.0	4585.0	55723.0	-0.4095459223628079	0.6821390732467556	all
9173	3889.5	4585.5	57700.0	-0.6571948502155858	0.5110556364507364	all
9129	3034.5	4586.5	62405.0	-1.034882170961539	0.3007239419258514	all
9130	3198.0	4586.0	60430.0	-0.8151263645531379	0.41499998176764863	all
46132	2586.0	4587.5	63164.0	-1.7225200736086699	0.08497534966619956	all
46049	4581.0	4585.0	55723.0	-0.4095459223628079	0.6821390732467556	all
7205	4808.0	4584.0	28455.0	-0.5242931803432541	0.6000746394406751	all
3951	5883.0	4582.0	32512.0	-1.1055404339240358	0.26892548408239547	all
4143	5345.5	4583.5	23501.0	-0.6226974222296279	0.5334833769941931	all
9574	4832.0	4584.0	39055.0	-0.2828916156407461	0.7772599219260244	all
913	2447.0	4585.0	12100.0	-0.3650811017326891	0.7150508673771809	all
1902408	2447.0	4585.0	12100.0	-0.3650811017326891	0.7150508673771809	all
7105	2447.0	4585.0	12100.0	-0.3650811017326891	0.7150508673771809	all
34453	6221.0	4584.0	13290.0	-0.10601937778403075	0.9155669775787876	all
45010	5624.5	4583.5	60927.0	-0.33179894969457385	0.7400410774231714	all
30838	5624.5	4583.5	60927.0	-0.33179894969457385	0.7400410774231714	all
51495	4835.5	4583.5	79519.0	-0.26777757773354166	0.7888705309987432	all
32273	5624.5	4583.5	68801.0	-0.43152714015437404	0.6660851230007554	all
31334	3932.0	4585.0	96443.0	-0.7047635506891098	0.48095739511346014	all
30041	4869.0	4584.5	26104.0	-0.22193555053628597	0.8243640552307289	all
9960	4690.0	4584.0	65902.0	-0.28203547572383586	0.7779163083056969	all
71731	6086.0	4583.0	44177.0	-0.7161013763738278	0.473928753969558	all
7229	1233.0	4585.5	2483.0	-1.7869611135013057	0.07394377382338588	all
33609	5824.5	4584.5	19800.0	-1.1925090577029505	0.23306170129853498	all
46564	7656.0	4584.0	14152.0	-1.484938828813788	0.13756002907115145	all
51788	2029.5	4585.5	8873.0	-1.7901221370390135	0.07343427876761974	all
43248	3447.5	4584.5	25255.0	-0.3526488924754513	0.7243516785500657	all
10499	5278.5	4582.5	55557.0	-0.873285155395793	0.38250766971475036	all
5839	5278.5	4582.5	55557.0	-0.873285155395793	0.38250766971475036	all
16768	3437.5	4584.5	6892.0	-0.6114726316770227	0.5408867314762756	all
6597	1189.0	4585.0	8703.0	-1.104604359088649	0.26933106142130825	all
2213	1938.0	4586.0	19058.0	-1.8638209170712474	0.062346857323318364	all
44210	2193.5	4585.5	4404.0	-1.2748011285649374	0.20237964115545215	all
6241	1441.0	4586.0	11525.0	-1.9279750926745285	0.05385822431974367	all
9209	1441.0	4586.0	11525.0	-1.9279750926745285	0.05385822431974367	all
9208	1441.0	4586.0	11525.0	-1.9279750926745285	0.05385822431974367	all
9147	1441.0	4586.0	11525.0	-1.9279750926745285	0.05385822431974367	all
9148	1441.0	4586.0	11525.0	-1.9279750926745285	0.05385822431974367	all
46036	1441.0	4586.0	11525.0	-1.9279750926745285	0.05385822431974367	all
3883	2193.5	4585.5	4404.0	-1.2748011285649374	0.20237964115545215	all
4725	4430.0	4585.0	65380.0	-0.3328895407766311	0.7392176648657716	all
35335	4430.0	4585.0	65380.0	-0.3328895407766311	0.7392176648657716	all
8138	4615.5	4584.5	54161.0	-0.09741358286717285	0.9223979584551577	all
5681	5047.0	4579.5	268608.0	-1.1046823493628029	0.2692972542041234	all
8380	4890.5	4580.5	552174.0	-0.9283803454527865	0.3532103101258127	all
8121	3750.0	4585.0	21237.0	-0.2900732294786729	0.7717602155108546	all
16681	3750.0	4585.0	21237.0	-0.2900732294786729	0.7717602155108546	all
16679	4850.0	4584.0	47444.0	-0.34451573523448603	0.7304584645016898	all
16578	5784.5	4584.5	6786.0	-0.6397334116891283	0.5223459297627385	all
31491	2250.0	4586.0	6402.0	-1.6055295916986179	0.10837730627662644	all
7155	2769.5	4587.5	41017.0	-1.528832401431868	0.1263059976710594	all
22610	2769.5	4587.5	41017.0	-1.528832401431868	0.1263059976710594	all
9986	4115.0	4584.5	34618.0	-0.2802331817520025	0.7792986107537994	all
30247	3454.0	4586.5	47430.0	-0.8304385423740933	0.4062908817637141	all
1871	3454.0	4586.5	47430.0	-0.8304385423740933	0.4062908817637141	all
71577	5306.0	4584.0	73935.0	-0.3677338617739378	0.7130716890048723	all
6829	6359.0	4583.5	75426.0	-0.6318412301711387	0.5274906291045682	all
5385	5306.0	4584.0	73935.0	-0.3677338617739378	0.7130716890048723	all
61088	4446.5	4584.5	35180.0	-0.20529097468817886	0.8373447950451258	all
2000021	2887.0	4585.0	38068.0	-0.4069867377018201	0.6840177288902286	all
32844	4550.5	4584.5	62017.0	-0.22188834183343253	0.8244008061944621	all
97501	1515.0	4585.0	7998.0	-1.2580821031086524	0.20836206503470545	all
15562	5899.0	4583.5	36586.0	-0.017802107905730353	0.9857967231600823	all
5985	3133.0	4586.0	53159.0	-0.6778330314425829	0.49787756499133984	all
52543	5034.5	4584.5	36314.0	-0.054073069331637885	0.9568769484029607	all
52386	3652.0	4585.0	37377.0	-0.49386589610526704	0.6214008912869904	all
52545	5034.5	4584.5	36314.0	-0.054073069331637885	0.9568769484029607	all
33037	3693.0	4585.5	42869.0	-0.36029755163081856	0.7186246300667619	all
19013	3276.0	4585.0	29843.0	-0.32643593882165634	0.7440945501617242	all
44423	3276.0	4585.0	29843.0	-0.32643593882165634	0.7440945501617242	all
19012	3276.0	4585.0	29843.0	-0.32643593882165634	0.7440945501617242	all
19028	3276.0	4585.0	29843.0	-0.32643593882165634	0.7440945501617242	all
71617	4926.0	4583.0	19842.0	-0.525336110363992	0.5993495588797757	all
1046	3707.0	4585.0	13264.0	-0.11167954990391742	0.9110774946834163	all
1047	3707.0	4585.0	20968.0	-0.3354393333913258	0.7372937011382521	all
10019	5818.5	4583.5	34402.0	-0.3090365922961056	0.7572936916541719	all
6545	2871.0	4586.0	8204.0	-1.2132361240049352	0.22503955656729568	all
9070	5324.0	4583.5	67398.0	-0.563876594222925	0.5728381200919527	all
9069	5475.5	4577.5	110071.0	-1.8820637703685001	0.059827357712457944	all
6544	4395.0	4584.5	35154.0	-0.20875805188330238	0.8346371195241343	all
9219	2358.0	4585.5	4733.0	-1.187086066074534	0.23519367391408497	all
9394	2871.0	4585.0	10417.0	-0.7314683970315059	0.46449310104651553	all
9262	2871.0	4585.0	18237.0	-0.7960149088019396	0.4260233699287742	all
19692	2871.0	4585.0	10417.0	-0.7314683970315059	0.46449310104651553	all
9176	2358.0	4585.5	4733.0	-1.187086066074534	0.23519367391408497	all
9162	2358.0	4586.5	9218.0	-1.7250747793815844	0.08451399700690843	all
9177	2358.0	4585.5	4733.0	-1.187086066074534	0.23519367391408497	all
9157	2358.0	4586.5	9218.0	-1.7250747793815844	0.08451399700690843	all
9221	2358.0	4585.5	4733.0	-1.187086066074534	0.23519367391408497	all
9265	2358.0	4585.5	4733.0	-1.187086066074534	0.23519367391408497	all
9263	2461.0	4586.0	7201.0	-1.4315881484759472	0.15226172339510058	all
46385	2358.0	4585.5	4733.0	-1.187086066074534	0.23519367391408497	all
46653	4677.0	4584.0	56923.0	-0.2839825327778898	0.776423766639053	all
46654	3370.0	4585.0	17974.0	-0.840369129355946	0.4007014523472885	all
16646	3125.0	4585.5	38220.0	-0.9148492210668971	0.36027079081767566	all
10966	6031.0	4584.5	6293.0	-0.7711726998586388	0.440604573562837	all
6817	4584.0	4584.5	36301.0	-0.05580660792919964	0.9554958707791558	all
43157	1936.0	4585.5	10342.0	-1.5131523735643375	0.13024095867985236	all
35725	5027.0	4582.5	67879.0	-0.5185023337760448	0.6041078322084845	all
15081	5027.0	4582.5	67879.0	-0.5185023337760448	0.6041078322084845	all
6298	5679.5	4581.5	56141.0	-1.6257852217708075	0.10399535320762461	all
3684	4842.0	4581.0	113488.0	-1.9293231774823605	0.05369075413841413	all
9961	4687.0	4584.0	10697.0	-0.6705126972788804	0.5025310149986796	all
43200	5286.0	4583.5	13987.0	-0.8259128991836746	0.4088535027962765	all
50992	2939.5	4585.5	5896.0	-0.8770173193379404	0.3804772310146094	all
50993	2939.5	4585.5	5896.0	-0.8770173193379404	0.3804772310146094	all
16863	6863.5	4583.5	16042.0	-1.771096500585616	0.0765446558495096	all
9446	2044.0	4585.0	8872.0	-1.0678132403093858	0.2856047643594428	all
9445	3539.0	4584.5	13912.0	-0.8400536291092026	0.40087831801929874	all
70628	2987.5	4585.5	5992.0	-0.8514226506477314	0.39453461379140353	all
6289	5674.0	4581.5	62131.0	-1.8144032284994682	0.06961566907735996	all
90213	5289.0	4584.5	7777.0	-0.3755217796891591	0.7072724517671871	all
19419	967.0	4585.5	1951.0	-1.9287982358262135	0.053755914947391514	all
19344	5955.0	4582.0	32396.0	-1.1201250683304032	0.26266046940764276	all
6534	5793.0	4579.5	47836.0	-1.6518354336488865	0.09856810317857363	all
51539	4950.5	4581.5	147041.0	-0.5555481131714399	0.578519810503211	all
7584	4385.0	4585.0	22135.0	-0.1386280201345751	0.8897441002217155	all
4445	5031.0	4584.0	12458.0	-0.28714488562040363	0.7740013848427165	all
4365	2838.0	4585.5	5693.0	-0.9311393791724446	0.3517814708484367	all
43891	3423.0	4585.0	10999.0	-0.60476762111712	0.5453334104278462	all
8886	4278.0	4584.5	8573.0	-0.16329931846617676	0.8702827704776646	all
51775	2800.0	4586.5	18702.0	-1.3615588214829308	0.17333715821119466	all
46898	2242.0	4586.0	5388.0	-1.8262763043741972	0.06780865263759928	all
1901654	2242.0	4586.0	5388.0	-1.8262763043741972	0.06780865263759928	all
71217	2242.0	4586.0	5388.0	-1.8262763043741972	0.06780865263759928	all
71216	2343.0	4588.0	24060.0	-2.16820707187763	0.030142934998254763	all
30274	4467.0	4584.5	8951.0	-0.0625203104984791	0.9501484881340352	all
10272	2242.0	4586.0	5388.0	-1.8262763043741972	0.06780865263759928	all
3713	4247.0	4585.5	100102.0	-0.05822289100358922	0.9535710872598772	all
30433	3932.0	4586.0	47880.0	-2.0377672005925644	0.04157322000773939	all
36503	3932.0	4586.0	47880.0	-2.0377672005925644	0.04157322000773939	all
45899	2943.5	4585.5	18445.0	-1.4011269355917242	0.16117611819439925	all
60261	1955.0	4586.0	18604.0	-1.9285379110559775	0.05378825344361499	all
60260	1955.0	4586.0	18604.0	-1.9285379110559775	0.05378825344361499	all
2000142	1955.0	4586.0	18604.0	-1.9285379110559775	0.05378825344361499	all
2000144	1955.0	4586.0	18604.0	-1.9285379110559775	0.05378825344361499	all
45898	2943.5	4585.5	18445.0	-1.4011269355917242	0.16117611819439925	all
31595	1955.0	4586.0	18676.0	-1.918274423023157	0.05507622378451381	all
17025	4345.0	4585.0	45132.0	-0.6074805354530836	0.5435320562337941	all
36402	2943.5	4585.5	18445.0	-1.4011269355917242	0.16117611819439925	all
1901800	3464.5	4585.5	50049.0	-1.428686649064753	0.1530943168264063	all
1903052	3464.5	4585.5	50049.0	-1.428686649064753	0.1530943168264063	all
1903050	4723.5	4582.5	136696.0	-0.0464336849769469	0.9629645887253103	all
1903362	4723.5	4582.5	136696.0	-0.0464336849769469	0.9629645887253103	all
30162	4848.0	4582.0	174105.0	-0.2601392212474512	0.7947563848976678	all
1903364	3464.5	4585.5	50049.0	-1.428686649064753	0.1530943168264063	all
45862	3464.5	4585.5	50049.0	-1.428686649064753	0.1530943168264063	all
61136	4723.5	4582.5	136696.0	-0.0464336849769469	0.9629645887253103	all
3680	5429.0	4584.0	12144.0	-0.35550234891441934	0.7222132855272325	all
5986	5367.0	4584.0	27754.0	-0.6242196402183551	0.5324833502011597	all
16157	7124.0	4584.0	7077.0	-1.4585828155092528	0.14467996619824616	all
46524	5774.5	4584.5	6806.0	-0.6344011890453348	0.5258190337971327	all
42744	4833.5	4583.5	79283.0	-0.28876927623715093	0.7727579449491713	all
42743	4833.5	4583.5	89105.0	-0.21726866384763568	0.8279989764147253	all
48024	4232.0	4584.5	15979.0	-0.45033511236164975	0.6524688247183068	all
50684	2628.0	4585.0	22683.0	-1.3470828043077085	0.17795356564557768	all
1903311	4919.0	4584.0	37355.0	-0.4966319474581988	0.619448619997867	all
43484	1601.0	4585.5	16691.0	-1.6711754653459008	0.09468702485015186	all
6376	4404.0	4585.0	30414.0	-0.24504077678359268	0.8064248583005152	all
245	4914.0	4583.5	64455.0	-0.8414991482669348	0.40006836198411433	all
398	4890.0	4583.0	327149.0	-0.6376625849142338	0.52369334606804	all
377	4637.0	4583.0	370829.0	-0.6592887711278116	0.5097103516395645	all
375	4637.0	4583.0	370829.0	-0.6592887711278116	0.5097103516395645	all
4014	3745.0	4584.5	7507.0	-0.44750678538037175	0.6545091897648755	all
6557	3745.0	4584.5	7507.0	-0.44750678538037175	0.6545091897648755	all
46499	3745.0	4584.5	7507.0	-0.44750678538037175	0.6545091897648755	all
9088	3234.0	4585.5	21422.0	-0.9427834503704108	0.34579167846093395	all
6566	3911.0	4585.5	29859.0	-0.914841657582495	0.36027476202254527	all
16838	7782.5	4583.5	23119.0	-1.8136147458568215	0.0697370586274822	all
2229	6679.0	4583.5	29412.0	-0.9744487155140416	0.32983379119723255	all
2239	6170.0	4583.0	32412.0	-1.1181133946191801	0.263518566375616	all
8033	5156.5	4582.5	286761.0	-1.4641320843412837	0.14315786235764208	all
6399	4840.0	4582.0	456585.0	-1.698851473344477	0.08934717225452449	all
4809	5228.0	4584.5	7899.0	-0.3429952215620186	0.7316020549945157	all
16423	3325.0	4585.0	29038.0	-0.44118743696638707	0.6590773074647327	all
8175	5317.0	4584.0	49340.0	-0.12886640079916564	0.8974633632130649	all
8173	4152.5	4585.5	129031.0	-0.5748883180107969	0.5653668310521822	all
30488	4933.0	4584.5	70673.0	-0.25493542382056966	0.7987729757293367	all
6400	4646.5	4584.5	204324.0	-0.8203150056254473	0.412036554250775	all
30687	3278.0	4586.5	19490.0	-1.2402371330870978	0.21488769753940007	all
4176	6647.0	4583.0	30985.0	-1.297529543738889	0.1944490466425073	all
42973	5074.0	4584.0	30879.0	-0.1787557499049594	0.8581294920033218	all
8422	6262.5	4582.5	40412.0	-1.594718614550526	0.11077517352074506	all
15926	5685.0	4582.0	55707.0	-1.2752484895423182	0.2022213034157816	all
52381	5305.0	4583.0	18476.0	-0.7557082216825194	0.44982415357951944	all
9691	5196.5	4583.5	33221.0	-0.4665219064284467	0.6408419709326068	all
9824	5196.5	4583.5	17818.0	-0.10360441458770213	0.9174832841788394	all
52622	5088.0	4584.0	13527.0	-0.054424731921987046	0.9565967748238619	all
52623	5088.0	4584.0	13527.0	-0.054424731921987046	0.9565967748238619	all
52793	4224.5	4584.5	8466.0	-0.19182670961047213	0.8478779482314105	all
5732	5684.5	4582.5	72574.0	-0.8855205697147563	0.37587593049210455	all
97526	5712.0	4582.0	48155.0	-1.2014323660116915	0.22958352743179977	all
97525	5110.0	4580.0	114120.0	-1.3101667432105693	0.19013943360651286	all
30532	5024.0	4580.5	120955.0	-1.1316788746163249	0.2577694661749603	all
17070	6304.0	4584.0	11440.0	-0.5087623940067348	0.6109187819189961	all
17069	6231.0	4582.0	35383.0	-0.7445707323664438	0.4565312665669429	all
5688	3905.0	4584.5	16470.0	-0.35776046711585946	0.7205225776669593	all
387	6304.0	4582.0	27108.0	-1.7849832298896324	0.07426403709270135	all
9813	5168.0	4582.0	132764.0	-1.7502388122335912	0.0800771141794019	all
9812	5168.0	4582.0	153445.0	-2.0103508978162976	0.04439406347224757	all
45430	6323.0	4583.0	17492.0	-0.9216570925005508	0.35670746822861943	all
5643	5210.0	4582.5	179647.0	-1.2260675774839807	0.22017324567299068	all
59	2912.0	4586.0	42559.0	-0.9001312408866697	0.36805041228866586	all
6611	5562.0	4584.0	18404.0	-0.7678508219862777	0.4425758170036773	all
19566	4733.0	4584.5	17209.0	-0.21842714158298984	0.8270963201110875	all
3978	3752.0	4585.0	12763.0	-0.22074671267557944	0.825289657071214	all
45227	5542.5	4584.5	7270.0	-0.510693623709325	0.6095656062701349	all
45230	5542.5	4584.5	7270.0	-0.510693623709325	0.6095656062701349	all
45226	5143.0	4583.5	15335.0	-0.5717568466555172	0.5674867162963533	all
46379	5143.0	4583.5	15335.0	-0.5717568466555172	0.5674867162963533	all
50373	5542.5	4584.5	7270.0	-0.510693623709325	0.6095656062701349	all
33358	5542.5	4584.5	7270.0	-0.510693623709325	0.6095656062701349	all
10214	4869.5	4584.5	55836.0	-0.8451520732001431	0.39802593736243785	all
6624	6662.5	4584.5	12647.0	-1.0785606071864422	0.28078365010832196	all
43202	2939.5	4585.5	5896.0	-0.8770173193379404	0.3804772310146094	all
5775	3907.0	4585.5	17648.0	-0.13565673575223236	0.8920926513146682	all
4028	5133.0	4582.0	40534.0	-1.1304529192788237	0.258285426214386	all
4029	4914.0	4584.0	29349.0	-0.39685487060239794	0.6914744852083724	all
10358	4232.0	4584.5	18303.0	-0.012161027735954117	0.9902971428857635	all
48532	4605.0	4583.0	133000.0	-0.6058936173123546	0.5445853980959299	all
9803	3474.0	4584.5	6965.0	-0.5920100190271763	0.5538438793235602	all
6338	3353.0	4586.0	116920.0	-0.49068177045729944	0.6236515418046814	all
16297	3535.5	4585.5	7088.0	-0.5592168497678461	0.5760137349707186	all
16790	5291.0	4584.0	91296.0	-0.4082744039103781	0.6830722288157693	all
9706	5347.0	4578.5	251241.0	-0.6718259237787234	0.5016945230869632	all
9528	5335.5	4579.5	268071.0	-0.28167996208655466	0.7781889205308965	all
32587	2145.5	4585.5	4308.0	-1.3003957972551463	0.19346534963252307	all
31253	2145.5	4585.5	4308.0	-1.3003957972551463	0.19346534963252307	all
31256	2145.5	4585.5	4308.0	-1.3003957972551463	0.19346534963252307	all
31252	2145.5	4585.5	4308.0	-1.3003957972551463	0.19346534963252307	all
1726	2145.5	4585.5	4308.0	-1.3003957972551463	0.19346534963252307	all
1900027	2145.5	4585.5	4308.0	-1.3003957972551463	0.19346534963252307	all
60491	2145.5	4585.5	4308.0	-1.3003957972551463	0.19346534963252307	all
31344	2145.5	4585.5	4308.0	-1.3003957972551463	0.19346534963252307	all
8541	4477.0	4584.5	33832.0	-0.38504559234304414	0.7002036369446487	all
17053	5904.0	4584.5	6547.0	-0.703453472282461	0.4817731928726272	all
10500	6002.5	4583.5	6350.0	-0.7559758653238272	0.44966366601696417	all
10289	1254.0	4585.5	2525.0	-1.7757634459493392	0.07577191503220863	all
15893	5388.5	4580.5	61756.0	-1.8477586816302034	0.06463726063580719	all
42493	5098.0	4581.0	67321.0	-1.7129031737548708	0.08673035431313271	all
51180	752.5	4586.5	4969.0	-2.5261942654291665	0.01153057014970975	all
51183	752.5	4586.5	4969.0	-2.5261942654291665	0.01153057014970975	all
45118	5679.0	4584.0	13369.0	-0.08882116249668286	0.9292240389150082	all
90484	5679.0	4580.0	56135.0	-1.9968186650532043	0.04584488520803638	all
45117	5679.0	4584.0	13369.0	-0.08882116249668286	0.9292240389150082	all
51181	3139.5	4586.5	32426.0	-1.6059811575505796	0.10827805004419866	all
72348	6137.0	4584.0	35262.0	-0.7597840148075684	0.4473836994946543	all
8113	4799.0	4584.5	8757.0	-0.1142428701432763	0.9090452688820148	all
30091	5993.0	4581.5	48003.0	-1.634995918499519	0.10204990323329811	all
34599	3902.0	4586.0	138240.0	-0.8426684570044998	0.3994138930651481	all
55070	6005.0	4583.5	35580.0	-0.15195132553243249	0.8792253263327265	all
35195	3530.0	4588.0	70416.0	-1.4449373770114757	0.1484754763981702	all
6368	4210.0	4585.0	22644.0	-0.05278658187606083	0.957901952702677	all
42787	5199.5	4582.5	81764.0	-0.06808959832420731	0.9457143104704063	all
8023	4164.0	4586.0	27471.0	-0.6645608501251362	0.5063314167087489	all
45273	6827.0	4584.0	17012.0	-1.0026077611922735	0.3160501496266245	all
45281	6827.0	4584.0	17012.0	-1.0026077611922735	0.3160501496266245	all
6121	3657.0	4585.5	7331.0	-0.49443034464575475	0.6210022879916829	all
8177	4286.0	4585.0	12163.0	-0.35136606928834835	0.7253137343922269	all
104	4286.0	4585.0	12163.0	-0.35136606928834835	0.7253137343922269	all
16635	3657.0	4585.5	22545.0	-0.769884648252999	0.4413683211664092	all
51537	3749.0	4588.0	124044.0	-1.2133472428188417	0.2249970877405829	all
51538	3512.0	4586.0	9146.0	-1.008163734122888	0.3133758648715347	all
5749	6827.0	4584.0	17012.0	-1.0026077611922735	0.3160501496266245	all
45283	6827.0	4584.0	17012.0	-1.0026077611922735	0.3160501496266245	all
45257	6827.0	4584.0	17012.0	-1.0026077611922735	0.3160501496266245	all
42736	5928.0	4583.5	6499.0	-0.7162508066275655	0.4738364964028384	all
6741	6416.0	4583.0	9029.0	-1.033634508662378	0.3013070604195369	all
42886	4843.0	4583.0	89570.0	-0.5504332946001729	0.5820222175517682	all
8517	1829.5	4585.5	3676.0	-1.4688940327990219	0.14186153340960403	all
51184	3605.5	4585.5	28300.0	-1.1227329401670165	0.2615509336240034	all
15884	1829.5	4585.5	3676.0	-1.4688940327990219	0.14186153340960403	all
72337	3400.0	4585.0	21369.0	-0.2678117955884492	0.7888441907212509	all
42128	3002.0	4586.5	41339.0	-1.4937656896563178	0.13523687223252598	all
42126	3002.0	4586.5	41339.0	-1.4937656896563178	0.13523687223252598	all
71941	3638.0	4586.0	58451.0	-1.0079236724831797	0.3134911061859541	all
9567	3678.5	4585.5	67991.0	-0.5079370174141933	0.6114975134382621	all
9566	3211.0	4586.0	68707.0	-0.846208881523601	0.39743622816573343	all
5779	3426.0	4586.0	14078.0	-1.4974187235704284	0.13428433935677964	all
31231	3426.0	4586.0	14078.0	-1.4974187235704284	0.13428433935677964	all
4385	4276.5	4584.5	8570.0	-0.1640991518627458	0.8696530894705183	all
46037	6604.0	4584.0	19287.0	-0.6189353210387963	0.5359589686739845	all
46710	4276.5	4584.5	8570.0	-0.1640991518627458	0.8696530894705183	all
8143	3307.0	4586.0	19763.0	-0.5386592412528379	0.5901220024591012	all
70717	3307.0	4586.0	19763.0	-0.5386592412528379	0.5901220024591012	all
10450	1579.0	4585.5	3175.0	-1.6024662100260496	0.10905255380730101	all
413	5615.0	4578.5	154663.0	-1.690425925703052	0.0909464985878224	all
3755	5615.0	4578.5	154663.0	-1.690425925703052	0.0909464985878224	all
16859	5615.0	4578.5	171898.0	-1.6675442001425327	0.09540624313786919	all
4602	2426.0	4585.0	11453.0	-0.5059323079467916	0.6129041708965695	all
47066	1695.0	4585.5	3407.0	-1.5406124273580446	0.12341114152705221	all
4792	3223.0	4585.0	10565.0	-0.6992489557336895	0.48439646076207754	all
16783	4421.5	4584.5	54985.0	-0.007677649627876674	0.993874182080457	all
16782	4768.5	4582.5	66865.0	-0.6141561801235221	0.5391121268045815	all
9610	3975.0	4585.5	33147.0	-0.4763897415222598	0.6337967417059517	all
9608	3975.0	4585.5	33147.0	-0.4763897415222598	0.6337967417059517	all
50792	2011.5	4586.5	8556.0	-1.8498902888575786	0.06432936383716158	all
43903	2574.0	4586.0	24134.0	-1.1402450107573925	0.2541842400771317	all
5744	4104.0	4585.0	54932.0	-0.4923131233308664	0.622498004258905	all
71806	4125.0	4586.0	237738.0	-0.6842086759568072	0.4938434044985103	all
15266	4069.0	4585.5	39052.0	-0.8156048698148392	0.4147261633146945	all
8320	5106.5	4583.5	113052.0	-1.0837173740134847	0.2784901298336041	all
22884	5106.5	4583.5	113052.0	-1.0837173740134847	0.2784901298336041	all
15450	4104.0	4585.0	105936.0	-0.6494064496974256	0.516075696234783	all
1902347	4094.0	4585.0	12932.0	-0.18395559389631622	0.854048291274565	all
46786	2800.0	4586.5	10594.0	-1.4656395210145632	0.1427465185134561	all
19079	2961.0	4586.0	16974.0	-1.0090163557970349	0.3129667902313167	all
19058	2961.0	4586.0	16974.0	-1.0090163557970349	0.3129667902313167	all
4535	6054.0	4583.5	31267.0	-0.7270860925542678	0.46717321776479936	all
175	5619.0	4580.0	64532.0	-1.9543754216118427	0.05065683520958916	all
8408	6159.0	4577.0	99673.0	-2.8663454906101093	0.0041524080194210305	all
16896	5922.0	4579.5	65635.0	-2.197962212305204	0.027951798873501604	all
4532	5922.0	4579.5	65635.0	-2.197962212305204	0.027951798873501604	all
4540	5619.0	4577.0	196567.0	-2.3635844407582356	0.01809910154780627	all
90501	5339.0	4579.5	245954.0	-1.7752212720487466	0.07586135869087449	all
90503	5619.0	4580.0	70388.0	-2.1303242802384363	0.033144850340328005	all
16796	7268.0	4577.0	69959.0	-3.3657994087445453	7.63221875489223E-4	all
10231	3865.0	4586.0	22040.0	-0.15464950664647853	0.8770976387950844	all
97437	3865.0	4586.0	22040.0	-0.15464950664647853	0.8770976387950844	all
155	4837.0	4584.0	12186.0	-0.34635899395152553	0.7290729381798327	all
43687	3969.0	4585.5	24197.0	-0.5155401949155418	0.6061755892833077	all
97503	2196.0	4586.0	7088.0	-1.4561881273046853	0.14534062070823642	all
18279	3741.0	4586.0	29741.0	-0.34097588020148556	0.7331217396317824	all
18196	3741.0	4586.0	29741.0	-0.34097588020148556	0.7331217396317824	all
8373	2196.0	4586.0	7088.0	-1.4561881273046853	0.14534062070823642	all
16266	2196.0	4586.0	7088.0	-1.4561881273046853	0.14534062070823642	all
6493	4352.0	4585.0	31836.0	-0.04233688813538512	0.9662301391532706	all
6890	3274.0	4585.0	36115.0	-0.6525366600779877	0.5140550312734617	all
64	6458.0	4583.5	5439.0	-0.9988586067486224	0.3178631905948177	all
1903352	6458.0	4583.5	5439.0	-0.9988586067486224	0.3178631905948177	all
1903826	5679.0	4584.0	22553.0	-0.06813347948219992	0.9456793794915591	all
15809	5679.0	4584.0	22553.0	-0.06813347948219992	0.9456793794915591	all
15802	3863.0	4585.0	47383.0	-0.3514538203613608	0.7252479114619097	all
89709	6458.0	4583.5	5439.0	-0.9988586067486224	0.3178631905948177	all
1902024	6458.0	4583.5	5439.0	-0.9988586067486224	0.3178631905948177	all
15817	6458.0	4583.5	5439.0	-0.9988586067486224	0.3178631905948177	all
6855	5890.5	4579.5	40770.0	-2.3643385117652396	0.018062300056727747	all
5290	6458.0	4583.5	5439.0	-0.9988586067486224	0.3178631905948177	all
15174	5679.0	4584.0	22553.0	-0.06813347948219992	0.9456793794915591	all
1990822	5679.0	4584.0	22553.0	-0.06813347948219992	0.9456793794915591	all
1901474	6458.0	4583.5	5439.0	-0.9988586067486224	0.3178631905948177	all
15238	5890.5	4579.5	40770.0	-2.3643385117652396	0.018062300056727747	all
43091	5776.0	4584.0	13746.0	-0.006748666758326393	0.9946153838602625	all
43092	5776.0	4584.0	13746.0	-0.006748666758326393	0.9946153838602625	all
43090	5399.5	4583.5	17898.0	-0.08852096933380554	0.9294626186345782	all
90467	5776.0	4584.0	13746.0	-0.006748666758326393	0.9946153838602625	all
1902023	5776.0	4584.0	13746.0	-0.006748666758326393	0.9946153838602625	all
1903401	5679.0	4584.0	22553.0	-0.06813347948219992	0.9456793794915591	all
1902022	5679.0	4584.0	22553.0	-0.06813347948219992	0.9456793794915591	all
15819	5679.0	4584.0	22553.0	-0.06813347948219992	0.9456793794915591	all
15189	5679.0	4584.0	22553.0	-0.06813347948219992	0.9456793794915591	all
15181	5679.0	4584.0	22553.0	-0.06813347948219992	0.9456793794915591	all
16226	7185.5	4579.5	75142.0	-2.6835253168838316	0.007285045925283762	all
31163	7185.5	4579.5	75142.0	-2.6835253168838316	0.007285045925283762	all
44571	4739.5	4583.5	8876.0	-0.08251614541270483	0.9342362799279773	all
97428	4793.0	4584.0	13376.0	-0.08729727000286722	0.9304352239538539	all
8198	4406.0	4584.5	18204.0	-0.030826791237651134	0.9754076742493588	all
15112	4599.0	4584.5	25520.0	-0.31184908609868	0.755155217558617	all
15706	4663.0	4584.0	26480.0	-0.8058263590213202	0.4203429772059638	all
6857	4843.0	4583.0	53860.0	-0.6044830846933933	0.5455225119469801	all
15833	5187.0	4582.5	56608.0	-0.7673071289168393	0.44289893086646503	all
33116	2632.0	4585.0	11389.0	-0.5198650393188202	0.6031576439678648	all
5793	2632.0	4585.0	11389.0	-0.5198650393188202	0.6031576439678648	all
70567	4426.0	4585.0	38581.0	-0.34248744933573	0.7319840875389669	all
33290	2230.0	4587.0	23202.0	-1.2731001614044597	0.20298250169070298	all
70993	2230.0	4587.0	23202.0	-1.2731001614044597	0.20298250169070298	all
1731	2230.0	4587.0	32438.0	-1.1148444248384426	0.26491709550517073	all
6446	3162.0	4586.5	73768.0	-0.7793168069464956	0.435793116606468	all
16282	2230.0	4587.0	23202.0	-1.2731001614044597	0.20298250169070298	all
30093	3119.0	4585.0	13537.0	-0.052247742645107564	0.9583312917224913	all
42550	6909.0	4584.0	8616.0	-1.1235441657975005	0.2612064540565662	all
50821	4018.0	4586.0	28389.0	-0.533701377706673	0.5935481558341239	all
31647	3859.5	4586.5	31266.0	-0.7272194416771571	0.46709153820809	all
16168	5782.0	4581.5	82477.0	-0.77662259819688	0.4373814648896339	all
46398	1493.5	4585.5	3004.0	-1.6480567136304842	0.09934103377567902	all
6024	6286.0	4584.0	18468.0	-0.7570573994940482	0.44901547478817017	all
30203	6286.0	4584.0	18468.0	-0.7570573994940482	0.44901547478817017	all
6022	4932.5	4584.5	45396.0	-0.05886669151789735	0.9530582883387765	all
6023	6286.0	4584.0	18468.0	-0.7570573994940482	0.44901547478817017	all
8430	1594.0	4586.0	5174.0	-1.8728638748994182	0.06108718478901924	all
48768	3549.5	4584.5	22566.0	-0.7666514560495566	0.44328877305365044	all
52744	1621.5	4585.5	3260.0	-1.5798042637899272	0.114151698874134	all
35619	6008.0	4584.0	13295.0	-0.10493088314559101	0.9164306530204699	all
35618	6008.0	4584.0	13295.0	-0.10493088314559101	0.9164306530204699	all
45036	4788.0	4584.5	89420.0	-0.19068500522964957	0.8487723872163507	all
72596	4788.0	4584.5	89420.0	-0.19068500522964957	0.8487723872163507	all
72598	4788.0	4584.5	89420.0	-0.19068500522964957	0.8487723872163507	all
10047	2185.0	4586.0	6898.0	-1.4975509235653954	0.13424996557420488	all
9900	3784.0	4585.5	43288.0	-0.31031752377671723	0.7563195064273817	all
9901	4381.0	4585.0	41103.0	-0.02539738060419143	0.9797380004082973	all
45490	4276.0	4586.0	84257.0	-0.24658048113899472	0.8052329119701253	all
31490	2320.0	4585.0	18109.0	-0.817601753786399	0.41358462579079924	all
8356	4690.0	4584.0	37808.0	-0.4396764355091952	0.6601714719809663	all
9956	5205.5	4584.5	41488.0	-0.5250288606201118	0.5995631281515339	all
32436	3922.5	4584.5	31652.0	-0.6757466802418619	0.49920149288866134	all
32434	4954.0	4582.0	91345.0	-0.40423860689774777	0.6860372664157589	all
47100	3776.0	4584.5	7569.0	-0.4309768951846118	0.6664851704104704	all
43132	2879.0	4585.0	10941.0	-0.617394158923021	0.5369747737900503	all
80185	5812.5	4584.5	6730.0	-0.6546636350917503	0.512684343344264	all
52559	5812.5	4584.5	6730.0	-0.6546636350917503	0.512684343344264	all
52558	5812.5	4584.5	6730.0	-0.6546636350917503	0.512684343344264	all
48446	8097.0	4583.0	13093.0	-1.6635362416149009	0.0962051425264983	all
70676	3010.0	4586.0	17788.0	-0.8717375134739885	0.3833515902350584	all
1902591	2951.5	4586.5	18929.0	-1.3266095533790552	0.1846378739983335	all
51668	2951.5	4586.5	18929.0	-1.3266095533790552	0.1846378739983335	all
7032	5751.0	4584.0	18109.0	-0.817601753786399	0.41358462579079924	all
813	2526.0	4585.5	13575.0	-0.9035926422412419	0.3662114441938693	all
36452	3010.0	4587.0	51610.0	-0.8399144401651147	0.4009563605839065	all
8864	3140.0	4586.0	9698.0	-0.8879939260391406	0.3745440185656701	all
16742	3140.0	4587.0	17124.0	-0.9837192718308716	0.3252535614671488	all
15714	2246.0	4586.0	5178.0	-1.8719930791886663	0.06120756099990901	all
15718	4370.0	4584.5	72443.0	-0.08796569203059433	0.9299039441910368	all
15120	2246.0	4586.0	5178.0	-1.8719930791886663	0.06120756099990901	all
42879	2246.0	4586.0	5178.0	-1.8719930791886663	0.06120756099990901	all
8028	4370.0	4584.5	43552.0	-0.2788265277063527	0.7803779553142906	all
42873	2246.0	4586.0	5178.0	-1.8719930791886663	0.06120756099990901	all
15713	2246.0	4586.0	5178.0	-1.8719930791886663	0.06120756099990901	all
1990570	3521.0	4585.0	9386.0	-0.9559159914777804	0.33911467905660964	all
15784	3521.0	4585.0	9386.0	-0.9559159914777804	0.33911467905660964	all
71782	5997.0	4584.0	11545.0	-0.48590400659950034	0.6270352275597696	all
98827	5997.0	4584.0	11545.0	-0.48590400659950034	0.6270352275597696	all
30176	4889.0	4583.5	71604.0	-0.16711123156267868	0.8672825287684812	all
31227	5149.5	4582.5	78979.0	-0.31580943024180025	0.7521471598745181	all
7029	2632.0	4585.0	25980.0	-0.8771005814714635	0.3804320088962072	all
9410	3043.0	4585.0	10647.0	-0.6813976436632778	0.4956199134480396	all
9862	4778.5	4584.5	42259.0	-0.4330608380055245	0.6649705724426218	all
9863	4004.5	4585.5	67141.0	-0.5881202219461023	0.5564516007029872	all
71446	4071.0	4585.0	84432.0	-0.23142894174316464	0.8169815831058701	all
774	5780.0	4583.0	20195.0	-0.4658036394302876	0.6413560597920531	all
60590	5947.5	4582.5	28188.0	-1.1376680419306255	0.25525912282075525	all
17077	2278.0	4585.0	12072.0	-0.37117667170795166	0.7105059472935606	all
2001006	5349.0	4584.0	12186.0	-0.34635899395152553	0.7290729381798327	all
32951	5349.0	4584.0	12186.0	-0.34635899395152553	0.7290729381798327	all
10962	5349.0	4584.0	21641.0	-0.221939749996473	0.8243607860595943	all
32885	5349.0	4584.0	21641.0	-0.221939749996473	0.8243607860595943	all
32950	5349.0	4584.0	12186.0	-0.34635899395152553	0.7290729381798327	all
9663	5745.0	4584.0	13389.0	-0.08446718394292389	0.9326849929864516	all
45216	6030.5	4583.5	16220.0	-0.4048962335342863	0.6855537870766057	all
34330	6030.5	4583.5	16220.0	-0.4048962335342863	0.6855537870766057	all
6526	3365.0	4585.5	42484.0	-0.4062219209001002	0.6845795488357789	all
6525	3462.0	4585.0	65782.0	-0.2937260653911451	0.7689672351236339	all
4042	2836.5	4585.5	5690.0	-0.9319392125690137	0.35136794113686654	all
10371	6569.5	4583.5	5216.0	-1.0583128892269202	0.289912818603706	all
10160	2981.0	4586.0	26577.0	-0.7919991598659923	0.428361166099401	all
48859	2981.0	4586.0	26577.0	-0.7919991598659923	0.428361166099401	all
6564	5568.0	4584.5	7219.0	-0.5242907914509986	0.6000763007355964	all
6563	6460.0	4582.0	21443.0	-1.5238428759840639	0.1275479660677257	all
35250	5241.0	4584.0	30045.0	-0.29764115295179844	0.7659770617784651	all
46481	4666.5	4584.5	9022.0	-0.043590920113012084	0.9652304895159756	all
80040	1253.0	4586.0	4657.0	-1.9854142205140872	0.04709840511510377	all
32109	1752.5	4586.5	8878.0	-1.789179421710645	0.0735859246574995	all
32107	2252.0	4587.0	11493.0	-1.9333718039206433	0.05319041212141697	all
32104	2252.0	4587.0	11493.0	-1.9333718039206433	0.05319041212141697	all
32106	1752.5	4586.5	8878.0	-1.789179421710645	0.0735859246574995	all
28	4311.0	4584.5	35653.0	-0.14221683956150877	0.8869087309312829	all
4356	1983.5	4585.5	3984.0	-1.3867778040846015	0.16550952728891227	all
16211	3638.0	4585.0	11418.0	-0.5135517704158697	0.6075654066652942	all
16880	3638.0	4585.0	11418.0	-0.5135517704158697	0.6075654066652942	all
6542	1983.5	4585.5	3984.0	-1.3867778040846015	0.16550952728891227	all
9399	1983.5	4585.5	3984.0	-1.3867778040846015	0.16550952728891227	all
35436	2322.5	4585.5	4662.0	-1.206015456460001	0.2278115307951305	all
15717	2322.5	4585.5	4662.0	-1.206015456460001	0.2278115307951305	all
9643	2602.0	4586.0	15699.0	-1.2240415695094233	0.2209365463304227	all
5315	6615.0	4582.5	28744.0	-1.063525929604138	0.28754351270122125	all
71917	2322.5	4585.5	4662.0	-1.206015456460001	0.2278115307951305	all
10152	5526.5	4584.5	15625.0	-0.5170793576101421	0.6051007627907505	all
34389	3318.0	4585.0	12091.0	-0.3670403920818806	0.7135888889368551	all
35864	6481.0	4583.5	5393.0	-1.0111227188293475	0.3119576979504378	all
6821	1707.0	4586.5	13898.0	-2.10119002840372	0.035624288390387567	all
1902476	268.0	4586.0	10748.0	-2.0590139876192546	0.03949289854656618	all
98661	3160.0	4586.0	50335.0	-0.9733255415990902	0.3303915320228763	all
5247	186.5	4585.5	390.0	-2.344978213174298	0.019028191450773967	all
5254	268.0	4586.0	3557.0	-2.2248830409708305	0.026089090788543597	all
15108	268.0	4586.0	10748.0	-2.0590139876192546	0.03949289854656618	all
34707	268.0	4586.0	3557.0	-2.2248830409708305	0.026089090788543597	all
34702	4895.0	4584.0	29370.0	-0.3938613532594919	0.6936834044806962	all
19003	3030.0	4585.5	6077.0	-0.8287607044116089	0.40723982801488556	all
9073	4167.0	4585.5	126737.0	-0.10721220440857683	0.9146206335122914	all
9072	5034.0	4582.0	158337.0	-1.2140636958125235	0.22472340191838214	all
19632	1527.0	4586.0	3998.0	-2.128877813860445	0.03326437079509124	all
9423	1763.0	4587.5	10995.0	-2.5481403601462373	0.010829888774419621	all
46417	1884.0	4587.0	15675.0	-2.346062306168917	0.01897293554700272	all
43928	4865.5	4584.5	26223.0	-0.2036141280501132	0.8386550518347858	all
291	4865.5	4584.5	34516.0	-0.2938347922867178	0.7688841476153121	all
288	2229.0	4586.5	40869.0	-1.544950020508829	0.12235835298562292	all
30015	1420.0	4586.0	13570.0	-1.5830915146025015	0.11340060737169184	all
30014	1207.5	4586.5	13850.0	-2.1085801820115884	0.03498083499516369	all
10199	2981.0	4586.0	19311.0	-0.6148877876042101	0.5386288284661982	all
43044	2707.0	4585.0	10912.0	-0.6237074278259715	0.5328197440903855	all
5275	3783.0	4586.0	24491.0	-1.0893552159279902	0.2759972722428138	all
15837	3818.5	4585.5	29668.0	-0.9403113400543639	0.3470578844697616	all
8515	3352.0	4586.0	19721.0	-0.5457424247633637	0.5852430050251115	all
15154	3396.0	4585.5	25183.0	-0.36373412288725326	0.7160565598381627	all
15157	3440.0	4585.0	30368.0	-0.2515980052490059	0.8013518006136747	all
15772	4325.0	4585.0	39597.0	-0.21474616867306418	0.8299652247974715	all
15766	3882.5	4585.5	34300.0	-0.3226382028308209	0.7469692580118648	all
15770	3440.0	4586.0	28840.0	-0.4694120290566438	0.6387751518149343	all
8506	2116.5	4585.5	4250.0	-1.3158592429221476	0.18822129060246112	all
16553	7016.5	4583.5	10676.0	-1.4501789896293191	0.14700861244448796	all
43489	3600.0	4585.0	9059.0	-1.0271035408317395	0.3043717115482575	all
43487	3600.0	4585.0	9059.0	-1.0271035408317395	0.3043717115482575	all
4108	3554.5	4584.5	7126.0	-0.5490856267446385	0.5829466885919473	all
36440	3554.5	4584.5	7126.0	-0.5490856267446385	0.5829466885919473	all
70919	6734.0	4584.0	11162.0	-0.5692826959039845	0.5691643080367697	all
70918	4564.0	4584.5	134902.0	-0.17011895720952705	0.8649165851149783	all
31050	4564.0	4584.5	134902.0	-0.17011895720952705	0.8649165851149783	all
71359	4564.0	4584.5	134902.0	-0.17011895720952705	0.8649165851149783	all
43331	4564.0	4584.5	134902.0	-0.17011895720952705	0.8649165851149783	all
1901699	4832.5	4582.5	188783.0	-0.7055706843869965	0.4804551603688657	all
31048	5196.5	4583.5	36456.0	-0.035137493881347924	0.971970104063855	all
35196	4070.5	4585.5	60060.0	-0.41922325888320644	0.6750529752824377	all
16024	4670.0	4584.0	31134.0	-0.14240589645538632	0.8867594051488001	all
46341	4670.0	4584.0	31134.0	-0.14240589645538632	0.8867594051488001	all
3841	5252.0	4582.5	13909.0	-0.8406192583062237	0.40056126636476286	all
42171	5252.0	4582.5	13909.0	-0.8406192583062237	0.40056126636476286	all
4566	461.0	4585.5	939.0	-2.198608701602166	0.027905757708770663	all
5765	451.0	4586.0	1198.0	-2.7384348113867	0.006173239758037759	all
98852	451.0	4586.0	1198.0	-2.7384348113867	0.006173239758037759	all
82	3319.0	4584.5	6655.0	-0.6746594700059759	0.49989214020809647	all
44772	3698.5	4584.5	26527.0	-0.1568098218669492	0.8753947318815669	all
44770	2707.0	4585.0	27893.0	-0.6044054063772152	0.545574142229539	all
44843	1948.0	4585.0	8025.0	-1.2522042320610778	0.21049545430047067	all
19773	4724.5	4584.5	8906.0	-0.07451781144701454	0.9405983690775969	all
10071	3501.0	4585.0	8422.0	-1.1657777577689625	0.24370431223245836	all
90421	3501.0	4585.0	35140.0	-0.7751230268556444	0.4382669661434042	all
10014	4605.0	4584.0	57322.0	-0.24223270574090452	0.8085998540131165	all
9933	4679.0	4582.5	114715.0	-0.965052551430148	0.33451849088351715	all
46740	3144.5	4584.5	6306.0	-0.7677067551401731	0.44266142202260483	all
1902586	3144.5	4584.5	6306.0	-0.7677067551401731	0.44266142202260483	all
7018	4565.0	4585.0	76868.0	-0.09930095570550584	0.9208993196188661	all
6928	4565.0	4585.0	76868.0	-0.09930095570550584	0.9208993196188661	all
52656	7702.0	4583.5	2951.0	-1.6621871036365372	0.09647526499490737	all
4084	7702.0	4583.5	2951.0	-1.6621871036365372	0.09647526499490737	all
52655	7702.0	4583.5	2951.0	-1.6621871036365372	0.09647526499490737	all
9098	7198.0	4582.5	16624.0	-1.6814908880902166	0.09266760484923352	all
6551	7115.0	4582.0	46144.0	-1.4118556797244166	0.15799245988558072	all
52654	7702.0	4583.5	2951.0	-1.6621871036365372	0.09647526499490737	all
44804	4631.0	4584.5	17288.0	-0.20353223939476697	0.8387190495952095	all
16236	5381.0	4582.0	29900.0	-1.4339461672812044	0.15158762567657008	all
422	4631.0	4584.5	17288.0	-0.20353223939476697	0.8387190495952095	all
61726	4631.0	4584.5	17288.0	-0.20353223939476697	0.8387190495952095	all
1903008	4215.0	4585.0	20602.0	-0.39716421826876436	0.6912463665025418	all
90447	3598.0	4585.0	20418.0	-0.42819530793392474	0.6685089320822934	all
791	3670.0	4586.0	22847.0	-1.3237048593440615	0.1856010839844913	all
3935	2949.0	4586.0	7664.0	-1.3307935449564272	0.1832569525179476	all
3933	2003.5	4586.5	8728.0	-1.8174608815617008	0.069146572881619	all
19238	4181.0	4587.0	35170.0	-0.7713511386471011	0.4404988284298271	all
16814	4081.0	4587.5	66357.0	-0.662077436479063	0.5079215954796148	all
5720	1444.0	4585.0	13930.0	-1.5223785130837095	0.1279142655359447	all
792	3262.5	4584.5	19601.0	-1.223147402868903	0.2212740272882323	all
45857	752.0	4585.5	1521.0	-2.0434410226677744	0.04100880005115787	all
40030	752.0	4585.5	1521.0	-2.0434410226677744	0.04100880005115787	all
10048	1114.0	4586.0	19755.0	-1.7644646509757476	0.07765378171950788	all
46470	4342.5	4584.5	24114.0	-0.5283190021958136	0.5972779449371328	all
42439	4926.5	4584.5	42288.0	-0.42960159980082535	0.6674854731538133	all
4142	3027.5	4584.5	6072.0	-0.8300937600725573	0.40648577480710524	all
6657	1483.5	4585.5	9052.0	-1.7563729282834197	0.07902475219554476	all
6656	4342.5	4584.5	24114.0	-0.5283190021958136	0.5972779449371328	all
16726	4556.0	4584.5	9129.0	-0.015063528968716712	0.9879814973246462	all
16725	4130.0	4585.0	22092.0	-0.1458798508715419	0.884016238080496	all
46429	3839.0	4584.5	7695.0	-0.3973838925287126	0.6910843916453562	all
52592	4130.0	4585.0	11832.0	-0.4234244143530592	0.6719856352282167	all
31209	5793.5	4583.5	14166.0	-0.792163690428081	0.4282652370839525	all
3785	2808.5	4585.5	5634.0	-0.9468694359716355	0.34370531403652826	all
30127	3803.0	4587.0	23883.0	-1.1760246704273645	0.23958501777685215	all
12507	3803.0	4587.0	23883.0	-1.1760246704273645	0.23958501777685215	all
30134	3826.0	4586.5	29333.0	-0.9849832962223015	0.32463227592172184	all
4322	2236.5	4585.5	4490.0	-1.2518725711966252	0.21061630084632466	all
16724	2236.5	4585.5	4490.0	-1.2518725711966252	0.21061630084632466	all
8199	2236.5	4585.5	4490.0	-1.2518725711966252	0.21061630084632466	all
6826	4493.0	4586.0	56443.0	-0.334207888611857	0.7382226916658654	all
4129	4207.0	4585.0	30903.0	-0.17533458722735254	0.8608167360126762	all
15002	4207.0	4585.0	30903.0	-0.17533458722735254	0.8608167360126762	all
16676	4207.0	4585.0	30903.0	-0.17533458722735254	0.8608167360126762	all
16675	4207.0	4585.0	30903.0	-0.17533458722735254	0.8608167360126762	all
16405	6378.0	4580.0	35133.0	-1.7447578007583413	0.08102703723862752	all
16878	5448.5	4581.5	54649.0	-0.9648437168067253	0.33462309562286174	all
16208	3525.0	4585.0	22866.0	-0.01534689760613909	0.98775542799952	all
32138	3404.0	4584.5	12871.0	-1.0363269604755319	0.3000496324487899	all
32135	4812.0	4584.0	21125.0	-0.3089617188400749	0.757350647016477	all
30983	5679.5	4581.5	42436.0	-1.3742992833899248	0.16934878871614323	all
6290	5808.0	4582.5	23390.0	-0.6397871524478227	0.5223109862177451	all
45128	4036.0	4584.5	8089.0	-0.2923391064459801	0.7700273614395124	all
45835	4036.0	4584.5	8089.0	-0.2923391064459801	0.7700273614395124	all
51784	3838.5	4584.5	42486.0	-0.4059833527480519	0.6847548322181193	all
51447	4036.0	4584.5	8089.0	-0.2923391064459801	0.7700273614395124	all
10520	4036.0	4584.5	8089.0	-0.2923391064459801	0.7700273614395124	all
18	4654.0	4584.0	42668.0	-0.8877336789386476	0.37468402510725207	all
60631	4036.0	4584.5	8089.0	-0.2923391064459801	0.7700273614395124	all
45910	4733.0	4583.5	42269.0	-0.4318679972452834	0.6658373555644829	all
7131	6517.0	4574.0	131568.0	-2.8335210943178777	0.00460382693418925	all
35825	6517.0	4574.0	131568.0	-2.8335210943178777	0.00460382693418925	all
32137	3404.0	4584.5	12871.0	-1.0363269604755319	0.3000496324487899	all
32300	5679.5	4582.5	35305.0	-1.2625623026771722	0.20674652271210603	all
1990391	8450.0	4580.5	36090.0	-2.8362482776277544	0.004564694570617704	all
43570	4812.0	4584.0	21125.0	-0.3089617188400749	0.757350647016477	all
32301	3404.0	4584.5	12871.0	-1.0363269604755319	0.3000496324487899	all
710	6545.5	4582.5	25913.0	-1.441037296503933	0.14957414633778224	all
404	4720.0	4584.5	8915.0	-0.07211831125730744	0.9425077538875309	all
8641	4338.0	4585.5	45030.0	-0.10252466334272091	0.9183402374701971	all
4839	3561.0	4585.5	7139.0	-0.5456196820261726	0.5853273921919558	all
42351	3406.5	4584.5	6830.0	-0.6280025218727826	0.5300022879299797	all
42350	3291.0	4585.0	10128.0	-0.7943833871333229	0.4269722725310512	all
46368	3291.0	4585.0	10128.0	-0.7943833871333229	0.4269722725310512	all
8889	2068.0	4585.0	16358.0	-1.1129030472847457	0.2657500711587959	all
30643	5889.0	4583.5	18224.0	-0.027055929924176988	0.9784151247039528	all
72501	5889.0	4583.5	18224.0	-0.027055929924176988	0.9784151247039528	all
30002	5983.0	4583.0	20911.0	-0.3450522252984679	0.7300551088504569	all
30320	5983.0	4583.0	20911.0	-0.3450522252984679	0.7300551088504569	all
72502	5889.0	4583.5	18224.0	-0.027055929924176988	0.9784151247039528	all
46503	1154.5	4585.5	8327.0	-1.8930666508968574	0.058349006430990065	all
42891	5509.0	4584.5	7337.0	-0.4928306778526167	0.6221322323366243	all
1901998	5509.0	4584.5	7337.0	-0.4928306778526167	0.6221322323366243	all
10166	5613.0	4584.0	52962.0	-0.6984463545661069	0.48489809564169273	all
6782	4552.0	4585.0	39039.0	-0.28490328935196924	0.7757182358405585	all
46501	4552.0	4585.0	39039.0	-0.28490328935196924	0.7757182358405585	all
6783	4552.0	4585.0	74617.0	-0.30531611818761983	0.7601254011092256	all
42168	4652.0	4584.0	83752.0	-0.2903034948241044	0.7715840654373245	all
60	5108.5	4584.5	26393.0	-0.1774406673555807	0.8591622661525484	all
42026	5609.0	4584.0	30611.0	-0.21695873313823621	0.8282405050935322	all
5689	3517.0	4584.5	37599.0	-0.9889246322778682	0.3227000177944067	all
8441	2832.5	4586.5	20948.0	-1.0157612172481072	0.30974310845350705	all
8252	3244.0	4586.0	56396.0	-0.33912578803726634	0.7345149722791648	all
48038	5428.5	4583.5	64682.0	-0.820085515997825	0.41216735854194486	all
10044	4895.0	4583.5	34383.0	-0.3115702256310035	0.7553671650857331	all
276	1265.5	4585.5	2548.0	-1.7696313899089766	0.07678856617873765	all
45263	4268.0	4584.5	14643.0	-0.7022286481017226	0.48253658240203967	all
33177	4662.0	4584.0	28591.0	-0.5049065918368152	0.6136244440329486	all
220	5953.5	4583.5	6448.0	-0.729847974369239	0.46548311615187943	all
33179	4662.0	4584.0	13595.0	-0.039621204839206565	0.9683951216910729	all
16471	5953.5	4583.5	16189.0	-0.41074106857017123	0.6812624094519995	all
7035	5953.5	4583.5	6448.0	-0.729847974369239	0.46548311615187943	all
51452	5953.5	4583.5	6448.0	-0.729847974369239	0.46548311615187943	all
51453	6378.0	4582.5	11755.0	-1.246741021767389	0.21249247217577072	all
30641	6378.0	4582.5	11755.0	-1.246741021767389	0.21249247217577072	all
6885	5086.5	4583.5	34319.0	-0.3201045694959229	0.7488890618185282	all
45851	5953.5	4583.5	6448.0	-0.729847974369239	0.46548311615187943	all
9061	6458.5	4583.5	16314.0	-1.729218963474364	0.08376991361429878	all
18171	5338.0	4584.0	9645.0	-0.8995319692066018	0.36836937532967584	all
18158	5338.0	4584.0	9645.0	-0.8995319692066018	0.36836937532967584	all
17172	5338.0	4584.0	9645.0	-0.8995319692066018	0.36836937532967584	all
47800	5338.0	4584.0	9645.0	-0.8995319692066018	0.36836937532967584	all
15790	5003.5	4584.5	8348.0	-0.22328682320885393	0.8233122819552302	all
5464	5003.5	4584.5	8348.0	-0.22328682320885393	0.8233122819552302	all
462	4814.5	4584.5	39619.0	-0.7479707987091698	0.4544777712988385	all
30490	6917.0	4583.5	42074.0	-1.4137221084295184	0.1574435113674883	all
19430	2328.0	4587.0	26167.0	-1.90329479003094	0.0570020903015161	all
6801	2454.0	4586.5	33955.0	-1.4235958053097182	0.15456351082214187	all
1990748	2328.0	4587.0	26167.0	-1.90329479003094	0.0570020903015161	all
71451	2328.0	4587.0	26167.0	-1.90329479003094	0.0570020903015161	all
71450	2328.0	4587.0	26167.0	-1.90329479003094	0.0570020903015161	all
34614	3466.0	4586.0	102729.0	-0.8915464897136612	0.372636062529103	all
4784	3023.0	4585.5	20588.0	-1.0711873693071172	0.28408518967806007	all
16721	3023.0	4585.5	20588.0	-1.0711873693071172	0.28408518967806007	all
10617	1295.0	4586.0	3534.0	-2.229890116307653	0.02575473871219668	all
51480	1295.0	4586.0	3534.0	-2.229890116307653	0.02575473871219668	all
3913	6371.0	4584.0	31286.0	-0.12073853283054276	0.9038981374478794	all
46283	3849.5	4586.5	70941.0	-0.22965413109756772	0.8183605403063555	all
10343	1402.0	4586.0	6156.0	-1.659083527909853	0.09709896201929269	all
97468	1402.0	4586.0	6156.0	-1.659083527909853	0.09709896201929269	all
36473	1402.0	4586.0	6156.0	-1.659083527909853	0.09709896201929269	all
71452	2373.0	4585.5	11898.0	-1.219779363376049	0.22254852647170353	all
304	3707.5	4585.5	21271.0	-0.9660316419284956	0.33402834799766756	all
6352	4978.0	4583.0	111980.0	-0.849628600911773	0.3955316055023361	all
9638	4163.0	4585.0	30670.0	-0.20854837488911931	0.8348008151539086	all
30599	4306.0	4585.0	77031.0	-0.08438293194513953	0.932751977210751	all
45330	4306.0	4585.0	30309.0	-0.2600083634981228	0.7948573222760036	all
9840	3887.0	4586.0	28692.0	-0.4905091989018862	0.6237736220584387	all
9368	3887.0	4586.0	28692.0	-0.4905091989018862	0.6237736220584387	all
9672	3637.5	4585.5	25977.0	-0.24148866529043672	0.8091764003612617	all
80161	4454.0	4585.0	31297.0	-0.1191704999366396	0.9051402777022682	all
19249	7236.0	4583.0	4237.0	-2.0768477701430257	0.037815611630697396	all
6089	6983.0	4582.5	14407.0	-2.02282360785362	0.043091336795464806	all
70301	6938.0	4584.0	11014.0	-0.6015021372018008	0.5475055887262839	all
19243	6983.0	4582.5	14407.0	-2.02282360785362	0.043091336795464806	all
61727	6983.0	4582.5	14407.0	-2.02282360785362	0.043091336795464806	all
51596	6938.0	4582.0	18634.0	-1.924261457708969	0.05432181909922311	all
9438	6938.0	4582.0	18634.0	-1.924261457708969	0.05432181909922311	all
42180	6210.0	4577.0	92142.0	-3.118158110311605	0.0018198514638031894	all
46185	6938.0	4581.0	23771.0	-2.204542928286597	0.02748618440199993	all
42182	6938.0	4582.0	18634.0	-1.924261457708969	0.05432181909922311	all
19172	7236.0	4583.0	4237.0	-2.0768477701430257	0.037815611630697396	all
1902074	2461.0	4585.5	14106.0	-0.8034762743685034	0.42169950459708805	all
275	6127.0	4583.5	14621.0	-0.7063765955465442	0.47995397162915177	all
45261	5408.0	4584.0	26289.0	-0.8330531119972749	0.40481477581742553	all
50291	5841.5	4584.5	6672.0	-0.6701270807587515	0.5027767829175998	all
1902115	2502.5	4585.5	5022.0	-1.1100354488717175	0.26698375128240126	all
1902117	2502.5	4585.5	5022.0	-1.1100354488717175	0.26698375128240126	all
70704	4569.5	4584.5	9156.0	-0.007865028399595452	0.9937246799662449	all
6655	3343.0	4586.5	22650.0	-0.7537186872357877	0.4510181583879458	all
46471	3495.0	4587.0	26886.0	-0.7479516903918039	0.45448929734479326	all
34968	4571.0	4585.0	150370.0	-0.0451676078615972	0.963973713066277	all
18022	4969.0	4584.0	190594.0	-0.34709094035026755	0.7285229994829794	all
775	5926.0	4579.0	90224.0	-1.8357189875006985	0.06639922827588698	all
18024	5299.5	4583.5	90487.0	-0.8319797631521867	0.40542036729230246	all
16279	5299.5	4582.5	129446.0	-1.138256826539798	0.2550132560447176	all
16278	5299.5	4582.5	129446.0	-1.138256826539798	0.2550132560447176	all
31072	5631.0	4582.0	50274.0	-0.9797083472363235	0.32723010456412105	all
1900363	2931.5	4584.5	5880.0	-0.8812830974529752	0.3781646122725313	all
31440	944.0	4585.0	6716.0	-1.537172128404602	0.12425116367014728	all
31124	4486.0	4585.0	59029.0	-0.06361878405635851	0.9492737745205725	all
31123	4722.0	4584.0	112853.0	-0.7861952845176929	0.43175308823574665	all
90502	5540.0	4583.5	138876.0	-1.084441058317456	0.27816928743557245	all
5847	4216.0	4584.5	17496.0	-0.16431528173463586	0.8694829521079026	all
5849	7052.0	4583.0	23586.0	-1.2183615585627496	0.22308660652239654	all
4521	5846.0	4581.5	112708.0	-1.7002588300801424	0.08908225076539902	all
6378	4486.0	4585.0	40951.0	-0.044508280860810726	0.9644992513437394	all
43631	4486.0	4585.0	40951.0	-0.044508280860810726	0.9644992513437394	all
9533	5636.0	4584.0	21618.0	-0.22581863620461803	0.8213424818371976	all
9231	4851.5	4584.5	23735.0	-0.5866704233912714	0.5574250754222774	all
42727	4181.0	4585.0	29780.0	-0.3354164908503744	0.737310929850931	all
42726	4443.0	4585.0	37061.0	-0.533596451901923	0.593620763575302	all
6771	4851.5	4584.5	23735.0	-0.5866704233912714	0.5574250754222774	all
8686	3565.0	4585.5	7147.0	-0.5434867929686552	0.586794681698402	all
35614	5106.0	4583.5	8143.0	-0.2779421053077376	0.7810568014369244	all
35613	5106.0	4583.5	8143.0	-0.2779421053077376	0.7810568014369244	all
5686	4919.5	4583.5	44862.0	-0.12256438811477108	0.9024520559287433	all
45292	5405.0	4583.0	18970.0	-0.6723964918206214	0.5013313155742094	all
31110	4946.0	4583.0	20462.0	-0.42077482997051685	0.6739195129169304	all
31114	5009.5	4583.5	8336.0	-0.22648615679513004	0.8208233248002268	all
47617	4867.5	4584.5	31559.0	-0.688148148670573	0.4913594923816669	all
16289	4867.5	4584.5	50553.0	-0.49033499928389684	0.623896864514215	all
10332	4794.0	4584.0	46251.0	-0.48020648206008587	0.6310805781332645	all
72595	2633.0	4586.0	16865.0	-1.0273989034791136	0.3042326676044891	all
32507	2697.0	4586.0	36984.0	-0.543277631637184	0.586938662851097	all
45185	2697.0	4586.0	36984.0	-0.543277631637184	0.586938662851097	all
90610	4914.5	4584.5	8526.0	-0.17583004167909155	0.860427467453638	all
19136	2236.0	4585.5	4489.0	-1.2521391823288148	0.21051915237365093	all
1901562	4726.0	4584.0	12381.0	-0.30390770305237563	0.7611982090113979	all
1901001	2907.5	4585.5	15692.0	-0.5044469722100037	0.6139473168734029	all
9093	5222.0	4583.0	10382.0	-0.7390878595005841	0.45985364838585363	all
98	5037.5	4583.5	17154.0	-0.22879701019504373	0.8190266906739746	all
44273	5222.0	4583.0	46166.0	-0.4898743055975343	0.6242228460440937	all
9071	5125.0	4581.5	29317.0	-0.9871168821885313	0.3235853424695798	all
80146	5963.5	4583.5	6428.0	-0.7351801970130325	0.46222975776373576	all
72488	3854.0	4585.0	30040.0	-0.2983538951762999	0.7654330737803169	all
15696	3854.0	4585.0	30040.0	-0.2983538951762999	0.7654330737803169	all
15840	5799.5	4584.5	14864.0	-0.6605606305878333	0.5088941237810936	all
19755	5175.0	4584.0	28013.0	-0.5872995929891808	0.5570025144336839	all
15204	5799.5	4584.5	14864.0	-0.6605606305878333	0.5088941237810936	all
42887	6417.0	4583.0	22798.0	-1.3306897331441754	0.18329112264399552	all
71918	5799.5	4584.5	14864.0	-0.6605606305878333	0.5088941237810936	all
15200	3335.5	4585.5	6688.0	-0.6658613026437167	0.5054997570491945	all
8519	3854.0	4585.0	30040.0	-0.2983538951762999	0.7654330737803169	all
72489	3335.5	4585.5	6688.0	-0.6658613026437167	0.5054997570491945	all
15843	3854.0	4585.0	11870.0	-0.4151518551009172	0.6780307408141255	all
6749	4035.0	4585.0	85879.0	-0.10614735599592962	0.9154654386930072	all
4362	3894.5	4584.5	7806.0	-0.3677900568556585	0.7130297836568293	all
15038	5037.0	4584.0	22005.0	-0.16055215957191665	0.8724461370722363	all
15037	5037.0	4584.0	22005.0	-0.16055215957191665	0.8724461370722363	all
10025	5929.5	4583.5	45267.0	-1.0659953671272457	0.28642573617973355	all
3860	4578.0	4584.5	17710.0	-0.12396706568046251	0.9013413516451012	all
7009	5711.0	4584.0	22939.0	-0.0030356500759396005	0.9975779053921527	all
42060	4640.0	4584.5	9075.0	-0.029460530106959235	0.976497297676626	all
32541	7050.5	4583.5	4254.0	-1.314792798393389	0.18857954843695585	all
5093	3726.0	4586.0	9612.0	-0.9067160338203041	0.3645569822572783	all
48766	5348.0	4584.0	20101.0	-0.4816564787157499	0.6300499975817888	all
6954	3857.5	4585.5	17923.0	-0.08380739269196287	0.9332095701767646	all
51131	2388.5	4585.5	4794.0	-1.1708227870109635	0.2416700164195198	all
15142	4190.0	4584.5	8397.0	-0.2102228777315598	0.8334937246522324	all
35674	4190.0	4584.5	8397.0	-0.2102228777315598	0.8334937246522324	all
6842	4190.0	4584.5	8397.0	-0.2102228777315598	0.8334937246522324	all
9011	3495.0	4584.5	7007.0	-0.5808123514752099	0.5613669296389903	all
4373	3900.0	4585.0	10914.0	-0.6232720299705956	0.533105774789524	all
19255	6661.0	4584.0	10964.0	-0.6123870835861982	0.5402816855116542	all
4614	6661.0	4584.0	10964.0	-0.6123870835861982	0.5402816855116542	all
19388	4669.5	4584.5	9016.0	-0.04519058690615014	0.9639553971437272	all
19320	6661.0	4584.0	10296.0	-0.7578099672817475	0.44856475455532396	all
46365	6661.0	4584.0	10296.0	-0.7578099672817475	0.44856475455532396	all
10618	5486.0	4584.0	11804.0	-0.4295199843283217	0.6675448536762876	all
10310	5973.0	4582.0	22907.0	-1.3151519526500441	0.18845883922370324	all
43069	3528.0	4585.0	38750.0	-0.32123914576093615	0.7480291688688039	all
60548	3596.0	4585.0	47987.0	-0.28275540369525665	0.7773643424423964	all
48577	3493.5	4584.5	7004.0	-0.5816121848717789	0.5608279335951091	all
4416	6859.0	4584.0	10179.0	-0.7832807418212375	0.43346226967379076	all
6750	5246.5	4584.5	16719.0	-0.3108132437631064	0.7559426009499721	all
19184	5246.5	4584.5	16719.0	-0.3108132437631064	0.7559426009499721	all
10204	5661.0	4584.0	35733.0	-0.7005653699334389	0.4835742963448564	all
22403	2262.5	4585.5	4542.0	-1.238008792322762	0.21571280071149834	all
44848	2262.5	4585.5	4542.0	-1.238008792322762	0.21571280071149834	all
86	7283.0	4584.0	10388.0	-0.7377816659344564	0.46064713619573405	all
44839	7283.0	4584.0	10388.0	-0.7377816659344564	0.46064713619573405	all
307	2445.5	4585.5	19943.0	-1.1704925584128436	0.24180280710457336	all
1902911	3427.0	4585.5	32242.0	-0.597070697737136	0.5504601804739144	all
16572	7302.0	4583.5	12110.0	-1.179808233453223	0.23807649412320953	all
19239	5223.5	4583.5	61838.0	-0.23993788202347316	0.8103784128783794	all
32264	2143.0	4585.5	4303.0	-1.3017288529160946	0.19300909266031135	all
32261	2644.5	4586.5	18458.0	-1.39912543565626	0.16177537143815066	all
43101	2644.5	4586.5	18458.0	-1.39912543565626	0.16177537143815066	all
48255	2717.5	4584.5	5452.0	-0.9953926620301566	0.3195453261007749	all
43488	2717.5	4584.5	5452.0	-0.9953926620301566	0.3195453261007749	all
17091	3845.5	4584.5	14437.0	-0.7410685196305064	0.45865189589784705	all
32042	3182.0	4584.5	6381.0	-0.7477109202259473	0.45463454287547533	all
2	2487.0	4585.5	10315.0	-1.5182430363375274	0.12895314196575935	all
8409	7934.0	4582.5	12094.0	-2.378936634832759	0.01736266030400373	all
7000	5054.0	4584.5	8247.0	-0.25021454756001127	0.8024214356791157	all
6997	4983.0	4582.5	103755.0	-1.1365726621907994	0.2557169737691056	all
48363	2242.0	4586.0	7386.0	-1.3913138468536768	0.1641302767180873	all
10191	5202.0	4584.0	40538.0	-0.09643460853175657	0.9231754065593247	all
80001	2242.0	4586.0	5264.0	-1.8532709714075029	0.06384352969484684	all
61013	6613.0	4584.0	12033.0	-0.3796669298877816	0.7041926713260132	all
184	3197.5	4585.5	22994.0	-0.7007559197127337	0.48345535155365094	all
289	1461.0	4585.5	2939.0	-1.6653864372228133	0.09583568352741142	all
6891	2329.0	4590.0	46201.0	-2.9059944198720937	0.003660879775555381	all
4605	4426.0	4585.0	21332.0	-0.2740517429667695	0.7840448580493421	all
6915	5837.0	4584.5	6681.0	-0.6677275805690444	0.5043075011976446	all
9759	4120.5	4584.5	8258.0	-0.2472818251059248	0.8046901235588251	all
19761	7169.0	4581.0	28713.0	-2.4749628255868	0.01332500447213272	all
19758	7169.0	4581.0	28713.0	-2.4749628255868	0.01332500447213272	all
19757	7198.0	4579.5	43355.0	-2.8319292842943242	0.004626807994620413	all
16143	7198.0	4579.5	43355.0	-2.8319292842943242	0.004626807994620413	all
16144	7169.0	4581.0	28713.0	-2.4749628255868	0.01332500447213272	all
19760	7198.0	4579.5	43355.0	-2.8319292842943242	0.004626807994620413	all
42343	4979.0	4584.0	12873.0	-0.19679983062990514	0.8439841836554187	all
6568	6547.0	4581.0	37098.0	-2.3583943648787242	0.018354182740621276	all
6586	6547.0	4581.0	37098.0	-2.3583943648787242	0.018354182740621276	all
2000068	5232.5	4583.5	7890.0	-0.3453947217517257	0.7297976447430066	all
9963	4516.0	4585.0	22811.0	-0.024622495060398982	0.9803560762721566	all
9718	4234.0	4586.0	45609.0	-0.5532269845429317	0.5801079913822085	all
3955	7830.0	4583.0	12859.0	-1.7029996926021158	0.08856812592923248	all
46506	3466.5	4584.5	6950.0	-0.5960091860100214	0.5511690900597015	all
46505	3466.5	4584.5	6950.0	-0.5960091860100214	0.5511690900597015	all
8076	5996.5	4582.5	10911.0	-1.405871369195998	0.15976232446430902	all
34705	5996.5	4582.5	10911.0	-1.405871369195998	0.15976232446430902	all
34703	5996.5	4582.5	10911.0	-1.405871369195998	0.15976232446430902	all
4089	2506.5	4586.5	15698.0	-1.82405926810867	0.06814311252963803	all
4364	6714.0	4582.0	42649.0	-1.7775590518904907	0.07547630410462294	all
2000025	1388.5	4585.5	2794.0	-1.7040450513903163	0.08837267097469315	all
1901371	1388.5	4585.5	2794.0	-1.7040450513903163	0.08837267097469315	all
1900618	4281.5	4584.5	17059.0	-0.2467086014340459	0.805133749312378	all
3156	2282.0	4586.0	5172.0	-1.873299272754794	0.06102707025762901	all
8250	7592.0	4584.0	20824.0	-1.6120803633773413	0.10694445319944582	all
4579	5666.5	4584.5	20365.0	-1.105520791277004	0.2689339904307586	all
4576	5666.5	4584.5	20365.0	-1.105520791277004	0.2689339904307586	all
16688	7920.0	4583.0	12984.0	-1.6819187892969796	0.0925845886780367	all
16926	3027.0	4585.0	10744.0	-0.6602808476775468	0.5090736183321496	all
16929	3027.0	4585.0	10744.0	-0.6602808476775468	0.5090736183321496	all
815	2951.5	4585.5	22438.0	-0.7863585323372047	0.43165747011307254	all
4069	7220.0	4583.0	16224.0	-1.1355017756278516	0.2561651383475957	all
3984	1099.5	4585.5	2216.0	-1.8581462857959492	0.0631482434098845	all
4737	3787.0	4585.0	11522.0	-0.4909110819363231	0.6234893386923779	all
30976	5578.5	4584.5	16321.0	-0.38585338390124185	0.6996052563347176	all
9635	736.0	4585.5	1489.0	-2.051972578897844	0.040172327399356805	all
61077	2664.0	4585.0	29180.0	-0.4209455577905464	0.673794837014752	all
44183	5276.0	4584.0	20173.0	-0.4695138784119915	0.6387023671178775	all
70772	4189.5	4584.5	8396.0	-0.21048948886374946	0.833285654572331	all
35032	6525.0	4584.0	10286.0	-0.759986956558627	0.44726238155885745	all
5942	5051.0	4584.5	15884.0	-0.4682467036006519	0.6396081769403357	all
10623	4069.0	4584.5	17637.0	-0.13773070947464314	0.8904532480308209	all
6906	3789.5	4584.5	22645.0	-0.754488494903274	0.45055595121134984	all
48284	5086.0	4582.0	101896.0	-0.954440987167208	0.33986046741456644	all
90174	2664.0	4585.0	25312.0	-0.972322942664855	0.3308899135906599	all
44801	2664.0	4585.0	25312.0	-0.972322942664855	0.3308899135906599	all
31201	3078.0	4585.5	27883.0	-1.1783395244118822	0.2386612767308125	all
1902459	3719.0	4584.5	7455.0	-0.4613705642542349	0.6445327664498899	all
2000738	3719.0	4584.5	7455.0	-0.4613705642542349	0.6445327664498899	all
2000736	4690.0	4584.0	12152.0	-0.3537607574929158	0.7235181850879336	all
45597	4976.5	4584.5	26180.0	-0.21023447399049497	0.8334846743953715	all
10720	3719.0	4584.5	7455.0	-0.4613705642542349	0.6445327664498899	all
2000036	4690.0	4584.0	12152.0	-0.3537607574929158	0.7235181850879336	all
4664	6238.5	4583.5	5878.0	-0.8818163197173545	0.377876144883299	all
47769	6238.5	4583.5	5878.0	-0.8818163197173545	0.377876144883299	all
9094	5102.0	4584.0	22659.0	-0.05025687347944449	0.9599176902868218	all
9095	4300.5	4584.5	26162.0	-0.21300578159344546	0.8313224531016239	all
6558	5827.5	4583.5	31142.0	-0.7437547329154385	0.4570248703963854	all
1902221	5827.5	4583.5	31142.0	-0.7437547329154385	0.4570248703963854	all
1902223	5102.0	4584.0	22659.0	-0.05025687347944449	0.9599176902868218	all
80170	4534.0	4585.0	11831.0	-0.42364211328074713	0.671826837463034	all
51304	6944.5	4581.5	31549.0	-1.7105932922237224	0.08715621811732968	all
784	7759.0	4581.0	11118.0	-2.9956555695795233	0.0027385556899308557	all
15386	3204.0	4585.0	16311.0	-1.120829466927477	0.26236045863469193	all
5451	3630.0	4585.0	36617.0	-0.5894203973883635	0.5555792968202533	all
22821	3952.5	4584.5	21016.0	-1.0052918329702942	0.3147563465352844	all
10107	1481.0	4586.0	5567.0	-1.7873081963180544	0.07388769002694481	all
15385	3630.0	4585.0	19395.0	-0.6007214205831587	0.5480255494022601	all
90333	4685.0	4584.0	22029.0	-0.15650462613733052	0.8756352730390475	all
31359	3473.5	4585.5	25166.0	-0.3663514689567065	0.7141028283410112	all
31358	3473.5	4585.5	25166.0	-0.3663514689567065	0.7141028283410112	all
31354	3473.5	4585.5	25166.0	-0.3663514689567065	0.7141028283410112	all
31355	3473.5	4585.5	25166.0	-0.3663514689567065	0.7141028283410112	all
45037	7334.0	4583.0	29589.0	-1.473048075043103	0.14073807312929507	all
44743	5229.0	4584.0	130542.0	-1.3487823512091217	0.17740688511396688	all
65002	4268.5	4585.5	149470.0	-0.961077201245442	0.3365133520610315	all
9662	1783.0	4585.0	9850.0	-0.8549036890305725	0.3926044681770665	all
5844	5663.0	4584.0	22280.0	-0.11417417230061719	0.9090997255144859	all
45727	3609.0	4587.0	22984.0	-1.3041757223927222	0.19217367548563646	all
34250	3609.0	4587.0	22984.0	-1.3041757223927222	0.19217367548563646	all
3899	5247.0	4580.5	172393.0	-1.639343022156214	0.10114184082370757	all
34062	5308.0	4579.5	183810.0	-1.9395290008634127	0.0524369567244615	all
4776	5720.0	4583.5	6915.0	-0.6053405756366601	0.5449527263843933	all
4774	5835.0	4583.0	10256.0	-0.7665179243892655	0.4433681907491607	all
6105	5062.0	4584.0	11974.0	-0.39251116662137053	0.6946805622265437	all
4775	5835.0	4583.0	10256.0	-0.7665179243892655	0.4433681907491607	all
6104	3684.5	4584.5	7386.0	-0.4797667323753226	0.6313932707761365	all
1901430	309.0	4585.5	635.0	-2.2796584857878277	0.022627951288698295	all
1901428	309.0	4585.5	635.0	-2.2796584857878277	0.022627951288698295	all
1901141	2852.0	4584.5	12920.0	-1.02708835025752	0.3043788637534315	all
1900378	355.0	4585.0	6128.0	-1.6651790978851155	0.09587702979138263	all
32588	4694.0	4584.5	27509.0	-0.005619595972649627	0.9955162347344529	all
31304	6521.0	4584.5	14038.0	-0.8162972028343155	0.4143301738226528	all
35145	2431.0	4585.5	4879.0	-1.1481608407748412	0.250902171651889	all
9041	1981.0	4585.0	10464.0	-0.7212365474301723	0.4707639891940152	all
6207	5349.0	4584.0	30958.0	-0.16749442275783677	0.866981035529266	all
19856	5506.5	4583.5	42923.0	-0.3538562115255167	0.7234466446237187	all
4127	4304.0	4584.5	8625.0	-0.1494355395923136	0.881209970009474	all
80188	5538.0	4582.5	44816.0	-1.1151105441793363	0.26480305358397027	all
6306	5679.0	4580.5	94971.0	-1.1555752943862507	0.2478549182551758	all
6305	5679.0	4580.5	94971.0	-1.1555752943862507	0.2478549182551758	all
6304	5576.0	4581.0	121670.0	-0.7807710294701465	0.4349371759523887	all
44728	5602.5	4580.5	113789.0	-1.0311280930490114	0.3024807552873807	all
44030	4559.0	4585.0	31316.0	-0.11646207948353415	0.9072863377246766	all
1903705	6813.0	4583.5	4729.0	-1.1881525106032926	0.2347733295019997	all
1900370	6159.0	4583.0	8824.0	-1.0782627888384073	0.280916498223297	all
60148	6246.0	4582.0	12562.0	-1.7530879188551192	0.07958691694383994	all
60147	7467.0	4580.0	17963.0	-2.934780485460576	0.003337837292959712	all
60968	6298.0	4577.0	63524.0	-2.6956653148240397	0.007024821003331678	all
1900368	5880.0	4582.5	12398.0	-1.1255078305391955	0.260373900874621	all
60966	7467.0	4581.0	21494.0	-2.490829243315032	0.012744535398717852	all
90065	6159.0	4583.0	8304.0	-1.1914662312361404	0.23347060572659162	all
70920	6159.0	4583.0	15573.0	-1.2452911200410004	0.2130247585966708	all
176	5326.0	4583.0	25858.0	-0.8944914917492984	0.37105898002516535	all
178	5326.0	4583.0	34117.0	-0.9037444147669703	0.36613094210754316	all
5637	5080.0	4584.5	8195.0	-0.2640783264338744	0.7917195642518058	all
43495	2696.5	4585.5	15255.0	-0.5868402919094138	0.5573109734620192	all
8139	5039.0	4584.5	36316.0	-0.05380637108585916	0.9570894334781384	all
6610	5039.0	4584.5	18263.0	-0.019702750362902408	0.9842804967325978	all
6607	6896.5	4583.5	20458.0	-1.0912023686617598	0.275183845865585	all
42132	4250.0	4584.5	18059.0	-0.058165535760338685	0.9536167726990256	all
50308	3133.0	4586.0	35470.0	-0.7336322565616683	0.4631728960657593	all
6000	2736.0	4586.0	7975.0	-1.2630891784454752	0.20655713259194364	all
30388	2607.5	4585.5	5232.0	-1.0540471111118854	0.29186134860895974	all
8798	4333.0	4585.0	13316.0	-0.10035920566414411	0.9200591553599744	all
8242	3948.0	4586.5	42553.0	-0.3979913196544367	0.6906365842903692	all
8238	4692.0	4583.0	176440.0	-1.1627517687941804	0.24493023094866273	all
33345	5336.0	4584.5	17075.0	-0.2436919123832666	0.8074694375521425	all
6530	5336.0	4584.5	17075.0	-0.2436919123832666	0.8074694375521425	all
6528	6471.5	4582.5	26454.0	-1.368895421020786	0.1710319673050339	all
9065	5656.5	4582.5	45066.0	-1.0878848362790643	0.2766459511176702	all
9068	4211.5	4585.5	32861.0	-0.5145275906686184	0.6068831754512887	all
4067	4333.0	4585.0	13316.0	-0.10035920566414411	0.9200591553599744	all
6516	2893.5	4585.5	28758.0	-1.0616590418836869	0.2883904996395339	all
10364	4714.0	4584.0	22203.0	-0.12716000873658104	0.8988137567709856	all
1900911	4714.0	4584.0	22203.0	-0.12716000873658104	0.8988137567709856	all
1900908	4714.0	4584.0	22203.0	-0.12716000873658104	0.8988137567709856	all
31335	4714.0	4584.0	22203.0	-0.12716000873658104	0.8988137567709856	all
30674	7701.0	4584.0	9062.0	-1.0264504440486757	0.30467931100869605	all
17145	5733.0	4584.5	6889.0	-0.6122724650735917	0.5403575041463777	all
4708	3648.5	4584.5	21546.0	-0.9236922202167518	0.35564658378842284	all
187	3648.5	4584.5	21546.0	-0.9236922202167518	0.35564658378842284	all
43406	3648.5	4584.5	21546.0	-0.9236922202167518	0.35564658378842284	all
71902	3694.0	4584.5	38298.0	-0.9055450631370167	0.36517669786737494	all
43405	4814.0	4584.0	42144.0	-0.9473329675695062	0.3434691367213665	all
2000037	1688.5	4585.5	3394.0	-1.5440783720765106	0.12256934764214797	all
51176	3373.0	4584.5	14457.0	-0.7372976583170322	0.46094135593813834	all
71732	5670.0	4583.5	41095.0	-0.5719075024975863	0.5673846410069119	all
1902170	5670.0	4582.5	46133.0	-0.971685514960704	0.3312070250762056	all
4047	5000.5	4584.5	8354.0	-0.22168715641571587	0.8245574290469405	all
51016	2701.0	4585.5	5419.0	-1.004190829392416	0.3152866415392833	all
5242	2672.5	4584.5	5362.0	-1.0193876639272275	0.3080189603277256	all
15276	2672.5	4584.5	5362.0	-1.0193876639272275	0.3080189603277256	all
22834	2672.5	4584.5	5362.0	-1.0193876639272275	0.3080189603277256	all
30551	3060.0	4584.5	12474.0	-1.1111785575479936	0.26649149895711477	all
42391	3713.5	4584.5	7444.0	-0.46430328670832133	0.6424304695415957	all
16899	5035.5	4583.5	25798.0	-0.2690477797864445	0.7878929147929562	all
10192	5599.0	4583.0	26730.0	-0.7701892477962485	0.44118764105344765	all
8460	6439.5	4583.5	5476.0	-0.9889939948576044	0.32266607977471684	all
8831	5143.0	4583.5	8069.0	-0.2976713290897736	0.7659540280290308	all
19305	6439.5	4583.5	5476.0	-0.9889939948576044	0.32266607977471684	all
46383	6439.5	4583.5	5476.0	-0.9889939948576044	0.32266607977471684	all
51555	8427.0	4583.0	11909.0	-1.8632145577211503	0.06243208551809303	all
51553	8427.0	4583.0	11909.0	-1.8632145577211503	0.06243208551809303	all
51552	8427.0	4583.0	11909.0	-1.8632145577211503	0.06243208551809303	all
51554	8427.0	4583.0	11909.0	-1.8632145577211503	0.06243208551809303	all
10315	5202.0	4584.0	13610.0	-0.03635572092388734	0.9709987204000052	all
9786	2851.0	4585.5	5719.0	-0.924207489735513	0.3553782968483301	all
8420	5918.0	4584.0	12858.0	-0.20006531454522436	0.8414294998972993	all
19464	4743.0	4584.0	13133.0	-0.1401981094310386	0.8885034656007481	all
6546	5028.0	4583.0	18950.0	-0.6757694363494432	0.49918704255153046	all
4375	4743.0	4584.0	13133.0	-0.1401981094310386	0.8885034656007481	all
16642	4743.0	4584.0	13133.0	-0.1401981094310386	0.8885034656007481	all
5960	4743.0	4584.0	13133.0	-0.1401981094310386	0.8885034656007481	all
9647	2997.0	4585.0	10746.0	-0.6598454498221709	0.509353013509485	all
6571	5273.5	4584.5	15971.0	-0.4518434568870394	0.6513817606910255	all
6570	6041.0	4583.5	25975.0	-1.4327696508847922	0.15192367717097927	all
10244	7048.0	4584.0	10295.0	-0.7580276662094355	0.4484344204463334	all
9645	5699.0	4584.0	22132.0	-0.13913396181389834	0.8893442915641921	all
30308	3893.0	4585.0	20216.0	-0.4622620476750247	0.6438934124373021	all
6909	4100.0	4585.0	11570.0	-0.48046153340730163	0.6308992491166683	all
48453	8978.5	4583.5	398.0	-2.3428453241167806	0.01913731503217648	all
48447	8978.5	4583.5	398.0	-2.3428453241167806	0.01913731503217648	all
48451	8097.0	4584.0	9557.0	-0.9186894748431412	0.35825801659104894	all
10028	2309.0	4585.5	4635.0	-1.2132139570291223	0.22504802931409396	all
3994	2189.0	4585.5	4395.0	-1.2772006287546445	0.20153142507381983	all
4180	6479.0	4582.0	44938.0	-1.5380468862572594	0.12403715119666738	all
9697	4120.5	4584.5	16115.0	-0.42469325543002556	0.671060301120671	all
46189	6012.0	4582.0	34693.0	-0.8313241611629393	0.40579052902658463	all
10012	2774.5	4584.5	5566.0	-0.9649989929605335	0.33454531617686534	all
4335	3291.0	4585.0	21218.0	-0.2932775267810536	0.7693100298327903	all
12511	5238.0	4584.0	21878.0	-0.18197035732993494	0.8556059888960869	all
10344	7886.0	4584.0	8064.0	-1.243713973881248	0.213604851155208	all
16514	2689.5	4586.5	9793.0	-1.6166625166192028	0.10595114917378295	all
90544	2689.5	4586.5	9793.0	-1.6166625166192028	0.10595114917378295	all
4551	4443.0	4585.0	31545.0	-0.08381848560136852	0.9332007503480039	all
16592	5768.0	4581.0	121415.0	-1.3916629620524898	0.1640244830560147	all
30742	4764.0	4584.5	8827.0	-0.09558009088999897	0.9238540779567995	all
80115	4764.0	4584.5	8827.0	-0.09558009088999897	0.9238540779567995	all
32029	4764.0	4584.5	8827.0	-0.09558009088999897	0.9238540779567995	all
32036	4764.0	4584.5	8827.0	-0.09558009088999897	0.9238540779567995	all
48497	3266.5	4585.5	6550.0	-0.7026536388858919	0.48227162625011843	all
48496	3266.5	4585.5	6550.0	-0.7026536388858919	0.48227162625011843	all
45596	3928.0	4586.0	10485.0	-0.7166648699487254	0.4735809071592597	all
10072	2377.0	4586.0	17750.0	-0.8781461080787499	0.3798644337044046	all
15937	4322.0	4585.0	31387.0	-0.1063411398956138	0.9153116917006205	all
34033	4322.0	4585.0	31387.0	-0.1063411398956138	0.9153116917006205	all
33866	4322.0	4585.0	31387.0	-0.1063411398956138	0.9153116917006205	all
34030	4322.0	4585.0	31387.0	-0.1063411398956138	0.9153116917006205	all
15936	5275.5	4584.5	33154.0	-0.47545629766203423	0.6344617756487851	all
45182	6345.0	4584.0	9391.0	-0.9548274968393407	0.33966493967268807	all
30371	6345.0	4584.0	9391.0	-0.9548274968393407	0.33966493967268807	all
34975	3905.0	4584.5	7827.0	-0.36219122307967533	0.7172091379250548	all
72546	3905.0	4584.5	7827.0	-0.36219122307967533	0.7172091379250548	all
80156	6465.0	4581.0	32669.0	-2.0250109442439053	0.04286624044902596	all
16556	5836.0	4581.0	71672.0	-1.3361926142619753	0.18148632452210478	all
1900864	6825.5	4580.5	34650.0	-2.2222167302359925	0.02626866235323001	all
959	6465.0	4581.0	40032.0	-2.0513918773435997	0.040228799439944375	all
15074	3372.5	4584.5	6762.0	-0.6461320788616806	0.5181938219851415	all
10117	7560.0	4584.0	15151.0	-1.31646024959914	0.18801961177614854	all
10455	4029.5	4584.5	8076.0	-0.2958050511644459	0.767378965269929	all
10453	4029.5	4584.5	8076.0	-0.2958050511644459	0.767378965269929	all
19784	5695.0	4584.0	12704.0	-0.23359094940916839	0.8153025547094477	all
71486	4903.5	4583.5	21724.0	-0.8962870672542412	0.3700994644912169	all
71484	4136.0	4584.5	35889.0	-0.1107464465596184	0.9118174134508127	all
10270	4603.5	4584.5	9148.0	-0.009997917457112863	0.9920229489156421	all
71588	555.0	4585.5	1127.0	-2.1484858087505065	0.03167518256297747	all
10731	5037.0	4584.0	13192.0	-0.1273538726974497	0.898660323130839	all
45174	2796.5	4584.5	5610.0	-0.9532681031441878	0.34045424829746596	all
16672	2796.5	4584.5	5610.0	-0.9532681031441878	0.34045424829746596	all
43295	4619.5	4584.5	9116.0	-0.018529473687182507	0.9852164649950566	all
72341	5018.0	4584.0	13274.0	-0.10950256062703793	0.9128038908899418	all
1900750	4619.5	4584.5	9116.0	-0.018529473687182507	0.9852164649950566	all
6863	5986.0	4583.0	23106.0	-1.2867848121148873	0.1981693020886486	all
15851	5825.0	4583.5	28516.0	-1.0939295296229135	0.2739858864074912	all
15854	2263.0	4585.5	4543.0	-1.2377421811905724	0.21581167329163142	all
5345	5986.0	4583.0	23106.0	-1.2867848121148873	0.1981693020886486	all
15205	5825.0	4583.5	28516.0	-1.0939295296229135	0.2739858864074912	all
15853	2263.0	4585.5	4543.0	-1.2377421811905724	0.21581167329163142	all
70382	4651.5	4584.5	9052.0	-0.03559258614732179	0.9716072199721922	all
70008	6479.0	4582.0	43170.0	-1.7230436135790388	0.08488063835751522	all
70402	4370.5	4584.5	16942.0	-0.26876814011786965	0.7881081119839579	all
8839	5114.5	4584.5	8126.0	-0.2824744945549621	0.7775797009921555	all
30060	4363.0	4585.0	22912.0	-0.007589125189849001	0.9939448123050052	all
51055	8567.5	4583.5	8731.0	-1.8168952523646797	0.06923315379131899	all
45833	8251.0	4583.0	13179.0	-1.6490325801409673	0.09914096027668869	all
45827	8251.0	4584.0	8554.0	-1.1370414993141533	0.2555209376538671	all
1902931	5420.0	4584.5	7515.0	-0.44537389632285435	0.6560495732971898	all
10197	5086.0	4582.0	69563.0	-1.5187903090380075	0.12881528599669645	all
741	5086.0	4582.0	69563.0	-1.5187903090380075	0.12881528599669645	all
9559	5086.0	4582.0	69563.0	-1.5187903090380075	0.12881528599669645	all
31409	5458.5	4583.5	60339.0	-0.39109017668755647	0.6957305814354279	all
9768	5458.5	4583.5	61709.0	-0.25294565121070917	0.8003102116706293	all
9783	3077.0	4584.5	6171.0	-0.8036992579857793	0.42157068276524334	all
10196	2163.0	4585.0	24404.0	-1.1017569306343151	0.2705673591900075	all
1990066	2163.0	4585.0	24404.0	-1.1017569306343151	0.2705673591900075	all
10106	2239.0	4585.5	12284.0	-1.147001740025998	0.25138090177576733	all
6808	7263.0	4584.0	15023.0	-1.3380470945835994	0.18088108529697905	all
30150	7341.0	4583.5	24460.0	-1.6347935720621818	0.10209232872923259	all
1990542	7617.0	4583.0	32008.0	-2.100192489635122	0.03571191177586873	all
5742	3189.0	4585.5	16085.0	-0.4303495474002368	0.6669413900210884	all
98799	3165.0	4586.0	16275.0	-1.126900767079356	0.2597844390115981	all
10042	2053.0	4585.5	4123.0	-1.3497188567102365	0.1771061813891086	all
15665	4368.5	4584.5	36465.0	-0.033937351775343634	0.9729271079202917	all
1901618	5047.5	4583.5	51615.0	-0.3746801921235418	0.7078983252924238	all
15850	5218.0	4583.0	61036.0	-0.7560888867332263	0.4495959045679433	all
44426	4117.5	4584.5	8252.0	-0.24888149189906286	0.8034524522393784	all
30620	7528.5	4583.5	3298.0	-1.5696730407667194	0.11649119624671686	all
30619	6522.0	4582.5	10144.0	-1.5504839005677316	0.12102541470290194	all
15675	1115.5	4585.5	2248.0	-1.8496147295658796	0.06436909831628744	all
15099	1115.5	4585.5	2248.0	-1.8496147295658796	0.06436909831628744	all
35444	1115.5	4585.5	2248.0	-1.8496147295658796	0.06436909831628744	all
17004	4615.0	4584.5	99234.0	-0.12807426542116412	0.8980902015160797	all
30915	6850.0	4583.0	15965.0	-1.1791814072760936	0.2383259479689096	all
793	6672.0	4578.5	122854.0	-2.636753123314728	0.00837037249237086	all
8272	5927.0	4584.5	14460.0	-0.736732029120011	0.46128532507531506	all
80130	6120.0	4583.0	18285.0	-0.7879198419327674	0.43074359420790553	all
70546	6120.0	4583.0	18285.0	-0.7879198419327674	0.43074359420790553	all
51011	4361.0	4584.5	35634.0	-0.14475047289640672	0.8849078871567128	all
70652	1305.0	4585.0	7720.0	-1.318602405005902	0.18730206926926482	all
71461	2495.5	4585.5	5008.0	-1.1137680047223728	0.2653787263782571	all
17057	1812.5	4585.5	3642.0	-1.4779588112934707	0.13941880319348662	all
32452	6734.0	4584.0	10105.0	-0.7993904624701457	0.4240640390080318	all
32451	7787.0	4583.0	12172.0	-1.818860337167144	0.06893274029113365	all
70988	6115.0	4582.0	46348.0	-1.3905099034949806	0.16437409411404086	all
16577	7121.0	4582.5	16117.0	-1.7595493855733224	0.07848423978048844	all
6482	6734.0	4583.0	23739.0	-1.1965516464930057	0.23148135684239013	all
8214	6734.0	4583.0	23739.0	-1.1965516464930057	0.23148135684239013	all
70076	6734.0	4583.0	15719.0	-1.2206686249806016	0.22221151167845787	all
10216	6115.0	4583.0	25340.0	-0.9683315862076469	0.33287879474365234	all
35999	6573.5	4583.5	21808.0	-0.8833542984404722	0.3770448749866173	all
43138	5791.5	4583.5	26090.0	-0.22409101200524748	0.8226864860307288	all
3678	5791.5	4581.5	107673.0	-0.17680575554090971	0.859660968006319	all
9378	3737.5	4584.5	7492.0	-0.4515059523632169	0.6516249359803091	all
16861	4633.0	4584.0	58900.0	-0.0771168484367372	0.938530589793734	all
33273	4633.0	4584.0	11220.0	-0.5566561580980834	0.5777623766330282	all
32025	3741.0	4584.5	7499.0	-0.44963967443788916	0.6529702757994076	all
2001020	5250.5	4583.5	29670.0	-0.9400446418085852	0.34719466246974984	all
10225	5588.5	4582.5	24106.0	-0.5295506944637915	0.596423487325358	all
16621	4358.0	4585.0	20976.0	-0.3340901555797971	0.7383115284218762	all
2084	8219.0	4584.0	8824.0	-1.0782627888384073	0.280916498223297	all
42159	8219.0	4584.0	8824.0	-1.0782627888384073	0.280916498223297	all
98734	8219.0	4584.0	8824.0	-1.0782627888384073	0.280916498223297	all
8474	8219.0	4584.0	8824.0	-1.0782627888384073	0.280916498223297	all
98599	8219.0	4584.0	8824.0	-1.0782627888384073	0.280916498223297	all
35252	4540.0	4585.0	20312.0	-0.44607191393668016	0.6555452999310316	all
9969	4142.5	4584.5	16288.0	-0.3920753050684742	0.6950025734186027	all
33843	5736.0	4583.5	6883.0	-0.6138721318667297	0.5392998270207854	all
4311	1256.5	4585.5	11518.0	-1.2914257283320578	0.1965560939186503	all
4659	4417.0	4586.5	88177.0	-0.29558496606189316	0.7675470562158508	all
33384	911.0	4585.5	1839.0	-1.9586586826314571	0.05015277221956249	all
33383	911.0	4585.5	1839.0	-1.9586586826314571	0.05015277221956249	all
45337	911.0	4585.5	1839.0	-1.9586586826314571	0.05015277221956249	all
45338	924.0	4585.0	7589.0	-1.3471209645330233	0.1779412771850329	all
4337	924.0	4586.0	6369.0	-1.61271365631232	0.10680673222653252	all
4161	4509.0	4585.0	19349.0	-0.6084791929994487	0.5428697018159754	all
43693	8037.5	4583.5	10637.0	-1.4575321691905938	0.1449695381109446	all
43692	8037.5	4583.5	10637.0	-1.4575321691905938	0.1449695381109446	all
46246	3917.0	4586.5	54285.0	-0.08390963174863798	0.9331282815360677	all
9513	2884.0	4584.5	5785.0	-0.9066111550109944	0.36461246070950104	all
10375	3531.0	4584.5	7079.0	-0.5616163499575532	0.5743774382987548	all
34256	5272.0	4584.5	7811.0	-0.36645700119471014	0.7140240924503931	all
10304	4398.0	4585.0	12589.0	-0.25862632609328245	0.7959235688653564	all
48359	5068.0	4584.5	25973.0	-0.24210451142442574	0.8086991825628271	all
9052	1491.0	4586.0	6338.0	-1.6194623230706464	0.10534782675332924	all
4751	1491.0	4586.0	6338.0	-1.6194623230706464	0.10534782675332924	all
4072	914.5	4585.5	1846.0	-1.9567924047061294	0.05037188042978617	all
1872	181.0	4585.5	379.0	-2.3479109356283847	0.018879035019790425	all
4177	5339.0	4583.0	70194.0	-0.710116235317069	0.47763205923683727	all
8235	6255.5	4583.5	38366.0	-0.8974337459673773	0.36948751220884124	all
51013	7175.5	4583.5	4004.0	-1.381445581440808	0.16714199907780214	all
51512	2418.0	4585.5	4853.0	-1.1550927302117728	0.24805245492292394	all
48639	2421.0	4585.0	13101.0	-0.14716447511705297	0.8830021999914884	all
30307	3652.5	4584.5	26562.0	-0.15142116819454543	0.8796434921741232	all
80005	6351.0	4584.0	8531.0	-1.142048574650976	0.25343382940895953	all
16987	3732.0	4586.0	22317.0	-0.1079342249222969	0.914047868129634	all
996	3732.0	4586.0	22317.0	-0.1079342249222969	0.914047868129634	all
990	3732.0	4586.0	30133.0	-0.28509688980057324	0.7755699127984113	all
1053	3732.0	4586.0	22317.0	-0.1079342249222969	0.914047868129634	all
30076	5458.5	4583.5	72727.0	-0.061175068398756485	0.9512197850662033	all
43141	626.0	4585.5	1269.0	-2.110627027979573	0.0348043826395951	all
43139	1124.0	4586.0	2545.0	-2.445194355791034	0.014477410096194477	all
4003	5711.5	4582.5	72690.0	-0.06466539612543959	0.9484404150189032	all
32153	6365.0	4584.0	19026.0	-0.6629522471399205	0.50736113812952	all
9815	6578.0	4584.0	11908.0	-0.40687929584877514	0.6840966430917983	all
71010	6245.0	4582.5	58698.0	-1.3845752759024648	0.1661823758274352	all
5685	5752.5	4582.5	46114.0	-0.9737546687611246	0.3301783659026565	all
34719	6259.0	4584.0	13220.0	-0.12125830272218713	0.9034864458479015	all
34715	6259.0	4584.0	10665.0	-0.6774790629648947	0.498102049712675	all
71013	6512.5	4580.5	66061.0	-2.162010978745642	0.030617329962729496	all
71011	5566.0	4583.5	52176.0	-0.31358570359533167	0.7538357191073848	all
243	6245.0	4583.5	23791.0	-0.5780485775154254	0.563231323004301	all
5684	5110.0	4584.0	85465.0	-0.14199156919520764	0.8870866650125371	all
5682	7461.0	4582.0	18785.0	-1.9027366425290257	0.05707491808626056	all
5687	6259.0	4584.0	18873.0	-0.688755272785407	0.4909772866596529	all
42353	4654.0	4583.5	9047.0	-0.036925641808270175	0.9705442944763671	all
6004	4654.0	4583.5	9047.0	-0.036925641808270175	0.9705442944763671	all
9805	3399.5	4584.5	6816.0	-0.6317350777234381	0.5275600027299913	all
9804	3399.5	4584.5	6816.0	-0.6317350777234381	0.5275600027299913	all
8171	4803.0	4581.5	63211.0	-0.9588496264289288	0.3376345046133469	all
42646	4906.0	4583.5	108148.0	-0.8113087486372225	0.4171883872019855	all
5786	2539.0	4586.0	31723.0	-1.2047410938087242	0.22830326667182	all
48500	2539.0	4586.0	31723.0	-1.2047410938087242	0.22830326667182	all
6614	2506.0	4586.5	26459.0	-1.3682286754063393	0.1712405084186365	all
6613	2506.0	4586.5	26459.0	-1.3682286754063393	0.1712405084186365	all
45047	2506.0	4588.5	36704.0	-1.9985303141273587	0.045659196829410324	all
72599	2506.0	4588.5	36704.0	-1.9985303141273587	0.045659196829410324	all
70972	2506.0	4589.5	50883.0	-2.121789091687017	0.03385545308275923	all
6617	2090.5	4585.5	4198.0	-1.3297230217960108	0.1836095467376802	all
8312	4196.0	4584.5	17547.0	-0.15469958538527678	0.8770581568657356	all
46537	6462.5	4583.5	5430.0	-1.0012581069383295	0.3167020407608919	all
51085	4136.5	4584.5	8290.0	-0.23875026887585515	0.8112992347520704	all
51084	4136.5	4584.5	8290.0	-0.23875026887585515	0.8112992347520704	all
6458	4136.5	4584.5	8290.0	-0.23875026887585515	0.8112992347520704	all
339	4395.0	4584.5	15388.0	-0.5617640641748107	0.5742767791398968	all
10161	3084.5	4584.5	6186.0	-0.7997000910029342	0.4238845802145672	all
71491	5356.0	4584.0	12785.0	-0.2159573362664446	0.8290210035350072	all
777	4017.5	4584.5	24836.0	-0.41715877501079907	0.6765622766781996	all
776	4017.5	4584.5	36691.0	-0.003800450002346929	0.9969676869181978	all
779	5977.0	4583.5	28209.0	-1.1348677103499487	0.25643075081654887	all
7094	3838.5	4584.5	34413.0	-0.3075697519443225	0.7584097395830773	all
71173	3838.5	4584.5	34413.0	-0.3075697519443225	0.7584097395830773	all
31577	3838.5	4584.5	34413.0	-0.3075697519443225	0.7584097395830773	all
71174	3838.5	4584.5	34413.0	-0.3075697519443225	0.7584097395830773	all
45841	3838.5	4584.5	34413.0	-0.3075697519443225	0.7584097395830773	all
2000816	3838.5	4584.5	34413.0	-0.3075697519443225	0.7584097395830773	all
10965	4588.0	4584.0	40433.0	-0.10963621726165805	0.9126978865533766	all
33047	4588.0	4584.0	40433.0	-0.10963621726165805	0.9126978865533766	all
7088	6019.0	4582.0	48596.0	-1.155287820339234	0.2479725819123475	all
33045	4588.0	4584.0	40433.0	-0.10963621726165805	0.9126978865533766	all
51983	4588.0	4584.0	40433.0	-0.10963621726165805	0.9126978865533766	all
33048	3838.5	4584.5	34413.0	-0.3075697519443225	0.7584097395830773	all
45839	3838.5	4584.5	34413.0	-0.3075697519443225	0.7584097395830773	all
33046	3838.5	4584.5	34413.0	-0.3075697519443225	0.7584097395830773	all
2001251	4093.0	4585.0	57208.0	-0.25416122775147176	0.7993710030021303	all
51985	3838.5	4584.5	34413.0	-0.3075697519443225	0.7584097395830773	all
30071	5183.0	4583.0	44242.0	-0.7087083348451907	0.47850549148052257	all
1902099	5183.0	4583.0	44242.0	-0.7087083348451907	0.47850549148052257	all
1902100	3838.5	4584.5	34413.0	-0.3075697519443225	0.7584097395830773	all
1901988	3551.0	4585.0	37965.0	-0.4199368872178187	0.6745315597984078	all
1901991	3551.0	4585.0	37965.0	-0.4199368872178187	0.6745315597984078	all
32435	4771.0	4583.5	44452.0	-0.1714708592846554	0.8638535419891966	all
1901799	4771.0	4583.5	44452.0	-0.1714708592846554	0.8638535419891966	all
1903051	4771.0	4583.5	44452.0	-0.1714708592846554	0.8638535419891966	all
1903363	4771.0	4583.5	44452.0	-0.1714708592846554	0.8638535419891966	all
42177	4771.0	4583.5	44452.0	-0.1714708592846554	0.8638535419891966	all
45861	4954.0	4583.0	80693.0	-0.5551524034632143	0.5787904215587714	all
1904667	3838.5	4584.5	34413.0	-0.3075697519443225	0.7584097395830773	all
1904666	3838.5	4584.5	34413.0	-0.3075697519443225	0.7584097395830773	all
51438	4588.0	4584.0	49545.0	-0.10554988520884881	0.9159394883406852	all
31396	4588.0	4584.0	49545.0	-0.10554988520884881	0.9159394883406852	all
1903320	4885.5	4583.5	49757.0	-0.5770216532383625	0.5639248281699931	all
51444	4588.0	4584.0	40237.0	-0.13427922022414082	0.893181784271057	all
51352	4588.0	4584.0	40237.0	-0.13427922022414082	0.893181784271057	all
51340	4588.0	4584.0	49545.0	-0.10554988520884881	0.9159394883406852	all
31397	4588.0	4584.0	40237.0	-0.13427922022414082	0.893181784271057	all
1903321	4885.5	4583.5	40451.0	-0.6487264474571119	0.5165152065123957	all
51436	4588.0	4584.0	40237.0	-0.13427922022414082	0.893181784271057	all
51439	4588.0	4584.0	40237.0	-0.13427922022414082	0.893181784271057	all
5828	3089.0	4585.0	20534.0	-0.40863222966675844	0.6828095747726599	all
50829	4859.0	4584.0	12808.0	-0.21095026092962177	0.8329260839180859	all
5388	5066.0	4584.0	11600.0	-0.4739305655766632	0.6355494219405802	all
9652	4431.0	4586.0	10723.0	-0.6648525251589937	0.5061448233979671	all
447	2341.0	4586.0	7641.0	-1.33580062029325	0.18161445019802	all
479	2341.0	4586.0	7641.0	-1.33580062029325	0.18161445019802	all
478	2571.0	4586.5	10448.0	-1.4931668086029244	0.13539352801818105	all
469	3190.0	4586.0	36525.0	-0.6009875212278962	0.5478482978010789	all
466	2777.5	4587.5	32782.0	-1.563516026485997	0.11793126908329551	all
460	3190.0	4587.0	37987.0	-1.420146408100955	0.15556506194974207	all
42256	3618.0	4586.0	10067.0	-0.8076630217222878	0.4192845963183992	all
461	2213.5	4585.5	4444.0	-1.2641366832773504	0.206180972014661	all
31125	2721.0	4586.0	25511.0	-0.9439558021296979	0.3451922344505164	all
43628	4405.0	4585.0	50386.0	-0.009895301738329577	0.99210482036325	all
6407	5339.0	4584.5	7677.0	-0.40218289290812675	0.6875494312259779	all
51029	5339.0	4584.5	7677.0	-0.40218289290812675	0.6875494312259779	all
71428	8156.0	4584.0	15450.0	-1.2660347288932545	0.20550064891770015	all
1990726	3905.0	4584.5	17527.0	-0.15847044669875093	0.8740861064917069	all
5845	3090.0	4586.0	9706.0	-0.886252334617637	0.3754815679945125	all
34518	3541.0	4585.5	15117.0	-0.6128592349723854	0.539969419713723	all
71219	2804.5	4585.5	13069.0	-0.9989954334721378	0.31779690342342515	all
5199	5651.0	4584.0	12782.0	-0.21661043304950844	0.8285119543705267	all
52725	4278.0	4585.5	16066.0	-0.4339318656480372	0.6643379189981968	all
51766	4278.0	4585.5	16066.0	-0.4339318656480372	0.6643379189981968	all
47325	4032.0	4585.0	11415.0	-0.5142048671989335	0.6071087652186264	all
51765	4032.0	4586.0	20796.0	-0.36444665633919315	0.7155245007324234	all
52726	4032.0	4585.0	11415.0	-0.5142048671989335	0.6071087652186264	all
51117	4993.0	4584.0	11735.0	-0.4445412103387902	0.6566513410711092	all
43981	2979.0	4586.0	7356.0	-1.3978448146843152	0.16215967346201296	all
43967	3812.0	4585.5	23794.0	-0.5775866929149336	0.5635431932147578	all
35267	5009.0	4584.0	26672.0	-0.7784570576004651	0.43629961294625863	all
43189	5009.0	4584.0	26672.0	-0.7784570576004651	0.43629961294625863	all
1902562	5009.0	4584.0	26672.0	-0.7784570576004651	0.43629961294625863	all
5787	2069.0	4585.5	14494.0	-0.730321564887105	0.4651936495806964	all
31305	8804.5	4583.5	746.0	-2.2500646501147736	0.02444484166422481	all
17089	5068.0	4584.0	11172.0	-0.567105706627105	0.5706423660089499	all
5319	4613.0	4584.0	65767.0	-0.2951873890995588	0.767850735049773	all
46836	5068.0	4584.0	11172.0	-0.567105706627105	0.5706423660089499	all
51861	5068.0	4584.0	11172.0	-0.567105706627105	0.5706423660089499	all
71457	2580.0	4586.0	8125.0	-1.230434339292283	0.21853450088970716	all
71493	3023.0	4585.5	14052.0	-0.8136575999148836	0.4158411304283759	all
34644	5588.5	4582.5	35977.0	-1.1824034035889717	0.23704567334355509	all
15095	3390.0	4585.0	39010.0	-0.2885494479535611	0.7729261852373339	all
1903830	3390.0	4585.0	39010.0	-0.2885494479535611	0.7729261852373339	all
31369	2145.0	4585.0	12587.0	-0.25906172394865834	0.7955876167122349	all
35265	4531.0	4585.0	22339.0	-0.10422398594059294	0.9169915995937448	all
2000122	2121.5	4585.5	4260.0	-1.3131931316002508	0.189117877815439	all
10037	4966.0	4584.0	11665.0	-0.45978013527694656	0.6456740431119934	all
15976	2439.0	4585.5	4895.0	-1.1438950626598063	0.2526671588869507	all
15210	4355.0	4584.5	8727.0	-0.1222412041089666	0.9027079949605931	all
5350	4355.0	4584.5	8727.0	-0.1222412041089666	0.9027079949605931	all
15855	4355.0	4584.5	8727.0	-0.1222412041089666	0.9027079949605931	all
1903791	4355.0	4584.5	8727.0	-0.1222412041089666	0.9027079949605931	all
15857	4355.0	4584.5	8727.0	-0.1222412041089666	0.9027079949605931	all
1904082	4355.0	4584.5	8727.0	-0.1222412041089666	0.9027079949605931	all
6621	2843.0	4585.0	13325.0	-0.09839991531495257	0.9216147419167801	all
35437	2524.0	4585.5	14227.0	-0.7806625634219848	0.4350009844576517	all
51220	2524.0	4585.5	14227.0	-0.7806625634219848	0.4350009844576517	all
46923	2843.0	4585.0	13325.0	-0.09839991531495257	0.9216147419167801	all
2679	4692.5	4584.5	8970.0	-0.057454698986875254	0.954182991428781	all
45730	4692.5	4584.5	8970.0	-0.057454698986875254	0.954182991428781	all
15693	5273.0	4584.0	17767.0	-0.8752791052292515	0.38142206030301384	all
4347	6413.5	4583.5	5528.0	-0.9751302159837412	0.3294956720514822	all
19948	911.0	4585.5	1839.0	-1.9586586826314571	0.05015277221956249	all
3993	4561.0	4585.0	81146.0	-0.5159315614842941	0.6059022096215358	all
17151	6175.5	4583.5	6004.0	-0.8482233170614553	0.3963136139729586	all
33549	4923.0	4584.0	20628.0	-0.39277939038129606	0.6944824279342525	all
188	4923.0	4584.0	20628.0	-0.39277939038129606	0.6944824279342525	all
43407	4923.0	4584.0	20628.0	-0.39277939038129606	0.6944824279342525	all
43409	4923.0	4584.0	20628.0	-0.39277939038129606	0.6944824279342525	all
162	6633.0	4582.5	29509.0	-1.9539328073129028	0.05070916408096146	all
46219	6633.0	4582.5	29509.0	-1.9539328073129028	0.05070916408096146	all
52544	7165.5	4583.5	19853.0	-1.1843490964275962	0.2362749014715828	all
52542	7165.5	4583.5	19853.0	-1.1843490964275962	0.2362749014715828	all
52482	7165.5	4583.5	19853.0	-1.1843490964275962	0.2362749014715828	all
4834	6719.0	4584.0	8215.0	-1.2108414358003676	0.22595618122502592	all
9704	4594.0	4584.0	29226.0	-0.4143883293251332	0.6785897346224061	all
1055	4667.0	4584.5	27205.0	-0.05242390215581365	0.958190929129779	all
419	4867.0	4583.5	59681.0	-0.45743988308446565	0.6473549031588441	all
30422	4826.0	4584.0	90494.0	-0.4743296937905724	0.63526481995689	all
16246	4564.0	4584.5	96972.0	-0.310106303361895	0.7564801190087432	all
418	4330.0	4585.0	56725.0	-0.30470049205940125	0.7605942748132615	all
5665	5858.0	4583.5	52430.0	-1.1885975139111955	0.2345980866422971	all
105	4018.0	4585.5	29029.0	-1.0255214295806687	0.30511721924859037	all
6547	4018.0	4585.5	29029.0	-1.0255214295806687	0.30511721924859037	all
52803	4018.0	4585.5	29029.0	-1.0255214295806687	0.30511721924859037	all
6680	3895.5	4584.5	7808.0	-0.36725683459127917	0.7134274487748413	all
6678	3895.5	4584.5	7808.0	-0.36725683459127917	0.7134274487748413	all
6677	6104.5	4583.5	22996.0	-0.7004479966457392	0.48364757088343746	all
6687	6104.5	4583.5	22996.0	-0.7004479966457392	0.48364757088343746	all
46477	6104.5	4583.5	22996.0	-0.7004479966457392	0.48364757088343746	all
46479	6104.5	4583.5	22996.0	-0.7004479966457392	0.48364757088343746	all
30149	6104.5	4583.5	29167.0	-1.0071192506219362	0.3138774712694822	all
46466	6104.5	4583.5	29167.0	-1.0071192506219362	0.3138774712694822	all
19377	6104.5	4583.5	22996.0	-0.7004479966457392	0.48364757088343746	all
46514	5329.0	4584.0	28214.0	-0.5586473555642232	0.5764024143147506	all
4348	3895.5	4584.5	7808.0	-0.36725683459127917	0.7134274487748413	all
7338	2053.0	4586.0	14677.0	-1.3963990349322162	0.16259436556446333	all
31539	5128.0	4584.5	8099.0	-0.28967299512408334	0.7720664177183585	all
5851	7635.0	4582.5	7138.0	-2.1172443559828955	0.034239114691060994	all
4845	3198.0	4585.0	10511.0	-0.7110046978288387	0.47708132465156483	all
4457	3825.0	4584.5	7667.0	-0.4048490042300235	0.685588505215375	all
1990714	1756.0	4585.0	10678.0	-0.6746489769049514	0.4998988083915875	all
6013	5289.0	4584.0	13247.0	-0.11538043167461252	0.9081435886209772	all
5544	5410.5	4583.5	22718.0	-0.7432493029579746	0.4573307588439791	all
15774	2871.0	4585.5	5759.0	-0.913543044447926	0.3609570057481949	all
31624	4848.0	4584.0	39672.0	-0.20531644815170597	0.8373248940227789	all
44390	4848.0	4584.0	39672.0	-0.20531644815170597	0.8373248940227789	all
19509	8114.0	4584.0	15370.0	-1.2795265070085415	0.2007117114221505	all
71267	8114.0	4584.0	15370.0	-1.2795265070085415	0.2007117114221505	all
71265	7204.0	4583.5	18249.0	-1.4313033961571853	0.15234328102593184	all
43102	8114.0	4584.0	15370.0	-1.2795265070085415	0.2007117114221505	all
80119	2460.5	4585.5	4938.0	-1.1324307839756502	0.25745336878269	all
373	4620.0	4584.0	48023.0	-0.2786607960793961	0.7805051513400875	all
10086	8379.0	4583.5	1597.0	-2.023178576621359	0.04305473959448687	all
43609	5025.0	4584.5	8305.0	-0.23475110189301002	0.8144019222162725	all
2001070	5041.0	4584.0	20212.0	-0.46293663658078904	0.643409785879707	all
4749	3564.5	4584.5	7146.0	-0.5437534041008449	0.5866111773429539	all
71004	5670.5	4583.5	42629.0	-0.38892572987660445	0.6973310880196062	all
16661	1131.0	4586.0	5627.0	-1.7742462606567775	0.07602242528646426	all
30151	6341.0	4584.0	17180.0	-0.9742750271501707	0.32992000073344363	all
463	2523.5	4585.5	20534.0	-1.0795012921159688	0.28036431808835127	all
470	3366.0	4585.0	28676.0	-0.4927899740202908	0.6221609956256396	all
8805	7318.0	4583.5	3719.0	-1.4574297541148657	0.14499778878159073	all
16622	7318.0	4583.5	3719.0	-1.4574297541148657	0.14499778878159073	all
51776	4264.0	4584.5	8545.0	-0.17076443016748769	0.8644089988070995	all
9650	5473.5	4584.5	14357.0	-0.7561519648844028	0.4495580888796582	all
42823	2873.0	4585.5	23108.0	-0.6832043048940472	0.4944777527897223	all
42822	2873.0	4585.5	23108.0	-0.6832043048940472	0.4944777527897223	all
46184	2873.0	4585.5	32547.0	-0.5563992152558793	0.5779379752436195	all
42819	4688.5	4584.5	26456.0	-0.16774109074525395	0.8667869684166442	all
42816	4688.5	4584.5	26456.0	-0.16774109074525395	0.8667869684166442	all
36381	5031.5	4584.5	8292.0	-0.2382170466114758	0.8117127563529296	all
16843	3515.0	4585.0	22839.0	-0.019900372720048493	0.9841228478154466	all
16840	5320.0	4584.0	45915.0	-0.5184228198081173	0.6041632965117223	all
8615	3260.0	4585.0	21961.0	-0.16797263753532454	0.8666048052779957	all
8614	3260.0	4585.0	21961.0	-0.16797263753532454	0.8666048052779957	all
8746	3042.0	4585.5	6101.0	-0.8223620372390567	0.41087087862230065	all
48209	1597.5	4585.5	3212.0	-1.5926015981350317	0.1112495947957289	all
32386	2096.5	4586.5	7453.0	-2.057853290295678	0.039604218726236956	all
60341	4476.0	4585.0	40922.0	-0.04815443946240256	0.9615931600719392	all
149	3220.0	4585.5	36894.0	-1.0730199058748644	0.283262184944688	all
46910	4639.0	4584.0	48788.0	-0.1916503842423602	0.8480160730531439	all
381	5836.0	4584.0	13345.0	-0.0940459367611936	0.9250726661493494	all
10347	1381.5	4585.5	2780.0	-1.7077776072409718	0.08767761560089643	all
70456	1381.5	4585.5	2780.0	-1.7077776072409718	0.08767761560089643	all
8934	1702.0	4585.0	11298.0	-0.5396756417384235	0.5894207411518468	all
52834	1702.0	4585.0	11298.0	-0.5396756417384235	0.5894207411518468	all
47372	1619.0	4585.0	10137.0	-0.7924240967841314	0.42811343354800757	all
6695	2879.0	4584.5	5775.0	-0.9092772663328912	0.36320378756708893	all
1902653	2879.0	4584.5	5775.0	-0.9092772663328912	0.36320378756708893	all
1902652	2879.0	4584.5	5775.0	-0.9092772663328912	0.36320378756708893	all
8203	2879.0	4584.5	5775.0	-0.9092772663328912	0.36320378756708893	all
4801	1276.0	4585.5	2569.0	-1.7640325561329935	0.07772649813841065	all
10027	3350.0	4590.0	98850.0	-1.1844249478436826	0.2362448894292084	all
9668	3350.0	4590.0	98850.0	-1.1844249478436826	0.2362448894292084	all
10206	5860.0	4583.0	32461.0	-1.1119526438785594	0.26615851210157326	all
8022	1032.0	4585.0	16859.0	-1.02841078683776	0.30375663657056606	all
45116	5172.5	4584.5	26368.0	-0.18128970569301195	0.8561401858098612	all
19788	3477.5	4584.5	6972.0	-0.5901437411018485	0.555094285759274	all
51211	3261.0	4585.5	6539.0	-0.7055863613399784	0.4804454082966999	all
97466	1454.0	4585.0	7020.0	-1.4709916543874657	0.14129337385594484	all
1904587	1454.0	4585.0	7020.0	-1.4709916543874657	0.14129337385594484	all
35067	4093.0	4585.0	13665.0	-0.024382279901050196	0.980547682712906	all
2000757	4093.0	4585.0	13665.0	-0.024382279901050196	0.980547682712906	all
2000756	3536.0	4585.5	21558.0	-0.9218446818147847	0.3566095971221567	all
1901983	3536.0	4585.5	21558.0	-0.9218446818147847	0.3566095971221567	all
1901984	4093.0	4585.0	13665.0	-0.024382279901050196	0.980547682712906	all
35065	3536.0	4585.5	21558.0	-0.9218446818147847	0.3566095971221567	all
31057	4093.0	4585.0	13665.0	-0.024382279901050196	0.980547682712906	all
1903309	5104.0	4584.5	16725.0	-0.30968198536906416	0.7568028033608514	all
90239	2622.0	4585.5	5261.0	-1.0463153882783849	0.29541544300197453	all
6349	4690.0	4584.0	38943.0	-0.2969733316193077	0.7664868694314646	all
71514	4690.0	4584.0	38943.0	-0.2969733316193077	0.7664868694314646	all
786	4301.0	4585.0	20337.0	-0.4418557332756529	0.6585936051674194	all
44815	4999.5	4583.5	38560.0	-0.8742926352187004	0.3819589090563168	all
6344	4485.0	4584.5	8987.0	-0.05292230973965075	0.9577938086966057	all
6777	4157.0	4585.0	35456.0	-0.7353924710589885	0.4621005057931723	all
19720	4157.0	4585.0	35456.0	-0.7353924710589885	0.4621005057931723	all
43545	4157.0	4585.0	35456.0	-0.7353924710589885	0.4621005057931723	all
51189	4157.0	4585.0	35456.0	-0.7353924710589885	0.4621005057931723	all
32324	4157.0	4585.0	35456.0	-0.7353924710589885	0.4621005057931723	all
10353	3388.0	4585.0	10055.0	-0.8102754088545431	0.41778190551981786	all
42754	5611.0	4584.5	7133.0	-0.5472193488193107	0.5842280447353437	all
5353	4366.5	4584.5	8750.0	-0.11610914806860405	0.9075660387361153	all
15755	4366.5	4584.5	8750.0	-0.11610914806860405	0.9075660387361153	all
97602	890.0	4585.0	9943.0	-0.8346576887555933	0.4039104709926855	all
16849	6472.0	4583.5	5411.0	-1.0063237184499334	0.31425987458963167	all
6625	4412.0	4585.0	48400.0	-0.23578115521330129	0.8136024918938389	all
72662	4412.0	4585.0	48400.0	-0.23578115521330129	0.8136024918938389	all
72663	4412.0	4585.0	48400.0	-0.23578115521330129	0.8136024918938389	all
43574	4465.0	4585.5	53049.0	-0.21851353160758225	0.827029016343569	all
16560	5557.5	4583.5	7240.0	-0.5186919576750153	0.6039755708732296	all
22615	5557.5	4583.5	7240.0	-0.5186919576750153	0.6039755708732296	all
16558	4125.0	4586.0	36338.0	-0.624498957727816	0.5322999546063758	all
80110	3889.5	4585.5	21090.0	-0.9938986794914978	0.3202721973181195	all
51567	6042.0	4584.0	20936.0	-0.34083604463744066	0.7332270137290182	all
61647	6042.0	4584.0	20936.0	-0.34083604463744066	0.7332270137290182	all
380	3639.0	4584.5	16059.0	-0.43525166710775315	0.6633797634027199	all
4412	3514.5	4584.5	7046.0	-0.5704145173198125	0.568396585505373	all
9957	1942.0	4585.5	10647.0	-1.4556467385338567	0.1454903005330464	all
10322	3401.0	4585.0	12916.0	-0.18743877673932338	0.8513166218783537	all
71071	3401.0	4585.0	12916.0	-0.18743877673932338	0.8513166218783537	all
1903725	3401.0	4585.0	12916.0	-0.18743877673932338	0.8513166218783537	all
5047	1594.0	4585.5	10661.0	-1.4530071356144247	0.1462217728144447	all
43021	3962.0	4589.0	91994.0	-1.0549414641373842	0.2914520970072133	all
32968	1114.0	4586.0	3288.0	-2.283444052518888	0.022404224872955836	all
32786	1554.0	4585.5	10308.0	-1.5195628377972434	0.1286208838010924	all
1099	6372.0	4584.0	13073.0	-0.1532600450923155	0.8781932077625314	all
1098	6372.0	4584.0	13073.0	-0.1532600450923155	0.8781932077625314	all
45309	3034.5	4584.5	6086.0	-0.8263612042219018	0.40859922399187465	all
51219	3034.5	4584.5	6086.0	-0.8263612042219018	0.40859922399187465	all
80141	2421.0	4586.0	7512.0	-1.3638837819649954	0.1726041459066103	all
42304	2421.0	4586.0	14888.0	-1.3608144701531464	0.17357232788401708	all
19217	2657.0	4585.5	25213.0	-1.534381682526489	0.12493578125459971	all
80140	2297.5	4586.5	7732.0	-2.005249774972713	0.044936351240601594	all
4300	6800.5	4583.5	10001.0	-1.5774455589590717	0.1146930394627924	all
8692	6552.0	4584.5	5251.0	-1.0489814996002815	0.2941866332466855	all
16856	6472.0	4584.0	7955.0	-1.2674431569992342	0.20499687657487253	all
3857	4587.0	4584.0	9840.0	-0.8570806783074519	0.3914002986479247	all
4165	6472.0	4584.0	7955.0	-1.2674431569992342	0.20499687657487253	all
19781	5172.5	4584.5	8010.0	-0.31340138588896455	0.7539757314357344	all
9684	8645.0	4582.0	6099.0	-2.8430549433438768	0.004468336677568835	all
4366	2582.0	4585.0	12091.0	-0.3670403920818806	0.7135888889368551	all
1900871	4110.0	4584.5	8237.0	-0.252880658881908	0.8003604357891326	all
1900865	5415.5	4583.5	24857.0	-0.4139255828073568	0.6789286075099952	all
31897	5547.0	4584.0	9882.0	-0.8479373233445582	0.3964728772038151	all
5381	4493.0	4585.0	40795.0	-0.06412209954523579	0.9488730051571798	all
34755	4093.5	4585.5	42454.0	-0.40980044318082337	0.6819523411001233	all
50486	5240.0	4584.5	7875.0	-0.34939388873457083	0.7267936206781405	all
42372	4968.0	4583.5	32702.0	-0.5357301012080277	0.5921450968492719	all
42374	4968.0	4583.5	32702.0	-0.5357301012080277	0.5921450968492719	all
1901661	5673.0	4581.0	69589.0	-2.1961324805056126	0.028082462376308775	all
1901663	5673.0	4581.0	69589.0	-2.1961324805056126	0.028082462376308775	all
42181	5673.0	4581.0	69589.0	-2.1961324805056126	0.028082462376308775	all
1902358	5196.0	4584.5	7963.0	-0.3259321091018793	0.744475721500641	all
15116	5196.0	4584.5	7963.0	-0.3259321091018793	0.744475721500641	all
1901682	7766.0	4584.0	9373.0	-0.9587460775377238	0.33768667973929467	all
9821	2332.0	4585.5	14157.0	-0.7938605780191443	0.4272766017877243	all
9820	2332.0	4585.5	14157.0	-0.7938605780191443	0.4272766017877243	all
51205	5161.5	4584.5	26757.0	-0.12139866916258167	0.9033752709319589	all
45039	7952.5	4583.5	7603.0	-2.0295718304446217	0.04240008070012258	all
7007	7617.0	4584.0	13988.0	-1.5125969739501264	0.1303820633074693	all
7006	7660.5	4583.5	15457.0	-1.8611639976815073	0.06272102083656803	all
90151	7704.0	4583.0	9073.0	-2.3414980919080786	0.01920652413397255	all
6409	4143.0	4585.5	8303.0	-0.23528432415738937	0.8139880611549004	all
51031	4143.0	4585.5	8303.0	-0.23528432415738937	0.8139880611549004	all
71431	4143.0	4585.5	8303.0	-0.23528432415738937	0.8139880611549004	all
49	5215.0	4584.5	44048.0	-1.1987479188489716	0.2306259792051354	all
8802	4791.5	4584.5	8772.0	-0.11024370316043117	0.9122161033642185	all
10452	5891.0	4583.0	17331.0	-0.9488092959575662	0.3427176130794125	all
8290	4479.5	4584.5	8976.0	-0.05585503219373719	0.9554572939764893	all
48354	6273.5	4583.5	12283.0	-1.1471902830916716	0.2513029866218941	all
52541	5857.5	4583.5	6640.0	-0.6786586369888211	0.49735418014426946	all
51354	3721.5	4584.5	7460.0	-0.4600375085932865	0.6454892977959333	all
4750	4034.0	4585.5	8085.0	-0.2934055509747388	0.7692121830047611	all
9496	4851.0	4584.5	8653.0	-0.14197042789100264	0.8871033641658383	all
52880	4851.0	4584.5	8653.0	-0.14197042789100264	0.8871033641658383	all
9512	4851.0	4584.5	8653.0	-0.14197042789100264	0.8871033641658383	all
10366	6443.0	4583.5	5469.0	-0.9908602727829321	0.32175381333931075	all
31336	6443.0	4583.5	5469.0	-0.9908602727829321	0.32175381333931075	all
51175	6443.0	4583.5	5469.0	-0.9908602727829321	0.32175381333931075	all
45763	6443.0	4583.5	5469.0	-0.9908602727829321	0.32175381333931075	all
33239	6443.0	4583.5	5469.0	-0.9908602727829321	0.32175381333931075	all
1900912	6443.0	4583.5	5469.0	-0.9908602727829321	0.32175381333931075	all
1900909	6443.0	4583.5	5469.0	-0.9908602727829321	0.32175381333931075	all
32351	8585.0	4583.5	1185.0	-2.1330223630835055	0.03292289173773467	all
32353	8585.0	4583.5	1185.0	-2.1330223630835055	0.03292289173773467	all
919	4237.5	4585.5	33211.0	-0.4678553976573404	0.6398880013973064	all
4106	8338.0	4583.5	1679.0	-2.0013164637818055	0.045358296611961495	all
3973	4945.0	4584.0	13622.0	-0.03374333379163197	0.973081823260829	all
8891	2946.0	4584.5	5909.0	-0.8735513746194745	0.38236261673803107	all
9854	5052.0	4584.5	16933.0	-0.27046502770893305	0.7868025184807622	all
50665	4248.5	4584.5	8514.0	-0.17902937526536766	0.8579146361738016	all
4758	1903.0	4585.5	3823.0	-1.4297021963671392	0.15280250962826847	all
16454	1903.0	4585.5	3823.0	-1.4297021963671392	0.15280250962826847	all
51650	7300.0	4584.0	10652.0	-0.6803091490248381	0.4963087326996536	all
51648	7300.0	4584.0	10652.0	-0.6803091490248381	0.4963087326996536	all
17157	7300.0	4584.0	7313.0	-1.407205868574897	0.15936635195793794	all
1903530	5985.0	4583.5	11818.0	-1.2348628086299456	0.2168815670049149	all
51046	5985.0	4583.5	11818.0	-1.2348628086299456	0.2168815670049149	all
3999	1129.0	4585.5	2275.0	-1.8424162289967583	0.06541428971056827	all
15114	3519.0	4585.0	21320.0	-0.2760755096840625	0.7824900703993927	all
35435	3519.0	4585.0	21320.0	-0.2760755096840625	0.7824900703993927	all
44209	3062.5	4585.5	14163.0	-0.7927293196251021	0.42793554417402513	all
6166	3490.0	4586.0	17658.0	-0.8936616529113302	0.37150294856063515	all
6167	1799.0	4586.0	15261.0	-1.2979090546906202	0.19431858824075465	all
46033	1799.0	4586.0	15261.0	-1.2979090546906202	0.19431858824075465	all
6168	1799.0	4586.0	5772.0	-1.742679916142025	0.08138954175364944	all
46084	2450.0	4586.0	15314.0	-1.2889707516892426	0.19740825501553916	all
46083	2450.0	4586.0	15314.0	-1.2889707516892426	0.19740825501553916	all
43096	1799.0	4586.0	5772.0	-1.742679916142025	0.08138954175364944	all
44450	7969.0	4582.5	21866.0	-1.980701196837197	0.0476247924785972	all
8195	5683.0	4582.5	19480.0	-1.2417767484220703	0.21431894384318262	all
6651	2591.0	4585.0	13129.0	-0.1410689051417904	0.8878155080555881	all
46339	2579.0	4585.5	13357.0	-0.9446950305581101	0.3448145948220789	all
16972	4848.0	4584.5	8659.0	-0.1403707610978646	0.8883670583553287	all
16670	6994.0	4583.5	12432.0	-1.1190973663062893	0.2630986033042232	all
43270	346.0	4586.0	2123.0	-2.537063303275348	0.0111786738309157	all
51050	1677.5	4586.5	11642.0	-2.4485272479735163	0.014344158000161698	all
43266	2169.0	4585.5	4355.0	-1.2878650740422315	0.1977929350855277	all
55	8156.0	4584.0	7779.0	-1.3057581682723132	0.19163480982061107	all
54	8156.0	4584.0	7779.0	-1.3057581682723132	0.19163480982061107	all
33753	8156.0	4584.0	7779.0	-1.3057581682723132	0.19163480982061107	all
33750	8156.0	4584.0	7779.0	-1.3057581682723132	0.19163480982061107	all
15086	4909.0	4584.0	12361.0	-0.3082616816061346	0.7578832208609362	all
70574	4909.0	4584.0	12361.0	-0.3082616816061346	0.7578832208609362	all
45048	418.0	4585.0	7097.0	-1.4542288369554939	0.14588287256998775	all
33281	1913.0	4586.0	5469.0	-1.8086426912314735	0.07050653159103104	all
9819	4648.0	4584.0	12404.0	-0.2989006277155528	0.7650158681415372	all
914	5512.0	4583.5	18326.0	-0.00782453722545885	0.9937569862548488	all
1902407	5512.0	4583.5	18326.0	-0.00782453722545885	0.9937569862548488	all
912	5512.0	4583.5	18326.0	-0.00782453722545885	0.9937569862548488	all
80175	5781.5	4583.5	6792.0	-0.6381337448959903	0.523386621765163	all
46540	7087.0	4582.0	17781.0	-2.0458552812089135	0.04077061119223042	all
45335	4072.5	4584.5	8162.0	-0.2728764937961337	0.7849481562626637	all
19521	3102.5	4584.5	6222.0	-0.7901020902441058	0.4294681492543754	all
19520	3102.5	4584.5	6222.0	-0.7901020902441058	0.4294681492543754	all
4616	6432.0	4583.0	23500.0	-1.2306207248241743	0.2184647502267535	all
3878	5826.5	4583.5	6702.0	-0.6621287467930612	0.5078887139799337	all
9346	5826.5	4583.5	6702.0	-0.6621287467930612	0.5078887139799337	all
10188	5057.0	4584.5	17960.0	-0.0768312992620357	0.9387577511067041	all
51568	3234.0	4585.5	36589.0	-1.1094015490622173	0.2672569944139014	all
32880	2760.0	4585.5	21260.0	-0.9677252187969653	0.33318161979276495	all
10018	874.0	4585.5	1765.0	-1.9783879064134933	0.047884962981911236	all
71490	935.0	4585.0	10349.0	-0.7462719241142863	0.4555031678927459	all
34427	4405.0	4585.0	20350.0	-0.43966331933191877	0.6601809730110421	all
43243	4250.0	4584.5	8517.0	-0.17822954186879864	0.8585427100717724	all
31112	4685.0	4584.0	12393.0	-0.30129531592012027	0.763189312427594	all
40014	4685.0	4584.0	13025.0	-0.16370959362133702	0.8699597648223802	all
43022	4115.0	4585.0	55401.0	-0.4432387652347609	0.6575930422987242	all
8253	6493.0	4583.0	15402.0	-1.2741297957624267	0.20261742036337005	all
10178	3275.0	4584.5	12324.0	-1.1394600173990497	0.25451133553064054	all
301	1750.0	4585.5	3517.0	-1.5112852028171804	0.13071580233245367	all
4152	4141.0	4584.5	8299.0	-0.23635076868614807	0.8131604949010969	all
19483	3488.0	4585.0	9628.0	-0.903232850977297	0.36640232618544843	all
19482	3101.0	4585.5	12348.0	-1.1349349838228808	0.2564025606246917	all
6212	3488.0	4585.0	9628.0	-0.903232850977297	0.36640232618544843	all
6208	3488.0	4585.0	9628.0	-0.903232850977297	0.36640232618544843	all
46113	4421.5	4584.5	36579.0	-0.018735551765955913	0.9850520670175005	all
19860	3488.0	4585.0	9628.0	-0.903232850977297	0.36640232618544843	all
4185	6484.0	4582.0	26648.0	-1.842818849087296	0.06535546380199708	all
19433	1140.0	4585.5	2297.0	-1.8365507840885855	0.06627623853045209	all
46464	222.0	4586.0	2526.0	-2.449330635417105	0.014312200100733169	all
46461	222.0	4586.0	2526.0	-2.449330635417105	0.014312200100733169	all
19903	3281.0	4585.5	6579.0	-0.6949219160523914	0.48710423728163854	all
19902	3281.0	4585.5	6579.0	-0.6949219160523914	0.48710423728163854	all
80142	3653.0	4584.5	7323.0	-0.49656323370327216	0.6194970855587228	all
6562	5503.5	4583.5	7348.0	-0.48989795539853026	0.6242061099261135	all
6537	4120.0	4584.5	8257.0	-0.24754843623811448	0.8044838109196764	all
10133	5503.5	4583.5	7348.0	-0.48989795539853026	0.6242061099261135	all
32210	5289.0	4584.5	7777.0	-0.3755217796891591	0.7072724517671871	all
1904356	5289.0	4584.5	7777.0	-0.3755217796891591	0.7072724517671871	all
32204	4550.5	4584.5	17027.0	-0.25274197953560457	0.8004676057798445	all
5697	5289.0	4584.5	7777.0	-0.3755217796891591	0.7072724517671871	all
9508	4242.5	4586.5	70317.0	-0.2885180365421692	0.7729502260769303	all
229	4520.0	4586.0	76262.0	-0.1547630563115303	0.8770081170149779	all
4124	6045.5	4582.5	12888.0	-1.0331217283590788	0.30154693614412154	all
6535	6585.0	4582.5	10380.0	-1.5059877370687367	0.13207032170633956	all
4623	4926.0	4584.0	12079.0	-0.369652779214136	0.711641220056771	all
46085	5813.5	4584.5	16458.0	-0.360022983903944	0.7188299457871772	all
9835	7234.5	4583.5	3886.0	-1.4129056950391898	0.15768345437236006	all
71695	7234.5	4583.5	3886.0	-1.4129056950391898	0.15768345437236006	all
71398	7568.5	4583.5	3218.0	-1.5910019313418935	0.11160914111553973	all
70542	7568.5	4583.5	3218.0	-1.5910019313418935	0.11160914111553973	all
15377	3590.0	4584.5	7197.0	-0.5301562363591714	0.5960036110686261	all
15296	5511.0	4583.0	30010.0	-0.30263034852330845	0.7621715835876481	all
6884	3189.0	4585.5	11753.0	-1.2471181078987366	0.21235419425101443	all
55064	3245.5	4584.5	6508.0	-0.7138513064378584	0.47531913003077375	all
5086	6469.5	4584.5	19038.0	-1.309827746227855	0.19025411450392488	all
43531	3835.0	4584.5	17377.0	-0.18675190654980703	0.851855156408088	all
45739	3762.0	4585.0	12131.0	-0.3583324349743627	0.7200945478738456	all
6282	5745.0	4583.0	20980.0	-1.5898428059728966	0.1118702423190285	all
2001022	3762.0	4585.0	12131.0	-0.3583324349743627	0.7200945478738456	all
71108	4009.5	4584.5	8036.0	-0.306469496452033	0.7592472014865688	all
31053	3761.0	4586.5	22349.0	-0.8000611088184599	0.42367539261271403	all
10445	3530.0	4587.0	16780.0	-1.0417339177266063	0.29753505916221745	all
18065	5793.5	4583.5	13326.0	-0.9505398655939951	0.34183800747215565	all
4638	4765.5	4584.5	8824.0	-0.096379924286568	0.9232188359802341	all
4639	4765.5	4584.5	8824.0	-0.096379924286568	0.9232188359802341	all
6367	1387.0	4585.0	17734.0	-0.8808444637018074	0.37840200995925943	all
991	3264.0	4584.5	6545.0	-0.7039866945468404	0.4814410597012768	all
124	5909.0	4584.0	12304.0	-0.32067052048434763	0.7484600896561031	all
6591	5034.0	4584.0	11229.0	-0.5546968677488919	0.5791020189950467	all
5200	3740.0	4586.0	49425.0	-0.11919857726171719	0.9051180337873568	all
5885	4689.0	4584.5	36623.0	-0.012868190358823813	0.9897329529408522	all
34314	2878.0	4585.0	29115.0	-0.430211206709065	0.6670420106670274	all
9450	5247.5	4584.5	7860.0	-0.35339305571741597	0.7237937911527841	all
9448	5247.5	4584.5	7860.0	-0.35339305571741597	0.7237937911527841	all
6540	5247.5	4584.5	7860.0	-0.35339305571741597	0.7237937911527841	all
6538	5247.5	4584.5	7860.0	-0.35339305571741597	0.7237937911527841	all
43649	3119.5	4585.5	16638.0	-0.32608523208267665	0.7443598699988148	all
9865	4751.5	4584.5	8852.0	-0.08891481258525706	0.9291496114325031	all
98609	6789.0	4584.0	9617.0	-0.9056275391818643	0.36513302734808595	all
98740	4751.5	4584.5	8852.0	-0.08891481258525706	0.9291496114325031	all
9875	3209.0	4585.5	23574.0	-0.6114582302843287	0.5408962628473588	all
30570	5802.0	4584.5	6751.0	-0.649064801315767	0.5162964918112808	all
16837	5802.0	4584.5	6751.0	-0.649064801315767	0.5162964918112808	all
10540	5793.5	4583.5	23059.0	-0.6907484200354124	0.4897236549860763	all
42276	5563.0	4584.0	12535.0	-0.27038206818843163	0.7868663340366537	all
19985	5563.0	4584.0	12535.0	-0.27038206818843163	0.7868663340366537	all
34051	4250.0	4584.5	8517.0	-0.17822954186879864	0.8585427100717724	all
10189	4787.0	4584.0	34680.0	-0.832958646053308	0.40486805249349467	all
42360	4787.0	4584.0	34680.0	-0.832958646053308	0.40486805249349467	all
6775	5201.5	4583.5	38233.0	-0.9132985280785837	0.3610855562886025	all
42362	5201.5	4583.5	38233.0	-0.9132985280785837	0.3610855562886025	all
10236	7368.0	4583.0	14315.0	-1.4574493309038903	0.14499238829926783	all
51741	5428.0	4584.5	7499.0	-0.44963967443788916	0.6529702757994076	all
6418	4807.5	4583.5	155176.0	-1.1444053467407187	0.2524555718582221	all
43039	4807.5	4583.5	155176.0	-1.1444053467407187	0.2524555718582221	all
43038	4807.5	4583.5	155176.0	-1.1444053467407187	0.2524555718582221	all
43601	8075.0	4582.0	15357.0	-2.391392711647208	0.016784588793676006	all
30894	7869.0	4581.5	27739.0	-2.165065621875574	0.030382660228414	all
43596	7899.5	4580.5	20838.0	-2.988245030517944	0.002805845041897831	all
974	8151.0	4583.0	17233.0	-2.1239718290142706	0.03367249928642692	all
2000029	2855.0	4585.0	13709.0	-0.014803527082780476	0.9881889256840364	all
4550	1768.5	4585.5	8965.0	-1.7727761749970323	0.07626580279490733	all
6183	877.0	4585.5	1771.0	-1.976788239620355	0.048065571588747164	all
1901070	3490.0	4585.0	19829.0	-0.5275285243077261	0.5978266135078958	all
46039	877.0	4585.5	1771.0	-1.976788239620355	0.048065571588747164	all
6228	877.0	4585.5	1771.0	-1.976788239620355	0.048065571588747164	all
46051	877.0	4585.5	1771.0	-1.976788239620355	0.048065571588747164	all
4568	4390.0	4585.0	20018.0	-0.4956541985103603	0.6201384068090197	all
6032	4390.0	4585.0	18962.0	-0.6737456696321502	0.5004730213808594	all
1901072	4390.0	4585.0	18962.0	-0.6737456696321502	0.5004730213808594	all
1901071	4390.0	4586.0	27356.0	-0.6809539212886692	0.49590064742060735	all
46348	4390.0	4585.0	18962.0	-0.6737456696321502	0.5004730213808594	all
6030	4390.0	4585.0	18962.0	-0.6737456696321502	0.5004730213808594	all
6026	4390.0	4585.0	18962.0	-0.6737456696321502	0.5004730213808594	all
32041	2498.5	4585.5	24039.0	-0.5398661172081074	0.589289366160487	all
17136	2498.5	4585.5	24039.0	-0.5398661172081074	0.589289366160487	all
34979	2498.5	4585.5	24039.0	-0.5398661172081074	0.589289366160487	all
31078	2498.5	4585.5	24039.0	-0.5398661172081074	0.589289366160487	all
70932	2498.5	4585.5	24039.0	-0.5398661172081074	0.589289366160487	all
15166	5218.0	4584.0	29185.0	-0.4202328155660449	0.6743153843451858	all
15791	5218.0	4584.0	29185.0	-0.4202328155660449	0.6743153843451858	all
15315	5755.5	4584.5	6844.0	-0.6242699660221271	0.5324503046878237	all
8097	6381.0	4582.5	34089.0	-1.4076117391224876	0.15924606945775138	all
90332	7030.0	4582.5	15728.0	-1.8194404221037526	0.06884426448275169	all
42759	4596.0	4584.5	18209.0	-0.029884075909282597	0.976159505759083	all
2238	4282.5	4584.5	8582.0	-0.16089981827646968	0.8721723054267068	all
52636	4812.5	4584.5	8730.0	-0.12144137071239756	0.9033414502518912	all
46512	2689.5	4585.5	5396.0	-1.0103228854327784	0.31234062014007735	all
6670	2689.5	4585.5	5396.0	-1.0103228854327784	0.31234062014007735	all
34311	2689.5	4585.5	5396.0	-1.0103228854327784	0.31234062014007735	all
34312	2689.5	4585.5	5396.0	-1.0103228854327784	0.31234062014007735	all
33108	3905.0	4587.0	24846.0	-1.0387505179883885	0.2989207796940022	all
51346	3305.0	4585.0	48953.0	-0.17288343266966616	0.8627430543665604	all
30089	4978.0	4584.5	8399.0	-0.20968965546718044	0.8339098997844631	all
16884	6299.0	4581.5	54973.0	-1.7359663781158308	0.08256977966052614	all
9992	4286.5	4584.5	8590.0	-0.15876692921895225	0.8738525049238619	all
30104	4966.0	4584.0	13563.0	-0.04658757052522091	0.9628419385548763	all
15254	4286.5	4584.5	8590.0	-0.15876692921895225	0.8738525049238619	all
15168	4286.5	4584.5	8590.0	-0.15876692921895225	0.8738525049238619	all
15793	4286.5	4584.5	8590.0	-0.15876692921895225	0.8738525049238619	all
15669	5341.0	4584.0	10642.0	-0.6824861383017176	0.4949316049025998	all
70273	1256.5	4585.5	2530.0	-1.774430390288391	0.07599198672015936	all
48471	686.0	4585.0	20887.0	-1.6030998113486232	0.10891261966333142	all
5528	5981.5	4581.5	67882.0	-1.3028639992865143	0.19262119653889329	all
5527	5981.5	4581.5	67882.0	-1.3028639992865143	0.19262119653889329	all
8144	5981.5	4580.5	73935.0	-1.4975039058630304	0.1342621900315518	all
46785	6365.0	4583.0	24345.0	-1.1101672888834322	0.2669269456616432	all
31109	6365.0	4583.0	24345.0	-1.1101672888834322	0.2669269456616432	all
7020	6365.0	4583.0	24345.0	-1.1101672888834322	0.2669269456616432	all
930	7842.0	4583.0	21696.0	-1.4877781194242914	0.1368094178682445	all
16833	4677.0	4584.0	39681.0	-0.20418488168914298	0.8382090251455755	all
16262	3091.0	4585.5	6199.0	-0.7962341462844684	0.42589595396339164	all
311	6992.5	4583.5	13554.0	-0.9075520466203898	0.3641149395576646	all
315	6641.0	4582.0	35944.0	-1.6525153903010392	0.09842953036269848	all
313	6992.5	4580.5	47356.0	-2.454502223903538	0.014107979187773049	all
9547	7916.5	4582.5	14018.0	-2.0827146443840503	0.03727724179257265	all
30259	5386.5	4584.5	17198.0	-0.22050111530540062	0.8254809038591875	all
46509	2048.0	4585.5	4113.0	-1.3523849680321332	0.17625219563446978	all
32777	4121.5	4584.5	8260.0	-0.24674860284154546	0.8051027896300906	all
9107	5442.0	4582.0	14801.0	-1.3754867788535212	0.16898058182213962	all
9106	5442.0	4582.0	14801.0	-1.3754867788535212	0.16898058182213962	all
9249	6526.0	4583.0	6922.0	-1.4923261493008848	0.1356136648081765	all
16992	5061.0	4583.0	8420.0	-1.1662131556243382	0.24352827488556172	all
70283	5044.5	4583.5	16822.0	-0.29139330799871455	0.7707505320428422	all
16979	5061.0	4583.0	8420.0	-1.1662131556243382	0.24352827488556172	all
30385	8475.0	4583.5	1405.0	-2.0743679140017766	0.03804515485845167	all
43078	6941.0	4582.0	9044.0	-2.34638886147487	0.018956318638739377	all
43076	6941.0	4582.0	9044.0	-2.34638886147487	0.018956318638739377	all
16255	5793.0	4583.5	15846.0	-0.4754113400962528	0.6344938132115738	all
6506	5761.0	4582.0	62949.0	-1.373190358898995	0.16969317611173745	all
6505	4774.5	4583.5	90776.0	-0.8087227963242154	0.4186746125993285	all
42765	5793.0	4583.5	15846.0	-0.4754113400962528	0.6344938132115738	all
3923	6668.0	4584.0	11589.0	-0.4763252537812306	0.6338426766234965	all
19563	5682.5	4584.5	15047.0	-0.6260572495695449	0.5312773913408226	all
19405	5682.5	4584.5	15047.0	-0.6260572495695449	0.5312773913408226	all
4807	4717.0	4584.5	8921.0	-0.07051864446416939	0.9437808613490564	all
46166	4717.0	4584.5	8921.0	-0.07051864446416939	0.9437808613490564	all
30497	7147.0	4584.0	10959.0	-0.6134755782246379	0.5395619259864756	all
36002	6588.0	4583.0	21135.0	-1.5677477970133522	0.11694000216794907	all
71006	4930.0	4584.5	8495.0	-0.1840949867769715	0.8539389392328337	all
71012	6304.0	4584.0	21929.0	-1.4545643317625245	0.14578991153576024	all
30867	2902.5	4585.5	5822.0	-0.8967465431199764	0.3698541787375932	all
5791	2902.5	4585.5	5822.0	-0.8967465431199764	0.3698541787375932	all
7052	7425.0	4582.5	14804.0	-1.9617008790552117	0.04979731944498312	all
922	6686.5	4583.5	18679.0	-1.3650999367533676	0.1722216419371086	all
794	7095.0	4580.5	46458.0	-2.539213421161955	0.01111020254502304	all
35175	7302.0	4583.5	3751.0	-1.4488981978847961	0.14736601450629203	all
35174	7302.0	4583.5	3751.0	-1.4488981978847961	0.14736601450629203	all
35173	7596.0	4583.0	3776.0	-2.1772069758071697	0.029465128070311906	all
35404	7302.0	4583.5	3751.0	-1.4488981978847961	0.14736601450629203	all
43987	7302.0	4583.5	3751.0	-1.4488981978847961	0.14736601450629203	all
18904	7114.5	4583.5	4126.0	-1.3489190233136674	0.17736297721567867	all
50734	7138.5	4583.5	4078.0	-1.3617163576587719	0.17328741692454808	all
9801	4821.0	4584.5	8713.0	-0.12597375995962207	0.8997526955889392	all
16755	3043.0	4585.0	18604.0	-0.73412137669806	0.46287476619821943	all
50994	5304.0	4584.0	12896.0	-0.19179275529308235	0.8479045460492287	all
17048	3783.0	4584.5	7583.0	-0.42724433933395634	0.6692013692745978	all
70181	7920.5	4583.5	2514.0	-1.7786961684034257	0.07528958771600011	all
16207	6953.5	4581.5	15288.0	-1.8871834968425427	0.059135649223816325	all
19695	4450.0	4585.0	11716.0	-0.4486774899648612	0.6536643251669821	all
61087	2603.0	4584.5	5223.0	-1.0564466113015925	0.29076422026821713	all
61085	2603.0	4584.5	5223.0	-1.0564466113015925	0.29076422026821713	all
17110	6490.0	4583.5	5375.0	-1.0159217192087617	0.3096666652626654	all
15700	6417.0	4584.0	9955.0	-0.8320453016233379	0.40538337448352935	all
15105	6417.0	4584.0	9955.0	-0.8320453016233379	0.40538337448352935	all
80046	8525.5	4583.5	1304.0	-2.101295638352934	0.03561502240222487	all
6744	6137.0	4584.0	30416.0	-1.3690696900942598	0.1709774917247	all
6743	6137.0	4584.0	30416.0	-1.3690696900942598	0.1709774917247	all
9264	5512.5	4583.5	7330.0	-0.4946969557779444	0.6208140507283433	all
9166	5512.5	4583.5	7330.0	-0.4946969557779444	0.6208140507283433	all
1901292	5677.0	4583.0	9829.0	-0.8594753665120194	0.39007830486459416	all
6415	4640.0	4584.5	45843.0	-0.005546709535121027	0.9955743887912578	all
3747	5318.0	4584.0	39406.0	-0.23876052360078973	0.8112912825796939	all
8079	5318.0	4584.0	39406.0	-0.23876052360078973	0.8112912825796939	all
796	7962.0	4583.0	13007.0	-1.6780399030888347	0.09333930943269818	all
7076	8315.0	4582.5	13402.0	-2.177554949018356	0.02943918666803141	all
30261	7536.0	4582.5	20873.0	-2.1131168758663375	0.03459076560188463	all
17040	2550.5	4585.5	5118.0	-1.0844407801815086	0.27816941069762624	all
45	5381.0	4583.0	23371.0	-1.2490094742163114	0.2116616086212365	all
7349	3521.0	4585.5	15606.0	-0.5206616758579425	0.6026024762923952	all
4853	3506.0	4584.5	7029.0	-0.5749469065670371	0.5653272051536276	all
9405	4805.0	4584.5	8745.0	-0.11744220372955243	0.9065096417044383	all
5652	6888.0	4583.5	4579.0	-1.2281441804317441	0.21939284852144514	all
97298	6888.0	4583.5	4579.0	-1.2281441804317441	0.21939284852144514	all
6097	5261.0	4584.0	22654.0	-0.05110010961164994	0.959245748646966	all
46487	5318.5	4583.5	23632.0	-0.6025284613414881	0.5468224237953045	all
70405	5501.0	4583.5	7353.0	-0.4885648997375819	0.6251497680764787	all
70063	6867.5	4582.5	8794.0	-1.8050170392272362	0.07107201571512572	all
6850	5599.0	4584.5	7157.0	-0.5408206816467584	0.5886311862743302	all
6848	4926.5	4583.5	15655.0	-0.5114230656399309	0.609054847155875	all
6529	7015.5	4582.5	9395.0	-1.691702656757338	0.09070268162745165	all
43617	5812.0	4583.5	14624.0	-0.705810966349523	0.48030570139195927	all
4066	7015.5	4582.5	9395.0	-1.691702656757338	0.09070268162745165	all
5049	4237.0	4584.5	8491.0	-0.1851614313057302	0.8531024193092811	all
32544	3913.0	4585.5	43190.0	-0.32200736322707985	0.7474471163288918	all
6448	3603.0	4586.0	27562.0	-0.6515889416392101	0.5146663834154961	all
8612	5398.0	4584.5	7559.0	-0.43364300650650855	0.6645476995608102	all
6513	3737.0	4585.5	15459.0	-0.5483775065119775	0.5834327181135831	all
16420	5031.5	4584.5	8292.0	-0.2382170466114758	0.8117127563529296	all
44090	4215.0	4586.0	10814.0	-0.6450419227393904	0.5189000184849625	all
44088	4215.0	4586.0	10814.0	-0.6450419227393904	0.5189000184849625	all
90316	2114.0	4585.5	4245.0	-1.317192298583096	0.18777417475658156	all
51222	2114.0	4585.5	4245.0	-1.317192298583096	0.18777417475658156	all
51223	2324.0	4585.0	8922.0	-1.0569282939249884	0.29054431432992556	all
70201	2324.0	4585.0	8922.0	-1.0569282939249884	0.29054431432992556	all
1903829	2114.0	4585.5	4245.0	-1.317192298583096	0.18777417475658156	all
1903827	2324.0	4585.0	12818.0	-0.2087732716527423	0.8346252376708713	all
33157	2114.0	4585.5	4245.0	-1.317192298583096	0.18777417475658156	all
32388	2114.0	4585.5	4245.0	-1.317192298583096	0.18777417475658156	all
7292	5576.5	4583.5	7202.0	-0.528823180698223	0.5969281156385141	all
32069	3331.0	4585.5	6679.0	-0.6682608028334237	0.5039671292905129	all
42406	5675.0	4584.5	14027.0	-0.8183711765567263	0.4131452749413663	all
31312	5675.0	4584.5	21259.0	-0.9678791803304625	0.3331047132551501	all
6983	2806.0	4585.5	5629.0	-0.9482024916325839	0.3430263789550274	all
6984	3760.0	4585.0	12228.0	-0.3372156389886317	0.7359543488340645	all
394	6324.5	4582.5	24080.0	-1.6854662387601407	0.0918986532249737	all
16272	3327.0	4585.5	25088.0	-0.378360468569492	0.7051628307103165	all
347	6369.5	4581.5	40558.0	-1.5788188011367672	0.11437762486667524	all
90391	7082.0	4583.5	4191.0	-1.3315892997213385	0.18299518299841866	all
51443	4514.5	4584.5	9046.0	-0.03719225294045985	0.9703317155952528	all
51351	4514.5	4584.5	9046.0	-0.03719225294045985	0.9703317155952528	all
31398	4514.5	4584.5	9046.0	-0.03719225294045985	0.9703317155952528	all
1903322	4514.5	4584.5	9046.0	-0.03719225294045985	0.9703317155952528	all
31204	3276.0	4586.0	8528.0	-1.14270167143404	0.2531624756039117	all
6620	3276.0	4586.0	8528.0	-1.14270167143404	0.2531624756039117	all
34414	5793.0	4584.0	11105.0	-0.5816915347821975	0.5607744745139948	all
42779	5793.0	4584.0	11105.0	-0.5816915347821975	0.5607744745139948	all
42780	5793.0	4584.0	11105.0	-0.5816915347821975	0.5607744745139948	all
42781	5793.0	4584.0	11105.0	-0.5816915347821975	0.5607744745139948	all
16891	6945.0	4581.0	63508.0	-2.0430335721337283	0.04104911486050798	all
16893	6422.0	4581.5	78789.0	-1.7733638391162319	0.07616843693723502	all
9558	3242.0	4586.0	9730.0	-0.8810275603531262	0.3783029030973587	all
19905	1380.0	4586.0	6989.0	-1.4777403211457922	0.13947729752793647	all
9569	6636.0	4584.0	9174.0	-1.0020681641476255	0.3163106724833751	all
43036	6636.0	4584.0	9174.0	-1.0020681641476255	0.3163106724833751	all
1990538	3946.0	4584.5	7909.0	-0.34032911024012186	0.7336086973290246	all
6424	5025.5	4583.5	13360.0	-0.944129401361089	0.3451035264746264	all
7143	5939.0	4583.0	15116.0	-1.3223629025245782	0.1860473358524651	all
10165	5634.0	4583.0	19319.0	-0.6135386097926815	0.5395202615113168	all
4831	3052.5	4584.5	6122.0	-0.8167632034630734	0.4140637642580083	all
42800	5004.0	4584.0	13580.0	-0.04288668875452579	0.9657918598199225	all
70006	6959.0	4583.0	7354.0	-1.3982802125396911	0.1620289375326465	all
90070	7543.0	4583.5	3269.0	-1.57740476360022	0.11470242004564592	all
90069	6582.0	4584.0	8366.0	-1.1779688977194875	0.23880900584884013	all
45486	3370.0	4585.5	6757.0	-0.647465134522629	0.5173309524868697	all
10269	5077.0	4584.5	8201.0	-0.26247865964073636	0.792952435896618	all
4128	3553.5	4584.5	7124.0	-0.5496188490090178	0.5825808277520887	all
46949	7348.0	4583.5	3659.0	-1.4734264220462463	0.14063609009881897	all
35337	7348.0	4582.5	6956.0	-2.15155919393551	0.03143208895327574	all
16421	5665.0	4584.0	13090.0	-0.1495591633216204	0.8811124286557379	all
16885	5665.0	4584.0	13090.0	-0.1495591633216204	0.8811124286557379	all
4075	5665.0	4584.0	13090.0	-0.1495591633216204	0.8811124286557379	all
10024	7777.0	4584.0	10199.0	-0.7789267632674786	0.4360228574708397	all
51202	7777.0	4584.0	10199.0	-0.7789267632674786	0.4360228574708397	all
16636	4031.5	4584.5	8080.0	-0.2947386066356872	0.7681935686965239	all
33260	6090.0	4583.5	6175.0	-0.8026328134570206	0.42218699660513703	all
917	5340.0	4584.0	13673.0	-0.02264068847954661	0.9819368874217469	all
90529	5340.0	4584.0	13673.0	-0.02264068847954661	0.9819368874217469	all
9871	2314.5	4585.5	4646.0	-1.2102812345750358	0.22617099582504963	all
1736	1264.0	4585.5	2545.0	-1.7704312233055457	0.07665533221047398	all
7164	1264.0	4585.5	2545.0	-1.7704312233055457	0.07665533221047398	all
1738	1264.0	4585.5	2545.0	-1.7704312233055457	0.07665533221047398	all
2009	1264.0	4585.5	2545.0	-1.7704312233055457	0.07665533221047398	all
48729	1264.0	4585.5	2545.0	-1.7704312233055457	0.07665533221047398	all
4869	5669.0	4584.0	19872.0	-0.5202766935707592	0.6028707376935928	all
4866	5669.0	4584.0	28636.0	-0.49849191181630226	0.6181373686255487	all
30414	5669.0	4584.0	36331.0	-0.6253790649764761	0.5317222989058812	all
61134	5669.0	4584.0	36331.0	-0.6253790649764761	0.5317222989058812	all
52547	5669.0	4584.0	36331.0	-0.6253790649764761	0.5317222989058812	all
10466	5669.0	4584.0	36331.0	-0.6253790649764761	0.5317222989058812	all
61135	5669.0	4584.0	28636.0	-0.49849191181630226	0.6181373686255487	all
52548	5669.0	4584.0	28636.0	-0.49849191181630226	0.6181373686255487	all
10951	5669.0	4584.0	28636.0	-0.49849191181630226	0.6181373686255487	all
9923	4090.5	4585.5	8198.0	-0.2632784930373054	0.7923359351700172	all
3865	5372.5	4583.5	13818.0	-0.857776677282531	0.39101579054563784	all
33765	5372.5	4583.5	13818.0	-0.857776677282531	0.39101579054563784	all
16229	5976.0	4583.0	35602.0	-0.7170359484440779	0.4733519156311018	all
9922	5449.0	4584.5	7457.0	-0.46083734198985554	0.6449153084891821	all
19166	3831.0	4585.5	7679.0	-0.4016496706437474	0.6879418692531568	all
9102	4792.0	4584.0	22216.0	-0.12496759479284689	0.9005492047885186	all
6768	4792.0	4584.0	22216.0	-0.12496759479284689	0.9005492047885186	all
55078	6487.0	4583.0	17165.0	-0.9768047355467869	0.3286658311809759	all
9772	2539.0	4586.0	17510.0	-0.9186214424246113	0.35829361244098457	all
5673	3879.5	4584.5	7776.0	-0.3757883908213488	0.7070742190982884	all
16634	5497.0	4584.0	26290.0	-0.8329105635523747	0.4048951715568194	all
32409	2254.5	4585.5	4526.0	-1.2422745704377969	0.21413527444384872	all
34764	1125.0	4585.5	2267.0	-1.8445491180542757	0.06510315448616834	all
32412	2254.5	4585.5	4526.0	-1.2422745704377969	0.21413527444384872	all
22898	2254.5	4585.5	4526.0	-1.2422745704377969	0.21413527444384872	all
10359	2254.5	4585.5	4526.0	-1.2422745704377969	0.21413527444384872	all
1901527	2945.0	4584.5	5907.0	-0.8740845968838539	0.38207218514977015	all
6515	1748.0	4585.0	7186.0	-1.4348536323912664	0.15132881100111104	all
5782	6673.0	4583.0	6593.0	-1.5639490965102196	0.11782952320347222	all
31907	6673.0	4583.0	6593.0	-1.5639490965102196	0.11782952320347222	all
4707	4936.5	4583.5	8482.0	-0.18756093149543732	0.8512208547706459	all
17050	4808.0	4584.0	11264.0	-0.5470774052798137	0.5843255544824149	all
33169	6734.0	4583.0	8200.0	-1.2141069197156868	0.2247068979520377	all
6177	6604.0	4584.0	9491.0	-0.9330576040705458	0.3507902272315857	all
16844	3515.0	4585.0	13002.0	-0.16871666895815984	0.8660195068018697	all
1671	6978.0	4584.0	8008.0	-1.255905113831773	0.20915037426062466	all
32781	6978.0	4584.0	8008.0	-1.255905113831773	0.20915037426062466	all
15012	8206.0	4583.0	4628.0	-1.9917274894170378	0.046400965871594126	all
30166	8206.0	4583.0	4628.0	-1.9917274894170378	0.046400965871594126	all
6029	7789.0	4582.5	6431.0	-2.2505443034142063	0.02441441445898613	all
30201	8206.0	4583.0	4628.0	-1.9917274894170378	0.046400965871594126	all
80187	3263.5	4584.5	6544.0	-0.70425330567903	0.4812750398575787	all
6308	4899.5	4584.5	34010.0	-0.361309448468737	0.7178681312771784	all
14	3604.0	4585.0	12723.0	-0.22945466978309736	0.8185155490210888	all
10493	3424.0	4584.5	6865.0	-0.6186711322461439	0.5361330310817478	all
6517	5289.0	4584.0	13160.0	-0.13432023838346402	0.8931493503339034	all
9982	3935.0	4585.0	77481.0	-0.04319820377234909	0.9655435369322656	all
6270	5876.0	4581.5	51958.0	-1.2361918321776715	0.21638726603450653	all
1522	5225.0	4584.0	66716.0	-0.2027343091472547	0.8393427051639493	all
71596	5973.0	4584.5	6409.0	-0.7402458085246364	0.45915085654567833	all
33523	3790.0	4585.5	7597.0	-0.4235117834833009	0.6719219031479237	all
16574	3790.0	4585.5	7597.0	-0.4235117834833009	0.6719219031479237	all
5343	5511.0	4583.0	18845.0	-0.6934773951257576	0.48801000693527485	all
15370	5719.0	4582.5	20953.0	-1.014991409580621	0.3101099224215369	all
6729	6046.0	4584.0	12462.0	-0.28627408990965186	0.7746682013168202	all
46146	6046.0	4584.0	12462.0	-0.28627408990965186	0.7746682013168202	all
6063	7520.0	4583.5	3315.0	-1.565140651519495	0.11754993358908414	all
16906	6370.5	4584.5	5614.0	-0.952201658615429	0.34099472000494113	all
33539	5765.0	4583.5	30605.0	-0.815363211907028	0.4148644355771721	all
3997	4957.5	4584.5	17916.0	-0.08512719415167881	0.9321602709591966	all
52890	5765.0	4583.5	30605.0	-0.815363211907028	0.4148644355771721	all
3995	5765.0	4583.5	30605.0	-0.815363211907028	0.4148644355771721	all
9517	4259.0	4585.0	10768.0	-0.6550560734130361	0.5124316523663501	all
9503	4259.0	4585.0	10768.0	-0.6550560734130361	0.5124316523663501	all
80158	3369.0	4585.0	11213.0	-0.5581800505918991	0.5767214419721971	all
10201	2305.0	4585.5	4627.0	-1.2153468460866397	0.22423383178980894	all
4617	4922.0	4584.5	8511.0	-0.1798292086619367	0.8572866522055963	all
46292	5279.5	4584.5	7796.0	-0.3704561681775553	0.7110426297202392	all
34308	5319.0	4584.0	27935.0	-0.5984183716914032	0.5495608102897955	all
16657	4946.5	4584.5	8462.0	-0.19289315413923083	0.8470426465504851	all
4022	6787.0	4584.0	23851.0	-1.1805862206641737	0.23776714020259782	all
10266	5839.0	4584.5	6677.0	-0.6687940250978031	0.5036268786470175	all
80041	3681.0	4585.0	13238.0	-0.11733972202380406	0.9065908488002359	all
19144	3681.0	4585.0	13238.0	-0.11733972202380406	0.9065908488002359	all
9229	4719.0	4584.0	13731.0	-0.010014150673645616	0.9920099973311743	all
42357	4719.0	4584.0	13731.0	-0.010014150673645616	0.9920099973311743	all
98581	4645.5	4584.5	9064.0	-0.03239325256104567	0.9741584433394824	all
9595	4645.5	4584.5	9064.0	-0.03239325256104567	0.9741584433394824	all
32365	6135.0	4584.5	12427.0	-1.1200400816346578	0.26269668214376474	all
10277	4783.5	4584.5	17511.0	-0.16148713574953025	0.8717097425587563	all
16703	4153.0	4585.0	22532.0	-0.07167507123746278	0.9428604953899877	all
71456	8028.5	4583.5	10691.0	-1.4473508436442135	0.14779868577852082	all
4499	2816.0	4585.0	12248.0	-0.33286166043487275	0.7392387112212457	all
30572	1806.5	4585.5	3630.0	-1.4811581448797468	0.1385644366389498	all
4596	5943.5	4583.5	6468.0	-0.7245157517254455	0.46874916031219194	all
7129	6148.0	4580.0	71143.0	-1.3819935533499417	0.16697368054673997	all
45143	6221.0	4579.0	76129.0	-1.6574771241259731	0.09742305008951269	all
795	8569.0	4582.0	13115.0	-2.710986325113651	0.006708339283181215	all
16841	4385.5	4584.5	8788.0	-0.10597792504539634	0.915599866792077	all
48015	5141.0	4584.0	22640.0	-0.05346117078182518	0.9573644676061309	all
48017	5141.0	4584.0	22640.0	-0.05346117078182518	0.9573644676061309	all
17137	4488.0	4585.0	12559.0	-0.26515729392392084	0.7908882921797059	all
77	3604.0	4585.0	13231.0	-0.1188636145176197	0.9053834087437956	all
31570	4674.5	4584.5	33451.0	-0.43585160816389257	0.6629443972395909	all
3688	6105.0	4583.5	11767.0	-1.2444785049793046	0.21332350560313096	all
42644	5952.0	4581.5	27516.0	-1.2272786525122794	0.21971787629462847	all
51938	3274.0	4584.5	6565.0	-0.6986544719030469	0.4847679929145716	all
42868	7104.5	4583.5	4146.0	-1.343586800669874	0.17908204011410084	all
80085	4957.0	4584.5	8441.0	-0.19849198791521402	0.8426601527562102	all
45038	2473.0	4586.0	14574.0	-1.4137696992556483	0.1574295330144457	all
1903578	6695.0	4584.5	4965.0	-1.125232283406529	0.2604906162707762	all
1900542	6229.0	4584.0	7912.0	-1.276804210889816	0.201671378532561	all
9118	6229.0	4584.0	7912.0	-1.276804210889816	0.201671378532561	all
1901959	2217.0	4585.5	4451.0	-1.2622704053520226	0.20685150201737745	all
1901957	2217.0	4585.5	4451.0	-1.2622704053520226	0.20685150201737745	all
45239	6360.5	4584.5	5634.0	-0.9468694359716355	0.34370531403652826	all
19477	2901.0	4585.5	5819.0	-0.8975463765165453	0.36942743819126533	all
46440	2901.0	4585.5	5819.0	-0.8975463765165453	0.36942743819126533	all
6554	2901.0	4585.5	5819.0	-0.8975463765165453	0.36942743819126533	all
6723	3298.5	4584.5	6614.0	-0.6855905264257527	0.49297135719229523	all
8963	3048.5	4584.5	6114.0	-0.8188960925205908	0.41284569948987926	all
4930	3930.5	4584.5	7878.0	-0.3485940553380018	0.7273940912770572	all
55122	4919.5	4584.5	8516.0	-0.1784961530009883	0.8583333421375935	all
17006	1493.0	4585.5	3003.0	-1.6483233247626738	0.0992863408350135	all
10148	927.0	4585.5	1871.0	-1.9501271264013875	0.05116096880214044	all
9554	3199.0	4585.0	13397.0	-0.08272559252142031	0.9340697347212015	all
9945	7861.0	4583.5	2633.0	-1.7469694436728542	0.08064263861770245	all
268	6028.5	4584.5	6298.0	-0.7698396441976905	0.4413950199335229	all
2000032	7126.0	4583.5	4103.0	-1.35505107935403	0.17540128347218747	all
60688	7126.0	4583.5	4103.0	-1.35505107935403	0.17540128347218747	all
5669	5102.0	4583.5	13856.0	-0.8506120407869302	0.39498489858505537	all
50347	5938.5	4584.5	6478.0	-0.7218496404035487	0.47038692591753384	all
52924	5938.5	4584.5	6478.0	-0.7218496404035487	0.47038692591753384	all
34708	4231.5	4584.5	27152.0	-0.0605838634311679	0.9516906250270536	all
1901601	6462.0	4584.0	10527.0	-0.7075215149858316	0.4792424472428545	all
1901336	6462.0	4584.0	10527.0	-0.7075215149858316	0.4792424472428545	all
1901334	6462.0	4584.0	10527.0	-0.7075215149858316	0.4792424472428545	all
1901600	6462.0	4584.0	10527.0	-0.7075215149858316	0.4792424472428545	all
6883	6487.0	4583.0	8447.0	-1.1603352845767638	0.2459123239502531	all
9975	4787.0	4584.0	31405.0	-0.10377526788740865	0.9173476938371545	all
1902626	2914.5	4585.5	5846.0	-0.8903478759474241	0.3732791213294716	all
19284	8282.5	4583.5	1790.0	-1.9717226281087514	0.04864127903661944	all
33353	8282.5	4583.5	1790.0	-1.9717226281087514	0.04864127903661944	all
46498	8282.5	4583.5	1790.0	-1.9717226281087514	0.04864127903661944	all
4563	3540.5	4584.5	7098.0	-0.5565507384459494	0.5778344189743031	all
15929	5142.0	4584.0	12149.0	-0.3544138542759796	0.7230287533239099	all
10369	5421.0	4584.0	20873.0	-0.3514608199032293	0.7252426611251308	all
80155	2855.0	4585.0	12299.0	-0.3217590151227874	0.7476352656031064	all
80154	2855.0	4585.0	12299.0	-0.3217590151227874	0.7476352656031064	all
90599	5191.0	4584.0	12224.0	-0.3380864346993835	0.7352980528308022	all
98586	4839.0	4584.0	34808.0	-0.8168652563635234	0.4140054348019917	all
5680	5480.0	4583.0	26117.0	-0.8575714445201242	0.39112914855227976	all
31167	4767.0	4583.0	47384.0	-1.2821068438200014	0.199805168512047	all
154	4767.0	4583.0	53639.0	-1.476716318142281	0.1397516960977401	all
8650	2961.0	4584.5	5939.0	-0.8655530406537842	0.38673531706510256	all
16436	2961.0	4584.5	5939.0	-0.8655530406537842	0.38673531706510256	all
8649	4767.0	4583.0	34466.0	-0.8598647819409168	0.3898635839653365	all
16435	4227.0	4585.0	10104.0	-0.7996081613978336	0.4239378574111732	all
44205	6703.0	4584.0	21381.0	-0.2657880288711561	0.7904024632879888	all
10222	2720.0	4585.5	5457.0	-0.9940596063692082	0.3201938492379486	all
7021	3800.0	4585.0	31375.0	-0.10805172123441725	0.9139546647155713	all
31515	3924.0	4584.5	7865.0	-0.3520600000564676	0.7247932656681026	all
43527	3924.0	4584.5	7865.0	-0.3520600000564676	0.7247932656681026	all
4088	3984.0	4584.5	7985.0	-0.32006666419370644	0.7489177955644648	all
5951	3984.0	4584.5	7985.0	-0.32006666419370644	0.7489177955644648	all
5719	3670.0	4586.0	15794.0	-1.2080200829975198	0.2270395375249339	all
33588	4536.5	4585.5	27035.0	-0.07859736285034616	0.9373528851859936	all
2098	3780.0	4586.0	29119.0	-0.42964101292946383	0.6674567983050494	all
2097	3819.0	4585.5	34874.0	-0.24609580629232483	0.8056080693600635	all
15680	4915.0	4584.5	8525.0	-0.17609665281128123	0.8602180104976257	all
15089	6053.0	4583.5	6249.0	-0.7829035896749845	0.433683729378293	all
15228	4272.0	4584.5	8561.0	-0.16649865205245287	0.8677645438651428	all
51185	4733.0	4584.0	11221.0	-0.5564384591703955	0.5779111537363901	all
51182	4733.0	4584.0	11221.0	-0.5564384591703955	0.5779111537363901	all
71077	4272.0	4584.5	8561.0	-0.16649865205245287	0.8677645438651428	all
71106	4272.0	4584.5	8561.0	-0.16649865205245287	0.8677645438651428	all
35349	4272.0	4584.5	8561.0	-0.16649865205245287	0.8677645438651428	all
15880	4272.0	4584.5	8561.0	-0.16649865205245287	0.8677645438651428	all
10589	4335.5	4584.5	8688.0	-0.132639038264364	0.8944788570985057	all
10267	4302.0	4585.0	44298.0	-0.7023389452205188	0.48246781119287385	all
35279	3832.0	4585.0	11434.0	-0.5100685875728626	0.6100034112962074	all
98795	3832.0	4585.0	11434.0	-0.5100685875728626	0.6100034112962074	all
6379	4604.0	4584.5	26422.0	-0.17297578288416043	0.8626704631194296	all
5432	6887.0	4584.0	8471.0	-1.155110510312253	0.2480451747206106	all
45737	4005.0	4584.5	16776.0	-0.30006628901970506	0.7641265924756486	all
1901409	4005.0	4584.5	16776.0	-0.30006628901970506	0.7641265924756486	all
1901407	4005.0	4584.5	16776.0	-0.30006628901970506	0.7641265924756486	all
2000653	3490.0	4584.5	6997.0	-0.5834784627971067	0.559571251415162	all
31507	5735.0	4584.0	18050.0	-0.8275519401464233	0.40792429542297826	all
70828	5374.0	4582.5	29899.0	-0.9095076926669203	0.3630821990509475	all
4791	1622.5	4585.5	3262.0	-1.5792710415255478	0.11427390111820745	all
10581	4447.0	4584.5	8911.0	-0.07318475578606616	0.9416590969708631	all
3942	3916.5	4585.5	7850.0	-0.35605916703931273	0.7217962558771757	all
4351	4170.5	4584.5	8358.0	-0.22062071188695717	0.8253877726502884	all
4030	5275.5	4584.5	7804.0	-0.36832327912003787	0.7126321965188047	all
9977	1766.0	4585.5	3549.0	-1.5027536465871107	0.13290258315009162	all
45834	6207.0	4584.0	20050.0	-0.49025748726424545	0.6239517059733116	all
46889	6207.0	4584.0	20050.0	-0.49025748726424545	0.6239517059733116	all
3863	5229.0	4584.5	7897.0	-0.34352844382639797	0.7312009462244675	all
6878	4461.0	4584.5	18023.0	-0.06495308612459215	0.9482113531736469	all
4325	6073.0	4584.0	12477.0	-0.28300860599433264	0.7771702399558418	all
43235	1445.0	4585.5	2907.0	-1.673917993452883	0.09414671737807513	all
10219	3219.5	4585.5	6456.0	-0.7277150853117216	0.4667880139538171	all
42645	5431.0	4584.0	13359.0	-0.09099815177356234	0.9274940596291974	all
6353	3938.0	4585.5	15048.0	-0.6258687065038712	0.5314010617785805	all
7050	7053.0	4584.0	10008.0	-0.8205072584558767	0.41192699310909486	all
76	5607.0	4584.5	15127.0	-0.6109738043156483	0.5412169226485064	all
2000011	2490.0	4585.5	4997.0	-1.1167007271764593	0.26412230683196813	all
43182	6298.5	4583.5	5758.0	-0.9138096555801156	0.3608168719631635	all
4020	6171.5	4584.5	6012.0	-0.8460904280039379	0.39750230014036336	all
16882	4734.0	4584.0	12106.0	-0.3637749081665614	0.7160261011527567	all
6432	2286.0	4585.0	9780.0	-0.8701426139687288	0.38422247209605687	all
4826	2286.0	4585.0	9780.0	-0.8701426139687288	0.38422247209605687	all
80027	6674.5	4583.5	13791.0	-0.8628673400557212	0.38821040937235096	all
6436	5054.0	4584.5	8247.0	-0.25021454756001127	0.8024214356791157	all
4830	5054.0	4584.5	8247.0	-0.25021454756001127	0.8024214356791157	all
5487	2959.0	4585.0	13718.0	-0.012844236733588942	0.9897520635892133	all
8821	936.0	4585.5	1889.0	-1.9453281260219735	0.051735499078418276	all
16889	936.0	4585.5	1889.0	-1.9453281260219735	0.051735499078418276	all
16894	2327.0	4585.5	11688.0	-1.2593734071675275	0.20789549002858299	all
1990137	4698.5	4584.5	8958.0	-0.06065403257315136	0.9516347409238624	all
51410	5220.5	4583.5	7914.0	-0.3389960545791735	0.7346127023711719	all
19499	5220.5	4583.5	7914.0	-0.3389960545791735	0.7346127023711719	all
10186	6468.0	4583.5	5419.0	-1.004190829392416	0.3152866415392833	all
45793	3666.5	4584.5	7350.0	-0.4893647331341509	0.6245834993297884	all
9270	5304.0	4583.5	7747.0	-0.3835201136548494	0.7013341597256932	all
702	4619.0	4584.0	12648.0	-0.24578208935969348	0.8058509224643098	all
3906	5849.0	4583.0	28239.0	-0.5550836444417161	0.5788374493432793	all
48544	2876.0	4586.0	8749.0	-1.0945902084150034	0.2736962072086595	all
8037	2971.0	4586.5	11821.0	-1.2342971794329245	0.21709218657237273	all
4045	5318.0	4584.0	17168.0	-0.9762987938674637	0.3289164174821323	all
48188	6358.0	4584.0	10624.0	-0.6864047190001006	0.4924579295136756	all
35097	6358.0	4584.0	10624.0	-0.6864047190001006	0.4924579295136756	all
80182	2813.0	4585.5	5643.0	-0.9444699357819284	0.34492955803096703	all
18023	4184.0	4585.0	12735.0	-0.226842282650842	0.8205463837956399	all
8762	5126.0	4584.0	13261.0	-0.11233264668698126	0.9105596572913375	all
9782	5604.5	4583.5	7146.0	-0.5437534041008449	0.5866111773429539	all
4181	5766.5	4584.5	6822.0	-0.6301354109303	0.5286059932423745	all
3856	2814.5	4585.5	5646.0	-0.9436701023853594	0.34533825664352136	all
19354	4639.0	4584.5	9077.0	-0.028927307842579884	0.9769225662202583	all
46156	4639.0	4584.5	9077.0	-0.028927307842579884	0.9769225662202583	all
8508	5402.0	4583.5	15182.0	-0.6006039357035944	0.5481038159642109	all
15125	5402.0	4583.5	15182.0	-0.6006039357035944	0.5481038159642109	all
15721	5402.0	4583.5	15182.0	-0.6006039357035944	0.5481038159642109	all
33506	7650.5	4583.5	3054.0	-1.6347261570210005	0.10210646659758546	all
33321	7650.5	4583.5	3054.0	-1.6347261570210005	0.10210646659758546	all
35269	4491.5	4584.5	9000.0	-0.04945636502118496	0.9605556102833386	all
35268	4491.5	4584.5	9000.0	-0.04945636502118496	0.9605556102833386	all
97502	4352.0	4585.0	49783.0	-0.07847997930399318	0.9374462552922663	all
4582	3426.0	4584.5	6869.0	-0.6176046877173852	0.5368359537648468	all
30	4352.0	4585.0	49783.0	-0.07847997930399318	0.9374462552922663	all
4169	4491.5	4584.5	9000.0	-0.04945636502118496	0.9605556102833386	all
19348	4631.0	4584.0	12955.0	-0.1789485185594934	0.8579781252999991	all
16093	4631.0	4584.0	22149.0	-0.13626695896439983	0.8916102431202736	all
10321	3103.5	4585.5	6224.0	-0.7895688679797265	0.4297795955583179	all
80183	4515.0	4584.5	9047.0	-0.036925641808270175	0.9705442944763671	all
61014	7334.5	4583.5	3686.0	-1.466227921477125	0.14258620431956484	all
1903313	7334.5	4583.5	3686.0	-1.466227921477125	0.14258620431956484	all
4594	3888.5	4584.5	7794.0	-0.37098939044193463	0.7106454339468389	all
45828	6207.0	4584.0	9055.0	-1.0279743365424914	0.3039618997942801	all
10262	7584.0	4583.5	3187.0	-1.5992668764397735	0.10976131615873287	all
4049	4281.5	4584.5	8580.0	-0.16143304054084903	0.8717523453419788	all
16554	7933.0	4583.0	5101.0	-1.8887558966206384	0.0589245449128577	all
43023	3175.0	4585.5	14628.0	-0.7050567940868282	0.48077489287416686	all
70601	7110.0	4583.0	6715.0	-1.53738982733229	0.12419787598320774	all
6360	7248.0	4583.5	3859.0	-1.420104195608311	0.1555773490127725	all
8327	6687.5	4582.5	17751.0	-1.5079762398388157	0.13156060822945187	all
48564	5575.0	4582.0	15293.0	-1.2925123434445054	0.19617977407632042	all
5762	5051.0	4583.5	30911.0	-0.774558380302882	0.43860065852288754	all
5761	5103.0	4583.0	41888.0	-0.9764501772822921	0.32884142627495716	all
16593	4210.0	4585.0	12158.0	-0.3524545639267881	0.7244973877073979	all
31501	3286.5	4585.5	6590.0	-0.6919891935983049	0.48894411537325166	all
71949	6254.0	4581.5	15043.0	-1.924904072549369	0.05424136033361709	all
46167	6432.0	4584.5	5491.0	-0.9849948278747592	0.32462661151272654	all
31957	4230.5	4584.5	8478.0	-0.18862737602419602	0.8503848749954821	all
1902000	6694.0	4584.0	7830.0	-1.2946555229602277	0.19543908951653122	all
1901999	6694.0	4584.0	7830.0	-1.2946555229602277	0.19543908951653122	all
19336	6694.0	4584.0	7830.0	-1.2946555229602277	0.19543908951653122	all
6572	8575.0	4584.0	5879.0	-1.7193861308794147	0.085544085924453	all
9074	7564.0	4582.5	11915.0	-2.406495749328767	0.016106391457795955	all
1903866	6275.5	4583.5	5804.0	-0.9015455434993905	0.3672983301366688	all
10377	4205.5	4584.5	8428.0	-0.20195793263367984	0.8399496113631422	all
16656	8414.0	4583.0	4868.0	-1.9394797467719302	0.05244294834837563	all
10385	6298.0	4583.0	15916.0	-1.187445121371707	0.23505209103516522	all
10429	7278.0	4583.0	6609.0	-1.5604659136672125	0.11864981899442233	all
10428	7278.0	4583.0	6609.0	-1.5604659136672125	0.11864981899442233	all
10598	4233.0	4585.5	44397.0	-0.17803148346598135	0.8586982504487435	all
9807	5132.5	4584.5	16905.0	-0.2757442335477968	0.7827445187295696	all
9806	5132.5	4584.5	16905.0	-0.2757442335477968	0.7827445187295696	all
45493	2778.0	4585.0	9783.0	-0.869489517185665	0.38457943932444105	all
9044	2778.0	4585.0	10215.0	-0.7754435804244714	0.4380775917545787	all
97599	2778.0	4585.0	16469.0	-1.0941832051497848	0.27387463584497007	all
46556	5714.0	4584.0	13061.0	-0.1558724322245709	0.8761335755647174	all
35101	4275.0	4584.5	8567.0	-0.16489898525931482	0.869023491104825	all
31176	3121.5	4584.5	6260.0	-0.7799708672208981	0.4354080232097145	all
10190	4955.0	4582.5	32243.0	-0.5969373486142466	0.5505492103872547	all
4733	1924.5	4585.5	3866.0	-1.4182379176829834	0.15612131507696334	all
16842	6009.0	4584.0	11139.0	-0.5742897712408073	0.5657717297956162	all
15940	4995.5	4584.5	8364.0	-0.21902104509381912	0.8266336541232093	all
15939	4995.5	4584.5	8364.0	-0.21902104509381912	0.8266336541232093	all
26	2828.0	4585.5	5673.0	-0.9364716018162381	0.34903042731512524	all
6490	3116.0	4586.5	13244.0	-0.966000396979239	0.334043982386679	all
4377	2828.0	4585.5	5673.0	-0.9364716018162381	0.34903042731512524	all
4376	2898.0	4585.0	13174.0	-0.13127245339583274	0.8955597821918905	all
6471	5699.5	4583.5	15860.0	-0.4727717371768209	0.6363760399765641	all
47631	6700.0	4584.0	8176.0	-1.2193316939801977	0.22271832384632673	all
210	4456.0	4584.5	8929.0	-0.06838575540665198	0.9454785608170747	all
80042	4766.5	4584.5	8822.0	-0.09691314655094735	0.922795368508545	all
10338	8241.0	4584.0	6737.0	-1.5326004509231552	0.1253743303274345	all
46320	5051.0	4583.5	8253.0	-0.2486148807668732	0.8036586966608446	all
31538	4536.5	4585.5	18117.0	-0.04723003795126366	0.9623298874014685	all
1901703	7290.5	4583.5	3774.0	-1.4427661418444335	0.14908635997462585	all
6370	3992.0	4585.0	20121.0	-0.47828353418692815	0.6324484142290953	all
9452	3992.0	4586.0	32562.0	-1.0992539535764638	0.27165731094617107	all
36260	3992.0	4586.0	32562.0	-1.0992539535764638	0.27165731094617107	all
36265	3090.0	4586.0	16568.0	-1.0774871297321171	0.2812626975040088	all
4482	2622.5	4585.5	5262.0	-1.046048777146195	0.29553851276031384	all
8174	3090.0	4585.0	11354.0	-0.5274845017878984	0.597857176149607	all
80009	3090.0	4585.0	19991.0	-0.5002076736242697	0.6169288556808181	all
15908	3806.0	4584.5	7629.0	-0.4149802272532312	0.6781563778639879	all
15245	3806.0	4584.5	7629.0	-0.4149802272532312	0.6781563778639879	all
1901475	4926.5	4583.5	8502.0	-0.18222870885164377	0.8554032437667972	all
50833	4926.5	4583.5	8502.0	-0.18222870885164377	0.8554032437667972	all
4000	8144.0	4583.0	4857.0	-1.9418744349764976	0.052152302985934866	all
1901259	7130.5	4582.5	17473.0	-1.5507775461510513	0.12095500335981897	all
10239	6649.0	4583.0	8350.0	-1.1814520805624946	0.23742317907221266	all
31425	7168.5	4580.5	17789.0	-2.524365570857142	0.011590732557787664	all
9544	6503.5	4583.5	5348.0	-1.023120219777883	0.30625100785989845	all
6893	2895.5	4584.5	5808.0	-0.9004790989706318	0.3678653433237675	all
4488	5715.0	4584.0	9808.0	-0.8640470439934663	0.3875620479722245	all
4477	5715.0	4584.0	9808.0	-0.8640470439934663	0.3875620479722245	all
6148	3983.0	4584.5	7983.0	-0.3205998864580858	0.7485136236668606	all
46130	7489.0	4584.0	11421.0	-0.512898673632806	0.6080222012947325	all
46102	3983.0	4584.5	7983.0	-0.3205998864580858	0.7485136236668606	all
8794	6973.0	4584.0	11001.0	-0.6043322232617441	0.5456227869142276	all
30611	5919.0	4583.5	15311.0	-0.5762818802316861	0.564424668343128	all
30614	6973.0	4584.0	11001.0	-0.6043322232617441	0.5456227869142276	all
30613	6973.0	4584.0	11001.0	-0.6043322232617441	0.5456227869142276	all
808	6256.5	4583.5	23713.0	-0.5900575771282108	0.5551520489309498	all
5664	6475.0	4584.0	12613.0	-0.25340155182877167	0.7999579285945464	all
80026	6118.5	4583.5	6118.0	-0.8178296479918321	0.413454466284113	all
8534	3284.5	4584.5	6586.0	-0.6930556381270636	0.48827463590419906	all
16743	1967.0	4585.5	3951.0	-1.3955759714468607	0.16284222243795787	all
51791	2440.0	4585.5	4897.0	-1.1433618403954269	0.2528883891286676	all
8106	7436.0	4584.0	7529.0	-1.3601829001943002	0.17377205240922286	all
4033	6671.0	4583.0	29448.0	-1.4907759496232564	0.13602032809155995	all
19156	5169.0	4584.5	8017.0	-0.3115351079636368	0.755393857527962	all
4133	6265.5	4583.5	13582.0	-0.902272840781526	0.3669119491641758	all
4556	6301.0	4583.0	22374.0	-1.391130273781897	0.16418592615937774	all
31930	6674.5	4583.5	5006.0	-1.1143012269867523	0.2651499807869435	all
5763	5713.5	4584.5	6928.0	-0.6018746309181944	0.5472575922947915	all
314	8510.5	4583.5	7396.0	-2.068600245039079	0.03858361493119059	all
16120	3147.0	4587.5	28218.0	-1.1336675682439445	0.2569340185874187	all
43966	3484.0	4586.0	10388.0	-0.7377816659344564	0.46064713619573405	all
18342	7309.0	4583.0	17362.0	-2.1055830796221335	0.03524058370580719	all
97354	7309.0	4583.0	17362.0	-2.1055830796221335	0.03524058370580719	all
10541	7625.5	4583.5	3104.0	-1.6213956004115166	0.10493282371718123	all
31564	4828.0	4584.0	11287.0	-0.542070329942991	0.5877700571948549	all
31555	4828.0	4584.0	11287.0	-0.542070329942991	0.5877700571948549	all
31554	4828.0	4584.0	11287.0	-0.542070329942991	0.5877700571948549	all
16487	4577.5	4584.5	9172.0	-0.0035992502845606307	0.9971282199676402	all
16813	6211.5	4582.5	17473.0	-1.5507775461510513	0.12095500335981897	all
19627	6743.0	4583.5	4869.0	-1.1508269520967378	0.2498034343528186	all
6527	5034.0	4584.0	11752.0	-0.440840328568095	0.6593285953258722	all
71042	5326.0	4584.0	13615.0	-0.0352672262854476	0.9718666566978179	all
71047	5326.0	4584.0	13615.0	-0.0352672262854476	0.9718666566978179	all
43633	4865.5	4584.5	18351.0	-0.0031109605836161696	0.9975178165845954	all
71035	4865.5	4584.5	18351.0	-0.0031109605836161696	0.9975178165845954	all
16075	4865.5	4584.5	24576.0	-0.45718877372008404	0.647535366742849	all
34661	4405.0	4585.0	37679.0	-0.4558955548059313	0.6484650862077235	all
71046	4865.5	4584.5	18351.0	-0.0031109605836161696	0.9975178165845954	all
43634	4865.5	4584.5	18351.0	-0.0031109605836161696	0.9975178165845954	all
71029	4865.5	4584.5	18351.0	-0.0031109605836161696	0.9975178165845954	all
71027	5326.0	4584.0	21847.0	-0.18719842134960868	0.8515050625342985	all
71025	4865.5	4584.5	25918.0	-0.2505723957667745	0.8021447259382244	all
467	4865.5	4584.5	18351.0	-0.0031109605836161696	0.9975178165845954	all
459	4865.5	4584.5	18351.0	-0.0031109605836161696	0.9975178165845954	all
177	5326.0	4584.0	18878.0	-0.6879120366532017	0.4915081762382928	all
34476	5326.0	4584.0	13615.0	-0.0352672262854476	0.9718666566978179	all
34472	5326.0	4584.0	18937.0	-0.6779618502931775	0.4977958822009846	all
16180	5424.5	4583.5	22587.0	-0.7634182638461144	0.4452139911259537	all
16073	5523.0	4583.0	22609.0	-1.3576313892303296	0.17458067764077473	all
34475	4865.5	4584.5	18351.0	-0.0031109605836161696	0.9975178165845954	all
34473	5326.0	4584.0	13615.0	-0.0352672262854476	0.9718666566978179	all
71038	4865.5	4584.5	18351.0	-0.0031109605836161696	0.9975178165845954	all
16078	4865.5	4584.5	18351.0	-0.0031109605836161696	0.9975178165845954	all
71028	5326.0	4584.0	21847.0	-0.18719842134960868	0.8515050625342985	all
706	5161.0	4584.5	8033.0	-0.307269329848602	0.7586383784431117	all
729	3604.0	4585.0	11525.0	-0.4902579851532593	0.6239513536992306	all
34432	5790.0	4584.5	6775.0	-0.6426661341432148	0.5204407601907171	all
19740	5175.0	4583.0	9005.0	-1.0388592829268888	0.29887018534638565	all
15398	5175.0	4583.0	9005.0	-1.0388592829268888	0.29887018534638565	all
31083	3729.0	4586.0	9405.0	-0.9517797118517094	0.34120871329681335	all
31082	3729.0	4586.0	9405.0	-0.9517797118517094	0.34120871329681335	all
3861	4341.5	4584.5	8700.0	-0.12943970467808785	0.8970097321259634	all
51879	4438.0	4585.0	13036.0	-0.1613149054167696	0.8718453841741125	all
70734	5173.0	4584.5	8009.0	-0.3136679970211542	0.7537732095808151	all
46976	5173.0	4584.5	8009.0	-0.3136679970211542	0.7537732095808151	all
6145	6933.0	4584.0	18949.0	-0.6759380835758844	0.49907995694131857	all
10136	5365.5	4584.5	17563.0	-0.15168289633449747	0.8794370478071867	all
10135	5365.5	4584.5	17563.0	-0.15168289633449747	0.8794370478071867	all
8535	4886.0	4584.5	26119.0	-0.2196261275338272	0.8261623413534921	all
9509	3816.0	4585.0	18429.0	-0.7636346413252506	0.44508499958920866	all
9204	6177.0	4583.5	6001.0	-0.8490231504580243	0.39586841051119337	all
9143	6177.0	4583.5	6001.0	-0.8490231504580243	0.39586841051119337	all
9200	5677.0	4584.0	12716.0	-0.23097856227691302	0.81733145656283	all
47429	4261.0	4584.5	8539.0	-0.17236409696062574	0.8631512961750119	all
9001	6578.0	4583.5	5199.0	-1.0628452784741447	0.28785212219999057	all
16412	6578.0	4583.5	5199.0	-1.0628452784741447	0.28785212219999057	all
6690	8039.0	4583.0	3363.0	-2.267116632942292	0.023383101758341625	all
1901568	8039.0	4583.0	3363.0	-2.267116632942292	0.023383101758341625	all
3886	6042.0	4583.0	9393.0	-0.9543920989839648	0.33988520413741274	all
9008	6042.0	4583.0	9393.0	-0.9543920989839648	0.33988520413741274	all
90116	6042.0	4583.0	9393.0	-0.9543920989839648	0.33988520413741274	all
32776	6042.0	4582.0	24290.0	-1.1180074533529478	0.2635638100985086	all
10069	5835.5	4583.5	6684.0	-0.6669277471724754	0.5048182863104009	all
10070	6042.0	4583.0	9353.0	-0.9631000560914827	0.33549731363040847	all
10424	5963.5	4583.5	6428.0	-0.7351801970130325	0.46222975776373576	all
4825	6732.5	4583.5	4890.0	-1.1452281183207547	0.25211467342022975	all
726	5446.0	4582.0	50951.0	-0.9088696682788322	0.3634189262568752	all
17108	3513.0	4585.0	12217.0	-0.33961032719319917	0.7341499999483838	all
48256	3513.0	4585.0	12217.0	-0.33961032719319917	0.7341499999483838	all
16888	3513.0	4585.0	12217.0	-0.33961032719319917	0.7341499999483838	all
10309	7401.0	4583.5	3553.0	-1.501687202058352	0.13317791060366466	all
80111	5446.0	4584.0	21973.0	-0.16594887081803147	0.8681971872984766	all
35510	5446.0	4584.0	21973.0	-0.16594887081803147	0.8681971872984766	all
6266	5444.0	4584.0	21196.0	-0.29698776576275754	0.7664758494910462	all
3910	4114.0	4584.5	15745.0	-0.4944541897292972	0.6209854514752471	all
3909	4114.0	4584.5	15745.0	-0.4944541897292972	0.6209854514752471	all
16886	4114.0	4584.5	24391.0	-0.48567165741707535	0.6271999818268944	all
70878	5033.0	4584.5	8289.0	-0.23901688000804483	0.8110924936850217	all
51026	6227.0	4580.0	49407.0	-1.889004447076054	0.05889123282376334	all
42138	4622.0	4584.5	27256.0	-0.044571863947453896	0.9644485696771256	all
6421	6820.5	4583.5	4714.0	-1.1921516775861378	0.23320177696694055	all
4816	6820.5	4583.5	4714.0	-1.1921516775861378	0.23320177696694055	all
3917	6538.0	4583.5	15906.0	-0.46409875615583035	0.6425769928792486	all
51998	5838.5	4583.5	6678.0	-0.6685274139656134	0.5037969888074645	all
10340	5838.5	4583.5	6678.0	-0.6685274139656134	0.5037969888074645	all
938	3449.0	4585.0	10293.0	-0.7584630640648115	0.44817381674956647	all
18026	5344.0	4583.5	39179.0	-0.8004557921597775	0.42344676703651196	all
34450	7275.5	4583.5	3804.0	-1.4347678078787431	0.15135327426125575	all
31935	5517.0	4583.5	34537.0	-0.29103446070604116	0.7710249638511244	all
4359	8344.5	4583.5	1666.0	-2.004782408500271	0.04498631398413404	all
80171	7432.0	4583.5	3491.0	-1.5182170922541118	0.12895968002891237	all
16901	6322.0	4584.5	5711.0	-0.9263403787930304	0.35426911782929416	all
6734	4617.0	4584.0	11345.0	-0.5294437921370899	0.5964976262404802	all
9344	6356.5	4583.5	5642.0	-0.9447365469141181	0.3447933937413751	all
35671	6136.0	4583.0	6536.0	-1.5763579353884327	0.11494333679628543	all
16855	4569.5	4584.5	9156.0	-0.007865028399595452	0.9937246799662449	all
47661	4569.5	4584.5	9156.0	-0.007865028399595452	0.9937246799662449	all
36361	4569.5	4584.5	9156.0	-0.007865028399595452	0.9937246799662449	all
10023	6313.0	4583.5	5729.0	-0.9215413784136163	0.35676784826052643	all
6271	7501.0	4583.0	12572.0	-1.7514014465907084	0.07987678399895148	all
22616	7501.0	4583.0	12572.0	-1.7514014465907084	0.07987678399895148	all
17150	4116.5	4585.5	16479.0	-0.3560635795247961	0.7217929514705166	all
2943	4116.5	4585.5	16479.0	-0.3560635795247961	0.7217929514705166	all
46656	3370.0	4585.0	8170.0	-1.2206378875463253	0.22222315453396735	all
46655	3370.0	4585.0	8170.0	-1.2206378875463253	0.22222315453396735	all
10483	6092.0	4583.5	6171.0	-0.8036992579857793	0.42157068276524334	all
51703	6092.0	4583.5	6171.0	-0.8036992579857793	0.42157068276524334	all
312	8941.5	4583.5	472.0	-2.3231161003347447	0.020172916281689594	all
19776	6207.0	4584.5	5941.0	-0.8650198183894049	0.38702791127074887	all
19779	7825.5	4583.5	2704.0	-1.7280400532873872	0.08398104370646965	all
16781	5041.0	4584.0	13587.0	-0.041362796260710155	0.967006671679305	all
45551	5150.0	4584.0	10379.0	-0.7397409562836479	0.4594571915638954	all
52747	6001.0	4584.5	6353.0	-0.7551760319272582	0.450143367778402	all
70475	7545.0	4584.0	6452.0	-1.5946446453142205	0.11079172297587077	all
5578	6888.5	4583.5	4578.0	-1.2284107915639337	0.2192927988256198	all
46373	5846.0	4583.5	6663.0	-0.6725265809484585	0.5012485240077134	all
395	5496.0	4584.5	7363.0	-0.4858987884156851	0.6270389274678516	all
30627	5496.0	4584.5	7363.0	-0.4858987884156851	0.6270389274678516	all
43461	5355.0	4584.5	15895.0	-0.46617272987824115	0.6410918673250341	all
70272	5355.0	4584.5	15895.0	-0.46617272987824115	0.6410918673250341	all
45053	8185.5	4583.5	1984.0	-1.9200000684639542	0.05485789076178943	all
34067	8185.5	4583.5	1984.0	-1.9200000684639542	0.05485789076178943	all
8192	7231.5	4583.5	3892.0	-1.4113060282460517	0.15815439776610984	all
4789	4011.5	4584.5	8040.0	-0.30540305192327427	0.7600591976591062	all
1727	3654.5	4585.5	7326.0	-0.49576340030670313	0.6200613500289691	all
71249	6648.5	4583.5	5058.0	-1.1004374481128891	0.27114156969466197	all
31972	7137.0	4583.0	6512.0	-1.5815827096529436	0.11374486373226798	all
9529	7137.0	4583.0	6512.0	-1.5815827096529436	0.11374486373226798	all
15434	5130.5	4584.5	8094.0	-0.2910060507850317	0.7710466918275868	all
6154	4310.5	4584.5	8638.0	-0.1459695948738478	0.8839453910655577	all
16149	5746.0	4584.0	18492.0	-0.753009866059462	0.4514439853394906	all
4525	5623.5	4584.5	22342.0	-0.8011388395529407	0.42305127339237514	all
32296	5623.5	4584.5	22342.0	-0.8011388395529407	0.42305127339237514	all
33186	7387.0	4583.5	3581.0	-1.4942220903570411	0.1351175806296698	all
4140	6731.0	4583.5	4893.0	-1.1444282849241856	0.25244606354354127	all
80028	7365.0	4583.0	5447.0	-1.8134320676406082	0.06976520733109684	all
50898	7365.0	4583.0	5447.0	-1.8134320676406082	0.06976520733109684	all
19762	7321.0	4582.5	8205.0	-1.9160689049090498	0.055356325645918115	all
19759	7321.0	4582.5	8205.0	-1.9160689049090498	0.055356325645918115	all
16145	7321.0	4582.5	8205.0	-1.9160689049090498	0.055356325645918115	all
5666	6546.0	4584.0	9664.0	-0.8953956895805308	0.3705756040333926	all
6383	6546.0	4584.0	10793.0	-0.6496136002208374	0.5159418458418839	all
51724	4019.0	4584.5	8055.0	-0.3014038849404291	0.7631065322229391	all
15671	5774.0	4584.5	6807.0	-0.6341345779131452	0.5259929984152947	all
17183	5600.0	4584.0	13384.0	-0.08555567858136363	0.9318196325742057	all
17182	5600.0	4584.0	13384.0	-0.08555567858136363	0.9318196325742057	all
33743	7641.0	4583.0	4559.0	-2.006748715427506	0.04477642603856184	all
4557	6435.5	4583.5	12440.0	-1.1175890217808997	0.2637425596313364	all
15925	6032.5	4582.5	19120.0	-1.2972029004810803	0.19456138301688364	all
52692	6435.5	4583.5	12440.0	-1.1175890217808997	0.2637425596313364	all
16139	6435.5	4583.5	12440.0	-1.1175890217808997	0.2637425596313364	all
16137	6435.5	4583.5	12440.0	-1.1175890217808997	0.2637425596313364	all
8936	1844.5	4585.5	3706.0	-1.4608956988333315	0.14404406718430585	all
4008	7611.0	4583.5	3133.0	-1.613663877578016	0.10660035316603962	all
60003	7611.0	4583.5	3133.0	-1.613663877578016	0.10660035316603962	all
47134	7040.0	4582.5	8163.0	-1.9239877136673456	0.05435612352784957	all
60771	4276.0	4585.0	12931.0	-0.18417329282400416	0.8538775103096791	all
60772	4315.5	4584.5	8648.0	-0.14330348355195102	0.8860505047450342	all
40019	5500.0	4584.5	7355.0	-0.48803167747320253	0.6255274035492832	all
3840	2504.5	4585.5	5026.0	-1.1089690043429588	0.2674435535697214	all
16756	3043.0	4585.0	11450.0	-0.5065854047298554	0.6124457512833814	all
6805	4374.0	4584.5	8765.0	-0.1121099810857589	0.9107362035505053	all
71466	4374.0	4584.5	8765.0	-0.1121099810857589	0.9107362035505053	all
36374	2504.5	4585.5	5026.0	-1.1089690043429588	0.2674435535697214	all
6751	1966.0	4586.0	6708.0	-1.5389137198261056	0.12382536127136487	all
43171	6959.0	4584.0	25438.0	-0.9543618386074189	0.3399005160342935	all
42219	1966.0	4586.0	6708.0	-1.5389137198261056	0.12382536127136487	all
32447	7174.0	4583.5	4007.0	-1.380645748044239	0.16738790980178736	all
34227	5227.5	4584.5	15442.0	-0.5515827386284305	0.5812342654190779	all
16682	5018.0	4583.5	16526.0	-0.3472020554381319	0.7284395267695543	all
42586	3824.5	4584.5	7666.0	-0.4051156153622132	0.685392528770603	all
4048	6497.5	4583.5	5360.0	-1.019920886191607	0.3077659830758488	all
10354	4999.0	4584.5	8357.0	-0.22088732301914685	0.8251801683969179	all
9915	4556.0	4584.5	9129.0	-0.015063528968716712	0.9879814973246462	all
10163	4813.0	4584.0	10564.0	-0.6994666546613775	0.4842604449670297	all
1902554	6147.0	4584.5	6061.0	-0.8330264825266437	0.40482979381794637	all
4818	6904.0	4583.5	4547.0	-1.2366757366618137	0.21620748997877093	all
6269	5785.0	4583.0	17304.0	-0.9533627710714756	0.3404062973408245	all
3896	5652.0	4583.5	15793.0	-0.4854041225769593	0.6273897085856213	all
1990077	5519.0	4584.0	12403.0	-0.2991183266432408	0.7648497634345761	all
16812	5045.0	4584.0	22024.0	-0.15734786226953595	0.8749707013719217	all
256	5871.5	4584.5	16551.0	-0.3424884787962892	0.7319833129365716	all
43605	7945.0	4584.0	17273.0	-0.9585908350911494	0.33776491137458853	all
255	6766.0	4584.0	18959.0	-0.6742516113114735	0.5001513620643314	all
33617	4360.5	4585.5	16632.0	-0.3272164904767189	0.743504149226644	all
97034	4383.0	4585.0	21872.0	-0.18298224068858146	0.8548119532209226	all
32981	2492.0	4586.0	6813.0	-1.516055332418871	0.1295053616341274	all
97031	2548.0	4585.5	14225.0	-0.7810396495533323	0.4347791751482307	all
10257	3097.5	4586.5	23088.0	-0.6862835355639921	0.4925343293011948	all
7219	5247.0	4584.0	21392.0	-0.2639329093803041	0.7918316164713765	all
51601	4149.0	4584.5	8315.0	-0.23208499057111326	0.8164720024196546	all
34629	7521.0	4584.0	11137.0	-0.5747251690961832	0.5654771825406052	all
31503	7521.0	4584.0	11137.0	-0.5747251690961832	0.5654771825406052	all
5546	473.0	4585.5	963.0	-2.1922100344296136	0.028364344244577077	all
4652	7892.0	4583.5	2571.0	-1.7634993338686142	0.07781630953350822	all
50567	2968.0	4585.5	5953.0	-0.8618204848031288	0.38878631054783275	all
10587	3933.0	4585.0	13121.0	-0.142810496563294	0.8864398469914916	all
10586	3933.0	4585.0	13121.0	-0.142810496563294	0.8864398469914916	all
3919	4324.5	4584.5	8666.0	-0.13850448317253686	0.8898417266992402	all
46443	4872.0	4584.5	8611.0	-0.15316809544296905	0.8782657168942638	all
72387	4872.0	4584.5	8611.0	-0.15316809544296905	0.8782657168942638	all
9103	6262.5	4583.5	5830.0	-0.894613654062459	0.3709936503033525	all
8653	6262.5	4583.5	5830.0	-0.894613654062459	0.3709936503033525	all
2161	3350.0	4585.5	14207.0	-0.784433424735459	0.4327858321200344	all
6450	3097.0	4586.0	16323.0	-1.1188057002101839	0.2632230393658461	all
8153	5799.5	4583.5	6756.0	-0.6477317456548186	0.5171584678900164	all
46482	4677.0	4584.0	12309.0	-0.3195820258459079	0.7492852016626264	all
19408	4972.5	4584.5	8410.0	-0.206756933013094	0.8361996918014606	all
16094	4972.5	4584.5	8410.0	-0.206756933013094	0.8361996918014606	all
45547	4972.5	4584.5	8410.0	-0.206756933013094	0.8361996918014606	all
6303	5644.5	4581.5	42964.0	-1.3167985883045505	0.1879061461863157	all
43140	6465.5	4583.5	5424.0	-1.0028577737314675	0.3159294888367381	all
44774	7182.0	4584.0	7937.0	-1.2713617376976174	0.20359998806124302	all
712	7182.0	4582.0	19174.0	-1.8472852974628142	0.06470580266835721	all
51307	6944.5	4581.5	22326.0	-1.9193606003080885	0.05493871357152643	all
8061	5610.0	4583.0	14849.0	-1.3673917119843488	0.17150255877317272	all
16892	4893.0	4584.5	8569.0	-0.16436576299493547	0.8694432141468817	all
10168	5604.0	4584.5	7147.0	-0.5434867929686552	0.586794681698402	all
4867	4688.5	4584.5	8978.0	-0.05532180992935784	0.9558820869558821	all
4822	6913.5	4583.5	4528.0	-1.2417413481734176	0.2143320089454266	all
6428	6913.5	4583.5	4528.0	-1.2417413481734176	0.2143320089454266	all
31937	5608.5	4583.5	7138.0	-0.5458862931583623	0.5851441008999987	all
70829	5000.0	4583.5	8355.0	-0.2214205452835262	0.82476499658121	all
70827	5000.0	4583.5	8355.0	-0.2214205452835262	0.82476499658121	all
43954	5000.0	4583.5	8355.0	-0.2214205452835262	0.82476499658121	all
731	3987.5	4584.5	7992.0	-0.3182003862683787	0.7503329397821998	all
43625	4193.5	4584.5	8404.0	-0.20835659980623206	0.8349505409609274	all
47627	4904.0	4582.5	14758.0	-0.6805461955492463	0.4961586818604249	all
16819	4904.0	4582.5	14758.0	-0.6805461955492463	0.4961586818604249	all
4040	6748.0	4583.0	15475.0	-1.2618185482322273	0.20701408630246176	all
32527	4791.0	4583.5	8773.0	-0.10997709202824149	0.912427542600365	all
31145	7594.0	4583.5	3167.0	-1.604599099083567	0.10858205982793806	all
44452	5844.0	4584.0	17399.0	-0.9373412845595721	0.34858303302605487	all
71014	8345.5	4583.5	7330.0	-2.081044087373544	0.03742987085927576	all
31357	2879.0	4584.5	5775.0	-0.9092772663328912	0.36320378756708893	all
31353	2879.0	4584.5	5775.0	-0.9092772663328912	0.36320378756708893	all
31352	2879.0	4584.5	5775.0	-0.9092772663328912	0.36320378756708893	all
31356	2879.0	4584.5	5775.0	-0.9092772663328912	0.36320378756708893	all
35312	8472.5	4582.5	3325.0	-2.8361590653967412	0.004565969895767632	all
16895	8075.0	4582.0	4424.0	-3.1255390476327007	0.001774795059104234	all
4529	8075.0	4582.0	4424.0	-3.1255390476327007	0.001774795059104234	all
10258	4070.0	4585.0	11271.0	-0.5455535127859981	0.5853728867167589	all
42793	6744.0	4584.0	34591.0	-0.8441485810719864	0.3985863833491181	all
6430	4007.5	4585.5	8032.0	-0.3075359409807917	0.7584354706575578	all
4824	4007.5	4585.5	8032.0	-0.3075359409807917	0.7584354706575578	all
30677	8289.0	4583.5	1777.0	-1.9751885728272172	0.04824675222040218	all
1902555	8013.0	4583.0	4642.0	-1.9886797044294064	0.04673656755376328	all
4526	7344.5	4582.5	14490.0	-2.0100448005733482	0.04442644745048743	all
4549	6954.0	4582.0	17351.0	-2.1071511125160365	0.035104483012087205	all
6559	6553.0	4584.0	7901.0	-1.2791988990943834	0.20082702344496928	all
1902222	6553.0	4584.0	7901.0	-1.2791988990943834	0.20082702344496928	all
1901160	6050.5	4583.5	6254.0	-0.7815705340140362	0.43446700941940564	all
16695	5465.5	4584.5	7424.0	-0.46963550935211484	0.6386154504491136	all
52856	3938.5	4584.5	7894.0	-0.344328277222967	0.7305994208517741	all
52857	3938.5	4584.5	7894.0	-0.344328277222967	0.7305994208517741	all
71033	5058.5	4584.5	8238.0	-0.25261404774971835	0.8005664734960267	all
8298	5058.5	4584.5	8238.0	-0.25261404774971835	0.8005664734960267	all
71020	7144.0	4583.5	4067.0	-1.3646490801128583	0.17236337094818646	all
350	7144.0	4583.5	4067.0	-1.3646490801128583	0.17236337094818646	all
393	5712.0	4584.0	9134.0	-1.0107761212551434	0.31212359437762616	all
386	6978.0	4583.5	4399.0	-1.2761341842258858	0.20190808938414784	all
4848	5871.5	4584.5	6612.0	-0.686123748690132	0.49263507624001457	all
427	4520.0	4585.0	13161.0	-0.13410253945577608	0.8933214915802598	all
6880	7699.0	4584.0	8405.0	-1.1694786395396575	0.24221084240302593	all
97577	7699.0	4584.0	8405.0	-1.1694786395396575	0.24221084240302593	all
52906	1154.0	4585.5	2325.0	-1.8290856723872746	0.06738677498470584	all
9019	1154.0	4585.5	2325.0	-1.8290856723872746	0.06738677498470584	all
6552	5665.0	4583.0	17523.0	-0.9164290284808772	0.35944191582079776	all
9083	7853.0	4581.5	20222.0	-2.1999271548673147	0.027812063744195255	all
4485	3442.5	4584.5	6902.0	-0.608806520355126	0.5426526911858791	all
811	5622.5	4583.5	15003.0	-0.634353144459188	0.5258503808705347	all
19544	5372.5	4584.5	7610.0	-0.4200458387648351	0.6744519676432197	all
9537	4213.5	4584.5	8444.0	-0.197692154518645	0.8432859283553733	all
4827	4265.5	4585.5	8548.0	-0.16996459677091866	0.865037979171733	all
6433	4265.5	4585.5	8548.0	-0.16996459677091866	0.865037979171733	all
9799	6171.5	4584.5	6012.0	-0.8460904280039379	0.39750230014036336	all
9	6464.5	4583.5	5426.0	-1.0023245514670882	0.3161868685483097	all
60964	7995.0	4581.5	8456.0	-2.939048693695755	0.003292213462245356	all
70847	7853.5	4583.5	15162.0	-1.9065826500631962	0.056574653581597294	all
6419	6025.5	4584.5	6304.0	-0.7682399774045524	0.4423446268441359	all
4813	6025.5	4584.5	6304.0	-0.7682399774045524	0.4423446268441359	all
10013	6133.0	4583.5	6089.0	-0.8255613708253328	0.4090529556973612	all
90063	5226.5	4584.5	7902.0	-0.3421953881654496	0.7322038556804475	all
10968	5226.5	4584.5	7902.0	-0.3421953881654496	0.7322038556804475	all
31113	5226.5	4584.5	7902.0	-0.3421953881654496	0.7322038556804475	all
31116	5226.5	4584.5	7902.0	-0.3421953881654496	0.7322038556804475	all
5816	7103.5	4583.5	11771.0	-1.2437243327166099	0.21360103734099145	all
51298	7103.5	4583.5	11771.0	-1.2437243327166099	0.21360103734099145	all
7098	7103.5	4583.5	11771.0	-1.2437243327166099	0.21360103734099145	all
51415	7103.5	4583.5	11771.0	-1.2437243327166099	0.21360103734099145	all
51418	7842.0	4583.0	12639.0	-1.7401020824191553	0.08184109467879756	all
90307	7103.5	4583.5	11771.0	-1.2437243327166099	0.21360103734099145	all
1902850	7103.5	4583.5	11771.0	-1.2437243327166099	0.21360103734099145	all
43015	6365.0	4584.0	17307.0	-0.9528568293921523	0.34066261586477176	all
923	7103.5	4583.5	11771.0	-1.2437243327166099	0.21360103734099145	all
32155	7103.5	4583.5	11771.0	-1.2437243327166099	0.21360103734099145	all
244	8244.0	4583.0	2991.0	-2.348100634042209	0.018869422382792763	all
455	6037.0	4584.5	6281.0	-0.7743720334449149	0.438710817022387	all
31118	6037.0	4584.5	6281.0	-0.7743720334449149	0.438710817022387	all
70039	4462.5	4584.5	8942.0	-0.06491981068818618	0.9482378472124152	all
451	4698.0	4584.0	13716.0	-0.013279634588964839	0.9894046959994884	all
453	4698.0	4584.0	13716.0	-0.013279634588964839	0.9894046959994884	all
17176	6642.5	4583.5	11368.0	-1.3197071881831137	0.18693279916326352	all
257	6481.0	4583.5	5393.0	-1.0111227188293475	0.3119576979504378	all
16815	6481.0	4583.5	5393.0	-1.0111227188293475	0.3119576979504378	all
4654	6334.0	4584.5	5687.0	-0.9327390459655827	0.35095471955386304	all
43100	4712.5	4584.5	8930.0	-0.0681191442744623	0.9456907908206418	all
1902609	5794.0	4583.5	6767.0	-0.6447990232007322	0.5190574350188802	all
4392	7777.0	4583.0	5322.0	-1.8406444336016017	0.06567368176439897	all
97157	7880.5	4583.5	2594.0	-1.7573672778282516	0.07885522705234618	all
70126	4025.0	4584.5	8067.0	-0.29820455135415297	0.7655470482619228	all
71076	8314.5	4583.5	1726.0	-1.9887857405688907	0.0467248573602545	all
50265	8314.5	4583.5	1726.0	-1.9887857405688907	0.0467248573602545	all
10306	5354.0	4584.5	7647.0	-0.41018122687381703	0.681673011100029	all
10396	5354.0	4584.5	7647.0	-0.41018122687381703	0.681673011100029	all
182	5429.0	4584.5	7497.0	-0.4501728967022685	0.6525857775836024	all
45485	4125.5	4584.5	8268.0	-0.24461571378402805	0.806753995800835	all
6388	6590.0	4582.5	8710.0	-1.8208546567438277	0.06862895335654576	all
2000014	3545.0	4584.5	7107.0	-0.5541512382562422	0.5794753463955917	all
4301	7407.0	4583.5	3541.0	-1.5048865356446282	0.1323532505109591	all
16803	7407.0	4583.5	3541.0	-1.5048865356446282	0.1323532505109591	all
71494	5614.0	4583.0	8272.0	-1.1984325969221548	0.23074864866906264	all
6788	7929.5	4583.5	2496.0	-1.7834951687828398	0.07450573372867299	all
4609	7650.5	4583.5	3054.0	-1.6347261570210005	0.10210646659758546	all
4321	6494.0	4583.5	5367.0	-1.0180546082662791	0.30865200522609115	all
35066	2337.0	4584.5	4691.0	-1.1982837336265002	0.23080657696146323	all
2000758	2337.0	4584.5	4691.0	-1.1982837336265002	0.23080657696146323	all
1901985	2337.0	4584.5	4691.0	-1.1982837336265002	0.23080657696146323	all
10333	8768.5	4582.5	1397.0	-3.1996700960156486	0.001375849746840255	all
5853	8226.5	4583.5	1902.0	-1.9418621813035075	0.05215378678852782	all
5968	5201.0	4584.0	10533.0	-0.7062153214197039	0.4800542437024605	all
4663	6255.0	4583.5	5845.0	-0.8906144870796138	0.3731360245125632	all
4661	6255.0	4583.5	11464.0	-1.301607053878438	0.19305074724215016	all
8318	7309.0	4583.0	11766.0	-1.887331111102226	0.05911580444180166	all
18344	5201.0	4584.0	16150.0	-1.1479816703844923	0.25097613074157277	all
1091	6672.0	4583.5	5011.0	-1.112968171325804	0.2657220995622178	all
48487	3360.0	4585.5	6737.0	-0.6527973571664225	0.5138869276347503	all
9443	4578.5	4584.5	9174.0	-0.003066028020181278	0.9975536674122509	all
60969	6424.5	4583.5	5506.0	-0.980995660891914	0.3265948813169941	all
16233	7759.0	4582.0	6292.0	-2.810506028640747	0.004946366225943734	all
48700	6070.5	4583.5	6214.0	-0.7922349793016232	0.4282236762173415	all
97439	6070.5	4583.5	6214.0	-0.7922349793016232	0.4282236762173415	all
5504	5140.0	4583.5	14104.0	-0.8038533604998508	0.4214816683321635	all
19988	2340.5	4585.5	4698.0	-1.1964174557011726	0.23153369279756086	all
43985	6430.0	4584.5	5495.0	-0.9839283833460005	0.325150726888934	all
33615	5355.0	4584.5	7645.0	-0.4107144491381964	0.6812819306602245	all
16629	5409.5	4584.5	7536.0	-0.4397750625468711	0.6601000307819707	all
10485	4071.5	4584.5	8160.0	-0.27340971606051306	0.7845382848831417	all
2001289	7496.0	4583.0	9669.0	-2.2409843449491893	0.02502708908557195	all
9245	7496.0	4583.0	9669.0	-2.2409843449491893	0.02502708908557195	all
1901271	7236.5	4583.5	14360.0	-2.0300597999279906	0.04235046112446361	all
1901269	7236.5	4583.5	14360.0	-2.0300597999279906	0.04235046112446361	all
46493	7496.0	4583.0	9669.0	-2.2409843449491893	0.02502708908557195	all
4134	6393.0	4583.5	5569.0	-0.9641991595639645	0.33494608566054307	all
25	6393.0	4583.5	5569.0	-0.9641991595639645	0.33494608566054307	all
46352	5895.0	4583.0	9878.0	-0.84880811905531	0.3959880716429386	all
9313	5895.0	4583.0	9878.0	-0.84880811905531	0.3959880716429386	all
6488	3779.0	4585.5	7575.0	-0.42937722839147374	0.6676487228363455	all
737	3323.0	4585.0	10685.0	-0.6731250844111357	0.5008677166405804	all
4856	4991.5	4584.5	8372.0	-0.2168881560363017	0.8282955080266581	all
5953	6366.0	4584.5	5623.0	-0.9498021584257219	0.3422127889476604	all
4662	6366.0	4584.5	5623.0	-0.9498021584257219	0.3422127889476604	all
8274	8306.0	4583.0	3012.0	-2.343528956560762	0.01910227938064956	all
931	8306.0	4583.0	3012.0	-2.343528956560762	0.01910227938064956	all
72686	7162.5	4583.5	4030.0	-1.3745136920038763	0.16928226252925282	all
9920	4028.0	4585.0	9570.0	-0.915859388783198	0.3597406495358224	all
36297	5624.5	4584.5	14740.0	-0.683939970731373	0.4940130726990467	all
71479	5325.0	4583.0	18227.0	-0.7977013810663506	0.4250438022196915	all
6427	3663.5	4584.5	7344.0	-0.49096439992728896	0.6234516269117025	all
4821	3663.5	4584.5	7344.0	-0.49096439992728896	0.6234516269117025	all
4828	5751.0	4584.5	6853.0	-0.62187046583242	0.5340270467228401	all
6434	5751.0	4584.5	6853.0	-0.62187046583242	0.5340270467228401	all
1904143	5112.5	4584.5	8130.0	-0.2814080500262034	0.7783974444672371	all
3854	3781.0	4585.0	10004.0	-0.8213780541666285	0.4114309600290066	all
33764	4898.5	4584.5	16670.0	-0.320051853981118	0.7489290223968883	all
4610	7228.0	4584.0	7629.0	-1.3384130074255054	0.1807618410380899	all
5366	6364.0	4583.0	7493.0	-1.3680200615910663	0.171305796615939	all
5365	6364.0	4583.0	7493.0	-1.3680200615910663	0.171305796615939	all
15798	6364.0	4583.0	7493.0	-1.3680200615910663	0.171305796615939	all
16124	2826.0	4586.0	7409.0	-1.386306771516854	0.1656532500445645	all
16118	2826.0	4586.0	7409.0	-1.386306771516854	0.1656532500445645	all
16110	2826.0	4586.0	7409.0	-1.386306771516854	0.1656532500445645	all
16121	2826.0	4586.0	7409.0	-1.386306771516854	0.1656532500445645	all
46247	2826.0	4586.0	7409.0	-1.386306771516854	0.1656532500445645	all
45005	7885.5	4583.5	2584.0	-1.7600333891501483	0.07840214552034729	all
10032	7536.0	4583.5	3283.0	-1.5736722077495646	0.11556325021816115	all
70403	4587.0	4584.0	12843.0	-0.20333079846054358	0.8388764845932528	all
42817	4965.5	4584.5	8424.0	-0.20302437716243854	0.8391159787511621	all
439	5138.0	4584.0	10961.0	-0.613040180369262	0.5398497721699709	all
6474	6195.0	4583.0	18390.0	-0.7702118831564531	0.4411742160689439	all
19285	3608.5	4585.5	7234.0	-0.5202916244681534	0.6028603326197062	all
31456	3608.5	4585.5	7234.0	-0.5202916244681534	0.6028603326197062	all
6578	3608.5	4585.5	7234.0	-0.5202916244681534	0.6028603326197062	all
6577	3608.5	4585.5	7234.0	-0.5202916244681534	0.6028603326197062	all
31455	3608.5	4585.5	7234.0	-0.5202916244681534	0.6028603326197062	all
9616	4302.0	4585.0	28318.0	-0.5438223172945934	0.5865637497741696	all
52018	4302.0	4585.0	28318.0	-0.5438223172945934	0.5865637497741696	all
52249	4302.0	4585.0	28318.0	-0.5438223172945934	0.5865637497741696	all
179	6085.0	4584.0	9568.0	-0.9162947866385739	0.35951230165618786	all
16433	6942.5	4583.5	9758.0	-1.6232615239177826	0.10453351082946982	all
5721	5374.0	4583.5	7607.0	-0.4208456721614041	0.6738677785264615	all
71492	8577.0	4583.0	5054.0	-1.898987746221972	0.05756608715015606	all
70141	8577.0	4583.0	5054.0	-1.898987746221972	0.05756608715015606	all
16151	4904.5	4584.5	15686.0	-0.5055782306040459	0.6131527670780736	all
48554	3487.0	4585.0	12592.0	-0.2579732293102186	0.7964275680117239	all
48552	3487.0	4585.0	12592.0	-0.2579732293102186	0.7964275680117239	all
46608	5183.0	4584.5	7989.0	-0.31900021966494774	0.7497263462101633	all
8265	6341.0	4584.0	9057.0	-1.0275389386871154	0.3041667598350294	all
45431	5907.5	4584.5	6540.0	-0.7053197502077887	0.48061127223473965	all
1682	5175.5	4584.5	8004.0	-0.3150010526821026	0.7527608546006614	all
6569	7466.5	4583.5	3422.0	-1.5366132603751996	0.12438804337180782	all
46218	7466.5	4583.5	3422.0	-1.5366132603751996	0.12438804337180782	all
42436	6417.0	4583.0	6181.0	-1.6536410547176543	0.09820046585276035	all
2094	2166.5	4585.5	4350.0	-1.2891981297031798	0.19732921508362775	all
10777	8715.5	4583.5	924.0	-2.202607868585011	0.02762239884616553	all
43247	6303.0	4583.5	10660.0	-1.4531956786800986	0.14616943164471877	all
6278	4531.5	4584.5	9080.0	-0.028127474446010853	0.9775604812973584	all
32389	7821.0	4583.5	2713.0	-1.7256405530976802	0.08441209890238442	all
10283	5388.0	4584.5	7579.0	-0.42831078386271504	0.6684248687550332	all
6359	7872.5	4583.5	2610.0	-1.7531014997132168	0.0795845861721134	all
52624	6775.5	4583.5	4804.0	-1.168156675689067	0.24274357254258572	all
8622	8945.5	4583.5	464.0	-2.325248989392262	0.02005865018207036	all
109	8995.0	4582.5	825.0	-3.307516729581009	9.412708950391399E-4	all
31298	7724.0	4583.0	5502.0	-1.801458626617771	0.07163062279199424	all
727	6604.5	4583.5	5146.0	-1.0769756684801977	0.2814911359369935	all
9407	7328.0	4583.0	11363.0	-1.9552959433579848	0.050548149741288	all
90487	7328.0	4583.0	11363.0	-1.9552959433579848	0.050548149741288	all
33388	3767.0	4584.5	7551.0	-0.43577589556402596	0.6629993342039484	all
719	6716.0	4583.0	8687.0	-1.1080875419316563	0.2678240107165596	all
814	4379.0	4585.0	11904.0	-0.4077500915595269	0.6834571579447588	all
16254	6642.5	4583.5	5070.0	-1.097238114526613	0.27253731568820283	all
506	6642.5	4583.5	5070.0	-1.097238114526613	0.27253731568820283	all
8146	7620.5	4583.5	3114.0	-1.6187294890896198	0.10550547907155125	all
8278	4539.0	4584.5	17589.0	-0.14678077662698108	0.88330505834833	all
7064	3648.5	4584.5	7314.0	-0.49896273389297924	0.6178056376136678	all
61597	6246.0	4583.5	5863.0	-0.8858154867001996	0.3757169631747326	all
19008	4157.0	4585.0	12836.0	-0.20485469095435924	0.8376856557840618	all
5712	5696.0	4584.5	6963.0	-0.5925432412915557	0.5534868738263496	all
32390	5696.0	4584.5	6963.0	-0.5925432412915557	0.5534868738263496	all
34196	5709.0	4584.5	6937.0	-0.5994751307284872	0.5488560892731812	all
6426	5471.0	4584.5	7413.0	-0.47256823180620133	0.6365212516630725	all
4820	5471.0	4584.5	7413.0	-0.47256823180620133	0.6365212516630725	all
4729	7748.5	4583.5	2858.0	-1.686981938930177	0.09160682488448467	all
70818	7748.5	4583.5	2858.0	-1.686981938930177	0.09160682488448467	all
3968	6719.5	4583.5	11593.0	-1.2772849984065298	0.20150164790935854	all
1172	6719.5	4583.5	11593.0	-1.2772849984065298	0.20150164790935854	all
4560	7470.0	4584.0	7642.0	-1.3355829213655621	0.18168563543406593	all
15928	7470.0	4584.0	7642.0	-1.3355829213655621	0.18168563543406593	all
8124	7005.5	4583.5	4344.0	-1.290797796496318	0.19677380208606063	all
15563	6785.0	4583.5	4785.0	-1.1732222872006708	0.2407066767559335	all
34508	6298.0	4584.0	11337.0	-0.5311853835585936	0.5952903206633438	all
10495	5585.0	4584.5	7185.0	-0.5333555699454475	0.593787467165257	all
15203	3021.0	4585.5	6059.0	-0.833559704791023	0.40452914036050625	all
1902047	3021.0	4585.5	6059.0	-0.833559704791023	0.40452914036050625	all
15846	2864.0	4586.0	6164.0	-1.6573419364883495	0.0974503632647361	all
45131	5016.5	4584.5	8322.0	-0.23021871264578553	0.8179218217570244	all
1560	7705.5	4583.5	2944.0	-1.6640533815618648	0.09610176210388716	all
19478	6581.0	4583.0	8995.0	-1.0410362722037683	0.2978587142218524	all
46416	5950.5	4582.5	12850.0	-1.0402863648546796	0.2982068770696418	all
9303	7682.0	4584.0	8312.0	-1.1897246398146368	0.23415463761631472	all
98781	8305.0	4583.0	9206.0	-2.3190680107914137	0.020391348949166384	all
16303	8685.0	4583.5	985.0	-2.1863445895214406	0.02879040422118875	all
35004	8685.0	4583.5	985.0	-2.1863445895214406	0.02879040422118875	all
2000232	6291.5	4584.5	5772.0	-0.9100770997294602	0.3627818506548264	all
30366	3860.5	4585.5	7738.0	-0.3859196138445565	0.6995562040321208	all
1904680	6960.5	4583.5	4434.0	-1.266802794599247	0.20522581260167005	all
15197	6960.5	4583.5	4434.0	-1.266802794599247	0.20522581260167005	all
6273	7582.0	4582.5	6064.0	-2.319739608516457	0.02035496778213785	all
33306	6608.0	4584.5	5139.0	-1.0788419464055252	0.2806581920442167	all
1903173	6608.0	4584.5	5139.0	-1.0788419464055252	0.2806581920442167	all
31640	4871.0	4584.5	15704.0	-0.5021844554219193	0.615537776346075	all
1906	4871.0	4584.5	15704.0	-0.5021844554219193	0.615537776346075	all
44364	4871.0	4584.5	15704.0	-0.5021844554219193	0.615537776346075	all
4565	5833.5	4583.5	6688.0	-0.6658613026437167	0.5054997570491945	all
31119	6366.0	4583.0	9529.0	-0.9247850448184038	0.35507773132112275	all
34635	4954.5	4584.5	8446.0	-0.19715893225426565	0.8437031670874257	all
42939	4954.5	4584.5	8446.0	-0.19715893225426565	0.8437031670874257	all
31071	6623.0	4583.5	5109.0	-1.0868402803712156	0.27710740268140777	all
30267	6781.0	4582.5	7990.0	-1.956605664028897	0.05039384858682677	all
16618	7729.5	4583.5	2896.0	-1.6768507159069692	0.09357167751665416	all
71480	5325.0	4583.0	8806.0	-1.0821813695367903	0.2791719451482805	all
71481	6776.5	4583.5	4802.0	-1.1686898979534461	0.2425285935086786	all
43564	6776.5	4583.5	4802.0	-1.1686898979534461	0.2425285935086786	all
4815	5555.0	4584.5	7245.0	-0.517358902014067	0.604905643331983	all
8442	7267.5	4583.5	9011.0	-1.7641031939760419	0.07771460683966083	all
4829	5205.5	4584.5	7944.0	-0.33099772061348315	0.7406462072926254	all
6435	5205.5	4584.5	7944.0	-0.33099772061348315	0.7406462072926254	all
18410	6676.5	4583.5	5002.0	-1.115367671515511	0.26469289720890754	all
70180	6302.0	4583.5	5751.0	-0.9156759335054434	0.35983689139238406	all
8967	2946.5	4584.5	5910.0	-0.8732847634872848	0.38250788327601637	all
3885	6027.5	4583.5	6300.0	-0.7693064219333111	0.4417114257627788	all
15812	5926.5	4584.5	6502.0	-0.7154509732309965	0.47433042493633626	all
15185	5926.5	4584.5	6502.0	-0.7154509732309965	0.47433042493633626	all
35336	7527.0	4583.5	3301.0	-1.5688732073701503	0.11667748596164364	all
80019	7527.0	4583.5	3301.0	-1.5688732073701503	0.11667748596164364	all
707	8384.5	4583.5	1586.0	-2.0261112990754455	0.042753380477970775	all
33063	7972.0	4583.0	4448.0	-2.0309132964008687	0.042263790731187315	all
33061	7972.0	4583.0	4448.0	-2.0309132964008687	0.042263790731187315	all
17118	5984.0	4583.5	6387.0	-0.7461112534328093	0.4556002118959328	all
16415	5984.0	4583.5	6387.0	-0.7461112534328093	0.4556002118959328	all
43144	5679.5	4584.5	6996.0	-0.5837450739292963	0.5593918369709432	all
16074	5679.5	4584.5	6996.0	-0.5837450739292963	0.5593918369709432	all
4112	6590.0	4583.5	5175.0	-1.069243945646697	0.2849597614504017	all
47012	3099.5	4584.5	6216.0	-0.7917017570372439	0.4285345975835244	all
19148	6148.0	4583.5	6059.0	-0.833559704791023	0.40452914036050625	all
80043	8769.5	4582.5	4325.0	-2.6476159997230337	0.008106154405904105	all
10599	3520.5	4585.5	7058.0	-0.5672151837335364	0.5705679933330083	all
16442	3520.5	4585.5	7058.0	-0.5672151837335364	0.5705679933330083	all
31332	3520.5	4585.5	7058.0	-0.5672151837335364	0.5705679933330083	all
33567	7788.0	4583.5	2779.0	-1.7080442183731614	0.0876281380043128	all
51455	6665.5	4583.5	5024.0	-1.109502226607338	0.26721358442000887	all
90172	6665.5	4583.5	5024.0	-1.109502226607338	0.26721358442000887	all
51316	6665.5	4583.5	5024.0	-1.109502226607338	0.26721358442000887	all
8608	6665.5	4583.5	5024.0	-1.109502226607338	0.26721358442000887	all
51754	6665.5	4583.5	5024.0	-1.109502226607338	0.26721358442000887	all
42597	173.5	4585.5	364.0	-2.35191010261123	0.018677288248996466	all
1901678	3235.5	4584.5	6488.0	-0.719183529081652	0.47202784648744656	all
293	6084.0	4583.5	6187.0	-0.7994334798707445	0.42403910372982156	all
9000	8735.0	4583.5	885.0	-2.2130057027404084	0.02689725248755801	all
10213	5852.0	4584.5	6651.0	-0.6757259145347346	0.49921467949714526	all
35672	4735.0	4584.5	8885.0	-0.08011664522299775	0.9361444843227155	all
47893	9112.0	4583.0	855.0	-2.8131055435836663	0.004906554366311619	all
18315	6237.0	4584.5	5881.0	-0.8810164863207854	0.3783088968139361	all
42040	6237.0	4584.5	5881.0	-0.8810164863207854	0.3783088968139361	all
715	8472.5	4583.5	1410.0	-2.0730348583408285	0.03816903558843531	all
31848	8472.5	4583.5	1410.0	-2.0730348583408285	0.03816903558843531	all
6574	8103.0	4583.0	2714.0	-2.4084032370117705	0.016022473036713714	all
10294	4911.5	4584.5	8532.0	-0.1742303748859535	0.8616844148879075	all
2215	8546.0	4583.5	1263.0	-2.1122266947727106	0.03466700990073912	all
