AL2G23770	AL1G20250	50.0000	295.8	946.2	0.0173	1.1483	66.3105	-3279.876882	
AL2G23820	AL1G20150	1.4541	134.9	426.1	0.3673	0.3427	0.9330	-1292.218600	
AL2G23830	AL1G20130	1.4243	160.0	401.0	0.3434	0.3072	0.8946	-1249.799443	
AL2G23840	AL1G20210	0.6231	296.5	921.5	0.1587	0.0907	0.5714	-2302.108616	
AL2G23930	AL1G20290	0.8070	164.7	540.3	0.1658	0.1236	0.7460	-1400.154725	
AL2G23940	AL1G20310	0.7656	210.2	608.8	0.0739	0.0605	0.8190	-1504.070748	
AL2G23960	AL1G20320	0.8323	307.7	886.3	0.1234	0.0980	0.7942	-2307.501977	
AL2G24000	AL1G20330	0.9702	435.5	1325.5	0.1685	0.1456	0.8644	-3602.024537	
AL2G24050	AL1G20370	0.7455	188.0	640.0	0.1670	0.1165	0.6977	-1614.771150	
AL2G24090	AL1G20520	0.7271	380.0	1006.0	0.0616	0.0468	0.7601	-2493.103619	
AL2G24100	AL1G20540	0.9025	211.9	580.1	0.0933	0.0835	0.8955	-1543.426443	
AL2G24140	AL1G20580	1.1762	159.6	476.4	0.2710	0.2341	0.8637	-1369.467466	
AL2G24150	AL1G20590	1.1109	158.8	474.2	0.1146	0.1260	1.0996	-1255.797860	
AL2G24250	AL1G20660	0.9078	362.9	1218.1	0.2412	0.1757	0.7285	-3267.523382	
AL2G24260	AL1G20670	0.6394	221.0	742.0	0.1274	0.0829	0.6505	-1797.644763	
AL2G24310	AL1G20690	0.9125	308.3	939.7	0.2604	0.1787	0.6865	-2564.448715	
AL2G24320	AL1G20710	1.2283	311.2	1146.8	0.2298	0.2387	1.0387	-3199.853665	
AL2G24330	AL1G20720	0.6831	356.2	1005.8	0.1381	0.0865	0.6263	-2555.652836	
AL2G24380	AL1G20760	0.6613	130.3	331.7	0.0961	0.0603	0.6278	-851.900502	
AL2G24390	AL1G20770	2.6750	247.5	778.5	0.2176	0.4774	2.1944	-2452.325708	
AL2G24460	AL1G20790	1.5271	166.0	590.0	0.1616	0.2379	1.4724	-1668.078321	
AL2G24520	AL1G20860	0.6283	134.6	315.4	0.2281	0.1041	0.4563	-861.479404	
AL2G24540	AL1G20950	1.4372	412.8	1168.2	0.1627	0.2044	1.2565	-3445.219446	
AL2G24550	AL1G20960	0.6442	144.7	344.3	0.0999	0.0586	0.5864	-875.514935	
AL2G24580	AL1G20980	0.9851	339.9	1073.1	0.1615	0.1460	0.9042	-2847.547190	
AL2G24660	AL1G21020	0.7825	221.9	582.1	0.1307	0.0920	0.7037	-1532.046036	
AL2G24690	AL1G21050	0.5937	342.0	969.0	0.0187	0.0135	0.7206	-2217.118666	
AL2G24710	AL1G21090	1.5186	172.8	487.2	0.0753	0.1200	1.5949	-1359.538908	
AL2G24770	AL1G21170	0.3388	140.0	448.0	0.0260	0.0114	0.4381	-954.453808	
AL2G24790	AL1G21180	1.5172	175.6	643.4	0.3285	0.3516	1.0704	-1874.438080	
AL2G24810	AL1G21190	2.3275	219.0	699.0	0.2517	0.4539	1.8035	-2196.951467	
AL2G24880	AL1G21260	1.0698	360.7	1100.3	0.0325	0.0427	1.3140	-2706.623760	
AL2G24890	AL1G21270	1.1663	225.8	668.2	0.2477	0.2200	0.8882	-1890.622370	
AL2G24910	AL1G21300	0.4463	347.6	1095.4	0.0191	0.0111	0.5825	-2382.895982	
AL2G24950	AL1G21330	1.6741	172.7	490.3	0.2765	0.3319	1.2001	-1529.619408	
AL2G24970	AL1G21350	0.8727	239.2	753.8	0.1032	0.0941	0.9113	-1937.070464	
AL2G24980	AL1G21370	1.5214	153.2	347.8	0.1512	0.1867	1.2349	-1046.097406	
AL2G25000	AL1G21440	1.2732	304.4	991.6	0.1828	0.2070	1.1325	-2760.040953	
AL2G25020	AL1G21510	0.8136	166.9	493.1	0.0884	0.0752	0.8503	-1246.434640	
AL2G25110	AL1G21640	1.2631	156.5	461.5	0.1998	0.2090	1.0462	-1303.913790	
AL2G25170	AL1G21660	0.4908	261.1	785.9	0.1437	0.0658	0.4579	-1876.322011	
AL2G25180	AL1G21670	0.7690	317.7	1017.3	0.1005	0.0819	0.8149	-2543.589081	
AL2G25200	AL1G21680	3.1379	110.4	279.6	0.1812	0.4590	2.5328	-945.603041	
AL2G25230	AL1G21720	0.9767	268.7	904.3	0.1990	0.1694	0.8512	-2402.718461	
AL2G25250	AL1G21780	0.8678	521.3	1749.7	0.1836	0.1432	0.7797	-4595.890506	
AL2G25260	AL1G21790	32.3522	252.6	761.4	0.0147	0.6074	41.4588	-2585.649829	
AL2G25280	AL1G21820	1.0977	369.6	1199.4	0.1935	0.1846	0.9541	-3296.270063	
AL2G25290	AL1G21970	0.8034	603.8	1754.2	0.1744	0.1211	0.6941	-4669.236108	
AL2G25310	AL1G22010	0.6444	107.2	393.8	0.2227	0.1230	0.5521	-969.891926	
AL2G25320	AL1G22020	1.2897	135.6	350.4	0.1951	0.1999	1.0244	-1055.620056	
AL2G25370	AL1G22060	1.3180	398.2	1092.8	0.0953	0.1243	1.3039	-3037.800981	
AL2G25410	AL1G22080	0.7498	166.5	535.5	0.1385	0.1010	0.7290	-1343.334712	
AL2G25450	AL1G22100	1.5361	218.6	528.4	0.1945	0.2314	1.1901	-1640.897978	
AL2G25460	AL1G22110	0.7715	291.1	800.9	0.3036	0.1596	0.5257	-2182.587519	
AL2G25470	AL1G22130	1.1592	302.6	801.4	0.2009	0.1848	0.9202	-2318.764769	
AL2G25480	AL1G22140	0.6813	210.2	653.8	0.0795	0.0595	0.7484	-1590.259578	
AL2G25500	AL1G22160	0.6199	95.5	309.5	0.0566	0.0419	0.7403	-711.394516	
AL2G25530	AL1G22250	0.7941	706.0	2342.0	0.2033	0.1387	0.6826	-6089.797476	
AL2G25540	AL1G22280	0.7682	132.0	474.0	0.1071	0.0909	0.8494	-1178.146346	
AL2G25550	AL1G22290	1.0522	158.4	450.6	0.2210	0.1830	0.8281	-1279.270776	
AL2G25560	AL1G22300	1.4193	169.1	475.9	0.1723	0.2094	1.2151	-1412.703847	
AL2G25570	AL1G22310	1.2930	340.5	1057.5	0.3024	0.2759	0.9125	-3090.386775	
AL2G25620	AL1G22330	0.7747	259.1	727.9	0.0475	0.0412	0.8678	-1768.624382	
AL2G25640	AL1G22340	0.6141	264.8	752.2	0.1227	0.0715	0.5831	-1836.834489	
AL2G25660	AL1G22420	0.6497	342.9	1007.1	0.2280	0.1164	0.5106	-2566.545642	
AL2G25730	AL1G22370	1.1761	270.2	782.8	0.1649	0.1705	1.0339	-2195.957936	
AL2G25740	AL1G22410	1.5230	175.8	412.2	0.1042	0.1421	1.3647	-1198.248049	
AL2G25780	AL1G22430	0.6669	810.6	2411.4	0.1661	0.0982	0.5914	-6117.315787	
AL2G25800	AL1G22450	1.1957	166.8	838.2	0.0969	0.1564	1.6151	-1998.513746	
AL2G25860	AL1G22520	1.1761	161.3	498.7	0.2687	0.2355	0.8762	-1420.754801	
AL2G25920	AL1G22580	0.9057	266.9	930.1	0.1917	0.1556	0.8117	-2444.574547	
AL2G25930	AL1G22590	1.1780	123.2	524.8	0.1853	0.2139	1.1539	-1362.447622	
AL2G25950	AL1G22620	0.6984	220.7	703.3	0.1236	0.0864	0.6993	-1764.455538	
AL2G25990	AL1G22640	0.9983	263.2	657.8	0.1149	0.1039	0.9048	-1812.178413	
AL2G26190	AL1G22770	1.4485	97.3	304.7	0.1417	0.1957	1.3815	-861.964747	
AL2G26210	AL1G22790	2.5049	214.2	802.8	0.4906	0.6852	1.3966	-2454.706373	
AL2G26220	AL1G22800	1.4966	874.6	3121.4	0.4194	0.3829	0.9129	-9188.301000	
AL2G26230	AL1G22810	1.8908	278.9	1017.1	0.4089	0.4807	1.1757	-3098.514395	
AL2G26230	AL1G23000	50.0000	170.7	555.3	0.0213	1.4110	66.2782	-1940.466468	
AL2G26270	AL1G22830	1.1335	477.1	1481.9	0.3537	0.2615	0.7392	-4218.460921	
AL2G26400	AL1G22960	0.6642	88.8	244.2	0.0208	0.0163	0.7849	-571.305573	
AL2G26460	AL1G23010	0.9605	459.5	1445.5	0.1609	0.1418	0.8813	-3869.697328	
AL2G26470	AL1G23020	0.7464	315.4	935.6	0.1942	0.1216	0.6261	-2418.644746	
AL2G26540	AL1G23080	1.8565	332.5	1179.5	0.2647	0.3842	1.4514	-3432.753191	
AL2G26570	AL1G23140	0.8305	254.9	732.1	0.1703	0.1226	0.7198	-1962.602412	
AL2G26590	AL1G23150	0.9033	270.6	719.4	0.1814	0.1348	0.7431	-1986.671502	
AL2G26600	AL1G23180	2.5606	120.5	407.5	0.4934	0.6915	1.4015	-1292.964012	
AL2G26700	AL1G23260	50.0000	79.7	286.3	0.0021	0.1604	75.9921	-772.920254	
AL2G22710	AL1G19310	50.0000	222.6	701.4	0.0134	0.8897	66.3654	-2432.380976	
AL2G22800	AL1G19370	0.8583	513.7	1565.3	0.1197	0.1016	0.8483	-4070.338220	
AL2G22830	AL1G19380	0.5647	334.3	916.7	0.1754	0.0834	0.4756	-2316.540265	
AL2G22940	AL1G19420	0.7557	370.4	1063.6	0.1036	0.0779	0.7516	-2705.657020	
AL2G22970	AL1G19430	1.5616	176.5	567.5	0.1354	0.2070	1.5285	-1619.797566	
AL2G22980	AL1G19460	0.7354	177.7	521.3	0.0618	0.0505	0.8162	-1267.555222	
AL2G23020	AL1G19480	2.8213	172.3	607.7	0.2880	0.6083	2.1120	-1942.998963	
AL2G23040	AL1G19500	1.1002	228.9	737.1	0.1194	0.1334	1.1177	-1948.170687	
AL2G23080	AL1G19510	1.1896	244.8	667.2	0.3806	0.2760	0.7252	-2024.794058	
AL2G23090	AL1G19520	0.7902	277.9	871.1	0.2293	0.1453	0.6337	-2298.364326	
AL2G23100	AL1G19530	0.8728	675.4	2144.6	0.2549	0.1711	0.6713	-5806.786354	
AL2G23210	AL1G19570	1.1723	444.5	1325.5	0.1424	0.1555	1.0922	-3627.899371	
AL2G23260	AL1G19600	0.6738	283.5	973.5	0.0927	0.0701	0.7553	-2320.577018	
AL2G23320	AL1G19670	1.7072	153.7	392.3	0.1049	0.1672	1.5945	-1142.457158	
AL2G23330	AL1G19690	1.2662	229.9	829.1	0.1220	0.1647	1.3503	-2227.628969	
AL2G23450	AL1G19750	1.4440	178.7	559.3	0.1307	0.1843	1.4106	-1488.577586	
AL2G23550	AL1G19800	1.2274	387.7	1169.3	0.3024	0.2599	0.8594	-3363.707974	
AL2G23570	AL1G19830	0.8269	376.9	1051.1	0.1239	0.0962	0.7762	-2772.509430	
AL2G23600	AL1G19850	0.6867	169.2	622.8	0.0451	0.0415	0.9190	-1411.303622	
AL2G23610	AL1G19860	1.2628	330.4	1091.6	0.2498	0.2479	0.9926	-3149.109846	
AL2G23620	AL1G19870	0.7850	171.0	600.0	0.0847	0.0771	0.9094	-1440.016125	
AL2G23630	AL1G19880	1.1564	405.1	1040.9	0.1662	0.1603	0.9641	-3005.719826	
AL2G23670	AL1G19910	2.1559	180.7	455.3	0.2163	0.3541	1.6373	-1490.838545	
AL2G23680	AL1G19930	1.3116	297.1	1097.9	0.1452	0.1940	1.3359	-2919.010488	
AL2G23720	AL1G19950	1.6733	152.1	633.9	0.1692	0.2860	1.6905	-1755.975888	
AL2G22300	AL1G19290	0.6636	96.4	269.6	0.1957	0.1062	0.5427	-708.187763	
AL2G22310	AL1G19280	1.2971	141.2	398.8	0.1507	0.1748	1.1601	-1163.266203	
AL2G22340	AL1G19210	0.8351	104.5	363.5	0.1070	0.0972	0.9086	-896.218084	
AL2G22370	AL1G19150	0.7848	505.2	1348.8	0.1302	0.0927	0.7124	-3541.463579	
AL2G22460	AL1G19140	0.7324	178.4	523.6	0.0969	0.0725	0.7479	-1322.775898	
AL2G22470	AL1G19110	3.1392	90.7	305.3	0.0693	0.2567	3.7055	-889.409549	
AL2G22480	AL1G19100	0.8778	171.0	438.0	0.1023	0.0845	0.8256	-1150.742327	
AL2G22500	AL1G19070	0.6147	245.0	724.0	0.1147	0.0694	0.6053	-1802.720961	
AL2G22640	AL1G18900	1.3636	219.8	743.2	0.3549	0.3212	0.9052	-2198.578809	
AL2G21140	AL1G18200	0.5795	342.0	1074.0	0.0892	0.0557	0.6248	-2569.852856	
AL2G21160	AL1G18220	1.8383	97.3	331.7	0.1829	0.3044	1.6641	-975.818165	
AL2G21210	AL1G18270	0.6652	167.7	513.3	0.1148	0.0765	0.6663	-1267.983579	
AL2G21260	AL1G18300	1.4126	166.4	574.6	0.2126	0.2571	1.2092	-1641.106724	
AL2G21300	AL1G18310	1.0763	187.1	637.9	0.1581	0.1625	1.0281	-1666.719481	
AL2G21330	AL1G18330	0.8791	647.2	1857.8	0.0884	0.0800	0.9046	-4837.485772	
AL2G21410	AL1G18340	0.7996	218.0	625.0	0.1730	0.1192	0.6889	-1660.243765	
AL2G21450	AL1G18380	1.1151	217.7	772.3	0.3662	0.2692	0.7352	-2135.457718	
AL2G21460	AL1G18390	0.3484	261.1	821.9	0.0380	0.0163	0.4303	-1779.681752	
AL2G21470	AL1G18400	1.1285	254.0	772.0	0.1342	0.1448	1.0793	-2103.249194	
AL2G21500	AL1G18420	0.6088	871.0	2642.0	0.0860	0.0558	0.6491	-6380.800180	
AL2G21540	AL1G18450	1.2390	198.1	653.9	0.2647	0.2509	0.9480	-1867.278078	
AL2G21560	AL1G18470	2.1686	299.5	957.5	0.3928	0.5283	1.3449	-3075.416240	
AL2G21570	AL1G18480	1.0338	213.8	572.2	0.2622	0.1952	0.7445	-1630.358636	
AL2G21620	AL1G18520	0.8668	119.1	381.9	0.2092	0.1522	0.7275	-1002.675672	
AL2G21630	AL1G18530	0.9700	141.4	482.6	0.3281	0.2208	0.6731	-1327.268768	
AL2G21640	AL1G18540	1.8019	361.4	1015.6	0.4313	0.4462	1.0345	-3276.075685	
AL2G21830	AL1G18670	0.9611	178.0	527.0	0.0867	0.0876	1.0096	-1339.205886	
AL2G21850	AL1G18690	0.7662	143.0	466.0	0.0191	0.0195	1.0240	-1045.238429	
AL2G21890	AL1G18710	9.2563	252.6	842.4	0.1437	1.2993	9.0416	-2924.073424	
AL2G21920	AL1G18730	2.8034	314.4	984.6	0.1718	0.4313	2.5103	-3124.181773	
AL2G21970	AL1G18740	0.9134	266.9	1047.1	0.2349	0.1832	0.7801	-2708.573443	
AL2G22020	AL1G18760	1.2142	232.0	488.0	0.0686	0.0753	1.0977	-1387.921871	
AL2G22030	AL1G18770	0.8960	555.8	1673.2	0.2476	0.1699	0.6863	-4542.447274	
AL2G22040	AL1G18780	1.3408	197.7	669.3	0.2548	0.2681	1.0522	-1914.898747	
AL2G22090	AL1G18840	0.9036	240.1	728.9	0.0735	0.0730	0.9940	-1851.861245	
AL5G24790	AL4G25380	1.1470	423.6	1097.4	0.0437	0.0538	1.2335	-2831.471219	
AL5G24900	AL4G25430	1.3173	203.7	516.3	0.0998	0.1236	1.2387	-1447.459264	
AL5G25040	AL4G25630	1.1227	339.8	1076.2	0.1076	0.1252	1.1630	-2860.165271	
AL5G25070	AL4G25640	2.1982	308.6	1107.4	0.3154	0.4974	1.5772	-3386.491171	
AL5G25080	AL4G25660	1.2290	216.5	707.5	0.2552	0.2433	0.9533	-2025.911096	
AL5G25120	AL4G25690	0.7159	505.2	1525.8	0.1823	0.1128	0.6187	-3860.416048	
AL5G25130	AL4G25700	0.9983	197.7	486.3	0.1793	0.1433	0.7990	-1391.345987	
AL5G25160	AL4G25740	0.9598	500.3	1737.7	0.2751	0.2013	0.7319	-4636.610701	
AL5G25190	AL4G25790	0.9355	518.3	1455.7	0.0667	0.0667	1.0002	-3779.316672	
AL5G25250	AL4G25830	0.8447	455.4	1275.6	0.2029	0.1385	0.6825	-3478.366980	
AL5G25280	AL4G25850	1.1695	94.9	259.1	0.1109	0.1237	1.1159	-695.080116	
AL5G25340	AL4G25890	1.3218	228.9	587.1	0.0975	0.1225	1.2567	-1652.693282	
AL5G25410	AL4G25940	1.6461	119.0	343.0	0.0251	0.0499	1.9859	-813.814774	
AL5G25430	AL4G25960	0.5349	596.7	1560.3	0.0510	0.0290	0.5686	-3728.928759	
AL5G25440	AL4G25950	50.0000	165.3	491.7	0.0107	0.6871	64.1933	-1667.188422	
AL5G25540	AL4G26130	2.9420	105.7	305.3	0.1353	0.3709	2.7414	-960.970668	
AL5G25610	AL4G26190	0.7750	193.1	544.9	0.0931	0.0728	0.7818	-1396.027404	
AL5G25760	AL4G26340	1.6901	114.5	371.5	0.5753	0.4799	0.8342	-1135.923620	
AL5G25770	AL4G26400	0.5358	226.9	640.1	0.1321	0.0657	0.4972	-1565.651577	
AL5G25780	AL4G26430	1.5347	140.9	444.1	0.1140	0.1781	1.5624	-1230.577414	
AL5G25890	AL4G26490	2.1094	224.7	606.3	0.3785	0.4869	1.2863	-2025.598487	
AL5G25940	AL4G26500	2.6440	162.1	608.9	0.4207	0.6835	1.6247	-1928.268499	
AL5G25950	AL4G26510	0.8687	364.1	934.9	0.1016	0.0832	0.8193	-2450.465872	
AL5G25980	AL4G26520	0.6240	142.1	427.9	0.1053	0.0667	0.6334	-1053.402352	
AL5G26040	AL4G26640	1.1513	304.9	964.1	0.1237	0.1420	1.1483	-2613.139395	
AL5G26090	AL4G26770	1.1351	162.3	419.7	0.1046	0.1117	1.0680	-1154.779256	
AL5G26150	AL4G26810	2.2657	361.6	1279.4	0.1400	0.3209	2.2920	-3789.305831	
AL5G26200	AL4G26880	0.9340	278.4	831.6	0.1858	0.1483	0.7984	-2242.771811	
AL5G26230	AL4G26990	1.0673	233.5	744.5	0.2679	0.2153	0.8037	-2098.754003	
AL5G26250	AL4G27050	1.9113	277.9	850.1	0.4044	0.4675	1.1559	-2722.337665	
AL5G26280	AL4G27130	1.9544	88.0	290.0	0.0935	0.2000	2.1395	-815.088342	
AL5G26340	AL4G27150	1.0062	166.1	556.9	0.1056	0.1139	1.0781	-1433.337795	
AL5G26430	AL4G27270	0.9205	111.0	348.0	0.1781	0.1450	0.8142	-912.514534	
AL5G26450	AL4G27280	0.8785	206.6	660.4	0.1005	0.0935	0.9302	-1632.307393	
AL5G26460	AL4G27290	1.0810	372.0	915.0	0.1448	0.1331	0.9192	-2597.788784	
AL5G26480	AL4G27310	0.7346	98.0	358.0	0.2288	0.1420	0.6206	-898.893449	
AL5G26490	AL4G27320	4.5859	130.1	388.9	0.1441	0.6140	4.2620	-1300.721101	
AL5G26530	AL4G27370	1.1776	303.4	935.6	0.3041	0.2516	0.8273	-2686.375316	
AL5G26550	AL4G27470	2.4935	196.0	602.0	0.3230	0.5488	1.6988	-1992.639908	
AL5G26590	AL4G27410	1.3385	336.2	1100.8	0.2836	0.2804	0.9888	-3208.705764	
AL5G26660	AL4G27630	2.0945	180.0	525.0	0.3600	0.4802	1.3339	-1721.493937	
AL5G26670	AL4G27640	1.7613	183.1	605.9	0.2967	0.3788	1.2766	-1832.579590	
AL5G26700	AL4G27720	0.7380	278.5	843.5	0.1065	0.0798	0.7493	-2119.439543	
AL5G26720	AL4G27740	0.7345	259.2	871.8	0.1199	0.0913	0.7612	-2175.214064	
AL5G26750	AL4G27750	0.7732	366.0	1080.0	0.2402	0.1431	0.5959	-2835.145269	
AL5G26890	AL4G27780	1.2036	401.2	1110.8	0.2067	0.1988	0.9616	-3245.301291	
AL5G26910	AL4G27820	1.1601	301.4	715.6	0.1682	0.1569	0.9325	-2094.038699	
AL5G26960	AL4G27890	1.1832	385.4	1270.6	0.2890	0.2508	0.8678	-3607.822982	
AL5G27310	AL4G28160	0.6469	431.8	1410.2	0.0662	0.0501	0.7565	-3308.244133	
AL5G27330	AL4G28200	1.1014	150.3	464.7	0.2673	0.2199	0.8224	-1311.791618	
AL5G27410	AL4G28270	0.8065	106.8	382.2	0.1745	0.1323	0.7579	-946.168973	
AL5G27450	AL4G28290	1.4535	171.1	533.9	0.2529	0.2822	1.1158	-1596.832036	
AL5G27470	AL4G28300	1.0760	159.8	434.2	0.1730	0.1569	0.9069	-1214.608456	
AL5G27040	AL4G28110	0.6240	249.5	608.5	0.2512	0.1114	0.4435	-1649.562081	
AL5G27050	AL4G28100	0.6877	293.1	912.9	0.1130	0.0788	0.6976	-2278.866454	
AL5G27060	AL4G28090	0.4930	166.2	622.8	0.0254	0.0181	0.7124	-1324.814277	
AL5G27080	AL4G28080	1.3195	172.2	487.8	0.1902	0.2084	1.0957	-1445.158740	
AL5G27100	AL4G28050	5.5871	83.7	285.3	0.0448	0.3193	7.1203	-824.384765	
AL5G27150	AL4G28030	0.9287	153.8	566.2	0.1888	0.1614	0.8550	-1473.247908	
AL5G27160	AL4G28020	0.9405	233.6	873.4	0.1428	0.1383	0.9685	-2212.959893	
AL5G27190	AL4G27980	1.8298	200.0	493.0	0.2371	0.3162	1.3337	-1579.114141	
AL5G27240	AL4G27930	1.2216	199.4	586.6	0.1844	0.1919	1.0406	-1675.332095	
AL5G27980	AL4G28970	0.9711	122.2	384.8	0.0403	0.0480	1.1922	-926.126505	
AL5G27990	AL4G28980	0.9921	214.3	574.7	0.0801	0.0803	1.0024	-1523.368735	
AL5G28010	AL4G28990	0.9945	271.9	859.1	0.2372	0.1870	0.7882	-2355.779973	
AL5G28030	AL4G29000	0.8446	176.3	597.7	0.0611	0.0626	1.0239	-1426.104466	
AL5G28040	AL4G29010	1.5367	201.1	608.9	0.2111	0.2657	1.2585	-1784.236782	
AL5G28050	AL4G29020	0.7530	202.9	616.1	0.1303	0.0946	0.7259	-1550.201823	
AL5G27360	AL4G28250	4.8646	226.2	688.8	0.1284	0.6053	4.7153	-2310.597739	
AL5G27480	AL4G28360	0.6782	129.4	347.6	0.1562	0.0917	0.5871	-908.114966	
AL5G27510	AL4G28370	1.0953	373.1	1018.9	0.0777	0.0873	1.1238	-2732.375096	
AL5G27590	AL4G28470	0.8630	315.1	977.9	0.1943	0.1431	0.7364	-2608.399931	
AL5G27610	AL4G28530	0.5514	333.5	938.5	0.0848	0.0480	0.5661	-2284.926654	
AL5G27770	AL4G28610	0.5873	736.2	1939.8	0.0994	0.0561	0.5639	-4827.765726	
AL5G27790	AL4G28630	0.6994	244.0	725.0	0.1406	0.0918	0.6530	-1845.887078	
AL5G27810	AL4G28660	1.0426	323.1	1029.9	0.1683	0.1594	0.9471	-2782.776208	
AL5G24580	AL4G25240	2.2869	148.9	517.1	0.5151	0.6297	1.2225	-1584.904022	
AL5G24640	AL4G25230	1.7640	151.4	511.6	0.3446	0.4100	1.1897	-1555.217957	
AL5G24660	AL4G25210	1.6807	228.0	849.0	0.3267	0.3900	1.1939	-2453.558712	
AL5G28640	AL4G29620	1.5474	469.9	1651.1	0.2476	0.3083	1.2451	-4641.114336	
AL5G28650	AL4G29630	0.9009	203.8	612.2	0.1716	0.1361	0.7934	-1635.643014	
AL5G28740	AL4G29690	50.0000	126.8	422.2	0.0070	0.4932	70.5310	-1361.302370	
AL5G28750	AL4G29750	3.2237	194.8	558.2	0.4620	0.8258	1.7876	-1876.659189	
AL5G29090	AL4G29860	0.3447	197.3	711.7	0.0140	0.0071	0.5039	-1475.843208	
AL5G29100	AL4G29880	0.5098	335.7	909.3	0.1231	0.0582	0.4726	-2238.482589	
AL5G29200	AL4G29960	0.8719	362.3	1014.7	0.1902	0.1371	0.7207	-2766.809326	
AL5G29220	AL4G30020	2.3535	264.3	863.7	0.4908	0.6311	1.2858	-2842.702739	
AL5G29240	AL4G30030	0.9237	151.7	538.3	0.1452	0.1342	0.9241	-1353.216695	
AL5G29250	AL4G30050	0.9267	164.8	507.2	0.1297	0.1168	0.9003	-1345.289803	
AL5G29290	AL4G30140	0.3392	140.4	405.6	0.0118	0.0050	0.4251	-874.269173	
AL5G29330	AL4G30180	0.7769	357.7	1076.3	0.1774	0.1201	0.6768	-2818.150526	
AL5G29380	AL4G30210	0.5932	141.5	488.5	0.0958	0.0634	0.6615	-1160.060513	
AL5G28290	AL4G29510	1.6692	92.6	291.4	0.3156	0.3654	1.1575	-873.963513	
AL5G28320	AL4G29490	1.3683	205.5	640.5	0.3568	0.3172	0.8890	-1936.679668	
AL5G28350	AL4G29480	1.3225	323.1	924.9	0.3105	0.2799	0.9015	-2826.520586	
AL5G28370	AL4G29450	0.9221	183.1	551.9	0.2918	0.1916	0.6565	-1530.671221	
AL5G28400	AL4G29420	0.6915	456.4	1223.6	0.2037	0.1118	0.5487	-3228.985626	
AL5G28420	AL4G29390	1.6483	182.1	552.9	0.2592	0.3217	1.2411	-1701.137820	
AL5G28500	AL4G29330	2.0550	98.1	312.9	0.1818	0.3302	1.8159	-940.577766	
AL5G28530	AL4G29260	1.0183	161.7	528.3	0.3917	0.2489	0.6354	-1468.845983	
AL5G28550	AL4G29220	1.2298	142.1	427.9	0.2327	0.2250	0.9669	-1243.578879	
AL5G28560	AL4G29160	0.8956	174.7	551.3	0.0596	0.0622	1.0443	-1370.883841	
AL5G28570	AL4G29140	0.9332	767.3	2628.7	0.2736	0.1945	0.7106	-7079.112943	
AL5G28590	AL4G29110	1.4266	89.6	345.4	0.2528	0.2956	1.1692	-962.950687	
AL5G29540	AL4G30500	1.4198	200.4	504.6	0.1230	0.1563	1.2711	-1474.093413	
AL5G29630	AL4G30420	0.7919	374.3	1041.7	0.0888	0.0711	0.8006	-2669.119053	
AL5G29640	AL4G30410	1.4131	222.5	668.5	0.2051	0.2394	1.1669	-1970.117608	
AL5G29660	AL4G30380	0.9543	300.9	920.1	0.1739	0.1465	0.8427	-2507.423238	
AL6G13810	AL3G00080	0.7039	422.3	1185.7	0.1626	0.0997	0.6134	-3100.160979	
AL6G13880	AL3G00190	0.8730	427.6	1075.4	0.0836	0.0707	0.8451	-2835.813496	
AL6G13950	AL3G00230	0.7845	320.1	948.9	0.1676	0.1161	0.6926	-2519.271216	
AL6G13990	AL3G00280	50.0000	309.5	926.5	0.0216	1.3494	62.5201	-3319.201677	
AL6G14060	AL3G00350	1.1476	271.5	832.5	0.1922	0.1881	0.9787	-2308.491286	
AL6G14150	AL3G00420	0.8727	210.2	671.8	0.0601	0.0615	1.0238	-1671.536293	
AL6G14200	AL3G00460	0.9499	292.8	919.2	0.1778	0.1496	0.8411	-2504.991798	
AL6G14260	AL3G00470	0.8754	274.7	811.3	0.1123	0.0973	0.8664	-2122.955016	
AL6G14270	AL3G00490	0.9187	278.4	873.6	0.1073	0.1017	0.9481	-2256.670664	
AL6G14290	AL3G00520	1.1829	216.4	686.6	0.2684	0.2385	0.8887	-1966.179044	
AL6G14300	AL3G00530	0.6566	191.6	606.4	0.1100	0.0744	0.6762	-1493.231922	
AL6G14340	AL3G00560	1.3216	263.0	721.0	0.2724	0.2570	0.9434	-2143.013433	
AL6G14400	AL3G00580	0.7495	309.5	935.5	0.1143	0.0854	0.7469	-2382.267077	
AL6G14470	AL3G00600	0.8229	130.8	394.2	0.1349	0.1056	0.7826	-1023.572568	
AL6G14480	AL3G00610	1.2665	136.0	392.0	0.1372	0.1612	1.1747	-1100.583931	
AL6G14520	AL3G00620	2.7984	84.3	260.7	0.2250	0.5064	2.2508	-854.315080	
AL6G14530	AL3G00630	0.6938	207.8	557.2	0.1392	0.0863	0.6200	-1435.678516	
AL6G14830	AL3G00760	0.7875	70.9	253.1	0.1018	0.0895	0.8796	-602.811197	
AL6G14890	AL3G00790	0.5222	769.7	2365.3	0.0910	0.0504	0.5540	-5583.925155	
AL6G14900	AL3G00800	1.3265	246.0	870.0	0.1777	0.2189	1.2318	-2418.154749	
AL6G14910	AL3G00820	1.1232	203.4	624.6	0.1882	0.1818	0.9661	-1725.582217	
AL6G14930	AL3G00830	1.1595	283.7	916.3	0.0720	0.0955	1.3264	-2371.441227	
AL6G14960	AL3G00840	1.0943	236.0	718.0	0.2353	0.2022	0.8594	-1993.002226	
AL6G14970	AL3G00880	1.0179	118.2	523.8	0.1562	0.1701	1.0891	-1308.471390	
AL6G15000	AL3G00910	1.1688	239.2	687.8	0.1810	0.1798	0.9930	-1963.199330	
AL6G15090	AL3G00950	1.1674	115.9	415.1	0.1129	0.1433	1.2696	-1106.207709	
AL6G15160	AL3G00980	1.4668	174.0	603.0	0.2487	0.2917	1.1726	-1758.442271	
AL6G15200	AL3G01040	1.2685	125.5	348.5	0.2039	0.2079	1.0198	-1007.490084	
AL6G15290	AL3G01080	0.4912	365.5	1107.5	0.0662	0.0364	0.5496	-2568.617122	
AL6G15310	AL3G01110	0.6431	355.8	1084.2	0.0248	0.0200	0.8066	-2451.563274	
AL6G15350	AL3G01140	0.8458	419.0	1162.0	0.1426	0.1087	0.7623	-3107.497535	
AL6G15400	AL3G01240	0.9587	215.4	735.6	0.2290	0.1813	0.7917	-1960.567637	
AL6G15410	AL3G01250	1.0670	674.5	1896.5	0.2693	0.2078	0.7715	-5458.980408	
AL6G15460	AL3G01280	0.6588	341.5	897.5	0.2119	0.1084	0.5117	-2325.333965	
AL6G15470	AL3G01290	8.7204	316.4	940.6	0.0220	0.2389	10.8372	-2791.188799	
AL6G15490	AL3G01310	0.5073	198.1	818.9	0.0270	0.0211	0.7810	-1719.430304	
AL6G15570	AL3G01350	0.6221	330.5	1022.5	0.1090	0.0692	0.6349	-2495.853715	
AL6G15620	AL3G01400	0.6122	128.2	405.8	0.1708	0.0942	0.5516	-1001.089037	
AL6G15630	AL3G01420	0.5819	152.2	477.8	0.1395	0.0779	0.5582	-1157.746675	
AL6G15650	AL3G01440	0.6765	422.5	1305.5	0.1409	0.0905	0.6425	-3261.800953	
AL6G15660	AL3G01460	1.5943	139.2	454.8	0.3229	0.3564	1.1036	-1352.734272	
AL6G15680	AL3G01500	0.8012	229.5	667.5	0.3342	0.1769	0.5293	-1843.292484	
AL6G15700	AL3G01520	0.8869	322.7	898.3	0.1406	0.1130	0.8039	-2431.985327	
AL6G15740	AL3G01560	50.0000	101.0	235.0	0.0339	1.7438	51.3664	-885.373138	
AL6G15780	AL3G01580	0.6518	265.7	784.3	0.1417	0.0858	0.6054	-1967.667986	
AL6G15800	AL3G01600	0.9321	201.7	716.3	0.1045	0.1077	1.0313	-1827.317827	
AL6G15820	AL3G01620	0.8712	93.9	437.1	0.1189	0.1257	1.0570	-979.268324	
AL6G15880	AL3G01670	1.0830	194.1	642.9	0.2624	0.2186	0.8329	-1775.018326	
AL6G15890	AL3G01680	0.6024	310.9	865.1	0.1221	0.0692	0.5670	-2153.322343	
AL6G15900	AL3G01690	0.7398	182.1	579.9	0.0606	0.0524	0.8649	-1364.971625	
AL6G15920	AL3G01700	0.4260	85.7	259.3	0.0220	0.0118	0.5361	-562.933497	
AL6G15960	AL3G01730	1.0298	97.0	326.0	0.1571	0.1539	0.9799	-874.132979	
AL6G15990	AL3G01750	0.6220	141.6	428.4	0.0851	0.0565	0.6638	-1018.841336	
AL6G16100	AL3G01810	0.8157	300.7	863.3	0.1462	0.1084	0.7414	-2286.073826	
AL6G16200	AL3G01890	1.2098	156.1	500.9	0.2844	0.2524	0.8875	-1439.096432	
AL6G16270	AL3G01920	0.8139	132.7	389.3	0.1164	0.0926	0.7954	-1015.695971	
AL6G16290	AL3G01830	23.9167	316.1	1060.9	0.0426	1.2943	30.3853	-3630.492471	
AL6G16310	AL3G01960	0.5633	136.3	361.7	0.0266	0.0171	0.6407	-845.097313	
AL6G16350	AL3G01990	0.9181	141.0	384.0	0.1353	0.1127	0.8326	-1030.308676	
AL6G16370	AL3G02000	1.2056	226.2	757.8	0.2499	0.2378	0.9515	-2137.686274	
AL6G16410	AL3G02020	1.3765	173.3	606.7	0.2282	0.2620	1.1482	-1743.602086	
AL6G16590	AL3G02150	1.2683	372.2	1130.8	0.1439	0.1710	1.1878	-2958.266561	
AL6G16630	AL3G02160	1.7151	139.5	616.5	0.2799	0.3877	1.3851	-1758.362100	
AL6G16650	AL3G02170	0.8151	146.0	532.0	0.0693	0.0699	1.0074	-1229.827774	
AL6G16660	AL3G02200	1.1974	94.1	322.9	0.2074	0.2143	1.0334	-910.968497	
AL6G16690	AL3G02210	0.8565	104.7	375.3	0.1506	0.1280	0.8500	-955.921356	
AL6G16730	AL3G02270	0.7056	120.6	323.4	0.2244	0.1213	0.5406	-847.947374	
AL6G16740	AL3G02280	0.8996	248.2	819.8	0.1221	0.1123	0.9196	-2103.125493	
AL6G16760	AL3G02290	0.7654	555.5	1640.5	0.0319	0.0294	0.9218	-3927.970944	
AL6G16780	AL3G02300	0.6335	479.6	1356.4	0.1480	0.0843	0.5698	-3422.320681	
AL6G16820	AL3G02380	1.0061	273.8	752.2	0.1792	0.1509	0.8422	-2094.967443	
AL6G16860	AL3G02390	0.6698	385.5	958.5	0.2178	0.1100	0.5050	-2584.490221	
AL6G16870	AL3G02410	0.6426	842.6	2385.4	0.1183	0.0727	0.6147	-5960.334116	
AL6G16920	AL3G02420	0.5321	134.6	408.4	0.0304	0.0199	0.6553	-923.936713	
AL6G17010	AL3G02430	2.2032	341.4	1125.6	0.4297	0.5611	1.3058	-3480.590774	
AL6G17080	AL3G02480	1.0868	157.3	475.7	0.1834	0.1720	0.9376	-1303.101119	
AL6G17190	AL3G02540	0.5154	358.8	1048.2	0.0692	0.0388	0.5604	-2454.889619	
AL6G17220	AL3G02570	1.0956	130.5	358.5	0.1095	0.1152	1.0520	-983.065343	
AL6G17260	AL3G02590	1.0464	120.4	392.6	0.0507	0.0647	1.2753	-972.335781	
AL6G17310	AL3G02640	0.7191	216.1	695.9	0.1375	0.0964	0.7012	-1734.873741	
AL6G17380	AL3G02810	1.1865	352.3	940.7	0.2268	0.2050	0.9040	-2781.176103	
AL6G17400	AL3G02830	1.0595	100.9	274.1	0.1256	0.1229	0.9787	-729.859072	
AL6G17430	AL3G02850	1.5003	290.0	763.0	0.2346	0.2634	1.1229	-2361.128565	
AL6G17440	AL3G02860	0.8806	173.6	555.4	0.1259	0.1107	0.8786	-1399.971660	
AL6G17470	AL3G02890	1.5659	310.6	976.4	0.2964	0.3318	1.1195	-2899.676051	
AL6G17490	AL3G02980	1.4219	111.1	380.9	0.2338	0.2724	1.1649	-1085.696505	
AL6G17590	AL3G03060	1.2178	415.8	1015.2	0.1586	0.1597	1.0072	-2942.398998	
AL6G17660	AL3G03080	5.0660	341.6	1089.4	0.0434	0.2696	6.2149	-3185.777272	
AL6G17740	AL3G03100	1.1162	190.2	556.8	0.2230	0.1972	0.8842	-1597.491690	
AL6G17750	AL3G03110	1.5275	167.9	450.1	0.2379	0.2722	1.1444	-1403.932869	
AL6G17760	AL3G03150	1.8996	348.5	947.5	0.2908	0.3824	1.3151	-3066.148435	
AL6G17860	AL3G03260	0.4680	584.1	1707.9	0.0675	0.0345	0.5113	-3940.960633	
AL6G17940	AL3G03130	50.0000	602.8	1575.2	0.0077	0.4525	59.0386	-5367.571813	
AL6G18130	AL3G03380	0.8566	237.2	620.8	0.3030	0.1745	0.5761	-1767.602191	
AL6G18140	AL3G03390	1.0318	172.1	559.9	0.2473	0.2005	0.8106	-1540.280128	
AL6G18180	AL3G03430	0.6774	318.4	899.6	0.0612	0.0450	0.7365	-2188.502985	
AL6G18200	AL3G03450	1.1804	208.1	646.9	0.2304	0.2170	0.9418	-1835.220743	
AL6G18220	AL3G03510	0.4913	143.5	390.5	0.0485	0.0261	0.5383	-895.081622	
AL6G18230	AL3G03530	1.9477	228.0	522.0	0.1594	0.2495	1.5646	-1663.714090	
AL6G18240	AL3G03560	1.1812	107.6	300.4	0.0926	0.1098	1.1865	-808.387400	
AL6G18260	AL3G03580	0.6571	170.6	516.4	0.1710	0.0994	0.5812	-1300.238831	
AL6G18300	AL3G03610	1.6205	179.2	609.8	0.3051	0.3561	1.1668	-1851.834926	
AL6G18310	AL3G03630	0.6515	368.7	1044.3	0.0943	0.0619	0.6569	-2605.655755	
AL6G18320	AL3G03640	1.1497	204.4	470.6	0.2120	0.1803	0.8503	-1392.183614	
AL6G18420	AL3G03680	20.6876	261.6	986.4	0.0380	1.0936	28.7785	-3267.620292	
AL6G18470	AL3G03850	1.8570	234.8	701.2	0.1155	0.2118	1.8346	-2082.278550	
AL6G18500	AL3G03860	13.8560	224.1	672.9	0.0252	0.4333	17.1856	-2164.851507	
AL6G18540	AL3G03930	0.9319	389.8	1152.2	0.1339	0.1179	0.8805	-3072.050644	
AL3G13040	AL1G50970	6.9183	235.2	652.8	0.3645	1.5775	4.3281	-2401.143291	
AL3G13170	AL1G50800	11.0553	94.0	398.0	0.0750	1.0977	14.6365	-1283.182340	
AL3G13180	AL1G51110	0.5835	243.2	776.8	0.1345	0.0768	0.5705	-1907.660583	
AL3G13230	AL1G51070	0.4051	329.4	864.6	0.0666	0.0278	0.4166	-2016.516420	
AL3G13290	AL1G50960	0.9020	300.9	1019.1	0.0874	0.0890	1.0178	-2545.262621	
AL3G13310	AL1G50950	50.0000	105.7	338.3	0.0082	0.5569	68.2082	-1096.812386	
AL3G13350	AL1G50900	0.7748	539.2	1860.8	0.0466	0.0462	0.9902	-4309.398576	
AL3G13410	AL1G50840	1.5905	319.0	773.0	0.1748	0.2228	1.2748	-2415.348872	
AL3G13430	AL1G50810	0.9523	719.2	2292.8	0.3398	0.2168	0.6382	-6364.459210	
AL3G13530	AL1G50650	0.7670	262.6	880.4	0.0707	0.0636	0.8995	-2058.268358	
AL3G13570	AL1G50630	1.2967	231.1	662.9	0.1161	0.1456	1.2543	-1857.218774	
AL3G13610	AL1G50590	15.3238	259.7	805.3	0.0577	1.0248	17.7692	-2782.086611	
AL3G13710	AL1G50490	10.0699	268.0	977.0	0.1525	1.5280	10.0214	-3307.663071	
AL3G13790	AL1G50430	0.9171	149.7	441.3	0.0804	0.0784	0.9754	-1121.366737	
AL3G13840	AL1G50320	0.6803	337.8	814.2	0.1120	0.0682	0.6089	-2133.205050	
AL3G13860	AL1G50300	0.6374	282.6	1037.4	0.0525	0.0437	0.8319	-2362.031322	
AL3G13900	AL1G50240	1.0499	345.4	965.6	0.1450	0.1370	0.9451	-2693.577493	
AL3G13910	AL1G50180	2.3197	338.1	1209.9	0.0493	0.1484	3.0091	-3240.570688	
AL3G13930	AL1G50140	0.3991	130.6	358.4	0.1258	0.0466	0.3702	-849.428112	
AL3G13940	AL1G50110	0.9665	173.9	486.1	0.2860	0.1943	0.6796	-1391.936738	
AL3G13950	AL1G50100	1.3449	144.8	539.2	0.2081	0.2483	1.1932	-1491.627527	
AL3G14000	AL1G50090	0.8901	148.9	451.1	0.0270	0.0298	1.1054	-1067.528128	
AL3G14010	AL1G50080	0.6712	277.3	778.7	0.0796	0.0554	0.6964	-1934.461380	
AL3G14020	AL1G50070	0.9443	296.2	1044.8	0.2237	0.1782	0.7965	-2732.065336	
AL3G14050	AL1G49960	0.5521	242.8	825.2	0.0500	0.0346	0.6918	-1874.652265	
AL3G14110	AL1G49910	0.8957	204.4	482.6	0.2898	0.1727	0.5958	-1403.699433	
AL3G14180	AL1G49800	1.7992	120.8	386.2	0.1287	0.2296	1.7835	-1134.890681	
AL3G14300	AL1G49770	2.2721	307.3	991.7	0.1614	0.3397	2.1054	-3023.698140	
AL3G14320	AL1G49760	1.3922	146.7	396.3	0.1389	0.1735	1.2493	-1146.217737	
AL3G14340	AL1G49660	0.9272	135.5	407.5	0.1627	0.1353	0.8317	-1084.982108	
AL3G14370	AL1G49650	0.6894	445.8	1294.2	0.0868	0.0622	0.7163	-3209.564484	
AL3G14420	AL1G49640	1.2322	400.9	1213.1	0.2001	0.2061	1.0300	-3476.263973	
AL3G14490	AL1G49630	1.4634	231.3	872.7	0.2899	0.3223	1.1121	-2517.806013	
AL3G14620	AL1G49540	0.6151	911.4	2604.6	0.0741	0.0484	0.6528	-6331.848890	
AL3G14640	AL1G49530	0.4868	311.7	852.3	0.0208	0.0119	0.5733	-1941.069423	
AL3G14650	AL1G49440	0.6656	347.9	927.1	0.1666	0.0938	0.5631	-2413.670351	
AL3G14750	AL1G49390	0.7007	234.2	680.8	0.1595	0.0994	0.6234	-1748.982208	
AL3G14760	AL1G49380	1.1129	396.6	1244.4	0.2975	0.2362	0.7938	-3522.462197	
AL3G14800	AL1G49340	0.6894	402.2	1208.8	0.1114	0.0768	0.6896	-3011.566702	
AL3G14840	AL1G49320	0.7352	454.4	1297.6	0.1446	0.0967	0.6688	-3359.053671	
AL3G14870	AL1G49280	1.0965	393.8	1238.2	0.1362	0.1445	1.0604	-3353.415331	
AL3G14880	AL1G49270	0.5214	295.0	917.0	0.1705	0.0796	0.4667	-2215.931940	
AL3G15010	AL1G49200	3.6919	212.1	678.9	0.1984	0.6273	3.1622	-2252.895608	
AL3G15040	AL1G49130	4.5183	227.3	753.7	0.0940	0.4658	4.9561	-2394.260565	
AL3G15050	AL1G49120	1.1740	228.1	773.9	0.1959	0.2023	1.0327	-2139.679404	
AL3G15080	AL1G49080	1.2649	129.2	437.8	0.2620	0.2568	0.9803	-1228.178227	
AL3G15130	AL1G49060	0.5237	158.9	483.1	0.0123	0.0084	0.6800	-1061.536499	
AL3G15150	AL1G49040	3.8045	273.0	795.0	0.1270	0.4600	3.6221	-2609.433226	
AL3G15210	AL1G48920	1.0421	338.1	978.9	0.1792	0.1596	0.8910	-2728.778609	
AL3G15240	AL1G48880	1.2264	296.9	912.1	0.1432	0.1656	1.1561	-2581.706098	
AL3G15290	AL1G48850	0.7391	260.4	696.6	0.1272	0.0859	0.6756	-1799.935774	
AL3G15330	AL1G48840	1.1128	172.7	565.3	0.2148	0.1999	0.9306	-1576.049150	
AL3G15420	AL1G48740	0.9933	408.2	1385.8	0.1965	0.1715	0.8729	-3681.374925	
AL3G15500	AL1G48630	0.5383	211.8	763.2	0.0227	0.0173	0.7635	-1640.003732	
AL3G15510	AL1G48750	50.0000	327.8	1160.2	0.0109	0.7938	72.8505	-3818.027817	
AL3G15570	AL1G48620	0.7616	463.4	1525.6	0.0485	0.0456	0.9398	-3613.287004	
AL3G15580	AL1G48600	1.2310	558.8	1736.2	0.1714	0.1885	1.0997	-4838.067986	
AL3G15600	AL1G48580	0.8580	345.4	1064.6	0.1926	0.1411	0.7327	-2840.126019	
AL3G15610	AL1G48560	1.9798	311.5	1002.5	0.2150	0.3538	1.6452	-3078.530524	
AL3G15640	AL1G48520	0.8345	294.8	974.2	0.1567	0.1236	0.7888	-2507.967553	
AL3G15710	AL1G48400	0.6356	682.1	2005.9	0.0504	0.0366	0.7272	-4765.512237	
AL3G15720	AL1G48390	1.2798	299.7	1062.3	0.3026	0.2831	0.9354	-3001.340370	
AL3G15750	AL1G48380	0.6505	227.9	636.1	0.1124	0.0704	0.6257	-1622.180723	
AL3G15780	AL1G48360	0.7359	316.1	814.9	0.1779	0.1070	0.6018	-2182.019137	
AL3G15790	AL1G48340	1.0474	150.8	461.2	0.1387	0.1380	0.9949	-1259.436265	
AL3G15800	AL1G48320	0.7952	241.9	838.1	0.1238	0.1025	0.8283	-2089.507854	
AL3G15810	AL1G48310	0.7067	284.2	723.8	0.0809	0.0560	0.6929	-1848.413758	
AL3G15820	AL1G48300	1.1136	216.5	626.5	0.2485	0.2089	0.8409	-1803.801520	
AL3G15910	AL1G48260	1.3814	196.0	665.0	0.3836	0.3371	0.8789	-1946.523998	
AL3G16020	AL1G48220	3.2459	126.2	395.8	0.2702	0.6545	2.4222	-1309.841946	
AL3G16040	AL1G48210	0.6972	184.3	601.7	0.1183	0.0846	0.7148	-1489.453522	
AL3G16160	AL1G48170	1.4009	279.4	974.6	0.4408	0.3641	0.8259	-2813.525985	
AL3G16170	AL1G48160	1.0690	303.4	887.6	0.1546	0.1489	0.9632	-2456.581951	
AL3G16180	AL1G48150	0.7371	307.2	868.8	0.0905	0.0678	0.7490	-2182.476229	
AL3G16190	AL1G48120	1.9225	170.7	534.3	0.2744	0.3907	1.4239	-1657.354152	
AL3G16250	AL1G48060	1.5963	167.5	534.5	0.2816	0.3307	1.1745	-1619.710331	
AL3G16390	AL1G47980	0.8382	162.5	581.5	0.0876	0.0853	0.9740	-1427.133285	
AL3G16400	AL1G47960	0.6228	212.3	729.7	0.0574	0.0441	0.7696	-1656.004512	
AL3G16420	AL1G47940	0.9102	132.7	383.3	0.0758	0.0734	0.9680	-978.479145	
AL3G16450	AL1G47890	50.0000	174.0	588.0	0.0080	0.5721	71.0693	-1917.146927	
AL3G16510	AL1G47850	1.5763	106.4	379.6	0.2085	0.2870	1.3764	-1076.129339	
AL3G16540	AL1G47800	1.7019	270.4	785.6	0.2882	0.3475	1.2058	-2452.059630	
AL3G16590	AL1G47760	0.5805	243.1	746.9	0.0688	0.0448	0.6505	-1761.887542	
AL3G16630	AL1G47720	0.7528	143.9	354.1	0.1419	0.0913	0.6436	-943.170063	
AL3G16650	AL1G47670	1.6423	159.2	482.8	0.5020	0.4393	0.8752	-1507.560798	
AL3G16670	AL1G47650	1.1603	145.2	355.8	0.1643	0.1564	0.9515	-985.209837	
AL3G16690	AL1G47630	0.7833	196.4	538.6	0.3181	0.1660	0.5220	-1492.991977	
AL3G16700	AL1G47620	0.8988	83.9	276.1	0.0490	0.0542	1.1066	-650.794546	
AL3G16710	AL1G47570	0.7611	135.4	404.6	0.0849	0.0685	0.8069	-994.139342	
AL3G16740	AL1G47540	0.8526	517.1	1675.9	0.0590	0.0597	1.0118	-4068.719473	
AL3G16890	AL1G47480	0.9236	208.7	667.3	0.2025	0.1588	0.7843	-1774.829643	
AL3G16940	AL1G47400	1.4844	83.4	234.6	0.2449	0.2736	1.1170	-684.731762	
AL3G16970	AL1G47360	1.4105	324.8	944.2	0.2488	0.2652	1.0661	-2704.258666	
AL3G16980	AL1G47340	0.3971	655.4	2044.6	0.0926	0.0392	0.4231	-4594.321239	
AL3G17090	AL1G47180	0.4906	127.9	460.1	0.0370	0.0245	0.6637	-992.312941	
AL3G17100	AL1G47170	0.8632	397.7	1141.3	0.1713	0.1279	0.7465	-3017.518836	
AL3G17140	AL1G47150	1.2387	301.4	1063.6	0.2020	0.2205	1.0918	-2924.865318	
AL3G17190	AL1G47030	1.0418	435.4	1151.6	0.1548	0.1390	0.8981	-3237.292867	
AL3G17260	AL1G47010	1.0924	216.7	467.3	0.1670	0.1411	0.8450	-1348.987157	
AL3G17320	AL1G47000	0.8518	581.5	1899.5	0.1907	0.1423	0.7465	-4952.501490	
AL3G17410	AL1G46960	1.1140	149.6	435.4	0.2346	0.2024	0.8629	-1235.122371	
AL3G17530	AL1G46870	28.8540	152.1	540.9	0.0125	0.5257	41.9406	-1693.516013	
AL3G17600	AL1G46850	0.7864	397.6	1111.4	0.1508	0.1055	0.6999	-2926.752815	
AL3G17610	AL1G46800	1.5498	228.6	665.4	0.1617	0.2221	1.3738	-1952.114679	
AL3G17620	AL1G46790	0.7033	105.9	371.1	0.1511	0.1043	0.6904	-913.952671	
AL4G12740	AL1G07510	1.3807	126.6	359.4	0.1928	0.2201	1.1416	-1061.965641	
AL4G12960	AL1G07480	1.4415	249.0	807.0	0.2017	0.2486	1.2322	-2325.494753	
AL4G13270	AL1G07200	1.9108	163.8	568.2	0.3660	0.4590	1.2542	-1763.100483	
AL4G13360	AL1G07190	1.0229	410.0	1387.0	0.0945	0.1070	1.1326	-3576.487386	
AL4G13570	AL1G07130	1.0309	375.7	1304.3	0.1699	0.1642	0.9666	-3466.540071	
AL4G13590	AL1G07120	1.0366	289.2	976.8	0.1237	0.1320	1.0669	-2566.641936	
AL4G13670	AL1G07030	1.7301	202.9	541.1	0.1796	0.2568	1.4299	-1661.185452	
AL4G13730	AL1G06980	7.3385	180.3	566.7	0.4499	1.8886	4.1979	-2011.408976	
AL4G13840	AL1G07020	1.3947	193.9	583.1	0.1387	0.1823	1.3145	-1668.688315	
AL4G13850	AL1G07010	0.4718	187.1	592.9	0.0723	0.0386	0.5334	-1369.223731	
AL4G14090	AL1G06950	0.5886	287.2	915.8	0.0846	0.0547	0.6473	-2191.244974	
AL4G14140	AL1G06920	1.3466	355.1	1336.9	0.2247	0.2603	1.1586	-3673.446340	
AL4G14220	AL1G06870	1.6010	195.4	536.6	0.1989	0.2572	1.2929	-1623.559808	
AL4G14230	AL1G06860	0.8111	355.4	1099.6	0.2339	0.1502	0.6422	-2917.006651	
AL4G14270	AL1G06830	3.2279	330.9	893.1	0.1365	0.3971	2.9081	-2912.508430	
AL4G13050	AL1G07300	0.9981	303.9	995.1	0.0964	0.1042	1.0807	-2563.229533	
AL4G13070	AL1G07310	1.6977	432.2	1235.8	0.2439	0.3138	1.2866	-3815.089033	
AL4G13150	AL1G07380	0.6592	259.7	808.3	0.0553	0.0427	0.7710	-1907.128520	
AL4G14500	AL1G06790	1.2683	586.5	1807.5	0.1264	0.1570	1.2420	-4987.724391	
AL4G14520	AL1G06780	0.8888	360.2	1019.8	0.0879	0.0799	0.9087	-2658.651710	
AL4G14670	AL1G06680	1.2385	149.8	390.2	0.1983	0.1946	0.9814	-1162.983073	
AL4G14770	AL1G06610	9.9723	236.5	654.5	0.0400	0.4514	11.2719	-2157.073622	
AL4G14810	AL1G06550	3.5152	241.5	748.5	0.1239	0.4301	3.4703	-2392.412087	
AL4G14820	AL1G06540	0.7807	114.3	353.7	0.1976	0.1307	0.6612	-931.910331	
AL4G14830	AL1G06530	1.5564	584.6	1590.4	0.1079	0.1610	1.4920	-4565.167941	
AL4G14870	AL1G06520	1.0277	158.0	514.0	0.1918	0.1721	0.8972	-1386.439338	
AL4G15020	AL1G06460	1.2544	114.0	381.0	0.3746	0.3020	0.8062	-1102.396406	
AL4G15080	AL1G06410	0.7372	129.1	344.9	0.1675	0.1044	0.6231	-907.291294	
AL4G15090	AL1G06420	0.5113	281.8	723.2	0.1005	0.0486	0.4832	-1801.161985	
AL4G15180	AL1G06340	1.0019	283.6	850.4	0.0740	0.0809	1.0930	-2202.155043	
AL4G15210	AL1G06320	0.7898	376.3	1060.7	0.2942	0.1617	0.5495	-2883.948860	
AL4G15220	AL1G06310	0.6954	134.2	390.8	0.2470	0.1303	0.5275	-1012.343111	
AL4G15260	AL1G06290	0.7444	342.5	1064.5	0.0532	0.0465	0.8748	-2555.370726	
AL4G15380	AL1G06250	1.1825	218.3	720.7	0.2045	0.2070	1.0121	-1982.615322	
AL4G15440	AL1G06230	0.7616	221.8	564.2	0.0725	0.0551	0.7594	-1446.875791	
AL4G15450	AL1G06220	0.6683	428.0	1297.0	0.2434	0.1258	0.5167	-3362.321291	
AL4G15470	AL1G06210	0.9282	325.8	922.2	0.3929	0.2205	0.5611	-2604.447142	
AL4G15500	AL1G06180	1.3865	224.0	697.0	0.2232	0.2503	1.1216	-2038.909390	
AL4G15580	AL1G06120	2.2328	103.6	253.4	0.1512	0.2831	1.8716	-796.333629	
AL4G15710	AL1G06010	1.0584	313.0	944.0	0.2623	0.2075	0.7912	-2660.713432	
AL4G15740	AL1G05960	0.4677	316.9	895.1	0.0844	0.0406	0.4815	-2139.261146	
AL4G15950	AL1G05800	1.5109	200.6	582.4	0.2055	0.2530	1.2311	-1747.388619	
AL4G15990	AL1G05740	0.8031	156.3	458.7	0.2121	0.1377	0.6492	-1219.103889	
AL4G16000	AL1G05730	1.0622	249.0	870.0	0.2434	0.2093	0.8599	-2353.406021	
AL4G16070	AL1G05690	2.3459	256.9	856.1	0.2305	0.4417	1.9161	-2680.421813	
AL4G16110	AL1G05680	2.5760	132.7	389.3	0.1523	0.3556	2.3342	-1211.700497	
AL4G16170	AL1G05650	50.0000	302.6	1041.4	0.0281	1.8985	67.4812	-3598.966020	
AL4G16250	AL1G05640	0.5180	165.3	500.7	0.1291	0.0646	0.5001	-1202.393677	
AL4G16260	AL1G05600	0.9923	219.4	677.6	0.1410	0.1328	0.9422	-1805.383643	
AL4G16280	AL1G05580	0.7263	269.9	861.1	0.1438	0.1000	0.6955	-2140.451155	
AL4G16290	AL1G05550	1.1691	125.6	465.4	0.1394	0.1685	1.2090	-1233.860940	
AL4G16300	AL1G05530	0.8851	264.0	699.0	0.0801	0.0711	0.8880	-1826.372392	
AL4G16380	AL1G05440	0.8736	263.3	795.7	0.2661	0.1728	0.6491	-2164.054769	
AL4G16400	AL1G05420	1.6300	310.0	1019.0	0.2367	0.3101	1.3099	-2996.626976	
AL4G16430	AL1G05400	2.1201	279.5	974.5	0.2801	0.4494	1.6041	-2996.901310	
AL4G16480	AL1G05390	1.0311	132.5	410.5	0.2806	0.2114	0.7534	-1153.012622	
AL4G16510	AL1G05380	0.9849	185.8	624.2	0.2048	0.1736	0.8478	-1688.682985	
AL4G16550	AL1G05350	0.7991	687.2	2318.8	0.2231	0.1483	0.6648	-5981.354852	
AL4G16580	AL1G05330	0.9117	167.3	444.7	0.0541	0.0526	0.9717	-1122.816933	
AL4G16600	AL1G05310	1.0499	251.4	795.6	0.1530	0.1502	0.9820	-2168.885910	
AL4G16650	AL1G05250	0.7579	96.8	287.2	0.3644	0.1755	0.4816	-780.028512	
AL4G16740	AL1G05190	0.7791	885.8	2423.2	0.2251	0.1352	0.6004	-6580.961795	
AL4G16860	AL1G05130	1.4319	520.1	1438.9	0.1166	0.1585	1.3593	-4099.658650	
AL4G17010	AL1G04980	0.7457	310.9	964.1	0.0691	0.0580	0.8395	-2362.143165	
AL4G17140	AL1G04920	1.1179	112.4	403.6	0.1960	0.1968	1.0041	-1086.352734	
AL4G17290	AL1G04810	1.3506	300.2	683.8	0.1979	0.2013	1.0172	-2119.035742	
AL4G17320	AL1G04790	2.4605	126.3	326.7	0.4512	0.6125	1.3575	-1123.303372	
AL4G17380	AL1G04760	1.0577	201.7	590.3	0.2902	0.2172	0.7486	-1659.263169	
AL4G17410	AL1G04700	1.0245	149.2	354.8	0.2241	0.1687	0.7526	-1046.026723	
AL4G17440	AL1G04680	0.7900	670.8	1837.2	0.2211	0.1356	0.6132	-4990.876168	
AL4G17460	AL1G04660	0.7201	381.0	1188.0	0.1683	0.1091	0.6483	-3033.137072	
AL4G17480	AL1G04650	0.7759	224.9	756.1	0.0753	0.0678	0.9004	-1825.427280	
AL4G17490	AL1G04640	0.8322	327.0	1035.0	0.1625	0.1240	0.7631	-2705.060251	
AL4G17500	AL1G04630	0.6519	550.7	1843.3	0.0610	0.0479	0.7844	-4276.645526	
AL4G17530	AL1G04620	0.9292	350.0	940.0	0.1080	0.0956	0.8849	-2478.942597	
AL4G17570	AL1G04600	1.0495	195.6	569.4	0.2608	0.2028	0.7778	-1621.454748	
AL4G17640	AL1G04550	1.2054	100.9	292.1	0.0932	0.1148	1.2326	-780.685877	
AL4G18270	AL1G04180	0.5476	148.8	493.2	0.0256	0.0186	0.7260	-1085.496915	
AL4G18290	AL1G04160	0.6848	344.8	906.2	0.1117	0.0715	0.6403	-2311.725764	
AL4G18430	AL1G04020	0.9181	327.7	893.3	0.1199	0.1030	0.8594	-2402.948774	
AL4G18450	AL1G04010	0.5341	929.1	2826.9	0.1607	0.0777	0.4834	-6874.996818	
AL4G18500	AL1G03980	0.8586	325.0	764.0	0.1867	0.1244	0.6664	-2152.146161	
AL4G18530	AL1G03950	0.8651	107.5	366.5	0.1188	0.1075	0.9048	-931.487500	
AL4G18540	AL1G03910	1.1666	297.0	840.0	0.0965	0.1129	1.1694	-2318.396498	
AL4G18550	AL1G03890	0.7664	218.1	633.9	0.1895	0.1220	0.6434	-1683.485453	
AL4G18560	AL1G03880	0.7328	396.3	1157.7	0.1504	0.1001	0.6655	-2990.075123	
AL4G18570	AL1G03870	1.2450	129.4	521.6	0.2012	0.2320	1.1530	-1416.473450	
AL4G18580	AL1G03860	1.5068	281.9	903.1	0.3718	0.3583	0.9636	-2727.812189	
AL4G17820	AL1G04250	0.5265	678.3	1940.7	0.0685	0.0388	0.5666	-4591.784191	
AL4G17880	AL1G04300	1.1574	298.5	967.5	0.1933	0.1944	1.0059	-2669.789204	
AL4G18000	AL1G04370	1.2384	219.5	596.5	0.2788	0.2435	0.8731	-1786.765728	
AL4G18100	AL1G04430	0.6209	245.8	789.2	0.1737	0.0972	0.5596	-1945.440580	
AL4G18110	AL1G04450	1.3040	196.8	652.2	0.2886	0.2766	0.9585	-1899.381759	
AL4G18140	AL1G04460	0.9837	134.1	390.9	0.0997	0.0991	0.9948	-1031.335789	
AL8G00280	AL7G25810	3.6407	95.2	288.8	0.1383	0.4769	3.4491	-940.941144	
AL8G00360	AL7G25780	0.6310	232.9	778.1	0.0797	0.0575	0.7212	-1839.833888	
AL8G00370	AL7G25770	1.0319	290.0	844.0	0.1594	0.1464	0.9189	-2342.182771	
AL8G00380	AL7G25920	50.0000	148.6	442.4	0.0086	0.5550	64.6321	-1460.416389	
AL8G00490	AL7G25730	1.0764	230.5	489.5	0.0376	0.0390	1.0378	-1290.487773	
AL8G00500	AL7G25710	0.6416	240.9	722.1	0.1265	0.0784	0.6199	-1800.375547	
AL8G00510	AL7G25670	0.9116	635.7	1854.3	0.2119	0.1558	0.7356	-5088.597181	
AL8G00530	AL7G25660	0.8208	233.7	609.3	0.0989	0.0776	0.7846	-1604.667847	
AL8G00560	AL7G25560	1.3575	169.7	505.3	0.0998	0.1385	1.3873	-1416.264812	
AL8G00580	AL7G25520	1.5255	208.9	682.1	0.2834	0.3192	1.1265	-2027.745677	
AL8G00620	AL7G25510	0.9810	126.5	437.5	0.2302	0.1869	0.8118	-1192.107703	
AL8G00690	AL7G25500	1.4366	128.8	384.2	0.2788	0.2903	1.0415	-1146.270019	
AL8G00710	AL7G25450	1.4352	237.5	716.5	0.1482	0.1967	1.3279	-2001.319583	
AL8G00720	AL7G25440	0.4278	152.7	444.3	0.0127	0.0068	0.5377	-978.201959	
AL8G00730	AL7G25410	0.6449	152.7	465.3	0.2512	0.1238	0.4928	-1200.062383	
AL8G00850	AL7G25380	0.9262	323.8	1062.2	0.2344	0.1751	0.7472	-2853.971603	
AL8G00870	AL7G25350	0.9530	211.6	547.4	0.1597	0.1288	0.8063	-1503.982126	
AL8G00880	AL7G25330	0.6973	162.6	470.4	0.0556	0.0434	0.7793	-1110.132260	
AL8G00950	AL7G25520	1.7950	219.1	668.9	0.2220	0.3209	1.4452	-2046.286945	
AL8G01050	AL7G25290	1.4802	217.6	790.4	0.1817	0.2501	1.3769	-2235.378851	
AL8G01070	AL7G25270	1.2975	224.0	598.0	0.2963	0.2626	0.8861	-1822.627677	
AL8G01140	AL7G25260	1.7313	236.4	684.6	0.0665	0.1254	1.8852	-1895.760075	
AL8G01270	AL7G25210	1.1288	198.2	551.8	0.1132	0.1226	1.0829	-1482.752666	
AL8G01320	AL7G25020	3.8048	250.2	820.8	0.0904	0.3786	4.1872	-2534.460544	
AL8G01330	AL7G25040	3.1562	230.6	783.4	0.2064	0.5612	2.7192	-2493.709092	
AL8G01380	AL7G25030	1.0191	131.3	408.7	0.1232	0.1244	1.0101	-1105.550900	
AL8G01420	AL7G25010	0.7666	110.1	282.9	0.1401	0.0940	0.6707	-735.331990	
AL8G01470	AL7G25000	0.8985	137.3	447.7	0.2670	0.1821	0.6823	-1219.252062	
AL8G01500	AL7G24980	5.8874	245.6	918.4	0.1347	0.8334	6.1847	-2964.072258	
AL8G01510	AL7G24970	2.3108	119.8	363.2	0.2037	0.3911	1.9194	-1120.414052	
AL8G01520	AL7G24950	1.6625	220.0	719.0	0.3116	0.3651	1.1720	-2192.154656	
AL8G01550	AL7G24930	1.0553	411.8	1151.2	0.2329	0.1883	0.8086	-3285.770662	
AL8G01570	AL7G24920	1.7475	150.3	539.7	0.1225	0.2275	1.8572	-1502.509255	
AL8G01620	AL7G24770	1.1951	581.3	1542.7	0.1340	0.1439	1.0736	-4347.420388	
AL8G01860	AL7G24660	2.7914	448.4	1507.6	0.3872	0.6828	1.7632	-4902.217357	
AL8G01870	AL7G24640	0.8964	243.3	782.7	0.1849	0.1461	0.7901	-2068.515297	
AL8G01890	AL7G24630	2.2410	133.4	499.6	0.2803	0.4847	1.7290	-1529.083003	
AL8G02040	AL7G24500	0.7942	473.8	1425.2	0.1489	0.1091	0.7328	-3694.022247	
AL8G02090	AL7G24390	0.8513	389.8	1377.2	0.2589	0.1739	0.6719	-3569.733969	
AL8G02110	AL7G24380	0.9691	224.9	714.1	0.0524	0.0606	1.1563	-1759.083278	
AL8G02220	AL7G24280	1.3670	147.9	413.1	0.1348	0.1693	1.2558	-1185.681783	
AL8G02430	AL7G24210	0.8284	271.2	901.8	0.0706	0.0683	0.9673	-2164.144957	
AL8G02520	AL7G24080	0.6147	146.5	360.5	0.0503	0.0318	0.6308	-878.787636	
AL8G02530	AL7G24060	0.9179	136.1	391.9	0.2286	0.1636	0.7158	-1089.493256	
AL8G02540	AL7G24050	1.7866	117.7	344.3	0.1374	0.2291	1.6674	-1003.103967	
AL8G02560	AL7G24040	1.9378	269.3	933.7	0.2261	0.3657	1.6173	-2800.367132	
AL8G02570	AL7G24030	1.7600	312.6	965.4	0.2791	0.3595	1.2882	-2987.401934	
AL8G02590	AL7G23980	2.0105	184.6	565.4	0.1954	0.3329	1.7035	-1727.816795	
AL8G02600	AL7G23970	50.0000	186.2	602.8	0.0037	0.2549	69.7815	-1773.031441	
AL8G02660	AL7G23950	0.3781	132.4	413.6	0.0010	0.0005	0.5183	-849.780215	
AL8G02700	AL7G23880	0.6656	152.7	459.3	0.0844	0.0598	0.7091	-1112.998037	
AL8G02750	AL7G23750	1.2370	102.4	377.6	0.1630	0.1967	1.2070	-1006.650924	
AL8G02770	AL7G23700	1.0708	179.5	525.5	0.1519	0.1474	0.9705	-1440.791092	
AL8G02800	AL7G23660	0.8987	254.0	730.0	0.0964	0.0876	0.9088	-1889.727571	
AL8G02870	AL7G23600	0.4941	297.4	860.6	0.0577	0.0317	0.5496	-2002.894757	
AL8G02920	AL7G23510	0.6305	213.9	566.1	0.0647	0.0423	0.6543	-1400.529991	
AL8G02940	AL7G23450	2.4324	533.6	1548.4	0.2506	0.4590	1.8318	-5034.924231	
AL8G03020	AL7G23490	2.5093	211.1	742.9	0.2190	0.4675	2.1347	-2252.387541	
AL8G03140	AL7G23430	1.3134	127.5	340.5	0.3382	0.2856	0.8443	-1056.222752	
AL8G03220	AL7G23350	1.0556	282.0	744.0	0.1909	0.1626	0.8514	-2103.123652	
AL8G03260	AL7G23290	0.9701	326.1	1026.9	0.1262	0.1212	0.9603	-2724.675421	
AL8G03320	AL7G23150	50.0000	261.0	828.0	0.0047	0.3218	68.5137	-2548.431264	
AL8G03370	AL7G23120	0.8200	413.2	1083.8	0.1040	0.0809	0.7781	-2870.768682	
AL8G03380	AL7G23080	50.0000	321.0	981.0	0.0108	0.7084	65.4294	-3310.844274	
AL8G03390	AL7G23070	3.7778	340.9	1036.1	0.1971	0.6271	3.1811	-3421.548623	
AL8G03830	AL7G22950	0.4248	203.4	639.6	0.1031	0.0457	0.4432	-1463.520244	
AL8G03890	AL7G22910	0.4618	158.7	426.3	0.0976	0.0439	0.4495	-1008.552995	
AL8G03920	AL7G22890	1.0238	300.8	1004.2	0.3760	0.2468	0.6565	-2758.377002	
AL8G03930	AL7G22860	1.0461	357.5	1271.5	0.1436	0.1510	1.0518	-3309.757922	
AL8G03940	AL7G22820	1.2413	283.1	697.9	0.1569	0.1622	1.0339	-2038.494449	
AL8G03960	AL7G22810	1.4404	170.9	588.1	0.1292	0.1907	1.4763	-1626.901780	
AL8G04010	AL7G22670	1.0393	95.9	345.1	0.0867	0.1053	1.2143	-866.638011	
AL8G04080	AL7G22600	2.6495	261.7	713.3	0.3401	0.5807	1.7076	-2369.051192	
AL8G04270	AL7G22670	0.8077	218.9	747.1	0.1100	0.0950	0.8638	-1856.236799	
AL8G04440	AL7G22600	1.5780	236.5	753.5	0.3940	0.3847	0.9763	-2284.920346	
AL8G04610	AL7G22310	1.1455	336.0	1035.0	0.1461	0.1570	1.0744	-2847.374963	
AL8G04680	AL7G22200	10.4169	304.7	967.3	0.0648	0.7793	12.0212	-3278.155996	
AL8G04910	AL7G22100	1.8722	122.5	483.5	0.0050	0.0150	3.0267	-996.255577	
AL8G05130	AL7G22060	1.0126	168.5	407.5	0.2839	0.1942	0.6842	-1202.714847	
AL8G05150	AL7G21990	0.8382	479.8	1509.2	0.1691	0.1279	0.7560	-3945.107234	
AL8G05190	AL7G21980	0.6599	214.2	517.8	0.0473	0.0319	0.6745	-1261.971672	
AL8G05280	AL7G21960	0.7003	286.3	880.7	0.1030	0.0744	0.7226	-2180.647760	
AL8G05290	AL7G21920	1.0805	129.1	416.9	0.1050	0.1194	1.1379	-1087.817131	
AL8G05310	AL7G21840	3.0665	341.1	1035.9	0.2061	0.5231	2.5381	-3380.963577	
AL8G05440	AL7G21820	2.0625	229.9	736.1	0.2815	0.4277	1.5193	-2300.239971	
AL8G05460	AL7G21810	0.6367	296.2	1020.8	0.0250	0.0217	0.8689	-2263.834017	
AL8G05470	AL7G21800	1.1493	202.7	652.3	0.2698	0.2334	0.8650	-1828.434672	
AL8G05580	AL7G21680	2.5812	218.5	576.5	0.1059	0.2591	2.4467	-1650.195311	
AL8G05680	AL7G21640	10.6234	322.8	1087.2	0.0465	0.6215	13.3745	-3545.626150	
AL2G16450	AL1G27840	0.8412	500.1	1605.9	0.1977	0.1428	0.7223	-4179.290792	
AL2G16470	AL1G27820	2.3291	155.0	520.0	0.1765	0.3748	2.1231	-1573.929028	
AL2G16550	AL1G27800	50.0000	306.9	956.1	0.0154	1.0066	65.4541	-3351.766846	
AL2G16710	AL1G27730	1.3720	185.8	639.2	0.1316	0.1840	1.3978	-1759.296266	
AL2G16720	AL1G27720	1.1410	338.4	1023.6	0.0438	0.0592	1.3514	-2568.182148	
AL2G16730	AL1G27710	1.1598	210.8	668.2	0.1678	0.1766	1.0523	-1840.981935	
AL2G16740	AL1G27700	2.2883	144.0	588.0	0.1869	0.4111	2.1991	-1702.743749	
AL2G16810	AL1G27690	0.9629	370.3	1150.7	0.1253	0.1189	0.9490	-3032.177612	
AL2G16860	AL1G27650	0.6803	153.1	455.9	0.0635	0.0482	0.7585	-1093.440582	
AL2G16880	AL1G27620	1.1963	185.4	576.6	0.2362	0.2231	0.9449	-1626.854813	
AL2G16900	AL1G27800	50.0000	273.4	830.6	0.0125	0.8083	64.8444	-2871.232627	
AL2G17080	AL1G27610	0.9132	135.8	425.2	0.1564	0.1320	0.8441	-1139.281901	
AL2G17200	AL1G27370	2.3261	176.3	642.7	0.3282	0.5381	1.6398	-2009.315751	
AL2G17300	AL1G27340	0.9953	120.9	392.1	0.1295	0.1284	0.9912	-1015.728311	
AL2G17400	AL1G27330	0.6488	137.7	492.3	0.1568	0.0994	0.6342	-1180.309112	
AL2G17490	AL1G27290	0.6126	253.7	769.3	0.1201	0.0725	0.6036	-1908.283328	
AL2G17610	AL1G27010	1.0208	534.3	1721.7	0.3763	0.2443	0.6494	-4853.281433	
AL2G17660	AL1G27000	0.5944	95.1	372.9	0.0749	0.0565	0.7537	-827.812266	
AL2G17680	AL1G26980	0.9332	228.0	639.0	0.2134	0.1579	0.7402	-1739.091454	
AL2G17710	AL1G26920	0.8164	140.5	474.5	0.1486	0.1178	0.7932	-1207.569827	
AL2G17810	AL1G26820	1.7289	147.4	542.6	0.4856	0.4700	0.9678	-1646.448200	
AL2G17820	AL1G26810	2.8652	151.4	571.6	0.4542	0.7631	1.6800	-1830.147107	
AL2G17900	AL1G26620	0.8275	192.7	575.3	0.0936	0.0804	0.8594	-1459.925250	
AL2G17930	AL1G26600	0.9342	455.6	1545.4	0.0962	0.0992	1.0313	-3836.159522	
AL2G17970	AL1G26370	21.1841	251.2	804.8	0.0308	0.8311	27.0200	-2709.221157	
AL2G17990	AL1G26220	50.0000	281.4	963.6	0.0158	1.1066	69.9539	-3266.021808	
AL2G17990	AL1G26490	50.0000	245.4	750.6	0.0120	0.7821	65.2433	-2566.058590	
AL2G18010	AL1G26560	0.4717	130.0	527.0	0.0405	0.0276	0.6825	-1121.974944	
AL2G18030	AL1G26540	1.0672	118.6	394.4	0.3930	0.2622	0.6671	-1081.352639	
AL2G18070	AL1G26500	0.8829	121.0	521.0	0.1853	0.1609	0.8685	-1293.412967	
AL2G18200	AL1G26350	50.0000	389.5	1065.5	0.0121	0.7291	60.2652	-3751.194869	
AL2G18280	AL1G26220	1.6007	259.6	991.4	0.2193	0.3069	1.3990	-2826.525842	
AL2G18280	AL1G26490	50.0000	230.5	786.5	0.0122	0.8629	70.5875	-2642.620231	
AL2G18320	AL1G26000	1.1167	74.2	240.8	0.3048	0.2421	0.7943	-664.128251	
AL2G18430	AL1G25990	0.6871	89.0	289.0	0.1900	0.1143	0.6016	-733.505560	
AL2G18440	AL1G25980	0.7918	248.9	762.1	0.0939	0.0782	0.8328	-1939.224141	
AL2G18450	AL1G25970	1.3449	319.6	982.4	0.4627	0.3489	0.7540	-2853.726500	
AL2G18520	AL1G25960	1.2826	458.3	1461.7	0.1451	0.1777	1.2245	-4072.996445	
AL2G18560	AL1G25920	1.2810	141.0	459.0	0.0920	0.1286	1.3980	-1233.667246	
AL2G18630	AL1G25810	1.3481	114.2	299.8	0.4227	0.3264	0.7722	-931.146817	
AL2G18680	AL1G25690	0.9265	163.8	544.2	0.1576	0.1381	0.8763	-1426.843541	
AL2G18690	AL1G25680	0.9618	603.6	1916.4	0.0776	0.0834	1.0738	-4837.021455	
AL2G18720	AL1G25630	0.7891	259.8	709.2	0.0932	0.0729	0.7822	-1793.209805	
AL2G18770	AL1G25610	1.1801	352.5	1036.5	0.2097	0.2011	0.9588	-2958.467283	
AL2G18800	AL1G25590	1.2991	73.8	253.2	0.3329	0.2982	0.8959	-724.983538	
AL2G18810	AL1G25570	1.1919	223.8	643.2	0.0755	0.0955	1.2648	-1721.832660	
AL2G18920	AL1G25540	1.0809	187.2	580.8	0.1567	0.1559	0.9946	-1569.339787	
AL2G18930	AL1G25520	1.6865	177.1	587.9	0.1521	0.2455	1.6135	-1668.322369	
AL2G18940	AL1G25500	1.8544	174.9	593.1	0.1802	0.3036	1.6850	-1736.067012	
AL2G18950	AL1G25350	1.4922	194.2	624.8	0.1542	0.2163	1.4020	-1783.779040	
AL2G18960	AL1G25340	0.9937	233.9	720.1	0.1513	0.1394	0.9217	-1958.789137	
AL2G18960	AL1G25790	50.0000	213.1	686.9	0.0106	0.7208	68.0511	-2311.024322	
AL2G18990	AL1G25320	4.5115	178.6	574.4	0.1398	0.6116	4.3732	-1872.911124	
AL2G19000	AL1G25300	0.4042	116.4	426.6	0.0117	0.0071	0.6025	-877.145234	
AL2G19010	AL1G25280	1.0480	259.8	856.2	0.2026	0.1823	0.8998	-2357.027472	
AL2G19040	AL1G25210	1.1578	204.2	656.8	0.1101	0.1324	1.2016	-1742.717220	
AL2G19090	AL1G25180	0.9514	260.3	804.7	0.0973	0.0971	0.9976	-2083.435814	
AL2G19100	AL1G25160	1.2319	254.9	849.1	0.1564	0.1829	1.1692	-2334.725282	
AL2G19130	AL1G25150	0.5464	369.3	1046.7	0.0650	0.0383	0.5898	-2503.623288	
AL2G19250	AL1G25070	1.6462	131.5	447.5	0.2261	0.3088	1.3656	-1321.933114	
AL2G19290	AL1G25040	0.8247	378.4	1043.6	0.1041	0.0835	0.8026	-2741.792039	
AL2G19310	AL1G25020	1.7894	134.8	432.2	0.1349	0.2362	1.7510	-1237.718056	
AL2G19320	AL1G24950	0.5746	436.8	1210.2	0.0716	0.0432	0.6026	-2921.062890	
AL2G19330	AL1G25340	50.0000	223.2	727.8	0.0106	0.7274	68.6382	-2456.899037	
AL2G19360	AL1G24940	1.8930	227.2	660.8	0.2871	0.3859	1.3439	-2057.323531	
AL2G19390	AL1G24890	2.9793	113.4	375.6	0.0913	0.3003	3.2888	-1106.978001	
AL2G19580	AL1G24720	1.1953	437.9	1116.1	0.0472	0.0596	1.2620	-2955.730900	
AL2G19600	AL1G24700	1.8125	220.6	790.4	0.3454	0.4274	1.2374	-2350.038847	
AL2G19720	AL1G24660	0.8901	310.7	865.3	0.1483	0.1179	0.7946	-2354.323595	
AL2G19740	AL1G24640	1.1916	455.4	1278.6	0.1165	0.1327	1.1396	-3552.691216	
AL2G19750	AL1G24620	1.0096	96.4	323.6	0.0995	0.1093	1.0990	-825.914060	
AL2G19890	AL1G24590	0.9789	208.0	626.0	0.2022	0.1645	0.8135	-1682.022325	
AL2G19970	AL1G24550	0.5477	211.5	640.5	0.0802	0.0475	0.5917	-1513.566834	
AL2G20180	AL1G24500	0.8675	367.1	1156.9	0.2335	0.1615	0.6915	-3058.014029	
AL2G20190	AL1G24490	0.8297	359.9	1056.1	0.0700	0.0632	0.9027	-2674.590485	
AL2G20220	AL1G24480	0.6053	591.5	1583.5	0.1374	0.0745	0.5423	-4059.256478	
AL2G20230	AL1G24440	9.9883	356.1	1131.9	0.0813	0.8987	11.0552	-3887.407545	
AL2G20470	AL1G24370	1.0974	179.7	603.3	0.0720	0.0924	1.2839	-1516.157961	
AL2G20640	AL1G24310	1.3290	429.0	1011.0	0.1048	0.1250	1.1924	-2949.636880	
AL2G20850	AL1G24190	1.2590	134.6	447.4	0.1845	0.2076	1.1249	-1231.380430	
AL2G20980	AL1G24100	2.1190	133.6	361.4	0.2523	0.3924	1.5553	-1185.154340	
AL5G29280	AL4G30190	6.2197	185.2	603.8	0.3914	1.5190	3.8806	-2115.147368	
AL5G29590	AL4G30450	1.1003	281.8	780.2	0.2503	0.2043	0.8165	-2284.034811	
AL5G29690	AL4G30660	50.0000	241.6	814.4	0.0111	0.7829	70.2203	-2717.848186	
AL5G29730	AL4G30540	0.8903	220.5	634.5	0.1954	0.1439	0.7365	-1722.748336	
AL5G29830	AL4G30670	0.7307	284.3	789.7	0.2105	0.1222	0.5806	-2101.375791	
AL5G29950	AL4G30730	1.4686	81.9	335.1	0.1323	0.2139	1.6172	-897.983773	
AL5G30050	AL4G30890	0.8184	505.1	1528.9	0.2759	0.1652	0.5986	-4137.168911	
AL5G30090	AL4G30970	0.7044	486.6	1619.4	0.2138	0.1270	0.5937	-4101.050513	
AL5G30100	AL4G30990	1.2623	538.7	1699.3	0.2736	0.2567	0.9383	-4944.791424	
AL5G30150	AL4G31200	1.1320	176.0	541.0	0.3308	0.2521	0.7621	-1580.231765	
AL5G30250	AL4G31250	0.8350	382.2	1084.8	0.2553	0.1581	0.6195	-2994.195287	
AL5G30260	AL4G31260	2.6047	300.3	950.7	0.2173	0.4657	2.1426	-3042.195164	
AL5G30290	AL4G31370	0.7244	243.7	728.3	0.2465	0.1367	0.5545	-1928.720611	
AL5G30330	AL4G31410	1.1029	245.7	732.3	0.1278	0.1355	1.0597	-1967.509303	
AL5G30410	AL4G31470	0.9061	349.1	1075.9	0.0811	0.0800	0.9864	-2705.581869	
AL5G30440	AL4G31480	3.1997	279.6	848.4	0.1242	0.3882	3.1247	-2685.881963	
AL5G30450	AL4G31580	0.7206	218.3	627.7	0.1662	0.1047	0.6298	-1635.500154	
AL5G30460	AL4G31610	0.8909	262.2	838.8	0.1926	0.1486	0.7716	-2240.835789	
AL5G30490	AL4G31670	0.6118	273.4	764.6	0.1409	0.0783	0.5554	-1923.030620	
AL5G30510	AL4G31730	0.8222	444.2	1169.8	0.1334	0.0983	0.7370	-3120.294443	
AL5G30520	AL4G31740	0.4772	304.9	1012.1	0.0762	0.0418	0.5484	-2295.805821	
AL5G30540	AL4G31760	1.5160	260.4	729.6	0.1262	0.1791	1.4194	-2118.096647	
AL5G30550	AL4G31770	0.7559	355.1	1030.9	0.2196	0.1319	0.6006	-2749.174052	
AL5G30570	AL4G31800	0.7860	127.5	367.5	0.0855	0.0698	0.8159	-923.331090	
AL5G30590	AL4G31870	0.5988	107.8	402.2	0.1263	0.0811	0.6419	-931.902212	
AL5G30600	AL4G31900	1.3996	339.1	965.9	0.1938	0.2242	1.1568	-2843.434677	
AL5G30710	AL4G32100	0.6458	339.5	1037.5	0.1087	0.0712	0.6554	-2576.608630	
AL5G30730	AL4G32160	1.5220	383.6	1230.4	0.3124	0.3331	1.0663	-3597.660065	
AL5G30750	AL4G32180	0.9269	340.6	1054.4	0.0639	0.0676	1.0564	-2575.911236	
AL5G30810	AL4G32360	0.8093	436.7	1339.3	0.1189	0.0956	0.8040	-3436.606396	
AL5G30820	AL4G32370	1.3294	235.1	628.9	0.2900	0.2660	0.9172	-1925.647764	
AL5G30890	AL4G32590	0.6544	203.9	588.1	0.1089	0.0702	0.6446	-1475.504638	
AL5G30920	AL4G32620	0.6141	250.3	676.7	0.1498	0.0808	0.5396	-1726.022773	
AL5G30950	AL4G32670	0.7354	535.7	1477.3	0.0895	0.0661	0.7388	-3774.224457	
AL5G31130	AL4G32800	2.3617	306.0	903.0	0.1969	0.3873	1.9672	-2857.375933	
AL5G31160	AL4G32810	2.9211	130.2	397.8	0.3272	0.6461	1.9747	-1327.088086	
AL5G31200	AL4G32880	4.1376	315.4	962.6	0.3227	0.9086	2.8155	-3300.513150	
AL5G31230	AL4G32900	1.8494	178.3	472.7	0.2261	0.3182	1.4073	-1505.663866	
AL5G31270	AL4G32930	1.0150	148.0	431.0	0.0914	0.0956	1.0454	-1131.997325	
AL5G31280	AL4G32950	9.4461	181.7	520.3	0.0448	0.4828	10.7837	-1730.056458	
AL5G31290	AL4G32960	1.0917	144.8	584.2	0.2453	0.2259	0.9210	-1545.005055	
AL5G31330	AL4G33000	0.6891	84.4	284.6	0.1171	0.0843	0.7197	-687.771555	
AL5G31490	AL4G33260	1.0250	178.9	442.1	0.2057	0.1618	0.7864	-1265.342622	
AL5G31510	AL4G33280	0.6504	206.7	639.3	0.0588	0.0441	0.7507	-1517.467151	
AL5G31580	AL4G33340	1.5805	208.3	526.7	0.1928	0.2410	1.2496	-1640.464238	
AL5G31590	AL4G33350	0.8688	270.2	824.8	0.0640	0.0629	0.9818	-2052.417868	
AL5G31610	AL4G33380	0.6508	359.6	861.4	0.2029	0.1006	0.4957	-2313.198668	
AL5G31630	AL4G33460	0.6248	1034.1	3180.9	0.1629	0.0921	0.5655	-7965.991564	
AL5G31650	AL4G33470	1.9404	243.5	647.5	0.3430	0.4246	1.2378	-2134.978385	
AL5G31840	AL4G33710	1.0769	267.6	779.4	0.1580	0.1520	0.9618	-2154.124085	
AL5G31870	AL4G33720	1.8681	89.7	306.3	0.1233	0.2385	1.9345	-866.371845	
AL5G31990	AL4G33820	1.3823	249.8	674.2	0.1833	0.2090	1.1401	-1992.743409	
AL5G32050	AL4G34050	3.0569	257.3	819.7	0.3387	0.6949	2.0518	-2739.053515	
AL5G32060	AL4G33880	1.2888	335.0	1144.0	0.3855	0.3156	0.8187	-3273.585892	
AL5G32110	AL4G33940	0.5713	249.0	747.0	0.1920	0.0928	0.4833	-1820.276264	
AL5G32130	AL4G33950	0.5035	205.1	514.9	0.0212	0.0118	0.5596	-1214.356618	
AL5G32230	AL4G34070	2.3269	226.9	679.1	0.2534	0.4463	1.7613	-2133.831318	
AL5G32260	AL4G34100	0.9809	288.0	738.0	0.0648	0.0647	0.9990	-1936.325222	
AL5G32280	AL4G34150	1.3888	128.5	366.5	0.2489	0.2595	1.0428	-1104.077710	
AL5G32290	AL4G34160	0.6920	164.9	471.1	0.1456	0.0915	0.6284	-1197.968794	
AL5G32300	AL4G34170	1.0041	197.0	694.0	0.1811	0.1674	0.9242	-1806.442950	
AL5G32320	AL4G34210	0.9319	324.9	1022.1	0.1195	0.1118	0.9360	-2671.492963	
AL5G32360	AL4G34260	0.8439	372.9	1082.1	0.0506	0.0484	0.9569	-2683.255239	
AL5G32480	AL4G34400	1.5744	187.9	595.1	0.4096	0.3900	0.9520	-1812.462284	
AL5G32500	AL4G34420	1.4777	165.0	549.0	0.3381	0.3391	1.0030	-1599.840103	
AL5G32570	AL4G34440	0.6054	262.6	763.4	0.1224	0.0712	0.5816	-1870.332850	
AL5G32610	AL4G34610	1.4959	228.2	671.8	0.3734	0.3498	0.9368	-2081.220464	
AL5G32760	AL4G34660	0.9862	370.1	1234.9	0.1941	0.1679	0.8653	-3321.752345	
AL5G32780	AL4G34730	2.0923	159.9	557.1	0.5283	0.5816	1.1010	-1763.528946	
AL5G32790	AL4G34750	1.0563	156.8	557.2	0.0738	0.0938	1.2699	-1382.413081	
AL5G32810	AL4G34800	0.9168	390.4	1025.6	0.1008	0.0884	0.8762	-2772.550451	
AL5G32820	AL4G34820	1.5624	97.1	460.9	0.2022	0.3088	1.5269	-1241.837508	
AL5G32850	AL4G34940	1.4789	180.7	602.3	0.2280	0.2768	1.2136	-1779.048525	
AL5G32880	AL4G34970	1.0874	252.9	734.1	0.1199	0.1258	1.0494	-1962.989984	
AL5G32890	AL4G34980	1.1781	185.5	585.5	0.3349	0.2657	0.7934	-1680.708587	
AL5G32920	AL4G35030	1.3100	129.3	431.7	0.1356	0.1769	1.3038	-1186.606217	
AL7G04130	AL3G39590	50.0000	412.6	949.4	0.0039	0.2110	54.5288	-2986.237616	
AL7G04200	AL3G39450	1.3370	135.5	377.5	0.3642	0.3050	0.8375	-1145.457217	
AL7G04210	AL3G39420	0.9691	251.1	681.9	0.1439	0.1242	0.8630	-1858.699147	
AL7G04220	AL3G39400	9.4247	241.8	688.2	0.0309	0.3427	11.1088	-2012.850832	
AL7G04240	AL3G39390	0.7948	434.5	1377.5	0.0853	0.0742	0.8695	-3414.836234	
AL7G04280	AL3G39360	2.1809	175.8	637.2	0.3888	0.5426	1.3955	-1974.753522	
AL7G04360	AL3G39170	0.7153	353.4	1176.6	0.1512	0.1038	0.6867	-2927.440173	
AL7G04370	AL3G39160	0.6889	212.6	759.4	0.0476	0.0427	0.8971	-1737.671234	
AL7G04460	AL3G39120	1.7044	303.8	977.2	0.0909	0.1684	1.8539	-2700.748900	
AL7G04500	AL3G39110	1.3878	138.4	434.6	0.1843	0.2235	1.2130	-1247.748255	
AL7G04550	AL3G39080	1.3748	381.5	1031.5	0.1121	0.1460	1.3026	-2941.870413	
AL7G04560	AL3G39070	0.6673	419.0	1183.0	0.2004	0.1088	0.5430	-3038.577677	
AL7G04580	AL3G39050	0.7946	296.5	951.5	0.1346	0.1048	0.7785	-2420.006856	
AL7G04600	AL3G38990	1.4987	159.2	629.8	0.2114	0.2851	1.3486	-1747.763323	
AL7G04630	AL3G38930	0.5007	86.9	273.1	0.0188	0.0123	0.6526	-607.237980	
AL7G04670	AL3G38770	1.0726	237.4	761.6	0.1638	0.1616	0.9864	-2084.223631	
AL7G04680	AL3G38730	0.4672	570.0	1662.0	0.0998	0.0471	0.4724	-3918.527579	
AL7G04690	AL3G38700	0.7463	198.6	593.4	0.0924	0.0719	0.7774	-1475.533454	
AL7G04750	AL3G38670	0.8961	182.8	537.2	0.1712	0.1340	0.7828	-1454.481087	
AL7G04780	AL3G38640	1.1697	278.3	780.7	0.1749	0.1740	0.9954	-2206.401138	
AL7G04800	AL3G38610	0.3187	153.6	437.4	0.0118	0.0047	0.3954	-944.834060	
AL7G04810	AL3G38590	1.8739	203.6	669.4	0.2904	0.3979	1.3700	-2038.641189	
AL7G04830	AL3G38580	0.9244	268.9	964.1	0.1592	0.1432	0.8996	-2493.958907	
AL7G04860	AL3G38570	1.3487	140.7	414.3	0.2851	0.2749	0.9642	-1232.213535	
AL7G04880	AL3G38560	7.2901	367.5	1114.5	0.0500	0.4257	8.5084	-3596.361011	
AL7G04900	AL3G38810	0.0238	199.6	571.4	0.1774	0.0036	0.0203	-1058.882971	
AL7G04940	AL3G38540	0.7751	178.6	478.4	0.0742	0.0588	0.7927	-1217.775243	
AL7G04960	AL3G38520	1.8256	155.6	519.4	0.2473	0.3576	1.4461	-1582.874275	
AL7G05040	AL3G38490	0.7251	222.0	714.0	0.1387	0.0978	0.7047	-1788.670378	
AL7G05120	AL3G38470	50.0000	193.9	610.1	0.0113	0.7535	66.7297	-2020.745186	
AL7G05230	AL3G38420	0.7190	235.1	637.9	0.1574	0.0981	0.6236	-1660.956503	
AL7G05240	AL3G38410	0.6822	290.2	969.8	0.0743	0.0588	0.7909	-2303.144727	
AL7G05250	AL3G38400	1.0020	268.5	871.5	0.2739	0.2056	0.7507	-2381.380696	
AL7G05410	AL3G38300	0.5861	252.2	842.8	0.1096	0.0681	0.6208	-2007.505382	
AL7G05430	AL3G38180	6.0389	118.0	308.0	0.0429	0.2804	6.5349	-986.917572	
AL7G05440	AL3G38160	0.9704	308.4	927.6	0.1821	0.1526	0.8376	-2533.359071	
AL7G05450	AL3G38140	0.8214	273.3	788.7	0.0856	0.0730	0.8533	-1995.429682	
AL7G05480	AL3G38120	1.1025	73.5	259.5	0.1285	0.1471	1.1452	-680.191303	
AL7G05540	AL3G38070	0.5374	274.2	805.8	0.1528	0.0744	0.4868	-1981.663099	
AL7G05580	AL3G38020	0.7546	150.3	590.7	0.0697	0.0678	0.9736	-1363.645525	
AL7G05600	AL3G37990	1.0064	306.0	723.0	0.1114	0.0995	0.8929	-2018.924446	
AL7G05620	AL3G37980	0.9307	630.4	1844.6	0.1397	0.1208	0.8645	-4919.613613	
AL7G05630	AL3G37900	2.0014	178.7	589.3	0.1908	0.3358	1.7600	-1779.166517	
AL7G05640	AL3G37880	0.8587	555.0	1773.0	0.2453	0.1651	0.6731	-4772.338481	
AL7G05650	AL3G37860	0.7440	268.1	811.9	0.0928	0.0724	0.7797	-2022.839205	
AL7G05680	AL3G37830	1.0917	403.5	1459.5	0.1420	0.1576	1.1100	-3830.477442	
AL7G05690	AL3G37810	1.3569	331.6	1039.4	0.2630	0.2695	1.0250	-3040.641518	
AL7G05710	AL3G37740	0.7241	145.9	433.1	0.2018	0.1209	0.5992	-1127.272445	
AL7G05850	AL3G37540	1.1535	274.7	838.3	0.2577	0.2247	0.8721	-2382.627106	
AL7G05860	AL3G37440	0.7962	204.9	515.1	0.0520	0.0429	0.8247	-1297.643217	
AL7G05880	AL3G37420	1.0248	290.8	759.2	0.1560	0.1367	0.8765	-2145.823314	
AL7G05910	AL3G37400	0.7115	283.8	856.2	0.1054	0.0762	0.7227	-2137.194285	
AL7G05920	AL3G37390	0.8931	98.1	474.9	0.1221	0.1334	1.0927	-1131.407604	
AL7G05930	AL3G37360	1.7281	238.6	835.4	0.3588	0.4124	1.1493	-2538.767035	
AL7G05950	AL3G37320	0.7806	496.5	1624.5	0.0779	0.0690	0.8859	-3968.543700	
AL7G05960	AL3G37280	0.5096	118.1	364.9	0.2593	0.1000	0.3857	-893.726602	
AL7G05970	AL3G37270	1.9666	150.3	605.7	0.3665	0.4878	1.3311	-1817.001643	
AL7G05980	AL3G37230	1.3484	579.8	1427.2	0.0681	0.0907	1.3326	-3966.307158	
AL7G06000	AL3G37150	12.0941	115.8	376.2	0.0232	0.3687	15.9245	-1158.031369	
AL7G06010	AL3G37210	1.0443	417.6	1073.4	0.0963	0.0959	0.9963	-2935.009805	
AL7G06200	AL3G37080	0.7755	357.5	1196.5	0.0805	0.0713	0.8850	-2895.475507	
AL7G06210	AL3G37040	0.5957	138.2	350.8	0.0010	0.0007	0.7006	-777.532845	
AL7G06450	AL3G36830	50.0000	283.2	826.8	0.0163	1.0143	62.3722	-2915.413992	
AL7G03970	AL3G39770	1.4752	256.0	719.0	0.1262	0.1745	1.3825	-2073.977257	
AL7G03990	AL3G39760	0.6898	95.7	345.3	0.0578	0.0507	0.8768	-805.260146	
AL7G04000	AL3G39730	1.7649	382.9	949.1	0.1290	0.2000	1.5507	-2830.648980	
AL7G04030	AL3G39700	16.0317	316.3	814.7	0.0338	0.5946	17.5768	-2826.676909	
AL7G04060	AL3G39690	1.6734	150.0	435.0	0.1824	0.2595	1.4227	-1276.009152	
AL7G04100	AL3G39680	1.7578	322.1	868.9	0.2372	0.3134	1.3213	-2697.427981	
AL7G04120	AL3G39670	1.2725	248.1	801.9	0.2335	0.2388	1.0230	-2291.285028	
AL2G02300	AL1G12990	0.6656	357.6	983.4	0.1310	0.0801	0.6116	-2521.400440	
AL2G02310	AL1G12980	1.8760	150.9	380.1	0.2085	0.3008	1.4424	-1197.936629	
AL2G02320	AL1G12970	2.2250	116.9	348.1	0.2723	0.4436	1.6289	-1114.692255	
AL2G02400	AL1G12930	1.6799	171.2	566.8	0.1105	0.1952	1.7675	-1600.982554	
AL2G02430	AL1G12840	0.7735	329.8	915.2	0.1525	0.1043	0.6839	-2418.241001	
AL2G02440	AL1G12830	0.8341	320.2	963.8	0.1544	0.1175	0.7612	-2541.997156	
AL2G02580	AL1G12740	0.8679	176.7	543.3	0.0469	0.0483	1.0303	-1297.249021	
AL2G02650	AL1G12670	1.6669	91.2	274.8	0.0473	0.0924	1.9506	-728.806122	
AL2G02760	AL1G12630	1.4823	152.8	636.2	0.1606	0.2455	1.5289	-1711.748668	
AL2G02820	AL1G12600	0.8012	439.5	1225.5	0.1052	0.0823	0.7824	-3173.806116	
AL2G02860	AL1G12580	1.6565	239.1	774.9	0.2778	0.3423	1.2322	-2314.434672	
AL2G02870	AL1G12500	2.9914	337.1	961.9	0.0972	0.2925	3.0077	-2962.481695	
AL2G02950	AL1G12490	1.2239	217.3	742.7	0.4261	0.3126	0.7337	-2149.208575	
AL2G03020	AL1G12430	1.4055	157.6	457.4	0.0870	0.1270	1.4596	-1220.877662	
AL2G03030	AL1G12390	13.1371	326.3	681.7	1.6773	5.0376	3.0034	-2676.218340	
AL2G03050	AL1G12380	1.6188	184.4	553.6	0.2292	0.2932	1.2791	-1672.771368	
AL2G03060	AL1G12370	1.0251	136.3	385.7	0.2870	0.2073	0.7221	-1105.127919	
AL2G03110	AL1G12340	0.6738	202.1	640.9	0.0986	0.0703	0.7137	-1548.780941	
AL2G03190	AL1G12300	0.7828	570.5	1535.5	0.1189	0.0868	0.7298	-4005.359374	
AL2G03200	AL1G12290	1.2524	482.8	1758.2	0.2009	0.2248	1.1191	-4820.890143	
AL2G03220	AL1G12280	0.7641	229.3	631.7	0.2034	0.1247	0.6129	-1700.662289	
AL2G03250	AL1G12210	0.7571	392.1	1071.9	0.1519	0.1011	0.6658	-2812.576873	
AL2G03400	AL1G12040	1.5699	396.4	1103.6	0.1513	0.2108	1.3934	-3301.768423	
AL2G03690	AL1G11960	1.2077	424.5	1009.5	0.0842	0.0954	1.1329	-2827.449777	
AL2G03710	AL1G11920	1.3115	258.6	836.4	0.1866	0.2154	1.1545	-2376.304712	
AL2G03810	AL1G11880	1.0895	325.5	793.5	0.0937	0.0953	1.0164	-2188.957592	
AL2G03850	AL1G11820	1.1524	82.9	244.1	0.1831	0.1803	0.9848	-691.338728	
AL2G03930	AL1G11800	1.2132	265.4	721.6	0.2779	0.2380	0.8567	-2148.894322	
AL2G04120	AL1G11640	0.9148	422.1	1386.9	0.1865	0.1511	0.8103	-3679.230813	
AL2G04260	AL1G11550	0.9485	378.6	1103.4	0.1700	0.1407	0.8276	-3012.409450	
AL2G04500	AL1G11430	0.7653	371.4	1308.6	0.1290	0.1023	0.7934	-3221.414186	
AL2G04540	AL1G11420	1.1015	222.4	656.6	0.0320	0.0424	1.3258	-1580.790923	
AL2G04570	AL1G11380	2.0020	180.4	656.6	0.2892	0.4362	1.5084	-1980.013262	
AL2G04600	AL1G11340	0.5357	235.7	610.3	0.1411	0.0662	0.4694	-1537.176069	
AL2G04610	AL1G11330	0.7277	240.8	776.2	0.1385	0.0981	0.7083	-1927.882003	
AL2G04690	AL1G11260	1.2892	174.3	536.7	0.4061	0.3163	0.7790	-1593.719943	
AL2G04710	AL1G11240	1.1659	82.5	244.5	0.6661	0.3450	0.5179	-712.580878	
AL2G04740	AL1G11230	0.8340	542.6	1734.4	0.2571	0.1646	0.6403	-4641.394046	
AL2G04750	AL1G11210	1.2108	311.7	1011.3	0.1818	0.1959	1.0776	-2809.557418	
AL2G04840	AL1G11200	1.5452	369.7	1142.3	0.3196	0.3387	1.0599	-3458.977167	
AL2G04900	AL1G11190	0.9114	614.7	1896.3	0.2301	0.1670	0.7257	-5179.428081	
AL2G04990	AL1G11130	0.9277	311.4	705.6	0.0756	0.0652	0.8623	-1907.234580	
AL2G05010	AL1G11100	0.5524	186.4	587.6	0.0838	0.0507	0.6048	-1377.256375	
AL2G05030	AL1G11090	0.6350	487.8	1510.2	0.1813	0.1007	0.5552	-3800.534902	
AL2G05080	AL1G11060	0.7262	413.0	1429.0	0.1670	0.1143	0.6842	-3589.188581	
AL2G05130	AL1G11030	0.6415	208.5	631.5	0.1257	0.0784	0.6240	-1576.189599	
AL2G05210	AL1G11010	50.0000	327.3	959.7	0.0148	0.9303	62.8004	-3397.192900	
AL2G05440	AL1G10670	1.0277	170.7	570.3	0.1457	0.1457	1.0002	-1481.744031	
AL2G05460	AL1G10650	1.0383	245.2	720.8	0.0949	0.1012	1.0660	-1916.950430	
AL2G05660	AL1G10640	0.8171	93.9	287.1	0.1712	0.1242	0.7253	-761.894633	
AL2G05880	AL1G10540	1.2931	403.5	1255.5	0.3036	0.2767	0.9113	-3653.058265	
AL2G06040	AL1G10500	0.8108	421.9	1135.1	0.1558	0.1095	0.7028	-3044.108728	
AL2G06060	AL1G10480	1.2727	104.8	324.2	0.1392	0.1690	1.2135	-887.568192	
AL2G06200	AL1G10390	1.0439	144.1	383.9	0.1796	0.1549	0.8625	-1083.849947	
AL2G06240	AL1G10360	1.1626	75.7	248.3	0.1594	0.1736	1.0889	-663.116763	
AL2G06320	AL1G10350	0.5967	204.9	704.1	0.0173	0.0144	0.8328	-1543.418514	
AL2G06330	AL1G10340	1.1745	244.8	733.2	0.2300	0.2130	0.9261	-2099.429918	
AL2G05180	AL1G10700	0.4627	317.2	930.8	0.0448	0.0240	0.5363	-2115.347286	
AL2G05260	AL1G10840	0.4132	330.8	905.2	0.0281	0.0134	0.4778	-2047.603665	
AL2G05280	AL1G10920	2.1830	135.0	348.0	0.1219	0.2415	1.9812	-1070.951628	
AL2G05300	AL1G10960	1.2986	224.7	612.3	0.1458	0.1682	1.1541	-1755.950344	
AL2G05370	AL1G10970	0.8532	183.9	533.1	0.2590	0.1640	0.6333	-1453.042826	
AL2G05410	AL1G11010	1.2527	334.4	913.6	0.3657	0.2851	0.7796	-2812.426605	
AL2G06620	AL1G10200	0.9703	176.6	645.4	0.0668	0.0808	1.2103	-1577.903252	
AL2G06640	AL1G10180	8.4945	287.4	966.6	0.0785	0.7672	9.7729	-3216.691914	
AL2G06660	AL1G10210	4.1376	138.8	389.2	0.1379	0.5219	3.7841	-1289.294475	
AL2G06730	AL1G10310	0.7762	281.1	972.9	0.1875	0.1313	0.6999	-2488.756273	
AL8G21270	AL7G15430	0.9080	253.3	739.7	0.2231	0.1603	0.7184	-2040.543449	
AL8G21280	AL7G15440	1.0513	264.4	983.6	0.0724	0.0944	1.3030	-2461.164830	
AL8G21290	AL7G15450	1.0021	293.3	1101.7	0.2623	0.2099	0.8003	-2897.723556	
AL8G21300	AL7G15460	0.9659	592.7	1588.3	0.1335	0.1165	0.8727	-4340.230680	
AL8G21340	AL7G15480	1.1834	136.6	451.4	0.1019	0.1294	1.2701	-1192.028835	
AL8G21360	AL7G15470	0.8705	203.4	603.6	0.1871	0.1385	0.7401	-1633.921705	
AL8G21400	AL7G15490	0.7726	254.3	1089.7	0.0107	0.0139	1.3015	-2171.942236	
AL8G21420	AL7G15510	0.6428	189.5	479.5	0.1060	0.0632	0.5963	-1234.771908	
AL8G21440	AL7G15530	1.2251	330.0	978.0	0.1846	0.1931	1.0462	-2827.287581	
AL8G21450	AL7G15580	1.3891	200.1	543.9	0.3050	0.2871	0.9414	-1668.620961	
AL8G21590	AL7G15590	0.6791	217.6	595.4	0.0993	0.0660	0.6649	-1517.798716	
AL8G21720	AL7G15620	2.4572	139.2	499.8	0.2142	0.4552	2.1252	-1550.746484	
AL8G21730	AL7G15630	0.7112	240.4	710.6	0.0986	0.0716	0.7261	-1777.154463	
AL8G21760	AL7G15640	1.3896	276.4	737.6	0.2597	0.2607	1.0038	-2230.100964	
AL8G21800	AL7G15690	2.7017	179.3	552.7	0.4694	0.7052	1.5025	-1832.879435	
AL8G21820	AL7G15660	1.0288	155.1	534.9	0.1294	0.1365	1.0549	-1394.582780	
AL8G21830	AL7G15670	0.8640	388.8	1054.2	0.0513	0.0482	0.9383	-2651.977220	
AL8G22030	AL7G15530	50.0000	245.5	774.5	0.0132	0.8770	66.4735	-2663.381193	
AL8G22250	AL7G15770	0.7111	314.2	1008.8	0.0437	0.0383	0.8753	-2362.023281	
AL8G22260	AL7G15780	1.0402	131.0	451.0	0.0843	0.1006	1.1940	-1113.558991	
AL8G22380	AL7G15880	2.1209	79.3	301.7	0.3618	0.5171	1.4289	-924.536466	
AL8G22470	AL7G15900	0.7828	92.4	297.6	0.1510	0.1119	0.7407	-763.382576	
AL8G22480	AL7G15910	0.7146	521.0	1576.0	0.1613	0.1039	0.6444	-4028.785293	
AL8G22570	AL7G15950	0.6937	203.9	750.1	0.0898	0.0730	0.8132	-1683.426654	
AL8G22600	AL7G15930	1.2807	205.8	604.2	0.2188	0.2239	1.0230	-1755.416502	
AL8G22650	AL7G15960	0.8818	284.2	915.8	0.1150	0.1041	0.9054	-2382.545989	
AL8G22700	AL7G15980	1.1882	210.7	569.3	0.1027	0.1179	1.1475	-1562.157874	
AL8G22870	AL7G16090	1.6393	273.9	863.1	0.1697	0.2507	1.4780	-2527.011825	
AL8G22880	AL7G16110	1.1821	411.1	1328.9	0.1901	0.1964	1.0330	-3727.198398	
AL8G22940	AL7G16140	0.6207	275.1	903.9	0.0886	0.0609	0.6869	-2152.449309	
AL8G23010	AL7G16230	0.9258	232.2	736.8	0.1412	0.1256	0.8894	-1957.159332	
AL8G23070	AL7G16200	0.9830	181.5	625.5	0.2950	0.2131	0.7225	-1714.113308	
AL8G23180	AL7G16270	0.9809	186.2	494.8	0.0783	0.0775	0.9900	-1298.774587	
AL8G23240	AL7G16290	1.2583	175.8	619.2	0.0863	0.1255	1.4546	-1597.872380	
AL8G23330	AL7G16320	0.7911	395.5	1215.5	0.1763	0.1228	0.6966	-3174.418733	
AL8G23370	AL7G16330	0.9035	120.8	353.2	0.2128	0.1550	0.7286	-970.909730	
AL8G19540	AL7G14610	0.8971	689.5	2310.5	0.2158	0.1629	0.7551	-6081.455834	
AL8G19710	AL7G14680	0.7536	154.1	529.9	0.1018	0.0841	0.8261	-1255.747760	
AL8G19730	AL7G14700	1.5558	128.5	390.5	0.2253	0.2801	1.2431	-1151.115621	
AL8G19770	AL7G14740	0.7406	174.1	428.9	0.0519	0.0394	0.7580	-1080.540110	
AL8G19780	AL7G14750	0.7478	431.5	1281.5	0.0607	0.0509	0.8385	-3142.146196	
AL8G19960	AL7G14780	1.0654	197.7	612.3	0.0982	0.1096	1.1157	-1638.077332	
AL8G20030	AL7G14830	2.0823	106.4	334.6	0.2021	0.3556	1.7592	-1028.981844	
AL8G20090	AL7G14890	0.7036	304.1	937.9	0.1136	0.0806	0.7094	-2332.232742	
AL8G20120	AL7G14920	0.7695	147.3	329.7	0.0319	0.0247	0.7754	-838.852796	
AL8G20200	AL7G14980	0.5700	87.4	269.6	0.0725	0.0460	0.6341	-630.167795	
AL8G20230	AL7G15000	0.9147	263.3	858.7	0.1929	0.1538	0.7977	-2286.326218	
AL8G20250	AL7G15010	1.1534	365.6	1026.4	0.3679	0.2649	0.7200	-3019.378006	
AL8G20280	AL7G15030	0.6310	112.8	301.2	0.2122	0.1046	0.4927	-787.037891	
AL8G20400	AL7G15100	0.6029	354.9	1013.1	0.1539	0.0828	0.5381	-2557.066463	
AL8G20560	AL7G15170	0.9767	114.8	299.2	0.2191	0.1637	0.7473	-841.408328	
AL8G20590	AL7G15200	0.9807	224.8	663.2	0.2802	0.1981	0.7069	-1840.752157	
AL8G20620	AL7G15220	0.6804	405.7	1241.3	0.1384	0.0895	0.6469	-3089.201148	
AL8G20630	AL7G15240	0.9647	152.5	465.5	0.1236	0.1169	0.9461	-1234.733053	
AL8G20650	AL7G15260	0.5896	221.5	678.5	0.0483	0.0336	0.6958	-1568.978209	
AL8G20690	AL7G15280	0.5602	111.2	341.8	0.0970	0.0569	0.5860	-800.805082	
AL8G20790	AL7G15290	0.7184	494.7	1458.3	0.1192	0.0834	0.6995	-3684.070839	
AL8G20860	AL7G15300	0.9414	577.3	1642.7	0.2436	0.1736	0.7127	-4597.807042	
AL8G20900	AL7G15360	0.7801	163.2	457.8	0.1567	0.1077	0.6874	-1212.657749	
AL8G20910	AL7G15370	1.0832	449.8	1515.2	0.1939	0.1850	0.9541	-4074.984405	
AL8G20940	AL7G15380	0.7945	202.6	691.4	0.2018	0.1397	0.6920	-1780.773605	
AL8G21070	AL7G15420	1.0697	507.2	1652.8	0.2851	0.2244	0.7871	-4259.643303	
AL8G21210	AL7G15530	50.0000	324.1	977.9	0.0170	1.0818	63.6838	-3453.344345	
AL2G27350	AL1G18040	1.9499	97.0	308.0	0.0801	0.1733	2.1644	-848.998515	
AL2G27400	AL1G18020	1.6054	264.1	881.9	0.1842	0.2648	1.4379	-2560.113960	
AL2G27420	AL1G18000	1.2449	221.7	738.3	0.1674	0.1931	1.1537	-2007.572501	
AL2G27460	AL1G17960	2.5126	166.8	472.2	0.1893	0.3955	2.0895	-1521.853622	
AL2G27520	AL1G17900	1.3731	280.7	895.3	0.1795	0.2189	1.2194	-2558.575031	
AL2G27560	AL1G17860	1.4595	161.9	522.1	0.2484	0.2835	1.1411	-1528.101633	
AL2G27590	AL1G17850	1.1529	543.8	1709.2	0.2070	0.1997	0.9647	-4733.731303	
AL2G27750	AL1G17810	2.1965	140.8	453.2	0.2591	0.4363	1.6843	-1416.992447	
AL2G27890	AL1G17760	0.4394	109.3	334.7	0.0051	0.0030	0.5856	-722.132689	
AL2G27900	AL1G17730	0.5363	345.5	938.5	0.0814	0.0443	0.5440	-2295.670290	
AL2G27920	AL1G17700	50.0000	125.5	318.5	0.0421	2.2430	53.2861	-1188.189552	
AL2G27960	AL1G17660	0.5718	250.3	634.7	0.0683	0.0392	0.5745	-1552.096755	
AL2G28040	AL1G17590	0.6151	708.8	2309.2	0.1417	0.0846	0.5973	-5631.426328	
AL2G28050	AL1G17570	0.2945	125.1	408.9	0.0559	0.0198	0.3542	-879.133745	
AL2G28060	AL1G17560	0.7575	316.6	979.4	0.1883	0.1230	0.6531	-2567.922471	
AL2G28120	AL1G17500	0.7925	517.1	1582.9	0.2122	0.1380	0.6504	-4180.725933	
AL2G28160	AL1G17410	1.2873	158.5	462.5	0.3256	0.2807	0.8622	-1387.825631	
AL2G28190	AL1G17380	1.0496	181.7	481.3	0.2096	0.1721	0.8210	-1404.536003	
AL2G28230	AL1G17340	0.5473	195.5	509.5	0.0094	0.0060	0.6422	-1161.940887	
AL2G28250	AL1G17330	0.7346	103.2	298.8	0.1304	0.0903	0.6923	-764.785401	
AL2G28280	AL1G17310	1.1561	280.7	853.3	0.1132	0.1311	1.1582	-2326.967608	
AL2G28310	AL1G17290	2.8030	202.7	631.3	0.1964	0.4686	2.3854	-2034.120011	
AL2G28370	AL1G17230	4.6344	402.1	1076.9	0.1207	0.5182	4.2942	-3632.832316	
AL2G28380	AL1G17260	3.4620	367.1	1069.9	0.1392	0.4473	3.2133	-3478.355915	
AL2G28410	AL1G17240	1.0656	599.3	1560.7	0.1899	0.1627	0.8565	-4451.118953	
AL2G28460	AL1G17220	0.8244	229.5	751.5	0.1191	0.1007	0.8450	-1923.957736	
AL2G28480	AL1G17210	0.9307	399.6	1106.4	0.0812	0.0775	0.9547	-2857.683213	
AL2G28510	AL1G17200	0.5798	238.1	610.9	0.0880	0.0495	0.5622	-1494.896097	
AL2G28520	AL1G17180	0.6896	168.0	558.0	0.1237	0.0871	0.7040	-1384.424118	
AL2G28530	AL1G17170	0.5896	141.1	413.9	0.1023	0.0609	0.5946	-1017.571092	
AL2G28550	AL1G17160	0.5768	306.0	858.0	0.1070	0.0602	0.5626	-2117.876222	
AL2G28590	AL1G17130	0.8357	252.6	776.4	0.2879	0.1734	0.6020	-2104.539572	
AL2G28640	AL1G17100	0.8333	140.2	489.8	0.1570	0.1265	0.8062	-1240.560469	
AL2G28710	AL1G16990	5.7879	189.8	674.2	0.4491	1.5198	3.3840	-2326.464785	
AL2G28720	AL1G17090	0.7743	274.8	772.2	0.1578	0.1075	0.6813	-2052.490261	
AL2G28740	AL1G17070	0.9579	284.6	801.4	0.1369	0.1203	0.8794	-2141.896313	
AL2G28800	AL1G16960	0.9643	210.2	653.8	0.2309	0.1775	0.7690	-1785.118981	
AL2G28870	AL1G16910	0.8162	397.2	1084.8	0.1756	0.1205	0.6860	-2913.424519	
AL2G28880	AL1G16900	0.5615	295.7	850.3	0.0741	0.0443	0.5979	-2038.324632	
AL2G28940	AL1G16860	1.1431	236.4	660.6	0.2406	0.2080	0.8646	-1925.888521	
AL2G28960	AL1G16850	0.9052	241.1	649.9	0.1406	0.1137	0.8087	-1764.257477	
AL2G28980	AL1G16810	1.8065	66.0	309.0	0.2198	0.3706	1.6860	-852.743313	
AL2G29050	AL1G16760	0.8109	150.0	531.0	0.2020	0.1445	0.7155	-1368.350431	
AL2G29100	AL1G16730	0.7373	249.5	791.5	0.2405	0.1399	0.5816	-2067.245745	
AL2G29150	AL1G16670	0.4171	80.9	228.1	0.1478	0.0554	0.3749	-542.416086	
AL2G29260	AL1G16610	2.3484	431.8	1071.2	0.1495	0.2972	1.9874	-3423.518268	
AL2G29270	AL1G16600	1.0218	108.8	359.2	0.1240	0.1289	1.0395	-944.489376	
AL2G29300	AL1G16580	0.5154	493.7	1681.3	0.0309	0.0211	0.6849	-3717.204314	
AL2G29310	AL1G16560	0.7262	257.5	735.5	0.1593	0.1022	0.6416	-1900.629176	
AL2G29370	AL1G16490	1.1477	289.9	751.1	0.2054	0.1841	0.8967	-2224.868272	
AL2G29410	AL1G16420	5.8925	108.0	345.0	0.0762	0.5046	6.6267	-1111.479596	
AL2G29430	AL1G16410	1.3065	301.4	871.6	0.3653	0.3011	0.8242	-2645.524897	
AL2G29460	AL1G16400	1.3092	231.9	683.1	0.1456	0.1755	1.2052	-1949.613228	
AL2G29480	AL1G16390	50.0000	180.9	599.1	0.0054	0.3821	70.6059	-1846.874157	
AL2G29500	AL1G16350	0.5780	514.2	1327.8	0.0859	0.0485	0.5649	-3314.681116	
AL2G29520	AL1G16340	0.6429	164.2	423.8	0.1369	0.0776	0.5670	-1093.984302	
AL2G29530	AL1G16330	1.1229	433.5	1327.5	0.2857	0.2317	0.8110	-3784.963939	
AL2G29640	AL1G16220	1.2624	118.5	358.5	0.0868	0.1164	1.3416	-954.615786	
AL2G29720	AL1G16160	25.2516	212.7	603.3	0.0098	0.3083	31.4228	-1905.270607	
AL2G29790	AL1G16120	1.1687	379.4	1237.6	0.3634	0.2761	0.7598	-3529.164306	
AL6G04630	AL3G11140	3.0349	158.6	495.4	0.1094	0.3400	3.1086	-1530.591847	
AL6G04700	AL3G11210	1.0843	248.9	741.1	0.2531	0.2075	0.8197	-2072.756499	
AL6G04750	AL3G11270	2.6910	88.9	322.1	0.3068	0.6027	1.9640	-1008.301865	
AL6G04850	AL3G11310	2.0722	118.7	343.3	0.2418	0.3825	1.5822	-1107.837697	
AL6G04930	AL3G11390	0.8488	156.8	560.2	0.1371	0.1191	0.8685	-1401.409887	
AL6G05000	AL3G11450	50.0000	100.1	421.9	0.0050	0.4266	85.1346	-1248.583065	
AL6G05050	AL3G11470	0.9491	484.5	1315.5	0.2223	0.1629	0.7330	-3689.507386	
AL6G05110	AL3G11500	0.7959	404.8	1128.2	0.1548	0.1087	0.7018	-3010.829602	
AL6G05140	AL3G11530	0.9126	131.2	504.8	0.1257	0.1249	0.9941	-1263.913572	
AL6G05180	AL3G11590	0.5908	269.1	864.9	0.1876	0.0971	0.5177	-2145.429363	
AL6G05200	AL3G11600	0.8869	245.3	681.7	0.1256	0.1040	0.8281	-1813.293717	
AL6G05210	AL3G11610	0.6245	162.8	548.2	0.0984	0.0672	0.6828	-1315.023729	
AL6G05310	AL3G11650	0.8999	407.7	1350.3	0.2976	0.1938	0.6514	-3651.337850	
AL6G05370	AL3G11670	1.3336	112.8	370.2	0.1828	0.2175	1.1897	-1052.558973	
AL6G05380	AL3G11680	0.5006	256.9	667.1	0.0367	0.0201	0.5480	-1555.579286	
AL6G05390	AL3G11690	1.1097	151.3	442.7	0.1467	0.1491	1.0162	-1228.819598	
AL6G05410	AL3G11700	0.5006	270.8	638.2	0.0343	0.0178	0.5182	-1535.199137	
AL6G05450	AL3G11720	0.8577	318.7	932.3	0.1327	0.1073	0.8086	-2459.401479	
AL6G05460	AL3G11730	2.2072	317.7	912.3	0.2452	0.4099	1.6715	-2930.478857	
AL6G05590	AL3G11770	0.8603	237.6	731.4	0.2421	0.1622	0.6702	-1987.045286	
AL6G05600	AL3G11780	0.6728	157.7	469.3	0.1554	0.0947	0.6097	-1195.770576	
AL6G05620	AL3G11790	1.0017	219.7	641.3	0.1729	0.1504	0.8695	-1770.491617	
AL6G05680	AL3G11830	1.0546	407.7	963.3	0.1017	0.0969	0.9532	-2711.094680	
AL6G05690	AL3G11840	2.7331	168.0	615.0	0.3815	0.6759	1.7716	-1984.536321	
AL6G05700	AL3G11850	0.8883	214.8	643.2	0.2034	0.1495	0.7350	-1667.027492	
AL6G05750	AL3G11920	1.5477	250.7	844.3	0.1387	0.2130	1.5360	-2373.922936	
AL6G05810	AL3G11950	1.1365	181.2	406.8	0.1021	0.1021	1.0000	-1141.946787	
AL6G05830	AL3G11960	0.8101	601.1	1765.9	0.2417	0.1503	0.6218	-4752.347690	
AL6G05850	AL3G11970	1.6375	131.9	435.1	0.2035	0.2857	1.4039	-1281.518273	
AL6G05910	AL3G12020	0.7286	208.5	535.5	0.1050	0.0717	0.6827	-1394.865037	
AL6G05940	AL3G12040	1.0064	155.5	483.5	0.2545	0.1958	0.7696	-1356.494912	
AL6G05960	AL3G12050	1.2328	131.3	468.7	0.1544	0.1869	1.2105	-1264.557253	
AL6G06040	AL3G12090	2.7747	114.9	311.1	0.1054	0.2813	2.6678	-982.777639	
AL6G06050	AL3G12100	0.8332	346.9	910.1	0.1027	0.0814	0.7927	-2424.367619	
AL6G06090	AL3G12120	1.3884	307.9	1078.1	0.3765	0.3384	0.8986	-3090.953811	
AL6G06100	AL3G12180	1.1913	151.7	448.3	0.2061	0.2011	0.9759	-1286.276158	
AL6G06120	AL3G12190	1.4274	122.0	454.0	0.2595	0.2965	1.1429	-1285.970156	
AL6G06220	AL3G12260	0.9212	228.4	788.6	0.3491	0.2164	0.6200	-2104.787941	
AL6G06260	AL3G12340	0.5451	714.0	2625.0	0.0592	0.0413	0.6978	-5826.396870	
AL6G06360	AL3G12510	0.9741	263.3	849.7	0.1686	0.1499	0.8888	-2269.098224	
AL6G06430	AL3G12590	0.8522	172.0	545.0	0.1178	0.1016	0.8621	-1405.967011	
AL6G06440	AL3G12610	1.0812	191.2	660.8	0.1832	0.1802	0.9835	-1746.026371	
AL6G06500	AL3G12730	4.6712	247.7	757.3	0.0788	0.4009	5.0909	-2448.953186	
AL6G06600	AL3G12670	0.8801	163.2	622.8	0.1343	0.1255	0.9341	-1525.744709	
AL6G06680	AL3G12790	1.0030	170.6	558.4	0.2878	0.2117	0.7357	-1526.991763	
AL6G06900	AL3G13040	50.0000	220.1	679.9	0.0211	1.3496	63.9727	-2409.054731	
AL6G03400	AL3G10460	0.7450	390.7	1238.3	0.1378	0.0993	0.7208	-3132.569793	
AL6G03450	AL3G10500	0.7939	215.9	663.1	0.1930	0.1305	0.6764	-1755.961841	
AL6G03470	AL3G10520	0.5585	486.0	1473.0	0.0916	0.0538	0.5873	-3518.396285	
AL6G03500	AL3G10530	0.6264	267.0	648.0	0.0759	0.0458	0.6042	-1637.182258	
AL6G03510	AL3G10550	0.6548	172.5	472.5	0.1012	0.0647	0.6390	-1193.879955	
AL6G03560	AL3G10590	1.1489	568.7	1495.3	0.0850	0.0965	1.1360	-4095.973070	
AL6G03640	AL3G10690	1.8944	258.7	812.3	0.4132	0.4702	1.1380	-2526.289487	
AL6G03720	AL3G10760	1.0368	207.0	570.0	0.1409	0.1317	0.9346	-1558.868857	
AL6G03730	AL3G10770	50.0000	181.6	607.4	0.0087	0.6109	70.3689	-1990.818029	
AL6G03870	AL3G10850	0.5003	197.9	597.1	0.0795	0.0430	0.5404	-1387.046213	
AL6G03910	AL3G10860	0.5022	235.7	703.3	0.1423	0.0666	0.4681	-1689.439917	
AL6G03990	AL3G10880	1.1267	387.6	1043.4	0.1890	0.1737	0.9190	-3010.561090	
AL6G04140	AL3G10930	2.9649	103.6	463.4	0.1920	0.5586	2.9092	-1388.582410	
AL6G04240	AL3G11000	0.6791	171.1	533.9	0.1140	0.0784	0.6880	-1287.818092	
AL6G04380	AL3G11070	11.2890	286.3	781.7	0.0124	0.1681	13.5769	-2265.071521	
AL6G04410	AL3G11090	0.9501	334.8	1027.2	0.2786	0.1935	0.6945	-2843.577983	
AL8G30220	AL6G08610	0.7294	322.5	922.5	0.2106	0.1234	0.5858	-2435.775887	
AL8G30240	AL6G08590	0.6311	197.2	576.8	0.0767	0.0517	0.6744	-1382.301823	
AL8G30260	AL6G08550	1.1434	228.6	653.4	0.2891	0.2328	0.8051	-1896.916109	
AL8G30290	AL6G08570	0.6477	383.0	1072.0	0.0454	0.0330	0.7278	-2569.370880	
AL8G30390	AL6G08750	0.8471	140.8	426.2	0.2317	0.1549	0.6684	-1153.208626	
AL8G30400	AL6G08790	1.2765	156.3	560.7	0.1461	0.1871	1.2804	-1517.792890	
AL8G30480	AL6G08810	0.8316	390.9	989.1	0.0801	0.0652	0.8137	-2578.390224	
AL8G30630	AL6G08940	2.7863	253.4	706.6	0.0759	0.2205	2.9041	-2101.381752	
AL8G30710	AL6G08980	2.0390	180.2	605.8	0.2924	0.4371	1.4950	-1882.513672	
AL8G30720	AL6G08990	0.5776	780.6	2564.4	0.1439	0.0806	0.5602	-6206.738648	
AL8G30870	AL6G09050	0.7305	611.0	1897.0	0.1799	0.1154	0.6413	-4822.350553	
AL8G30940	AL6G09080	0.9922	206.8	567.2	0.2421	0.1801	0.7440	-1645.362633	
AL8G31030	AL6G09110	1.1239	233.9	681.1	0.3538	0.2554	0.7218	-1985.977293	
AL8G31050	AL6G09200	1.1679	195.8	521.2	0.2478	0.2128	0.8590	-1543.990505	
AL8G31080	AL6G09220	1.4966	310.6	961.4	0.3470	0.3418	0.9851	-2926.064921	
AL8G31190	AL6G09280	50.0000	220.8	682.2	0.0130	0.8524	65.5348	-2356.647632	
AL8G31210	AL6G09330	0.7480	163.7	547.3	0.1870	0.1246	0.6664	-1393.608568	
AL8G31250	AL6G09350	1.1610	356.2	1107.8	0.1454	0.1593	1.0954	-3020.454891	
AL8G31270	AL6G09370	0.9107	306.6	800.4	0.1372	0.1107	0.8070	-2162.878033	
AL8G31290	AL6G09380	0.9865	621.2	1616.8	0.1362	0.1191	0.8746	-4486.437309	
AL8G31320	AL6G09390	0.6223	297.6	1022.4	0.0764	0.0557	0.7289	-2396.580469	
AL8G31350	AL6G09410	1.1285	272.0	772.0	0.1888	0.1775	0.9401	-2197.036928	
AL8G31360	AL6G09420	0.4760	80.7	252.3	0.0125	0.0079	0.6299	-547.073188	
AL8G31370	AL6G09450	1.0083	299.4	873.6	0.2004	0.1665	0.8308	-2444.363821	
AL8G31460	AL6G09500	0.8716	139.5	472.5	0.2158	0.1589	0.7363	-1252.469389	
AL8G31490	AL6G09530	0.5285	574.5	1630.5	0.0388	0.0236	0.6090	-3792.111519	
AL8G31510	AL6G09570	0.6853	320.0	1003.0	0.0381	0.0321	0.8436	-2304.937341	
AL8G31570	AL6G09580	0.6363	117.1	365.9	0.1473	0.0882	0.5991	-895.643596	
AL8G31610	AL6G09600	0.8266	473.2	1551.8	0.0925	0.0836	0.9047	-3826.798940	
AL8G32040	AL6G09990	1.9707	160.8	610.2	0.4065	0.5036	1.2388	-1864.595881	
AL8G32050	AL6G10000	1.6005	317.6	981.4	0.2090	0.2771	1.3258	-2918.198218	
AL8G32180	AL6G10120	1.8726	198.5	611.5	0.3684	0.4395	1.1931	-1910.220514	
AL8G32190	AL6G10130	1.2252	138.4	332.6	0.2181	0.1989	0.9119	-977.738475	
AL8G32230	AL6G10150	1.1287	209.4	636.6	0.3216	0.2472	0.7686	-1822.241297	
AL8G32240	AL6G10160	0.6628	179.4	546.6	0.0431	0.0341	0.7903	-1264.903884	
AL8G32250	AL6G10170	0.8974	709.5	2176.5	0.2153	0.1578	0.7327	-5855.774123	
AL8G32280	AL6G10190	0.6588	468.0	1398.0	0.2156	0.1148	0.5325	-3580.107451	
AL8G32330	AL6G10240	10.4723	250.9	841.1	0.1340	1.4047	10.4844	-2888.696130	
AL8G32340	AL6G10230	1.5312	228.8	752.2	0.1053	0.1712	1.6258	-2065.751713	
AL8G31740	AL6G09970	0.4621	209.9	768.1	0.0491	0.0299	0.6084	-1668.341144	
AL8G31770	AL6G09960	0.9969	137.5	450.5	0.1930	0.1680	0.8707	-1216.949466	
AL8G31790	AL6G09940	0.5496	421.6	1282.4	0.0753	0.0454	0.6025	-3020.112059	
AL8G31800	AL6G09920	0.8849	242.2	687.8	0.1493	0.1188	0.7953	-1827.104884	
AL8G31810	AL6G09910	1.0830	136.4	433.6	0.2515	0.2108	0.8382	-1194.888791	
AL8G31830	AL6G09840	0.9937	123.4	398.6	0.5286	0.2736	0.5176	-1129.953425	
AL8G31860	AL6G09820	1.1245	281.4	957.6	0.2131	0.2039	0.9565	-2636.663768	
AL8G31880	AL6G09800	1.3703	181.3	715.7	0.3417	0.3288	0.9622	-1984.870514	
AL8G31900	AL6G09780	0.9968	248.4	774.6	0.1886	0.1625	0.8616	-2117.200448	
AL8G31920	AL6G09770	1.1346	340.5	1066.5	0.1193	0.1357	1.1377	-2882.403549	
AL8G31980	AL6G09740	0.9652	266.2	891.8	0.1442	0.1361	0.9437	-2326.206879	
AL8G32000	AL6G09730	0.8735	183.5	482.5	0.1473	0.1122	0.7617	-1310.527735	
AL8G32020	AL6G09710	0.7532	267.7	749.3	0.1063	0.0781	0.7350	-1913.629845	
AL8G32050	AL6G09700	6.4628	309.6	896.4	0.2416	1.1929	4.9381	-3214.420572	
AL7G18860	AL6G35010	2.9083	212.5	696.5	0.3000	0.6272	2.0910	-2274.941559	
AL7G18870	AL6G34750	1.5300	225.1	716.9	0.7122	0.4651	0.6530	-2244.967584	
AL7G19180	AL6G34880	1.5615	276.1	884.9	0.2773	0.3213	1.1589	-2656.553782	
AL7G19200	AL6G34900	0.5899	750.6	2288.4	0.1679	0.0884	0.5266	-5679.787887	
AL7G19210	AL6G34910	0.6333	511.7	1570.3	0.1306	0.0801	0.6131	-3898.704911	
AL7G19240	AL6G34960	1.6671	317.4	1080.6	0.4720	0.4431	0.9389	-3259.691449	
AL7G19250	AL6G35000	1.0758	139.9	481.1	0.2023	0.1899	0.9386	-1284.425880	
AL7G19290	AL6G35040	0.8028	162.8	494.2	0.1183	0.0940	0.7945	-1272.998629	
AL7G19300	AL6G35050	0.7574	315.9	986.1	0.0975	0.0778	0.7978	-2473.611301	
AL7G19320	AL6G35120	0.7984	181.3	550.7	0.1370	0.1039	0.7588	-1433.447504	
AL7G19340	AL6G35150	1.0753	321.4	1064.6	0.2697	0.2202	0.8165	-2947.816251	
AL7G19350	AL6G35170	1.2287	222.3	647.7	0.2723	0.2434	0.8939	-1867.655304	
AL7G19360	AL6G35200	1.4326	316.8	784.2	0.1770	0.2043	1.1541	-2365.498987	
AL7G19400	AL6G35210	1.2359	104.2	348.8	0.1284	0.1609	1.2528	-944.242661	
AL7G19410	AL6G35250	1.2024	221.7	537.3	0.1805	0.1723	0.9546	-1610.027027	
AL7G19450	AL6G35280	1.3306	257.6	633.4	0.2635	0.2453	0.9309	-1968.182609	
AL7G19460	AL6G35300	50.0000	163.7	562.3	0.0216	1.4891	68.8015	-1943.969930	
AL7G19470	AL6G35370	0.8901	215.4	675.6	0.0889	0.0853	0.9598	-1708.209714	
AL7G19520	AL6G35400	5.7954	236.4	717.6	0.2324	1.0623	4.5716	-2495.134197	
AL7G19550	AL6G35510	6.3077	374.2	1071.8	0.0512	0.3626	7.0856	-3425.838637	
AL7G19650	AL6G35700	0.7314	240.5	791.5	0.1223	0.0912	0.7458	-1968.104893	
AL7G19690	AL6G35710	1.2636	175.2	463.8	0.2619	0.2376	0.9073	-1404.105447	
AL7G19720	AL6G35720	0.7510	469.2	1453.8	0.1362	0.0982	0.7215	-3717.124163	
AL7G19840	AL6G35820	0.9786	233.7	945.3	0.1627	0.1615	0.9924	-2385.641279	
AL7G19970	AL6G35990	0.8255	369.8	899.2	0.1614	0.1095	0.6781	-2493.759574	
AL7G19980	AL6G36040	1.3648	333.7	917.3	0.1634	0.1923	1.1767	-2696.096439	
AL7G20000	AL6G36080	1.4334	144.7	407.3	0.2359	0.2584	1.0955	-1237.691669	
AL7G20010	AL6G36090	0.9453	252.5	647.5	0.1480	0.1205	0.8141	-1820.919837	
AL7G20040	AL6G36130	1.4423	108.4	305.6	0.1031	0.1466	1.4228	-859.651761	
AL7G20150	AL6G36170	0.8305	194.3	624.7	0.1170	0.0992	0.8479	-1597.813310	
AL7G20160	AL6G36190	0.8649	147.3	488.7	0.0764	0.0759	0.9930	-1194.130273	
AL7G20170	AL6G36180	6.1006	277.3	934.7	0.5481	1.7107	3.1215	-3250.314138	
AL7G20200	AL6G36230	0.6599	605.6	1503.4	0.1064	0.0645	0.6059	-3847.815236	
AL7G20260	AL6G36290	0.9367	365.2	957.8	0.1574	0.1260	0.8006	-2640.339101	
AL7G20340	AL6G36320	1.0752	305.7	873.3	0.1588	0.1510	0.9510	-2429.635980	
AL7G20390	AL6G36440	0.9948	285.9	1034.1	0.0503	0.0651	1.2954	-2447.728749	
AL7G20450	AL6G36540	1.3120	155.0	499.0	0.2633	0.2630	0.9988	-1419.215023	
AL7G20670	AL6G36640	1.3492	207.9	656.1	0.4555	0.3492	0.7667	-1938.041235	
AL7G20770	AL6G36700	0.6269	192.7	494.3	0.0501	0.0331	0.6601	-1211.448499	
AL7G20860	AL6G36760	0.8927	514.7	1564.3	0.1900	0.1448	0.7619	-4164.217080	
AL7G21000	AL6G36890	0.7766	154.4	478.6	0.2001	0.1311	0.6551	-1211.006843	
AL7G21180	AL6G36970	0.6320	385.1	1240.9	0.0966	0.0655	0.6784	-2974.553279	
AL7G21210	AL6G37020	1.3251	196.5	619.5	0.1945	0.2211	1.1371	-1756.011868	
AL7G21210	AL6G37270	1.2428	194.2	621.8	0.1625	0.1861	1.1449	-1719.690531	
AL7G21230	AL6G37070	3.4397	147.6	635.4	0.2132	0.6761	3.1714	-1975.096506	
AL7G21360	AL6G37130	2.6387	142.5	475.5	0.3214	0.5916	1.8406	-1522.818923	
AL7G21410	AL6G37140	0.9189	167.2	432.8	0.1625	0.1257	0.7736	-1193.078134	
AL7G21420	AL6G37150	0.6486	268.1	811.9	0.0554	0.0413	0.7457	-1943.257936	
AL7G21460	AL6G37170	1.1969	205.4	637.6	0.2504	0.2307	0.9213	-1811.354972	
AL7G21540	AL6G37290	0.7192	110.1	366.9	0.0508	0.0451	0.8881	-834.048154	
AL7G21610	AL6G37370	0.4810	710.3	2088.7	0.0634	0.0337	0.5326	-4863.123245	
AL5G19010	AL8G32660	0.8300	268.9	790.1	0.0876	0.0759	0.8664	-2011.553827	
AL5G19020	AL8G32670	2.3811	162.2	620.8	0.5586	0.6820	1.2210	-1970.691413	
AL5G19030	AL8G32680	0.7825	332.3	969.7	0.0597	0.0520	0.8702	-2384.509047	
AL5G19050	AL8G32690	0.6420	218.2	555.8	0.1128	0.0665	0.5896	-1438.259219	
AL5G19060	AL8G32700	50.0000	283.4	1111.6	0.0151	1.1719	77.4342	-3605.538122	
AL5G19140	AL8G32740	1.5709	128.4	369.6	0.3054	0.3300	1.0807	-1137.251251	
AL5G19190	AL8G32790	0.9429	264.1	893.9	0.0835	0.0898	1.0745	-2210.717103	
AL5G19240	AL8G32840	1.4500	321.2	893.8	0.2963	0.2969	1.0022	-2722.700276	
AL5G19260	AL8G32870	0.8345	189.9	602.1	0.2403	0.1582	0.6584	-1579.044909	
AL5G19270	AL8G32890	0.8489	121.7	370.3	0.2037	0.1439	0.7063	-1000.220123	
AL5G19290	AL8G32910	1.2345	334.7	1030.3	0.1074	0.1355	1.2613	-2785.116570	
AL5G19330	AL8G32950	0.8989	237.1	590.9	0.1211	0.0973	0.8039	-1586.725843	
AL5G19350	AL8G33010	1.0384	105.8	401.2	0.1930	0.1849	0.9579	-1061.946100	
AL5G19360	AL8G33030	0.8579	176.0	460.0	0.1458	0.1091	0.7481	-1268.727681	
AL5G19370	AL8G33040	1.2712	263.7	768.3	0.1910	0.2035	1.0655	-2218.861995	
AL5G19380	AL8G33060	0.9580	221.5	717.5	0.1075	0.1079	1.0040	-1848.860815	
AL5G19450	AL8G33090	0.5474	123.8	422.2	0.0158	0.0121	0.7636	-918.039259	
AL5G19470	AL8G33120	2.4859	552.9	1400.1	0.1343	0.2933	2.1842	-4476.085645	
AL5G19580	AL8G33230	1.2250	206.8	675.2	0.1992	0.2102	1.0552	-1858.575996	
AL5G19590	AL8G33240	1.1470	337.2	1144.8	0.1224	0.1453	1.1871	-2994.927990	
AL5G19600	AL8G33250	1.1680	219.4	737.6	0.3312	0.2661	0.8034	-2064.296467	
AL5G19700	AL8G33280	0.6494	193.0	689.0	0.0667	0.0533	0.7988	-1632.423836	
AL5G19720	AL8G33200	50.0000	300.9	887.1	0.0170	1.0680	62.6601	-3156.514482	
AL5G19740	AL8G33300	50.0000	111.0	330.0	0.0080	0.5190	64.6678	-1083.057099	
AL5G19750	AL8G33350	2.2934	317.9	915.1	0.2211	0.4007	1.8118	-2910.854874	
AL5G19800	AL8G33450	0.7159	218.8	621.2	0.2162	0.1227	0.5677	-1649.241255	
AL5G19820	AL8G33510	0.8202	257.1	639.9	0.1495	0.1039	0.6952	-1773.815161	
AL5G20000	AL8G33700	0.8710	169.4	622.6	0.0955	0.0960	1.0045	-1525.240244	
AL5G20210	AL8G33910	1.5804	255.6	863.4	0.1371	0.2161	1.5761	-2462.535133	
AL5G20250	AL8G33950	1.5638	339.3	884.7	0.1706	0.2220	1.3014	-2673.936490	
AL5G20380	AL8G34090	1.9233	118.2	310.8	0.0779	0.1505	1.9309	-894.785914	
AL5G20400	AL8G34100	0.7966	276.7	704.3	0.0515	0.0429	0.8323	-1777.856851	
AL5G20510	AL8G34190	1.0883	323.5	951.5	0.3305	0.2396	0.7251	-2753.181386	
AL5G20520	AL8G34230	1.1305	221.3	582.7	0.3019	0.2303	0.7628	-1732.786431	
AL5G20530	AL8G34240	1.5337	192.4	536.6	0.2491	0.2847	1.1430	-1637.180825	
AL5G20600	AL8G34260	0.6776	148.0	488.0	0.0742	0.0578	0.7800	-1141.829199	
AL5G20660	AL8G34290	0.9948	84.4	305.6	0.2688	0.2087	0.7764	-812.971104	
AL5G20700	AL8G34310	1.5165	203.1	552.9	0.1330	0.1837	1.3815	-1635.468905	
AL5G20730	AL8G34330	1.5805	164.7	528.3	0.2577	0.3127	1.2135	-1591.864509	
AL5G20800	AL8G34340	1.0237	430.0	1406.0	0.3676	0.2432	0.6616	-3983.107584	
AL5G20810	AL8G34380	0.8515	266.5	828.5	0.0739	0.0701	0.9483	-2066.795098	
AL5G20820	AL8G34390	1.6332	221.3	756.7	0.2766	0.3420	1.2365	-2254.244937	
AL5G20850	AL8G34440	1.2218	193.2	550.8	0.1521	0.1664	1.0938	-1544.516405	
AL5G20890	AL8G34540	0.7534	168.5	473.5	0.0245	0.0219	0.8950	-1122.563899	
AL5G21030	AL8G34600	0.9828	230.3	765.7	0.1263	0.1260	0.9979	-2022.119832	
AL5G21110	AL8G34640	0.5943	422.2	1272.8	0.1512	0.0826	0.5463	-3160.720000	
AL6G38240	AL1G02740	50.0000	188.2	549.8	0.0181	1.1256	62.0559	-1969.574465	
AL6G38310	AL1G02670	0.5422	155.5	450.5	0.0348	0.0223	0.6397	-1032.138222	
AL6G38320	AL1G02660	1.0114	289.2	865.8	0.3668	0.2354	0.6418	-2479.558348	
AL6G38360	AL1G02610	0.9152	233.0	715.0	0.3767	0.2169	0.5758	-1965.156620	
AL6G38640	AL1G02370	0.8980	333.7	1043.3	0.2227	0.1621	0.7282	-2721.305806	
AL6G38660	AL1G02360	1.2359	208.2	481.8	0.0789	0.0911	1.1545	-1343.224759	
AL6G38700	AL1G02350	0.5448	1005.6	3116.4	0.1374	0.0717	0.5220	-7530.216845	
AL6G38720	AL1G02330	1.3159	394.1	1228.9	0.1072	0.1451	1.3540	-3316.443010	
AL6G38800	AL1G02260	0.7381	125.0	493.0	0.2818	0.1623	0.5761	-1240.406700	
AL6G38840	AL1G02180	1.0356	168.6	452.4	0.2208	0.1763	0.7985	-1270.733097	
AL6G38890	AL1G02150	0.6745	323.7	954.3	0.0505	0.0390	0.7726	-2288.510379	
AL6G39080	AL1G02000	0.9949	241.1	670.9	0.1359	0.1237	0.9102	-1835.236754	
AL6G39120	AL1G01990	0.7638	377.1	1038.9	0.1818	0.1158	0.6370	-2762.783382	
AL6G39180	AL1G01970	0.7559	104.8	510.2	0.0324	0.0414	1.2770	-1104.015384	
AL6G39200	AL1G01960	1.5281	127.6	472.4	0.3543	0.3671	1.0361	-1359.080128	
AL6G39380	AL1G01820	1.1697	389.0	1111.0	0.2203	0.2033	0.9229	-3233.362355	
AL6G39400	AL1G01780	0.5164	150.0	429.0	0.0072	0.0047	0.6509	-949.503431	
AL6G39410	AL1G01770	1.0080	140.5	474.5	0.2154	0.1834	0.8513	-1259.836266	
AL6G39470	AL1G01760	1.8002	429.3	1472.7	0.3826	0.4399	1.1497	-4445.878257	
AL6G39240	AL1G01850	0.8598	111.9	374.1	0.2121	0.1545	0.7284	-981.194284	
AL6G39260	AL1G01860	1.5965	90.3	353.7	0.2289	0.3157	1.3795	-983.177037	
AL6G39280	AL1G01880	0.9929	184.4	541.6	0.1426	0.1310	0.9183	-1466.976648	
AL6G39580	AL1G01590	0.9942	156.3	512.7	0.2091	0.1759	0.8414	-1384.819836	
AL6G39590	AL1G01600	1.0091	360.1	1043.9	0.1663	0.1471	0.8849	-2883.691604	
AL6G39640	AL1G01670	1.0946	293.0	859.0	0.1524	0.1511	0.9914	-2365.588157	
AL6G39650	AL1G01680	6.7254	160.9	466.1	0.0653	0.4795	7.3463	-1524.489422	
AL6G39690	AL1G01700	0.5236	305.8	825.2	0.0267	0.0161	0.6022	-1905.046992	
AL6G39700	AL1G01710	2.1754	217.7	613.3	0.3193	0.4653	1.4571	-2010.473611	
AL6G39710	AL1G01720	1.1454	593.8	1572.2	0.0974	0.1078	1.1073	-4284.506572	
AL6G40030	AL1G01350	0.9416	184.8	487.2	0.2951	0.1895	0.6420	-1375.125866	
AL6G40080	AL1G01340	1.4571	120.7	443.3	0.2393	0.2890	1.2078	-1278.311418	
AL6G40090	AL1G01320	0.6962	147.7	482.3	0.0783	0.0617	0.7883	-1153.665264	
AL6G40140	AL1G01300	3.1188	260.1	741.9	0.1918	0.4966	2.5885	-2427.423035	
AL6G37560	AL1G03040	1.0362	128.8	330.2	0.1007	0.0985	0.9784	-874.777463	
AL6G37720	AL1G02970	0.9672	141.7	305.3	0.1318	0.1044	0.7921	-872.545875	
AL6G37730	AL1G02950	0.7206	127.9	334.1	0.1498	0.0934	0.6237	-892.244140	
AL6G37820	AL1G02900	0.6538	195.5	680.5	0.1584	0.0997	0.6295	-1676.375733	
AL6G37840	AL1G02880	0.7466	266.3	768.7	0.1611	0.1064	0.6601	-2001.916411	
AL6G37940	AL1G02830	0.7806	277.3	913.7	0.1271	0.1001	0.7876	-2321.794485	
AL6G38070	AL1G02780	0.6607	280.4	814.6	0.0975	0.0654	0.6702	-2020.292606	
AL6G38170	AL1G02760	0.9125	283.7	880.3	0.1929	0.1506	0.7808	-2378.970985	
AL6G38200	AL1G02750	1.2063	216.1	680.9	0.2535	0.2352	0.9279	-1931.853055	
AL6G38250	AL1G02700	0.8253	475.7	1519.3	0.2816	0.1710	0.6074	-4027.425779	
AL6G38780	AL1G02320	0.7679	211.3	565.7	0.1151	0.0828	0.7196	-1480.299604	
AL6G38940	AL1G02070	1.4824	202.0	572.0	0.2579	0.2822	1.0943	-1732.314659	
AL6G38950	AL1G02060	1.4493	176.5	528.5	0.2110	0.2495	1.1825	-1575.934107	
AL3G20540	AL1G43690	1.1497	100.2	310.8	0.0531	0.0717	1.3495	-790.821209	
AL3G20620	AL1G43740	0.8601	191.5	609.5	0.2155	0.1533	0.7113	-1573.269304	
AL3G20650	AL1G43820	0.6195	214.4	574.6	0.0877	0.0540	0.6152	-1423.000096	
AL3G20660	AL1G43840	0.9502	259.3	850.7	0.1563	0.1401	0.8961	-2251.357096	
AL3G20700	AL1G43920	0.5475	804.3	2408.7	0.1204	0.0645	0.5358	-5863.855310	
AL3G20830	AL1G44020	1.6326	189.6	620.4	0.1982	0.2795	1.4100	-1819.327611	
AL3G20840	AL1G44060	0.9601	209.3	660.7	0.1885	0.1572	0.8341	-1774.719747	
AL3G20850	AL1G44070	1.8428	330.5	968.5	0.3373	0.4096	1.2141	-3083.443095	
AL3G20860	AL1G44080	1.0886	263.3	786.7	0.1516	0.1510	0.9960	-2151.698843	
AL3G20870	AL1G44090	5.3582	184.2	709.8	0.9326	1.7599	1.8871	-2385.484397	
AL3G20940	AL1G44130	0.8218	145.8	385.2	0.1323	0.0978	0.7392	-1041.742886	
AL3G21040	AL1G44180	0.8559	342.6	908.4	0.1630	0.1186	0.7273	-2436.513068	
AL3G21050	AL1G44200	2.1307	117.4	374.6	0.4602	0.5549	1.2058	-1201.166753	
AL3G21100	AL1G44210	0.9059	271.0	806.0	0.0854	0.0817	0.9570	-2083.217693	
AL3G21170	AL1G44260	0.6497	384.5	1172.5	0.1408	0.0864	0.6135	-2936.628738	
AL3G21180	AL1G44270	4.0651	124.9	337.1	0.1935	0.6373	3.2928	-1168.624391	
AL3G21290	AL1G44410	1.1215	170.0	541.0	0.1181	0.1343	1.1365	-1461.312412	
AL3G21310	AL1G44440	1.0612	322.2	880.8	0.1322	0.1282	0.9701	-2464.095572	
AL3G21320	AL1G44470	12.5310	110.6	345.4	0.0279	0.4418	15.8485	-1101.587273	
AL3G21340	AL1G44480	1.4287	260.1	786.9	0.2354	0.2636	1.1196	-2318.539443	
AL3G21360	AL1G44560	0.6667	332.0	928.0	0.0999	0.0659	0.6593	-2330.143565	
AL3G21510	AL1G44640	0.7651	502.4	1507.6	0.2166	0.1339	0.6183	-3983.687281	
AL3G21530	AL1G44730	1.1975	320.5	1029.5	0.2933	0.2539	0.8657	-2938.453524	
AL3G21670	AL1G44750	50.0000	405.4	1019.6	0.0042	0.2439	57.9706	-3173.829051	
AL3G21760	AL1G44820	0.5293	743.4	2343.6	0.1123	0.0608	0.5411	-5555.783286	
AL3G21780	AL1G44830	0.4042	195.2	701.8	0.0121	0.0072	0.5933	-1451.352020	
AL3G21800	AL1G44870	1.0512	187.8	661.2	0.2387	0.2054	0.8607	-1801.301870	
AL3G21810	AL1G44880	0.8098	508.5	1786.5	0.2059	0.1455	0.7070	-4578.494308	
AL3G21870	AL1G44930	0.7870	367.8	1045.2	0.1434	0.1027	0.7160	-2722.182555	
AL3G21890	AL1G44970	0.4734	117.1	320.9	0.0422	0.0223	0.5290	-745.080049	
AL3G21930	AL1G45010	1.6630	383.4	1029.6	0.2752	0.3233	1.1747	-3203.694982	
AL3G22000	AL1G45090	1.8898	299.3	960.7	0.3461	0.4348	1.2563	-3022.624756	
AL3G22120	AL1G45110	1.1273	300.3	947.7	0.0689	0.0884	1.2826	-2450.609632	
AL3G22130	AL1G45130	1.8487	140.5	348.5	0.2539	0.3342	1.3162	-1139.651401	
AL3G22170	AL1G45170	0.8198	323.4	1035.6	0.1882	0.1349	0.7165	-2673.655871	
AL3G22230	AL1G45230	0.5702	178.2	595.8	0.0377	0.0277	0.7332	-1313.963441	
AL3G22510	AL1G45520	0.7309	343.4	1093.6	0.1816	0.1173	0.6459	-2791.293042	
AL3G22630	AL1G45690	0.5579	181.0	686.0	0.0911	0.0603	0.6622	-1563.784929	
AL3G22780	AL1G45770	1.2511	269.4	897.6	0.2028	0.2186	1.0780	-2503.017768	
AL3G22870	AL1G45820	1.1068	286.0	773.0	0.1755	0.1626	0.9265	-2245.853366	
AL3G22880	AL1G45840	0.9906	245.2	741.8	0.0450	0.0527	1.1697	-1830.798794	
AL3G22930	AL1G45880	0.9794	173.2	636.8	0.1247	0.1305	1.0471	-1632.842997	
AL5G15680	AL8G25030	0.9886	229.8	730.2	0.2900	0.2078	0.7165	-2009.324345	
AL5G15810	AL8G24880	0.7330	298.9	958.1	0.2066	0.1277	0.6182	-2481.867600	
AL5G15890	AL8G24770	0.8850	109.4	409.6	0.1471	0.1328	0.9024	-1016.802390	
AL5G15930	AL8G24760	1.0476	152.6	531.4	0.1200	0.1325	1.1038	-1387.587440	
AL5G15980	AL8G24620	1.9426	224.3	645.7	0.3154	0.4152	1.3164	-2070.998387	
AL5G16000	AL8G24600	0.8700	176.2	447.8	0.1329	0.1021	0.7678	-1225.542814	
AL5G15330	AL8G25190	8.0035	325.0	1052.0	0.0886	0.7782	8.7840	-3534.508918	
AL5G15350	AL8G25240	0.6361	195.9	683.1	0.0442	0.0364	0.8243	-1545.727670	
AL5G15370	AL8G25250	0.5143	162.6	449.4	0.0638	0.0350	0.5486	-1062.897589	
AL5G15430	AL8G25350	1.2681	93.5	266.5	0.4360	0.3164	0.7258	-777.829196	
AL5G12530	AL8G27110	16.2239	366.6	1397.4	0.0513	1.1159	21.7705	-4648.376158	
AL5G12790	AL8G27070	50.0000	305.0	970.0	0.0161	1.0688	66.2688	-3370.273504	
AL5G13050	AL8G26910	4.1752	437.8	1149.2	0.0412	0.1877	4.5528	-3464.751202	
AL5G13090	AL8G26900	0.8896	496.5	1588.5	0.1349	0.1174	0.8698	-4114.360806	
AL5G13270	AL8G26830	1.1515	92.5	288.5	0.1779	0.1808	1.0166	-815.578720	
AL5G13330	AL8G26690	0.7489	176.5	519.5	0.1400	0.0976	0.6973	-1328.836869	
AL5G13380	AL8G26650	1.6356	274.0	866.0	0.3132	0.3571	1.1399	-2626.930098	
AL5G13430	AL8G26610	0.6905	610.0	1982.0	0.2085	0.1215	0.5831	-5019.958346	
AL5G13440	AL8G26560	0.9891	225.6	632.4	0.1798	0.1499	0.8338	-1742.410346	
AL5G13470	AL8G26490	1.9963	311.5	954.5	0.2985	0.4216	1.4126	-3036.983883	
AL5G13550	AL8G26300	1.9508	82.9	307.1	0.4645	0.5223	1.1243	-945.431573	
AL5G13730	AL8G26470	1.0517	188.1	516.9	0.1744	0.1549	0.8882	-1447.236449	
AL5G13740	AL8G26460	0.7868	196.4	586.6	0.1100	0.0865	0.7871	-1490.245722	
AL5G13760	AL8G26440	1.9665	149.9	531.1	0.5105	0.5412	1.0603	-1680.020298	
AL5G13780	AL8G26410	0.8525	644.2	2208.8	0.2779	0.1791	0.6444	-5845.763798	
AL5G14050	AL8G26210	0.8415	637.5	1834.5	0.1269	0.1011	0.7967	-4814.189852	
AL5G14090	AL8G26270	13.8563	249.6	770.4	0.0518	0.8430	16.2736	-2647.139919	
AL5G14300	AL8G26020	0.5236	151.9	460.1	0.0238	0.0156	0.6558	-1042.145488	
AL5G14310	AL8G26000	1.2748	91.0	329.0	0.2023	0.2291	1.1326	-912.939819	
AL5G14380	AL8G25970	1.3968	200.6	651.4	0.1594	0.2077	1.3028	-1849.251369	
AL5G14400	AL8G25950	1.8516	140.5	540.5	0.2334	0.3679	1.5762	-1597.336447	
AL5G14450	AL8G25900	0.6559	262.1	760.9	0.0901	0.0609	0.6764	-1876.037248	
AL5G14580	AL8G25880	0.9181	97.9	349.1	0.0786	0.0858	1.0915	-838.310369	
AL5G14720	AL8G25810	50.0000	225.5	698.5	0.0141	0.9210	65.4274	-2428.058135	
AL5G14800	AL8G25440	0.5690	235.5	769.5	0.0210	0.0159	0.7572	-1717.150529	
AL5G14820	AL8G25450	0.5598	92.4	351.6	0.0285	0.0231	0.8085	-750.605997	
AL5G14950	AL8G25530	0.6030	290.8	834.2	0.0010	0.0008	0.7754	-1842.515908	
AL5G15020	AL8G25540	1.2762	135.1	389.9	0.3626	0.2929	0.8079	-1170.925226	
AL5G15040	AL8G25590	1.0394	345.9	1082.1	0.3353	0.2341	0.6981	-3090.396989	
AL5G15060	AL8G25610	1.1014	402.5	1241.5	0.2053	0.1885	0.9181	-3495.009691	
AL5G15080	AL8G25720	1.4723	172.0	485.0	0.1129	0.1606	1.4220	-1381.341853	
AL5G15100	AL8G25740	1.5416	183.5	581.5	0.2883	0.3228	1.1196	-1765.974063	
AL5G15110	AL8G25750	1.6964	179.8	492.2	0.3203	0.3607	1.1261	-1559.572313	
AL5G15280	AL8G25810	7.2646	144.3	449.7	0.1109	0.8214	7.4062	-1522.443241	
AL5G15330	AL8G25770	9.7349	300.8	1037.2	0.0569	0.6866	12.0677	-3409.822923	
AL4G01630	AL7G01920	1.1465	77.0	232.0	0.0610	0.0790	1.2954	-594.207616	
AL4G01650	AL7G01940	1.3977	199.0	563.0	0.2694	0.2727	1.0124	-1715.237144	
AL4G01660	AL7G01970	0.9086	226.6	781.4	0.1539	0.1354	0.8801	-1998.618031	
AL4G01680	AL7G01980	2.8563	114.7	410.3	0.4139	0.7271	1.7569	-1351.690560	
AL4G01700	AL7G02010	0.7765	329.1	1200.9	0.0254	0.0279	1.1013	-2663.294849	
AL4G01740	AL7G02090	1.0942	197.4	597.6	0.3412	0.2466	0.7225	-1716.352244	
AL4G01750	AL7G02120	1.1155	132.1	461.9	0.1355	0.1537	1.1342	-1219.385309	
AL4G01790	AL7G02190	0.8443	359.7	1092.3	0.0686	0.0645	0.9401	-2733.934691	
AL4G01810	AL7G02230	1.2826	160.8	541.2	0.4221	0.3255	0.7711	-1580.349577	
AL4G01850	AL7G02270	1.2637	120.2	356.8	0.3468	0.2857	0.8238	-1053.609598	
AL4G01860	AL7G02210	50.0000	306.0	981.0	0.0098	0.6694	67.9603	-3275.740558	
AL4G01890	AL7G02330	2.1944	158.9	477.1	0.1261	0.2678	2.1232	-1389.109981	
AL4G01930	AL7G02410	0.7133	205.1	541.9	0.1545	0.0950	0.6150	-1414.039697	
AL4G02020	AL7G02660	50.0000	126.4	500.6	0.0083	0.6618	80.0487	-1582.575583	
AL4G02080	AL7G02560	2.6735	463.5	1435.5	0.1173	0.3141	2.6785	-4362.944144	
AL4G02100	AL7G02700	0.9664	165.9	590.1	0.1852	0.1639	0.8850	-1529.256749	
AL4G02120	AL7G02740	1.0123	259.9	820.1	0.1939	0.1687	0.8700	-2213.757400	
AL4G02240	AL7G02810	0.8640	170.0	520.0	0.1627	0.1270	0.7807	-1374.063021	
AL4G02300	AL7G02840	1.0132	326.6	975.4	0.1022	0.1054	1.0316	-2561.093945	
AL4G02310	AL7G02850	1.2922	408.2	1112.8	0.0974	0.1236	1.2681	-3125.414564	
AL4G02320	AL7G02870	1.7302	230.9	681.1	0.2104	0.2958	1.4058	-2079.866760	
AL4G02330	AL7G02880	1.2066	171.4	503.6	0.2809	0.2437	0.8678	-1495.970133	
AL4G02390	AL7G02930	1.1896	287.5	885.5	0.1487	0.1650	1.1097	-2460.428462	
AL4G02470	AL7G03030	0.7519	678.0	1989.0	0.0356	0.0317	0.8927	-4690.596439	
AL4G02620	AL7G03070	0.8573	271.5	727.5	0.0629	0.0566	0.8997	-1870.689628	
AL4G02750	AL7G03220	1.1613	235.4	628.6	0.0956	0.1082	1.1317	-1711.251444	
AL4G02800	AL7G03300	1.0246	435.5	1277.5	0.0605	0.0690	1.1408	-3282.904274	
AL4G02840	AL7G03240	3.1766	370.4	1036.6	0.1424	0.4095	2.8763	-3403.642613	
AL4G02850	AL7G03430	27.1560	305.3	954.7	0.0368	1.2341	33.4942	-3377.066206	
AL4G02950	AL7G03420	0.7476	613.3	1777.7	0.1739	0.1123	0.6459	-4661.594176	
AL4G03010	AL7G03490	4.5717	103.7	376.3	0.1169	0.5788	4.9524	-1165.438006	
AL4G03110	AL7G03530	0.6819	372.4	1208.6	0.0777	0.0599	0.7706	-2900.288146	
AL4G03300	AL7G03700	0.6829	363.0	1347.0	0.0596	0.0523	0.8782	-3091.207698	
AL4G03310	AL7G03710	1.4491	271.8	928.2	0.2070	0.2586	1.2493	-2652.369825	
AL4G03330	AL7G03740	1.3057	195.8	569.2	0.2403	0.2406	1.0010	-1674.188064	
AL4G03390	AL7G03760	0.9133	398.2	1140.8	0.1532	0.1253	0.8177	-3094.506300	
AL4G03440	AL7G03830	1.9606	151.6	385.4	0.3746	0.4441	1.1856	-1264.791024	
AL4G03460	AL7G03890	1.4633	216.8	656.2	0.2353	0.2699	1.1471	-1937.223291	
AL4G03530	AL7G03900	1.5864	379.3	1189.7	0.2686	0.3189	1.1871	-3596.506793	
AL4G03560	AL7G03950	1.0118	209.6	696.4	0.1766	0.1623	0.9188	-1866.355072	
AL4G03570	AL7G03970	1.7926	272.5	762.5	0.1726	0.2642	1.5303	-2323.821779	
AL5G04740	AL1G13760	1.2573	372.5	1079.5	0.0881	0.1147	1.3013	-2915.574286	
AL5G04750	AL1G13750	2.7245	337.5	1078.5	0.1131	0.3165	2.7987	-3290.829128	
AL5G04770	AL1G13700	1.6027	388.9	1072.1	0.2564	0.3015	1.1758	-3311.525414	
AL5G04960	AL1G13650	0.5064	152.1	405.9	0.0356	0.0202	0.5656	-946.449040	
AL5G04970	AL1G13640	1.3109	208.7	532.3	0.2440	0.2333	0.9564	-1630.617724	
AL5G05030	AL1G13610	0.8317	371.7	1149.3	0.1274	0.1037	0.8139	-2909.155033	
AL5G05110	AL1G13600	0.9387	248.0	769.0	0.1498	0.1312	0.8763	-2035.915847	
AL5G05120	AL1G13590	2.1022	140.1	585.9	0.1442	0.3266	2.2648	-1678.692193	
AL5G05140	AL1G13570	1.3005	333.6	911.4	0.1794	0.1948	1.0858	-2662.621893	
AL5G05280	AL1G13550	0.5500	206.3	825.7	0.0343	0.0276	0.8065	-1747.911987	
AL5G05310	AL1G13540	0.6843	206.4	795.6	0.0502	0.0465	0.9278	-1781.769832	
AL5G05320	AL1G13530	0.6087	303.6	860.4	0.0801	0.0508	0.6340	-2086.011689	
AL5G05360	AL1G13510	0.6275	102.4	398.6	0.1449	0.0948	0.6543	-926.154903	
AL5G05430	AL1G13490	1.0946	251.1	879.9	0.1138	0.1338	1.1749	-2308.993903	
AL5G05480	AL1G13480	1.4538	276.0	858.0	0.0877	0.1372	1.5645	-2341.408202	
AL5G05520	AL1G13450	0.8855	455.7	1236.3	0.0707	0.0650	0.9196	-3187.354973	
AL5G04020	AL1G13840	0.7732	895.4	2617.6	0.0748	0.0621	0.8297	-6513.925897	
AL5G04170	AL1G13900	1.0017	132.1	407.9	0.1822	0.1591	0.8735	-1089.853590	
AL5G04180	AL1G13910	0.9424	234.4	758.6	0.1841	0.1535	0.8340	-2010.158910	
AL5G04220	AL1G13920	1.3413	184.5	562.5	0.2673	0.2666	0.9973	-1681.017731	
AL5G04250	AL1G13970	1.4905	195.5	578.5	0.2372	0.2742	1.1558	-1709.529886	
AL5G04260	AL1G14000	0.5444	452.9	1308.1	0.0408	0.0257	0.6311	-3017.981744	
AL5G04390	AL1G14030	1.1112	131.7	378.3	0.2625	0.2146	0.8177	-1063.434375	
AL5G04520	AL1G14090	9.8753	303.3	1049.7	0.0665	0.7934	11.9386	-3433.455576	
AL5G04540	AL1G14130	0.8713	159.7	602.3	0.1404	0.1272	0.9061	-1503.211247	
AL5G04580	AL1G14140	0.8124	342.6	1082.4	0.1262	0.1016	0.8054	-2747.402142	
AL5G02370	AL1G15070	0.7653	232.5	832.5	0.0754	0.0694	0.9201	-1981.863865	
AL5G02480	AL1G15020	1.0188	208.7	673.3	0.2786	0.2106	0.7558	-1839.949956	
AL5G02510	AL1G15000	1.0569	160.9	496.1	0.2530	0.2044	0.8082	-1393.819368	
AL5G02520	AL1G14980	1.0662	342.4	1082.6	0.2817	0.2204	0.7823	-3033.259625	
AL5G02540	AL1G14960	2.6147	144.7	482.3	0.1921	0.4423	2.3027	-1509.248550	
AL5G02720	AL1G14900	0.9076	268.6	946.4	0.1912	0.1563	0.8176	-2454.420909	
AL5G02820	AL1G14810	2.6826	372.5	1136.5	0.1603	0.3899	2.4327	-3573.864443	
AL5G02850	AL1G14760	0.8482	322.9	982.1	0.1085	0.0932	0.8593	-2521.897159	
AL5G02860	AL1G14750	1.1107	139.6	475.4	0.1782	0.1809	1.0149	-1284.966257	
AL5G02950	AL1G14700	1.6325	144.0	495.0	0.2215	0.3037	1.3710	-1450.476607	
AL5G03080	AL1G14630	1.1391	446.2	1479.8	0.1300	0.1489	1.1453	-3954.972946	
AL5G03100	AL1G14610	1.3873	236.8	795.2	0.2275	0.2599	1.1425	-2240.216571	
AL5G03110	AL1G14590	0.6439	407.2	1260.8	0.1393	0.0856	0.6142	-3134.220772	
AL5G03130	AL1G14580	1.7725	81.9	275.1	0.3058	0.3885	1.2706	-831.975223	
AL5G03530	AL1G14360	0.7622	387.0	1182.0	0.1554	0.1086	0.6985	-3051.651135	
AL5G03860	AL1G14240	1.2817	159.9	569.1	0.1535	0.1933	1.2595	-1518.728287	
AL4G03580	AL7G11140	1.8587	189.1	596.9	0.0889	0.1788	2.0105	-1650.248116	
AL4G03700	AL7G11090	0.7622	219.9	632.1	0.1200	0.0878	0.7319	-1603.287968	
AL4G03720	AL7G11060	0.7536	120.1	398.9	0.1404	0.1039	0.7404	-1005.129449	
AL4G03740	AL7G11040	1.0646	328.1	976.9	0.1835	0.1675	0.9128	-2755.175801	
AL4G03760	AL7G11000	1.1404	162.3	569.7	0.0886	0.1159	1.3080	-1441.591397	
AL4G03770	AL7G10990	0.7645	452.8	1296.2	0.0948	0.0734	0.7743	-3315.996023	
AL4G03830	AL7G10920	0.7002	111.3	317.7	0.0755	0.0559	0.7401	-767.825654	
AL4G03870	AL7G10860	0.7171	205.4	613.6	0.1459	0.0968	0.6637	-1551.681437	
AL4G03880	AL7G10850	0.8207	214.1	634.9	0.1513	0.1133	0.7488	-1679.403447	
AL4G03890	AL7G10830	1.0280	448.7	1294.3	0.2108	0.1745	0.8278	-3614.874686	
AL4G03980	AL7G10790	1.0414	318.5	1019.5	0.2119	0.1841	0.8689	-2787.572571	
AL4G03990	AL7G10770	0.5604	129.2	347.8	0.0330	0.0209	0.6335	-809.220717	
AL4G04050	AL7G10720	0.9291	277.5	715.5	0.2159	0.1537	0.7120	-2026.229450	
AL4G04200	AL7G10630	0.7022	415.6	1141.4	0.0830	0.0592	0.7141	-2828.746024	
AL4G04300	AL7G10610	0.9702	265.0	923.0	0.0391	0.0499	1.2760	-2193.804072	
AL4G04350	AL7G10590	0.8052	217.2	529.8	0.2109	0.1285	0.6095	-1477.637562	
AL4G04430	AL7G10570	0.6886	353.2	1047.8	0.2120	0.1185	0.5590	-2727.516754	
AL4G04450	AL7G10550	0.8173	374.5	1215.5	0.1987	0.1397	0.7032	-3191.186668	
AL4G04470	AL7G10530	0.9623	197.1	648.9	0.0923	0.0974	1.0558	-1651.808206	
AL4G04480	AL7G10480	0.9394	297.3	899.7	0.2481	0.1787	0.7201	-2499.987234	
AL4G04550	AL7G10400	0.7911	245.0	721.0	0.0650	0.0567	0.8729	-1787.942125	
AL4G04650	AL7G10260	0.8533	332.1	909.9	0.2790	0.1682	0.6029	-2484.682865	
AL4G04670	AL7G10230	1.2075	120.3	392.7	0.2619	0.2423	0.9252	-1074.058622	
AL4G04790	AL7G10170	0.9482	243.9	917.1	0.1932	0.1683	0.8714	-2366.862970	
AL4G04870	AL7G10150	1.0696	206.8	708.2	0.2004	0.1875	0.9356	-1924.389755	
AL4G04930	AL7G10030	1.0303	168.7	470.3	0.2201	0.1775	0.8062	-1353.473687	
AL4G04970	AL7G10010	0.6812	119.3	348.7	0.0644	0.0483	0.7494	-831.947372	
AL4G05060	AL7G10000	0.4965	391.9	1147.1	0.0721	0.0387	0.5366	-2692.868139	
AL4G05070	AL7G09920	0.5592	150.6	476.4	0.1438	0.0767	0.5334	-1139.304679	
AL4G05080	AL7G09870	1.9840	259.3	790.7	0.4403	0.5033	1.1432	-2509.067003	
AL4G05180	AL7G09890	1.3976	606.5	1664.5	0.2225	0.2410	1.0831	-4975.582011	
AL4G05390	AL7G09810	50.0000	113.2	381.8	0.0085	0.6045	70.8566	-1216.637846	
AL4G05560	AL7G09850	1.2379	110.5	285.5	0.1768	0.1795	1.0153	-832.418926	
AL4G05580	AL7G09840	0.3475	136.6	406.4	0.0295	0.0125	0.4232	-888.917713	
AL4G05610	AL7G09810	1.1343	249.4	683.6	0.1851	0.1737	0.9384	-1967.289035	
AL5G05540	AL7G36530	1.2250	508.4	1498.6	0.3194	0.2652	0.8303	-4444.522724	
AL5G05660	AL7G36610	1.0390	396.7	1142.3	0.2153	0.1786	0.8293	-3222.137971	
AL5G05700	AL7G36640	1.2026	225.4	713.6	0.3241	0.2671	0.8243	-2052.339461	
AL5G05710	AL7G36650	0.6734	219.8	653.2	0.0996	0.0685	0.6879	-1626.611814	
AL5G05780	AL7G36680	3.7692	93.8	446.2	0.1530	0.6406	4.1870	-1330.667016	
AL5G05800	AL7G36710	0.7416	540.4	1412.6	0.1218	0.0825	0.6777	-3694.780297	
AL5G05880	AL7G36780	0.9319	235.1	739.9	0.0401	0.0458	1.1439	-1781.534085	
AL5G05900	AL7G36800	1.3003	144.9	443.1	0.3095	0.2797	0.9035	-1286.553872	
AL5G05980	AL7G36830	0.6902	181.8	538.2	0.0894	0.0644	0.7204	-1336.531241	
AL5G06030	AL7G36850	0.5420	352.3	940.7	0.0907	0.0484	0.5338	-2293.520538	
AL5G06050	AL7G36860	1.5043	123.3	422.7	0.2519	0.3002	1.1917	-1227.851239	
AL5G06130	AL7G36910	0.9337	265.1	946.9	0.0939	0.1000	1.0654	-2376.133608	
AL5G06140	AL7G37030	0.5555	229.1	691.9	0.0511	0.0329	0.6450	-1597.619441	
AL5G06150	AL7G37040	1.2668	160.7	529.3	0.2455	0.2461	1.0025	-1507.899338	
AL5G06200	AL7G37070	0.7368	218.6	609.4	0.0937	0.0691	0.7376	-1541.549186	
AL5G06230	AL7G37080	0.6325	347.9	1146.1	0.0651	0.0486	0.7454	-2678.860406	
AL5G06370	AL7G37140	0.8828	420.8	1136.2	0.2492	0.1622	0.6509	-3206.338772	
AL5G06410	AL7G37160	1.3433	139.1	592.9	0.2993	0.3099	1.0354	-1596.181391	
AL5G06450	AL7G37210	0.5729	137.3	456.7	0.0654	0.0444	0.6787	-1061.603053	
AL5G06460	AL7G37230	1.0171	442.5	1183.5	0.1648	0.1425	0.8647	-3298.481280	
AL5G06520	AL7G37270	1.2682	171.7	518.3	0.4661	0.3290	0.7058	-1522.545621	
AL5G06570	AL7G37280	0.4671	203.8	615.2	0.0227	0.0133	0.5857	-1383.241836	
AL5G06600	AL7G37320	0.6432	199.8	628.2	0.0941	0.0645	0.6857	-1507.133297	
AL5G06680	AL7G37330	0.9355	93.5	257.5	0.0455	0.0474	1.0405	-637.371993	
AL5G06690	AL7G37360	1.1043	225.7	725.3	0.2585	0.2190	0.8471	-2020.692836	
AL5G06770	AL7G37470	2.0483	145.0	368.0	0.1345	0.2423	1.8006	-1147.241818	
AL5G06900	AL7G37460	4.1762	145.9	499.1	0.3846	1.0220	2.6577	-1634.820372	
AL5G06970	AL7G37620	50.0000	245.9	693.1	0.0150	0.9185	61.0625	-2427.938022	
AL5G07210	AL7G37710	50.0000	183.1	506.9	0.0088	0.5370	61.3355	-1672.857190	
AL5G07270	AL7G37740	2.9375	276.6	722.4	0.1634	0.4050	2.4787	-2361.415479	
AL5G07330	AL7G37820	0.6493	127.5	418.5	0.1810	0.1052	0.5814	-1044.258279	
AL5G07340	AL7G37810	1.1154	235.1	751.9	0.1859	0.1820	0.9790	-2066.944786	
AL5G07390	AL7G37870	1.3985	225.5	680.5	0.1088	0.1534	1.4102	-1882.018776	
AL4G00080	AL7G00410	1.3393	296.4	942.6	0.2074	0.2332	1.1244	-2687.293434	
AL4G00150	AL7G00540	1.0974	103.8	256.2	0.1166	0.1149	0.9851	-683.905078	
AL4G00200	AL7G00570	50.0000	130.5	376.5	0.0084	0.5329	63.2324	-1257.016522	
AL4G00220	AL7G00590	0.7876	269.3	702.7	0.1625	0.1082	0.6655	-1880.498200	
AL4G00230	AL7G00600	0.7610	117.0	372.0	0.0724	0.0624	0.8616	-896.848109	
AL4G00240	AL7G00630	1.3312	270.1	653.9	0.1752	0.1867	1.0658	-1962.254250	
AL4G00300	AL7G00650	0.5990	238.2	565.8	0.0631	0.0370	0.5861	-1418.051828	
AL4G00360	AL7G00780	1.0041	197.4	576.6	0.2302	0.1806	0.7847	-1612.192716	
AL4G00420	AL7G00830	0.9059	207.3	674.7	0.1719	0.1416	0.8238	-1778.804492	
AL4G00450	AL7G00850	0.9438	441.4	1370.6	0.2033	0.1610	0.7916	-3743.109916	
AL4G00470	AL7G00860	0.9859	106.1	358.9	0.1462	0.1409	0.9638	-932.835815	
AL4G00480	AL7G00870	0.7256	293.2	741.8	0.0424	0.0327	0.7711	-1844.077856	
AL4G00510	AL7G00950	2.2761	437.1	1116.9	0.1176	0.2439	2.0739	-3475.080325	
AL4G00600	AL7G00990	0.5233	644.9	1791.1	0.1164	0.0579	0.4979	-4380.879505	
AL4G00610	AL7G01000	1.1024	217.7	766.3	0.0741	0.0976	1.3171	-1941.708705	
AL4G00670	AL7G01030	2.3745	328.1	982.9	0.1985	0.3936	1.9833	-3119.663831	
AL4G00690	AL7G01050	2.2744	122.2	348.8	0.2486	0.4248	1.7091	-1122.397014	
AL4G00700	AL7G01060	0.8074	295.9	886.1	0.2377	0.1493	0.6281	-2398.621238	
AL4G00720	AL7G01070	0.7264	227.6	705.4	0.1514	0.1023	0.6757	-1784.781601	
AL4G00730	AL7G01090	0.8580	365.2	1140.8	0.1237	0.1052	0.8505	-2932.141418	
AL4G00770	AL7G01110	1.2072	184.6	592.4	0.5089	0.3273	0.6433	-1702.195084	
AL4G00790	AL7G01140	0.6437	373.8	1132.2	0.1281	0.0798	0.6229	-2821.444416	
AL4G00800	AL7G01150	0.5808	127.5	436.5	0.0881	0.0580	0.6579	-1033.664038	
AL4G00880	AL7G01180	2.8456	233.4	717.6	0.3080	0.6114	1.9853	-2388.791289	
AL4G00910	AL7G01230	0.6926	338.2	1062.8	0.1697	0.1058	0.6237	-2704.759982	
AL4G00960	AL7G01270	1.0763	267.2	794.8	0.1253	0.1301	1.0387	-2141.249555	
AL4G00990	AL7G01290	0.6926	568.8	1636.2	0.0305	0.0251	0.8228	-3856.266208	
AL4G01010	AL7G01310	0.5332	512.1	1578.9	0.0684	0.0410	0.5994	-3680.198381	
AL4G01130	AL7G01460	1.6947	369.0	1086.0	0.1967	0.2775	1.4108	-3272.522654	
AL4G01190	AL7G01530	0.8508	195.7	596.3	0.1680	0.1276	0.7592	-1544.556653	
AL4G01200	AL7G01540	3.7086	264.4	707.6	0.1412	0.4658	3.2980	-2346.295927	
AL5G00430	AL1G15810	0.7850	369.5	1013.5	0.1541	0.1061	0.6884	-2705.906129	
AL5G00480	AL1G15770	0.9259	93.4	353.6	0.1444	0.1379	0.9551	-864.350649	
AL5G00570	AL1G15760	0.9907	309.1	995.9	0.1418	0.1357	0.9570	-2636.221900	
AL5G00640	AL1G15730	2.0525	169.1	421.9	0.1706	0.2861	1.6771	-1314.185808	
AL5G00650	AL1G15720	1.0993	155.3	423.7	0.1755	0.1622	0.9240	-1217.963599	
AL5G00720	AL1G15680	0.8119	110.1	396.9	0.1305	0.1106	0.8472	-980.333407	
AL5G00930	AL1G15550	0.8274	176.9	639.1	0.0838	0.0818	0.9764	-1551.258272	
AL5G00950	AL1G15530	2.9392	220.7	739.3	0.1023	0.3247	3.1742	-2215.350877	
AL5G00990	AL1G15520	0.7903	381.6	1262.4	0.1326	0.1046	0.7888	-3152.117245	
AL5G01020	AL1G15490	1.8950	230.9	633.1	0.1955	0.3008	1.5388	-1966.073018	
AL5G01030	AL1G15480	1.8196	143.9	492.1	0.0704	0.1521	2.1604	-1317.556058	
AL5G01100	AL1G15460	0.8436	352.2	1132.8	0.0947	0.0861	0.9087	-2849.565118	
AL5G01120	AL1G15450	0.9011	570.8	1661.2	0.2040	0.1503	0.7370	-4530.343310	
AL5G01200	AL1G15400	1.9977	140.0	529.0	0.4408	0.5262	1.1938	-1633.640460	
AL5G01370	AL1G15340	0.6305	248.1	624.9	0.0836	0.0511	0.6110	-1577.562686	
AL5G01660	AL1G15250	0.6470	172.1	553.9	0.1146	0.0762	0.6645	-1345.198412	
AL5G01670	AL1G15220	0.7358	589.5	2071.5	0.1832	0.1234	0.6735	-5200.204543	
AL5G01740	AL1G15190	1.0143	123.0	465.0	0.2798	0.2198	0.7853	-1256.053844	
AL5G01840	AL1G15160	1.1254	299.4	903.6	0.1312	0.1417	1.0796	-2462.208974	
AL5G01860	AL1G15150	0.9592	88.0	236.0	0.1269	0.1115	0.8783	-641.947146	
AL5G01880	AL1G15140	0.4286	106.0	338.0	0.0101	0.0059	0.5796	-728.927553	
AL5G01890	AL1G15130	1.9587	299.4	924.6	0.3487	0.4481	1.2852	-2953.537217	
AL5G01900	AL1G15120	1.1032	415.8	1264.2	0.3498	0.2518	0.7200	-3591.698309	
AL5G01910	AL1G15110	1.2354	218.7	744.3	0.1271	0.1608	1.2657	-2016.457693	
AL5G01920	AL1G15100	0.7252	261.2	731.8	0.0889	0.0654	0.7357	-1852.007607	
AL5G01930	AL1G15090	1.1682	167.2	612.8	0.3614	0.2824	0.7814	-1719.977747	
AL5G00130	AL1G15920	5.5414	223.5	661.5	0.0493	0.3147	6.3826	-2066.901122	
AL5G00150	AL1G15900	0.8487	102.1	353.9	0.3718	0.2052	0.5520	-951.864631	
AL5G00200	AL1G15880	0.9332	219.4	659.6	0.2503	0.1780	0.7111	-1843.872334	
AL5G00210	AL1G15870	0.8279	354.1	1115.9	0.1373	0.1098	0.7996	-2885.519291	
AL8G05610	AL1G03080	0.9369	302.9	1035.1	0.2800	0.1974	0.7049	-2765.888636	
AL8G05620	AL1G03090	0.5895	131.9	378.1	0.2968	0.1218	0.4105	-962.099480	
AL8G05640	AL1G03110	1.5331	203.1	663.9	0.1671	0.2357	1.4110	-1923.726348	
AL8G05710	AL1G03120	3.2294	135.4	356.6	0.4607	0.8142	1.7671	-1247.345583	
AL8G05760	AL1G03150	1.8273	258.9	869.1	0.1828	0.3006	1.6446	-2595.928551	
AL8G05780	AL1G03180	0.7650	207.3	626.7	0.1136	0.0867	0.7638	-1588.122160	
AL8G05790	AL1G03190	1.0976	204.3	509.7	0.1346	0.1289	0.9572	-1435.788140	
AL8G05800	AL1G03200	1.0603	336.4	995.6	0.1665	0.1561	0.9375	-2754.781917	
AL8G05820	AL1G03220	0.8858	186.1	584.9	0.0791	0.0775	0.9795	-1457.118753	
AL8G05840	AL1G03300	0.5464	385.1	1129.9	0.1365	0.0698	0.5117	-2758.595301	
AL8G05870	AL1G03320	0.6292	293.9	948.1	0.1690	0.0969	0.5737	-2363.965656	
AL8G05880	AL1G03350	1.5865	117.4	278.6	0.2436	0.2754	1.1302	-889.473620	
AL8G05910	AL1G03380	1.5331	246.5	818.5	0.2128	0.2753	1.2939	-2356.853481	
AL8G05930	AL1G03390	1.1658	177.5	581.5	0.1984	0.1997	1.0070	-1603.926325	
AL8G05980	AL1G03400	1.4128	465.4	1454.6	0.2467	0.2706	1.0971	-4247.081900	
AL8G06030	AL1G03420	1.0469	399.9	1151.1	0.1936	0.1683	0.8691	-3215.992895	
AL8G06070	AL1G03470	0.7115	551.4	1590.6	0.2372	0.1298	0.5470	-4189.865607	
AL8G06100	AL1G03500	0.5360	858.5	2909.5	0.0987	0.0580	0.5876	-6755.876127	
AL8G06110	AL1G03520	0.9881	332.7	897.3	0.0979	0.0943	0.9635	-2418.499172	
AL8G06260	AL1G03550	0.6059	182.7	579.3	0.0466	0.0342	0.7339	-1362.898228	
AL8G06290	AL1G03560	1.0072	149.8	558.2	0.2059	0.1849	0.8978	-1484.633019	
AL8G06430	AL1G03600	0.6941	109.5	343.5	0.0523	0.0430	0.8221	-815.939006	
AL8G06520	AL1G03630	0.9292	139.0	443.0	0.1847	0.1507	0.8164	-1172.457356	
AL8G06620	AL1G03670	1.7546	112.4	343.6	0.2828	0.3599	1.2726	-1043.028094	
AL8G06650	AL1G03680	2.0363	124.0	368.0	0.1832	0.3197	1.7447	-1142.713212	
AL8G06820	AL1G03740	0.6456	271.6	718.4	0.0231	0.0171	0.7392	-1700.003841	
AL8G06830	AL1G03790	0.6711	278.1	933.9	0.0880	0.0662	0.7525	-2264.810852	
AL8G26970	AL6G07870	2.9924	102.0	459.0	0.1193	0.4259	3.5699	-1270.872178	
AL8G27190	AL6G07730	0.5676	127.6	427.4	0.1547	0.0839	0.5421	-1008.425839	
AL8G27230	AL6G07720	1.2472	369.7	1235.3	0.3070	0.2735	0.8909	-3491.008602	
AL8G27390	AL6G07580	1.0582	267.7	833.3	0.2567	0.2070	0.8065	-2261.698830	
AL8G27400	AL6G07570	1.3824	146.0	559.0	0.1484	0.2106	1.4190	-1506.867896	
AL8G27440	AL6G07530	1.0066	379.9	1135.1	0.1979	0.1664	0.8409	-3143.488237	
AL8G27450	AL6G07520	2.7848	281.0	1099.0	0.1662	0.4592	2.7627	-3213.115097	
AL8G27480	AL6G07500	0.8918	332.8	978.2	0.1584	0.1266	0.7990	-2592.977193	
AL8G27490	AL6G07490	1.6955	346.0	1118.0	0.4144	0.4237	1.0225	-3439.462399	
AL8G27580	AL6G07440	1.0940	357.5	1031.5	0.2461	0.2039	0.8286	-2976.802253	
AL8G27620	AL6G07420	2.6496	158.8	624.2	0.2445	0.5429	2.2207	-1939.834020	
AL8G27630	AL6G07400	0.9265	190.3	598.7	0.2453	0.1773	0.7228	-1636.807058	
AL8G27660	AL6G07380	0.6928	696.4	2345.6	0.2581	0.1393	0.5396	-5899.262247	
AL8G27880	AL6G07210	1.1717	111.6	308.4	0.1680	0.1686	1.0038	-874.077537	
AL8G27890	AL6G07170	1.2059	147.8	452.2	0.2310	0.2209	0.9560	-1296.772264	
AL8G27910	AL6G07120	1.1588	231.7	734.3	0.1244	0.1437	1.1552	-1988.571787	
AL8G28030	AL6G07080	1.0680	211.2	643.8	0.1817	0.1685	0.9273	-1773.845191	
AL8G28050	AL6G07060	0.5860	770.0	2158.0	0.1321	0.0716	0.5420	-5369.361267	
AL8G28060	AL6G07050	1.1410	217.9	610.1	0.2412	0.2080	0.8627	-1758.188298	
AL8G28160	AL6G07030	0.7590	443.7	1269.3	0.1431	0.0992	0.6930	-3317.741702	
AL8G28210	AL6G07020	0.4826	166.5	574.5	0.1472	0.0699	0.4748	-1332.110254	
AL8G28360	AL6G06990	1.1267	281.5	774.5	0.1890	0.1752	0.9270	-2223.267531	
AL8G28390	AL6G06940	0.8141	96.3	278.7	0.3169	0.1747	0.5512	-764.878840	
AL8G28410	AL6G06930	4.8378	81.7	287.3	0.0935	0.5126	5.4830	-903.008561	
AL8G28480	AL6G06920	1.8658	92.8	276.2	0.6231	0.5399	0.8664	-898.811485	
AL8G28540	AL6G06900	0.9152	312.2	962.8	0.1277	0.1141	0.8938	-2547.617852	
AL8G28550	AL6G06880	1.9150	213.6	695.4	0.3482	0.4433	1.2731	-2155.588195	
AL8G32980	AL7G03050	2.0199	244.8	769.2	0.1374	0.2677	1.9479	-2282.776699	
AL8G33020	AL7G03070	2.9792	262.7	721.3	0.0689	0.2156	3.1282	-2196.605694	
AL8G33030	AL7G03100	2.3046	163.0	479.0	0.1376	0.2965	2.1547	-1490.070071	
AL8G33060	AL7G03120	2.2807	234.3	701.7	0.1072	0.2465	2.2991	-2086.626621	
AL8G33140	AL7G03220	11.1499	234.9	629.1	0.0195	0.2528	12.9947	-1927.305147	
AL8G33170	AL7G03240	4.4566	363.4	971.6	0.1092	0.4613	4.2237	-3280.252074	
AL8G33200	AL7G03430	2.8661	323.0	910.0	0.1718	0.4221	2.4578	-3001.878762	
AL8G33260	AL7G03480	2.3238	335.5	1041.5	0.0977	0.2383	2.4396	-3064.213039	
AL8G33300	AL7G03490	2.2743	115.0	380.0	0.2466	0.4434	1.7983	-1153.659550	
AL8G33330	AL7G03510	32.4833	225.0	747.0	0.0084	0.3814	45.5047	-2332.969117	
AL8G33390	AL7G03540	5.4534	252.9	800.1	0.0617	0.3908	6.3316	-2508.064695	
AL8G33610	AL7G03700	1.6229	374.0	1324.0	0.0699	0.1376	1.9688	-3497.095687	
AL8G33650	AL7G03760	2.5437	363.3	1175.7	0.1251	0.3199	2.5567	-3586.532772	
AL8G33940	AL7G04060	2.4381	118.8	448.2	0.2659	0.5149	1.9362	-1376.231563	
AL8G33950	AL7G04030	10.8525	327.8	863.2	0.0486	0.5667	11.6518	-2965.741678	
AL8G34000	AL7G03950	3.3975	220.0	686.0	0.1081	0.3772	3.4881	-2155.592766	
AL8G34010	AL7G03910	3.2959	228.8	884.2	0.1459	0.4985	3.4176	-2691.181629	
AL8G34070	AL7G03890	3.0283	205.0	653.0	0.2016	0.5187	2.5727	-2093.764567	
AL8G34100	AL7G03840	2.1331	261.9	719.1	0.0720	0.1601	2.2237	-2069.998481	
AL8G34150	AL7G03770	6.1399	326.3	1104.7	0.1186	0.7594	6.4044	-3647.290119	
AL8G32050	AL7G02200	50.0000	168.5	470.5	0.0116	0.7116	61.2000	-1621.723719	
AL8G32130	AL7G02330	50.0000	155.3	471.7	0.0069	0.4535	65.9113	-1509.790530	
AL8G32180	AL7G02390	35.9176	199.3	610.7	0.0138	0.6429	46.6835	-2040.707773	
AL8G32330	AL7G02470	5.7539	269.1	861.9	0.6723	1.7187	2.5563	-3013.381601	
AL8G32400	AL7G02580	50.0000	320.6	1077.4	0.0106	0.7452	70.1774	-3552.210161	
AL8G32520	AL7G02750	1.7642	475.1	1486.9	0.0513	0.1074	2.0925	-3943.538049	
AL8G32620	AL7G02800	15.2952	211.1	601.9	0.0086	0.1653	19.1617	-1730.722930	
AL8G32680	AL7G02840	1.8862	299.8	1002.2	0.0558	0.1284	2.3017	-2686.032997	
AL3G18520	AL1G41530	1.0750	252.1	614.9	0.1743	0.1507	0.8647	-1790.256309	
AL3G18570	AL1G41580	0.8777	427.8	1087.2	0.0400	0.0376	0.9406	-2716.472956	
AL3G18580	AL1G41590	1.0704	268.8	742.2	0.1885	0.1664	0.8826	-2094.212347	
AL3G18650	AL1G41690	0.9812	305.6	1029.4	0.3461	0.2283	0.6597	-2814.067093	
AL3G18770	AL1G41810	1.3481	245.3	744.7	0.3738	0.3175	0.8496	-2260.961764	
AL3G18790	AL1G41830	0.5776	292.3	718.7	0.0721	0.0408	0.5656	-1782.994013	
AL3G18800	AL1G41840	0.5710	192.3	581.7	0.0568	0.0371	0.6538	-1344.442307	
AL3G18850	AL1G41850	1.0515	187.4	592.6	0.1142	0.1224	1.0720	-1563.073871	
AL3G19040	AL1G41970	0.7425	543.6	1409.4	0.1116	0.0770	0.6896	-3698.375372	
AL3G19090	AL1G42030	1.9533	123.0	420.0	0.0985	0.2117	2.1506	-1174.490713	
AL3G19220	AL1G42060	0.6376	493.6	1273.4	0.1217	0.0705	0.5791	-3247.474213	
AL3G19250	AL1G42080	0.9443	299.7	843.3	0.1481	0.1255	0.8473	-2277.702824	
AL3G19270	AL1G42130	0.8524	260.2	792.8	0.1032	0.0903	0.8746	-2029.878513	
AL3G19290	AL1G42150	1.9621	317.0	937.0	0.2961	0.4085	1.3796	-2995.224327	
AL3G19300	AL1G42160	0.6680	299.4	942.6	0.1569	0.0970	0.6182	-2353.290619	
AL3G19370	AL1G42180	1.6734	141.6	431.4	0.4631	0.4336	0.9363	-1372.888358	
AL3G19380	AL1G42210	0.8250	686.1	2271.9	0.2570	0.1646	0.6406	-6012.016558	
AL3G19420	AL1G42260	1.1482	128.0	361.0	0.0714	0.0868	1.2171	-946.761667	
AL3G19430	AL1G42270	0.6526	355.2	1105.8	0.0787	0.0566	0.7186	-2650.642560	
AL3G19460	AL1G42280	0.8260	151.1	472.9	0.0900	0.0798	0.8871	-1187.251494	
AL3G19470	AL1G42290	1.5469	221.3	618.7	0.3362	0.3392	1.0089	-1934.681445	
AL3G19570	AL1G42310	0.6053	209.7	753.3	0.0575	0.0441	0.7679	-1718.404232	
AL3G19620	AL1G42320	50.0000	208.5	598.5	0.0316	1.8663	59.1528	-2148.266491	
AL3G19690	AL1G42390	1.0862	185.1	600.9	0.5187	0.2972	0.5729	-1721.872254	
AL3G19780	AL1G42460	0.7973	639.8	1865.2	0.2351	0.1451	0.6174	-5022.221443	
AL3G19800	AL1G42470	43.1178	82.2	304.8	0.0148	0.9506	64.1196	-1009.607321	
AL3G19860	AL1G42540	0.7650	527.9	1458.1	0.1489	0.1012	0.6797	-3838.437969	
AL5G16090	AL8G28670	1.4725	152.7	438.3	0.1948	0.2374	1.2183	-1308.869425	
AL5G16240	AL8G28820	6.2975	153.8	527.2	0.0988	0.6857	6.9431	-1705.472397	
AL5G16290	AL8G28860	1.0631	168.3	500.7	0.1019	0.1101	1.0811	-1319.510185	
AL5G16380	AL8G28870	2.0190	172.4	607.6	0.4471	0.5285	1.1821	-1897.992641	
AL5G16470	AL8G28900	0.6768	212.7	597.3	0.1773	0.1017	0.5736	-1516.181529	
AL5G16590	AL8G28950	0.9799	294.1	770.9	0.1614	0.1341	0.8313	-2173.046156	
AL5G16630	AL8G29000	1.6303	164.4	552.6	0.3191	0.3650	1.1435	-1674.448508	
AL5G16740	AL8G29150	0.5848	132.3	320.7	0.0909	0.0497	0.5469	-812.201092	
AL5G16750	AL8G29160	1.2084	434.7	1164.3	0.0939	0.1112	1.1839	-3210.070090	
AL5G16780	AL8G29190	1.0421	214.1	493.9	0.2441	0.1794	0.7348	-1483.333761	
AL5G16790	AL8G29350	0.9953	249.0	645.0	0.2737	0.1908	0.6970	-1871.562122	
AL5G16860	AL8G29390	0.5018	139.7	451.3	0.0798	0.0449	0.5625	-1044.636116	
AL5G16870	AL8G29400	0.9223	1059.7	3389.3	0.2485	0.1787	0.7191	-9121.711850	
AL5G16880	AL8G29440	1.3649	165.2	629.8	0.1415	0.2012	1.4222	-1652.558859	
AL5G16900	AL8G29450	0.9329	118.3	400.7	0.1003	0.1021	1.0185	-1001.420551	
AL5G17090	AL8G29690	1.3278	237.2	692.8	0.3052	0.2800	0.9174	-2081.765185	
AL5G17100	AL8G29710	1.1124	104.2	324.8	0.2314	0.2052	0.8869	-925.974983	
AL5G17230	AL8G29760	1.2752	272.6	726.4	0.1199	0.1416	1.1805	-2057.474753	
AL5G17250	AL8G29790	0.8908	502.2	1372.8	0.1494	0.1176	0.7871	-3682.432143	
AL5G17300	AL8G29850	1.0459	196.9	655.1	0.2421	0.2023	0.8355	-1803.118159	
AL5G17400	AL8G29920	0.9370	184.1	541.9	0.2725	0.1862	0.6835	-1521.243764	
AL5G17490	AL8G30020	0.5839	129.9	404.1	0.0866	0.0546	0.6303	-962.261624	
AL5G17560	AL8G30060	0.6928	220.7	535.3	0.0760	0.0508	0.6679	-1403.508759	
AL5G17580	AL8G30120	1.2531	332.6	1062.4	0.2686	0.2533	0.9430	-2896.140391	
AL5G17700	AL8G30200	50.0000	187.7	637.3	0.0069	0.4952	71.5644	-2037.169042	
AL5G32900	AL4G34870	9.3555	179.9	603.1	0.0784	0.8427	10.7501	-2033.671987	
AL5G33080	AL4G35100	0.7776	276.2	842.8	0.1631	0.1144	0.7011	-2217.445122	
AL5G33110	AL4G35150	1.7129	222.7	695.3	0.2910	0.3588	1.2333	-2091.799888	
AL5G33200	AL4G35170	0.9808	106.6	319.4	0.2201	0.1732	0.7872	-875.429361	
AL5G33250	AL4G35220	1.5659	249.5	809.5	0.1744	0.2468	1.4148	-2361.198110	
AL5G33260	AL4G35230	1.8725	164.5	474.5	0.2347	0.3393	1.4456	-1464.454088	
AL5G33290	AL4G35240	1.1480	232.9	709.1	0.2024	0.1938	0.9575	-1977.277896	
AL5G33310	AL4G35310	1.0063	467.0	1600.0	0.2358	0.1937	0.8212	-4325.155913	
AL5G33320	AL4G35320	0.4861	78.2	368.8	0.0127	0.0111	0.8738	-734.449812	
AL5G33340	AL4G35370	0.5621	544.6	1423.4	0.0728	0.0414	0.5689	-3508.833858	
AL5G33360	AL4G35380	0.4115	121.3	421.7	0.0080	0.0048	0.5974	-873.316080	
AL5G33370	AL4G35400	50.0000	139.2	463.8	0.0227	1.5246	67.1069	-1593.223691	
AL5G33430	AL4G35480	2.7029	99.4	395.6	0.4224	0.7068	1.6733	-1250.958831	
AL5G33480	AL4G35560	1.0952	239.6	579.4	0.3200	0.2251	0.7035	-1754.257706	
AL5G33620	AL4G35640	1.0237	395.3	1095.7	0.1440	0.1325	0.9199	-3046.657560	
AL5G33760	AL4G35780	1.7888	115.7	364.3	0.1538	0.2564	1.6668	-1085.410624	
AL5G33840	AL4G35930	8.0460	160.8	466.2	0.0611	0.5429	8.8819	-1536.309668	
AL5G33850	AL4G35920	0.7819	294.8	836.2	0.1053	0.0811	0.7698	-2166.699352	
AL5G33900	AL4G35870	1.4727	156.6	416.4	0.2703	0.2825	1.0451	-1300.004019	
AL5G33910	AL4G35860	0.7211	250.5	760.5	0.0272	0.0244	0.8959	-1771.471343	
AL5G33940	AL4G35840	1.2376	96.9	266.1	0.0709	0.0917	1.2930	-707.636191	
AL5G34190	AL4G36370	0.8733	883.0	3041.0	0.3780	0.2124	0.5620	-8129.229322	
AL5G34200	AL4G36380	0.9933	101.5	393.5	0.0605	0.0792	1.3079	-953.615098	
AL6G31800	AL1G35570	1.5020	241.9	781.1	0.1097	0.1715	1.5635	-2157.407274	
AL6G31850	AL1G35490	1.0010	299.8	984.2	0.1609	0.1504	0.9352	-2600.431707	
AL6G31870	AL1G35460	0.8780	240.1	749.9	0.1649	0.1314	0.7965	-1948.286476	
AL6G31900	AL1G35330	0.3455	87.2	368.8	0.0010	0.0006	0.5998	-719.925905	
AL6G31910	AL1G35320	1.2190	236.8	729.2	0.1972	0.2034	1.0313	-2075.773635	
AL6G32100	AL1G35170	2.2363	156.0	492.0	0.3326	0.5026	1.5110	-1551.968591	
AL6G32110	AL1G35290	0.7147	265.7	757.3	0.0978	0.0702	0.7172	-1901.928772	
AL6G32210	AL1G35060	0.9137	199.7	601.3	0.1561	0.1297	0.8309	-1612.781553	
AL6G32320	AL1G34910	1.0069	674.3	2028.7	0.1814	0.1579	0.8704	-5545.451058	
AL6G32440	AL1G34770	0.8012	148.7	376.3	0.2215	0.1338	0.6042	-1030.591100	
AL6G32550	AL1G34650	0.9779	111.6	338.4	0.1442	0.1319	0.9144	-902.511834	
AL6G32680	AL1G34600	1.6251	154.5	628.5	0.2911	0.3659	1.2567	-1832.733532	
AL6G32750	AL1G34580	1.5639	199.2	652.8	0.1569	0.2311	1.4727	-1866.731297	
AL6G32770	AL1G34530	1.2752	181.2	475.8	0.2572	0.2366	0.9199	-1419.664592	
AL6G32790	AL1G34470	0.8951	359.6	1356.4	0.1139	0.1135	0.9958	-3389.036072	
AL6G32800	AL1G34460	3.4273	138.6	443.4	0.0145	0.0664	4.5832	-1071.668690	
AL6G32880	AL1G34390	1.6740	311.8	1167.2	0.3648	0.4082	1.1190	-3439.311389	
AL6G32890	AL1G34380	1.2284	145.1	451.9	0.1053	0.1336	1.2687	-1152.696966	
AL6G32940	AL1G34290	0.9313	557.0	1441.0	0.1882	0.1409	0.7490	-4039.203113	
AL6G32990	AL1G34160	0.8811	338.1	1107.9	0.1721	0.1382	0.8032	-2886.319686	
AL6G33050	AL1G34140	1.0861	224.6	675.4	0.1459	0.1471	1.0082	-1849.780169	
AL6G33070	AL1G34080	1.1920	167.8	522.2	0.2788	0.2439	0.8748	-1523.574893	
AL6G26700	AL3G05940	0.6442	314.8	939.2	0.1313	0.0807	0.6147	-2359.635706	
AL6G26790	AL3G05900	1.6359	165.5	455.5	0.1619	0.2292	1.4154	-1338.112208	
AL6G26820	AL3G05880	0.8254	275.6	840.4	0.0814	0.0726	0.8924	-2110.858353	
AL6G26950	AL3G05820	0.6753	308.6	918.4	0.0285	0.0235	0.8249	-2142.086065	
AL6G26970	AL3G05810	0.8325	198.9	788.1	0.1928	0.1505	0.7807	-1952.809472	
AL6G27070	AL3G05750	1.1894	109.1	334.9	0.2478	0.2271	0.9165	-943.605205	
AL6G27080	AL3G05710	0.8988	549.3	1682.7	0.3387	0.2024	0.5974	-4653.874121	
AL6G27200	AL3G05700	0.6066	230.9	729.1	0.0998	0.0638	0.6393	-1758.151687	
AL6G27210	AL3G05690	0.8137	154.3	472.7	0.1879	0.1315	0.6995	-1239.551008	
AL6G27260	AL3G05590	1.0832	279.7	758.3	0.1018	0.1069	1.0500	-2064.167067	
AL6G27360	AL3G05540	1.0097	292.6	775.4	0.0742	0.0762	1.0267	-2037.406279	
AL6G27400	AL3G05510	0.5670	208.7	691.3	0.0877	0.0554	0.6315	-1633.097309	
AL6G27410	AL3G05500	1.1665	196.9	607.1	0.5080	0.3143	0.6187	-1798.138275	
AL6G27640	AL3G05300	0.6376	120.5	389.5	0.2078	0.1118	0.5381	-977.123543	
AL6G27720	AL3G05150	1.2949	477.4	1424.6	0.2633	0.2535	0.9630	-4146.589887	
AL6G27740	AL3G05130	0.6204	243.9	713.1	0.1022	0.0638	0.6247	-1761.102269	
AL6G27770	AL3G05120	0.6718	210.1	551.9	0.0903	0.0593	0.6565	-1404.687813	
AL6G27830	AL3G05080	0.6740	120.0	381.0	0.0855	0.0631	0.7378	-919.161127	
AL6G27840	AL3G05040	2.0088	142.7	352.3	0.2094	0.3206	1.5313	-1140.860569	
AL6G27920	AL3G04960	50.0000	365.9	990.1	0.0087	0.5266	60.3369	-3354.140163	
AL6G27990	AL3G04930	0.8069	206.3	675.7	0.0872	0.0780	0.8945	-1670.144205	
AL6G24890	AL6G10290	1.5370	172.3	532.7	0.1641	0.2282	1.3906	-1534.044389	
AL6G24930	AL6G10380	50.0000	334.7	1036.3	0.0224	1.4279	63.8576	-3651.335875	
AL6G24990	AL6G10350	1.0280	280.7	931.3	0.4122	0.2576	0.6249	-2617.159806	
AL6G25010	AL6G10360	1.1474	289.4	892.6	0.2697	0.2300	0.8528	-2446.683216	
AL6G25060	AL6G10470	0.5541	181.2	598.8	0.0419	0.0293	0.6984	-1339.240593	
AL6G25090	AL6G10490	1.3604	211.7	568.3	0.2430	0.2457	1.0112	-1703.246655	
AL6G25110	AL6G10570	36.7583	385.1	1036.9	0.0112	0.4899	43.9238	-3469.847281	
AL6G25120	AL6G10550	0.8453	641.8	2031.2	0.1981	0.1429	0.7213	-5363.724264	
AL6G25160	AL6G10590	0.6015	449.0	1297.0	0.0305	0.0219	0.7165	-3012.397419	
AL6G25190	AL6G10660	1.1607	199.7	589.3	0.1229	0.1379	1.1216	-1622.065626	
AL6G25230	AL6G10710	1.3157	145.6	427.4	0.2557	0.2521	0.9859	-1256.481423	
AL6G25400	AL6G10870	0.9394	107.2	339.8	0.0884	0.0901	1.0197	-871.595019	
AL6G25450	AL6G10910	50.0000	226.8	736.2	0.0062	0.4289	69.3640	-2336.488995	
AL6G25550	AL6G11100	1.5971	298.6	886.4	0.2382	0.2948	1.2376	-2660.779925	
AL6G25630	AL6G11180	3.6331	111.2	347.8	0.2256	0.6611	2.9310	-1149.166623	
AL6G25670	AL6G11220	1.0537	308.0	778.0	0.0905	0.0912	1.0080	-2119.737716	
AL6G25740	AL6G11230	1.2620	420.7	1208.3	0.2414	0.2322	0.9620	-3464.068766	
AL6G25760	AL6G11240	1.3358	119.8	357.2	0.3127	0.2870	0.9175	-1051.311011	
AL6G25850	AL6G11270	1.4298	145.8	502.2	0.3765	0.3473	0.9223	-1443.911070	
AL6G26060	AL6G11500	0.6334	298.1	883.9	0.1066	0.0678	0.6360	-2195.838753	
AL6G26180	AL6G11570	0.8508	240.7	734.3	0.1755	0.1313	0.7482	-1973.491729	
AL6G26390	AL6G11830	0.7655	127.4	439.6	0.1361	0.1052	0.7728	-1085.543424	
AL6G26400	AL6G11890	2.4337	267.7	950.3	0.2450	0.4837	1.9738	-2938.214337	
AL4G05900	AL7G09770	4.4438	143.3	456.7	0.3959	1.0856	2.7419	-1554.007204	
AL4G06010	AL7G09740	1.2603	109.2	334.8	0.2710	0.2528	0.9331	-979.453890	
AL4G06020	AL7G09720	0.6402	155.7	564.3	0.1035	0.0743	0.7176	-1318.954766	
AL4G06030	AL7G09700	1.5878	120.8	365.2	0.2422	0.2977	1.2293	-1091.894010	
AL4G06090	AL7G09660	1.1254	348.3	971.7	0.1150	0.1238	1.0763	-2669.357178	
AL4G06130	AL7G09560	11.0330	383.5	1047.5	0.0429	0.5271	12.2826	-3548.692471	
AL4G06170	AL7G09630	1.2349	489.8	1604.2	0.2096	0.2187	1.0435	-4481.453916	
AL4G06180	AL7G09610	1.2557	204.3	752.7	0.1591	0.1967	1.2361	-2025.003718	
AL4G06220	AL7G09550	1.9176	125.1	504.9	0.2622	0.4100	1.5640	-1503.556667	
AL4G06430	AL7G09450	0.9744	470.2	1554.8	0.1310	0.1279	0.9760	-3947.487154	
AL4G06480	AL7G09370	0.5940	214.4	760.6	0.1657	0.0940	0.5671	-1837.142008	
AL4G06500	AL7G09360	0.6002	171.1	437.9	0.1878	0.0903	0.4809	-1149.867787	
AL4G06570	AL7G09320	1.8319	104.3	363.7	0.1712	0.2937	1.7157	-1063.048006	
AL4G06620	AL7G09210	0.9584	384.6	1256.4	0.0620	0.0703	1.1334	-3111.053917	
AL4G06660	AL7G09160	0.8815	193.9	607.1	0.3892	0.2130	0.5471	-1642.773759	
AL4G06790	AL7G09020	2.4445	218.5	807.5	0.2549	0.5022	1.9703	-2455.050685	
AL4G06850	AL7G08930	0.4508	162.9	374.1	0.0055	0.0027	0.4893	-869.619974	
AL4G07020	AL7G08810	0.9910	205.8	703.2	0.1137	0.1195	1.0506	-1710.093762	
AL4G07230	AL7G08690	50.0000	348.2	929.8	0.0216	1.2494	57.8372	-3418.902621	
AL4G07280	AL7G08560	2.5081	127.4	367.6	0.2386	0.4590	1.9239	-1197.666575	
AL4G07410	AL7G08500	0.6872	484.6	1603.4	0.2163	0.1244	0.5753	-4095.652457	
AL4G07430	AL7G08530	0.6920	166.1	535.9	0.0186	0.0171	0.9194	-1213.049372	
AL2G00540	AL7G35810	1.6442	186.0	555.0	0.3499	0.3738	1.0682	-1688.429952	
AL2G00640	AL7G35930	2.2176	110.6	387.4	0.2358	0.4299	1.8229	-1194.510101	
AL2G00790	AL7G35960	1.6516	234.5	695.5	0.2888	0.3396	1.1760	-2143.970642	
AL2G00820	AL7G35980	0.5824	348.9	1097.1	0.0490	0.0341	0.6972	-2519.814811	
AL2G00840	AL7G36020	1.1243	389.6	1245.4	0.2407	0.2140	0.8888	-3475.810078	
AL2G00850	AL7G36030	7.4963	633.1	1541.9	0.0461	0.3555	7.7189	-5131.993504	
AL2G00950	AL7G36050	0.8473	160.5	475.5	0.1532	0.1179	0.7697	-1240.211788	
AL2G01080	AL7G36080	1.4075	97.9	346.1	0.4611	0.3730	0.8089	-1023.544382	
AL2G01170	AL7G36100	1.4079	317.5	1023.5	0.2750	0.2890	1.0507	-2998.974870	
AL2G01250	AL7G36260	1.0315	121.2	316.8	0.1915	0.1586	0.8281	-917.553071	
AL2G01260	AL7G36280	0.6604	155.2	507.8	0.1218	0.0819	0.6726	-1256.914980	
AL2G01270	AL7G36290	1.5026	133.7	478.3	0.2757	0.3182	1.1542	-1397.569860	
AL2G01500	AL7G36380	0.8475	409.8	1177.2	0.1391	0.1087	0.7817	-3114.787299	
AL2G01510	AL7G36400	1.4314	358.1	1327.9	0.2351	0.2821	1.2002	-3747.173758	
AL2G01540	AL7G36410	2.3491	159.3	482.7	0.4267	0.5873	1.3763	-1582.379780	
AL2G01630	AL7G36440	0.5290	330.8	1091.2	0.0753	0.0457	0.6072	-2519.858250	
AL2G01700	AL7G36480	1.3720	315.5	965.5	0.5046	0.3683	0.7298	-2965.328157	
AL2G00120	AL7G35580	1.1956	322.0	1064.0	0.2780	0.2485	0.8942	-3023.144847	
AL2G00150	AL7G35550	1.4288	370.4	1315.6	0.2427	0.2825	1.1643	-3784.931539	
AL2G00260	AL7G35520	0.3245	146.8	372.2	0.0312	0.0110	0.3545	-832.238911	
AL2G00280	AL7G35500	0.7129	185.0	616.0	0.0474	0.0421	0.8889	-1435.430058	
AL5G22130	AL4G21270	0.8879	310.3	943.7	0.2389	0.1655	0.6926	-2546.832153	
AL5G22160	AL4G21290	0.9691	340.8	907.2	0.0563	0.0579	1.0287	-2346.750650	
AL5G22240	AL4G21350	0.8663	305.4	876.6	0.1363	0.1095	0.8033	-2335.373347	
AL5G22280	AL4G21390	1.1361	146.4	477.6	0.0534	0.0734	1.3750	-1201.971228	
AL5G22380	AL4G21460	1.1990	73.7	343.3	0.1707	0.2151	1.2598	-871.804902	
AL5G22510	AL4G21590	1.0334	418.4	1243.6	0.1400	0.1353	0.9663	-3350.228368	
AL5G22610	AL4G21620	1.2644	204.1	554.9	0.2243	0.2184	0.9735	-1665.101505	
AL5G22660	AL4G21650	0.7809	132.8	425.2	0.0633	0.0576	0.9093	-995.789548	
AL5G22670	AL4G21700	0.9059	222.2	536.8	0.0863	0.0737	0.8534	-1449.597347	
AL5G22730	AL4G21740	1.1155	109.1	340.9	0.2329	0.2068	0.8876	-973.053226	
AL5G22800	AL4G21780	0.6706	314.6	978.4	0.0729	0.0546	0.7490	-2392.763164	
AL5G22820	AL4G21790	0.9562	106.1	358.9	0.1254	0.1230	0.9809	-890.552235	
AL5G22830	AL4G21840	1.2805	214.3	604.7	0.3000	0.2650	0.8834	-1807.942116	
AL5G22850	AL4G21930	0.8156	264.3	782.7	0.0405	0.0390	0.9617	-1886.191651	
AL5G22870	AL4G22000	1.1044	387.3	1130.7	0.1142	0.1236	1.0820	-3051.434589	
AL5G22880	AL4G22010	0.5117	325.1	946.9	0.0478	0.0280	0.5858	-2171.514055	
AL5G22920	AL4G22050	0.5009	365.1	1083.9	0.0594	0.0335	0.5633	-2508.554604	
AL5G22930	AL4G22070	0.8825	194.6	621.4	0.0962	0.0908	0.9434	-1586.284684	
AL5G22970	AL4G22110	8.8804	346.1	901.9	0.0179	0.1828	10.1966	-2461.941324	
AL5G23090	AL4G22150	0.7247	151.1	484.9	0.1196	0.0879	0.7350	-1204.879644	
AL5G23110	AL4G22270	4.0708	334.7	901.3	0.1188	0.4508	3.7964	-2996.704656	
AL7G18020	AL6G33150	1.9999	104.8	300.2	0.1526	0.2735	1.7922	-912.250740	
AL7G18060	AL6G33180	0.7014	175.9	616.1	0.1042	0.0804	0.7712	-1477.268917	
AL7G18080	AL6G33200	2.6936	198.7	527.3	0.0966	0.2522	2.6117	-1630.586871	
AL7G18210	AL6G33370	1.4679	132.1	425.9	0.2798	0.3040	1.0864	-1258.877807	
AL7G18260	AL6G33420	0.7182	248.6	783.4	0.0597	0.0499	0.8364	-1874.473877	
AL7G18270	AL6G33430	1.1743	126.7	443.3	0.4779	0.3150	0.6591	-1247.894345	
AL7G18360	AL6G33460	0.7955	464.3	1458.7	0.1263	0.0993	0.7863	-3712.554699	
AL7G18390	AL6G33570	1.3351	207.0	594.0	0.3818	0.3137	0.8217	-1811.187419	
AL7G18400	AL6G33600	1.0892	269.6	819.4	0.1757	0.1680	0.9561	-2247.045785	
AL7G18500	AL6G33730	1.6432	131.0	343.0	0.1841	0.2462	1.3373	-1027.497873	
AL7G18560	AL6G33780	0.6707	165.9	470.1	0.0952	0.0643	0.6749	-1170.559025	
AL7G18650	AL6G33990	1.3201	248.3	771.7	0.1401	0.1764	1.2593	-2156.729868	
AL7G18660	AL6G34030	1.8111	238.4	763.6	0.2881	0.3802	1.3195	-2363.555982	
AL7G18670	AL6G34060	12.8158	171.3	503.7	0.0553	0.8009	14.4775	-1708.478529	
AL7G18710	AL6G34070	1.0015	332.8	1047.2	0.0941	0.1005	1.0681	-2740.338274	
AL7G18730	AL6G34110	0.5272	652.8	1714.2	0.0431	0.0247	0.5725	-4046.325319	
AL7G18760	AL6G34160	1.5013	232.3	715.7	0.1266	0.1860	1.4694	-2025.007782	
AL7G18850	AL6G34170	1.0260	240.5	800.5	0.2897	0.2184	0.7536	-2193.708867	
AL7G18860	AL6G34220	1.5390	332.2	957.8	0.3117	0.3270	1.0491	-2946.335464	
AL7G19110	AL6G34500	28.5553	123.2	410.8	0.0074	0.2984	40.2622	-1252.691551	
AL7G28800	AL3G24430	0.7329	413.5	1170.5	0.1950	0.1176	0.6030	-3085.938956	
AL7G28980	AL3G24560	0.7094	520.1	1630.9	0.1382	0.0943	0.6823	-4098.025686	
AL7G29010	AL3G24700	1.0912	695.7	1902.3	0.2592	0.2061	0.7949	-5509.729772	
AL7G29090	AL3G24810	0.7210	336.4	980.6	0.1399	0.0935	0.6684	-2514.522682	
AL7G29110	AL3G24830	0.6819	233.3	669.7	0.0642	0.0477	0.7428	-1598.347427	
AL7G29200	AL3G24960	1.1355	117.1	323.9	0.2481	0.2097	0.8454	-927.008629	
AL7G29220	AL3G24980	0.7018	169.0	428.0	0.0422	0.0315	0.7467	-1035.779188	
AL7G29260	AL3G25090	0.8577	205.5	763.5	0.1050	0.1018	0.9700	-1859.972986	
AL7G29310	AL3G25110	1.3080	381.7	1283.3	0.2256	0.2440	1.0815	-3660.089953	
AL7G29360	AL3G25140	0.9515	303.9	824.1	0.0756	0.0739	0.9768	-2167.377057	
AL7G29450	AL3G25170	50.0000	75.7	227.3	0.0321	1.9530	60.8268	-814.607675	
AL7G29480	AL3G25230	1.1187	173.3	471.7	0.0823	0.0934	1.1341	-1267.719903	
AL7G29610	AL3G25240	2.8069	129.2	377.8	0.0818	0.2424	2.9638	-1102.212401	
AL7G29640	AL3G25270	0.7238	79.5	328.5	0.1292	0.1043	0.8070	-759.863862	
AL7G29660	AL3G25350	1.0178	179.9	555.1	0.2006	0.1717	0.8563	-1503.649936	
AL7G29720	AL3G25380	1.3110	204.5	572.5	0.1738	0.1941	1.1167	-1677.219364	
AL7G29740	AL3G25460	1.0193	104.3	366.7	0.1278	0.1354	1.0588	-955.399244	
AL7G29780	AL3G25510	0.7372	261.1	806.9	0.2856	0.1525	0.5338	-2106.692290	
AL7G29790	AL3G25520	0.7453	253.7	820.3	0.1749	0.1175	0.6717	-2107.229674	
AL4G33650	AL1G00450	3.1870	426.4	1172.6	0.0816	0.2655	3.2533	-3617.327706	
AL4G33670	AL1G00470	1.3773	178.7	508.3	0.0569	0.0865	1.5189	-1359.347190	
AL4G33770	AL1G00510	1.7949	125.0	439.0	0.0556	0.1256	2.2585	-1156.478355	
AL4G33880	AL1G00600	4.5995	333.4	1088.6	0.2514	0.9028	3.5912	-3649.554438	
AL4G33950	AL1G00660	1.2294	210.3	509.7	0.0298	0.0390	1.3083	-1326.080600	
AL4G33960	AL1G00680	1.2366	361.5	1078.5	0.0901	0.1166	1.2941	-2942.759149	
AL4G34060	AL1G00730	1.1728	241.7	730.3	0.0838	0.1052	1.2544	-1931.802259	
AL4G34070	AL1G00740	3.0147	269.7	720.3	0.0922	0.2730	2.9598	-2242.073288	
AL4G34130	AL1G00820	2.9766	107.6	339.4	0.0922	0.2942	3.1926	-1016.513550	
AL4G34400	AL1G00880	3.1689	392.9	1338.1	0.2413	0.6164	2.5544	-4326.404903	
AL4G34450	AL1G00990	2.3240	443.7	1314.3	0.0818	0.2021	2.4709	-3840.701917	
AL4G34640	AL1G01070	4.2750	84.4	257.6	0.1044	0.4574	4.3792	-818.545575	
AL4G34690	AL1G01090	2.8036	226.7	718.3	0.1992	0.4757	2.3880	-2278.164763	
AL4G34870	AL1G01220	6.7000	188.7	597.3	0.1196	0.8072	6.7486	-2027.672521	
AL4G34890	AL1G01250	2.8088	346.8	982.2	0.1033	0.2868	2.7753	-3064.946684	
AL4G35020	AL1G01320	1.8519	145.7	484.3	0.0224	0.0557	2.4839	-1193.956487	
AL4G35030	AL1G01340	2.5444	130.8	454.2	0.1162	0.3142	2.7031	-1369.598536	
AL6G18610	AL3G06520	0.7838	233.8	621.2	0.1701	0.1119	0.6580	-1691.474112	
AL6G18690	AL3G06510	0.4797	524.3	1584.7	0.0544	0.0300	0.5524	-3579.515807	
AL6G18750	AL3G06490	1.1018	332.3	924.7	0.2491	0.2044	0.8206	-2687.281862	
AL6G18760	AL3G06480	1.0702	296.3	807.7	0.1595	0.1478	0.9263	-2303.578408	
AL6G18790	AL3G06440	3.1111	190.6	664.4	0.3850	0.7647	1.9864	-2152.336723	
AL6G18900	AL3G06430	1.2412	297.0	816.0	0.3757	0.2867	0.7629	-2470.989826	
AL6G19040	AL3G06360	0.6563	182.9	519.1	0.1509	0.0887	0.5879	-1339.261063	
AL6G19110	AL3G06260	0.8116	619.2	1714.8	0.1824	0.1236	0.6776	-4639.460236	
AL6G19130	AL3G06240	0.7605	309.7	848.3	0.1452	0.0985	0.6782	-2241.968983	
AL6G19200	AL3G06200	0.9596	83.5	240.5	0.2289	0.1713	0.7482	-677.953724	
AL6G19230	AL3G06190	0.8572	202.2	556.8	0.1991	0.1379	0.6927	-1528.564367	
AL6G19380	AL3G06140	1.0381	282.3	839.7	0.1627	0.1508	0.9268	-2283.072010	
AL6G19450	AL3G06120	0.8953	85.1	316.9	0.3115	0.2033	0.6527	-833.841117	
AL6G19460	AL3G06110	1.0007	275.8	696.2	0.1599	0.1339	0.8375	-1964.239313	
AL6G19490	AL3G06080	1.4033	138.2	431.8	0.1773	0.2201	1.2418	-1244.176218	
AL6G19510	AL3G06050	1.9388	195.9	626.1	0.2002	0.3310	1.6536	-1906.136354	
AL6G19560	AL3G06040	0.6470	513.6	1661.4	0.1843	0.1054	0.5722	-4135.717959	
AL6G19580	AL3G06030	1.2692	139.8	472.2	0.3500	0.2970	0.8487	-1314.177155	
AL6G19590	AL3G06010	0.6954	532.5	1492.5	0.1871	0.1082	0.5782	-3915.235733	
AL4G19240	AL1G29780	0.6124	159.2	452.8	0.0500	0.0344	0.6869	-1074.879144	
AL4G19260	AL1G29880	0.8812	186.8	509.2	0.2655	0.1686	0.6349	-1423.069960	
AL4G19290	AL1G29900	1.5284	166.1	616.9	0.3029	0.3423	1.1302	-1809.216709	
AL4G19300	AL1G29910	1.1593	431.4	1152.6	0.2593	0.2174	0.8382	-3358.873878	
AL4G19320	AL1G29980	1.2797	253.0	713.0	0.2533	0.2407	0.9504	-2104.056663	
AL4G19370	AL1G30040	1.2737	108.3	341.7	0.2560	0.2498	0.9757	-998.931542	
AL4G19380	AL1G30050	1.5764	505.3	1729.7	0.2926	0.3397	1.1612	-5085.136648	
AL4G19400	AL1G30120	0.9834	284.0	985.0	0.3062	0.2175	0.7103	-2685.528733	
AL4G19480	AL1G30210	0.6136	396.1	1028.9	0.0054	0.0039	0.7257	-2387.026820	
AL4G19490	AL1G30260	1.4799	320.7	864.3	0.1873	0.2269	1.2115	-2573.955166	
AL4G19500	AL1G30270	0.9311	488.7	1473.3	0.2924	0.1936	0.6622	-4030.091090	
AL4G18740	AL1G29190	1.0447	249.3	872.7	0.2230	0.1963	0.8802	-2374.127101	
AL4G18750	AL1G29210	0.6187	108.2	380.8	0.1492	0.0912	0.6112	-904.113355	
AL4G18770	AL1G29250	0.6375	336.8	941.2	0.1645	0.0909	0.5523	-2432.651684	
AL4G18970	AL1G29330	1.0341	229.0	773.0	0.1046	0.1166	1.1148	-1978.141924	
AL4G19000	AL1G29380	2.5239	261.0	726.0	0.0820	0.2124	2.5905	-2152.235172	
AL4G19040	AL1G29450	1.2672	151.3	334.7	0.2527	0.2200	0.8704	-1047.522424	
AL4G19170	AL1G29550	0.8726	262.6	880.4	0.1321	0.1159	0.8775	-2228.383090	
AL1G26490	AL1G15110	3.0735	226.8	742.2	0.0634	0.2297	3.6259	-2169.615261	
AL1G26530	AL1G15070	1.8971	211.0	854.0	0.0956	0.2201	2.3012	-2324.827415	
AL1G26560	AL1G15060	0.6795	121.2	535.8	0.0114	0.0133	1.1693	-1107.358790	
AL1G26620	AL1G15030	1.3804	184.8	583.2	0.0830	0.1257	1.5154	-1559.592839	
AL1G26660	AL1G14960	3.4061	149.4	477.6	0.1431	0.4677	3.2693	-1509.281647	
AL1G26790	AL1G14940	50.0000	103.4	352.6	0.0102	0.7233	71.0153	-1152.154820	
AL1G26920	AL1G14750	1.6186	147.0	468.0	0.1465	0.2255	1.5395	-1359.387495	
AL1G27000	AL1G14690	1.3095	111.9	356.1	0.0681	0.1022	1.5004	-891.586166	
AL1G27010	AL1G14680	4.6162	516.3	1739.7	0.1233	0.5856	4.7505	-5614.531641	
AL1G27050	AL1G14610	3.8919	217.4	814.6	0.1171	0.5013	4.2798	-2496.550137	
AL1G27360	AL1G14360	2.5033	382.4	1201.6	0.0837	0.2290	2.7367	-3491.097231	
AL1G27430	AL1G14240	5.2471	205.4	523.6	0.0548	0.2983	5.4482	-1618.996575	
AL1G27620	AL1G13970	2.3996	192.5	581.5	0.1984	0.3990	2.0109	-1830.565816	
AL1G27800	AL1G13860	13.1482	230.4	744.6	0.1418	1.8039	12.7187	-2622.258612	
AL1G28010	AL1G13580	4.5802	152.2	375.8	0.2762	0.8698	3.1494	-1373.395254	
AL1G28050	AL1G13600	1.8602	243.9	743.1	0.1420	0.2487	1.7514	-2181.650173	
AL1G28100	AL1G13760	2.3954	367.4	1078.6	0.1180	0.2753	2.3342	-3269.523394	
AL1G28190	AL1G13820	1.6694	174.7	533.3	0.1438	0.2254	1.5671	-1559.261831	
AL6G22880	AL6G07940	0.9747	298.7	847.3	0.2338	0.1752	0.7495	-2384.364287	
AL6G22910	AL6G07960	1.6677	168.3	545.7	0.2214	0.3040	1.3727	-1644.611768	
AL6G22940	AL6G07970	0.9049	370.0	1073.0	0.1042	0.0942	0.9032	-2797.660822	
AL6G22950	AL6G07990	1.0218	303.1	863.9	0.2209	0.1778	0.8047	-2415.131736	
AL6G22960	AL6G07980	50.0000	322.1	1006.9	0.0057	0.3846	67.5579	-3197.470780	
AL6G23020	AL6G08020	0.6947	269.8	744.2	0.0657	0.0484	0.7368	-1848.094305	
AL6G23090	AL6G08070	3.4203	149.7	432.3	0.0744	0.2714	3.6491	-1315.446835	
AL6G23130	AL6G08080	1.0701	162.7	428.3	0.1025	0.1045	1.0202	-1165.770673	
AL6G23140	AL6G08090	0.9079	284.2	756.8	0.2750	0.1760	0.6399	-2169.935086	
AL6G23160	AL6G08100	0.8473	157.6	487.4	0.1806	0.1339	0.7416	-1292.420340	
AL6G23190	AL6G08110	1.7396	171.6	548.4	0.5678	0.4908	0.8644	-1730.616498	
AL6G23250	AL6G08170	0.6688	493.7	1483.3	0.2460	0.1263	0.5133	-3835.040276	
AL6G23290	AL6G08210	1.2353	182.7	693.3	0.2047	0.2275	1.1113	-1853.000254	
AL6G23300	AL6G08220	1.0603	147.0	516.0	0.2704	0.2211	0.8178	-1394.693108	
AL6G23410	AL6G08280	0.5398	449.0	1297.0	0.1787	0.0825	0.4615	-3221.219265	
AL5G17730	AL6G23470	0.4943	351.0	975.0	0.0721	0.0374	0.5187	-2329.549646	
AL5G17780	AL6G23490	0.7853	369.8	1121.2	0.2587	0.1530	0.5914	-2998.127590	
AL5G17800	AL6G23500	0.8971	379.1	1123.9	0.2112	0.1540	0.7291	-3045.299032	
AL5G17820	AL6G23530	1.2785	211.5	679.5	0.2844	0.2668	0.9381	-1963.850785	
AL5G17870	AL6G23550	0.5302	110.9	366.1	0.0470	0.0309	0.6582	-831.927026	
AL5G17920	AL6G23640	0.8840	352.8	1072.2	0.1508	0.1231	0.8163	-2833.910964	
AL5G18140	AL6G23930	7.9030	220.5	763.5	0.3599	1.8835	5.2334	-2574.054278	
AL5G18350	AL6G24220	50.0000	267.6	878.4	0.0199	1.3353	67.0028	-3037.201878	
AL5G18390	AL6G24280	0.7155	227.9	624.1	0.1190	0.0800	0.6725	-1598.676050	
AL5G18450	AL6G24420	2.6033	129.8	386.2	0.2903	0.5374	1.8511	-1258.406138	
AL5G18480	AL6G24450	0.9902	380.1	1122.9	0.1394	0.1289	0.9245	-3016.420207	
AL5G18490	AL6G24460	2.3687	194.0	541.0	0.1523	0.3197	2.0998	-1691.709435	
AL5G18500	AL6G24500	0.5807	200.3	585.7	0.0606	0.0391	0.6451	-1387.422304	
AL5G18520	AL6G24510	1.0100	206.8	684.2	0.3500	0.2353	0.6723	-1899.120300	
AL5G18540	AL6G24520	0.7409	407.4	1248.6	0.2194	0.1317	0.6003	-3188.638136	
AL5G18710	AL6G24680	2.0923	186.5	602.5	0.2474	0.4057	1.6400	-1865.744611	
AL2G26700	AL1G23460	0.6709	391.3	1450.7	0.0495	0.0440	0.8895	-3319.555497	
AL2G26780	AL1G23490	0.8348	232.9	748.1	0.1806	0.1339	0.7417	-1939.721238	
AL2G26820	AL1G23510	0.9227	246.1	701.9	0.1333	0.1144	0.8584	-1878.730360	
AL2G26890	AL1G23590	0.9489	229.9	778.1	0.1637	0.1461	0.8924	-2039.229545	
AL2G26930	AL1G23650	1.5119	167.5	516.5	0.2382	0.2826	1.1863	-1521.787945	
AL2G26990	AL1G23670	1.0702	516.8	1415.2	0.0759	0.0838	1.1041	-3743.532361	
AL2G27030	AL1G23700	0.8642	223.2	739.8	0.1871	0.1435	0.7672	-1939.074773	
AL2G27060	AL1G23720	2.4460	124.4	379.6	0.3568	0.5643	1.5812	-1235.844700	
AL2G27080	AL1G23740	1.2482	241.9	700.1	0.2163	0.2156	0.9964	-2013.580369	
AL2G27100	AL1G23750	1.4291	233.3	672.7	0.1344	0.1792	1.3335	-1924.265888	
AL2G27110	AL1G23760	1.6617	233.1	708.9	0.1666	0.2475	1.4856	-2020.901460	
AL2G27170	AL1G23800	1.3638	119.2	375.8	0.3683	0.3217	0.8737	-1104.295161	
AL2G27220	AL1G23830	1.3029	170.4	567.6	0.1844	0.2149	1.1652	-1559.324621	
AL2G27240	AL1G23840	1.5464	186.1	572.9	0.3574	0.3578	1.0010	-1696.633568	
AL2G27270	AL1G23860	0.7433	175.6	469.4	0.3301	0.1596	0.4835	-1280.954855	
AL2G27280	AL1G23870	1.9657	318.8	899.2	0.1965	0.3164	1.6108	-2791.318558	
AL5G23240	AL4G22690	0.7771	541.3	1543.7	0.0579	0.0496	0.8562	-3832.470722	
AL5G23360	AL4G22810	0.6202	371.8	1242.2	0.0979	0.0662	0.6762	-2981.304033	
AL5G23400	AL4G22820	0.7720	218.1	501.9	0.0591	0.0442	0.7476	-1298.342543	
AL5G23410	AL4G22840	0.6567	118.4	379.6	0.0121	0.0108	0.8866	-833.485709	
AL5G23430	AL4G22870	0.4118	164.8	465.2	0.0585	0.0263	0.4504	-1057.650117	
AL5G23440	AL4G22880	0.9035	200.7	546.3	0.1138	0.0974	0.8559	-1443.480655	
AL5G23460	AL4G22950	0.8505	486.6	1304.4	0.1488	0.1110	0.7460	-3505.883193	
AL5G23490	AL4G23010	0.8114	514.6	1444.4	0.1149	0.0894	0.7786	-3799.243716	
AL5G23510	AL4G23050	0.9222	97.0	257.0	0.2754	0.1786	0.6486	-732.963672	
AL5G23560	AL4G23080	0.9387	105.5	377.5	0.0953	0.1018	1.0683	-891.955012	
AL5G23630	AL4G23110	1.1789	100.3	325.7	0.2350	0.2224	0.9465	-911.325446	
AL5G23710	AL4G23220	1.2453	125.4	420.6	0.2598	0.2509	0.9656	-1183.360704	
AL5G23720	AL4G23280	0.8284	140.2	471.8	0.3267	0.1875	0.5741	-1256.231243	
AL5G23750	AL4G23310	0.7681	327.9	1010.1	0.1428	0.1036	0.7255	-2551.819206	
AL5G23800	AL4G23370	0.5836	258.4	866.6	0.0389	0.0292	0.7491	-1958.052336	
AL6G28550	AL3G04700	0.8559	256.3	712.7	0.2016	0.1394	0.6912	-1947.897567	
AL6G28580	AL3G04690	1.2135	297.5	947.5	0.0979	0.1263	1.2903	-2505.889182	
AL6G28640	AL3G04600	0.7605	172.7	637.3	0.1126	0.0946	0.8401	-1547.038918	
AL6G28690	AL3G04560	0.5932	231.4	671.6	0.1592	0.0840	0.5277	-1694.768134	
AL6G28720	AL3G04540	0.8900	193.0	581.0	0.2135	0.1546	0.7243	-1601.194852	
AL6G28780	AL3G04150	1.4712	122.2	414.8	0.0908	0.1496	1.6471	-1126.172464	
AL6G28830	AL3G04240	1.7212	136.6	418.4	0.3984	0.4183	1.0499	-1307.950334	
AL6G28890	AL3G04280	1.2529	140.0	451.0	0.1909	0.2084	1.0917	-1245.772676	
AL6G28900	AL3G04340	1.1274	122.4	498.6	0.2728	0.2464	0.9031	-1356.110974	
AL6G28920	AL3G04360	1.9100	275.5	1029.5	0.2451	0.3858	1.5741	-3068.687983	
AL6G28930	AL3G04370	0.9892	116.2	381.8	0.0885	0.0969	1.0951	-974.653348	
AL6G28270	AL3G04840	0.7016	250.9	634.1	0.1439	0.0870	0.6049	-1656.178899	
AL6G28290	AL3G04860	0.7651	411.1	1142.9	0.0754	0.0601	0.7970	-2889.278750	
AL6G28310	AL3G04880	1.0228	301.6	994.4	0.1754	0.1628	0.9281	-2657.794243	
AL7G13100	AL3G41120	1.7096	103.4	373.6	0.3244	0.3926	1.2103	-1093.978099	
AL7G13110	AL3G41150	1.3618	348.2	1088.8	0.1500	0.1912	1.2753	-3070.860726	
AL7G13190	AL3G41230	1.5887	127.0	434.0	0.2739	0.3309	1.2081	-1271.814878	
AL7G13250	AL3G41270	0.8829	113.0	358.0	0.1492	0.1243	0.8330	-919.981541	
AL7G13260	AL3G41280	0.6201	295.9	943.1	0.1130	0.0719	0.6363	-2282.899383	
AL7G13300	AL3G41400	0.8297	213.7	608.3	0.0642	0.0577	0.8994	-1531.723216	
AL7G13340	AL3G41420	1.4206	179.2	525.8	0.1892	0.2266	1.1980	-1535.310024	
AL7G13410	AL3G41510	1.0473	324.3	926.7	0.1559	0.1453	0.9316	-2547.849519	
AL7G13420	AL3G41530	0.9837	180.2	575.8	0.1426	0.1348	0.9453	-1523.430086	
AL7G13470	AL3G41550	0.6621	434.8	1233.2	0.1589	0.0928	0.5836	-3178.285882	
AL7G13520	AL3G41600	0.7331	295.6	934.4	0.1077	0.0817	0.7587	-2340.624676	
AL7G13590	AL3G41680	1.2035	179.7	522.3	0.1778	0.1837	1.0332	-1497.239771	
AL7G13620	AL3G41730	6.1108	445.6	1252.4	0.0443	0.3057	6.9022	-3916.478501	
AL7G13650	AL3G41810	1.0691	154.0	515.0	0.1219	0.1341	1.0999	-1345.360255	
AL7G13710	AL3G41910	0.8163	286.7	946.3	0.1167	0.0986	0.8448	-2389.483498	
AL2G05460	AL1G25280	50.0000	267.6	845.4	0.0088	0.5928	67.4414	-2801.782578	
AL2G05660	AL1G25300	1.0734	87.7	293.3	0.1138	0.1281	1.1255	-777.848230	
AL2G05770	AL1G25570	2.0580	212.4	654.6	0.0952	0.2061	2.1648	-1898.389761	
AL2G05940	AL1G25680	1.7709	598.7	1921.3	0.0876	0.1699	1.9396	-5358.881592	
AL2G06010	AL1G25710	1.3828	605.0	1819.0	0.0950	0.1365	1.4364	-4970.385557	
AL2G06150	AL1G25910	2.7107	301.2	889.8	0.0778	0.2259	2.9057	-2601.270371	
AL2G06170	AL1G25920	3.5539	183.7	422.3	0.0837	0.2743	3.2776	-1379.566298	
AL2G06220	AL1G25960	4.2532	510.1	1517.9	0.1184	0.4935	4.1677	-4995.794104	
AL2G06230	AL1G25990	1.1228	144.6	482.4	0.0696	0.0917	1.3167	-1237.445891	
AL2G06240	AL1G26000	1.9812	78.4	245.6	0.0983	0.2051	2.0863	-681.980849	
AL2G06280	AL1G26200	5.7262	133.0	362.0	0.0437	0.2774	6.3493	-1145.207776	
AL2G06560	AL1G26350	19.8488	384.8	1094.2	0.0319	0.7442	23.3120	-3814.100181	
AL2G06590	AL1G26490	4.6236	121.8	406.2	0.2870	0.9798	3.4136	-1399.349229	
AL2G06640	AL1G26570	50.0000	321.6	986.4	0.0110	0.7193	65.5778	-3330.436195	
AL2G16900	AL1G13860	50.0000	196.8	613.2	0.0250	1.5892	63.6327	-2168.106426	
AL2G16920	AL1G13840	3.5637	856.2	2641.8	0.0375	0.1633	4.3496	-7401.595342	
AL2G17020	AL1G13850	3.2272	222.5	818.5	0.1071	0.3866	3.6102	-2361.201006	
AL2G17080	AL1G13900	2.9275	127.2	436.8	0.0738	0.2549	3.4529	-1280.657683	
AL2G17210	AL1G14090	50.0000	312.0	1035.0	0.0109	0.7576	69.4410	-3393.315181	
AL2G17510	AL1G14440	11.1711	266.8	873.2	0.0425	0.5940	13.9651	-2813.324629	
AL2G17520	AL1G14450	5.1480	165.4	548.6	0.0892	0.5099	5.7153	-1744.404715	
AL2G17530	AL1G14640	5.5019	202.7	634.3	0.6691	1.6378	2.4478	-2223.071685	
AL2G17610	AL1G14680	4.1127	502.8	1753.2	0.1457	0.5942	4.0790	-5597.412173	
AL2G17660	AL1G14690	1.0332	97.7	370.3	0.0522	0.0719	1.3775	-865.961841	
AL2G17710	AL1G14750	2.9363	137.7	477.3	0.0768	0.2652	3.4528	-1391.944675	
AL2G17900	AL1G15030	1.2778	196.6	571.4	0.0990	0.1279	1.2922	-1546.758648	
AL2G17990	AL1G15110	50.0000	238.9	790.1	0.0124	0.8553	68.9635	-2672.078305	
AL2G18010	AL1G15060	0.8522	128.3	528.7	0.0256	0.0336	1.3160	-1177.311365	
AL2G18100	AL1G15140	2.8331	110.6	333.4	0.0196	0.0701	3.5785	-855.448869	
AL6G40100	AL1G00660	7.2641	220.2	499.8	0.1362	0.8238	6.0476	-1834.137068	
AL6G40230	AL1G00730	0.5352	238.8	736.2	0.0625	0.0382	0.6108	-1709.881207	
AL6G40240	AL1G00740	1.3487	250.7	736.3	0.2928	0.2786	0.9515	-2199.397215	
AL6G40260	AL1G00750	1.3415	310.2	919.8	0.1412	0.1765	1.2497	-2632.014547	
AL6G40400	AL1G00840	1.0317	240.8	785.2	0.1735	0.1623	0.9359	-2100.419588	
AL6G40490	AL1G00880	1.0748	370.2	1348.8	0.2318	0.2091	0.9020	-3629.095205	
AL6G40500	AL1G00890	1.7667	268.9	832.1	0.2002	0.2980	1.4890	-2506.002689	
AL6G40510	AL1G00900	1.2008	340.4	832.6	0.2787	0.2286	0.8202	-2538.625097	
AL6G40580	AL1G00960	0.7040	125.7	414.3	0.1435	0.0982	0.6845	-1033.889437	
AL6G40600	AL1G00990	0.7985	452.9	1308.1	0.0978	0.0789	0.8069	-3352.696911	
AL6G40670	AL1G01120	1.1430	160.6	490.4	0.1469	0.1567	1.0660	-1347.932758	
AL6G40780	AL1G01200	1.4782	141.5	386.5	0.2151	0.2492	1.1583	-1144.100740	
AL6G40810	AL1G01260	1.2249	299.6	816.4	0.1691	0.1760	1.0412	-2356.934501	
AL8G15270	AL7G17030	1.2192	639.4	1844.6	0.1769	0.1849	1.0453	-5252.065737	
AL8G15320	AL7G17020	2.0132	161.6	468.4	0.1219	0.2356	1.9327	-1392.998598	
AL8G15460	AL7G16980	1.0585	174.7	587.3	0.1857	0.1759	0.9477	-1592.940945	
AL8G15470	AL7G16970	2.3930	312.0	942.0	0.2922	0.4977	1.7033	-3070.750812	
AL8G15670	AL7G16890	0.6032	464.0	1267.0	0.1284	0.0713	0.5554	-3196.301915	
AL8G15710	AL7G16880	0.6407	365.9	1182.1	0.1175	0.0769	0.6549	-2893.796094	
AL8G15750	AL7G16860	50.0000	150.3	428.7	0.0122	0.7564	62.0617	-1468.809559	
AL8G15840	AL7G16780	1.0583	282.2	833.8	0.1224	0.1254	1.0244	-2258.194826	
AL8G16000	AL7G16730	1.7566	268.6	685.4	0.2205	0.2935	1.3308	-2182.410723	
AL8G16010	AL7G16710	4.9065	112.3	367.7	0.0871	0.4738	5.4409	-1183.410355	
AL8G16090	AL7G16690	1.7331	263.8	882.2	0.4772	0.4614	0.9668	-2705.934380	
AL8G16240	AL7G16670	2.4792	169.5	556.5	0.3863	0.6029	1.5605	-1813.471553	
AL8G16250	AL7G16650	2.1377	117.4	410.6	0.1188	0.2690	2.2634	-1162.331277	
AL8G16330	AL7G16640	0.7737	174.2	572.8	0.0940	0.0794	0.8446	-1411.864743	
AL2G10660	AL2G10180	50.0000	426.7	1514.3	0.0067	0.4953	74.0640	-4746.303742	
AL2G10700	AL2G10160	0.0051	172.5	430.5	99.0000	0.0024	0.0000	-800.338365	
AL2G10720	AL2G10150	0.0139	77.3	354.7	99.0000	0.0056	0.0001	-592.624256	
AL2G10770	AL2G10100	0.0063	367.4	1069.6	99.0000	0.0028	0.0000	-1925.749877	
AL2G10780	AL2G10090	0.0408	89.0	457.0	0.3897	0.0108	0.0278	-756.513451	
AL2G10810	AL2G10070	0.0626	68.1	375.9	1.4145	0.0219	0.0155	-619.116937	
AL2G10820	AL2G10060	0.1507	158.3	630.7	0.3722	0.0375	0.1008	-1219.236406	
AL2G10880	AL2G09990	0.0123	184.2	568.8	0.6287	0.0036	0.0057	-1002.011749	
AL2G10900	AL2G09970	0.3654	127.7	451.3	0.7184	0.1121	0.1560	-1030.030732	
AL2G10990	AL2G09890	0.0131	86.4	387.6	0.2106	0.0026	0.0123	-629.534200	
AL2G11000	AL2G09870	0.0082	164.4	573.6	99.0000	0.0035	0.0000	-988.943217	
AL2G11020	AL2G09850	0.1723	175.5	793.5	0.6320	0.0520	0.0822	-1542.804418	
AL2G12900	AL7G34280	2.8820	238.8	706.2	0.4600	0.7409	1.6107	-2360.813130	
AL2G12910	AL7G34440	7.0033	138.5	428.5	0.1149	0.8101	7.0512	-1467.584603	
AL2G12950	AL7G34470	1.3400	111.7	359.3	0.1725	0.2090	1.2112	-971.652187	
AL2G13090	AL7G34530	1.7131	249.2	773.8	0.1971	0.2867	1.4542	-2243.101045	
AL2G13140	AL7G34570	0.7721	213.3	653.7	0.1728	0.1182	0.6839	-1708.059151	
AL2G13170	AL7G34640	0.5216	269.7	795.3	0.0713	0.0404	0.5673	-1876.828631	
AL2G13270	AL7G34850	1.1362	186.1	530.9	0.1228	0.1327	1.0807	-1431.447522	
AL2G13350	AL7G34910	1.1500	123.3	365.7	0.1861	0.1823	0.9795	-1021.066334	
AL2G13460	AL7G34950	50.0000	79.9	283.1	0.0023	0.1758	75.1345	-735.342231	
AL2G13480	AL7G34960	0.7026	74.8	309.2	0.0010	0.0012	1.1968	-604.635709	
AL2G13570	AL7G34990	1.4298	263.7	867.3	0.2755	0.2954	1.0725	-2555.180466	
AL2G13580	AL7G35010	0.8121	211.1	607.9	0.2376	0.1481	0.6236	-1633.281454	
AL2G13590	AL7G35080	1.4565	145.3	430.7	0.1538	0.2033	1.3219	-1231.591517	
AL2G17990	AL2G06590	50.0000	108.7	395.3	0.0137	1.0057	73.5895	-1333.058135	
AL2G18250	AL2G06320	0.9222	193.1	715.9	0.0250	0.0331	1.3239	-1623.914180	
AL2G18320	AL2G06240	3.5804	78.4	236.6	0.0842	0.3221	3.8248	-707.858701	
AL2G18430	AL2G06230	1.4712	78.4	299.6	0.1002	0.1713	1.7104	-798.502977	
AL2G18520	AL2G06220	6.2923	459.0	1437.0	0.0646	0.4656	7.2056	-4639.243217	
AL2G18560	AL2G06170	3.4721	169.4	433.6	0.0768	0.2644	3.4433	-1373.087032	
AL2G18660	AL2G06030	2.0615	278.8	750.2	0.1554	0.2779	1.7883	-2321.343114	
AL2G18690	AL2G05940	2.2043	574.4	1948.6	0.0695	0.1815	2.6115	-5401.593468	
AL2G18700	AL2G05920	50.0000	582.9	1595.1	0.0081	0.4964	60.9114	-5372.327912	
AL2G18750	AL2G06000	2.6129	97.4	319.6	0.4284	0.6640	1.5502	-999.852587	
AL2G18810	AL2G05770	1.4153	220.7	646.3	0.1501	0.1932	1.2874	-1862.427197	
AL2G19000	AL2G05660	1.1546	94.4	286.6	0.1088	0.1270	1.1673	-775.130953	
AL2G19330	AL2G05210	50.0000	233.5	714.5	0.0116	0.7583	65.3322	-2446.170054	
AL4G20520	AL1G33960	1.2352	134.9	375.1	0.2457	0.2272	0.9247	-1120.604099	
AL4G20560	AL1G33920	1.4222	232.2	610.8	0.3213	0.2997	0.9328	-1852.547481	
AL4G20580	AL1G33880	0.8139	172.5	454.5	0.1186	0.0891	0.7513	-1216.047344	
AL4G20750	AL1G33800	0.6213	122.3	327.7	0.0629	0.0410	0.6521	-794.500811	
AL4G20760	AL1G33700	0.4810	274.8	850.2	0.0705	0.0380	0.5389	-1968.366543	
AL4G20780	AL1G33680	3.4773	113.9	348.1	0.2746	0.7021	2.5565	-1168.159245	
AL4G20790	AL1G33670	0.9976	157.3	463.7	0.1800	0.1544	0.8578	-1269.924172	
AL4G20850	AL1G33540	0.9245	147.4	425.6	0.2611	0.1783	0.6829	-1195.799745	
AL4G20880	AL1G33490	0.8763	123.2	404.8	0.2748	0.1808	0.6579	-1069.704147	
AL4G20900	AL1G33340	0.7367	215.1	705.9	0.2194	0.1341	0.6112	-1802.032923	
AL4G20930	AL1G33240	0.6986	199.4	538.6	0.2168	0.1179	0.5436	-1427.904354	
AL4G20940	AL1G33150	1.3006	122.5	333.5	0.1729	0.1897	1.0970	-971.848484	
AL4G20950	AL1G33090	0.6611	234.4	671.6	0.1333	0.0821	0.6164	-1694.654765	
AL4G27140	AL6G05060	1.0797	108.7	344.3	0.0471	0.0615	1.3049	-828.222798	
AL4G27200	AL6G05020	19.0076	118.1	400.9	0.0129	0.3432	26.6801	-1207.435971	
AL4G27210	AL6G05000	50.0000	105.1	416.9	0.0073	0.5872	80.4840	-1296.892042	
AL4G27230	AL6G04990	1.9431	424.9	1216.1	0.0761	0.1563	2.0540	-3472.738554	
AL4G27240	AL6G04980	2.2349	153.8	398.2	0.0702	0.1588	2.2628	-1170.451555	
AL4G27520	AL6G04860	1.9943	185.0	547.0	0.0889	0.1851	2.0829	-1584.342597	
AL4G27540	AL6G04810	4.7493	312.9	1076.1	0.1256	0.6163	4.9076	-3447.361957	
AL4G27550	AL6G04800	7.4674	243.5	686.5	0.0685	0.5461	7.9678	-2279.328387	
AL4G27690	AL6G04690	50.0000	540.1	1670.9	0.0161	1.0489	64.9835	-5803.531765	
AL4G27910	AL6G04630	2.3497	147.0	453.0	0.1954	0.3898	1.9955	-1449.376814	
AL4G27930	AL6G04580	3.5553	194.8	588.2	0.0657	0.2611	3.9753	-1770.622925	
AL8G10810	AL3G08240	0.8692	361.9	1186.1	0.1328	0.1146	0.8636	-3039.682300	
AL8G10880	AL3G08170	3.1902	245.1	720.9	0.1183	0.3677	3.1098	-2247.730543	
AL8G10990	AL3G08100	1.0780	166.1	577.9	0.1352	0.1480	1.0947	-1516.746883	
AL8G11130	AL3G07980	1.4727	477.7	1355.3	0.3860	0.3471	0.8990	-4255.744277	
AL8G11200	AL3G07940	1.6419	534.5	1643.5	0.2594	0.3218	1.2406	-4953.098908	
AL8G11500	AL3G07730	1.8870	200.1	633.9	0.4770	0.4980	1.0440	-2011.361971	
AL8G11540	AL3G07700	1.0449	256.3	769.7	0.2001	0.1743	0.8709	-2167.749720	
AL8G11650	AL3G07570	1.6523	125.9	405.1	0.2513	0.3228	1.2845	-1203.295355	
AL8G11680	AL3G07550	0.8435	172.9	448.1	0.1024	0.0818	0.7981	-1156.690853	
AL8G11690	AL3G07530	0.8291	139.8	415.2	0.3201	0.1800	0.5625	-1134.708552	
AL8G11830	AL3G07460	0.5730	164.1	453.9	0.0425	0.0274	0.6438	-1070.457053	
AL7G27010	AL3G18340	50.0000	250.1	673.9	0.0132	0.7852	59.4521	-2401.926966	
AL7G27060	AL3G18270	0.9597	238.1	652.9	0.2132	0.1611	0.7555	-1805.282083	
AL7G27240	AL3G18220	0.5930	416.7	1269.3	0.1196	0.0701	0.5863	-3107.223943	
AL7G27250	AL3G18210	1.0735	571.6	1825.4	0.2138	0.1906	0.8918	-5075.718631	
AL7G27330	AL3G18120	1.1677	513.5	1400.5	0.1273	0.1371	1.0769	-3948.663053	
AL7G27340	AL3G18110	1.1339	255.0	723.0	0.1962	0.1827	0.9314	-2055.872855	
AL7G27380	AL3G18080	0.5194	481.1	1690.9	0.0781	0.0479	0.6132	-3863.934182	
AL7G27570	AL3G17950	1.5199	227.5	735.5	0.4748	0.4017	0.8460	-2218.226087	
AL7G27620	AL3G17900	0.5783	181.8	481.2	0.1380	0.0711	0.5148	-1224.403536	
AL7G27640	AL3G17890	1.3725	196.1	481.9	0.2680	0.2556	0.9537	-1488.921930	
AL7G27660	AL3G17840	0.4552	147.3	443.7	0.1512	0.0632	0.4183	-1053.291271	
AL7G27770	AL3G17810	11.3331	369.8	1235.2	0.0710	0.9407	13.2546	-4156.292090	
AL5G08370	AL7G38540	0.8493	136.0	452.0	0.1327	0.1127	0.8495	-1151.404661	
AL5G08380	AL7G38560	50.0000	117.2	362.8	0.0122	0.8012	65.7722	-1212.600804	
AL5G08390	AL7G38580	1.3868	102.1	353.9	0.2626	0.2838	1.0806	-1007.845830	
AL5G08500	AL7G38650	1.1020	124.9	367.1	0.2988	0.2302	0.7705	-1042.336943	
AL5G08550	AL7G38700	2.3995	162.1	572.9	0.1292	0.3218	2.4896	-1698.970118	
AL5G08610	AL7G38740	3.4743	188.8	690.2	0.1940	0.6120	3.1542	-1963.612252	
AL5G08700	AL7G38870	1.2357	180.4	611.6	0.1258	0.1595	1.2675	-1588.777739	
AL5G08720	AL7G38910	0.8095	300.2	953.8	0.1011	0.0862	0.8531	-2402.351852	
AL5G09050	AL7G39150	0.5996	84.7	359.3	0.1095	0.0783	0.7156	-804.419298	
AL5G09060	AL7G39180	0.8168	335.7	1104.3	0.0426	0.0437	1.0244	-2605.686482	
AL5G09080	AL7G39190	2.2418	178.4	547.6	0.1410	0.2993	2.1223	-1661.794851	
AL5G09290	AL7G39390	2.4110	345.3	911.7	0.2756	0.4666	1.6934	-3064.830893	
AL5G31900	AL1G00490	2.4256	197.5	603.5	0.1045	0.2599	2.4855	-1785.473761	
AL5G31910	AL1G00510	1.4410	133.9	430.1	0.0899	0.1411	1.5696	-1161.683863	
AL5G32060	AL1G00600	5.1509	343.4	1090.6	0.2238	0.9380	4.1912	-3678.975271	
AL5G32070	AL1G00610	3.5238	148.6	598.4	0.2541	0.7415	2.9187	-1874.349517	
AL5G32130	AL1G00660	1.5070	203.3	516.7	0.0201	0.0340	1.6922	-1321.192239	
AL5G32230	AL1G00740	5.6758	236.1	669.9	0.0982	0.5576	5.6771	-2205.913264	
AL5G32240	AL1G00810	2.3399	331.1	970.9	0.0882	0.2149	2.4367	-2838.127458	
AL5G32480	AL1G00880	3.9236	172.4	595.6	0.1963	0.6815	3.4720	-1937.154634	
AL5G32520	AL1G00960	2.4537	136.0	395.0	0.0566	0.1552	2.7436	-1110.957189	
AL5G32740	AL1G01040	13.9830	330.4	884.6	0.0114	0.1903	16.6307	-2686.168142	
AL5G32810	AL1G01060	50.0000	391.7	976.3	0.0142	0.7960	56.2264	-3561.480247	
AL5G32900	AL1G01220	50.0000	196.7	595.3	0.0117	0.7587	64.7996	-2048.654344	
AL7G38100	AL6G14870	4.8546	282.6	914.4	0.0277	0.1740	6.2909	-2589.338885	
AL7G38240	AL6G14940	50.0000	158.2	501.8	0.0030	0.2057	68.8953	-1447.816926	
AL7G38310	AL6G14900	50.0000	242.5	909.5	0.0136	1.0236	75.3296	-3037.979944	
AL7G38380	AL6G15030	1.1243	129.8	461.2	0.0394	0.0590	1.4972	-1112.359607	
AL7G38540	AL6G15040	1.5973	134.2	435.8	0.1497	0.2278	1.5222	-1266.366786	
AL7G38610	AL6G15120	13.3415	303.2	1112.8	0.0579	0.9912	17.1292	-3670.629428	
AL7G38640	AL6G15140	10.1910	305.5	1158.5	0.0594	0.7893	13.2872	-3711.038723	
AL7G38730	AL6G15000	4.6038	213.3	707.7	0.1145	0.5498	4.8026	-2323.022115	
AL7G38940	AL6G15250	4.0026	268.3	1057.7	0.2298	0.7952	3.4596	-3312.703564	
AL7G39130	AL6G15260	2.1472	172.7	565.3	0.0505	0.1326	2.6248	-1522.469143	
AL7G39140	AL6G15140	20.0572	345.9	1061.1	0.0269	0.6761	25.1209	-3540.638729	
AL7G39180	AL6G15310	9.0364	365.8	1074.2	0.0054	0.0627	11.6741	-2729.527204	
AL7G01520	AL6G30340	6.0248	300.0	1083.0	0.1153	0.7535	6.5377	-3486.588988	
AL7G01560	AL6G30370	0.0401	129.7	551.3	99.0000	0.0165	0.0002	-959.306135	
AL7G01570	AL6G30380	0.0768	106.1	421.9	0.3054	0.0176	0.0575	-772.263495	
AL7G01580	AL6G30390	0.0000	122.8	591.2	0.0010	0.0000	0.0000	-940.848953	
AL7G01590	AL6G30400	0.0080	259.6	502.4	99.0000	0.0040	0.0000	-1037.711192	
AL7G01610	AL6G30420	0.0085	136.1	613.9	0.0010	0.0000	0.0156	-1008.598084	
AL7G01620	AL6G30430	0.0085	218.8	498.2	0.4409	0.0021	0.0047	-964.167071	
AL7G01630	AL6G30440	0.0182	314.0	697.0	0.2317	0.0030	0.0129	-1351.033955	
AL7G01640	AL6G30450	0.0081	217.9	508.1	0.0010	0.0000	0.0090	-969.137697	
AL7G01680	AL6G30480	0.0044	205.1	508.9	99.0000	0.0020	0.0000	-947.175028	
AL3G23110	AL1G46290	1.4439	254.2	828.8	0.3122	0.3172	1.0162	-2492.601552	
AL3G23160	AL1G46310	0.8046	224.3	654.7	0.1711	0.1199	0.7009	-1727.735649	
AL3G23180	AL1G46340	0.5300	321.4	1019.6	0.1150	0.0621	0.5400	-2417.074075	
AL3G23230	AL1G46350	0.7664	207.4	638.6	0.1682	0.1155	0.6864	-1651.067904	
AL3G23250	AL1G46380	0.7756	314.1	951.9	0.1066	0.0839	0.7876	-2382.520394	
AL3G23300	AL1G46410	0.8712	142.1	580.9	0.0861	0.0941	1.0930	-1401.994904	
AL3G23310	AL1G46430	2.9515	422.7	1134.3	0.0717	0.2179	3.0393	-3420.325616	
AL3G23350	AL1G46440	0.4742	339.4	1160.6	0.1474	0.0684	0.4644	-2689.252155	
AL3G23360	AL1G46450	1.6069	111.5	437.5	0.4052	0.4127	1.0184	-1302.502862	
AL3G23370	AL1G46460	0.5725	332.5	1098.5	0.1568	0.0848	0.5410	-2671.193928	
AL3G23540	AL1G46650	6.1747	97.4	337.6	0.1500	0.9074	6.0498	-1117.243787	
AL2G14310	AL7G40700	1.1996	126.6	440.4	0.0742	0.1056	1.4236	-1108.344851	
AL2G14430	AL7G40570	5.6662	99.0	306.0	0.4813	1.4950	3.1061	-1075.236764	
AL2G14440	AL7G40620	1.6218	410.8	1266.2	0.2229	0.2916	1.3080	-3527.405258	
AL2G14500	AL7G40560	0.9796	246.1	881.9	0.0798	0.0928	1.1639	-2151.291475	
AL2G14520	AL7G40460	1.9747	164.4	537.6	0.4915	0.5298	1.0781	-1718.781356	
AL2G14570	AL7G40520	0.7013	172.4	628.6	0.1299	0.0958	0.7370	-1530.478404	
AL2G14910	AL7G40120	0.3445	126.1	410.9	0.1120	0.0401	0.3582	-910.435494	
AL2G14940	AL7G40090	1.0982	374.4	1098.6	0.0900	0.1026	1.1393	-2946.377729	
AL2G15070	AL7G39900	1.0647	259.9	940.1	0.2994	0.2355	0.7867	-2558.122710	
AL2G15120	AL7G39820	1.4944	220.1	916.9	0.3149	0.3505	1.1131	-2553.828896	
AL5G25760	AL6G05610	50.0000	170.9	534.1	0.0061	0.4110	67.4580	-1684.874545	
AL5G25790	AL6G05590	1.7041	322.6	1030.4	0.1747	0.2672	1.5292	-3034.441963	
AL5G25840	AL6G05540	2.2486	319.4	1057.6	0.1469	0.3194	2.1738	-3195.128396	
AL5G25900	AL6G05460	9.4968	306.0	924.0	0.0402	0.4566	11.3452	-3007.847679	
AL5G25930	AL6G05440	2.1907	273.2	794.8	0.1267	0.2643	2.0855	-2399.883938	
AL5G26080	AL6G05340	2.6234	370.1	1144.9	0.0438	0.1382	3.1523	-3113.893685	
AL5G26180	AL6G05200	2.0709	240.5	680.5	0.1207	0.2379	1.9706	-2046.318806	
AL5G26360	AL6G04980	1.7925	164.4	387.6	0.0884	0.1468	1.6599	-1151.661134	
AL5G26630	AL6G04820	4.3237	150.6	473.4	0.0852	0.4013	4.7098	-1429.166001	
AL5G26640	AL6G04730	50.0000	315.5	950.5	0.0168	1.0686	63.6529	-3346.490088	
AL5G26720	AL6G04720	2.5992	265.9	790.1	0.1520	0.3603	2.3701	-2495.794912	
AL5G11750	AL6G21680	0.6447	79.0	224.0	0.0302	0.0229	0.7589	-520.784670	
AL5G11880	AL6G21770	0.8209	278.7	816.3	0.1394	0.1064	0.7633	-2111.525127	
AL5G11900	AL6G21850	1.0699	160.5	454.5	0.1770	0.1611	0.9104	-1286.941920	
AL5G11970	AL6G21890	39.3543	164.4	495.6	0.0144	0.7281	50.4637	-1688.698857	
AL5G12030	AL6G21940	1.6988	175.4	598.6	0.2318	0.3234	1.3953	-1778.963361	
AL5G12040	AL6G21960	1.2223	269.2	744.8	0.2449	0.2241	0.9148	-2203.221418	
AL5G12210	AL6G22090	6.3748	239.1	741.9	0.0701	0.5018	7.1624	-2387.019378	
AL5G12900	AL6G22640	1.2520	580.0	1601.0	0.1477	0.1647	1.1148	-4536.301369	
AL5G12910	AL6G22650	3.1502	576.1	1433.9	0.1648	0.4281	2.5979	-4801.276427	
AL5G12950	AL6G22670	1.0008	149.9	483.1	0.1998	0.1712	0.8568	-1308.313970	
AL5G20470	AL7G04200	4.0064	116.8	405.2	0.0841	0.3887	4.6197	-1235.066002	
AL5G20700	AL7G04500	2.1271	188.2	558.8	0.2598	0.4128	1.5889	-1792.817758	
AL5G20730	AL7G04520	2.3456	159.9	488.1	0.3078	0.5028	1.6337	-1602.455813	
AL5G20830	AL7G04630	1.1198	88.6	271.4	0.0530	0.0691	1.3044	-692.080512	
AL5G20870	AL7G04780	2.3316	274.7	784.3	0.1086	0.2484	2.2872	-2357.249047	
AL5G20930	AL7G04800	0.7377	155.0	436.0	0.0274	0.0239	0.8703	-1034.095378	
AL5G20970	AL7G04880	4.0085	389.2	1122.8	0.1445	0.5294	3.6635	-3771.522798	
AL5G20250	AL7G04030	16.1423	334.1	850.9	0.0304	0.5391	17.7122	-2927.723002	
AL5G20260	AL7G04020	2.7087	197.0	532.0	0.0872	0.2359	2.7044	-1630.268192	
AL5G20400	AL7G03840	1.8689	263.1	717.9	0.0835	0.1580	1.8915	-2068.901999	
AL5G20420	AL7G03830	2.7072	168.6	425.4	0.1107	0.2751	2.4855	-1337.280781	
AL2G09260	AL7G01560	0.0045	194.4	486.6	99.0000	0.0021	0.0000	-911.008275	
AL2G09270	AL7G01570	0.1734	101.9	447.1	0.6817	0.0532	0.0780	-880.005607	
AL2G09280	AL7G01580	0.0128	161.0	553.0	0.1461	0.0018	0.0126	-960.896516	
AL2G09290	AL7G01590	0.0121	257.5	504.5	0.2523	0.0020	0.0080	-1042.535654	
AL2G09310	AL7G01610	0.0000	147.8	602.2	0.4856	0.0000	0.0000	-995.903221	
AL2G09320	AL7G01620	0.0172	218.9	498.1	0.4389	0.0041	0.0094	-976.561858	
AL2G09330	AL7G01630	0.0026	358.1	799.9	0.0010	0.0000	0.0028	-1511.923326	
AL2G09340	AL7G01640	0.0040	216.7	509.3	0.0010	0.0000	0.0045	-963.109067	
AL2G09380	AL7G01680	0.0127	205.1	508.9	0.2106	0.0020	0.0097	-959.947483	
AL2G09260	AL6G30370	0.0448	137.0	544.0	99.0000	0.0186	0.0002	-964.121001	
AL2G09270	AL6G30380	0.0945	106.7	421.3	0.5672	0.0273	0.0481	-789.703733	
AL2G09280	AL6G30390	0.0128	161.0	553.0	0.1461	0.0018	0.0126	-960.896516	
AL2G09290	AL6G30400	0.0121	258.6	503.4	0.2535	0.0020	0.0079	-1041.881710	
AL2G09310	AL6G30420	0.0085	136.1	613.9	0.0010	0.0000	0.0156	-1008.598084	
AL2G09320	AL6G30430	0.0086	218.7	498.3	0.4390	0.0021	0.0047	-966.459629	
AL2G09330	AL6G30440	0.0212	314.3	696.7	0.1848	0.0030	0.0162	-1356.650372	
AL2G09340	AL6G30450	0.0164	378.4	1103.6	0.1151	0.0018	0.0161	-2018.834350	
AL2G09380	AL6G30480	0.0077	224.9	546.1	0.0010	0.0000	0.0088	-1032.184656	
AL5G02600	AL7G01680	0.3027	143.1	570.9	0.4947	0.0837	0.1693	-1221.211000	
AL5G02640	AL7G01640	0.0040	217.8	508.2	0.0010	0.0000	0.0045	-963.720790	
AL5G02650	AL7G01630	0.0106	311.2	846.8	1.1173	0.0036	0.0033	-1533.341862	
AL5G02660	AL7G01620	0.0000	155.3	561.7	0.0440	0.0000	0.0000	-951.846808	
AL5G02670	AL7G01610	0.1217	128.5	621.5	0.5622	0.0358	0.0637	-1151.005776	
AL5G02700	AL7G01570	0.0000	102.8	356.2	0.4979	0.0000	0.0000	-607.964107	
AL5G02710	AL7G01560	0.0447	136.9	544.1	99.0000	0.0186	0.0002	-963.867102	
AL5G03090	AL7G01180	5.1978	151.9	523.1	0.1551	0.7783	5.0193	-1715.579042	
AL5G10430	AL6G20570	9.8910	298.4	889.6	0.0275	0.3336	12.1308	-2779.691480	
AL5G10540	AL6G20740	1.1284	778.7	2626.3	0.1300	0.1486	1.1436	-6986.594983	
AL5G10620	AL6G20790	0.8300	156.5	572.5	0.0995	0.0940	0.9448	-1381.697689	
AL5G10810	AL6G21080	1.2768	127.3	367.7	0.2982	0.2651	0.8893	-1083.542040	
AL5G10860	AL6G21110	0.7115	582.7	1805.3	0.0719	0.0571	0.7949	-4378.456600	
AL5G10880	AL6G21120	0.7679	574.7	1783.3	0.1829	0.1226	0.6699	-4621.701631	
AL5G10940	AL6G21150	9.7126	246.6	755.4	0.0493	0.5631	11.4297	-2511.290398	
AL5G10960	AL6G21170	0.9975	126.4	365.6	0.1458	0.1327	0.9103	-1008.621488	
AL5G10970	AL6G21190	1.4196	126.8	341.2	0.3100	0.2952	0.9521	-1041.484166	
AL7G12520	AL3G36390	1.9868	232.0	713.0	0.4050	0.4867	1.2016	-2293.557953	
AL7G12560	AL3G36330	1.0434	210.8	722.2	0.1732	0.1673	0.9660	-1940.843797	
AL7G12610	AL3G36310	0.8071	380.2	1035.8	0.0937	0.0748	0.7982	-2650.348855	
AL7G12880	AL3G36010	1.7365	132.2	362.8	0.3382	0.3801	1.1239	-1146.729974	
AL7G12920	AL3G35970	0.9710	124.3	346.7	0.1699	0.1414	0.8322	-943.289796	
AL7G12990	AL3G35760	0.8663	174.3	542.7	0.1617	0.1277	0.7902	-1440.953011	
AL7G13000	AL3G35750	1.1646	487.2	1417.8	0.2825	0.2353	0.8331	-4101.412176	
AL7G13030	AL3G35720	1.0312	92.5	267.5	0.4464	0.2607	0.5839	-783.576967	
AL7G13060	AL3G35700	0.6367	891.0	2787.0	0.3011	0.1358	0.4512	-7124.869663	
AL7G12660	AL1G03950	7.3510	114.7	371.3	0.0597	0.5197	8.7032	-1213.186759	
AL7G12890	AL1G03790	50.0000	268.0	932.0	0.0047	0.3417	73.4462	-2840.045722	
AL7G13040	AL1G03520	2.0411	310.4	919.6	0.0731	0.1620	2.2163	-2618.596805	
AL7G13060	AL1G03500	1.4258	847.4	2857.6	0.0862	0.1388	1.6098	-7564.834421	
AL7G13160	AL1G03430	2.9839	104.7	366.3	0.1718	0.4802	2.7942	-1146.560632	
AL7G13230	AL1G03340	2.3191	560.1	1563.9	0.1876	0.3609	1.9238	-4969.347954	
AL7G13250	AL1G03330	3.9699	94.1	376.9	0.0687	0.3567	5.1957	-1087.291372	
AL7G13290	AL1G03200	2.7694	305.6	1023.4	0.1131	0.3293	2.9121	-3112.860111	
AL7G13300	AL1G03180	1.2000	210.7	623.3	0.0486	0.0672	1.3842	-1583.020170	
AL7G13510	AL1G03040	4.5559	119.8	339.2	0.0723	0.3491	4.8315	-1039.789880	
AL4G26150	AL6G01470	21.5917	246.0	702.0	0.0111	0.2982	26.8809	-2202.270437	
AL4G26190	AL6G01440	7.2395	195.8	542.2	0.0210	0.1804	8.5981	-1581.545221	
AL4G26220	AL6G01330	3.5051	308.8	819.2	0.0899	0.3099	3.4458	-2625.620183	
AL4G26340	AL6G01170	17.5196	120.3	359.7	0.0308	0.6570	21.3415	-1186.527908	
AL4G26610	AL6G00930	1.9639	326.6	909.4	0.1437	0.2543	1.7694	-2809.169515	
AL4G26690	AL6G00880	2.3314	379.6	967.4	0.0499	0.1221	2.4464	-2755.870072	
AL4G26880	AL6G00740	8.9556	270.0	831.0	0.0472	0.5012	10.6295	-2689.142351	
AL4G27150	AL6G00460	10.2857	198.7	533.3	0.0208	0.2489	11.9620	-1638.059878	
AL4G27190	AL6G00440	50.0000	258.1	842.9	0.0077	0.5337	69.3413	-2737.480334	
AL4G27240	AL6G00420	3.1817	148.8	403.2	0.1049	0.3214	3.0644	-1261.124182	
AL2G09260	AL4G10530	0.0364	153.1	527.9	0.4637	0.0096	0.0207	-953.599766	
AL2G09270	AL4G10540	0.1917	102.6	446.4	0.6514	0.0581	0.0892	-891.870774	
AL2G09310	AL4G10570	0.0081	213.6	536.4	0.4023	0.0019	0.0047	-1009.113601	
AL2G09320	AL4G10580	0.5162	121.3	460.7	0.6743	0.1563	0.2318	-1114.501860	
AL2G09330	AL4G10590	0.0088	261.9	776.1	0.6644	0.0026	0.0039	-1375.376886	
AL2G09340	AL4G10600	0.0267	404.9	1077.1	0.1705	0.0038	0.0224	-2045.979579	
AL2G09380	AL4G10640	0.0119	174.0	597.0	0.1451	0.0017	0.0118	-1042.658087	
AL4G10530	AL7G01560	0.0319	145.4	535.6	0.3432	0.0076	0.0220	-948.321366	
AL4G10540	AL7G01570	0.0278	95.7	453.3	0.8077	0.0089	0.0110	-759.236075	
AL4G10550	AL7G01590	0.0121	214.6	541.4	0.7582	0.0037	0.0049	-1039.860687	
AL4G10570	AL7G01610	0.0081	213.6	536.4	0.4022	0.0019	0.0047	-1009.113601	
AL4G10580	AL7G01620	0.5152	121.8	460.2	0.7440	0.1602	0.2153	-1114.268297	
AL4G10590	AL7G01630	0.0058	247.3	790.7	99.0000	0.0025	0.0000	-1366.995751	
AL4G10600	AL7G01640	0.0165	216.7	509.3	0.1498	0.0020	0.0136	-981.518368	
AL4G10640	AL7G01680	0.0129	168.0	546.0	0.6247	0.0038	0.0060	-961.818223	
AL4G10530	AL6G30370	0.0729	136.1	544.9	0.8804	0.0237	0.0269	-995.169040	
AL4G10540	AL6G30380	0.0890	102.5	425.5	0.2778	0.0197	0.0710	-781.810729	
AL4G10550	AL6G30400	0.0202	234.4	521.6	1.7573	0.0078	0.0044	-1050.741674	
AL4G10570	AL6G30420	0.0082	148.4	601.6	0.2365	0.0017	0.0071	-1010.455132	
AL4G10580	AL6G30430	0.5152	121.5	460.5	0.7373	0.1599	0.2168	-1113.715541	
AL4G10590	AL6G30440	0.0183	274.8	736.2	0.1850	0.0028	0.0150	-1353.580294	
AL4G10600	AL6G30450	0.0311	373.5	1108.5	0.1223	0.0037	0.0301	-2057.926475	
AL4G10640	AL6G30480	0.0119	174.0	597.0	0.1453	0.0017	0.0117	-1041.357242	
AL4G10530	AL1G37710	0.0224	134.6	546.4	0.9317	0.0074	0.0079	-940.382262	
AL4G10540	AL1G37700	0.1985	103.0	446.0	0.5696	0.0579	0.1017	-894.006264	
AL4G10550	AL1G37690	0.0763	179.1	510.9	0.7017	0.0229	0.0327	-1030.188816	
AL4G10560	AL1G37680	0.0415	145.9	598.1	0.9109	0.0136	0.0149	-1038.771272	
AL4G10570	AL1G37670	0.0204	189.4	560.6	0.5035	0.0055	0.0108	-1028.321950	
AL4G10580	AL1G37660	0.5076	120.8	461.2	0.7824	0.1600	0.2045	-1110.965088	
AL4G10600	AL1G37650	0.2271	338.4	1137.6	0.7534	0.0704	0.0935	-2457.501584	
AL4G10640	AL1G37610	0.0122	218.4	516.6	0.0010	0.0000	0.0137	-988.596471	
AL2G09260	AL5G02710	0.0494	142.6	538.4	99.0000	0.0208	0.0002	-968.435042	
AL2G09270	AL5G02700	0.2086	95.2	363.8	0.8194	0.0665	0.0811	-757.369572	
AL2G09310	AL5G02670	0.1217	128.5	621.5	0.5622	0.0358	0.0637	-1151.005776	
AL2G09320	AL5G02660	0.0172	218.9	498.1	0.4389	0.0041	0.0094	-976.561858	
AL2G09330	AL5G02650	0.0132	316.2	841.8	0.5717	0.0037	0.0064	-1540.349299	
AL2G09340	AL5G02640	0.0479	184.9	718.1	0.5707	0.0138	0.0243	-1275.649186	
AL2G09380	AL5G02600	0.2969	161.1	609.9	0.4960	0.0816	0.1646	-1318.364410	
AL5G02600	AL6G30480	0.2868	159.7	611.3	0.5491	0.0817	0.1488	-1311.648883	
AL5G02640	AL6G30450	0.0444	180.7	722.3	0.7519	0.0139	0.0185	-1270.826519	
AL5G02650	AL6G30440	0.0306	294.0	717.0	0.4159	0.0072	0.0174	-1374.996230	
AL5G02660	AL6G30430	0.0085	218.8	498.2	0.4409	0.0021	0.0047	-964.167071	
AL5G02670	AL6G30420	0.1217	131.7	618.3	0.5878	0.0361	0.0614	-1150.224620	
AL5G02700	AL6G30380	0.0924	98.0	340.0	0.3649	0.0222	0.0607	-654.001666	
AL5G02710	AL6G30370	0.0045	193.2	487.8	99.0000	0.0021	0.0000	-911.483314	
AL2G11240	AL8G12080	0.0440	217.5	487.5	0.6290	0.0124	0.0197	-982.379541	
AL2G11450	AL8G11950	0.0820	86.8	411.2	0.4537	0.0226	0.0498	-735.354544	
AL2G11460	AL8G11940	0.1769	112.6	427.4	0.7111	0.0544	0.0764	-874.403683	
AL2G11480	AL8G11930	0.0796	184.4	553.6	0.8432	0.0253	0.0301	-1103.057856	
AL2G11500	AL8G11910	0.1301	134.2	615.8	0.6935	0.0402	0.0580	-1158.466626	
AL2G11520	AL8G11900	0.0430	340.3	817.7	0.3300	0.0090	0.0272	-1590.538487	
AL2G11530	AL8G11890	0.0185	395.2	1086.8	0.2961	0.0038	0.0127	-2025.416974	
AL2G11550	AL8G11880	0.2244	86.5	294.5	0.3902	0.0552	0.1415	-623.999521	
AL5G02620	AL8G11880	0.2160	88.0	293.0	0.3708	0.0517	0.1395	-619.796447	
AL5G02640	AL8G11890	0.0619	193.9	709.1	0.3814	0.0153	0.0401	-1295.650550	
AL5G02650	AL8G11900	0.0402	339.2	818.8	0.3718	0.0090	0.0241	-1584.102921	
AL5G02670	AL8G11910	0.1347	135.9	614.1	0.5900	0.0399	0.0676	-1162.697536	
AL5G02680	AL8G11920	0.0206	113.6	486.4	99.0000	0.0084	0.0001	-804.110018	
AL5G02690	AL8G11930	0.0841	187.0	551.0	0.7101	0.0254	0.0358	-1107.089262	
AL5G02700	AL8G11940	0.2171	95.3	363.7	0.5749	0.0627	0.1092	-763.127612	
AL5G02710	AL8G11950	0.0758	87.2	410.8	0.4029	0.0201	0.0498	-730.395372	
AL5G02980	AL8G12150	5.3346	300.5	1121.5	0.1052	0.6356	6.0429	-3549.821925	
AL7G11270	AL3G40980	2.3472	174.7	623.3	0.1191	0.2988	2.5083	-1822.049148	
AL7G11310	AL3G40960	0.7493	253.1	577.9	0.0693	0.0490	0.7080	-1529.047080	
AL7G11320	AL3G40930	0.9890	173.1	621.9	0.2448	0.1972	0.8056	-1645.616260	
AL7G11360	AL3G40890	1.6429	282.4	1007.6	0.3048	0.3652	1.1984	-2996.657252	
AL7G11430	AL3G40780	1.1834	104.5	342.5	0.3609	0.2790	0.7730	-976.646983	
AL7G11440	AL3G40760	1.0191	252.4	665.6	0.1914	0.1572	0.8210	-1898.822299	
AL7G11470	AL3G40680	1.7820	242.6	693.4	0.2441	0.3295	1.3498	-2150.307093	
AL7G11480	AL3G40650	1.0731	506.0	1624.0	0.1315	0.1392	1.0588	-4319.156578	
AL7G11490	AL3G40640	1.7854	560.7	1485.3	0.1065	0.1803	1.6940	-4316.767575	
AL8G11790	AL7G01780	50.0000	308.5	933.5	0.0202	1.2793	63.2223	-3265.535589	
AL8G11890	AL7G01640	0.0124	217.6	508.4	0.2272	0.0020	0.0090	-976.349305	
AL8G11900	AL7G01630	0.0403	354.6	803.4	0.3032	0.0079	0.0260	-1580.410047	
AL8G11910	AL7G01610	0.0122	214.0	536.0	0.8089	0.0038	0.0047	-1014.122747	
AL8G11930	AL7G01590	0.0883	190.4	547.6	0.7922	0.0276	0.0348	-1111.921677	
AL8G11940	AL7G01570	0.1869	100.6	448.4	0.4966	0.0525	0.1058	-889.532708	
AL8G11950	AL7G01560	0.1268	89.9	408.1	0.7199	0.0395	0.0549	-765.987366	
AL8G12290	AL7G01180	4.6871	223.5	724.5	0.1755	0.7414	4.2233	-2430.013694	
AL4G33950	AL6G40100	50.0000	216.4	503.6	0.0154	0.8245	53.5275	-1830.180470	
AL4G34060	AL6G40230	1.3381	241.5	730.5	0.0658	0.0985	1.4974	-1923.160449	
AL4G34070	AL6G40240	3.5069	260.1	726.9	0.1300	0.4229	3.2534	-2356.342392	
AL4G34160	AL6G40360	4.9623	162.9	419.1	0.0609	0.3111	5.1080	-1324.304930	
AL4G34260	AL6G40410	2.1117	371.9	1083.1	0.1283	0.2573	2.0048	-3288.702747	
AL4G34270	AL6G40450	2.6613	211.7	700.3	0.1555	0.3924	2.5236	-2135.588198	
AL4G34400	AL6G40490	3.8089	386.4	1347.6	0.1717	0.6119	3.5634	-4342.684004	
AL4G34450	AL6G40600	2.4535	439.6	1318.4	0.0702	0.1896	2.7020	-3798.492167	
AL2G19270	AL5G00710	50.0000	216.4	608.6	0.0062	0.3872	62.4567	-1985.985922	
AL2G19310	AL5G00650	50.0000	144.4	434.6	0.0071	0.4659	65.4310	-1411.855576	
AL2G19330	AL5G00600	7.3406	160.9	586.1	0.0901	0.7702	8.5527	-1905.349647	
AL2G19360	AL5G00550	1.1122	249.1	677.9	0.6901	0.3308	0.4794	-2041.589047	
AL2G19390	AL5G00490	2.2806	114.7	374.3	0.0791	0.2038	2.5757	-1052.352931	
AL2G19480	AL5G00480	6.1967	89.2	351.8	0.1058	0.7622	7.2033	-1112.045900	
AL2G19570	AL5G00380	3.8608	130.9	415.1	0.1039	0.4196	4.0366	-1333.378621	
AL2G19580	AL5G00360	1.7723	413.6	1140.4	0.0402	0.0802	1.9982	-3053.298267	
AL2G19710	AL5G00280	50.0000	134.8	414.2	0.0059	0.3930	66.6704	-1317.011412	
AL4G19920	AL1G31440	0.5170	1146.3	3158.7	0.1367	0.0643	0.4700	-7784.739856	
AL4G19980	AL1G31620	0.6567	639.1	1796.9	0.1075	0.0688	0.6407	-4533.201315	
AL4G19990	AL1G31630	1.0844	128.3	399.7	0.3083	0.2339	0.7587	-1126.410093	
AL4G20020	AL1G31750	0.7484	408.7	1115.3	0.3759	0.1726	0.4592	-3065.781533	
AL4G20060	AL1G31900	50.0000	392.4	1143.6	0.0070	0.4498	63.9325	-3764.583561	
AL4G20080	AL1G31860	0.9965	200.4	564.6	0.3764	0.2316	0.6154	-1640.142345	
AL4G20150	AL1G31840	1.1446	150.7	482.3	0.1939	0.1918	0.9889	-1351.587557	
AL4G20160	AL1G31810	0.6697	293.0	934.0	0.0641	0.0497	0.7762	-2228.530779	
AL4G20250	AL1G31730	6.9472	261.4	998.6	0.6066	2.0412	3.3647	-3410.997004	
AL6G02060	AL3G09860	1.8843	357.2	1184.8	0.5090	0.5134	1.0086	-3637.391476	
AL6G02080	AL3G09880	0.8381	408.2	1121.8	0.1853	0.1286	0.6939	-3058.498103	
AL6G02150	AL3G09910	1.2181	291.2	848.8	0.2942	0.2517	0.8557	-2497.817415	
AL6G02280	AL3G09970	1.0694	281.6	831.4	0.4147	0.2627	0.6334	-2438.477614	
AL6G02300	AL3G09980	1.3377	213.8	653.2	0.1901	0.2175	1.1437	-1896.089748	
AL6G02360	AL3G10000	5.9843	131.9	327.1	0.0152	0.1017	6.6907	-891.470982	
AL6G02420	AL3G10020	0.5551	263.3	813.7	0.0923	0.0544	0.5888	-1946.124727	
AL6G02430	AL3G10030	0.5195	277.7	751.3	0.0784	0.0415	0.5294	-1797.891913	
AL6G02480	AL3G10050	0.5481	310.1	925.9	0.0092	0.0065	0.7088	-2038.446312	
AL7G06220	AL3G40540	0.8395	480.1	1574.9	0.1038	0.0927	0.8935	-3966.531852	
AL7G06310	AL3G40410	1.6349	306.3	989.7	0.3228	0.3643	1.1286	-3012.724188	
AL7G06350	AL3G40380	1.0547	376.4	1174.6	0.1941	0.1751	0.9021	-3201.366722	
AL7G06360	AL3G40360	0.6639	299.8	1095.2	0.0589	0.0499	0.8475	-2499.979175	
AL7G06390	AL3G40330	1.6371	167.3	510.7	0.3703	0.3844	1.0380	-1566.827477	
AL7G06430	AL3G40210	2.0267	314.1	1047.9	0.0916	0.2055	2.2439	-2939.424819	
AL7G06470	AL3G40170	1.8231	95.7	249.3	0.2107	0.2979	1.4144	-769.270425	
AL7G06500	AL3G40090	0.5040	699.0	1959.0	0.0936	0.0473	0.5061	-4703.104710	
AL7G06600	AL3G39990	0.8500	199.2	838.8	0.1188	0.1169	0.9840	-2025.889272	
AL8G07570	AL1G39720	0.9092	275.1	852.9	0.0986	0.0938	0.9518	-2189.714952	
AL8G07630	AL1G39900	0.7223	151.9	487.1	0.1672	0.1102	0.6593	-1227.416453	
AL8G07750	AL1G39910	1.2316	232.8	736.2	0.2973	0.2619	0.8808	-2121.356485	
AL8G07760	AL1G39940	2.1236	214.3	661.7	0.1624	0.3130	1.9272	-1992.410952	
AL8G07770	AL1G39990	1.0270	314.0	1039.0	0.1879	0.1709	0.9096	-2761.173333	
AL8G07780	AL1G40030	1.6610	159.5	656.5	0.2868	0.3725	1.2990	-1873.457686	
AL8G07900	AL1G40070	1.4267	492.1	1559.9	0.1750	0.2232	1.2755	-4305.808971	
AL8G07920	AL1G40130	0.8618	192.0	627.0	0.1177	0.1042	0.8852	-1619.243926	
AL8G08090	AL1G40390	0.6948	186.0	525.0	0.0433	0.0341	0.7888	-1256.048292	
AL2G15500	AL1G28290	0.7773	556.4	1546.6	0.1463	0.1019	0.6961	-4092.253542	
AL2G15570	AL1G28270	0.8022	130.7	349.3	0.1686	0.1141	0.6769	-936.087933	
AL2G15610	AL1G28230	1.1144	360.6	926.4	0.0922	0.0988	1.0720	-2502.567453	
AL2G15720	AL1G28160	16.4863	228.6	677.4	0.0216	0.4421	20.4678	-2221.918683	
AL2G15850	AL1G28090	0.9845	271.4	928.6	0.2420	0.1921	0.7938	-2547.407150	
AL2G15910	AL1G28050	0.8248	239.1	747.9	0.2274	0.1508	0.6632	-1977.044518	
AL2G16070	AL1G27850	1.5053	259.6	793.4	0.2278	0.2733	1.2000	-2377.117543	
AL2G16090	AL1G27860	2.3615	253.1	700.9	0.0692	0.1723	2.4900	-2021.213127	
AL2G16140	AL1G27910	0.5303	398.5	1365.5	0.0788	0.0486	0.6161	-3114.573713	
AL8G33020	AL4G02620	2.2282	264.2	728.8	0.1093	0.2344	2.1448	-2238.174513	
AL8G33140	AL4G02750	5.7328	321.4	866.6	0.0348	0.2245	6.4577	-2632.820095	
AL8G33150	AL4G02780	2.1445	365.3	1011.7	0.0545	0.1276	2.3411	-2828.468767	
AL8G33170	AL4G02840	2.7767	353.6	978.4	0.1965	0.4439	2.2584	-3244.856749	
AL8G33200	AL4G02850	16.4879	309.4	923.6	0.0621	1.1481	18.4763	-3285.443577	
AL8G33300	AL4G03010	50.0000	110.9	336.1	0.0104	0.6794	65.1212	-1115.877689	
AL8G33610	AL4G03300	1.5150	358.0	1340.0	0.0714	0.1350	1.8897	-3454.370994	
AL8G33650	AL4G03390	3.2917	357.0	1185.0	0.0767	0.2897	3.7775	-3564.147424	
AL8G33840	AL4G03540	23.6015	291.0	909.0	0.0376	1.0906	29.0342	-3193.465238	
AL6G01530	AL3G09580	1.1943	438.3	1325.7	0.1758	0.1839	1.0460	-3737.599090	
AL6G01640	AL3G09640	1.3337	117.2	401.8	0.0107	0.0203	1.8996	-907.432785	
AL6G01760	AL3G09680	2.1457	117.1	335.9	0.3412	0.4771	1.3982	-1057.190772	
AL6G01800	AL3G09730	1.0762	241.4	619.6	0.2777	0.2075	0.7470	-1808.363289	
AL6G01830	AL3G09750	1.6121	117.2	356.8	0.1976	0.2681	1.3567	-1076.710497	
AL6G01930	AL3G09800	1.0895	191.0	604.0	0.3893	0.2638	0.6775	-1724.770737	
AL6G01960	AL3G09820	0.5472	158.7	681.3	0.0241	0.0211	0.8752	-1411.116752	
AL6G02240	AL3G09990	9.7540	312.0	927.0	0.1117	1.0831	9.6932	-3308.627681	
AL8G13940	AL7G17510	0.7880	219.4	638.6	0.1978	0.1289	0.6519	-1711.703900	
AL8G13950	AL7G17500	1.6857	155.1	366.9	0.2398	0.2893	1.2066	-1156.899741	
AL8G14210	AL7G17370	1.1708	189.9	551.1	0.1127	0.1294	1.1475	-1513.173265	
AL8G14320	AL7G17320	0.7932	309.9	950.1	0.1632	0.1169	0.7165	-2463.847386	
AL8G13390	AL7G18030	50.0000	101.0	331.0	0.0095	0.6570	69.1579	-1067.713659	
AL8G13600	AL7G17890	0.9557	313.6	1087.4	0.1481	0.1392	0.9404	-2843.390663	
AL8G13780	AL7G17840	0.6118	131.1	369.9	0.0396	0.0277	0.7010	-865.819962	
AL8G13810	AL7G17770	1.2313	173.9	522.1	0.2109	0.2121	1.0058	-1487.755300	
AL8G13860	AL7G17730	0.8293	410.8	1269.2	0.0947	0.0828	0.8746	-3204.176604	
AL8G21640	AL3G13860	3.3990	304.5	1015.5	0.0320	0.1418	4.4387	-2728.801492	
AL8G21660	AL3G13880	4.7785	305.4	1017.6	0.1203	0.5925	4.9261	-3235.177419	
AL8G21820	AL3G13950	2.2531	136.0	548.0	0.1456	0.3466	2.3807	-1587.882072	
AL8G22100	AL3G14050	1.3927	238.4	829.6	0.0545	0.0953	1.7481	-2102.047099	
AL8G22200	AL3G14070	50.0000	173.2	558.8	0.0128	0.8650	67.6517	-1897.512278	
AL8G22210	AL3G14100	24.4095	106.3	307.7	0.0185	0.5553	30.0815	-1012.316754	
AL8G22400	AL3G14300	17.3976	315.5	962.5	0.0169	0.3781	22.3371	-3044.383384	
AL8G22480	AL3G14350	2.0763	478.1	1618.9	0.1040	0.2335	2.2447	-4643.190177	
AL8G22570	AL3G14410	13.9896	200.9	720.1	0.0143	0.2903	20.3359	-2009.304312	
AL8G12630	AL3G07180	1.1803	235.0	773.0	0.2081	0.2085	1.0018	-2129.964436	
AL8G12730	AL3G07150	1.1663	120.5	344.5	0.2504	0.2189	0.8743	-977.349193	
AL8G12760	AL3G07140	1.5085	282.7	782.3	0.1072	0.1566	1.4609	-2216.659486	
AL8G12890	AL3G07080	1.0334	326.5	978.5	0.1593	0.1485	0.9319	-2667.165419	
AL8G12920	AL3G07070	0.9406	144.4	437.6	0.1303	0.1180	0.9059	-1152.686242	
AL8G13060	AL3G07000	1.0339	555.8	1637.2	0.4227	0.2560	0.6057	-4684.165825	
AL8G13150	AL3G06860	0.6651	236.0	706.0	0.1728	0.1008	0.5833	-1799.119301	
AL8G13420	AL3G06700	2.0989	165.2	617.8	0.3193	0.4825	1.5113	-1906.125944	
AL2G11450	AL2G09260	0.0539	139.2	541.8	99.0000	0.0225	0.0002	-973.844663	
AL2G11460	AL2G09270	0.1637	115.2	424.8	1.2975	0.0574	0.0442	-863.504945	
AL2G11470	AL2G09280	0.0214	161.0	553.0	0.4377	0.0055	0.0127	-973.767056	
AL2G11480	AL2G09290	0.0122	257.2	504.8	0.0010	0.0000	0.0120	-1038.666365	
AL2G11500	AL2G09310	0.1264	130.3	619.7	0.4898	0.0357	0.0728	-1155.282447	
AL2G11510	AL2G09320	0.0258	202.9	514.1	1.9778	0.0100	0.0051	-990.002734	
AL2G11520	AL2G09330	0.0054	246.2	911.8	0.2540	0.0011	0.0043	-1522.582499	
AL2G11530	AL2G09340	0.0164	417.1	1064.9	0.2416	0.0029	0.0120	-2018.345569	
AL2G11450	AL7G01560	0.0492	133.5	547.5	99.0000	0.0203	0.0002	-969.279477	
AL2G11460	AL7G01570	0.1519	112.7	427.3	0.6163	0.0448	0.0727	-851.024490	
AL2G11470	AL7G01580	0.0086	160.8	553.2	99.0000	0.0037	0.0000	-955.668346	
AL2G11480	AL7G01590	0.0080	258.3	503.7	0.5093	0.0020	0.0040	-1037.806954	
AL2G11500	AL7G01610	0.1264	130.3	619.7	0.4898	0.0357	0.0728	-1155.282447	
AL2G11510	AL7G01620	0.0171	193.7	523.3	1.1036	0.0058	0.0053	-979.208326	
AL2G11520	AL7G01630	0.0026	200.1	957.9	99.0000	0.0010	0.0000	-1513.594179	
AL2G11530	AL7G01640	0.0083	218.1	507.9	0.4584	0.0020	0.0045	-970.052743	
AL2G11450	AL6G30370	0.0089	147.2	533.8	99.0000	0.0038	0.0000	-919.774011	
AL2G11460	AL6G30380	0.1022	117.9	401.1	0.9227	0.0334	0.0362	-777.360727	
AL2G11470	AL6G30390	0.0086	160.8	553.2	99.0000	0.0037	0.0000	-955.668346	
AL2G11480	AL6G30400	0.0080	259.3	502.7	0.5117	0.0020	0.0039	-1037.158730	
AL2G11500	AL6G30420	0.1170	129.8	620.2	0.7117	0.0365	0.0512	-1145.801760	
AL2G11510	AL6G30430	0.0171	196.8	520.2	99.0000	0.0078	0.0001	-977.006136	
AL2G11520	AL6G30440	0.0213	283.7	727.3	0.2930	0.0042	0.0145	-1361.085630	
AL2G11530	AL6G30450	0.0248	386.9	1095.1	0.2543	0.0047	0.0184	-2042.056701	
AL5G02640	AL4G10600	0.0688	194.3	708.7	0.4637	0.0184	0.0396	-1306.056822	
AL5G02650	AL4G10590	0.0177	268.4	769.6	1.7380	0.0066	0.0038	-1392.833931	
AL5G02660	AL4G10580	0.5152	121.8	460.2	0.7440	0.1602	0.2153	-1114.268297	
AL5G02670	AL4G10570	0.1305	132.6	617.4	0.5334	0.0377	0.0706	-1159.061745	
AL5G02680	AL4G10560	0.0101	106.4	493.6	99.0000	0.0041	0.0000	-792.771030	
AL5G02690	AL4G10550	0.0161	227.2	528.8	1.2468	0.0057	0.0046	-1045.470562	
AL5G02700	AL4G10540	0.0199	88.3	370.7	0.4688	0.0055	0.0116	-629.980717	
AL5G02710	AL4G10530	0.0775	140.0	541.0	0.9998	0.0258	0.0258	-999.291630	
AL2G11450	AL5G02710	0.0134	163.9	517.1	99.0000	0.0059	0.0001	-925.249560	
AL2G11460	AL5G02700	0.1832	103.8	346.2	0.7100	0.0558	0.0786	-729.881135	
AL2G11500	AL5G02670	0.0124	129.6	620.4	0.3834	0.0032	0.0084	-1012.936037	
AL2G11510	AL5G02660	0.0171	193.7	523.3	1.1036	0.0058	0.0053	-979.208326	
AL2G11520	AL5G02650	0.0132	284.0	874.0	1.2825	0.0047	0.0036	-1541.862843	
AL2G11530	AL5G02640	0.0550	186.7	716.3	0.5091	0.0153	0.0300	-1284.471354	
AL2G11550	AL5G02620	0.0076	73.4	310.6	99.0000	0.0031	0.0000	-518.122817	
AL2G09260	AL1G37710	0.0502	134.9	546.1	0.4062	0.0130	0.0320	-972.089253	
AL2G09270	AL1G37700	0.0393	112.6	436.4	0.3313	0.0093	0.0280	-772.822652	
AL2G09310	AL1G37670	0.0205	186.6	563.4	0.2171	0.0036	0.0166	-1028.225636	
AL2G09320	AL1G37660	0.0172	217.9	499.1	0.4356	0.0041	0.0094	-977.660046	
AL2G09340	AL1G37650	0.2155	338.6	1137.4	0.7801	0.0675	0.0865	-2438.432879	
AL2G09380	AL1G37610	0.0251	189.2	545.8	0.0693	0.0019	0.0271	-1009.394578	
AL7G01560	AL1G37710	0.0458	128.0	553.0	0.3219	0.0109	0.0340	-966.765547	
AL7G01570	AL1G37700	0.2055	99.6	449.4	0.4804	0.0573	0.1192	-898.892526	
AL7G01610	AL1G37670	0.0205	186.6	563.4	0.2171	0.0036	0.0166	-1028.225636	
AL7G01620	AL1G37660	0.0172	218.1	498.9	0.4376	0.0041	0.0094	-975.386062	
AL7G01640	AL1G37650	0.4290	160.1	559.9	0.7859	0.1348	0.1716	-1332.871721	
AL7G01680	AL1G37610	0.0271	176.6	501.4	0.1779	0.0041	0.0231	-929.485148	
AL6G30370	AL1G37710	0.0870	128.4	552.6	0.7107	0.0269	0.0379	-1011.286433	
AL6G30380	AL1G37700	0.1262	101.2	426.8	0.3676	0.0316	0.0860	-811.214698	
AL6G30420	AL1G37670	0.0207	158.8	591.2	0.1722	0.0034	0.0198	-1028.961645	
AL6G30430	AL1G37660	0.0086	217.9	499.1	0.4375	0.0020	0.0047	-965.245499	
AL6G30450	AL1G37650	0.2085	335.2	1140.8	0.7781	0.0653	0.0839	-2428.260197	
AL6G30480	AL1G37610	0.0251	189.2	545.8	0.0694	0.0019	0.0271	-1008.016648	
AL7G05520	AL7G00090	1.9304	802.7	2101.3	0.0711	0.1395	1.9627	-5987.950170	
AL7G05580	AL7G00130	1.2610	165.6	557.4	0.0560	0.0864	1.5438	-1404.155951	
AL7G05640	AL7G00200	3.5665	516.3	1463.7	0.1636	0.5094	3.1148	-4926.584798	
AL7G05800	AL7G00330	2.3536	301.2	1018.8	0.1339	0.3169	2.3662	-3033.720967	
AL7G05900	AL7G00440	7.1448	110.1	312.9	0.0201	0.1741	8.6537	-910.146429	
AL7G05950	AL7G00450	2.3269	215.5	735.5	0.0922	0.2401	2.6036	-2127.559588	
AL7G05970	AL7G00480	2.8401	142.1	625.9	0.2831	0.6446	2.2768	-1944.547380	
AL7G06030	AL7G00560	3.5071	245.0	703.0	0.0767	0.2845	3.7069	-2160.914780	
AL8G34310	AL7G04500	2.7385	188.1	558.9	0.2408	0.5088	2.1135	-1852.233353	
AL8G34330	AL7G04520	50.0000	167.7	492.3	0.0071	0.4543	64.2466	-1627.903891	
AL8G34360	AL7G04600	5.0757	151.0	587.0	0.0596	0.4002	6.7150	-1764.947893	
AL8G34470	AL7G04690	2.3543	206.1	585.9	0.0431	0.1158	2.6867	-1603.111802	
AL8G34480	AL7G04730	4.0842	510.1	1397.9	0.0469	0.2116	4.5123	-4203.400637	
AL8G34580	AL7G04870	4.7137	262.6	778.4	0.1677	0.6979	4.1605	-2640.951642	
AL8G34610	AL7G04940	3.1328	170.6	486.4	0.0444	0.1584	3.5697	-1404.007906	
AL8G34620	AL7G04960	2.6307	154.4	472.6	0.1478	0.3624	2.4517	-1486.979495	
AL8G16590	AL7G16590	1.5438	158.1	573.9	0.4558	0.4091	0.8975	-1704.089766	
AL8G16630	AL7G16570	2.0588	300.2	995.8	0.2363	0.3925	1.6607	-3001.617259	
AL8G16800	AL7G16530	1.1440	305.7	798.3	0.1819	0.1698	0.9337	-2315.500893	
AL8G16820	AL7G16510	15.2229	389.7	1020.3	0.0447	0.7343	16.4382	-3583.160009	
AL8G16850	AL7G16520	0.6605	201.6	641.4	0.0332	0.0277	0.8326	-1468.653652	
AL8G16920	AL7G16500	1.0993	542.1	1719.9	0.3143	0.2406	0.7655	-4852.840020	
AL8G16950	AL7G16450	1.1960	124.3	397.7	0.2255	0.2193	0.9726	-1104.887792	
AL8G16990	AL7G16440	0.8326	243.8	623.2	0.1573	0.1107	0.7039	-1713.242349	
AL4G19600	AL1G30630	1.8862	223.7	763.3	0.2981	0.4100	1.3753	-2316.602282	
AL4G19610	AL1G30690	1.1182	265.6	841.4	0.3380	0.2536	0.7502	-2415.421026	
AL4G19640	AL1G30840	0.4970	406.3	1207.7	0.1120	0.0553	0.4937	-2887.870380	
AL4G19650	AL1G30860	0.3525	161.4	480.6	0.0140	0.0063	0.4487	-1028.377966	
AL4G19710	AL1G30960	1.1328	86.0	445.0	0.0153	0.0330	2.1601	-934.736383	
AL4G19740	AL1G30980	1.0973	285.7	734.3	0.0686	0.0761	1.1103	-1956.205202	
AL4G19780	AL1G31020	1.2982	226.3	634.7	0.2040	0.2136	1.0472	-1844.910372	
AL4G19830	AL1G31130	0.8048	285.5	776.5	0.0193	0.0183	0.9479	-1861.116685	
AL2G17580	AL5G08880	10.5240	184.3	526.7	0.0284	0.3553	12.5187	-1682.328621	
AL2G17590	AL5G08770	50.0000	280.1	1039.9	0.0223	1.6177	72.5296	-3490.649872	
AL2G17620	AL5G08750	3.2375	204.1	677.9	0.0742	0.2776	3.7410	-2025.011600	
AL2G17710	AL5G08600	8.1657	148.8	466.2	0.0387	0.3880	10.0326	-1462.795385	
AL2G17740	AL5G08550	50.0000	149.8	561.2	0.0090	0.6876	76.5082	-1814.067885	
AL2G17780	AL5G08530	3.8453	187.8	526.2	0.0487	0.2088	4.2882	-1576.854044	
AL2G17800	AL5G08380	2.0811	194.5	657.5	0.2224	0.3858	1.7348	-1986.949970	
AL2G17850	AL5G08370	10.1664	133.0	413.0	0.0373	0.4650	12.4696	-1328.791858	
AL2G29410	AL3G16510	50.0000	107.4	357.6	0.0082	0.5732	70.2724	-1153.266332	
AL2G29530	AL3G16560	2.5880	420.7	1340.3	0.2292	0.4784	2.0868	-4225.793077	
AL2G29570	AL3G16630	1.5527	139.0	359.0	0.1196	0.1695	1.4166	-1051.092871	
AL2G29620	AL3G16720	50.0000	279.6	836.4	0.0101	0.6550	64.5704	-2836.460138	
AL2G29690	AL3G16810	2.5994	164.5	450.5	0.0873	0.2281	2.6142	-1357.724802	
AL2G29730	AL3G16890	50.0000	170.4	513.6	0.0255	1.5855	62.1160	-1843.068878	
AL2G29800	AL3G16980	1.3069	641.2	2058.8	0.0593	0.0914	1.5409	-5236.615503	
AL2G29940	AL3G17140	4.3261	328.5	1036.5	0.0669	0.3308	4.9482	-3181.483163	
AL7G06000	AL7G00600	5.4559	127.0	362.0	0.0567	0.3417	6.0302	-1142.460173	
AL7G06110	AL7G00660	2.1689	212.3	540.7	0.1190	0.2342	1.9682	-1644.107558	
AL7G06200	AL7G00760	8.8389	400.9	1153.1	0.0203	0.2187	10.7908	-3443.669044	
AL7G06210	AL7G00820	1.0645	135.0	354.0	0.0010	0.0013	1.2820	-797.158893	
AL7G06260	AL7G00930	1.6640	259.2	835.8	0.0775	0.1453	1.8746	-2261.671298	
AL7G06350	AL7G01090	5.7251	358.8	1195.2	0.0509	0.3601	7.0668	-3638.717111	
AL7G06400	AL7G01160	3.0661	233.3	669.7	0.1961	0.4962	2.5311	-2198.611727	
AL7G06450	AL7G01220	15.2011	294.0	840.0	0.0697	1.1366	16.2991	-3009.235391	
AL4G20030	AL7G21810	1.5046	305.0	1009.0	0.0184	0.0374	2.0370	-2409.966228	
AL4G20040	AL7G21830	1.4376	182.5	528.5	0.1760	0.2176	1.2366	-1544.677683	
AL4G20060	AL7G21840	50.0000	372.1	1166.9	0.0072	0.4860	67.4149	-3802.947883	
AL4G20190	AL7G22050	2.4533	474.7	1589.3	0.1304	0.3227	2.4755	-4748.743896	
AL4G20200	AL7G22150	1.6735	164.0	475.0	0.1367	0.2128	1.5574	-1402.379759	
AL4G20250	AL7G22200	7.3854	293.2	933.8	0.2691	1.4929	5.5482	-3301.480506	
AL4G20260	AL7G22270	1.7515	439.2	1366.8	0.1477	0.2429	1.6450	-3977.326881	
AL4G20380	AL7G22470	2.6916	590.7	1572.3	0.0681	0.1893	2.7817	-4675.510526	
AL8G22590	AL7G11930	2.5440	371.2	1098.8	0.1869	0.4040	2.1621	-3507.705483	
AL8G22770	AL7G11750	2.4207	717.4	1946.6	0.0586	0.1514	2.5856	-5547.108442	
AL8G22830	AL7G11720	1.6465	168.2	554.8	0.2247	0.3045	1.3549	-1642.244718	
AL8G23010	AL7G11590	1.9019	241.5	721.5	0.1257	0.2310	1.8375	-2126.745722	
AL8G23060	AL7G11450	2.8897	109.2	307.8	0.0742	0.2257	3.0432	-907.699444	
AL8G23130	AL7G11360	5.3554	301.5	1015.5	0.0690	0.4365	6.3280	-3168.865291	
AL8G23240	AL7G11270	2.0113	175.5	598.5	0.1834	0.3336	1.8188	-1795.959908	
AL8G23410	AL7G11040	26.2067	313.9	961.1	0.0282	0.9226	32.6612	-3363.227556	
AL2G03040	AL7G19920	1.7467	334.0	923.0	0.0631	0.1177	1.8658	-2538.734278	
AL2G03130	AL7G20000	2.7577	120.7	407.3	0.2349	0.5270	2.2434	-1309.100637	
AL2G03190	AL7G20200	2.6320	553.6	1558.4	0.0500	0.1468	2.9336	-4402.642730	
AL2G03240	AL7G20260	2.5240	345.1	977.9	0.0942	0.2398	2.5459	-2959.239926	
AL2G03340	AL7G20390	1.9159	287.2	1032.8	0.0424	0.1079	2.5475	-2616.870989	
AL2G03650	AL7G20450	3.7245	147.8	509.2	0.0409	0.1977	4.8381	-1399.854861	
AL2G03690	AL7G20600	2.5590	411.9	1019.1	0.1084	0.2534	2.3367	-3215.088060	
AL2G03790	AL7G20830	4.7094	334.0	1097.0	0.0685	0.3761	5.4912	-3347.731394	
AL5G23560	AL6G01760	5.5107	106.9	346.1	0.0393	0.2714	6.9060	-981.556483	
AL5G23780	AL6G01470	50.0000	81.7	239.3	0.0168	1.0501	62.4284	-852.721941	
AL5G23850	AL6G01290	1.8842	230.0	673.0	0.1255	0.2264	1.8036	-1991.528521	
AL5G24070	AL6G01100	2.2804	350.3	1053.7	0.1223	0.2724	2.2273	-3182.047194	
AL5G24120	AL6G01070	5.7002	218.7	681.3	0.1070	0.6276	5.8641	-2240.676420	
AL5G24140	AL6G01060	4.3104	316.3	1063.7	0.0517	0.2760	5.3400	-3160.413990	
AL5G24200	AL6G00960	2.3514	413.6	1188.4	0.0581	0.1513	2.6012	-3362.772689	
AL5G24320	AL6G00740	50.0000	248.2	816.8	0.0095	0.6580	69.3476	-2713.892362	
AL2G11450	AL4G10530	0.0821	138.1	542.9	1.0559	0.0277	0.0262	-1004.443895	
AL2G11460	AL4G10540	0.1702	112.2	427.8	0.5958	0.0497	0.0835	-863.368059	
AL2G11500	AL4G10570	0.1258	130.8	619.2	0.6233	0.0379	0.0609	-1154.813087	
AL2G11510	AL4G10580	0.5150	120.6	461.4	0.7309	0.1595	0.2182	-1114.956427	
AL2G11520	AL4G10590	0.0087	217.5	820.5	99.0000	0.0036	0.0000	-1375.299113	
AL2G11530	AL4G10600	0.0268	394.7	1087.3	0.4327	0.0066	0.0153	-2048.837280	
AL8G11890	AL6G30450	0.0227	374.5	1107.5	0.1268	0.0028	0.0218	-2035.345593	
AL8G11900	AL6G30440	0.0306	310.5	700.5	0.4588	0.0075	0.0163	-1371.428388	
AL8G11910	AL6G30420	0.0122	173.4	576.6	0.5907	0.0035	0.0059	-1016.167475	
AL8G11930	AL6G30400	0.0883	190.8	547.2	0.7906	0.0276	0.0348	-1111.466768	
AL8G11940	AL6G30380	0.1075	103.1	424.9	0.3677	0.0268	0.0730	-800.576884	
AL8G11950	AL6G30370	0.0697	83.9	414.1	0.3317	0.0173	0.0523	-725.052531	
AL8G11890	AL4G10600	0.0247	385.1	1096.9	0.2544	0.0047	0.0184	-2043.619314	
AL8G11900	AL4G10590	0.0481	305.5	732.5	0.3273	0.0100	0.0305	-1434.634833	
AL8G11910	AL4G10570	0.0123	212.4	537.6	99.0000	0.0057	0.0001	-1012.105399	
AL8G11920	AL4G10560	0.0163	144.6	599.4	99.0000	0.0067	0.0001	-1002.960464	
AL8G11930	AL4G10550	0.0844	192.4	539.6	0.9918	0.0281	0.0283	-1100.374425	
AL8G11940	AL4G10540	0.1799	104.2	444.8	0.5999	0.0532	0.0887	-884.580068	
AL8G11950	AL4G10530	0.1000	88.2	409.8	1.3026	0.0348	0.0267	-748.750993	
AL2G09260	AL8G11950	0.1268	89.9	408.1	0.7199	0.0395	0.0549	-765.987366	
AL2G09270	AL8G11940	0.0224	117.8	431.2	0.2657	0.0047	0.0176	-757.787593	
AL2G09290	AL8G11930	0.0933	189.7	548.3	0.5365	0.0255	0.0475	-1113.894040	
AL2G09310	AL8G11910	0.0122	214.0	536.0	0.8089	0.0038	0.0047	-1014.122747	
AL2G09330	AL8G11900	0.0430	354.9	803.1	0.2722	0.0079	0.0290	-1585.407460	
AL2G09340	AL8G11890	0.0143	403.8	1078.2	0.0637	0.0009	0.0149	-2010.845017	
AL2G11450	AL1G37710	0.0962	130.8	550.2	0.8394	0.0309	0.0368	-1020.349660	
AL2G11460	AL1G37700	0.1959	110.7	429.3	0.6488	0.0588	0.0906	-883.917203	
AL2G11480	AL1G37690	0.0763	172.0	524.0	0.4713	0.0199	0.0423	-1035.540173	
AL2G11500	AL1G37670	0.1393	134.8	615.2	0.5082	0.0395	0.0778	-1168.078411	
AL2G11510	AL1G37660	0.0171	193.0	524.0	1.0978	0.0058	0.0053	-979.560673	
AL2G11530	AL1G37650	0.2248	341.9	1134.1	0.8585	0.0722	0.0841	-2450.733149	
AL5G02640	AL1G37650	0.3812	199.0	698.0	0.8428	0.1220	0.1448	-1621.366050	
AL5G02660	AL1G37660	0.0172	218.1	498.9	0.4376	0.0041	0.0094	-975.386062	
AL5G02670	AL1G37670	0.1440	136.4	613.6	0.4527	0.0393	0.0869	-1171.978621	
AL5G02680	AL1G37680	0.0413	107.3	492.7	0.6213	0.0124	0.0200	-827.870408	
AL5G02690	AL1G37690	0.0763	172.7	523.3	0.4869	0.0202	0.0414	-1036.253354	
AL5G02700	AL1G37700	0.2316	92.9	366.1	0.6188	0.0686	0.1109	-768.032450	
AL5G02710	AL1G37710	0.0916	132.0	549.0	0.7957	0.0291	0.0365	-1015.463212	
AL0G01120	AL2G09260	0.0916	144.1	536.9	0.9137	0.0299	0.0328	-1013.743005	
AL0G01140	AL2G09280	0.9524	136.0	548.0	0.3753	0.2385	0.6356	-1438.723765	
AL0G01150	AL2G09310	0.0081	214.0	536.0	0.4030	0.0019	0.0047	-1008.948774	
AL0G01160	AL2G09320	0.0433	196.5	520.5	0.3701	0.0099	0.0266	-1010.456995	
AL0G01170	AL2G09340	0.6045	326.6	1140.4	0.6595	0.1807	0.2740	-2893.529382	
AL0G01210	AL2G09380	0.0173	146.1	567.9	0.2519	0.0036	0.0142	-971.333754	
AL0G01120	AL7G01560	0.0870	140.8	540.2	0.8174	0.0277	0.0339	-1009.541671	
AL0G01140	AL7G01580	0.9460	136.0	548.0	0.3692	0.2354	0.6376	-1436.757184	
AL0G01150	AL7G01610	0.0081	214.0	536.0	0.4030	0.0019	0.0047	-1008.948774	
AL0G01160	AL7G01620	0.0433	196.5	520.5	0.3708	0.0099	0.0266	-1008.166482	
AL0G01170	AL7G01640	1.5466	152.5	558.5	0.5236	0.4313	0.8238	-1655.252929	
AL0G01210	AL7G01680	0.0215	160.1	553.9	0.4334	0.0055	0.0128	-975.490537	
AL0G01120	AL6G30370	0.0456	149.4	531.6	0.4030	0.0115	0.0285	-965.421931	
AL0G01140	AL6G30390	0.9460	136.0	548.0	0.3692	0.2354	0.6376	-1436.757184	
AL0G01150	AL6G30420	0.0082	149.0	601.0	0.2373	0.0017	0.0070	-1010.292147	
AL0G01160	AL6G30430	0.0345	190.6	526.4	0.3550	0.0078	0.0219	-999.752142	
AL0G01170	AL6G30450	0.6197	327.4	1139.6	0.6319	0.1828	0.2893	-2904.886872	
AL0G01210	AL6G30480	0.0173	146.2	567.8	0.2522	0.0036	0.0142	-970.049301	
AL0G01120	AL4G10530	0.0634	149.3	531.7	3.0243	0.0248	0.0082	-985.264055	
AL0G01150	AL4G10570	0.0082	212.4	537.6	99.0000	0.0038	0.0000	-1007.466839	
AL0G01160	AL4G10580	0.5290	122.6	459.4	0.7891	0.1669	0.2116	-1118.841631	
AL0G01170	AL4G10600	0.6288	327.4	1139.6	0.6521	0.1873	0.2872	-2912.941490	
AL0G01210	AL4G10640	0.0172	125.4	588.6	0.6105	0.0052	0.0085	-970.779474	
AL0G01120	AL5G02710	0.0502	154.4	526.6	0.4920	0.0136	0.0276	-970.036132	
AL0G01150	AL5G02670	0.1305	133.2	616.8	0.5366	0.0377	0.0703	-1159.105518	
AL0G01160	AL5G02660	0.0433	196.5	520.5	0.3708	0.0099	0.0266	-1008.166482	
AL0G01170	AL5G02640	1.1852	192.4	695.6	0.6045	0.3460	0.5724	-1982.876417	
AL0G01210	AL5G02600	0.3284	145.5	568.5	0.4889	0.0903	0.1846	-1238.251927	
AL2G12710	AL5G33420	0.1276	169.6	568.4	0.5849	0.0366	0.0625	-1144.005676	
AL2G12720	AL5G33410	0.0291	239.8	702.2	0.9181	0.0095	0.0103	-1324.558114	
AL2G12730	AL5G33400	0.0042	320.2	1113.8	99.0000	0.0018	0.0000	-1907.672055	
AL2G12740	AL5G33390	1.5123	136.6	409.4	0.4509	0.3864	0.8569	-1257.363383	
AL2G12770	AL5G33360	0.0059	102.3	440.7	0.0010	0.0000	0.0104	-731.265243	
AL2G12780	AL5G33350	0.0057	200.7	840.3	99.0000	0.0024	0.0000	-1410.309378	
AL2G12910	AL5G33290	4.4185	145.3	421.7	0.2521	0.8366	3.3186	-1448.761206	
AL2G20730	AL1G24280	1.4107	145.3	391.7	0.2649	0.2686	1.0140	-1209.011245	
AL2G20740	AL1G24270	1.2612	242.9	663.1	0.3015	0.2593	0.8601	-1996.298728	
AL2G20760	AL1G24240	0.9099	230.9	663.1	0.0365	0.0388	1.0630	-1637.593186	
AL2G20870	AL1G24140	3.2674	415.9	1123.1	0.1033	0.3255	3.1509	-3589.475412	
AL2G20920	AL1G24130	1.5631	365.1	996.9	0.2684	0.3011	1.1217	-3004.011797	
AL2G20950	AL1G24110	0.7748	137.8	378.2	0.1898	0.1207	0.6359	-1018.922763	
AL2G20990	AL1G24070	1.6187	127.0	362.0	0.2966	0.3340	1.1260	-1139.402795	
AL7G28080	AL3G23560	0.7240	274.4	862.6	0.2434	0.1379	0.5665	-2243.834528	
AL7G28180	AL3G23620	0.8963	480.4	1394.6	0.0697	0.0676	0.9699	-3508.918485	
AL7G28190	AL3G23680	3.3049	304.4	898.6	0.3219	0.7186	2.2325	-3069.434292	
AL7G28320	AL3G23720	2.3249	176.5	504.5	0.2508	0.4368	1.7414	-1602.208083	
AL7G28340	AL3G23750	1.0153	549.7	1553.3	0.1312	0.1239	0.9445	-4236.451892	
AL7G28370	AL3G23780	0.9797	332.9	1086.1	0.1437	0.1362	0.9477	-2876.710129	
AL7G28540	AL3G23890	2.1368	330.2	869.8	0.2224	0.3630	1.6325	-2790.696195	
AL4G33680	AL6G40900	1.9223	428.6	1287.4	0.1004	0.1980	1.9710	-3747.655920	
AL4G33850	AL6G41140	2.3922	349.5	1078.5	0.1190	0.2835	2.3831	-3234.810283	
AL4G33870	AL6G41170	5.0085	283.2	922.8	0.0465	0.2869	6.1750	-2743.331354	
AL4G33880	AL6G41190	4.1189	354.3	1109.7	0.1833	0.6606	3.6039	-3645.916380	
AL4G33950	AL6G41210	1.1471	207.0	513.0	0.0368	0.0449	1.2185	-1329.111058	
AL4G33960	AL6G41250	1.3286	363.7	1076.3	0.0901	0.1247	1.3844	-2954.412412	
AL4G33980	AL6G41270	2.9960	192.6	575.4	0.2168	0.5239	2.4169	-1850.589682	
AL6G40970	AL1G00500	0.6178	507.8	1241.2	0.0925	0.0535	0.5785	-3182.350682	
AL6G41200	AL1G00640	2.7121	135.3	395.7	0.1913	0.4352	2.2753	-1269.063863	
AL6G41210	AL1G00660	0.6151	208.9	511.1	0.0272	0.0181	0.6626	-1240.284757	
AL6G41230	AL1G00670	0.8137	380.4	1038.6	0.0496	0.0442	0.8912	-2597.657663	
AL6G41250	AL1G00680	0.6533	373.2	1066.8	0.0520	0.0380	0.7315	-2586.264716	
AL6G41330	AL1G00750	29.6735	307.8	904.2	0.0244	0.8883	36.3341	-3192.742486	
AL6G31130	AL1G36940	50.0000	296.4	915.6	0.0164	1.0661	64.8609	-3194.756302	
AL6G31290	AL1G37010	3.1650	124.1	358.9	0.2121	0.5397	2.5452	-1212.673170	
AL6G31430	AL1G37250	0.9703	145.8	508.2	0.1333	0.1321	0.9904	-1325.111299	
AL6G31460	AL1G37290	0.9422	142.2	451.8	0.2071	0.1639	0.7913	-1216.148479	
AL6G31580	AL1G37370	1.0258	227.2	666.8	0.0283	0.0351	1.2422	-1637.224327	
AL6G31620	AL1G37430	1.4588	225.5	656.5	0.2279	0.2606	1.1435	-1950.007162	
AL6G31660	AL1G37480	0.4614	171.7	620.3	0.0224	0.0147	0.6565	-1308.917211	
AL5G32130	AL6G40100	23.1530	213.6	506.4	0.0348	0.8370	24.0324	-1831.859356	
AL5G32230	AL6G40240	6.0644	234.1	668.9	0.1063	0.6357	5.9803	-2206.387650	
AL5G32250	AL6G40210	9.4147	328.7	1033.3	0.1684	1.4318	8.5015	-3591.461422	
AL5G32290	AL6G40360	3.2798	158.7	423.3	0.0983	0.3122	3.1768	-1314.981962	
AL5G32360	AL6G40410	2.9580	387.5	1067.5	0.0835	0.2512	3.0103	-3276.324111	
AL5G32480	AL6G40490	3.4589	161.8	609.2	0.2728	0.7394	2.7102	-1959.836325	
AL5G32520	AL6G40580	2.7304	127.5	403.5	0.0522	0.1698	3.2529	-1126.781404	
AL5G07250	AL1G25790	50.0000	245.2	771.8	0.0135	0.8978	66.2909	-2672.673425	
AL5G07360	AL1G25870	50.0000	397.1	1120.9	0.0093	0.5784	62.0786	-3779.554339	
AL5G07390	AL1G25900	10.2072	230.2	669.8	0.0326	0.3963	12.1483	-2150.795873	
AL5G07600	AL1G25980	50.0000	245.9	765.1	0.0041	0.2804	67.6393	-2307.842562	
AL5G07780	AL1G26220	11.6880	257.1	996.9	0.0299	0.5094	17.0296	-3086.621740	
AL5G07950	AL1G26330	4.6434	201.9	611.1	0.0798	0.4004	5.0201	-1964.761697	
AL5G08010	AL1G26490	3.6349	244.5	757.5	0.1142	0.4190	3.6674	-2409.694644	
AL7G07190	AL3G34510	0.9832	201.1	509.9	0.2652	0.1838	0.6928	-1489.473919	
AL7G07200	AL3G34500	0.9756	193.9	643.1	0.1858	0.1613	0.8685	-1715.645667	
AL7G07230	AL3G34430	1.6597	150.4	464.6	0.1187	0.1965	1.6554	-1307.711954	
AL7G07280	AL3G34280	7.2431	397.9	1216.1	0.0805	0.6328	7.8595	-4052.444596	
AL7G07370	AL3G34190	0.8558	259.5	745.5	0.1638	0.1231	0.7511	-1969.006953	
AL7G07470	AL3G34000	0.6515	312.1	893.9	0.1087	0.0696	0.6400	-2227.476115	
AL7G07480	AL3G33910	1.1213	133.6	517.4	0.3065	0.2553	0.8328	-1392.056508	
AL2G20960	AL1G48920	50.0000	318.1	989.9	0.0151	0.9861	65.4553	-3437.884366	
AL2G21110	AL1G49000	9.5117	119.3	357.7	0.0474	0.5259	11.0962	-1171.100965	
AL2G21150	AL1G49080	6.7226	136.9	406.1	0.9889	2.2345	2.2596	-1463.103279	
AL2G21280	AL1G49280	2.1803	398.8	1260.2	0.0891	0.2102	2.3589	-3646.045902	
AL2G21500	AL1G49540	1.4630	879.8	2636.2	0.0813	0.1274	1.5671	-7160.730085	
AL2G21530	AL1G49530	1.3602	282.0	882.0	0.0589	0.0931	1.5804	-2288.421087	
AL2G21890	AL1G49770	26.6411	247.0	851.0	0.0499	1.6802	33.6869	-2934.530025	
AL5G00590	AL1G46550	0.1049	97.7	358.3	0.2234	0.0200	0.0897	-682.514382	
AL5G00600	AL1G46650	8.8465	71.3	273.7	0.0709	0.7951	11.2190	-866.036174	
AL5G00770	AL1G46810	5.6204	297.3	1046.7	0.2387	1.0985	4.6021	-3468.744641	
AL5G01150	AL1G47030	50.0000	389.6	1116.4	0.0115	0.7187	62.3725	-3855.180611	
AL5G01370	AL1G47070	0.4762	160.6	394.4	0.3387	0.1014	0.2995	-1027.129951	
AL5G01400	AL1G47120	50.0000	164.0	523.0	0.0201	1.3211	65.6025	-1838.200655	
AL8G22740	AL7G10110	0.9301	681.7	2045.3	0.0782	0.0786	1.0044	-5198.357700	
AL8G23010	AL7G10240	50.0000	244.1	724.9	0.0045	0.2967	65.2751	-2238.024467	
AL8G23330	AL7G10550	5.4875	366.9	1217.1	0.0523	0.3522	6.7283	-3735.761512	
AL8G23630	AL7G10860	2.1152	207.9	611.1	0.0753	0.1713	2.2739	-1712.286981	
AL8G23670	AL7G10900	2.1919	169.1	553.9	0.1376	0.2963	2.1537	-1672.995684	
AL8G23750	AL7G10990	1.5735	448.9	1300.1	0.0771	0.1288	1.6704	-3625.866363	
AL8G11890	AL1G37650	0.2177	339.0	1137.0	0.8594	0.0699	0.0814	-2441.228464	
AL8G11910	AL1G37670	0.0164	181.4	568.6	0.3142	0.0036	0.0114	-1022.446038	
AL8G11920	AL1G37680	0.0417	155.3	588.7	1.0280	0.0140	0.0136	-1035.759242	
AL8G11930	AL1G37690	0.0441	200.6	495.4	1.2055	0.0154	0.0128	-997.888141	
AL8G11940	AL1G37700	0.0281	122.8	426.2	0.1863	0.0047	0.0255	-760.834186	
AL8G11950	AL1G37710	0.1063	87.5	410.5	1.4122	0.0374	0.0265	-752.482496	
AL0G01150	AL1G37670	0.0124	165.9	584.1	0.1378	0.0017	0.0125	-1016.751728	
AL0G01160	AL1G37660	0.0258	180.7	536.3	0.3295	0.0057	0.0173	-989.627371	
AL0G01170	AL1G37650	0.3943	326.1	1140.9	0.6370	0.1166	0.1831	-2664.664369	
AL0G01210	AL1G37610	0.0320	147.9	530.1	0.2042	0.0058	0.0282	-939.456241	
AL1G53230	AL1G09070	1.0941	264.8	779.2	0.1783	0.1681	0.9432	-2189.601066	
AL1G53250	AL1G09090	1.6192	331.4	1045.6	0.3291	0.3621	1.1002	-3156.784488	
AL1G53270	AL1G09130	1.7313	263.5	891.5	0.2038	0.3052	1.4972	-2642.827499	
AL1G53390	AL1G09240	1.0770	245.4	798.6	0.2087	0.1898	0.9097	-2207.519542	
AL1G53420	AL1G09280	1.1902	154.8	460.2	0.1431	0.1582	1.1057	-1270.403428	
AL5G23920	AL4G23950	2.7068	234.4	686.6	0.0876	0.2470	2.8213	-2053.181730	
AL5G23960	AL4G23980	0.8064	185.2	609.8	0.2280	0.1502	0.6591	-1609.594608	
AL5G24000	AL4G24030	1.0381	429.1	1166.9	0.1309	0.1242	0.9491	-3202.146708	
AL5G24060	AL4G24080	0.4783	217.0	614.0	0.1433	0.0623	0.4344	-1503.989896	
AL5G24110	AL4G24120	1.1429	358.9	1000.1	0.2911	0.2319	0.7965	-2889.893454	
AL5G24140	AL4G24150	0.7005	322.9	1057.1	0.0981	0.0741	0.7554	-2611.715633	
AL8G18070	AL7G14000	0.8297	83.8	324.2	0.1518	0.1288	0.8486	-804.201225	
AL8G18080	AL7G13990	0.9482	161.5	528.5	0.1437	0.1319	0.9185	-1380.596973	
AL8G18090	AL7G13980	0.8827	361.4	1351.6	0.1789	0.1495	0.8357	-3437.840073	
AL8G18170	AL7G14150	1.1663	578.0	1603.0	0.0847	0.1006	1.1879	-4316.269066	
AL8G18200	AL7G14190	0.4627	199.1	706.9	0.0880	0.0471	0.5349	-1589.749895	
AL8G18210	AL7G14200	0.9588	237.3	821.7	0.1682	0.1516	0.9015	-2172.979877	
AL2G03190	AL6G36230	2.5039	555.6	1553.4	0.0592	0.1609	2.7182	-4441.718081	
AL2G03240	AL6G36290	3.4436	336.3	986.7	0.0764	0.2819	3.6884	-3027.503381	
AL2G03250	AL6G36300	2.0726	359.5	1104.5	0.1095	0.2305	2.1051	-3250.579759	
AL2G03340	AL6G36440	2.1515	289.0	1031.0	0.0418	0.1193	2.8505	-2630.451677	
AL2G03650	AL6G36540	2.8959	185.5	585.5	0.0669	0.2216	3.3118	-1680.446385	
AL2G03720	AL6G36730	5.4469	197.0	643.0	0.8557	1.7466	2.0410	-2253.377120	
AL8G05780	AL7G13300	1.2465	204.9	629.1	0.0912	0.1205	1.3212	-1678.816349	
AL8G05800	AL7G13290	2.5517	323.1	1023.9	0.1200	0.3082	2.5691	-3122.944242	
AL8G05830	AL7G13270	1.6436	286.3	931.7	0.0787	0.1461	1.8556	-2564.278797	
AL8G06090	AL7G13070	1.8627	278.0	808.0	0.1874	0.2942	1.5703	-2472.035061	
AL8G06100	AL7G13060	1.4684	830.3	2874.7	0.0730	0.1273	1.7432	-7511.539148	
AL8G06110	AL7G13040	2.4719	309.0	921.0	0.0562	0.1580	2.8089	-2619.332746	
AL2G20640	AL6G31760	50.0000	420.2	992.8	0.0036	0.1978	55.5808	-3083.839621	
AL2G20660	AL6G31740	2.0925	251.5	714.5	0.0615	0.1403	2.2808	-1989.504158	
AL2G20700	AL6G31670	1.7370	218.4	552.6	0.0738	0.1271	1.7226	-1577.522830	
AL2G20740	AL6G31620	3.7431	231.9	677.1	0.0819	0.3234	3.9467	-2123.847572	
AL2G20760	AL6G31580	2.0597	224.9	669.1	0.0294	0.0738	2.5101	-1764.352488	
AL2G20980	AL6G31290	50.0000	139.3	343.7	0.0151	0.8424	55.7292	-1256.682283	
AL7G27220	AL3G06830	2.6964	145.3	409.7	0.2254	0.4732	2.0992	-1373.520967	
AL7G27290	AL3G07020	1.5624	155.1	570.9	0.0333	0.0723	2.1724	-1389.850724	
AL7G27530	AL3G07140	9.4806	281.0	781.0	0.0278	0.3080	11.0877	-2457.635656	
AL7G27690	AL3G07210	4.5337	262.6	934.4	0.0570	0.3266	5.7266	-2761.693830	
AL7G27730	AL3G07280	8.0471	275.6	849.4	0.1250	0.9883	7.9046	-2959.416000	
AL7G00450	AL3G37320	2.2033	225.7	728.3	0.1072	0.2472	2.3067	-2131.287659	
AL7G00480	AL3G37270	3.4432	157.2	598.8	0.1512	0.5297	3.5024	-1867.253561	
AL7G00600	AL3G37150	5.4970	128.1	360.9	0.0158	0.1061	6.6941	-978.089511	
AL7G00760	AL3G37080	4.8206	390.5	1163.5	0.0379	0.2176	5.7467	-3448.273188	
AL7G00820	AL3G37040	1.9036	135.8	353.2	0.0010	0.0023	2.2797	-801.823138	
AL7G01030	AL3G36830	50.0000	316.7	955.3	0.0178	1.1337	63.5254	-3365.891357	
AL4G15380	AL3G16200	8.2767	82.6	253.4	0.1836	1.3178	7.1786	-905.677326	
AL4G15710	AL3G15920	50.0000	287.2	981.8	0.0156	1.0895	69.9289	-3336.269657	
AL4G15870	AL3G15820	4.0617	194.7	618.3	0.1360	0.5369	3.9481	-2025.092615	
AL4G15960	AL3G15620	50.0000	248.5	765.5	0.0069	0.4573	66.5916	-2492.451913	
AL4G16170	AL3G15510	8.5448	280.2	1165.8	0.2880	1.9259	6.6865	-3859.949562	
AL4G16310	AL3G15410	50.0000	251.1	846.9	0.0163	1.1236	69.0939	-2881.981510	
AL2G00010	AL6G24400	7.6279	156.8	509.2	0.0475	0.4443	9.3566	-1617.253813	
AL2G00150	AL6G24330	7.2740	387.7	1283.3	0.0612	0.5319	8.6888	-4136.430998	
AL2G00370	AL6G24200	5.1472	164.3	459.7	0.0457	0.2639	5.7782	-1391.420150	
AL2G00390	AL6G24170	2.7603	422.3	1239.7	0.1479	0.3735	2.5246	-3907.894642	
AL2G00620	AL6G23930	7.8657	219.6	848.4	0.2074	1.4680	7.0798	-2796.424275	
AL2G00790	AL6G23830	50.0000	305.8	948.2	0.0169	1.0955	64.9402	-3342.172207	
AL0G01120	AL2G11450	0.0547	149.8	531.2	0.5390	0.0154	0.0285	-976.028015	
AL0G01140	AL2G11470	0.9612	136.2	547.8	0.3774	0.2412	0.6391	-1441.229699	
AL0G01150	AL2G11500	0.1258	131.4	618.6	0.6273	0.0380	0.0606	-1154.854599	
AL0G01160	AL2G11510	0.0431	186.5	530.5	0.5188	0.0116	0.0223	-1011.557485	
AL0G01170	AL2G11530	0.6226	328.8	1138.2	0.6571	0.1858	0.2828	-2906.019502	
AL5G31910	AL4G33770	1.0102	139.9	430.1	0.0818	0.0896	1.0961	-1105.714872	
AL5G31920	AL4G33780	0.6275	291.1	917.9	0.0613	0.0446	0.7281	-2160.141640	
AL5G31940	AL4G33790	0.9759	131.0	373.0	0.2618	0.1877	0.7170	-1006.705405	
AL5G31950	AL4G33800	0.8773	321.7	1079.3	0.1980	0.1515	0.7653	-2845.926886	
AL5G32000	AL4G33840	0.7649	330.1	884.9	0.2164	0.1285	0.5939	-2411.144997	
AL2G02120	AL1G13340	0.9740	210.8	728.2	0.0884	0.0980	1.1079	-1827.270075	
AL2G02160	AL1G13330	1.1084	246.9	626.1	0.2145	0.1815	0.8462	-1826.003627	
AL2G02170	AL1G13320	0.8902	230.1	711.9	0.2756	0.1807	0.6557	-1940.587173	
AL2G02190	AL1G13310	0.7502	387.7	980.3	0.2786	0.1442	0.5177	-2719.550762	
AL2G02230	AL1G13300	0.9047	189.5	626.5	0.1254	0.1151	0.9181	-1605.322627	
AL4G21760	AL6G02850	50.0000	164.5	486.5	0.0089	0.5736	64.2669	-1621.853196	
AL4G21780	AL6G02910	3.4979	325.0	959.0	0.0488	0.1967	4.0264	-2812.490289	
AL4G21830	AL6G02920	1.7578	569.5	1809.5	0.0745	0.1474	1.9791	-4940.160818	
AL4G21880	AL6G02930	2.0682	91.7	418.3	0.0937	0.2517	2.6852	-1118.390803	
AL4G21890	AL6G02940	2.6694	290.5	936.5	0.2185	0.4818	2.2048	-2954.934644	
AL7G29920	AL3G25820	1.3166	105.7	383.3	0.2239	0.2509	1.1205	-1079.706052	
AL7G29980	AL3G25910	1.0044	268.2	826.8	0.2632	0.1986	0.7546	-2312.368838	
AL7G29990	AL3G25930	0.5836	391.5	1318.5	0.0766	0.0518	0.6753	-3064.091860	
AL7G30000	AL3G25940	0.4965	302.9	981.1	0.0883	0.0482	0.5456	-2227.293739	
AL7G30020	AL3G25970	0.7785	268.7	937.3	0.1453	0.1123	0.7730	-2348.309707	
AL2G26290	AL1G39230	6.6864	212.6	621.4	0.1720	1.0006	5.8179	-2169.027888	
AL2G26340	AL1G39240	2.1214	387.6	1013.4	0.0918	0.1892	2.0614	-3011.125291	
AL2G26350	AL1G39250	2.9115	277.4	895.6	0.1490	0.4128	2.7707	-2795.909229	
AL2G26420	AL1G39280	2.5388	1662.9	4583.1	0.1550	0.3453	2.2270	-14503.396976	
AL2G26440	AL1G39290	2.2976	238.4	796.6	0.1489	0.3306	2.2206	-2421.794581	
AL6G02740	AL3G10100	1.2033	136.5	451.5	0.1594	0.1804	1.1316	-1241.464592	
AL6G02850	AL3G10180	1.6037	157.0	497.0	0.4222	0.4024	0.9530	-1533.565096	
AL6G02900	AL3G10190	0.9099	332.3	927.7	0.1953	0.1454	0.7442	-2536.699546	
AL6G02930	AL3G10240	0.7554	93.2	419.8	0.1862	0.1403	0.7536	-996.608182	
AL6G02950	AL3G10260	1.2184	292.1	1087.9	0.2524	0.2496	0.9889	-2972.538600	
AL2G26200	AL8G30680	50.0000	422.7	1293.3	0.0088	0.5778	65.8998	-4298.395892	
AL2G26230	AL8G30580	29.3289	311.0	985.0	0.0239	0.9053	37.8700	-3394.656697	
AL2G26340	AL8G30480	2.0038	376.5	1003.5	0.0870	0.1729	1.9875	-2930.777011	
AL2G26380	AL8G30410	3.1132	490.1	1579.9	0.1041	0.3416	3.2817	-4851.352673	
AL2G26410	AL8G30400	2.6902	130.1	490.9	0.1264	0.3664	2.8986	-1464.640599	
AL2G00860	AL6G33730	3.4568	125.9	342.1	0.0983	0.3323	3.3801	-1066.715692	
AL2G00950	AL6G33780	2.0856	160.4	475.6	0.0703	0.1603	2.2807	-1329.467403	
AL2G00980	AL6G33790	2.2463	588.7	1847.3	0.1166	0.2645	2.2685	-5514.262161	
AL2G01000	AL6G33810	1.4856	214.3	691.7	0.0680	0.1167	1.7170	-1815.521387	
AL8G24260	AL6G06770	1.0309	175.9	613.1	0.0868	0.1027	1.1836	-1534.096755	
AL8G24330	AL6G06800	0.4897	160.6	622.4	0.0224	0.0164	0.7322	-1318.101876	
AL8G24350	AL6G06830	0.7439	337.2	967.8	0.0647	0.0524	0.8094	-2372.375776	
AL8G24450	AL6G06850	0.9381	442.0	1298.0	0.1493	0.1278	0.8558	-3496.648325	
AL8G24470	AL6G06860	2.5714	312.2	797.8	0.4107	0.6107	1.4869	-2786.947343	
AL2G00090	AL7G18020	50.0000	99.1	314.9	0.0052	0.3581	68.4633	-977.359050	
AL2G00170	AL7G18110	2.8041	254.3	717.7	0.0564	0.1738	3.0826	-2107.069333	
AL2G00270	AL7G18140	2.1733	557.0	1696.0	0.1470	0.2975	2.0243	-5199.917424	
AL2G00410	AL7G18260	1.5216	263.2	768.8	0.0678	0.1126	1.6599	-2076.021282	
AL2G00440	AL7G18360	1.9220	452.6	1470.4	0.0798	0.1725	2.1617	-4075.168773	
AL6G39070	AL3G05530	2.6682	244.6	685.4	0.1333	0.3282	2.4617	-2171.905498	
AL6G39080	AL3G05540	50.0000	263.5	804.5	0.0076	0.5020	66.0236	-2633.760463	
AL6G39200	AL3G05690	7.9015	153.8	461.2	0.0782	0.6672	8.5326	-1528.029441	
AL6G39210	AL3G05700	2.3151	226.7	724.3	0.0934	0.2329	2.4930	-2092.125641	
AL6G39440	AL3G05970	17.9374	400.6	1024.4	0.0199	0.4035	20.2380	-3409.155678	
AL6G36170	AL3G23790	4.7224	198.9	620.1	0.0789	0.4102	5.2025	-1982.439841	
AL6G36180	AL3G23760	50.0000	289.8	913.2	0.0255	1.6337	64.0296	-3228.666774	
AL6G36230	AL3G23750	2.0387	546.2	1553.8	0.0828	0.1752	2.1145	-4479.800805	
AL6G36270	AL3G23570	30.1984	326.9	1065.1	0.0181	0.7313	40.4749	-3540.349952	
AL6G36280	AL3G23510	3.1637	156.1	485.9	0.4266	0.7948	1.8631	-1628.353883	
AL4G06540	AL7G09180	50.0000	224.8	723.2	0.0181	1.2004	66.4334	-2527.402212	
AL4G06720	AL7G09080	0.7834	258.7	764.3	0.0465	0.0422	0.9077	-1827.549827	
AL4G06740	AL7G09070	0.7272	224.9	606.1	0.0661	0.0502	0.7602	-1531.170355	
AL4G06750	AL7G09060	0.6614	546.1	1652.9	0.0807	0.0576	0.7135	-4034.590022	
AL4G06820	AL7G09030	0.8102	208.9	703.1	0.2649	0.1651	0.6233	-1839.042002	
AL6G00100	AL3G11280	22.8887	298.0	935.0	0.0166	0.4967	30.0057	-3036.648265	
AL6G00160	AL3G11310	5.4844	113.6	300.4	0.0671	0.3795	5.6581	-993.340166	
AL6G00290	AL3G11420	20.0472	138.6	392.4	0.0298	0.7036	23.6015	-1360.974194	
AL6G00440	AL3G11460	3.1732	263.4	837.6	0.2125	0.5605	2.6384	-2754.140637	
AL6G00460	AL3G11480	3.5589	182.2	546.8	0.0604	0.2428	4.0188	-1625.129148	
AL5G33360	AL1G01650	13.3898	141.4	392.6	0.0226	0.3586	15.8606	-1252.662600	
AL5G33610	AL1G01780	1.1609	139.8	439.2	0.0152	0.0233	1.5297	-1032.559101	
AL5G33620	AL1G01820	2.0412	378.7	1121.3	0.1782	0.3143	1.7644	-3491.517577	
AL5G33640	AL1G01830	2.4611	394.9	1267.1	0.1256	0.3090	2.4612	-3829.262886	
AL5G33730	AL1G01910	1.4955	252.0	732.0	0.0725	0.1165	1.6079	-2026.227802	
AL4G29960	AL3G15720	11.0341	330.6	1067.4	0.0331	0.4649	14.0507	-3410.776826	
AL4G29990	AL3G15710	1.5934	672.6	2009.4	0.0447	0.0836	1.8684	-5299.123870	
AL4G30190	AL3G15610	50.0000	238.0	812.0	0.0220	1.5069	68.3746	-2828.459176	
AL4G30250	AL3G15500	44.9784	237.0	738.0	0.0010	0.0615	61.4939	-1847.062205	
AL4G30320	AL3G15510	6.4396	327.9	1169.1	0.1040	0.7435	7.1495	-3811.721640	
AL7G01970	AL6G09780	2.4051	227.5	768.5	0.0844	0.2304	2.7311	-2185.100112	
AL7G02010	AL6G09870	1.5586	334.5	1195.5	0.0250	0.0545	2.1817	-2860.073079	
AL7G02120	AL6G09960	2.2018	140.2	453.8	0.0598	0.1559	2.6055	-1248.911825	
AL7G02390	AL6G10120	18.5817	203.3	606.7	0.0285	0.6478	22.7399	-2056.125832	
AL7G02470	AL6G10240	50.0000	249.8	818.2	0.0159	1.0760	67.7252	-2845.880041	
AL2G24560	AL7G00700	50.0000	321.5	974.5	0.0171	1.0912	63.8702	-3448.281581	
AL2G24660	AL7G00650	2.7955	207.7	605.3	0.0251	0.0854	3.3988	-1597.990736	
AL2G24710	AL7G00520	50.0000	191.6	516.4	0.0058	0.3501	60.6371	-1681.667715	
AL2G24910	AL7G00360	2.3148	371.0	1072.0	0.0082	0.0240	2.9322	-2588.305836	
AL2G25050	AL7G00280	4.0765	384.9	1142.1	0.0514	0.2404	4.6772	-3437.898940	
AL5G15280	AL7G21280	50.0000	211.4	706.6	0.0103	0.7196	69.9740	-2348.201932	
AL5G15330	AL7G21400	8.4602	315.2	1106.8	0.0720	0.7314	10.1556	-3619.950583	
AL5G15380	AL7G21380	50.0000	521.3	1464.7	0.0115	0.7095	61.5035	-5085.845598	
AL5G15640	AL7G21610	3.0656	663.4	2126.6	0.2406	0.5839	2.4262	-6924.671284	
AL5G15840	AL7G21760	50.0000	291.1	944.9	0.0175	1.1699	66.9741	-3292.595985	
AL4G35370	AL3G06650	2.1352	539.3	1431.7	0.0883	0.1860	2.1073	-4261.658288	
AL4G35410	AL3G06700	4.5456	160.2	580.8	0.1891	0.7864	4.1579	-1921.738885	
AL4G35520	AL3G06930	5.7663	177.2	497.8	0.0652	0.4036	6.1877	-1593.424551	
AL4G35550	AL3G06990	3.6703	247.0	851.0	0.1510	0.5401	3.5773	-2695.010278	
AL4G35770	AL3G07140	50.0000	264.9	803.1	0.0076	0.4993	65.6804	-2639.885699	
AL8G24570	AL4G24650	11.6749	259.1	802.9	0.0511	0.7034	13.7733	-2720.248481	
AL8G24910	AL4G24280	2.7102	135.9	458.1	0.1262	0.3497	2.7702	-1402.512032	
AL8G24920	AL4G24270	4.4160	404.3	1095.7	0.0364	0.1808	4.9708	-3222.210456	
AL8G25060	AL4G24190	3.2818	540.6	1607.4	0.0572	0.2124	3.7148	-4735.892891	
AL8G25100	AL4G24070	10.4521	392.8	1191.2	0.0775	0.8819	11.3765	-4116.539572	
AL5G06970	AL7G01030	10.7427	217.1	739.9	0.0724	0.9166	12.6608	-2488.855346	
AL5G07080	AL7G01180	1.8606	157.5	529.5	0.2513	0.3685	1.4663	-1569.041591	
AL5G07250	AL7G01220	50.0000	317.7	957.3	0.0180	1.1411	63.4398	-3393.951429	
AL5G07350	AL7G01320	0.0589	147.3	272.7	0.8969	0.0189	0.0211	-604.970036	
AL5G07640	AL7G01680	0.1037	126.0	390.0	0.7885	0.0324	0.0411	-769.550975	
AL8G24570	AL6G00740	50.0000	268.0	806.0	0.0108	0.6971	64.6862	-2761.019467	
AL8G24910	AL6G00940	1.8567	134.6	456.4	0.2770	0.3882	1.4015	-1398.670902	
AL8G24920	AL6G00950	3.5365	406.1	1096.9	0.0565	0.2139	3.7855	-3299.553545	
AL8G25090	AL6G01100	2.5695	342.9	1049.1	0.1072	0.2806	2.6182	-3164.707917	
AL8G25100	AL6G01120	4.0914	452.4	1455.6	0.3292	0.9196	2.7930	-4969.543727	
AL5G19100	AL8G07050	0.0293	217.0	524.0	1.1030	0.0100	0.0091	-1020.693718	
AL5G19350	AL8G07250	16.7160	109.4	340.6	0.0186	0.4034	21.6573	-1074.741437	
AL5G19540	AL8G07310	4.7794	330.5	1088.5	0.0628	0.3562	5.6676	-3298.312815	
AL5G19560	AL8G07320	7.6924	203.3	714.7	0.0247	0.2632	10.6532	-2072.024252	
AL8G10910	AL3G30040	1.9859	146.7	459.3	0.1422	0.2691	1.8919	-1356.070164	
AL8G11010	AL3G29910	50.0000	191.2	630.8	0.0030	0.2137	70.9410	-1784.105964	
AL8G11030	AL3G29820	2.0142	345.7	1172.3	0.0291	0.0780	2.6833	-2955.335357	
AL8G11130	AL3G29650	3.3401	503.2	1392.8	0.1591	0.4633	2.9126	-4653.776065	
AL8G11160	AL3G29480	50.0000	269.1	954.9	0.0092	0.6766	73.3959	-3117.018757	
AL3G14880	AL1G18290	1.3382	292.9	907.1	0.0590	0.0912	1.5453	-2360.707679	
AL3G15000	AL1G18250	2.5605	542.1	1731.9	0.2097	0.4496	2.1440	-5492.068462	
AL3G15210	AL1G18110	4.2009	326.0	994.0	0.3615	0.9750	2.6971	-3468.053659	
AL3G15250	AL1G18080	4.3320	143.0	358.0	0.0817	0.3433	4.2009	-1164.964183	
AL3G15450	AL1G17920	11.9365	368.4	1014.6	0.0385	0.5202	13.5037	-3392.464657	
AL6G18510	AL1G06980	12.1322	191.1	504.9	0.5010	3.1756	6.3391	-1873.026052	
AL6G18640	AL1G07180	30.5224	319.1	1036.9	0.0192	0.7822	40.6882	-3428.963962	
AL6G19050	AL1G07480	50.0000	252.7	839.3	0.0119	0.8210	69.2827	-2840.006053	
AL6G19140	AL1G07490	11.4554	242.3	726.7	0.0339	0.4702	13.8592	-2343.114152	
AL6G19150	AL1G07680	50.0000	355.3	1057.7	0.0102	0.6559	64.3302	-3597.368335	
AL4G33170	AL6G35470	1.9451	301.5	964.5	0.0765	0.1673	2.1873	-2734.625406	
AL4G33200	AL6G35400	50.0000	237.5	722.5	0.0166	1.0622	64.1478	-2509.444060	
AL4G33340	AL6G35250	3.6082	219.0	540.0	0.0867	0.2979	3.4339	-1764.842137	
AL4G33500	AL6G35010	50.0000	179.9	675.1	0.0149	1.1144	75.0384	-2259.110388	
AL5G13770	AL8G00080	0.3167	245.5	687.5	0.2023	0.0518	0.2561	-1597.063870	
AL5G13780	AL8G00090	0.3173	160.3	469.7	0.1643	0.0461	0.2806	-1077.557503	
AL5G14010	AL8G00130	50.0000	304.7	910.3	0.0092	0.5957	64.6761	-3085.041129	
AL5G14300	AL8G00380	14.2147	141.5	470.5	0.0309	0.5734	18.5868	-1531.115699	
AL5G14550	AL8G00630	1.8247	183.5	614.5	0.4733	0.4843	1.0233	-1898.970486	
AL8G18550	AL7G14520	1.4413	296.9	759.1	0.1766	0.2079	1.1773	-2269.960545	
AL8G18600	AL7G14510	1.1167	162.3	476.7	0.1288	0.1369	1.0633	-1301.857306	
AL8G18820	AL7G14450	2.6639	131.7	378.3	0.1859	0.4168	2.2420	-1211.930041	
AL8G19020	AL7G14410	1.2638	329.4	873.6	0.1953	0.1980	1.0135	-2561.483826	
AL8G19140	AL7G14390	1.2085	114.5	338.5	0.3208	0.2624	0.8179	-1000.014678	
AL5G00160	AL8G32050	5.4511	312.8	932.2	0.1950	0.8920	4.5736	-3248.851231	
AL5G00430	AL8G32290	42.8443	322.0	968.0	0.0122	0.6709	55.1911	-3301.677329	
AL5G00600	AL8G32330	5.6091	210.0	672.0	0.3254	1.2518	3.8472	-2298.115452	
AL5G00770	AL8G32390	50.0000	290.4	1086.6	0.0119	0.8999	75.6673	-3531.847378	
AL5G00930	AL8G32620	50.0000	178.2	631.8	0.0088	0.6480	73.4503	-2055.013537	
AL0G08810	AL4G25950	0.0633	195.4	461.6	0.0334	0.0022	0.0658	-942.052162	
AL0G08820	AL4G25940	0.0841	123.9	338.1	0.0010	0.0001	0.1043	-629.202249	
AL0G08830	AL4G25930	0.0654	156.7	398.3	0.0358	0.0025	0.0708	-797.298822	
AL0G08840	AL4G25920	0.0000	58.2	295.8	0.0010	0.0000	0.0000	-465.384341	
AL2G15440	AL1G39280	0.1554	368.5	1053.5	0.4993	0.0411	0.0823	-2263.396447	
AL2G15450	AL1G39290	0.2135	238.5	796.5	0.7639	0.0664	0.0870	-1723.575780	
AL2G15460	AL1G39300	0.2267	190.2	601.8	0.6688	0.0675	0.1010	-1320.206658	
AL2G15470	AL1G39310	0.2841	344.5	1062.5	0.3287	0.0631	0.1921	-2400.973112	
AL0G03900	AL4G16930	0.0000	191.9	783.1	0.3476	0.0000	0.0000	-1291.033378	
AL0G03930	AL4G16960	0.0000	83.9	375.1	0.0010	0.0000	0.0000	-612.938065	
AL0G03950	AL4G16980	0.0160	145.2	604.8	99.0000	0.0066	0.0001	-1040.152675	
AL1G20410	AL1G15680	0.3893	85.5	259.5	0.4149	0.0962	0.2318	-619.792244	
AL1G20430	AL1G15670	0.2140	375.7	1214.3	0.3476	0.0494	0.1422	-2589.071028	
AL1G20440	AL1G15660	0.2721	372.6	1220.4	0.3751	0.0653	0.1740	-2721.757713	
AL1G20450	AL1G15650	0.3070	154.4	439.6	0.3643	0.0704	0.1933	-1023.345378	
AL0G02440	AL8G12260	0.0374	286.8	787.2	0.7711	0.0116	0.0150	-1536.841760	
AL0G02460	AL8G12290	0.9415	218.7	648.3	0.6864	0.2814	0.4100	-1863.898372	
AL0G02490	AL8G12310	0.0242	133.6	493.4	0.3921	0.0061	0.0155	-878.011881	
AL0G02520	AL8G12330	0.0000	171.5	524.5	0.0010	0.0000	0.0000	-930.019706	
AL7G30380	AL3G26600	1.0162	199.2	607.8	0.0739	0.0828	1.1196	-1567.941004	
AL7G30390	AL3G26610	1.9158	205.6	682.4	0.4333	0.4901	1.1313	-2140.078982	
AL7G30430	AL3G26630	1.2475	143.6	423.4	0.1533	0.1734	1.1310	-1184.346480	
AL7G30440	AL3G26640	1.0045	107.1	306.9	0.2760	0.1995	0.7226	-864.842346	
AL2G18920	AL6G14530	2.4993	200.3	564.7	0.1229	0.2905	2.3632	-1726.557135	
AL2G18940	AL6G14510	3.0469	184.8	607.2	0.0664	0.2372	3.5742	-1731.228607	
AL2G19000	AL6G14460	1.1648	123.8	419.2	0.0043	0.0072	1.6790	-926.730866	
AL2G19010	AL6G14440	50.0000	265.4	838.6	0.0087	0.5862	67.4738	-2758.494749	
AL7G14530	AL1G47980	13.0284	173.4	564.6	0.0092	0.1646	17.9456	-1564.028377	
AL7G14550	AL1G47940	2.2591	142.4	370.6	0.1219	0.2510	2.0593	-1129.076098	
AL7G14560	AL1G47920	22.1742	112.7	355.3	0.0502	1.3291	26.5011	-1244.088220	
AL7G14580	AL1G47890	3.4788	178.1	577.9	0.2105	0.6158	2.9246	-1905.599263	
AL4G24260	AL6G00970	3.3482	360.0	1092.0	0.0860	0.3071	3.5695	-3382.099233	
AL4G24270	AL6G00950	2.7243	428.9	1197.1	0.0591	0.1747	2.9550	-3487.788037	
AL4G24280	AL6G00940	2.2030	131.0	460.0	0.1782	0.3632	2.0375	-1397.354372	
AL4G24350	AL6G00870	2.3743	283.6	850.4	0.2120	0.4102	1.9348	-2703.933606	
AL0G02910	AL8G25250	0.0597	122.1	342.9	1.6431	0.0222	0.0135	-670.267395	
AL0G02920	AL8G25240	0.1726	178.5	640.5	0.5913	0.0500	0.0846	-1306.739468	
AL0G02940	AL8G25180	0.0681	128.5	507.5	0.4891	0.0188	0.0383	-908.620725	
AL0G02950	AL8G25170	0.1337	179.0	505.0	0.5613	0.0370	0.0659	-1080.871512	
AL1G48870	AL1G18040	4.9610	167.7	474.3	0.0639	0.3426	5.3607	-1482.231958	
AL1G48920	AL1G18110	50.0000	324.6	986.4	0.0142	0.9159	64.5372	-3433.332786	
AL1G48930	AL1G18150	1.3126	122.1	372.9	0.0516	0.0791	1.5322	-967.462014	
AL8G06130	AL3G25140	2.9058	295.7	826.3	0.0476	0.1543	3.2441	-2358.998536	
AL8G06160	AL3G25160	1.6977	118.1	361.9	0.1860	0.2725	1.4652	-1047.829531	
AL8G06180	AL3G25200	1.9740	189.7	554.3	0.0853	0.1761	2.0659	-1576.779731	
AL8G06240	AL3G25230	1.8956	175.6	469.4	0.0734	0.1424	1.9406	-1347.960363	
AL3G20330	AL1G43040	1.1760	331.8	1135.2	0.1032	0.1322	1.2810	-2952.480400	
AL3G20360	AL1G43080	0.8195	175.7	469.3	0.3272	0.1751	0.5351	-1326.904103	
AL3G20380	AL1G43140	0.4103	281.7	843.3	0.0010	0.0005	0.5446	-1780.276810	
AL3G20410	AL1G43170	1.8974	336.7	977.3	0.1829	0.2949	1.6122	-3035.854566	
AL4G21390	AL6G05960	2.2097	136.0	488.0	0.1027	0.2536	2.4696	-1395.623410	
AL4G21400	AL6G05940	50.0000	143.6	483.4	0.0047	0.3354	71.6274	-1470.643809	
AL4G21420	AL6G05920	1.4747	169.2	460.8	0.1244	0.1700	1.3670	-1336.240971	
AL4G21520	AL6G05810	8.3882	174.3	413.7	0.0338	0.2949	8.7342	-1316.582072	
AL8G32220	AL7G17480	6.2108	136.2	418.8	0.0468	0.3453	7.3742	-1319.330036	
AL8G32250	AL7G17530	4.6573	748.7	2329.3	0.0693	0.3639	5.2503	-7240.332268	
AL8G32270	AL7G17580	2.9608	145.6	478.4	0.1095	0.3405	3.1111	-1459.991783	
AL8G32290	AL7G17610	2.9176	330.4	965.6	0.0576	0.1881	3.2647	-2820.539208	
AL6G14440	AL1G25280	50.0000	254.9	816.1	0.0085	0.5774	68.1743	-2685.863452	
AL6G14460	AL1G25300	1.7642	113.8	429.2	0.0043	0.0118	2.7605	-940.566418	
AL6G14510	AL1G25500	5.2566	198.0	570.0	0.0717	0.4042	5.6340	-1827.942191	
AL6G14530	AL1G25540	2.5302	196.7	568.3	0.1365	0.3210	2.3522	-1751.590603	
AL5G34410	AL3G25080	7.9008	242.1	690.9	0.0249	0.2355	9.4753	-2078.727979	
AL5G34420	AL3G25090	4.2459	232.9	724.1	0.0436	0.2233	5.1207	-2114.259843	
AL5G34450	AL3G25140	18.8407	317.3	798.7	0.0094	0.2020	21.5807	-2449.220612	
AL5G34530	AL3G25250	7.0097	706.3	1927.7	0.0253	0.2063	8.1503	-5754.959230	
AL8G23160	AL3G40900	1.6405	267.7	848.3	0.0763	0.1400	1.8359	-2279.761981	
AL8G23240	AL3G40980	50.0000	175.0	611.0	0.0047	0.3453	73.6674	-1840.127794	
AL8G23330	AL3G41030	2.2637	366.0	1242.0	0.0746	0.1974	2.6452	-3479.018465	
AL1G46370	AL1G37510	50.0000	157.8	496.2	0.0117	0.7769	66.6387	-1687.573297	
AL1G46550	AL1G37610	0.0251	189.2	545.8	0.0694	0.0019	0.0271	-1008.016648	
AL1G46560	AL1G37700	0.1201	96.7	431.3	0.3941	0.0312	0.0793	-808.806252	
AL1G46570	AL1G37710	0.0458	128.0	553.0	0.3219	0.0109	0.0340	-966.765547	
AL4G01980	AL6G09130	5.7357	248.5	591.5	0.0502	0.2899	5.7718	-1929.613426	
AL4G02070	AL6G09220	46.3988	308.1	951.9	0.0136	0.8246	60.6953	-3265.742526	
AL4G02120	AL6G09310	4.9070	242.4	837.6	0.0834	0.4717	5.6574	-2613.974031	
AL4G02200	AL6G09340	4.0774	269.4	738.6	0.0206	0.0992	4.8129	-2019.093431	
AL0G00740	AL3G28520	0.7250	147.6	470.4	0.0451	0.0399	0.8850	-1109.746240	
AL0G00870	AL3G28610	1.1342	133.4	421.6	0.1993	0.1923	0.9651	-1174.936153	
AL0G00900	AL3G28620	0.5753	179.2	456.8	0.0559	0.0333	0.5957	-1085.692671	
AL0G00910	AL3G28630	1.4087	195.3	611.7	0.2791	0.2889	1.0352	-1776.011053	
AL4G27520	AL4G23460	2.5547	187.4	547.6	0.1131	0.2839	2.5100	-1685.050099	
AL4G27640	AL4G23600	0.0038	278.1	543.9	0.0010	0.0000	0.0037	-1106.590757	
AL4G27740	AL4G23700	0.0448	206.4	900.6	0.4645	0.0123	0.0264	-1591.581425	
AL7G24360	AL1G31250	3.3133	170.7	669.3	0.1769	0.5678	3.2093	-2076.241751	
AL7G24380	AL1G31240	1.7375	225.0	714.0	0.0473	0.0994	2.1019	-1870.800910	
AL7G24440	AL1G31100	1.5729	353.3	1005.7	0.1023	0.1598	1.5618	-2873.338987	
AL7G24450	AL1G31080	3.1026	94.3	277.7	0.1848	0.4884	2.6426	-904.675131	
AL2G07200	AL1G09890	2.2484	539.3	1638.7	0.1006	0.2333	2.3180	-4810.423551	
AL2G07210	AL1G09840	1.1215	384.2	1001.8	0.1505	0.1458	0.9684	-2843.060067	
AL2G07220	AL1G09830	0.6423	603.9	1751.1	0.1655	0.0934	0.5641	-4445.196910	
AL2G07240	AL1G09730	1.4219	165.8	464.2	0.2871	0.2866	0.9985	-1409.918179	
AL7G06780	AL3G34910	1.0734	316.4	892.6	0.2817	0.2146	0.7618	-2616.802653	
AL7G06800	AL3G34920	1.2243	346.2	880.8	0.0471	0.0608	1.2916	-2288.200068	
AL7G06920	AL3G35070	1.4061	309.2	914.8	0.2034	0.2356	1.1583	-2673.364709	
AL7G07020	AL3G35130	0.8841	303.4	941.6	0.3875	0.2127	0.5490	-2607.344732	
AL7G18400	AL6G40500	14.4838	270.8	830.2	0.0256	0.4653	18.2032	-2680.648565	
AL7G18470	AL6G40430	50.0000	195.7	590.3	0.0113	0.7297	64.7430	-2007.832163	
AL7G18560	AL6G40360	3.4491	156.1	425.9	0.1126	0.3692	3.2800	-1348.650491	
AL7G18630	AL6G40320	50.0000	127.2	397.8	0.0083	0.5555	67.0651	-1316.188603	
AL7G24070	AL1G30050	12.8380	587.6	2133.4	0.0514	0.8589	16.6972	-6965.999765	
AL7G24080	AL1G30030	25.2705	131.0	376.0	0.0068	0.2177	31.9654	-1087.884993	
AL7G24170	AL1G29850	50.0000	289.4	1033.6	0.0122	0.8908	73.0161	-3413.338407	
AL7G24270	AL1G29780	50.0000	160.8	451.2	0.0020	0.1245	63.0963	-1236.525229	
AL6G12870	AL1G34580	19.2925	208.8	697.2	0.0294	0.7468	25.4067	-2343.441506	
AL6G12900	AL1G34600	3.2787	135.8	524.2	0.3219	0.7624	2.3685	-1683.491447	
AL6G12950	AL1G34640	50.0000	310.9	1180.1	0.0110	0.8443	76.7254	-3839.926463	
AL6G13130	AL1G34740	4.0261	421.3	1171.7	0.2160	0.6848	3.1698	-4060.555409	
AL5G19080	AL1G37510	5.2119	176.9	573.1	0.7275	1.5962	2.1943	-2018.182987	
AL5G19100	AL1G37610	0.0334	201.2	533.8	0.2310	0.0058	0.0252	-1019.494435	
AL5G19120	AL1G37700	0.4442	97.1	400.9	0.5910	0.1305	0.2208	-931.814981	
AL7G19190	AL1G12960	1.4804	262.4	754.6	0.0709	0.1126	1.5889	-2051.702494	
AL7G19350	AL1G12820	1.9824	238.6	631.4	0.2095	0.3248	1.5500	-1999.294825	
AL7G19400	AL1G12810	50.0000	122.7	330.3	0.0045	0.2743	60.8042	-1028.597381	
AL7G19430	AL1G12780	2.3144	322.6	967.4	0.1083	0.2522	2.3289	-2867.180575	
AL8G14930	AL6G12840	3.8010	387.0	1449.0	0.1034	0.4480	4.3330	-4407.352164	
AL8G14940	AL6G12880	36.0407	194.5	510.5	0.0106	0.4506	42.3562	-1673.118947	
AL8G14970	AL6G12900	4.2831	111.4	374.6	0.1562	0.6377	4.0837	-1212.887947	
AL8G15200	AL6G13070	50.0000	96.8	467.2	0.0236	2.0568	87.1402	-1486.974948	
AL5G00840	AL1G27910	1.7419	412.7	1351.3	0.0694	0.1403	2.0225	-3626.019574	
AL5G00950	AL1G27870	15.6256	223.5	733.5	0.0153	0.3250	21.2352	-2223.285457	
AL5G01020	AL1G27860	23.1843	219.6	650.4	0.0172	0.5004	29.1323	-2141.429272	
AL5G01040	AL1G27850	2.2579	245.4	813.6	0.1786	0.3644	2.0399	-2511.145338	
AL2G17310	AL5G03370	1.7063	303.4	971.6	0.0949	0.1740	1.8331	-2690.768395	
AL2G17350	AL5G03350	3.0485	107.3	351.7	0.1178	0.3695	3.1368	-1086.098845	
AL2G17400	AL5G03340	5.5536	140.0	490.0	0.0887	0.5640	6.3575	-1552.607682	
AL2G17510	AL5G03280	8.7184	267.6	860.4	0.0632	0.6431	10.1819	-2797.700115	
AL8G15260	AL6G07050	2.1134	218.1	609.9	0.0786	0.1724	2.1919	-1755.794804	
AL8G15270	AL6G07100	2.1133	607.4	1876.6	0.1181	0.2493	2.1109	-5602.197415	
AL8G15470	AL6G07350	50.0000	239.7	681.3	0.0199	1.2059	60.6021	-2435.531574	
AL8G15570	AL6G07390	1.8689	316.3	1012.7	0.2384	0.3539	1.4845	-3070.544461	
AL8G24460	AL4G27110	50.0000	139.9	385.1	0.0117	0.7095	60.5758	-1352.374688	
AL8G24470	AL4G27050	18.6756	287.9	831.1	0.0299	0.6668	22.2709	-2870.862314	
AL8G24570	AL4G26880	18.9808	262.7	817.3	0.0278	0.6658	23.9410	-2758.221790	
AL8G24630	AL4G26810	21.1719	389.9	1242.1	0.0145	0.4090	28.2366	-3917.807142	
AL2G18070	AL3G00880	50.0000	130.1	508.9	0.0068	0.5406	79.7200	-1555.981704	
AL2G18190	AL3G00810	3.8705	203.7	648.3	0.0376	0.1813	4.8185	-1827.109998	
AL2G18280	AL3G00800	12.6004	236.1	897.9	0.0555	0.9244	16.6602	-2956.347897	
AL2G18320	AL3G00760	7.0002	68.7	246.3	0.0258	0.2526	9.7873	-685.211171	
AL7G14530	AL3G16390	1.6835	171.5	566.5	0.1008	0.1826	1.8119	-1597.061678	
AL7G14550	AL3G16420	2.3160	141.5	371.5	0.1187	0.2533	2.1343	-1135.978148	
AL7G14580	AL3G16450	2.4645	165.6	593.4	0.1241	0.3234	2.6064	-1782.744787	
AL4G11620	AL1G07610	0.7787	564.6	1676.4	0.1975	0.1283	0.6494	-4420.786165	
AL4G11670	AL1G07620	1.3633	173.7	510.3	0.4400	0.3434	0.7805	-1576.861493	
AL4G11720	AL1G07650	0.6692	235.0	779.0	0.1021	0.0734	0.7192	-1860.413844	
AL4G11830	AL1G07670	1.5516	149.6	570.4	0.2540	0.3212	1.2647	-1621.521154	
AL4G11890	AL6G22640	50.0000	590.9	1575.1	0.0105	0.6213	59.4372	-5428.035901	
AL4G11930	AL6G22670	2.9487	137.6	450.4	0.1025	0.3223	3.1447	-1350.512107	
AL4G11970	AL6G22680	2.2309	305.0	868.0	0.1282	0.2687	2.0955	-2686.154607	
AL4G12230	AL6G22960	50.0000	290.1	963.9	0.0183	1.2422	67.9185	-3329.439883	
AL2G27540	AL5G26160	50.0000	233.8	735.2	0.0121	0.8025	66.5492	-2492.254327	
AL2G27560	AL5G26180	50.0000	234.4	686.6	0.0110	0.6992	63.4288	-2349.821003	
AL2G27740	AL5G26200	50.0000	251.9	786.1	0.0107	0.7106	66.4711	-2652.999178	
AL2G27840	AL5G26350	4.7375	217.7	649.3	0.3073	1.0085	3.2814	-2273.546034	
AL7G20200	AL1G12300	2.1007	557.0	1549.0	0.0661	0.1478	2.2364	-4400.853428	
AL7G20250	AL1G12240	2.1068	271.8	844.2	0.0945	0.2106	2.2292	-2469.584420	
AL7G20570	AL1G12000	6.5107	133.3	376.7	0.0644	0.4523	7.0260	-1224.419890	
AL7G20600	AL1G11960	2.4961	404.0	1027.0	0.1136	0.2598	2.2865	-3227.154835	
AL6G20940	AL1G19910	50.0000	170.8	441.2	0.0125	0.7220	57.8627	-1552.586103	
AL6G21020	AL1G20030	50.0000	287.3	873.7	0.0208	1.3151	63.3563	-3099.421422	
AL6G21030	AL1G20150	2.6045	137.6	429.4	0.2934	0.5480	1.8675	-1413.904190	
AL6G21060	AL1G20170	1.5116	436.2	1312.8	0.0843	0.1358	1.6115	-3604.742817	
AL4G13360	AL6G01530	50.0000	407.0	1375.0	0.0047	0.3363	71.8348	-4187.379719	
AL4G13430	AL6G01470	2.6868	230.3	780.7	0.1071	0.3089	2.8848	-2346.817543	
AL4G13460	AL6G01440	38.6838	193.6	547.4	0.0037	0.1825	48.8358	-1594.034825	
AL4G13730	AL6G01190	50.0000	312.4	923.6	0.0181	1.1356	62.5908	-3293.328586	
AL5G18500	AL8G30240	50.0000	172.7	592.3	0.0108	0.7669	71.2028	-1956.870594	
AL5G18560	AL8G30320	50.0000	206.4	660.6	0.0134	0.8964	67.1400	-2242.670838	
AL5G18710	AL8G30400	50.0000	156.3	563.7	0.0115	0.8455	73.7155	-1864.334843	
AL5G18890	AL8G30580	12.6179	336.3	971.7	0.0410	0.6003	14.6244	-3315.016099	
AL4G24280	AL3G11690	50.0000	131.1	462.9	0.0055	0.4088	74.0641	-1438.493163	
AL4G24380	AL3G11620	2.4993	171.9	512.1	0.1545	0.3508	2.2702	-1611.543340	
AL4G24410	AL3G11600	3.2761	238.5	676.5	0.1020	0.3313	3.2491	-2140.690041	
AL4G24650	AL3G11460	3.6400	254.4	852.6	0.1538	0.5357	3.4838	-2753.960724	
AL5G13840	AL4G03160	1.1304	113.0	520.0	0.2997	0.2658	0.8871	-1352.105232	
AL5G14090	AL4G03210	50.0000	312.6	998.4	0.0155	1.0294	66.6169	-3477.336667	
AL5G14130	AL4G03230	45.9119	308.1	924.9	0.0173	1.0055	58.2215	-3242.458074	
AL4G23900	AL4G13730	50.0000	301.4	934.6	0.0130	0.8544	65.6900	-3250.634712	
AL4G24070	AL4G14020	6.9114	392.6	1224.4	0.1177	0.8170	6.9412	-4171.061839	
AL4G24080	AL4G14030	1.9015	218.8	612.2	0.1293	0.2286	1.7678	-1825.062460	
AL4G24250	AL4G14180	50.0000	412.4	1060.6	0.0118	0.6815	57.7767	-3778.707061	
AL8G34410	AL3G38840	3.1225	232.1	643.9	0.1084	0.3274	3.0196	-1998.189420	
AL8G34470	AL3G38700	2.1604	200.4	591.6	0.0317	0.0825	2.6022	-1548.416255	
AL8G34610	AL3G38540	1.8721	174.7	482.3	0.0869	0.1645	1.8933	-1394.882175	
AL8G34620	AL3G38520	1.8487	180.6	500.4	0.0923	0.1708	1.8507	-1432.015309	
AL6G05290	AL6G00980	50.0000	106.3	376.7	0.0131	0.9506	72.3337	-1257.956122	
AL6G05540	AL6G01130	2.6013	307.3	1030.7	0.1122	0.3079	2.7426	-3108.782781	
AL6G05600	AL6G01160	2.4732	175.0	452.0	0.0992	0.2332	2.3514	-1392.586619	
AL6G05610	AL6G01170	6.2202	168.0	534.0	0.0874	0.5924	6.7796	-1743.823784	
AL0G00650	AL3G07340	1.8074	286.6	910.4	0.0654	0.1362	2.0838	-2488.148433	
AL0G00710	AL3G07400	3.0671	240.9	743.1	0.0821	0.2735	3.3319	-2248.447728	
AL0G00740	AL3G07460	1.1192	150.8	467.2	0.0235	0.0335	1.4250	-1128.602505	
AL0G01110	AL3G07780	50.0000	180.3	500.7	0.0090	0.5515	61.4313	-1679.357402	
AL8G28470	AL8G16090	3.5267	254.5	891.5	0.2714	0.7366	2.7137	-2872.584737	
AL8G28480	AL8G16040	50.0000	91.9	277.1	0.0095	0.6203	65.0469	-926.547031	
AL8G28560	AL8G15820	2.7232	352.3	1213.7	0.1175	0.3375	2.8721	-3561.981742	
AL8G28570	AL8G15810	50.0000	240.6	680.4	0.0092	0.5740	62.1873	-2314.079532	
AL7G05490	AL1G22100	50.0000	221.4	525.6	0.0069	0.3828	55.3229	-1786.546328	
AL7G05550	AL1G22050	1.8833	246.9	758.1	0.1134	0.2149	1.8952	-2186.870767	
AL7G05590	AL1G22040	3.0169	575.1	1473.9	0.0847	0.2494	2.9435	-4613.264239	
AL7G05870	AL1G21770	1.3047	331.4	1138.6	0.0390	0.0664	1.7012	-2801.954840	
AL8G05690	AL4G18820	50.0000	135.1	419.9	0.0264	1.6677	63.2897	-1463.540958	
AL8G06000	AL4G18550	2.5663	205.3	634.7	0.1973	0.4290	2.1742	-2016.519876	
AL8G06100	AL4G18450	2.8023	896.9	2859.1	0.0659	0.2132	3.2324	-8159.549990	
AL8G06110	AL4G18430	3.4592	313.2	907.8	0.0626	0.2381	3.8056	-2748.769300	
AL7G38560	AL3G37460	40.6328	112.8	367.2	0.0123	0.6795	55.4246	-1192.782306	
AL7G38610	AL3G37470	50.0000	292.1	1126.9	0.0097	0.7598	78.0330	-3568.449396	
AL7G38700	AL3G37730	50.0000	157.4	532.6	0.0115	0.8076	70.3298	-1783.808142	
AL7G38950	AL3G37940	50.0000	245.5	813.5	0.0129	0.8892	68.9562	-2770.941863	
AL2G17530	AL5G01400	50.0000	301.1	949.9	0.0147	0.9709	66.1794	-3280.088871	
AL2G17740	AL5G01650	50.0000	158.5	552.5	0.0103	0.7437	72.1801	-1824.047168	
AL2G17850	AL5G01740	50.0000	126.9	419.1	0.0094	0.6552	69.5666	-1392.497480	
AL2G17990	AL5G01910	30.5744	227.6	735.4	0.0180	0.7345	40.7522	-2464.767639	
AL5G00590	AL6G20730	0.1103	107.5	348.5	0.6661	0.0329	0.0494	-690.414981	
AL5G00680	AL6G20640	50.0000	84.0	231.0	0.0151	0.9048	60.0243	-818.264053	
AL5G00880	AL6G20610	17.3317	86.3	240.7	0.1440	2.2480	15.6133	-885.792341	
AL3G38130	AL1G22110	2.8315	268.9	823.1	0.1760	0.4383	2.4910	-2613.765314	
AL3G38180	AL1G22020	50.0000	126.6	326.4	0.0079	0.4640	58.4457	-1121.601210	
AL3G38400	AL1G21720	50.0000	283.2	880.8	0.0060	0.4067	67.2417	-2754.864976	
AL3G38430	AL1G21680	2.3968	104.1	312.9	0.2308	0.4361	1.8896	-1004.539212	
AL8G12020	AL8G05470	33.3308	188.5	666.5	0.0116	0.5637	48.4004	-2133.545673	
AL8G12150	AL8G05680	5.5776	328.7	1174.3	0.0983	0.6186	6.2914	-3741.362214	
AL8G12170	AL8G05690	50.0000	129.7	425.3	0.0232	1.5368	66.3030	-1461.586333	
AL8G12290	AL8G05860	1.8141	175.7	613.3	0.6768	0.5466	0.8076	-1905.653508	
AL5G20930	AL7G05940	1.7383	157.1	433.9	0.0283	0.0573	2.0220	-1104.031608	
AL5G20950	AL7G05810	12.9026	358.6	1096.4	0.0639	0.9323	14.5992	-3774.914376	
AL5G21130	AL7G05620	10.1294	646.9	1828.1	0.0303	0.3604	11.9003	-5857.153260	
AL5G21140	AL7G05590	9.4900	572.2	1476.8	0.0248	0.2644	10.6449	-4687.784394	
AL6G32370	AL1G33370	1.2588	78.4	302.6	0.6876	0.3838	0.5581	-837.022893	
AL6G32510	AL1G33330	2.4665	197.0	733.0	0.4710	0.6641	1.4101	-2297.926855	
AL6G32730	AL1G33100	50.0000	192.6	437.4	0.0096	0.5127	53.3453	-1546.388272	
AL6G32790	AL1G33060	50.0000	377.4	1323.6	0.0072	0.5292	73.2664	-4228.390652	
AL4G01400	AL4G01030	1.1139	299.5	957.5	0.4186	0.2790	0.6664	-2760.037565	
AL4G01410	AL4G01020	0.7418	297.3	962.7	0.4452	0.1911	0.4292	-2537.552499	
AL4G01470	AL4G00830	0.2873	465.1	1499.9	0.3790	0.0690	0.1821	-3383.659494	
AL4G01560	AL4G00670	6.3447	206.3	663.7	0.5528	1.7745	3.2099	-2338.809672	
AL5G15840	AL7G16730	50.0000	256.2	760.8	0.0164	1.0336	63.0926	-2712.548322	
AL5G16090	AL7G16860	50.0000	159.5	431.5	0.0082	0.4927	60.4200	-1456.054310	
AL5G16160	AL7G16910	2.6248	418.4	1018.6	0.1101	0.2610	2.3694	-3222.229183	
AL5G16310	AL7G16970	50.0000	297.6	962.4	0.0156	1.0508	67.1618	-3339.737608	
AL2G27400	AL2G05460	50.0000	277.8	862.2	0.0115	0.7570	66.0516	-2948.196271	
AL2G27540	AL2G05410	50.0000	236.3	681.7	0.0132	0.8258	62.3564	-2372.337434	
AL2G27840	AL2G05210	50.0000	238.9	715.1	0.0162	1.0311	63.4795	-2516.382326	
AL4G22040	AL1G09130	50.0000	294.7	851.3	0.0162	1.0032	61.9082	-3014.785014	
AL4G22250	AL1G09090	40.0034	291.0	987.0	0.0155	0.8625	55.6438	-3313.471414	
AL4G22540	AL1G08830	13.0734	322.2	1021.8	0.0621	0.9430	15.1873	-3497.849647	
AL0G05880	AL8G21670	0.0126	469.8	1480.2	0.4921	0.0034	0.0068	-2702.418882	
AL0G05890	AL8G21680	0.0499	162.2	395.8	0.3899	0.0114	0.0293	-792.856124	
AL0G05900	AL8G21690	0.0013	417.0	1857.0	99.0000	0.0005	0.0000	-3043.485865	
AL0G04590	AL8G32450	0.8146	125.6	432.4	0.5637	0.2313	0.4102	-1169.183641	
AL0G04600	AL8G32460	0.0182	403.6	1105.4	1.0807	0.0062	0.0057	-2079.737102	
AL0G04610	AL8G32470	0.1204	271.8	1114.2	0.6267	0.0359	0.0573	-2125.896247	
AL0G04220	AL4G25530	0.5720	226.1	727.9	1.3085	0.2020	0.1543	-1883.960882	
AL0G04230	AL4G25540	0.0424	243.3	851.7	0.3082	0.0094	0.0306	-1544.398097	
AL0G04240	AL4G25550	0.0000	248.7	651.3	0.4507	0.0000	0.0000	-1197.673299	
AL0G07050	AL4G15540	0.0041	259.3	484.7	99.0000	0.0021	0.0000	-1003.851624	
AL0G07060	AL4G15550	0.1022	174.1	533.9	0.5626	0.0286	0.0508	-1081.455182	
AL0G07070	AL4G15560	0.0026	218.2	915.8	99.0000	0.0011	0.0000	-1532.313151	
AL2G10430	AL2G10090	0.8294	96.1	449.9	0.3270	0.2029	0.6207	-1116.085122	
AL2G10440	AL2G10100	0.0107	382.5	1054.5	1.4118	0.0038	0.0027	-1940.629170	
AL1G37780	AL1G23740	2.8252	237.4	704.6	0.0938	0.2742	2.9227	-2126.021149	
AL1G37800	AL1G23720	3.1211	138.7	365.3	0.3889	0.7263	1.8674	-1276.625168	
AL0G03410	AL8G14890	0.0060	351.8	665.2	0.5257	0.0015	0.0029	-1382.550373	
AL0G03420	AL8G14880	0.0412	195.9	329.1	0.8594	0.0130	0.0151	-735.927224	
AL0G03430	AL8G14870	0.1731	74.1	372.9	0.4189	0.0469	0.1120	-696.698478	
AL0G02580	AL8G06270	0.0632	287.5	693.5	0.3305	0.0132	0.0400	-1412.473658	
AL0G02590	AL8G06280	0.1850	202.3	739.7	1.3631	0.0654	0.0480	-1514.125936	
AL0G02600	AL8G06290	0.3101	135.4	572.6	0.3226	0.0738	0.2287	-1225.453629	
AL0G07130	AL3G14770	0.0000	120.5	443.5	0.0010	0.0000	0.0000	-766.107206	
AL0G07150	AL3G14790	0.0108	288.4	857.6	0.1083	0.0012	0.0108	-1560.007318	
AL4G10120	AL4G08460	0.1237	125.2	534.8	0.9757	0.0410	0.0420	-968.006475	
AL4G10130	AL4G08470	0.8305	74.2	327.8	0.7520	0.2609	0.3470	-829.919163	
AL4G10140	AL4G08480	0.0354	100.8	241.2	0.4195	0.0084	0.0200	-462.911953	
AL0G02690	AL4G13650	0.0699	408.3	1223.7	0.8913	0.0226	0.0254	-2418.022664	
AL0G02700	AL4G13660	0.0448	317.7	1155.3	0.0448	0.0027	0.0596	-2065.490553	
AL0G02710	AL4G13670	0.2305	199.7	547.3	0.3724	0.0530	0.1422	-1241.179840	
AL0G05150	AL8G25010	0.0098	381.5	1169.5	0.4850	0.0026	0.0053	-2123.018335	
AL0G05160	AL8G25020	1.0877	243.0	861.0	0.7716	0.3404	0.4412	-2465.970051	
AL0G05170	AL8G25030	0.2866	140.0	616.0	0.6043	0.0852	0.1410	-1300.564689	
AL5G15530	AL4G25680	0.0918	160.4	505.6	0.1049	0.0100	0.0955	-997.192091	
AL5G15540	AL4G25690	0.1549	509.1	1524.9	0.2842	0.0317	0.1114	-3153.328421	
AL5G15550	AL4G25700	0.0953	208.6	475.4	0.1441	0.0113	0.0784	-1015.979147	
AL0G02960	AL8G22540	0.0000	84.4	413.6	0.0010	0.0000	0.0000	-662.163826	
AL0G02970	AL8G22550	0.0049	490.4	1357.6	99.0000	0.0022	0.0000	-2483.331212	
AL0G02990	AL8G22570	0.4028	106.0	458.0	0.5215	0.1145	0.2196	-1008.254193	
AL0G07950	AL4G33880	0.1916	256.5	1054.5	0.4769	0.0526	0.1102	-2125.674343	
AL0G07960	AL4G33870	0.0125	349.6	871.4	0.2628	0.0023	0.0088	-1672.833461	
AL0G07980	AL4G33850	0.2732	87.6	272.4	0.6009	0.0784	0.1305	-627.113082	
AL8G17470	AL4G10890	0.2090	153.3	419.7	0.3011	0.0430	0.1428	-913.789562	
AL8G17480	AL4G10950	0.3836	363.3	1037.7	0.6467	0.1120	0.1732	-2541.117996	
AL2G11020	AL7G32250	4.8609	167.5	801.5	0.2928	1.1429	3.9038	-2525.096398	
AL2G11040	AL7G32270	0.0212	286.7	874.3	0.9429	0.0070	0.0074	-1587.728893	
AL2G11050	AL7G32280	0.0065	112.0	353.0	99.0000	0.0029	0.0000	-615.922716	
AL2G27050	AL1G37810	1.7001	301.0	890.0	0.1133	0.1904	1.6794	-2571.792764	
AL2G27060	AL1G37800	3.8687	139.2	388.8	0.2179	0.6626	3.0404	-1328.039110	
AL2G27080	AL1G37780	2.6347	248.1	801.9	0.1018	0.2847	2.7963	-2401.472984	
AL2G11020	AL1G38270	5.0193	168.7	800.3	0.2853	1.1652	4.0834	-2529.451169	
AL2G11040	AL1G38250	0.0212	286.7	874.3	0.9430	0.0070	0.0074	-1587.728893	
AL2G11050	AL1G38240	0.0000	96.3	368.7	0.4533	0.0000	0.0000	-609.472445	
AL2G09340	AL1G42590	0.0123	389.8	1092.2	0.0010	0.0000	0.0155	-2003.655218	
AL2G09380	AL1G42560	0.0198	196.4	574.6	0.2317	0.0036	0.0155	-1055.375398	
AL7G32250	AL1G38270	0.0156	243.6	725.4	2.3687	0.0061	0.0026	-1325.884641	
AL7G32270	AL1G38250	0.0000	281.0	880.0	0.0010	0.0000	0.0000	-1529.980405	
AL7G32280	AL1G38240	0.0065	112.0	353.0	99.0000	0.0029	0.0000	-615.922716	
AL7G01640	AL1G42590	0.0127	161.7	564.3	0.0010	0.0000	0.0190	-976.003862	
AL7G01680	AL1G42560	0.0215	183.4	530.6	0.5328	0.0058	0.0110	-974.314538	
AL1G42560	AL1G37610	0.0293	180.1	554.9	0.2427	0.0055	0.0228	-1017.453320	
AL1G42590	AL1G37650	0.2154	337.8	1138.2	0.8370	0.0688	0.0821	-2438.917109	
AL6G30450	AL1G42590	0.0207	363.8	1118.2	0.0809	0.0018	0.0225	-2029.838975	
AL6G30480	AL1G42560	0.0198	196.4	574.6	0.2318	0.0036	0.0154	-1054.067946	
AL0G01150	AL8G11910	0.0041	212.8	537.2	99.0000	0.0019	0.0000	-1001.358339	
AL0G01170	AL8G11890	0.6163	328.2	1138.8	0.6549	0.1838	0.2806	-2902.270572	
AL0G01740	AL2G11050	0.0000	95.8	369.2	0.3646	0.0000	0.0000	-609.472442	
AL0G01750	AL2G11040	0.0193	267.6	833.4	99.0000	0.0085	0.0001	-1500.686396	
AL0G01770	AL2G11020	5.0994	146.3	690.7	0.2485	1.1121	4.4753	-2176.867494	
AL0G01740	AL7G32280	0.0065	112.0	353.0	99.0000	0.0029	0.0000	-615.922716	
AL0G01750	AL7G32270	0.0223	250.1	850.9	0.8195	0.0071	0.0086	-1509.068888	
AL0G01770	AL7G32250	0.0181	204.5	632.5	2.2138	0.0070	0.0031	-1143.829671	
AL0G01740	AL1G38240	0.0000	89.9	375.1	0.0935	0.0000	0.0000	-609.472425	
AL0G01750	AL1G38250	0.0223	250.1	850.9	0.8197	0.0071	0.0086	-1509.068888	
AL0G01770	AL1G38270	0.0000	178.4	658.6	0.3734	0.0000	0.0000	-1108.853434	
AL0G01170	AL1G42590	0.6074	328.7	1138.3	0.6680	0.1822	0.2727	-2895.876764	
AL0G01210	AL1G42560	0.0171	176.2	537.8	0.3347	0.0038	0.0114	-969.652682	
AL4G08300	AL3G30110	0.0278	87.6	236.4	99.0000	0.0126	0.0001	-448.976367	
AL4G08320	AL3G30090	0.0473	145.8	448.2	0.2921	0.0099	0.0339	-852.016980	
AL4G08330	AL3G30080	0.0362	127.3	304.7	0.2704	0.0067	0.0249	-600.464907	
AL4G10600	AL1G42590	0.0226	377.1	1104.9	0.1968	0.0037	0.0188	-2038.775563	
AL4G10640	AL1G42560	0.0159	166.8	604.2	0.8226	0.0051	0.0061	-1049.581780	
AL5G06170	AL6G14060	2.6873	265.3	841.7	0.1283	0.3409	2.6565	-2546.640406	
AL5G06180	AL6G14070	50.0000	168.0	453.0	0.0057	0.3452	60.6776	-1430.610894	
AL5G06200	AL6G14090	2.2176	196.5	526.5	0.0886	0.1947	2.1981	-1552.759607	
AL8G04250	AL8G04040	0.0112	111.8	416.2	99.0000	0.0047	0.0000	-729.454002	
AL8G04260	AL8G04030	0.0149	377.8	1260.2	0.8698	0.0048	0.0055	-2242.280901	
AL8G04270	AL8G04010	0.1004	84.7	356.3	0.2702	0.0220	0.0816	-662.236086	
AL8G04070	AL7G04620	1.2480	308.2	864.8	0.4486	0.3145	0.7010	-2596.018796	
AL8G04080	AL7G04610	2.3729	345.0	1026.0	0.2171	0.4147	1.9100	-3211.694937	
AL8G04090	AL7G04590	9.9578	286.2	844.8	0.0859	0.8988	10.4625	-2966.863630	
AL8G03170	AL4G23950	2.2391	205.9	658.1	0.1809	0.3590	1.9845	-2043.021469	
AL8G03180	AL4G23980	3.3461	134.4	414.6	0.7713	1.0398	1.3482	-1434.551652	
AL8G03190	AL4G23990	0.5082	140.7	459.3	0.1505	0.0729	0.4845	-1074.569740	
AL0G08340	AL4G29650	0.0101	132.2	479.8	0.2604	0.0021	0.0080	-836.822658	
AL0G08350	AL4G29670	0.0645	268.2	982.8	0.4845	0.0175	0.0361	-1825.453919	
AL0G08360	AL4G29680	0.0000	134.8	441.2	0.4240	0.0000	0.0000	-773.205514	
AL2G09850	AL1G32120	0.1254	193.4	775.6	0.6948	0.0384	0.0553	-1486.091313	
AL2G09870	AL1G32140	0.1362	149.3	561.7	0.5134	0.0379	0.0738	-1098.472103	
AL2G09890	AL1G32160	0.0321	113.6	360.4	99.0000	0.0140	0.0001	-643.705594	
AL0G04830	AL3G22430	0.1586	513.5	1595.5	0.5169	0.0431	0.0833	-3347.710643	
AL0G04840	AL3G22420	0.4138	99.8	320.2	1.3567	0.1471	0.1084	-780.642148	
AL0G04860	AL3G22410	0.0430	169.0	539.0	1.1021	0.0147	0.0133	-1015.646886	
AL0G03680	AL8G26260	0.0000	205.5	916.5	0.0010	0.0000	0.0000	-1495.622093	
AL0G03690	AL8G26270	0.2133	226.0	731.0	1.0851	0.0724	0.0668	-1598.360477	
AL0G03730	AL8G26310	0.0032	188.2	735.8	99.0000	0.0013	0.0000	-1243.971785	
AL0G06270	AL3G16340	0.3981	288.9	785.1	0.5872	0.1116	0.1901	-1954.193243	
AL0G06290	AL3G16320	0.0066	275.7	1128.3	0.4513	0.0018	0.0039	-1870.978401	
AL0G06310	AL3G16310	0.1446	156.1	464.9	0.3285	0.0318	0.0969	-984.437356	
AL2G10990	AL1G32160	0.0453	106.1	367.9	1.6651	0.0166	0.0100	-655.476187	
AL2G11000	AL1G32140	0.1409	152.2	558.8	0.5587	0.0402	0.0719	-1101.820242	
AL2G11020	AL1G32120	0.1860	178.0	791.0	0.6820	0.0571	0.0837	-1556.303749	
AL6G19620	AL6G12060	0.7400	190.7	583.3	0.0126	0.0121	0.9639	-1307.530290	
AL6G19640	AL6G12040	1.0543	355.1	844.9	0.2067	0.1646	0.7960	-2499.321307	
AL6G19650	AL6G12020	1.3639	560.0	1720.0	0.1268	0.1689	1.3323	-4724.686184	
AL5G02600	AL1G42560	0.3110	162.9	608.1	0.5045	0.0858	0.1701	-1329.279380	
AL5G02640	AL1G42590	0.0551	185.1	717.9	0.3717	0.0136	0.0367	-1286.329602	
AL8G24800	AL3G28290	0.5320	210.3	557.7	0.3221	0.1125	0.3493	-1444.450176	
AL8G24880	AL3G28240	0.0816	298.5	961.5	0.4847	0.0217	0.0448	-1865.489431	
AL8G24890	AL3G28230	0.0200	554.7	2487.3	1.4080	0.0070	0.0050	-4110.616761	
AL8G12910	AL7G27350	2.8853	215.8	663.2	0.1463	0.3954	2.7020	-2107.162411	
AL8G12930	AL7G27340	5.2868	170.6	522.4	0.0999	0.5478	5.4804	-1700.436744	
AL8G12950	AL7G27330	35.3600	524.1	1407.9	0.0065	0.2762	42.7075	-4439.023369	
AL0G04410	AL4G17150	0.0069	147.3	302.7	0.0010	0.0000	0.0071	-602.526941	
AL0G04440	AL4G17110	0.0000	177.0	684.0	0.0010	0.0000	0.0000	-1155.282937	
AL0G04450	AL4G17100	0.0042	256.6	445.4	0.0010	0.0000	0.0039	-946.661505	
AL2G16180	AL7G25150	6.0688	579.8	1901.2	0.0222	0.1794	8.0678	-5314.954744	
AL2G16230	AL7G25180	6.2101	100.7	379.3	0.0395	0.3392	8.5896	-1123.710205	
AL2G16250	AL7G25210	23.7228	198.2	521.8	0.0144	0.3987	27.6718	-1684.232505	
AL2G11810	AL5G30400	1.7780	126.2	341.8	0.0965	0.1682	1.7426	-983.338972	
AL2G11840	AL5G30430	50.0000	163.6	472.4	0.0047	0.3011	63.9142	-1453.590090	
AL2G11860	AL5G30440	9.8078	283.6	844.4	0.0365	0.4281	11.7294	-2736.243500	
AL2G06590	AL5G08010	5.5160	111.5	419.5	0.1573	0.8653	5.5016	-1389.654571	
AL2G06640	AL5G07960	50.0000	258.1	875.9	0.0085	0.6083	71.1549	-2801.251088	
AL2G06650	AL5G07950	8.8598	195.1	617.9	0.0279	0.3158	11.3040	-1900.831836	
AL6G28150	AL1G28310	0.1602	225.4	554.6	0.1602	0.0212	0.1326	-1222.581150	
AL6G28160	AL1G28280	0.1271	521.7	1605.3	0.3235	0.0280	0.0866	-3288.838959	
AL6G28170	AL1G28270	0.4534	123.2	353.8	0.6859	0.1351	0.1970	-893.549441	
AL4G20220	AL1G32220	1.3151	213.4	575.6	0.1501	0.1732	1.1539	-1676.144098	
AL4G20230	AL1G32230	1.3694	341.2	1104.8	0.2882	0.2884	1.0006	-3232.183815	
AL4G20260	AL1G32270	0.8467	417.2	1388.8	0.1581	0.1266	0.8004	-3568.821415	
AL4G31450	AL4G16670	3.7858	307.5	865.5	0.1547	0.5187	3.3536	-2886.758675	
AL4G31470	AL4G16720	1.3834	336.1	1088.9	0.0842	0.1293	1.5359	-2899.162499	
AL4G31530	AL4G16740	2.4967	862.7	2443.3	0.0981	0.2448	2.4961	-7364.497286	
AL4G27190	AL4G24650	3.4076	252.2	854.8	0.1698	0.5374	3.1643	-2729.417530	
AL4G27210	AL4G24680	50.0000	111.8	410.2	0.0117	0.8713	74.6438	-1340.468878	
AL4G27240	AL4G24690	4.5916	150.3	401.7	0.0714	0.3371	4.7194	-1267.335741	
AL5G18800	AL8G12450	0.4425	436.8	1720.2	0.5635	0.1275	0.2263	-4023.337560	
AL5G18810	AL8G12440	0.0038	138.2	635.8	99.0000	0.0016	0.0000	-1046.476842	
AL5G18840	AL8G12430	0.0000	233.8	744.2	0.4324	0.0000	0.0000	-1303.586967	
AL0G07950	AL6G41190	4.6170	313.5	994.5	0.1707	0.7111	4.1660	-3297.610001	
AL0G07960	AL6G41170	5.1770	290.9	951.1	0.0431	0.2782	6.4590	-2812.866072	
AL0G07980	AL6G41140	4.1656	86.5	273.5	0.2605	0.8256	3.1690	-922.277067	
AL2G19000	AL1G10640	0.9151	125.1	417.9	0.0134	0.0170	1.2668	-941.559489	
AL2G19010	AL1G10650	50.0000	238.4	730.6	0.0087	0.5737	65.9824	-2419.020705	
AL2G19030	AL1G10690	50.0000	201.0	639.0	0.0076	0.5191	68.0175	-2065.367956	
AL7G21560	AL6G37350	1.0011	148.9	577.1	0.1476	0.1527	1.0351	-1472.249762	
AL7G21570	AL6G37360	1.1217	317.7	1071.3	0.2172	0.2049	0.9437	-2919.733173	
AL7G21620	AL6G37400	0.8449	141.8	449.2	0.1790	0.1341	0.7492	-1181.695545	
AL4G27150	AL3G11480	2.8269	171.4	557.6	0.0620	0.2067	3.3346	-1594.985107	
AL4G27190	AL3G11460	1.8175	270.4	854.6	0.1251	0.2260	1.8063	-2495.212471	
AL4G27210	AL3G11450	50.0000	110.0	412.0	0.0099	0.7524	76.2474	-1326.228679	
AL4G34980	AL6G40110	3.6951	189.4	599.6	0.1910	0.6106	3.1976	-1975.781720	
AL4G35020	AL6G40090	1.2909	156.0	486.0	0.0688	0.1003	1.4583	-1258.871120	
AL4G35030	AL6G40080	2.7089	123.1	440.9	0.1538	0.4102	2.6675	-1359.949838	
AL5G02090	AL7G30880	0.3341	162.9	497.1	0.3333	0.0746	0.2237	-1151.971032	
AL5G02120	AL7G30900	0.3933	187.1	604.9	0.3238	0.0878	0.2712	-1440.622935	
AL5G02140	AL7G30910	1.6173	140.1	393.9	0.7037	0.4855	0.6899	-1270.324569	
AL8G12150	AL3G23570	9.3749	313.2	1072.8	0.0638	0.7238	11.3502	-3483.542021	
AL8G12170	AL3G23540	6.3339	238.2	700.8	0.1945	1.0297	5.2939	-2459.266960	
AL8G12230	AL3G23490	2.0628	189.8	566.2	0.0687	0.1562	2.2732	-1573.259539	
AL2G16900	AL1G27480	1.2992	291.0	837.0	0.2085	0.2188	1.0494	-2427.809909	
AL2G16920	AL1G27500	0.7401	888.0	2577.0	0.1445	0.0980	0.6782	-6618.505096	
AL2G16970	AL1G27540	0.7737	708.8	1979.2	0.0786	0.0630	0.8021	-5003.206658	
AL4G27890	AL3G11190	2.9544	391.5	1264.5	0.1454	0.4121	2.8348	-3933.971242	
AL4G27910	AL3G11140	3.0172	168.1	506.9	0.1636	0.4423	2.7045	-1637.164888	
AL4G03160	AL3G40010	1.3770	115.0	515.0	0.3338	0.3364	1.0079	-1392.258646	
AL4G03210	AL3G40030	50.0000	152.8	465.2	0.0264	1.6499	62.3957	-1671.182834	
AL4G11010	AL1G08050	0.7555	349.3	1135.7	0.2322	0.1416	0.6100	-2950.092118	
AL4G11030	AL1G08060	0.4266	234.0	672.0	0.0202	0.0105	0.5203	-1475.776299	
AL4G11060	AL1G08070	1.2518	367.4	1015.6	0.2164	0.2127	0.9828	-2958.040867	
AL5G16460	AL8G27910	50.0000	167.2	510.8	0.0263	1.6437	62.5792	-1809.795002	
AL5G16500	AL8G27920	0.9412	734.5	2016.5	0.1642	0.1330	0.8099	-5550.086465	
AL5G16510	AL8G27930	1.1978	581.4	1713.6	0.2832	0.2433	0.8590	-5013.767158	
AL0G05370	AL8G22880	0.6215	301.6	1027.4	0.4562	0.1630	0.3574	-2641.428653	
AL0G05390	AL8G22940	0.1450	222.1	713.9	0.3528	0.0337	0.0955	-1467.541112	
AL0G05400	AL8G22950	0.0423	549.2	1421.8	0.2464	0.0076	0.0309	-2795.072716	
AL6G33970	AL1G00810	8.3956	318.8	983.2	0.0257	0.2720	10.5919	-2931.361413	
AL6G34050	AL1G00730	1.9649	218.0	757.0	0.0561	0.1375	2.4521	-1998.505019	
AL6G34070	AL1G00710	50.0000	289.8	889.2	0.0223	1.4174	63.4532	-3139.470906	
AL4G10490	AL1G46650	24.1289	103.8	328.2	0.0342	1.0326	30.2161	-1136.406920	
AL4G10530	AL1G46570	0.0319	145.4	535.6	0.3432	0.0076	0.0220	-948.321366	
AL4G10540	AL1G46560	0.0887	99.6	428.4	0.3642	0.0222	0.0611	-784.225712	
AL4G10430	AL6G21300	2.4725	557.5	1827.5	0.0780	0.2191	2.8077	-5226.381545	
AL4G10480	AL6G21370	4.1963	259.4	1042.6	0.0784	0.4186	5.3387	-3078.722119	
AL4G10500	AL6G21380	2.1168	162.4	506.6	0.2328	0.3920	1.6839	-1587.181614	
AL5G26130	AL8G24670	2.0374	127.9	364.1	0.0717	0.1555	2.1698	-1028.021718	
AL5G26150	AL8G24630	3.1930	365.7	1257.3	0.1096	0.3761	3.4305	-3833.875486	
AL5G26200	AL8G24570	50.0000	263.0	817.0	0.0098	0.6516	66.4085	-2756.820341	
AL8G12890	AL3G18100	4.6271	333.9	941.1	0.0604	0.3039	5.0323	-2955.192394	
AL8G12930	AL3G18110	36.8595	175.4	514.6	0.0110	0.5135	46.8140	-1680.802206	
AL8G12950	AL3G18120	50.0000	500.2	1407.8	0.0044	0.2754	62.7950	-4400.888643	
AL3G41320	AL1G03250	3.2438	293.9	978.1	0.0370	0.1541	4.1674	-2665.253562	
AL3G41390	AL1G03190	3.5865	189.8	512.2	0.1091	0.3727	3.4154	-1665.607812	
AL3G41400	AL1G03180	1.8894	214.5	607.5	0.0458	0.0978	2.1363	-1638.451182	
AL7G05940	AL7G04800	1.4954	156.9	434.1	0.0347	0.0595	1.7129	-1098.522465	
AL7G05960	AL7G04790	1.9202	123.5	356.5	0.1290	0.2339	1.8127	-1067.268137	
AL7G06020	AL7G04730	3.2114	507.7	1394.3	0.0766	0.2538	3.3131	-4274.576048	
AL7G25120	AL6G16630	50.0000	158.0	625.0	0.0085	0.6760	79.9450	-1982.562770	
AL7G25180	AL6G16690	3.0479	114.1	365.9	0.0593	0.2131	3.5918	-1056.315162	
AL7G25210	AL6G16710	50.0000	199.8	523.2	0.0048	0.2829	59.5639	-1629.292891	
AL0G03330	AL2G27290	0.0951	238.8	847.2	0.5376	0.0267	0.0496	-1635.426689	
AL0G03340	AL2G27300	0.2326	189.4	587.6	0.8161	0.0735	0.0901	-1294.846152	
AL0G03350	AL2G27380	0.0000	275.7	825.3	0.0010	0.0000	0.0000	-1477.789242	
AL5G19040	AL5G02530	10.7978	316.3	1090.7	0.0546	0.7356	13.4724	-3575.201589	
AL5G19100	AL5G02600	0.2824	158.4	612.6	0.5027	0.0782	0.1556	-1307.209688	
AL2G20740	AL1G37430	3.2576	221.6	660.4	0.1044	0.3441	3.2966	-2063.730380	
AL2G20760	AL1G37370	7.3796	230.8	663.2	0.0097	0.0895	9.2693	-1796.375122	
AL2G20770	AL1G37360	3.9712	164.5	468.5	0.1159	0.4439	3.8296	-1530.857148	
AL2G11530	AL1G42590	0.0164	385.4	1096.6	0.2132	0.0028	0.0131	-2020.409205	
AL2G11610	AL1G42560	0.0319	209.5	561.5	0.3850	0.0074	0.0192	-1069.420501	
AL2G18280	AL5G14090	8.9595	287.9	996.1	0.1098	1.0596	9.6521	-3374.745452	
AL7G06720	AL3G20980	2.1991	218.8	717.2	0.6764	0.6593	0.9747	-2317.168796	
AL7G06770	AL3G21010	1.5702	298.2	769.8	0.0934	0.1411	1.5102	-2186.168262	
AL7G06800	AL3G21030	2.5796	323.0	862.0	0.0512	0.1420	2.7752	-2448.432155	
AL1G47760	AL1G16320	2.9391	252.7	737.3	0.0478	0.1611	3.3684	-2075.041159	
AL1G47780	AL1G16340	2.1552	163.6	424.4	0.1772	0.3135	1.7689	-1345.907246	
AL1G47850	AL1G16420	2.3246	98.6	369.4	0.1595	0.3673	2.3026	-1087.438059	
AL1G03950	AL1G03430	50.0000	115.0	365.0	0.0084	0.5688	67.7524	-1200.832633	
AL1G04010	AL1G03500	4.6074	892.9	2872.1	0.0344	0.2005	5.8308	-8143.456151	
AL1G04020	AL1G03520	2.6787	317.7	912.3	0.0877	0.2422	2.7611	-2756.681585	
AL6G12080	AL6G05290	2.8278	113.4	411.6	0.6531	0.8455	1.2947	-1335.903267	
AL6G12160	AL6G05220	50.0000	304.5	1012.5	0.0097	0.6790	69.8337	-3359.101649	
AL6G12180	AL6G05200	7.8201	227.8	699.2	0.0955	0.7834	8.2041	-2406.086862	
AL4G35540	AL1G01730	50.0000	181.9	499.1	0.0084	0.5133	60.9886	-1653.686524	
AL4G35560	AL1G01750	3.3178	205.3	544.7	0.1983	0.5250	2.6475	-1845.194428	
AL4G35640	AL1G01820	1.8376	373.0	1118.0	0.1860	0.2924	1.5719	-3433.730633	
AL4G18430	AL1G03520	17.8500	331.3	889.7	0.0114	0.2420	21.2810	-2748.705159	
AL4G18450	AL1G03500	3.6968	906.6	2849.4	0.0487	0.2156	4.4279	-8168.238425	
AL4G18530	AL1G03430	3.7025	110.2	366.8	0.1512	0.5374	3.5540	-1176.259619	
AL5G18990	AL4G33290	3.4446	225.1	770.9	0.2705	0.7134	2.6373	-2545.302090	
AL5G19040	AL4G33210	3.8600	260.0	853.0	0.2232	0.7098	3.1796	-2826.393155	
AL5G19080	AL4G33200	50.0000	194.2	561.8	0.0266	1.6026	60.2384	-2040.043013	
AL8G05730	AL3G41490	50.0000	109.3	247.7	0.0087	0.4663	53.3755	-864.768688	
AL8G05780	AL3G41400	1.8189	206.1	615.9	0.0672	0.1354	2.0139	-1700.636037	
AL8G05790	AL3G41390	2.2235	187.6	514.4	0.2023	0.3610	1.7839	-1653.318024	
AL1G25170	AL1G10850	1.7840	325.4	1081.6	0.0822	0.1660	2.0194	-3008.285833	
AL1G25180	AL1G10900	6.3503	269.7	795.3	0.0203	0.1601	7.8852	-2252.846577	
AL4G21090	AL7G26250	0.7127	256.1	814.9	0.1078	0.0798	0.7397	-2013.363439	
AL4G21100	AL7G26260	2.3898	134.5	351.5	0.2569	0.4425	1.7221	-1162.828275	
AL4G21110	AL7G26330	0.7103	129.5	482.5	0.0279	0.0283	1.0136	-1098.813329	
AL4G18430	AL7G13040	5.3300	315.3	905.7	0.0384	0.2382	6.1966	-2741.718081	
AL4G18450	AL7G13060	2.6498	867.5	2828.5	0.0678	0.2089	3.0819	-8020.733799	
AL4G18530	AL7G13160	3.1117	98.1	366.9	0.1015	0.3617	3.5635	-1092.879202	
AL4G30480	AL1G05340	1.9979	306.2	758.8	0.1416	0.2428	1.7146	-2337.266811	
AL4G30550	AL1G05330	2.6287	144.5	464.5	0.0373	0.1230	3.2987	-1231.547883	
AL4G30560	AL1G05320	50.0000	148.8	466.2	0.0054	0.3653	67.7584	-1470.639017	
AL4G12500	AL1G27890	2.1912	187.5	610.5	0.5306	0.6047	1.1397	-1949.495885	
AL4G12630	AL1G27830	39.3710	346.6	1159.4	0.0111	0.6077	54.9941	-3759.671215	
AL4G12690	AL1G27770	0.4884	221.9	630.1	0.4455	0.1229	0.2760	-1589.633181	
AL4G01690	AL6G09860	2.6055	118.7	310.3	0.1022	0.2532	2.4770	-968.772701	
AL4G01700	AL6G09870	1.8064	364.1	1165.9	0.0216	0.0512	2.3663	-2856.141730	
AL4G01750	AL6G09960	1.8409	130.5	463.5	0.0209	0.0544	2.6004	-1116.064388	
AL5G32290	AL7G18560	2.8057	156.2	479.8	0.0972	0.2851	2.9328	-1424.953853	
AL5G32370	AL7G18460	6.9930	208.8	622.2	0.0212	0.1853	8.7244	-1781.082113	
AL5G32390	AL7G18440	50.0000	140.0	385.0	0.0155	0.9308	59.9356	-1367.690668	
AL8G19510	AL3G19100	9.2554	452.7	1296.3	0.0816	0.7887	9.6612	-4555.999931	
AL8G19570	AL3G19050	50.0000	150.7	548.3	0.0060	0.4532	75.6475	-1709.286438	
AL8G19610	AL3G19030	7.8720	202.6	658.4	0.2483	1.5323	6.1711	-2311.531727	
AL2G11480	AL5G02690	0.0040	258.8	503.2	0.0010	0.0000	0.0039	-1029.958183	
AL2G11610	AL5G02600	0.2964	161.4	609.6	0.5041	0.0819	0.1625	-1317.893575	
AL1G39460	AL1G23090	2.8053	121.4	412.6	0.2722	0.5815	2.1364	-1338.070365	
AL1G39530	AL1G23160	2.8218	297.2	731.8	0.1372	0.3340	2.4345	-2367.913761	
AL1G39570	AL1G23180	4.8406	136.2	391.8	0.1493	0.6535	4.3759	-1294.819566	
AL6G06320	AL3G12480	0.7241	150.6	437.4	0.0238	0.0210	0.8815	-1033.777650	
AL6G06330	AL3G12470	1.3388	408.1	1463.9	0.3546	0.3195	0.9010	-4215.449200	
AL6G06400	AL3G12450	21.0647	339.4	734.6	0.7405	6.3214	8.5371	-2881.929734	
AL4G21000	AL1G36510	1.0677	137.3	453.7	0.1290	0.1386	1.0742	-1202.989245	
AL4G21010	AL1G36540	0.8124	301.2	994.8	0.1798	0.1314	0.7311	-2593.350219	
AL4G21030	AL1G36600	0.4048	111.4	341.6	0.0010	0.0005	0.5471	-719.988254	
AL4G24680	AL6G05000	23.5539	115.2	406.8	0.0226	0.7453	32.9540	-1323.794979	
AL4G24690	AL6G04980	5.8697	157.3	394.7	0.0521	0.3163	6.0722	-1266.398456	
AL4G24710	AL6G04920	5.2721	231.5	686.5	0.0997	0.5362	5.3785	-2301.082213	
AL8G24520	AL4G14610	1.0864	139.4	481.6	0.1565	0.1638	1.0471	-1241.515941	
AL8G24570	AL4G14560	19.3267	270.2	797.8	0.0146	0.3572	24.4091	-2547.733823	
AL8G24670	AL4G14490	2.1981	120.0	372.0	0.0223	0.0626	2.8101	-929.815191	
AL2G11480	AL4G10550	0.0203	229.9	526.1	0.6341	0.0057	0.0091	-1050.143090	
AL2G11610	AL4G10640	0.0238	202.3	568.7	0.3662	0.0055	0.0149	-1058.317210	
AL7G11930	AL3G36700	1.0934	394.0	1067.0	0.2462	0.1996	0.8109	-3087.710872	
AL7G11950	AL3G36680	0.5815	367.7	1081.3	0.1887	0.0927	0.4912	-2712.215497	
AL7G12070	AL3G36620	1.2521	222.5	563.5	0.2873	0.2452	0.8535	-1727.474674	
AL7G35160	AL6G35390	0.0758	123.5	332.5	1.7191	0.0285	0.0166	-665.084454	
AL7G35290	AL6G35350	0.5604	137.8	528.2	0.5715	0.1617	0.2830	-1284.831851	
AL6G19560	AL3G20750	50.0000	469.5	1663.5	0.0134	0.9712	72.2847	-5581.092411	
AL6G19610	AL3G20660	6.9431	224.6	765.4	0.0414	0.3702	8.9386	-2319.617659	
AL6G19620	AL3G20650	9.1691	193.0	578.0	0.0428	0.4632	10.8247	-1876.831600	
AL0G00230	AL3G27740	0.5852	181.8	532.2	0.1474	0.0789	0.5352	-1309.565809	
AL0G00250	AL3G27810	0.8103	316.2	829.8	0.1148	0.0864	0.7523	-2180.557177	
AL0G00270	AL3G27830	0.7496	287.4	1005.6	0.1132	0.0911	0.8052	-2509.229266	
AL0G01120	AL1G37190	0.0181	197.9	483.1	1.2331	0.0064	0.0052	-928.962106	
AL0G01210	AL1G37170	0.0832	122.3	483.7	0.3470	0.0201	0.0579	-893.127675	
AL5G34450	AL8G06130	50.0000	316.9	793.1	0.0036	0.2101	57.8446	-2444.165972	
AL5G34500	AL8G06160	2.8263	118.8	361.2	0.1482	0.3890	2.6243	-1124.330418	
AL5G34520	AL8G06230	50.0000	317.8	978.2	0.0125	0.8203	65.4336	-3374.197891	
AL5G31440	AL6G41490	50.0000	263.3	753.7	0.0071	0.4479	63.1034	-2481.463844	
AL5G31470	AL6G41560	2.0431	101.5	270.5	0.0386	0.0873	2.2637	-728.901339	
AL5G31480	AL6G41580	1.2366	110.4	342.6	0.0072	0.0119	1.6539	-780.523071	
AL5G12790	AL4G11790	50.0000	294.2	962.8	0.0153	1.0355	67.8140	-3321.875196	
AL5G12900	AL4G11890	36.3877	593.2	1581.8	0.0142	0.6091	42.8467	-5451.115801	
AL5G12950	AL4G11930	2.3282	152.5	444.5	0.1990	0.3827	1.9231	-1387.080409	
AL8G10090	AL7G28400	3.4038	338.3	900.7	0.2083	0.5567	2.6734	-3083.399896	
AL8G10170	AL7G28410	3.5000	332.2	921.8	0.2109	0.5859	2.7779	-3084.653876	
AL8G10190	AL7G28460	0.4846	543.3	1715.7	0.2560	0.0951	0.3714	-4183.454040	
AL8G06000	AL1G03890	3.0904	215.2	627.8	0.1626	0.4451	2.7369	-2034.818535	
AL8G06100	AL1G04010	3.1212	882.0	2883.0	0.0530	0.2007	3.7848	-8145.835852	
AL8G06110	AL1G04020	2.5499	304.2	925.8	0.0824	0.2265	2.7471	-2736.584159	
AL7G13230	AL3G26060	4.5778	539.0	1591.0	0.0779	0.3819	4.9030	-5065.191806	
AL7G13270	AL3G25970	1.6684	280.5	925.5	0.0875	0.1623	1.8556	-2541.219919	
AL7G13040	AL1G04020	49.9486	308.5	921.5	0.0035	0.2305	65.6939	-2743.211307	
AL7G13060	AL1G04010	2.8706	858.6	2846.4	0.0589	0.2035	3.4542	-8032.724959	
AL7G13160	AL1G03950	2.8080	107.0	367.0	0.1693	0.4441	2.6228	-1144.716911	
AL1G28730	AL1G27200	0.0738	203.6	636.4	0.7480	0.0228	0.0304	-1212.783886	
AL1G28750	AL1G27120	0.4644	237.3	743.7	0.6096	0.1340	0.2199	-1835.040786	
AL1G28760	AL1G27110	0.0814	112.2	358.8	0.1014	0.0087	0.0860	-690.841130	
AL5G19100	AL7G01680	0.0088	205.2	508.8	99.0000	0.0041	0.0000	-952.686824	
AL5G19230	AL7G01540	1.4521	247.7	742.3	0.4571	0.3731	0.8163	-2299.463212	
AL5G04600	AL6G23790	26.4753	325.0	911.0	0.0209	0.6634	31.7061	-3140.323689	
AL5G04650	AL6G23830	11.6766	176.3	633.7	0.1230	1.5258	12.4009	-2175.263725	
AL2G16920	AL5G04020	2.5184	835.1	2662.9	0.0511	0.1546	3.0233	-7340.129552	
AL2G17050	AL5G04140	2.4644	161.4	489.6	0.1435	0.3312	2.3083	-1508.786401	
AL2G17080	AL5G04170	2.4384	119.0	427.0	0.1112	0.2965	2.6659	-1262.826130	
AL2G09270	AL5G19120	0.4267	98.2	399.8	0.7846	0.1349	0.1720	-924.770311	
AL2G09380	AL5G19100	0.0158	225.5	545.5	0.4366	0.0038	0.0088	-1045.148559	
AL1G37610	AL1G37170	0.0387	138.2	503.8	0.2649	0.0081	0.0305	-901.904347	
AL1G37710	AL1G37190	0.0586	135.8	545.2	2.3538	0.0221	0.0094	-981.730545	
AL4G21390	AL3G12050	1.5119	132.0	468.0	0.1278	0.2015	1.5766	-1288.391759	
AL4G21400	AL3G12040	4.8320	159.1	473.9	0.0696	0.3691	5.3075	-1493.985587	
AL4G21520	AL3G11950	9.4925	165.2	422.8	0.0256	0.2709	10.5708	-1304.421195	
AL5G19100	AL6G30480	0.0081	225.5	545.5	99.0000	0.0038	0.0000	-1032.356742	
AL5G19120	AL6G30380	0.3179	96.2	380.8	0.6355	0.0950	0.1495	-835.406300	
AL5G00470	AL6G35300	4.7072	161.5	561.5	0.6433	1.3962	2.1704	-1917.856923	
AL5G00590	AL6G35390	0.1175	109.9	346.1	0.7493	0.0362	0.0484	-693.848773	
AL5G00600	AL6G35400	0.4360	193.9	739.1	0.7649	0.1366	0.1786	-1728.557591	
AL5G19100	AL4G10640	0.0198	200.0	571.0	0.5431	0.0054	0.0100	-1053.299053	
AL5G19120	AL4G10540	0.2462	97.0	401.0	0.8490	0.0793	0.0934	-837.773087	
AL8G18160	AL6G24330	6.6798	411.1	1274.9	0.0504	0.3978	7.8986	-4011.686307	
AL8G18220	AL6G24440	3.1403	523.7	1429.3	0.0504	0.1731	3.4311	-4193.228768	
AL8G18240	AL6G24450	3.0035	346.4	1063.6	0.0723	0.2411	3.3349	-3144.082756	
AL2G20210	AL1G30650	50.0000	224.6	816.4	0.0280	1.9641	70.1173	-2800.367015	
AL2G20230	AL1G30630	16.2314	257.5	792.5	0.0507	0.9676	19.0839	-2731.253692	
AL2G20350	AL1G30570	7.5888	244.0	749.0	0.0480	0.4310	8.9722	-2422.689773	
AL4G30190	AL1G48560	10.9214	235.5	814.5	0.1726	1.7544	10.1650	-2832.001774	
AL4G30250	AL1G48630	4.0219	217.1	757.9	0.0112	0.0648	5.7954	-1860.106855	
AL4G30320	AL1G48750	7.2812	311.1	1176.9	0.0983	0.8317	8.4624	-3817.185321	
AL5G12860	AL6G22550	0.6725	251.0	883.0	0.0740	0.0594	0.8037	-2072.161819	
AL5G12990	AL6G22690	0.8551	149.2	534.8	0.1183	0.1085	0.9176	-1303.512920	
AL5G13000	AL6G22710	1.1196	297.4	995.6	0.1813	0.1831	1.0097	-2697.566527	
AL0G02620	AL4G36040	0.0595	117.6	401.4	0.5260	0.0165	0.0313	-756.637454	
AL0G02630	AL4G36050	0.0041	337.2	1144.8	0.2844	0.0009	0.0031	-2005.984372	
AL0G02660	AL4G36150	0.1119	351.3	1151.7	1.0499	0.0377	0.0359	-2310.416423	
AL2G09260	AL1G37190	0.0914	144.9	536.1	1.3191	0.0321	0.0244	-1013.493769	
AL2G09380	AL1G37170	0.0808	136.7	526.3	0.3047	0.0183	0.0601	-979.002114	
AL2G09260	AL1G46570	0.0045	194.4	486.6	99.0000	0.0021	0.0000	-911.008275	
AL2G09270	AL1G46560	0.0883	101.1	426.9	0.6719	0.0269	0.0401	-787.107987	
AL2G09380	AL1G46550	0.0077	224.9	546.1	0.0010	0.0000	0.0088	-1032.184656	
AL7G34590	AL3G15200	48.4289	302.5	1050.5	0.0118	0.8184	69.3511	-3479.630630	
AL7G34720	AL3G15360	0.9435	137.9	417.1	0.6199	0.2729	0.4402	-1197.335384	
AL7G34730	AL3G15380	0.7287	135.7	377.3	0.3538	0.1638	0.4628	-1036.576707	
AL7G01560	AL1G46570	0.0000	130.6	550.4	0.0010	0.0000	0.0000	-903.911661	
AL7G01570	AL1G46560	0.0590	102.2	425.8	0.2465	0.0124	0.0501	-758.198797	
AL7G01680	AL1G46550	0.0044	205.1	508.9	99.0000	0.0020	0.0000	-947.175028	
AL7G01560	AL1G37190	0.0867	141.8	539.2	1.1881	0.0299	0.0252	-1009.420814	
AL7G01680	AL1G37170	0.0831	121.6	484.4	0.3443	0.0200	0.0582	-893.186262	
AL6G30370	AL1G37190	0.0454	151.4	529.6	0.6421	0.0135	0.0210	-965.953845	
AL6G30480	AL1G37170	0.0808	136.8	526.2	0.3054	0.0183	0.0600	-977.794253	
AL6G30370	AL1G46570	0.0401	129.7	551.3	99.0000	0.0165	0.0002	-959.306135	
AL6G30380	AL1G46560	0.0174	121.0	407.0	0.5968	0.0050	0.0084	-718.095222	
AL6G30480	AL1G46550	0.0000	129.8	641.2	0.0010	0.0000	0.0000	-1019.402048	
AL4G10530	AL1G37190	0.0633	150.6	530.4	99.0000	0.0270	0.0003	-983.011744	
AL4G10640	AL1G37170	0.0756	128.0	535.0	0.4294	0.0201	0.0467	-973.359960	
AL4G08190	AL1G37610	0.1102	103.1	364.9	0.1581	0.0169	0.1069	-691.983969	
AL4G08320	AL1G37590	50.0000	113.1	372.9	0.0046	0.3273	70.5602	-1138.248214	
AL5G34420	AL7G29260	49.9892	220.6	736.4	0.0035	0.2478	71.4613	-2150.704468	
AL5G34450	AL7G29360	18.5587	326.1	789.9	0.0100	0.2072	20.6678	-2451.667967	
AL5G34460	AL7G29370	4.8326	154.4	529.6	0.0619	0.3642	5.8865	-1566.880572	
AL5G15280	AL4G11160	50.0000	207.9	677.1	0.0124	0.8440	68.2035	-2297.233464	
AL5G15330	AL4G11050	13.4946	303.9	992.1	0.1009	1.4559	14.4279	-3473.625251	
AL5G15350	AL4G11030	16.1712	201.0	675.0	0.0213	0.4677	21.9187	-2132.663099	
AL2G05210	AL5G26350	13.2721	316.8	913.2	0.0698	0.9982	14.2976	-3235.751762	
AL2G05230	AL5G26310	3.4420	147.7	521.3	0.4881	0.9316	1.9085	-1706.108197	
AL2G05410	AL5G26160	50.0000	305.8	960.2	0.0168	1.1034	65.5417	-3374.710208	
AL5G13710	AL3G28410	1.0640	170.0	550.0	0.6915	0.3209	0.4640	-1571.568100	
AL5G13840	AL3G28580	0.0288	144.6	488.4	99.0000	0.0124	0.0001	-850.627548	
AL5G18710	AL1G12630	50.0000	179.3	609.7	0.0142	0.9943	69.9509	-2047.810412	
AL5G18870	AL1G12800	50.0000	396.5	1352.5	0.0165	1.1475	69.6026	-4605.668436	
AL5G18890	AL1G12830	50.0000	315.2	965.8	0.0127	0.8265	65.1970	-3343.351199	
AL5G33180	AL5G18920	0.3139	342.7	1022.3	0.5554	0.0871	0.1569	-2366.846461	
AL5G33190	AL5G18930	0.0688	331.9	988.1	0.2611	0.0134	0.0513	-1934.384695	
AL5G33290	AL5G19080	50.0000	156.0	483.0	0.0250	1.5840	63.3844	-1717.231803	
AL3G06380	AL1G03030	43.0607	138.6	473.4	0.0122	0.7425	60.8579	-1538.690320	
AL3G06510	AL1G03060	50.0000	406.0	1565.0	0.0130	1.0007	77.0545	-5147.745226	
AL5G02600	AL1G37170	0.0851	137.3	525.7	0.4228	0.0221	0.0523	-984.336601	
AL5G02710	AL1G37190	0.0409	145.1	535.9	0.5158	0.0114	0.0220	-961.238398	
AL5G02600	AL1G46550	0.2868	159.7	611.3	0.5491	0.0817	0.1488	-1311.648883	
AL5G02700	AL1G46560	0.0708	94.9	343.1	0.2977	0.0156	0.0525	-640.217020	
AL5G02710	AL1G46570	0.0447	136.9	544.1	99.0000	0.0186	0.0002	-963.867102	
AL8G10800	AL6G30500	50.0000	302.1	924.9	0.0131	0.8553	65.0831	-3204.946321	
AL8G10930	AL6G30480	0.0129	167.8	546.2	0.6248	0.0038	0.0060	-962.584601	
AL2G29800	AL1G47340	1.2908	655.1	2044.9	0.0539	0.0819	1.5178	-5167.019582	
AL2G29890	AL1G47220	50.0000	201.4	689.6	0.0126	0.8914	70.6976	-2310.626856	
AL2G29940	AL1G47150	7.7441	324.9	1031.1	0.0263	0.2612	9.9447	-3072.120324	
AL6G39080	AL6G27360	50.0000	251.9	816.1	0.0071	0.4905	69.0732	-2623.649432	
AL6G39200	AL6G27210	6.8725	152.1	462.9	0.0916	0.6636	7.2440	-1531.747690	
AL6G39210	AL6G27200	2.4571	229.1	718.9	0.0782	0.2127	2.7213	-2061.071685	
AL5G23010	AL8G09680	4.2044	92.3	303.7	0.0558	0.2835	5.0811	-884.673675	
AL5G23070	AL8G09700	50.0000	202.3	631.7	0.0092	0.6150	66.8011	-2084.591514	
AL5G23220	AL8G09790	50.0000	314.5	924.5	0.0373	2.2061	59.1797	-3362.136046	
AL5G08700	AL7G23970	10.3691	152.3	633.7	0.0331	0.5196	15.6794	-1902.534185	
AL5G08840	AL7G23790	0.0693	80.7	321.3	0.9063	0.0226	0.0250	-591.427115	
AL5G08850	AL7G23780	0.0504	189.4	359.6	1.0376	0.0170	0.0164	-787.705779	
AL5G23320	AL4G22720	0.6362	114.6	392.4	0.1853	0.1063	0.5740	-964.211831	
AL8G26270	AL7G01220	50.0000	266.2	741.8	0.0184	1.1032	60.0289	-2668.263532	
AL8G26490	AL7G01030	50.0000	312.0	960.0	0.0152	0.9846	64.9093	-3352.602709	
AL8G26560	AL7G01000	50.0000	233.6	726.4	0.0095	0.6307	66.5460	-2424.600228	
AL0G01000	AL7G37480	0.4664	194.8	585.2	0.8378	0.1483	0.1770	-1476.323083	
AL0G01010	AL7G37520	0.0082	72.5	293.5	99.0000	0.0034	0.0000	-494.703710	
AL0G01210	AL7G37640	0.0171	169.2	544.8	0.1041	0.0019	0.0181	-968.585092	
AL5G18870	AL1G19300	50.0000	417.6	1397.4	0.0160	1.1025	68.7423	-4759.251428	
AL5G18890	AL1G19310	50.0000	303.4	995.6	0.0155	1.0514	67.9086	-3454.256372	
AL5G19040	AL1G19400	50.0000	349.2	1162.8	0.0111	0.7695	69.5933	-3877.072373	
AL8G10930	AL4G10640	0.0044	204.1	509.9	99.0000	0.0020	0.0000	-947.860577	
AL8G11160	AL4G10490	50.0000	304.4	940.6	0.0162	1.0526	64.9051	-3306.146343	
AL2G23240	AL6G14900	50.0000	258.6	887.4	0.0123	0.8719	70.8589	-2987.534016	
AL2G23460	AL6G15120	11.0574	321.6	1091.4	0.0854	1.0722	12.5564	-3666.268714	
AL2G23480	AL6G15140	50.0000	327.4	1064.6	0.0101	0.6941	68.6062	-3520.768118	
AL2G11460	AL5G19120	0.4051	102.3	386.7	0.7662	0.1269	0.1657	-899.352724	
AL2G11610	AL5G19100	0.0202	225.9	545.1	1.7739	0.0077	0.0043	-1049.340220	
AL0G00710	AL8G13360	10.4316	183.6	587.4	0.0622	0.7574	12.1776	-1976.551870	
AL0G00860	AL8G13500	3.0904	205.3	631.7	0.3730	0.7293	1.9555	-2142.039445	
AL0G00880	AL8G13570	50.0000	298.0	869.0	0.0148	0.9260	62.5656	-3048.908897	
AL5G18390	AL7G35510	3.2832	175.0	596.0	0.1246	0.4218	3.3843	-1851.367549	
AL5G18440	AL7G35640	1.8481	252.1	788.9	0.1093	0.2072	1.8957	-2259.535096	
AL5G18480	AL7G35670	4.8491	363.4	1112.6	0.0621	0.3427	5.5160	-3494.256540	
AL5G18890	AL1G46370	12.4555	183.3	545.7	0.0500	0.7188	14.3693	-1854.183074	
AL5G19100	AL1G46550	0.0081	225.5	545.5	99.0000	0.0038	0.0000	-1032.356742	
AL5G19120	AL1G46560	0.2953	95.2	381.8	0.6385	0.0884	0.1385	-826.097534	
AL5G18890	AL1G42380	5.7009	156.9	449.1	0.4339	1.4205	3.2739	-1620.913553	
AL5G19100	AL1G42560	0.0279	208.3	562.7	0.5123	0.0074	0.0144	-1064.794878	
AL8G11160	AL6G00020	50.0000	252.4	752.6	0.0131	0.8347	63.8760	-2627.030374	
AL8G11440	AL6G00280	0.1414	386.7	1035.3	0.4364	0.0349	0.0799	-2228.069628	
AL8G11450	AL6G00290	0.1670	108.7	284.3	0.1898	0.0255	0.1345	-614.945845	
AL2G11450	AL1G37190	0.0545	151.4	529.6	0.8244	0.0174	0.0211	-976.304444	
AL2G11610	AL1G37170	0.0902	143.4	519.6	0.3223	0.0207	0.0642	-986.985873	
AL2G11450	AL1G46570	0.0492	133.5	547.5	99.0000	0.0203	0.0002	-969.279477	
AL2G11460	AL1G46560	0.0957	114.2	404.8	1.2340	0.0333	0.0270	-775.954392	
AL2G11610	AL1G46550	0.0119	225.4	545.6	0.8750	0.0038	0.0044	-1039.172909	
AL8G13360	AL6G35400	0.4389	162.3	602.7	0.7070	0.1345	0.1902	-1407.689193	
AL8G13370	AL6G35390	0.3064	96.4	323.6	1.0035	0.1022	0.1019	-727.785328	
AL8G13580	AL6G35250	50.0000	194.3	540.7	0.0107	0.6570	61.2071	-1881.652073	
AL3G38630	AL1G42300	2.0784	215.6	723.4	0.5443	0.5811	1.0676	-2274.955332	
AL3G38810	AL1G42560	0.0198	196.4	574.6	0.2318	0.0036	0.0154	-1054.067946	
AL7G04590	AL6G35010	50.0000	225.4	671.6	0.0141	0.8999	63.6349	-2356.938573	
AL7G04610	AL6G35180	4.1465	341.8	1032.2	0.1346	0.5318	3.9501	-3362.376912	
AL7G04620	AL6G35190	3.1660	301.5	901.5	0.2972	0.6627	2.2295	-3014.259504	
AL8G04070	AL6G35190	2.9905	304.4	931.6	0.3821	0.7130	1.8657	-3117.188145	
AL8G04080	AL6G35180	50.0000	357.5	995.5	0.0102	0.6270	61.3332	-3350.986445	
AL8G04090	AL6G35010	6.8342	188.6	639.4	0.1553	1.0177	6.5526	-2154.388304	
AL2G09380	AL4G08190	0.1143	106.2	397.8	0.2021	0.0208	0.1029	-748.786567	
AL2G09720	AL4G08480	0.6842	65.6	276.4	0.4218	0.1806	0.4282	-673.997919	
AL2G08990	AL5G13840	0.0339	152.3	480.7	99.0000	0.0148	0.0001	-854.215298	
AL7G30850	AL1G07950	0.9467	67.7	235.3	0.2983	0.2069	0.6935	-638.124817	
AL7G30860	AL1G07940	0.5141	315.2	1025.8	0.3871	0.1249	0.3226	-2534.930835	
AL7G31030	AL1G07680	12.6151	349.8	1162.2	0.0453	0.7162	15.7957	-3843.653856	
AL7G15950	AL3G36710	3.6233	234.4	719.6	0.0272	0.1234	4.5364	-1817.498303	
AL7G15960	AL3G36720	2.6624	271.6	934.4	0.0717	0.2266	3.1611	-2697.592536	
AL7G16020	AL3G36900	2.8569	270.4	785.6	0.1078	0.3052	2.8320	-2462.248627	
AL6G41190	AL1G00600	2.2233	322.2	1096.8	0.4632	0.5867	1.2667	-3491.297408	
AL6G41380	AL1G00690	1.4071	532.2	1462.8	0.2491	0.2600	1.0436	-4385.591570	
AL6G41390	AL1G00710	50.0000	299.4	894.6	0.0247	1.5274	61.9081	-3194.083496	
AL0G01920	AL3G29910	1.2254	163.0	641.0	0.0545	0.0904	1.6595	-1547.942750	
AL0G01930	AL3G29980	0.7976	344.0	1270.0	0.1238	0.1060	0.8560	-3085.450015	
AL0G01950	AL3G30070	1.4970	182.8	558.2	0.3972	0.3631	0.9140	-1672.388431	
AL5G22790	AL6G02900	1.8722	338.3	921.7	0.1020	0.1855	1.8190	-2674.367069	
AL5G22800	AL6G02910	2.5301	316.1	967.9	0.0707	0.1991	2.8164	-2809.200548	
AL5G23070	AL6G03100	5.0815	256.9	715.1	0.0524	0.2929	5.5928	-2233.624121	
AL5G19080	AL1G36940	50.0000	198.5	545.5	0.0350	1.9925	56.9832	-1999.737963	
AL5G19100	AL1G37170	0.0853	141.3	521.7	0.3603	0.0206	0.0572	-982.899206	
AL8G10600	AL7G02050	16.6996	379.5	1159.5	0.0379	0.7673	20.2275	-3998.975784	
AL8G10930	AL7G01680	0.0172	178.8	535.2	1.0330	0.0058	0.0056	-967.624136	
AL4G08550	AL1G11450	1.2030	138.7	377.3	0.5899	0.3379	0.5727	-1172.261963	
AL4G08570	AL1G11480	7.4538	239.2	816.8	0.1162	0.9124	7.8536	-2755.752476	
AL4G08870	AL1G11840	50.0000	252.3	815.7	0.0059	0.4107	69.2211	-2579.231282	
AL1G52700	AL1G08890	1.0380	224.6	702.4	0.1141	0.1200	1.0524	-1854.079735	
AL1G52720	AL1G08910	0.6097	169.2	562.8	0.1033	0.0676	0.6543	-1341.957178	
AL1G52860	AL1G09130	4.4548	261.4	860.6	0.3505	1.0372	2.9592	-2953.874390	
AL5G11900	AL4G21390	11.9654	162.6	452.4	0.0250	0.3529	14.1066	-1456.517051	
AL5G12180	AL4G21670	5.4330	182.1	642.9	0.0822	0.5227	6.3586	-2042.137968	
AL5G12190	AL4G21680	50.0000	154.8	436.2	0.0095	0.5916	61.9823	-1489.759978	
AL7G02200	AL3G15210	16.8046	167.9	480.1	0.0438	0.8420	19.2110	-1693.244431	
AL7G02210	AL3G15200	50.0000	332.0	1018.0	0.0124	0.8115	65.2902	-3502.877563	
AL7G02580	AL3G14820	3.2633	215.3	819.7	0.2311	0.6429	2.7813	-2595.172259	
AL8G07260	AL3G21170	5.1591	366.7	1151.3	0.1047	0.5609	5.3573	-3795.044720	
AL8G07560	AL3G20850	8.4688	312.1	932.9	0.1194	0.9909	8.3001	-3288.807329	
AL8G32330	AL6G10000	50.0000	271.3	955.7	0.0197	1.3864	70.4967	-3231.794675	
AL8G32460	AL6G10260	0.4839	513.6	1469.4	0.0866	0.0432	0.4992	-3474.537133	
AL8G32480	AL6G10280	1.0430	224.2	702.8	0.2161	0.1852	0.8569	-1944.575487	
AL5G17420	AL8G30000	1.1946	381.0	1068.0	0.1480	0.1584	1.0704	-3029.442908	
AL5G17660	AL8G30130	0.9779	327.3	833.7	0.1643	0.1339	0.8153	-2349.881408	
AL5G17670	AL8G30140	0.8773	373.2	1042.8	0.0494	0.0481	0.9750	-2596.215002	
AL1G30630	AL1G16360	14.0153	259.9	805.1	0.0615	0.9892	16.0804	-2762.443054	
AL1G30650	AL1G16380	6.3230	272.8	822.2	0.2876	1.3033	4.5320	-2922.705233	
AL1G30860	AL1G16680	50.0000	176.0	418.0	0.0135	0.7331	54.5074	-1519.493170	
AL2G22490	AL1G19080	1.5480	190.9	499.1	0.3194	0.3246	1.0164	-1588.999293
AL5G26880	AL4G27760	2.0071	230.8	717.2	0.2241	0.3630	1.6199	-2244.863913
AL5G26980	AL4G27900	0.9919	237.5	785.5	0.2672	0.2020	0.7560	-2143.530285
AL5G27850	AL4G28700	1.0565	165.5	524.5	0.1261	0.1323	1.0491	-1410.567751
AL5G28510	AL4G29320	0.7365	235.1	649.9	0.2227	0.1274	0.5720	-1736.439834
AL6G14670	AL3G00720	1.4055	130.4	355.6	0.0754	0.1092	1.4483	-971.644798
AL6G15330	AL3G01120	1.1322	270.2	929.8	0.1780	0.1851	1.0395	-2521.708347
AL6G16300	AL3G01970	0.6582	208.6	634.4	0.1347	0.0847	0.6290	-1596.258106
AL3G14770	AL1G49370	1.2639	208.0	668.0	0.3477	0.2915	0.8383	-1973.322999
AL3G16920	AL1G47410	0.7304	480.1	1517.9	0.1885	0.1197	0.6349	-3896.638564
AL4G13510	AL1G07150	9.3349	151.5	529.5	0.2117	1.7019	8.0380	-1814.267757
AL4G14080	AL1G06960	0.9486	199.8	589.2	0.0113	0.0136	1.2087	-1349.773465
AL4G16950	AL1G05100	0.5434	1409.9	4302.1	0.0752	0.0449	0.5968	-10159.185726
AL4G16990	AL1G05010	0.9328	189.0	534.0	0.0971	0.0906	0.9334	-1391.263530
AL8G00860	AL7G25360	0.7333	193.4	544.6	0.0573	0.0460	0.8031	-1342.190450
AL8G01060	AL7G25280	0.6307	89.6	342.4	0.1630	0.1018	0.6246	-802.496787
AL8G01540	AL7G24940	0.9643	81.6	311.4	0.1337	0.1371	1.0249	-768.375707
AL8G02680	AL7G23920	1.1707	301.0	893.0	0.2399	0.2169	0.9044	-2521.744163
AL8G04060	AL7G22720	50.0000	136.6	445.4	0.0119	0.8134	68.3745	-1479.761281
AL2G19240	AL1G25080	0.5581	99.3	371.7	0.1150	0.0710	0.6168	-860.126711
AL2G19430	AL1G24760	50.0000	101.7	333.3	0.0110	0.7576	68.8137	-1091.030773
AL2G19530	AL1G24750	0.7720	213.0	519.0	0.2010	0.1193	0.5936	-1429.066717
AL2G20620	AL1G24090	0.2131	49.4	238.6	1.7547	0.0767	0.0437	-450.893519
AL5G30680	AL4G32000	0.7968	365.0	994.0	0.1193	0.0890	0.7464	-2587.859928
AL5G30880	AL4G32480	0.5111	175.6	643.4	0.0476	0.0322	0.6766	-1400.297032
AL5G31340	AL4G33010	1.1949	266.8	825.2	0.1570	0.1723	1.0973	-2287.606802
AL5G31410	AL4G33090	1.2471	132.0	345.0	0.3001	0.2526	0.8418	-1052.681435
AL5G32070	AL4G33890	2.0522	296.9	906.1	0.2738	0.4134	1.5101	-2804.768504
AL2G05900	AL1G10530	1.1876	536.2	1473.8	0.2423	0.2158	0.8907	-4321.346253
AL8G20460	AL7G15150	1.2713	305.0	967.0	0.1069	0.1411	1.3200	-2607.686609
AL2G27450	AL1G17970	1.0930	124.4	358.6	0.5852	0.3081	0.5264	-1047.730833
AL2G29400	AL1G16430	1.6565	183.9	569.1	0.4022	0.4051	1.0073	-1769.711382
AL2G29580	AL1G16290	1.6194	157.7	532.3	0.2781	0.3387	1.2182	-1605.994262
AL6G04640	AL3G11160	0.9273	223.0	707.0	0.1286	0.1178	0.9156	-1855.761771
AL8G30510	AL6G08910	0.5074	151.8	490.2	0.0840	0.0473	0.5627	-1101.950494
AL8G31690	AL6G09690	1.7935	315.1	956.9	0.2341	0.3302	1.4107	-2790.547085
AL8G32070	AL6G10050	0.8072	149.6	447.4	0.0858	0.0733	0.8547	-1106.055600
AL7G19630	AL6G35660	0.8588	119.8	306.2	0.1791	0.1251	0.6984	-849.950418
AL7G19860	AL6G35870	0.5837	192.9	545.1	0.0325	0.0222	0.6817	-1272.969484
AL7G21120	AL6G36930	1.0303	159.8	467.2	0.0409	0.0492	1.2036	-1144.841658
AL5G18880	AL8G32540	1.7000	226.5	718.5	0.1864	0.2769	1.4859	-2136.735596
AL5G20230	AL8G33930	1.7471	276.6	833.4	0.2419	0.3270	1.3520	-2533.177423
AL3G21190	AL1G44290	0.4972	241.5	769.5	0.1356	0.0657	0.4844	-1839.667834
AL3G21690	AL1G44810	1.1335	100.7	292.3	0.2607	0.2188	0.8393	-850.041690
AL3G21900	AL1G44980	1.2955	115.4	373.6	0.4182	0.3251	0.7773	-1085.437481
AL4G02410	AL7G03000	0.7681	453.4	1331.6	0.1534	0.1066	0.6949	-3483.222068
AL4G04520	AL7G10450	1.6845	209.1	696.9	0.6181	0.4914	0.7951	-2171.194760
AL4G04900	AL7G10090	1.1338	115.2	400.8	0.2046	0.2023	0.9887	-1105.226694
AL4G00390	AL7G00790	1.0388	199.3	664.7	0.2018	0.1811	0.8973	-1820.365075
AL8G05850	AL1G03310	4.9910	185.4	597.6	0.0596	0.3512	5.8934	-1825.229367
AL8G27310	AL6G07700	1.0613	134.5	429.5	0.1607	0.1576	0.9803	-1160.817722
AL5G33950	AL4G35820	0.6255	169.7	595.3	0.0134	0.0120	0.8978	-1288.656731
AL5G34090	AL4G36180	0.9594	305.3	927.7	0.0793	0.0825	1.0409	-2353.729136
AL6G32470	AL1G34760	2.0408	159.2	461.8	0.3658	0.4709	1.2872	-1506.102365
AL6G27390	AL3G05520	0.5164	136.1	424.9	0.0518	0.0316	0.6108	-981.212294
AL6G27850	AL3G05030	0.5230	439.7	1213.3	0.1002	0.0514	0.5134	-2972.612601
AL2G00630	AL7G35920	0.6089	487.7	1633.3	0.1265	0.0785	0.6200	-3945.608043
AL7G19050	AL6G34370	2.9412	207.1	785.9	0.1834	0.5083	2.7720	-2363.989953
AL7G28720	AL3G24360	2.3825	145.1	466.9	0.2303	0.4431	1.9238	-1484.162243
AL4G33890	AL1G00610	3.3019	196.9	676.1	0.1597	0.5033	3.1522	-2137.034005
AL4G34320	AL1G00860	50.0000	197.2	540.8	0.0081	0.4958	61.0073	-1836.405903
AL4G35000	AL1G01310	6.0134	397.4	1333.6	0.0750	0.5230	6.9760	-4197.316141
AL6G22900	AL6G07950	1.0998	957.0	2928.0	0.4062	0.2695	0.6635	-8336.739284
AL6G23260	AL6G08190	1.4994	148.4	388.6	0.2444	0.2695	1.1030	-1200.007252
AL5G17960	AL6G23710	0.7964	134.3	483.7	0.0459	0.0481	1.0482	-1129.386040
AL6G28800	AL3G04200	1.6360	360.0	927.0	0.1260	0.1855	1.4718	-2743.866331
AL2G05280	AL1G25190	29.8067	127.0	344.0	0.0238	0.8228	34.6254	-1206.535726
AL6G40460	AL1G00860	1.1200	203.8	552.2	0.2608	0.2116	0.8115	-1633.481927
AL2G10930	AL2G09950	0.0030	269.2	711.8	0.0010	0.0000	0.0036	-1272.206120
AL4G27900	AL6G04640	2.2488	216.8	695.2	0.1868	0.3684	1.9720	-2110.818701
AL8G11020	AL3G08050	1.0215	74.3	303.7	0.1101	0.1316	1.1949	-751.806954
AL7G01660	AL6G30470	0.3442	145.2	586.8	0.4882	0.0950	0.1945	-1290.911287
AL2G14810	AL7G40380	1.2507	113.2	387.8	0.1419	0.1762	1.2415	-1063.949681
AL5G12520	AL6G22310	1.3116	373.4	889.6	0.0824	0.1018	1.2361	-2533.777659
AL2G09360	AL7G01660	0.0124	231.2	512.8	0.2250	0.0020	0.0089	-1009.335229
AL2G09360	AL6G30470	0.3394	143.3	588.7	0.4665	0.0924	0.1981	-1287.211081
AL5G02610	AL7G01660	0.0041	232.5	511.5	99.0000	0.0020	0.0000	-998.690368
AL5G02680	AL7G01580	3.4511	117.8	473.2	0.1468	0.5328	3.6303	-1436.260151
AL5G10820	AL6G21090	1.0027	108.7	368.3	0.1053	0.1138	1.0806	-951.147711
AL7G12960	AL3G35820	2.0070	354.2	1025.8	0.2520	0.3797	1.5066	-3260.562872
AL2G09280	AL4G10560	2.9980	146.5	564.5	0.1653	0.4897	2.9633	-1708.389568
AL2G09360	AL4G10620	0.0247	180.7	563.3	0.3173	0.0054	0.0171	-1029.316641
AL4G10620	AL7G01660	0.0289	190.9	553.1	0.4560	0.0074	0.0162	-1035.287785
AL4G10620	AL6G30470	0.3237	140.9	591.1	0.5528	0.0934	0.1689	-1278.209369
AL4G10620	AL1G37620	8.0818	139.7	556.3	1.1409	2.7624	2.4212	-1848.393593
AL2G09280	AL5G02680	3.4323	117.5	473.5	0.1501	0.5382	3.5868	-1437.142462
AL2G09360	AL5G02610	0.0083	230.8	513.2	0.0010	0.0000	0.0089	-1001.921091
AL5G02610	AL6G30470	0.3393	144.1	587.9	0.4691	0.0925	0.1972	-1287.363237
AL5G02680	AL6G30390	3.4511	117.8	473.2	0.1468	0.5328	3.6303	-1436.260151
AL2G11470	AL8G11920	3.0874	145.7	565.3	0.1560	0.4881	3.1277	-1708.516302
AL8G11920	AL7G01580	3.0491	145.8	565.2	0.1550	0.4800	3.0961	-1705.749633
AL4G34320	AL6G40460	3.2447	189.7	551.3	0.1589	0.4594	2.8902	-1821.852135
AL6G01490	AL3G09520	50.0000	326.4	1251.6	0.0241	1.7763	73.7733	-4135.707289
AL8G13140	AL3G06910	0.5291	479.4	1344.6	0.0227	0.0143	0.6307	-3098.194915
AL2G11470	AL5G02680	3.5153	117.8	473.2	0.1469	0.5432	3.6972	-1438.830074
AL2G09280	AL1G37680	3.0501	147.5	563.5	0.1663	0.4984	2.9969	-1712.287836
AL2G09360	AL1G37620	8.1149	142.8	547.2	1.0533	2.7336	2.5953	-1833.011424
AL7G01580	AL1G37680	3.0840	147.8	563.2	0.1613	0.4941	3.0631	-1710.975806
AL7G01660	AL1G37620	8.1160	145.7	544.3	1.1007	2.7586	2.5063	-1833.231017
AL6G30390	AL1G37680	3.0840	147.8	563.2	0.1613	0.4941	3.0631	-1710.975806
AL6G30470	AL1G37620	0.0991	180.0	522.0	0.3534	0.0225	0.0636	-1037.997092
AL2G11470	AL4G10560	3.0861	146.8	564.2	0.1600	0.4936	3.0858	-1710.135679
AL8G11920	AL6G30390	3.0491	145.8	565.2	0.1550	0.4800	3.0961	-1705.749633
AL2G09280	AL8G11920	2.9988	145.5	565.5	0.1613	0.4843	3.0029	-1706.803947
AL2G11470	AL1G37680	3.1236	147.8	563.2	0.1623	0.5024	3.0950	-1713.701192
AL0G01190	AL2G09360	1.3342	145.3	571.7	0.4712	0.3624	0.7690	-1630.689641
AL0G01190	AL7G01660	1.3229	145.3	571.7	0.4685	0.3586	0.7653	-1628.315367
AL0G01190	AL6G30470	0.1299	209.8	906.2	0.5933	0.0383	0.0646	-1725.398328
AL0G01140	AL4G10560	0.9397	127.2	568.8	0.3285	0.2280	0.6941	-1455.398992
AL0G01190	AL4G10620	1.3457	148.4	580.6	0.4672	0.3640	0.7793	-1661.876242
AL0G01140	AL5G02680	0.7912	103.1	496.9	0.3293	0.1954	0.5933	-1213.662627
AL0G01190	AL5G02610	1.3307	146.0	571.0	0.4767	0.3625	0.7604	-1630.780522
AL6G41120	AL1G00580	0.8858	337.8	934.2	0.3559	0.1994	0.5604	-2651.905528
AL5G00880	AL1G46650	50.0000	84.3	293.7	0.0182	1.2818	70.2598	-1004.818451
AL8G23380	AL7G10740	10.5883	266.9	945.1	0.1428	1.5205	10.6442	-3176.738514
AL0G01140	AL1G37680	0.9439	128.9	567.1	0.3442	0.2326	0.6756	-1455.978017
AL0G01190	AL1G37620	50.0000	153.5	575.5	0.0222	1.6221	73.0849	-1913.637161
AL1G53410	AL1G09270	1.4937	172.1	658.9	0.0639	0.1234	1.9316	-1631.453175
AL7G27120	AL3G06680	50.0000	409.4	1456.6	0.0139	1.0061	72.3926	-4875.644736
AL2G00800	AL6G33700	2.9043	159.1	524.9	0.0333	0.1250	3.7495	-1374.410080
AL5G19110	AL8G07060	31.1767	143.0	502.0	0.0316	1.3314	42.1969	-1692.566889
AL4G33090	AL6G35660	50.0000	127.1	340.9	0.0105	0.6264	59.7048	-1199.496582
AL0G03920	AL4G16950	0.0000	115.0	365.0	0.4963	0.0000	0.0000	-637.874256
AL1G48950	AL1G18170	2.1386	389.0	1255.0	0.1220	0.2637	2.1620	-3710.447937
AL8G23110	AL3G40850	1.6646	490.5	1291.5	0.0920	0.1493	1.6228	-3744.820824
AL4G27700	AL4G23680	0.0116	129.5	383.5	99.0000	0.0052	0.0001	-697.890058
AL5G19110	AL1G37620	0.7165	135.3	530.7	0.4531	0.1918	0.4234	-1339.055200
AL7G14800	AL3G16700	50.0000	257.3	801.7	0.0207	1.3346	64.4277	-2821.678377
AL5G13850	AL4G03170	0.5943	122.8	444.2	0.3845	0.1471	0.3825	-1089.742203
AL5G00790	AL6G20630	0.3399	156.5	518.5	0.4662	0.0895	0.1920	-1188.529938
AL2G27750	AL2G05290	4.6818	122.3	324.7	0.3252	0.9955	3.0613	-1162.427190
AL4G22590	AL1G08800	50.0000	193.5	721.5	0.0176	1.3043	73.9406	-2407.337693
AL2G10450	AL2G10110	0.0248	377.0	1114.0	1.1955	0.0086	0.0072	-2044.897156
AL1G37790	AL1G23730	1.5638	277.2	880.8	0.0770	0.1347	1.7497	-2371.444448
AL0G07140	AL3G14780	0.3797	86.4	282.6	0.7448	0.1172	0.1573	-665.444283
AL8G17500	AL4G10960	1.9841	227.5	969.5	0.5283	0.5654	1.0702	-2840.908111
AL2G09360	AL1G42570	0.3442	142.8	589.2	0.4632	0.0936	0.2020	-1290.534929
AL7G01660	AL1G42570	0.3490	144.6	587.4	0.4848	0.0961	0.1983	-1294.259109
AL1G42570	AL1G37620	0.1091	194.3	528.7	0.5657	0.0302	0.0533	-1080.097878
AL6G30470	AL1G42570	0.0343	451.6	1429.4	0.6233	0.0100	0.0160	-2626.180387
AL0G01140	AL8G11920	0.9372	127.4	568.6	0.3338	0.2288	0.6854	-1454.188401
AL0G01190	AL1G42570	0.6715	224.7	900.3	0.5703	0.1946	0.3412	-2259.344044
AL4G10620	AL1G42570	0.3285	140.4	591.6	0.5491	0.0946	0.1723	-1281.588622
AL5G02610	AL1G42570	0.3441	143.5	588.5	0.4657	0.0936	0.2011	-1290.729454
AL4G27900	AL3G11160	2.3283	225.0	702.0	0.2144	0.4107	1.9159	-2208.593021
AL4G03170	AL3G40020	2.3029	124.9	484.1	0.1405	0.3406	2.4234	-1382.713125
AL5G19110	AL5G02610	50.0000	138.7	548.3	0.0204	1.5582	76.4174	-1817.543350
AL2G11600	AL1G42570	0.4761	246.6	992.4	0.4893	0.1314	0.2686	-2335.460224
AL2G18210	AL5G13990	5.0508	182.6	624.4	0.0423	0.2750	6.5011	-1835.937948
AL2G18220	AL5G14000	50.0000	137.4	372.6	0.0075	0.4572	60.6035	-1224.701958
AL1G25190	AL1G10920	4.0705	119.2	360.8	0.2723	0.8157	2.9958	-1231.663509
AL2G11600	AL5G02610	0.0455	169.8	574.2	0.5150	0.0125	0.0242	-1058.780330
AL2G11600	AL4G10620	0.0371	163.7	580.3	2.2639	0.0141	0.0062	-1048.390003
AL7G35280	AL6G35360	1.7808	104.7	294.3	1.2935	0.6312	0.4879	-955.973778
AL0G01190	AL1G37180	50.0000	153.2	554.8	0.0127	0.9359	73.6193	-1834.587600
AL7G13250	AL3G26030	8.0157	137.8	435.2	0.0816	0.7209	8.8330	-1426.892051
AL5G19110	AL7G01660	50.0000	140.2	546.8	0.0212	1.6014	75.4131	-1817.791240
AL5G04510	AL6G23730	0.5179	199.3	676.7	0.5922	0.1493	0.2520	-1685.289047
AL2G09360	AL5G19110	50.0000	137.8	549.2	0.0202	1.5557	76.8918	-1816.415821
AL1G37620	AL1G37180	50.0000	190.3	508.7	0.1388	6.1995	44.6548	-1848.753196
AL5G19110	AL6G30470	0.2187	144.9	566.1	0.5283	0.0617	0.1167	-1162.630097
AL5G19110	AL4G10620	50.0000	140.7	552.3	0.0217	1.6391	75.6322	-1833.830472
AL2G09360	AL1G37180	1.8803	139.8	574.2	0.3088	0.4358	1.4112	-1690.655548
AL7G01660	AL1G37180	1.8473	139.3	574.7	0.3147	0.4321	1.3733	-1688.357841
AL6G30470	AL1G37180	11.6933	141.6	560.4	0.0347	0.5902	16.9839	-1745.420763
AL4G10620	AL1G37180	1.8327	138.3	575.7	0.3196	0.4325	1.3533	-1689.885127
AL4G08180	AL1G37620	50.0000	162.7	563.3	0.0224	1.5456	69.0252	-1906.199738
AL5G13850	AL3G28590	0.0085	111.3	260.7	99.0000	0.0040	0.0000	-492.527733
AL3G06370	AL1G03020	2.9597	145.8	481.2	0.2280	0.5520	2.4208	-1505.425955
AL5G02610	AL1G37180	1.8559	140.2	573.8	0.3198	0.4364	1.3646	-1691.028854
AL8G10940	AL6G30470	0.0610	191.2	570.8	0.5680	0.0171	0.0301	-1088.014572
AL5G23300	AL4G22730	1.3456	318.8	857.2	0.4195	0.3262	0.7775	-2630.289125
AL5G23490	AL4G22580	50.0000	532.0	1547.0	0.0179	1.1100	61.9013	-5508.448159
AL8G10940	AL4G10620	8.7271	123.0	606.0	0.5156	2.5109	4.8702	-1928.824973
AL2G11600	AL5G19110	1.6250	146.7	540.3	0.3463	0.3860	1.1147	-1617.328226
AL5G19110	AL1G42570	0.2235	149.0	565.0	0.4530	0.0595	0.1314	-1169.423346
AL2G11600	AL1G37180	1.8632	138.0	576.0	0.3339	0.4482	1.3424	-1695.736407
AL3G38820	AL1G42570	0.0350	150.4	566.6	0.3443	0.0083	0.0242	-993.489356
AL2G09360	AL4G08180	1.5861	155.4	570.6	0.4197	0.4080	0.9720	-1691.446620
AL2G08780	AL5G13990	11.8527	400.4	1315.6	0.0242	0.3802	15.6831	-4048.105452
AL2G08980	AL5G13850	0.1574	189.6	758.4	0.7766	0.0496	0.0639	-1484.255080
AL5G19110	AL1G37180	8.4210	138.2	548.8	0.2358	1.6989	7.2058	-1815.191488
AL8G10940	AL7G01660	50.0000	143.1	570.9	0.0259	1.9496	75.3564	-1885.616075
AL8G07250	AL3G21180	50.0000	134.5	417.5	0.0062	0.4157	67.1356	-1348.791333
