MT8G092790	MT3G095400	0.0129	164.7	306.3	0.5246	0.0033	0.0062	-647.794397	
MT8G093050	MT3G095570	1.6569	355.9	1222.1	0.1725	0.2653	1.5380	-3495.426089	
MT8G093090	MT3G095680	0.8769	210.0	672.0	0.1517	0.1254	0.8265	-1725.065692	
MT8G093290	MT3G095780	1.1944	340.2	1426.8	0.3042	0.2764	0.9086	-3833.902448	
MT8G093460	MT3G095920	1.1063	227.7	750.3	0.1669	0.1705	1.0220	-2050.464081	
MT8G093480	MT3G095960	1.1284	443.4	1674.6	0.3707	0.2775	0.7486	-4544.787750	
MT8G093570	MT3G096100	2.5894	114.5	518.5	0.2397	0.5485	2.2885	-1548.467869	
MT8G093580	MT3G096140	2.9088	171.8	653.2	0.2428	0.5878	2.4206	-2049.969762	
MT8G093730	MT3G096230	0.5766	191.5	654.5	0.1583	0.0872	0.5510	-1574.953189	
MT8G093740	MT3G096350	0.6110	136.4	448.6	0.0599	0.0437	0.7296	-1025.961774	
MT8G093780	MT3G096380	1.2573	599.3	1689.7	0.1734	0.1864	1.0750	-4712.196579	
MT8G093790	MT3G096400	1.2646	79.1	355.9	0.3347	0.3096	0.9251	-953.795236	
MT8G093840	MT3G096410	0.8137	391.5	1252.5	0.1333	0.1064	0.7986	-3179.280230	
MT8G093880	MT3G096480	0.8381	393.1	1298.9	0.1778	0.1347	0.7574	-3364.907119	
MT8G093930	MT3G096500	1.6162	216.7	719.3	0.1959	0.2762	1.4101	-2067.260568	
MT8G094150	MT3G096670	1.2506	269.8	1017.2	0.2987	0.2794	0.9352	-2816.564677	
MT8G094200	MT3G096860	1.9406	211.2	703.8	0.3109	0.4280	1.3766	-2155.682290	
MT8G094210	MT3G096890	1.1346	186.3	578.7	0.2393	0.2132	0.8909	-1627.076938	
MT8G094250	MT3G096920	2.0159	148.9	616.1	0.1050	0.2527	2.4073	-1699.938286	
MT8G094260	MT3G096930	0.9242	273.0	927.0	0.1724	0.1473	0.8541	-2448.346365	
MT8G094290	MT3G096800	1.6004	354.7	1037.3	0.1858	0.2520	1.3566	-3057.223808	
MT8G094540	MT3G096890	1.1346	186.3	578.7	0.2393	0.2132	0.8909	-1627.076938	
MT8G094580	MT3G096920	1.9904	149.8	618.2	0.1048	0.2488	2.3749	-1702.863165	
MT8G094590	MT3G096930	0.9242	273.0	927.0	0.1724	0.1473	0.8541	-2448.346365	
MT8G094740	MT3G096980	0.8526	340.8	1135.2	0.2285	0.1597	0.6989	-3000.356929	
MT8G094760	MT3G096990	1.0056	406.5	1318.5	0.3413	0.2304	0.6752	-3607.648479	
MT8G094780	MT3G097010	0.9547	375.8	1121.2	0.1538	0.1337	0.8689	-3014.307314	
MT1G082320	MT7G113950	4.9545	128.7	480.3	0.1146	0.6273	5.4756	-1491.579813	
MT1G082360	MT7G113920	1.3995	201.7	608.3	0.1222	0.1672	1.3689	-1701.807906	
MT1G082390	MT7G113860	0.9553	239.2	795.8	0.2390	0.1834	0.7674	-2143.468893	
MT1G082480	MT7G113830	1.2890	163.0	635.0	0.1815	0.2237	1.2323	-1688.439914	
MT1G082550	MT7G113800	2.3207	120.1	392.9	0.1786	0.3724	2.0856	-1204.020057	
MT1G082660	MT7G113680	0.8417	95.7	258.3	0.0751	0.0648	0.8626	-656.489421	
MT1G082760	MT7G113650	0.8985	206.9	627.1	0.0694	0.0692	0.9976	-1552.357830	
MT1G082770	MT7G113640	2.3312	120.7	431.3	0.2413	0.4605	1.9088	-1289.309518	
MT1G082880	MT7G113610	1.3322	333.2	1193.8	0.1971	0.2351	1.1929	-3234.215898	
MT1G082890	MT7G113570	0.7628	659.1	2214.9	0.1439	0.1075	0.7474	-5507.720984	
MT1G082920	MT7G113520	1.5267	444.2	1439.8	0.2097	0.2694	1.2851	-4236.387475	
MT1G083020	MT7G113410	1.5354	261.2	875.8	0.2331	0.2915	1.2505	-2558.334367	
MT1G083050	MT7G113330	1.1325	303.8	980.2	0.4790	0.3002	0.6268	-2824.659343	
MT1G083170	MT7G113180	1.5693	439.5	1516.5	0.3579	0.3728	1.0416	-4489.228626	
MT1G083290	MT7G113130	0.8376	562.0	1847.0	0.0989	0.0893	0.9032	-4610.872791	
MT1G083310	MT7G113110	2.2771	148.6	586.4	0.3756	0.5681	1.5126	-1748.512427	
MT1G083390	MT7G112740	1.0161	314.7	915.3	0.2308	0.1828	0.7921	-2529.716712	
MT1G083400	MT7G112760	1.5723	180.0	660.0	0.1974	0.2801	1.4188	-1923.435999	
MT1G083460	MT7G112880	0.9538	133.8	427.2	0.0730	0.0789	1.0811	-1089.383982	
MT1G083690	MT7G112490	0.8565	226.8	787.2	0.1669	0.1349	0.8082	-2014.147454	
MT1G083750	MT7G112430	0.7245	316.6	919.4	0.1050	0.0758	0.7226	-2302.789546	
MT1G083770	MT7G112420	2.0527	400.5	1420.5	0.3219	0.4676	1.4527	-4390.835977	
MT1G083780	MT7G112400	0.6855	127.1	442.9	0.2359	0.1327	0.5624	-1115.884709	
MT1G083810	MT7G112350	0.5570	308.6	1023.4	0.0914	0.0562	0.6150	-2379.726876	
MT1G082580	MT5G005450	44.4502	224.0	790.0	0.0138	0.8831	63.9643	-2617.237242	
MT1G082770	MT5G005710	16.4072	116.1	450.9	0.0238	0.5827	24.4363	-1382.127761	
MT7G113640	MT5G005710	30.3414	115.4	433.6	0.0111	0.5127	46.2068	-1325.932828	
MT0G20100	MT1G090540	0.0000	306.3	1115.7	0.3778	0.0000	0.0000	-1882.779064	
MT0G20110	MT1G090530	0.0000	158.5	579.5	0.0010	0.0000	0.0000	-998.494139	
MT0G20120	MT1G090520	0.1895	221.9	891.1	0.6792	0.0577	0.0850	-1808.871542	
MT0G20140	MT1G090490	0.0000	138.8	566.2	0.2248	0.0000	0.0000	-917.363401	
MT0G20150	MT1G090460	0.7549	104.3	372.7	0.4678	0.2015	0.4307	-968.843117	
MT0G20180	MT1G090450	0.0000	73.8	340.2	0.0010	0.0000	0.0000	-547.650793	
MT0G20190	MT1G090440	0.0000	78.7	335.3	0.0010	0.0000	0.0000	-536.689296	
MT0G20200	MT1G090430	0.0000	281.7	1089.3	0.0010	0.0000	0.0000	-1818.406057	
MT0G20210	MT1G090420	0.0000	154.5	505.5	0.0010	0.0000	0.0000	-870.953599	
MT0G20230	MT1G090400	0.0000	116.9	642.1	0.0010	0.0000	0.0000	-994.616656	
MT0G20250	MT1G090380	0.0000	155.9	729.1	0.0010	0.0000	0.0000	-1172.144354	
MT0G20260	MT1G090370	0.0000	109.5	574.5	0.2571	0.0000	0.0000	-896.975797	
MT0G20270	MT1G090350	0.0000	124.3	631.7	0.0010	0.0000	0.0000	-996.595427	
MT0G20280	MT1G090340	0.0000	897.4	2765.6	0.3209	0.0000	0.0000	-4850.879842	
MT0G20290	MT1G090330	0.0000	188.7	690.3	0.0010	0.0000	0.0000	-1182.908214	
MT0G20300	MT1G090320	0.0000	400.5	1798.5	0.0010	0.0000	0.0000	-2908.721945	
MT0G20310	MT1G090310	0.0000	281.4	1149.6	0.0010	0.0000	0.0000	-1928.831093	
MT0G20320	MT1G090300	0.0000	288.1	1049.9	0.4146	0.0000	0.0000	-1763.182113	
MT0G20330	MT1G090290	0.0000	68.0	292.0	0.3843	0.0000	0.0000	-466.613579	
MT0G20340	MT1G090270	1.2853	166.4	715.6	0.5876	0.3783	0.6439	-1998.091691	
MT3G071300	MT5G082940	2.4721	104.7	357.3	0.1645	0.3830	2.3287	-1092.322075	
MT3G071420	MT5G083010	0.8961	96.0	360.0	0.0970	0.1009	1.0407	-875.071908	
MT3G071450	MT5G083050	0.8827	370.2	1156.8	0.2328	0.1635	0.7026	-3118.589603	
MT3G071510	MT5G083110	2.0218	151.4	487.6	0.2291	0.3750	1.6369	-1522.382369	
MT3G071530	MT5G083150	0.9832	364.4	1309.6	0.2001	0.1752	0.8758	-3454.214886	
MT3G071590	MT5G083230	1.3723	75.6	344.4	0.1408	0.2181	1.5485	-888.321115	
MT3G071650	MT5G083260	1.1526	244.5	817.5	0.1258	0.1478	1.1749	-2178.152969	
MT3G071740	MT5G083270	1.6035	126.0	375.0	0.1006	0.1646	1.6352	-1053.781233	
MT3G071890	MT5G083360	0.8511	372.4	1247.6	0.1096	0.0989	0.9027	-3137.626937	
MT3G071950	MT5G083500	0.9899	287.6	1161.4	0.1478	0.1539	1.0412	-2880.584653	
MT3G071960	MT5G083520	1.1664	175.4	541.6	0.3105	0.2519	0.8115	-1545.906205	
MT3G071980	MT5G083530	0.9404	197.2	588.8	0.1968	0.1549	0.7870	-1584.133616	
MT3G071990	MT5G083560	1.4268	190.1	691.9	0.2381	0.2815	1.1819	-1939.191846	
MT3G072040	MT5G083740	1.1404	328.5	1162.5	0.1643	0.1792	1.0912	-3093.850570	
MT3G072080	MT5G083750	0.8739	189.6	668.4	0.0618	0.0669	1.0826	-1558.673878	
MT3G072110	MT5G083760	3.7482	358.5	925.5	0.0998	0.3550	3.5580	-2958.938864	
MT3G072190	MT5G083860	6.2247	222.3	716.7	0.0401	0.3112	7.7614	-2176.007444	
MT3G072350	MT5G083980	1.2422	341.6	1155.4	0.3073	0.2734	0.8898	-3229.506492	
MT3G072360	MT5G083970	2.7055	153.8	449.2	0.1591	0.3842	2.4140	-1397.943828	
MT5G083170	MT4G014540	2.3403	144.9	575.1	0.0857	0.2478	2.8922	-1562.856486	
MT3G071650	MT4G014430	8.3533	244.0	803.0	0.0475	0.4908	10.3312	-2569.385877	
MT5G083260	MT4G014430	50.0000	222.9	824.1	0.0065	0.4988	76.4399	-2539.860164	
MT5G083440	MT4G014070	9.9096	101.6	459.4	0.0984	1.2424	12.6207	-1456.783071	
MT5G083490	MT4G014060	2.2443	159.2	479.8	0.1825	0.3535	1.9372	-1451.566390	
MT1G086370	MT7G110060	0.5125	290.6	933.4	0.1049	0.0564	0.5382	-2194.852293	
MT1G086390	MT7G110050	0.6835	252.8	890.2	0.1769	0.1123	0.6347	-2154.290012	
MT1G086480	MT7G109960	0.5290	135.5	404.5	0.0073	0.0050	0.6876	-881.509235	
MT1G086590	MT7G109870	0.9199	294.4	944.6	0.2234	0.1679	0.7516	-2513.901782	
MT1G086600	MT7G109830	0.9560	412.2	1501.8	0.1493	0.1431	0.9583	-3837.351827	
MT1G086790	MT7G109800	1.6319	111.3	500.7	0.3381	0.4012	1.1865	-1406.862686	
MT1G086870	MT7G109670	1.1668	225.8	788.2	0.1757	0.1902	1.0825	-2153.191993	
MT1G086940	MT7G109610	0.5614	149.6	507.4	0.0930	0.0581	0.6248	-1190.630626	
MT1G086950	MT7G109590	1.6301	197.9	645.1	0.2510	0.3195	1.2731	-1879.378129	
MT1G086970	MT7G109580	1.5371	259.1	1147.9	0.2084	0.3015	1.4466	-3066.400007	
MT1G086980	MT7G109560	1.5264	224.5	873.5	0.2313	0.3030	1.3097	-2462.268641	
MT1G087150	MT7G109460	1.4436	123.8	485.2	0.1948	0.2614	1.3422	-1323.835517	
MT1G087230	MT7G109410	1.1573	113.1	450.9	0.4117	0.2998	0.7284	-1210.136531	
MT1G087240	MT7G109390	0.9574	494.2	1494.8	0.0991	0.0979	0.9881	-3848.566598	
MT1G087270	MT7G109360	1.5328	321.2	1067.8	0.0726	0.1292	1.7801	-2856.994210	
MT1G087330	MT7G109350	1.3423	444.3	1370.7	0.2532	0.2599	1.0262	-3997.811740	
MT1G087540	MT7G109320	6.3921	104.9	489.1	0.4290	1.7252	4.0217	-1533.249569	
MT1G087580	MT7G109340	2.7414	115.5	415.5	0.2303	0.5291	2.2974	-1282.758766	
MT1G087690	MT7G109350	1.3423	444.3	1370.7	0.2532	0.2599	1.0262	-3997.811740	
MT8G076110	MT5G021710	2.3780	150.7	656.3	0.2352	0.4932	2.0965	-1944.480783	
MT8G076150	MT5G021690	0.4672	130.0	362.0	0.0252	0.0139	0.5510	-785.621995	
MT8G076160	MT5G021610	0.8309	110.6	381.4	0.1051	0.0950	0.9041	-944.137137	
MT8G076190	MT5G021650	1.5811	370.4	1405.6	0.2460	0.3215	1.3071	-4020.722654	
MT8G076210	MT5G021530	0.7924	235.9	766.1	0.2247	0.1458	0.6487	-1984.447364	
MT8G076260	MT5G021410	1.1422	157.2	514.8	0.1303	0.1486	1.1406	-1399.812200	
MT8G076290	MT5G021390	1.4629	370.0	1043.0	0.0949	0.1394	1.4691	-2903.389371	
MT8G076340	MT5G021340	1.9279	161.5	540.5	0.2792	0.4031	1.4441	-1655.286801	
MT8G076360	MT5G021290	50.0000	184.6	718.4	0.0123	0.9592	77.8019	-2321.920411	
MT8G076490	MT5G021260	0.5950	109.6	373.4	0.0815	0.0558	0.6839	-872.612519	
MT8G076510	MT5G021220	1.3637	235.9	745.1	0.3600	0.3185	0.8845	-2173.651415	
MT8G076820	MT5G021060	0.8220	220.3	718.7	0.1084	0.0935	0.8630	-1805.631001	
MT8G076880	MT5G021050	1.1523	281.5	1047.5	0.1689	0.1881	1.1135	-2757.686524	
MT8G076900	MT5G020940	1.2727	246.6	797.4	0.2033	0.2203	1.0836	-2208.513172	
MT8G076920	MT5G020980	19.2386	273.1	980.9	0.0137	0.3854	28.0661	-2959.217489	
MT8G077480	MT5G020570	1.3406	313.7	1042.3	0.3388	0.3079	0.9088	-3017.232103	
MT8G077810	MT5G020020	0.8272	241.1	910.9	0.1183	0.1077	0.9104	-2202.693621	
MT8G077830	MT5G019950	0.8377	335.7	951.3	0.2262	0.1475	0.6523	-2537.604551	
MT8G077850	MT5G019940	1.5003	201.9	812.1	0.1875	0.2685	1.4318	-2240.013930	
MT8G077890	MT5G019870	2.5046	310.3	1060.7	0.1375	0.3450	2.5096	-3067.079669	
MT8G077940	MT5G019750	2.2526	233.9	642.1	0.1522	0.3018	1.9834	-2001.600791	
MT8G078070	MT5G019460	2.8229	224.2	723.8	0.0508	0.1738	3.4180	-2007.156965	
MT8G078100	MT5G019430	2.7450	82.9	298.1	0.0576	0.2007	3.4854	-792.111207	
MT8G078170	MT5G019350	1.7718	230.5	666.5	0.2252	0.3135	1.3921	-2035.721960	
MT8G078200	MT5G019330	2.6011	202.9	571.1	0.0872	0.2317	2.6559	-1674.686992	
MT8G078240	MT5G019220	1.5795	243.9	746.1	0.1083	0.1738	1.6052	-2118.873031	
MT8G078250	MT5G019120	1.2356	232.0	794.0	0.2320	0.2355	1.0153	-2232.742105	
MT8G078280	MT5G019060	1.3630	275.2	882.8	0.1346	0.1798	1.3351	-2382.314055	
MT8G078410	MT5G018900	0.6920	312.2	1064.8	0.1561	0.1036	0.6640	-2644.081964	
MT8G077290	MT5G020250	1.6688	215.9	654.1	0.1489	0.2300	1.5448	-1890.588152	
MT8G077300	MT5G020270	1.3834	349.0	986.0	0.1789	0.2096	1.1718	-2821.915300	
MT8G077620	MT5G020580	1.2262	259.4	760.6	0.2838	0.2490	0.8773	-2233.380015	
MT5G019960	MT0G08660	0.0000	110.6	579.4	0.0010	0.0000	0.0000	-908.209076	
MT8G077830	MT0G08670	0.8377	335.7	951.3	0.2262	0.1475	0.6523	-2537.604551	
MT5G019950	MT0G08670	0.0000	320.6	969.4	0.0010	0.0000	0.0000	-1693.294304	
MT8G077850	MT0G08680	1.4315	196.9	817.1	0.1813	0.2543	1.4023	-2223.393352	
MT5G019940	MT0G08680	0.1147	202.7	811.3	0.6724	0.0349	0.0518	-1554.430783	
MT5G019920	MT0G08690	0.0000	112.4	391.6	0.0010	0.0000	0.0000	-662.668572	
MT5G019910	MT0G08700	0.0000	177.8	482.2	0.5160	0.0000	0.0000	-889.367335	
MT5G019900	MT0G08710	0.0000	90.1	422.9	0.0010	0.0000	0.0000	-675.034821	
MT5G019880	MT0G08730	0.0000	220.5	883.5	0.3260	0.0000	0.0000	-1442.060731	
MT8G077890	MT0G08740	2.5046	310.3	1060.7	0.1375	0.3450	2.5096	-3067.079669	
MT5G019870	MT0G08740	0.0000	281.6	1089.4	0.0010	0.0000	0.0000	-1755.773854	
MT5G019860	MT0G08750	0.3471	179.8	813.2	0.7007	0.1074	0.1533	-1742.035205	
MT5G019810	MT0G08780	0.0000	360.0	1644.0	0.0010	0.0000	0.0000	-2668.466537	
MT5G019790	MT0G08810	0.0000	302.1	1023.9	0.0010	0.0000	0.0000	-1764.449762	
MT5G019780	MT0G08820	0.0000	99.4	353.6	0.0010	0.0000	0.0000	-596.202548	
MT8G077940	MT0G08850	2.2526	233.9	642.1	0.1522	0.3018	1.9834	-2001.600791	
MT5G019750	MT0G08850	0.0000	192.3	683.7	0.0010	0.0000	0.0000	-1170.947069	
MT5G019740	MT0G08860	0.0000	69.6	407.4	0.0010	0.0000	0.0000	-574.651053	
MT0G08660	MT5G019960	0.0000	110.6	579.4	0.0010	0.0000	0.0000	-908.209076	
MT0G08670	MT5G019950	0.0000	320.6	969.4	0.0010	0.0000	0.0000	-1693.294304	
MT0G08680	MT5G019940	0.1147	202.7	811.3	0.6724	0.0349	0.0518	-1554.430783	
MT0G08690	MT5G019920	0.0000	112.4	391.6	0.0010	0.0000	0.0000	-662.668572	
MT0G08700	MT5G019910	0.0000	177.8	482.2	0.5160	0.0000	0.0000	-889.367335	
MT0G08710	MT5G019900	0.0000	90.1	422.9	0.0010	0.0000	0.0000	-675.034821	
MT0G08730	MT5G019880	0.0000	220.5	883.5	0.3260	0.0000	0.0000	-1442.060731	
MT0G08740	MT5G019870	0.0000	281.6	1089.4	0.0010	0.0000	0.0000	-1755.773854	
MT0G08750	MT5G019860	0.3471	179.8	813.2	0.7007	0.1074	0.1533	-1742.035205	
MT0G08780	MT5G019810	0.0000	360.0	1644.0	0.0010	0.0000	0.0000	-2668.466537	
MT0G08810	MT5G019790	0.0000	302.1	1023.9	0.0010	0.0000	0.0000	-1764.449762	
MT0G08820	MT5G019780	0.0000	99.4	353.6	0.0010	0.0000	0.0000	-596.202548	
MT0G08850	MT5G019750	0.0000	192.3	683.7	0.0010	0.0000	0.0000	-1170.947069	
MT0G08860	MT5G019740	0.0000	69.6	407.4	0.0010	0.0000	0.0000	-574.651053	
MT3G099870	MT5G066620	50.0000	152.4	507.6	0.0186	1.2665	67.9771	-1715.965860	
MT3G099900	MT5G066560	1.3857	234.0	684.0	0.5542	0.3833	0.6916	-2092.822305	
MT3G100040	MT5G066510	4.9281	175.0	599.0	0.1323	0.6617	4.9994	-1944.491417	
MT3G100190	MT5G066340	2.3125	515.0	2155.0	0.1110	0.3030	2.7285	-5839.412784	
MT3G100200	MT5G066330	1.2919	82.1	370.9	0.2258	0.2656	1.1761	-975.750575	
MT3G100230	MT5G066320	50.0000	283.3	1411.7	0.0282	2.4618	87.4417	-4471.510607	
MT3G100330	MT5G066100	1.7818	136.2	520.8	0.1497	0.2728	1.8220	-1463.521040	
MT3G100390	MT5G066230	1.7843	355.8	1294.2	0.4097	0.4538	1.1076	-3932.172384	
MT3G100400	MT5G066250	4.7147	132.3	383.7	0.1186	0.5409	4.5618	-1266.608431	
MT3G100470	MT5G066020	3.2542	169.8	544.2	0.0956	0.3337	3.4924	-1680.740887	
MT3G100480	MT5G066000	1.1046	405.7	1367.3	0.2528	0.2197	0.8688	-3785.898523	
MT3G100550	MT5G065970	1.6037	216.9	794.1	0.1614	0.2528	1.5665	-2217.584802	
MT3G100580	MT5G065960	1.0985	508.7	1819.3	0.3344	0.2552	0.7631	-4953.968969	
MT3G100190	MT5G032060	4.7021	573.9	2096.1	0.1174	0.5990	5.1039	-6391.705002	
MT5G066340	MT5G032060	4.6700	564.2	2105.8	0.1001	0.5367	5.3637	-6362.323726	
MT3G100200	MT5G032070	8.1674	74.6	378.4	0.0294	0.4237	14.3885	-1046.584522	
MT5G066330	MT5G032070	10.9697	72.2	380.8	0.0144	0.3075	21.3171	-999.298333	
MT3G100280	MT5G032090	4.7829	244.5	754.5	0.0599	0.3292	5.4974	-2337.523141	
MT3G100310	MT5G032100	2.2421	314.9	996.1	0.0723	0.1831	2.5326	-2826.036991	
MT5G066080	MT5G032370	3.3630	103.7	358.3	0.3330	0.7733	2.3219	-1153.812949	
MT3G100480	MT5G032380	5.3512	388.8	1378.2	0.0641	0.4233	6.6060	-4231.609000	
MT5G066000	MT5G032380	2.9561	384.0	1386.0	0.1630	0.4661	2.8596	-4272.002827	
MT3G100570	MT5G032420	10.3460	249.5	659.5	0.0124	0.1512	12.1638	-1914.978792	
MT3G064640	MT5G077050	50.0000	92.4	273.6	0.0097	0.6199	64.2130	-911.837145	
MT3G064740	MT5G077090	1.3713	126.8	341.2	0.1148	0.1480	1.2890	-956.135098	
MT3G065020	MT5G077370	1.4269	112.5	466.5	0.1778	0.2505	1.4089	-1260.099413	
MT3G065080	MT5G077510	1.3817	224.2	957.8	0.1612	0.2318	1.4379	-2509.941622	
MT3G064480	MT5G077000	0.5736	86.3	240.7	0.1393	0.0727	0.5217	-607.666268	
MT3G064500	MT5G076960	1.6215	217.5	745.5	0.2005	0.2844	1.4183	-2134.543052	
MT3G064510	MT5G076950	1.1356	173.7	564.3	0.1916	0.1899	0.9914	-1567.580987	
MT3G064580	MT5G076850	1.9282	160.6	664.4	0.2269	0.3864	1.7034	-1934.015113	
MT3G064610	MT5G076830	1.0407	72.4	236.6	0.1335	0.1377	1.0312	-597.366396	
MT3G063990	MT5G076250	1.6027	152.1	531.9	0.2287	0.3053	1.3350	-1552.786589	
MT3G064050	MT5G076270	0.6857	293.1	933.9	0.1197	0.0829	0.6927	-2324.984037	
MT3G064190	MT5G076300	1.3719	539.7	1806.3	0.2650	0.2792	1.0535	-5126.387956	
MT3G064310	MT5G076480	1.3070	160.7	460.3	0.2463	0.2431	0.9872	-1330.799572	
MT3G064390	MT5G076590	0.4755	158.1	423.9	0.0636	0.0317	0.4985	-989.395225	
MT5G076840	MT3G070590	4.5637	444.2	1556.8	0.2221	0.8559	3.8532	-5081.539213	
MT3G064640	MT3G070660	9.0135	88.9	229.1	0.0126	0.1309	10.4145	-647.327653	
MT5G077100	MT3G070800	50.0000	183.5	818.5	0.0095	0.8314	87.3134	-2530.577086	
MT2G095880	MT4G061550	2.2210	209.4	786.6	0.3775	0.5498	1.4564	-2402.022367	
MT2G095970	MT4G061590	0.9097	284.4	1026.6	0.1328	0.1255	0.9449	-2593.926634	
MT2G095980	MT4G061610	0.6480	246.1	821.9	0.1658	0.1001	0.6033	-2025.319121	
MT2G096080	MT4G061910	1.8056	115.5	457.5	0.1426	0.2721	1.9084	-1282.141808	
MT2G096190	MT4G062100	0.9326	355.8	1162.2	0.1222	0.1159	0.9480	-2934.798920	
MT2G096210	MT4G062170	1.1948	276.3	1013.7	0.1172	0.1524	1.3005	-2624.485244	
MT2G096230	MT4G062330	4.2529	102.6	335.4	0.4282	1.0799	2.5221	-1129.072117	
MT2G096290	MT4G063030	0.9776	391.0	1292.0	0.4463	0.2530	0.5668	-3550.446914	
MT2G096300	MT4G063040	0.7568	241.1	718.9	0.1761	0.1160	0.6587	-1861.558534	
MT2G096340	MT4G063060	0.5667	104.4	345.6	0.0235	0.0178	0.7557	-749.307080	
MT2G096360	MT4G063070	2.4927	138.9	503.1	0.2071	0.4545	2.1942	-1495.392149	
MT2G096380	MT4G063100	2.6595	101.0	517.0	0.1725	0.4969	2.8815	-1469.518352	
MT2G096550	MT4G063160	0.9646	137.7	453.3	0.1681	0.1493	0.8883	-1198.399089	
MT2G095880	MT6G083980	50.0000	197.2	753.8	0.0098	0.7597	77.4565	-2431.007927	
MT4G061550	MT6G083980	50.0000	200.6	744.4	0.0112	0.8473	75.3533	-2399.126966	
MT2G037600	MT4G127550	0.7896	239.3	846.7	0.1571	0.1206	0.7677	-2143.397635	
MT2G037760	MT4G127530	1.4926	109.4	418.6	0.1650	0.2429	1.4717	-1153.611403	
MT2G037770	MT4G127490	1.2601	252.9	860.1	0.2003	0.2202	1.0995	-2394.915201	
MT2G037850	MT4G127480	0.7863	500.3	1524.7	0.1591	0.1137	0.7145	-3947.139918	
MT2G037930	MT4G127450	0.8841	552.6	1907.4	0.2784	0.1863	0.6690	-5040.824275	
MT2G037980	MT4G127440	0.9741	348.8	1187.2	0.1505	0.1423	0.9454	-3050.051522	
MT2G038010	MT4G127420	2.4509	191.0	661.0	0.2937	0.5308	1.8072	-2099.606672	
MT2G038020	MT4G127380	1.1063	328.5	952.5	0.1756	0.1673	0.9529	-2654.963176	
MT2G038200	MT4G127290	1.3952	409.5	1762.5	0.2202	0.2788	1.2665	-4766.294955	
MT2G038210	MT4G127210	0.8187	624.9	1934.1	0.2621	0.1617	0.6170	-5127.400729	
MT2G038380	MT4G127120	1.3737	222.4	689.6	0.2028	0.2338	1.1529	-1996.229241	
MT2G038450	MT4G127090	1.6362	132.2	362.8	0.2236	0.2830	1.2655	-1088.739912	
MT2G038580	MT4G126900	2.5836	96.0	420.0	0.2835	0.5859	2.0664	-1243.839112	
MT2G038860	MT4G126920	0.9007	169.4	649.6	0.1904	0.1597	0.8390	-1647.173686	
MT3G082660	MT4G027260	0.0000	461.7	1464.3	0.5117	0.0000	0.0000	-2558.915396	
MT3G082720	MT4G027190	0.8597	80.8	294.2	0.4555	0.2279	0.5003	-791.377262	
MT3G082750	MT4G027180	0.0000	340.1	1141.9	0.0010	0.0000	0.0000	-1970.867820	
MT3G082760	MT4G027170	0.0167	96.0	456.0	0.3917	0.0044	0.0112	-748.025046	
MT3G082770	MT4G027160	0.0031	286.5	709.5	99.0000	0.0014	0.0000	-1325.532057	
MT3G082790	MT4G027140	0.0000	244.2	1222.8	0.4396	0.0000	0.0000	-1938.643590	
MT3G082810	MT4G027120	0.0000	419.2	1542.8	0.4305	0.0000	0.0000	-2607.668745	
MT3G082820	MT4G027110	0.0000	134.4	441.6	0.4638	0.0000	0.0000	-743.044580	
MT3G082830	MT4G027100	0.0000	206.1	825.9	0.0010	0.0000	0.0000	-1377.517834	
MT3G082840	MT4G027090	0.0000	362.3	1593.7	0.0010	0.0000	0.0000	-2593.799851	
MT3G082680	MT4G027220	0.0000	215.3	756.7	0.0010	0.0000	0.0000	-1305.087456	
MT3G082690	MT4G027230	0.0000	276.6	1091.4	0.0010	0.0000	0.0000	-1820.908658	
MT3G082700	MT4G027240	0.0000	332.7	1248.3	0.0010	0.0000	0.0000	-2072.141907	
MT0G16600	MT0G36470	0.0000	104.2	492.8	0.0010	0.0000	0.0000	-787.602387	
MT0G16610	MT0G36480	0.0103	269.3	612.7	0.0010	0.0000	0.0112	-1199.601520	
MT0G16630	MT0G36500	0.0053	292.3	853.7	99.0000	0.0024	0.0000	-1553.737323	
MT0G16690	MT0G36570	0.0000	47.3	291.7	0.0010	0.0000	0.0000	-439.610405	
MT0G16700	MT0G36580	0.0000	294.2	1634.8	0.0010	0.0000	0.0000	-2507.146098	
MT0G16710	MT0G36590	0.0000	274.6	880.4	0.0010	0.0000	0.0000	-1559.948658	
MT0G16730	MT0G36610	0.0000	57.7	311.3	0.3311	0.0000	0.0000	-476.208627	
MT0G16740	MT0G36620	0.0000	370.0	1115.0	0.0010	0.0000	0.0000	-1972.123946	
MT0G16760	MT0G36640	0.0000	163.6	508.4	0.0010	0.0000	0.0000	-892.217376	
MT0G16770	MT0G36650	0.0000	131.0	580.0	0.2790	0.0000	0.0000	-936.323059	
MT0G16780	MT0G36660	0.0000	196.3	730.7	0.3735	0.0000	0.0000	-1227.194866	
MT0G16790	MT0G36670	0.0000	183.7	770.3	0.2407	0.0000	0.0000	-1270.093639	
MT0G16610	MT1G018550	1.2389	198.3	665.7	0.1928	0.2106	1.0924	-1818.457457	
MT0G36480	MT1G018550	1.1975	195.5	668.5	0.2000	0.2096	1.0476	-1814.268223	
MT0G16630	MT1G018580	1.9035	268.1	805.9	0.0897	0.1796	2.0021	-2276.072981	
MT0G36500	MT1G018580	1.9282	269.9	804.1	0.0890	0.1799	2.0215	-2275.751698	
MT0G16710	MT1G018620	0.8872	273.8	881.2	0.1612	0.1324	0.8214	-2334.682872	
MT0G36590	MT1G018620	0.8872	273.8	881.2	0.1612	0.1324	0.8214	-2334.682872	
MT0G16790	MT1G018680	5.2954	211.6	742.4	0.0630	0.4107	6.5165	-2251.630656	
MT0G36670	MT1G018680	5.2954	211.6	742.4	0.0630	0.4107	6.5165	-2251.630656	
MT6G045330	MT4G132490	0.0000	219.3	716.7	0.4018	0.0000	0.0000	-1245.059531	
MT6G045340	MT4G132500	0.0262	653.7	2373.3	1.0948	0.0089	0.0081	-4240.576197	
MT6G045400	MT4G132560	0.0960	119.4	534.6	0.3848	0.0248	0.0644	-975.315852	
MT6G045410	MT4G132570	0.0000	476.5	1635.5	0.0010	0.0000	0.0000	-2830.502524	
MT6G045480	MT4G132620	0.1120	481.0	1589.0	0.7324	0.0344	0.0470	-3141.722073	
MT6G045490	MT4G132610	0.0000	468.7	2645.3	0.0010	0.0000	0.0000	-4085.973613	
MT6G045500	MT4G132600	0.0000	106.0	380.0	0.3942	0.0000	0.0000	-633.569039	
MT6G045510	MT4G132590	0.0000	290.6	1032.4	0.3804	0.0000	0.0000	-1763.902064	
MT6G045670	MT4G132430	0.0000	257.0	784.0	0.0010	0.0000	0.0000	-1382.329328	
MT6G045690	MT4G132450	0.0000	145.9	691.1	0.4960	0.0000	0.0000	-1094.094283	
MT6G045700	MT4G132460	0.0000	197.5	951.5	0.3880	0.0000	0.0000	-1506.524852	
MT4G132430	MT4G107970	50.0000	234.8	782.2	0.0098	0.6868	69.9054	-2527.090385	
MT4G132460	MT4G107870	8.9119	225.7	917.3	0.0350	0.4604	13.1722	-2757.848533	
MT6G045400	MT4G107780	4.2555	131.2	495.8	0.2131	0.8003	3.7553	-1584.884299	
MT4G132560	MT4G107780	4.4897	131.3	495.7	0.1932	0.7984	4.1327	-1583.663666	
MT4G100500	MT5G013040	0.9369	123.3	488.7	0.1543	0.1485	0.9619	-1236.157401	
MT4G100550	MT5G013010	1.1898	121.5	445.5	0.0814	0.1159	1.4253	-1119.512474	
MT4G100640	MT5G012920	0.5505	439.1	1384.9	0.1452	0.0759	0.5228	-3336.130127	
MT4G100650	MT5G012910	2.1425	117.8	356.2	0.2824	0.4377	1.5498	-1117.404755	
MT4G100800	MT5G012780	1.2313	1447.4	4705.6	0.3423	0.2827	0.8258	-13272.872119	
MT4G100810	MT5G012770	0.6914	287.1	1002.9	0.1392	0.0970	0.6968	-2463.501902	
MT4G100840	MT5G012650	1.2250	265.8	754.2	0.3443	0.2729	0.7925	-2198.911849	
MT4G100860	MT5G012630	1.7669	142.9	547.1	0.2112	0.3321	1.5725	-1542.840909	
MT4G100950	MT5G012590	0.9029	362.5	1023.5	0.1356	0.1128	0.8320	-2714.243033	
MT4G100990	MT5G012490	1.3904	352.2	1081.8	0.1755	0.2152	1.2260	-3143.392812	
MT4G101020	MT5G012420	0.7113	155.0	433.0	0.2745	0.1398	0.5091	-1154.495961	
MT4G101130	MT5G012390	1.5550	272.7	777.3	0.0519	0.0903	1.7387	-2078.234764	
MT8G074760	MT5G023030	50.0000	89.4	333.6	0.0037	0.2897	77.7935	-947.184464	
MT8G074780	MT5G023040	50.0000	271.2	1072.8	0.0093	0.7397	79.6675	-3379.802461	
MT8G074810	MT5G022960	1.0197	189.6	620.4	0.2207	0.1861	0.8431	-1698.691297	
MT8G074900	MT5G022920	1.0822	94.1	304.9	0.2083	0.1902	0.9134	-839.692296	
MT8G075010	MT5G022880	50.0000	320.4	1092.6	0.0059	0.4252	72.0501	-3418.832394	
MT8G075120	MT5G022790	1.9596	293.1	867.9	0.3853	0.4656	1.2086	-2763.414775	
MT8G075150	MT5G022670	0.8273	253.2	991.8	0.1394	0.1223	0.8770	-2435.802361	
MT8G075200	MT5G022630	2.6708	221.3	807.7	0.1680	0.4311	2.5657	-2429.751954	
MT8G075240	MT5G022600	0.3905	141.9	446.1	0.0228	0.0115	0.5034	-959.489913	
MT8G075340	MT5G022470	0.8124	502.7	1693.3	0.0946	0.0849	0.8972	-4134.629675	
MT8G075350	MT5G022450	1.2310	266.7	780.3	0.1407	0.1605	1.1413	-2155.235200	
MT8G075390	MT5G022440	0.7676	275.6	888.4	0.1471	0.1078	0.7332	-2218.901674	
MT8G075510	MT5G022310	2.5321	179.2	525.8	0.1854	0.3987	2.1502	-1685.161959	
MT8G075100	MT1G025980	2.3988	209.8	702.2	0.0764	0.2115	2.7687	-1979.239724	
MT5G022870	MT1G025980	2.3853	212.7	696.3	0.0789	0.2130	2.7009	-1974.195164	
MT8G075120	MT1G025920	3.9822	279.4	869.6	0.1927	0.6577	3.4123	-2874.729118	
MT5G022790	MT1G025920	4.0978	296.8	927.2	0.1710	0.6279	3.6711	-3055.022159	
MT8G075200	MT1G025680	8.9185	213.8	818.2	0.0345	0.4377	12.6720	-2455.536905	
MT5G022630	MT1G025680	7.4039	231.6	800.4	0.0418	0.4015	9.6103	-2416.677553	
MT5G022610	MT1G025610	1.7895	592.1	1771.9	0.0661	0.1315	1.9880	-4794.492740	
MT3G069960	MT5G081630	1.0223	113.4	315.6	0.3477	0.2278	0.6551	-902.853809	
MT3G070000	MT5G081710	0.9676	249.9	716.1	0.1166	0.1090	0.9346	-1896.381384	
MT3G070090	MT5G081740	1.1086	91.0	353.0	0.3620	0.2714	0.7499	-951.233712	
MT3G070140	MT5G081870	1.2696	388.3	1261.7	0.1000	0.1358	1.3572	-3390.184794	
MT3G070170	MT5G081960	1.7957	324.0	957.0	0.1908	0.2888	1.5135	-2932.293697	
MT3G070180	MT5G081980	0.4802	244.2	682.8	0.0483	0.0259	0.5353	-1565.881575	
MT3G070190	MT5G082000	0.6422	82.8	220.2	0.1255	0.0737	0.5873	-544.723534	
MT3G070210	MT5G082070	0.6714	194.1	525.9	0.0543	0.0393	0.7236	-1260.601099	
MT3G069410	MT5G081160	0.8309	274.6	1078.4	0.1726	0.1404	0.8134	-2696.811839	
MT3G069590	MT5G081410	1.0881	241.8	940.2	0.1176	0.1431	1.2165	-2399.472074	
MT3G069670	MT5G081460	1.8842	170.5	639.5	0.2370	0.3743	1.5795	-1880.542207	
MT3G069720	MT5G081550	1.0138	246.9	884.1	0.1583	0.1564	0.9879	-2297.469439	
MT8G066310	MT5G029470	1.4980	139.8	589.2	0.2186	0.2962	1.3552	-1603.587291	
MT8G066340	MT5G029650	0.9467	184.7	589.3	0.0978	0.0986	1.0081	-1499.713931	
MT8G066460	MT5G029640	0.7172	180.0	495.0	0.1972	0.1146	0.5812	-1291.176764	
MT8G066470	MT5G029600	1.1588	142.9	418.1	0.2801	0.2334	0.8333	-1214.037792	
MT8G066610	MT5G029800	6.4632	325.4	1069.6	0.0757	0.5598	7.3962	-3443.169662	
MT8G066780	MT5G030010	1.7586	95.4	420.6	0.2468	0.3747	1.5186	-1164.218213	
MT8G066790	MT5G030070	0.9789	162.8	596.2	0.1412	0.1416	1.0028	-1515.095308	
MT8G066820	MT5G030130	0.8469	102.8	410.2	0.1111	0.1085	0.9762	-1017.985821	
MT8G067060	MT5G030360	3.2979	258.4	1139.6	0.1744	0.5864	3.3619	-3434.156779	
MT8G067280	MT5G030420	2.5623	87.1	302.9	0.1032	0.2904	2.8144	-884.429314	
MT8G067490	MT5G030690	1.9490	143.1	453.9	0.2922	0.4111	1.4067	-1416.593234	
MT8G067530	MT5G030710	0.7917	133.1	421.9	0.0806	0.0706	0.8767	-1038.403531	
MT8G067630	MT5G030920	9.3294	218.1	792.9	0.0675	0.7813	11.5767	-2585.984397	
MT4G112060	MT4G111710	0.0000	381.8	1514.2	0.0010	0.0000	0.0000	-2524.441298	
MT4G112070	MT4G111720	0.0000	207.1	758.9	0.2877	0.0000	0.0000	-1291.581008	
MT4G112080	MT4G111730	0.0031	187.8	775.2	99.0000	0.0013	0.0000	-1299.741502	
MT4G112100	MT4G111750	0.0056	119.1	444.9	0.0010	0.0000	0.0087	-765.290328	
MT4G112120	MT4G111770	0.0000	94.0	338.0	0.0010	0.0000	0.0000	-569.806732	
MT4G112130	MT4G111780	0.0000	215.0	766.0	0.0010	0.0000	0.0000	-1305.445513	
MT4G112250	MT4G111860	0.2709	183.0	768.0	0.4524	0.0732	0.1619	-1626.691062	
MT4G112270	MT4G111840	0.0000	86.6	372.4	0.0010	0.0000	0.0000	-614.085051	
MT4G112300	MT4G111810	4.4201	112.5	427.5	0.3749	1.0935	2.9164	-1415.226202	
MT4G112200	MT4G111670	0.0000	224.8	996.2	0.0010	0.0000	0.0000	-1611.811338	
MT4G112220	MT4G111650	0.0000	102.0	282.0	99.0000	0.0000	0.0000	-500.348707	
MT4G112230	MT4G111640	0.0000	100.3	391.7	0.0010	0.0000	0.0000	-650.898971	
MT4G096990	MT5G015590	0.7115	665.5	1956.5	0.1046	0.0748	0.7147	-4859.216668	
MT4G097010	MT5G015530	1.2778	204.8	689.2	0.2568	0.2561	0.9972	-1987.317719	
MT4G097080	MT5G015490	1.7706	289.7	1009.3	0.1678	0.2802	1.6702	-2947.871187	
MT4G097110	MT5G015460	1.1718	309.4	1037.6	0.1763	0.1884	1.0687	-2830.464648	
MT4G097130	MT5G015340	0.9769	197.3	576.7	0.3201	0.2112	0.6599	-1618.863716	
MT4G097230	MT5G015260	50.0000	270.3	917.7	0.0045	0.3215	72.1479	-2736.450342	
MT4G097380	MT5G015170	2.0309	255.5	701.5	0.1947	0.3217	1.6525	-2178.865163	
MT4G097440	MT5G015090	1.1115	113.2	351.8	0.2832	0.2293	0.8095	-1018.316556	
MT4G097520	MT5G015070	1.8963	181.1	838.9	0.2241	0.3914	1.7470	-2329.921235	
MT4G097880	MT5G014700	1.7440	224.7	900.3	0.0581	0.1371	2.3610	-2319.635807	
MT0G33810	MT3G096710	0.0000	274.2	874.8	0.4642	0.0000	0.0000	-1539.204237	
MT0G33830	MT3G096750	0.0000	169.1	541.9	0.4625	0.0000	0.0000	-954.997174	
MT0G33840	MT3G096760	0.0000	82.8	283.2	0.5153	0.0000	0.0000	-480.682551	
MT0G33860	MT3G096780	0.0000	231.5	785.5	0.5030	0.0000	0.0000	-1349.291269	
MT0G33870	MT3G096790	0.0000	261.0	1041.0	0.0010	0.0000	0.0000	-1719.064315	
MT0G33880	MT3G096800	0.0000	396.8	1001.2	0.0010	0.0000	0.0000	-1871.782101	
MT0G33940	MT3G096860	0.0000	178.2	736.8	0.0010	0.0000	0.0000	-1224.005920	
MT0G33950	MT3G096870	0.0000	464.9	1998.1	0.0010	0.0000	0.0000	-3310.203666	
MT0G33970	MT3G096890	0.0000	181.3	583.7	0.4592	0.0000	0.0000	-1008.605913	
MT0G33990	MT3G096900	0.0017	366.6	1562.4	0.0010	0.0000	0.0029	-2595.383491	
MT4G122310	MT4G122090	0.0136	82.6	355.4	99.0000	0.0056	0.0001	-588.614260	
MT4G122320	MT4G122100	0.0000	83.8	381.2	0.4949	0.0000	0.0000	-614.095633	
MT4G122330	MT4G122110	0.0297	118.3	394.7	1.0756	0.0101	0.0094	-712.289349	
MT4G122380	MT4G122160	0.0000	273.8	1394.2	0.0010	0.0000	0.0000	-2215.857367	
MT4G122420	MT4G122200	0.0000	235.7	790.3	0.4242	0.0000	0.0000	-1362.498846	
MT4G122440	MT4G122220	0.0000	195.1	587.9	0.4711	0.0000	0.0000	-1044.488874	
MT4G122480	MT4G122260	0.0000	123.1	365.9	0.4106	0.0000	0.0000	-646.647199	
MT4G122490	MT4G122270	0.0000	340.1	1126.9	0.2113	0.0000	0.0000	-1944.255427	
MT0G10740	MT2G100230	0.0000	255.3	953.7	0.0010	0.0000	0.0000	-1607.813436	
MT0G10750	MT2G100240	0.0000	146.3	594.7	0.0010	0.0000	0.0000	-965.209816	
MT0G10760	MT2G100250	0.0014	641.4	1497.6	0.0010	0.0000	0.0016	-2839.964104	
MT0G10770	MT2G100260	0.0000	115.8	406.2	0.2520	0.0000	0.0000	-674.387738	
MT0G10790	MT2G100280	0.0000	235.3	862.7	0.4459	0.0000	0.0000	-1469.117377	
MT0G10800	MT2G100290	0.0000	234.8	773.2	0.0010	0.0000	0.0000	-1354.273646	
MT0G10830	MT2G100340	0.0000	114.2	647.8	0.0010	0.0000	0.0000	-985.995662	
MT0G10860	MT2G100370	0.2728	73.2	286.8	0.7969	0.0864	0.1085	-612.600206	
MT0G10880	MT2G100400	0.0349	328.6	1132.4	3.5114	0.0139	0.0039	-2067.526434	
MT0G12820	MT7G060340	0.0000	214.6	772.4	0.0010	0.0000	0.0000	-1337.007689	
MT0G12890	MT7G060420	0.0000	364.3	1741.7	0.4436	0.0000	0.0000	-2761.492279	
MT0G12900	MT7G060440	0.0000	103.2	454.8	0.5603	0.0000	0.0000	-711.261973	
MT0G12910	MT7G060450	0.0000	137.3	426.7	0.3689	0.0000	0.0000	-762.536591	
MT0G12920	MT7G060460	0.0000	363.0	1275.0	0.4498	0.0000	0.0000	-2168.518707	
MT0G12930	MT7G060470	0.0000	182.5	627.5	0.3764	0.0000	0.0000	-1071.217373	
MT0G13000	MT7G060540	0.0000	432.9	1976.1	0.0010	0.0000	0.0000	-3178.800426	
MT0G13020	MT7G060560	0.0000	65.2	294.8	0.0010	0.0000	0.0000	-467.441178	
MT4G079030	MT4G078800	0.0000	104.4	369.6	0.4744	0.0000	0.0000	-619.119061	
MT4G079040	MT4G078810	0.0000	241.3	904.7	0.0010	0.0000	0.0000	-1541.532088	
MT4G079080	MT4G078850	0.0000	169.5	727.5	0.0010	0.0000	0.0000	-1185.029458	
MT4G079090	MT4G078860	0.0008	614.2	2913.8	99.0000	0.0003	0.0000	-4685.983427	
MT4G079100	MT4G078900	0.0000	216.9	965.1	0.0010	0.0000	0.0000	-1566.646622	
MT4G079110	MT4G078910	0.0000	103.3	361.7	0.3866	0.0000	0.0000	-614.170317	
MT4G079140	MT4G078940	0.0000	317.2	1152.8	0.3937	0.0000	0.0000	-1951.137593	
MT4G079160	MT4G078970	0.0000	224.8	828.2	0.2085	0.0000	0.0000	-1385.641848	
MT4G079190	MT4G079000	0.0000	81.0	459.0	0.0010	0.0000	0.0000	-668.443107	
MT8G095690	MT3G088520	0.0668	450.7	1583.3	1.5179	0.0241	0.0159	-2973.509190	
MT8G095700	MT3G088510	0.0000	258.3	1001.7	0.3782	0.0000	0.0000	-1695.364312	
MT8G095710	MT3G088500	0.0000	106.6	454.4	0.4017	0.0000	0.0000	-734.141306	
MT8G095730	MT3G088480	0.0080	542.8	2079.2	99.0000	0.0033	0.0000	-3547.842147	
MT8G095750	MT3G088440	0.7206	393.0	1071.0	0.2664	0.1381	0.5184	-2920.321385	
MT8G095780	MT3G088430	0.0000	135.5	416.5	0.0010	0.0000	0.0000	-698.997372	
MT8G095790	MT3G088420	0.0000	286.0	872.0	0.0010	0.0000	0.0000	-1559.001325	
MT8G095800	MT3G088410	0.0000	89.7	345.3	0.4860	0.0000	0.0000	-550.532204	
MT8G095810	MT3G088400	0.0000	151.5	355.5	0.5000	0.0000	0.0000	-682.526094	
MT2G089750	MT5G016010	0.0000	170.6	765.4	0.0539	0.0000	0.0000	-1233.769897	
MT2G089800	MT5G016060	0.0000	370.2	1285.8	0.4708	0.0000	0.0000	-2182.662333	
MT2G089810	MT5G016070	0.0000	332.7	1206.3	0.4793	0.0000	0.0000	-2060.676962	
MT2G089820	MT5G016080	0.0000	260.1	972.9	0.0010	0.0000	0.0000	-1646.824329	
MT2G089830	MT5G016090	0.0000	152.9	654.1	0.0010	0.0000	0.0000	-1084.133204	
MT2G089840	MT5G016100	0.0000	192.9	545.1	0.5146	0.0000	0.0000	-992.128926	
MT2G089850	MT5G016110	0.0000	425.7	1413.3	0.4164	0.0000	0.0000	-2470.441488	
MT2G089860	MT5G016120	0.0000	511.1	1570.9	0.0010	0.0000	0.0000	-2773.793678	
MT2G089890	MT5G016150	0.0000	176.7	624.3	0.4489	0.0000	0.0000	-1053.082346	
MT2G089750	MT4G095450	1.5933	194.1	741.9	0.0857	0.1653	1.9297	-1939.668009	
MT5G016010	MT4G095450	1.5933	194.1	741.9	0.0857	0.1653	1.9297	-1939.668009	
MT2G089800	MT4G095430	0.8905	270.9	962.1	0.1907	0.1536	0.8054	-2460.730155	
MT5G016060	MT4G095430	0.8905	270.9	962.1	0.1907	0.1536	0.8054	-2460.730155	
MT2G089810	MT4G095410	1.0144	368.8	1170.2	0.2146	0.1801	0.8393	-3227.079908	
MT5G016070	MT4G095410	1.0144	368.8	1170.2	0.2146	0.1801	0.8393	-3227.079908	
MT2G089830	MT4G095370	0.9175	195.0	612.0	0.2939	0.1935	0.6583	-1675.182563	
MT5G016090	MT4G095370	0.9175	195.0	612.0	0.2939	0.1935	0.6583	-1675.182563	
MT2G089860	MT4G095360	2.7107	529.3	1549.7	0.0774	0.2240	2.8933	-4553.711044	
MT5G016120	MT4G095360	2.7107	529.3	1549.7	0.0774	0.2240	2.8933	-4553.711044	
MT2G089890	MT4G095310	0.8844	196.7	604.3	0.1301	0.1116	0.8576	-1556.027880	
MT5G016150	MT4G095310	0.8844	196.7	604.3	0.1301	0.1116	0.8576	-1556.027880	
MT0G33600	MT3G011270	0.7162	490.8	1720.2	0.3199	0.1622	0.5070	-4386.958490	
MT0G33640	MT3G011230	0.0000	62.1	255.9	0.4835	0.0000	0.0000	-410.290753	
MT0G33650	MT3G011220	0.0000	91.9	307.1	0.0010	0.0000	0.0000	-529.383060	
MT0G33680	MT3G011190	0.0000	183.3	938.7	0.0010	0.0000	0.0000	-1492.488874	
MT0G33720	MT3G011150	0.0000	419.5	1440.5	0.4732	0.0000	0.0000	-2486.366116	
MT0G33740	MT3G011130	0.0325	139.9	520.1	1.5373	0.0117	0.0076	-925.608570	
MT0G33750	MT3G011120	0.0000	148.7	865.3	0.1923	0.0000	0.0000	-1324.137849	
MT0G33760	MT3G011110	0.0000	72.0	288.0	0.0010	0.0000	0.0000	-468.566608	
MT1G100520	MT3G079480	0.0225	239.1	1035.9	0.2498	0.0048	0.0192	-1743.967720	
MT1G100550	MT3G079510	0.0000	152.2	648.8	0.0010	0.0000	0.0000	-1069.095584	
MT1G100560	MT3G079520	0.0184	138.9	539.1	0.2384	0.0037	0.0155	-916.073223	
MT1G100570	MT3G079530	0.0000	190.9	865.1	0.0010	0.0000	0.0000	-1419.669565	
MT1G100600	MT3G079560	0.0000	239.5	1086.5	0.3839	0.0000	0.0000	-1760.859206	
MT1G100680	MT3G079640	0.0000	464.6	1791.4	0.2133	0.0000	0.0000	-3017.796692	
MT1G100690	MT3G079650	0.0000	203.1	906.9	0.0010	0.0000	0.0000	-1452.067211	
MT1G100720	MT3G079680	0.0000	79.7	331.3	0.7122	0.0000	0.0000	-545.382124	
MT1G100750	MT3G079710	0.0039	263.5	543.5	99.0000	0.0019	0.0000	-1075.629996	
MT0G14840	MT1G114000	0.0000	266.9	672.1	99.0000	0.0000	0.0000	-1220.423799	
MT0G14850	MT1G114010	0.0000	439.0	1490.0	0.4178	0.0000	0.0000	-2589.741184	
MT0G14860	MT1G114020	0.0000	102.0	429.0	0.0010	0.0000	0.0000	-714.955060	
MT0G14670	MT1G114100	0.0000	92.8	360.2	0.0010	0.0000	0.0000	-613.863584	
MT0G14710	MT1G114160	0.0000	180.4	761.6	0.4223	0.0000	0.0000	-1216.453581	
MT0G14720	MT1G114170	0.0000	303.7	1280.3	0.3099	0.0000	0.0000	-2114.668313	
MT0G14730	MT1G114180	0.0000	69.5	299.5	0.0010	0.0000	0.0000	-485.335030	
MT0G15160	MT1G114190	0.0000	357.8	1451.2	0.0010	0.0000	0.0000	-2424.925111	
MT6G092140	MT6G090770	0.0806	161.8	756.2	0.9135	0.0264	0.0289	-1343.817801	
MT6G092150	MT6G090780	0.2173	145.2	598.8	0.4997	0.0606	0.1212	-1212.635394	
MT6G092160	MT6G090790	0.0250	259.0	761.0	0.2004	0.0041	0.0206	-1415.304883	
MT6G092170	MT6G090800	0.0062	208.7	763.3	99.0000	0.0026	0.0000	-1294.904274	
MT6G092200	MT6G090830	0.0000	132.0	483.0	0.0010	0.0000	0.0000	-812.398929	
MT6G092210	MT6G090840	0.0000	157.9	604.1	0.2933	0.0000	0.0000	-1023.170744	
MT6G092380	MT6G090920	0.0000	53.3	282.7	0.0010	0.0000	0.0000	-439.594835	
MT6G092410	MT6G090890	0.0000	333.3	1745.7	0.0010	0.0000	0.0000	-2722.654922	
MT6G092150	MT6G091780	0.3521	167.7	576.3	0.2765	0.0738	0.2670	-1273.471586	
MT6G090780	MT6G091780	0.5627	161.7	582.3	0.3263	0.1295	0.3968	-1398.719974	
MT6G092160	MT6G091790	1.0801	253.7	922.3	0.4719	0.2900	0.6145	-2563.173808	
MT6G090790	MT6G091790	1.3193	225.1	788.9	0.4626	0.3496	0.7557	-2296.383832	
MT6G092210	MT6G091800	0.1258	195.9	566.1	0.3840	0.0297	0.0773	-1181.153810	
MT6G090840	MT6G091800	0.1258	195.9	566.1	0.3840	0.0297	0.0773	-1181.153810	
MT1G097920	MT1G097690	0.3551	171.2	749.8	0.8499	0.1146	0.1348	-1637.378420	
MT1G097970	MT1G097740	0.0000	125.3	426.7	0.3893	0.0000	0.0000	-721.007544	
MT1G098000	MT1G097760	0.0346	67.3	292.7	0.3997	0.0090	0.0226	-495.170997	
MT1G098080	MT1G097840	0.0000	220.4	547.6	0.0010	0.0000	0.0000	-1016.471836	
MT1G098090	MT1G097850	0.0000	154.2	802.8	0.0010	0.0000	0.0000	-1266.331239	
MT1G098130	MT1G097890	0.0000	168.7	731.3	0.0010	0.0000	0.0000	-1170.353741	
MT1G098140	MT1G097900	0.0203	254.2	846.8	0.2008	0.0035	0.0176	-1507.076040	
MT1G098400	MT1G098200	0.0000	104.3	396.7	0.2531	0.0000	0.0000	-648.721169	
MT3G100190	MT5G032060	4.7021	573.9	2096.1	0.1174	0.5990	5.1039	-6391.705002	
MT3G100200	MT5G032070	8.1674	74.6	378.4	0.0294	0.4237	14.3885	-1046.584522	
MT3G100280	MT5G032090	4.7829	244.5	754.5	0.0599	0.3292	5.4974	-2337.523141	
MT3G100310	MT5G032100	2.2421	314.9	996.1	0.0723	0.1831	2.5326	-2826.036991	
MT3G100480	MT5G032380	5.3512	388.8	1378.2	0.0641	0.4233	6.6060	-4231.609000	
MT3G100570	MT5G032420	10.3460	249.5	659.5	0.0124	0.1512	12.1638	-1914.978792	
MT3G100650	MT5G032600	2.7037	84.4	344.6	0.0817	0.2807	3.4352	-958.576403	
MT3G100710	MT5G032550	2.9684	201.8	701.2	0.1158	0.3657	3.1574	-2083.522032	
MT3G100990	MT5G032840	16.8040	70.9	235.1	0.0223	0.5011	22.5233	-746.514029	
MT1G008380	MT3G109520	0.9413	263.6	912.4	0.1299	0.1254	0.9656	-2339.048513	
MT1G008420	MT3G109490	2.4546	117.1	329.9	0.1977	0.3965	2.0055	-1046.669257	
MT1G008610	MT3G109470	1.5858	90.2	431.8	0.2406	0.3420	1.4215	-1167.469908	
MT1G008740	MT3G109340	1.8656	175.0	650.0	0.3981	0.4709	1.1828	-1970.346455	
MT1G008850	MT3G109310	1.2144	200.1	597.9	0.2575	0.2349	0.9123	-1720.846798	
MT1G009010	MT3G109300	0.5227	292.3	865.7	0.0580	0.0342	0.5889	-2012.156266	
MT1G009030	MT3G109280	1.6218	162.0	474.0	0.0468	0.0873	1.8664	-1238.627326	
MT2G103530	MT4G010410	2.6878	97.0	284.0	0.3584	0.6154	1.7171	-929.356750	
MT2G103810	MT4G010110	50.0000	142.9	568.1	0.0120	0.9499	79.1689	-1830.049109	
MT2G103840	MT4G010180	1.6762	131.6	423.4	0.1107	0.1924	1.7375	-1189.829714	
MT2G104050	MT4G010050	0.6756	193.7	640.3	0.1042	0.0751	0.7211	-1496.186060	
MT2G104140	MT4G009840	0.5010	197.4	768.6	0.0329	0.0238	0.7246	-1628.531916	
MT2G104230	MT4G009760	0.9439	112.4	421.6	0.2795	0.2039	0.7297	-1082.149930	
MT2G104490	MT4G009420	2.8939	126.2	449.8	0.2896	0.6275	2.1667	-1391.263950	
MT2G009750	MT4G093170	0.6991	234.7	704.3	0.1138	0.0791	0.6950	-1736.064914	
MT2G009770	MT4G093150	2.9821	152.6	543.4	0.1921	0.5172	2.6917	-1678.320389	
MT2G009980	MT4G092960	0.8767	563.2	1596.8	0.1296	0.1062	0.8197	-4240.599649	
MT2G010020	MT4G092920	0.9392	417.9	1346.1	0.0462	0.0532	1.1502	-3216.794511	
MT2G010160	MT4G092850	5.3666	137.1	477.9	0.0728	0.4661	6.3985	-1500.740173	
MT2G010350	MT4G092770	0.7822	345.9	1082.1	0.2329	0.1450	0.6227	-2826.825523	
MT2G010450	MT4G092700	2.2555	153.9	605.1	0.2752	0.4901	1.7811	-1807.485750	
MT2G010520	MT4G092610	0.9194	265.1	925.9	0.0843	0.0897	1.0637	-2264.206035	
MT2G010580	MT4G092540	6.2560	64.0	323.0	0.0251	0.2805	11.1862	-862.581983	
MT2G087410	MT4G050600	50.0000	57.7	254.3	0.0092	0.7953	86.6230	-776.250614	
MT2G087530	MT4G050540	0.4487	98.9	309.1	0.0427	0.0232	0.5445	-682.168271	
MT2G087660	MT4G050420	0.6896	260.4	972.6	0.0441	0.0413	0.9345	-2180.034753	
MT2G087740	MT4G050300	0.7655	102.1	392.9	0.1684	0.1264	0.7507	-970.528704	
MT2G088020	MT4G049730	1.5614	190.5	577.5	0.2518	0.2996	1.1900	-1734.736980	
MT2G088060	MT4G049540	2.1599	98.7	231.3	0.1441	0.2592	1.7992	-725.410854	
MT2G088080	MT4G049390	0.7838	372.2	1214.8	0.0876	0.0759	0.8662	-3000.750217	
MT2G088360	MT4G048190	0.5864	256.8	850.2	0.0398	0.0296	0.7446	-1932.103438	
MT2G087410	MT5G013810	50.0000	53.6	267.4	0.0129	1.2073	93.7210	-812.100413	
MT4G050410	MT5G013650	50.0000	117.9	347.1	0.0159	0.9971	62.8240	-1211.732687	
MT2G087680	MT5G013610	8.3157	171.0	669.0	0.0972	0.9591	9.8640	-2165.645782	
MT4G095310	MT5G016150	0.8844	196.7	604.3	0.1301	0.1116	0.8576	-1556.027880	
MT4G095360	MT5G016120	2.7107	529.3	1549.7	0.0774	0.2240	2.8933	-4553.711044	
MT4G095370	MT5G016090	0.9175	195.0	612.0	0.2939	0.1935	0.6583	-1675.182563	
MT4G095410	MT5G016070	1.0144	368.8	1170.2	0.2146	0.1801	0.8393	-3227.079908	
MT4G095430	MT5G016060	0.8905	270.9	962.1	0.1907	0.1536	0.8054	-2460.730155	
MT4G095450	MT5G016010	1.5933	194.1	741.9	0.0857	0.1653	1.9297	-1939.668009	
MT4G095500	MT5G015950	1.3252	249.3	914.7	0.1533	0.2023	1.3199	-2464.590115	
MT4G095600	MT5G015880	1.5588	160.1	436.9	0.1304	0.1863	1.4292	-1287.952118	
MT1G100800	MT1G100470	0.0000	127.1	541.9	0.0010	0.0000	0.0000	-868.656709	
MT1G100810	MT1G100480	0.0192	347.3	1566.7	0.5512	0.0056	0.0101	-2617.537065	
MT1G100820	MT1G100490	0.0000	182.0	781.0	0.0010	0.0000	0.0000	-1287.424081	
MT1G100420	MT1G100230	0.0000	271.7	937.3	0.4382	0.0000	0.0000	-1596.498052	
MT1G100430	MT1G100220	0.0000	178.3	595.7	0.4226	0.0000	0.0000	-1031.054255	
MT1G100440	MT1G100210	0.0000	607.8	2503.2	0.3426	0.0000	0.0000	-4084.903020	
MT6G012390	MT7G010930	1.2170	78.5	422.5	0.1410	0.2075	1.4715	-1014.259177	
MT6G012450	MT7G010950	1.7126	219.9	635.1	0.2117	0.2916	1.3772	-1921.376548	
MT6G012520	MT7G011060	0.6214	139.2	565.8	0.0696	0.0569	0.8177	-1251.398989	
MT6G012590	MT7G011070	0.9282	278.6	969.4	0.1664	0.1461	0.8778	-2516.069261	
MT6G012630	MT7G011080	1.7134	215.0	790.0	0.1457	0.2534	1.7388	-2234.361350	
MT6G012670	MT7G011120	2.3304	136.2	652.8	0.2807	0.5386	1.9190	-1863.294183	
MT6G012690	MT7G011170	1.5926	127.6	679.4	0.1904	0.3175	1.6669	-1783.547401	
MT6G012730	MT7G011230	1.2622	289.3	943.7	0.1660	0.1931	1.1633	-2646.466233	
MT6G012450	MT4G082060	6.6000	205.3	652.7	0.0613	0.4720	7.6935	-2078.222781	
MT7G010950	MT4G082060	5.9458	203.5	654.5	0.0669	0.4601	6.8751	-2058.904487	
MT6G012520	MT4G081950	1.3908	136.5	568.5	0.0675	0.1262	1.8695	-1407.760390	
MT7G011060	MT4G081950	1.4269	138.7	563.3	0.0730	0.1356	1.8567	-1410.861295	
MT7G011090	MT4G081880	4.7711	137.0	415.0	0.0607	0.3287	5.4130	-1255.650336	
MT6G012670	MT4G081870	4.5935	126.1	617.9	0.1060	0.6300	5.9464	-1806.689978	
MT7G011120	MT4G081870	6.2211	125.2	645.8	0.0858	0.7597	8.8531	-1913.219334	
MT6G012520	MT5G041700	2.2841	140.6	564.4	0.0367	0.1222	3.3273	-1408.604603	
MT7G011060	MT5G041700	2.1430	137.0	565.0	0.0412	0.1290	3.1277	-1408.450000	
MT4G081950	MT5G041700	0.7976	155.3	573.7	0.0836	0.0797	0.9535	-1354.170781	
MT7G011090	MT5G041900	3.4820	131.9	417.1	0.0572	0.2339	4.0909	-1194.831708	
MT4G081880	MT5G041900	1.5508	139.7	415.3	0.1813	0.2420	1.3346	-1199.314047	
MT6G012670	MT5G041940	50.0000	120.3	620.7	0.0069	0.6812	99.1789	-1801.436084	
MT7G011120	MT5G041940	50.0000	128.7	618.3	0.0080	0.7412	93.1753	-1849.994536	
MT4G081870	MT5G041940	1.5839	122.3	579.7	0.2449	0.3435	1.4027	-1568.494432	
MT8G087020	MT8G086700	0.5885	106.5	391.5	0.3134	0.1336	0.4262	-945.417843	
MT8G087300	MT8G087000	0.0000	115.9	352.1	0.4079	0.0000	0.0000	-623.951988	
MT8G086860	MT8G086630	0.0000	170.1	780.9	0.0010	0.0000	0.0000	-1265.659149	
MT8G086870	MT8G086620	0.0000	85.7	367.3	0.0281	0.0000	0.0000	-591.225839	
MT8G086880	MT8G086610	0.0000	201.2	635.8	0.0010	0.0000	0.0000	-1123.131541	
MT2G036430	MT4G127840	50.0000	203.0	748.0	0.0100	0.7530	75.2919	-2422.481398	
MT2G036600	MT4G127770	0.7442	147.5	497.5	0.0845	0.0714	0.8441	-1191.336145	
MT2G036650	MT4G127710	0.7817	700.8	2119.2	0.0734	0.0630	0.8579	-5173.408582	
MT2G036740	MT4G127680	2.1712	86.2	387.8	0.2019	0.4211	2.0853	-1084.350047	
MT2G036860	MT4G127660	0.6857	674.8	2133.2	0.1796	0.1090	0.6067	-5326.442586	
MT2G036910	MT4G127630	1.1266	199.8	715.2	0.2328	0.2184	0.9380	-1916.940373	
MT2G036920	MT4G127620	1.0712	445.4	1471.6	0.2798	0.2235	0.7986	-4024.233642	
MT2G020060	MT4G118800	10.7498	135.8	395.2	0.0641	0.7572	11.8087	-1332.145192	
MT2G020210	MT4G118780	0.8309	352.8	1198.2	0.1425	0.1169	0.8204	-3017.477380	
MT2G020420	MT4G118660	1.0286	167.2	606.8	0.3314	0.2388	0.7205	-1628.467533	
MT2G020590	MT4G118640	0.8498	494.7	1530.3	0.1280	0.1063	0.8306	-3949.706960	
MT2G020710	MT4G118610	0.6292	324.9	1028.1	0.1407	0.0850	0.6043	-2467.125519	
MT2G020750	MT4G118570	0.9568	335.6	1116.4	0.1818	0.1563	0.8599	-2937.577815	
MT2G020820	MT4G118510	1.1811	261.4	722.6	0.2038	0.1932	0.9481	-2084.743402	
MT2G020850	MT4G118470	1.8958	126.4	413.6	0.1711	0.2961	1.7305	-1229.495156	
MT1G093440	MT1G093060	0.0000	210.8	728.2	0.3941	0.0000	0.0000	-1249.329848	
MT1G093470	MT1G093020	0.2960	321.4	986.6	0.2976	0.0624	0.2098	-2214.866183	
MT1G093540	MT1G092960	0.0000	72.4	284.6	0.0010	0.0000	0.0000	-478.405825	
MT1G093580	MT1G092920	0.0000	258.5	1136.5	0.0010	0.0000	0.0000	-1855.855603	
MT1G093590	MT1G092900	0.8740	290.2	987.8	0.2332	0.1668	0.7153	-2614.716663	
MT0G16970	MT0G09010	0.0000	192.3	731.7	0.4450	0.0000	0.0000	-1186.143603	
MT0G16980	MT0G09000	0.0000	119.4	657.6	0.0010	0.0000	0.0000	-1021.803659	
MT0G17000	MT0G08980	0.0000	189.9	746.1	0.4663	0.0000	0.0000	-1243.187963	
MT0G17040	MT0G08940	0.0000	286.6	1189.4	0.4317	0.0000	0.0000	-1942.482252	
MT0G17060	MT0G08920	0.0000	94.0	329.0	0.0010	0.0000	0.0000	-561.343742	
MT0G17070	MT0G08910	0.3868	95.1	330.9	0.7696	0.1208	0.1570	-778.087856	
MT0G16970	MT8G035880	0.0000	172.5	751.5	0.0010	0.0000	0.0000	-1186.143377	
MT0G09010	MT8G035880	0.0000	172.5	751.5	0.0010	0.0000	0.0000	-1186.143377	
MT0G16980	MT8G035890	0.0000	119.4	657.6	0.3881	0.0000	0.0000	-1021.803779	
MT0G09000	MT8G035890	0.0000	135.6	641.4	0.4280	0.0000	0.0000	-1021.803794	
MT0G17000	MT8G035910	0.0000	187.5	748.5	0.4292	0.0000	0.0000	-1243.187960	
MT0G08980	MT8G035910	0.0000	187.3	748.7	0.5017	0.0000	0.0000	-1243.187964	
MT0G17040	MT8G035960	0.0000	334.8	1141.2	0.5093	0.0000	0.0000	-1942.482289	
MT0G08940	MT8G035960	0.0000	330.0	1146.0	0.4521	0.0000	0.0000	-1942.482279	
MT0G17060	MT8G035990	0.1147	73.7	349.3	3.3526	0.0436	0.0130	-644.440640	
MT0G08920	MT8G035990	0.1147	73.7	349.3	3.3525	0.0436	0.0130	-644.440640	
MT1G006770	MT1G005950	0.0000	176.3	522.7	0.4584	0.0000	0.0000	-946.000817	
MT1G006790	MT1G005920	0.5644	129.2	314.8	0.5805	0.1554	0.2678	-875.773195	
MT1G006800	MT1G005910	0.0000	193.1	541.9	0.4238	0.0000	0.0000	-1004.559515	
MT1G006820	MT1G005890	0.3293	108.8	284.2	0.7095	0.0986	0.1390	-691.954357	
MT1G006840	MT1G005870	0.3408	145.0	416.0	0.6080	0.0974	0.1602	-1009.781053	
MT1G006870	MT1G005850	0.1249	124.4	379.6	0.5871	0.0355	0.0604	-779.469958	
MT1G006890	MT1G005830	0.0117	259.9	853.1	0.0901	0.0012	0.0129	-1506.239731	
MT1G006770	MT1G088830	0.0000	145.1	553.9	0.0010	0.0000	0.0000	-946.000657	
MT1G005950	MT1G088830	0.0000	180.0	519.0	0.4576	0.0000	0.0000	-946.000817	
MT1G006790	MT1G088800	0.0470	153.9	374.1	0.1503	0.0059	0.0394	-765.692957	
MT1G005920	MT1G088800	0.6425	131.6	312.4	0.5033	0.1657	0.3292	-894.851587	
MT1G006800	MT1G088790	0.2975	209.5	510.5	1.0160	0.0996	0.0980	-1279.106480	
MT1G005910	MT1G088790	0.2909	214.7	520.3	1.0203	0.0975	0.0956	-1300.319059	
MT1G006820	MT1G088770	0.1383	115.8	274.2	0.5811	0.0380	0.0653	-604.485943	
MT1G005890	MT1G088770	0.4406	114.0	288.0	0.9157	0.1431	0.1563	-749.282377	
MT1G006770	MT1G005460	0.0000	175.7	523.3	0.3645	0.0000	0.0000	-946.000808	
MT1G005950	MT1G005460	0.0000	145.1	553.9	0.0010	0.0000	0.0000	-946.000657	
MT1G088830	MT1G005460	0.0000	145.1	553.9	0.0010	0.0000	0.0000	-946.000657	
MT1G006790	MT1G005480	0.0000	144.3	383.7	0.3636	0.0000	0.0000	-720.157064	
MT1G005920	MT1G005480	0.5644	129.2	314.8	0.5805	0.1554	0.2678	-875.773195	
MT1G088800	MT1G005480	0.0470	153.9	374.1	0.1503	0.0059	0.0394	-765.692957	
MT1G006800	MT1G005490	0.0041	193.7	541.3	99.0000	0.0018	0.0000	-1012.583711	
MT1G005910	MT1G005490	0.0040	198.4	551.6	99.0000	0.0018	0.0000	-1032.134708	
MT1G088790	MT1G005490	0.2957	214.8	520.2	1.0513	0.1000	0.0951	-1303.683258	
MT2G085050	MT2G084810	0.0000	115.6	373.4	0.4508	0.0000	0.0000	-641.244036	
MT2G085110	MT2G084870	0.0000	57.1	356.9	0.0010	0.0000	0.0000	-529.654861	
MT2G085130	MT2G084890	0.0000	94.4	361.6	0.0010	0.0000	0.0000	-604.000548	
MT2G085200	MT2G084990	0.0000	334.3	1276.7	0.5188	0.0000	0.0000	-2155.258630	
MT2G085250	MT2G084920	0.0056	177.6	374.4	0.0010	0.0000	0.0058	-739.565031	
MT6G088340	MT6G087060	0.0204	189.8	728.2	0.2459	0.0042	0.0169	-1235.433260	
MT6G088350	MT6G087070	0.0000	168.5	815.5	0.0010	0.0000	0.0000	-1321.158033	
MT6G088410	MT6G087120	0.0000	201.9	701.1	0.0010	0.0000	0.0000	-1195.412899	
MT6G088430	MT6G087140	0.0000	284.8	1176.2	0.0010	0.0000	0.0000	-1948.329758	
MT6G088590	MT6G087530	0.0000	73.5	304.5	0.0010	0.0000	0.0000	-503.104554	
MT6G088600	MT6G087520	0.0000	314.3	1239.7	0.0010	0.0000	0.0000	-2082.828226	
MT4G093380	MT4G093040	0.4514	204.6	809.4	0.8345	0.1447	0.1734	-1893.861230	
MT4G093480	MT4G093150	0.0000	159.0	537.0	0.4241	0.0000	0.0000	-931.576801	
MT4G093500	MT4G093170	0.0429	228.0	711.0	0.6579	0.0127	0.0193	-1326.456476	
MT4G093730	MT4G093320	0.0000	160.5	652.5	0.0010	0.0000	0.0000	-1091.591951	
MT4G093740	MT4G093330	0.0000	62.2	273.8	0.0010	0.0000	0.0000	-431.154068	
MT4G093750	MT4G093340	0.0000	377.5	1434.5	0.0010	0.0000	0.0000	-2431.819135	
MT4G093760	MT4G093350	0.0418	42.2	260.8	0.3092	0.0106	0.0344	-402.995196	
MT4G093560	MT2G009600	1.6639	123.3	398.7	0.1311	0.2163	1.6490	-1135.449325	
MT4G093650	MT2G009650	1.2932	402.0	1203.0	0.2921	0.2682	0.9183	-3544.483800	
MT4G093750	MT2G009690	0.8351	455.1	1356.9	0.1060	0.0893	0.8422	-3489.330212	
MT4G093340	MT2G009690	0.8351	455.1	1356.9	0.1060	0.0893	0.8422	-3489.330212	
MT1G018240	MT1G018030	0.0000	143.7	408.3	0.3969	0.0000	0.0000	-743.119503	
MT1G018250	MT1G018040	0.0125	207.9	878.1	0.0650	0.0011	0.0170	-1459.540575	
MT1G018340	MT1G018130	0.0000	114.2	548.8	0.0010	0.0000	0.0000	-879.233437	
MT1G018350	MT1G018120	0.0000	696.3	2402.7	0.5160	0.0000	0.0000	-4150.854571	
MT1G018370	MT1G018100	0.0000	285.5	911.5	0.4783	0.0000	0.0000	-1601.839823	
MT1G018380	MT1G018090	0.0000	148.5	976.5	0.0010	0.0000	0.0000	-1445.845621	
MT1G019740	MT3G101590	1.4983	305.3	1122.7	0.1906	0.2618	1.3732	-3153.446431	
MT1G019750	MT3G101560	1.2596	152.2	621.8	0.3604	0.3113	0.8637	-1662.825975	
MT1G019760	MT3G101540	0.6929	313.2	937.8	0.1318	0.0872	0.6614	-2360.892396	
MT1G019780	MT3G101480	0.8954	215.0	745.0	0.2461	0.1770	0.7193	-1958.023104	
MT1G019940	MT3G101400	1.1618	261.2	926.8	0.1144	0.1434	1.2528	-2413.995843	
MT1G021040	MT3G101340	0.9686	334.7	1192.3	0.2770	0.2054	0.7414	-3167.620444	
MT1G021070	MT3G101320	1.3059	112.1	580.9	0.1374	0.2160	1.5719	-1430.561506	
MT3G101490	MT4G086420	5.9857	260.1	915.9	0.0484	0.3728	7.7073	-2739.816383	
MT3G101380	MT4G086580	2.4091	186.1	653.9	0.0984	0.2651	2.6933	-1838.483102	
MT3G101370	MT4G086600	2.3354	220.3	841.7	0.0994	0.2703	2.7198	-2352.716081	
MT1G021070	MT4G086620	50.0000	135.8	557.2	0.0043	0.3630	83.5806	-1614.040530	
MT3G101320	MT4G086620	7.9461	140.5	552.5	0.0338	0.3895	11.5367	-1630.916667	
MT3G060730	MT5G096420	0.4584	135.9	428.1	0.0330	0.0189	0.5744	-926.778951	
MT3G060850	MT5G096470	0.7081	158.3	501.7	0.1897	0.1166	0.6146	-1292.426586	
MT3G060880	MT5G096530	31.4232	254.6	855.4	0.0158	0.6868	43.3640	-2794.321404	
MT3G060900	MT5G096570	1.9754	394.1	1498.9	0.2998	0.4431	1.4777	-4505.857051	
MT3G061030	MT5G096660	0.8372	163.6	568.4	0.1232	0.1077	0.8743	-1407.493325	
MT3G061090	MT5G096700	1.8311	157.0	542.0	0.1161	0.2252	1.9397	-1497.652081	
MT3G061110	MT5G096740	2.0594	159.4	566.6	0.3207	0.4685	1.4608	-1735.002525	
MT8G072350	MT5G025290	1.1092	264.8	776.2	0.1623	0.1598	0.9851	-2136.476126	
MT8G072360	MT5G025280	1.6313	394.4	1639.6	0.1019	0.2007	1.9699	-4385.214174	
MT8G072420	MT5G025100	50.0000	156.1	605.9	0.0208	1.5660	75.2609	-2001.466266	
MT8G072440	MT5G025010	0.8972	471.3	1565.7	0.1773	0.1443	0.8135	-4044.532693	
MT8G072540	MT5G024990	1.1927	232.0	701.0	0.2441	0.2246	0.9202	-1990.136687	
MT8G072560	MT5G024970	1.3899	245.2	807.8	0.2056	0.2439	1.1861	-2262.706868	
MT8G072640	MT5G024880	1.4483	410.5	1185.5	0.0887	0.1326	1.4940	-3290.007909	
MT2G033630	MT4G122720	2.8621	117.1	410.9	0.1062	0.3329	3.1339	-1180.562681	
MT2G033650	MT4G122710	1.2441	144.0	486.0	0.2225	0.2306	1.0364	-1353.260642	
MT2G033720	MT4G122660	2.5417	121.9	421.1	0.3518	0.5993	1.7035	-1313.440937	
MT2G033880	MT4G122500	1.8723	149.3	441.7	0.1653	0.2742	1.6587	-1342.541336	
MT2G033920	MT4G122420	1.9294	213.4	812.6	0.1269	0.2645	2.0843	-2281.818901	
MT2G034020	MT4G122380	1.0440	341.7	1323.3	0.2144	0.1986	0.9265	-3488.434834	
MT2G034150	MT4G122310	0.8310	99.4	332.6	0.2766	0.1729	0.6251	-858.305734	
MT4G098210	MT5G014520	2.5371	170.0	583.0	0.3504	0.5962	1.7012	-1847.576814	
MT4G098460	MT5G014360	1.9215	181.5	529.5	0.3646	0.4433	1.2158	-1708.249859	
MT4G098570	MT5G014310	0.8408	369.3	1220.7	0.1619	0.1273	0.7860	-3137.603481	
MT4G098630	MT5G014300	1.4631	160.7	634.3	0.2212	0.2849	1.2883	-1778.286714	
MT4G098800	MT5G014150	0.9601	440.4	1221.6	0.1335	0.1176	0.8815	-3280.898731	
MT4G098850	MT5G014090	0.7545	217.5	847.5	0.1377	0.1104	0.8013	-2047.435231	
MT3G079850	MT5G086030	14.3969	209.8	771.2	0.0427	0.8277	19.3961	-2477.189916	
MT3G080050	MT5G085790	22.4893	176.7	792.3	0.0209	0.7863	37.5931	-2421.560976	
MT3G080050	MT5G086030	1.6471	222.1	764.9	0.1744	0.2658	1.5245	-2161.359090	
MT3G080120	MT5G085880	1.5418	86.9	348.1	0.1792	0.2685	1.4979	-953.677855	
MT3G080190	MT5G085730	0.8255	284.5	1152.5	0.1118	0.1070	0.9566	-2756.620577	
MT3G080410	MT5G085580	1.5880	248.1	759.9	0.1564	0.2275	1.4539	-2198.368648	
MT3G080480	MT5G085380	0.5339	158.5	408.5	0.0783	0.0415	0.5296	-990.870171	
MT5G065830	MT5G032550	3.6327	195.3	695.7	0.1233	0.4733	3.8389	-2133.891897	
MT5G066000	MT5G032380	2.9561	384.0	1386.0	0.1630	0.4661	2.8596	-4272.002827	
MT5G066080	MT5G032370	3.3630	103.7	358.3	0.3330	0.7733	2.3219	-1153.812949	
MT5G066330	MT5G032070	10.9697	72.2	380.8	0.0144	0.3075	21.3171	-999.298333	
MT5G066340	MT5G032060	4.6700	564.2	2105.8	0.1001	0.5367	5.3637	-6362.323726	
MT1G079450	MT7G116600	1.1054	158.3	507.7	0.2777	0.2277	0.8198	-1432.465193	
MT1G079530	MT7G116500	2.6890	231.6	767.4	0.0929	0.2745	2.9566	-2258.964562	
MT1G079690	MT7G116420	1.2419	143.5	501.5	0.2166	0.2294	1.0590	-1403.228715	
MT1G079780	MT7G116320	1.6872	211.3	625.7	0.3763	0.3965	1.0538	-1941.144422	
MT1G079790	MT7G116330	0.9490	491.8	1587.2	0.1706	0.1471	0.8625	-4163.316341	
MT1G079950	MT7G116380	0.8638	72.0	324.0	0.0298	0.0417	1.3962	-709.800941	
MT1G080020	MT7G116390	11.4172	200.3	564.7	0.0237	0.3235	13.6256	-1764.435000	
MT3G007920	MT5G096080	0.0553	461.0	1138.0	0.6873	0.0163	0.0237	-2202.336939	
MT3G007930	MT5G096090	0.0291	316.7	973.3	0.1547	0.0041	0.0268	-1804.947004	
MT3G008160	MT5G096000	7.3469	229.0	626.0	0.0473	0.3832	8.0955	-1985.862471	
MT3G008270	MT5G095970	50.0000	191.3	783.7	0.0108	0.8817	81.3205	-2496.256312	
MT3G008300	MT5G095750	0.0496	64.9	268.1	0.1373	0.0074	0.0541	-444.065417	
MT3G008640	MT5G095490	50.0000	207.4	737.6	0.0103	0.7545	73.2533	-2383.299754	
MT2G093060	MT4G061200	1.2877	238.5	805.5	0.2990	0.2795	0.9348	-2327.289226	
MT2G093100	MT4G061180	1.0575	282.7	890.3	0.1977	0.1782	0.9014	-2402.830962	
MT2G093210	MT4G061090	0.5591	624.6	1796.4	0.1377	0.0713	0.5174	-4379.647513	
MT2G093310	MT4G060950	0.7685	96.9	365.1	0.2392	0.1537	0.6425	-918.159683	
MT2G093350	MT4G060780	1.3992	304.2	1015.8	0.2271	0.2614	1.1511	-2892.710359	
MT2G093730	MT4G060510	0.8196	592.0	2021.0	0.2224	0.1524	0.6854	-5196.846593	
MT2G093740	MT4G060460	0.8360	247.0	887.0	0.1552	0.1275	0.8216	-2257.147610	
MT7G021750	MT4G051290	0.0070	124.9	307.1	99.0000	0.0033	0.0000	-569.589882	
MT7G021770	MT4G051270	0.0000	134.6	576.4	0.0010	0.0000	0.0000	-936.043229	
MT7G021780	MT4G051260	0.0000	93.9	296.1	0.4498	0.0000	0.0000	-506.631789	
MT7G021790	MT4G051250	0.0107	122.9	492.1	0.0010	0.0000	0.0178	-812.071330	
MT7G021800	MT4G051240	0.0067	127.7	346.3	0.0010	0.0000	0.0083	-628.919120	
MT7G021780	MT0G39650	0.0000	93.3	296.7	0.0010	0.0000	0.0000	-506.631714	
MT4G051260	MT0G39650	0.0000	91.5	298.5	0.0010	0.0000	0.0000	-506.631710	
MT7G021790	MT0G39660	0.0156	127.3	487.7	0.1194	0.0021	0.0173	-819.204277	
MT4G051250	MT0G39660	0.0049	134.5	480.5	99.0000	0.0021	0.0000	-806.018943	
MT7G021800	MT0G39670	0.0067	127.7	346.3	0.0010	0.0000	0.0083	-628.919120	
MT4G051240	MT0G39670	0.0000	74.3	399.7	0.0010	0.0000	0.0000	-622.790017	
MT4G053640	MT4G053350	0.0193	245.7	858.3	1.6547	0.0071	0.0043	-1508.588309	
MT4G053660	MT4G053370	0.0000	303.5	899.5	0.0010	0.0000	0.0000	-1627.170348	
MT4G053670	MT4G053380	0.0000	228.8	599.2	0.3882	0.0000	0.0000	-1099.592505	
MT4G053690	MT4G053400	0.0500	51.7	317.3	99.0000	0.0194	0.0002	-507.233345	
MT4G053700	MT4G053410	0.0053	186.3	938.7	99.0000	0.0021	0.0000	-1515.167562	
MT4G053710	MT4G053420	0.0000	241.4	835.6	0.4128	0.0000	0.0000	-1437.333006	
MT0G34310	MT1G022950	0.0000	187.6	589.4	0.4476	0.0000	0.0000	-1024.995869	
MT0G34320	MT1G022960	0.0000	300.3	1043.7	0.0010	0.0000	0.0000	-1796.851978	
MT0G34330	MT1G022970	0.0000	195.3	743.7	0.0010	0.0000	0.0000	-1260.240459	
MT0G34340	MT1G022980	0.0000	328.7	1072.3	0.4056	0.0000	0.0000	-1861.946409	
MT0G34350	MT1G023000	0.0042	145.6	556.4	99.0000	0.0018	0.0000	-936.313454	
MT0G34360	MT1G023010	0.0000	72.0	333.0	0.0010	0.0000	0.0000	-528.415506	
MT0G37610	MT1G095620	0.0000	146.1	501.9	0.0010	0.0000	0.0000	-875.419049	
MT0G37620	MT1G095600	0.0000	259.2	769.8	0.4631	0.0000	0.0000	-1373.482273	
MT0G37630	MT1G095590	0.0666	138.6	482.4	0.3243	0.0151	0.0467	-910.753755	
MT0G37640	MT1G095580	0.0000	217.1	742.9	0.4589	0.0000	0.0000	-1280.214143	
MT0G37650	MT1G095570	0.0000	902.5	4062.5	0.3661	0.0000	0.0000	-6606.372123	
MT0G37660	MT1G095540	0.4403	254.8	1056.2	0.2334	0.0896	0.3838	-2354.416948	
MT0G26960	MT4G079430	0.0000	104.6	552.4	0.0010	0.0000	0.0000	-867.550005	
MT0G26970	MT4G079440	0.0000	202.6	793.4	0.5024	0.0000	0.0000	-1305.179617	
MT0G26980	MT4G079460	0.0000	142.9	427.1	0.4169	0.0000	0.0000	-770.911344	
MT0G27010	MT4G079500	0.0000	213.4	713.6	0.4773	0.0000	0.0000	-1221.961397	
MT0G27020	MT4G079510	0.0356	529.2	1963.8	0.7423	0.0111	0.0149	-3459.216577	
MT0G27040	MT4G079530	0.0000	57.3	308.7	0.0010	0.0000	0.0000	-475.580492	
MT1G107180	MT1G106550	0.0000	231.5	782.5	0.0010	0.0000	0.0000	-1360.631978	
MT1G107200	MT1G106530	0.0000	240.8	776.2	0.4849	0.0000	0.0000	-1370.110393	
MT1G107230	MT1G106500	0.0000	105.5	380.5	0.5191	0.0000	0.0000	-635.923427	
MT1G107250	MT1G106470	0.3423	86.9	288.1	0.3265	0.0772	0.2364	-656.523704	
MT1G107270	MT1G106460	0.0000	178.8	724.2	0.4071	0.0000	0.0000	-1183.460700	
MT1G088770	MT1G006820	0.1383	115.8	274.2	0.5811	0.0380	0.0653	-604.485943	
MT1G088790	MT1G006800	0.2975	209.5	510.5	1.0160	0.0996	0.0980	-1279.106480	
MT1G088800	MT1G006790	0.0470	153.9	374.1	0.1503	0.0059	0.0394	-765.692957	
MT1G088810	MT1G006740	0.2759	109.6	310.4	1.8406	0.1044	0.0567	-726.592977	
MT1G088830	MT1G006770	0.0000	145.1	553.9	0.0010	0.0000	0.0000	-946.000657	
MT2G089750	MT4G095450	1.5933	194.1	741.9	0.0857	0.1653	1.9297	-1939.668009	
MT2G089800	MT4G095430	0.8905	270.9	962.1	0.1907	0.1536	0.8054	-2460.730155	
MT2G089810	MT4G095410	1.0144	368.8	1170.2	0.2146	0.1801	0.8393	-3227.079908	
MT2G089830	MT4G095370	0.9175	195.0	612.0	0.2939	0.1935	0.6583	-1675.182563	
MT2G089860	MT4G095360	2.7107	529.3	1549.7	0.0774	0.2240	2.8933	-4553.711044	
MT2G089890	MT4G095310	0.8844	196.7	604.3	0.1301	0.1116	0.8576	-1556.027880	
MT3G055940	MT5G094310	1.2637	383.1	1497.9	0.3265	0.2966	0.9085	-4139.873834	
MT3G055960	MT5G094340	0.8494	244.1	886.9	0.1297	0.1156	0.8917	-2191.907910	
MT3G056010	MT5G094390	0.9907	190.5	691.5	0.1066	0.1175	1.1025	-1716.518543	
MT3G056070	MT5G094400	1.5986	332.8	1209.2	0.3958	0.4008	1.0126	-3580.057772	
MT3G056100	MT5G094430	0.9761	152.7	492.3	0.1532	0.1409	0.9202	-1306.825150	
MT3G056110	MT5G094450	1.2926	324.9	1115.1	0.1888	0.2188	1.1589	-3097.987900	
MT3G055990	MT5G097580	7.4735	189.1	608.9	0.0202	0.1991	9.8718	-1705.047671	
MT3G056010	MT5G097530	2.1526	178.9	694.1	0.0697	0.1922	2.7564	-1817.315962	
MT5G094390	MT5G097530	4.4814	190.7	682.3	0.0292	0.1810	6.1902	-1824.371516	
MT3G056100	MT5G097490	5.7756	143.6	501.4	0.1075	0.6758	6.2874	-1627.317862	
MT5G094430	MT5G097490	50.0000	144.4	500.6	0.0094	0.6797	72.0992	-1633.880398	
MT3G056110	MT5G097480	2.5709	335.9	1131.1	0.1167	0.3136	2.6866	-3380.229128	
MT5G094450	MT5G097480	3.0338	342.8	1097.2	0.0910	0.2993	3.2899	-3272.943007	
MT3G062440	MT5G075570	2.2214	117.4	371.6	0.4278	0.5605	1.3102	-1211.128411	
MT3G062450	MT5G075580	0.4722	107.5	327.5	0.0098	0.0061	0.6182	-718.639011	
MT3G062500	MT5G075630	1.7538	231.0	738.0	0.2249	0.3209	1.4268	-2222.988713	
MT3G062540	MT5G075640	1.5500	420.6	1169.4	0.1456	0.2024	1.3903	-3441.934465	
MT3G062610	MT5G075680	0.8726	298.2	817.8	0.1661	0.1242	0.7478	-2173.654431	
MT3G062640	MT5G075710	0.7501	154.2	502.8	0.2159	0.1350	0.6251	-1292.364948	
MT0G08920	MT8G035990	0.1147	73.7	349.3	3.3525	0.0436	0.0130	-644.440640	
MT0G08940	MT8G035960	0.0000	330.0	1146.0	0.4521	0.0000	0.0000	-1942.482279	
MT0G08980	MT8G035910	0.0000	187.3	748.7	0.5017	0.0000	0.0000	-1243.187964	
MT0G09000	MT8G035890	0.0000	135.6	641.4	0.4280	0.0000	0.0000	-1021.803794	
MT0G09010	MT8G035880	0.0000	172.5	751.5	0.0010	0.0000	0.0000	-1186.143377	
MT0G09100	MT8G035730	4.5595	156.2	533.8	0.2475	0.9001	3.6368	-1787.290544	
MT4G082040	MT4G081670	0.0000	105.6	449.4	0.0010	0.0000	0.0000	-725.314081	
MT4G082050	MT4G081680	0.0000	132.9	575.1	0.1692	0.0000	0.0000	-929.558880	
MT4G082060	MT4G081690	0.0000	202.7	658.3	0.3797	0.0000	0.0000	-1145.680072	
MT4G082080	MT4G081880	0.0000	138.7	419.3	0.0010	0.0000	0.0000	-732.838289	
MT4G082090	MT4G081870	0.0000	159.7	617.3	0.0013	0.0000	0.0000	-1015.630705	
MT4G082120	MT4G081850	0.0039	341.5	1233.5	0.2706	0.0008	0.0030	-2115.678051	
MT2G024980	MT4G132690	1.7473	202.2	586.8	0.1603	0.2486	1.5511	-1739.938290	
MT2G025020	MT4G132700	0.5328	380.2	1203.8	0.1274	0.0672	0.5273	-2877.081658	
MT2G025080	MT4G132760	1.4943	137.3	426.7	0.2055	0.2565	1.2485	-1257.309970	
MT2G025120	MT4G132770	0.8011	178.1	637.9	0.1329	0.1101	0.8291	-1571.307894	
MT2G025130	MT4G132780	3.4856	305.6	1047.4	0.0635	0.2681	4.2250	-2977.409869	
MT2G025180	MT4G132840	0.9870	355.7	1216.3	0.0844	0.0953	1.1284	-2990.594940	
MT3G065160	MT5G077850	1.4672	279.6	920.4	0.1213	0.1819	1.4999	-2552.951196	
MT3G065210	MT5G077940	1.9744	89.6	408.4	0.3146	0.4728	1.5031	-1164.648971	
MT3G065250	MT5G077950	0.7315	124.8	400.2	0.1008	0.0781	0.7753	-982.605517	
MT3G065330	MT5G078020	0.9508	101.0	379.0	0.1237	0.1273	1.0287	-934.511428	
MT3G065370	MT5G078030	1.1341	210.2	587.8	0.2906	0.2301	0.7917	-1739.005053	
MT3G065440	MT5G078140	2.3704	150.8	671.2	0.2234	0.4825	2.1599	-1922.986738	
MT3G116770	MT4G070320	2.4966	137.8	597.2	0.3579	0.6228	1.7399	-1780.212472	
MT3G116860	MT4G070430	0.7317	347.4	1101.6	0.1404	0.0988	0.7040	-2762.453064	
MT3G116920	MT4G070530	2.6141	198.3	638.7	0.2647	0.5255	1.9855	-2022.475137	
MT3G117050	MT4G070630	4.7614	106.9	361.1	0.1105	0.5589	5.0591	-1108.392443	
MT3G117080	MT4G070670	0.6677	359.6	1203.4	0.2031	0.1170	0.5759	-3004.952245	
MT3G117090	MT4G070720	0.8514	336.4	1046.6	0.2304	0.1566	0.6796	-2767.737449	
MT2G012310	MT2G011980	0.0000	100.4	553.6	0.0010	0.0000	0.0000	-851.389221	
MT2G012320	MT2G011990	0.0000	163.7	661.3	0.0010	0.0000	0.0000	-1102.855486	
MT2G012350	MT2G012020	0.0696	186.2	701.8	0.9949	0.0232	0.0233	-1297.597521	
MT2G012360	MT2G012030	0.0544	143.3	264.7	1.3736	0.0200	0.0146	-573.152423	
MT2G012390	MT2G012060	0.0000	79.9	277.1	0.0010	0.0000	0.0000	-479.829378	
MT2G012670	MT2G012350	50.0000	201.7	683.3	0.0124	0.8710	70.1862	-2287.725854	
MT3G070800	MT5G082630	1.2157	190.7	814.3	0.2066	0.2344	1.1345	-2098.639002	
MT3G070810	MT5G082660	0.9070	192.5	623.5	0.1770	0.1442	0.8144	-1648.301889	
MT3G070860	MT5G082750	1.0405	191.7	762.3	0.0892	0.1136	1.2739	-1873.003066	
MT3G070880	MT5G082830	1.4913	229.3	775.7	0.1379	0.2048	1.4858	-2162.600991	
MT3G070900	MT5G082880	0.8468	256.1	799.9	0.1656	0.1270	0.7672	-2053.804241	
MT3G070940	MT5G082900	0.5939	210.0	705.0	0.0363	0.0279	0.7689	-1566.437264	
MT7G069580	MT4G014990	8.3525	101.4	318.6	0.0557	0.5466	9.8143	-1041.485555	
MT7G069950	MT4G014590	0.6364	179.8	612.2	0.0319	0.0269	0.8429	-1384.708195	
MT7G069980	MT4G014540	0.8829	146.7	573.3	0.1740	0.1496	0.8597	-1409.088214	
MT7G070000	MT4G014490	0.7532	125.9	381.1	0.1079	0.0822	0.7620	-947.979837	
MT7G070050	MT4G014460	50.0000	131.2	378.8	0.0031	0.1966	64.2276	-1082.694513	
MT7G070060	MT4G014430	3.7155	219.1	827.9	0.0933	0.4083	4.3763	-2466.369630	
MT8G092460	MT3G095190	50.0000	104.8	408.2	0.0062	0.4933	79.6909	-1217.292742	
MT8G092550	MT3G095230	0.8960	383.3	1275.7	0.1377	0.1221	0.8865	-3252.470547	
MT8G092650	MT3G095420	2.9356	276.8	746.2	0.1793	0.4371	2.4380	-2412.294000	
MT8G092840	MT3G095560	1.8523	126.0	390.0	0.1939	0.3064	1.5798	-1185.187253	
MT8G092870	MT3G095730	1.4754	301.3	928.7	0.1731	0.2266	1.3089	-2688.384281	
MT8G092890	MT3G095780	1.1944	340.2	1426.8	0.3042	0.2764	0.9086	-3833.902448	
MT3G099380	MT5G064580	0.8920	182.1	579.9	0.0424	0.0465	1.0960	-1366.011903	
MT3G099480	MT5G064620	1.1679	290.9	1035.1	0.1256	0.1540	1.2265	-2732.327118	
MT3G099600	MT5G064800	3.3352	182.2	660.8	0.2911	0.7284	2.5024	-2105.384147	
MT3G099620	MT5G064950	2.5734	187.0	617.0	0.1021	0.2817	2.7593	-1801.986425	
MT3G099650	MT5G064980	3.0924	136.3	379.7	0.2488	0.5734	2.3047	-1281.805116	
MT3G099740	MT5G065080	1.7648	249.0	744.0	0.1415	0.2333	1.6488	-2165.756023	
MT1G007500	MT3G092090	1.3612	90.0	360.0	0.1797	0.2372	1.3203	-971.584082	
MT1G007840	MT3G091770	1.5828	258.3	926.7	0.3002	0.3498	1.1655	-2697.933546	
MT1G007880	MT3G091760	0.7998	227.1	672.9	0.2362	0.1468	0.6215	-1794.344435	
MT1G008120	MT3G091510	0.6346	195.1	698.9	0.0407	0.0345	0.8459	-1575.729366	
MT1G008220	MT3G091340	0.9348	129.0	477.0	0.1280	0.1272	0.9937	-1207.427607	
MT0G06800	MT0G03240	0.1118	319.0	1277.0	0.4952	0.0310	0.0625	-2390.600071	
MT0G06810	MT0G03230	0.0000	61.7	325.3	0.0010	0.0000	0.0000	-496.391205	
MT0G06820	MT0G03220	0.0000	240.1	908.9	0.4397	0.0000	0.0000	-1530.263083	
MT0G06830	MT0G03210	0.0000	347.2	1122.8	0.3051	0.0000	0.0000	-1951.310416	
MT0G06800	MT5G031470	0.3049	354.2	1517.8	0.7115	0.0944	0.1327	-3245.448612	
MT0G03240	MT5G031470	0.1447	331.4	1264.6	0.4247	0.0377	0.0887	-2454.453966	
MT0G06820	MT5G031480	0.0877	252.3	893.7	0.1232	0.0114	0.0924	-1684.204142	
MT0G03220	MT5G031480	0.0877	252.3	893.7	0.1232	0.0114	0.0924	-1684.204142	
MT0G06830	MT5G031490	0.0721	376.6	1093.4	0.2291	0.0129	0.0564	-2130.160369	
MT0G03210	MT5G031490	0.0721	376.6	1093.4	0.2291	0.0129	0.0564	-2130.160369	
MT1G073050	MT1G072850	0.0000	488.2	1533.8	0.4938	0.0000	0.0000	-2712.562084	
MT1G073070	MT1G072830	0.0024	302.5	1032.5	0.0010	0.0000	0.0035	-1811.891805	
MT1G073080	MT1G072820	0.0000	167.5	849.5	0.0010	0.0000	0.0000	-1344.263747	
MT1G073100	MT1G072800	0.0000	566.5	2151.5	0.3997	0.0000	0.0000	-3588.159083	
MT1G073110	MT1G072790	0.0000	93.2	386.8	0.1769	0.0000	0.0000	-631.504019	
MT1G050750	MT1G050440	0.0284	337.0	1064.0	0.3846	0.0068	0.0178	-1933.496924	
MT1G050760	MT1G050450	0.0000	223.0	1106.0	0.0010	0.0000	0.0000	-1748.079165	
MT1G050790	MT1G050480	0.0000	97.2	649.8	0.0010	0.0000	0.0000	-973.806249	
MT1G050810	MT1G050510	0.0000	245.4	993.6	0.3824	0.0000	0.0000	-1620.101677	
MT3G044600	MT4G023950	0.0000	123.6	512.4	0.0010	0.0000	0.0000	-822.356896	
MT3G044630	MT4G023980	0.0000	135.4	605.6	0.3065	0.0000	0.0000	-984.950290	
MT3G044650	MT4G024000	0.0000	123.3	680.7	0.3366	0.0000	0.0000	-1046.096156	
MT3G044670	MT4G024020	0.0910	263.1	1074.9	0.7883	0.0288	0.0366	-1967.547056	
MT7G012600	MT7G012230	0.0000	111.9	455.1	0.0010	0.0000	0.0000	-735.151363	
MT7G012610	MT7G012240	0.0000	192.4	773.6	0.0010	0.0000	0.0000	-1303.404542	
MT7G012620	MT7G012250	0.0000	193.6	955.4	0.3809	0.0000	0.0000	-1520.794718	
MT7G012630	MT7G012260	0.0000	140.5	522.5	0.0010	0.0000	0.0000	-897.688099	
MT7G012660	MT7G012290	0.0000	246.8	1151.2	0.0010	0.0000	0.0000	-1816.986097	
MT8G103380	MT8G103070	0.0559	279.3	1283.7	0.5398	0.0162	0.0299	-2240.975273	
MT8G103400	MT8G103090	0.0000	205.3	580.7	0.4171	0.0000	0.0000	-1056.268996	
MT8G103430	MT8G103120	0.0000	93.6	257.4	0.0010	0.0000	0.0000	-471.145687	
MT8G103470	MT8G103160	0.0000	181.2	616.8	0.0010	0.0000	0.0000	-1066.283204	
MT3G007840	MT5G095940	0.2392	209.7	948.3	0.3402	0.0590	0.1734	-1879.674525	
MT3G007850	MT5G095960	0.1293	144.9	554.1	1.2617	0.0450	0.0357	-1080.250902	
MT3G007870	MT5G095970	0.1104	146.3	837.7	0.4206	0.0305	0.0726	-1440.004469	
MT3G007910	MT5G096000	0.1407	236.0	619.0	1.0897	0.0480	0.0440	-1335.400599	
MT4G114380	MT4G114140	0.0843	179.3	693.7	3.9724	0.0332	0.0084	-1292.063653	
MT4G114400	MT4G114160	0.0000	241.9	724.1	0.4872	0.0000	0.0000	-1296.547473	
MT4G114410	MT4G114170	0.1241	148.8	490.2	0.4299	0.0316	0.0735	-995.012435	
MT4G114450	MT4G114210	0.1064	204.1	701.9	0.8022	0.0336	0.0419	-1377.781366	
MT4G114480	MT4G114240	0.0000	168.9	761.1	0.0010	0.0000	0.0000	-1226.318715	
MT0G16970	MT8G035880	0.0000	172.5	751.5	0.0010	0.0000	0.0000	-1186.143377	
MT0G16980	MT8G035890	0.0000	119.4	657.6	0.3881	0.0000	0.0000	-1021.803779	
MT0G17000	MT8G035910	0.0000	187.5	748.5	0.4292	0.0000	0.0000	-1243.187960	
MT0G17040	MT8G035960	0.0000	334.8	1141.2	0.5093	0.0000	0.0000	-1942.482289	
MT0G17060	MT8G035990	0.1147	73.7	349.3	3.3526	0.0436	0.0130	-644.440640	
MT0G30540	MT0G31530	0.1475	119.6	462.4	0.6863	0.0449	0.0655	-898.004539	
MT0G30600	MT0G31280	0.0000	166.8	703.2	0.0010	0.0000	0.0000	-1148.811797	
MT0G30610	MT0G31290	0.0626	72.3	275.7	0.7387	0.0194	0.0263	-506.421477	
MT0G30640	MT0G31340	1.3722	167.9	600.1	0.4077	0.3471	0.8515	-1707.127496	
MT0G30600	MT1G084870	19.0547	205.8	664.2	0.0162	0.4140	25.5108	-2047.049887	
MT0G31280	MT1G084870	19.0657	205.8	664.2	0.0162	0.4140	25.5266	-2047.049886	
MT0G30610	MT1G084860	50.0000	80.9	279.1	0.0200	1.3851	69.3728	-951.085042	
MT0G31290	MT1G084860	50.0000	79.8	268.2	0.0191	1.3036	68.3052	-918.139776	
MT7G078680	MT7G038050	0.7582	293.0	1060.0	0.1629	0.1196	0.7343	-2625.393567	
MT7G078690	MT7G038040	0.6167	228.1	815.9	0.0860	0.0619	0.7196	-1900.518267	
MT7G078700	MT7G038020	1.1499	266.8	786.2	0.2537	0.2196	0.8657	-2235.306489	
MT7G078730	MT7G037990	1.2530	232.4	781.6	0.2430	0.2437	1.0028	-2205.664828	
MT8G018290	MT2G099690	0.6987	776.3	2412.7	0.1390	0.0929	0.6681	-6057.221295	
MT8G018310	MT2G099670	0.5938	216.1	764.9	0.0544	0.0410	0.7535	-1736.273085	
MT8G018330	MT2G099620	1.4454	127.8	370.2	0.2489	0.2715	1.0909	-1098.601424	
MT8G018410	MT2G099610	1.7984	165.7	599.3	0.3321	0.4176	1.2575	-1766.102281	
MT8G018420	MT2G099560	1.3140	257.2	879.8	0.1217	0.1664	1.3671	-2372.865395	
MT2G028790	MT4G083490	0.7835	156.3	479.7	0.0824	0.0699	0.8484	-1190.346708	
MT2G028830	MT4G083540	1.6591	179.4	639.6	0.1951	0.2905	1.4892	-1818.866880	
MT2G028900	MT4G083590	1.1846	252.7	995.3	0.1449	0.1799	1.2416	-2547.341988	
MT2G028910	MT4G083610	1.2777	233.9	807.1	0.1728	0.2052	1.1875	-2213.653707	
MT2G028940	MT4G083620	1.3544	122.8	546.2	0.3054	0.3185	1.0429	-1449.255334	
MT1G084980	MT7G111320	1.1866	277.5	868.5	0.4174	0.2956	0.7083	-2501.254835	
MT1G085040	MT7G111290	2.3992	160.3	664.7	0.2052	0.4563	2.2237	-1944.982843	
MT1G085070	MT7G111280	0.9107	252.0	891.0	0.2078	0.1649	0.7936	-2345.990908	
MT1G085090	MT7G111260	0.8924	377.0	1267.0	0.1086	0.1032	0.9503	-3130.646893	
MT1G085140	MT7G111240	1.1230	171.5	449.5	0.2028	0.1795	0.8852	-1301.950900	
MT0G15090	MT2G036430	0.2541	193.1	697.9	0.8472	0.0815	0.0962	-1492.705772	
MT0G15110	MT2G036470	0.0000	190.8	649.2	0.0010	0.0000	0.0000	-1119.289803	
MT0G14890	MT2G036350	0.0000	129.9	458.1	0.4142	0.0000	0.0000	-770.389925	
MT0G14940	MT2G036190	1.7167	198.7	638.3	0.5027	0.4634	0.9218	-1936.908898	
MT8G091420	MT3G087770	0.8526	102.4	323.6	0.1337	0.1111	0.8312	-828.469503	
MT8G091450	MT3G087800	1.2455	122.5	381.5	0.3932	0.3020	0.7680	-1116.719192	
MT8G091530	MT3G087830	1.1475	480.9	1583.1	0.3589	0.2701	0.7525	-4421.860706	
MT8G091560	MT3G087900	2.2915	77.9	291.1	0.1366	0.3273	2.3963	-834.462034	
MT8G091650	MT3G087940	1.0482	247.0	782.0	0.2057	0.1813	0.8815	-2110.898833	
MT2G093970	MT4G059720	2.9067	186.9	521.1	0.1907	0.4570	2.3964	-1715.155621	
MT2G094020	MT4G059680	0.8237	462.4	1583.6	0.1461	0.1183	0.8098	-4004.703372	
MT2G094090	MT4G059560	0.8249	172.0	647.0	0.1879	0.1442	0.7671	-1635.439551	
MT2G094130	MT4G059540	1.0407	264.8	851.2	0.2974	0.2223	0.7474	-2376.612961	
MT8G014360	MT2G100990	0.6851	417.0	1308.0	0.1153	0.0800	0.6937	-3190.396498	
MT8G014390	MT2G100940	0.7628	407.7	1275.3	0.0943	0.0765	0.8105	-3182.282626	
MT8G014520	MT2G100780	1.4567	103.6	451.4	0.2770	0.3264	1.1787	-1255.436391	
MT8G014580	MT2G100740	1.5194	193.0	743.0	0.2455	0.3100	1.2627	-2107.260448	
MT8G014670	MT2G100640	1.1123	379.0	1274.0	0.2717	0.2297	0.8452	-3532.341062	
MT8G014390	MT8G102620	1.7253	396.1	1286.9	0.0727	0.1437	1.9766	-3487.668983	
MT2G100940	MT8G102620	1.8377	411.4	1274.6	0.0609	0.1287	2.1117	-3466.495503	
MT8G014530	MT8G102460	3.1236	371.1	1092.9	0.0488	0.1754	3.5911	-3085.326755	
MT8G014580	MT8G102400	3.5917	212.1	831.9	0.0753	0.3425	4.5502	-2392.265065	
MT2G100740	MT8G102400	7.4804	203.4	732.6	0.0444	0.4394	9.8918	-2234.650843	
MT4G014060	MT5G083490	2.2443	159.2	479.8	0.1825	0.3535	1.9372	-1451.566390	
MT4G014070	MT5G083440	9.9096	101.6	459.4	0.0984	1.2424	12.6207	-1456.783071	
MT4G014430	MT5G083260	50.0000	222.9	824.1	0.0065	0.4988	76.4399	-2539.860164	
MT4G014460	MT5G083270	22.6530	145.2	358.8	0.0117	0.2985	25.4762	-1138.989472	
MT4G014540	MT5G083170	2.3403	144.9	575.1	0.0857	0.2478	2.8922	-1562.856486	
MT1G018840	MT3G102220	1.5100	226.4	769.6	0.1277	0.1972	1.5439	-2121.914048	
MT1G018940	MT3G102170	0.6950	415.3	1333.7	0.1892	0.1148	0.6069	-3345.451841	
MT1G019040	MT3G102120	1.4396	249.2	1037.8	0.1635	0.2411	1.4743	-2724.079230	
MT1G019110	MT3G102100	2.7429	84.6	371.4	0.3295	0.6637	2.0140	-1106.280547	
MT1G019150	MT3G102040	1.1298	197.5	684.5	0.1377	0.1568	1.1385	-1801.735999	
MT8G073910	MT5G023830	1.7472	319.8	985.2	0.4416	0.4446	1.0068	-3065.592525	
MT8G074000	MT5G023790	0.9307	213.2	719.8	0.2013	0.1627	0.8081	-1911.260873	
MT8G074030	MT5G023740	0.6209	261.7	749.3	0.0937	0.0591	0.6304	-1845.204529	
MT8G074040	MT5G023730	11.2599	140.2	552.8	0.0222	0.3783	17.0589	-1610.286072	
MT8G074380	MT5G023290	5.3063	157.4	646.6	0.0999	0.6400	6.4064	-1952.125131	
MT1G063850	MT7G101840	1.3134	360.3	1106.7	0.3524	0.3016	0.8560	-3268.033763	
MT1G063910	MT7G101800	1.2294	227.5	780.5	0.1785	0.2010	1.1260	-2163.029799	
MT1G063920	MT7G101780	0.7600	408.9	1307.1	0.1219	0.0933	0.7650	-3270.767054	
MT1G064090	MT7G101680	0.8793	316.0	1052.0	0.0450	0.0496	1.1038	-2486.851864	
MT1G064260	MT7G101540	0.6205	144.6	506.4	0.0430	0.0348	0.8093	-1132.814778	
MT1G104630	MT5G006130	1.1171	140.7	414.3	0.0962	0.1101	1.1446	-1097.690757	
MT1G104680	MT5G006110	0.7204	319.7	922.3	0.2375	0.1315	0.5536	-2415.285714	
MT1G104750	MT5G006070	1.7400	367.8	1030.2	0.1052	0.1791	1.7029	-2957.441674	
MT1G104800	MT5G006040	1.5012	119.9	324.1	0.3009	0.3075	1.0218	-975.102393	
MT1G105050	MT5G005840	0.8105	519.8	1772.2	0.2135	0.1472	0.6894	-4605.229451	
MT0G26320	MT2G027130	1.3275	371.8	1224.2	0.2921	0.2828	0.9683	-3380.748951	
MT0G26330	MT2G027140	0.8484	203.3	765.7	0.1739	0.1416	0.8144	-1945.262888	
MT0G26430	MT2G027360	0.8904	675.9	2288.1	0.2031	0.1567	0.7713	-5937.119879	
MT0G26480	MT2G027440	1.1421	154.4	526.6	0.2003	0.1998	0.9975	-1421.462370	
MT0G26510	MT2G027560	0.9487	231.1	722.9	0.1450	0.1302	0.8981	-1897.146423	
MT3G020590	MT5G070560	5.0681	138.2	344.8	0.1787	0.7299	4.0842	-1233.119737	
MT3G020780	MT5G070690	50.0000	298.0	1112.0	0.0076	0.5797	76.6998	-3457.239459	
MT3G020890	MT5G070960	27.4004	508.0	1784.0	0.0174	0.6743	38.8407	-5711.688498	
MT3G021100	MT5G071220	7.7761	519.3	1772.7	0.0839	0.7462	8.8934	-5780.688574	
MT3G110740	MT5G067490	1.8119	110.6	372.4	0.4039	0.4514	1.1175	-1150.972824	
MT3G111190	MT5G067410	1.0801	364.1	1189.9	0.0845	0.1018	1.2041	-3034.406218	
MT3G111310	MT5G067240	0.8658	176.0	634.0	0.1424	0.1250	0.8779	-1589.714224	
MT3G111500	MT5G067140	34.0988	336.3	1142.7	0.0177	0.8335	47.1511	-3759.919113	
MT4G080650	MT4G080320	0.0000	72.0	312.0	0.0010	0.0000	0.0000	-505.156718	
MT4G080670	MT4G080340	0.0000	98.9	567.1	0.0010	0.0000	0.0000	-859.386049	
MT4G080680	MT4G080350	0.0000	162.3	545.7	0.2768	0.0000	0.0000	-949.778632	
MT4G080690	MT4G080360	0.0000	187.0	806.0	0.4553	0.0000	0.0000	-1289.714514	
MT4G080670	MT2G083910	1.3171	128.0	505.0	0.3285	0.3106	0.9455	-1381.471456	
MT4G080340	MT2G083910	1.3171	128.0	505.0	0.3285	0.3106	0.9455	-1381.471456	
MT4G080680	MT2G083920	0.8206	167.3	540.7	0.1932	0.1377	0.7125	-1410.129492	
MT4G080350	MT2G083920	0.8206	167.3	540.7	0.1932	0.1377	0.7125	-1410.129492	
MT4G080690	MT2G083930	1.4604	198.5	776.5	0.2158	0.2798	1.2964	-2088.993537	
MT4G080360	MT2G083930	1.4604	198.5	776.5	0.2158	0.2798	1.2964	-2088.993537	
MT3G055630	MT4G014860	0.0040	128.8	597.2	99.0000	0.0016	0.0000	-946.604497	
MT3G055640	MT4G014870	0.0000	136.3	520.7	0.3926	0.0000	0.0000	-863.384271	
MT3G055650	MT4G014880	0.0000	89.5	294.5	0.1746	0.0000	0.0000	-505.088310	
MT3G055660	MT4G014890	0.0099	84.5	227.5	99.0000	0.0045	0.0000	-406.389041	
MT4G081090	MT4G080800	0.0000	107.7	351.3	0.4471	0.0000	0.0000	-605.597516	
MT4G081100	MT4G080810	0.0000	144.5	596.5	0.0010	0.0000	0.0000	-992.493959	
MT4G081110	MT4G080820	0.0000	78.8	317.2	0.0010	0.0000	0.0000	-527.953976	
MT4G081130	MT4G080840	0.0000	261.0	789.0	0.0010	0.0000	0.0000	-1391.690942	
MT0G11170	MT0G10600	0.0000	164.1	513.9	0.4652	0.0000	0.0000	-899.609833	
MT0G11180	MT0G10590	0.0457	254.1	558.9	0.4447	0.0110	0.0247	-1164.888798	
MT0G11210	MT0G10560	0.0161	701.9	2739.1	0.4251	0.0042	0.0099	-4694.734084	
MT7G021690	MT4G006080	0.0200	62.0	256.0	0.2118	0.0039	0.0183	-415.467123	
MT7G021710	MT4G006110	0.0059	123.2	404.8	99.0000	0.0025	0.0000	-672.873597	
MT8G058480	MT7G108860	0.0000	125.6	417.4	0.0010	0.0000	0.0000	-697.309708	
MT8G058520	MT7G108820	0.0000	118.0	794.0	0.0010	0.0000	0.0000	-1176.953690	
MT8G058530	MT7G108810	0.0717	192.1	707.9	1.1383	0.0246	0.0216	-1332.272267	
MT8G103640	MT8G083500	0.0000	140.8	498.2	0.0010	0.0000	0.0000	-848.036676	
MT8G103660	MT8G083520	0.0000	322.8	1093.2	0.4217	0.0000	0.0000	-1850.419010	
MT8G103680	MT8G083540	0.0144	81.8	332.2	99.0000	0.0060	0.0001	-569.831539	
MT8G103700	MT8G083560	0.1702	340.6	787.4	1.0094	0.0569	0.0564	-1807.813529	
MT8G058660	MT8G058330	0.0000	375.1	1052.9	0.3544	0.0000	0.0000	-1918.644333	
MT8G058680	MT8G058350	0.0000	56.8	270.2	0.4307	0.0000	0.0000	-422.912426	
MT8G058690	MT8G058360	0.0000	141.1	356.9	99.0000	0.0000	0.0000	-663.109905	
MT8G058710	MT8G058380	0.0000	400.8	1435.2	0.0010	0.0000	0.0000	-2459.798523	
MT0G12340	MT3G089560	0.0000	88.5	397.5	0.0010	0.0000	0.0000	-646.397423	
MT0G12350	MT3G089540	0.0000	131.4	678.6	0.0010	0.0000	0.0000	-1070.129838	
MT6G025610	MT6G025190	0.0000	165.6	776.4	0.4998	0.0000	0.0000	-1232.437075	
MT6G025620	MT6G025200	0.0000	63.8	392.2	0.0010	0.0000	0.0000	-590.040444	
MT6G025650	MT6G025230	0.0000	185.0	802.0	0.2593	0.0000	0.0000	-1295.473333	
MT6G025680	MT6G025260	0.0000	141.7	566.3	0.0010	0.0000	0.0000	-928.435948	
MT8G094540	MT8G094210	0.0000	188.8	576.2	0.0010	0.0000	0.0000	-1017.336796	
MT8G094580	MT8G094250	0.0039	126.4	638.6	99.0000	0.0016	0.0000	-1030.099252	
MT8G094590	MT8G094260	0.0000	271.5	937.5	0.0010	0.0000	0.0000	-1624.699166	
MT8G094600	MT8G094270	0.0000	96.7	371.3	0.0010	0.0000	0.0000	-614.449616	
MT1G031050	MT3G079840	1.7566	107.7	351.3	0.0507	0.1086	2.1420	-885.764735	
MT1G031110	MT3G079890	0.0611	151.4	523.6	0.2943	0.0133	0.0450	-984.633273	
MT1G031120	MT3G079900	0.0430	276.3	731.7	0.6164	0.0123	0.0199	-1431.427564	
MT1G031140	MT3G079920	0.1567	271.0	1121.0	0.4157	0.0410	0.0986	-2198.686491	
MT1G088770	MT1G005890	0.4406	114.0	288.0	0.9157	0.1431	0.1563	-749.282377	
MT1G088790	MT1G005910	0.2909	214.7	520.3	1.0203	0.0975	0.0956	-1300.319059	
MT1G088800	MT1G005920	0.6425	131.6	312.4	0.5033	0.1657	0.3292	-894.851587	
MT1G088830	MT1G005950	0.0000	180.0	519.0	0.4576	0.0000	0.0000	-946.000817	
MT4G051680	MT4G050590	0.0000	317.2	1380.8	0.4877	0.0000	0.0000	-2226.560109	
MT4G051690	MT4G050600	0.0000	53.1	258.9	0.0010	0.0000	0.0000	-410.455701	
MT4G051720	MT4G050630	0.0000	63.2	398.8	0.0010	0.0000	0.0000	-591.211005	
MT4G051780	MT4G050690	0.0000	107.9	507.1	0.4989	0.0000	0.0000	-797.056860	
MT0G11800	MT0G07730	0.0000	93.6	632.4	24.7543	0.0000	0.0000	-889.235898	
MT0G11810	MT0G07720	0.0063	126.9	353.1	99.0000	0.0029	0.0000	-643.741924	
MT0G11830	MT0G07700	0.0000	132.8	473.2	0.0226	0.0000	0.0000	-816.223466	
MT0G11850	MT0G07670	0.0000	105.3	518.7	0.0010	0.0000	0.0000	-815.131786	
MT0G39280	MT3G061240	1.0041	280.8	994.2	0.8009	0.3173	0.3962	-2767.469059	
MT0G39310	MT3G061210	0.0000	63.7	254.3	0.3767	0.0000	0.0000	-403.912050	
MT0G39330	MT3G061170	0.0000	117.1	365.9	0.0010	0.0000	0.0000	-658.908715	
MT0G39340	MT3G061160	0.0000	239.7	675.3	0.3516	0.0000	0.0000	-1229.486665	
MT1G006870	MT1G006040	0.1249	124.4	379.6	0.5871	0.0355	0.0604	-779.469958	
MT1G006890	MT1G006060	0.0090	264.3	848.7	0.0010	0.0000	0.0125	-1497.506965	
MT8G071900	MT5G026360	0.9763	291.5	1064.5	0.1220	0.1278	1.0472	-2689.406668	
MT8G071920	MT5G026350	1.1878	436.3	1183.7	0.1336	0.1441	1.0792	-3313.086006	
MT8G072020	MT5G026260	1.0926	309.6	1127.4	0.3245	0.2514	0.7749	-3096.083923	
MT8G085180	MT3G083960	1.6360	153.3	503.7	0.2006	0.2826	1.4086	-1467.136778	
MT8G085200	MT3G083910	0.9963	240.4	674.6	0.0601	0.0650	1.0817	-1727.023398	
MT8G085260	MT3G083850	1.8670	541.6	1708.4	0.2661	0.3740	1.4056	-5159.797869	
MT8G085300	MT3G083840	0.8447	284.7	909.3	0.1833	0.1365	0.7448	-2393.715732	
MT2G025710	MT4G133020	1.8903	264.7	737.3	0.2159	0.3216	1.4897	-2270.300715	
MT2G025740	MT4G133060	1.0126	135.8	524.2	0.1621	0.1635	1.0090	-1317.443825	
MT2G025790	MT4G133120	1.6256	501.6	1856.4	0.2831	0.3522	1.2439	-5386.901853	
MT2G025860	MT4G133170	2.4023	244.6	856.4	0.2636	0.4942	1.8743	-2678.880023	
MT2G034550	MT4G121900	1.0246	127.3	403.7	0.1952	0.1718	0.8797	-1088.697481	
MT2G034560	MT4G121890	0.9092	620.9	2013.1	0.2016	0.1568	0.7774	-5288.321070	
MT2G034580	MT4G121880	0.6867	416.3	1251.7	0.0928	0.0665	0.7171	-3082.463449	
MT2G034640	MT4G121860	1.1869	133.3	445.7	0.0171	0.0278	1.6258	-1028.832128	
MT3G055990	MT5G097580	7.4735	189.1	608.9	0.0202	0.1991	9.8718	-1705.047671	
MT3G056010	MT5G097530	2.1526	178.9	694.1	0.0697	0.1922	2.7564	-1817.315962	
MT3G056100	MT5G097490	5.7756	143.6	501.4	0.1075	0.6758	6.2874	-1627.317862	
MT3G056110	MT5G097480	2.5709	335.9	1131.1	0.1167	0.3136	2.6866	-3380.229128	
MT8G058500	MT7G108790	0.0000	130.3	448.7	0.3837	0.0000	0.0000	-761.338720	
MT8G058510	MT7G108770	0.1655	170.5	642.5	0.5536	0.0472	0.0852	-1297.947127	
MT8G058560	MT7G108730	2.6712	70.6	307.4	0.3698	0.6754	1.8265	-901.957157	
MT7G108830	MT1G088640	1.1057	113.0	346.0	0.2444	0.2093	0.8562	-953.491704	
MT8G058500	MT1G088540	1.3146	137.2	441.8	0.1615	0.1965	1.2167	-1221.952804	
MT7G108790	MT1G088540	1.3146	137.2	441.8	0.1615	0.1965	1.2167	-1221.952804	
MT8G058510	MT1G088470	1.2839	189.3	626.7	0.1637	0.1959	1.1962	-1729.986287	
MT7G108770	MT1G088470	1.0254	202.2	652.8	0.1529	0.1480	0.9677	-1734.677260	
MT8G083170	MT3G084450	0.7503	475.2	1615.8	0.2031	0.1322	0.6511	-4099.368583	
MT8G083210	MT3G084500	0.8241	466.7	1501.3	0.1472	0.1157	0.7860	-3851.687152	
MT8G083240	MT3G084510	0.9818	240.9	767.1	0.1844	0.1591	0.8629	-2063.803883	
MT8G083280	MT3G084520	1.5071	296.6	939.4	0.2270	0.2765	1.2178	-2778.573562	
MT4G077550	MT5G007980	1.2280	396.8	1367.2	0.2202	0.2278	1.0347	-3768.159564	
MT4G077620	MT5G007860	1.1845	339.9	1286.1	0.2029	0.2168	1.0684	-3474.659649	
MT4G077640	MT5G007810	0.6487	134.0	406.0	0.0429	0.0331	0.7710	-947.324077	
MT4G077660	MT5G007790	0.6165	668.0	2107.0	0.0685	0.0481	0.7020	-4945.374747	
MT6G081860	MT8G106610	1.2735	112.5	373.5	0.5652	0.3603	0.6375	-1089.075753	
MT6G081930	MT8G106580	1.4030	179.4	657.6	0.1022	0.1623	1.5872	-1738.532336	
MT6G081940	MT8G106550	6.5493	215.9	687.1	0.1281	0.8308	6.4856	-2293.751843	
MT2G101840	MT4G012960	3.0128	222.2	695.8	0.0844	0.2770	3.2820	-2101.183205	
MT2G101890	MT4G012940	0.4178	148.1	463.9	0.0440	0.0222	0.5059	-1016.804370	
MT2G101980	MT4G012900	1.3996	118.7	436.3	0.3570	0.3368	0.9434	-1233.291765	
MT2G102010	MT4G012850	1.4590	186.9	656.1	0.1953	0.2542	1.3017	-1838.364656	
MT2G045120	MT3G099350	0.2905	152.1	501.9	0.5423	0.0810	0.1493	-1131.443154	
MT2G045140	MT3G099300	0.2684	239.9	744.1	0.7840	0.0838	0.1069	-1705.922476	
MT2G045180	MT3G099220	1.3920	171.7	614.3	0.5567	0.3952	0.7100	-1827.325649	
MT2G045210	MT3G099200	0.0138	204.2	731.8	0.0841	0.0014	0.0161	-1271.960334	
MT1G011460	MT3G107980	1.0349	321.0	1143.0	0.0874	0.1048	1.2001	-2863.672461	
MT1G011470	MT3G107970	1.1745	224.1	735.9	0.3360	0.2679	0.7974	-2104.170527	
MT1G011610	MT3G107910	0.5709	518.2	1671.8	0.0867	0.0545	0.6285	-3926.404504	
MT1G011640	MT3G107870	1.7071	428.1	1296.9	0.0936	0.1672	1.7864	-3592.950150	
MT1G011470	MT2G102520	2.3575	223.5	727.5	0.1931	0.3965	2.0534	-2252.376079	
MT3G107970	MT2G102520	2.1110	231.5	719.5	0.1737	0.3260	1.8773	-2185.307131	
MT1G011580	MT2G102570	50.0000	212.4	702.6	0.0066	0.4634	70.2811	-2241.726902	
MT1G011640	MT2G102640	2.0631	434.3	1290.7	0.0764	0.1701	2.2260	-3610.014909	
MT3G107870	MT2G102640	2.0438	440.3	1284.7	0.0739	0.1623	2.1956	-3598.566001	
MT4G060240	MT4G059970	0.0000	76.0	455.0	0.0010	0.0000	0.0000	-681.466442	
MT4G060320	MT4G060050	0.0000	165.5	524.5	0.3839	0.0000	0.0000	-907.064677	
MT4G060460	MT4G060180	0.2104	223.7	910.3	0.6049	0.0621	0.1027	-1878.526295	
MT4G060480	MT4G060190	0.0335	246.9	953.1	0.4305	0.0088	0.0204	-1691.334030	
MT1G005830	MT1G005550	0.0200	263.2	849.8	0.2073	0.0035	0.0169	-1526.320651	
MT1G005910	MT1G005490	0.0040	198.4	551.6	99.0000	0.0018	0.0000	-1032.134708	
MT1G005920	MT1G005480	0.5644	129.2	314.8	0.5805	0.1554	0.2678	-875.773195	
MT1G005950	MT1G005460	0.0000	145.1	553.9	0.0010	0.0000	0.0000	-946.000657	
MT1G015840	MT3G104620	2.0453	142.4	520.6	0.2316	0.3981	1.7186	-1499.013113	
MT1G015860	MT3G104560	1.1867	300.0	1056.0	0.1452	0.1718	1.1832	-2813.655321	
MT1G016080	MT3G104420	1.0574	183.6	542.4	0.2659	0.2076	0.7806	-1524.232253	
MT1G016120	MT3G104400	2.3738	209.6	537.4	0.0619	0.1506	2.4336	-1566.056820	
MT8G098260	MT5G010190	1.5822	371.8	1260.2	0.2335	0.3017	1.2924	-3598.356570	
MT8G098390	MT5G010330	1.3111	203.0	649.0	0.2603	0.2606	1.0009	-1876.512704	
MT8G098400	MT5G010340	1.1162	112.2	385.8	0.2169	0.2052	0.9460	-1038.312022	
MT1G088470	MT7G108770	1.0254	202.2	652.8	0.1529	0.1480	0.9677	-1734.677260	
MT1G088540	MT7G108790	1.3146	137.2	441.8	0.1615	0.1965	1.2167	-1221.952804	
MT1G088640	MT7G108830	1.1057	113.0	346.0	0.2444	0.2093	0.8562	-953.491704	
MT0G08670	MT8G077830	0.8377	335.7	951.3	0.2262	0.1475	0.6523	-2537.604551	
MT0G08680	MT8G077850	1.4315	196.9	817.1	0.1813	0.2543	1.4023	-2223.393352	
MT0G08740	MT8G077890	2.5046	310.3	1060.7	0.1375	0.3450	2.5096	-3067.079669	
MT0G08850	MT8G077940	2.2526	233.9	642.1	0.1522	0.3018	1.9834	-2001.600791	
MT8G063120	MT5G035360	1.1023	241.0	659.0	0.2530	0.2052	0.8110	-1918.264188	
MT8G063210	MT5G035190	0.6994	196.7	589.3	0.0786	0.0592	0.7541	-1433.233945	
MT8G063220	MT5G035180	0.8849	395.4	1128.6	0.1128	0.0970	0.8600	-2942.714157	
MT8G063300	MT5G035030	0.7212	222.3	758.7	0.1646	0.1118	0.6794	-1901.973651	
MT2G009600	MT4G093560	1.6639	123.3	398.7	0.1311	0.2163	1.6490	-1135.449325	
MT2G009650	MT4G093650	1.2932	402.0	1203.0	0.2921	0.2682	0.9183	-3544.483800	
MT2G009690	MT4G093750	0.8351	455.1	1356.9	0.1060	0.0893	0.8422	-3489.330212	
MT2G009710	MT4G093770	1.3380	92.3	288.7	0.3580	0.3109	0.8684	-838.519114	
MT0G16610	MT1G018550	1.2389	198.3	665.7	0.1928	0.2106	1.0924	-1818.457457	
MT0G16630	MT1G018580	1.9035	268.1	805.9	0.0897	0.1796	2.0021	-2276.072981	
MT0G16710	MT1G018620	0.8872	273.8	881.2	0.1612	0.1324	0.8214	-2334.682872	
MT0G16790	MT1G018680	5.2954	211.6	742.4	0.0630	0.4107	6.5165	-2251.630656	
MT3G007790	MT5G020610	3.0094	170.7	528.3	0.6430	0.8833	1.3738	-1767.153048	
MT3G007800	MT5G020650	12.7064	276.5	935.5	0.0563	0.8777	15.5966	-3140.677604	
MT3G007970	MT5G020740	50.0000	199.2	706.8	0.0066	0.4916	74.0698	-2170.235019	
MT3G008050	MT5G020820	2.0199	207.7	602.3	0.8754	0.6496	0.7421	-1964.943769	
MT3G116270	MT4G069680	4.6397	174.6	626.4	0.1161	0.5816	5.0085	-1979.666256	
MT3G116430	MT4G069810	5.1819	186.2	749.8	0.1378	0.7696	5.5847	-2227.838861	
MT3G116480	MT4G069920	0.4671	696.0	1953.0	0.1115	0.0503	0.4514	-4650.078916	
MT3G116510	MT4G069940	0.9947	273.3	740.7	0.1330	0.1203	0.9042	-2022.572917	
MT3G008500	MT4G101600	2.3360	201.4	701.6	0.0812	0.2210	2.7219	-1944.260436	
MT3G008530	MT4G101630	2.7885	325.3	1168.7	0.0822	0.2708	3.2958	-3309.383044	
MT3G008580	MT4G101650	2.0843	367.4	1225.6	0.0964	0.2197	2.2798	-3485.435476	
MT3G008760	MT4G101760	50.0000	119.9	423.1	0.0109	0.7951	72.6510	-1361.471931	
MT0G36480	MT1G018550	1.1975	195.5	668.5	0.2000	0.2096	1.0476	-1814.268223	
MT0G36500	MT1G018580	1.9282	269.9	804.1	0.0890	0.1799	2.0215	-2275.751698	
MT0G36590	MT1G018620	0.8872	273.8	881.2	0.1612	0.1324	0.8214	-2334.682872	
MT0G36670	MT1G018680	5.2954	211.6	742.4	0.0630	0.4107	6.5165	-2251.630656	
MT8G030420	MT7G078120	1.7330	74.8	282.2	0.2041	0.3179	1.5576	-788.159943	
MT8G030670	MT7G077810	0.7081	163.5	607.5	0.1384	0.1017	0.7349	-1459.518234	
MT8G030680	MT7G077800	0.5988	110.5	372.5	0.1688	0.0939	0.5561	-879.991738	
MT8G030690	MT7G077780	1.6735	221.2	747.8	0.2938	0.3602	1.2260	-2258.520623	
MT0G35110	MT3G027020	0.0000	136.4	544.6	0.0242	0.0000	0.0000	-915.210268	
MT0G35120	MT3G026990	0.2394	235.0	896.0	1.0036	0.0798	0.0796	-1901.055481	
MT0G35140	MT3G026830	0.0000	66.3	239.7	0.3918	0.0000	0.0000	-406.124846	
MT2G034640	MT4G121630	1.1869	133.3	445.7	0.0171	0.0278	1.6258	-1028.832128	
MT2G034650	MT4G121610	0.8941	601.2	1987.8	0.2351	0.1698	0.7222	-5284.986943	
MT2G034790	MT4G121460	1.6699	128.3	690.7	0.3554	0.4335	1.2197	-1833.384407	
MT2G034900	MT4G121440	0.8595	313.9	973.1	0.1776	0.1345	0.7576	-2566.535631	
MT2G082430	MT4G081640	22.9850	200.1	753.9	0.0202	0.6866	33.9493	-2400.112761	
MT2G082520	MT4G081410	1.3284	491.2	1701.8	0.2070	0.2383	1.1514	-4738.614207	
MT2G082570	MT4G081390	0.6798	280.5	880.5	0.1000	0.0714	0.7138	-2138.720004	
MT2G082640	MT4G081370	0.7140	138.4	467.6	0.1724	0.1135	0.6584	-1186.660676	
MT2G083510	MT4G080320	2.5413	72.4	236.6	0.2641	0.5125	1.9410	-752.663876	
MT2G083910	MT4G080670	1.3171	128.0	505.0	0.3285	0.3106	0.9455	-1381.471456	
MT2G083920	MT4G080680	0.8206	167.3	540.7	0.1932	0.1377	0.7125	-1410.129492	
MT2G083930	MT4G080690	1.4604	198.5	776.5	0.2158	0.2798	1.2964	-2088.993537	
MT4G080630	MT3G044160	0.0000	104.9	483.1	0.0010	0.0000	0.0000	-771.785300	
MT4G080650	MT3G044180	0.0000	81.9	302.1	0.3798	0.0000	0.0000	-505.156725	
MT2G083930	MT3G044260	1.4604	198.5	776.5	0.2158	0.2798	1.2964	-2088.993537	
MT4G080690	MT3G044260	0.0000	189.1	803.9	0.4352	0.0000	0.0000	-1289.714513	
MT1G025610	MT5G022610	1.7895	592.1	1771.9	0.0661	0.1315	1.9880	-4794.492740	
MT1G025680	MT5G022630	7.4039	231.6	800.4	0.0418	0.4015	9.6103	-2416.677553	
MT1G025920	MT5G022790	4.0978	296.8	927.2	0.1710	0.6279	3.6711	-3055.022159	
MT1G025980	MT5G022870	2.3853	212.7	696.3	0.0789	0.2130	2.7009	-1974.195164	
MT8G038150	MT3G018780	5.8814	220.0	716.0	0.0920	0.5906	6.4179	-2312.859188	
MT8G038370	MT3G017590	0.6285	202.7	691.3	0.1314	0.0839	0.6380	-1662.106364	
MT8G038390	MT3G017580	0.6849	360.1	1040.9	0.1298	0.0838	0.6460	-2633.167309	
MT8G038440	MT3G017490	50.0000	136.4	535.6	0.0045	0.3623	80.6973	-1591.730478	
MT8G071950	MT5G025840	50.0000	116.9	435.1	0.0208	1.5215	73.0385	-1455.354685	
MT8G072210	MT5G025650	0.9066	438.0	1380.0	0.1568	0.1317	0.8395	-3607.604021	
MT8G072220	MT5G025640	0.8524	132.5	404.5	0.3813	0.2029	0.5322	-1087.922551	
MT8G072260	MT5G025610	0.6961	286.1	1069.9	0.1095	0.0854	0.7803	-2514.173802	
MT1G081180	MT7G114860	2.0158	247.9	1063.1	0.2060	0.3887	1.8869	-3035.294309	
MT1G081260	MT7G114790	2.8597	126.2	668.8	0.0282	0.1475	5.2244	-1579.374174	
MT1G081330	MT7G114680	0.6375	191.2	681.8	0.0553	0.0448	0.8106	-1541.621479	
MT1G081660	MT7G114420	2.0215	264.1	788.9	0.1892	0.3247	1.7165	-2399.843333	
MT3G107310	MT4G114620	4.3834	115.4	385.6	0.0777	0.3911	5.0361	-1183.431039	
MT3G107380	MT4G114570	3.1477	113.4	444.6	0.0728	0.2923	4.0156	-1244.061380	
MT3G107470	MT4G114360	2.1127	200.6	816.4	0.0309	0.0980	3.1715	-1968.535869	
MT3G107510	MT4G114320	2.0235	213.1	659.9	0.0745	0.1673	2.2457	-1834.068816	
MT1G005770	MT1G005240	4.8318	199.6	535.4	0.6040	1.3671	2.2635	-1981.517056	
MT1G006040	MT1G005520	0.1480	110.8	384.2	0.4809	0.0397	0.0826	-780.853167	
MT1G006060	MT1G005550	0.0173	266.2	846.8	0.1407	0.0023	0.0167	-1519.440873	
MT2G086160	MT4G053350	0.4898	235.2	868.8	0.0674	0.0413	0.6136	-1917.038658	
MT2G086190	MT4G053440	6.7194	98.5	309.5	0.0368	0.3060	8.3151	-932.454980	
MT2G086230	MT4G053560	1.0056	164.1	675.9	0.2114	0.1939	0.9172	-1722.842419	
MT2G086290	MT4G053620	3.8240	201.1	731.9	0.0849	0.3834	4.5178	-2191.872166	
MT3G101320	MT4G086620	7.9461	140.5	552.5	0.0338	0.3895	11.5367	-1630.916667	
MT3G101370	MT4G086600	2.3354	220.3	841.7	0.0994	0.2703	2.7198	-2352.716081	
MT3G101380	MT4G086580	2.4091	186.1	653.9	0.0984	0.2651	2.6933	-1838.483102	
MT3G101700	MT4G086270	10.4151	236.2	999.8	0.0720	1.0030	13.9215	-3189.712784	
MT6G060390	MT7G034710	1.2078	125.3	501.7	0.1340	0.1756	1.3111	-1268.629755	
MT6G060550	MT7G034640	1.6158	124.0	497.0	0.2417	0.3312	1.3702	-1389.159048	
MT6G060830	MT7G033000	2.8959	73.6	265.4	0.1076	0.3447	3.2038	-769.233467	
MT7G118260	MT3G092780	3.5743	330.0	1335.0	0.1307	0.5140	3.9315	-4011.140200	
MT7G118270	MT3G092790	50.0000	151.3	430.7	0.0128	0.7927	61.8438	-1504.942361	
MT7G118300	MT3G092900	3.9029	231.5	827.5	0.0859	0.3912	4.5531	-2483.502566	
MT3G007510	MT4G133920	9.5360	131.0	577.0	0.1506	1.5554	10.3264	-1853.944360	
MT3G007790	MT4G133790	2.1478	184.4	559.6	0.7054	0.6488	0.9197	-1819.743797	
MT3G007800	MT4G133610	50.0000	267.5	947.5	0.0127	0.9206	72.4373	-3152.282048	
MT3G007920	MT4G133450	50.0000	209.8	714.2	0.0096	0.6806	71.0839	-2221.001702	
MT4G081210	MT5G034890	4.3245	278.2	1005.8	0.6566	1.2948	1.9719	-3308.575342	
MT4G081640	MT5G035030	4.1545	205.9	769.1	0.2329	0.8169	3.5070	-2498.572188	
MT8G075100	MT1G025980	2.3988	209.8	702.2	0.0764	0.2115	2.7687	-1979.239724	
MT8G075120	MT1G025920	3.9822	279.4	869.6	0.1927	0.6577	3.4123	-2874.729118	
MT8G075200	MT1G025680	8.9185	213.8	818.2	0.0345	0.4377	12.6720	-2455.536905	
MT8G075510	MT1G025420	1.8941	177.3	524.7	0.2298	0.3419	1.4880	-1632.986251	
MT5G066770	MT5G031170	50.0000	387.0	1455.0	0.0044	0.3442	78.0413	-4246.319414	
MT5G066990	MT5G031000	50.0000	108.0	327.0	0.0063	0.4126	65.8948	-1010.658644	
MT5G067060	MT5G030950	1.3270	271.6	907.4	0.0317	0.0550	1.7362	-2183.768945	
MT5G067350	MT5G030710	2.7317	118.3	436.7	0.0469	0.1709	3.6401	-1165.217939	
MT3G005980	MT4G014260	1.7024	215.6	672.4	0.6666	0.5060	0.7591	-2098.585558	
MT3G007200	MT4G014290	11.6302	86.5	297.5	0.0149	0.2446	16.3743	-849.323279	
MT3G007870	MT4G014900	7.2894	168.0	819.0	0.0885	0.8824	9.9710	-2497.544631	
MT1G038560	MT1G023180	10.9577	252.9	755.1	0.0543	0.6805	12.5264	-2502.192611	
MT1G038680	MT1G022970	50.0000	205.5	733.5	0.0078	0.5790	74.0727	-2349.731742	
MT1G038810	MT1G021730	50.0000	178.1	715.9	0.0104	0.8342	80.2972	-2289.257193	
MT1G039290	MT1G021250	50.0000	150.5	539.5	0.0190	1.3571	71.5552	-1781.170047	
MT3G107310	MT3G107010	0.0000	106.7	394.3	0.4144	0.0000	0.0000	-674.691080	
MT3G107320	MT3G107000	0.0038	539.0	1810.0	99.0000	0.0017	0.0000	-3113.439035	
MT3G107330	MT3G106990	0.0000	131.7	516.3	0.4048	0.0000	0.0000	-844.561392	
MT6G008880	MT4G071600	0.0443	140.8	411.2	1.6583	0.0164	0.0099	-770.364723	
MT6G008890	MT4G071610	0.0000	266.7	801.3	0.4139	0.0000	0.0000	-1443.827854	
MT6G008900	MT4G071620	0.0000	143.7	870.3	0.0010	0.0000	0.0000	-1287.502302	
MT6G023800	MT6G023580	0.6907	140.5	513.5	0.8769	0.2235	0.2549	-1325.189235	
MT6G023810	MT6G023590	0.0000	192.3	578.7	0.0010	0.0000	0.0000	-1030.569735	
MT1G099930	MT1G099580	0.0000	139.4	430.6	0.4425	0.0000	0.0000	-753.259855	
MT1G099940	MT1G099590	0.0517	316.8	1174.2	0.8820	0.0168	0.0190	-2117.042206	
MT1G099950	MT1G099600	0.0000	226.8	709.2	0.0993	0.0000	0.0000	-1225.413365	
MT1G116120	MT5G059410	0.0000	447.0	1743.0	0.0010	0.0000	0.0000	-2909.441371	
MT1G116130	MT5G059400	0.0000	194.0	868.0	0.0010	0.0000	0.0000	-1401.450784	
MT1G116140	MT5G059390	0.0015	458.5	1731.5	0.0010	0.0000	0.0024	-2897.316778	
MT0G09860	MT1G091730	0.0124	150.5	347.5	0.4504	0.0030	0.0067	-663.648004	
MT0G09870	MT1G091740	0.0000	184.4	490.6	0.3860	0.0000	0.0000	-883.122228	
MT0G09880	MT1G091750	0.0000	550.4	2209.6	0.2796	0.0000	0.0000	-3683.938316	
MT8G097200	MT3G084940	0.9727	158.0	499.0	0.1983	0.1644	0.8292	-1309.811677	
MT8G097210	MT3G084930	0.8278	377.5	1245.5	0.1333	0.1098	0.8240	-3167.854316	
MT8G093290	MT8G092890	0.0000	367.5	1504.5	0.0010	0.0000	0.0000	-2475.890830	
MT8G093300	MT8G092880	0.1192	121.0	542.0	0.5135	0.0339	0.0660	-986.016630	
MT8G093310	MT8G092870	0.0000	302.8	927.2	0.3963	0.0000	0.0000	-1644.649297	
MT2G083910	MT4G080340	1.3171	128.0	505.0	0.3285	0.3106	0.9455	-1381.471456	
MT2G083920	MT4G080350	0.8206	167.3	540.7	0.1932	0.1377	0.7125	-1410.129492	
MT2G083930	MT4G080360	1.4604	198.5	776.5	0.2158	0.2798	1.2964	-2088.993537	
MT4G107050	MT4G106630	0.0000	184.8	598.2	0.0010	0.0000	0.0000	-1043.134551	
MT4G107060	MT4G106640	0.0000	68.8	243.2	0.0010	0.0000	0.0000	-411.987900	
MT4G107080	MT4G106660	0.0000	376.7	1714.3	0.0322	0.0000	0.0000	-2787.399104	
MT4G078540	MT4G078350	0.0000	81.8	413.2	0.2373	0.0000	0.0000	-651.808606	
MT4G078560	MT4G078370	0.0000	221.0	817.0	0.4196	0.0000	0.0000	-1370.383516	
MT4G037660	MT4G037240	0.0000	94.3	649.7	0.5573	0.0000	0.0000	-929.431285	
MT4G037670	MT4G037250	0.0000	100.9	391.1	0.4587	0.0000	0.0000	-650.893732	
MT4G037690	MT4G037270	0.0000	265.2	1087.8	0.0010	0.0000	0.0000	-1796.289413	
MT4G035070	MT4G034950	0.0000	241.9	1297.1	0.0010	0.0000	0.0000	-2022.054063	
MT4G035080	MT4G034940	0.0000	108.7	392.3	0.0010	0.0000	0.0000	-679.220253	
MT4G035100	MT4G034920	0.0000	555.4	2096.6	0.0010	0.0000	0.0000	-3529.630289	
MT4G024570	MT4G024290	0.0000	423.8	1841.2	0.0010	0.0000	0.0000	-2989.755685	
MT4G024600	MT4G024320	0.0000	209.4	1068.6	0.4197	0.0000	0.0000	-1655.609792	
MT6G059830	MT4G014860	0.0457	141.8	548.2	0.3114	0.0105	0.0336	-956.842705	
MT6G059850	MT4G014880	0.0321	91.4	292.6	0.8128	0.0102	0.0125	-530.945378	
MT6G059830	MT3G055630	0.0413	144.8	545.2	0.2403	0.0083	0.0345	-951.431648	
MT6G059850	MT3G055650	0.0321	91.4	292.6	0.8128	0.0102	0.0125	-530.945378	
MT6G059830	MT4G085780	1.5965	141.6	548.4	0.1201	0.2125	1.7704	-1452.803528	
MT3G055630	MT4G085780	1.5110	146.7	579.3	0.1373	0.2218	1.6162	-1531.696940	
MT6G059850	MT4G085770	1.8475	85.2	298.8	0.0462	0.1103	2.3895	-751.697935	
MT3G055650	MT4G085770	1.9135	85.3	298.7	0.0462	0.1142	2.4706	-757.420239	
MT1G012520	MT3G107040	1.0311	423.5	1298.5	0.3093	0.2219	0.7173	-3705.386960	
MT1G012530	MT3G107050	1.3454	232.8	745.2	0.4085	0.3335	0.8164	-2157.397208	
MT1G012550	MT3G107070	2.0541	183.3	821.7	0.1523	0.3398	2.2304	-2260.227240	
MT1G042630	MT1G042160	0.0000	167.1	687.9	0.3453	0.0000	0.0000	-1112.096116	
MT1G042640	MT1G042150	0.4485	128.5	462.5	0.6860	0.1360	0.1982	-1104.515916	
MT0G39650	MT4G051260	0.0000	91.5	298.5	0.0010	0.0000	0.0000	-506.631710	
MT0G39660	MT4G051250	0.0049	134.5	480.5	99.0000	0.0021	0.0000	-806.018943	
MT0G39670	MT4G051240	0.0000	74.3	399.7	0.0010	0.0000	0.0000	-622.790017	
MT0G39650	MT7G021780	0.0000	93.3	296.7	0.0010	0.0000	0.0000	-506.631714	
MT0G39660	MT7G021790	0.0156	127.3	487.7	0.1194	0.0021	0.0173	-819.204277	
MT0G39670	MT7G021800	0.0067	127.7	346.3	0.0010	0.0000	0.0083	-628.919120	
MT8G098660	MT8G098420	1.5149	164.6	474.4	0.2195	0.2636	1.2007	-1407.293753	
MT8G098680	MT8G098450	1.0838	130.9	436.1	0.3369	0.2484	0.7372	-1215.182584	
MT8G098700	MT8G098460	0.0374	149.6	432.4	0.4282	0.0093	0.0217	-814.953449	
MT0G18860	MT8G079840	0.0000	262.7	1321.3	0.0979	0.0000	0.0000	-2067.307399	
MT0G18870	MT8G079820	0.0445	1091.5	3675.5	0.8280	0.0142	0.0171	-6804.782953	
MT0G18880	MT8G079810	0.0000	177.3	569.7	0.3363	0.0000	0.0000	-997.839590	
MT0G15970	MT8G019070	0.0000	117.9	503.1	0.4252	0.0000	0.0000	-801.209218	
MT0G15980	MT8G019090	0.0000	63.3	269.7	0.3123	0.0000	0.0000	-436.554918	
MT0G15990	MT8G019100	0.0000	78.1	233.9	0.3924	0.0000	0.0000	-420.593120	
MT2G006880	MT2G006690	0.0000	403.6	1621.4	0.2478	0.0000	0.0000	-2725.274164	
MT2G006890	MT2G006680	0.0000	64.0	296.0	0.0010	0.0000	0.0000	-468.918743	
MT2G006910	MT2G006660	0.1314	201.7	809.3	0.6031	0.0387	0.0642	-1543.353944	
MT4G085770	MT4G014880	1.9135	85.3	298.7	0.0462	0.1142	2.4706	-757.420239	
MT4G085780	MT4G014860	1.4997	146.9	579.1	0.1366	0.2193	1.6054	-1529.565191	
MT3G055630	MT4G085780	1.5110	146.7	579.3	0.1373	0.2218	1.6162	-1531.696940	
MT3G055650	MT4G085770	1.9135	85.3	298.7	0.0462	0.1142	2.4706	-757.420239	
MT3G043810	MT4G009870	0.0108	394.9	1294.1	1.5818	0.0039	0.0025	-2306.152153	
MT3G043830	MT4G009850	0.0000	245.6	876.4	0.0010	0.0000	0.0000	-1489.952553	
MT3G043840	MT4G009840	0.0000	196.1	769.9	0.0010	0.0000	0.0000	-1266.916516	
MT6G059830	MT4G085780	1.5965	141.6	548.4	0.1201	0.2125	1.7704	-1452.803528	
MT6G059850	MT4G085770	1.8475	85.2	298.8	0.0462	0.1103	2.3895	-751.697935	
MT6G042140	MT7G021710	0.0118	123.3	404.7	99.0000	0.0051	0.0001	-678.564645	
MT1G045290	MT1G044760	0.0000	67.7	259.3	0.0010	0.0000	0.0000	-433.849524	
MT1G045320	MT1G044790	0.0041	164.4	600.6	99.0000	0.0017	0.0000	-980.230129	
MT1G006770	MT1G005460	0.0000	175.7	523.3	0.3645	0.0000	0.0000	-946.000808	
MT1G006790	MT1G005480	0.0000	144.3	383.7	0.3636	0.0000	0.0000	-720.157064	
MT1G006800	MT1G005490	0.0041	193.7	541.3	99.0000	0.0018	0.0000	-1012.583711	
MT0G33080	MT0G40030	0.0000	171.0	879.0	0.0010	0.0000	0.0000	-1359.163704	
MT0G33110	MT0G40000	0.0000	331.0	1292.0	0.0010	0.0000	0.0000	-2135.407191	
MT0G33120	MT0G39990	0.0000	91.9	427.1	0.2664	0.0000	0.0000	-683.458088	
MT0G30600	MT1G084870	19.0547	205.8	664.2	0.0162	0.4140	25.5108	-2047.049887	
MT0G30610	MT1G084860	50.0000	80.9	279.1	0.0200	1.3851	69.3728	-951.085042	
MT2G064770	MT2G064510	0.0000	118.3	433.7	0.3241	0.0000	0.0000	-715.054299	
MT2G064800	MT2G064540	0.0000	61.3	265.7	0.0010	0.0000	0.0000	-436.945733	
MT2G064810	MT2G064550	0.0000	94.6	451.4	0.0010	0.0000	0.0000	-716.305249	
MT0G09620	MT4G051300	0.0000	191.8	789.2	0.1269	0.0000	0.0000	-1254.253618	
MT0G09630	MT4G051290	0.0000	93.6	338.4	0.3056	0.0000	0.0000	-563.431709	
MT0G31280	MT1G084870	19.0657	205.8	664.2	0.0162	0.4140	25.5266	-2047.049886	
MT0G31290	MT1G084860	50.0000	79.8	268.2	0.0191	1.3036	68.3052	-918.139776	
MT4G051220	MT4G035020	0.0398	94.2	460.8	0.2494	0.0088	0.0352	-774.050275	
MT4G051240	MT4G035040	0.0000	80.3	393.7	0.2855	0.0000	0.0000	-622.790124	
MT4G051250	MT4G035050	0.3955	112.0	434.0	0.8180	0.1261	0.1541	-973.782499	
MT1G075700	MT2G077880	0.7615	132.5	416.5	0.2081	0.1323	0.6359	-1087.424462	
MT1G075740	MT2G077910	1.1532	194.4	609.6	0.2532	0.2244	0.8862	-1699.078438	
MT8G073100	MT5G024740	1.6347	504.4	1523.6	0.1163	0.1885	1.6213	-4265.301356	
MT8G073120	MT5G024730	2.4601	139.7	334.3	0.1648	0.3289	1.9952	-1099.404845	
MT8G073130	MT5G024700	1.0262	355.9	1123.1	0.2541	0.2005	0.7890	-3098.543054	
MT8G073100	MT3G116060	3.8524	526.9	1480.1	0.0962	0.3706	3.8506	-4702.360891	
MT5G024740	MT3G116060	3.0170	534.8	1472.2	0.1235	0.3479	2.8166	-4670.546305	
MT8G073120	MT3G116000	8.8249	134.7	360.3	0.0422	0.4094	9.7123	-1185.518178	
MT5G024730	MT3G116000	9.3228	130.5	352.5	0.0391	0.4067	10.4041	-1170.462416	
MT8G073130	MT3G115940	25.2902	379.2	1117.8	0.0139	0.4457	31.9661	-3591.463402	
MT5G024700	MT3G115940	8.2693	363.7	1115.3	0.0450	0.4429	9.8507	-3531.376946	
MT8G083370	MT8G081570	0.1073	422.9	1029.1	0.7525	0.0326	0.0434	-2093.254668	
MT8G083400	MT8G081530	0.0000	121.1	382.9	0.0967	0.0000	0.0000	-668.905396	
MT8G083420	MT8G081510	0.0028	216.7	962.3	0.0010	0.0000	0.0050	-1583.053499	
MT8G073450	MT8G073170	0.0470	197.1	855.9	0.4819	0.0130	0.0270	-1493.269049	
MT8G073460	MT8G073190	0.1413	297.3	1196.7	0.4578	0.0381	0.0832	-2321.633624	
MT8G073480	MT8G073210	0.0000	422.1	1344.9	0.4496	0.0000	0.0000	-2367.051328	
MT0G35160	MT3G026900	0.0000	79.1	283.9	0.0010	0.0000	0.0000	-482.024501	
MT0G35180	MT3G026920	0.0000	98.2	429.8	0.0010	0.0000	0.0000	-703.459192	
MT0G35210	MT3G026950	0.0000	192.2	821.8	0.3842	0.0000	0.0000	-1316.452483	
MT0G35050	MT0G34840	0.0000	167.5	675.5	0.4543	0.0000	0.0000	-1111.938130	
MT0G35080	MT0G34810	0.0631	247.3	871.7	1.6583	0.0231	0.0139	-1597.552231	
MT2G048090	MT2G047870	0.0000	75.6	260.4	0.4025	0.0000	0.0000	-448.610957	
MT2G048110	MT2G047890	0.0000	109.1	496.9	0.0010	0.0000	0.0000	-786.491404	
MT0G09620	MT7G021740	0.0032	223.3	757.7	0.0010	0.0000	0.0047	-1262.011068	
MT0G09630	MT7G021750	0.0070	124.9	307.1	99.0000	0.0033	0.0000	-569.589882	
MT6G092150	MT6G091780	0.3521	167.7	576.3	0.2765	0.0738	0.2670	-1273.471586	
MT6G092160	MT6G091790	1.0801	253.7	922.3	0.4719	0.2900	0.6145	-2563.173808	
MT6G092210	MT6G091800	0.1258	195.9	566.1	0.3840	0.0297	0.0773	-1181.153810	
MT6G091780	MT6G090780	0.5627	161.7	582.3	0.3263	0.1295	0.3968	-1398.719974	
MT6G091790	MT6G090790	1.3193	225.1	788.9	0.4626	0.3496	0.7557	-2296.383832	
MT6G091800	MT6G090840	0.1258	195.9	566.1	0.3840	0.0297	0.0773	-1181.153810	
MT6G088280	MT8G102890	2.0431	89.0	454.0	0.2134	0.4245	1.9893	-1245.342362	
MT6G088300	MT8G102900	1.2047	359.3	1203.7	0.2234	0.2232	0.9991	-3367.005054	
MT6G088320	MT8G102910	1.2423	171.7	629.3	0.0912	0.1321	1.4478	-1592.356401	
MT1G040900	MT1G040680	0.0000	88.6	391.4	0.3462	0.0000	0.0000	-641.517618	
MT1G040910	MT1G040690	0.0000	148.1	502.9	0.2825	0.0000	0.0000	-861.023845	
MT0G39660	MT4G035050	0.4023	112.3	433.7	0.8421	0.1291	0.1534	-976.164533	
MT0G39670	MT4G035040	0.0000	95.3	378.7	0.3011	0.0000	0.0000	-622.790127	
MT0G39690	MT4G035020	0.0398	94.2	460.8	0.2494	0.0088	0.0352	-774.050275	
MT0G10060	MT6G091350	0.0000	137.7	708.3	0.0010	0.0000	0.0000	-1102.510624	
MT0G10070	MT6G091340	0.0000	115.0	524.0	0.0010	0.0000	0.0000	-855.695419	
MT0G06800	MT5G031470	0.3049	354.2	1517.8	0.7115	0.0944	0.1327	-3245.448612	
MT0G06820	MT5G031480	0.0877	252.3	893.7	0.1232	0.0114	0.0924	-1684.204142	
MT0G06830	MT5G031490	0.0721	376.6	1093.4	0.2291	0.0129	0.0564	-2130.160369	
MT5G057630	MT5G057290	0.0000	218.7	705.3	0.3332	0.0000	0.0000	-1207.548602	
MT5G057660	MT5G057300	0.3322	164.5	660.5	0.9427	0.1094	0.1161	-1413.384284	
MT5G057670	MT5G057310	0.0000	136.0	416.0	0.4182	0.0000	0.0000	-730.899030	
MT0G03210	MT5G031490	0.0721	376.6	1093.4	0.2291	0.0129	0.0564	-2130.160369	
MT0G03220	MT5G031480	0.0877	252.3	893.7	0.1232	0.0114	0.0924	-1684.204142	
MT0G03240	MT5G031470	0.1447	331.4	1264.6	0.4247	0.0377	0.0887	-2454.453966	
MT2G014470	MT4G078850	2.4825	209.8	687.2	0.0261	0.0852	3.2584	-1718.642539	
MT2G014490	MT4G078860	2.5515	761.8	2766.2	0.1708	0.4152	2.4309	-8325.948822	
MT2G014520	MT4G078870	2.9557	134.9	429.1	0.1144	0.3456	3.0193	-1303.696456	
MT4G047870	MT4G047660	0.0000	189.7	626.3	0.4425	0.0000	0.0000	-1103.306595	
MT4G043690	MT4G043340	0.0000	562.0	2060.0	0.0010	0.0000	0.0000	-3418.182908	
MT4G043720	MT4G043370	0.0162	135.2	242.8	0.0010	0.0000	0.0151	-512.407843	
MT4G043760	MT4G043410	0.0000	239.5	978.5	0.4246	0.0000	0.0000	-1600.507219	
MT4G025210	MT4G024930	0.0597	377.3	1218.7	1.3426	0.0212	0.0158	-2297.359764	
MT4G025280	MT4G025010	0.0000	88.8	430.2	0.0010	0.0000	0.0000	-682.980898	
MT0G40130	MT5G017290	1.2111	230.5	828.5	0.2859	0.2615	0.9147	-2285.500866	
MT0G40140	MT5G017280	0.7727	248.0	823.0	0.1202	0.0956	0.7952	-2033.466553	
MT7G073230	MT4G028140	1.5139	241.2	751.8	0.3952	0.3679	0.9308	-2317.656697	
MT7G073290	MT4G028090	50.0000	220.4	913.6	0.0056	0.4698	83.8003	-2723.192470	
MT8G079790	MT5G017830	0.7147	179.0	706.0	0.0771	0.0696	0.9034	-1612.927982	
MT8G079820	MT5G017800	0.7034	640.7	2014.3	0.2020	0.1200	0.5943	-5157.704717	
MT8G079840	MT5G017790	0.8728	336.2	1214.8	0.1825	0.1476	0.8088	-3104.474209	
MT3G078000	MT4G106910	0.8918	168.1	659.9	0.1078	0.1109	1.0288	-1617.799507	
MT3G078010	MT4G106940	1.1135	119.7	336.3	0.2387	0.2020	0.8465	-963.618474	
MT3G078020	MT4G106950	1.6890	159.2	545.8	0.2794	0.3558	1.2733	-1593.638370	
MT1G087610	MT1G087410	0.0070	87.3	338.7	99.0000	0.0029	0.0000	-565.239950	
MT1G087640	MT1G087380	0.0000	393.8	1985.2	0.2361	0.0000	0.0000	-3103.059101	
MT1G087690	MT1G087330	0.0000	394.9	1573.1	0.0010	0.0000	0.0000	-2638.060878	
MT5G097480	MT5G094450	3.0338	342.8	1097.2	0.0910	0.2993	3.2899	-3272.943007	
MT5G097490	MT5G094430	50.0000	144.4	500.6	0.0094	0.6797	72.0992	-1633.880398	
MT5G097530	MT5G094390	4.4814	190.7	682.3	0.0292	0.1810	6.1902	-1824.371516	
MT6G071320	MT5G048070	0.1597	296.4	1059.6	0.1654	0.0253	0.1530	-2083.356794	
MT6G071340	MT5G048050	0.0766	196.2	988.8	0.1148	0.0112	0.0977	-1650.030291	
MT6G071350	MT5G048010	0.0715	81.3	305.7	0.8747	0.0231	0.0264	-561.087202	
MT6G086050	MT8G103750	1.1206	447.1	1352.9	0.3007	0.2368	0.7874	-3856.042600	
MT6G086060	MT8G103740	0.9139	277.3	910.7	0.2070	0.1608	0.7769	-2419.017664	
MT6G086120	MT8G103700	12.7245	330.0	765.0	0.1042	1.1810	11.3355	-2870.650455	
MT1G024140	MT4G022920	0.0043	153.2	599.8	0.0010	0.0000	0.0070	-1003.537442	
MT1G024170	MT4G022950	0.5384	140.4	570.6	0.6958	0.1652	0.2374	-1353.102508	
MT1G024230	MT4G023000	0.0000	312.4	1124.6	0.0010	0.0000	0.0000	-1923.528602	
MT1G094890	MT2G094620	2.7220	424.7	1504.3	0.0658	0.2198	3.3423	-4199.682320	
MT1G094930	MT2G094600	3.9753	190.6	550.4	0.2553	0.7569	2.9653	-1907.897952	
MT1G094960	MT2G094570	1.4035	240.5	989.5	0.1433	0.2157	1.5055	-2624.238949	
MT6G090060	MT8G102270	1.2937	145.2	415.8	0.1576	0.1809	1.1480	-1182.073192	
MT6G090080	MT8G102260	1.2986	192.0	792.0	0.1464	0.2025	1.3832	-2068.835849	
MT6G090130	MT8G102190	0.7246	291.2	1037.8	0.1063	0.0850	0.7995	-2500.040959	
MT0G17950	MT7G057160	0.0000	88.1	424.9	0.0010	0.0000	0.0000	-678.288006	
MT0G16410	MT8G086470	6.4181	193.5	709.5	0.0510	0.4287	8.4121	-2100.988242	
MT0G16440	MT8G086460	1.5688	275.3	951.7	0.3009	0.3437	1.1423	-2756.655401	
MT0G16470	MT8G086410	2.0296	136.4	607.6	0.5012	0.5722	1.1416	-1764.260765	
MT6G012770	MT7G011490	1.0983	129.8	476.2	0.2636	0.2291	0.8689	-1292.940991	
MT6G012800	MT7G011530	0.8302	194.2	651.8	0.1049	0.0936	0.8917	-1630.839849	
MT6G012870	MT7G011610	0.8738	513.1	1592.9	0.2432	0.1657	0.6812	-4263.771552	
MT6G012770	MT5G042260	1.9427	130.7	475.3	0.2212	0.3681	1.6640	-1406.578895	
MT7G011490	MT5G042260	2.2313	128.5	477.5	0.2266	0.4314	1.9039	-1441.660639	
MT6G012810	MT5G042440	50.0000	209.4	759.6	0.0113	0.8387	74.0772	-2450.721594	
MT6G012850	MT5G042450	16.3207	262.3	1075.7	0.0419	0.9924	23.6833	-3443.941831	
MT6G012860	MT5G042530	1.9083	151.1	505.9	0.1256	0.2445	1.9469	-1451.839195	
MT7G011570	MT5G042530	1.9753	153.5	503.5	0.1461	0.2785	1.9053	-1470.857658	
MT6G012870	MT5G042560	2.1801	511.3	1582.7	0.1420	0.2936	2.0671	-4752.042450	
MT7G011610	MT5G042560	2.1867	532.1	1564.9	0.1769	0.3342	1.8895	-4814.637957	
MT1G100110	MT7G038420	50.0000	207.7	758.3	0.0112	0.8305	74.4688	-2494.708236	
MT1G100130	MT7G038480	2.0944	234.5	827.5	0.1522	0.3131	2.0570	-2419.183996	
MT0G09590	MT4G006080	1.4824	56.8	261.2	0.8941	0.4839	0.5412	-707.450402	
MT0G09600	MT4G006130	0.0044	129.3	632.7	0.0010	0.0000	0.0086	-982.477459	
MT0G09620	MT4G006150	0.0973	197.8	783.2	0.5327	0.0276	0.0518	-1423.751384	
MT4G082980	MT5G043930	1.6421	200.6	1035.4	0.1980	0.3303	1.6680	-2691.044441	
MT4G082990	MT5G043970	0.8051	81.2	254.8	0.0567	0.0534	0.9429	-611.745050	
MT4G083000	MT5G044000	1.2154	271.0	986.0	0.1538	0.1853	1.2052	-2614.115904	
MT1G012440	MT4G114550	3.1962	188.0	574.0	0.0892	0.3028	3.3938	-1720.886194	
MT1G012470	MT4G114570	2.4501	106.1	445.9	0.1143	0.3280	2.8695	-1246.850927	
MT1G012520	MT4G114640	2.5407	432.3	1298.7	0.1139	0.2877	2.5270	-3971.448182	
MT1G023260	MT3G113070	1.4222	108.7	440.3	0.2010	0.2653	1.3197	-1206.610396	
MT1G023270	MT3G113080	1.3499	95.3	363.7	0.2732	0.2898	1.0609	-995.210008	
MT1G023340	MT3G113160	0.8714	264.5	866.5	0.1511	0.1255	0.8309	-2251.200399	
MT5G057720	MT5G057030	0.0000	89.2	660.8	0.0010	0.0000	0.0000	-964.181931	
MT5G057810	MT5G056960	0.0000	132.9	764.1	0.0010	0.0000	0.0000	-1164.375298	
MT5G057820	MT5G056950	0.0000	169.3	808.7	15.2765	0.0000	0.0000	-1287.022590	
MT8G043760	MT8G043530	0.0000	187.7	799.3	0.0010	0.0000	0.0000	-1330.964736	
MT8G043830	MT8G043600	0.2847	270.5	1154.5	0.9830	0.0946	0.0962	-2435.845746	
MT8G043860	MT8G043650	0.0000	128.4	423.6	0.3272	0.0000	0.0000	-741.810387	
MT8G092190	MT1G098240	1.5905	241.1	709.9	0.1144	0.1790	1.5645	-2008.753649	
MT8G092210	MT1G098250	50.0000	128.8	417.2	0.0061	0.4225	69.2639	-1319.735842	
MT8G092290	MT1G098300	4.1387	248.3	999.7	0.0775	0.4097	5.2843	-2966.272485	
MT4G032880	MT4G032670	0.1305	173.5	747.5	0.7587	0.0411	0.0541	-1413.308295	
MT4G032900	MT4G032570	50.0000	81.6	257.4	0.0208	1.3536	65.0041	-899.584127	
MT3G044160	MT4G080630	0.0000	104.9	483.1	0.0010	0.0000	0.0000	-771.785300	
MT3G044180	MT4G080650	0.0000	81.9	302.1	0.3798	0.0000	0.0000	-505.156725	
MT3G044260	MT4G080690	0.0000	189.1	803.9	0.4352	0.0000	0.0000	-1289.714513	
MT8G045110	MT8G044760	0.0000	245.9	885.1	0.1646	0.0000	0.0000	-1512.781451	
MT8G045150	MT8G044800	0.0000	99.7	401.3	0.0010	0.0000	0.0000	-672.927623	
MT4G118930	MT4G020650	0.0000	82.4	322.6	0.4230	0.0000	0.0000	-523.066500	
MT4G118940	MT4G020660	0.0259	67.9	295.1	0.4192	0.0069	0.0164	-451.037791	
MT3G101340	MT5G017790	2.2385	335.6	1167.4	0.1700	0.3570	2.0999	-3455.043817	
MT3G101380	MT5G017700	1.9389	200.0	637.0	0.1915	0.3217	1.6798	-1876.425252	
MT3G101400	MT5G017670	2.7030	258.5	920.5	0.1321	0.3693	2.7948	-2731.010382	
MT6G087040	MT8G102860	1.3827	351.8	1049.2	0.1019	0.1434	1.4077	-2840.089406	
MT6G087070	MT8G102930	0.6484	234.7	749.3	0.1106	0.0741	0.6696	-1825.496887	
MT6G087120	MT8G102980	0.9465	197.3	705.7	0.1786	0.1574	0.8813	-1830.236403	
MT1G023120	MT5G021190	1.5126	440.7	1611.3	0.0903	0.1594	1.7647	-4262.632039	
MT1G023180	MT5G021160	3.9699	258.4	788.6	0.0813	0.3493	4.2950	-2408.787066	
MT1G023230	MT5G021130	5.3871	108.5	611.5	0.0473	0.4451	9.4067	-1676.439249	
MT8G063270	MT3G007770	6.4895	490.8	1753.2	0.0302	0.2693	8.9285	-4993.459107	
MT8G063290	MT3G007800	50.0000	258.4	971.6	0.0121	0.9157	75.8892	-3159.335159	
MT8G063300	MT3G007870	9.7854	183.1	779.9	0.0765	0.9904	12.9390	-2475.872352	
MT8G072560	MT5G024520	4.9978	257.3	774.7	0.0909	0.4768	5.2465	-2467.372635	
MT8G072590	MT5G024510	1.8047	332.4	1143.6	0.3045	0.3973	1.3045	-3432.354147	
MT5G087440	MT5G086010	0.1170	209.9	744.1	0.2230	0.0221	0.0990	-1421.271713	
MT5G087450	MT5G086020	0.1353	91.2	445.8	1.5104	0.0478	0.0317	-800.999043	
MT5G035030	MT5G005450	42.1595	218.3	771.7	0.0160	0.9627	60.3372	-2559.142436	
MT8G086460	MT1G050940	1.5534	277.6	949.4	0.3054	0.3419	1.1194	-2752.917984	
MT8G086470	MT1G050910	2.7386	199.3	739.7	0.1731	0.4532	2.6185	-2204.079173	
MT8G086490	MT1G050820	1.7381	313.4	1024.6	0.1659	0.2660	1.6038	-2929.972730	
MT4G014050	MT4G013700	0.0084	287.6	1206.4	0.2519	0.0018	0.0071	-2016.806366	
MT4G014060	MT4G013710	0.0000	117.3	524.7	0.0010	0.0000	0.0000	-803.581782	
MT3G115940	MT5G024700	8.2693	363.7	1115.3	0.0450	0.4429	9.8507	-3531.376946	
MT3G116000	MT5G024730	9.3228	130.5	352.5	0.0391	0.4067	10.4041	-1170.462416	
MT3G116060	MT5G024740	3.0170	534.8	1472.2	0.1235	0.3479	2.8166	-4670.546305	
MT3G044460	MT3G043300	0.0000	81.6	251.4	0.4195	0.0000	0.0000	-437.250820	
MT3G044480	MT3G043270	0.4100	93.1	299.9	0.6576	0.1216	0.1850	-712.412658	
MT8G073100	MT3G116060	3.8524	526.9	1480.1	0.0962	0.3706	3.8506	-4702.360891	
MT8G073120	MT3G116000	8.8249	134.7	360.3	0.0422	0.4094	9.7123	-1185.518178	
MT8G073130	MT3G115940	25.2902	379.2	1117.8	0.0139	0.4457	31.9661	-3591.463402	
MT0G16290	MT3G044160	0.0000	104.9	483.1	0.0010	0.0000	0.0000	-771.785300	
MT0G16410	MT3G044260	50.0000	179.3	774.7	0.0066	0.5683	86.2315	-2306.856924	
MT1G071680	MT5G006820	2.2609	255.2	803.8	0.0470	0.1280	2.7241	-2148.553932	
MT1G071720	MT5G006940	26.3932	141.2	395.8	0.0164	0.5242	31.9985	-1301.078876	
MT1G083480	MT7G112620	1.5355	124.1	388.9	0.1297	0.1952	1.5045	-1091.108482	
MT1G083580	MT7G112550	1.5869	190.3	568.7	0.2102	0.2724	1.2958	-1672.944399	
MT1G083700	MT7G112460	0.5061	238.7	727.3	0.0625	0.0358	0.5735	-1667.537875	
MT1G011470	MT2G102520	2.3575	223.5	727.5	0.1931	0.3965	2.0534	-2252.376079	
MT1G011580	MT2G102570	50.0000	212.4	702.6	0.0066	0.4634	70.2811	-2241.726902	
MT1G011640	MT2G102640	2.0631	434.3	1290.7	0.0764	0.1701	2.2260	-3610.014909	
MT0G09910	MT1G091800	0.0000	166.8	715.2	0.0010	0.0000	0.0000	-1181.819148	
MT0G09930	MT1G091820	0.0000	171.8	851.2	0.2739	0.0000	0.0000	-1361.431553	
MT2G093800	MT7G100980	5.3009	179.8	597.2	0.0401	0.2701	6.7374	-1745.926722	
MT2G093810	MT7G100990	50.0000	163.7	658.3	0.0072	0.5835	81.3378	-2018.041087	
MT2G093970	MT7G101080	2.6755	173.4	537.6	0.4354	0.6775	1.5562	-1766.286492	
MT8G102400	MT8G014580	3.5917	212.1	831.9	0.0753	0.3425	4.5502	-2392.265065	
MT8G102460	MT8G014530	3.1236	371.1	1092.9	0.0488	0.1754	3.5911	-3085.326755	
MT8G102620	MT8G014390	1.7253	396.1	1286.9	0.0727	0.1437	1.9766	-3487.668983	
MT2G020800	MT4G118560	1.1120	157.2	538.8	0.1214	0.1407	1.1591	-1422.137471	
MT2G020970	MT4G118340	1.1834	224.6	960.4	0.1497	0.1900	1.2689	-2455.572446	
MT2G020990	MT4G118320	0.9492	220.6	796.4	0.1350	0.1324	0.9807	-2033.221242	
MT3G070850	MT5G071060	15.0705	729.1	2321.9	0.0276	0.5336	19.3232	-7528.529975	
MT3G070880	MT5G071070	2.3184	196.7	796.3	0.1136	0.3035	2.6724	-2240.829297	
MT3G071070	MT5G071220	6.2100	396.0	1356.0	0.1110	0.7368	6.6353	-4401.399811	
MT0G01300	MT4G079350	1.4886	143.0	454.0	0.0754	0.1260	1.6715	-1196.859220	
MT0G01330	MT4G079440	1.2446	204.4	785.6	0.2498	0.2561	1.0250	-2126.076717	
MT0G01340	MT4G079500	1.3169	200.1	699.9	0.1641	0.2059	1.2543	-1914.178649	
MT0G26320	MT3G060660	10.2514	371.1	1227.9	0.0403	0.5239	12.9919	-3771.236262	
MT0G26330	MT3G060670	2.8538	228.9	737.1	0.0703	0.2301	3.2739	-2113.603795	
MT0G26480	MT3G060730	1.5745	127.4	436.6	0.0114	0.0255	2.2357	-973.306431	
MT0G16290	MT4G080630	0.0000	104.9	483.1	0.0010	0.0000	0.0000	-771.785300	
MT0G16410	MT4G080690	50.0000	179.3	774.7	0.0066	0.5683	86.2341	-2306.856924	
MT1G005870	MT1G005400	0.0000	140.1	420.9	0.5510	0.0000	0.0000	-764.147186	
MT1G006020	MT1G005610	0.0000	59.6	246.4	0.4047	0.0000	0.0000	-411.290524	
MT8G063290	MT5G024100	50.0000	282.1	1124.9	0.0088	0.7089	80.2874	-3537.372042	
MT8G063300	MT5G023980	8.0224	209.3	774.7	0.0649	0.6580	10.1386	-2461.310931	
MT8G063310	MT5G023970	3.2769	158.9	537.1	0.3252	0.7411	2.2791	-1714.183337	
MT8G086560	MT8G066670	3.6103	322.1	1168.9	0.1968	0.6394	3.2498	-3662.298396	
MT8G086590	MT8G066700	50.0000	235.8	736.2	0.0199	1.2855	64.6762	-2555.108417	
MT4G038770	MT4G038260	0.0000	185.5	678.5	0.0010	0.0000	0.0000	-1160.355719	
MT4G038820	MT4G038310	0.0270	220.1	880.9	92.3816	0.0112	0.0001	-1515.954648	
MT3G051240	MT5G092360	0.8984	277.6	997.4	0.1298	0.1218	0.9379	-2513.132950	
MT3G051430	MT5G092610	1.2059	369.1	1277.9	0.2214	0.2248	1.0154	-3522.887829	
MT3G051460	MT5G092680	0.7638	151.6	442.4	0.1805	0.1179	0.6534	-1163.083077	
MT3G008240	MT5G071590	0.3215	91.5	430.5	0.7658	0.1017	0.1328	-887.188980	
MT1G073170	MT1G045610	2.3051	146.8	561.2	0.3206	0.5338	1.6649	-1698.810657	
MT1G073200	MT1G045750	2.0846	136.8	472.2	0.0587	0.1511	2.5721	-1243.629954	
MT1G073210	MT1G045780	4.2604	256.6	754.4	0.0525	0.2546	4.8463	-2295.782140	
MT1G007920	MT3G091560	1.3436	306.0	915.0	0.2442	0.2522	1.0329	-2688.511655	
MT1G008140	MT3G091380	1.1765	252.4	749.6	0.1064	0.1259	1.1829	-2036.676028	
MT6G032770	MT7G085220	50.0000	158.5	669.5	0.0093	0.7767	83.8026	-2076.583837	
MT6G032820	MT7G085390	3.6019	205.3	769.7	0.0246	0.1285	5.2200	-1962.613491	
MT6G032830	MT7G085410	1.6331	106.9	469.1	0.3201	0.3904	1.2196	-1321.534615	
MT3G085650	MT4G103810	3.5075	246.7	911.3	0.0792	0.3361	4.2459	-2672.840126	
MT3G085820	MT4G103890	7.5183	276.6	815.4	0.0332	0.2990	9.0134	-2459.713513	
MT3G085850	MT4G103920	1.0728	243.8	743.2	0.0529	0.0659	1.2466	-1814.271674	
MT8G005640	MT8G005300	0.0240	449.0	1609.0	0.5909	0.0069	0.0117	-2813.463142	
MT8G005670	MT8G005270	0.0024	232.3	985.7	99.0000	0.0010	0.0000	-1634.471758	
MT2G026080	MT4G133620	1.4481	208.5	694.5	0.1408	0.2004	1.4230	-1925.046171	
MT2G026250	MT4G133660	1.8505	336.2	1136.8	0.2190	0.3400	1.5529	-3393.346813	
MT2G009310	MT4G093830	1.8488	87.3	428.7	0.3471	0.4675	1.3471	-1204.827375	
MT2G009340	MT4G093850	0.6718	357.8	1298.2	0.1142	0.0837	0.7328	-3074.940232	
MT2G009520	MT4G093930	2.0508	309.5	1124.5	0.1726	0.3360	1.9463	-3299.505973	
MT3G035600	MT4G051150	0.0000	97.7	289.3	0.4275	0.0000	0.0000	-509.416068	
MT3G106630	MT4G115690	3.6459	157.7	550.3	0.1315	0.4919	3.7401	-1720.526489	
MT3G106660	MT4G115660	3.3587	413.8	1281.2	0.0472	0.1888	4.0011	-3607.868378	
MT3G106690	MT4G115460	50.0000	244.3	805.7	0.0066	0.4595	70.1196	-2541.824070	
MT3G005390	MT5G054890	0.0790	115.1	328.9	3.5953	0.0324	0.0090	-638.854214	
MT3G005400	MT5G054880	0.2677	97.8	391.2	0.3571	0.0656	0.1837	-828.169405	
MT3G005740	MT5G054730	50.0000	308.7	999.3	0.0058	0.4005	69.3134	-3072.001419	
MT0G33520	MT5G053930	50.0000	451.9	1705.1	0.0191	1.4200	74.1937	-5671.848781	
MT0G33640	MT5G054020	0.0091	90.2	227.8	0.0010	0.0000	0.0107	-414.959996	
MT6G083930	MT8G104290	1.8436	118.6	523.4	0.1836	0.3375	1.8376	-1436.946333	
MT6G083940	MT8G104310	0.5969	224.9	651.1	0.1663	0.0870	0.5231	-1622.603617	
MT6G083980	MT8G104520	50.0000	197.6	747.4	0.0088	0.6785	77.1213	-2370.255620	
MT1G114210	MT1G038560	0.8265	255.8	740.2	0.3639	0.1901	0.5226	-2020.152812	
MT1G114280	MT1G038600	1.9314	117.8	308.2	0.1964	0.3020	1.5380	-951.601749	
MT1G114540	MT1G038800	0.4183	95.5	333.5	0.0857	0.0413	0.4822	-707.803175	
MT8G093630	MT3G096200	0.6610	1375.9	4201.1	0.1544	0.0937	0.6070	-10578.285117
MT1G082940	MT7G113510	1.3140	149.0	469.0	0.2662	0.2631	0.9883	-1348.280369
MT1G083480	MT7G112910	6.2266	120.4	389.6	1.0909	2.1171	1.9408	-1358.834673
MT1G082640	MT5G005550	50.0000	111.9	434.1	0.0145	1.1147	77.0054	-1407.397047
MT3G071660	MT5G083300	1.6871	90.9	284.1	0.2299	0.3104	1.3500	-823.329953
MT8G076240	MT5G021430	1.1971	281.0	874.0	0.1925	0.1975	1.0259	-2432.400141
MT8G078300	MT5G019040	1.3847	383.3	1329.7	0.3046	0.3055	1.0029	-3769.311296
MT5G019730	MT0G08870	0.0000	99.5	353.5	0.4722	0.0000	0.0000	-602.963707
MT0G08870	MT5G019730	0.0000	96.5	356.5	0.4120	0.0000	0.0000	-602.963701
MT3G100090	MT5G066490	1.1440	624.2	1985.8	0.2036	0.1971	0.9676	-5533.693272
MT5G066180	MT5G032150	2.4567	146.8	516.2	0.1460	0.3569	2.4436	-1524.613629
MT5G077050	MT3G070660	50.0000	147.3	482.7	0.0200	1.3393	66.8924	-1653.082439
MT2G096020	MT4G061820	50.0000	76.3	316.7	0.0081	0.6737	83.0601	-988.446301
MT2G096020	MT6G084160	50.0000	80.7	306.3	0.0056	0.4408	78.2484	-927.515129
MT4G061820	MT6G084160	50.0000	119.4	426.6	0.0146	1.0549	72.4531	-1415.190166
MT2G096070	MT6G084230	5.8794	203.3	801.7	0.2497	1.2189	4.8812	-2640.222206
MT0G16680	MT0G36560	0.0000	105.4	362.6	0.0010	0.0000	0.0000	-634.730693
MT6G045380	MT4G132540	0.0013	407.0	2161.0	0.0010	0.0000	0.0028	-3408.796531
MT6G045430	MT4G132670	0.0534	237.2	920.8	0.6422	0.0160	0.0249	-1666.608962
MT4G100870	MT5G012620	0.9096	914.2	3231.8	0.3046	0.2017	0.6621	-8475.694743
MT3G070110	MT5G081860	4.6954	121.6	547.4	0.2063	0.9210	4.4644	-1689.377073
MT4G098200	MT5G014380	7.7678	132.9	452.1	0.0712	0.6527	9.1741	-1476.992139
MT4G122300	MT4G122080	0.0000	104.0	601.0	0.0010	0.0000	0.0000	-931.633741
MT4G122390	MT4G122170	0.0000	89.0	439.0	0.2922	0.0000	0.0000	-688.306587
MT0G10850	MT2G100360	0.0000	174.9	854.1	0.0010	0.0000	0.0000	-1364.008154
MT0G12880	MT7G060400	0.0000	113.4	363.6	0.0010	0.0000	0.0000	-638.072480
MT0G12950	MT7G060490	0.0000	95.8	432.2	0.0010	0.0000	0.0000	-701.404687
MT4G079010	MT4G078780	0.0012	819.4	1769.6	0.0010	0.0000	0.0012	-3464.567059
MT0G33630	MT3G011240	0.0000	103.5	346.5	0.3506	0.0000	0.0000	-585.853565
MT0G14660	MT1G114070	0.0465	536.0	2140.0	0.3834	0.0117	0.0306	-3814.409571
MT6G092300	MT6G090960	0.1891	110.2	336.8	0.5260	0.0516	0.0981	-699.606961
MT1G097930	MT1G097700	0.0000	75.6	392.4	0.0010	0.0000	0.0000	-604.892243
MT1G008700	MT3G109420	0.8971	95.5	369.5	0.0944	0.1007	1.0663	-892.404999
MT1G009150	MT3G109160	0.8504	95.0	397.0	0.1287	0.1228	0.9545	-957.810359
MT2G104010	MT4G010100	0.9857	174.0	594.0	0.2196	0.1820	0.8288	-1562.800406
MT2G104400	MT4G009710	2.7558	204.0	723.0	0.2137	0.5076	2.3749	-2191.331949
MT2G088400	MT4G048000	1.0812	390.5	1124.5	0.1331	0.1345	1.0108	-3021.103512
MT4G050600	MT5G013810	50.0000	144.8	449.2	0.0229	1.4620	63.8208	-1560.901092
MT1G100450	MT1G100200	0.0000	207.7	887.3	0.4050	0.0000	0.0000	-1456.375250
MT1G100460	MT1G100180	0.1876	332.3	933.7	0.8407	0.0596	0.0708	-2042.138559
MT4G082040	MT5G041570	1.2740	204.2	947.8	0.1987	0.2476	1.2463	-2462.154543
MT8G087060	MT8G086710	0.0000	210.9	782.1	0.3826	0.0000	0.0000	-1313.449302
MT8G087130	MT8G086780	0.0698	381.3	1760.7	0.5971	0.0208	0.0348	-3085.759660
MT8G087290	MT8G086980	0.0000	243.2	806.8	0.0010	0.0000	0.0000	-1363.078131
MT2G036670	MT4G127700	1.3611	78.2	365.8	0.2737	0.3092	1.1295	-947.137952
MT1G093430	MT1G093070	0.0000	141.5	332.5	2.0259	0.0000	0.0000	-596.079857
MT1G093530	MT1G092970	0.0000	103.3	364.7	0.0010	0.0000	0.0000	-626.323645
MT0G17080	MT0G08900	0.0000	109.8	364.2	0.3838	0.0000	0.0000	-629.384493
MT2G085070	MT2G084830	0.0000	187.7	688.3	0.4342	0.0000	0.0000	-1156.716831
MT2G085210	MT2G084980	0.0011	493.0	2132.0	99.0000	0.0005	0.0000	-3526.052682
MT6G088570	MT6G087550	0.0000	145.1	730.9	0.0010	0.0000	0.0000	-1139.090396
MT1G018170	MT1G017840	7.3228	96.2	383.8	0.1705	1.2361	7.2480	-1238.775912
MT4G098200	MT5G014580	6.9644	120.6	449.4	0.0617	0.5506	8.9219	-1406.297752
MT5G065660	MT5G032730	6.9417	103.2	430.8	0.1895	1.2670	6.6847	-1371.128272
MT5G066180	MT5G032150	2.4566	146.8	516.2	0.1460	0.3569	2.4436	-1524.613629
MT3G008420	MT5G095600	1.9028	96.2	356.8	0.1648	0.3055	1.8543	-1031.324077
MT7G021760	MT4G051280	0.0132	219.8	1184.2	0.3422	0.0034	0.0099	-1830.577328
MT1G107140	MT1G106590	0.4263	175.8	649.2	0.6023	0.1246	0.2069	-1520.512123
MT1G088820	MT1G006750	0.0058	160.2	349.8	0.0010	0.0000	0.0062	-694.946568
MT1G007590	MT3G092100	1.1154	385.4	1207.6	0.2456	0.2133	0.8684	-3416.779662
MT0G06840	MT0G03200	0.0000	131.9	591.1	0.1144	0.0000	0.0000	-946.659268
MT1G050800	MT1G050490	0.0542	335.8	1803.2	0.5012	0.0156	0.0312	-3013.601782
MT3G044640	MT4G023990	0.0000	235.9	745.1	0.3876	0.0000	0.0000	-1322.212867
MT8G103440	MT8G103130	0.0000	72.4	302.6	0.0010	0.0000	0.0000	-493.954642
MT3G007900	MT5G095990	0.2572	120.8	350.2	0.2475	0.0482	0.1947	-745.573667
MT0G30580	MT0G31260	0.0000	160.7	661.3	0.0010	0.0000	0.0000	-1091.062591
MT0G30580	MT1G084880	13.2506	180.9	605.1	0.0304	0.5291	17.4246	-1914.143632
MT0G31260	MT1G084880	12.3525	179.9	609.1	0.0328	0.5332	16.2515	-1922.833535
MT7G078760	MT7G037940	1.4930	130.2	379.8	0.5075	0.3988	0.7858	-1161.278844
MT0G14930	MT2G036250	0.8574	148.0	554.0	0.7353	0.2656	0.3612	-1481.297896
MT2G094180	MT4G059450	0.9213	412.8	1258.2	0.2027	0.1558	0.7684	-3337.081981
MT3G020790	MT5G070730	13.7615	93.7	425.3	0.1045	1.8018	17.2349	-1374.160124
MT3G111020	MT5G067460	1.4635	247.0	926.0	0.1003	0.1688	1.6836	-2388.709729
MT0G11190	MT0G10580	0.0000	119.6	396.4	0.4286	0.0000	0.0000	-693.460837
MT7G021700	MT4G006100	0.0544	369.7	1517.3	0.6614	0.0165	0.0249	-2622.809488
MT7G021720	MT4G006120	0.0127	478.8	1240.2	0.9408	0.0042	0.0044	-2286.660872
MT8G058490	MT7G108840	0.1892	77.3	261.7	0.4623	0.0498	0.1078	-548.191838
MT0G12320	MT3G089580	0.0000	113.8	660.2	0.0010	0.0000	0.0000	-1004.720321
MT0G12360	MT3G089530	0.0000	325.7	568.3	99.0000	0.0000	0.0000	-1140.955961
MT1G006950	MT1G006110	0.2832	356.7	1026.3	0.5964	0.0804	0.1348	-2390.434530
MT1G006960	MT1G006120	0.0000	161.7	315.3	99.0000	0.0000	0.0000	-650.142803
MT8G071930	MT5G026340	21.2241	123.5	413.5	0.0825	1.9897	24.1057	-1389.139586
MT8G058410	MT7G108870	0.4079	113.9	429.1	0.5018	0.1125	0.2242	-995.820564
MT8G058490	MT1G088660	0.7238	118.3	346.7	0.1277	0.0881	0.6901	-871.205714
MT7G108840	MT1G088660	0.8359	174.1	641.9	0.1248	0.1116	0.8944	-1598.135689
MT6G081780	MT8G106670	2.5255	378.8	1055.2	0.1634	0.3579	2.1899	-3310.502981
MT8G098510	MT5G010440	0.7730	334.5	1045.5	0.1949	0.1288	0.6606	-2728.767126
MT1G088660	MT7G108840	0.8359	174.1	641.9	0.1248	0.1116	0.8944	-1598.135689
MT0G35150	MT3G026820	0.0000	240.7	809.3	0.5196	0.0000	0.0000	-1403.613359
MT1G005890	MT1G005380	50.0000	217.4	631.6	0.0291	1.7449	60.0207	-2299.559053
MT6G060670	MT7G034630	3.1738	176.6	591.4	0.5619	0.8971	1.5965	-1971.051583
MT7G118180	MT3G092560	23.1517	190.4	781.6	0.0168	0.6192	36.8575	-2410.815520
MT4G081230	MT5G034920	15.2322	301.2	1102.8	0.0632	1.2145	19.2182	-3676.615437
MT4G081910	MT5G035160	3.8726	180.0	603.0	0.4012	0.9611	2.3956	-2017.900233
MT3G007530	MT4G014570	19.7455	239.8	894.2	0.0460	1.2232	26.5642	-2974.251017
MT6G023840	MT6G023620	0.0000	147.8	566.2	0.0010	0.0000	0.0000	-929.208617
MT8G097190	MT3G084950	1.0367	269.7	792.3	0.2219	0.1828	0.8237	-2191.389753
MT4G078530	MT4G078340	0.0000	127.5	415.5	0.0010	0.0000	0.0000	-721.927944
MT4G024580	MT4G024300	0.0000	131.4	678.6	0.0010	0.0000	0.0000	-1073.131467
MT6G059860	MT4G014890	0.0380	368.6	1176.4	1.6454	0.0140	0.0085	-2153.088963
MT6G059860	MT3G055660	0.0401	384.5	1232.5	1.8619	0.0150	0.0081	-2254.189222
MT6G059860	MT4G085760	2.9688	323.6	1230.4	0.1454	0.4449	3.0607	-3686.431832
MT3G055660	MT4G085760	3.0417	328.3	1237.7	0.1387	0.4405	3.1756	-3708.443008
MT1G042610	MT1G042180	0.0000	154.3	739.7	0.0010	0.0000	0.0000	-1187.811295
MT4G085760	MT4G014890	2.9010	317.0	1174.0	0.1388	0.4170	3.0041	-3507.279506
MT3G055660	MT4G085760	3.0417	328.3	1237.7	0.1387	0.4405	3.1756	-3708.443008
MT6G059860	MT4G085760	2.9688	323.6	1230.4	0.1454	0.4449	3.0607	-3686.431832
MT6G042070	MT7G021670	50.0000	144.1	470.9	0.0067	0.4649	69.6128	-1495.717855
MT6G042120	MT7G021700	0.1298	268.4	1030.6	0.5946	0.0379	0.0638	-1937.559776
MT1G045280	MT1G044750	0.0000	88.3	523.7	0.0010	0.0000	0.0000	-795.723023
MT0G30580	MT1G084880	13.2495	180.9	605.1	0.0304	0.5291	17.4230	-1914.143632
MT0G09640	MT4G051280	0.4786	253.6	1201.4	0.4075	0.1273	0.3123	-2684.276565
MT0G31260	MT1G084880	12.3530	179.9	609.1	0.0328	0.5332	16.2521	-1922.833535
MT1G075730	MT2G077900	1.1487	179.6	642.4	0.3085	0.2570	0.8331	-1750.814985
MT0G35100	MT0G34790	0.0000	116.1	366.9	0.3644	0.0000	0.0000	-652.874951
MT2G048140	MT2G047920	0.0000	268.4	1099.6	0.2839	0.0000	0.0000	-1801.715861
MT0G09640	MT7G021760	0.5017	250.4	1198.6	0.4321	0.1363	0.3154	-2701.695805
MT1G040960	MT1G040750	0.0828	189.3	749.7	0.7920	0.0262	0.0331	-1376.909550
MT0G10030	MT6G091400	0.0000	110.6	495.4	0.0010	0.0000	0.0000	-800.157385
MT4G047920	MT4G047710	0.0000	139.5	568.5	0.4008	0.0000	0.0000	-927.524144
MT4G047930	MT4G047720	0.0581	450.5	2027.5	0.5889	0.0172	0.0292	-3511.916527
MT4G025220	MT4G024940	0.0323	206.9	744.1	0.7502	0.0101	0.0134	-1320.694082
MT0G40110	MT5G017330	1.1307	223.2	766.8	0.2244	0.2118	0.9441	-2096.830163
MT7G073240	MT4G028130	1.1648	241.7	808.3	0.3643	0.2770	0.7603	-2261.110195
MT0G17970	MT7G057130	0.0680	122.5	375.5	0.7922	0.0213	0.0269	-729.754710
MT0G18010	MT7G057070	0.0000	116.2	579.8	0.0010	0.0000	0.0000	-905.964720
MT1G100140	MT7G038520	7.1887	343.6	1249.4	0.1737	1.1826	6.8091	-4175.800312
MT4G066780	MT5G058090	16.2769	233.8	852.2	0.0520	1.1022	21.1851	-2834.539743
MT4G066810	MT5G058120	40.5740	118.9	307.1	2.6421	16.3640	6.1935	-1111.385685
MT4G066900	MT5G058190	50.0000	108.5	347.5	0.0151	1.0073	66.8078	-1193.180453
MT4G032910	MT4G032560	0.0027	311.7	822.3	99.0000	0.0012	0.0000	-1489.563847
MT8G045030	MT8G044730	0.2567	153.2	656.8	0.6181	0.0766	0.1239	-1353.134353
MT4G118860	MT4G020490	0.3661	273.0	960.0	0.4215	0.0936	0.2221	-2171.426082
MT8G072470	MT5G024590	4.4951	148.9	568.1	0.2991	1.0080	3.3697	-1860.138660
MT5G087580	MT5G086150	0.8216	173.2	489.8	0.7371	0.2505	0.3399	-1372.851390
MT5G034920	MT5G005550	50.0000	308.6	1089.4	0.0174	1.2380	71.1233	-3687.040397
MT5G035160	MT5G005410	0.4403	149.0	469.0	0.3185	0.0968	0.3040	-1110.648347
MT4G014110	MT4G013820	9.2603	109.3	460.7	0.1024	1.1509	11.2448	-1464.549989
MT3G044300	MT3G043440	0.0000	83.3	366.7	0.0010	0.0000	0.0000	-604.352243
MT0G16310	MT3G044180	0.0000	336.6	1193.4	0.3882	0.0000	0.0000	-2034.334495
MT1G071730	MT5G006950	3.4152	139.4	361.6	0.1274	0.3919	3.0750	-1184.070561
MT4G050850	MT4G034660	0.0077	114.4	293.6	99.0000	0.0035	0.0000	-544.626425
MT4G050860	MT4G034760	0.0079	361.2	1207.8	0.2944	0.0017	0.0057	-2080.879157
MT4G050870	MT4G034780	0.0794	241.1	1111.9	0.5160	0.0227	0.0440	-1944.424097
MT0G10020	MT1G091640	3.6596	188.9	657.1	0.2868	0.7844	2.7348	-2133.261302
MT0G16310	MT4G080650	0.0000	323.0	1207.0	0.0010	0.0000	0.0000	-2034.334339
MT1G006010	MT1G005600	0.4119	599.6	1809.4	0.5829	0.1165	0.2000	-4461.256897
MT8G086780	MT8G066930	5.8965	230.7	852.3	0.3220	1.3568	4.2139	-2838.377005
MT4G038560	MT4G037590	1.4721	93.4	380.6	0.2732	0.3220	1.1785	-1080.812144
MT3G008210	MT5G071420	50.0000	126.6	503.4	0.0078	0.6258	80.4751	-1562.664785
MT3G008230	MT5G071580	7.3890	70.6	289.4	0.2514	1.5552	6.1867	-921.828611
MT1G008230	MT3G091310	1.0223	618.5	2228.5	0.2243	0.1946	0.8675	-5935.979152
MT8G005930	MT8G005090	50.0000	133.1	451.9	0.0150	1.0436	69.7143	-1531.794849
MT2G026050	MT4G133600	0.9410	240.1	761.9	0.0920	0.0932	1.0131	-1896.831903
MT3G035680	MT4G051270	0.2447	91.7	382.3	0.5116	0.0688	0.1345	-771.692208
MT3G035690	MT4G051280	0.0020	202.5	1261.5	99.0000	0.0008	0.0000	-1872.306631
MT0G33760	MT5G054110	50.0000	103.8	349.2	0.0080	0.5670	70.8399	-1114.230454
