SB09G021470	SB03G040830	50.0000	138.5	515.5	0.0229	1.6600	72.5464	-1663.278468	
SB09G021730	SB03G040800	1.4191	321.9	875.1	0.2317	0.2501	1.0791	-2637.710721	
SB09G021770	SB03G040730	0.9817	56.7	417.3	0.1291	0.1810	1.4025	-879.931621	
SB09G021780	SB03G040720	50.0000	107.2	513.8	0.0051	0.4841	94.2038	-1440.251812	
SB09G021800	SB03G040630	50.0000	133.9	877.1	0.0014	0.1744	124.7006	-1914.909299	
SB09G021840	SB03G040530	3.4652	222.4	773.6	0.0967	0.3743	3.8707	-2319.484098	
SB09G021850	SB03G040490	1.4496	163.4	841.6	0.1439	0.2456	1.7064	-2130.712550	
SB09G021890	SB03G040440	0.7057	178.2	1270.8	0.0628	0.0830	1.3210	-2437.665985	
SB09G021890	SB03G040250	43.3923	187.0	1253.0	0.0055	0.5868	107.4723	-3277.391494	
SB09G021910	SB03G040400	1.8889	479.3	1329.7	0.3433	0.4179	1.2172	-4270.196234	
SB09G021950	SB03G040350	2.1209	272.6	738.4	0.3994	0.5030	1.2593	-2398.526660	
SB09G021990	SB03G040320	0.4950	148.4	1303.6	0.0769	0.0741	0.9636	-2338.033838	
SB09G022010	SB03G040270	1.9804	155.6	723.4	0.0895	0.2357	2.6338	-1799.272011	
SB09G022020	SB03G040260	1.2057	173.2	1215.8	0.1138	0.2039	1.7913	-2702.458221	
SB09G022030	SB03G040180	1.3525	217.4	1048.6	0.0694	0.1365	1.9672	-2404.976217	
SB09G022040	SB03G040150	0.8082	466.9	1255.1	0.1748	0.1182	0.6759	-3416.127397	
SB09G022060	SB03G040160	2.2379	76.2	601.8	0.0778	0.3198	4.1100	-1420.492534	
SB09G022070	SB03G040110	50.0000	100.5	307.5	0.0020	0.1352	67.2798	-768.424692	
SB09G022090	SB03G040080	6.7999	359.7	864.3	0.0513	0.3525	6.8656	-2886.493667	
SB09G022120	SB03G040020	2.0313	314.3	1011.7	0.1030	0.2210	2.1452	-2919.387361	
SB09G022180	SB03G039940	1.1300	89.9	363.1	0.0952	0.1305	1.3706	-887.201058	
SB09G022190	SB03G039930	0.7901	257.4	699.6	0.1492	0.1039	0.6967	-1863.557519	
SB09G022230	SB03G039910	1.2398	70.7	394.3	0.1386	0.2126	1.5335	-935.235861	
SB09G022250	SB03G039890	1.9438	248.3	1125.7	0.0618	0.1731	2.8010	-2833.821605	
SB09G022270	SB03G039840	1.9652	279.2	1079.8	0.1233	0.2662	2.1592	-2972.001885	
SB09G022350	SB03G039760	3.3315	220.4	634.6	0.0689	0.2478	3.5949	-1928.972043	
SB09G022380	SB03G039750	1.4278	141.5	308.5	0.2448	0.2416	0.9869	-984.305733	
SB09G022460	SB03G039520	1.1595	164.3	1374.7	0.0897	0.1855	2.0679	-2912.988646	
SB09G022490	SB03G039540	1.6689	269.3	912.7	0.1792	0.2722	1.5192	-2666.213465	
SB09G022560	SB03G039440	28.2649	204.3	656.7	0.0047	0.1834	39.1087	-1704.828209	
SB09G022580	SB03G039360	0.8009	167.8	1155.2	0.0047	0.0096	2.0386	-1989.882127	
SB09G022640	SB03G039260	1.3063	252.3	812.7	0.1327	0.1709	1.2877	-2227.201699	
SB09G022660	SB03G039250	50.0000	79.0	374.0	0.0040	0.3745	93.7894	-992.308702	
SB09G022730	SB03G039130	3.6738	223.4	760.6	0.0505	0.2323	4.6024	-2142.959823	
SB09G022750	SB03G039120	1.4028	181.8	979.2	0.0612	0.1375	2.2463	-2202.807241	
SB09G022765	SB03G039100	1.2723	598.1	1945.9	0.2584	0.2532	0.9799	-5494.822195	
SB09G022930	SB03G038930	2.0770	80.6	297.4	0.0636	0.1674	2.6307	-783.621487	
SB09G022940	SB03G038910	0.8575	263.0	607.0	0.2126	0.1348	0.6343	-1744.915925	
SB09G022950	SB03G038890	1.2567	454.3	1336.7	0.1882	0.2000	1.0628	-3804.266483	
SB09G022960	SB03G038870	0.5192	205.0	728.0	0.0550	0.0362	0.6592	-1625.206144	
SB09G022970	SB03G038860	1.2372	188.4	459.6	0.2005	0.1910	0.9525	-1382.724252	
SB09G023030	SB03G038840	1.3693	197.0	1192.0	0.0334	0.0894	2.6769	-2337.188427	
SB09G023070	SB03G038760	3.3518	97.6	277.4	0.2212	0.5830	2.6356	-934.674783	
SB09G023080	SB03G038720	1.2623	426.7	1103.3	0.1707	0.1787	1.0467	-3274.294198	
SB09G023090	SB03G038710	3.6327	188.3	891.7	0.0941	0.4520	4.8046	-2479.112132	
SB09G023110	SB03G038700	1.1725	65.3	621.7	0.1278	0.2370	1.8553	-1252.706308	
SB09G023140	SB03G038660	1.0420	435.0	1176.0	0.3080	0.2162	0.7018	-3472.309179	
SB09G023180	SB03G038600	7.7524	63.4	458.6	0.0076	0.1528	20.1620	-941.400737	
SB09G023210	SB03G038570	1.2590	307.9	901.1	0.0600	0.0841	1.4019	-2331.806544	
SB09G023210	SB03G038795	50.0000	68.1	417.9	0.0047	0.5448	115.5372	-1096.047356	
SB09G023230	SB03G038540	1.2240	387.9	1049.1	0.2661	0.2339	0.8790	-3124.984123	
SB09G023240	SB03G038530	1.2350	353.0	871.0	0.2504	0.2209	0.8824	-2683.635536	
SB09G023260	SB03G038520	25.0617	43.5	427.5	0.0021	0.1854	88.6701	-869.814786	
SB09G023270	SB03G038510	2.0471	82.3	553.7	0.1064	0.3270	3.0725	-1361.336287	
SB09G023280	SB03G038490	3.1818	343.4	976.6	0.2400	0.5815	2.4230	-3332.446823	
SB09G023320	SB03G038420	1.1777	202.5	1348.5	0.0638	0.1346	2.1105	-2877.406108	
SB09G023330	SB03G038400	1.6279	65.7	465.3	0.1424	0.3110	2.1832	-1105.283320	
SB09G023365	SB03G038380	1.3046	312.2	950.8	0.1370	0.1700	1.2413	-2612.871381	
SB09G023380	SB03G038360	1.2843	175.1	985.9	0.0573	0.1229	2.1464	-2065.750684	
SB09G023390	SB03G038320	50.0000	71.5	405.5	0.0032	0.3513	109.1938	-1015.968330	
SB09G023440	SB03G038290	0.3795	73.6	640.4	0.0920	0.0627	0.6814	-1126.674555	
SB09G023510	SB03G038130	50.0000	258.6	935.4	0.0060	0.4494	75.3394	-2830.789397	
SB09G023560	SB03G038120	0.6190	115.9	298.1	0.0046	0.0034	0.7282	-684.541249	
SB09G023640	SB03G038070	1.1212	212.4	594.6	0.2009	0.1826	0.9090	-1719.884821	
SB09G023720	SB03G038010	2.0486	82.6	493.4	0.0440	0.1660	3.7694	-1052.233024	
SB09G023730	SB03G038000	0.9199	273.1	1991.9	0.0580	0.1036	1.7873	-3900.714457	
SB09G023740	SB03G037990	1.3159	205.4	544.6	0.1472	0.1696	1.1519	-1543.505357	
SB09G023770	SB03G037970	0.9384	140.5	1446.5	0.0687	0.1421	2.0696	-2834.438331	
SB09G023850	SB03G037870	0.6515	224.8	612.2	0.1191	0.0727	0.6106	-1549.705455	
SB09G023855	SB03G037815	1.0284	299.7	933.3	0.1470	0.1422	0.9675	-2503.893620	
SB09G023880	SB03G037760	0.4756	109.6	424.4	0.0096	0.0071	0.7450	-853.787183	
SB09G023920	SB03G037740	0.9380	162.6	485.4	0.1446	0.1259	0.8703	-1289.558519	
SB09G023970	SB03G037710	1.0760	274.0	776.0	0.0936	0.1017	1.0865	-2071.756954	
SB09G023980	SB03G037690	2.4283	441.7	1322.3	0.2711	0.4837	1.7846	-4241.264035	
SB09G024010	SB03G037660	1.3365	436.0	1493.0	0.2229	0.2491	1.1179	-4240.193266	
SB09G024030	SB03G037630	2.2600	36.8	395.2	0.0962	0.4183	4.3476	-865.291443	
SB09G024100	SB03G037570	0.4721	89.8	783.2	0.0482	0.0519	1.0771	-1400.653267	
SB09G024110	SB03G037560	1.1571	258.5	653.5	0.1908	0.1751	0.9180	-1897.578669	
SB09G024125	SB03G037540	3.0436	430.4	1237.6	0.1209	0.3527	2.9172	-3895.964068	
SB09G024180	SB03G037460	6.8285	270.0	903.0	0.0485	0.4123	8.5091	-2784.742526	
SB09G024190	SB03G037440	50.0000	274.5	904.5	0.0065	0.4584	70.0760	-2820.853619	
SB09G024200	SB03G037390	1.0884	139.9	862.1	0.0581	0.1112	1.9130	-1786.281884	
SB09G024210	SB03G037380	2.7729	210.0	1224.0	0.0208	0.1173	5.6290	-2671.224781	
SB09G024290	SB03G037300	1.7877	106.0	323.0	0.1154	0.2059	1.7842	-929.881140	
SB09G024310	SB03G037280	0.7213	320.3	1011.7	0.0788	0.0631	0.8006	-2481.381783	
SB09G024320	SB03G037270	1.0177	125.3	828.7	0.1075	0.1622	1.5096	-1742.049832	
SB09G024350	SB03G037160	12.5806	138.2	755.8	0.0054	0.1435	26.3417	-1747.916057	
SB09G024400	SB03G037080	4.9071	101.3	372.7	0.0650	0.4015	6.1752	-1056.963918	
SB09G024430	SB03G037070	1.6540	194.0	586.0	0.1610	0.2400	1.4914	-1735.063672	
SB09G024550	SB03G036970	1.4533	442.0	1340.0	0.2794	0.2954	1.0575	-4035.438626	
SB09G024580	SB03G036760	50.0000	97.7	790.3	0.0027	0.4003	148.2467	-1874.529524	
SB09G024700	SB03G036690	31.7016	133.2	580.8	0.0043	0.2414	55.5898	-1514.271338	
SB09G024710	SB03G036680	0.9693	209.5	1506.5	0.0422	0.0857	2.0306	-2932.782340	
SB09G024745	SB03G036580	0.7876	117.1	587.9	0.0783	0.0888	1.1343	-1237.936980	
SB09G022880	SB03G039030	0.9679	347.3	936.7	0.1144	0.1043	0.9116	-2499.222238	
SB09G022900	SB03G039060	2.2044	135.2	551.8	0.0781	0.2211	2.8314	-1471.039749	
SB09G022910	SB03G039070	1.8650	627.2	1763.8	0.1932	0.2967	1.5354	-5311.624672	
SB09G023365	SB05G001050	3.7005	313.2	949.8	0.0640	0.2667	4.1655	-2829.564952	
SB03G038380	SB05G001050	2.8939	300.8	986.2	0.0780	0.2563	3.2870	-2881.685332	
SB03G038180	SB05G001170	19.9226	137.1	588.9	0.0351	1.0712	30.5631	-1893.366281	
SB09G023680	SB05G001320	50.0000	323.6	1104.4	0.0069	0.4933	71.8621	-3474.032519	
SB09G023690	SB05G001340	50.0000	78.4	521.6	0.0035	0.4317	124.7039	-1287.657950	
SB09G023720	SB05G001380	50.0000	79.6	514.4	0.0029	0.3597	122.0564	-1210.863768	
SB03G038010	SB05G001380	50.0000	76.2	508.8	0.0028	0.3556	125.6413	-1200.553476	
SB09G023750	SB05G001500	50.0000	186.7	1094.3	0.0045	0.4987	111.4223	-2856.394267	
SB03G037830	SB05G001580	50.0000	113.6	603.4	0.0104	1.0352	99.6968	-1810.397521	
SB09G023855	SB05G001745	5.7412	307.9	919.1	0.0506	0.3353	6.6249	-2904.283345	
SB03G037815	SB05G001745	7.0334	311.1	912.9	0.0389	0.3218	8.2804	-2877.718261	
SB03G037750	SB05G001790	3.3472	226.0	827.0	0.2136	0.6234	2.9177	-2576.005975	
SB03G037700	SB05G001840	5.8708	101.4	633.6	0.0370	0.4266	11.5199	-1585.726644	
SB09G023980	SB05G001850	6.9142	432.1	1247.9	0.1800	1.0615	5.8955	-4392.590913	
SB03G037690	SB05G001850	13.0893	557.9	1794.1	0.0710	1.0629	14.9756	-6088.104507	
SB09G023660	SB08G002270	50.0000	69.4	239.6	0.0061	0.4399	72.6821	-736.882941	
SB09G023720	SB08G002190	50.0000	101.2	501.8	0.0030	0.2920	97.8589	-1217.111570	
SB03G038010	SB08G002190	50.0000	95.3	498.7	0.0030	0.3114	102.2637	-1216.129413	
SB05G001380	SB08G002190	1.3414	100.8	529.2	0.1694	0.2505	1.4790	-1242.717471	
SB05G001400	SB08G002150	50.0000	108.2	509.8	0.0025	0.2330	94.1091	-1340.848346	
SB03G037980	SB08G002020	1.7042	137.5	615.5	0.1074	0.2257	2.1003	-1570.850740	
SB09G023760	SB08G002010	2.5259	366.1	1133.9	0.1974	0.4227	2.1407	-3584.744681	
SB05G001540	SB08G001980	0.5926	124.9	895.1	0.1809	0.1271	0.7026	-1849.707370	
SB05G001550	SB08G001950	0.6500	325.7	910.3	0.2677	0.1259	0.4703	-2409.861047	
SB03G037830	SB08G001940	50.0000	118.0	599.0	0.0106	1.0146	96.1524	-1818.810907	
SB05G001580	SB08G001940	50.0000	121.5	760.5	0.0030	0.3573	118.7621	-2004.978873	
SB05G001720	SB08G001810	0.4766	347.5	1476.5	0.0778	0.0488	0.6266	-3096.031511	
SB05G001730	SB08G001800	50.0000	93.5	593.5	0.0029	0.3460	120.2080	-1537.672645	
SB05G001750	SB08G001730	0.4219	221.9	741.1	0.3375	0.0968	0.2869	-1754.283030	
SB05G001760	SB08G001710	0.3661	372.8	1040.2	0.1407	0.0467	0.3321	-2400.544802	
SB05G001830	SB08G001620	0.5994	261.1	743.9	0.2693	0.1172	0.4351	-1942.775391	
SB03G037700	SB08G001610	1.9355	107.0	628.0	0.1972	0.4051	2.0539	-1550.896284	
SB05G001840	SB08G001610	0.9715	115.5	619.5	0.1487	0.1704	1.1464	-1386.759037	
SB05G001540	SB01G036490	18.7561	145.7	874.3	0.0076	0.3162	41.8605	-2218.826662	
SB08G001980	SB01G036490	3.7750	135.3	884.7	0.0392	0.2958	7.5531	-2180.522703	
SB05G001550	SB01G036510	3.0120	325.8	928.2	0.1645	0.4328	2.6310	-3024.069324	
SB08G001950	SB01G036510	3.4256	321.9	902.1	0.1385	0.4333	3.1277	-2955.624602	
SB05G001580	SB01G036560	50.0000	123.1	752.9	0.0049	0.5691	115.1583	-2084.936241	
SB08G001940	SB01G036560	50.0000	128.3	747.7	0.0049	0.5402	110.6120	-2082.592864	
SB09G023830	SB01G036680	2.8706	137.5	429.5	0.0928	0.2839	3.0583	-1280.354465	
SB03G037790	SB01G036780	3.0955	283.9	862.1	0.2096	0.5335	2.5450	-2848.987922	
SB09G023920	SB01G036810	50.0000	139.5	493.5	0.0060	0.4417	74.0811	-1512.358814	
SB03G037740	SB01G036810	50.0000	129.7	500.3	0.0051	0.4058	79.3627	-1469.742457	
SB09G023960	SB01G036890	1.6444	255.2	848.8	0.1080	0.1885	1.7444	-2377.429813	
SB09G023970	SB01G036900	27.6601	192.6	851.4	0.0057	0.2778	48.7520	-2288.045287	
SB03G037710	SB01G036900	50.0000	200.4	843.6	0.0034	0.2929	85.5933	-2318.674650	
SB05G001460	SB08G000870	10.3454	334.9	1009.1	0.0854	0.9401	11.0055	-3486.662101	
SB09G023730	SB08G000820	50.0000	271.0	1961.0	0.0040	0.5401	133.3659	-4858.811146	
SB03G038000	SB08G000820	50.0000	271.7	1972.3	0.0041	0.5542	133.6259	-4907.040737	
SB05G001490	SB08G000820	50.0000	273.8	1958.2	0.0048	0.6280	131.3753	-4863.990058	
SB09G023730	SB05G000770	50.0000	159.6	1178.4	0.0037	0.5018	136.0046	-2919.413170	
SB03G038000	SB05G000770	50.0000	158.7	1191.3	0.0039	0.5385	137.7769	-2975.035749	
SB05G001490	SB05G000770	50.0000	161.5	1182.5	0.0046	0.6122	134.1764	-2931.439528	
SB08G000820	SB05G000770	0.0899	147.6	1208.4	0.0884	0.0141	0.1597	-1749.698798	
SB08G000810	SB05G000750	0.1755	233.5	780.5	0.1702	0.0276	0.1619	-1595.128004	
SB08G000800	SB05G000740	0.1979	287.3	813.7	0.5492	0.0543	0.0989	-1815.111192	
SB08G000790	SB05G000730	0.1106	82.0	419.0	0.1221	0.0169	0.1387	-699.747647	
SB08G000720	SB05G000680	0.7870	126.8	755.2	0.1476	0.1433	0.9713	-1692.914945	
SB08G000690	SB05G000660	1.1736	159.5	497.5	0.6952	0.3536	0.5086	-1467.596190	
SB08G000680	SB05G000650	0.4947	130.0	527.0	0.1751	0.0853	0.4874	-1091.269593	
SB08G000640	SB05G000610	0.1157	477.4	1229.6	0.1938	0.0178	0.0920	-2603.795066	
SB08G000560	SB05G000586	2.8116	466.2	1348.8	0.1481	0.3783	2.5541	-4188.914511	
SB08G002045	SB09G020260	50.0000	82.4	226.6	0.0246	1.4419	58.5308	-835.237280	
SB03G038160	SB05G026850	50.0000	261.8	1139.2	0.0089	0.7612	85.8860	-3485.187435	
SB05G001215	SB05G026820	50.0000	53.2	315.8	0.0035	0.3973	113.2026	-846.339747	
SB03G037820	SB05G026370	6.4335	298.3	820.7	0.1085	0.6724	6.1945	-2835.333296	
SB05G001710	SB05G026370	7.0185	328.3	886.7	0.0906	0.6302	6.9566	-3094.948184	
SB09G023760	SB01G036430	5.7711	362.6	1140.4	0.0654	0.4325	6.6140	-3609.078906	
SB05G001540	SB01G036490	18.7561	145.7	874.3	0.0076	0.3162	41.8605	-2218.826662	
SB05G001550	SB01G036510	3.0120	325.8	928.2	0.1645	0.4328	2.6310	-3024.069324	
SB03G037830	SB01G036560	50.0000	113.5	597.5	0.0090	0.9012	99.6428	-1756.420857	
SB05G001580	SB01G036560	50.0000	123.1	752.9	0.0049	0.5691	115.1583	-2084.936241	
SB03G037790	SB01G036780	3.0955	283.9	862.1	0.2096	0.5335	2.5450	-2848.987922	
SB09G023920	SB01G036810	50.0000	139.5	493.5	0.0060	0.4417	74.0811	-1512.358814	
SB03G037740	SB01G036810	50.0000	129.7	500.3	0.0051	0.4058	79.3627	-1469.742457	
SB09G023960	SB01G036890	1.6444	255.2	848.8	0.1080	0.1885	1.7444	-2377.429813	
SB09G023970	SB01G036900	27.6601	192.6	851.4	0.0057	0.2778	48.7520	-2288.045287	
SB03G037710	SB01G036900	50.0000	200.4	843.6	0.0034	0.2929	85.5933	-2318.674650	
SB09G023760	SB02G043170	8.2841	379.3	1114.7	0.0488	0.4638	9.5129	-3624.709579	
SB01G036430	SB02G043170	1.2991	352.8	1144.2	0.1790	0.2081	1.1624	-3194.534370	
SB05G001540	SB02G043180	3.3268	134.2	885.8	0.0471	0.3027	6.4322	-2172.425660	
SB01G036490	SB02G043180	1.1317	144.9	875.1	0.0464	0.0963	2.0739	-1863.018542	
SB05G001550	SB02G043200	4.0106	325.7	931.3	0.1064	0.4210	3.9563	-3014.262561	
SB01G036510	SB02G043200	1.1889	332.8	930.2	0.1440	0.1544	1.0724	-2625.230548	
SB05G001580	SB02G043210	50.0000	116.4	759.6	0.0045	0.5457	121.8264	-2039.404398	
SB01G036560	SB02G043210	2.1488	115.7	754.3	0.1966	0.4642	2.3607	-1953.888245	
SB01G036580	SB02G043220	0.6978	52.4	637.6	0.0321	0.0706	2.2029	-1107.082871	
SB09G023830	SB02G043320	2.7844	152.5	405.5	0.1222	0.3133	2.5625	-1284.684437	
SB01G036680	SB02G043320	2.4200	168.6	425.4	0.0824	0.1939	2.3529	-1282.409045	
SB01G036740	SB02G043350	2.4945	177.9	1058.1	0.0564	0.2438	4.3256	-2555.945637	
SB09G023730	SB07G001700	6.8564	266.6	1986.4	0.0432	0.6314	14.6095	-4994.340009	
SB03G038000	SB07G001700	50.0000	270.1	1994.9	0.0047	0.6293	135.1001	-5044.059389	
SB05G001490	SB07G001700	32.0696	269.7	1983.3	0.0077	0.6469	84.5583	-4964.851851	
SB03G037830	SB07G001550	7.6319	103.1	610.9	0.0793	0.9504	11.9836	-1748.062002	
SB05G001580	SB07G001550	50.0000	107.6	771.4	0.0059	0.7673	130.7043	-2122.810793	
SB03G037820	SB07G001380	13.4934	299.4	831.6	0.0558	0.8208	14.7112	-2942.280955	
SB05G001710	SB07G001380	26.2377	328.4	919.6	0.0244	0.7604	31.1056	-3239.490799	
SB05G001770	SB07G001270	50.0000	149.1	798.9	0.0073	0.7432	101.9614	-2222.347685	
SB09G023365	SB01G036020	5.5871	298.2	958.8	0.0472	0.3220	6.8158	-2864.354120	
SB03G038380	SB01G036020	3.4707	287.3	993.7	0.0743	0.3050	4.1033	-2906.123469	
SB05G001050	SB01G036020	50.0000	311.3	969.7	0.0047	0.3191	67.5846	-2931.024528	
SB05G001080	SB01G036080	5.1964	330.6	1073.4	0.0909	0.5162	5.6802	-3487.737025	
SB05G001160	SB01G036170	1.3703	264.8	917.2	0.1335	0.1861	1.3942	-2520.929657	
SB09G023680	SB01G036360	13.8324	278.8	1134.2	0.0201	0.4340	21.6010	-3324.306387	
SB05G001320	SB01G036360	50.0000	376.7	1039.3	0.0083	0.5108	61.2420	-3506.751107	
SB09G023830	SB01G036680	2.8706	137.5	429.5	0.0928	0.2839	3.0583	-1280.354465	
SB01G036050	SB02G042930	1.2387	437.1	1773.9	0.0724	0.1169	1.6142	-4325.859469	
SB05G001080	SB02G042970	4.4741	117.9	326.1	0.1243	0.5194	4.1797	-1083.451175	
SB01G036080	SB02G042970	1.8963	119.2	324.8	0.1560	0.2578	1.6521	-981.838349	
SB05G001160	SB02G043010	1.7781	291.8	890.2	0.1054	0.1914	1.8168	-2544.052088	
SB01G036170	SB02G043010	0.9979	293.3	897.7	0.2065	0.1709	0.8277	-2469.133700	
SB01G036210	SB02G043060	2.8317	443.9	1248.1	0.3842	0.6645	1.7296	-4233.148312	
SB01G036310	SB02G043120	1.6687	102.2	641.8	0.0729	0.2025	2.7769	-1463.800882	
SB09G023680	SB02G043130	2.9032	175.8	1243.2	0.0783	0.3938	5.0262	-2981.800546	
SB05G001320	SB02G043130	10.7525	316.8	1105.2	0.0339	0.4882	14.3868	-3431.597747	
SB01G036360	SB02G043130	2.9801	282.9	1145.1	0.0531	0.2190	4.1280	-3008.225880	
SB01G036390	SB02G043140	1.1985	64.7	493.3	0.0708	0.1583	2.2372	-1000.233750	
SB09G023365	SB08G002740	5.0508	311.0	952.0	0.0468	0.2797	5.9805	-2845.492011	
SB03G038380	SB08G002740	4.0867	297.3	989.7	0.0485	0.2465	5.0773	-2876.594198	
SB05G001050	SB08G002740	0.3657	307.9	982.1	0.1724	0.0568	0.3294	-2242.750275	
SB01G036020	SB08G002740	34.2983	308.9	972.1	0.0070	0.3255	46.3812	-2940.637584	
SB03G038340	SB08G002730	50.0000	264.4	818.6	0.0112	0.7369	65.9819	-2729.728772	
SB05G001080	SB08G002707	0.8365	356.5	1047.5	0.3075	0.1774	0.5769	-2883.618968	
SB01G036080	SB08G002707	5.9417	329.6	1074.4	0.0786	0.5278	6.7153	-3495.924661	
SB02G042970	SB08G002707	3.9071	119.4	324.6	0.1372	0.4840	3.5270	-1065.666447	
SB05G001175	SB08G002590	1.1101	127.5	397.5	0.2374	0.2078	0.8756	-1106.287429	
SB05G001200	SB08G002560	0.9130	176.6	552.4	0.3948	0.2219	0.5621	-1526.042632	
SB09G023710	SB04G035070	12.6597	176.2	558.8	0.0121	0.2046	16.9543	-1610.662947	
SB05G001410	SB04G034985	1.6190	126.8	494.2	0.1829	0.2822	1.5434	-1339.731980	
SB01G036480	SB04G034920	12.9986	288.6	1151.4	0.0312	0.5996	19.2304	-3555.811439	
SB09G023830	SB01G036680	2.8706	137.5	429.5	0.0928	0.2839	3.0583	-1280.354465	
SB03G037790	SB01G036780	3.0955	283.9	862.1	0.2096	0.5335	2.5450	-2848.987922	
SB09G023920	SB01G036810	50.0000	139.5	493.5	0.0060	0.4417	74.0811	-1512.358814	
SB03G037740	SB01G036810	50.0000	129.7	500.3	0.0051	0.4058	79.3627	-1469.742457	
SB09G023960	SB01G036890	1.6444	255.2	848.8	0.1080	0.1885	1.7444	-2377.429813	
SB09G023970	SB01G036900	27.6601	192.6	851.4	0.0057	0.2778	48.7520	-2288.045287	
SB03G037710	SB01G036900	50.0000	200.4	843.6	0.0034	0.2929	85.5933	-2318.674650	
SB09G024030	SB01G037010	7.3879	58.4	373.6	0.0256	0.4007	15.6410	-905.398296	
SB03G037630	SB01G037010	6.6586	60.2	371.8	0.0047	0.0727	15.4769	-710.164429	
SB09G024060	SB01G037030	2.4548	218.4	573.6	0.1612	0.3360	2.0848	-1848.520023	
SB09G023920	SB02G043620	50.0000	127.2	475.8	0.0039	0.3031	77.8624	-1386.501808	
SB03G037740	SB02G043620	50.0000	116.2	483.8	0.0035	0.2953	84.8022	-1360.549197	
SB01G036810	SB02G043620	1.7634	68.5	516.5	0.0850	0.2599	3.0593	-1171.769661	
SB01G036840	SB02G043590	1.6935	574.0	1769.0	0.2574	0.3308	1.2848	-5302.564484	
SB01G036880	SB02G043580	1.3789	147.6	452.4	0.2019	0.2330	1.1540	-1317.474079	
SB01G036960	SB02G043530	1.2609	183.3	497.7	0.1679	0.1801	1.0723	-1442.454629	
SB01G037000	SB02G043520	1.1109	311.5	960.5	0.1098	0.1240	1.1297	-2541.479981	
SB09G024060	SB02G043500	2.6408	203.6	588.4	0.1381	0.3379	2.4474	-1852.487270	
SB01G037030	SB02G043500	1.1628	218.7	573.3	0.1746	0.1682	0.9629	-1665.931379	
SB09G023910	SB09G003015	50.0000	88.2	283.8	0.0092	0.6249	68.2658	-927.110041	
SB03G037820	SB02G003000	4.5235	278.7	810.3	0.1316	0.5608	4.2617	-2714.930370	
SB03G037430	SB01G021612	11.4674	106.4	355.6	0.0296	0.4477	15.1044	-1118.073621	
SB03G037423	SB01G021617	1.9023	162.9	590.1	0.0908	0.2003	2.2063	-1619.678760	
SB09G024300	SB01G021870	50.0000	674.3	2196.7	0.0075	0.5193	69.2717	-7015.597376	
SB09G024160	SB05G007323	50.0000	96.4	245.6	0.0601	3.0829	51.2949	-916.423025	
SB01G021397	SB05G007323	50.0000	73.3	235.7	0.0188	1.2421	66.2399	-812.455400	
SB09G024200	SB05G007230	50.0000	160.2	673.8	0.0083	0.6946	83.8237	-2029.677209	
SB03G037390	SB05G007230	50.0000	177.3	704.7	0.0087	0.6963	80.1274	-2159.515336	
SB09G024210	SB05G007210	50.0000	243.9	1166.1	0.0067	0.6258	93.3656	-3387.833110	
SB03G037380	SB05G007210	50.0000	193.3	1216.7	0.0050	0.5944	117.8322	-3231.415493	
SB01G021840	SB05G007140	0.0356	182.2	339.8	0.2610	0.0060	0.0228	-724.094804	
SB01G021395	SB07G017175	2.7481	103.3	319.7	0.3102	0.5937	1.9137	-1043.144746	
SB03G037423	SB07G019155	0.0639	154.3	517.7	0.6770	0.0192	0.0284	-976.877522	
SB01G021617	SB07G019155	2.1499	155.6	537.4	0.0943	0.2271	2.4075	-1505.159651	
SB01G021620	SB07G019075	0.0677	208.0	482.0	0.8407	0.0213	0.0254	-996.955803	
SB01G021840	SB07G019345	0.0853	155.3	366.7	0.2198	0.0138	0.0629	-766.591940	
SB05G007140	SB07G019345	0.0714	155.8	366.2	0.5713	0.0195	0.0341	-762.519885	
SB01G021420	SB07G011890	50.0000	137.0	724.0	0.0047	0.4803	102.1761	-2010.823505	
SB01G021530	SB07G012043	50.0000	314.9	1245.1	0.0066	0.5299	80.4633	-3814.089985	
SB07G019140	SB07G010235	6.0297	376.8	1183.2	0.0499	0.3591	7.1940	-3597.296409	
SB01G021395	SB06G001773	1.0342	111.5	338.5	0.1624	0.1513	0.9318	-915.734882	
SB07G017175	SB06G001773	2.7887	100.1	322.9	0.2755	0.5729	2.0793	-1042.471066	
SB03G037423	SB06G002515	4.9873	159.1	608.9	0.1175	0.6503	5.5363	-1925.312464	
SB01G021617	SB06G002515	5.2710	169.2	592.8	0.1323	0.7151	5.4074	-1918.388582	
SB09G024210	SB06G002120	12.8149	269.2	1128.8	0.0345	0.6693	19.3776	-3412.176498	
SB03G037380	SB06G002120	50.0000	216.7	1181.3	0.0061	0.6313	104.0682	-3278.714975	
SB05G007210	SB06G002120	18.5351	247.0	1139.0	0.0193	0.6156	31.8355	-3323.080227	
SB01G021620	SB06G002526	50.0000	108.9	290.1	0.0340	1.9027	55.9807	-1045.742863	
SB07G019075	SB06G002526	50.0000	101.1	273.9	0.0306	1.7479	57.0843	-979.787863	
SB07G019155	SB06G002515	5.3566	136.7	544.3	0.1109	0.6843	6.1701	-1707.712519	
SB07G009445	SB06G002351	49.9099	109.9	208.1	2.2656	20.6153	9.0994	-840.185493	
SB07G017390	SB02G022070	14.7637	91.9	367.1	0.0236	0.5304	22.4494	-1102.275105	
SB01G021420	SB02G022011	50.0000	142.1	646.9	0.0060	0.5430	90.0422	-1888.256631	
SB07G011890	SB02G022011	34.9410	268.0	1919.0	0.0042	0.3911	92.2406	-4800.973018	
SB09G024190	SB02G022230	27.6589	274.8	964.2	0.0213	0.8240	38.6730	-3101.047471	
SB03G037440	SB02G022230	12.4537	312.9	884.1	0.0683	0.9088	13.3146	-3086.928512	
SB09G024210	SB02G022600	38.1414	244.4	1180.6	0.0088	0.6228	71.1347	-3377.831723	
SB03G037380	SB02G022600	22.4204	190.6	1234.4	0.0114	0.5920	52.0492	-3208.676556	
SB05G007210	SB02G022600	50.0000	231.5	1175.5	0.0060	0.5854	98.3354	-3266.844616	
SB06G002120	SB02G022600	4.2928	252.5	1160.5	0.0834	0.4826	5.7894	-3255.160397	
SB01G021770	SB02G022400	50.0000	129.1	488.9	0.0162	1.2197	75.1875	-1617.574011	
SB07G011900	SB04G018075	50.0000	143.9	489.1	0.0062	0.4464	71.8192	-1552.199754	
SB07G017489	SB04G017805	0.3032	167.7	462.3	0.6502	0.0884	0.1360	-1093.448410	
SB07G010200	SB04G017560	50.0000	145.6	433.4	0.0076	0.4914	64.8199	-1419.691791	
SB01G021620	SB04G017480	0.1737	172.2	511.8	0.5719	0.0487	0.0852	-1087.328136	
SB07G011880	SB08G019890	47.4786	203.5	1038.5	0.0038	0.3603	94.7360	-2690.760527	
SB04G017796	SB08G019680	1.2687	364.5	1012.5	0.3216	0.2714	0.8439	-3006.687388	
SB04G017510	SB08G019750	22.4244	325.0	863.0	0.0322	0.8099	25.1756	-3097.296767	
SB01G021620	SB08G019660	0.2748	153.6	554.4	0.9531	0.0906	0.0951	-1211.014191	
SB07G019075	SB08G019660	0.3640	144.3	488.7	0.7253	0.1117	0.1540	-1133.818544	
SB04G017480	SB08G019660	0.0785	180.3	452.7	1.1670	0.0273	0.0234	-923.995786	
SB07G009580	SB08G019550	50.0000	162.4	965.6	0.0059	0.6654	111.8414	-2646.039634	
SB09G024210	SB08G019430	25.1851	282.4	1115.6	0.0176	0.6854	38.8514	-3434.354702	
SB03G037380	SB08G019430	50.0000	238.0	1160.0	0.0072	0.6778	94.5897	-3310.709319	
SB05G007210	SB08G019430	50.0000	269.7	1116.3	0.0080	0.6670	82.8762	-3342.346672	
SB04G016970	SB08G019430	50.0000	313.9	1084.1	0.0107	0.7678	71.5727	-3489.565701	
SB07G011900	SB05G016005	17.6996	127.2	505.8	0.0064	0.1827	28.6287	-1352.964153	
SB07G011885	SB05G015666	0.1778	199.4	598.6	0.4870	0.0469	0.0964	-1265.829469	
SB01G021580	SB05G015320	0.0903	121.3	328.7	0.7937	0.0281	0.0354	-668.169092	
SB01G021395	SB02G020727	1.1021	112.8	337.2	0.1684	0.1642	0.9750	-925.995374	
SB07G017175	SB02G020727	2.8188	101.8	321.2	0.3078	0.6096	1.9803	-1047.180809	
SB06G001773	SB02G020727	0.0773	137.8	312.2	4.6047	0.0339	0.0074	-652.656315	
SB09G024160	SB02G020930	8.6803	75.1	266.9	0.4792	2.3362	4.8754	-931.404002	
SB01G021397	SB02G020930	7.0429	80.1	225.9	1.7334	2.6401	1.5231	-824.903893	
SB05G007323	SB02G020930	50.0000	86.0	286.0	0.0261	1.7288	66.3181	-996.606835	
SB01G021580	SB02G021000	0.1230	105.1	251.9	0.7204	0.0368	0.0511	-544.398471	
SB05G015320	SB02G021000	0.1521	96.0	261.0	0.3981	0.0361	0.0906	-558.810112	
SB01G021620	SB02G021180	0.0403	249.0	516.0	1.9413	0.0159	0.0082	-1071.257575	
SB07G019075	SB02G021180	0.0724	220.0	470.0	1.0107	0.0242	0.0239	-998.079628	
SB05G007200	SB02G021240	13.7316	233.8	636.2	0.0475	0.7159	15.0865	-2222.702996	
SB01G021620	SB02G019335	0.0322	125.4	348.6	1.2300	0.0113	0.0092	-665.555352	
SB07G019075	SB02G019335	0.0949	119.3	279.7	0.5218	0.0248	0.0476	-590.959513	
SB01G021395	SB01G020701	1.1404	104.2	324.8	0.1306	0.1453	1.1119	-871.705995	
SB07G017175	SB01G020701	3.4971	92.7	309.3	0.2027	0.6113	3.0152	-997.654837	
SB06G001773	SB01G020701	0.1432	126.5	302.5	1.6383	0.0539	0.0329	-651.069046	
SB07G017390	SB01G020840	50.0000	76.0	395.0	0.0038	0.3886	101.2774	-1081.175402	
SB09G024190	SB01G021110	15.2063	256.4	949.6	0.0426	0.8769	20.5936	-3038.010744	
SB03G037440	SB01G021110	14.9422	287.1	873.9	0.0523	0.9080	17.3771	-3001.570167	
SB01G021580	SB01G021210	0.0902	112.7	337.3	0.8068	0.0284	0.0352	-668.824217	
SB05G015320	SB01G021210	0.1207	102.1	347.9	0.4024	0.0301	0.0748	-687.278062	
SB05G007200	SB02G020480	17.4336	216.4	572.6	0.0447	0.8469	18.9472	-2037.900123	
SB05G013390	SB02G020727	0.1576	127.8	298.2	1.2141	0.0555	0.0457	-664.019653	
SB07G017390	SB09G017260	8.4662	87.2	356.8	0.0373	0.4652	12.4626	-1051.527413	
SB01G021620	SB09G016560	0.6260	113.1	405.9	0.7169	0.1921	0.2680	-1020.492988	
SB07G019075	SB09G016560	0.8171	97.2	346.8	0.7286	0.2518	0.3456	-917.022346	
SB05G007200	SB09G016490	50.0000	200.5	534.5	0.0145	0.8544	58.8123	-1899.211439	
SB02G020480	SB09G016490	3.6627	189.9	554.1	0.0880	0.3350	3.8062	-1731.052867	
SB05G013390	SB09G016291	0.1830	129.2	296.8	2.0823	0.0724	0.0348	-669.765558	
SB02G020727	SB09G016291	0.1220	137.3	312.7	7.4199	0.0552	0.0074	-673.380462	
SB07G011880	SB05G021870	10.1748	228.8	1007.2	0.0439	0.6746	15.3525	-2930.371450	
SB02G020470	SB05G022580	50.0000	242.8	954.2	0.0098	0.7758	79.1099	-2986.463815	
SB01G021395	SB09G007430	0.4313	116.5	333.5	0.2808	0.0864	0.3079	-797.073642	
SB07G017175	SB09G007430	3.0911	102.6	320.4	0.3031	0.6616	2.1825	-1050.224054	
SB06G001773	SB09G007430	0.9430	111.8	338.2	0.3049	0.2006	0.6581	-931.001031	
SB09G024180	SB09G008020	48.3329	263.9	795.1	0.0165	1.0154	61.5811	-2796.380740	
SB03G037460	SB09G008020	6.3534	260.7	780.3	0.1751	0.9716	5.5495	-2734.527280	
SB07G011660	SB09G008097	17.7610	74.5	255.5	0.0549	1.2118	22.0756	-870.996126	
SB01G021620	SB09G009590	1.1862	126.5	443.5	0.8131	0.3762	0.4627	-1252.830114	
SB07G019075	SB09G009590	1.3219	113.8	381.2	1.0947	0.4496	0.4107	-1097.019156	
SB09G016560	SB09G009590	1.3030	73.7	253.3	0.7710	0.4071	0.5280	-704.167658	
SB01G021395	SB05G005542	0.9829	110.6	339.4	0.1601	0.1431	0.8938	-910.589597	
SB07G017175	SB05G005542	2.9129	102.0	321.0	0.2725	0.5908	2.1682	-1046.284367	
SB06G001773	SB05G005542	0.0484	134.4	315.6	2.6122	0.0198	0.0076	-636.268770	
SB05G007340	SB05G005505	2.8513	171.5	542.5	0.2603	0.5648	2.1701	-1724.932380	
SB01G021580	SB05G005275	1.0075	111.2	338.8	0.1684	0.1512	0.8980	-916.095863	
SB05G015320	SB05G005275	1.0018	109.5	340.5	0.1854	0.1614	0.8706	-923.399994	
SB07G011900	SB10G010785	14.6653	107.9	447.1	0.0071	0.1736	24.4228	-1185.082366	
SB05G016005	SB10G010785	0.0931	102.3	452.7	0.1240	0.0135	0.1087	-803.209294	
SB01G021580	SB10G010937	0.0905	127.7	322.3	0.8804	0.0290	0.0330	-665.577751	
SB05G015320	SB10G010937	0.0985	108.6	341.4	0.3860	0.0237	0.0615	-675.175124	
SB05G005275	SB10G010937	1.0129	111.7	338.3	0.1764	0.1564	0.8865	-918.581711	
SB07G009580	SB10G011110	5.0740	184.6	991.4	0.0723	0.5609	7.7630	-2726.686271	
SB06G001980	SB03G014866	3.9523	290.7	879.3	0.2278	0.7151	3.1391	-2974.822406	
SB07G010200	SB03G016081	50.0000	174.2	557.8	0.0070	0.4777	68.4905	-1793.121820	
SB05G007323	SB05G023233	50.0000	87.5	233.5	0.0340	1.9034	56.0408	-874.029350	
SB01G021580	SB05G023485	1.0773	112.4	337.6	0.1485	0.1477	0.9943	-917.681066	
SB05G015320	SB05G023485	1.0667	110.8	339.2	0.1643	0.1579	0.9610	-925.139869	
SB05G005275	SB05G023485	0.0973	133.0	317.0	0.5695	0.0265	0.0466	-663.216284	
SB07G009580	SB05G023600	28.8838	200.5	909.5	0.0148	0.7415	49.9433	-2740.833951	
SB01G021395	SB02G011411	1.1391	113.1	336.9	0.1619	0.1650	1.0194	-928.741133	
SB07G017175	SB02G011411	2.9674	103.4	319.6	0.3181	0.6491	2.0408	-1054.132034	
SB06G001773	SB02G011411	0.1577	135.0	315.0	1.9931	0.0618	0.0310	-696.040324	
SB05G015580	SB02G011993	22.9295	97.2	283.8	0.0218	0.6132	28.1575	-942.061661	
SB01G021620	SB02G012460	0.0643	196.1	568.9	1.4631	0.0233	0.0160	-1110.648077	
SB07G019075	SB02G012460	0.0948	180.1	509.9	0.8427	0.0301	0.0358	-1030.544887	
SB01G021720	SB02G012640	0.3585	109.0	758.0	0.2159	0.0821	0.3800	-1386.630822	
SB05G007340	SB06G001330	2.7915	217.2	688.8	0.3797	0.6686	1.7609	-2237.302026	
SB03G037423	SB06G001517	0.3603	167.6	570.4	0.4779	0.0962	0.2014	-1324.901750	
SB01G021617	SB06G001517	2.2451	157.3	574.7	0.1140	0.2803	2.4587	-1659.645769	
SB07G019155	SB06G001790	0.2761	143.1	366.9	0.8301	0.0870	0.1048	-863.789074	
SB06G001430	SB07G006090	45.2975	116.7	903.3	0.0021	0.2773	129.8756	-2078.071049	
SB07G011460	SB07G005970	11.7239	275.2	762.8	0.0416	0.5492	13.2161	-2605.270070	
SB01G021580	SB07G005825	0.7010	99.1	269.9	0.2674	0.1346	0.5034	-707.643109	
SB06G001503	SB07G005900	5.6662	177.5	434.5	0.2481	1.0053	4.0516	-1547.022584	
SB09G024210	SB07G005690	50.0000	249.4	1151.6	0.0071	0.6403	90.6591	-3358.368923	
SB03G037380	SB07G005690	50.0000	197.6	1203.4	0.0053	0.6042	114.5054	-3197.223635	
SB05G007210	SB07G005690	50.0000	240.5	1145.5	0.0062	0.5767	93.3185	-3247.395098	
SB01G021620	SB07G005795	0.9348	174.0	591.0	0.5000	0.2539	0.5077	-1617.610299	
SB07G019075	SB07G005795	1.0891	160.4	529.6	0.5447	0.3040	0.5580	-1494.639053	
SB07G005900	SB01G025335	5.5350	113.7	369.3	0.1229	0.6885	5.6004	-1240.769376	
SB01G021580	SB01G025848	0.5670	124.2	322.8	0.5117	0.1494	0.2920	-841.909911	
SB07G005825	SB01G025848	0.8693	95.8	273.2	0.4053	0.2099	0.5178	-747.231652	
SB07G010200	SB01G025575	50.0000	161.0	517.0	0.0068	0.4687	68.6709	-1656.836051	
SB06G001773	SB01G026315	0.0910	132.3	317.7	1.4086	0.0331	0.0235	-662.503358	
SB06G001503	SB05G018905	16.9595	185.7	420.3	0.0313	0.5398	17.2291	-1449.888811	
SB07G005900	SB05G018905	50.0000	202.6	475.4	0.0198	1.0532	53.3145	-1752.915755	
SB01G021580	SB05G019065	0.9350	107.4	342.6	0.1693	0.1435	0.8480	-908.673202	
SB07G005825	SB05G019065	0.7867	92.3	276.7	0.1768	0.1212	0.6854	-704.600892	
SB01G025848	SB05G019065	1.0501	114.5	332.5	0.2402	0.1934	0.8052	-927.591843	
SB01G025850	SB05G018940	0.0419	120.5	557.5	0.1614	0.0073	0.0450	-889.584024	
SB07G005800	SB05G019090	50.0000	194.1	1107.9	0.0050	0.5421	108.7013	-3068.899625	
SB01G021620	SB05G019150	0.1970	128.4	345.6	0.7420	0.0600	0.0809	-761.704266	
SB07G019075	SB05G019150	0.2380	114.6	284.4	1.1443	0.0823	0.0719	-651.314732	
SB07G005795	SB05G019150	0.9113	106.9	367.1	0.4138	0.2303	0.5564	-994.913028	
SB01G025890	SB05G019150	0.2285	121.4	307.6	0.8330	0.0721	0.0865	-698.068331	
SB07G010450	SB05G004180	44.3223	139.2	745.8	0.0057	0.5170	91.1535	-2050.669027	
SB05G019020	SB05G004203	2.6272	92.5	342.5	0.0895	0.2769	3.0942	-984.049738	
SB06G001555	SB05G004340	50.0000	216.7	413.3	0.1571	5.8569	37.2790	-1662.057464	
SB05G007200	SB05G004440	50.0000	123.4	305.6	0.0373	1.9781	53.0400	-1147.611708	
SB07G005610	SB05G004580	30.5921	144.6	482.4	0.0186	0.7749	41.6192	-1618.867318	
SB01G021580	SB03G022995	0.7314	110.8	327.2	0.3682	0.1700	0.4617	-873.100897	
SB07G005825	SB03G022995	0.5795	96.3	266.7	0.5937	0.1635	0.2754	-683.826187	
SB01G025848	SB03G022995	0.8426	117.6	317.4	0.6546	0.2458	0.3755	-888.911074	
SB05G019065	SB03G022995	0.8174	106.6	331.4	0.2507	0.1577	0.6292	-877.734042	
SB01G021620	SB03G022790	0.0441	190.7	439.3	1.5082	0.0164	0.0109	-884.497756	
SB07G019075	SB03G022790	0.0567	162.9	392.1	0.3915	0.0130	0.0332	-785.886689	
SB07G005795	SB03G022790	1.1148	147.0	483.0	0.6144	0.3241	0.5275	-1374.147759	
SB01G025890	SB03G022790	0.0530	177.7	407.3	0.9974	0.0177	0.0177	-825.716583	
SB05G019150	SB03G022790	0.2965	89.7	249.3	0.5359	0.0804	0.1500	-571.017691	
SB06G001450	SB09G005390	50.0000	191.5	987.5	0.0081	0.7944	98.5296	-2727.499589	
SB06G001555	SB09G005115	18.9614	180.1	401.9	1.5860	7.1362	4.4994	-1558.347094	
SB06G001690	SB09G004970	50.0000	95.1	525.9	0.0057	0.6024	105.5066	-1470.759738	
SB01G021395	SB05G015320	1.0160	108.7	341.3	0.1660	0.1530	0.9214	-918.454866	
SB07G017175	SB05G015320	3.1164	100.4	322.6	0.2383	0.5906	2.4784	-1047.414286	
SB01G021580	SB05G013390	0.1506	129.6	296.4	1.6241	0.0568	0.0350	-656.783090	
SB01G021420	SB09G005280	6.5225	238.7	649.3	0.0884	0.5765	6.5213	-2225.145344	
SB07G011890	SB09G005280	18.1477	485.5	1815.5	0.0139	0.3787	27.2528	-5438.908855	
SB09G024190	SB09G005360	50.0000	225.5	1010.5	0.0090	0.7885	87.8071	-2949.068191	
SB03G037440	SB09G005360	50.0000	262.5	934.5	0.0122	0.8898	72.8432	-3005.173812	
SB01G021580	SB09G005533	0.0622	130.0	320.0	3.2643	0.0259	0.0079	-646.614866	
SB01G021395	SB10G018060	1.0808	110.1	339.9	0.1620	0.1590	0.9816	-925.528479	
SB07G017175	SB10G018060	2.8211	100.7	322.3	0.2640	0.5652	2.1412	-1041.051773	
SB07G012043	SB10G016940	4.7117	265.5	1018.5	0.1194	0.6219	5.2100	-3172.803588	
SB01G021580	SB10G015336	1.0741	111.2	338.8	0.1718	0.1634	0.9512	-929.071026	
SB01G021395	SB02G009330	0.9809	111.3	338.7	0.1683	0.1472	0.8743	-912.215389	
SB07G017175	SB02G009330	2.8199	101.4	321.6	0.2817	0.5834	2.0714	-1043.030865	
SB10G018060	SB02G009330	0.0762	125.9	324.1	1.0024	0.0254	0.0254	-657.875030	
SB01G021580	SB02G008775	0.8510	109.0	341.0	0.2800	0.1748	0.6244	-917.936423	
SB10G015336	SB02G008775	0.3997	112.5	337.5	0.2592	0.0777	0.2998	-797.452563	
SB01G021620	SB06G011815	0.7290	91.3	337.7	0.2730	0.1551	0.5681	-852.751296	
SB07G019075	SB06G011815	0.8735	74.0	280.0	0.2793	0.1891	0.6771	-719.841019	
SB06G013016	SB05G005866	50.0000	164.8	648.2	0.0116	0.9119	78.6403	-2102.275423	
SB10G015336	SB05G005855	1.0523	111.1	338.9	0.1841	0.1675	0.9099	-929.269840	
SB06G012510	SB05G005855	0.1127	135.2	314.8	0.7080	0.0334	0.0472	-673.617437	
SB01G021580	SB05G005855	0.0627	141.1	308.9	0.9380	0.0205	0.0218	-642.360045	
SB01G021620	SB05G005586	0.9481	173.6	591.4	0.5058	0.2587	0.5114	-1620.594553	
SB07G019075	SB05G005586	1.1060	160.1	529.9	0.5509	0.3100	0.5628	-1497.238887	
SB06G011815	SB05G005586	0.0866	123.0	306.0	0.7996	0.0269	0.0337	-633.966151	
SB07G009780	SB05G005583	50.0000	117.8	338.2	0.0330	1.9457	58.9309	-1223.298931	
SB10G015336	SB03G024615	0.1186	124.8	325.2	0.5557	0.0324	0.0582	-680.050376	
SB06G012510	SB03G024615	0.9897	110.8	339.2	0.1729	0.1515	0.8762	-919.210895	
SB01G021580	SB03G024615	0.9267	109.7	340.3	0.1816	0.1472	0.8108	-911.996742	
SB07G010200	SB03G024496	12.8941	159.4	497.6	0.0143	0.2424	16.9534	-1461.777266	
SB09G024200	SB03G024550	50.0000	253.4	724.6	0.0106	0.6627	62.4191	-2433.305714	
SB03G037390	SB03G024550	50.0000	274.5	751.5	0.0112	0.6740	60.4424	-2561.596139	
SB05G007230	SB03G024550	50.0000	246.7	629.3	0.0145	0.8302	57.0646	-2257.020719	
SB10G016176	SB08G007335	0.1608	146.6	447.4	0.8828	0.0519	0.0588	-927.064381	
SB01G021395	SB08G017795	0.9994	110.8	339.2	0.1629	0.1470	0.9026	-913.941024	
SB07G017175	SB08G017795	2.8851	102.9	320.1	0.2825	0.5945	2.1046	-1045.307609	
SB01G021420	SB08G017750	50.0000	159.4	725.6	0.0053	0.4808	90.3564	-2084.907366	
SB07G017523	SB08G017560	7.1496	111.5	353.5	0.2565	1.4063	5.4816	-1255.572560	
SB01G021580	SB08G017530	0.6261	98.6	291.4	0.3689	0.1457	0.3950	-757.046544	
SB07G019075	SB08G017406	1.1116	160.8	523.2	0.6380	0.3269	0.5124	-1487.898939	
SB01G021430	SB09G006930	50.0000	218.3	825.7	0.0086	0.6666	77.1693	-2653.320910	
SB08G017630	SB09G006570	10.9504	171.4	878.6	0.0311	0.6002	19.2835	-2551.888429	
SB08G017440	SB09G006410	3.3833	152.7	426.3	0.2257	0.5920	2.6234	-1445.080212	
SB01G021620	SB09G006290	0.0401	218.7	546.3	1.5858	0.0149	0.0094	-1076.751496	
SB07G019075	SB09G006290	0.0676	197.3	492.7	0.7716	0.0208	0.0269	-998.268017	
SB08G017406	SB09G006290	1.0620	158.6	525.4	0.6439	0.3138	0.4873	-1476.441328	
SB09G006910	SB10G023110	50.0000	295.1	937.9	0.0077	0.5204	67.9753	-2947.645688	
SB07G018230	SB10G022820	1.7658	227.2	885.8	0.1045	0.2141	2.0488	-2408.088254	
SB09G006380	SB10G022710	50.0000	216.6	686.4	0.0108	0.7255	67.1718	-2332.663793	
SB01G021620	SB10G022770	0.1251	227.5	537.5	0.5252	0.0329	0.0626	-1161.455078	
SB07G019075	SB10G022770	0.1594	204.4	485.6	0.6352	0.0454	0.0715	-1072.547955	
SB08G017406	SB10G022770	1.1969	163.3	520.7	0.5534	0.3345	0.6045	-1502.756208	
SB09G006290	SB10G022770	0.1336	224.8	540.2	0.5767	0.0366	0.0635	-1171.515198	
SB09G007187	SB07G020410	3.5914	265.5	742.5	0.4468	0.9027	2.0204	-2602.303248	
SB09G024160	SB07G020515	50.0000	110.0	226.0	0.6063	13.7444	22.6698	-911.554430	
SB10G023000	SB07G020650	50.0000	351.3	1064.7	0.0091	0.5942	65.3783	-3511.340596	
SB01G021395	SB07G020800	1.0033	109.2	340.8	0.1708	0.1536	0.8991	-921.088893	
SB07G017175	SB07G020800	2.8793	101.0	322.0	0.2773	0.5916	2.1335	-1046.780979	
SB08G017795	SB07G020800	0.0395	95.8	354.2	99.0000	0.0167	0.0002	-636.006072	
SB10G022960	SB07G020800	1.0285	107.9	342.1	0.1618	0.1529	0.9448	-925.032303	
SB09G006670	SB07G020700	8.7524	168.4	1298.6	0.0124	0.2882	23.1880	-3037.313868	
SB08G017650	SB07G021030	0.0777	164.2	357.8	0.5124	0.0199	0.0389	-759.778909	
SB09G024210	SB07G020970	50.0000	205.1	901.9	0.0071	0.6226	87.2159	-2667.325686	
SB03G037380	SB07G020970	50.0000	168.0	939.0	0.0055	0.5882	106.5226	-2542.563980	
SB05G007210	SB07G020970	50.0000	194.3	906.7	0.0066	0.6075	91.6226	-2614.337514	
SB08G017445	SB07G021012	8.7537	91.7	262.3	1.4243	3.1620	2.2200	-936.315378	
SB09G006950	SB04G012910	50.0000	103.0	356.0	0.0096	0.6905	71.9104	-1149.499625	
SB10G023023	SB04G012210	5.7899	337.0	953.0	0.1402	0.7416	5.2907	-3244.821157	
SB01G021580	SB04G011340	0.2191	135.1	314.9	1.3254	0.0788	0.0595	-719.918786	
SB10G022960	SB04G011340	1.1968	110.4	339.6	0.1487	0.1659	1.1155	-930.352588	
SB07G020800	SB04G011340	0.2172	131.9	318.1	1.0438	0.0733	0.0702	-725.759397	
SB09G006560	SB04G011313	1.6129	153.2	494.8	0.5261	0.4432	0.8425	-1490.164924	
SB08G017530	SB04G011110	0.7410	102.7	287.3	0.2337	0.1326	0.5671	-751.583448	
SB10G023140	SB04G023200	26.2223	176.2	795.8	0.0113	0.5197	45.8776	-2149.096680	
SB09G006801	SB04G023080	4.7710	217.9	604.1	0.1439	0.6172	4.2890	-2070.741368	
SB08G017766	SB04G023100	5.7798	148.3	475.7	0.1800	0.9250	5.1385	-1626.316148	
SB07G017390	SB04G023140	7.0786	91.6	379.4	0.0523	0.5214	9.9748	-1119.235320	
SB01G021395	SB05G008185	0.4247	112.5	337.5	0.2185	0.0748	0.3421	-800.301702	
SB07G017175	SB05G008185	2.9625	98.3	324.7	0.2615	0.5962	2.2800	-1046.046249	
SB08G017795	SB05G008185	0.8809	109.4	340.6	0.2580	0.1728	0.6697	-920.576611	
SB05G007270	SB05G008610	50.0000	60.3	341.7	0.0067	0.7137	107.0214	-909.111709	
SB01G021620	SB05G008713	0.1815	148.4	388.6	0.5415	0.0490	0.0905	-845.713951	
SB07G019075	SB05G008713	0.1859	122.9	345.1	0.3063	0.0388	0.1268	-733.075885	
SB08G017406	SB05G008713	1.4655	113.1	348.9	0.6911	0.4403	0.6371	-1036.736091	
SB09G006290	SB05G008713	0.1812	143.4	393.6	0.5096	0.0481	0.0943	-847.358482	
SB01G021395	SB10G009445	1.0442	110.4	339.6	0.1572	0.1503	0.9562	-921.598991	
SB07G017175	SB10G009445	3.3320	102.6	320.4	0.2033	0.5695	2.8018	-1045.745212	
SB08G017795	SB10G009445	0.0479	108.5	341.5	0.7292	0.0147	0.0201	-644.302013	
SB05G008185	SB10G009445	0.9349	110.0	340.0	0.2631	0.1850	0.7032	-933.204198	
SB09G006905	SB10G009470	50.0000	117.4	413.6	0.0057	0.4182	73.9045	-1266.878791	
SB09G006670	SB10G009270	5.3391	184.9	1273.1	0.0359	0.4042	11.2484	-3161.007813	
SB09G006560	SB10G009100	1.5008	107.2	345.8	0.5050	0.4061	0.8042	-1046.614441	
SB05G008410	SB10G009100	0.2471	129.1	392.9	0.8659	0.0793	0.0916	-887.347675	
SB05G008460	SB10G009180	16.1835	174.2	734.8	0.0298	0.7454	25.0041	-2239.311370	
SB05G007270	SB10G008950	50.0000	114.3	725.7	0.0065	0.7639	117.6640	-1905.026200	
SB05G008610	SB10G008950	50.0000	50.1	333.9	0.0051	0.6325	123.4910	-886.605605	
SB01G021620	SB10G008916	0.0341	215.4	504.6	2.9892	0.0142	0.0047	-999.402225	
SB07G019075	SB10G008916	0.0676	209.6	480.4	1.1799	0.0236	0.0200	-996.376138	
SB08G017406	SB10G008916	1.0484	158.5	525.5	0.6205	0.3061	0.4933	-1470.343626	
SB09G006290	SB10G008916	0.0383	203.7	516.3	3.1398	0.0158	0.0050	-1005.856264	
SB05G008713	SB10G008916	0.1821	136.0	362.0	0.6619	0.0533	0.0805	-782.624852	
SB01G021395	SB04G011340	1.1638	111.4	338.6	0.1571	0.1666	1.0604	-925.682025	
SB07G017175	SB04G011340	2.6508	98.5	324.5	0.3192	0.5903	1.8495	-1040.588310	
SB08G017795	SB04G011340	0.2263	133.8	316.2	1.1396	0.0783	0.0687	-726.603422	
SB07G017390	SB04G011300	0.0392	83.5	387.5	0.9353	0.0129	0.0138	-642.325239	
SB01G021580	SB04G011110	0.9959	110.1	339.9	0.1627	0.1469	0.9032	-914.054611	
SB08G017530	SB04G011110	0.7410	102.7	287.3	0.2337	0.1326	0.5671	-751.583448	
SB04G012210	SB01G023130	46.3040	364.3	1123.7	0.0123	0.7486	60.7357	-3791.822714	
SB04G011155	SB01G022410	1.2837	109.0	320.0	0.4608	0.3298	0.7157	-955.746405	
SB09G006380	SB01G022230	50.0000	214.3	694.7	0.0107	0.7314	68.3134	-2332.337511	
SB01G021395	SB02G013150	1.0032	111.4	338.6	0.1568	0.1435	0.9148	-911.491037	
SB07G017175	SB02G013150	2.8758	102.6	320.4	0.2877	0.5990	2.0818	-1048.104346	
SB08G017795	SB02G013150	0.0623	135.7	314.3	0.5390	0.0165	0.0306	-646.746427	
SB04G011340	SB02G013150	0.2347	136.0	314.0	0.8790	0.0751	0.0854	-727.439349	
SB01G022320	SB02G012870	39.4464	272.1	915.9	0.0076	0.4254	55.9721	-2812.254667	
SB01G021395	SB05G026293	1.0034	107.8	342.2	0.1562	0.1458	0.9333	-914.530782	
SB07G017175	SB05G026293	2.7393	98.9	324.1	0.2987	0.5896	1.9737	-1044.462380	
SB08G017795	SB05G026293	0.0406	103.1	346.9	1.3275	0.0143	0.0108	-638.288103	
SB04G011340	SB05G026293	0.2329	128.8	321.2	0.9240	0.0758	0.0821	-733.782237	
SB09G006905	SB05G026177	3.4063	174.2	539.8	0.1828	0.5431	2.9707	-1769.499423	
SB09G006530	SB05G026177	3.7987	85.2	313.8	0.1589	0.5943	3.7413	-992.276864	
SB09G024210	SB05G026080	50.0000	322.5	1096.5	0.0101	0.7165	70.9041	-3559.485853	
SB03G037380	SB05G026080	50.0000	272.8	1146.2	0.0080	0.6735	83.8595	-3462.417055	
SB05G007210	SB05G026080	50.0000	297.4	1103.6	0.0078	0.5955	76.2969	-3447.423374	
SB08G017790	SB07G008376	0.6006	114.7	380.3	0.4930	0.1617	0.3280	-959.175934	
SB09G006440	SB07G007540	19.7193	301.7	886.3	0.0663	1.4353	21.6639	-3177.944084	
SB04G010760	SB07G007010	50.0000	89.2	687.8	0.0034	0.4746	141.5375	-1763.848275	
SB07G008560	SB01G027720	50.0000	124.9	409.1	0.0054	0.3751	70.0339	-1267.218883	
SB04G011313	SB01G027500	0.0321	262.0	503.0	0.8681	0.0102	0.0117	-1059.625274	
SB07G017390	SB01G027310	6.5632	62.4	273.6	0.0394	0.3961	10.0434	-784.319424	
SB04G011300	SB01G027310	6.3554	64.2	271.8	0.0406	0.3843	9.4614	-781.389284	
SB07G007565	SB01G027310	10.8510	67.0	269.0	0.0388	0.6098	15.7018	-841.700066	
SB09G006640	SB01G027350	50.0000	230.9	636.1	0.0154	0.9239	60.0407	-2275.720450	
SB08G017490	SB01G026900	50.0000	532.3	1540.7	0.0083	0.5261	63.3831	-5113.065653	
SB08G017445	SB01G026845	8.3662	60.8	293.2	0.8405	2.7007	3.2132	-930.427533	
SB09G024190	SB04G005960	50.0000	228.1	998.9	0.0079	0.6886	86.6202	-2876.282170	
SB03G037440	SB04G005960	50.0000	267.9	914.1	0.0116	0.8211	70.7250	-2923.397355	
SB04G011320	SB04G005970	7.6798	89.4	366.6	0.0877	0.8425	9.6046	-1136.896797	
SB08G017755	SB08G009031	50.0000	77.0	247.0	0.0174	1.1526	66.4212	-846.494187	
SB01G021620	SB08G008220	0.0703	192.0	390.0	1.1187	0.0243	0.0217	-829.724337	
SB07G019075	SB08G008220	0.0889	164.7	342.3	0.4553	0.0213	0.0469	-730.467439	
SB08G017406	SB08G008220	1.4174	119.1	381.9	0.8100	0.4475	0.5525	-1124.129609	
SB09G006290	SB08G008220	0.0589	181.0	401.0	2.0371	0.0233	0.0114	-825.397866	
SB01G021395	SB10G011233	0.3833	95.5	312.5	0.4897	0.1027	0.2097	-728.800645	
SB07G017175	SB10G011233	2.6687	90.8	290.2	0.4366	0.6804	1.5584	-943.646725	
SB08G017795	SB10G011233	1.0491	96.2	311.8	0.3394	0.2397	0.7061	-871.748644	
SB08G017755	SB10G011631	50.0000	72.1	263.9	0.0375	2.5634	68.2988	-885.139027	
SB01G021620	SB10G012260	0.1199	222.9	542.1	0.7827	0.0370	0.0473	-1162.580744	
SB07G019075	SB10G012260	0.1593	204.8	485.2	0.6578	0.0460	0.0699	-1076.809050	
SB08G017406	SB10G012260	1.1698	164.7	519.3	0.6350	0.3425	0.5394	-1498.009151	
SB09G024180	SB10G029720	50.0000	165.3	521.7	0.0154	1.0153	66.0586	-1802.523981	
SB03G037460	SB10G029720	5.8686	154.1	508.9	0.2102	1.0441	4.9676	-1743.531946	
SB01G021530	SB10G029880	4.2252	316.9	1243.1	0.1243	0.5791	4.6608	-3822.186650	
SB09G024290	SB10G030250	50.0000	80.1	348.9	0.0049	0.4274	87.4408	-1006.272723	
SB03G037300	SB10G030250	21.8877	94.0	335.0	0.0141	0.4473	31.7072	-1027.082086	
SB01G021720	SB10G030210	3.2869	120.2	782.8	0.0937	0.4789	5.1105	-1998.084390	
SB08G017205	SB10G030350	50.0000	90.8	254.2	0.0220	1.3114	59.6510	-926.951729	
SB01G021395	SB02G021000	0.9277	91.7	265.3	0.0821	0.0799	0.9726	-675.305920	
SB07G017175	SB02G021000	3.2808	82.6	247.4	0.1663	0.4850	2.9168	-801.252234	
SB05G007323	SB02G021140	12.8526	91.3	262.7	0.2551	2.4436	9.5786	-951.342738	
SB07G018840	SB02G021780	0.7913	278.9	750.1	0.2044	0.1284	0.6280	-2055.260015	
SB07G019180	SB02G022130	2.2803	90.2	563.8	0.0647	0.2540	3.9254	-1348.315121	
SB07G019310	SB02G022220	1.2830	159.2	1184.8	0.0907	0.1955	2.1560	-2562.173610	
SB07G019340	SB02G022245	4.5515	112.2	616.8	0.0248	0.2152	8.6722	-1477.416721	
SB09G024100	SB09G002100	5.8424	130.9	661.1	0.0890	0.7233	8.1278	-1955.278235	
SB03G037570	SB09G002100	4.5993	124.7	640.3	0.1127	0.6716	5.9577	-1870.064441	
SB09G024160	SB09G001966	6.5862	93.4	251.6	0.6950	1.9622	2.8235	-924.347131	
SB01G021397	SB09G001966	11.9038	65.8	243.2	2.0062	4.4425	2.2144	-827.705383	
SB05G007323	SB09G001966	27.7892	101.4	273.6	0.0718	2.0604	28.6939	-1008.275849	
SB01G021700	SB09G001540	20.8508	231.8	932.2	0.0120	0.3983	33.3030	-2763.156770	
SB09G024160	SB03G029000	34.5450	83.5	261.5	0.0155	0.7018	45.3795	-889.288613	
SB01G021397	SB03G029000	31.0886	60.8	248.2	0.0527	2.2844	43.3465	-831.909946	
SB05G007323	SB03G029000	50.0000	95.4	279.6	0.0278	1.6816	60.5952	-1003.872012	
SB03G037350	SB03G029320	50.0000	203.9	960.1	0.0049	0.4557	93.0100	-2661.271015	
SB01G021395	SB04G020586	0.9884	111.0	339.0	0.1598	0.1434	0.8975	-911.292845	
SB09G021780	SB05G003400	50.0000	100.9	583.1	0.0046	0.5107	110.0415	-1580.170102	
SB03G040720	SB05G003400	50.0000	124.7	598.3	0.0065	0.6114	93.7273	-1724.270885	
SB09G021840	SB05G003240	5.7259	255.3	737.7	0.0783	0.4741	6.0541	-2427.265028	
SB03G040530	SB05G003240	17.5642	224.9	774.1	0.0112	0.2794	25.0400	-2239.895215	
SB03G040520	SB05G003230	4.9668	200.2	507.8	0.0769	0.3767	4.8999	-1676.452390	
SB03G040480	SB05G003150	3.9198	117.4	938.6	0.0497	0.4179	8.4091	-2264.632023	
SB09G023310	SB01G035960	3.8339	283.9	1006.1	0.0170	0.0934	5.4759	-2527.041104	
SB09G023350	SB01G036010	5.2606	375.1	1097.9	0.1296	0.6469	4.9923	-3676.128951	
SB09G023365	SB01G036020	5.5871	298.2	958.8	0.0472	0.3220	6.8158	-2864.354120	
SB03G038380	SB01G036020	3.4707	287.3	993.7	0.0743	0.3050	4.1033	-2906.123469	
SB09G023700	SB05G024890	12.3302	199.0	1052.0	0.0393	0.8405	21.3931	-2992.234159	
SB03G038160	SB05G018890	12.5917	230.5	1194.5	0.0288	0.6503	22.5789	-3413.032702	
SB09G023750	SB05G018070	50.0000	203.6	1071.4	0.0057	0.5785	101.3397	-2955.467200	
SB09G023080	SB08G000520	1.9846	428.4	1101.6	0.2474	0.3573	1.4440	-3612.313481	
SB03G038720	SB08G000520	2.5404	444.1	1085.9	0.1838	0.3700	2.0126	-3649.457114	
SB03G038560	SB08G000680	50.0000	112.1	541.9	0.0031	0.2999	95.7855	-1327.674179	
SB09G024160	SB03G008080	50.0000	105.3	224.7	9.3364	23.3094	2.4966	-897.379591	
SB09G024200	SB03G008060	36.9282	170.7	831.3	0.0086	0.5948	69.3456	-2335.216652	
SB03G037390	SB03G008060	9.4227	185.7	864.3	0.0383	0.5768	15.0747	-2456.549674	
SB09G023170	SB01G033000	3.4326	119.0	538.0	0.0455	0.2383	5.2410	-1396.852745	
SB09G023175	SB01G033010	2.9725	117.7	629.3	0.0651	0.3038	4.6633	-1650.333861	
SB09G023170	SB03G028540	4.0184	135.8	578.2	0.0532	0.3056	5.7419	-1568.183936	
SB01G033000	SB03G028540	1.0077	113.8	489.2	0.0969	0.1218	1.2560	-1144.179152	
SB09G023175	SB03G028545	3.1242	124.2	586.8	0.0764	0.3348	4.3801	-1599.167459	
SB01G033010	SB03G028545	0.9635	107.2	603.8	0.0872	0.1246	1.4281	-1366.251689	
SB10G022090	SB04G008100	1.1158	304.1	943.9	0.1120	0.1268	1.1328	-2530.961432	
SB10G022200	SB04G008040	0.8950	62.6	477.4	0.0829	0.1308	1.5767	-954.771104	
SB10G022210	SB04G008030	3.8037	198.6	1019.4	0.1015	0.5188	5.1127	-2810.773569	
SB10G022250	SB04G007970	0.8766	292.6	745.4	0.1020	0.0839	0.8228	-2002.565590	
SB10G022310	SB04G007880	2.7410	219.3	1163.7	0.0824	0.3303	4.0098	-3003.896225	
SB10G022380	SB04G007860	1.7126	200.5	585.5	0.0893	0.1584	1.7749	-1583.821515	
SB10G022530	SB04G007795	50.0000	210.9	779.1	0.0058	0.4463	76.5974	-2299.028308	
SB10G022550	SB04G007780	1.0158	262.9	775.1	0.1685	0.1505	0.8931	-2138.579731	
SB10G022570	SB04G007760	0.8553	293.0	958.0	0.0797	0.0769	0.9657	-2370.409196	
SB10G022580	SB04G007750	1.4377	95.8	282.2	0.1755	0.2187	1.2463	-809.138612	
SB10G022590	SB04G007730	2.1141	326.2	1191.8	0.0924	0.2266	2.4514	-3274.445080	
SB10G022610	SB04G007710	1.4705	101.2	684.8	0.0778	0.1940	2.4948	-1515.508273	
SB10G022620	SB04G007660	1.4304	45.7	386.3	0.0162	0.0642	3.9677	-705.200713	
SB10G022710	SB04G007570	0.4199	222.2	680.8	0.0223	0.0119	0.5324	-1502.469668	
SB10G022820	SB04G007470	0.6713	227.0	886.0	0.0521	0.0475	0.9118	-1988.244405	
SB10G022830	SB04G007450	1.4196	111.2	1055.8	0.0548	0.1789	3.2676	-2227.996037	
SB10G022870	SB04G007380	4.6840	582.1	1715.9	0.0909	0.4418	4.8618	-5613.112128	
SB10G022930	SB04G007360	0.7467	88.2	793.8	0.1221	0.1448	1.1853	-1556.724439	
SB10G023020	SB04G007330	0.7045	161.9	522.1	0.0258	0.0236	0.9159	-1197.194211	
SB10G023140	SB04G007310	2.9257	180.6	788.4	0.0506	0.2169	4.2849	-1897.043061	
SB10G023170	SB04G007300	50.0000	223.5	730.5	0.0181	1.2140	67.1619	-2531.891674	
SB10G023190	SB04G007290	0.9713	224.4	681.6	0.1214	0.1160	0.9548	-1812.706610	
SB10G023290	SB04G007190	1.1443	173.1	1206.9	0.0245	0.0636	2.5971	-2342.391385	
SB10G023300	SB04G007180	0.8530	86.1	267.9	0.0713	0.0682	0.9568	-657.325408	
SB10G023320	SB04G007170	0.7520	266.8	792.2	0.0862	0.0683	0.7923	-1971.727395	
SB10G023380	SB04G007150	0.9476	201.4	1283.6	0.0805	0.1239	1.5396	-2621.295733	
SB10G023440	SB04G006980	35.0121	325.3	904.7	0.0202	0.8445	41.7777	-3194.830917	
SB10G023470	SB04G007010	5.5871	225.1	824.9	0.0249	0.1984	7.9597	-2224.834379	
SB10G023590	SB04G006990	2.1053	104.7	609.3	0.0305	0.1239	4.0660	-1356.353310	
SB10G023600	SB04G006970	1.1502	89.7	369.3	0.0984	0.1374	1.3960	-908.197325	
SB10G023640	SB04G006930	0.9723	221.3	648.7	0.1145	0.1092	0.9539	-1712.913354	
SB10G023670	SB04G006870	1.0782	221.5	687.5	0.1338	0.1395	1.0421	-1852.241566	
SB10G023700	SB04G006860	1.7822	249.3	674.7	0.2455	0.3248	1.3229	-2069.375889	
SB10G023710	SB04G006850	16.2003	214.4	733.6	0.0092	0.2136	23.1447	-2081.607220	
SB10G023760	SB04G006840	0.9020	230.8	735.2	0.1698	0.1386	0.8168	-1951.823865	
SB10G023770	SB04G006830	1.6881	270.4	776.6	0.0187	0.0386	2.0682	-1920.903462	
SB10G023780	SB04G006820	1.3185	757.3	2128.7	0.2115	0.2222	1.0505	-6308.467184	
SB10G023870	SB04G006740	1.5047	209.4	1449.6	0.1253	0.2666	2.1279	-3368.920384	
SB10G023890	SB04G006670	1.2483	148.7	505.3	0.0958	0.1322	1.3810	-1302.445955	
SB10G023905	SB04G006660	1.1576	278.0	988.0	0.1738	0.1888	1.0864	-2701.715821	
SB10G024000	SB04G006610	26.0182	35.7	504.3	0.0018	0.2288	127.8530	-1021.471860	
SB10G024070	SB04G006520	1.4110	604.6	1816.4	0.1449	0.1902	1.3120	-5164.268141	
SB10G024190	SB04G006500	1.7004	176.6	816.4	0.2764	0.3867	1.3991	-2192.621524	
SB10G024320	SB04G006460	1.2958	251.9	726.1	0.2430	0.2397	0.9862	-2144.189157	
SB10G024430	SB04G006400	1.2298	186.3	629.7	0.3178	0.2751	0.8657	-1776.863476	
SB10G024440	SB04G006380	1.0469	1260.1	3467.9	0.1721	0.1529	0.8886	-9711.979661	
SB10G024580	SB04G006300	2.5217	99.9	428.1	0.0998	0.3104	3.1113	-1138.657240	
SB10G024640	SB04G006260	1.3684	243.1	887.9	0.1216	0.1787	1.4696	-2308.404187	
SB10G024700	SB04G006220	1.5857	85.7	229.3	0.0951	0.1474	1.5490	-638.454242	
SB10G024800	SB04G006130	0.7850	235.4	667.6	0.0657	0.0556	0.8462	-1687.900539	
SB10G024950	SB04G005940	2.2299	121.0	548.0	0.1189	0.3177	2.6717	-1392.607843	
SB10G024970	SB04G005930	1.4580	274.6	553.4	0.2580	0.2487	0.9641	-1825.011540	
SB10G025000	SB04G005910	1.9616	197.7	630.3	0.1945	0.3288	1.6904	-1889.665145	
SB10G025240	SB04G005720	0.7710	715.4	2092.6	0.1100	0.0840	0.7631	-5357.899089	
SB10G025280	SB04G005710	0.7306	627.1	1646.9	0.0252	0.0209	0.8282	-3926.041195	
SB10G025310	SB04G005696	0.8953	314.2	867.8	0.1619	0.1256	0.7757	-2377.015363	
SB10G025380	SB04G005690	2.3872	212.4	1215.6	0.0768	0.2854	3.7168	-2955.776385	
SB10G025500	SB04G005580	2.8364	192.4	635.6	0.3836	0.6884	1.7945	-2066.047237	
SB10G025590	SB04G005520	2.5213	131.1	834.9	0.0465	0.2224	4.7776	-1908.768471	
SB10G025680	SB04G005470	1.1642	148.8	856.2	0.0757	0.1382	1.8255	-1854.361460	
SB10G025800	SB04G005450	0.8736	237.4	689.6	0.1254	0.1045	0.8336	-1792.604735	
SB10G025830	SB04G005410	1.3487	168.1	1100.9	0.0596	0.1455	2.4416	-2359.381749	
SB10G025870	SB04G005400	1.5212	138.0	675.0	0.1333	0.2410	1.8084	-1634.820924	
SB10G025920	SB04G005330	0.9124	243.4	1568.6	0.0874	0.1266	1.4484	-3299.851688	
SB10G026060	SB04G005250	50.0000	119.0	625.0	0.0026	0.2706	102.7638	-1455.649164	
SB10G026120	SB04G005230	1.1661	70.6	478.4	0.2267	0.2702	1.1919	-1054.089708	
SB10G026130	SB04G005210	0.9141	231.0	1152.0	0.0697	0.0944	1.3536	-2483.364200	
SB10G026140	SB04G005190	2.0251	141.0	615.0	0.3973	0.5262	1.3243	-1692.626814	
SB10G026170	SB04G005185	2.2129	199.0	542.0	0.4717	0.5670	1.2022	-1831.341181	
SB10G026200	SB04G005180	2.8752	120.2	749.8	0.1782	0.5854	3.2843	-2009.009135	
SB10G026370	SB04G005060	0.9844	177.2	611.8	0.1326	0.1329	1.0020	-1597.187264	
SB10G026440	SB04G005040	0.5729	494.2	1368.8	0.0184	0.0126	0.6851	-3149.132980	
SB10G026560	SB04G004910	0.8879	250.1	778.9	0.1620	0.1311	0.8092	-2055.378743	
SB10G026570	SB04G004890	5.6368	177.9	623.1	0.0224	0.1758	7.8447	-1667.844827	
SB10G026600	SB04G004820	0.9178	849.8	1985.2	0.1073	0.0876	0.8161	-5436.879434	
SB10G026620	SB04G004830	0.9237	63.6	452.4	0.0507	0.0932	1.8366	-927.364946	
SB10G026690	SB04G004736	34.9990	80.4	474.6	0.0064	0.4929	77.5772	-1274.042610	
SB10G026900	SB04G004610	1.0103	170.4	501.6	0.1115	0.1115	0.9996	-1325.207179	
SB10G026920	SB04G004570	2.1419	259.0	689.0	0.3176	0.4499	1.4165	-2265.667069	
SB10G027010	SB04G004520	0.6870	215.5	1092.5	0.0040	0.0055	1.3620	-2083.258378	
SB10G027020	SB04G004470	50.0000	91.6	448.4	0.0035	0.3342	96.6214	-1145.806174	
SB10G027090	SB04G004450	1.8204	93.5	374.5	0.0857	0.1939	2.2614	-934.234097	
SB10G027220	SB04G004430	0.8830	519.0	1431.0	0.1116	0.0944	0.8456	-3832.830091	
SB10G027490	SB04G004250	1.9837	90.3	815.7	0.0585	0.2540	4.3389	-1753.466153	
SB10G027520	SB04G004246	1.8107	120.0	474.0	0.1507	0.2823	1.8725	-1291.343333	
SB10G021610	SB04G008590	50.0000	115.2	772.8	0.0022	0.2783	126.6026	-1842.247234	
SB10G021666	SB04G008542	24.2009	73.8	385.2	0.0042	0.2084	49.1017	-895.170341	
SB10G021710	SB04G008510	1.3735	81.8	425.2	0.0144	0.0381	2.6389	-884.203232	
SB10G021760	SB04G008370	1.3622	358.6	979.4	0.1826	0.2064	1.1305	-2887.052164	
SB10G021790	SB04G008320	2.0542	131.9	375.1	0.0718	0.1570	2.1856	-1069.148714	
SB10G021800	SB04G008300	2.1278	89.7	630.3	0.0743	0.2779	3.7405	-1422.777843	
SB10G021910	SB04G008170	50.0000	89.4	570.6	0.0028	0.3384	120.9071	-1400.500790	
SB10G021920	SB04G008160	2.1778	274.0	824.0	0.2707	0.4341	1.6037	-2626.980836	
SB10G022080	SB03G025307	50.0000	168.5	800.5	0.0047	0.4388	93.7761	-2129.825300	
SB04G008050	SB03G025430	7.9364	235.0	803.0	0.1610	1.2136	7.5380	-2708.893417	
SB10G022350	SB03G025683	7.0048	80.7	249.3	1.2614	2.4595	1.9499	-888.283975	
SB10G022530	SB03G025860	8.8636	179.4	810.6	0.0480	0.6429	13.3968	-2357.148600	
SB04G007795	SB03G025860	6.5468	163.5	778.5	0.0712	0.6688	9.3907	-2213.311440	
SB10G022620	SB03G025990	2.7190	74.6	357.4	0.0235	0.1107	4.7178	-824.047371	
SB04G007660	SB03G025990	5.4421	87.9	344.1	0.0135	0.1147	8.4652	-827.548347	
SB10G022640	SB03G026000	14.9724	171.3	620.7	0.0188	0.4062	21.5970	-1867.339718	
SB10G022770	SB03G026133	1.1776	180.6	584.4	0.4537	0.3057	0.6737	-1672.762314	
SB10G022820	SB03G026250	5.7377	182.1	927.9	0.0382	0.3726	9.7604	-2539.109230	
SB04G007470	SB03G026250	8.4720	176.0	934.0	0.0224	0.3572	15.9153	-2518.656390	
SB03G025340	SB09G030720	3.0254	505.1	1456.9	0.3465	0.6789	1.9593	-5013.096903	
SB03G025440	SB09G030710	3.6940	225.7	938.3	0.0329	0.1836	5.5871	-2404.602567	
SB03G025560	SB09G030700	1.4322	558.9	1529.1	0.3894	0.3363	0.8636	-4776.740356	
SB03G025700	SB09G030690	0.8961	348.4	1022.6	0.1352	0.1138	0.8415	-2753.382340	
SB03G025730	SB09G030680	1.4536	144.6	1079.4	0.0862	0.2152	2.4960	-2430.161055	
SB03G025820	SB09G030660	1.1121	288.7	866.3	0.0854	0.1008	1.1806	-2284.910554	
SB10G022770	SB08G005432	1.2433	182.9	582.1	0.4468	0.3198	0.7158	-1684.286663	
SB03G026133	SB08G005432	0.0487	240.1	524.9	1.3779	0.0178	0.0129	-1079.106499	
SB10G022600	SB02G002140	6.8354	171.7	455.3	1.0813	2.3263	2.1515	-1686.342443	
SB03G026136	SB02G002630	50.0000	186.5	935.5	0.0063	0.6152	97.1898	-2610.797272	
SB04G007670	SB03G045105	3.9777	99.1	278.9	0.4284	0.9822	2.2929	-989.938104	
SB10G022640	SB03G045170	50.0000	177.8	614.2	0.0100	0.7160	71.7598	-1986.762857	
SB03G045205	SB09G018480	1.4864	155.5	405.5	0.2634	0.2791	1.0597	-1268.660445	
SB03G045220	SB09G018520	1.2691	252.2	746.8	0.1261	0.1538	1.2203	-2078.945176	
SB03G045240	SB09G018590	1.6975	154.5	463.5	0.3285	0.3744	1.1397	-1430.075283	
SB03G045360	SB09G018620	1.2485	369.7	923.3	0.2861	0.2429	0.8489	-2849.585948	
SB03G045410	SB09G018640	1.3964	408.0	1089.0	0.1377	0.1720	1.2489	-3175.828791	
SB03G045420	SB09G018720	1.3523	428.9	1020.1	0.2008	0.2070	1.0307	-3121.249420	
SB03G045450	SB09G018750	40.7795	114.9	836.1	0.0030	0.3353	110.0362	-2013.181009	
SB10G022110	SB09G005940	14.1537	139.5	601.5	0.0213	0.4882	22.9522	-1741.914807	
SB10G022250	SB09G006090	3.8020	182.5	450.5	0.0531	0.2064	3.8873	-1388.039143	
SB04G007970	SB09G006090	2.7718	174.4	458.6	0.0585	0.1700	2.9058	-1357.754674	
SB10G022270	SB09G006110	1.6117	388.2	1069.8	0.1965	0.2572	1.3089	-3281.913860	
SB10G022390	SB09G006150	3.9292	214.0	680.0	0.1125	0.4535	4.0312	-2100.737253	
SB04G007236	SB07G021130	4.0359	118.6	493.4	0.0916	0.4605	5.0258	-1419.064067	
SB04G007210	SB07G021090	50.0000	184.5	1072.5	0.0070	0.7688	109.0774	-2921.615301	
SB10G024590	SB04G002720	1.1107	179.7	1089.3	0.0862	0.1480	1.7172	-2398.061139	
SB10G024720	SB04G002590	50.0000	162.4	431.6	0.0239	1.3706	57.3087	-1585.494845	
SB10G022770	SB05G023080	0.1466	154.9	364.1	0.3503	0.0315	0.0898	-785.967771	
SB04G007236	SB03G030640	3.7380	132.4	548.6	0.0516	0.2725	5.2789	-1477.666729	
SB04G007233	SB03G030645	12.3442	131.2	615.8	0.0147	0.3214	21.9251	-1677.076274	
SB10G023320	SB03G030700	50.0000	254.5	822.5	0.0141	0.9534	67.4550	-2818.360736	
SB04G007170	SB03G030700	37.8374	275.8	837.2	0.0203	0.9745	47.9403	-2914.144856	
SB04G007236	SB07G021690	0.9832	136.8	544.2	0.1075	0.1228	1.1425	-1299.295618	
SB04G007233	SB07G021695	1.1489	115.4	604.6	0.0782	0.1326	1.6943	-1410.522396	
SB09G026550	SB03G033140	1.0623	283.8	793.2	0.1371	0.1332	0.9716	-2145.440589	
SB09G026560	SB03G033120	1.0686	121.6	763.4	0.0339	0.0725	2.1367	-1487.254782	
SB09G026580	SB03G033090	0.6663	89.3	399.7	0.0261	0.0284	1.0889	-826.184831	
SB09G026680	SB03G032860	35.6529	282.1	761.9	0.0257	1.0550	41.1260	-2753.071626	
SB09G026700	SB03G032950	0.8938	210.6	776.4	0.1377	0.1275	0.9259	-1952.968828	
SB09G026716	SB03G032940	1.6078	297.8	920.2	0.1994	0.2704	1.3564	-2745.276853	
SB09G026790	SB03G032840	1.0553	213.2	599.8	0.2848	0.2121	0.7446	-1708.366928	
SB09G026820	SB03G032810	0.9203	116.8	384.2	0.0899	0.0913	1.0153	-966.517374	
SB09G026840	SB03G032760	50.0000	203.9	786.1	0.0209	1.5678	74.8697	-2556.734366	
SB09G026860	SB03G032740	1.4873	139.2	382.8	0.1594	0.2060	1.2924	-1129.309380	
SB09G026990	SB03G032640	3.9198	110.5	597.5	0.0392	0.2709	6.9066	-1493.677438	
SB09G027010	SB03G032580	1.6001	286.9	859.1	0.2050	0.2706	1.3203	-2583.105066	
SB09G027020	SB03G032570	1.7435	160.2	472.8	0.0761	0.1426	1.8756	-1292.234503	
SB09G027055	SB03G032480	2.1576	69.7	458.3	0.0798	0.2852	3.5716	-1091.124203	
SB09G027170	SB03G032300	50.0000	66.8	461.2	0.0043	0.5512	127.8603	-1185.745393	
SB09G027190	SB03G032280	0.7494	220.5	739.5	0.1011	0.0821	0.8122	-1795.020639	
SB09G027200	SB03G032260	1.5595	67.3	601.7	0.1460	0.3272	2.2408	-1375.750444	
SB09G027250	SB03G032200	0.9175	273.3	917.7	0.1106	0.1075	0.9718	-2316.452403	
SB09G027320	SB03G031990	2.8191	991.8	2497.2	0.1156	0.2961	2.5604	-7994.104624	
SB09G027360	SB03G031940	0.9234	388.8	1108.2	0.1523	0.1258	0.8264	-2939.347705	
SB09G027370	SB03G031930	0.8854	449.9	1143.1	0.1494	0.1131	0.7575	-3162.867694	
SB09G027420	SB03G031890	1.1163	203.3	513.7	0.2206	0.1858	0.8426	-1535.074947	
SB09G027430	SB03G031880	0.6503	306.5	1247.5	0.0763	0.0640	0.8386	-2775.555144	
SB09G027530	SB03G031860	50.0000	68.9	471.1	0.0011	0.1483	129.6526	-1022.302458	
SB09G027540	SB03G031850	2.2324	203.4	546.6	0.0909	0.2005	2.2048	-1635.023245	
SB09G027550	SB03G031830	1.8605	145.5	424.5	0.1631	0.2685	1.6466	-1271.507571	
SB09G027560	SB03G031810	3.6365	202.4	1171.6	0.0674	0.3989	5.9188	-3001.935257	
SB09G027580	SB03G031730	1.5766	134.3	363.7	0.2286	0.2752	1.2036	-1122.583918	
SB09G027620	SB03G031610	0.7671	184.8	553.2	0.0856	0.0696	0.8128	-1378.126469	
SB09G027650	SB03G031600	1.9958	181.7	529.3	0.1850	0.3130	1.6918	-1478.489911	
SB09G027670	SB03G031590	19.0726	92.7	450.3	0.0100	0.3557	35.5020	-1132.607882	
SB09G027683	SB03G031570	1.1785	103.2	673.8	0.0813	0.1571	1.9320	-1388.639224	
SB09G027690	SB03G031520	0.9505	132.0	771.0	0.0619	0.0985	1.5916	-1672.145484	
SB09G027740	SB03G031510	2.0824	105.7	317.3	0.3248	0.4568	1.4067	-1025.624050	
SB09G027800	SB03G031430	50.0000	83.6	588.4	0.0037	0.4852	130.5156	-1502.739224	
SB09G027830	SB03G031420	1.4906	391.3	1015.7	0.1684	0.2093	1.2432	-3040.213315	
SB09G027870	SB03G031350	1.0215	373.9	1069.1	0.1200	0.1174	0.9782	-2892.168986	
SB09G027960	SB03G031260	0.7737	442.3	1339.7	0.0878	0.0720	0.8209	-3365.870001	
SB09G027990	SB03G031230	1.5672	140.9	891.1	0.0564	0.1591	2.8204	-2003.277349	
SB09G027995	SB03G031225	4.3365	95.5	408.5	0.1348	0.6522	4.8374	-1173.608410	
SB09G028020	SB03G031210	1.5941	156.9	848.1	0.0706	0.1740	2.4635	-1874.962413	
SB09G028050	SB03G031170	50.0000	160.9	964.1	0.0023	0.2616	114.9573	-2336.078378	
SB09G028090	SB03G031070	2.4207	519.7	1841.3	0.1688	0.3872	2.2938	-5512.675154	
SB09G028100	SB03G031060	1.3253	241.4	832.6	0.1957	0.2297	1.1735	-2344.016491	
SB09G028180	SB03G031020	1.0520	107.4	312.6	0.1906	0.1681	0.8822	-872.875805	
SB09G028210	SB03G030995	2.5814	145.2	430.8	0.0781	0.2163	2.7714	-1248.637545	
SB09G028220	SB03G030990	1.2317	276.2	686.8	0.2208	0.2040	0.9242	-2030.306111	
SB09G028280	SB03G030940	1.8416	296.4	1002.6	0.1334	0.2472	1.8539	-2836.070746	
SB09G028330	SB03G030910	1.0735	240.5	764.5	0.1319	0.1390	1.0535	-2074.095583	
SB09G028350	SB03G030880	1.4630	161.1	627.9	0.1635	0.2386	1.4588	-1692.036229	
SB09G028390	SB03G030820	1.9467	412.3	985.7	0.3025	0.3863	1.2767	-3239.109705	
SB09G028430	SB03G030750	1.0986	89.1	657.9	0.0820	0.1568	1.9125	-1418.565762	
SB09G028450	SB03G030740	1.3113	495.6	1355.4	0.3822	0.3051	0.7981	-4201.497139	
SB09G028480	SB03G030690	1.2283	97.5	577.5	0.1639	0.2358	1.4385	-1315.056281	
SB09G028530	SB03G030670	1.1992	196.9	649.1	0.0416	0.0628	1.5106	-1582.487684	
SB09G028560	SB03G030650	7.1246	69.1	530.9	0.0053	0.1049	19.8096	-1071.064603	
SB09G028590	SB03G030600	0.6376	62.7	471.3	0.0133	0.0219	1.6461	-826.649638	
SB09G028600	SB03G030580	2.3578	173.2	561.8	0.1593	0.3503	2.1991	-1678.735267	
SB09G028700	SB03G030430	0.9696	379.0	1364.0	0.0989	0.1084	1.0964	-3370.240356	
SB09G028710	SB03G030410	1.7723	145.1	340.9	0.5646	0.4802	0.8506	-1145.609560	
SB09G029000	SB03G030040	0.7602	231.4	683.6	0.1616	0.1096	0.6783	-1796.775633	
SB09G029080	SB03G029890	2.6292	152.1	666.9	0.0510	0.1966	3.8581	-1646.885789	
SB09G029170	SB03G029720	0.8818	460.0	1262.0	0.0607	0.0573	0.9431	-3217.268248	
SB09G029200	SB03G029690	1.7987	330.1	1331.9	0.0905	0.2001	2.2112	-3422.197826	
SB09G029220	SB03G029630	30.7901	255.6	890.4	0.0069	0.3109	44.9351	-2626.615376	
SB09G029240	SB03G029570	0.7218	255.1	746.9	0.0690	0.0542	0.7863	-1815.591530	
SB09G029295	SB03G029350	50.0000	107.8	342.2	0.0119	0.7969	67.0214	-1145.977525	
SB09G029330	SB03G029410	21.0472	102.4	641.6	0.0080	0.3886	48.5535	-1617.441120	
SB09G029370	SB03G029340	1.1179	249.8	755.2	0.0530	0.0685	1.2922	-1926.043558	
SB09G029410	SB03G029300	0.8960	113.2	618.8	0.0793	0.1068	1.3474	-1293.185703	
SB09G029420	SB03G029280	1.5812	191.0	544.0	0.3080	0.3328	1.0805	-1715.922297	
SB09G029440	SB03G029240	0.7624	232.5	760.5	0.1240	0.0958	0.7722	-1926.121336	
SB09G029480	SB03G029160	3.0826	127.3	589.7	0.0798	0.3372	4.2257	-1529.309412	
SB09G029490	SB03G029100	1.1563	203.9	888.1	0.0663	0.1063	1.6015	-2070.603598	
SB09G029500	SB03G029030	0.9863	311.4	825.6	0.1078	0.1007	0.9336	-2224.115763	
SB09G029540	SB03G028990	1.3713	346.1	1507.9	0.0980	0.1681	1.7162	-3658.681436	
SB09G029580	SB03G028900	2.1989	569.8	1698.2	0.2809	0.4461	1.5880	-5313.703467	
SB09G029610	SB03G028850	1.2555	375.1	1034.9	0.1462	0.1639	1.1210	-2935.628593	
SB09G029810	SB03G028530	18.9116	118.2	505.8	0.0189	0.5831	30.7947	-1504.707110	
SB09G029860	SB03G028420	48.6671	62.4	426.6	0.0016	0.2050	125.7489	-980.258362	
SB09G029900	SB03G028368	2.7848	247.5	712.5	0.0733	0.2180	2.9726	-2103.533180	
SB09G029910	SB03G028360	0.9526	178.0	1271.0	0.1637	0.1951	1.1916	-2686.774494	
SB09G029940	SB03G028350	1.3854	181.5	589.5	0.2485	0.2698	1.0856	-1733.143400	
SB09G029950	SB03G028340	0.8447	192.2	740.8	0.0619	0.0683	1.1035	-1733.282223	
SB09G029960	SB03G028290	1.3336	464.5	1173.5	0.2163	0.2193	1.0136	-3499.838013	
SB09G029990	SB03G028250	1.2743	223.7	1759.3	0.1078	0.2196	2.0382	-3850.442684	
SB09G030050	SB03G028240	1.0764	456.4	1244.6	0.1200	0.1209	1.0075	-3420.900204	
SB09G030070	SB03G028220	1.6664	401.1	1251.9	0.2965	0.3525	1.1889	-3843.935035	
SB09G030080	SB03G028210	0.9334	197.8	1179.2	0.0721	0.1092	1.5150	-2461.907130	
SB09G030130	SB03G028130	4.5983	341.3	1029.7	0.2165	0.8063	3.7243	-3557.842036	
SB09G030140	SB03G028140	1.1931	284.8	960.2	0.1047	0.1346	1.2848	-2508.395754	
SB09G030150	SB03G028070	1.4309	208.6	616.4	0.1998	0.2370	1.1862	-1783.244250	
SB09G030170	SB03G027890	1.0441	423.8	1079.2	0.1498	0.1338	0.8936	-3043.139243	
SB09G030200	SB03G027720	0.9307	192.2	479.8	0.1599	0.1239	0.7752	-1356.575188	
SB03G028545	SB09G021200	0.9383	107.7	585.3	0.1088	0.1376	1.2645	-1359.553061	
SB09G029950	SB09G021410	50.0000	204.3	638.7	0.0121	0.8019	66.2668	-2175.530161	
SB03G028340	SB09G021410	50.0000	205.6	637.4	0.0117	0.7742	65.9347	-2172.042461	
SB09G020760	SB03G041900	1.2196	115.0	794.0	0.1066	0.1974	1.8508	-1731.578217	
SB09G020770	SB03G041860	2.5133	86.0	460.0	0.0613	0.2457	4.0060	-1174.256162	
SB09G020790	SB03G041840	0.6751	144.1	1244.9	0.0426	0.0675	1.5861	-2266.625182	
SB09G020810	SB03G041800	0.7502	290.7	711.3	0.0850	0.0606	0.7137	-1852.788207	
SB09G020840	SB03G041770	1.4155	264.5	842.5	0.0770	0.1221	1.5858	-2284.696379	
SB09G020870	SB03G041725	27.4394	240.6	1223.4	0.0070	0.3745	53.7439	-3215.139487	
SB09G020900	SB03G041690	1.2984	263.9	783.1	0.1846	0.2048	1.1095	-2263.970874	
SB09G020910	SB03G041660	1.8026	126.7	431.3	0.0514	0.1157	2.2522	-1109.546172	
SB09G021080	SB03G041540	1.3227	127.4	850.6	0.0707	0.1626	2.2990	-1904.270077	
SB09G021110	SB03G041460	1.0901	77.3	759.7	0.0951	0.1934	2.0331	-1564.441764	
SB09G021140	SB03G041450	3.1745	166.6	544.4	0.1278	0.4073	3.1855	-1720.762139	
SB09G021150	SB03G041430	0.8675	88.1	568.9	0.1257	0.1496	1.1900	-1208.633846	
SB09G021240	SB03G041370	1.2262	263.6	1227.4	0.0607	0.1094	1.8021	-2771.092975	
SB09G021270	SB03G041350	0.8875	190.9	607.1	0.0912	0.0874	0.9587	-1527.903127	
SB09G021280	SB03G041340	1.0886	344.1	1014.9	0.1498	0.1489	0.9940	-2783.706389	
SB09G021300	SB03G041310	0.9378	298.9	697.1	0.0899	0.0774	0.8612	-1893.660789	
SB09G021310	SB03G041300	37.1978	236.9	1368.1	0.0010	0.0835	83.5144	-2834.710966	
SB09G021320	SB03G041190	15.1878	208.2	1228.8	0.0070	0.2346	33.5626	-2897.503265	
SB09G021360	SB03G041180	0.6950	330.7	803.3	0.1002	0.0640	0.6388	-2110.075856	
SB09G021390	SB03G041150	1.0455	390.7	1076.3	0.2426	0.1903	0.7844	-3119.069925	
SB09G029090	SB04G028670	50.0000	299.5	861.5	0.0177	1.0903	61.4784	-3080.572032	
SB09G029260	SB04G028910	50.0000	66.4	452.6	0.0063	0.7883	124.9258	-1195.959033	
SB09G029295	SB04G028970	50.0000	327.1	878.9	0.0115	0.6860	59.6038	-3082.194885	
SB03G029350	SB04G028970	50.0000	116.1	330.9	0.0144	0.8888	61.6304	-1159.511365	
SB03G029000	SB04G029303	50.0000	88.0	290.0	0.0078	0.5443	69.8255	-943.799292	
SB09G029960	SB04G009650	50.0000	440.0	1198.0	0.0066	0.4020	60.9575	-3936.587653	
SB03G028290	SB04G009650	9.3502	440.6	1158.4	0.0368	0.3793	10.3144	-3816.355704	
SB09G030120	SB04G009370	50.0000	141.9	677.1	0.0039	0.3670	94.4580	-1715.836908	
SB09G030140	SB04G009310	2.4889	225.1	1016.9	0.0718	0.2481	3.4564	-2690.378183	
SB03G028140	SB04G009310	2.0468	225.6	1025.4	0.0973	0.2552	2.6233	-2697.902148	
SB09G030150	SB04G009260	3.3930	204.4	623.6	0.0552	0.2166	3.9215	-1813.038787	
SB03G028070	SB04G009260	50.0000	206.1	624.9	0.0037	0.2464	66.4692	-1848.701947	
SB09G030070	SB10G020400	4.9324	406.7	1246.3	0.1668	0.7375	4.4222	-4258.431003	
SB03G028220	SB10G020400	6.0636	381.7	1271.3	0.1180	0.7413	6.2837	-4257.579928	
SB03G028090	SB10G020525	4.7585	327.5	950.5	0.0774	0.3911	5.0543	-3049.628902	
SB09G030150	SB10G020530	2.1672	209.6	615.4	0.1615	0.3114	1.9290	-1896.710277	
SB03G028070	SB10G020530	17.8686	206.5	621.5	0.0133	0.3053	22.9645	-1915.810985	
SB04G009260	SB10G020530	1.5219	214.5	616.5	0.1992	0.2489	1.2497	-1851.105793	
SB09G028360	SB08G016370	50.0000	158.7	717.3	0.0081	0.7161	88.7433	-2147.422451	
SB03G030645	SB08G015640	13.6995	114.4	482.6	0.0172	0.3823	22.2166	-1370.988570	
SB03G030640	SB08G015635	3.8441	82.1	334.9	0.0553	0.2938	5.3125	-908.148330	
SB03G030640	SB01G017200	1.2594	78.5	323.5	0.0647	0.1097	1.6973	-779.650254	
SB08G015635	SB01G017200	2.3432	54.7	269.3	0.0931	0.2952	3.1713	-712.547257	
SB06G023540	SB04G033705	2.6788	123.0	429.0	0.1082	0.3149	2.9096	-1254.256080	
SB06G023600	SB04G033700	0.8553	90.4	503.6	0.1196	0.1344	1.1239	-1159.794637	
SB06G023610	SB04G033680	2.4388	91.3	562.7	0.1278	0.4162	3.2573	-1439.182096	
SB06G023620	SB04G033670	1.7932	87.1	596.9	0.1831	0.3812	2.0818	-1447.041692	
SB06G023670	SB04G033620	3.6593	306.4	1154.6	0.0801	0.3579	4.4675	-3358.805961	
SB06G023710	SB04G033600	1.4768	174.6	488.4	0.2562	0.2790	1.0890	-1471.503825	
SB06G023770	SB04G033590	1.2390	79.9	448.1	0.1249	0.2005	1.6053	-1085.407094	
SB06G023780	SB04G033570	2.0456	157.0	707.0	0.1143	0.2830	2.4772	-1932.093795	
SB06G023820	SB04G033520	1.1045	290.6	888.4	0.1102	0.1231	1.1174	-2378.917332	
SB06G023860	SB04G033480	3.8073	116.6	489.4	0.0303	0.1775	5.8526	-1150.756822	
SB06G023870	SB04G033470	1.2682	369.9	1001.1	0.2099	0.2097	0.9992	-2928.090046	
SB06G023880	SB04G033456	1.2432	282.5	857.5	0.2010	0.2088	1.0386	-2460.481000	
SB06G023960	SB04G033440	1.9681	106.6	616.4	0.0964	0.2754	2.8567	-1482.725352	
SB06G023975	SB04G033420	2.3552	123.8	818.2	0.0339	0.1656	4.8784	-1839.099365	
SB06G023980	SB04G033390	2.0985	278.5	1479.5	0.1698	0.3942	2.3217	-3884.972245	
SB06G024000	SB04G033380	1.9688	72.4	569.6	0.1375	0.3843	2.7954	-1347.364285	
SB06G024030	SB04G033320	1.8531	507.7	1442.3	0.1277	0.2223	1.7410	-4273.955419	
SB06G024160	SB04G033260	2.3246	458.9	1491.1	0.2447	0.4488	1.8344	-4688.697093	
SB06G024180	SB04G033250	0.7285	86.1	501.9	0.1200	0.1171	0.9759	-1055.027684	
SB06G024220	SB04G033240	1.8258	97.8	442.2	0.2638	0.4043	1.5325	-1256.344283	
SB06G024230	SB04G033230	0.7698	190.6	550.4	0.1414	0.1002	0.7083	-1447.339357	
SB06G024280	SB04G033170	1.7784	145.6	841.4	0.1411	0.3123	2.2141	-2042.124482	
SB06G024310	SB04G033120	1.2980	143.3	393.7	0.1216	0.1478	1.2157	-1090.983997	
SB06G024355	SB04G033105	1.8917	73.2	343.8	0.0712	0.1916	2.6926	-798.552301	
SB06G024410	SB04G033070	1.1120	158.7	432.3	0.2006	0.1791	0.8927	-1249.951958	
SB06G024520	SB04G032970	0.9646	238.1	736.9	0.0750	0.0802	1.0685	-1872.976770	
SB06G024550	SB04G032930	1.4624	185.9	843.1	0.0406	0.0926	2.2783	-1855.495751	
SB06G024570	SB04G032920	2.0767	242.3	609.7	0.3197	0.4312	1.3490	-2025.088347	
SB06G024580	SB04G032900	50.0000	83.2	504.8	0.0038	0.4390	115.1129	-1241.459834	
SB06G024640	SB04G032820	1.8268	114.2	635.8	0.0848	0.2304	2.7159	-1556.527264	
SB06G024680	SB04G032810	4.0001	421.0	1211.0	0.1305	0.4905	3.7576	-3965.075266	
SB06G024690	SB04G032800	1.4511	156.0	666.0	0.1343	0.2176	1.6198	-1661.443884	
SB06G024750	SB04G032690	2.3064	149.7	456.3	0.1964	0.3823	1.9465	-1425.027921	
SB06G024850	SB04G032560	1.2372	307.1	880.9	0.1726	0.1842	1.0670	-2499.065309	
SB06G024860	SB04G032555	1.2547	809.5	1977.5	0.2391	0.2173	0.9090	-6048.672101	
SB06G024920	SB04G032520	0.8235	114.1	386.9	0.0187	0.0212	1.1337	-847.924140	
SB06G025150	SB04G032430	0.6579	100.5	601.5	0.0093	0.0135	1.4512	-1059.289617	
SB06G025160	SB04G032420	1.1584	226.9	685.1	0.1642	0.1704	1.0376	-1922.096057	
SB06G025170	SB04G032410	0.3535	162.2	1289.8	0.0597	0.0427	0.7156	-2113.944327	
SB06G025240	SB04G032300	1.6750	433.5	1621.5	0.0799	0.1628	2.0381	-4262.076015	
SB06G025280	SB04G032270	50.0000	136.7	808.3	0.0043	0.4838	112.3473	-2206.837509	
SB06G025340	SB04G032210	1.2781	364.3	1120.7	0.2176	0.2263	1.0404	-3214.532237	
SB06G025470	SB04G032170	1.1437	173.3	1041.7	0.0648	0.1247	1.9237	-2164.369135	
SB06G025490	SB04G032150	2.7237	210.0	648.0	0.4578	0.7038	1.5374	-2154.219182	
SB06G025550	SB04G032140	1.5121	189.0	960.0	0.1101	0.2164	1.9651	-2375.774650	
SB06G025600	SB04G032130	2.2768	192.2	587.8	0.3538	0.5234	1.4793	-1895.135010	
SB06G025640	SB04G032070	1.1744	191.9	1113.1	0.1355	0.2020	1.4904	-2529.412019	
SB06G025650	SB04G032060	1.7018	562.0	1670.0	0.3379	0.3798	1.1242	-5199.843393	
SB06G025680	SB04G032040	50.0000	152.6	633.4	0.0050	0.4187	84.1291	-1800.175577	
SB06G025780	SB04G032010	8.3478	362.4	1254.6	0.0439	0.4727	10.7794	-3926.130364	
SB06G025820	SB04G032020	0.8969	242.4	1128.6	0.0975	0.1134	1.1631	-2625.100255	
SB06G025860	SB04G032000	1.8580	199.2	652.8	0.1265	0.2369	1.8730	-1891.883625	
SB06G025870	SB04G031980	0.7002	206.6	1203.4	0.0709	0.0800	1.1272	-2385.845689	
SB06G025950	SB04G031920	1.3247	608.2	1476.8	0.1155	0.1366	1.1821	-4243.168488	
SB06G025960	SB04G031910	1.2105	241.0	1463.0	0.0865	0.1618	1.8703	-3288.339150	
SB06G026110	SB04G031870	1.3973	349.5	964.5	0.2434	0.2550	1.0476	-2899.681105	
SB06G026200	SB04G031805	1.0868	261.9	740.1	0.2535	0.2047	0.8076	-2114.423093	
SB06G026210	SB04G031800	1.0647	205.2	1162.8	0.0723	0.1213	1.6784	-2539.687339	
SB06G026220	SB04G031790	0.8137	58.2	325.8	0.0932	0.1096	1.1766	-642.429214	
SB06G026240	SB04G031770	50.0000	250.4	1078.6	0.0030	0.2589	87.3345	-2742.678606	
SB06G026300	SB04G031750	1.3028	133.2	460.8	0.1162	0.1605	1.3809	-1245.864343	
SB06G026310	SB04G031740	2.3435	59.0	319.0	0.1251	0.3736	2.9853	-781.841194	
SB06G026370	SB04G031710	0.8361	76.9	514.1	0.0999	0.1283	1.2845	-1093.989237	
SB06G026425	SB04G031650	9.2075	274.9	778.1	0.0328	0.3529	10.7574	-2462.374930	
SB06G026493	SB04G031600	1.4704	296.0	886.0	0.1980	0.2433	1.2288	-2590.363353	
SB06G026500	SB04G031590	2.3448	317.5	864.5	0.2121	0.3913	1.8444	-2761.442525	
SB06G026530	SB04G031570	1.0053	211.2	712.8	0.1164	0.1225	1.0525	-1858.099285	
SB06G026610	SB04G031550	1.3006	236.3	726.7	0.1274	0.1618	1.2692	-2041.155183	
SB06G026740	SB04G031430	1.8301	164.1	756.9	0.1131	0.2544	2.2502	-1825.858225	
SB06G026770	SB04G031400	1.4786	275.1	705.9	0.1753	0.2125	1.2122	-2113.693182	
SB06G026790	SB04G031370	1.8440	152.9	684.1	0.1001	0.2326	2.3242	-1726.802242	
SB06G026870	SB04G031280	1.3825	87.5	494.5	0.0703	0.1542	2.1934	-1091.392902	
SB06G026970	SB04G031250	1.7437	126.0	738.0	0.2194	0.3827	1.7445	-1832.862227	
SB06G026980	SB04G031240	13.6118	54.2	365.8	0.0084	0.2794	33.2933	-900.973337	
SB06G027050	SB04G031190	1.7480	483.0	1611.0	0.2241	0.3239	1.4455	-4592.636806	
SB06G027060	SB04G031180	0.9093	202.4	511.6	0.1261	0.1023	0.8109	-1397.519179	
SB06G027200	SB04G031100	1.7956	204.9	515.1	0.1142	0.1866	1.6345	-1498.781404	
SB06G027230	SB04G031070	15.0318	379.4	1789.6	0.0078	0.2143	27.6364	-4573.598202	
SB06G027290	SB04G030930	2.7284	149.2	486.8	0.4042	0.6757	1.6719	-1569.661696	
SB06G027330	SB04G030890	0.9188	48.3	449.7	0.0010	0.0031	3.1273	-688.154586	
SB06G027405	SB04G030830	1.4136	124.5	370.5	0.1792	0.2190	1.2215	-1056.389771	
SB06G027410	SB04G030820	0.7755	126.6	809.4	0.0757	0.0975	1.2881	-1664.431018	
SB06G027450	SB04G030790	1.4180	140.0	817.0	0.1347	0.2437	1.8089	-1965.003333	
SB06G027465	SB04G030770	1.0805	142.5	592.5	0.1945	0.1998	1.0270	-1506.736631	
SB06G027560	SB04G030720	3.5959	295.4	805.6	0.1068	0.3694	3.4601	-2627.014734	
SB06G027600	SB04G030710	1.5482	279.7	845.3	0.2499	0.2955	1.1825	-2523.505522	
SB04G032110	SB01G049640	2.9616	82.9	451.1	0.0772	0.3457	4.4762	-1120.325111	
SB06G025690	SB01G049570	3.0722	485.9	1401.1	0.1730	0.4590	2.6533	-4600.470580	
SB06G025770	SB01G049520	50.0000	117.8	701.2	0.0023	0.2627	114.3337	-1675.814946	
SB06G025890	SB01G049400	50.0000	98.4	387.6	0.0043	0.3502	80.9453	-1052.216022	
SB06G025960	SB01G049320	21.1314	240.7	1475.3	0.0053	0.2563	48.6521	-3544.019918	
SB04G031910	SB01G049320	50.0000	247.2	1456.8	0.0022	0.2475	113.4192	-3477.696689	
SB06G025980	SB01G049280	22.1103	308.5	1800.5	0.0115	0.5427	47.2232	-4854.354194	
SB04G031860	SB01G048770	50.0000	100.6	526.4	0.0051	0.5196	101.1718	-1396.713447	
SB06G026190	SB01G048860	3.3956	125.7	642.3	0.0166	0.1057	6.3745	-1383.426109	
SB06G026210	SB01G048930	1.6634	183.0	1185.0	0.0726	0.2047	2.8186	-2680.814559	
SB04G031800	SB01G048930	50.0000	214.6	1150.4	0.0021	0.2185	104.8362	-2773.225164	
SB06G026250	SB01G049010	7.5258	113.5	357.5	0.0185	0.1816	9.8406	-1013.002139	
SB06G026300	SB01G049020	50.0000	128.5	462.5	0.0071	0.5324	74.7245	-1455.071203	
SB04G031750	SB01G049020	50.0000	131.5	459.5	0.0075	0.5500	73.0100	-1456.969571	
SB06G026330	SB01G049030	4.1453	61.8	343.2	0.0347	0.2635	7.5918	-853.022850	
SB06G026370	SB01G049150	1.6581	72.9	518.1	0.0593	0.1870	3.1510	-1157.892760	
SB04G031710	SB01G049150	1.9929	73.7	523.3	0.0622	0.2322	3.7326	-1197.570996	
SB06G026530	SB01G048570	2.6708	248.3	684.7	0.0611	0.1750	2.8627	-1994.983583	
SB04G031570	SB01G048570	2.4748	227.0	697.0	0.0787	0.2129	2.7048	-2042.122357	
SB06G026580	SB01G048530	50.0000	62.2	333.8	0.0046	0.4739	103.5269	-849.009780	
SB06G026610	SB01G048460	3.9446	200.9	759.1	0.0563	0.2916	5.1812	-2189.997766	
SB04G031550	SB01G048460	5.3100	197.8	765.2	0.0394	0.2947	7.4771	-2189.209146	
SB01G049540	SB01G031260	1.5611	339.0	801.0	0.3348	0.3271	0.9770	-2622.378120	
SB01G049530	SB01G031240	1.6768	131.2	858.8	0.0844	0.2293	2.7175	-1948.158441	
SB06G025770	SB01G031210	1.7982	130.9	691.1	0.1002	0.2467	2.4623	-1690.911381	
SB01G049520	SB01G031210	4.3340	128.2	714.8	0.0212	0.1801	8.4967	-1648.320060	
SB06G025860	SB01G031190	3.2224	199.1	685.9	0.0855	0.3155	3.6876	-2018.804074	
SB04G032000	SB01G031190	20.8664	196.8	652.2	0.0116	0.3356	28.8970	-1962.331438	
SB01G049500	SB01G031190	1.1805	199.1	676.9	0.1336	0.1591	1.1907	-1788.885873	
SB06G025870	SB01G031150	32.7221	208.0	1199.0	0.0028	0.2003	72.6419	-2720.271907	
SB04G031980	SB01G031150	50.0000	212.1	1194.9	0.0018	0.1934	109.4786	-2702.388260	
SB01G049470	SB01G031170	1.1254	248.6	1314.4	0.0770	0.1291	1.6762	-2874.091711	
SB06G025960	SB01G031110	2.5299	221.8	1470.2	0.0498	0.2410	4.8366	-3439.416271	
SB04G031910	SB01G031110	43.8708	231.2	1454.8	0.0025	0.2626	104.9657	-3457.511181	
SB01G049320	SB01G031110	1.0045	211.5	1480.5	0.0731	0.1295	1.7721	-3070.172337	
SB01G049290	SB01G031100	1.3694	502.4	1519.6	0.0953	0.1359	1.4263	-4162.604860	
SB06G025980	SB01G031090	14.9625	299.2	1809.8	0.0165	0.5269	31.9732	-4824.000232	
SB01G049280	SB01G031090	1.0322	240.3	1862.7	0.0668	0.1325	1.9837	-3749.303492	
SB06G025990	SB01G031060	36.5407	183.4	1262.6	0.0035	0.3267	93.7629	-3122.032238	
SB01G049240	SB01G030760	50.0000	171.5	665.5	0.0098	0.7645	78.3628	-2136.450220	
SB04G031860	SB01G030720	50.0000	86.2	594.8	0.0033	0.4248	128.6787	-1482.614288	
SB01G048770	SB01G030720	50.0000	95.7	525.3	0.0043	0.4533	105.7139	-1378.039901	
SB01G048780	SB01G030710	0.8036	456.2	1190.8	0.1875	0.1218	0.6493	-3293.156129	
SB06G026210	SB01G030630	40.1262	179.8	1176.2	0.0018	0.1839	99.6785	-2601.611485	
SB04G031800	SB01G030630	50.0000	210.8	1142.2	0.0020	0.2102	105.8228	-2722.522693	
SB01G048930	SB01G030630	0.6880	172.5	1183.5	0.0937	0.1028	1.0976	-2357.094525	
SB01G048950	SB01G030610	1.5054	122.9	516.1	0.0973	0.1803	1.8524	-1204.039294	
SB06G026250	SB01G030580	2.0080	117.3	353.7	0.0907	0.1915	2.1107	-1021.863508	
SB01G049010	SB01G030580	0.5740	116.1	354.9	0.0374	0.0260	0.6967	-821.592500	
SB06G026330	SB01G030560	3.7450	61.2	343.8	0.0399	0.2692	6.7442	-860.312958	
SB01G049030	SB01G030560	0.9632	94.2	835.8	0.0440	0.1004	2.2800	-1591.661354	
SB01G049140	SB01G030530	1.1693	104.4	795.6	0.1053	0.1963	1.8646	-1692.065593	
SB04G031680	SB01G030490	1.6992	96.2	263.8	0.1168	0.1876	1.6056	-760.610015	
SB06G026425	SB01G030480	28.8829	214.8	631.2	0.0145	0.5269	36.3679	-2063.403504	
SB04G031650	SB01G030480	37.2379	218.4	627.6	0.0121	0.5625	46.4724	-2110.960685	
SB06G026530	SB01G030450	2.6735	244.9	679.1	0.0903	0.2427	2.6892	-2061.879303	
SB04G031570	SB01G030450	2.8750	236.4	681.6	0.1139	0.3190	2.8020	-2137.704579	
SB01G048570	SB01G030450	1.1718	227.5	696.5	0.1850	0.1874	1.0127	-1949.157544	
SB06G026540	SB01G030410	15.9956	350.9	1017.1	0.0381	0.7130	18.7212	-3526.706210	
SB01G048560	SB01G030410	11.4962	316.9	1021.1	0.0523	0.7247	13.8442	-3347.466226	
SB01G048500	SB01G030400	9.0687	316.1	1048.9	0.0347	0.4065	11.7049	-3232.013293	
SB06G024640	SB01G029230	28.3119	103.2	649.8	0.0063	0.4201	66.2035	-1709.680243	
SB04G032820	SB01G029230	50.0000	86.4	666.6	0.0026	0.3761	142.3776	-1624.818104	
SB06G024690	SB01G029370	8.0489	142.9	679.1	0.0294	0.3987	13.5409	-1827.779518	
SB04G032800	SB01G029370	17.7522	142.0	680.0	0.0125	0.4029	32.3153	-1820.558187	
SB06G024740	SB01G029400	1.7085	373.1	1027.9	0.1276	0.2019	1.5824	-3036.287213	
SB06G024820	SB01G029650	5.2981	340.2	1120.8	0.0567	0.3622	6.3908	-3309.477070	
SB04G032570	SB01G029650	5.3526	351.3	1109.7	0.0624	0.3870	6.1983	-3351.848583	
SB04G032400	SB01G030000	34.7466	72.2	491.8	0.0061	0.5318	86.8557	-1195.344431	
SB06G024180	SB01G028810	2.0945	85.2	511.8	0.0658	0.2307	3.5062	-1207.167407	
SB04G033250	SB01G028810	1.5979	66.0	534.0	0.0711	0.2185	3.0730	-1142.236704	
SB04G033150	SB01G028880	12.4961	141.4	962.6	0.0072	0.2230	30.9964	-2162.486952	
SB06G024300	SB01G028900	20.2388	297.3	1073.7	0.0077	0.2334	30.2674	-3004.605351	
SB04G033110	SB01G028920	23.9010	316.6	1276.4	0.0140	0.5326	37.9398	-3786.561405	
SB01G029300	SB09G004245	50.0000	154.6	505.4	0.0104	0.7129	68.8338	-1685.285474	
SB01G029470	SB09G004250	50.0000	52.3	406.7	0.0034	0.4853	142.5137	-989.054251	
SB01G029790	SB09G004020	12.8609	737.0	2131.0	0.0300	0.4604	15.3513	-6969.527807	
SB06G025750	SB02G030470	50.0000	98.0	295.0	0.0030	0.1975	66.2560	-844.901233	
SB06G025770	SB02G030450	50.0000	176.0	625.0	0.0033	0.2448	74.9672	-1752.609565	
SB06G025850	SB02G030410	3.8517	125.2	366.8	0.1963	0.6287	3.2031	-1227.558033	
SB06G025860	SB02G030400	1.8444	215.6	660.4	0.2063	0.3158	1.5307	-2019.383677	
SB04G032000	SB02G030400	21.5445	212.9	627.1	0.0135	0.3692	27.2504	-2002.760316	
SB06G025870	SB02G030360	50.0000	205.5	1198.5	0.0024	0.2749	112.2415	-2824.743218	
SB04G031980	SB02G030360	50.0000	200.8	1203.2	0.0024	0.2734	114.9076	-2810.770022	
SB06G025900	SB02G030300	50.0000	99.9	485.1	0.0041	0.3959	95.6304	-1267.052328	
SB04G031840	SB02G030160	3.5347	335.7	936.3	0.3159	0.7498	2.3735	-3261.171743	
SB06G025770	SB07G025140	34.2150	183.5	620.5	0.0052	0.2539	49.1224	-1763.566283	
SB02G030450	SB07G025140	0.8826	224.6	582.4	0.1403	0.1087	0.7750	-1583.228166	
SB06G025870	SB07G025190	50.0000	219.5	1190.5	0.0030	0.3110	105.3536	-2907.356569	
SB04G031980	SB07G025190	50.0000	222.3	1187.7	0.0028	0.2900	104.1634	-2870.199930	
SB02G030360	SB07G025190	0.8474	214.0	1193.0	0.0961	0.1163	1.2091	-2449.634134	
SB06G025900	SB07G025210	50.0000	107.0	505.0	0.0051	0.4712	93.0972	-1346.155873	
SB02G030300	SB07G025210	4.3199	108.4	479.6	0.0626	0.3827	6.1186	-1239.092472	
SB02G030170	SB07G025270	1.8151	193.6	691.4	0.2617	0.3741	1.4297	-2049.926169	
SB04G031840	SB07G025280	3.1368	350.3	1011.7	0.3592	0.7168	1.9953	-3467.378334	
SB02G030160	SB07G025280	50.0000	325.1	946.9	0.0104	0.6562	63.3067	-3220.517336	
SB06G023930	SB01G047570	50.0000	246.2	782.8	0.0153	1.0197	66.4297	-2608.256484	
SB04G033360	SB01G047410	27.3594	291.2	884.8	0.0274	0.9311	34.0018	-3031.409892	
SB06G024130	SB01G047390	50.0000	337.7	925.3	0.0153	0.9143	59.8273	-3273.029957	
SB04G033160	SB01G047150	50.0000	133.5	460.5	0.0070	0.5093	72.4075	-1469.009764	
SB06G024470	SB01G046970	0.0000	191.4	666.6	0.4507	0.0000	0.0000	-1145.888061	
SB04G032850	SB01G046760	2.7271	233.7	777.3	0.2874	0.5779	2.0105	-2496.586407	
SB06G025280	SB10G030530	50.0000	158.2	828.8	0.0061	0.6180	100.7589	-2393.345619	
SB04G032270	SB10G030530	23.9484	140.0	814.0	0.0107	0.5484	51.2041	-2240.549270	
SB06G025370	SB10G030780	7.8953	337.2	964.8	0.0283	0.2656	9.4026	-2943.961481	
SB06G025380	SB10G030790	4.4836	277.6	883.4	0.0770	0.3866	5.0201	-2774.552230	
SB06G025430	SB10G030900	2.3678	138.1	350.9	0.1089	0.2385	2.1887	-1096.343752	
SB06G023780	SB01G006410	7.8539	166.2	685.8	0.0812	0.8167	10.0522	-2170.216138	
SB04G033570	SB01G006410	50.0000	128.3	726.7	0.0067	0.7219	106.9617	-2106.115850	
SB06G023930	SB01G006560	50.0000	266.0	781.0	0.0174	1.0881	62.4046	-2730.238233	
SB07G024950	SB02G030410	6.1715	111.9	380.1	0.1215	0.7781	6.4022	-1248.944766	
SB07G024990	SB02G030640	3.6586	217.7	1210.3	0.1753	0.7102	4.0514	-3244.833558	
SB07G025050	SB02G030160	50.0000	344.1	930.9	0.0134	0.7979	59.5958	-3303.630211	
SB07G025110	SB02G030510	3.4572	177.0	594.0	0.0333	0.1506	4.5150	-1590.383488	
SB07G025140	SB02G030450	0.8826	224.6	582.4	0.1403	0.1087	0.7750	-1583.228166	
SB07G025190	SB02G030360	0.8474	214.0	1193.0	0.0961	0.1163	1.2091	-2449.634134	
SB07G025210	SB02G030300	4.3199	108.4	479.6	0.0626	0.3827	6.1186	-1239.092472	
SB07G025270	SB02G030170	1.8151	193.6	691.4	0.2617	0.3741	1.4297	-2049.926169	
SB07G025280	SB02G030160	50.0000	325.1	946.9	0.0104	0.6562	63.3067	-3220.517336	
SB07G025310	SB02G030110	50.0000	128.4	561.6	0.0033	0.2873	88.2853	-1445.178345	
SB07G025370	SB02G030080	3.4855	264.5	635.5	0.2115	0.5544	2.6212	-2211.794924	
SB07G025390	SB02G030070	1.1690	409.2	1150.8	0.0848	0.1017	1.1994	-3066.017445	
SB07G025480	SB02G029910	1.0157	435.3	1226.7	0.1166	0.1134	0.9730	-3294.629445	
SB07G025490	SB02G029870	1.3005	202.8	709.2	0.2042	0.2322	1.1372	-1950.331029	
SB07G025560	SB02G029770	45.1743	87.6	485.4	0.0041	0.3951	96.3477	-1294.325836	
SB07G025600	SB02G029720	1.2079	271.4	673.6	0.0948	0.1076	1.1351	-1885.754131	
SB07G025610	SB02G029680	0.9260	240.5	722.5	0.1090	0.1015	0.9310	-1855.593070	
SB07G025880	SB02G029540	1.1308	287.4	972.6	0.1320	0.1508	1.1422	-2582.486639	
SB07G025920	SB02G029530	1.7741	172.8	589.2	0.3176	0.3977	1.2521	-1800.033820	
SB07G025960	SB02G029490	1.5063	451.8	1480.2	0.2844	0.3161	1.1116	-4390.672541	
SB07G026030	SB02G029440	0.8924	253.9	649.1	0.0828	0.0723	0.8732	-1713.231026	
SB07G026040	SB02G029430	0.9969	91.8	637.2	0.1647	0.2028	1.2315	-1376.437640	
SB07G026130	SB02G029340	2.2155	117.1	797.9	0.0547	0.2301	4.2035	-1822.886534	
SB07G026180	SB02G029310	50.0000	101.6	360.4	0.0089	0.6540	73.4544	-1167.378081	
SB07G026220	SB02G029300	1.6463	185.4	735.6	0.2918	0.3687	1.2632	-2027.845656	
SB07G026370	SB02G029210	50.0000	190.3	874.7	0.0027	0.2451	92.1444	-2184.662875	
SB07G026450	SB02G029180	2.5590	403.4	1324.6	0.3974	0.6300	1.5855	-4346.514242	
SB07G026520	SB02G029130	0.5495	125.5	1140.5	0.0719	0.0803	1.1176	-2036.377722	
SB07G026540	SB02G029080	1.5147	132.7	890.3	0.0792	0.2012	2.5416	-1997.276419	
SB07G026550	SB02G029070	4.4853	659.7	2139.3	0.3567	1.0492	2.9413	-7173.584060	
SB07G026630	SB02G029010	50.0000	135.7	578.3	0.0054	0.4587	85.7303	-1531.506989	
SB07G026650	SB02G028990	0.8666	137.6	408.4	0.0791	0.0734	0.9286	-1007.003452	
SB07G026810	SB02G028935	0.9632	765.2	2132.8	0.1205	0.1097	0.9103	-5627.034067	
SB07G026880	SB02G028890	1.0118	75.2	557.8	0.0686	0.1290	1.8822	-1164.560111	
SB07G026890	SB02G028755	38.7722	360.6	986.4	0.0184	0.8436	45.9707	-3495.126863	
SB07G027010	SB02G028820	0.9408	297.1	737.9	0.2287	0.1594	0.6966	-2130.771361	
SB07G026310	SB02G029220	7.2144	118.5	823.5	0.0260	0.4217	16.1894	-2101.812994	
SB07G026320	SB02G029240	0.8409	261.5	779.5	0.0831	0.0744	0.8943	-1970.475496	
SB07G026360	SB02G029260	1.6306	149.1	498.9	0.0307	0.0658	2.1416	-1246.754335	
SB07G027210	SB02G028790	50.0000	80.6	642.4	0.0013	0.1941	147.8966	-1375.331843	
SB07G027310	SB02G028770	1.8664	131.5	585.5	0.0717	0.1844	2.5718	-1494.378306	
SB07G027360	SB02G028690	1.6261	365.1	1005.9	0.1993	0.2619	1.3139	-3092.662922	
SB07G027480	SB02G028630	0.9349	345.4	1256.6	0.0506	0.0618	1.2204	-2917.718719	
SB07G027583	SB02G028550	6.8705	95.8	258.2	0.0824	0.5708	6.9267	-883.161620	
SB07G027670	SB02G028470	14.6929	185.1	843.9	0.0096	0.2499	26.0851	-2165.840841	
SB07G027680	SB02G028460	1.8640	264.3	1376.7	0.1231	0.2893	2.3508	-3381.427698	
SB07G027690	SB02G028450	2.1876	193.9	589.1	0.3397	0.4922	1.4492	-1898.446241	
SB07G027740	SB02G028420	1.5792	205.7	649.3	0.3491	0.3634	1.0410	-1936.068045	
SB07G027790	SB02G028390	1.2553	296.6	999.4	0.2115	0.2258	1.0677	-2810.524362	
SB07G027795	SB02G028370	0.7736	212.6	594.4	0.2292	0.1367	0.5966	-1605.540955	
SB07G027800	SB02G028360	2.1026	194.2	837.8	0.0578	0.1723	2.9815	-2121.850597	
SB07G027850	SB02G028285	44.1145	112.0	269.0	0.2536	7.8845	31.0868	-1018.214929	
SB07G027880	SB02G028255	1.1481	549.2	1520.8	0.2227	0.1987	0.8922	-4355.868152	
SB07G027930	SB02G028250	50.0000	138.8	911.2	0.0021	0.2571	124.3649	-2100.154740	
SB07G027940	SB02G028240	1.6022	78.1	398.9	0.1067	0.2253	2.1121	-941.348549	
SB07G028010	SB02G028220	1.2762	139.2	925.8	0.1140	0.2110	1.8513	-2126.751448	
SB07G028030	SB02G028200	0.9539	287.9	1269.1	0.1168	0.1326	1.1352	-2979.206198	
SB07G028270	SB02G028020	0.7775	285.8	1781.2	0.0128	0.0222	1.7365	-3351.932421	
SB07G028360	SB02G027930	50.0000	45.5	335.5	0.0017	0.2314	137.8423	-740.533727	
SB07G028430	SB02G027950	2.6994	158.2	459.8	0.5422	0.7399	1.3647	-1581.860583	
SB07G028540	SB02G027920	2.2699	346.5	919.5	0.2186	0.3825	1.7496	-2975.450162	
SB07G028560	SB02G027880	1.1744	386.4	1299.6	0.1430	0.1650	1.1533	-3537.943717	
SB07G028710	SB02G027680	1.3213	62.4	339.6	0.2142	0.2807	1.3101	-795.958307	
SB07G028780	SB02G027510	1.3509	116.1	558.9	0.1328	0.2121	1.5967	-1285.599298	
SB07G028860	SB02G027460	1.2329	282.1	848.9	0.2640	0.2424	0.9182	-2484.416825	
SB07G028945	SB02G027430	2.8038	163.5	601.5	0.4336	0.7307	1.6850	-1928.874904	
SB07G029020	SB02G027370	1.9679	582.1	1646.9	0.3747	0.4569	1.2193	-5375.634223	
SB07G029085	SB02G027340	1.1239	307.5	874.5	0.1657	0.1622	0.9788	-2420.611623	
SB07G029100	SB02G027320	1.4358	113.3	507.7	0.0965	0.1768	1.8308	-1241.512715	
SB07G029165	SB02G027290	1.0282	434.8	1041.2	0.1728	0.1422	0.8229	-3021.415679	
SB07G029230	SB02G027230	2.3668	168.4	419.6	0.1863	0.3505	1.8811	-1316.520332	
SB02G029460	SB03G044440	4.4878	99.4	485.6	0.1032	0.6042	5.8533	-1357.037598	
SB07G026030	SB03G044420	2.0174	226.5	625.5	0.1356	0.2495	1.8403	-1922.112853	
SB02G029440	SB03G044420	2.1356	234.1	617.9	0.1476	0.2752	1.8645	-1939.725474	
SB07G026180	SB03G044170	2.2741	98.3	321.7	0.5380	0.6311	1.1731	-1031.397368	
SB02G029310	SB03G044170	50.0000	85.7	370.3	0.0065	0.5643	86.1942	-1128.608663	
SB07G026220	SB03G044160	3.2935	191.8	711.2	0.2611	0.6856	2.6264	-2199.132557	
SB02G029300	SB03G044160	2.6754	165.1	725.9	0.3843	0.6877	1.7894	-2118.111782	
SB07G026300	SB03G044110	4.3097	218.8	990.2	0.0584	0.3666	6.2790	-2692.853227	
SB07G026310	SB03G044020	8.2243	111.9	854.1	0.0179	0.3729	20.8274	-2062.358682	
SB02G029220	SB03G044020	50.0000	126.6	821.4	0.0038	0.4643	121.8198	-2129.571144	
SB07G026350	SB03G043980	3.5576	218.3	825.7	0.0939	0.3928	4.1849	-2372.231309	
SB07G026370	SB03G043960	50.0000	146.2	816.8	0.0033	0.3585	107.7849	-2018.173788	
SB02G029210	SB03G043960	50.0000	146.8	807.2	0.0029	0.3118	106.6194	-1957.746817	
SB07G026610	SB03G043690	3.5546	156.0	642.0	0.2224	0.7039	3.1645	-1979.917037	
SB07G025280	SB03G010835	9.7372	187.0	623.0	0.0659	0.7599	11.5265	-2068.294444	
SB02G030160	SB03G010835	50.0000	195.5	608.5	0.0122	0.8059	66.0374	-2077.969889	
SB07G025410	SB03G010800	0.3056	42.7	374.3	0.1292	0.0602	0.4663	-656.580645	
SB07G025420	SB03G010790	0.4367	205.3	586.7	0.6728	0.1293	0.1921	-1471.397749	
SB06G015025	SB04G021280	1.7933	711.2	2051.8	0.1492	0.2422	1.6235	-6056.755016	
SB06G015060	SB04G021300	4.0075	149.3	678.7	0.0671	0.3810	5.6776	-1783.309117	
SB06G015180	SB04G021370	0.8487	535.9	1522.1	0.0964	0.0823	0.8528	-3943.642067	
SB06G015200	SB04G021400	1.4451	352.4	937.6	0.0788	0.1148	1.4578	-2634.140310	
SB06G015220	SB04G021410	0.8625	640.6	1699.4	0.1650	0.1205	0.7305	-4666.389318	
SB06G015230	SB04G021420	0.9802	234.5	566.5	0.1974	0.1491	0.7557	-1627.608263	
SB06G015290	SB04G021480	1.1119	67.4	313.6	0.1317	0.1711	1.2998	-747.627855	
SB06G015360	SB04G021540	1.0458	124.1	472.9	0.0668	0.0893	1.3369	-1145.672959	
SB06G015490	SB04G021650	0.9473	107.2	396.8	0.0673	0.0800	1.1888	-939.698425	
SB06G015540	SB04G021660	1.9068	75.3	500.7	0.0492	0.1803	3.6614	-1114.510979	
SB06G015590	SB04G021700	0.8862	127.7	892.3	0.1568	0.1766	1.1259	-1890.336768	
SB06G015600	SB04G021740	2.4167	155.5	516.5	0.1240	0.3057	2.4654	-1525.580991	
SB06G016010	SB04G021860	1.0983	299.5	732.5	0.2200	0.1804	0.8202	-2189.094082	
SB06G016080	SB04G021870	1.3370	100.3	490.7	0.0970	0.1727	1.7809	-1118.859048	
SB06G016190	SB04G021970	1.5514	223.8	721.2	0.2494	0.3019	1.2106	-2137.996914	
SB06G016210	SB04G022000	1.3768	365.7	1857.3	0.1339	0.2223	1.6607	-4573.000207	
SB06G016230	SB04G022010	50.0000	61.5	541.5	0.0012	0.1969	161.5558	-1105.597456	
SB06G016250	SB04G022040	1.0112	349.9	1036.1	0.1006	0.1035	1.0288	-2701.761499	
SB06G016280	SB04G022070	4.4063	167.9	855.1	0.0325	0.2496	7.6801	-2099.619956	
SB06G016295	SB04G022100	2.0091	483.8	1379.2	0.3075	0.4226	1.3741	-4442.292392	
SB06G016300	SB04G022120	1.5229	170.9	852.1	0.0784	0.1713	2.1847	-1875.677337	
SB06G016320	SB04G022150	50.0000	95.0	316.0	0.0043	0.3054	71.0550	-914.604574	
SB06G013740	SB04G020600	1.0946	141.6	353.4	0.2678	0.2047	0.7645	-1062.687921	
SB06G013910	SB04G020670	1.1799	496.6	1516.4	0.1440	0.1595	1.1073	-4171.932471	
SB06G013950	SB04G020690	3.2018	154.7	616.3	0.0287	0.1369	4.7733	-1485.012594	
SB06G013980	SB04G020710	50.0000	237.5	776.5	0.0061	0.4280	69.7448	-2421.007539	
SB06G014320	SB04G021010	2.4413	184.6	799.4	0.0661	0.2229	3.3730	-2056.764668	
SB06G014670	SB04G021130	1.2576	343.5	1096.5	0.2287	0.2323	1.0158	-3127.167057	
SB06G014730	SB04G021180	0.8387	327.3	896.7	0.0784	0.0675	0.8606	-2326.742821	
SB06G014790	SB04G021190	1.7590	45.1	389.9	0.0317	0.1408	4.4347	-783.903557	
SB06G016980	SB04G022460	7.8787	393.3	1316.7	0.0837	0.7468	8.9181	-4378.227661	
SB06G017080	SB04G022560	0.7164	196.5	526.5	0.1208	0.0802	0.6636	-1357.980047	
SB06G017240	SB04G022690	1.7370	213.1	689.9	0.1750	0.2741	1.5665	-2057.560881	
SB06G017345	SB04G022750	1.6491	368.9	1179.1	0.2311	0.3066	1.3268	-3483.122136	
SB06G017450	SB04G022760	2.8495	175.5	502.5	0.1150	0.3176	2.7607	-1572.145728	
SB06G017490	SB04G022830	1.1555	477.5	1358.5	0.1358	0.1450	1.0683	-3800.802297	
SB06G017570	SB04G022890	0.8189	662.1	1671.9	0.0883	0.0694	0.7869	-4454.104549	
SB06G017670	SB04G022980	9.6861	192.2	530.8	0.0227	0.2596	11.4286	-1647.008825	
SB06G017730	SB04G023040	50.0000	87.8	329.2	0.0080	0.6127	76.8718	-971.200603	
SB06G017740	SB04G023100	0.8770	283.8	778.2	0.0947	0.0823	0.8685	-2027.660191	
SB06G017770	SB04G023170	9.2429	359.0	1012.0	0.0334	0.3593	10.7542	-3184.445196	
SB06G017810	SB04G023220	1.2056	152.1	558.9	0.1076	0.1449	1.3459	-1471.886770	
SB06G017920	SB04G023340	1.4669	121.1	751.9	0.1245	0.2475	1.9886	-1754.557822	
SB06G017980	SB04G023230	3.2856	317.6	1032.4	0.4816	0.8739	1.8145	-3521.034543	
SB06G018146	SB04G023430	2.2893	122.0	1036.0	0.0352	0.1962	5.5791	-2183.135127	
SB06G018150	SB04G023440	2.0975	201.0	639.0	0.3052	0.4526	1.4831	-2028.249738	
SB06G018160	SB04G023460	1.7753	464.7	1296.3	0.3383	0.3903	1.1538	-4108.153860	
SB06G018240	SB04G023530	12.4168	198.9	1040.1	0.0316	0.6991	22.1223	-2930.640001	
SB06G018280	SB04G023540	0.6698	244.7	736.3	0.0797	0.0575	0.7221	-1825.305798	
SB06G018370	SB04G023600	2.5003	72.8	326.2	0.2710	0.5592	2.0631	-900.034210	
SB06G018430	SB04G023650	2.0609	107.2	918.8	0.0782	0.3078	3.9383	-2054.635735	
SB06G018460	SB04G023530	50.0000	163.8	1087.2	0.0031	0.3853	124.7631	-2697.621212	
SB06G018520	SB04G023700	0.9853	231.7	749.3	0.1086	0.1117	1.0291	-1938.184716	
SB06G018540	SB04G023710	2.0497	182.4	1263.6	0.0745	0.2662	3.5712	-2860.467620	
SB06G018710	SB04G023730	50.0000	150.2	1013.8	0.0023	0.2893	127.2041	-2393.491881	
SB06G018770	SB04G023820	3.0301	439.9	1198.1	0.0702	0.2217	3.1572	-3605.570439	
SB06G018780	SB04G023830	1.3136	142.9	781.1	0.0901	0.1709	1.8966	-1819.680718	
SB06G018910	SB04G023870	1.4147	167.9	567.1	0.1993	0.2459	1.2338	-1540.986059	
SB06G019010	SB04G023990	1.8002	116.5	732.5	0.2500	0.4250	1.7001	-1846.805691	
SB06G019020	SB04G024000	3.7912	100.6	577.4	0.0554	0.3581	6.4605	-1498.717147	
SB06G019110	SB04G024070	1.0951	103.9	715.1	0.0331	0.0776	2.3440	-1385.913539	
SB06G019140	SB04G024190	13.0730	344.0	1033.0	0.0674	0.9781	14.5078	-3645.148842	
SB06G019215	SB04G024215	5.5772	82.8	277.2	1.0962	1.8974	1.7308	-938.782444	
SB04G023425	SB10G006720	0.2050	250.2	460.8	1.0722	0.0700	0.0653	-1121.039344	
SB06G018170	SB10G006870	44.1958	149.7	999.3	0.0040	0.4361	110.1973	-2461.141459	
SB06G018210	SB10G007010	1.7326	292.6	781.4	0.0695	0.1242	1.7882	-2187.525775	
SB06G018240	SB10G007060	11.7045	200.1	1053.9	0.0411	0.8265	20.0982	-2981.250903	
SB04G023530	SB10G007060	50.0000	185.1	1065.9	0.0065	0.7070	108.5625	-2874.592668	
SB06G018250	SB10G007110	50.0000	213.4	1295.6	0.0042	0.4853	114.8858	-3433.395277	
SB10G006760	SB07G022570	50.0000	131.3	579.7	0.0060	0.5234	87.9488	-1639.712705	
SB06G018170	SB07G022780	50.0000	150.0	993.0	0.0033	0.4137	124.2686	-2484.592397	
SB10G006870	SB07G022780	10.2150	158.7	975.3	0.0236	0.5008	21.2592	-2538.922839	
SB10G006960	SB07G022810	1.8684	161.5	444.5	0.2462	0.3430	1.3931	-1380.970618	
SB10G007090	SB07G022965	50.0000	119.5	516.5	0.0044	0.3789	87.0871	-1446.775691	
SB06G016093	SB08G003575	4.1980	94.8	283.2	0.1542	0.5892	3.8208	-933.259393	
SB06G016120	SB08G003620	50.0000	120.2	602.8	0.0066	0.6374	97.0389	-1677.561047	
SB06G016190	SB08G003670	3.7917	202.4	640.6	0.1161	0.4470	3.8500	-2020.569679	
SB04G021970	SB08G003670	3.2278	232.4	724.6	0.0821	0.2895	3.5281	-2178.846905	
SB06G016230	SB08G003720	50.0000	59.5	531.5	0.0018	0.2856	162.9790	-1194.664263	
SB04G022010	SB08G003720	50.0000	60.6	530.4	0.0019	0.2983	159.8100	-1186.428635	
SB06G016280	SB08G003790	10.0119	170.1	834.9	0.0320	0.5447	17.0415	-2237.954209	
SB04G022070	SB08G003790	50.0000	181.3	901.7	0.0056	0.5384	96.8597	-2421.810048	
SB04G022190	SB08G003990	3.5685	247.7	856.3	0.1305	0.4767	3.6531	-2644.164554	
SB06G016093	SB05G003410	14.9900	103.5	274.5	0.0440	0.7185	16.3437	-954.827830	
SB08G003575	SB05G003410	3.8670	91.5	286.5	0.0517	0.2368	4.5835	-845.603634	
SB06G016120	SB05G003530	50.0000	120.7	605.3	0.0073	0.7094	96.6581	-1704.409490	
SB08G003620	SB05G003530	50.0000	128.1	588.9	0.0037	0.3392	91.7174	-1562.290645	
SB06G016210	SB05G003570	50.0000	438.1	1802.9	0.0055	0.4624	83.3450	-5280.670249	
SB04G022000	SB05G003570	50.0000	435.0	1773.0	0.0057	0.4681	82.6917	-5232.470805	
SB08G003680	SB05G003570	1.4889	436.9	1696.1	0.2307	0.2949	1.2783	-4714.325461	
SB06G016230	SB05G003630	2.3884	59.6	546.4	0.0722	0.3518	4.8699	-1248.144981	
SB04G022010	SB05G003630	1.7539	60.2	545.8	0.1269	0.3473	2.7361	-1233.217394	
SB08G003720	SB05G003630	1.3559	53.0	541.0	0.0301	0.1168	3.8752	-1049.898763	
SB08G003730	SB05G003650	1.2019	324.0	858.0	0.1909	0.1854	0.9708	-2452.978588	
SB06G016250	SB05G003730	4.3367	363.5	1022.5	0.0271	0.1390	5.1203	-2882.889989	
SB04G022040	SB05G003730	2.4286	365.7	1020.3	0.0493	0.1329	2.6972	-2857.524418	
SB08G003770	SB05G003740	1.2166	635.2	1887.8	0.2492	0.2306	0.9254	-5489.232841	
SB08G003920	SB05G003790	1.8275	296.6	873.4	0.2435	0.3408	1.3995	-2716.983072	
SB08G003940	SB05G003810	1.3464	167.1	711.9	0.1971	0.2529	1.2834	-1886.622693	
SB08G003950	SB05G003820	2.3115	230.3	780.7	0.1834	0.3825	2.0855	-2322.874756	
SB04G022190	SB05G003890	4.3048	236.7	861.3	0.1028	0.4981	4.8441	-2659.350558	
SB08G003990	SB05G003890	1.2025	277.3	904.7	0.1657	0.1838	1.1092	-2453.699086	
SB06G016100	SB06G033370	50.0000	237.5	725.5	0.0103	0.6766	65.5046	-2468.711516	
SB06G016230	SB06G033580	12.6505	65.8	540.2	0.0111	0.3956	35.5931	-1276.434881	
SB04G022010	SB06G033580	36.4766	61.1	544.9	0.0038	0.4423	116.7098	-1276.440009	
SB08G003720	SB06G033580	50.0000	60.8	533.2	0.0022	0.3533	159.8215	-1242.472301	
SB05G003630	SB06G033580	48.9061	63.1	545.9	0.0025	0.3858	153.9233	-1285.568913	
SB08G003730	SB06G033600	2.5911	296.4	885.6	0.1244	0.3123	2.5114	-2710.920721	
SB05G003650	SB06G033600	2.2395	293.5	915.5	0.0848	0.2063	2.4319	-2643.318734	
SB06G016280	SB06G033630	50.0000	167.6	852.4	0.0040	0.4022	99.3918	-2172.781206	
SB04G022070	SB06G033630	50.0000	174.6	923.4	0.0036	0.3665	102.8610	-2339.699883	
SB08G003790	SB06G033630	50.0000	180.8	899.2	0.0053	0.5142	96.9816	-2340.411876	
SB05G003840	SB06G033740	2.5566	265.9	862.1	0.1870	0.4208	2.2507	-2726.065630	
SB05G003850	SB06G033760	5.5720	106.8	484.2	0.0367	0.3235	8.8083	-1205.208452	
SB06G016230	SB06G033580	12.6505	65.8	540.2	0.0111	0.3956	35.5931	-1276.434881	
SB04G022010	SB06G033580	36.4766	61.1	544.9	0.0038	0.4423	116.7098	-1276.440009	
SB08G003720	SB06G033580	50.0000	60.8	533.2	0.0022	0.3533	159.8215	-1242.472301	
SB08G003730	SB06G033600	2.5911	296.4	885.6	0.1244	0.3123	2.5114	-2710.920721	
SB06G016280	SB06G033630	50.0000	167.6	852.4	0.0040	0.4022	99.3918	-2172.781206	
SB04G022070	SB06G033630	50.0000	174.6	923.4	0.0036	0.3665	102.8610	-2339.699883	
SB08G003790	SB06G033630	50.0000	180.8	899.2	0.0053	0.5142	96.9816	-2340.411876	
SB08G003980	SB06G033730	28.2936	217.5	883.5	0.0151	0.6798	44.9758	-2683.800932	
SB06G016460	SB06G033770	50.0000	163.8	823.2	0.0041	0.4037	98.3852	-2189.173927	
SB04G021510	SB08G003020	2.9919	193.3	1192.7	0.0956	0.4300	4.4976	-3052.547834	
SB04G021570	SB08G003080	3.7245	167.4	1008.6	0.0399	0.2804	7.0305	-2500.198724	
SB06G015470	SB08G003140	50.0000	158.4	888.6	0.0023	0.2532	108.7412	-2175.427419	
SB06G015490	SB08G003210	8.7962	128.1	375.9	0.0098	0.1104	11.2129	-1028.368099	
SB04G021650	SB08G003210	1.6825	124.5	379.5	0.0371	0.0758	2.0401	-992.949914	
SB06G015540	SB08G003220	3.6073	126.2	443.8	0.1209	0.4608	3.8103	-1376.322789	
SB04G021660	SB08G003220	4.8438	210.9	764.1	0.0663	0.3988	6.0198	-2303.823049	
SB04G021490	SB04G020050	50.0000	195.9	713.1	0.0109	0.8090	74.3991	-2329.857804	
SB04G021670	SB04G019630	50.0000	146.2	471.8	0.0088	0.6013	68.5103	-1502.185331	
SB06G015617	SB04G019320	1.0609	112.4	337.6	0.1940	0.1735	0.8943	-933.234546	
SB04G019620	SB09G011480	0.0505	138.9	359.1	0.3636	0.0113	0.0311	-695.570976	
SB06G015617	SB09G012720	1.0196	108.4	341.6	0.1660	0.1538	0.9266	-920.431096	
SB04G019320	SB09G012720	0.1697	123.8	326.2	1.2824	0.0602	0.0470	-709.115388	
SB06G015617	SB05G006320	0.2125	104.1	324.9	0.4297	0.0536	0.1247	-695.711756	
SB06G016093	SB05G006557	50.0000	98.8	279.2	0.0243	1.4504	59.6761	-999.948419	
SB06G016100	SB05G006590	5.6169	249.1	725.9	0.1114	0.6164	5.5319	-2443.212693	
SB06G013810	SB09G003565	22.1486	93.9	440.1	0.0135	0.5349	39.4920	-1262.299204	
SB06G014420	SB09G003870	7.7205	442.7	1222.3	0.0395	0.3443	8.7286	-3965.841269	
SB04G020586	SB05G016726	0.9379	112.4	337.6	0.1757	0.1440	0.8194	-911.458790	
SB09G003720	SB05G016860	0.1047	165.0	384.0	0.5090	0.0271	0.0532	-808.832039	
SB04G020586	SB05G019933	1.1080	89.7	267.3	0.2875	0.2276	0.7919	-758.746212	
SB05G016726	SB05G019933	0.3725	84.3	272.7	0.4525	0.0966	0.2134	-633.604313	
SB09G003720	SB05G020440	0.1952	142.9	367.1	0.4507	0.0485	0.1076	-803.621953	
SB05G016860	SB05G020440	0.0521	168.0	312.0	1.6380	0.0201	0.0123	-667.707993	
SB04G020586	SB07G015430	0.1423	131.4	318.6	1.4677	0.0523	0.0356	-693.139687	
SB06G014101	SB07G015100	50.0000	95.9	282.1	0.0313	1.8796	60.1419	-1014.236000	
SB06G016395	SB05G025737	0.9660	107.0	325.0	0.1910	0.1571	0.8228	-884.388425	
SB04G022060	SB05G010030	0.1330	166.7	589.3	0.5124	0.0366	0.0715	-1163.555240	
SB06G016395	SB05G010471	0.3781	108.2	323.8	0.3057	0.0803	0.2628	-761.114989	
SB04G020586	SB08G014451	0.0698	133.2	316.8	99.0000	0.0329	0.0003	-649.009226	
SB06G014101	SB08G014401	29.4286	107.2	270.8	0.0773	2.2377	28.9393	-1024.748842	
SB06G014290	SB05G021195	0.1889	137.6	312.4	0.8198	0.0590	0.0720	-706.665849	
SB08G002870	SB05G002870	0.6217	272.6	822.4	0.3081	0.1329	0.4315	-2137.960661	
SB08G002920	SB05G002930	0.5254	1102.1	3310.9	0.4024	0.1278	0.3175	-8373.493032	
SB08G002940	SB05G002940	0.5230	251.9	555.1	0.2612	0.0926	0.3545	-1488.728322	
SB08G003020	SB05G003000	0.5978	164.6	1227.4	0.2168	0.1396	0.6440	-2460.350229	
SB08G003100	SB05G003070	1.0746	348.4	935.6	0.2848	0.2130	0.7479	-2742.277268	
SB08G003110	SB05G003100	0.3220	145.9	1288.1	0.0588	0.0408	0.6944	-2141.427096	
SB08G003210	SB05G003200	0.2781	146.6	357.4	0.0732	0.0198	0.2704	-827.189399	
SB08G003240	SB05G003220	0.6543	351.5	1034.5	0.3651	0.1514	0.4145	-2746.289969	
SB08G003260	SB05G003240	0.3645	250.3	745.7	0.1628	0.0530	0.3256	-1742.149300	
SB08G003280	SB05G003280	0.6608	87.1	587.9	0.1311	0.1187	0.9055	-1181.437446	
SB08G003410	SB05G003290	1.0631	442.3	1129.7	0.1438	0.1324	0.9211	-3182.495399	
SB08G003430	SB05G003310	0.4562	375.4	947.6	0.2283	0.0776	0.3400	-2403.151333	
SB08G003520	SB05G003430	1.7154	94.5	475.5	0.0715	0.1814	2.5365	-1080.169877	
SB08G003530	SB05G003440	0.3886	212.6	1323.4	0.1463	0.0717	0.4898	-2361.980961	
SB08G003550	SB05G003450	2.9648	94.4	478.6	0.0327	0.1682	5.1483	-1165.807261	
SB08G003620	SB05G003530	50.0000	128.1	588.9	0.0037	0.3392	91.7174	-1562.290645	
SB08G003680	SB05G003570	1.4889	436.9	1696.1	0.2307	0.2949	1.2783	-4714.325461	
SB08G003720	SB05G003630	1.3559	53.0	541.0	0.0301	0.1168	3.8752	-1049.898763	
SB08G003730	SB05G003650	1.2019	324.0	858.0	0.1909	0.1854	0.9708	-2452.978588	
SB08G003770	SB05G003740	1.2166	635.2	1887.8	0.2492	0.2306	0.9254	-5489.232841	
SB08G003920	SB05G003790	1.8275	296.6	873.4	0.2435	0.3408	1.3995	-2716.983072	
SB08G003940	SB05G003810	1.3464	167.1	711.9	0.1971	0.2529	1.2834	-1886.622693	
SB08G003950	SB05G003820	2.3115	230.3	780.7	0.1834	0.3825	2.0855	-2322.874756	
SB08G003990	SB05G003890	1.2025	277.3	904.7	0.1657	0.1838	1.1092	-2453.699086	
SB08G004040	SB05G003960	1.0209	564.2	1619.8	0.2216	0.1784	0.8051	-4551.549303	
SB08G004060	SB05G004045	4.6446	110.3	447.7	0.0533	0.3431	6.4372	-1241.275510	
SB08G004080	SB05G004030	50.0000	59.8	498.2	0.0019	0.2897	152.9829	-1143.974108	
SB08G004090	SB05G004020	0.7504	122.8	1086.2	0.1121	0.1386	1.2363	-2070.255399	
SB08G004100	SB05G004000	1.2612	238.9	790.1	0.2282	0.2355	1.0321	-2205.742172	
SB08G001005	SB05G002510	3.3402	415.6	1261.4	0.2361	0.6180	2.6171	-4214.493087	
SB08G001010	SB05G002770	0.5684	434.6	1227.4	0.1524	0.0772	0.5065	-3058.940201	
SB08G001070	SB05G002730	1.1980	84.6	338.4	0.1793	0.2085	1.1629	-862.687940	
SB08G001115	SB05G002690	0.5649	300.3	944.7	0.2030	0.0967	0.4763	-2362.844489	
SB08G001160	SB05G002540	0.4812	489.0	1353.0	0.1802	0.0727	0.4032	-3378.215858	
SB08G001180	SB05G002500	0.2618	87.9	812.1	0.0359	0.0241	0.6714	-1282.295050	
SB08G001190	SB05G002490	36.2687	170.8	960.2	0.0060	0.4663	77.4502	-2476.879807	
SB08G001200	SB05G002460	1.7841	80.7	411.3	0.0968	0.2351	2.4271	-976.912848	
SB08G001260	SB05G002380	0.3915	803.5	2097.5	0.1382	0.0478	0.3462	-5023.473745	
SB08G001290	SB05G002300	0.4945	295.8	1018.2	0.3941	0.1224	0.3107	-2413.417241	
SB08G001370	SB05G002130	0.3789	365.7	1035.3	0.1816	0.0580	0.3195	-2412.036338	
SB08G001380	SB05G002110	0.4286	137.3	795.7	0.0988	0.0610	0.6173	-1564.796857	
SB08G001410	SB05G002050	1.9917	266.6	600.4	0.2294	0.3266	1.4237	-1992.564780	
SB08G001420	SB05G002020	0.9785	222.3	662.7	0.4099	0.2396	0.5844	-1913.624164	
SB08G001440	SB05G001980	1.2799	276.5	1505.5	0.1084	0.1875	1.7292	-3580.751822	
SB08G001580	SB05G001870	0.3002	292.9	682.1	0.0621	0.0181	0.2910	-1604.580290	
SB08G001610	SB05G001840	0.9715	115.5	619.5	0.1487	0.1704	1.1464	-1386.759037	
SB08G001620	SB05G001830	0.5994	261.1	743.9	0.2693	0.1172	0.4351	-1942.775391	
SB08G001710	SB05G001760	0.3661	372.8	1040.2	0.1407	0.0467	0.3321	-2400.544802	
SB08G001730	SB05G001750	0.4219	221.9	741.1	0.3375	0.0968	0.2869	-1754.283030	
SB08G001800	SB05G001730	50.0000	93.5	593.5	0.0029	0.3460	120.2080	-1537.672645	
SB08G001810	SB05G001720	0.4766	347.5	1476.5	0.0778	0.0488	0.6266	-3096.031511	
SB08G001940	SB05G001580	50.0000	121.5	760.5	0.0030	0.3573	118.7621	-2004.978873	
SB08G001950	SB05G001550	0.6500	325.7	910.3	0.2677	0.1259	0.4703	-2409.861047	
SB08G001980	SB05G001540	0.5926	124.9	895.1	0.1809	0.1271	0.7026	-1849.707370	
SB08G002150	SB05G001400	50.0000	108.2	509.8	0.0025	0.2330	94.1091	-1340.848346	
SB08G002190	SB05G001380	1.3414	100.8	529.2	0.1694	0.2505	1.4790	-1242.717471	
SB08G002300	SB05G001310	0.6083	216.7	704.3	0.2257	0.1122	0.4971	-1716.350925	
SB08G002330	SB05G001300	1.2932	243.5	1364.5	0.1489	0.2311	1.5515	-3137.893755	
SB08G002540	SB05G001180	0.9086	132.2	359.8	0.8257	0.2866	0.3471	-999.885534	
SB08G002560	SB05G001200	0.9130	176.6	552.4	0.3948	0.2219	0.5621	-1526.042632	
SB08G002590	SB05G001175	1.1101	127.5	397.5	0.2374	0.2078	0.8756	-1106.287429	
SB08G002707	SB05G001080	0.8365	356.5	1047.5	0.3075	0.1774	0.5769	-2883.618968	
SB08G002740	SB05G001050	0.3657	307.9	982.1	0.1724	0.0568	0.3294	-2242.750275	
SB08G002650	SB01G014270	1.3576	90.8	353.2	0.1581	0.2167	1.3704	-939.908085	
SB08G002655	SB01G014260	2.3649	140.5	423.5	0.3400	0.5314	1.5629	-1371.745307	
SB08G002705	SB01G014070	50.0000	283.2	1051.8	0.0090	0.6827	76.0298	-3282.199347	
SB05G003060	SB01G013640	50.0000	170.1	1080.9	0.0040	0.4727	119.5564	-2727.132168	
SB01G014220	SB08G020170	1.1109	330.1	1055.9	0.1296	0.1424	1.0991	-2828.932551	
SB01G014200	SB08G020260	1.5259	155.4	450.6	0.1873	0.2408	1.2856	-1327.586498	
SB01G014180	SB08G020270	1.6194	128.8	393.2	0.1313	0.2051	1.5616	-1137.174363	
SB01G014160	SB08G020500	1.6173	183.6	488.4	0.3601	0.3629	1.0077	-1559.194081	
SB01G014150	SB08G020560	1.3454	424.3	1300.7	0.2715	0.2701	0.9951	-3879.878238	
SB01G014120	SB08G020580	15.5223	82.6	478.4	0.0129	0.4207	32.7199	-1251.023486	
SB01G013950	SB08G020750	1.0606	286.2	871.8	0.1254	0.1298	1.0351	-2356.312955	
SB01G013930	SB08G020780	1.3640	716.6	2046.4	0.1994	0.2227	1.1170	-5867.079632	
SB01G013900	SB08G020800	2.1307	254.0	781.0	0.2664	0.4239	1.5909	-2453.251841	
SB08G003240	SB08G021140	50.0000	88.0	329.0	0.0102	0.7768	76.0827	-1066.004969	
SB05G003220	SB08G021140	50.0000	82.1	334.9	0.0099	0.8090	81.3884	-1065.459347	
SB08G002930	SB01G039830	5.2285	195.4	974.6	0.0941	0.6682	7.1045	-2744.155337	
SB08G003340	SB01G039390	50.0000	172.2	949.8	0.0046	0.4857	105.9368	-2589.929940	
SB08G003575	SB01G039170	50.0000	102.1	275.9	0.0158	0.9346	59.1787	-985.766892	
SB09G004883	SB03G004960	1.7573	229.8	595.2	0.2594	0.3263	1.2578	-1897.906773	
SB09G004920	SB03G004900	50.0000	68.2	420.8	0.0026	0.3032	117.5718	-1027.913275	
SB09G004930	SB03G004790	1.2919	148.7	397.3	0.3417	0.2825	0.8266	-1214.923489	
SB09G005020	SB03G004680	1.4830	108.0	345.0	0.1682	0.2268	1.3487	-966.684859	
SB09G005066	SB03G004650	2.1250	272.4	837.6	0.2410	0.3995	1.6578	-2645.328688	
SB09G005070	SB03G004570	4.0708	253.0	980.0	0.0393	0.2256	5.7390	-2655.858466	
SB09G005090	SB03G004550	1.1148	509.4	1134.6	0.2911	0.2118	0.7275	-3492.680976	
SB09G005110	SB03G004510	1.1716	123.4	830.6	0.0834	0.1613	1.9341	-1809.898384	
SB09G005140	SB03G004490	2.5635	104.3	354.7	0.0755	0.2258	2.9926	-982.000717	
SB09G005210	SB03G004430	2.2303	278.9	819.1	0.1107	0.2445	2.2090	-2424.095603	
SB09G005280	SB03G004310	0.9665	108.4	302.6	0.1183	0.1087	0.9182	-803.524145	
SB09G005350	SB03G004180	1.3847	535.0	1370.0	0.2073	0.2226	1.0737	-4159.736450	
SB09G005360	SB03G004130	17.9692	280.9	970.1	0.0194	0.4859	24.9936	-2982.523641	
SB09G005390	SB03G004120	2.2184	167.0	943.0	0.0948	0.3034	3.2019	-2271.112930	
SB09G005400	SB03G004020	16.1866	132.7	794.3	0.0076	0.2735	36.0588	-1849.020492	
SB09G005420	SB03G003950	1.2234	320.3	1068.7	0.0875	0.1198	1.3689	-2776.698869	
SB09G005450	SB03G003920	1.4497	255.2	713.8	0.2306	0.2572	1.1153	-2162.052954	
SB09G005480	SB03G003830	23.6616	159.1	998.9	0.0025	0.1430	56.5117	-2051.752356	
SB09G005550	SB03G003720	1.8051	128.7	621.3	0.1241	0.2721	2.1926	-1566.644281	
SB09G005590	SB03G003590	5.3017	197.5	1251.5	0.0459	0.4613	10.0418	-3180.064174	
SB09G005690	SB03G003420	1.0406	603.8	1778.2	0.0823	0.0907	1.1014	-4613.817914	
SB09G005720	SB03G003320	0.7625	245.6	828.4	0.1105	0.0895	0.8097	-2039.429231	
SB09G005770	SB03G003310	34.3026	184.3	1090.7	0.0041	0.3185	77.2226	-2692.076825	
SB09G005780	SB03G003300	1.6490	222.4	539.6	0.1365	0.1931	1.4146	-1583.417665	
SB09G005810	SB03G003220	2.4197	404.0	1261.0	0.0318	0.0961	3.0243	-3271.695913	
SB09G005830	SB03G003200	50.0000	110.0	466.0	0.0042	0.3610	85.7575	-1278.264188	
SB09G005840	SB03G003190	1.4921	374.7	996.3	0.1290	0.1748	1.3549	-2882.654168	
SB09G005870	SB03G003180	1.0639	201.0	1074.0	0.1166	0.1616	1.3856	-2342.291026	
SB09G006015	SB03G003170	2.3086	127.1	523.9	0.0851	0.2482	2.9186	-1423.160220	
SB09G006030	SB03G003140	32.1862	245.1	1194.9	0.0010	0.0627	62.7305	-2626.460578	
SB09G006050	SB03G003110	1.3211	116.6	804.4	0.0608	0.1490	2.4510	-1688.417329	
SB09G006060	SB03G003100	3.5952	165.6	611.4	0.1309	0.4963	3.7904	-1865.429824	
SB09G006090	SB03G003080	1.1996	176.7	453.3	0.1228	0.1331	1.0845	-1298.454458	
SB09G006180	SB03G002930	1.5112	114.7	668.3	0.0824	0.1914	2.3236	-1475.261308	
SB09G006196	SB03G002910	5.4022	198.8	800.2	0.1045	0.6655	6.3698	-2476.491076	
SB09G006260	SB03G002870	1.6507	239.2	1128.8	0.0766	0.1770	2.3118	-2759.174956	
SB09G006270	SB03G002790	0.7674	449.6	1308.4	0.0546	0.0471	0.8631	-3211.795120	
SB09G006280	SB03G002760	2.3373	95.5	558.5	0.0794	0.2893	3.6431	-1316.720753	
SB09G006340	SB03G002750	50.0000	79.0	398.0	0.0059	0.5783	97.6881	-1053.401362	
SB09G006370	SB03G002510	2.7375	92.7	621.3	0.0598	0.2999	5.0170	-1450.739591	
SB09G006390	SB03G002490	50.0000	133.2	601.8	0.0020	0.1792	91.1290	-1453.534725	
SB09G006430	SB03G002460	1.5433	157.2	991.8	0.1091	0.2429	2.2267	-2225.189256	
SB09G006570	SB03G001810	3.4283	143.5	912.5	0.0767	0.4334	5.6517	-2426.344769	
SB03G002810	SB01G019000	6.0052	252.8	1235.2	0.0576	0.5294	9.1953	-3509.773729	
SB03G002660	SB01G019120	50.0000	665.0	1768.0	0.0047	0.2823	60.2262	-5602.709816	
SB09G006440	SB01G019340	32.3539	319.8	865.2	0.0322	1.1849	36.7524	-3143.631736	
SB03G002290	SB01G019350	50.0000	235.1	790.9	0.0075	0.5346	70.9443	-2517.859394	
SB03G002030	SB01G019570	7.3792	196.8	547.2	0.2415	1.3437	5.5634	-1988.632639	
SB03G004210	SB10G006040	50.0000	93.9	572.1	0.0052	0.5944	114.6420	-1487.535025	
SB03G004125	SB10G005800	28.6041	329.0	955.0	0.0208	0.7314	35.0920	-3293.087260	
SB09G005390	SB10G005710	50.0000	267.0	978.0	0.0116	0.8679	74.5458	-3123.246271	
SB03G004120	SB10G005710	50.0000	253.9	1021.1	0.0100	0.8051	80.4587	-3169.562501	
SB09G006290	SB01G026470	0.1303	101.0	283.0	1.0401	0.0439	0.0422	-584.701473	
SB09G006290	SB03G012722	0.0339	89.8	267.2	99.0000	0.0151	0.0002	-494.646271	
SB10G007560	SB04G027320	1.0190	455.6	1218.4	0.2385	0.1817	0.7620	-3500.346201	
SB10G007570	SB04G027330	2.7581	75.8	473.2	0.0750	0.3400	4.5336	-1149.384610	
SB10G007660	SB04G027360	50.0000	127.5	733.5	0.0032	0.3527	110.4913	-1819.968011	
SB10G007700	SB04G027420	16.2517	157.6	1093.4	0.0100	0.4006	40.2216	-2666.278701	
SB10G007760	SB04G027590	0.8969	181.1	748.9	0.0990	0.1079	1.0891	-1780.416236	
SB10G007770	SB04G027650	1.2667	152.1	819.9	0.1279	0.2042	1.5971	-1973.620923	
SB10G007780	SB04G027660	0.8408	110.6	594.4	0.1677	0.1576	0.9396	-1307.819226	
SB10G007800	SB04G027720	11.8339	183.8	608.2	0.0390	0.5877	15.0553	-2006.090681	
SB10G007930	SB04G027815	3.2491	233.2	759.8	0.1497	0.4641	3.1001	-2372.619005	
SB10G007950	SB04G027890	0.7172	204.4	680.6	0.0646	0.0550	0.8519	-1594.739270	
SB10G007980	SB04G027900	1.9006	101.0	622.0	0.0738	0.2301	3.1186	-1450.840842	
SB10G008020	SB04G027950	1.1546	126.6	305.4	0.1196	0.1219	1.0194	-849.314964	
SB10G008040	SB04G027990	1.3244	189.9	566.1	0.0627	0.0929	1.4805	-1455.698772	
SB10G008050	SB04G028000	2.4613	284.1	867.9	0.2968	0.5179	1.7448	-2803.047230	
SB10G008060	SB04G028010	1.5585	240.9	1130.1	0.0598	0.1381	2.3087	-2663.180841	
SB10G008090	SB04G028020	0.6290	113.7	636.3	0.1268	0.1026	0.8088	-1303.563324	
SB10G008120	SB04G028040	2.7018	111.2	554.8	0.1723	0.4997	2.8999	-1588.287804	
SB10G008200	SB04G028060	1.0894	357.8	1271.2	0.1809	0.1821	1.0063	-3363.457676	
SB10G008206	SB04G028070	6.0341	155.0	394.0	0.1070	0.5992	5.6013	-1337.343402	
SB10G008240	SB04G028130	1.2410	197.1	456.9	0.2136	0.1961	0.9180	-1384.677177	
SB10G008270	SB04G028160	1.1565	279.2	809.8	0.1898	0.1841	0.9699	-2274.171486	
SB10G008350	SB04G028220	0.7439	158.6	486.4	0.0630	0.0532	0.8452	-1173.151429	
SB10G008360	SB04G028230	1.2431	140.8	648.2	0.1195	0.1789	1.4980	-1572.290808	
SB10G008380	SB04G028280	0.7236	155.4	453.6	0.0614	0.0492	0.8018	-1121.867709	
SB10G008520	SB04G028180	21.1151	361.0	1010.0	0.0237	0.5940	25.0691	-3458.002441	
SB10G008580	SB04G028350	0.9915	297.3	947.7	0.1126	0.1146	1.0186	-2457.473406	
SB10G008650	SB04G028370	1.6047	151.9	877.1	0.0986	0.2277	2.3090	-2049.094444	
SB10G008670	SB04G028390	2.3878	291.2	971.8	0.0882	0.2353	2.6669	-2726.164785	
SB10G008760	SB04G028430	1.3621	445.7	1276.3	0.1773	0.2063	1.1634	-3678.312388	
SB10G008800	SB04G028440	1.3770	265.3	823.7	0.1785	0.2164	1.2122	-2372.045703	
SB10G008820	SB04G028450	1.0343	232.8	859.2	0.0689	0.0889	1.2890	-2070.500446	
SB10G008830	SB04G028460	1.0006	132.2	866.8	0.0402	0.0802	1.9948	-1686.053311	
SB10G008870	SB04G028510	0.8082	590.1	1665.9	0.0732	0.0625	0.8536	-4238.395252	
SB10G008880	SB04G028520	0.6683	98.6	909.4	0.0511	0.0791	1.5475	-1640.969833	
SB10G008890	SB04G028560	3.1768	182.7	909.3	0.0350	0.1886	5.3900	-2093.808759	
SB10G009010	SB04G028620	1.4529	285.7	1307.3	0.0784	0.1559	1.9872	-3163.628769	
SB10G009020	SB04G028640	0.9755	372.0	1095.0	0.0757	0.0794	1.0486	-2776.358661	
SB10G009120	SB04G028720	1.6035	118.6	664.4	0.1110	0.2415	2.1762	-1538.209271	
SB10G009140	SB04G028730	3.4347	137.9	459.1	0.2113	0.6148	2.9100	-1493.719414	
SB10G009220	SB04G028750	50.0000	51.3	368.7	0.0014	0.1881	135.0260	-780.112721	
SB10G009270	SB04G028790	0.7113	173.3	1305.7	0.0695	0.0923	1.3282	-2477.876076	
SB10G009310	SB04G028830	0.9298	125.0	877.0	0.1412	0.1762	1.2478	-1947.346925	
SB10G009330	SB04G028850	0.9698	39.4	329.6	0.0244	0.0614	2.5136	-597.283365	
SB10G009380	SB04G028880	0.9750	81.6	491.4	0.0978	0.1405	1.4363	-1003.286472	
SB10G009410	SB04G028910	50.0000	76.6	442.4	0.0031	0.3491	110.8469	-1099.755181	
SB10G009480	SB04G028920	1.4666	154.0	830.0	0.1243	0.2325	1.8702	-1986.785130	
SB04G027620	SB02G023280	33.2025	164.2	762.8	0.0068	0.4139	60.5587	-2087.756720	
SB10G007770	SB02G023260	2.3536	157.1	859.9	0.0835	0.2910	3.4851	-2159.921142	
SB04G027650	SB02G023260	2.1137	136.8	841.2	0.0494	0.1910	3.8624	-1932.727580	
SB10G007780	SB02G023230	1.3732	115.5	592.5	0.2061	0.2811	1.3642	-1436.480655	
SB04G027660	SB02G023230	1.1390	111.1	599.9	0.2307	0.2496	1.0819	-1394.637221	
SB10G008916	SB08G006445	0.0695	201.6	512.4	2.7820	0.0283	0.0102	-1031.183760	
SB04G028670	SB08G006380	8.0261	320.7	984.3	0.1298	1.0106	7.7856	-3459.398411	
SB04G028670	SB02G008110	50.0000	332.2	912.8	0.0170	1.0162	59.6656	-3296.054568	
SB08G006380	SB02G008110	4.1582	313.6	919.4	0.4075	1.0119	2.4833	-3240.717180	
SB10G009100	SB02G008150	0.0375	112.6	211.4	0.5293	0.0095	0.0180	-457.611575	
SB07G020590	SB02G023920	4.5696	225.7	977.3	0.0463	0.3128	6.7641	-2443.873952	
SB07G020610	SB02G023940	0.7484	118.1	529.9	0.0972	0.0926	0.9533	-1227.364184	
SB07G020660	SB02G024000	0.9793	412.5	1150.5	0.1289	0.1173	0.9098	-3130.867464	
SB07G020680	SB02G024010	3.6747	361.8	1084.2	0.1267	0.4495	3.5486	-3490.947298	
SB07G020700	SB02G024050	45.7397	137.4	1332.6	0.0010	0.1615	161.5164	-2703.301983	
SB07G020740	SB02G024070	6.6543	241.4	838.6	0.0378	0.3312	8.7716	-2517.222222	
SB07G020760	SB02G024090	50.0000	215.6	714.4	0.0026	0.1887	71.2751	-1992.606575	
SB07G020910	SB02G024270	1.7112	331.4	805.6	0.3084	0.3449	1.1185	-2629.432717	
SB07G020930	SB02G024300	1.4745	1063.9	3223.1	0.2475	0.2801	1.1319	-9646.227033	
SB07G020936	SB02G024320	50.0000	75.3	419.7	0.0012	0.1281	108.7939	-869.131642	
SB07G020940	SB02G024330	1.2591	186.2	1280.8	0.0575	0.1363	2.3695	-2667.412995	
SB07G021070	SB02G024380	1.1511	343.6	871.4	0.1260	0.1295	1.0284	-2409.177044	
SB07G021170	SB02G024460	0.9540	100.0	596.0	0.1208	0.1555	1.2869	-1291.222013	
SB07G021190	SB02G024480	1.1939	214.0	527.0	0.1660	0.1624	0.9783	-1564.710753	
SB07G021200	SB02G024530	50.0000	168.1	665.9	0.0084	0.6700	80.0531	-2065.025645	
SB07G021390	SB02G024590	1.2804	250.7	568.3	0.3314	0.2638	0.7962	-1835.058517	
SB07G021420	SB02G024640	50.0000	101.5	564.5	0.0026	0.2851	107.7330	-1403.043878	
SB07G021470	SB02G024650	1.3759	116.8	600.2	0.1861	0.2678	1.4391	-1433.314113	
SB07G021500	SB02G024680	0.8910	336.6	1103.4	0.0971	0.0936	0.9637	-2795.649073	
SB07G021540	SB02G024710	2.1637	73.7	409.3	0.0580	0.2072	3.5760	-909.590937	
SB07G021610	SB02G024730	2.4328	156.1	575.9	0.0734	0.2196	2.9918	-1555.001352	
SB07G021660	SB02G024770	50.0000	90.1	815.9	0.0020	0.3265	164.6672	-1836.254138	
SB07G021710	SB02G024930	43.2613	230.9	774.1	0.0132	0.7933	60.1026	-2588.715366	
SB07G021750	SB02G024990	44.7563	159.8	1022.2	0.0035	0.3779	107.9525	-2474.488630	
SB07G021770	SB02G025030	3.7060	275.6	618.4	0.2854	0.6972	2.4427	-2268.771742	
SB07G019490	SB02G022610	1.1462	744.3	1973.7	0.2875	0.2276	0.7916	-5915.213848	
SB07G019816	SB02G022936	3.5243	303.2	824.8	0.2722	0.6836	2.5111	-2851.615589	
SB07G019910	SB02G022970	1.6513	274.5	805.5	0.3290	0.3625	1.1019	-2476.682625	
SB07G019920	SB02G023010	1.5199	450.9	1262.1	0.1130	0.1652	1.4623	-3647.861471	
SB07G019940	SB02G023070	50.0000	73.8	436.2	0.0077	0.8450	110.1630	-1226.149593	
SB07G020020	SB02G023130	0.9407	38.9	324.1	0.1099	0.1680	1.5277	-686.976160	
SB07G020070	SB02G023170	2.3174	73.2	412.8	0.0764	0.2739	3.5855	-955.878544	
SB07G020090	SB02G023230	1.4045	110.9	603.1	0.1318	0.2314	1.7560	-1393.965656	
SB07G020100	SB02G023260	1.4563	130.5	889.5	0.0442	0.1289	2.9148	-1864.822511	
SB07G020120	SB02G023340	17.2247	365.7	1062.3	0.0135	0.2917	21.5701	-3212.932473	
SB07G020270	SB02G023610	1.0308	604.3	1843.7	0.1498	0.1431	0.9554	-4978.562822	
SB07G020290	SB02G023630	3.4199	164.9	1002.1	0.0385	0.2518	6.5383	-2311.131147	
SB07G020970	SB08G004930	50.0000	192.2	938.8	0.0057	0.5446	95.4316	-2624.549100	
SB07G021070	SB08G005050	1.8515	334.1	880.9	0.1044	0.1837	1.7600	-2577.070484	
SB02G024380	SB08G005050	2.1561	337.4	877.6	0.0981	0.2022	2.0620	-2609.077254	
SB02G024427	SB08G005122	50.0000	132.8	380.2	0.0136	0.8407	61.9863	-1333.265060	
SB07G020800	SB01G025060	0.9953	109.6	340.4	0.1888	0.1621	0.8589	-924.347112	
SB07G021090	SB01G023280	50.0000	213.2	974.8	0.0080	0.7168	89.5964	-2903.979568	
SB07G021130	SB01G023248	50.0000	111.9	482.1	0.0236	1.8981	80.2762	-1519.015981	
SB07G021130	SB06G022215	50.0000	135.2	527.8	0.0067	0.5363	79.6333	-1540.951408	
SB07G021340	SB06G022530	20.5198	354.7	911.3	0.0365	0.8154	22.3196	-3284.379215	
SB07G021550	SB06G022700	5.5096	236.6	741.4	0.1011	0.5829	5.7652	-2452.054768	
SB07G020800	SB03G011630	0.1194	129.7	320.3	0.9661	0.0394	0.0408	-683.621562	
SB07G021130	SB03G012050	50.0000	100.4	451.6	0.0052	0.4649	89.5425	-1275.539743	
SB07G020556	SB08G014985	9.2948	98.2	345.8	0.2085	1.6846	8.0784	-1151.823558	
SB02G041660	SB01G034980	1.1949	148.8	439.2	0.1913	0.1924	1.0058	-1255.980654	
SB02G041730	SB01G034990	0.9241	342.9	1034.1	0.1115	0.1032	0.9256	-2702.628379	
SB02G041770	SB01G034993	1.1745	171.3	569.7	0.0639	0.0893	1.3965	-1448.760187	
SB02G041790	SB01G035010	1.9094	102.2	479.8	0.0929	0.2345	2.5243	-1162.779981	
SB02G041850	SB01G035040	2.2180	117.0	585.0	0.0692	0.2281	3.2957	-1465.208645	
SB02G041870	SB01G035070	0.6568	154.8	481.2	0.0638	0.0479	0.7506	-1147.642782	
SB02G041880	SB01G035080	1.0404	78.1	431.9	0.0976	0.1436	1.4713	-923.404451	
SB02G041910	SB01G035270	50.0000	482.2	1710.8	0.0118	0.8606	72.7391	-5622.296144	
SB02G042030	SB01G035290	0.9359	374.0	1201.0	0.1105	0.1071	0.9698	-3045.644603	
SB02G042220	SB01G035370	1.8102	201.9	1202.1	0.1470	0.3290	2.2372	-2892.790535	
SB02G042230	SB01G035400	2.3929	235.9	829.1	0.1300	0.3213	2.4721	-2352.506196	
SB02G042260	SB01G035420	0.7461	224.1	711.9	0.1387	0.1000	0.7212	-1812.771520	
SB02G042440	SB01G035500	3.5248	301.5	1078.5	0.3485	0.8342	2.3939	-3485.570821	
SB02G042560	SB01G035620	1.0153	237.3	725.7	0.0455	0.0549	1.2058	-1754.328239	
SB02G042570	SB01G035630	1.7361	91.5	439.5	0.2062	0.3479	1.6869	-1172.222175	
SB02G042750	SB01G035860	0.4923	103.0	458.0	0.0290	0.0230	0.7918	-932.749932	
SB02G042810	SB01G035970	1.0651	75.5	362.5	0.0702	0.1081	1.5410	-823.434458	
SB02G042840	SB01G035990	1.0936	131.8	762.2	0.1717	0.2130	1.2404	-1790.282936	
SB02G042900	SB01G036010	1.6388	408.9	1064.1	0.2311	0.2840	1.2289	-3273.245005	
SB02G042930	SB01G036050	1.2387	437.1	1773.9	0.0724	0.1169	1.6142	-4325.859469	
SB02G042970	SB01G036080	1.8963	119.2	324.8	0.1560	0.2578	1.6521	-981.838349	
SB02G043010	SB01G036170	0.9979	293.3	897.7	0.2065	0.1709	0.8277	-2469.133700	
SB02G043060	SB01G036210	2.8317	443.9	1248.1	0.3842	0.6645	1.7296	-4233.148312	
SB02G043120	SB01G036310	1.6687	102.2	641.8	0.0729	0.2025	2.7769	-1463.800882	
SB02G043130	SB01G036360	2.9801	282.9	1145.1	0.0531	0.2190	4.1280	-3008.225880	
SB02G043140	SB01G036390	1.1985	64.7	493.3	0.0708	0.1583	2.2372	-1000.233750	
SB02G043170	SB01G036430	1.2991	352.8	1144.2	0.1790	0.2081	1.1624	-3194.534370	
SB02G043180	SB01G036490	1.1317	144.9	875.1	0.0464	0.0963	2.0739	-1863.018542	
SB02G043200	SB01G036510	1.1889	332.8	930.2	0.1440	0.1544	1.0724	-2625.230548	
SB02G043210	SB01G036560	2.1488	115.7	754.3	0.1966	0.4642	2.3607	-1953.888245	
SB02G043220	SB01G036580	0.6978	52.4	637.6	0.0321	0.0706	2.2029	-1107.082871	
SB02G043320	SB01G036680	2.4200	168.6	425.4	0.0824	0.1939	2.3529	-1282.409045	
SB02G043350	SB01G036740	2.4945	177.9	1058.1	0.0564	0.2438	4.3256	-2555.945637	
SB02G043590	SB01G036840	1.6935	574.0	1769.0	0.2574	0.3308	1.2848	-5302.564484	
SB02G043330	SB01G042700	0.1744	453.4	1193.6	0.4103	0.0417	0.1015	-2579.346169	
SB02G043336	SB01G042706	0.6426	510.8	1436.2	0.4202	0.1573	0.3743	-3904.768479	
SB02G043430	SB01G042770	50.0000	116.3	354.7	0.0210	1.3324	63.4504	-1264.441533	
SB01G036640	SB03G011170	50.0000	239.3	996.7	0.0026	0.2187	85.1781	-2667.479589	
SB02G043310	SB03G011160	4.5980	211.6	616.4	0.2850	0.9338	3.2768	-2171.874603	
SB01G036690	SB03G011130	1.3483	384.5	1121.5	0.0848	0.1197	1.4114	-3055.084372	
SB01G036760	SB03G011060	1.9001	246.1	752.9	0.1302	0.2394	1.8387	-2226.022272	
SB08G000235	SB05G000220	0.1443	579.3	1391.7	0.4962	0.0370	0.0747	-3098.788028	
SB08G000240	SB05G000230	0.2588	76.9	331.1	0.3588	0.0646	0.1799	-669.788128	
SB08G000250	SB05G000240	0.1683	463.2	1339.8	0.2970	0.0349	0.1175	-2890.761935	
SB08G000270	SB05G000250	0.1424	207.5	560.5	0.1053	0.0144	0.1368	-1185.724678	
SB08G000310	SB05G000290	0.4633	120.0	387.0	0.2927	0.0982	0.3356	-910.713967	
SB08G000320	SB05G000300	0.0864	233.6	534.4	0.2585	0.0154	0.0595	-1136.746463	
SB08G000330	SB05G000310	0.4576	198.7	599.3	0.3534	0.1048	0.2965	-1469.517371	
SB08G000380	SB05G000360	0.2169	271.5	922.5	0.6035	0.0629	0.1042	-1958.537670	
SB08G000390	SB05G000365	0.1387	787.3	2275.7	0.3373	0.0307	0.0911	-4809.371158	
SB08G000430	SB05G000390	0.2149	175.0	842.0	0.2096	0.0434	0.2072	-1594.833788	
SB08G000475	SB05G000445	0.1199	313.9	727.1	0.0010	0.0001	0.1323	-1541.573658	
SB08G000480	SB05G000450	0.0932	984.8	2501.2	0.0112	0.0012	0.1069	-5026.948603	
SB08G000500	SB05G000470	0.1740	229.6	499.4	0.2394	0.0290	0.1211	-1143.889636	
SB08G000510	SB05G000480	0.1868	204.0	597.0	0.3607	0.0429	0.1189	-1298.992411	
SB08G000520	SB05G000490	0.2134	432.6	1097.4	0.3593	0.0473	0.1316	-2533.277398	
SB08G000530	SB05G000500	0.1442	282.6	884.4	0.0528	0.0090	0.1703	-1767.698108	
SB08G000540	SB05G000520	0.1049	309.6	770.4	0.0110	0.0013	0.1187	-1578.919509	
SB08G000575	SB05G000550	0.9547	55.5	256.5	0.1623	0.1659	1.0219	-630.319109	
SB08G000640	SB05G000610	0.1157	477.4	1229.6	0.1938	0.0178	0.0920	-2603.795066	
SB08G000680	SB05G000650	0.4947	130.0	527.0	0.1751	0.0853	0.4874	-1091.269593	
SB08G000690	SB05G000660	1.1736	159.5	497.5	0.6952	0.3536	0.5086	-1467.596190	
SB08G000720	SB05G000680	0.7870	126.8	755.2	0.1476	0.1433	0.9713	-1692.914945	
SB08G000790	SB05G000730	0.1106	82.0	419.0	0.1221	0.0169	0.1387	-699.747647	
SB08G000800	SB05G000740	0.1979	287.3	813.7	0.5492	0.0543	0.0989	-1815.111192	
SB08G000810	SB05G000750	0.1755	233.5	780.5	0.1702	0.0276	0.1619	-1595.128004	
SB08G000820	SB05G000770	0.0899	147.6	1208.4	0.0884	0.0141	0.1597	-1749.698798	
SB08G000870	SB05G000785	14.5774	318.5	911.5	0.0574	0.9255	16.1152	-3222.128891	
SB08G000900	SB05G000790	1.0801	185.3	525.7	0.8326	0.3421	0.4109	-1572.851459	
SB08G000910	SB05G000820	0.2304	115.2	292.8	0.2285	0.0393	0.1721	-663.764186	
SB08G000920	SB05G000850	0.7919	182.8	528.2	0.5262	0.2143	0.4073	-1472.363905	
SB08G000940	SB05G000840	1.7573	139.5	412.5	0.2639	0.3436	1.3019	-1243.994334	
SB08G000360	SB01G038540	1.9575	408.4	1244.6	0.1695	0.2952	1.7414	-3795.902810	
SB08G000430	SB01G038500	3.1727	206.3	834.7	0.0570	0.2473	4.3371	-2274.641032	
SB05G000390	SB01G038500	4.7307	224.6	882.4	0.0334	0.2295	6.8708	-2409.345769	
SB08G000470	SB01G038450	35.3302	135.4	944.6	0.0038	0.3472	91.4976	-2364.446518	
SB08G000540	SB01G038300	1.8937	278.4	801.6	0.0554	0.1169	2.1123	-2189.786375	
SB05G000520	SB01G038300	2.2190	281.5	798.5	0.0467	0.1171	2.5058	-2191.235418	
SB08G000720	SB01G038130	50.0000	129.4	767.6	0.0028	0.3209	113.6495	-1955.133662	
SB05G000680	SB01G038130	22.7689	196.1	1420.9	0.0037	0.2279	60.9356	-3226.354454	
SB08G000860	SB01G038020	50.0000	186.1	1184.9	0.0030	0.3613	120.4603	-2962.786792	
SB08G000430	SB02G043980	2.7892	182.8	846.2	0.0543	0.2271	4.1828	-2191.677479	
SB05G000390	SB02G043980	2.1807	194.1	900.9	0.0691	0.2146	3.1052	-2319.020216	
SB01G038500	SB02G043980	1.4447	216.1	902.9	0.0651	0.1276	1.9601	-2247.152578	
SB01G038485	SB02G043960	50.0000	535.6	1693.4	0.0094	0.6317	67.3626	-5688.578028	
SB08G000470	SB02G043950	50.0000	148.4	931.6	0.0034	0.3998	118.8090	-2445.580886	
SB01G038450	SB02G043950	43.0173	128.1	972.9	0.0015	0.1861	121.8079	-2140.350515	
SB01G038360	SB02G043900	4.0942	263.1	1311.9	0.0145	0.1103	7.6189	-3017.267895	
SB08G000540	SB02G043880	1.3889	261.9	818.1	0.0515	0.0847	1.6448	-2101.534823	
SB05G000520	SB02G043880	1.4572	262.6	817.4	0.0488	0.0847	1.7341	-2103.579856	
SB01G038300	SB02G043880	0.9515	290.4	789.6	0.0840	0.0807	0.9603	-2064.276826	
SB01G038155	SB01G013045	50.0000	93.1	275.9	0.0273	1.6695	61.1356	-983.647866	
SB08G000560	SB01G013040	7.0722	474.6	1370.4	0.1081	0.7551	6.9841	-4591.413068	
SB05G000580	SB10G013700	5.7191	89.7	273.3	0.2087	0.9843	4.7157	-948.698639	
SB05G000703	SB10G013080	0.0771	114.3	326.7	1.4740	0.0280	0.0190	-648.801828	
SB07G022190	SB02G025610	0.6999	42.7	365.3	0.1027	0.1219	1.1864	-703.369891	
SB07G022250	SB02G025660	0.8345	349.0	1550.0	0.0781	0.0878	1.1236	-3521.149058	
SB07G022300	SB02G025820	2.4903	254.1	1146.9	0.0814	0.2726	3.3468	-3026.848131	
SB07G022540	SB02G026020	1.0670	264.8	719.2	0.1306	0.1274	0.9757	-1956.857829	
SB07G022550	SB02G026050	50.0000	122.0	763.0	0.0028	0.3346	118.8203	-1831.337523	
SB07G022620	SB02G026150	1.1052	116.1	606.9	0.1231	0.1719	1.3961	-1378.787138	
SB07G022640	SB02G026160	45.6309	237.6	1166.4	0.0046	0.4059	87.8896	-3122.662913	
SB07G022685	SB02G026170	3.1547	279.5	815.5	0.0344	0.1289	3.7437	-2245.446620	
SB07G022690	SB02G026180	7.5314	142.9	571.1	0.0370	0.4046	10.9258	-1637.286127	
SB07G022700	SB02G026230	1.6919	180.2	950.8	0.1526	0.2992	1.9609	-2361.525977	
SB07G022710	SB02G026240	2.0065	184.2	934.8	0.0945	0.2594	2.7460	-2340.157905	
SB07G022780	SB02G026340	1.5752	148.5	988.5	0.1165	0.2638	2.2649	-2365.901069	
SB07G022810	SB02G026380	1.6732	155.7	447.3	0.2290	0.2983	1.3027	-1351.531843	
SB07G022920	SB02G026530	1.8128	98.4	585.6	0.1468	0.3291	2.2425	-1453.633717	
SB07G022965	SB02G026570	1.9098	143.6	477.4	0.0996	0.2060	2.0687	-1317.950659	
SB07G022970	SB02G026580	1.2641	196.6	1015.4	0.0696	0.1330	1.9108	-2194.890762	
SB07G022990	SB02G026600	1.3271	190.4	1159.6	0.0986	0.1932	1.9600	-2696.668631	
SB07G023010	SB02G026610	0.8532	135.3	1118.7	0.0632	0.1094	1.7319	-2228.955804	
SB07G023030	SB02G026630	1.7559	67.8	385.2	0.3647	0.4643	1.2730	-981.152873	
SB07G023060	SB02G026780	0.8110	283.2	775.8	0.0620	0.0536	0.8641	-1934.111586	
SB07G023160	SB02G026890	1.8611	313.7	1318.3	0.1060	0.2367	2.2330	-3506.128577	
SB07G023190	SB02G026900	1.1166	103.1	577.9	0.0831	0.1394	1.6776	-1268.391645	
SB07G023200	SB02G026818	50.0000	253.1	826.9	0.0041	0.2882	70.1820	-2463.967349	
SB07G023250	SB02G026910	2.3657	231.4	602.6	0.1463	0.3010	2.0584	-1874.883964	
SB07G023280	SB02G026920	50.0000	102.9	485.1	0.0025	0.2358	94.0918	-1139.826337	
SB07G023325	SB02G026970	50.0000	136.5	583.5	0.0038	0.3269	86.5382	-1547.075958	
SB07G023330	SB02G026980	1.5800	347.3	1104.7	0.2467	0.3044	1.2337	-3338.600354	
SB07G023350	SB02G027020	1.7954	191.0	727.0	0.0943	0.1996	2.1169	-1927.957305	
SB07G023360	SB02G027040	2.0944	68.5	495.5	0.0390	0.1749	4.4853	-1028.428815	
SB07G023380	SB02G027060	1.0365	213.6	611.4	0.1936	0.1662	0.8585	-1694.726347	
SB07G022570	SB04G034740	50.0000	120.7	605.3	0.0038	0.3764	98.3543	-1602.407111	
SB02G026280	SB04G034520	1.8712	81.2	716.8	0.0296	0.1440	4.8589	-1436.810045	
SB07G022750	SB04G034470	1.3515	287.1	2325.9	0.0483	0.1423	2.9470	-4803.867164	
SB02G026320	SB04G034450	3.1152	168.2	494.8	0.1847	0.4898	2.6526	-1623.918330	
SB02G026330	SB04G034400	50.0000	252.5	878.5	0.0045	0.3311	73.5072	-2534.926715	
SB07G022810	SB04G034320	1.7900	159.6	446.4	0.2520	0.3348	1.3289	-1380.260831	
SB02G026380	SB04G034320	2.0850	157.4	448.6	0.1054	0.2169	2.0574	-1322.582190	
SB02G026455	SB04G034310	2.8992	279.5	758.5	0.3050	0.5989	1.9637	-2623.401469	
SB07G022965	SB04G034190	5.4185	136.0	497.0	0.0565	0.3938	6.9659	-1467.319220	
SB02G026570	SB04G034190	50.0000	144.8	542.2	0.0048	0.3735	77.6985	-1591.923480	
SB07G023010	SB04G034140	1.5188	136.4	1114.6	0.0628	0.1928	3.0677	-2429.883011	
SB02G026610	SB04G034140	1.2371	138.8	1112.2	0.0737	0.1722	2.3365	-2405.817901	
SB02G026640	SB04G034070	2.8503	186.6	1358.4	0.0834	0.4081	4.8961	-3374.513090	
SB07G023070	SB10G007224	9.6321	128.5	774.5	0.0158	0.3248	20.6058	-1864.490695	
SB02G026800	SB10G007224	20.0648	120.5	758.5	0.0099	0.4549	45.9080	-1925.485928	
SB07G023165	SB10G007395	10.1641	88.4	223.6	0.0335	0.3695	11.0210	-735.281421	
SB07G023350	SB10G007450	6.9672	210.4	608.6	0.0667	0.5053	7.5794	-2022.387851	
SB02G027020	SB10G007450	6.3029	198.3	623.7	0.0634	0.4603	7.2619	-1986.761550	
SB02G027030	SB10G007470	4.0922	154.1	502.9	0.0721	0.3396	4.7074	-1500.487596	
SB09G020640	SB03G042090	0.8763	220.1	601.9	0.0899	0.0787	0.8754	-1581.289751	
SB09G020680	SB03G042070	1.7214	87.7	233.3	0.3994	0.4067	1.0183	-747.936770	
SB09G020700	SB03G042020	1.5136	128.4	420.6	0.1643	0.2304	1.4021	-1178.196067	
SB09G020760	SB03G041900	1.2196	115.0	794.0	0.1066	0.1974	1.8508	-1731.578217	
SB09G020770	SB03G041860	2.5133	86.0	460.0	0.0613	0.2457	4.0060	-1174.256162	
SB09G020790	SB03G041840	0.6751	144.1	1244.9	0.0426	0.0675	1.5861	-2266.625182	
SB09G020810	SB03G041800	0.7502	290.7	711.3	0.0850	0.0606	0.7137	-1852.788207	
SB09G020840	SB03G041770	1.4155	264.5	842.5	0.0770	0.1221	1.5858	-2284.696379	
SB09G020870	SB03G041725	27.4394	240.6	1223.4	0.0070	0.3745	53.7439	-3215.139487	
SB09G020900	SB03G041690	1.2984	263.9	783.1	0.1846	0.2048	1.1095	-2263.970874	
SB09G020910	SB03G041660	1.8026	126.7	431.3	0.0514	0.1157	2.2522	-1109.546172	
SB09G021080	SB03G041540	1.3227	127.4	850.6	0.0707	0.1626	2.2990	-1904.270077	
SB09G021110	SB03G041460	1.0901	77.3	759.7	0.0951	0.1934	2.0331	-1564.441764	
SB09G021140	SB03G041450	3.1745	166.6	544.4	0.1278	0.4073	3.1855	-1720.762139	
SB09G021150	SB03G041430	0.8675	88.1	568.9	0.1257	0.1496	1.1900	-1208.633846	
SB09G021240	SB03G041370	1.2262	263.6	1227.4	0.0607	0.1094	1.8021	-2771.092975	
SB09G021270	SB03G041350	0.8875	190.9	607.1	0.0912	0.0874	0.9587	-1527.903127	
SB09G021280	SB03G041340	1.0886	344.1	1014.9	0.1498	0.1489	0.9940	-2783.706389	
SB09G021300	SB03G041310	0.9378	298.9	697.1	0.0899	0.0774	0.8612	-1893.660789	
SB09G021310	SB03G041300	37.1978	236.9	1368.1	0.0010	0.0835	83.5144	-2834.710966	
SB09G021320	SB03G041190	15.1878	208.2	1228.8	0.0070	0.2346	33.5626	-2897.503265	
SB09G021360	SB03G041180	0.6950	330.7	803.3	0.1002	0.0640	0.6388	-2110.075856	
SB09G021390	SB03G041150	1.0455	390.7	1076.3	0.2426	0.1903	0.7844	-3119.069925	
SB09G021550	SB03G041010	0.7317	205.8	526.2	0.0700	0.0515	0.7357	-1331.016526	
SB09G021570	SB03G040990	1.2841	200.4	597.6	0.1105	0.1416	1.2818	-1586.076495	
SB09G021580	SB03G040970	1.5050	150.4	560.6	0.1672	0.2442	1.4610	-1508.542533	
SB09G021590	SB03G040940	1.0143	277.0	794.0	0.0789	0.0841	1.0661	-2103.202274	
SB09G021660	SB03G040880	0.7705	286.4	811.6	0.0386	0.0343	0.8876	-1927.050490	
SB09G021690	SB03G040860	50.0000	131.2	600.8	0.0069	0.6251	90.1005	-1743.602804	
SB09G021200	SB03G013915	13.6090	105.8	581.2	0.0149	0.4066	27.2225	-1587.813752	
SB01G049280	SB01G031090	1.0322	240.3	1862.7	0.0668	0.1325	1.9837	-3749.303492	
SB01G049290	SB01G031100	1.3694	502.4	1519.6	0.0953	0.1359	1.4263	-4162.604860	
SB01G049320	SB01G031110	1.0045	211.5	1480.5	0.0731	0.1295	1.7721	-3070.172337	
SB01G049470	SB01G031170	1.1254	248.6	1314.4	0.0770	0.1291	1.6762	-2874.091711	
SB01G049500	SB01G031190	1.1805	199.1	676.9	0.1336	0.1591	1.1907	-1788.885873	
SB01G049520	SB01G031210	4.3340	128.2	714.8	0.0212	0.1801	8.4967	-1648.320060	
SB01G048710	SB01G030770	1.4374	131.2	729.8	0.0863	0.1833	2.1242	-1724.653487	
SB01G048730	SB01G030760	2.0929	127.2	706.8	0.1517	0.3765	2.4816	-1861.781688	
SB01G048770	SB01G030720	50.0000	95.7	525.3	0.0043	0.4533	105.7139	-1378.039901	
SB01G048780	SB01G030710	0.8036	456.2	1190.8	0.1875	0.1218	0.6493	-3293.156129	
SB01G048930	SB01G030630	0.6880	172.5	1183.5	0.0937	0.1028	1.0976	-2357.094525	
SB01G048950	SB01G030610	1.5054	122.9	516.1	0.0973	0.1803	1.8524	-1204.039294	
SB01G049010	SB01G030580	0.5740	116.1	354.9	0.0374	0.0260	0.6967	-821.592500	
SB01G049030	SB01G030560	0.9632	94.2	835.8	0.0440	0.1004	2.2800	-1591.661354	
SB01G047780	SB01G030170	1.4095	295.7	772.3	0.2715	0.2696	0.9929	-2380.464342	
SB01G047830	SB01G030180	1.0717	308.1	837.9	0.1133	0.1151	1.0157	-2319.015066	
SB01G047980	SB01G030240	4.7625	146.8	480.2	0.0539	0.3106	5.7637	-1419.885642	
SB01G048170	SB01G030310	7.0317	145.0	752.0	0.0140	0.1894	13.5160	-1686.965119	
SB01G048500	SB01G030400	9.0687	316.1	1048.9	0.0347	0.4065	11.7049	-3232.013293	
SB01G048570	SB01G030450	1.1718	227.5	696.5	0.1850	0.1874	1.0127	-1949.157544	
SB01G049240	SB01G030760	50.0000	171.5	665.5	0.0098	0.7645	78.3628	-2136.450220	
SB01G049530	SB01G031240	1.6768	131.2	858.8	0.0844	0.2293	2.7175	-1948.158441	
SB01G049540	SB01G031260	1.5611	339.0	801.0	0.3348	0.3271	0.9770	-2622.378120	
SB09G025510	SB03G034845	10.4873	226.6	814.4	0.0314	0.4533	14.4330	-2449.614805	
SB09G025580	SB03G034810	0.9995	91.5	316.5	0.0576	0.0713	1.2392	-777.755206	
SB09G025660	SB03G034640	0.9712	635.5	1824.5	0.1015	0.0985	0.9704	-4842.201892	
SB09G025780	SB03G034560	0.9152	101.0	901.0	0.0838	0.1451	1.7313	-1830.674556	
SB09G025810	SB03G034510	2.2979	238.1	748.9	0.1936	0.3820	1.9734	-2238.118196	
SB09G025820	SB03G034490	2.8024	96.3	434.7	0.0592	0.2405	4.0647	-1038.609239	
SB09G025830	SB03G034440	2.0044	244.9	685.1	0.1553	0.2747	1.7686	-2126.604222	
SB09G025840	SB03G034430	1.8710	92.7	669.3	0.0927	0.2848	3.0714	-1528.545626	
SB09G025900	SB03G034390	1.1476	491.6	1848.4	0.0386	0.0614	1.5899	-4202.747301	
SB09G025920	SB03G034385	0.7492	517.2	1399.8	0.0616	0.0489	0.7934	-3486.211462	
SB09G025950	SB03G034360	1.5415	163.8	712.2	0.1984	0.2928	1.4752	-1811.927546	
SB09G026020	SB03G034310	1.7143	221.7	795.3	0.1845	0.2910	1.5775	-2284.071797	
SB09G026030	SB03G034300	0.8020	102.5	317.5	0.1711	0.1225	0.7160	-818.862115	
SB09G026040	SB03G034290	1.4222	344.2	1008.8	0.3293	0.3123	0.9484	-3076.514140	
SB09G026060	SB03G034250	0.7228	90.6	893.4	0.0770	0.1146	1.4875	-1700.109693	
SB09G026070	SB03G034245	1.7360	154.2	745.8	0.1435	0.2861	1.9939	-1926.713806	
SB09G026080	SB03G034230	0.9762	409.8	1063.2	0.1097	0.0999	0.9105	-2901.831859	
SB09G026130	SB03G034090	2.5858	70.0	413.0	0.0639	0.2759	4.3199	-1031.866275	
SB09G026140	SB03G034070	1.1955	248.8	651.2	0.1841	0.1791	0.9728	-1926.592989	
SB09G026150	SB03G034060	0.7625	333.6	1121.4	0.0926	0.0783	0.8452	-2771.863162	
SB09G026190	SB03G034010	50.0000	140.3	411.7	0.0219	1.3514	61.6224	-1485.883850	
SB09G026220	SB03G033910	2.1862	47.4	315.6	0.0770	0.2842	3.6894	-730.779070	
SB09G026230	SB03G033900	3.1521	80.1	591.9	0.0411	0.2779	6.7653	-1316.343754	
SB09G026320	SB03G033800	0.8333	473.3	1305.7	0.0537	0.0489	0.9093	-3271.850940	
SB02G005430	SB01G004855	2.1786	396.0	1452.0	0.4404	0.5708	1.2961	-4469.595180	
SB02G005560	SB01G004790	3.2009	114.3	650.7	0.0420	0.2419	5.7619	-1578.743372	
SB02G005630	SB01G004740	6.8962	113.1	1182.9	0.0130	0.3023	23.1711	-2622.305987	
SB02G005710	SB01G004720	1.4251	234.2	764.8	0.1687	0.2204	1.3066	-2136.862846	
SB02G005713	SB01G004710	1.8812	118.9	391.1	0.1565	0.2779	1.7758	-1150.956693	
SB02G005730	SB01G004700	0.7413	135.4	503.6	0.0187	0.0204	1.0904	-1097.071163	
SB02G005750	SB01G004670	4.1533	152.2	567.8	0.0513	0.2819	5.4988	-1612.985081	
SB02G005780	SB01G004630	2.2071	388.6	1225.4	0.1334	0.2869	2.1511	-3683.803619	
SB02G005910	SB01G004600	0.8862	544.4	1513.6	0.1075	0.0924	0.8598	-3969.716653	
SB02G005913	SB01G004560	31.9589	93.0	381.0	0.0055	0.2916	53.1285	-972.835146	
SB02G006130	SB01G004360	0.8828	154.4	796.6	0.0397	0.0597	1.5041	-1701.814324	
SB02G006290	SB01G004210	0.6812	581.3	1713.7	0.0399	0.0320	0.8022	-4070.634257	
SB02G006320	SB01G004130	0.6866	247.4	1936.6	0.0699	0.0912	1.3063	-3668.629935	
SB02G006340	SB01G004100	0.9666	362.3	822.7	0.1237	0.1017	0.8227	-2310.213569	
SB02G006350	SB01G004080	1.9337	238.9	610.1	0.2273	0.3294	1.4494	-1939.148903	
SB02G006400	SB01G003950	34.7038	123.9	761.1	0.0019	0.1576	81.6904	-1643.826052	
SB02G006440	SB01G003940	0.9170	122.7	312.3	0.1286	0.1049	0.8163	-856.104474	
SB02G006540	SB01G003770	0.5125	104.1	429.9	0.0083	0.0070	0.8477	-869.278842	
SB02G006680	SB01G003710	2.3857	86.3	684.7	0.0751	0.3345	4.4527	-1566.743984	
SB02G006770	SB01G003680	0.8071	227.4	588.6	0.0947	0.0735	0.7753	-1542.982714	
SB02G006890	SB01G003580	50.0000	65.4	309.6	0.0043	0.4043	93.6256	-874.559827	
SB02G006930	SB01G003540	9.6951	285.7	869.3	0.0182	0.2250	12.3801	-2463.700979	
SB02G006980	SB01G003420	1.2819	127.0	575.0	0.0911	0.1523	1.6717	-1417.827604	
SB02G007000	SB01G003400	1.9243	267.3	836.7	0.3435	0.4385	1.2765	-2640.860017	
SB02G005440	SB01G011610	1.4787	564.2	1649.8	0.0410	0.0708	1.7269	-4289.127669	
SB02G005700	SB01G011490	10.3192	201.3	791.7	0.0169	0.2695	15.9083	-2231.359494	
SB02G005780	SB01G011450	1.8088	353.2	1131.8	0.2594	0.3591	1.3843	-3449.229919	
SB01G004630	SB01G011450	2.4653	378.2	1076.8	0.1504	0.3330	2.2136	-3376.088089	
SB02G005980	SB01G011215	0.0623	131.3	318.7	3.3263	0.0261	0.0078	-650.386705	
SB02G005440	SB08G023070	1.4101	738.2	2096.8	0.0294	0.0490	1.6661	-5303.483035	
SB01G011610	SB08G023070	0.7435	589.3	1624.7	0.0537	0.0435	0.8110	-4016.219872	
SB02G005630	SB08G023140	7.4918	127.0	1169.0	0.0165	0.3648	22.1281	-2758.310379	
SB01G004740	SB08G023140	50.0000	124.5	1171.5	0.0017	0.2895	170.7500	-2650.732183	
SB02G005700	SB08G023160	11.4206	203.2	789.8	0.0162	0.2836	17.5033	-2242.142576	
SB01G011490	SB08G023160	1.2401	265.0	728.0	0.1352	0.1527	1.1294	-2086.756408	
SB01G011480	SB08G023170	1.4683	185.6	936.4	0.0627	0.1409	2.2482	-2188.328650	
SB02G005730	SB08G023180	5.4779	122.3	489.7	0.0261	0.2157	8.2707	-1316.143267	
SB01G004700	SB08G023180	10.7756	131.5	480.5	0.0147	0.2326	15.8682	-1343.324084	
SB02G005780	SB07G002630	2.4032	353.9	1194.1	0.2215	0.4442	2.0052	-3717.658021	
SB01G004630	SB07G002630	3.6535	363.8	1145.2	0.1005	0.3856	3.8377	-3607.674897	
SB01G011450	SB07G002630	2.6562	325.8	1057.2	0.2480	0.5165	2.0828	-3382.362804	
SB02G005867	SB07G002790	50.0000	88.5	262.5	0.0137	0.8706	63.5387	-925.087374	
SB01G011300	SB07G003000	50.0000	251.3	1176.7	0.0064	0.5922	91.9203	-3408.947017	
SB10G028230	SB04G003780	1.1571	325.9	877.1	0.1647	0.1624	0.9866	-2482.612885	
SB10G028340	SB04G003660	1.0986	516.0	1287.0	0.0953	0.0985	1.0338	-3589.516106	
SB10G028510	SB04G003650	2.4920	266.5	870.5	0.2118	0.4437	2.0950	-2703.352127	
SB10G028680	SB04G003570	1.7338	149.5	465.5	0.1529	0.2463	1.6109	-1340.471337	
SB10G028740	SB04G003540	1.5183	413.7	1251.3	0.2102	0.2617	1.2453	-3728.690125	
SB10G028780	SB04G003480	0.9689	273.1	728.9	0.0310	0.0339	1.0943	-1800.085025	
SB10G028840	SB04G003470	1.4860	254.0	985.0	0.1815	0.2574	1.4180	-2664.398666	
SB10G028940	SB04G003390	0.6555	247.7	850.3	0.0367	0.0316	0.8600	-1916.549378	
SB10G029070	SB04G003310	1.6652	357.9	998.1	0.3770	0.3865	1.0251	-3175.426961	
SB10G029125	SB04G003250	0.7648	72.5	302.5	0.1255	0.1086	0.8655	-682.857374	
SB10G029130	SB04G003240	0.9672	527.2	1401.8	0.1290	0.1133	0.8784	-3828.418635	
SB10G029190	SB04G003175	2.3360	237.8	662.2	0.3869	0.5489	1.4186	-2233.559994	
SB10G029200	SB04G003140	1.7104	87.5	275.5	0.3218	0.3781	1.1751	-845.787251	
SB10G029280	SB04G003040	0.9517	384.2	1019.8	0.1023	0.0933	0.9118	-2765.932458	
SB10G029285	SB04G003020	1.5449	692.2	2394.8	0.2382	0.2999	1.2589	-6892.816447	
SB10G029305	SB04G002970	1.4250	194.2	606.8	0.2234	0.2578	1.1538	-1763.791012	
SB10G027720	SB04G004190	2.8465	300.6	1094.4	0.2874	0.6184	2.1516	-3463.046227	
SB10G027870	SB04G004110	1.9397	423.8	1349.2	0.3351	0.4386	1.3088	-4175.080513	
SB10G027900	SB04G004090	1.0201	329.1	954.9	0.0742	0.0810	1.0917	-2481.044901	
SB10G027930	SB04G004070	0.8641	130.3	733.7	0.1730	0.1674	0.9674	-1576.667154	
SB10G027960	SB04G004020	0.8887	411.9	1202.1	0.0862	0.0799	0.9275	-3096.632560	
SB10G028130	SB10G002870	50.0000	96.9	539.1	0.0028	0.3022	107.7269	-1355.839614	
SB10G028370	SB10G002620	50.0000	360.0	1002.0	0.0137	0.8337	60.7394	-3519.681338	
SB10G028620	SB10G002530	50.0000	203.3	660.7	0.0105	0.7163	68.5151	-2210.697214	
SB04G003790	SB01G037310	50.0000	196.0	563.0	0.0130	0.8085	62.2040	-1954.341946	
SB10G028370	SB01G037150	4.7579	347.3	993.7	0.1571	0.6636	4.2248	-3392.617872	
SB10G028390	SB01G037130	50.0000	131.3	486.7	0.0090	0.6844	75.9370	-1540.656421	
SB07G005930	SB06G028440	3.9400	78.6	236.4	0.0285	0.1383	4.8479	-648.757361	
SB07G006000	SB06G028380	0.9817	533.1	1389.9	0.0896	0.0858	0.9567	-3695.493896	
SB07G006010	SB06G028370	1.0057	473.7	1299.3	0.0969	0.0961	0.9911	-3492.367788	
SB07G006030	SB06G028360	2.5288	296.1	912.9	0.3321	0.5648	1.7005	-2941.581947	
SB07G006040	SB06G028340	0.9203	383.0	997.0	0.1002	0.0878	0.8767	-2688.653847	
SB07G006060	SB06G028270	11.3384	207.9	521.1	0.0178	0.2265	12.6880	-1593.197588	
SB07G006090	SB06G028240	1.4214	154.3	865.7	0.0836	0.1783	2.1322	-2000.628852	
SB07G006100	SB06G028160	19.1389	180.3	1094.7	0.0061	0.2669	43.4984	-2511.992342	
SB07G006160	SB06G028140	1.3532	281.4	735.6	0.0756	0.1029	1.3611	-2009.963484	
SB07G006180	SB06G028100	1.6722	186.1	509.9	0.0818	0.1392	1.7031	-1431.628671	
SB07G006210	SB06G028090	50.0000	89.6	360.4	0.0060	0.4896	81.7566	-1011.960351	
SB07G006260	SB06G028060	1.3521	91.3	250.7	0.3159	0.2857	0.9041	-754.779865	
SB07G006310	SB06G027970	0.9837	286.1	832.9	0.1178	0.1125	0.9550	-2225.801274	
SB07G006330	SB06G027960	1.5246	349.0	1037.0	0.2380	0.2813	1.1823	-3083.514156	
SB07G006370	SB06G027940	0.9240	796.8	2068.2	0.0945	0.0840	0.8893	-5532.264656	
SB07G006420	SB06G027880	1.1336	252.8	749.2	0.1375	0.1463	1.0639	-2065.787318	
SB07G006430	SB06G027980	50.0000	99.8	308.2	0.0119	0.7793	65.7408	-1022.169373	
SB07G006890	SB06G027840	1.7781	118.5	367.5	0.2131	0.3118	1.4635	-1061.430208	
SB07G006980	SB06G027710	50.0000	70.4	433.6	0.0049	0.5692	115.8798	-1132.728008	
SB07G007010	SB06G027660	5.4965	104.1	690.9	0.0330	0.3791	11.4736	-1778.216049	
SB07G007520	SB06G027620	1.9376	251.7	750.3	0.2870	0.3977	1.3856	-2382.064098	
SB07G007530	SB06G027610	0.8100	198.9	662.1	0.1474	0.1155	0.7841	-1698.857220	
SB06G022215	SB04G027465	2.5670	153.4	539.6	0.1064	0.2993	2.8133	-1477.603609	
SB06G022275	SB04G027420	50.0000	114.4	521.6	0.0103	0.9102	88.4924	-1543.727594	
SB06G022530	SB04G026300	9.7527	362.7	1002.3	0.0639	0.6644	10.3991	-3493.239475	
SB06G022690	SB04G026490	1.0203	100.4	622.6	0.0604	0.1077	1.7818	-1223.399458	
SB06G022700	SB04G026470	5.4039	193.2	802.8	0.0343	0.2785	8.1281	-2232.485154	
SB06G022740	SB04G026510	0.4490	192.8	1904.2	0.0597	0.0612	1.0236	-3214.768054	
SB06G022780	SB04G026590	1.1795	166.8	478.2	0.0992	0.1175	1.1837	-1274.571382	
SB06G022810	SB04G026610	1.5303	291.2	1466.8	0.1755	0.2868	1.6346	-3727.240417	
SB06G022820	SB04G026630	2.8820	62.1	336.9	0.1152	0.4378	3.7996	-857.971698	
SB06G022840	SB04G026650	0.5050	88.3	637.7	0.0512	0.0517	1.0104	-1146.045967	
SB06G022920	SB04G026740	2.5339	153.9	419.1	0.1442	0.3256	2.2577	-1305.685538	
SB06G022980	SB04G026770	3.5016	266.5	726.5	0.1009	0.3442	3.4109	-2322.066788	
SB06G023000	SB04G026840	1.3835	225.7	665.3	0.1285	0.1696	1.3203	-1870.132732	
SB06G023100	SB04G026900	14.2726	158.2	1143.8	0.0081	0.2987	36.9900	-2742.940446	
SB06G023120	SB04G026930	4.4834	198.8	599.2	0.0489	0.2559	5.2288	-1767.194829	
SB06G023130	SB04G026970	0.9898	65.9	384.1	0.1883	0.2023	1.0742	-821.900798	
SB06G023170	SB04G027020	0.8101	67.7	580.3	0.0786	0.1213	1.5445	-1162.025589	
SB06G023300	SB04G027140	2.3787	127.5	526.5	0.0765	0.2364	3.0907	-1359.684302	
SB06G023313	SB04G027180	50.0000	118.4	511.6	0.0050	0.4359	86.8033	-1435.169686	
SB06G023320	SB04G027190	1.1149	503.6	1458.4	0.2099	0.1890	0.9005	-4180.409348	
SB06G023330	SB04G027200	1.1198	510.1	1475.9	0.1254	0.1337	1.0663	-4009.857221	
SB06G023380	SB04G027230	1.4399	80.1	654.9	0.0387	0.1296	3.3444	-1333.364066	
SB06G022810	SB06G032500	50.0000	394.7	1348.3	0.0125	0.8841	70.5807	-4521.424270	
SB04G026610	SB06G032500	50.0000	418.1	1441.9	0.0121	0.8633	71.1665	-4792.326921	
SB04G026710	SB06G032590	2.7070	300.3	818.7	0.1612	0.3765	2.3354	-2671.855258	
SB06G023000	SB06G032720	50.0000	194.7	696.3	0.0035	0.2615	75.3483	-1957.160817	
SB04G026840	SB06G032720	12.1256	354.1	1607.9	0.0088	0.1892	21.5339	-4064.709608	
SB04G027100	SB06G032930	4.6422	130.4	331.6	0.0854	0.3845	4.5038	-1094.243925	
SB06G023320	SB06G033000	1.9437	469.8	1483.2	0.1826	0.3119	1.7087	-4528.226893	
SB04G027190	SB06G033000	1.9689	469.4	1498.6	0.2005	0.3364	1.6778	-4616.717006	
SB06G023360	SB06G033050	50.0000	315.4	845.6	0.0038	0.2337	60.7326	-2552.278194	
SB06G022320	SB04G036940	31.8899	399.7	1400.3	0.0082	0.3808	46.5384	-4222.104959	
SB04G026400	SB04G036670	3.1863	256.9	919.1	0.1700	0.5139	3.0238	-2930.835050	
SB04G026440	SB04G036640	50.0000	102.4	683.6	0.0030	0.3757	125.4023	-1741.752393	
SB06G022610	SB04G036620	50.0000	63.3	401.7	0.0019	0.2301	120.8843	-913.851780	
SB04G026450	SB04G036620	50.0000	79.8	433.2	0.0022	0.2363	105.9215	-1030.475727	
SB04G026470	SB04G036600	2.2927	125.7	870.3	0.0770	0.3042	3.9497	-2132.067925	
SB06G022690	SB04G036570	31.7207	109.0	602.0	0.0031	0.2099	67.8239	-1332.050698	
SB04G026490	SB04G036570	50.0000	112.7	607.3	0.0024	0.2541	105.1266	-1412.896799	
SB06G023080	SB01G018760	3.4004	312.5	1022.5	0.2584	0.6780	2.6237	-3347.302820	
SB04G027040	SB01G018510	50.0000	59.2	339.8	0.0039	0.4279	109.8707	-896.071240	
SB06G023240	SB01G018430	13.0612	107.0	607.0	0.0072	0.2004	27.9155	-1338.425962	
SB06G023250	SB01G018380	3.3209	218.0	619.0	0.2039	0.5488	2.6914	-2084.170261	
SB06G023280	SB01G018360	1.8138	307.1	1300.9	0.0275	0.0780	2.8349	-3058.275996	
SB04G027175	SB01G018270	50.0000	84.5	407.5	0.0061	0.5778	94.2179	-1087.868675	
SB06G020845	SB04G025130	50.0000	321.3	1022.7	0.0165	1.0944	66.2359	-3574.401495	
SB06G020850	SB04G025210	0.6485	144.1	362.9	0.0761	0.0486	0.6383	-908.885532	
SB06G021170	SB04G025400	1.3871	84.9	626.1	0.1072	0.2319	2.1629	-1371.762229	
SB06G021210	SB04G025430	2.6254	68.4	600.6	0.0491	0.2937	5.9836	-1362.373707	
SB06G021390	SB04G025500	0.9010	119.5	699.5	0.0872	0.1188	1.3625	-1438.303374	
SB06G021420	SB04G025540	1.2014	533.5	1581.5	0.1147	0.1359	1.1848	-4260.379567	
SB06G021470	SB04G025650	1.4794	343.7	970.3	0.2280	0.2615	1.1469	-2870.782555	
SB06G021480	SB04G025660	1.0227	108.8	662.2	0.0886	0.1390	1.5692	-1351.378690	
SB06G021540	SB04G025720	1.2555	273.5	848.5	0.0815	0.1117	1.3704	-2231.153075	
SB06G021640	SB04G025760	1.8582	249.4	923.6	0.0351	0.0906	2.5777	-2213.381293	
SB06G021690	SB04G025830	0.7860	84.7	638.3	0.0848	0.1157	1.3646	-1254.284330	
SB06G021700	SB04G025840	2.6508	509.4	1620.6	0.2068	0.4608	2.2288	-5033.143079	
SB06G021750	SB04G025870	0.5798	104.6	372.4	0.0010	0.0009	0.8780	-769.118187	
SB06G021770	SB04G025880	2.0448	197.3	549.7	0.1431	0.2640	1.8452	-1692.388999	
SB06G021810	SB04G025930	1.1232	162.3	443.7	0.1300	0.1341	1.0314	-1203.015317	
SB06G021860	SB04G025980	3.0230	521.8	1512.2	0.2484	0.5673	2.2838	-4994.544045	
SB06G021940	SB04G026030	1.8528	484.1	1444.9	0.3646	0.4297	1.1785	-4542.227865	
SB06G022100	SB04G026230	1.7571	148.9	1108.1	0.0576	0.1994	3.4603	-2425.373954	
SB06G022130	SB04G026250	1.1358	388.0	1082.0	0.1566	0.1563	0.9985	-3050.991871	
SB06G022230	SB04G026290	23.4619	63.3	428.7	0.0021	0.1284	59.9487	-858.537317	
SB06G022320	SB04G026320	1.0808	470.8	1344.2	0.1535	0.1482	0.9656	-3714.866542	
SB06G022700	SB04G026770	38.6440	242.0	754.0	0.0101	0.5193	51.4066	-2477.863344	
SB06G008790	SB04G016320	1.5160	216.6	677.4	0.3378	0.3426	1.0142	-2052.044002	
SB06G009501	SB04G015640	1.1160	113.9	336.1	0.2166	0.1942	0.8967	-945.870268	
SB06G010845	SB04G017443	0.0764	131.3	318.7	1.0947	0.0261	0.0239	-653.185562	
SB06G010870	SB04G016970	5.4127	340.3	1060.7	0.1082	0.6010	5.5554	-3480.809197	
SB06G010870	SB04G017460	41.1387	261.2	1157.8	0.0097	0.6909	71.4397	-3466.663635	
SB06G011550	SB04G017480	1.5277	109.6	346.4	0.4696	0.4005	0.8528	-1028.434837	
SB06G011765	SB04G017460	50.0000	87.5	545.5	0.0069	0.7929	115.6884	-1470.394119	
SB06G011815	SB04G017480	1.1935	81.4	266.6	0.3417	0.2743	0.8028	-759.056099	
SB06G012995	SB04G018351	1.2389	84.7	329.3	0.4083	0.3185	0.7801	-897.946361	
SB06G013830	SB04G018331	50.0000	105.9	251.1	0.2585	9.0028	34.8311	-938.510107	
SB06G014290	SB04G019320	0.1424	134.9	315.1	1.7355	0.0544	0.0313	-691.769639	
SB04G017510	SB02G010240	3.4230	305.9	819.1	0.3802	0.7906	2.0792	-2920.269572	
SB04G017510	SB10G010013	11.2189	311.5	867.5	0.0844	0.9671	11.4609	-3113.599059	
SB02G010240	SB10G010013	3.5651	315.0	870.0	0.4891	0.9301	1.9017	-3104.201499	
SB06G012280	SB10G009990	29.5316	222.8	965.2	0.0173	0.8469	48.8273	-2876.860688	
SB04G017800	SB10G009870	50.0000	343.6	1021.4	0.0132	0.8403	63.7093	-3542.431595	
SB06G011790	SB04G020540	21.6579	335.2	1134.8	0.0204	0.6042	29.6147	-3650.576358	
SB06G011830	SB04G020520	0.9595	293.3	915.7	0.1446	0.1314	0.9083	-2395.528017	
SB06G012290	SB04G020510	1.4944	226.4	664.6	0.1365	0.1911	1.3997	-1905.755372	
SB06G012520	SB04G020500	13.7998	247.8	868.2	0.0079	0.1599	20.1529	-2324.765593	
SB06G010506	SB01G014980	28.6449	146.8	441.2	0.0183	0.6618	36.2471	-1505.755606	
SB06G010870	SB01G015080	5.3497	337.0	1067.0	0.1045	0.5832	5.5831	-3492.309721	
SB04G017460	SB01G015080	8.2475	238.1	1171.9	0.0573	0.7274	12.7013	-3431.402261	
SB06G010845	SB01G026485	0.5291	123.3	323.7	0.3694	0.1199	0.3246	-824.197861	
SB04G017443	SB01G026485	0.4987	123.6	323.4	0.3657	0.1123	0.3071	-819.045119	
SB04G017465	SB01G026603	50.0000	68.1	315.9	0.0046	0.4225	92.0109	-913.449446	
SB06G011815	SB01G026640	0.7697	93.0	336.0	0.3030	0.1712	0.5650	-864.951568	
SB04G017480	SB01G026640	0.1834	179.3	504.7	0.6657	0.0540	0.0811	-1094.822657	
SB04G019620	SB09G018193	0.4351	166.0	599.0	0.7379	0.1347	0.1825	-1414.052772	
SB06G014290	SB09G018303	0.9221	109.5	319.5	0.1445	0.1224	0.8472	-844.732332	
SB04G019320	SB09G018303	1.0057	107.8	321.2	0.1522	0.1397	0.9179	-859.159857	
SB10G006860	SB04G034400	1.0606	315.0	816.0	0.2407	0.1882	0.7819	-2348.716009	
SB10G006890	SB04G034380	1.6918	339.9	1175.1	0.3454	0.3957	1.1456	-3492.145086	
SB10G006910	SB04G034240	4.2345	115.9	760.1	0.1205	0.7181	5.9584	-2025.939491	
SB10G006920	SB04G034350	2.0457	129.4	494.6	0.1629	0.3301	2.0270	-1397.645311	
SB10G006950	SB04G034330	1.7500	155.8	891.2	0.0852	0.2245	2.6355	-2110.440560	
SB10G006960	SB04G034320	0.6660	170.8	438.2	0.1749	0.0956	0.5464	-1152.920654	
SB10G006980	SB04G034290	2.8214	85.9	508.1	0.0516	0.2574	4.9835	-1170.683422	
SB10G007000	SB04G034270	1.3329	111.4	575.6	0.2269	0.2862	1.2611	-1417.472694	
SB10G007010	SB04G034260	0.7533	299.0	778.0	0.0897	0.0658	0.7332	-2005.618750	
SB10G007020	SB04G034230	1.0380	202.2	1150.8	0.1242	0.1685	1.3567	-2653.263968	
SB10G007090	SB04G034190	1.7640	125.6	576.4	0.1194	0.2535	2.1233	-1484.364310	
SB10G007110	SB04G034070	50.0000	176.6	1365.4	0.0030	0.4311	142.2292	-3392.412858	
SB10G007210	SB04G034000	0.9371	252.8	713.2	0.2185	0.1613	0.7385	-1998.873409	
SB10G007240	SB04G033970	2.6603	195.6	896.4	0.1147	0.3722	3.2441	-2400.402305	
SB10G007395	SB04G033690	4.8537	96.5	215.5	0.2118	0.7522	3.5508	-790.935469	
SB10G007410	SB04G033940	0.9351	131.3	357.7	0.1088	0.0974	0.8954	-941.026216	
SB10G007450	SB04G033870	1.7022	207.3	611.7	0.3888	0.4059	1.0440	-1924.987958	
SB10G007460	SB04G033860	2.6597	290.4	1119.6	0.0740	0.2480	3.3488	-3041.671298	
SB10G007490	SB04G033820	50.0000	63.0	360.0	0.0046	0.5012	109.0608	-931.621860	
SB02G037840	SB01G031740	1.5897	134.7	780.3	0.0770	0.1916	2.4895	-1824.050261	
SB02G037890	SB01G031720	1.2857	309.3	1454.7	0.0669	0.1244	1.8591	-3266.081090	
SB02G038000	SB01G031890	3.5901	90.0	480.0	0.1407	0.6095	4.3303	-1277.762743	
SB02G038090	SB01G032010	0.8509	149.7	975.3	0.0668	0.0992	1.4852	-1948.900458	
SB02G038170	SB01G032020	0.7639	167.3	1548.7	0.0455	0.0837	1.8375	-2811.643705	
SB02G038245	SB01G032090	34.2629	57.5	422.5	0.0043	0.3939	92.4946	-1050.274093	
SB02G038330	SB01G032190	1.2950	163.1	523.9	0.1104	0.1482	1.3422	-1415.329596	
SB02G038390	SB01G032230	2.4283	198.1	824.9	0.1678	0.4129	2.4606	-2315.575085	
SB02G038630	SB01G032380	50.0000	268.1	751.9	0.0122	0.7498	61.3173	-2557.088980	
SB02G038640	SB01G032400	1.7639	130.6	346.4	0.2244	0.3021	1.3464	-1059.008869	
SB02G038670	SB01G032440	1.7463	175.8	1012.2	0.0691	0.1944	2.8139	-2309.278358	
SB02G038710	SB01G032450	1.1164	207.7	572.3	0.0888	0.0997	1.1227	-1535.715620	
SB02G038720	SB01G032460	1.1229	269.7	747.3	0.1063	0.1159	1.0904	-2043.299703	
SB02G038750	SB01G032490	2.1141	113.3	513.7	0.0721	0.2118	2.9389	-1278.022440	
SB02G038960	SB01G032710	1.5938	165.6	452.4	0.4116	0.3841	0.9333	-1449.902741	
SB02G039060	SB01G032800	1.4854	78.2	386.8	0.1221	0.2241	1.8358	-913.372546	
SB02G039160	SB01G032840	0.6302	111.7	341.3	0.1962	0.1045	0.5325	-860.796737	
SB02G039163	SB01G032860	1.6316	137.4	636.6	0.1657	0.2872	1.7331	-1711.512123	
SB02G039166	SB01G032875	1.0442	162.0	462.0	0.1433	0.1364	0.9518	-1240.066259	
SB02G038960	SB01G045500	5.1117	138.8	410.2	0.0760	0.4183	5.5027	-1340.951144	
SB01G032710	SB01G045500	2.8007	147.6	404.4	0.2278	0.4898	2.1495	-1366.392136	
SB02G039070	SB01G045290	50.0000	167.8	693.2	0.0073	0.6030	83.0172	-2039.130769	
SB02G039140	SB01G045210	1.5205	151.0	431.0	0.2813	0.3047	1.0834	-1332.781454	
SB05G010580	SB01G025340	0.5210	177.2	584.8	0.7313	0.1600	0.2188	-1455.265890	
SB05G013390	SB01G025848	0.4941	111.4	311.6	0.5419	0.1347	0.2486	-788.328248	
SB05G010035	SB01G025340	0.9236	146.0	466.0	0.4824	0.2451	0.5082	-1278.690379	
SB05G010471	SB01G025060	0.4081	115.4	334.6	0.3879	0.0968	0.2496	-803.055039	
SB05G010035	SB01G025890	0.9940	134.2	432.8	0.4822	0.2642	0.5479	-1193.502165	
SB05G008840	SB01G026485	0.4906	121.7	325.3	0.3431	0.1075	0.3133	-817.903255	
SB05G010471	SB01G025848	1.1062	114.2	332.8	0.4381	0.2777	0.6340	-967.965568	
SB05G010580	SB01G025890	0.5556	166.4	550.6	0.7469	0.1717	0.2299	-1381.266322	
SB05G010471	SB05G007990	0.1917	118.7	331.3	0.9203	0.0625	0.0679	-717.237323	
SB01G025848	SB05G007990	1.1492	114.1	332.9	0.3239	0.2499	0.7716	-957.512629	
SB05G010580	SB05G007803	1.5887	161.1	549.9	0.5744	0.4534	0.7894	-1661.011580	
SB01G025890	SB05G007803	1.0209	150.1	518.9	0.5403	0.2858	0.5289	-1438.486169	
SB05G010580	SB03G042205	0.5165	176.2	585.8	0.6808	0.1553	0.2282	-1450.701811	
SB01G025890	SB03G042205	0.0516	219.3	500.7	0.5970	0.0143	0.0239	-1020.740879	
SB09G007280	SB01G026470	0.0887	98.9	285.1	0.5871	0.0250	0.0427	-561.832100	
SB09G007430	SB01G026485	1.1162	116.0	331.0	0.3819	0.2620	0.6860	-954.903669	
SB09G007430	SB01G026315	0.9837	111.0	339.0	0.2999	0.2081	0.6939	-937.235854	
SB09G008202	SB01G025848	0.5908	120.4	317.6	0.3981	0.1391	0.3495	-828.572667	
SB09G009556	SB01G025060	1.0145	111.8	338.2	0.1936	0.1662	0.8585	-924.332367	
SB09G009590	SB01G025340	1.2176	127.3	442.7	0.8475	0.3902	0.4604	-1259.189349	
SB09G012391	SB01G024150	0.2787	121.8	403.2	0.5215	0.0766	0.1469	-875.069278	
SB09G012720	SB01G024370	0.7348	94.1	271.9	0.3187	0.1580	0.4959	-713.502374	
SB02G043880	SB01G038300	0.9515	290.4	789.6	0.0840	0.0807	0.9603	-2064.276826	
SB02G043900	SB01G038360	4.0942	263.1	1311.9	0.0145	0.1103	7.6189	-3017.267895	
SB02G043950	SB01G038450	43.0173	128.1	972.9	0.0015	0.1861	121.8079	-2140.350515	
SB02G043960	SB01G038485	50.0000	535.6	1693.4	0.0094	0.6317	67.3626	-5688.578028	
SB02G043980	SB01G038500	1.4447	216.1	902.9	0.0651	0.1276	1.9601	-2247.152578	
SB02G044010	SB01G038540	1.1376	397.4	1297.6	0.1542	0.1658	1.0759	-3528.611492	
SB02G044020	SB01G038640	2.6882	163.7	739.3	0.1211	0.3870	3.1949	-2000.205795	
SB02G044050	SB01G038730	0.7072	183.5	602.5	0.0803	0.0642	0.7990	-1426.817326	
SB02G044060	SB01G038760	0.9849	160.9	562.1	0.0597	0.0729	1.2204	-1343.014489	
SB02G043690	SB01G037525	0.9654	655.5	1834.5	0.1113	0.1037	0.9321	-4827.483328	
SB02G043740	SB01G037630	1.5849	112.3	508.7	0.0458	0.1108	2.4190	-1138.414194	
SB02G043750	SB01G037640	2.6048	731.7	2310.3	0.4010	0.6388	1.5929	-7554.134146	
SB02G043760	SB01G037810	0.8286	276.4	707.6	0.1013	0.0791	0.7809	-1892.865810	
SB02G043770	SB01G037850	3.3903	268.3	1543.7	0.0285	0.1868	6.5568	-3688.011276	
SB02G043780	SB01G037900	1.0973	98.9	936.1	0.0771	0.1707	2.2129	-1908.972407	
SB02G043823	SB01G038070	2.3247	106.4	262.6	0.2210	0.3842	1.7387	-866.916392	
SB02G043860	SB01G038110	1.4212	215.8	1173.2	0.0618	0.1410	2.2820	-2693.767235	
SB02G043930	SB02G000310	50.0000	232.4	673.6	0.0175	1.0794	61.8516	-2375.315959	
SB01G038420	SB02G000320	6.9268	209.0	535.0	0.1121	0.7162	6.3865	-1905.651868	
SB01G038520	SB02G000460	50.0000	126.1	761.9	0.0059	0.6675	113.3513	-2066.088448	
SB09G004260	SB03G013800	0.7787	227.6	678.4	0.0651	0.0564	0.8653	-1684.910573	
SB09G004320	SB03G013682	2.8523	108.9	449.1	0.2099	0.5481	2.6111	-1345.375022	
SB09G004360	SB03G013660	1.3735	202.6	568.4	0.3769	0.3192	0.8468	-1763.753582	
SB09G004370	SB03G013630	1.0258	286.7	787.3	0.1144	0.1115	0.9747	-2099.467779	
SB09G004380	SB03G013590	1.5993	249.3	701.7	0.0981	0.1563	1.5934	-1939.747960	
SB09G004440	SB03G013535	1.4862	497.3	1524.7	0.2773	0.3019	1.0887	-4533.171498	
SB09G004450	SB03G013530	20.3928	320.0	1945.0	0.0027	0.1269	47.3469	-4108.371939	
SB09G004510	SB03G013460	1.3242	245.6	852.4	0.1417	0.1874	1.3230	-2348.329160	
SB09G004520	SB03G013450	1.7541	131.0	589.0	0.0930	0.2108	2.2663	-1506.492386	
SB09G004540	SB03G013410	1.0225	141.0	402.0	0.0824	0.0876	1.0631	-1050.462963	
SB09G004550	SB03G013350	38.4992	125.7	858.3	0.0035	0.3463	98.1077	-2163.442027	
SB09G004610	SB03G013290	1.6235	397.4	1051.6	0.0425	0.0755	1.7736	-2804.922475	
SB09G004630	SB03G013260	0.4719	21.0	399.0	0.0010	0.0031	3.0869	-541.718326	
SB09G004650	SB03G013190	45.4014	116.6	783.4	0.0029	0.3293	114.6091	-1929.765506	
SB03G013550	SB03G009760	0.8077	108.9	467.1	0.0220	0.0286	1.3010	-985.008722	
SB03G013380	SB03G010080	0.6051	174.0	525.0	0.2154	0.1058	0.4912	-1274.506851	
SB09G004560	SB03G010050	9.9138	347.3	936.7	0.0706	0.7249	10.2624	-3301.076804	
SB09G004650	SB03G010230	50.0000	211.8	691.2	0.0094	0.6463	68.9525	-2275.690770	
SB03G013190	SB03G010230	50.0000	211.4	700.6	0.0087	0.6055	69.8897	-2291.436583	
SB03G009790	SB03G012410	26.4560	131.0	817.0	0.0113	0.6753	59.6272	-2194.493330	
SB09G004520	SB03G012350	7.7772	138.1	542.9	0.1191	1.0374	8.7073	-1736.420243	
SB03G013450	SB03G012350	5.9576	131.5	651.5	0.1186	0.8835	7.4477	-1894.447429	
SB03G009980	SB03G012300	50.0000	129.7	605.3	0.0082	0.7476	90.9673	-1764.145499	
SB03G013310	SB03G012280	37.8603	129.3	1010.7	0.0031	0.3391	108.5960	-2436.854500	
SB02G001900	SB01G006930	2.1094	322.1	1135.9	0.0731	0.1850	2.5303	-3117.478390	
SB02G001945	SB01G006860	2.1339	170.0	538.0	0.1086	0.2395	2.2045	-1531.836471	
SB02G002070	SB01G006840	50.0000	146.1	468.9	0.0118	0.8002	67.5812	-1589.171825	
SB02G002080	SB01G006830	2.3948	177.2	974.8	0.1298	0.3930	3.0272	-2514.498425	
SB02G002090	SB01G006820	1.4971	273.7	1151.3	0.0446	0.0976	2.1872	-2680.526534	
SB02G002200	SB01G006790	1.8037	125.4	714.6	0.0673	0.1959	2.9122	-1721.823036	
SB02G002380	SB01G006730	2.6747	192.8	959.2	0.0375	0.1682	4.4905	-2249.603894	
SB02G002600	SB01G006460	1.4761	119.4	378.6	0.3203	0.3261	1.0182	-1102.310444	
SB02G002620	SB01G006410	50.0000	110.6	735.4	0.0034	0.4176	124.6645	-1931.363089	
SB02G002890	SB01G006110	1.8697	461.7	1323.3	0.2471	0.3485	1.4106	-4048.672678	
SB02G002900	SB01G006100	1.0282	259.1	829.9	0.0834	0.0948	1.1367	-2127.770652	
SB02G002910	SB01G006090	1.5107	211.5	520.5	0.3909	0.3472	0.8883	-1703.191194	
SB02G002440	SB06G031530	50.0000	158.2	1197.8	0.0026	0.3624	140.1541	-2912.669160	
SB02G002703	SB06G031160	25.6450	189.5	605.5	0.0193	0.6519	33.7877	-1985.013058	
SB02G002810	SB06G031090	3.8847	196.5	547.5	0.2853	0.7793	2.7315	-1896.353756	
SB01G006660	SB01G041560	2.0351	133.9	499.1	0.0574	0.1516	2.6410	-1311.504063	
SB01G006655	SB01G041555	1.2631	87.6	362.4	0.0518	0.0923	1.7812	-875.421141	
SB01G041710	SB01G009890	2.5681	415.3	1102.7	0.0956	0.2386	2.4957	-3372.347015	
SB01G041700	SB01G009880	15.8776	149.4	1272.6	0.0011	0.0567	49.8978	-2320.944113	
SB01G006660	SB01G009720	0.0568	169.7	481.3	1.7440	0.0213	0.0122	-936.004404	
SB01G041560	SB01G009720	1.9240	140.2	510.8	0.0641	0.1547	2.4141	-1343.803146	
SB01G006655	SB01G009750	0.0485	132.9	377.1	1.0464	0.0164	0.0156	-724.503907	
SB01G041555	SB01G009750	1.2336	90.0	360.0	0.0579	0.0967	1.6694	-877.577243	
SB05G023080	SB05G008713	0.1850	125.2	354.8	0.3883	0.0437	0.1125	-752.345196	
SB05G023600	SB05G008470	50.0000	179.4	885.6	0.0059	0.5691	96.1223	-2568.234050	
SB05G023690	SB05G008530	1.8152	83.2	711.8	0.1287	0.3541	2.7515	-1667.866135	
SB05G024030	SB05G008160	3.1943	414.2	1238.8	0.4269	0.7968	1.8663	-4262.290495	
SB05G024130	SB05G008150	9.9331	125.3	390.7	0.0565	0.6553	11.5933	-1303.425204	
SB05G008512	SB10G004590	8.7745	108.0	378.0	0.0937	0.9284	9.9105	-1246.936296	
SB05G008460	SB10G004340	21.4559	201.5	707.5	0.0215	0.6461	29.9890	-2275.134042	
SB10G006000	SB04G035400	50.0000	165.1	554.9	0.0095	0.6698	70.4185	-1826.294651	
SB10G006080	SB04G035370	19.0995	58.9	478.1	0.0024	0.1359	56.9628	-983.145713	
SB10G006180	SB04G035240	50.0000	114.2	785.8	0.0036	0.4631	128.1224	-2001.753390	
SB10G006230	SB04G035200	50.0000	148.8	877.2	0.0036	0.4077	112.5236	-2217.975521	
SB10G006260	SB04G035160	1.2717	112.4	376.6	0.2587	0.2556	0.9879	-1075.509765	
SB10G006340	SB04G035140	1.1069	517.9	1693.1	0.2039	0.1927	0.9451	-4621.047630	
SB10G006350	SB04G035120	1.8263	84.1	386.9	0.1039	0.2397	2.3070	-996.375754	
SB10G006425	SB04G035070	3.1230	163.5	526.5	0.3336	0.7066	2.1181	-1727.515753	
SB10G006760	SB04G034740	2.3998	107.7	597.3	0.1321	0.3992	3.0222	-1545.007089	
SB10G006766	SB04G034730	1.8710	208.5	601.5	0.2608	0.3606	1.3826	-1821.645091	
SB10G006800	SB04G034670	1.0553	256.7	841.3	0.1653	0.1614	0.9759	-2289.347023	
SB10G006910	SB04G034520	7.5206	95.0	712.0	0.0401	0.6561	16.3746	-1851.271429	
SB09G006570	SB03G001320	12.2746	156.4	893.6	0.0197	0.4862	24.6953	-2456.649188	
SB09G007180	SB03G001113	9.9111	96.6	809.4	0.0048	0.1441	29.7729	-1611.422761	
SB09G007380	SB03G000930	2.2990	499.0	1601.0	0.2729	0.4692	1.7196	-5024.653407	
SB09G007440	SB03G000850	50.0000	180.6	854.4	0.0033	0.3101	94.0583	-2285.482751	
SB09G007650	SB03G000835	1.6982	115.5	313.5	0.0893	0.1512	1.6927	-894.036351	
SB09G007940	SB03G000770	50.0000	119.8	591.2	0.0036	0.3515	97.1422	-1511.437224	
SB09G007960	SB03G000730	1.5299	209.3	708.7	0.1899	0.2585	1.3616	-2027.604370	
SB09G008020	SB03G000690	1.5837	295.1	772.9	0.3169	0.3308	1.0441	-2451.522221	
SB09G008030	SB03G000680	50.0000	279.2	1076.8	0.0034	0.2702	79.9117	-3042.631905	
SB09G008080	SB03G000650	5.2500	95.5	525.5	0.0251	0.2511	9.9979	-1225.042530	
SB09G008090	SB03G000630	0.9344	128.1	507.9	0.0630	0.0779	1.2375	-1204.156685	
SB09G008110	SB03G000580	2.2125	419.1	1293.9	0.2281	0.4034	1.7689	-3970.469306	
SB09G008120	SB03G000570	1.2601	373.3	958.7	0.2028	0.1998	0.9855	-2815.486218	
SB09G008230	SB03G000430	6.3848	183.1	584.9	0.0882	0.6142	6.9630	-1917.165559	
SB02G040260	SB01G034120	1.1078	174.9	434.1	0.1727	0.1555	0.9001	-1255.571568	
SB02G040290	SB01G034140	0.9225	91.3	511.7	0.0747	0.1069	1.4313	-1135.889664	
SB02G040370	SB01G034210	1.1350	274.5	1102.5	0.1571	0.1828	1.1637	-2865.919353	
SB02G040420	SB01G034220	1.8967	241.0	548.0	0.1700	0.2538	1.4929	-1735.375393	
SB02G040480	SB01G034270	1.8442	92.8	588.2	0.2097	0.4061	1.9363	-1502.857755	
SB02G040490	SB01G034290	5.3100	223.6	1231.4	0.0392	0.3712	9.4744	-3225.548052	
SB02G040600	SB01G034380	1.7834	443.1	1284.9	0.4390	0.4477	1.0199	-4118.424013	
SB02G040610	SB01G034390	0.7140	286.2	796.8	0.1745	0.1058	0.6062	-2114.732837	
SB02G040620	SB01G034400	1.0980	188.2	564.8	0.0780	0.0925	1.1867	-1436.041745	
SB02G040660	SB01G034420	6.7177	122.8	771.2	0.0219	0.3137	14.3337	-1926.691646	
SB02G040830	SB01G034440	1.4114	185.5	465.5	0.1126	0.1449	1.2871	-1359.566427	
SB02G040850	SB01G034520	0.9158	234.7	698.3	0.1107	0.1010	0.9129	-1850.382912	
SB02G040970	SB01G034540	1.3634	319.9	916.1	0.2958	0.2812	0.9506	-2739.080853	
SB02G040980	SB01G034550	1.2074	365.7	1071.3	0.1457	0.1615	1.1085	-2976.822005	
SB02G041100	SB01G034575	1.5910	270.3	728.7	0.1689	0.2275	1.3467	-2160.474894	
SB05G018837	SB01G025060	1.0663	113.5	336.5	0.2028	0.1785	0.8800	-932.059177	
SB05G019065	SB01G025848	1.0501	114.5	332.5	0.2402	0.1934	0.8052	-927.591843	
SB05G019150	SB01G025890	0.2285	121.4	307.6	0.8330	0.0721	0.0865	-698.068331	
SB05G019920	SB01G026470	0.1135	87.9	296.1	0.7244	0.0348	0.0481	-575.086408	
SB05G019933	SB01G026485	1.3172	90.1	263.9	0.2399	0.2431	1.0133	-761.150754	
SB05G020440	SB01G026640	0.1944	148.4	361.6	0.5624	0.0528	0.0940	-801.373121	
SB08G019760	SB01G014590	2.6738	171.7	725.3	0.0949	0.3154	3.3236	-1966.214552	
SB08G019780	SB01G014580	3.0010	169.3	583.7	0.2304	0.5714	2.4797	-1869.255722	
SB08G019900	SB01G014370	15.6757	209.1	681.9	0.0281	0.5730	20.3973	-2174.101841	
SB08G020020	SB01G014300	1.2880	149.3	939.7	0.1295	0.2234	1.7253	-2087.177593	
SB08G020170	SB01G014220	1.1109	330.1	1055.9	0.1296	0.1424	1.0991	-2828.932551	
SB08G020260	SB01G014200	1.5259	155.4	450.6	0.1873	0.2408	1.2856	-1327.586498	
SB08G020270	SB01G014180	1.6194	128.8	393.2	0.1313	0.2051	1.5616	-1137.174363	
SB08G020500	SB01G014160	1.6173	183.6	488.4	0.3601	0.3629	1.0077	-1559.194081	
SB08G020560	SB01G014150	1.3454	424.3	1300.7	0.2715	0.2701	0.9951	-3879.878238	
SB08G020580	SB01G014120	15.5223	82.6	478.4	0.0129	0.4207	32.7199	-1251.023486	
SB08G020750	SB01G013950	1.0606	286.2	871.8	0.1254	0.1298	1.0351	-2356.312955	
SB08G020780	SB01G013930	1.3640	716.6	2046.4	0.1994	0.2227	1.1170	-5867.079632	
SB08G020800	SB01G013900	2.1307	254.0	781.0	0.2664	0.4239	1.5909	-2453.251841	
SB08G005127	SB01G026322	0.2684	93.8	284.2	0.4041	0.0655	0.1621	-628.349532	
SB08G005432	SB01G025890	1.1421	165.8	554.2	0.5352	0.3173	0.5928	-1569.776347	
SB08G006415	SB01G022821	9.3981	142.4	400.6	0.0272	0.3013	11.0951	-1245.476804	
SB01G025060	SB10G021072	0.1923	114.0	336.0	0.6753	0.0572	0.0846	-721.223051	
SB08G005945	SB10G021156	50.0000	167.3	363.7	0.0157	0.8023	51.1510	-1345.638860	
SB08G005950	SB10G021072	0.8048	84.2	272.8	0.2320	0.1506	0.6492	-724.887949	
SB01G024370	SB10G021072	1.2803	93.5	272.5	0.2385	0.2351	0.9856	-771.850984	
SB08G006330	SB10G020850	50.0000	99.8	503.2	0.0055	0.5364	98.0396	-1448.385839	
SB08G006380	SB10G020540	50.0000	278.9	1047.1	0.0110	0.8363	76.1043	-3349.798165	
SB08G006440	SB10G020560	1.2545	103.9	343.1	0.4675	0.3306	0.7071	-1010.243584	
SB08G006390	SB05G007097	1.4986	206.3	567.7	0.2297	0.2638	1.1484	-1734.370056	
SB08G006410	SB05G007090	7.3892	135.6	701.4	0.0241	0.3261	13.5201	-1713.410147	
SB08G006490	SB05G007050	50.0000	59.3	504.7	0.0018	0.2743	156.2048	-1109.382099	
SB08G006530	SB05G007010	0.9400	170.8	534.2	0.0936	0.0936	1.0004	-1356.189749	
SB08G006680	SB05G007005	2.7619	169.3	448.7	0.1016	0.2690	2.6471	-1390.653651	
SB05G009960	SB05G009120	4.4613	254.4	795.6	0.3174	0.9776	3.0804	-2783.016872	
SB05G010100	SB05G008830	1.4186	244.1	781.9	0.2677	0.2864	1.0699	-2286.854260	
SB05G010580	SB05G008713	0.1863	142.3	391.7	0.9252	0.0608	0.0657	-853.077314	
SB05G012730	SB05G008525	50.0000	275.6	774.4	0.0068	0.4256	62.2980	-2557.924025	
SB05G015320	SB05G008185	0.9025	109.4	340.6	0.2917	0.1891	0.6484	-925.929379	
SB05G016726	SB05G007990	0.3923	110.9	339.1	0.3292	0.0870	0.2644	-803.462530	
SB05G008185	SB07G015430	0.9175	108.8	341.2	0.2870	0.1911	0.6658	-933.395623	
SB05G007803	SB07G019075	1.1150	147.5	491.5	0.5783	0.3181	0.5501	-1394.969383	
SB05G008470	SB07G019450	50.0000	155.2	957.8	0.0054	0.6256	115.6386	-2606.591675	
SB05G008713	SB07G019866	1.5837	80.4	252.6	0.5110	0.4289	0.8392	-744.853823	
SB05G013390	SB01G026485	0.4710	116.7	306.3	0.3479	0.1035	0.2974	-770.887335	
SB05G013390	SB01G026315	0.1896	125.2	300.8	0.9783	0.0628	0.0642	-676.730517	
SB05G015320	SB01G026315	0.1117	116.6	333.4	0.7264	0.0339	0.0467	-682.468563	
SB05G016860	SB01G025890	0.0826	166.1	370.9	0.4277	0.0195	0.0455	-774.634010	
SB05G026293	SB01G029850	0.1120	127.4	322.6	1.7168	0.0423	0.0247	-680.880664	
SB10G019710	SB04G009870	1.4056	188.8	579.2	0.1453	0.1916	1.3183	-1633.659090	
SB10G020060	SB04G009720	1.0119	388.0	1088.0	0.0910	0.0930	1.0224	-2923.966953	
SB10G020070	SB04G009710	1.4695	515.2	1464.8	0.3456	0.3281	0.9495	-4546.247868	
SB10G020110	SB04G009650	1.8088	432.0	1194.0	0.1751	0.2678	1.5292	-3668.116769	
SB10G020490	SB04G009390	2.4140	180.2	674.8	0.1221	0.3199	2.6192	-1920.904987	
SB10G020530	SB04G009260	1.5219	214.5	616.5	0.1992	0.2489	1.2497	-1851.105793	
SB10G020550	SB04G009240	1.3593	171.9	512.1	0.1459	0.1834	1.2568	-1469.927090	
SB10G020570	SB04G009230	0.9129	278.0	844.0	0.1353	0.1178	0.8705	-2214.354016	
SB10G020850	SB04G009180	1.9653	114.7	485.3	0.1975	0.3687	1.8671	-1403.654382	
SB10G020940	SB04G009090	1.3479	235.6	832.4	0.1377	0.1887	1.3701	-2254.445701	
SB10G020990	SB04G008970	2.9268	65.5	348.5	0.1576	0.5287	3.3551	-896.189134	
SB10G013080	SB01G026485	0.4793	121.6	325.4	0.4420	0.1189	0.2691	-821.258849	
SB10G013381	SB01G026640	0.0484	249.3	515.7	1.4553	0.0180	0.0123	-1082.271030	
SB10G013381	SB01G026470	0.1049	100.3	283.7	1.1509	0.0362	0.0315	-570.449665	
SB10G014190	SB01G026730	50.0000	332.4	1017.6	0.0101	0.6642	65.6621	-3356.048141	
SB10G013381	SB08G022505	0.0000	155.0	526.0	0.0010	0.0000	0.0000	-901.537958	
SB01G026640	SB08G022505	0.0501	221.5	459.5	2.1785	0.0203	0.0093	-962.061789	
SB10G013700	SB08G022600	50.0000	96.3	266.7	0.0157	0.9429	60.2221	-959.817359	
SB01G025848	SB01G021580	0.5670	124.2	322.8	0.5117	0.1494	0.2920	-841.909911	
SB01G025890	SB01G021620	0.0384	213.6	506.4	0.8306	0.0121	0.0145	-1006.292105	
SB01G023280	SB01G021110	0.4474	263.3	912.7	0.3600	0.1067	0.2963	-2153.669325	
SB01G025060	SB01G020701	1.1174	104.7	324.3	0.1471	0.1542	1.0487	-875.264884	
SB01G025575	SB01G020557	0.7817	155.8	345.2	0.1304	0.0848	0.6500	-924.180913	
SB01G025820	SB01G046290	50.0000	169.7	1204.3	0.0024	0.3137	132.7294	-2829.855021	
SB01G021670	SB01G046410	1.6104	292.9	1606.1	0.1044	0.2311	2.2131	-3883.045016	
SB01G021700	SB01G046420	1.1930	301.9	925.1	0.0798	0.1036	1.2986	-2444.782563	
SB01G021760	SB01G046450	1.7703	164.8	390.2	0.1719	0.2428	1.4127	-1226.176687	
SB05G006970	SB06G015200	50.0000	345.4	944.6	0.0083	0.5053	60.8696	-3195.534015	
SB05G007990	SB06G016203	1.0400	112.3	337.7	0.2528	0.1995	0.7892	-940.710803	
SB05G008185	SB06G016395	0.4014	106.3	325.7	0.1929	0.0659	0.3417	-760.722991	
SB07G024770	SB02G031500	1.7297	111.7	563.3	0.0849	0.2071	2.4405	-1312.353734	
SB07G024870	SB02G031260	2.8874	109.3	601.7	0.0373	0.1937	5.1949	-1468.410124	
SB07G024890	SB02G031190	50.0000	58.4	547.6	0.0018	0.3117	170.0445	-1255.937033	
SB07G024900	SB02G031180	0.5602	121.0	626.0	0.0188	0.0198	1.0506	-1200.295504	
SB07G024920	SB02G031120	50.0000	86.5	543.5	0.0020	0.2391	119.8931	-1269.261092	
SB07G024930	SB02G031110	2.2720	300.7	1526.3	0.0379	0.1463	3.8592	-3595.998138	
SB07G024950	SB02G031050	1.0755	141.8	350.2	0.1526	0.1378	0.9034	-963.503494	
SB07G024960	SB02G031010	0.6326	222.3	593.7	0.0372	0.0262	0.7040	-1437.008924	
SB07G024970	SB02G030900	3.4682	97.3	481.7	0.0678	0.3492	5.1506	-1334.590482	
SB07G025020	SB02G030850	29.8189	114.8	524.2	0.0102	0.5385	52.8841	-1444.358529	
SB07G025040	SB02G030680	1.5370	345.3	1085.7	0.2038	0.2637	1.2939	-3169.434786	
SB07G025070	SB02G030630	1.0509	404.6	1182.4	0.1636	0.1521	0.9296	-3260.736675	
SB09G006530	SB10G011800	3.5917	91.6	307.4	0.0736	0.3077	4.1834	-913.856877	
SB09G006905	SB10G011800	2.5596	172.3	541.7	0.1022	0.2736	2.6760	-1619.203150	
SB09G006940	SB10G012100	4.8548	134.1	438.9	0.0586	0.3399	5.8008	-1292.689602	
SB09G007280	SB10G012260	0.1577	212.9	507.1	0.4736	0.0396	0.0835	-1117.325034	
SB09G008125	SB10G013146	50.0000	109.6	328.4	0.0150	0.9534	63.7317	-1132.380261	
SB09G008202	SB10G013080	0.0631	114.3	326.7	1.1528	0.0218	0.0189	-638.846659	
SB05G007450	SB10G009530	50.0000	208.9	1291.1	0.0047	0.5451	116.3304	-3362.603215	
SB05G007990	SB10G009445	1.0327	110.8	339.2	0.2385	0.1927	0.8080	-940.857544	
SB05G008057	SB10G009245	3.2389	180.9	635.1	0.3103	0.7233	2.3307	-2082.882281	
SB05G008410	SB10G009100	0.2471	129.1	392.9	0.8659	0.0793	0.0916	-887.347675	
SB05G008440	SB10G008950	50.0000	150.5	677.5	0.0091	0.7991	88.0703	-2022.779540	
SB05G008460	SB10G009180	16.1835	174.2	734.8	0.0298	0.7454	25.0041	-2239.311370	
SB05G008610	SB10G008950	50.0000	50.1	333.9	0.0051	0.6325	123.4910	-886.605605	
SB05G008713	SB10G008916	0.1821	136.0	362.0	0.6619	0.0533	0.0805	-782.624852	
SB08G004580	SB04G010420	4.1072	207.9	1310.1	0.0790	0.5271	6.6749	-3497.799574	
SB08G005125	SB04G011090	3.0383	181.9	577.1	0.2306	0.5628	2.4405	-1864.976112	
SB08G005432	SB04G011313	1.0509	174.4	590.6	0.4758	0.2800	0.5884	-1644.957566	
SB08G021770	SB01G013540	0.9146	266.6	798.4	0.0313	0.0348	1.1136	-1911.083409	
SB08G021810	SB01G013530	0.9208	282.3	755.7	0.1498	0.1207	0.8054	-2052.254783	
SB08G021830	SB01G013500	1.4400	206.8	1746.2	0.0737	0.2059	2.7948	-3680.074792	
SB08G021850	SB01G013460	0.7792	216.3	689.7	0.0083	0.0088	1.0601	-1536.136558	
SB08G021910	SB01G013430	1.6567	124.5	355.5	0.1916	0.2637	1.3760	-1081.196219	
SB08G021920	SB01G013410	2.6205	114.1	551.9	0.0442	0.1857	4.2004	-1372.348383	
SB08G021930	SB01G013400	1.7204	191.1	561.9	0.2588	0.3321	1.2833	-1698.020844	
SB08G022000	SB01G013320	5.8292	310.3	721.7	0.1167	0.5931	5.0823	-2391.077962	
SB08G022010	SB01G013300	1.3493	514.2	1456.8	0.2248	0.2368	1.0532	-4358.635357	
SB08G022080	SB01G013215	4.8125	455.5	1704.5	0.1291	0.6623	5.1286	-5350.600191	
SB08G022230	SB01G013130	29.6762	309.2	791.8	0.0251	0.8309	33.0949	-2859.259986	
SB01G013510	SB01G005930	50.0000	151.9	511.1	0.0091	0.6417	70.5637	-1648.629631	
SB01G013420	SB01G005890	1.9434	120.7	602.3	0.0817	0.2252	2.7557	-1532.606577	
SB01G013520	SB02G003230	9.5226	68.1	585.9	0.0052	0.1517	29.1920	-1152.108946	
SB08G022030	SB02G003390	50.0000	122.9	369.1	0.0062	0.4075	65.5194	-1185.535314	
SB09G002720	SB03G012020	1.4967	233.9	594.1	0.1169	0.1591	1.3617	-1731.372311	
SB09G002740	SB03G011950	50.0000	110.3	792.7	0.0035	0.4602	133.1571	-2009.350662	
SB09G002840	SB03G011930	0.7336	260.6	927.4	0.0308	0.0309	1.0047	-2050.177243	
SB09G002860	SB03G011900	1.6038	258.3	752.7	0.2707	0.3167	1.1696	-2268.310378	
SB09G002880	SB03G011890	50.0000	208.4	742.6	0.0086	0.6359	73.7943	-2300.756035	
SB09G002900	SB03G011880	1.6480	207.0	690.0	0.1487	0.2366	1.5916	-1979.040016	
SB09G002940	SB03G011860	0.8808	1006.1	2485.9	0.1036	0.0841	0.8113	-6724.553974	
SB09G002970	SB03G011800	12.7284	118.9	346.1	0.5605	3.5341	6.3056	-1171.058758	
SB09G003040	SB03G011710	2.0351	80.6	621.4	0.0555	0.2298	4.1383	-1398.926078	
SB09G003100	SB03G011640	1.0827	174.1	524.9	0.1427	0.1446	1.0133	-1440.097970	
SB08G004380	SB05G004510	0.5331	127.6	364.4	0.0040	0.0027	0.6775	-770.788004	
SB08G004400	SB05G004540	0.8547	250.1	1444.9	0.0888	0.1133	1.2762	-3109.621102	
SB08G004420	SB05G004550	1.9781	601.9	1561.1	0.1791	0.2897	1.6180	-4742.720834	
SB08G004470	SB05G004570	0.9696	404.7	1008.3	0.1611	0.1297	0.8053	-2849.181826	
SB08G004500	SB05G004590	2.6423	187.1	874.9	0.0076	0.0368	4.8277	-1834.978357	
SB08G004510	SB05G004610	0.5748	197.2	735.8	0.1212	0.0757	0.6241	-1705.698819	
SB08G004590	SB05G004750	4.5846	245.9	759.1	0.2056	0.7854	3.8206	-2580.403158	
SB08G004600	SB05G004800	1.7140	96.3	473.7	0.2051	0.3453	1.6832	-1198.060801	
SB08G004620	SB05G004850	0.9562	187.6	511.4	0.1871	0.1471	0.7866	-1426.462306	
SB08G004650	SB05G004890	1.1807	359.3	978.7	0.2246	0.2043	0.9093	-2890.581287	
SB08G004460	SB03G026960	5.2469	244.6	751.4	0.0743	0.4307	5.7984	-2428.281097	
SB08G004590	SB03G027130	6.3381	191.6	546.4	0.2306	1.1320	4.9098	-1925.800308	
SB05G004750	SB03G027130	2.4458	197.8	558.2	0.5972	0.6930	1.1604	-1888.469146	
SB02G039400	SB01G033295	3.2252	91.2	313.8	0.2037	0.5716	2.8067	-983.298921	
SB02G039470	SB01G033380	2.2450	157.7	952.3	0.0751	0.2722	3.6229	-2358.782960	
SB02G039540	SB01G033450	0.9681	146.4	384.6	0.1587	0.1311	0.8262	-1044.002371	
SB02G039550	SB01G033460	1.7917	207.1	599.9	0.3568	0.4083	1.1444	-1910.404472	
SB02G039640	SB01G033570	0.7632	193.5	622.5	0.1000	0.0812	0.8118	-1548.151780	
SB02G039660	SB01G033590	0.9504	339.4	1172.6	0.0673	0.0771	1.1450	-2841.627866	
SB02G039680	SB01G033640	50.0000	105.6	551.4	0.0016	0.1684	102.8592	-1260.457745	
SB02G039710	SB01G033650	1.1084	665.0	2035.0	0.1788	0.1734	0.9695	-5578.175918	
SB02G039760	SB01G033730	2.0091	186.5	593.5	0.1582	0.2947	1.8631	-1738.155120	
SB02G039790	SB01G033800	11.3643	140.7	864.3	0.0097	0.2474	25.5328	-2043.413144	
SB02G039830	SB01G033820	2.1666	263.2	960.8	0.0867	0.2213	2.5509	-2655.658903	
SB01G033310	SB01G044935	3.9889	521.0	1432.0	0.2516	0.7414	2.9466	-4816.981581	
SB02G039570	SB01G044710	3.2219	177.4	482.6	0.0888	0.2859	3.2174	-1487.866679	
SB01G033510	SB01G044650	50.0000	58.5	340.5	0.0049	0.5430	110.5388	-887.266193	
SB02G039710	SB01G044480	3.3473	625.2	2068.8	0.0884	0.3289	3.7193	-6220.327715	
SB01G033650	SB01G044480	2.8249	646.0	2054.0	0.1209	0.3438	2.8427	-6293.657475	
SB01G033770	SB01G044390	11.6277	287.9	993.1	0.0276	0.4343	15.7489	-3095.505345	
SB01G046015	SB01G022240	1.1008	250.1	718.9	0.0965	0.1074	1.1129	-1931.400952	
SB01G046020	SB01G022230	0.7503	230.0	679.0	0.0243	0.0224	0.9222	-1588.338977	
SB01G046060	SB01G022210	1.4038	280.0	1001.0	0.1532	0.2119	1.3834	-2782.131730	
SB01G046100	SB01G022140	1.3201	217.1	1225.9	0.0670	0.1422	2.1223	-2647.217415	
SB01G046220	SB01G022030	1.8972	385.6	1147.4	0.2665	0.3737	1.4022	-3598.322005	
SB01G046260	SB01G021980	1.3801	62.6	297.4	0.1949	0.2676	1.3735	-732.806215	
SB01G046290	SB01G021910	1.1874	171.7	1205.3	0.0876	0.1721	1.9659	-2548.716413	
SB01G046300	SB01G021880	3.5050	117.2	605.8	0.0187	0.1227	6.5718	-1314.219084	
SB01G046410	SB01G021670	1.6104	292.9	1606.1	0.1044	0.2311	2.2131	-3883.045016	
SB01G046420	SB01G021700	1.1930	301.9	925.1	0.0798	0.1036	1.2986	-2444.782563	
SB01G046450	SB01G021760	1.7703	164.8	390.2	0.1719	0.2428	1.4127	-1226.176687	
SB09G018200	SB03G044860	0.9716	185.8	573.2	0.1321	0.1242	0.9399	-1522.363199	
SB09G018410	SB03G045000	50.0000	111.4	497.6	0.0052	0.4592	89.0981	-1379.826078	
SB09G018440	SB03G045060	16.8093	109.5	592.5	0.0087	0.2994	34.2883	-1489.026864	
SB09G018480	SB03G045205	1.4864	155.5	405.5	0.2634	0.2791	1.0597	-1268.660445	
SB09G018520	SB03G045220	1.2691	252.2	746.8	0.1261	0.1538	1.2203	-2078.945176	
SB09G018590	SB03G045240	1.6975	154.5	463.5	0.3285	0.3744	1.1397	-1430.075283	
SB09G018620	SB03G045360	1.2485	369.7	923.3	0.2861	0.2429	0.8489	-2849.585948	
SB09G018640	SB03G045410	1.3964	408.0	1089.0	0.1377	0.1720	1.2489	-3175.828791	
SB09G018720	SB03G045420	1.3523	428.9	1020.1	0.2008	0.2070	1.0307	-3121.249420	
SB09G018750	SB03G045450	40.7795	114.9	836.1	0.0030	0.3353	110.0362	-2013.181009	
SB07G004550	SB06G030400	50.0000	122.6	582.4	0.0030	0.2857	94.4809	-1509.051673	
SB07G004590	SB06G030320	2.0717	109.6	592.4	0.1163	0.3159	2.7154	-1472.928810	
SB07G004620	SB06G030190	50.0000	107.6	618.4	0.0028	0.3130	110.6429	-1508.530862	
SB07G004720	SB06G030140	10.8203	94.7	490.3	0.0138	0.2877	20.7809	-1203.760909	
SB07G004810	SB06G030120	1.1592	519.7	1703.3	0.1601	0.1736	1.0840	-4629.600212	
SB07G004920	SB06G029990	2.6790	326.3	936.7	0.4326	0.6670	1.5418	-3078.468672	
SB07G004930	SB06G029960	2.1293	381.9	1142.1	0.2107	0.3661	1.7375	-3542.897732	
SB07G004970	SB06G029820	0.9848	326.8	897.2	0.1278	0.1163	0.9102	-2450.945769	
SB07G004980	SB06G029680	2.3647	220.8	625.2	0.3510	0.5317	1.5147	-2064.833345	
SB07G005070	SB06G029520	26.3263	192.9	578.1	0.0240	0.7843	32.7295	-1973.789682	
SB03G022130	SB01G020250	4.9032	134.6	561.4	0.0946	0.5734	6.0596	-1702.688227	
SB03G022790	SB01G020398	1.1316	145.5	484.5	0.6201	0.3304	0.5329	-1376.001206	
SB03G022995	SB01G020701	0.7662	102.5	314.5	0.3789	0.1821	0.4805	-837.805535	
SB03G023733	SB01G020425	13.3409	81.2	281.8	5.7162	5.4528	0.9539	-982.806205	
SB03G023760	SB01G020701	0.1338	120.4	308.6	0.7637	0.0410	0.0537	-653.623460	
SB03G024460	SB01G020830	50.0000	156.0	738.0	0.0047	0.4375	93.4333	-2116.629050	
SB03G024615	SB01G021210	0.9636	106.6	343.4	0.1840	0.1566	0.8511	-918.745540	
SB09G017570	SB03G012630	1.3568	80.2	402.8	0.1212	0.2053	1.6929	-912.335309	
SB09G017860	SB03G012760	50.0000	69.3	329.7	0.0058	0.5390	93.3691	-923.711795	
SB09G017920	SB03G012820	0.8037	115.3	925.7	0.1124	0.1429	1.2714	-1888.377043	
SB09G018060	SB03G012970	1.5067	121.5	733.5	0.0234	0.0723	3.0968	-1519.752795	
SB09G018070	SB03G012980	1.0529	229.7	982.3	0.0616	0.0903	1.4661	-2290.860061	
SB09G018140	SB03G013030	11.9831	136.6	466.4	0.0706	1.0035	14.2064	-1544.739037	
SB09G016560	SB03G012722	0.3044	76.1	280.9	0.6767	0.0921	0.1361	-618.945913	
SB03G012722	SB10G019610	0.0602	91.7	265.3	1.9506	0.0229	0.0118	-509.230538	
SB03G012870	SB10G019370	0.0735	171.4	335.6	1.0046	0.0245	0.0244	-739.719648	
SB05G010105	SB10G014951	0.8314	140.6	333.4	0.1136	0.0836	0.7359	-854.828617	
SB05G010471	SB10G015336	0.4340	114.3	335.7	0.3701	0.1010	0.2728	-816.832424	
SB05G010580	SB10G016176	0.4616	144.7	446.3	0.6005	0.1323	0.2203	-1085.790716	
SB05G013390	SB10G018060	0.1494	123.3	302.7	1.2988	0.0533	0.0411	-660.840842	
SB05G014050	SB10G019320	0.6167	97.2	325.8	0.5866	0.1769	0.3016	-845.631928	
SB09G001100	SB01G039760	50.0000	124.9	508.1	0.0034	0.2796	83.3067	-1360.030194	
SB09G001430	SB01G039360	18.8363	102.2	701.8	0.0084	0.3927	46.6953	-1762.848608	
SB09G001710	SB01G039070	4.1660	438.4	1457.6	0.2335	0.7894	3.3812	-4843.207751	
SB09G001850	SB01G038990	2.0886	720.1	1982.9	0.0541	0.1230	2.2745	-5521.186467	
SB09G001900	SB01G038970	39.8760	235.2	1633.8	0.0025	0.2553	103.8380	-3775.918354	
SB09G002070	SB01G038810	7.7399	84.6	470.4	0.0243	0.3622	14.9197	-1200.073365	
SB09G002110	SB01G038730	50.0000	150.8	635.2	0.0024	0.2097	85.9730	-1622.690303	
SB09G002200	SB01G038640	50.0000	182.9	726.1	0.0040	0.3296	81.5292	-1986.815551	
SB09G002320	SB01G038540	5.2539	342.9	1322.1	0.0476	0.3418	7.1867	-3822.072703	
SB09G002350	SB01G038520	50.0000	134.3	786.7	0.0017	0.1973	113.1202	-1802.729391	
SB09G001630	SB03G005600	50.0000	133.0	494.0	0.0082	0.6228	76.2743	-1544.754422	
SB01G039060	SB03G005530	50.0000	99.3	674.7	0.0026	0.3342	127.6376	-1607.716423	
SB01G039010	SB03G005520	3.1478	422.8	1146.2	0.1266	0.3670	2.8991	-3680.880911	
SB09G001485	SB08G019170	10.2839	143.6	444.4	0.1015	1.0845	10.6812	-1559.164259	
SB01G039170	SB08G019085	50.0000	87.6	260.4	0.0162	1.0231	63.2002	-918.884718	
SB09G001780	SB08G018950	5.8844	140.3	420.7	0.0704	0.4557	6.4752	-1357.365889	
SB08G007250	SB05G011296	2.1168	285.5	806.5	0.2108	0.3566	1.6914	-2541.562042	
SB08G007583	SB05G010321	50.0000	61.2	298.8	0.0212	1.8836	88.7878	-930.442118	
SB08G006170	SB05G012730	0.0621	335.1	714.9	0.7552	0.0188	0.0249	-1535.984277	
SB09G030580	SB03G026240	1.2812	378.3	1196.7	0.1527	0.1831	1.1989	-3280.126229	
SB09G030600	SB03G026070	1.2937	197.3	474.7	0.1622	0.1714	1.0566	-1405.749405	
SB09G030610	SB03G026050	1.3107	159.0	1113.0	0.0589	0.1457	2.4752	-2313.363885	
SB09G030660	SB03G025820	1.1121	288.7	866.3	0.0854	0.1008	1.1806	-2284.910554	
SB09G030680	SB03G025730	1.4536	144.6	1079.4	0.0862	0.2152	2.4960	-2430.161055	
SB09G030690	SB03G025700	0.8961	348.4	1022.6	0.1352	0.1138	0.8415	-2753.382340	
SB09G030700	SB03G025560	1.4322	558.9	1529.1	0.3894	0.3363	0.8636	-4776.740356	
SB09G030710	SB03G025440	3.6940	225.7	938.3	0.0329	0.1836	5.5871	-2404.602567	
SB09G030720	SB03G025340	3.0254	505.1	1456.9	0.3465	0.6789	1.9593	-5013.096903	
SB05G022610	SB09G012635	50.0000	87.2	341.8	0.0246	1.8383	74.7944	-1130.188679	
SB05G023080	SB09G009590	1.2669	114.8	392.2	1.0034	0.4226	0.4212	-1118.162277	
SB05G023485	SB09G008202	1.0207	110.1	330.9	0.1695	0.1531	0.9029	-900.812452	
SB05G023900	SB09G007350	7.9176	407.1	966.9	0.1263	0.8653	6.8517	-3544.346120	
SB02G004550	SB01G005200	0.8180	422.3	1185.7	0.1471	0.1081	0.7349	-3153.839096	
SB02G004670	SB01G005110	2.8626	74.6	456.4	0.0536	0.2741	5.1160	-1095.657250	
SB02G004680	SB01G005082	50.0000	77.6	246.4	0.0047	0.3197	68.6163	-752.017439	
SB02G004720	SB01G005020	0.4551	76.2	379.8	0.0091	0.0079	0.8684	-711.454957	
SB02G004570	SB01G005130	1.2981	182.6	549.4	0.2097	0.2230	1.0634	-1554.934770	
SB02G004580	SB01G005140	2.6791	271.8	661.2	0.1277	0.2987	2.3387	-2092.496115	
SB02G004623	SB01G005180	0.9271	490.0	1325.0	0.1160	0.1011	0.8713	-3545.619510	
SB02G004630	SB01G005190	50.0000	114.6	644.4	0.0018	0.2009	109.2718	-1481.171272	
SB03G009430	SB03G005150	0.0485	84.1	551.9	0.5756	0.0147	0.0256	-803.203159	
SB03G009440	SB03G005160	1.9532	47.2	336.8	0.0969	0.3035	3.1315	-824.584835	
SB03G009460	SB03G005163	0.0159	34.0	365.0	0.0849	0.0028	0.0326	-495.394892	
SB03G009470	SB03G005166	0.0330	343.5	1066.5	0.2870	0.0069	0.0239	-2003.874830	
SB03G009490	SB03G005190	0.0210	419.8	1074.2	0.0932	0.0019	0.0201	-2030.440347	
SB03G009520	SB03G005210	0.0506	260.6	840.4	0.4746	0.0134	0.0281	-1571.286135	
SB03G009530	SB03G005235	0.0312	267.0	843.0	0.3389	0.0071	0.0209	-1540.876144	
SB08G015513	SB05G018905	50.0000	187.8	475.2	0.0134	0.7621	56.9103	-1700.848878	
SB08G016070	SB05G018890	26.6759	325.5	1108.5	0.0171	0.6338	37.0198	-3570.891419	
SB08G016210	SB05G018560	0.4741	113.7	306.3	1.0569	0.1604	0.1517	-757.298217	
SB05G010035	SB10G012260	1.0407	151.2	460.8	0.5121	0.2808	0.5483	-1305.800878	
SB05G010060	SB10G012270	50.0000	253.1	769.9	0.0137	0.8883	64.6742	-2640.622631	
SB05G013731	SB10G014650	2.1501	83.2	279.8	1.1464	0.7383	0.6440	-891.510812	
SB05G015320	SB10G015336	1.0668	109.5	340.5	0.1889	0.1739	0.9206	-936.028479	
SB05G008055	SB05G005670	50.0000	92.9	213.1	4.1948	21.6796	5.1683	-798.982427	
SB05G008185	SB05G005542	0.8872	110.1	339.9	0.2681	0.1773	0.6613	-923.329496	
SB05G008290	SB05G005450	14.6735	149.3	579.7	0.0475	0.9574	20.1664	-1849.753019	
SB05G008100	SB06G003215	0.2163	145.5	421.5	0.9601	0.0713	0.0743	-900.010618	
SB05G008130	SB06G003220	1.0373	189.6	635.4	0.8454	0.3318	0.3925	-1800.712408	
SB05G005480	SB06G004030	50.0000	225.6	1022.4	0.0084	0.7421	88.8338	-3022.989015	
SB05G008466	SB06G004065	8.7909	128.3	420.7	0.1987	1.5088	7.5925	-1474.989920	
SB05G005320	SB06G004530	0.5465	537.0	1578.0	0.4184	0.1346	0.3218	-4040.442349	
SB05G008060	SB02G007920	0.4131	120.5	425.5	0.7015	0.1259	0.1795	-979.617524	
SB05G005505	SB02G007510	5.3025	144.9	533.1	0.1013	0.6102	6.0257	-1654.650132	
SB05G005480	SB02G007420	12.2455	240.1	1181.9	0.0344	0.7103	20.6749	-3375.909739	
SB06G004030	SB02G007420	50.0000	201.7	1013.3	0.0065	0.6359	97.1903	-2841.518570	
SB05G008450	SB02G007300	11.6937	356.7	975.3	0.0621	0.7729	12.4412	-3435.381171	
SB05G008460	SB02G007240	50.0000	228.4	668.6	0.0120	0.7559	63.2299	-2307.425022	
SB06G004300	SB02G007166	0.1441	164.1	528.9	0.3871	0.0349	0.0903	-1074.013066	
SB05G005586	SB02G009796	0.1456	187.1	577.9	0.4240	0.0364	0.0859	-1185.824790	
SB05G005583	SB02G009794	0.4107	85.1	283.9	0.4029	0.1020	0.2532	-675.201127	
SB05G008130	SB02G009650	0.8816	208.7	685.3	0.9810	0.2925	0.2982	-1899.179059	
SB06G003220	SB02G009650	0.1918	212.2	612.8	0.3287	0.0419	0.1275	-1309.928372	
SB05G000900	SB02G042780	50.0000	178.0	857.0	0.0062	0.5815	94.1015	-2488.145898	
SB05G001000	SB02G042840	50.0000	153.9	743.1	0.0030	0.2852	95.7488	-1981.739821	
SB05G001080	SB02G042970	4.4741	117.9	326.1	0.1243	0.5194	4.1797	-1083.451175	
SB05G001160	SB02G043010	1.7781	291.8	890.2	0.1054	0.1914	1.8168	-2544.052088	
SB05G001320	SB02G043130	10.7525	316.8	1105.2	0.0339	0.4882	14.3868	-3431.597747	
SB05G001540	SB02G043180	3.3268	134.2	885.8	0.0471	0.3027	6.4322	-2172.425660	
SB05G001550	SB02G043200	4.0106	325.7	931.3	0.1064	0.4210	3.9563	-3014.262561	
SB05G001580	SB02G043210	50.0000	116.4	759.6	0.0045	0.5457	121.8264	-2039.404398	
SB08G003020	SB04G021510	2.9919	193.3	1192.7	0.0956	0.4300	4.4976	-3052.547834	
SB08G003080	SB04G021570	3.7245	167.4	1008.6	0.0399	0.2804	7.0305	-2500.198724	
SB08G003210	SB04G021650	1.6825	124.5	379.5	0.0371	0.0758	2.0401	-992.949914	
SB08G003220	SB04G021660	4.8438	210.9	764.1	0.0663	0.3988	6.0198	-2303.823049	
SB08G003520	SB04G021870	4.2929	92.4	477.6	0.0533	0.3692	6.9218	-1213.437702	
SB08G003670	SB04G021970	3.2278	232.4	724.6	0.0821	0.2895	3.5281	-2178.846905	
SB08G003680	SB04G022000	50.0000	368.6	1743.4	0.0049	0.4612	93.3158	-4876.481855	
SB08G003720	SB04G022010	50.0000	60.6	530.4	0.0019	0.2983	159.8100	-1186.428635	
SB08G003790	SB04G022070	50.0000	181.3	901.7	0.0056	0.5384	96.8597	-2421.810048	
SB08G003990	SB04G022190	3.5685	247.7	856.3	0.1305	0.4767	3.6531	-2644.164554	
SB06G011815	SB01G025340	0.7488	92.3	336.7	0.2890	0.1632	0.5648	-858.555190	
SB06G012510	SB01G025848	0.5813	123.5	323.5	0.4210	0.1404	0.3335	-846.547708	
SB06G012520	SB01G025880	50.0000	282.6	833.4	0.0063	0.4097	64.6033	-2661.038541	
SB06G014101	SB01G026275	12.4714	82.6	241.4	0.5560	3.4540	6.2122	-868.537825	
SB06G014290	SB01G026315	0.0984	133.9	316.1	1.5713	0.0368	0.0234	-667.953400	
SB06G002005	SB04G012900	12.8282	111.9	311.1	0.7006	3.8419	5.4837	-1104.260281	
SB06G002526	SB04G011313	50.0000	109.2	289.8	0.0343	1.9136	55.8259	-1045.604633	
SB10G006860	SB02G026330	50.0000	252.3	878.7	0.0045	0.3323	73.5586	-2528.330619	
SB10G006870	SB02G026340	50.0000	153.5	992.5	0.0038	0.4605	121.4816	-2542.909246	
SB10G006910	SB02G026280	4.7798	102.3	698.7	0.0768	0.6282	8.1841	-1835.272053	
SB10G006960	SB02G026380	1.6533	160.5	445.5	0.1359	0.2053	1.5111	-1310.048280	
SB10G007090	SB02G026570	50.0000	125.5	564.5	0.0044	0.3954	89.8452	-1581.559255	
SB10G007110	SB02G026640	30.3893	203.6	1320.4	0.0067	0.4876	72.6569	-3431.579635	
SB10G007224	SB02G026800	20.0648	120.5	758.5	0.0099	0.4549	45.9080	-1925.485928	
SB10G007450	SB02G027020	6.3029	198.3	623.7	0.0634	0.4603	7.2619	-1986.761550	
SB10G007470	SB02G027030	4.0922	154.1	502.9	0.0721	0.3396	4.7074	-1500.487596	
SB10G007490	SB02G027200	50.0000	52.3	367.7	0.0046	0.5975	129.6960	-938.785070	
SB02G026496	SB03G036165	12.9128	80.3	243.7	1.3242	4.5823	3.4604	-836.786877	
SB02G026850	SB03G036540	50.0000	167.1	543.9	0.0237	1.5604	65.8474	-1911.373519	
SB02G026550	SB01G040930	50.0000	132.2	692.8	0.0081	0.8090	99.7614	-1945.565700	
SB10G007224	SB01G040580	34.9385	123.1	776.9	0.0083	0.6752	80.8806	-2031.562867	
SB02G026800	SB01G040580	5.9021	127.9	760.1	0.0610	0.6120	10.0255	-2019.894513	
SB08G005620	SB05G007560	5.6689	390.8	1175.2	0.1002	0.5832	5.8176	-3919.337140	
SB08G006390	SB05G007097	1.4986	206.3	567.7	0.2297	0.2638	1.1484	-1734.370056	
SB08G006410	SB05G007090	7.3892	135.6	701.4	0.0241	0.3261	13.5201	-1713.410147	
SB08G006490	SB05G007050	50.0000	59.3	504.7	0.0018	0.2743	156.2048	-1109.382099	
SB08G006530	SB05G007010	0.9400	170.8	534.2	0.0936	0.0936	1.0004	-1356.189749	
SB08G006680	SB05G007005	2.7619	169.3	448.7	0.1016	0.2690	2.6471	-1390.653651	
SB05G024040	SB01G021370	3.7275	102.2	299.8	0.2799	0.7512	2.6838	-1020.120962	
SB05G024640	SB01G021770	10.0179	138.4	506.6	0.0616	0.7817	12.6994	-1646.692447	
SB05G025040	SB01G021910	34.9552	177.3	1193.7	0.0034	0.2969	88.0785	-2868.827424	
SB07G015100	SB01G020425	50.0000	119.8	243.2	0.3856	10.9233	28.3305	-983.736386	
SB07G015463	SB01G020840	24.1294	70.4	289.6	0.0874	2.6433	30.2443	-922.208078	
SB07G017175	SB01G021210	2.9709	96.9	326.1	0.2468	0.5829	2.3617	-1045.651615	
SB07G017185	SB01G021213	0.9002	70.5	235.5	0.3416	0.2078	0.6083	-626.408449	
SB07G019155	SB01G021617	2.1499	155.6	537.4	0.0943	0.2271	2.4075	-1505.159651	
SB07G019345	SB01G021840	0.0853	155.3	366.7	0.2198	0.0138	0.0629	-766.591940	
SB08G007335	SB01G025340	0.0320	213.3	551.7	99.0000	0.0147	0.0001	-1066.090343	
SB08G007630	SB01G025848	0.5220	109.7	271.3	0.4943	0.1344	0.2719	-698.597636	
SB04G009970	SB01G021030	43.0921	77.9	648.1	0.0020	0.2674	131.6618	-1461.372217	
SB04G010230	SB01G021110	50.0000	158.7	648.3	0.0129	1.0375	80.5128	-2047.891917	
SB04G010750	SB01G021395	1.3573	98.5	294.5	0.1784	0.2101	1.1774	-843.007537	
SB04G011110	SB01G021580	0.9959	110.1	339.9	0.1627	0.1469	0.9032	-914.054611	
SB04G011313	SB01G021620	0.0159	224.1	540.9	1.2324	0.0056	0.0046	-1042.632471	
SB04G034070	SB02G026640	2.8503	186.6	1358.4	0.0834	0.4081	4.8961	-3374.513090	
SB04G034140	SB02G026610	1.2371	138.8	1112.2	0.0737	0.1722	2.3365	-2405.817901	
SB04G034190	SB02G026570	50.0000	144.8	542.2	0.0048	0.3735	77.6985	-1591.923480	
SB04G034310	SB02G026455	2.8992	279.5	758.5	0.3050	0.5989	1.9637	-2623.401469	
SB04G034320	SB02G026380	2.0850	157.4	448.6	0.1054	0.2169	2.0574	-1322.582190	
SB04G034400	SB02G026330	50.0000	252.5	878.5	0.0045	0.3311	73.5072	-2534.926715	
SB04G034450	SB02G026320	3.1152	168.2	494.8	0.1847	0.4898	2.6526	-1623.918330	
SB04G034520	SB02G026280	1.8712	81.2	716.8	0.0296	0.1440	4.8589	-1436.810045	
SB01G046350	SB01G021490	3.5010	184.7	709.3	0.0642	0.2908	4.5316	-1959.601055	
SB01G046360	SB01G021500	0.6008	121.2	418.8	0.0568	0.0424	0.7457	-940.714132	
SB01G046460	SB01G021350	6.7529	249.2	794.8	0.1943	1.1311	5.8228	-2771.341421	
SB01G046585	SB01G021230	1.7338	171.0	600.0	0.2770	0.3661	1.3216	-1744.497788	
SB01G046680	SB01G021030	38.3888	84.2	635.8	0.0023	0.2491	107.5566	-1452.343031	
SB01G046740	SB01G021020	1.0415	387.5	1151.5	0.1183	0.1207	1.0201	-3085.901864	
SB01G046810	SB01G021000	1.0070	227.1	669.9	0.1363	0.1289	0.9455	-1823.718844	
SB01G046840	SB01G020910	0.7600	271.9	925.1	0.0080	0.0087	1.0855	-2000.082693	
SB05G001000	SB01G035990	50.0000	139.8	763.2	0.0034	0.3638	105.6538	-2039.941626	
SB05G001050	SB01G036020	50.0000	311.3	969.7	0.0047	0.3191	67.5846	-2931.024528	
SB05G001080	SB01G036080	5.1964	330.6	1073.4	0.0909	0.5162	5.6802	-3487.737025	
SB05G001160	SB01G036170	1.3703	264.8	917.2	0.1335	0.1861	1.3942	-2520.929657	
SB05G001320	SB01G036360	50.0000	376.7	1039.3	0.0083	0.5108	61.2420	-3506.751107	
SB05G001540	SB01G036490	18.7561	145.7	874.3	0.0076	0.3162	41.8605	-2218.826662	
SB05G001550	SB01G036510	3.0120	325.8	928.2	0.1645	0.4328	2.6310	-3024.069324	
SB05G001580	SB01G036560	50.0000	123.1	752.9	0.0049	0.5691	115.1583	-2084.936241	
SB01G047150	SB01G020220	0.8182	131.1	468.9	0.1690	0.1315	0.7781	-1193.550598	
SB01G047160	SB01G020210	1.1924	148.1	574.9	0.1026	0.1424	1.3878	-1472.537322	
SB01G047270	SB01G020060	6.7892	249.2	1067.8	0.0311	0.3278	10.5557	-2967.842341	
SB01G047360	SB01G020010	0.8780	135.7	347.3	0.0652	0.0582	0.8928	-882.879538	
SB01G047460	SB01G019870	50.0000	369.3	1100.7	0.0058	0.3773	65.2117	-3486.907813	
SB01G047510	SB01G019840	0.4322	75.0	417.0	0.0110	0.0098	0.8906	-772.392428	
SB01G047690	SB01G019630	50.0000	160.9	1360.1	0.0014	0.2164	155.6998	-2902.569189	
SB01G047700	SB01G019600	1.4780	383.3	2358.7	0.0898	0.2039	2.2693	-5446.068334	
SB01G047750	SB01G019550	1.5473	118.7	442.3	0.1348	0.2187	1.6224	-1197.675620	
SB07G015430	SB10G021072	0.9725	108.6	341.4	0.2495	0.1878	0.7527	-938.420904	
SB07G016970	SB10G021590	50.0000	130.5	982.5	0.0032	0.4387	138.8312	-2504.356567	
SB07G017175	SB10G021604	2.8465	101.8	321.2	0.3007	0.6084	2.0232	-1045.666935	
SB07G019075	SB10G021820	0.0557	133.0	374.0	0.4136	0.0135	0.0327	-714.671630	
SB07G005030	SB06G029476	1.7409	349.1	1207.9	0.2460	0.3439	1.3981	-3620.580032	
SB07G005045	SB06G029390	44.4567	91.3	268.7	0.0318	1.7011	53.4163	-972.903065	
SB07G005180	SB06G029270	1.0166	98.9	300.1	0.0789	0.0870	1.1028	-774.040247	
SB07G005370	SB06G029080	1.7108	434.5	1335.5	0.1425	0.2302	1.6154	-3868.092077	
SB07G005400	SB06G029050	1.4763	613.3	1807.7	0.1645	0.2152	1.3084	-5206.114226	
SB07G005450	SB06G028980	6.8862	194.7	528.3	0.3170	1.4524	4.5821	-1945.626285	
SB07G005610	SB06G028800	50.0000	115.8	592.2	0.0031	0.3119	100.3341	-1564.612588	
SB07G005780	SB06G028970	50.0000	306.2	1025.8	0.0116	0.8075	69.8000	-3425.953040	
SB05G007323	SB01G026275	6.0393	70.1	250.9	0.1311	0.8223	6.2725	-810.621980	
SB05G007803	SB01G025890	1.0209	150.1	518.9	0.5403	0.2858	0.5289	-1438.486169	
SB05G007990	SB01G025848	1.1492	114.1	332.9	0.3239	0.2499	0.7716	-957.512629	
SB05G008185	SB01G025060	0.4458	114.7	335.3	0.2773	0.0893	0.3220	-810.178225	
SB10G030040	SB01G034520	2.5754	234.9	695.1	0.0714	0.2003	2.8066	-2045.671294	
SB10G030120	SB01G034400	9.2431	184.8	568.2	0.0226	0.2654	11.7397	-1680.440424	
SB10G030370	SB01G034050	15.1810	107.8	621.2	0.0098	0.3186	32.3947	-1507.969170	
SB10G030750	SB01G033910	50.0000	53.9	387.1	0.0051	0.6767	131.5663	-989.254856	
SB10G030470	SB04G001650	9.2067	116.5	789.5	0.0429	0.7927	18.4959	-2076.037960	
SB10G030530	SB04G001560	50.0000	212.1	789.9	0.0063	0.4828	76.9315	-2424.417454	
SB07G000300	SB06G033470	10.3138	93.3	437.7	0.0072	0.1356	18.9333	-970.995283	
SB07G000360	SB06G033570	4.0781	43.4	523.6	0.0339	0.4268	12.6031	-1199.562975	
SB07G000370	SB06G033580	50.0000	61.9	547.1	0.0013	0.2105	162.2432	-1185.009424	
SB07G000410	SB06G033740	1.5330	270.0	822.0	0.2721	0.3076	1.1303	-2510.459048	
SB07G000450	SB06G033880	25.9699	221.8	927.2	0.0064	0.2797	43.6782	-2587.594163	
SB07G000470	SB06G034010	50.0000	128.7	660.3	0.0029	0.2939	100.6804	-1744.294314	
SB07G000570	SB06G034090	1.5791	220.9	646.1	0.0452	0.0825	1.8246	-1671.100576	
SB07G000590	SB06G034080	1.6137	849.9	2531.1	0.2356	0.2963	1.2575	-7652.381379	
SB07G000645	SB06G034065	2.0267	612.8	1892.2	0.3172	0.4425	1.3951	-6015.826331	
SB05G010471	SB06G001773	0.9637	111.7	338.3	0.3018	0.2040	0.6762	-939.503997	
SB05G013840	SB06G002110	4.6485	70.8	454.2	0.0363	0.3379	9.3190	-1123.352229	
SB10G015336	SB02G020727	1.1534	113.4	336.6	0.1913	0.1861	0.9731	-943.198461	
SB10G017961	SB02G020970	3.3911	138.5	491.5	0.1160	0.4226	3.6423	-1484.034192	
SB10G018060	SB02G021000	0.1420	99.7	257.3	0.5935	0.0397	0.0670	-555.325635	
SB10G019610	SB02G021180	0.0567	227.2	537.8	1.0347	0.0191	0.0184	-1093.829482	
SB10G019620	SB02G021226	3.6758	447.3	1217.7	0.3432	0.8092	2.3580	-4323.586495	
SB08G023060	SB01G011700	50.0000	156.1	1352.9	0.0015	0.2414	159.0107	-2943.192312	
SB08G023070	SB01G011610	0.7435	589.3	1624.7	0.0537	0.0435	0.8110	-4016.219872	
SB08G023160	SB01G011490	1.2401	265.0	728.0	0.1352	0.1527	1.1294	-2086.756408	
SB08G023170	SB01G011480	1.4683	185.6	936.4	0.0627	0.1409	2.2482	-2188.328650	
SB08G022840	SB01G012190	1.1200	540.2	1406.8	0.1508	0.1457	0.9662	-3990.399467	
SB08G022950	SB01G012000	2.3210	251.3	690.7	0.4791	0.5997	1.2517	-2337.102166	
SB08G022960	SB01G011960	1.1105	388.2	1078.8	0.1393	0.1404	1.0084	-2994.234180	
SB08G022990	SB01G011940	0.8316	111.6	368.4	0.0400	0.0421	1.0533	-864.166521	
SB08G023010	SB01G011890	47.7647	220.1	1354.9	0.0022	0.2478	112.3883	-3139.455483	
SB08G007583	SB05G009353	50.0000	56.0	277.0	0.0213	1.9108	89.6515	-865.484253	
SB08G007630	SB05G008840	0.0646	103.2	280.8	1.0420	0.0218	0.0209	-551.474577	
SB08G008220	SB05G008713	0.1961	153.4	383.6	0.4724	0.0496	0.1049	-850.027651	
SB08G008410	SB05G008475	1.9362	307.2	799.8	0.2580	0.3589	1.3913	-2564.580759	
SB07G009330	SB03G022080	50.0000	70.3	298.7	0.0070	0.5949	84.9901	-927.311473	
SB07G009661	SB03G022930	2.3562	124.9	409.1	0.1117	0.2746	2.4580	-1189.258731	
SB07G009780	SB03G022631	1.6584	93.6	326.4	0.6555	0.4949	0.7549	-1010.288221	
SB07G015430	SB04G011340	0.2653	129.9	320.1	1.2440	0.0937	0.0754	-748.212564	
SB07G017390	SB04G012680	50.0000	101.2	369.8	0.0071	0.5341	75.6369	-1146.348963	
SB07G022290	SB10G006460	11.1368	148.4	421.6	0.0156	0.2131	13.6492	-1250.533620	
SB07G022570	SB10G006760	50.0000	131.3	579.7	0.0060	0.5234	87.9488	-1639.712705	
SB07G022780	SB10G006870	10.2150	158.7	975.3	0.0236	0.5008	21.2592	-2538.922839	
SB07G022810	SB10G006960	1.8684	161.5	444.5	0.2462	0.3430	1.3931	-1380.970618	
SB07G022965	SB10G007090	50.0000	119.5	516.5	0.0044	0.3789	87.0871	-1446.775691	
SB07G023070	SB10G007224	9.6321	128.5	774.5	0.0158	0.3248	20.6058	-1864.490695	
SB07G023165	SB10G007395	10.1641	88.4	223.6	0.0335	0.3695	11.0210	-735.281421	
SB07G023350	SB10G007450	6.9672	210.4	608.6	0.0667	0.5053	7.5794	-2022.387851	
SB07G005140	SB09G006150	4.8761	239.3	774.7	0.0881	0.4721	5.3595	-2391.377357	
SB07G005230	SB09G006120	50.0000	149.4	462.6	0.0060	0.4053	67.0103	-1425.236883	
SB07G005965	SB09G006905	50.0000	171.1	539.9	0.0098	0.6598	67.1627	-1790.588991	
SB06G018850	SB03G028930	4.1999	108.1	746.9	0.0952	0.6359	6.6800	-2009.084384	
SB06G019215	SB03G029000	50.0000	91.1	268.9	0.0305	1.8432	60.4414	-961.543907	
SB06G019830	SB03G029560	11.6645	182.4	528.6	0.0446	0.5987	13.4176	-1780.403218	
SB05G007803	SB04G011313	0.9271	158.8	555.2	0.4954	0.2520	0.5086	-1510.805360	
SB05G007990	SB04G011340	1.1186	111.5	338.5	0.2169	0.1968	0.9072	-936.919027	
SB10G005500	SB04G036040	0.5748	225.0	2388.0	0.0410	0.0636	1.5498	-4123.375315	
SB10G005520	SB04G036020	1.1250	69.1	356.9	0.0804	0.1313	1.6339	-758.884153	
SB10G005580	SB04G035980	1.7516	259.3	814.7	0.2459	0.3355	1.3642	-2499.837170	
SB10G005650	SB04G035890	3.3191	177.7	611.3	0.1220	0.4221	3.4597	-1803.085418	
SB10G005760	SB04G035780	41.6792	163.8	1009.2	0.0036	0.3476	97.3521	-2420.129476	
SB10G005890	SB04G035713	1.0166	114.8	326.2	0.0982	0.1000	1.0181	-856.228171	
SB10G005920	SB04G035630	0.8032	132.3	1148.7	0.0221	0.0480	2.1758	-2024.956106	
SB10G005970	SB04G035530	1.2026	494.5	1392.5	0.1925	0.1909	0.9920	-4034.983482	
SB05G018560	SB05G007803	1.4108	94.8	325.2	1.2471	0.4923	0.3947	-946.965249	
SB05G018837	SB05G007990	1.0473	112.8	337.2	0.2631	0.2051	0.7796	-942.829718	
SB05G018980	SB05G008160	3.3757	418.0	1226.0	0.3254	0.7368	2.2645	-4216.165851	
SB05G019065	SB05G008185	0.4082	101.2	348.8	0.1976	0.0711	0.3599	-799.581146	
SB05G019150	SB05G008410	0.4943	109.3	325.7	0.7414	0.1515	0.2043	-819.108394	
SB05G026830	SB05G021390	50.0000	74.6	234.4	0.0177	1.1584	65.4248	-823.694540	
SB05G026850	SB05G021400	14.4427	313.9	1087.1	0.0364	0.6939	19.0842	-3508.802958	
SB05G026930	SB05G021460	50.0000	157.9	499.1	0.0112	0.7505	66.9924	-1675.262157	
SB05G027010	SB05G021580	2.3296	221.1	1005.9	0.1186	0.3321	2.7989	-2650.167440	
SB05G027220	SB05G021695	5.0831	138.8	446.2	0.1113	0.5854	5.2592	-1458.884010	
SB05G027460	SB05G021710	0.2239	264.5	773.5	0.1417	0.0294	0.2071	-1682.748382	
SB03G012722	SB01G025890	0.0197	105.2	206.8	0.4873	0.0048	0.0099	-416.374868	
SB05G026710	SB05G007043	3.1821	195.6	701.4	0.1900	0.5496	2.8930	-2167.820977	
SB05G026850	SB05G007210	50.0000	294.5	1088.5	0.0085	0.6415	75.8938	-3443.405716	
SB05G027220	SB05G007560	3.6218	411.7	1226.3	0.2410	0.6738	2.7962	-4154.925913	
SB10G022350	SB03G025683	7.0048	80.7	249.3	1.2614	2.4595	1.9499	-888.283975	
SB10G022530	SB03G025860	8.8636	179.4	810.6	0.0480	0.6429	13.3968	-2357.148600	
SB10G022620	SB03G025990	2.7190	74.6	357.4	0.0235	0.1107	4.7178	-824.047371	
SB10G022640	SB03G026000	14.9724	171.3	620.7	0.0188	0.4062	21.5970	-1867.339718	
SB10G022770	SB03G026133	1.1776	180.6	584.4	0.4537	0.3057	0.6737	-1672.762314	
SB10G022820	SB03G026250	5.7377	182.1	927.9	0.0382	0.3726	9.7604	-2539.109230	
SB06G014290	SB06G001773	0.0845	142.2	307.8	1.4351	0.0311	0.0217	-653.701554	
SB06G002240	SB03G026915	14.8853	285.3	935.7	0.0286	0.5554	19.4141	-2995.105217	
SB06G002090	SB03G026850	17.0828	237.9	869.1	0.0243	0.5921	24.3377	-2716.972775	
SB08G005432	SB01G026470	1.0338	88.0	296.0	0.3589	0.2445	0.6813	-806.907743	
SB08G005890	SB01G026740	0.7893	125.3	423.7	0.2219	0.1461	0.6585	-1097.252899	
SB07G016631	SB10G013146	3.0626	109.4	340.6	0.3463	0.6996	2.0205	-1135.780111	
SB07G017175	SB10G013080	2.6469	99.7	323.3	0.3308	0.5975	1.8062	-1045.686228	
SB05G026177	SB05G022000	4.4007	181.2	532.8	0.1131	0.4908	4.3374	-1748.582542	
SB05G026395	SB05G022050	50.0000	74.8	318.2	0.0052	0.4427	85.6479	-917.310416	
SB05G026410	SB05G022000	3.0496	174.1	539.9	0.1309	0.3882	2.9656	-1686.658390	
SB02G005120	SB01G011890	50.0000	204.3	1376.7	0.0017	0.2146	127.5588	-3092.607396	
SB02G005150	SB01G011870	50.0000	156.8	425.2	0.0041	0.2508	61.1775	-1330.945574	
SB02G005420	SB01G011700	32.7867	165.4	1352.6	0.0024	0.2320	98.4079	-2941.965053	
SB02G005440	SB01G011610	1.4787	564.2	1649.8	0.0410	0.0708	1.7269	-4289.127669	
SB02G005700	SB01G011490	10.3192	201.3	791.7	0.0169	0.2695	15.9083	-2231.359494	
SB02G005780	SB01G011450	1.8088	353.2	1131.8	0.2594	0.3591	1.3843	-3449.229919	
SB02G005980	SB01G011215	0.0623	131.3	318.7	3.3263	0.0261	0.0078	-650.386705	
SB05G016726	SB09G007430	0.4252	114.7	335.3	0.3061	0.0898	0.2934	-803.957137	
SB05G016860	SB09G007280	0.0523	187.1	349.9	1.0841	0.0179	0.0165	-749.214009	
SB05G015320	SB09G007430	0.9419	111.0	339.0	0.3397	0.2122	0.6247	-932.487326	
SB08G011993	SB05G017485	0.0567	140.2	288.8	99.0000	0.0279	0.0003	-613.831037	
SB08G013620	SB05G018110	1.8011	117.2	611.8	0.0575	0.1652	2.8712	-1443.060582	
SB08G014300	SB05G018310	2.2284	1251.4	3785.6	0.2255	0.4009	1.7773	-11900.214139	
SB08G014451	SB05G018837	0.1357	131.9	318.1	3.6770	0.0575	0.0156	-686.020359	
SB05G017250	SB10G001680	38.8229	426.1	1172.9	0.0160	0.7458	46.5130	-4091.615376	
SB08G012570	SB10G001950	50.0000	232.5	709.5	0.0079	0.5199	65.9315	-2334.448484	
SB08G014060	SB10G002120	50.0000	92.5	570.5	0.0054	0.6279	115.6223	-1526.481244	
SB05G026030	SB06G002351	26.3756	98.4	204.6	0.5661	7.0397	12.4365	-817.259728	
SB05G026080	SB06G002120	3.2803	323.1	1089.9	0.1003	0.3583	3.5736	-3244.918666	
SB05G026293	SB06G001773	0.0618	121.8	328.2	1.2569	0.0218	0.0174	-649.835795	
SB05G026410	SB06G001555	5.2728	173.0	532.0	0.1282	0.6584	5.1373	-1798.332513	
SB05G026446	SB06G001656	20.1354	96.1	272.9	0.1046	2.0788	19.8699	-999.261779	
SB05G007803	SB09G006290	0.9555	159.9	554.1	0.5370	0.2670	0.4971	-1521.563359	
SB05G008410	SB09G006560	1.5108	146.3	468.7	0.6364	0.4434	0.6967	-1406.752622	
SB04G032570	SB01G029650	5.3526	351.3	1109.7	0.0624	0.3870	6.1983	-3351.848583	
SB04G032710	SB01G029490	50.0000	97.6	454.4	0.0036	0.3315	92.7247	-1122.831369	
SB04G032800	SB01G029370	17.7522	142.0	680.0	0.0125	0.4029	32.3153	-1820.558187	
SB04G032820	SB01G029230	50.0000	86.4	666.6	0.0026	0.3761	142.3776	-1624.818104	
SB04G032910	SB01G029090	4.8511	175.6	766.4	0.0382	0.2842	7.4341	-2040.938914	
SB04G033110	SB01G028920	23.9010	316.6	1276.4	0.0140	0.5326	37.9398	-3786.561405	
SB04G033150	SB01G028880	12.4961	141.4	962.6	0.0072	0.2230	30.9964	-2162.486952	
SB04G033250	SB01G028810	1.5979	66.0	534.0	0.0711	0.2185	3.0730	-1142.236704	
SB05G008440	SB05G007270	50.0000	151.2	751.8	0.0085	0.8085	95.4889	-2142.410934	
SB05G008610	SB05G007270	50.0000	60.3	341.7	0.0067	0.7137	107.0214	-909.111709	
SB05G008810	SB05G007140	0.2379	152.3	354.7	1.1395	0.0823	0.0722	-835.900213	
SB05G008160	SB05G005285	3.6424	434.1	1236.9	0.2297	0.6489	2.8247	-4221.298840	
SB05G008185	SB05G005275	0.4203	113.3	336.7	0.2416	0.0782	0.3239	-800.250599	
SB05G007990	SB05G005542	0.9790	111.2	338.8	0.2440	0.1848	0.7574	-931.472880	
SB10G027940	SB10G009800	50.0000	188.3	1008.7	0.0078	0.7964	101.6949	-2821.726461	
SB10G027980	SB10G009830	50.0000	170.3	741.7	0.0059	0.5148	87.0069	-2171.810545	
SB10G028090	SB10G009870	3.7622	319.1	1060.9	0.3559	0.8841	2.4842	-3564.355092	
SB10G028370	SB10G010013	4.1084	364.3	1000.7	0.3409	0.9034	2.6496	-3558.962423	
SB10G028460	SB10G010040	4.6923	128.6	753.4	0.0828	0.5981	7.2234	-2077.696323	
SB08G008220	SB10G016176	0.1203	147.1	383.9	0.5941	0.0337	0.0567	-793.149806	
SB08G010830	SB10G020014	2.7149	91.4	415.6	0.0221	0.1008	4.5600	-976.235759	
SB05G019065	SB05G013390	0.8173	101.7	324.3	0.1624	0.1221	0.7518	-837.089057	
SB05G019933	SB05G016726	0.3725	84.3	272.7	0.4525	0.0966	0.2134	-633.604313	
SB05G020440	SB05G016860	0.0521	168.0	312.0	1.6380	0.0201	0.0123	-667.707993	
SB02G031910	SB01G048100	16.0920	111.7	569.3	0.0143	0.4365	30.4749	-1479.089924	
SB02G031970	SB01G048290	3.0661	311.4	927.6	0.1505	0.4226	2.8077	-3001.901218	
SB02G032020	SB01G048320	3.0716	374.0	1084.0	0.1658	0.4469	2.6960	-3554.397163	
SB02G032213	SB01G048580	50.0000	79.9	259.1	0.0100	0.6840	68.5326	-867.216442	
SB02G032220	SB01G048730	50.0000	86.1	570.9	0.0049	0.6002	123.2039	-1547.104267	
SB02G032530	SB01G049000	50.0000	381.9	1346.1	0.0067	0.4919	73.6832	-4140.138685	
SB09G029090	SB10G029310	8.9652	302.1	867.9	0.1040	0.9271	8.9100	-3071.720650	
SB09G029295	SB10G029530	50.0000	338.7	942.3	0.0129	0.7847	60.8524	-3293.780115	
SB09G029295	SB10G029310	50.0000	335.0	1021.0	0.0146	0.9435	64.5786	-3564.533997	
SB09G029370	SB10G029400	1.5445	240.1	770.9	0.0540	0.0997	1.8479	-2026.776135	
SB09G029420	SB10G029410	2.6249	194.7	540.3	0.1844	0.4028	2.1851	-1783.016093	
SB09G029650	SB10G029530	7.0560	330.8	947.2	0.1244	0.8336	6.7006	-3285.683715	
SB05G007990	SB09G008202	1.0221	108.3	332.7	0.2356	0.1896	0.8046	-917.640134	
SB05G008185	SB09G009556	0.9499	111.8	338.2	0.3040	0.2018	0.6638	-936.660907	
SB05G008466	SB09G010571	9.7032	138.7	491.3	0.0334	0.4390	13.1345	-1535.888637	
SB09G018193	SB02G019335	0.0583	130.5	343.5	1.2251	0.0205	0.0167	-686.113262	
SB09G018840	SB02G020480	7.8179	233.4	621.6	0.1025	0.7685	7.4992	-2187.941385	
SB05G026293	SB07G022905	1.0293	108.0	342.0	0.1445	0.1417	0.9806	-915.225056	
SB05G026395	SB07G022640	3.8436	86.0	301.0	0.1837	0.6448	3.5099	-934.070765	
SB05G026600	SB07G022300	50.0000	172.6	715.4	0.0077	0.6376	83.0884	-2148.335482	
SB05G026816	SB07G022090	2.8372	109.3	907.7	0.2425	0.7079	2.9198	-2280.334761	
SB05G027230	SB07G021550	50.0000	243.4	731.6	0.0079	0.5179	65.2134	-2384.944735	
SB05G026395	SB08G018780	6.8361	90.6	305.4	0.0736	0.5870	7.9787	-944.601260	
SB07G022640	SB08G018780	23.3857	260.0	1141.0	0.0172	0.6732	39.0466	-3312.551725	
SB05G026590	SB08G018583	28.4876	118.4	475.6	0.0120	0.5452	45.4394	-1403.538505	
SB05G026816	SB08G018360	50.0000	108.1	908.9	0.0020	0.3065	154.1831	-2088.683465	
SB07G022090	SB08G018360	30.9783	119.9	906.1	0.0079	0.6576	83.3709	-2346.238045	
SB05G026830	SB08G018305	26.9644	94.8	217.2	1.5630	10.0932	6.4576	-842.417287	
SB08G017795	SB05G026293	0.0406	103.1	346.9	1.3275	0.0143	0.0108	-638.288103	
SB08G017880	SB05G026390	1.3788	100.8	505.2	0.0479	0.1067	2.2282	-1141.856092	
SB08G017890	SB05G026450	50.0000	176.6	771.4	0.0071	0.6185	86.7521	-2302.218296	
SB08G018210	SB05G026520	2.6376	89.5	567.5	0.1533	0.5017	3.2718	-1407.734994	
SB08G018240	SB05G026530	1.2137	271.3	859.7	0.1774	0.1915	1.0797	-2426.401520	
SB08G018310	SB05G026580	1.9181	232.7	1207.3	0.0913	0.2451	2.6849	-2884.815565	
SB05G019065	SB07G017175	2.7756	101.1	321.9	0.3037	0.5977	1.9681	-1041.233113	
SB05G018837	SB07G017175	2.6874	101.1	321.9	0.3226	0.5964	1.8488	-1046.038979	
SB05G019065	SB07G015430	1.0665	108.9	341.1	0.1793	0.1687	0.9408	-930.861377	
SB09G011480	SB04G019620	0.0505	138.9	359.1	0.3636	0.0113	0.0311	-695.570976	
SB09G012720	SB04G019320	0.1697	123.8	326.2	1.2824	0.0602	0.0470	-709.115388	
SB04G017465	SB02G008311	2.3190	62.6	273.4	0.2620	0.5070	1.9349	-814.677926	
SB04G017480	SB02G008150	0.2486	110.2	327.8	0.5188	0.0672	0.1295	-726.943630	
SB04G017510	SB02G008110	3.8476	294.3	794.7	0.3102	0.8011	2.5827	-2829.902998	
SB04G017843	SB02G008045	29.2296	135.9	368.1	0.0213	0.7264	34.1645	-1267.001209	
SB04G017846	SB02G008047	4.4587	90.1	284.9	0.2471	0.8580	3.4723	-988.181607	
SB10G009730	SB04G029000	1.1420	488.9	1251.1	0.2758	0.2190	0.7942	-3770.293480	
SB10G009760	SB04G029020	1.2407	298.2	880.8	0.1584	0.1765	1.1138	-2498.162296	
SB10G009770	SB04G029030	1.2068	614.8	1578.2	0.1758	0.1738	0.9887	-4612.767782	
SB10G009920	SB04G029120	4.2934	154.0	881.0	0.0581	0.4192	7.2194	-2310.714809	
SB10G010000	SB04G029160	1.1080	119.5	330.5	0.0512	0.0624	1.2181	-839.943893	
SB10G010050	SB04G029180	3.1473	168.6	539.4	0.3626	0.7395	2.0394	-1805.667436	
SB07G017175	SB01G026315	3.0577	101.4	321.6	0.2584	0.6038	2.3371	-1047.274009	
SB07G018850	SB01G026325	50.0000	178.7	529.3	0.0117	0.7442	63.8144	-1788.969514	
SB07G019075	SB01G026470	0.1244	85.5	268.5	0.5451	0.0345	0.0633	-534.405728	
SB06G001410	SB01G020180	50.0000	123.3	839.7	0.0016	0.2114	128.7435	-1969.640807	
SB06G001517	SB01G020250	0.3356	155.1	510.9	0.5792	0.0957	0.1652	-1182.868551	
SB06G001656	SB01G020425	20.2981	67.0	296.0	7.6656	8.0586	1.0513	-982.804183	
SB06G001680	SB01G020470	50.0000	276.6	773.4	0.0098	0.6059	61.5806	-2647.554452	
SB06G001773	SB01G020701	0.1432	126.5	302.5	1.6383	0.0539	0.0329	-651.069046	
SB07G018840	SB02G021780	0.7913	278.9	750.1	0.2044	0.1284	0.6280	-2055.260015	
SB07G019180	SB02G022130	2.2803	90.2	563.8	0.0647	0.2540	3.9254	-1348.315121	
SB07G019310	SB02G022220	1.2830	159.2	1184.8	0.0907	0.1955	2.1560	-2562.173610	
SB07G019340	SB02G022245	4.5515	112.2	616.8	0.0248	0.2152	8.6722	-1477.416721	
SB05G019040	SB05G010100	5.8984	269.6	765.4	0.1220	0.6840	5.6065	-2610.022021	
SB05G019065	SB05G010471	0.4481	105.9	344.1	0.2396	0.0855	0.3569	-812.283396	
SB05G019150	SB05G010580	0.9542	108.0	366.0	0.7836	0.2992	0.3819	-1011.421449	
SB07G015100	SB06G014101	50.0000	95.9	282.1	0.0313	1.8796	60.1419	-1014.236000	
SB07G015110	SB06G013830	0.6553	71.6	288.4	0.3528	0.1600	0.4536	-699.771066	
SB07G015430	SB06G014290	0.1724	133.2	316.8	1.1447	0.0597	0.0522	-707.000160	
SB07G017390	SB06G014508	3.2544	55.2	259.8	0.1281	0.4949	3.8636	-744.414639	
SB05G007803	SB04G017480	1.2446	146.4	486.6	0.5175	0.3413	0.6595	-1409.576667	
SB05G007970	SB04G017465	0.0626	168.5	470.5	4.2262	0.0261	0.0062	-925.143042	
SB05G007990	SB04G017443	1.0090	112.1	337.9	0.2442	0.1899	0.7777	-934.224007	
SB08G000360	SB01G038540	1.9575	408.4	1244.6	0.1695	0.2952	1.7414	-3795.902810	
SB08G000430	SB01G038500	3.1727	206.3	834.7	0.0570	0.2473	4.3371	-2274.641032	
SB08G000470	SB01G038450	35.3302	135.4	944.6	0.0038	0.3472	91.4976	-2364.446518	
SB08G000540	SB01G038300	1.8937	278.4	801.6	0.0554	0.1169	2.1123	-2189.786375	
SB08G000720	SB01G038130	50.0000	129.4	767.6	0.0028	0.3209	113.6495	-1955.133662	
SB08G000860	SB01G038020	50.0000	186.1	1184.9	0.0030	0.3613	120.4603	-2962.786792	
SB05G026293	SB02G005980	0.0616	108.7	341.3	1.0167	0.0206	0.0203	-654.330654	
SB05G026446	SB02G006163	1.0284	113.0	265.0	0.1592	0.1329	0.8349	-762.811247	
SB05G026710	SB02G006485	3.1744	134.5	609.5	0.1721	0.5661	3.2886	-1729.714553	
SB05G005275	SB03G020230	0.9950	101.5	303.5	0.1519	0.1382	0.9098	-812.558208	
SB05G005586	SB03G022790	1.1330	146.5	483.5	0.6208	0.3307	0.5327	-1376.816338	
SB05G005710	SB03G022900	15.2887	134.2	657.8	0.0304	0.7957	26.1683	-1930.849907	
SB05G008185	SB04G017443	0.8939	110.2	339.8	0.2539	0.1733	0.6823	-921.858577	
SB05G008410	SB04G017480	0.1414	157.8	511.2	0.7872	0.0443	0.0563	-1040.452288	
SB05G008466	SB04G018075	12.6026	113.0	520.0	0.0022	0.0505	23.2993	-1110.251558	
SB05G008713	SB04G017480	0.1749	147.0	390.0	0.5843	0.0488	0.0835	-841.973224	
SB05G023485	SB10G010937	1.0790	113.1	336.9	0.1566	0.1528	0.9759	-920.000052	
SB05G023600	SB10G011110	50.0000	186.8	914.2	0.0077	0.7249	94.7008	-2702.391596	
SB05G023810	SB10G011800	3.2644	163.8	550.2	0.0779	0.2929	3.7589	-1643.168997	
SB08G017406	SB02G021180	1.0707	160.3	523.7	0.6177	0.3117	0.5046	-1473.565619	
SB08G017530	SB02G021000	0.5901	88.7	265.3	0.3102	0.1263	0.4072	-671.415269	
SB01G021210	SB01G020701	0.1883	112.3	316.7	0.6655	0.0555	0.0833	-681.355819	
SB01G021580	SB01G021210	0.0902	112.7	337.3	0.8068	0.0284	0.0352	-668.824217	
SB01G021770	SB01G021370	3.8522	125.9	372.1	0.3422	0.8642	2.5254	-1303.240570	
SB05G018530	SB09G005290	50.0000	137.7	354.3	0.0080	0.4692	58.3512	-1186.778115	
SB05G018890	SB09G005370	50.0000	246.2	1181.8	0.0055	0.5208	94.1686	-3346.159337	
SB05G019065	SB09G005533	0.9838	107.5	342.5	0.1770	0.1553	0.8776	-917.497055	
SB08G018305	SB05G027325	50.0000	87.6	266.4	0.0370	2.2407	60.5083	-958.798017	
SB08G018410	SB05G027220	3.0920	410.9	1236.1	0.2313	0.5635	2.4360	-4084.234618	
SB08G018520	SB05G027230	50.0000	180.2	803.8	0.0058	0.5179	88.6755	-2372.778523	
SB08G018780	SB05G026850	50.0000	327.6	1091.4	0.0090	0.6303	70.0968	-3505.276443	
SB07G015110	SB09G008097	50.0000	102.3	230.7	0.1806	6.9644	38.5563	-881.590364	
SB07G015430	SB09G008202	0.1598	124.2	316.8	0.8984	0.0516	0.0575	-690.499579	
SB07G017175	SB09G009556	2.7321	100.3	322.7	0.3016	0.5879	1.9496	-1045.150490	
SB07G019075	SB09G011480	0.0708	157.1	340.9	0.3596	0.0151	0.0420	-706.846752	
SB09G020050	SB01G027765	45.3899	291.3	812.7	0.0211	1.1447	54.1551	-2938.918042	
SB09G020240	SB01G027730	50.0000	224.3	1281.7	0.0054	0.5905	108.5401	-3405.119519	
SB09G020350	SB01G027620	50.0000	91.4	571.6	0.0047	0.5462	117.4331	-1479.304017	
SB09G020580	SB01G027350	50.0000	268.8	751.2	0.0161	0.9719	60.5273	-2670.850546	
SB09G020670	SB01G027030	50.0000	139.4	862.6	0.0049	0.5722	116.2509	-2339.180803	
SB08G007760	SB09G007187	17.9489	261.6	746.4	0.0630	1.2316	19.5396	-2629.308997	
SB08G008220	SB09G007280	0.1023	178.0	359.0	0.4188	0.0234	0.0558	-780.404549	
SB08G007335	SB09G006290	0.0525	230.3	534.7	2.3779	0.0212	0.0089	-1089.657656	
SB08G019660	SB08G007335	0.2796	155.1	552.9	0.9997	0.0932	0.0932	-1215.028138	
SB08G019672	SB08G007583	50.0000	65.9	294.1	0.0215	1.7890	83.0804	-929.672784	
SB08G019700	SB08G007660	3.4409	167.3	729.7	0.2836	0.7796	2.7494	-2257.596717	
SB08G019910	SB08G008260	4.0059	347.3	927.7	0.2675	0.7648	2.8593	-3274.815824	
SB08G007560	SB02G016190	5.9505	79.7	250.3	0.0893	0.5730	6.4133	-817.811180	
SB08G008081	SB02G015755	0.8680	128.1	312.9	0.1097	0.0862	0.7854	-796.475615	
SB05G010035	SB05G008713	1.3036	106.4	316.6	0.5939	0.3708	0.6243	-926.378082	
SB05G010090	SB05G008850	1.6485	205.5	802.5	0.1095	0.2068	1.8877	-2124.559532	
SB05G010321	SB05G009353	0.6227	84.9	359.1	0.1258	0.0891	0.7085	-806.442265	
SB04G026320	SB01G019590	1.4439	426.6	1385.4	0.2093	0.2547	1.2172	-4011.779419	
SB04G026370	SB01G019460	2.7337	247.5	1489.5	0.0563	0.2691	4.7768	-3591.938498	
SB04G026400	SB01G019390	1.5104	328.6	1003.4	0.1357	0.1958	1.4432	-2897.696306	
SB04G026450	SB01G019290	50.0000	75.0	462.0	0.0013	0.1583	118.2829	-991.970354	
SB04G026590	SB01G019170	50.0000	132.9	467.1	0.0015	0.1160	74.8358	-1190.705140	
SB04G026610	SB01G019130	50.0000	380.1	1440.9	0.0041	0.3223	78.6201	-4144.653125	
SB04G026630	SB01G019100	50.0000	73.0	335.0	0.0057	0.5182	90.8010	-913.803657	
SB07G026030	SB03G044420	2.0174	226.5	625.5	0.1356	0.2495	1.8403	-1922.112853	
SB07G026220	SB03G044160	3.2935	191.8	711.2	0.2611	0.6856	2.6264	-2199.132557	
SB07G026300	SB03G044110	4.3097	218.8	990.2	0.0584	0.3666	6.2790	-2692.853227	
SB07G026310	SB03G044020	8.2243	111.9	854.1	0.0179	0.3729	20.8274	-2062.358682	
SB07G026350	SB03G043980	3.5576	218.3	825.7	0.0939	0.3928	4.1849	-2372.231309	
SB07G026370	SB03G043960	50.0000	146.2	816.8	0.0033	0.3585	107.7849	-2018.173788	
SB07G026610	SB03G043690	3.5546	156.0	642.0	0.2224	0.7039	3.1645	-1979.917037	
SB10G009445	SB06G001773	0.0689	124.3	325.7	0.8699	0.0221	0.0254	-655.037264	
SB10G009680	SB06G001960	7.2396	316.8	1213.2	0.0377	0.3840	10.1855	-3546.605007	
SB10G009830	SB06G002110	7.6071	107.5	432.5	0.0147	0.1766	12.0221	-1114.308835	
SB10G009990	SB06G002180	50.0000	259.7	952.3	0.0092	0.6891	75.2676	-2980.975526	
SB05G019600	SB01G026390	3.3226	201.1	605.9	0.1074	0.3607	3.3582	-1920.560986	
SB05G019920	SB01G025890	0.1011	202.1	517.9	0.4008	0.0237	0.0592	-1071.182644	
SB05G020350	SB01G025910	6.7293	114.5	356.5	0.6389	1.9721	3.0868	-1265.387457	
SB05G020440	SB01G025890	0.1511	148.3	349.7	0.4414	0.0366	0.0829	-761.327841	
SB05G008150	SB02G021250	3.0438	376.4	1087.6	0.3185	0.6546	2.0549	-3698.595047	
SB05G008160	SB02G021226	2.3625	434.8	1233.2	0.3628	0.5402	1.4890	-4111.079402	
SB05G008410	SB02G021180	0.1890	180.0	546.0	0.9386	0.0620	0.0661	-1175.548718	
SB05G026293	SB01G020701	0.1348	125.0	304.0	0.8214	0.0422	0.0514	-649.528875	
SB05G026446	SB01G020425	50.0000	95.4	267.6	0.0284	1.6694	58.7337	-984.605230	
SB05G025737	SB01G021395	0.9922	110.9	339.1	0.1788	0.1551	0.8676	-918.316770	
SB02G019540	SB03G023740	0.5698	901.2	2356.8	0.1929	0.0880	0.4564	-6068.718219	
SB02G020727	SB03G024615	0.9964	111.8	338.2	0.2041	0.1687	0.8264	-927.020577	
SB05G022565	SB05G008400	50.0000	131.2	618.8	0.0066	0.6115	92.3792	-1796.623324	
SB05G023080	SB05G007803	1.3891	107.4	360.6	0.7168	0.4245	0.5923	-1051.128654	
SB02G011690	SB01G021350	50.0000	237.8	794.2	0.0190	1.2945	68.0085	-2760.850136	
SB02G012000	SB01G021210	0.2121	123.0	327.0	0.4453	0.0527	0.1185	-722.097442	
SB02G011411	SB01G021395	1.1391	113.1	336.9	0.1619	0.1650	1.0194	-928.741133	
SB10G025870	SB10G025230	50.0000	151.7	856.3	0.0044	0.4760	108.0418	-2243.260077	
SB10G026100	SB10G025566	5.9828	82.7	244.3	0.1141	0.6731	5.8997	-836.869797	
SB10G026190	SB10G025475	4.7649	279.6	746.4	0.0955	0.4434	4.6450	-2502.422637	
SB10G026470	SB10G025850	12.4909	235.5	751.5	0.0604	0.8838	14.6305	-2562.992816	
SB05G009353	SB04G019815	50.0000	68.2	306.8	0.0073	0.6498	88.7311	-917.944039	
SB05G010035	SB04G019620	1.6266	141.5	470.5	0.4969	0.4394	0.8843	-1418.523827	
SB05G010471	SB04G019320	0.9830	109.5	340.5	0.2830	0.2027	0.7162	-943.715175	
SB08G009570	SB01G025575	2.7736	168.4	515.6	0.1098	0.3086	2.8100	-1571.796803	
SB08G011386	SB01G024370	1.8928	86.2	273.8	0.3152	0.4151	1.3168	-835.324662	
SB09G008202	SB02G007953	0.1620	125.5	315.5	0.4635	0.0406	0.0876	-687.824591	
SB09G009590	SB02G008150	1.3032	72.1	254.9	0.6868	0.3947	0.5747	-704.785255	
SB05G024370	SB05G024040	6.4039	69.7	350.3	0.0446	0.4685	10.5140	-989.131341	
SB05G024600	SB05G024280	0.8369	237.6	428.4	0.5997	0.2253	0.3757	-1330.406246	
SB05G024640	SB05G024370	6.8321	67.7	379.3	0.0643	0.7109	11.0492	-1087.728435	
SB05G024950	SB05G024600	0.6474	264.4	461.6	0.5260	0.1625	0.3089	-1374.810716	
SB05G025190	SB05G024880	3.4503	418.5	1258.5	0.1752	0.5288	3.0186	-4140.477948	
SB02G009400	SB01G016900	17.2066	389.6	1014.4	0.0396	0.7415	18.7365	-3614.666893	
SB02G009790	SB01G017320	50.0000	243.7	683.3	0.0062	0.3871	62.3063	-2227.681902	
SB03G022080	SB03G012740	50.0000	94.0	275.0	0.0082	0.5234	63.9267	-902.698055	
SB03G023745	SB03G012470	2.4789	144.7	467.3	0.1307	0.3211	2.4573	-1361.684247	
SB03G024020	SB03G012350	5.6668	144.9	629.1	0.1118	0.7595	6.7922	-1887.034957	
SB01G032440	SB01G016900	13.4202	293.1	897.9	0.0463	0.7373	15.9199	-2967.115178	
SB01G032600	SB01G016900	9.7703	353.2	1047.8	0.0737	0.7811	10.6009	-3596.469454	
SB06G025750	SB02G030470	50.0000	98.0	295.0	0.0030	0.1975	66.2560	-844.901233	
SB06G025770	SB02G030450	50.0000	176.0	625.0	0.0033	0.2448	74.9672	-1752.609565	
SB06G025850	SB02G030410	3.8517	125.2	366.8	0.1963	0.6287	3.2031	-1227.558033	
SB06G025860	SB02G030400	1.8444	215.6	660.4	0.2063	0.3158	1.5307	-2019.383677	
SB06G025870	SB02G030360	50.0000	205.5	1198.5	0.0024	0.2749	112.2415	-2824.743218	
SB06G025900	SB02G030300	50.0000	99.9	485.1	0.0041	0.3959	95.6304	-1267.052328	
SB06G020070	SB04G024760	2.0715	233.0	1417.0	0.1059	0.3150	2.9741	-3457.578228	
SB06G020100	SB04G024780	1.9270	94.2	304.8	0.3237	0.4301	1.3288	-937.823458	
SB06G020110	SB04G024790	0.8697	270.9	776.1	0.0990	0.0864	0.8728	-2006.739884	
SB06G020170	SB04G024860	1.1910	394.1	1090.9	0.1926	0.1879	0.9758	-3106.946504	
SB06G020180	SB04G024870	3.7743	79.6	532.4	0.0282	0.2298	8.1389	-1154.702582	
SB06G020260	SB04G024910	50.0000	335.0	1240.0	0.0049	0.3758	76.9784	-3684.333580	
SB08G003520	SB06G016080	4.3820	101.6	468.4	0.0543	0.3559	6.5551	-1197.131680	
SB08G003575	SB06G016093	4.1980	94.8	283.2	0.1542	0.5892	3.8208	-933.259393	
SB08G003620	SB06G016120	50.0000	120.2	602.8	0.0066	0.6374	97.0389	-1677.561047	
SB08G003670	SB06G016190	3.7917	202.4	640.6	0.1161	0.4470	3.8500	-2020.569679	
SB08G003720	SB06G016230	50.0000	59.5	531.5	0.0018	0.2856	162.9790	-1194.664263	
SB08G003790	SB06G016280	10.0119	170.1	834.9	0.0320	0.5447	17.0415	-2237.954209	
SB10G008916	SB04G017480	0.1865	161.3	477.7	0.6549	0.0549	0.0838	-1021.366593	
SB10G008940	SB04G017800	3.9045	348.8	1013.2	0.4576	0.9984	2.1819	-3580.877649	
SB10G009100	SB04G017480	0.2283	124.2	355.8	0.6352	0.0663	0.1043	-801.299920	
SB09G005940	SB10G022110	14.1537	139.5	601.5	0.0213	0.4882	22.9522	-1741.914807	
SB09G006015	SB10G022130	30.3746	126.6	527.4	0.0065	0.3321	50.9139	-1502.723060	
SB09G006080	SB10G022190	2.1173	808.2	2203.8	0.1226	0.2417	1.9713	-6737.484316	
SB09G006090	SB10G022250	3.8020	182.5	450.5	0.0531	0.2064	3.8873	-1388.039143	
SB09G006110	SB10G022270	1.6117	388.2	1069.8	0.1965	0.2572	1.3089	-3281.913860	
SB02G037760	SB01G031570	1.4230	104.3	255.7	0.2034	0.2221	1.0922	-791.782786	
SB02G037770	SB01G031577	1.9615	83.7	426.3	0.1665	0.3590	2.1563	-1102.328957	
SB02G037790	SB01G031590	12.6401	104.1	606.9	0.0149	0.3946	26.4816	-1569.475064	
SB02G037900	SB01G031700	1.0199	329.5	837.5	0.1150	0.1072	0.9316	-2308.669581	
SB02G037950	SB01G031760	1.0835	307.8	880.2	0.1563	0.1506	0.9634	-2446.528441	
SB02G038030	SB01G031790	1.0310	100.7	496.3	0.1272	0.1593	1.2528	-1104.487520	
SB02G042310	SB03G045220	2.7559	249.9	743.1	0.1098	0.3022	2.7515	-2296.988407	
SB02G042430	SB03G045180	2.6333	591.9	1619.1	0.0703	0.1933	2.7504	-4824.704573	
SB02G042460	SB03G045000	1.8037	104.4	540.6	0.1664	0.3320	1.9951	-1369.926794	
SB02G042470	SB03G044990	15.6282	229.4	847.6	0.0258	0.5762	22.3290	-2672.220100	
SB02G042570	SB03G044870	3.0337	92.1	438.9	0.1433	0.4964	3.4645	-1252.064891	
SB05G018837	SB05G005275	1.0618	113.8	336.2	0.2049	0.1786	0.8717	-933.821333	
SB05G019065	SB05G005542	0.9019	107.7	342.3	0.1800	0.1439	0.7991	-907.963737	
SB05G019150	SB05G005586	0.9113	106.9	367.1	0.4138	0.2303	0.5564	-994.913028	
SB02G043450	SB01G037090	1.2257	79.1	478.9	0.0525	0.1148	2.1862	-959.992010	
SB02G043500	SB01G037030	1.1628	218.7	573.3	0.1746	0.1682	0.9629	-1665.931379	
SB02G043520	SB01G037000	1.1109	311.5	960.5	0.1098	0.1240	1.1297	-2541.479981	
SB02G043530	SB01G036960	1.2609	183.3	497.7	0.1679	0.1801	1.0723	-1442.454629	
SB02G043580	SB01G036880	1.3789	147.6	452.4	0.2019	0.2330	1.1540	-1317.474079	
SB02G043620	SB01G036810	1.7634	68.5	516.5	0.0850	0.2599	3.0593	-1171.769661	
SB01G026640	SB01G025890	0.0604	229.8	490.2	2.8384	0.0254	0.0089	-1028.836341	
SB01G026470	SB01G025340	0.1219	98.8	285.2	0.9229	0.0398	0.0431	-579.412534	
SB01G026485	SB01G025060	1.1488	116.2	330.8	0.2200	0.1993	0.9058	-935.132203	
SB02G039070	SB01G045290	50.0000	167.8	693.2	0.0073	0.6030	83.0172	-2039.130769	
SB02G039140	SB01G045210	1.5205	151.0	431.0	0.2813	0.3047	1.0834	-1332.781454	
SB02G039190	SB01G045180	11.2758	94.1	436.9	0.0236	0.4518	19.1188	-1206.258961	
SB05G018837	SB05G005542	0.0836	129.2	320.8	2.0494	0.0327	0.0159	-661.670733	
SB05G018980	SB05G005285	3.7018	415.1	1225.9	0.2589	0.7157	2.7646	-4185.165418	
SB05G019065	SB05G005275	0.1581	110.8	339.2	0.2979	0.0333	0.1119	-698.107194	
SB08G008675	SB04G018075	32.3072	118.9	514.1	0.0014	0.0798	56.9909	-1184.102413	
SB09G023830	SB01G036680	2.8706	137.5	429.5	0.0928	0.2839	3.0583	-1280.354465	
SB09G023920	SB01G036810	50.0000	139.5	493.5	0.0060	0.4417	74.0811	-1512.358814	
SB09G023960	SB01G036890	1.6444	255.2	848.8	0.1080	0.1885	1.7444	-2377.429813	
SB09G023970	SB01G036900	27.6601	192.6	851.4	0.0057	0.2778	48.7520	-2288.045287	
SB09G024030	SB01G037010	7.3879	58.4	373.6	0.0256	0.4007	15.6410	-905.398296	
SB09G024060	SB01G037030	2.4548	218.4	573.6	0.1612	0.3360	2.0848	-1848.520023	
SB09G006640	SB01G027350	50.0000	230.9	636.1	0.0154	0.9239	60.0407	-2275.720450	
SB06G012510	SB04G019320	0.1339	129.5	320.5	3.4701	0.0561	0.0162	-688.246395	
SB06G013830	SB04G019840	13.9340	99.1	242.9	3.0810	5.7750	1.8744	-905.189212	
SB08G017406	SB05G019150	0.9494	91.8	301.2	0.5845	0.2714	0.4643	-830.810625	
SB08G017415	SB05G019160	0.1925	169.4	367.6	0.8976	0.0619	0.0690	-849.320721	
SB08G017530	SB05G019065	0.7563	98.9	291.1	0.2303	0.1365	0.5925	-755.214425	
SB08G017630	SB05G018910	50.0000	175.3	886.7	0.0061	0.5995	97.9313	-2541.746248	
SB05G010330	SB07G016631	50.0000	71.1	267.9	0.0116	0.8812	76.1816	-866.011464	
SB05G010471	SB07G017175	2.7584	99.1	323.9	0.3434	0.6351	1.8495	-1050.311682	
SB05G023485	SB01G021395	0.0688	130.7	319.3	0.4108	0.0162	0.0394	-648.330771	
SB05G023485	SB01G021580	1.0773	112.4	337.6	0.1485	0.1477	0.9943	-917.681066	
SB05G023820	SB05G005690	3.8247	108.2	356.8	0.2037	0.6676	3.2773	-1193.656843	
SB05G024030	SB05G005285	4.0097	434.9	1215.1	0.2438	0.7353	3.0164	-4195.751619	
SB06G016395	SB02G005980	1.0024	106.2	325.8	0.1726	0.1534	0.8886	-887.059317	
SB06G016600	SB02G005862	50.0000	115.3	232.7	47.5523	24.6675	0.5187	-927.191625	
SB06G016855	SB02G005580	22.1727	208.9	682.1	0.0217	0.6395	29.4366	-2208.872599	
SB06G016860	SB02G005460	50.0000	317.9	1707.1	0.0059	0.6051	102.9287	-4753.944325	
SB05G007210	SB02G009220	10.5135	250.8	1156.2	0.0433	0.7095	16.3892	-3352.346188	
SB06G014290	SB01G026485	0.4890	124.5	322.5	0.3829	0.1125	0.2938	-817.145377	
SB06G032500	SB04G026610	50.0000	418.1	1441.9	0.0121	0.8633	71.1665	-4792.326921	
SB06G032590	SB04G026710	2.7070	300.3	818.7	0.1612	0.3765	2.3354	-2671.855258	
SB06G032720	SB04G026840	12.1256	354.1	1607.9	0.0088	0.1892	21.5339	-4064.709608	
SB06G032930	SB04G027100	4.6422	130.4	331.6	0.0854	0.3845	4.5038	-1094.243925	
SB06G033000	SB04G027190	1.9689	469.4	1498.6	0.2005	0.3364	1.6778	-4616.717006	
SB06G026190	SB01G048860	3.3956	125.7	642.3	0.0166	0.1057	6.3745	-1383.426109	
SB06G026530	SB01G048570	2.6708	248.3	684.7	0.0611	0.1750	2.8627	-1994.983583	
SB06G026540	SB01G048560	50.0000	320.9	1017.1	0.0101	0.6771	67.3491	-3375.653387	
SB06G026580	SB01G048530	50.0000	62.2	333.8	0.0046	0.4739	103.5269	-849.009780	
SB06G026610	SB01G048460	3.9446	200.9	759.1	0.0563	0.2916	5.1812	-2189.997766	
SB02G004350	SB01G005260	1.0856	131.0	589.0	0.0912	0.1286	1.4107	-1375.397266	
SB02G004370	SB01G005250	1.7978	222.1	674.9	0.1471	0.2460	1.6725	-1979.654811	
SB02G004050	SB01G005310	7.9674	316.7	967.3	0.0932	0.7814	8.3810	-3297.353631	
SB02G004070	SB01G005330	0.8274	363.4	875.6	0.1361	0.0964	0.7082	-2391.238684	
SB02G004110	SB01G005360	0.6016	61.2	394.8	0.0053	0.0076	1.4452	-714.713131	
SB01G026470	SB01G025890	0.1140	99.8	284.2	0.6045	0.0325	0.0537	-573.456448	
SB01G026640	SB01G025340	0.0524	229.7	535.3	2.3605	0.0211	0.0089	-1092.802444	
SB08G005945	SB02G008271	50.0000	164.4	366.6	0.0166	0.8607	51.9165	-1361.671275	
SB08G005950	SB02G008352	0.1242	104.6	252.4	0.5412	0.0332	0.0613	-544.641463	
SB05G007450	SB10G011200	47.9787	197.5	1305.5	0.0050	0.5903	117.8272	-3390.409652	
SB05G007990	SB10G010937	1.0457	111.9	338.1	0.2301	0.1903	0.8269	-934.421833	
SB07G010200	SB04G017560	50.0000	145.6	433.4	0.0076	0.4914	64.8199	-1419.691791	
SB07G011900	SB04G018075	50.0000	143.9	489.1	0.0062	0.4464	71.8192	-1552.199754	
SB05G008466	SB07G011900	50.0000	143.3	489.7	0.0061	0.4399	72.1201	-1545.167723	
SB05G008468	SB07G011885	0.1608	217.8	580.2	0.5237	0.0430	0.0820	-1240.493176	
SB05G007803	SB09G007280	1.0152	151.7	517.3	0.5094	0.2778	0.5453	-1434.099830	
SB05G026930	SB07G002360	5.6022	163.6	493.4	0.1556	0.7945	5.1045	-1682.008952	
SB05G027160	SB07G002610	17.5072	113.5	321.5	0.0424	0.8457	19.9679	-1103.956796	
SB05G027325	SB07G002790	6.1381	84.8	266.2	0.4091	1.5165	3.7073	-943.662708	
SB05G027640	SB07G003000	10.7664	330.3	1118.7	0.0445	0.6082	13.6821	-3621.580452	
SB08G007335	SB08G005432	1.0731	176.4	588.6	0.5232	0.2956	0.5650	-1654.507655	
SB09G021260	SB06G034070	29.2989	375.3	1901.7	0.0030	0.1740	58.3716	-4564.438401	
SB09G021320	SB06G034030	50.0000	220.7	1105.3	0.0039	0.3821	98.2362	-2890.535406	
SB09G021410	SB06G033990	15.1171	152.8	663.2	0.0056	0.1476	26.2733	-1683.606947	
SB09G021590	SB06G033820	1.6143	242.1	723.9	0.1338	0.2052	1.5337	-2135.275355	
SB09G021830	SB06G033640	1.8474	296.1	813.9	0.0743	0.1425	1.9172	-2314.683728	
SB08G014451	SB07G015430	0.2040	131.0	319.0	2.3203	0.0815	0.0351	-719.229125	
SB05G018050	SB04G017800	4.9877	330.4	1013.6	0.3972	1.2108	3.0486	-3575.191458	
SB05G018560	SB04G017480	0.4462	113.1	306.9	0.9007	0.1444	0.1604	-747.377275	
SB05G018837	SB04G017443	0.0762	127.1	322.9	1.0463	0.0257	0.0246	-658.030836	
SB05G018890	SB04G016970	4.1284	308.3	1110.7	0.1440	0.6005	4.1711	-3484.804837	
SB05G019065	SB04G015640	0.1706	108.8	341.2	0.5226	0.0466	0.0891	-710.980337	
SB05G007560	SB02G021226	3.4083	431.4	1227.6	0.3250	0.7376	2.2699	-4235.476441	
SB05G007803	SB02G021180	0.9711	162.2	551.8	0.5214	0.2679	0.5137	-1521.208136	
SB05G008185	SB02G021000	0.8762	95.3	261.7	0.1371	0.1090	0.7948	-693.034965	
SB05G007803	SB09G006560	1.0292	146.4	450.6	0.6251	0.2991	0.4785	-1273.621899	
SB05G008410	SB09G007280	0.2244	168.3	512.7	0.5837	0.0636	0.1090	-1121.578029	
SB07G005610	SB09G008000	50.0000	167.0	604.0	0.0105	0.7767	74.1161	-1973.713892	
SB07G005790	SB09G008060	7.8467	86.3	384.7	0.0499	0.5827	11.6830	-1144.834872	
SB05G013390	SB02G008775	0.7223	103.3	322.7	0.2753	0.1470	0.5339	-839.921456	
SB05G016726	SB02G009330	0.9305	112.6	337.4	0.1855	0.1478	0.7967	-912.324382	
SB05G016750	SB02G009400	50.0000	348.7	1040.3	0.0136	0.8684	63.7919	-3580.365560	
SB05G004850	SB02G011990	3.8001	185.0	514.0	0.2174	0.6488	2.9840	-1779.562370	
SB05G005275	SB02G011411	1.0913	112.8	337.2	0.1725	0.1652	0.9576	-928.084136	
SB05G005485	SB02G011180	7.8977	76.1	259.9	0.1318	1.0560	8.0150	-876.162556	
SB05G007560	SB10G010650	50.0000	407.9	1119.1	0.0130	0.7839	60.2453	-3932.943937	
SB05G007970	SB10G010605	2.4360	131.6	486.4	0.3063	0.5479	1.7886	-1522.560344	
SB10G014210	SB10G012871	12.5433	337.0	1004.0	0.0507	0.7331	14.4544	-3470.800818	
SB10G015336	SB10G013080	1.0802	111.6	338.4	0.2066	0.1844	0.8927	-941.381359	
SB10G016176	SB10G013381	0.1613	149.7	444.3	0.7486	0.0496	0.0662	-924.793224	
SB07G017175	SB06G001773	2.7887	100.1	322.9	0.2755	0.5729	2.0793	-1042.471066	
SB07G019155	SB06G002515	5.3566	136.7	544.3	0.1109	0.6843	6.1701	-1707.712519	
SB05G005856	SB06G000540	1.6052	125.3	363.7	0.2401	0.2955	1.2306	-1105.076356	
SB05G005275	SB04G011110	0.0972	130.6	319.4	0.6238	0.0276	0.0442	-663.715489	
SB05G005542	SB04G011340	0.2262	133.7	316.3	1.1341	0.0782	0.0689	-725.768212	
SB05G005586	SB04G011313	0.9220	171.7	593.3	0.4934	0.2498	0.5062	-1612.100448	
SB05G010901	SB10G012100	50.0000	236.7	894.3	0.0075	0.5831	77.4453	-2734.924400	
SB05G015320	SB10G013080	0.1117	117.3	332.7	0.7344	0.0340	0.0463	-683.394341	
SB09G008202	SB10G010937	0.0722	107.4	333.6	0.2887	0.0150	0.0521	-642.430707	
SB09G008991	SB10G010785	50.0000	110.2	408.8	0.0022	0.1704	77.8283	-1109.910060	
SB09G007280	SB03G012722	0.0295	83.3	228.7	0.6833	0.0087	0.0128	-425.011473	
SB08G017406	SB01G026640	1.0824	161.4	522.6	0.6870	0.3258	0.4742	-1481.865451	
SB08G017530	SB01G026485	0.7157	99.1	290.9	0.4079	0.1743	0.4273	-779.624868	
SB02G002490	SB01G021770	50.0000	95.4	342.6	0.0122	0.8975	73.3092	-1107.664805	
SB07G005170	SB01G026780	0.7687	146.2	456.8	0.3219	0.1696	0.5269	-1186.407202	
SB07G005790	SB01G027310	50.0000	62.5	273.5	0.0063	0.5464	87.2188	-827.963887	
SB10G021604	SB04G011110	0.1649	111.6	338.4	0.3887	0.0395	0.1017	-706.028374	
SB10G021820	SB04G011313	0.0262	154.0	428.0	1.3995	0.0095	0.0068	-798.136194	
SB06G016203	SB01G025848	0.6057	124.7	322.3	0.5138	0.1597	0.3109	-851.280472	
SB06G016395	SB01G025060	0.1168	121.5	310.5	0.4917	0.0302	0.0613	-647.578509	
SB06G016860	SB01G023190	50.0000	362.1	1731.9	0.0056	0.5213	93.8803	-4858.663076	
SB02G002620	SB01G048130	50.0000	100.3	718.7	0.0049	0.6495	131.3869	-1914.766248	
SB02G002630	SB01G048030	18.7774	221.7	1155.3	0.0199	0.6994	35.2315	-3233.063311	
SB02G003000	SB01G048560	4.3909	281.7	981.3	0.1348	0.6020	4.4650	-3065.476151	
SB02G022084	SB01G041560	0.0919	98.8	321.2	0.2780	0.0190	0.0684	-613.765664	
SB02G022150	SB01G041740	2.7056	306.2	905.8	0.3790	0.6378	1.6829	-3055.995836	
SB05G010471	SB02G013150	0.9387	111.6	338.4	0.2918	0.1953	0.6693	-935.532865	
SB05G015320	SB02G017263	0.1119	121.3	328.7	0.7624	0.0344	0.0451	-681.215292	
SB10G008890	SB01G026720	10.3499	194.2	891.8	0.0248	0.4304	17.3204	-2346.940165	
SB10G008916	SB01G026470	0.1220	98.9	285.1	0.9295	0.0399	0.0429	-579.560665	
SB09G005533	SB02G013150	0.0764	131.3	318.7	0.7112	0.0228	0.0320	-656.163599	
SB05G026370	SB02G003670	3.5411	360.4	968.6	0.2842	0.7013	2.4677	-3366.408591	
SB05G026395	SB02G003780	9.7370	76.2	316.8	0.0318	0.4698	14.7836	-900.040821	
SB05G008185	SB10G021604	0.4197	103.2	346.8	0.1916	0.0711	0.3711	-801.887340	
SB05G008713	SB10G021110	0.1430	90.7	296.3	0.3098	0.0313	0.1011	-590.004282	
SB05G008840	SB10G021072	0.8917	106.4	343.6	0.1999	0.1527	0.7637	-913.130239	
SB05G009353	SB10G021010	0.3342	86.1	357.9	0.2375	0.0686	0.2891	-754.732080	
SB04G036570	SB04G026490	50.0000	112.7	607.3	0.0024	0.2541	105.1266	-1412.896799	
SB04G036600	SB04G026470	2.2927	125.7	870.3	0.0770	0.3042	3.9497	-2132.067925	
SB04G036620	SB04G026450	50.0000	79.8	433.2	0.0022	0.2363	105.9215	-1030.475727	
SB04G036640	SB04G026440	50.0000	102.4	683.6	0.0030	0.3757	125.4023	-1741.752393	
SB04G036670	SB04G026400	3.1863	256.9	919.1	0.1700	0.5139	3.0238	-2930.835050	
SB05G007990	SB06G014290	1.0324	114.2	335.8	0.2689	0.2037	0.7573	-940.053896	
SB01G045720	SB01G022430	2.5970	310.8	1168.2	0.0628	0.2092	3.3327	-3140.841597	
SB01G045740	SB01G022420	50.0000	71.0	556.0	0.0019	0.2807	145.0836	-1273.152237	
SB01G045840	SB01G022330	50.0000	172.1	652.9	0.0103	0.7952	76.8982	-2084.175831	
SB01G045850	SB01G022320	1.6132	320.3	867.7	0.1479	0.2106	1.4239	-2562.065879	
SB09G025120	SB03G035810	1.3422	213.5	836.5	0.1526	0.2101	1.3772	-2214.768883	
SB09G025140	SB03G035800	1.5680	214.2	1231.8	0.0633	0.1638	2.5866	-2745.147768	
SB09G025190	SB03G035750	1.0537	451.0	1271.0	0.1681	0.1530	0.9099	-3563.587144	
SB09G025260	SB03G035660	0.9020	335.8	927.2	0.0545	0.0536	0.9830	-2309.351719	
SB09G025270	SB03G035640	2.2542	225.3	650.7	0.1670	0.3292	1.9710	-1973.233519	
SB02G027030	SB01G044710	5.2824	152.0	505.0	0.0534	0.3452	6.4643	-1512.418297	
SB02G027090	SB01G044690	50.0000	173.0	787.0	0.0057	0.5103	90.1477	-2181.869091	
SB02G027130	SB01G044660	42.9271	277.4	1123.6	0.0042	0.2958	71.0741	-3072.430166	
SB02G027200	SB01G044650	50.0000	51.9	368.1	0.0049	0.6431	130.2474	-939.411752	
SB02G027210	SB01G044640	2.2630	142.8	742.2	0.1417	0.3815	2.6927	-1953.979873	
SB02G007650	SB01G002130	50.0000	57.4	488.6	0.0032	0.4957	154.3655	-1166.587815	
SB02G007710	SB01G002080	2.3252	306.9	890.1	0.0819	0.2000	2.4430	-2531.228899	
SB02G007770	SB01G002070	1.4803	332.2	771.8	0.4621	0.3655	0.7908	-2549.551933	
SB02G007810	SB01G002050	0.7150	593.1	1731.9	0.0350	0.0296	0.8478	-4151.422552	
SB02G007850	SB01G002000	1.5334	148.2	499.8	0.4030	0.3818	0.9473	-1480.558220	
SB09G024770	SB03G036490	2.2243	297.8	1574.2	0.0482	0.1790	3.7149	-3678.165641	
SB09G024780	SB03G036470	1.1513	323.0	871.0	0.2481	0.2109	0.8500	-2545.090855	
SB09G024810	SB03G036410	0.7988	140.1	423.9	0.1086	0.0876	0.8068	-1089.129144	
SB08G022140	SB01G013030	2.1818	121.4	499.6	0.1053	0.2732	2.5949	-1367.496264	
SB08G022230	SB01G012973	50.0000	280.8	856.2	0.0101	0.6592	65.4841	-2909.776619	
SB08G022240	SB01G012910	50.0000	132.3	710.7	0.0023	0.2375	104.9015	-1637.878570	
SB08G022273	SB01G012880	0.6921	163.9	433.1	0.0115	0.0094	0.8157	-1017.346022	
SB08G022295	SB01G012830	2.3138	315.3	839.7	0.3149	0.4839	1.5366	-2796.558470	
SB01G050270	SB01G029740	1.8327	519.7	1511.3	0.4804	0.4785	0.9960	-4695.712704	
SB01G050333	SB01G029650	1.1010	132.2	746.8	0.1092	0.1649	1.5093	-1617.609328	
SB01G050380	SB01G029520	2.2207	174.8	1040.2	0.0451	0.1831	4.0556	-2340.765743	
SB01G050400	SB01G029480	1.3252	445.4	1426.6	0.1380	0.1777	1.2876	-3962.612404	
SB01G050410	SB01G029470	0.9196	178.9	1333.1	0.0932	0.1425	1.5286	-2709.291300	
SB05G019065	SB04G019320	1.0318	108.5	341.5	0.1887	0.1689	0.8949	-927.658930	
SB09G004670	SB03G005520	1.0435	414.8	1154.2	0.2304	0.1847	0.8017	-3240.216068	
SB09G004740	SB03G005320	0.8233	129.0	552.0	0.0991	0.1009	1.0175	-1290.751248	
SB09G004750	SB03G005280	50.0000	137.4	588.6	0.0038	0.3264	86.6422	-1485.474507	
SB09G004760	SB03G005270	2.0071	291.4	803.6	0.5082	0.5320	1.0470	-2661.401901	
SB10G018060	SB01G025060	1.0725	110.5	339.5	0.1765	0.1666	0.9442	-928.186289	
SB10G018270	SB01G025290	50.0000	212.4	1095.6	0.0059	0.5830	99.6515	-3131.267872	
SB10G019610	SB01G025890	0.0736	210.7	509.3	0.9697	0.0243	0.0251	-1046.295407	
SB05G016726	SB03G022995	0.7924	106.7	331.3	0.2389	0.1487	0.6224	-875.650847	
SB05G016860	SB03G022790	0.0866	181.0	368.0	0.7268	0.0257	0.0353	-794.180768	
SB10G030530	SB06G025280	50.0000	158.2	828.8	0.0061	0.6180	100.7589	-2393.345619	
SB10G030780	SB06G025370	7.8953	337.2	964.8	0.0283	0.2656	9.4026	-2943.961481	
SB10G030790	SB06G025380	4.4836	277.6	883.4	0.0770	0.3866	5.0201	-2774.552230	
SB10G030900	SB06G025430	2.3678	138.1	350.9	0.1089	0.2385	2.1887	-1096.343752	
SB08G008220	SB02G019335	0.0887	134.7	288.3	0.8909	0.0285	0.0319	-621.622728	
SB07G017175	SB01G020701	3.4971	92.7	309.3	0.2027	0.6113	3.0152	-997.654837	
SB07G017390	SB01G020840	50.0000	76.0	395.0	0.0038	0.3886	101.2774	-1081.175402	
SB08G007630	SB09G012720	0.1152	104.6	279.4	0.6403	0.0333	0.0520	-575.285713	
SB08G008220	SB09G011480	0.0704	168.9	329.1	0.6019	0.0192	0.0319	-702.314519	
SB05G013390	SB07G017175	3.0676	97.0	302.0	0.2228	0.5532	2.4833	-978.303651	
SB05G013731	SB07G016631	2.9293	103.2	343.8	0.4626	0.7700	1.6645	-1129.367321	
SB05G019920	SB03G012722	0.1054	82.4	274.6	0.5601	0.0297	0.0531	-534.063102	
SB05G008130	SB03G022850	0.9687	216.2	677.8	0.9548	0.3192	0.3344	-1928.684286	
SB05G007500	SB09G013790	50.0000	234.8	1343.2	0.0025	0.2814	110.4018	-3252.388589	
SB09G003510	SB03G024580	28.6017	298.9	793.1	0.0579	1.7483	30.1889	-2940.723014	
SB09G003570	SB03G024530	7.5622	341.9	927.1	0.1060	0.7701	7.2684	-3267.910492	
SB09G003790	SB03G024020	50.0000	99.2	578.8	0.0074	0.8050	109.2282	-1594.340895	
SB09G003970	SB03G023733	50.0000	121.3	256.7	0.8060	15.4717	19.1968	-1019.838864	
SB10G013080	SB06G010845	0.1050	129.8	320.2	1.1090	0.0360	0.0325	-671.829727	
SB10G014190	SB06G010096	3.0787	384.2	1028.8	0.0801	0.2491	3.1076	-3135.327252	
SB10G014640	SB06G008570	50.0000	83.9	243.1	0.0199	1.2232	61.3830	-855.159894	
SB08G007970	SB10G015052	0.6699	90.9	443.1	0.1847	0.1275	0.6904	-979.919496	
SB08G008081	SB10G014951	0.9192	142.3	331.7	0.1146	0.0923	0.8056	-854.074048	
SB08G008260	SB10G014210	50.0000	362.0	970.0	0.0139	0.8220	59.1179	-3472.428460	
SB05G019933	SB03G022995	0.8125	84.3	260.7	0.4302	0.2046	0.4757	-696.131314	
SB05G020440	SB03G022790	0.1182	140.0	352.0	0.4210	0.0283	0.0673	-731.358162	
SB02G002703	SB01G040760	50.0000	180.2	614.8	0.0095	0.6781	71.2342	-2012.592838	
SB02G002800	SB01G040810	26.5268	180.3	944.7	0.0069	0.3686	53.2330	-2390.833987	
SB02G003000	SB01G041070	3.6603	305.9	846.1	0.2529	0.6837	2.7037	-2934.663902	
SB08G001940	SB01G036560	50.0000	128.3	747.7	0.0049	0.5402	110.6120	-2082.592864	
SB08G001950	SB01G036510	3.4256	321.9	902.1	0.1385	0.4333	3.1277	-2955.624602	
SB08G001980	SB01G036490	3.7750	135.3	884.7	0.0392	0.2958	7.5531	-2180.522703	
SB08G002010	SB01G036430	50.0000	360.3	1142.7	0.0062	0.4200	68.2018	-3580.275498	
SB09G020580	SB06G019190	50.0000	288.8	800.2	0.0108	0.6560	61.0191	-2761.398039	
SB09G007280	SB03G022790	0.0757	183.3	401.7	0.4339	0.0179	0.0413	-841.625058	
SB09G007430	SB03G022995	0.8798	110.7	327.3	0.4131	0.2158	0.5224	-891.960631	
SB05G010035	SB09G016560	1.8268	113.5	402.5	0.4469	0.4786	1.0710	-1206.108155	
SB05G010471	SB09G016291	0.9943	112.8	337.2	0.3234	0.2174	0.6724	-945.259328	
SB05G006320	SB10G015336	0.2421	104.6	324.4	0.7477	0.0746	0.0997	-712.076175	
SB05G006500	SB10G016950	0.0395	285.6	959.4	0.4760	0.0105	0.0221	-1753.798575	
SB05G006510	SB10G016955	0.0295	88.6	316.4	99.0000	0.0126	0.0001	-569.960761	
SB05G010035	SB01G026470	0.8601	84.0	297.0	0.3457	0.2023	0.5852	-776.009404	
SB05G010580	SB01G026640	0.5114	176.0	586.0	0.6752	0.1534	0.2272	-1450.506243	
SB10G021610	SB01G027330	50.0000	121.1	760.9	0.0036	0.4294	118.6682	-2005.903020	
SB10G021820	SB01G027500	0.0316	163.8	418.2	1.9289	0.0122	0.0063	-801.974568	
SB10G022026	SB01G027730	50.0000	81.4	395.6	0.0078	0.7310	94.1195	-1128.452066	
SB07G022640	SB09G005370	12.3533	212.8	1173.2	0.0291	0.6728	23.1143	-3209.677795	
SB07G022905	SB09G005533	1.1015	110.9	339.1	0.1463	0.1506	1.0291	-920.860191	
SB08G007630	SB01G026485	0.5239	107.4	273.6	0.4198	0.1257	0.2994	-702.436075	
SB08G008220	SB01G026640	0.0761	199.5	382.5	1.3319	0.0277	0.0208	-829.347974	
SB05G026630	SB05G021890	50.0000	157.6	790.4	0.0049	0.4834	97.8392	-2236.185890	
SB05G026850	SB05G022050	50.0000	274.0	1142.0	0.0067	0.5622	83.8011	-3431.098394	
SB05G026990	SB05G022160	50.0000	131.6	612.4	0.0065	0.5934	91.4419	-1817.016233	
SB05G003000	SB04G021510	50.0000	194.9	1191.1	0.0038	0.4371	115.8506	-3048.881600	
SB05G003200	SB04G021650	1.8289	126.1	377.9	0.0358	0.0787	2.2009	-998.895651	
SB05G003270	SB04G021740	50.0000	138.2	530.8	0.0070	0.5478	78.5602	-1634.265849	
SB05G003430	SB04G021870	4.6917	88.2	502.8	0.0387	0.3322	8.5832	-1229.642647	
SB05G003570	SB04G022000	50.0000	435.0	1773.0	0.0057	0.4681	82.6917	-5232.470805	
SB04G012210	SB01G023130	46.3040	364.3	1123.7	0.0123	0.7486	60.7357	-3791.822714	
SB05G009465	SB09G004125	0.1136	132.1	389.9	0.7021	0.0342	0.0487	-795.345830	
SB05G010100	SB09G003740	50.0000	181.7	517.3	0.0113	0.7018	62.1199	-1763.976224	
SB05G010580	SB09G003720	0.5167	175.3	586.7	0.6741	0.1550	0.2299	-1449.697483	
SB09G003980	SB07G023975	41.9055	408.4	1046.6	0.0157	0.7512	47.8449	-3659.707955	
SB09G003970	SB07G023980	5.8884	104.3	273.7	0.0998	0.5626	5.6360	-946.959333	
SB05G010090	SB07G024260	13.3141	218.6	783.4	0.0263	0.4886	18.5926	-2412.310085	
SB05G010100	SB07G024270	50.0000	267.0	765.0	0.0097	0.6071	62.6704	-2583.331049	
SB09G003740	SB07G024270	4.0140	183.2	521.8	0.1535	0.5498	3.5823	-1733.973493	
SB05G010471	SB06G016395	0.3781	108.2	323.8	0.3057	0.0803	0.2628	-761.114989	
SB09G008060	SB01G020840	2.6761	83.6	387.4	0.0633	0.2460	3.8871	-1014.966847	
SB09G008202	SB01G020701	0.1452	118.4	301.6	0.6502	0.0420	0.0646	-644.239889	
SB09G009590	SB01G020398	1.0542	131.1	438.9	0.5726	0.2999	0.5238	-1216.427004	
SB08G007335	SB05G019150	0.1970	128.2	345.8	0.7434	0.0601	0.0808	-762.256484	
SB05G009130	SB02G021550	50.0000	218.0	778.0	0.0110	0.8039	73.2635	-2530.475265	
SB05G009745	SB02G021226	3.2091	137.8	450.2	0.3127	0.7061	2.2580	-1484.766596	
SB05G010035	SB02G021180	0.9283	145.8	466.2	0.4585	0.2415	0.5267	-1275.290839	
SB05G004675	SB09G020990	50.0000	83.9	264.1	0.0242	1.5523	64.2118	-933.372304	
SB05G005260	SB09G020550	15.9391	318.2	1013.8	0.0294	0.5975	20.3351	-3339.510487	
SB05G023233	SB10G013700	28.0187	82.6	226.4	0.0358	1.1390	31.8023	-816.805612	
SB05G023485	SB10G013080	1.0787	112.8	337.2	0.1798	0.1678	0.9331	-930.304956	
SB05G000390	SB01G038500	4.7307	224.6	882.4	0.0334	0.2295	6.8708	-2409.345769	
SB05G000520	SB01G038300	2.2190	281.5	798.5	0.0467	0.1171	2.5058	-2191.235418	
SB05G000680	SB01G038130	22.7689	196.1	1420.9	0.0037	0.2279	60.9356	-3226.354454	
SB05G000900	SB01G037900	5.2960	157.0	872.0	0.0718	0.5936	8.2731	-2444.034111	
SB09G009590	SB10G012260	1.2685	128.1	441.9	0.8088	0.4015	0.4964	-1265.139755	
SB09G012720	SB10G011233	1.1225	93.8	314.2	0.3268	0.2539	0.7770	-879.621160	
SB05G023080	SB04G011313	0.0120	113.3	405.7	0.2563	0.0024	0.0096	-690.868140	
SB05G023485	SB04G011110	0.0834	126.2	323.8	0.3799	0.0191	0.0502	-659.420659	
SB08G016927	SB01G025848	1.1088	116.4	330.6	0.2186	0.1915	0.8758	-932.335920	
SB08G017406	SB01G026470	0.8706	79.8	268.2	0.3873	0.2129	0.5498	-711.675339	
SB05G007210	SB06G011765	50.0000	108.3	503.7	0.0070	0.6411	91.1601	-1446.698433	
SB05G007990	SB06G009501	1.0172	110.1	339.9	0.2352	0.1889	0.8030	-932.447866	
SB05G022860	SB02G022150	4.0848	345.0	987.0	0.3200	0.8783	2.7444	-3472.038289	
SB05G010035	SB02G019335	0.6797	86.4	255.6	0.4747	0.1771	0.3731	-676.231705	
SB04G011070	SB02G011993	22.4151	101.2	279.8	0.0228	0.6032	26.4617	-935.783614	
SB04G011110	SB02G012000	1.0661	111.8	338.2	0.1737	0.1629	0.9378	-922.354417	
SB05G008160	SB02G002770	4.0690	422.5	1251.5	0.1899	0.6532	3.4390	-4216.797136	
SB09G018193	SB09G007280	0.0828	210.2	509.8	0.4397	0.0201	0.0457	-1051.306754	
SB09G018390	SB09G006640	7.3561	206.8	543.2	0.1116	0.7672	6.8766	-1909.540613	
SB10G022770	SB10G016176	0.2398	154.3	439.7	0.5268	0.0648	0.1230	-974.121853	
SB10G022960	SB10G015336	0.0757	116.6	333.4	1.5906	0.0279	0.0175	-660.334728	
SB10G023240	SB10G014210	15.4836	307.4	874.6	0.0458	0.8046	17.5576	-3061.152521	
SB10G016930	SB02G011546	50.0000	57.1	293.9	0.0216	1.9876	92.1572	-913.098083	
SB10G018060	SB02G012000	0.1877	129.9	320.1	0.8134	0.0587	0.0722	-710.404537	
SB10G019610	SB02G012460	0.0893	197.2	567.8	1.1458	0.0308	0.0269	-1138.648827	
SB05G004830	SB04G002660	50.0000	270.7	920.3	0.0117	0.8223	70.5295	-3095.853395	
SB05G005670	SB04G003338	50.0000	61.7	268.3	0.0392	2.9899	76.1868	-875.773569	
SB05G018837	SB01G026315	0.1121	126.9	323.1	1.0108	0.0375	0.0371	-678.119346	
SB05G026177	SB06G028910	50.0000	100.4	262.6	0.0101	0.5933	58.6983	-886.427690	
SB05G026370	SB06G028980	11.5229	220.8	535.2	0.1967	1.7516	8.9043	-2041.018326	
SB05G026450	SB06G029110	10.7368	161.4	690.6	0.0377	0.6127	16.2676	-2087.467089	
SB09G021200	SB03G028545	0.9383	107.7	585.3	0.1088	0.1376	1.2645	-1359.553061	
SB09G021410	SB03G028340	50.0000	205.6	637.4	0.0117	0.7742	65.9347	-2172.042461	
SB02G007953	SB01G021395	1.0877	110.9	339.1	0.1459	0.1485	1.0173	-915.610817	
SB02G008150	SB01G021620	0.0175	187.7	331.3	1.1159	0.0061	0.0054	-699.128897	
SB02G025350	SB02G012860	50.0000	105.1	593.9	0.0059	0.6315	107.2573	-1719.496702	
SB02G025460	SB02G012560	50.0000	113.4	864.6	0.0055	0.7547	137.9818	-2253.356212	
SB08G010840	SB07G005900	50.0000	392.3	1152.7	0.0118	0.7488	63.4378	-3947.254862	
SB05G015320	SB10G011233	1.1008	95.5	312.5	0.3456	0.2543	0.7358	-880.954566	
SB05G006957	SB01G026470	11.3074	63.7	251.3	0.0494	0.7703	15.6058	-786.924612	
SB05G007803	SB01G025340	0.9574	160.9	553.1	0.5539	0.2701	0.4876	-1524.070582	
SB07G008830	SB10G008300	10.4825	75.2	266.8	0.2947	2.2896	7.7685	-903.308194	
SB07G009410	SB10G008540	50.0000	90.6	704.4	0.0039	0.5522	141.8829	-1811.440401	
SB07G009445	SB10G008665	50.0000	115.6	235.4	11.5054	23.8364	2.0718	-948.738927	
SB09G020860	SB03G012930	50.0000	83.1	390.9	0.0060	0.5546	92.4077	-1110.020276	
SB09G020900	SB03G012900	50.0000	201.5	800.5	0.0084	0.6702	80.2003	-2518.753163	
SB07G015100	SB06G016093	50.0000	96.1	281.9	0.0252	1.5366	61.0276	-1011.706149	
SB07G015430	SB06G016203	0.1876	131.3	318.7	1.6116	0.0703	0.0436	-713.942359	
SB09G007280	SB04G011313	0.0699	235.7	484.3	0.3637	0.0148	0.0408	-1031.407741	
SB05G003790	SB09G000920	3.3861	315.7	983.3	0.1598	0.4955	3.1011	-3193.136212	
SB05G003880	SB09G000750	0.9811	231.2	869.8	0.0084	0.0127	1.5096	-1872.478731	
SB05G003920	SB09G000620	3.7854	126.2	386.8	0.5588	1.0565	1.8909	-1344.275221	
SB05G005275	SB02G008775	0.3984	116.0	334.0	0.2986	0.0827	0.2770	-793.120885	
SB05G005690	SB02G009100	3.8156	98.5	366.5	0.1772	0.6411	3.6189	-1182.004060	
SB05G005855	SB02G009330	0.0486	142.2	307.8	0.1833	0.0067	0.0367	-630.265730	
SB05G022027	SB06G012995	0.0224	73.2	343.8	0.3690	0.0057	0.0156	-563.110025	
SB05G022030	SB06G012990	0.0171	203.4	516.6	0.3874	0.0039	0.0101	-998.921122	
SB05G022040	SB06G012980	0.0507	106.9	262.1	0.3872	0.0116	0.0299	-533.190733	
SB05G010471	SB04G011340	1.0107	109.2	340.8	0.2426	0.1917	0.7900	-934.603805	
SB05G010580	SB04G011313	0.5003	176.0	586.0	0.6894	0.1511	0.2191	-1442.224514	
SB05G019065	SB06G014290	0.9992	111.5	338.5	0.1885	0.1611	0.8551	-922.095751	
SB06G014290	SB04G017443	0.0696	137.2	312.8	1.0297	0.0234	0.0227	-650.567830	
SB04G017443	SB04G011340	0.2341	134.0	316.0	1.0058	0.0782	0.0777	-727.860839	
SB04G017480	SB04G011313	0.1688	173.2	510.8	0.5515	0.0467	0.0846	-1082.805023	
SB05G019065	SB04G017443	0.9289	108.8	341.2	0.1817	0.1483	0.8159	-911.297153	
SB05G019150	SB04G017480	0.5268	102.1	290.9	0.5244	0.1421	0.2710	-735.522536	
SB06G022780	SB01G019170	7.3705	109.1	490.9	0.0077	0.1010	13.0601	-1144.074835	
SB06G022790	SB01G019150	4.4782	238.1	730.9	0.0300	0.1671	5.5613	-2058.526761	
SB06G022810	SB01G019130	17.4374	373.9	1345.1	0.0169	0.4253	25.1897	-4094.865829	
SB06G022820	SB01G019100	15.4145	68.0	334.0	0.0157	0.4435	28.1997	-849.260582	
SB10G030970	SB04G038510	0.8353	378.2	1010.8	0.0466	0.0424	0.9093	-2531.929179	
SB10G030990	SB04G038490	50.0000	87.9	323.1	0.0052	0.4005	76.4925	-907.699086	
SB10G031000	SB04G038460	50.0000	242.9	1128.1	0.0032	0.2970	92.6834	-2929.564522	
SB10G031030	SB04G038420	0.9665	161.6	420.4	0.0457	0.0474	1.0370	-1085.060300	
SB06G014290	SB04G011340	0.2512	136.6	313.4	0.9716	0.0830	0.0854	-732.650876	
SB02G001110	SB01G007270	0.5110	85.8	328.2	0.0079	0.0063	0.7974	-663.200802	
SB02G001130	SB01G007230	50.0000	49.4	391.6	0.0016	0.2309	146.9976	-839.513103	
SB02G001170	SB01G007200	2.6930	339.0	987.0	0.2321	0.4863	2.0952	-3184.607893	
SB02G001200	SB01G007180	50.0000	135.2	890.8	0.0013	0.1616	125.3747	-1869.843269	
SB05G019065	SB04G011340	1.0212	107.1	342.9	0.1703	0.1576	0.9256	-917.649487	
SB05G019150	SB04G011313	0.2047	131.8	342.2	0.6876	0.0606	0.0881	-763.004296	
SB05G010471	SB04G017443	0.9478	111.6	338.4	0.2982	0.1995	0.6689	-937.989121	
SB05G010580	SB04G017480	0.2798	170.3	510.7	0.7744	0.0869	0.1123	-1158.239371	
SB05G010471	SB06G014290	0.9555	113.2	336.8	0.3279	0.2101	0.6410	-942.253373	
SB08G022600	SB06G014101	43.8651	123.8	254.2	2.1378	17.7087	8.2837	-1020.739372	
SB05G008713	SB09G016560	0.1487	110.0	217.0	0.7047	0.0434	0.0616	-485.710789	
SB05G008840	SB09G016291	0.1055	132.4	317.6	2.7431	0.0432	0.0158	-670.945797	
SB05G020440	SB01G025340	0.2003	141.4	368.6	0.5515	0.0545	0.0988	-809.859354	
SB08G000430	SB02G043980	2.7892	182.8	846.2	0.0543	0.2271	4.1828	-2191.677479	
SB08G000470	SB02G043950	50.0000	148.4	931.6	0.0034	0.3998	118.8090	-2445.580886	
SB08G000540	SB02G043880	1.3889	261.9	818.1	0.0515	0.0847	1.6448	-2101.534823	
SB07G015463	SB02G022070	50.0000	76.6	271.4	0.0237	1.6546	69.8352	-893.646299	
SB07G015941	SB02G021835	25.7194	159.3	467.7	0.0178	0.5719	32.0571	-1540.699197	
SB05G000580	SB10G013700	5.7191	89.7	273.3	0.2087	0.9843	4.7157	-948.698639	
SB05G000703	SB10G013080	0.0771	114.3	326.7	1.4740	0.0280	0.0190	-648.801828	
SB09G023310	SB01G035960	3.8339	283.9	1006.1	0.0170	0.0934	5.4759	-2527.041104	
SB09G023350	SB01G036010	5.2606	375.1	1097.9	0.1296	0.6469	4.9923	-3676.128951	
SB09G023365	SB01G036020	5.5871	298.2	958.8	0.0472	0.3220	6.8158	-2864.354120	
SB04G019320	SB04G017443	0.1269	130.7	319.3	2.0638	0.0498	0.0241	-684.743667	
SB04G019620	SB04G017480	0.2109	164.3	519.7	1.0011	0.0703	0.0703	-1116.141086	
SB08G017406	SB02G019335	0.9253	93.4	299.6	0.7304	0.2836	0.3882	-835.389165	
SB09G018193	SB10G016176	0.1777	143.2	450.8	0.8141	0.0561	0.0689	-939.117340	
SB09G018303	SB10G015336	0.0869	116.4	312.6	0.7802	0.0269	0.0345	-627.371978	
SB05G022027	SB02G009195	1.6569	95.1	321.9	0.3526	0.3893	1.1040	-940.743968	
SB05G022050	SB02G009220	13.0516	219.7	1208.3	0.0292	0.7112	24.3620	-3329.163197	
SB09G016291	SB01G025060	1.0797	114.0	336.0	0.2040	0.1810	0.8872	-930.700097	
SB09G016560	SB01G025340	0.6504	115.2	403.8	0.7795	0.2040	0.2617	-1029.535479	
SB09G024950	SB03G036175	1.8803	156.4	404.6	0.2388	0.3318	1.3897	-1296.768559	
SB09G024990	SB03G036110	2.0552	280.1	1114.9	0.0628	0.1714	2.7298	-2897.385138	
SB09G025050	SB03G036030	0.9610	339.3	971.7	0.1423	0.1251	0.8795	-2619.608672	
SB04G019320	SB04G011340	0.2499	131.8	318.2	1.9810	0.0974	0.0492	-738.831842	
SB04G019620	SB04G011313	0.4259	169.5	595.5	0.7009	0.1297	0.1850	-1405.315501	
SB08G019180	SB02G038274	2.4205	81.5	278.5	0.0968	0.2592	2.6784	-788.143158	
SB08G019196	SB02G038276	2.4942	249.8	695.2	0.1594	0.3473	2.1790	-2211.234069	
SB08G019220	SB02G038280	50.0000	228.7	767.3	0.0033	0.2365	71.7979	-2218.226744	
SB05G022000	SB10G008925	5.3636	180.1	533.9	0.0597	0.3597	6.0217	-1679.992287	
SB05G008713	SB01G025340	0.1934	147.4	389.6	0.6029	0.0546	0.0905	-856.052041	
SB05G008840	SB01G025060	1.0516	110.5	339.5	0.1565	0.1509	0.9642	-918.412861	
SB08G017406	SB08G008220	1.4174	119.1	381.9	0.8100	0.4475	0.5525	-1124.129609	
SB01G040390	SB01G010710	2.1220	299.6	951.4	0.1198	0.2563	2.1392	-2849.980678	
SB01G040410	SB01G010700	2.2238	152.3	867.7	0.1521	0.4045	2.6594	-2205.778931	
SB01G040510	SB01G010580	12.5690	281.2	831.8	0.0398	0.5901	14.8379	-2690.089793	
SB01G040620	SB01G010490	50.0000	76.0	488.0	0.0028	0.3407	121.4935	-1194.376198	
SB05G007803	SB01G026640	0.9763	162.7	551.3	0.5495	0.2742	0.4990	-1527.531144	
SB05G007970	SB01G026603	50.0000	67.0	317.0	0.0045	0.4211	93.4933	-913.426717	
SB05G026293	SB03G014420	0.9509	105.9	344.1	0.2177	0.1718	0.7889	-925.881549	
SB05G026410	SB03G014140	4.5262	171.3	467.7	0.1669	0.6455	3.8665	-1618.510257	
SB05G019150	SB03G042205	0.2195	129.8	344.2	0.6354	0.0632	0.0995	-770.830135	
SB04G019320	SB01G025848	0.6020	122.6	324.4	0.5288	0.1613	0.3050	-854.742159	
SB04G019620	SB01G025890	0.4791	161.7	558.3	0.7455	0.1483	0.1990	-1349.050696	
SB08G023060	SB01G002990	18.2782	185.0	1327.0	0.0117	0.5396	45.9236	-3327.179257	
SB08G023090	SB01G002930	11.7120	346.1	1033.9	0.1154	1.3361	11.5745	-3680.403620	
SB05G019065	SB03G014420	0.1911	104.2	345.8	0.9934	0.0636	0.0640	-720.344047	
SB05G024810	SB05G007550	2.4702	163.4	550.6	0.2510	0.4893	1.9490	-1685.595392	
SB05G024880	SB05G007560	2.8370	413.5	1254.5	0.2978	0.5969	2.0041	-4178.649842	
SB08G017406	SB05G007803	0.0538	165.5	467.5	0.9200	0.0175	0.0190	-901.242211	
SB08G005432	SB05G008713	1.4588	130.5	406.5	0.5784	0.4131	0.7142	-1204.649238	
SB05G007990	SB09G009556	1.0216	112.2	337.8	0.2629	0.2005	0.7624	-940.304649	
SB05G008185	SB09G008202	0.9640	107.9	333.1	0.2425	0.1821	0.7511	-912.625132	
SB05G019065	SB06G010845	1.0029	108.8	341.2	0.1883	0.1637	0.8692	-920.681081	
SB05G019090	SB06G011100	16.3250	271.8	1009.2	0.0299	0.6911	23.0816	-3242.936632	
SB05G025540	SB05G006530	50.0000	220.8	691.2	0.0152	1.0010	65.7040	-2430.300385	
SB05G025610	SB05G006400	6.5008	142.5	397.5	0.1475	0.8579	5.8170	-1371.020826	
SB05G025737	SB05G006320	0.8930	103.3	325.7	0.1735	0.1387	0.7993	-861.506650	
SB05G007560	SB05G006230	50.0000	138.6	431.4	0.0105	0.6960	66.3794	-1423.962956	
SB05G007990	SB05G006320	0.4935	101.6	327.4	0.3972	0.1210	0.3047	-797.487519	
SB05G008060	SB05G006375	0.1166	126.3	416.7	0.3771	0.0281	0.0745	-815.450002	
SB04G019620	SB02G019335	0.0784	135.1	338.9	0.7362	0.0237	0.0322	-698.476234	
SB08G007268	SB07G009661	0.3254	126.4	407.6	0.3388	0.0742	0.2190	-929.595704	
SB05G010035	SB10G019610	0.9436	145.3	466.7	0.4895	0.2521	0.5151	-1279.771628	
SB05G010471	SB10G018060	0.9856	109.9	340.1	0.3038	0.2106	0.6933	-947.181823	
SB05G003150	SB03G040480	3.9198	117.4	938.6	0.0497	0.4179	8.4091	-2264.632023	
SB05G003230	SB03G040520	4.9668	200.2	507.8	0.0769	0.3767	4.8999	-1676.452390	
SB05G003240	SB03G040530	17.5642	224.9	774.1	0.0112	0.2794	25.0400	-2239.895215	
SB05G003400	SB03G040720	50.0000	124.7	598.3	0.0065	0.6114	93.7273	-1724.270885	
SB01G050070	SB01G030140	1.4177	102.9	707.1	0.0625	0.1627	2.6022	-1545.067932	
SB01G050080	SB01G030130	2.1098	94.0	305.0	0.3055	0.4580	1.4990	-925.529616	
SB01G050140	SB01G030020	1.8586	669.3	2096.7	0.1990	0.3138	1.5771	-6075.585983	
SB01G050150	SB01G029990	0.7786	198.8	1172.2	0.0713	0.0898	1.2601	-2369.340840	
SB05G018890	SB07G022640	19.3454	268.4	1129.6	0.0223	0.6854	30.7055	-3404.998562	
SB05G019065	SB07G022905	0.1381	104.7	345.3	0.2383	0.0264	0.1108	-690.633946	
SB04G011210	SB03G012820	21.5836	123.8	917.2	0.0060	0.3466	57.9476	-2189.695599	
SB02G039080	SB02G025940	3.9895	419.0	1171.0	0.0864	0.3512	4.0649	-3758.545478	
SB02G039170	SB02G025760	4.5002	147.3	500.7	0.0824	0.4248	5.1552	-1527.502379	
SB02G039190	SB02G025720	50.0000	119.9	411.1	0.0072	0.5184	72.0155	-1260.719987	
SB08G014401	SB01G021397	22.5795	96.7	212.3	9.2025	10.4380	1.1343	-837.893543	
SB08G014451	SB01G021395	1.0281	111.1	338.9	0.1836	0.1634	0.8899	-922.722318	
SB01G049740	SB01G017120	2.6711	227.1	1392.9	0.0703	0.3118	4.4379	-3386.816113	
SB01G049760	SB01G017280	1.3714	475.6	1225.4	0.1733	0.1958	1.1303	-3637.953420	
SB01G049770	SB01G017290	1.5373	337.5	1108.5	0.1571	0.2275	1.4483	-3184.196615	
SB05G025655	SB04G012210	50.0000	366.5	1121.5	0.0116	0.7562	65.3611	-3793.804127	
SB05G025737	SB04G011340	0.2500	134.0	316.0	1.1026	0.0857	0.0777	-732.725979	
SB05G020440	SB04G017480	0.1805	141.4	368.6	0.5322	0.0484	0.0909	-795.500590	
SB05G010035	SB01G026640	0.9428	146.3	465.7	0.4785	0.2493	0.5210	-1283.681904	
SB05G010580	SB01G026470	0.9794	79.9	301.1	0.6833	0.2975	0.4355	-818.025969	
SB09G006440	SB04G002660	50.0000	289.2	886.8	0.0181	1.1633	64.1980	-3109.298560	
SB09G006530	SB04G002590	7.9965	99.6	299.4	0.0686	0.6071	8.8538	-990.364293	
SB09G006640	SB04G002445	50.0000	267.7	725.3	0.0118	0.7045	59.9198	-2556.290372	
SB06G018790	SB06G013910	9.8131	480.4	1529.6	0.0493	0.5836	11.8279	-4974.168744	
SB06G018835	SB06G013930	2.2091	88.0	326.0	0.0338	0.1041	3.0784	-831.434044	
SB07G022810	SB04G034320	1.7900	159.6	446.4	0.2520	0.3348	1.3289	-1380.260831	
SB07G022965	SB04G034190	5.4185	136.0	497.0	0.0565	0.3938	6.9659	-1467.319220	
SB07G023010	SB04G034140	1.5188	136.4	1114.6	0.0628	0.1928	3.0677	-2429.883011	
SB07G008830	SB01G021617	50.0000	144.1	458.9	0.0126	0.8419	67.0488	-1549.727549	
SB01G032780	SB01G023120	3.0150	172.4	472.6	0.0230	0.0814	3.5372	-1252.559511	
SB01G033000	SB01G023248	8.3232	93.4	356.6	0.2473	1.7004	6.8754	-1136.394115	
SB01G033020	SB01G023290	6.8947	124.5	391.5	0.1166	0.8127	6.9714	-1290.005887	
SB06G025770	SB01G031210	1.7982	130.9	691.1	0.1002	0.2467	2.4623	-1690.911381	
SB06G025870	SB01G031150	32.7221	208.0	1199.0	0.0028	0.2003	72.6419	-2720.271907	
SB06G025960	SB01G031110	2.5299	221.8	1470.2	0.0498	0.2410	4.8366	-3439.416271	
SB06G025980	SB01G031090	14.9625	299.2	1809.8	0.0165	0.5269	31.9732	-4824.000232	
SB08G005014	SB05G008100	0.3173	110.8	426.2	0.5816	0.0921	0.1584	-909.096655	
SB03G037630	SB01G037010	6.6586	60.2	371.8	0.0047	0.0727	15.4769	-710.164429	
SB03G037710	SB01G036900	50.0000	200.4	843.6	0.0034	0.2929	85.5933	-2318.674650	
SB03G037740	SB01G036810	50.0000	129.7	500.3	0.0051	0.4058	79.3627	-1469.742457	
SB03G037790	SB01G036780	3.0955	283.9	862.1	0.2096	0.5335	2.5450	-2848.987922	
SB09G003720	SB10G008916	0.0470	206.1	513.9	1.0469	0.0159	0.0152	-1015.249230	
SB09G003970	SB10G008665	16.3790	98.9	261.1	0.0984	1.5521	15.7724	-958.957606	
SB09G003980	SB10G008662	50.0000	364.4	979.6	0.0113	0.6761	59.6502	-3367.172532	
SB08G022505	SB01G025340	0.0268	195.2	485.8	99.0000	0.0125	0.0001	-941.085304	
SB05G023080	SB10G022770	0.1466	154.9	364.1	0.3503	0.0315	0.0898	-785.967771	
SB09G001090	SB03G039600	3.1283	392.2	1170.8	0.0746	0.2536	3.3987	-3479.502529	
SB09G001140	SB03G039510	5.1241	343.8	1033.2	0.0775	0.4300	5.5487	-3340.998852	
SB09G001360	SB03G039300	10.2922	248.8	855.2	0.0625	0.7836	12.5293	-2742.685729	
SB05G010060	SB10G008670	50.0000	231.7	818.3	0.0128	0.9239	72.2796	-2679.815088	
SB05G010580	SB10G008916	0.5371	164.2	552.8	0.7545	0.1666	0.2208	-1372.765885	
SB05G023080	SB07G019075	0.0625	161.4	345.6	0.4440	0.0149	0.0336	-715.743232	
SB05G008713	SB07G019075	0.1859	122.9	345.1	0.3063	0.0388	0.1268	-733.075885	
SB05G008730	SB07G019155	0.0985	151.3	499.7	1.9484	0.0370	0.0190	-981.290543	
SB09G016291	SB10G018060	0.0903	125.5	324.5	4.6000	0.0385	0.0084	-666.609747	
SB09G016560	SB10G019610	0.6639	112.5	406.5	0.6636	0.1994	0.3005	-1030.924534	
SB02G031350	SB01G030075	0.8988	366.0	819.0	0.6730	0.2605	0.3871	-2431.679652	
SB02G031500	SB01G030190	2.9371	105.8	554.2	0.0760	0.3320	4.3692	-1372.505690	
SB02G031610	SB01G030240	6.8228	133.9	469.1	0.0740	0.6020	8.1341	-1494.300443	
SB05G008713	SB10G019610	0.2028	140.5	396.5	0.4306	0.0502	0.1167	-855.000864	
SB05G008840	SB10G018060	0.0829	116.9	333.1	0.9883	0.0275	0.0279	-665.063215	
SB05G005275	SB10G011233	0.4186	97.7	310.3	0.5847	0.1192	0.2039	-737.469405	
SB05G005542	SB10G010937	0.0689	118.5	331.5	0.7994	0.0215	0.0270	-655.465068	
SB08G019660	SB01G027500	0.2950	162.0	546.0	0.9052	0.0960	0.1061	-1224.497578	
SB08G019910	SB01G027350	50.0000	240.0	726.0	0.0137	0.8802	64.4309	-2517.355579	
SB05G024890	SB09G023700	12.3302	199.0	1052.0	0.0393	0.8405	21.3931	-2992.234159	
SB05G023485	SB09G012720	1.1322	110.1	339.9	0.1562	0.1626	1.0405	-929.065601	
SB05G008713	SB02G021180	0.1809	154.0	383.0	0.6762	0.0530	0.0784	-846.445431	
SB09G004125	SB01G021840	0.0477	133.2	388.8	0.1959	0.0078	0.0396	-738.918169	
SB09G004356	SB01G021580	1.4364	101.2	342.8	0.2402	0.2783	1.1583	-992.985774	
SB07G025280	SB03G010835	9.7372	187.0	623.0	0.0659	0.7599	11.5265	-2068.294444	
SB07G025410	SB03G010800	0.3056	42.7	374.3	0.1292	0.0602	0.4663	-656.580645	
SB07G025420	SB03G010790	0.4367	205.3	586.7	0.6728	0.1293	0.1921	-1471.397749	
SB05G007803	SB04G019620	1.5691	158.2	555.8	0.5230	0.4351	0.8320	-1661.026293	
SB05G007803	SB02G012460	0.9905	157.6	556.4	0.4914	0.2688	0.5470	-1530.220465	
SB05G008185	SB02G012000	1.0403	111.4	338.6	0.2094	0.1792	0.8558	-928.123554	
SB05G021195	SB01G020701	0.1737	122.3	306.7	1.1358	0.0599	0.0528	-672.249800	
SB05G021390	SB01G020425	50.0000	104.7	216.3	0.6563	14.2356	21.6908	-866.653657	
SB05G010471	SB05G005275	0.3996	115.0	335.0	0.3699	0.0928	0.2509	-799.485804	
SB04G008580	SB03G002380	1.5238	240.0	750.0	0.0284	0.0547	1.9242	-1888.881653	
SB04G008590	SB03G002370	1.5181	113.7	804.3	0.1505	0.2978	1.9787	-1849.596721	
SB04G008840	SB03G002050	2.5572	103.6	592.4	0.0621	0.2624	4.2274	-1431.634703	
SB07G017175	SB09G007430	3.0911	102.6	320.4	0.3031	0.6616	2.1825	-1050.224054	
SB07G019075	SB09G007280	0.0865	214.0	476.0	0.7445	0.0260	0.0350	-1009.581593	
SB08G017205	SB05G026030	20.7408	82.7	226.3	0.0827	1.7429	21.0679	-837.296804	
SB08G017300	SB05G025870	3.6996	646.8	1933.2	0.2690	0.7335	2.7266	-6607.415765	
SB08G017345	SB05G025737	1.0357	111.5	338.5	0.2020	0.1744	0.8638	-932.671794	
SB07G017175	SB09G016291	2.8584	103.3	319.7	0.3288	0.6358	1.9334	-1051.670784	
SB05G015320	SB06G016395	1.0164	105.3	326.7	0.1723	0.1561	0.9060	-886.413289	
SB05G008840	SB04G020586	0.0622	129.4	320.6	0.7891	0.0193	0.0244	-649.028089	
SB05G009400	SB04G020720	50.0000	100.3	766.7	0.0047	0.6517	139.1081	-1994.810207	
SB09G030120	SB04G009370	50.0000	141.9	677.1	0.0039	0.3670	94.4580	-1715.836908	
SB09G030140	SB04G009310	2.4889	225.1	1016.9	0.0718	0.2481	3.4564	-2690.378183	
SB09G030150	SB04G009260	3.3930	204.4	623.6	0.0552	0.2166	3.9215	-1813.038787	
SB08G005432	SB03G042205	1.0753	174.2	590.8	0.4686	0.2849	0.6079	-1650.186880	
SB08G005540	SB03G041980	8.6191	226.2	796.8	0.0525	0.5757	10.9660	-2458.015713	
SB08G005660	SB03G041840	50.0000	144.8	1205.2	0.0022	0.3312	152.6284	-2783.861032	
SB07G002990	SB06G001020	8.4667	259.1	703.9	0.0904	0.7614	8.4220	-2442.421396	
SB07G003000	SB06G001030	50.0000	249.9	1001.1	0.0070	0.5689	81.1573	-3038.423545	
SB05G026293	SB02G009330	0.0480	116.0	334.0	0.8118	0.0151	0.0186	-641.028756	
SB05G026395	SB02G009400	50.0000	106.4	283.6	0.0090	0.5383	59.6673	-971.542722	
SB05G010035	SB10G016176	1.4197	104.5	336.5	0.6337	0.4162	0.6568	-981.743419	
SB05G019130	SB01G021640	8.0020	133.4	658.6	0.0312	0.4285	13.7187	-1741.842817	
SB05G019150	SB01G021620	0.1970	128.4	345.6	0.7420	0.0600	0.0809	-761.704266	
SB08G017406	SB04G019620	1.7606	155.4	528.6	0.6085	0.5121	0.8415	-1609.294614	
SB08G017530	SB04G019320	0.6319	96.0	294.0	0.3948	0.1529	0.3873	-762.513250	
SB05G008185	SB09G007430	0.2700	122.1	327.9	0.7668	0.0831	0.1084	-748.211914	
SB05G008840	SB06G016395	1.0328	106.2	325.8	0.1646	0.1531	0.9303	-884.912931	
SB05G009400	SB06G016610	50.0000	101.9	810.1	0.0036	0.5247	145.0592	-2005.655429	
SB05G013390	SB01G021580	0.1506	129.6	296.4	1.6241	0.0568	0.0350	-656.783090	
SB05G015320	SB01G021395	1.0160	108.7	341.3	0.1660	0.1530	0.9214	-918.454866	
SB09G023910	SB09G003015	50.0000	88.2	283.8	0.0092	0.6249	68.2658	-927.110041	
SB09G012720	SB09G007430	1.0489	109.1	340.9	0.2500	0.2024	0.8096	-938.925902	
SB10G005710	SB01G013680	50.0000	426.5	1256.5	0.0116	0.7347	63.6101	-4321.690787	
SB10G005970	SB01G013500	14.2028	386.1	1512.9	0.0201	0.4331	21.5887	-4547.487096	
SB10G006150	SB01G013410	50.0000	93.4	434.6	0.0056	0.5124	91.8580	-1264.049844	
SB10G011233	SB03G014420	0.4352	95.3	312.7	0.6770	0.1305	0.1928	-745.505546	
SB08G005432	SB03G012722	0.9646	81.2	275.8	0.3786	0.2341	0.6184	-738.793254	
SB08G017795	SB05G005855	0.0554	133.3	316.7	0.4175	0.0131	0.0313	-642.110440	
SB08G017813	SB05G005856	50.0000	165.3	515.7	0.0058	0.3901	67.4634	-1599.235411	
SB08G017900	SB05G005887	0.2549	110.1	294.9	0.8652	0.0815	0.0942	-684.582451	
SB05G006320	SB06G015617	0.2125	104.1	324.9	0.4297	0.0536	0.1247	-695.711756	
SB05G006557	SB06G016093	50.0000	98.8	279.2	0.0243	1.4504	59.6761	-999.948419	
SB05G006590	SB06G016100	5.6169	249.1	725.9	0.1114	0.6164	5.5319	-2443.212693	
SB05G016860	SB04G017480	0.0748	167.2	381.8	0.4877	0.0189	0.0387	-786.582605	
SB02G019335	SB01G026640	0.0720	149.8	324.2	1.1781	0.0252	0.0214	-689.692507	
SB10G021604	SB10G010937	0.9363	111.0	339.0	0.2134	0.1635	0.7661	-918.060155	
SB08G015260	SB02G008110	3.1567	348.7	899.3	0.4202	0.7595	1.8072	-3203.649139	
SB08G008220	SB07G019075	0.0889	164.7	342.3	0.4553	0.0213	0.0469	-730.467439	
SB08G008477	SB07G016631	2.6285	109.1	340.9	0.6503	0.7751	1.1919	-1135.857497	
SB10G022770	SB01G027500	0.1252	233.5	531.5	0.5449	0.0332	0.0610	-1159.319188	
SB10G022780	SB01G027620	50.0000	94.6	553.4	0.0048	0.5328	111.0466	-1471.930931	
SB10G022800	SB01G027730	43.0862	204.2	1301.8	0.0054	0.5510	102.4018	-3292.852284	
SB08G014761	SB03G012730	50.0000	79.8	235.2	0.0107	0.6810	63.8116	-791.360999	
SB08G014451	SB03G014420	0.9837	109.3	340.7	0.2652	0.1960	0.7391	-935.184634	
SB08G014761	SB03G014140	5.5114	91.3	253.7	0.1306	0.6651	5.0935	-866.768676	
SB07G028460	SB04G029635	1.9079	566.8	1446.2	0.1056	0.1878	1.7793	-4361.686929	
SB07G028550	SB04G029600	7.7024	316.2	961.8	0.0241	0.2332	9.6662	-2845.869552	
SB07G028560	SB04G029580	37.9252	420.5	1256.5	0.0058	0.2867	49.5654	-3861.121459	
SB07G028750	SB04G029460	2.0870	321.4	1019.6	0.0793	0.1840	2.3190	-2938.172410	
SB05G007803	SB09G018193	0.9707	160.7	553.3	0.4979	0.2637	0.5296	-1520.801686	
SB05G008185	SB06G014290	0.9535	112.7	337.3	0.2628	0.1867	0.7103	-930.280215	
SB09G010571	SB09G008991	0.1893	180.8	416.2	0.2197	0.0304	0.1384	-953.573383	
SB09G011480	SB09G009590	1.2937	112.7	373.3	1.0139	0.4326	0.4267	-1074.201764	
SB04G020586	SB01G020701	0.1267	126.3	302.7	1.0195	0.0425	0.0417	-646.128663	
SB04G020720	SB01G020830	20.1590	124.1	724.9	0.0149	0.6316	42.2874	-2059.277372	
SB10G022150	SB04G011320	9.1861	174.0	828.0	0.0503	0.7155	14.2266	-2488.280135	
SB08G017345	SB01G025848	1.1896	115.2	331.8	0.2262	0.2108	0.9317	-942.404452	
SB08G017406	SB01G025340	1.0634	159.1	524.9	0.6618	0.3168	0.4787	-1478.568936	
SB07G015430	SB04G017443	0.1568	129.6	320.4	1.2273	0.0552	0.0450	-700.423911	
SB07G016330	SB04G016540	6.3067	121.0	437.0	0.1793	1.0552	5.8855	-1424.852296	
SB07G017175	SB04G015640	2.6898	106.5	316.5	0.4266	0.6699	1.5705	-1053.081279	
SB07G017175	SB02G007953	3.1036	100.0	323.0	0.2316	0.5798	2.5035	-1044.379093	
SB07G019075	SB02G008150	0.0559	147.3	296.7	0.8025	0.0172	0.0215	-623.521249	
SB05G026177	SB05G020955	50.0000	117.1	314.9	0.0082	0.4950	60.1647	-1054.955340	
SB05G026293	SB05G021195	0.1795	128.6	321.4	0.7531	0.0547	0.0726	-711.121301	
SB05G026446	SB05G021390	5.8418	84.4	251.6	0.1574	0.8306	5.2779	-870.902242	
SB05G026177	SB02G005270	50.0000	165.4	458.6	0.0274	1.6030	58.4473	-1676.830586	
SB05G020955	SB02G005270	50.0000	102.9	314.1	0.0268	1.6723	62.4097	-1110.239101	
SB05G026180	SB02G005230	50.0000	174.6	509.4	0.0132	0.8301	62.8653	-1758.176284	
SB05G026300	SB02G005120	1.5346	210.4	1370.6	0.0812	0.2042	2.5135	-3046.286618	
SB06G011790	SB04G020540	21.6579	335.2	1134.8	0.0204	0.6042	29.6147	-3650.576358	
SB06G011830	SB04G020520	0.9595	293.3	915.7	0.1446	0.1314	0.9083	-2395.528017	
SB06G012290	SB04G020510	1.4944	226.4	664.6	0.1365	0.1911	1.3997	-1905.755372	
SB06G012520	SB04G020500	13.7998	247.8	868.2	0.0079	0.1599	20.1529	-2324.765593	
SB10G014210	SB03G041980	50.0000	268.4	811.6	0.0105	0.6826	65.0010	-2719.779284	
SB10G016176	SB03G042205	0.1785	150.3	443.7	0.7322	0.0545	0.0744	-937.445093	
SB07G021690	SB03G030640	2.5068	150.9	650.1	0.0742	0.2495	3.3604	-1727.104059	
SB07G021695	SB03G030645	5.6186	119.9	600.1	0.0291	0.2859	9.8139	-1599.944418	
SB07G020800	SB03G011630	0.1194	129.7	320.3	0.9661	0.0394	0.0408	-683.621562	
SB07G021130	SB03G012050	50.0000	100.4	451.6	0.0052	0.4649	89.5425	-1275.539743	
SB09G012720	SB06G001773	0.1263	126.9	323.1	1.0121	0.0422	0.0417	-683.988017	
SB09G015470	SB06G001555	32.5297	85.5	259.5	0.0221	0.9061	40.9884	-902.524993	
SB04G020586	SB01G021395	0.9884	111.0	339.0	0.1598	0.1434	0.8975	-911.292845	
SB02G012000	SB01G024370	0.6709	95.8	270.2	0.3291	0.1458	0.4431	-701.322215	
SB02G012460	SB01G025340	0.0766	199.8	565.2	1.8548	0.0290	0.0156	-1126.401509	
SB02G012590	SB01G025840	35.9825	44.9	438.1	0.0019	0.2357	126.6200	-944.520574	
SB05G019135	SB06G012571	0.3871	191.7	642.3	0.3458	0.0899	0.2601	-1489.746189	
SB09G001540	SB01G021700	20.8508	231.8	932.2	0.0120	0.3983	33.3030	-2763.156770	
SB09G001966	SB01G021397	11.9038	65.8	243.2	2.0062	4.4425	2.2144	-827.705383	
SB09G004190	SB03G013890	1.0461	269.9	693.1	0.2541	0.1913	0.7529	-2037.027783	
SB09G004200	SB03G013910	1.4481	415.6	1360.4	0.1084	0.1650	1.5226	-3707.987558	
SB09G004356	SB03G014420	1.5016	100.6	343.4	0.3014	0.3283	1.0890	-1007.532256	
SB10G005710	SB03G004120	50.0000	253.9	1021.1	0.0100	0.8051	80.4587	-3169.562501	
SB10G005800	SB03G004125	28.6041	329.0	955.0	0.0208	0.7314	35.0920	-3293.087260	
SB10G006040	SB03G004210	50.0000	93.9	572.1	0.0052	0.5944	114.6420	-1487.535025	
SB08G007700	SB01G027730	50.0000	228.5	1280.5	0.0054	0.5744	106.8583	-3419.504283	
SB08G008220	SB01G027500	0.0704	200.7	381.3	1.2022	0.0249	0.0207	-825.438546	
SB07G008860	SB09G004090	50.0000	303.1	1073.9	0.0093	0.6837	73.2931	-3427.913901	
SB07G009445	SB09G003970	50.0000	81.4	269.6	0.0227	1.5167	66.8116	-949.570506	
SB09G010420	SB10G011800	14.7840	129.0	360.0	0.1177	1.6559	14.0636	-1311.281651	
SB09G012720	SB10G010937	0.1488	118.3	331.7	0.4479	0.0374	0.0836	-697.444514	
SB10G021290	SB02G021070	2.5328	202.0	554.0	0.2955	0.5157	1.7452	-1883.222682	
SB10G021330	SB02G021090	2.6219	647.7	2214.3	0.0409	0.1384	3.3885	-5892.544338	
SB08G014375	SB03G023745	2.2571	137.6	471.4	0.1154	0.2753	2.3861	-1333.260191	
SB08G014451	SB03G023760	0.0829	125.7	324.3	4.1679	0.0351	0.0084	-662.723026	
SB07G005450	SB10G012871	28.7782	342.5	920.5	0.0249	0.8252	33.1584	-3298.899085	
SB05G010580	SB09G018193	0.5098	172.8	589.2	0.7216	0.1563	0.2166	-1450.332905	
SB08G005432	SB09G018193	1.1034	176.5	588.5	0.4806	0.2944	0.6125	-1656.265152	
SB08G005540	SB09G018390	8.6173	270.9	758.1	0.0996	0.8500	8.5335	-2629.671172	
SB05G022000	SB09G005115	50.0000	126.0	465.0	0.0267	1.9036	71.1648	-1567.462838	
SB06G019650	SB04G001110	4.7598	86.4	609.6	0.1022	0.7592	7.4277	-1652.972473	
SB06G020090	SB04G001540	7.8166	182.4	738.6	0.0938	0.8946	9.5334	-2263.016473	
SB02G008775	SB02G008352	0.8279	109.0	341.0	0.2956	0.1749	0.5918	-917.306438	
SB02G008940	SB02G008000	2.3142	326.5	915.5	0.4122	0.5611	1.3611	-3073.743398	
SB10G018060	SB06G001773	0.0617	123.0	327.0	2.9384	0.0251	0.0085	-649.341501	
SB10G011054	SB06G001640	1.8918	128.9	378.1	0.2590	0.3650	1.4095	-1192.214262	
SB10G011233	SB06G001773	1.0924	97.5	310.5	0.3483	0.2516	0.7225	-876.259780	
SB08G014451	SB05G023485	1.0801	113.0	337.0	0.1809	0.1685	0.9315	-929.251803	
SB08G014761	SB05G023203	50.0000	84.0	324.0	0.0114	0.8871	77.5653	-1060.487235	
SB08G015260	SB05G022860	50.0000	369.8	971.2	0.0141	0.8203	58.2813	-3492.741241	
SB05G008840	SB10G013080	0.0974	126.1	323.9	1.4013	0.0353	0.0252	-672.238662	
SB08G002650	SB01G014270	1.3576	90.8	353.2	0.1581	0.2167	1.3704	-939.908085	
SB08G002655	SB01G014260	2.3649	140.5	423.5	0.3400	0.5314	1.5629	-1371.745307	
SB08G002705	SB01G014070	50.0000	283.2	1051.8	0.0090	0.6827	76.0298	-3282.199347	
SB08G002720	SB01G013970	50.0000	546.4	1529.6	0.0094	0.5801	61.7034	-5172.375415	
SB09G008097	SB02G012480	6.8718	66.5	248.5	0.1274	0.9361	7.3487	-824.296368	
SB06G024580	SB04G032430	6.1735	108.9	473.1	0.0976	0.7535	7.7224	-1354.073424	
SB06G024820	SB04G032570	1.0346	427.8	1042.2	0.1900	0.1539	0.8101	-2996.218953	
SB06G024830	SB04G032580	1.3580	352.7	847.3	0.1233	0.1465	1.1883	-2482.368199	
SB06G025150	SB04G032900	50.0000	87.9	608.1	0.0050	0.6393	127.5610	-1536.087890	
SB08G005432	SB02G021180	1.0964	177.6	587.4	0.4965	0.2958	0.5958	-1654.452558	
SB08G005540	SB02G021120	19.5766	79.0	227.0	0.0265	0.6220	23.5000	-769.004881	
SB01G020701	SB01G011215	0.1512	127.0	302.0	1.3089	0.0542	0.0414	-656.231971	
SB01G021110	SB01G011390	50.0000	249.0	972.0	0.0063	0.5028	79.7550	-2890.670057	
SB01G021260	SB01G011480	2.5957	160.2	964.8	0.0751	0.3141	4.1847	-2367.493707	
SB05G008713	SB10G009100	0.2327	93.9	239.1	1.1038	0.0797	0.0722	-554.012311	
SB05G008810	SB10G009320	0.2516	151.3	355.7	1.0548	0.0852	0.0808	-844.347248	
SB05G008840	SB10G009445	0.0906	118.6	331.4	0.5380	0.0246	0.0458	-670.543371	
SB10G011233	SB04G021095	0.4709	97.5	310.5	0.4731	0.1240	0.2620	-753.094331	
SB10G021604	SB01G026315	0.9841	109.9	340.1	0.2030	0.1675	0.8247	-924.195546	
SB10G021820	SB01G025890	0.0401	135.0	402.0	0.8006	0.0126	0.0157	-744.294647	
SB03G032880	SB03G003500	2.4692	93.8	398.2	0.1932	0.4583	2.3718	-1104.389268	
SB03G032940	SB03G003620	6.8716	276.1	929.9	0.0364	0.3241	8.9147	-2770.243370	
SB03G032950	SB03G003630	5.6620	228.6	761.4	0.0349	0.2553	7.3238	-2216.466826	
SB10G018060	SB04G019320	0.1494	126.4	323.6	3.9432	0.0630	0.0160	-699.487918	
SB10G010790	SB04G019010	19.0248	79.8	514.2	0.0161	0.6885	42.7920	-1368.689702	
SB10G010937	SB04G019320	0.1632	127.2	322.8	1.4181	0.0593	0.0418	-705.238420	
SB08G018780	SB05G026080	50.0000	330.7	1103.3	0.0087	0.6094	70.2305	-3510.572188	
SB08G018940	SB05G026245	6.3688	177.9	644.1	0.1075	0.7588	7.0604	-2076.799205	
SB08G019085	SB05G026446	50.0000	87.5	260.5	0.0119	0.7604	64.0458	-890.837074	
SB05G023080	SB01G025890	0.0419	143.6	375.4	0.4839	0.0108	0.0223	-720.390494	
SB05G023485	SB01G026315	1.1172	112.5	337.5	0.1706	0.1681	0.9852	-931.509403	
SB09G003565	SB06G013810	22.1486	93.9	440.1	0.0135	0.5349	39.4920	-1262.299204	
SB09G003870	SB06G014420	7.7205	442.7	1222.3	0.0395	0.3443	8.7286	-3965.841269	
SB10G008925	SB01G026280	4.8585	196.3	517.7	0.1333	0.5811	4.3584	-1778.669520	
SB10G009100	SB01G025890	0.0537	163.9	352.1	0.9511	0.0176	0.0185	-743.214427	
SB08G005432	SB05G023080	1.4531	121.4	397.6	0.7648	0.4518	0.5908	-1167.211393	
SB08G005540	SB05G022860	50.0000	343.1	892.9	0.0146	0.8436	57.8493	-3202.325568	
SB05G018837	SB04G011340	0.2420	132.7	317.3	1.3671	0.0876	0.0641	-732.653511	
SB05G018905	SB04G012210	0.6904	207.8	470.2	0.6199	0.1937	0.3125	-1328.175034	
SB10G022770	SB03G022790	0.1389	195.0	435.0	0.4667	0.0342	0.0733	-960.518930	
SB10G022960	SB03G020230	1.0346	100.3	304.7	0.1174	0.1205	1.0266	-804.691112	
SB05G010035	SB04G017480	1.2487	130.0	401.0	0.4817	0.3295	0.6839	-1169.561594	
SB05G008290	SB02G002620	8.2956	126.0	591.0	0.0792	0.9087	11.4743	-1828.648107	
SB05G018837	SB10G022960	1.0987	112.2	337.8	0.1759	0.1689	0.9602	-933.277837	
SB05G019150	SB10G022770	0.2415	129.3	344.7	0.8400	0.0765	0.0911	-782.150988	
SB05G010580	SB01G021620	0.5056	176.0	586.0	0.6940	0.1529	0.2204	-1445.780655	
SB05G013390	SB01G021210	0.1894	117.1	308.9	0.6314	0.0544	0.0862	-681.232177	
SB06G016395	SB04G020586	0.9614	107.1	324.9	0.1716	0.1459	0.8502	-878.202040	
SB06G016610	SB04G020720	6.2708	100.5	772.5	0.0564	0.7139	12.6640	-2007.963227	
SB08G005432	SB04G019620	1.6556	174.6	590.4	0.5356	0.4607	0.8601	-1782.181155	
SB08G000680	SB01G008530	50.0000	121.7	535.3	0.0075	0.6490	87.0855	-1461.983823	
SB08G000870	SB01G008465	6.9711	340.6	973.4	0.1387	0.8907	6.4195	-3448.682073	
SB08G001100	SB01G008370	4.6470	211.5	955.5	0.2103	0.9218	4.3832	-2833.203850	
SB10G010937	SB03G014420	0.9702	108.9	341.1	0.2222	0.1751	0.7881	-924.746542	
SB09G007430	SB04G021095	0.4823	115.8	334.2	0.2560	0.0920	0.3593	-811.634876	
SB09G007950	SB04G020720	15.5953	128.1	732.9	0.0271	0.8192	30.2518	-2079.655531	
SB10G022770	SB10G019610	0.1518	222.0	543.0	0.5339	0.0404	0.0756	-1186.523596	
SB10G022960	SB10G018060	1.1094	109.0	341.0	0.1523	0.1574	1.0338	-928.968801	
SB09G006670	SB10G008880	15.3900	104.1	897.9	0.0063	0.2945	46.8579	-2038.980256	
SB09G007280	SB10G008916	0.0694	227.5	492.5	0.5791	0.0188	0.0325	-1034.698033	
SB04G017170	SB01G027540	50.0000	308.3	981.7	0.0099	0.6718	67.5945	-3285.753361	
SB04G017480	SB01G027500	0.1737	176.3	507.7	0.5921	0.0492	0.0830	-1086.674455	
SB08G014761	SB01G026280	16.6487	102.6	314.4	0.0453	0.8974	19.8113	-1073.006997	
SB08G014985	SB01G026322	0.0862	146.1	477.9	0.3964	0.0212	0.0535	-911.160935	
SB09G005533	SB06G016395	1.0518	106.7	325.3	0.1679	0.1577	0.9391	-887.325256	
SB08G016070	SB04G017460	50.0000	243.5	1178.5	0.0080	0.7465	93.7362	-3479.968736	
SB08G016340	SB04G016310	5.8281	145.7	436.3	0.0498	0.3364	6.7527	-1371.425113	
SB06G014502	SB02G011366	0.7850	112.2	349.8	0.3672	0.1845	0.5024	-938.980412	
SB06G014504	SB02G011363	0.0904	149.3	474.7	0.7482	0.0279	0.0373	-915.398274	
SB04G035560	SB02G023610	27.1685	593.0	1858.0	0.0106	0.3847	36.2275	-5844.322785	
SB04G035570	SB02G023600	34.4783	58.5	364.5	0.0065	0.5183	79.8677	-925.523348	
SB02G021830	SB03G008343	50.0000	101.6	336.4	0.0045	0.3193	70.7783	-1016.620408	
SB02G021835	SB03G008346	50.0000	272.2	765.8	0.0096	0.5952	61.8741	-2576.812367	
SB08G017795	SB05G021195	0.1651	133.7	316.3	0.6410	0.0472	0.0736	-699.621672	
SB07G017175	SB06G016395	2.6023	101.9	312.1	0.3600	0.6034	1.6760	-1018.990216	
SB09G003720	SB04G019620	0.4415	168.9	596.1	0.6835	0.1335	0.1953	-1413.259705	
SB09G003760	SB04G019580	3.5486	58.1	427.9	0.0995	0.5681	5.7089	-1033.598742	
SB09G012720	SB01G020701	0.1806	118.6	310.4	0.9270	0.0589	0.0636	-673.493593	
SB02G022180	SB02G021535	50.0000	400.3	1231.7	0.0141	0.9166	65.1359	-4256.370712	
SB02G022190	SB02G021550	3.2388	206.8	759.2	0.2115	0.6004	2.8391	-2378.065682	
SB06G010845	SB01G020701	0.1740	124.4	304.6	0.9422	0.0570	0.0605	-664.586383	
SB06G010870	SB01G020810	50.0000	314.8	1092.2	0.0079	0.5747	72.4896	-3440.536186	
SB08G019400	SB01G014870	1.1401	347.5	825.5	0.0807	0.0868	1.0765	-2296.223521	
SB08G019410	SB01G014850	1.5211	198.9	818.1	0.2095	0.2917	1.3926	-2220.511413	
SB08G019420	SB01G014840	50.0000	79.9	448.1	0.0026	0.2838	108.5655	-1086.083287	
SB03G022125	SB03G008383	0.0041	89.2	633.8	99.0000	0.0016	0.0000	-924.334836	
SB03G022130	SB03G008390	0.0196	134.2	666.8	0.2714	0.0045	0.0166	-1067.496127	
SB03G022135	SB03G008395	0.0114	303.8	1025.2	1.1690	0.0039	0.0034	-1777.335967	
SB05G020420	SB09G016595	50.0000	117.2	476.8	0.0220	1.7075	77.5295	-1579.856872	
SB09G005533	SB01G021395	1.0749	110.5	339.5	0.1572	0.1547	0.9838	-919.880182	
SB02G008150	SB01G026470	0.1058	99.5	281.5	1.1607	0.0366	0.0315	-565.974825	
SB02G008352	SB01G026485	0.4786	122.9	324.1	0.3671	0.1082	0.2948	-815.509959	
SB08G008220	SB09G006290	0.0589	181.0	401.0	2.0371	0.0233	0.0114	-825.397866	
SB08G019660	SB04G011313	0.2601	150.0	558.0	0.8334	0.0832	0.0998	-1201.195840	
SB08G019672	SB04G011300	50.0000	84.2	386.8	0.0054	0.4926	91.0190	-1117.056426	
SB05G020440	SB02G012460	0.1987	133.5	376.5	0.5849	0.0559	0.0955	-813.450863	
SB09G006290	SB01G026470	0.1303	101.0	283.0	1.0401	0.0439	0.0422	-584.701473	
SB09G004340	SB01G026275	50.0000	77.8	243.2	0.0154	1.0106	65.6367	-822.759029	
SB09G004345	SB01G026280	11.1576	188.1	522.9	0.0654	0.7782	11.8942	-1838.395749	
SB09G004356	SB01G026315	1.4575	99.5	344.5	0.2284	0.2765	1.2107	-993.130069	
SB09G005920	SB03G005853	0.4898	113.3	342.7	0.0785	0.0417	0.5310	-739.664383	
SB06G020540	SB04G025000	1.0955	74.4	393.6	0.1338	0.1800	1.3452	-920.035988	
SB06G020560	SB04G025010	1.2582	413.3	1137.7	0.1438	0.1621	1.1275	-3251.064229	
SB06G020580	SB04G025020	1.3147	174.9	743.1	0.0958	0.1567	1.6350	-1811.149621	
SB04G027620	SB02G023280	33.2025	164.2	762.8	0.0068	0.4139	60.5587	-2087.756720	
SB04G027650	SB02G023260	2.1137	136.8	841.2	0.0494	0.1910	3.8624	-1932.727580	
SB04G027660	SB02G023230	1.1390	111.1	599.9	0.2307	0.2496	1.0819	-1394.637221	
SB04G017443	SB01G025848	0.5696	123.8	323.2	0.4435	0.1409	0.3177	-841.483721	
SB04G017480	SB01G025890	0.1876	158.6	480.4	0.4861	0.0495	0.1019	-1020.757666	
SB10G008916	SB04G011313	0.0341	229.6	490.4	1.4041	0.0125	0.0089	-998.332342	
SB10G010450	SB02G027450	1.8704	450.4	1364.6	0.1216	0.2232	1.8361	-4000.491642	
SB10G010460	SB02G027470	1.8455	332.5	981.5	0.0807	0.1584	1.9637	-2806.406026	
SB10G010480	SB02G027490	10.2020	204.1	557.9	0.0441	0.4997	11.3300	-1848.102006	
SB07G021090	SB04G007210	50.0000	184.5	1072.5	0.0070	0.7688	109.0774	-2921.615301	
SB07G021130	SB04G007236	4.0359	118.6	493.4	0.0916	0.4605	5.0258	-1419.064067	
SB07G020515	SB01G026275	11.3589	82.7	232.3	1.9177	4.3303	2.2580	-850.027351	
SB07G020556	SB01G026322	9.5717	94.9	352.1	0.1742	1.5905	9.1291	-1157.848644	
SB05G001320	SB09G023680	50.0000	323.6	1104.4	0.0069	0.4933	71.8621	-3474.032519	
SB05G001340	SB09G023690	50.0000	78.4	521.6	0.0035	0.4317	124.7039	-1287.657950	
SB05G001380	SB09G023720	50.0000	79.6	514.4	0.0029	0.3597	122.0564	-1210.863768	
SB05G015320	SB07G017175	3.1164	100.4	322.6	0.2383	0.5906	2.4784	-1047.414286	
SB06G014101	SB01G047515	50.0000	99.0	279.0	0.0127	0.7814	61.4066	-980.112839	
SB06G014250	SB01G047430	11.4919	783.9	2231.1	0.0275	0.3755	13.6645	-7175.996312	
SB04G028460	SB01G034770	7.1203	122.1	864.9	0.0168	0.2887	17.1395	-2008.999801	
SB04G028480	SB01G034800	0.0784	192.3	647.7	0.5909	0.0226	0.0382	-1218.133642	
SB04G020586	SB01G025060	0.9799	111.4	338.6	0.1769	0.1518	0.8579	-914.659977	
SB10G016176	SB04G011313	0.1613	149.7	444.3	0.7486	0.0496	0.0662	-924.793224	
SB07G017175	SB06G015617	2.5780	104.5	318.5	0.3642	0.6004	1.6485	-1044.411092	
SB07G017390	SB06G015612	5.7472	91.7	376.3	0.0837	0.6090	7.2751	-1136.368957	
SB01G041760	SB01G027330	50.0000	127.7	772.3	0.0034	0.3963	115.0293	-2042.982962	
SB01G041830	SB01G027390	1.5212	835.9	2512.1	0.2182	0.2676	1.2266	-7458.568116	
SB05G005855	SB06G012510	0.1127	135.2	314.8	0.7080	0.0334	0.0472	-673.617437	
SB05G005880	SB06G012280	50.0000	226.2	952.8	0.0111	0.9186	82.9830	-2941.625035	
SB05G003850	SB06G033760	5.5720	106.8	484.2	0.0367	0.3235	8.8083	-1205.208452	
SB05G003900	SB06G033820	2.0195	244.7	721.3	0.1441	0.2687	1.8652	-2218.343737	
SB05G001790	SB03G037750	3.3472	226.0	827.0	0.2136	0.6234	2.9177	-2576.005975	
SB05G001840	SB03G037700	5.8708	101.4	633.6	0.0370	0.4266	11.5199	-1585.726644	
SB05G001850	SB03G037690	13.0893	557.9	1794.1	0.0710	1.0629	14.9756	-6088.104507	
SB09G008202	SB09G005533	0.0573	115.1	325.9	0.3249	0.0124	0.0381	-631.761790	
SB09G003720	SB10G009100	0.0547	165.1	395.9	0.6295	0.0155	0.0247	-812.371627	
SB09G003790	SB10G009180	17.9502	127.3	679.7	0.0235	0.7920	33.6916	-1943.763523	
SB09G024160	SB03G008080	50.0000	105.3	224.7	9.3364	23.3094	2.4966	-897.379591	
SB09G024200	SB03G008060	36.9282	170.7	831.3	0.0086	0.5948	69.3456	-2335.216652	
SB06G014290	SB01G025848	0.5951	125.5	321.5	0.4390	0.1460	0.3326	-845.165506	
SB04G017465	SB01G026603	50.0000	68.1	315.9	0.0046	0.4225	92.0109	-913.449446	
SB04G017480	SB01G026640	0.1834	179.3	504.7	0.6657	0.0540	0.0811	-1094.822657	
SB04G011313	SB01G025890	0.0385	228.4	491.6	0.5715	0.0104	0.0181	-1004.276364	
SB04G011340	SB01G025848	0.6315	121.9	325.1	0.4327	0.1551	0.3583	-858.219135	
SB04G011300	SB01G020840	50.0000	77.1	393.9	0.0038	0.3778	99.8932	-1078.370786	
SB04G011340	SB01G020701	0.2140	121.4	307.6	1.4846	0.0786	0.0529	-689.153771	
SB04G007170	SB03G030700	37.8374	275.8	837.2	0.0203	0.9745	47.9403	-2914.144856	
SB04G007233	SB03G030645	12.3442	131.2	615.8	0.0147	0.3214	21.9251	-1677.076274	
SB04G007236	SB03G030640	3.7380	132.4	548.6	0.0516	0.2725	5.2789	-1477.666729	
SB10G016176	SB04G017480	0.2873	142.3	439.7	0.5227	0.0783	0.1498	-985.412881	
SB10G016176	SB10G008916	0.1192	149.9	429.1	1.9976	0.0456	0.0228	-871.470288	
SB08G017406	SB03G022790	1.2848	130.9	418.1	0.7567	0.3978	0.5257	-1220.953205	
SB08G017445	SB03G022350	19.7355	87.2	266.8	0.1219	2.3723	19.4545	-933.256500	
SB08G017345	SB05G006320	0.2341	103.2	325.8	0.8539	0.0750	0.0878	-707.441147	
SB08G017390	SB05G006375	0.5541	88.3	307.7	0.5371	0.1549	0.2885	-739.832596	
SB03G005520	SB01G039010	3.1478	422.8	1146.2	0.1266	0.3670	2.8991	-3680.880911	
SB03G005530	SB01G039060	50.0000	99.3	674.7	0.0026	0.3342	127.6376	-1607.716423	
SB05G026290	SB02G013180	50.0000	223.1	685.9	0.0152	0.9875	64.8573	-2392.961586	
SB05G026293	SB02G013150	0.0767	123.8	326.2	0.4326	0.0188	0.0434	-658.690640	
SB05G007560	SB10G019620	3.9922	426.3	1238.7	0.2448	0.7436	3.0370	-4293.737316	
SB05G007803	SB10G019610	0.9724	162.1	551.9	0.5244	0.2688	0.5126	-1520.935525	
SB05G027190	SB07G004800	22.5685	71.7	288.3	0.0115	0.4142	36.0999	-844.941483	
SB05G027220	SB07G004830	3.2530	302.4	921.6	0.2563	0.6316	2.4643	-3068.374014	
SB05G007340	SB05G005505	2.8513	171.5	542.5	0.2603	0.5648	2.1701	-1724.932380	
SB05G005855	SB05G005542	0.0554	133.3	316.7	0.4159	0.0130	0.0314	-641.277900	
SB05G005873	SB05G005583	0.0270	102.2	404.8	0.0010	0.0000	0.0444	-704.368979	
SB09G006290	SB04G019620	0.4409	169.9	595.1	0.7722	0.1379	0.1786	-1416.066624	
SB09G001340	SB01G039615	2.8028	195.9	1193.1	0.0929	0.3930	4.2309	-3057.243664	
SB09G001370	SB01G039610	1.5301	207.5	1043.5	0.0920	0.1935	2.1023	-2530.336210	
SB09G001390	SB01G039590	8.6874	318.0	1233.0	0.0291	0.3698	12.6894	-3512.872390	
SB09G005533	SB03G014420	1.0211	108.6	341.4	0.2260	0.1863	0.8246	-933.051329	
SB04G031910	SB01G031110	43.8708	231.2	1454.8	0.0025	0.2626	104.9657	-3457.511181	
SB04G031980	SB01G031150	50.0000	212.1	1194.9	0.0018	0.1934	109.4786	-2702.388260	
SB04G032000	SB01G031190	20.8664	196.8	652.2	0.0116	0.3356	28.8970	-1962.331438	
SB04G002600	SB03G026060	0.0617	239.7	654.3	0.0714	0.0046	0.0642	-1269.945284	
SB04G002605	SB03G026065	0.1874	156.0	435.0	0.4593	0.0476	0.1037	-913.557307	
SB08G019910	SB06G019190	50.0000	345.3	923.7	0.0125	0.7390	59.2664	-3270.192718	
SB08G014985	SB06G023923	0.2123	150.2	473.8	0.4104	0.0526	0.1281	-1001.076194	
SB08G008220	SB04G019620	0.0809	183.0	399.0	0.9110	0.0262	0.0287	-840.227861	
SB08G022505	SB01G027500	0.0317	232.9	448.1	1.3020	0.0115	0.0088	-940.314606	
SB08G017345	SB05G018837	1.1392	113.7	336.3	0.1955	0.1862	0.9524	-941.532025	
SB03G014420	SB01G021395	0.1622	115.4	334.6	0.9653	0.0536	0.0555	-702.843221	
SB05G025737	SB06G010845	0.0907	132.5	317.5	1.3952	0.0330	0.0237	-660.142379	
SB05G025820	SB06G010860	50.0000	213.1	545.9	0.0156	0.8886	57.0954	-1962.678068	
SB05G005542	SB10G021072	0.8414	107.0	343.0	0.2150	0.1501	0.6982	-908.969831	
SB05G005586	SB10G021110	1.1129	137.6	471.4	0.5586	0.3148	0.5635	-1323.905892	
SB05G008460	SB07G001030	6.8667	86.4	345.6	0.1208	0.9321	7.7140	-1072.622498	
SB05G008512	SB07G000990	50.0000	120.2	398.8	0.0091	0.6366	69.8763	-1301.136750	
SB05G023485	SB01G029850	1.1520	114.5	335.5	0.1732	0.1734	1.0012	-937.199084	
SB09G015670	SB01G038020	50.0000	204.4	1118.6	0.0043	0.4507	105.4233	-3017.805004	
SB09G015680	SB01G038035	22.8285	71.2	291.8	0.0104	0.3863	37.2241	-799.004793	
SB09G015920	SB01G038100	2.2755	112.8	412.2	0.1378	0.3236	2.3477	-1150.701400	
SB06G014290	SB02G013150	0.0987	143.0	307.0	0.6237	0.0276	0.0443	-661.753025	
SB06G014380	SB02G013090	7.5226	90.6	263.4	1.6597	2.7914	1.6818	-923.593169	
SB06G026250	SB01G049010	7.5258	113.5	357.5	0.0185	0.1816	9.8406	-1013.002139	
SB06G026300	SB01G049020	50.0000	128.5	462.5	0.0071	0.5324	74.7245	-1455.071203	
SB06G026330	SB01G049030	4.1453	61.8	343.2	0.0347	0.2635	7.5918	-853.022850	
SB04G019620	SB01G026470	1.0031	78.5	305.5	0.6373	0.2995	0.4700	-826.320858	
SB10G015336	SB01G025060	0.1060	129.5	320.5	2.8500	0.0435	0.0153	-668.729420	
SB10G016176	SB01G025340	0.1661	144.8	449.2	0.9015	0.0539	0.0598	-931.296081	
SB10G013381	SB01G020398	0.9420	172.7	592.3	0.5002	0.2562	0.5122	-1618.085566	
SB10G013700	SB01G020425	50.0000	114.7	236.3	0.2455	8.3146	33.8673	-951.721355	
SB10G013080	SB01G021395	1.0285	110.9	339.1	0.1821	0.1627	0.8937	-923.903015	
SB10G009100	SB03G042205	0.0491	175.0	386.0	0.5710	0.0133	0.0232	-806.953974	
SB08G019370	SB01G043460	50.0000	183.7	527.3	0.0117	0.7296	62.4262	-1834.860326	
SB08G019400	SB01G043400	1.7052	379.3	985.7	0.1186	0.1854	1.5637	-2940.157135	
SB08G019410	SB01G043380	4.3848	228.9	791.1	0.0913	0.4521	4.9507	-2463.129814	
SB08G003220	SB03G040500	3.2502	221.8	753.2	0.0997	0.3547	3.5580	-2251.882876	
SB08G003260	SB03G040530	7.9014	220.6	775.4	0.0271	0.2938	10.8575	-2248.815135	
SB08G017345	SB05G005542	1.0280	111.3	338.7	0.1816	0.1621	0.8924	-925.436953	
SB05G019150	SB10G016176	0.5120	74.2	228.8	0.7524	0.1579	0.2099	-561.964770	
SB05G005542	SB01G025060	0.9744	111.0	339.0	0.1772	0.1514	0.8545	-914.032587	
SB05G005586	SB01G025340	0.9665	174.4	590.6	0.5228	0.2667	0.5101	-1628.247920	
SB09G024030	SB03G006930	35.7376	58.3	370.7	0.0106	0.8722	82.0483	-942.019607	
SB09G024110	SB03G006790	3.3676	247.8	625.2	0.0639	0.2175	3.4059	-1918.539222	
SB02G013150	SB03G014420	0.9596	109.8	340.2	0.2274	0.1749	0.7691	-924.810651	
SB10G011233	SB06G014290	1.1363	99.1	308.9	0.3407	0.2577	0.7562	-881.963939	
SB10G006720	SB06G003056	1.1234	367.9	682.1	0.9114	0.3621	0.3973	-2179.845248	
SB10G006730	SB06G003060	0.0737	136.5	331.5	0.3230	0.0152	0.0472	-685.466194	
SB10G015336	SB02G008352	1.0339	111.5	338.5	0.1831	0.1637	0.8941	-929.069203	
SB10G016176	SB02G008150	0.2253	84.1	263.9	0.7363	0.0691	0.0939	-553.305514	
SB10G008940	SB02G031520	10.0291	342.9	1013.1	0.0951	0.9818	10.3196	-3555.085881	
SB10G008990	SB02G031580	50.0000	145.4	802.6	0.0045	0.4801	105.9798	-2172.843831	
SB10G015336	SB01G026485	1.1452	114.0	333.0	0.2024	0.1904	0.9408	-938.887263	
SB08G017795	SB07G015430	0.1341	127.5	322.5	1.2875	0.0477	0.0371	-691.054470	
SB08G017890	SB07G015690	11.4782	36.9	530.1	0.0183	0.8496	46.5408	-1282.476333	
SB07G017175	SB04G011340	2.6508	98.5	324.5	0.3192	0.5903	1.8495	-1040.588310	
SB07G017390	SB04G011300	0.0392	83.5	387.5	0.9353	0.0129	0.0138	-642.325239	
SB05G005542	SB10G013080	0.0690	125.5	324.5	1.5251	0.0254	0.0167	-654.807532	
SB05G005586	SB10G013381	0.9220	171.7	593.3	0.4934	0.2498	0.5062	-1612.100448	
SB05G008840	SB07G022905	1.1124	111.4	338.6	0.1396	0.1468	1.0514	-920.059278	
SB05G005480	SB01G011300	50.0000	223.8	1204.2	0.0046	0.4789	103.7728	-3252.781727	
SB05G005542	SB01G011215	0.0416	134.2	315.8	99.0000	0.0197	0.0002	-632.482896	
SB05G023485	SB05G008185	0.4558	114.5	335.5	0.2122	0.0781	0.3682	-810.079267	
SB09G007280	SB02G012460	0.1046	200.0	520.0	0.6143	0.0297	0.0483	-1078.610933	
SB09G005533	SB02G007953	0.1645	128.5	321.5	0.7185	0.0493	0.0686	-703.870799	
SB09G005533	SB03G019760	0.0761	127.0	323.0	1.0287	0.0256	0.0248	-658.609564	
SB02G007953	SB03G019760	0.1417	131.0	319.0	0.7362	0.0428	0.0581	-694.486997	
SB00G00515	SB09G008633	0.3867	167.7	330.3	0.7509	0.1159	0.1544	-890.131219	
SB00G00600	SB09G008636	0.0448	112.6	295.4	0.8076	0.0140	0.0173	-573.522391	
SB00G00495	SB09G008991	47.0282	136.4	460.6	0.0065	0.4377	67.1523	-1458.563994	
SB06G014290	SB04G021095	1.1176	114.5	335.5	0.1886	0.1779	0.9432	-939.045641	
SB06G014370	SB04G021040	1.2554	447.7	1208.3	0.2383	0.2245	0.9420	-3602.420171	
SB06G023240	SB01G018430	13.0612	107.0	607.0	0.0072	0.2004	27.9155	-1338.425962	
SB06G023250	SB01G018380	3.3209	218.0	619.0	0.2039	0.5488	2.6914	-2084.170261	
SB06G023280	SB01G018360	1.8138	307.1	1300.9	0.0275	0.0780	2.8349	-3058.275996	
SB02G014020	SB02G002920	0.0364	94.9	268.1	0.0010	0.0000	0.0462	-509.949968	
SB02G014030	SB02G002925	0.0564	173.5	483.5	0.6793	0.0167	0.0246	-934.488150	
SB02G030360	SB01G031150	50.0000	210.5	1193.5	0.0026	0.2814	109.5718	-2815.886806	
SB02G030400	SB01G031190	2.2885	213.1	659.9	0.1647	0.3409	2.0697	-2024.085976	
SB02G030450	SB01G031210	3.2367	190.4	634.6	0.0628	0.2427	3.8650	-1801.427814	
SB10G013080	SB06G016395	1.0015	107.0	325.0	0.1969	0.1661	0.8436	-890.739105	
SB10G013381	SB01G021620	0.0159	224.1	540.9	1.2324	0.0056	0.0046	-1042.632471	
SB07G001645	SB02G002925	0.0091	243.0	423.0	0.5974	0.0024	0.0041	-885.577483	
SB07G001650	SB02G002920	0.0268	114.5	248.5	0.0010	0.0000	0.0282	-504.302030	
SB01G025890	SB01G025340	0.0513	211.2	508.8	1.2296	0.0181	0.0147	-1023.848369	
SB01G025960	SB01G025610	2.7817	118.3	361.7	0.4167	0.6895	1.6545	-1189.280120	
SB05G000703	SB06G015617	0.9833	108.6	332.4	0.1652	0.1461	0.8839	-896.199774	
SB05G000785	SB06G015580	38.0246	139.5	433.5	0.0107	0.5380	50.3868	-1409.017309	
SB05G024550	SB10G020850	17.2013	134.3	468.7	0.0283	0.6637	23.4311	-1523.499754	
SB05G019150	SB10G008916	0.1879	118.2	310.8	0.5901	0.0526	0.0891	-680.308387	
SB05G025655	SB01G025335	13.9152	111.7	371.3	0.0362	0.6481	17.8991	-1235.165792	
SB05G025737	SB01G025060	0.9844	111.2	338.8	0.1974	0.1637	0.8290	-921.456603	
SB05G009120	SB03G013460	18.6367	264.8	830.2	0.0285	0.6715	23.5826	-2805.123620	
SB05G009370	SB03G013550	1.7111	104.7	459.3	0.0510	0.1280	2.5114	-1086.004632	
SB05G025655	SB05G018905	38.7891	180.6	497.4	0.0222	1.0169	45.7312	-1738.130300	
SB05G025737	SB05G018837	0.1053	131.0	319.0	1.6757	0.0398	0.0237	-672.136145	
SB05G010471	SB05G007990	0.1917	118.7	331.3	0.9203	0.0625	0.0679	-717.237323	
SB05G010580	SB05G007803	1.5887	161.1	549.9	0.5744	0.4534	0.7894	-1661.011580	
SB09G022800	SB09G002130	50.0000	395.5	1053.5	0.0124	0.7344	59.1036	-3707.487809	
SB09G022820	SB09G002120	3.7717	734.9	2175.1	0.1787	0.5820	3.2559	-7306.330389	
SB09G022890	SB09G002040	5.6733	138.8	428.2	0.0586	0.3835	6.5411	-1309.922021	
SB09G026410	SB03G033600	1.4456	189.3	506.7	0.1868	0.2206	1.1810	-1522.001349	
SB09G026450	SB03G033530	1.0725	203.9	696.1	0.1071	0.1238	1.1554	-1793.752123	
SB06G015612	SB04G011300	4.8878	93.3	374.7	0.1072	0.6123	5.7108	-1136.108345	
SB06G015617	SB04G011340	1.0992	111.9	338.1	0.1656	0.1627	0.9821	-924.436084	
SB06G003215	SB04G002605	0.1268	127.7	439.3	0.6979	0.0385	0.0552	-845.782627	
SB06G003220	SB04G002600	0.1024	199.3	625.7	0.2248	0.0186	0.0828	-1225.746043	
SB06G015612	SB01G020840	4.0723	86.5	381.5	0.1520	0.6684	4.3968	-1144.884078	
SB06G015617	SB01G020701	1.0546	104.7	324.3	0.1409	0.1413	1.0030	-870.238396	
SB04G007150	SB03G028560	14.7114	262.5	1069.5	0.0226	0.5153	22.7799	-3182.623563	
SB04G007233	SB03G028545	0.0480	144.2	566.8	2.5502	0.0182	0.0072	-984.191436	
SB04G007236	SB03G028540	0.1768	132.9	530.1	0.9591	0.0584	0.0609	-1025.900317	
SB02G021180	SB02G019335	0.0586	148.8	325.2	1.5164	0.0219	0.0144	-681.864355	
SB02G013150	SB01G021395	1.0032	111.4	338.6	0.1568	0.1435	0.9148	-911.491037	
SB02G009220	SB01G011300	27.5738	213.7	1196.3	0.0124	0.7030	56.7062	-3289.062320	
SB02G009330	SB01G011215	0.0489	142.7	307.3	2.9146	0.0206	0.0071	-634.000774	
SB02G008150	SB01G025340	0.0353	169.7	349.3	2.4053	0.0145	0.0060	-717.616029	
SB02G008352	SB01G025060	0.9748	111.1	338.9	0.1773	0.1514	0.8543	-914.362726	
SB10G024900	SB04G001590	15.1542	170.2	684.8	0.0232	0.5376	23.2087	-2097.343118	
SB10G024910	SB04G001560	50.0000	183.1	815.9	0.0081	0.7095	87.7496	-2484.793955	
SB10G012260	SB02G012460	0.1537	210.1	554.9	0.8902	0.0495	0.0557	-1201.030008	
SB10G013080	SB01G025060	1.0214	111.3	338.7	0.2005	0.1714	0.8549	-927.109567	
SB10G013381	SB01G025340	0.0279	221.4	543.6	2.4269	0.0112	0.0046	-1061.813884	
SB08G007335	SB10G022770	0.1293	228.6	536.4	0.5620	0.0350	0.0622	-1166.224426	
SB08G000560	SB01G029737	50.0000	455.8	1302.2	0.0130	0.8086	61.9762	-4421.842943	
SB08G008081	SB05G010105	1.0115	142.8	331.2	0.1176	0.1034	0.8794	-873.402016	
SB08G008220	SB05G010035	1.2337	108.4	320.6	0.6596	0.3638	0.5515	-929.960164	
SB08G006540	SB05G019090	19.6384	308.7	975.3	0.0308	0.7637	24.8173	-3302.915258	
SB05G005542	SB09G008202	0.0355	103.7	337.3	0.4066	0.0088	0.0217	-618.575392	
SB05G005275	SB06G014290	1.0241	114.1	335.9	0.1981	0.1685	0.8502	-926.222673	
SB05G008840	SB02G026940	0.0764	132.6	317.4	1.1053	0.0262	0.0237	-656.149731	
SB05G009120	SB02G026830	7.8822	306.1	902.9	0.0663	0.5752	8.6807	-3051.829319	
SB05G005480	SB02G009220	25.9648	272.7	1170.3	0.0172	0.7324	42.6601	-3469.882169	
SB05G005542	SB02G009330	0.0342	132.1	317.9	1.6569	0.0129	0.0078	-627.698094	
SB05G016860	SB10G016176	0.1183	160.8	355.2	0.5901	0.0324	0.0549	-765.252915	
SB05G008185	SB01G029850	0.9738	111.9	338.1	0.2872	0.2008	0.6990	-938.231347	
SB05G000703	SB01G021395	1.0318	108.4	332.6	0.1597	0.1500	0.9390	-898.361980	
SB05G026210	SB05G025850	4.3180	92.8	546.2	0.0958	0.6069	6.3377	-1502.832442	
SB05G026293	SB05G025737	0.0616	115.2	334.8	1.1289	0.0212	0.0187	-651.120983	
SB09G009556	SB01G021580	0.0831	126.1	323.9	99.0000	0.0383	0.0004	-659.933120	
SB09G009590	SB01G021620	1.1862	126.5	443.5	0.8131	0.3762	0.4627	-1252.830114	
SB09G025820	SB03G002570	5.4111	100.4	430.6	0.0355	0.2939	8.2827	-1050.986514	
SB09G025830	SB03G002580	50.0000	280.9	841.1	0.0074	0.4812	65.1308	-2767.636867	
SB06G021090	SB01G047985	0.0183	202.0	464.0	99.0000	0.0087	0.0001	-903.253338	
SB06G021100	SB01G047990	0.0173	87.1	275.9	0.2862	0.0036	0.0126	-502.299853	
SB06G021210	SB01G048140	50.0000	74.5	531.5	0.0034	0.4474	132.3089	-1360.779892	
SB06G016395	SB01G021395	0.0956	117.1	314.9	0.2194	0.0162	0.0739	-636.478943	
SB06G001773	SB03G014420	0.9872	109.6	340.4	0.2339	0.1830	0.7826	-928.807481	
SB02G009260	SB03G014591	6.6775	71.2	255.8	0.0924	0.7087	7.6730	-794.888256	
SB02G009330	SB03G014420	0.9401	109.5	340.5	0.2437	0.1786	0.7327	-925.524430	
SB10G005710	SB02G024890	5.6076	421.2	1237.8	0.0615	0.3837	6.2348	-3959.370379	
SB10G005760	SB02G024990	22.5521	178.6	1000.4	0.0059	0.2838	48.0350	-2369.167794	
SB08G017755	SB10G011631	50.0000	72.1	263.9	0.0375	2.5634	68.2988	-885.139027	
SB08G017795	SB10G011233	1.0491	96.2	311.8	0.3394	0.2397	0.7061	-871.748644	
SB08G007335	SB01G025890	0.0515	224.0	496.0	1.3529	0.0187	0.0138	-1019.441576	
SB08G017795	SB05G005275	0.9648	110.5	339.5	0.1716	0.1471	0.8574	-912.936223	
SB08G015260	SB05G000785	3.2067	332.2	909.8	0.3303	0.6931	2.0982	-3155.615844	
SB01G041700	SB01G009880	15.8776	149.4	1272.6	0.0011	0.0567	49.8978	-2320.944113	
SB01G041710	SB01G009890	2.5681	415.3	1102.7	0.0956	0.2386	2.4957	-3372.347015	
SB03G037350	SB03G032850	50.0000	278.7	789.3	0.0085	0.5297	62.3599	-2624.639110	
SB03G037423	SB03G032960	0.0356	186.2	593.8	0.3567	0.0083	0.0233	-1102.760969	
SB03G037430	SB03G032970	0.0453	117.8	350.2	99.0000	0.0201	0.0002	-667.855612	
SB05G019150	SB09G018193	0.2118	129.5	344.5	0.6056	0.0599	0.0990	-767.291594	
SB05G000703	SB09G008202	0.0346	106.3	334.7	1.1450	0.0119	0.0104	-618.788600	
SB05G000770	SB09G008200	50.0000	184.0	1160.0	0.0052	0.6093	117.9231	-3109.556352	
SB05G015320	SB06G001773	0.0902	121.2	328.8	0.7985	0.0282	0.0353	-667.524303	
SB05G023080	SB10G008916	0.0539	156.4	362.6	1.4843	0.0199	0.0134	-727.520592	
SB05G025737	SB07G022905	1.0118	111.3	338.7	0.1671	0.1510	0.9038	-919.238805	
SB05G008726	SB01G021612	10.0222	102.4	359.6	0.0304	0.4145	13.6152	-1106.042058	
SB05G008730	SB01G021617	2.0147	164.0	568.0	0.1095	0.2380	2.1734	-1613.706025	
SB05G025737	SB05G005275	0.9808	111.6	338.4	0.1992	0.1637	0.8221	-923.085283	
SB09G018193	SB04G017480	0.1883	168.1	515.9	0.5540	0.0524	0.0946	-1100.392124	
SB09G030310	SB03G029270	10.2459	182.1	1071.9	0.0207	0.4341	20.9608	-2809.267140	
SB09G030340	SB03G029260	1.8745	271.8	727.2	0.3342	0.4052	1.2125	-2397.650194	
SB09G030270	SB03G027260	18.6444	76.4	592.6	0.0038	0.2022	52.8646	-1293.876088	
SB09G030310	SB03G027200	1.9010	186.3	1094.7	0.0756	0.2281	3.0169	-2661.817824	
SB09G030340	SB03G027180	1.0042	286.3	724.7	0.2529	0.1822	0.7206	-2131.138724	
SB06G016910	SB04G022330	1.9262	491.4	1407.6	0.3668	0.4438	1.2100	-4403.159437	
SB06G016990	SB04G022420	1.6210	342.7	884.3	0.1420	0.2010	1.4160	-2636.345493	
SB06G017025	SB04G022450	2.4962	329.8	963.2	0.1677	0.3673	2.1897	-3047.440870	
SB06G014290	SB01G029850	0.1362	140.1	309.9	1.7793	0.0526	0.0296	-683.577346	
SB04G019620	SB02G021180	0.4305	170.8	594.2	0.7560	0.1338	0.1770	-1408.854687	
SB04G016431	SB02G009250	6.5238	94.2	400.8	0.0592	0.5400	9.1269	-1184.302030	
SB04G016530	SB02G009260	4.4885	65.9	264.1	0.0826	0.4646	5.6283	-772.263379	
SB04G016970	SB02G009400	6.5226	358.2	1051.8	0.0958	0.6399	6.6795	-3538.614039	
SB04G035220	SB03G030510	0.1301	160.7	424.3	0.3603	0.0291	0.0809	-905.033073	
SB04G035230	SB03G030500	0.0843	295.0	836.0	0.0114	0.0012	0.1043	-1622.721956	
SB02G031070	SB01G041200	50.0000	172.3	622.7	0.0079	0.5878	74.7603	-1884.437309	
SB02G031110	SB01G041260	50.0000	366.6	1475.4	0.0041	0.3402	82.3640	-4169.863663	
SB02G031120	SB01G041290	50.0000	97.7	535.3	0.0028	0.2995	106.3621	-1344.611776	
SB08G007335	SB04G019620	0.4258	167.8	597.2	0.6836	0.1289	0.1885	-1406.822325	
SB08G007600	SB04G019740	22.4304	100.1	433.9	0.0124	0.4705	37.8414	-1245.296452	
SB08G017345	SB08G014451	1.0509	110.7	339.3	0.1961	0.1744	0.8897	-930.567051	
SB08G005432	SB01G025340	1.0798	176.4	588.6	0.5250	0.2978	0.5673	-1657.812206	
SB08G014401	SB05G007323	50.0000	87.1	287.9	0.0464	2.8891	62.2151	-1015.179122	
SB08G007335	SB05G010580	0.5106	176.5	585.5	0.7102	0.1555	0.2189	-1448.788227	
SB07G017175	SB02G026940	2.9239	101.0	322.0	0.2556	0.5748	2.2488	-1041.869784	
SB07G017185	SB02G026873	50.0000	102.6	203.4	0.2591	8.5088	32.8458	-804.480114	
SB07G002530	SB02G002880	2.0071	312.4	719.6	0.1677	0.2674	1.5943	-2330.523233	
SB07G002540	SB02G002890	5.9896	411.1	1340.9	0.2231	1.0987	4.9248	-4479.960466	
SB07G002620	SB02G003000	3.2790	320.6	945.4	0.4518	0.8361	1.8505	-3272.005095	
SB05G021195	SB09G008202	0.1767	129.5	311.5	0.6607	0.0512	0.0775	-691.925290	
SB05G023233	SB06G001656	14.6833	83.6	240.4	0.1777	2.2309	12.5519	-871.734799	
SB05G023485	SB06G001773	1.0637	112.5	337.5	0.1519	0.1480	0.9744	-918.002129	
SB05G000690	SB06G021920	50.0000	194.0	550.0	0.0088	0.5487	62.3768	-1843.432424	
SB05G025737	SB02G013150	0.0837	136.9	313.1	0.6081	0.0233	0.0384	-656.468791	
SB05G025737	SB10G011233	1.0770	96.9	311.1	0.3823	0.2595	0.6787	-879.021824	
SB05G008310	SB10G021850	3.1283	314.9	888.1	0.3006	0.6481	2.1559	-3021.456750	
SB05G008410	SB10G021820	0.0262	127.8	454.2	1.0682	0.0089	0.0083	-797.897587	
SB05G005855	SB10G021072	0.8492	106.6	343.4	0.2274	0.1569	0.6899	-910.312216	
SB05G005945	SB10G021156	3.0530	183.4	455.6	0.2411	0.5347	2.2178	-1561.253241	
SB05G024640	SB01G015806	3.1326	201.7	719.3	0.1568	0.4795	3.0576	-2226.763170	
SB05G024800	SB01G015835	50.0000	168.4	434.6	0.0318	1.7524	55.1503	-1599.215090	
SB05G023485	SB03G014420	0.1849	116.9	333.1	0.7673	0.0571	0.0745	-715.656377	
SB06G016395	SB06G001773	1.0056	107.6	324.4	0.1750	0.1542	0.8811	-883.032489	
SB06G015580	SB04G028180	18.0080	150.2	422.8	0.0193	0.4183	21.7250	-1357.966235	
SB04G011313	SB01G026640	0.0484	249.3	515.7	1.4553	0.0180	0.0123	-1082.271030	
SB04G019620	SB03G042205	0.4412	169.9	595.1	0.6914	0.1338	0.1935	-1414.570778	
SB02G021180	SB01G025890	0.0472	235.6	484.4	1.2934	0.0170	0.0131	-1011.776943	
SB02G012560	SB03G012820	7.7183	127.0	851.0	0.0390	0.6128	15.7067	-2200.318739	
SB10G025470	SB04G036040	28.9820	279.7	2543.3	0.0011	0.1020	96.5830	-4852.671005	
SB10G025500	SB04G035980	9.4284	175.5	652.5	0.0789	0.9046	11.4647	-2145.088092	
SB10G025580	SB04G035880	5.5205	308.8	936.2	0.0923	0.5350	5.7967	-3047.581689	
SB10G009100	SB04G019620	0.5861	126.5	434.5	0.7613	0.1825	0.2397	-1105.137995	
SB10G018060	SB10G011233	1.1254	95.4	312.6	0.3338	0.2558	0.7663	-881.104359	
SB08G015260	SB06G015580	9.6711	137.6	435.4	0.0397	0.4738	11.9227	-1384.863413	
SB08G014375	SB02G013491	50.0000	134.9	474.1	0.0038	0.2787	74.2676	-1360.248928	
SB08G014451	SB02G013150	0.1128	136.1	313.9	1.3146	0.0405	0.0308	-674.072788	
SB08G004720	SB01G006800	50.0000	71.4	414.6	0.0042	0.4692	110.7035	-1130.719630	
SB08G022505	SB05G010035	0.9812	127.6	400.4	0.4914	0.2616	0.5325	-1107.429523	
SB08G014451	SB05G026293	0.0896	121.0	329.0	4.3010	0.0377	0.0088	-667.869511	
SB08G014761	SB05G026410	4.0552	97.5	319.5	0.2229	0.7447	3.3410	-1042.412297	
SB07G017175	SB04G021095	2.8890	104.2	318.8	0.3059	0.6177	2.0192	-1048.475995	
SB05G016860	SB10G022770	0.0981	174.7	374.3	1.1152	0.0338	0.0303	-805.872119	
SB05G010321	SB07G015463	9.7624	61.3	298.7	0.1236	1.4746	11.9267	-919.274632	
SB05G010471	SB07G015430	1.0121	110.9	339.1	0.3183	0.2208	0.6937	-952.368118	
SB05G007323	SB01G021397	50.0000	73.3	235.7	0.0188	1.2421	66.2399	-812.455400	
SB09G029480	SB09G028930	6.4426	118.5	529.5	0.0536	0.5078	9.4762	-1466.534074	
SB09G029520	SB09G028810	1.8166	143.4	429.6	0.1848	0.2878	1.5573	-1280.685454	
SB09G029530	SB09G028800	22.5812	164.9	663.1	0.0110	0.3979	36.1853	-1837.782183	
SB09G012351	SB09G008125	50.0000	89.2	270.8	0.0173	1.1030	63.9322	-941.715556	
SB09G012720	SB09G008202	0.1223	119.1	321.9	0.4987	0.0321	0.0643	-669.681328	
SB09G018193	SB04G019620	0.4351	166.0	599.0	0.7379	0.1347	0.1825	-1414.052772	
SB06G015617	SB02G013150	0.9550	111.5	338.5	0.1623	0.1397	0.8605	-908.995058	
SB04G021095	SB02G026940	1.0872	112.4	337.6	0.1726	0.1649	0.9553	-930.813311	
SB04G021123	SB02G026850	50.0000	166.5	547.5	0.0069	0.4838	69.8675	-1746.624675	
SB04G011210	SB02G012560	50.0000	122.9	855.1	0.0051	0.6529	128.0774	-2208.587143	
SB04G011313	SB02G012460	0.0644	202.7	562.3	1.0564	0.0218	0.0206	-1110.362457	
SB04G017443	SB03G020230	0.1003	113.3	291.7	0.8378	0.0317	0.0379	-608.213310	
SB10G011233	SB04G011340	1.1273	96.1	311.9	0.3586	0.2644	0.7373	-879.365180	
SB10G021820	SB02G008150	0.0090	131.2	204.8	99.0000	0.0049	0.0000	-434.401499	
SB08G017406	SB09G006290	1.0620	158.6	525.4	0.6439	0.3138	0.4873	-1476.441328	
SB08G007335	SB09G003720	0.0401	217.0	548.0	1.5612	0.0149	0.0095	-1075.131543	
SB08G007600	SB09G003565	0.4741	117.4	413.6	0.2226	0.0892	0.4006	-942.120441	
SB08G017345	SB05G021195	1.0256	111.0	339.0	0.2106	0.1776	0.8434	-931.750173	
SB08G017415	SB05G021280	0.0937	175.5	361.5	0.4834	0.0231	0.0479	-783.263643	
SB07G025140	SB06G025770	34.2150	183.5	620.5	0.0052	0.2539	49.1224	-1763.566283	
SB07G025190	SB06G025870	50.0000	219.5	1190.5	0.0030	0.3110	105.3536	-2907.356569	
SB07G025210	SB06G025900	50.0000	107.0	505.0	0.0051	0.4712	93.0972	-1346.155873	
SB07G022905	SB02G013150	1.0255	111.7	338.3	0.1461	0.1395	0.9548	-912.270122	
SB05G018520	SB06G013960	2.6489	506.6	1452.4	0.1349	0.3321	2.4625	-4591.233249	
SB05G018837	SB06G014290	0.1207	136.4	313.6	1.4600	0.0445	0.0305	-679.170342	
SB05G008185	SB06G010845	0.9632	110.6	339.4	0.2631	0.1902	0.7228	-929.949682	
SB05G008410	SB06G011550	1.5220	122.9	375.1	0.5304	0.4164	0.7849	-1129.024628	
SB05G000703	SB04G021095	1.1145	109.5	331.5	0.1698	0.1678	0.9885	-916.286348	
SB05G025737	SB03G014420	0.9370	108.4	341.6	0.2407	0.1775	0.7375	-926.428181	
SB09G018193	SB10G008916	0.0469	195.6	524.4	1.6591	0.0175	0.0106	-1017.610195	
SB04G029270	SB02G027460	50.0000	289.7	841.3	0.0087	0.5520	63.4641	-2829.985571	
SB04G029280	SB02G027470	2.0325	319.7	976.3	0.0808	0.1780	2.2029	-2806.016503	
SB04G029420	SB02G027570	2.0471	498.3	1469.7	0.1641	0.2981	1.8160	-4523.548611	
SB04G011313	SB02G019335	0.0257	136.7	337.3	1.0070	0.0086	0.0085	-659.413445	
SB04G017443	SB01G011215	0.0485	134.8	315.2	2.6209	0.0198	0.0076	-637.788038	
SB04G017460	SB01G011300	50.0000	161.8	1239.2	0.0046	0.6427	139.3891	-3153.137720	
SB02G021180	SB01G026470	0.1307	105.2	278.8	0.7964	0.0407	0.0511	-580.294421	
SB02G013080	SB01G023030	0.0525	128.7	399.3	0.1598	0.0077	0.0480	-738.355511	
SB02G013090	SB01G023040	0.0879	92.9	261.1	1.3760	0.0316	0.0229	-504.339036	
SB02G002920	SB01G047990	1.2026	75.5	287.5	0.1366	0.1732	1.2673	-763.175728	
SB02G002925	SB01G047985	2.1502	139.1	526.9	0.2850	0.4702	1.6501	-1571.066001	
SB02G003000	SB01G047870	3.8434	301.7	907.3	0.3867	0.9178	2.3737	-3152.417497	
SB02G000365	SB01G030650	37.9832	350.9	975.1	0.0122	0.5648	46.2716	-3350.283526	
SB02G000460	SB01G030560	8.3872	103.4	790.6	0.0344	0.6583	19.1414	-2051.582402	
SB02G000470	SB01G030530	50.0000	95.1	801.9	0.0028	0.4261	153.6877	-1933.259178	
SB10G010937	SB01G020701	0.1734	122.4	306.6	0.7460	0.0527	0.0706	-669.290381	
SB08G008220	SB04G011313	0.0648	200.2	381.8	1.0627	0.0220	0.0207	-823.035590	
SB08G022505	SB10G008916	0.0339	201.7	434.3	2.7856	0.0142	0.0051	-878.526511	
SB08G019660	SB08G008220	0.0648	200.2	381.8	1.0627	0.0220	0.0207	-823.035590	
SB08G019750	SB08G008260	3.7821	363.1	986.9	0.3362	0.8234	2.4491	-3506.504955	
SB08G008220	SB01G025340	0.0753	183.6	398.4	1.1544	0.0262	0.0227	-838.134890	
SB08G022505	SB05G023080	0.0120	113.3	405.7	0.2563	0.0024	0.0096	-690.868140	
SB08G022600	SB05G023233	50.0000	88.0	236.0	0.0201	1.1706	58.2276	-865.604204	
SB07G017175	SB04G019320	2.8493	100.3	322.7	0.3255	0.6369	1.9566	-1051.391482	
SB07G017175	SB10G010937	3.3271	101.7	321.3	0.2140	0.5888	2.7520	-1047.130108	
SB05G021195	SB09G005533	0.1956	132.4	317.6	0.8177	0.0612	0.0748	-714.257745	
SB05G004340	SB09G005115	9.8926	134.9	384.1	0.6199	2.8442	4.5882	-1360.134840	
SB05G003200	SB06G020850	2.6434	131.9	369.1	0.1857	0.4090	2.2020	-1214.580846	
SB05G003220	SB06G020845	5.1179	332.5	1050.5	0.2721	1.0383	3.8151	-3640.043774	
SB05G000703	SB06G016395	1.0435	103.8	319.2	0.1600	0.1520	0.9503	-866.193503	
SB05G005480	SB04G017460	50.0000	211.6	1222.4	0.0066	0.7209	108.7614	-3388.334171	
SB05G005542	SB04G017443	0.0340	120.6	329.4	1.4086	0.0123	0.0087	-629.450034	
SB05G026177	SB02G005270	50.0000	165.4	458.6	0.0274	1.6030	58.4473	-1676.830586	
SB05G026180	SB02G005230	50.0000	174.6	509.4	0.0132	0.8301	62.8653	-1758.176284	
SB05G026300	SB02G005120	1.5346	210.4	1370.6	0.0812	0.2042	2.5135	-3046.286618	
SB05G003600	SB02G009260	2.2979	69.3	293.7	0.1378	0.3491	2.5326	-797.757942	
SB05G003610	SB02G009280	13.6509	112.2	481.8	0.0159	0.3589	22.5423	-1298.902975	
SB05G003720	SB02G009440	25.1769	153.2	398.8	0.0300	0.8419	28.0391	-1406.877234	
SB05G018837	SB03G020230	0.1241	114.2	290.8	1.6963	0.0468	0.0276	-620.411499	
SB05G025737	SB05G019065	0.9110	108.0	342.0	0.2003	0.1551	0.7740	-914.836295	
SB05G019065	SB05G008840	0.9910	108.0	342.0	0.1689	0.1515	0.8968	-916.457112	
SB05G019090	SB05G009120	16.3887	288.4	1013.6	0.0235	0.5350	22.7856	-3216.257875	
SB05G006300	SB05G005900	0.0141	438.5	1073.5	2.4487	0.0057	0.0023	-2053.760835	
SB05G006380	SB05G006050	3.8487	185.2	588.8	0.3805	0.9233	2.4263	-2009.401162	
SB09G012720	SB04G021095	1.1607	109.1	340.9	0.1659	0.1743	1.0510	-939.161767	
SB09G003570	SB02G008110	4.1250	334.0	920.0	0.3118	0.8659	2.7772	-3254.752769	
SB09G003720	SB02G008150	0.0058	86.3	432.7	99.0000	0.0023	0.0000	-687.398673	
SB09G016560	SB01G026640	0.6602	114.6	404.4	0.7097	0.2018	0.2844	-1031.993016	
SB09G005533	SB01G011215	0.0694	130.8	319.2	1.6484	0.0261	0.0158	-653.138208	
SB09G005570	SB01G011310	50.0000	310.2	913.8	0.0129	0.8146	63.3657	-3145.861345	
SB04G021095	SB01G020701	1.2352	105.5	323.5	0.1385	0.1628	1.1754	-886.995398	
SB04G021095	SB01G021395	0.1187	126.4	323.6	0.7177	0.0356	0.0497	-678.108364	
SB10G022770	SB01G025890	0.1428	216.7	503.3	0.6388	0.0407	0.0637	-1104.159786	
SB08G017795	SB06G001773	0.0484	134.5	315.5	2.6239	0.0198	0.0075	-637.070139	
SB08G015513	SB04G012210	50.0000	394.3	1078.7	0.0083	0.5079	60.8663	-3653.642853	
SB08G008220	SB01G025890	0.0704	173.8	363.2	0.6580	0.0201	0.0305	-762.390580	
SB08G005950	SB01G029850	0.1616	106.3	250.7	1.5263	0.0600	0.0393	-560.616538	
SB08G006270	SB01G029700	29.3805	55.1	250.9	0.0442	2.0041	45.2948	-818.371948	
SB07G022905	SB03G014420	0.1622	114.4	335.6	0.7497	0.0498	0.0665	-706.274210	
SB05G025737	SB09G005533	0.0761	125.5	324.5	1.0056	0.0254	0.0253	-656.266164	
SB05G010471	SB09G005533	0.9854	110.7	339.3	0.3056	0.2107	0.6893	-943.006273	
SB05G006445	SB09G005965	50.0000	149.3	489.7	0.0098	0.6747	69.1346	-1634.264745	
SB05G006555	SB09G005846	9.8290	391.7	970.3	0.0504	0.5104	10.1277	-3310.888141	
SB05G025737	SB06G014290	0.0839	137.5	312.5	1.3352	0.0303	0.0227	-657.717905	
SB05G005275	SB06G001773	1.0193	112.3	337.7	0.1815	0.1599	0.8809	-920.697827	
SB05G019150	SB02G019335	0.2283	88.3	223.7	0.8833	0.0734	0.0831	-512.128645	
SB05G000703	SB07G017175	2.7844	98.7	315.3	0.2810	0.5765	2.0515	-1020.104401	
SB05G026290	SB01G039180	50.0000	253.2	772.8	0.0156	1.0066	64.4614	-2699.088431	
SB05G018837	SB01G021395	1.0765	113.2	336.8	0.1839	0.1695	0.9219	-928.934775	
SB05G008810	SB03G012870	0.2587	152.4	354.6	1.4758	0.0955	0.0647	-849.311732	
SB09G018050	SB01G026325	50.0000	183.6	683.4	0.0088	0.6720	76.2221	-2138.347293	
SB09G018193	SB01G026470	0.1473	98.6	285.4	0.8725	0.0473	0.0543	-590.651642	
SB09G008202	SB01G011215	0.0421	120.1	320.9	0.7087	0.0126	0.0178	-624.151520	
SB06G010845	SB04G019320	0.1492	131.4	318.6	1.7636	0.0569	0.0323	-693.169443	
SB06G011550	SB04G019620	1.9774	119.6	417.4	0.4346	0.5110	1.1760	-1267.612359	
SB04G017443	SB02G009330	0.0412	133.2	316.8	0.8347	0.0130	0.0156	-631.558253	
SB04G017460	SB02G009220	7.7026	205.4	1210.6	0.0652	0.8338	12.7849	-3327.749095	
SB02G019335	SB01G025890	0.0508	127.9	301.1	0.2431	0.0088	0.0361	-607.482950	
SB02G003410	SB01G005770	1.0769	84.0	528.0	0.0363	0.0774	2.1298	-1023.607101	
SB02G003480	SB01G005760	1.4264	266.3	693.7	0.1989	0.2246	1.1289	-2098.257719	
SB02G003500	SB01G005750	0.9252	209.9	720.1	0.0741	0.0808	1.0895	-1777.334120	
SB10G013080	SB04G021095	1.1053	111.9	338.1	0.1935	0.1809	0.9351	-940.856834	
SB10G010937	SB01G011215	0.0691	123.8	326.2	0.8663	0.0221	0.0255	-655.010001	
SB10G021820	SB03G042205	0.0422	154.8	427.2	1.0516	0.0142	0.0135	-814.612388	
SB08G017795	SB09G016291	0.0769	133.5	316.5	4.3413	0.0332	0.0077	-653.830873	
SB08G017345	SB06G001773	1.0821	112.1	337.9	0.1826	0.1706	0.9340	-930.307431	
SB08G007335	SB04G011313	0.0280	242.3	522.7	2.8023	0.0117	0.0042	-1057.562921	
SB08G007583	SB04G011300	50.0000	61.6	298.4	0.0175	1.5746	89.8412	-924.896376	
SB08G016373	SB10G010620	2.3409	65.5	306.5	0.1196	0.3399	2.8411	-818.063476	
SB08G016380	SB10G010630	1.7458	126.0	465.0	0.1969	0.3112	1.5806	-1358.588407	
SB08G016444	SB10G010785	5.6043	76.5	304.5	1.3504	1.9708	1.4594	-991.471799	
SB07G019075	SB03G042205	0.0817	210.7	479.3	0.6639	0.0236	0.0356	-1010.029027	
SB03G012970	SB01G026550	50.0000	183.8	671.2	0.0063	0.4786	75.7869	-2099.882814	
SB05G019040	SB09G003740	1.9964	186.2	521.8	0.2304	0.3542	1.5374	-1636.009048	
SB05G019150	SB09G003720	0.2190	127.7	346.3	0.7249	0.0662	0.0913	-771.347160	
SB05G005275	SB09G016291	1.0749	114.2	335.8	0.2058	0.1810	0.8796	-932.365657	
SB05G008185	SB04G019320	0.9263	107.6	342.4	0.2406	0.1759	0.7313	-926.189431	
SB05G008410	SB04G019620	0.3386	167.8	558.2	0.7259	0.1038	0.1430	-1284.818414	
SB05G019065	SB02G026940	0.9204	108.5	341.5	0.1840	0.1483	0.8060	-910.451388	
SB05G019090	SB02G026830	7.9869	258.4	944.6	0.0566	0.5811	10.2720	-2987.867760	
SB05G015110	SB02G020740	50.0000	186.9	794.1	0.0069	0.5830	85.0065	-2346.645443	
SB05G015320	SB02G020727	0.1262	124.1	325.9	0.9590	0.0416	0.0433	-688.821076	
SB05G020440	SB10G009100	0.2585	85.9	220.1	0.6134	0.0732	0.1194	-509.257068	
SB05G019150	SB01G026640	0.2269	131.1	342.9	0.6865	0.0671	0.0978	-774.640555	
SB05G006320	SB01G026315	0.9885	103.7	325.3	0.1710	0.1517	0.8875	-873.336286	
SB05G005275	SB01G029850	1.0671	112.8	337.2	0.1915	0.1728	0.9024	-932.081376	
SB05G005300	SB01G029950	21.3376	176.3	510.7	0.0138	0.3670	26.6542	-1643.185524	
SB09G016291	SB09G005533	0.0911	130.5	319.5	4.9979	0.0395	0.0079	-661.686423	
SB09G012720	SB10G013080	0.1481	123.1	326.9	0.9213	0.0482	0.0524	-699.498526	
SB06G015617	SB04G019320	1.0609	112.4	337.6	0.1940	0.1735	0.8943	-933.234546	
SB06G019190	SB01G013130	50.0000	297.8	797.2	0.0138	0.8134	59.1017	-2868.573567	
SB06G019215	SB01G013045	50.0000	92.6	267.4	0.0507	2.8653	56.5350	-954.947550	
SB06G019220	SB01G013040	1.1919	458.5	1254.5	0.2825	0.2365	0.8371	-3608.461551	
SB02G009330	SB01G020701	0.1426	127.4	301.6	0.9260	0.0464	0.0501	-650.408644	
SB08G017406	SB01G025890	1.0529	158.2	525.8	0.6123	0.3061	0.4999	-1474.465528	
SB08G022290	SB05G010060	50.0000	200.0	868.0	0.0097	0.8260	85.4247	-2640.315065	
SB08G022505	SB05G010580	0.2654	166.2	511.8	0.6785	0.0793	0.1168	-1150.572415	
SB08G007690	SB05G010050	1.2763	68.4	384.6	0.0938	0.1731	1.8449	-863.562910	
SB08G007700	SB05G010060	7.9449	238.4	832.6	0.0320	0.3421	10.7027	-2439.655763	
SB07G017489	SB04G017805	0.3032	167.7	462.3	0.6502	0.0884	0.1360	-1093.448410	
SB07G019075	SB04G017480	0.2279	157.9	451.1	0.4980	0.0602	0.1209	-997.500387	
SB07G017175	SB02G009330	2.8199	101.4	321.6	0.2817	0.5834	2.0714	-1043.030865	
SB07G022905	SB01G021395	0.0478	127.2	322.8	0.2938	0.0095	0.0323	-635.978451	
SB07G017175	SB01G021395	2.7481	103.3	319.7	0.3102	0.5937	1.9137	-1043.144746	
SB05G007210	SB09G024210	50.0000	243.9	1166.1	0.0067	0.6258	93.3656	-3387.833110	
SB05G007230	SB09G024200	50.0000	160.2	673.8	0.0083	0.6946	83.8237	-2029.677209	
SB05G007323	SB09G024160	50.0000	96.4	245.6	0.0601	3.0829	51.2949	-916.423025	
SB05G013731	SB04G017760	1.8361	108.3	335.7	0.8008	0.5770	0.7205	-1070.628444	
SB05G015320	SB04G017443	0.0764	113.1	336.9	0.5433	0.0210	0.0387	-660.540771	
SB05G019065	SB02G013150	0.9181	108.5	341.5	0.1770	0.1443	0.8153	-909.095008	
SB05G010580	SB02G012460	0.5413	173.9	588.1	0.7260	0.1661	0.2288	-1467.191804	
SB05G008713	SB01G026640	0.1807	154.3	382.7	0.6823	0.0531	0.0779	-845.540920	
SB09G016291	SB10G022960	1.1105	112.6	337.4	0.1776	0.1715	0.9653	-932.175786	
SB09G016560	SB10G022770	0.7240	116.2	402.8	0.6162	0.2118	0.3437	-1046.223447	
SB06G001773	SB04G021095	1.1141	112.6	337.4	0.1728	0.1690	0.9781	-933.442401	
SB06G016395	SB01G026315	1.0343	106.7	325.3	0.1871	0.1663	0.8890	-892.141016	
SB04G019320	SB03G014420	1.0687	110.4	339.6	0.2639	0.2115	0.8015	-945.769011	
SB10G016176	SB04G019620	0.3719	138.7	455.3	0.5578	0.1046	0.1875	-1048.686293	
SB10G012970	SB04G019590	2.7136	97.4	364.6	0.0555	0.1971	3.5515	-954.701991	
SB10G013080	SB04G019320	0.1497	129.8	320.2	3.9510	0.0636	0.0161	-697.069561	
SB08G017406	SB04G011313	1.0293	157.2	526.8	0.5918	0.2962	0.5004	-1466.134296	
SB08G017345	SB08G007630	1.1069	97.2	286.8	0.2054	0.1864	0.9075	-801.414630	
SB08G017406	SB08G007335	1.0561	159.2	524.8	0.6597	0.3143	0.4764	-1475.162077	
SB08G008220	SB08G005432	1.3799	138.2	443.8	0.6494	0.4077	0.6278	-1301.528321	
SB08G017345	SB01G029850	1.1079	111.6	338.4	0.1819	0.1746	0.9599	-935.122669	
SB08G014305	SB05G009353	5.7629	75.8	335.2	0.1128	0.7837	6.9506	-1029.172031	
SB08G014451	SB05G008840	0.1047	127.9	322.1	1.5572	0.0389	0.0250	-672.889837	
SB05G023233	SB06G014101	50.0000	82.3	241.7	0.0238	1.4616	61.3192	-865.178452	
SB05G010471	SB06G015617	0.4258	115.6	334.4	0.2801	0.0855	0.3052	-805.739792	
SB05G015320	SB02G013150	0.1056	123.1	326.9	0.4050	0.0251	0.0620	-675.165435	
SB05G019150	SB10G009100	0.1603	136.5	322.5	0.6427	0.0458	0.0713	-716.493971	
SB05G023203	SB03G012730	5.1738	120.9	395.1	0.2137	0.9261	4.3336	-1354.357787	
SB05G018980	SB05G007560	2.8340	406.6	1231.4	0.3568	0.6526	1.8290	-4148.974422	
SB06G016395	SB03G014420	0.1617	112.0	320.0	0.7353	0.0493	0.0670	-675.322633	
SB04G019320	SB01G011215	0.1360	134.3	315.7	3.7657	0.0580	0.0154	-686.669250	
SB04G019630	SB01G011370	50.0000	136.4	490.6	0.0075	0.5619	74.5943	-1522.870785	
SB02G012460	SB01G026470	0.1641	98.3	285.7	1.0083	0.0548	0.0544	-601.645227	
SB10G009320	SB03G012870	0.0732	163.1	343.9	1.3990	0.0269	0.0192	-740.934185	
SB08G017205	SB06G014101	50.0000	90.0	261.0	0.0252	1.5232	60.5519	-951.332421	
SB08G017345	SB06G014290	1.0835	114.1	335.9	0.2001	0.1794	0.8965	-935.902295	
SB08G017406	SB03G042205	1.0551	157.1	526.9	0.5815	0.3018	0.5190	-1471.641442	
SB08G005432	SB05G016860	1.4619	130.1	418.9	0.5807	0.4161	0.7165	-1236.780563	
SB01G007874	SB01G005660	15.8462	95.1	249.9	10.9726	7.0472	0.6423	-922.263655	
SB01G007876	SB01G005666	0.0126	502.2	946.8	0.5268	0.0032	0.0061	-1983.013807	
SB01G008020	SB01G005750	50.0000	201.0	570.0	0.0156	0.9570	61.2228	-2021.720491	
SB05G006375	SB09G004160	0.3471	113.5	399.5	0.5509	0.0980	0.1779	-895.070084	
SB05G006555	SB09G003980	8.4452	365.2	960.8	0.1008	0.8144	8.0787	-3350.718476	
SB05G006557	SB09G003970	50.0000	97.9	280.1	0.0226	1.3634	60.4248	-1007.903015	
SB05G026293	SB06G014290	0.0760	126.7	323.3	1.4572	0.0278	0.0191	-660.267214	
SB05G006320	SB01G011215	0.9271	104.6	324.4	0.1757	0.1442	0.8205	-866.921939	
SB05G006430	SB01G011130	50.0000	100.7	277.3	0.0107	0.6497	60.7910	-958.607214	
SB05G020440	SB03G042205	0.1887	140.2	369.8	0.4067	0.0449	0.1104	-800.415331	
SB05G020750	SB03G042140	0.5535	63.8	254.2	0.2803	0.1218	0.4345	-573.927659	
SB05G016860	SB05G010580	0.0797	151.3	394.7	2.2573	0.0314	0.0139	-796.445278	
SB09G003570	SB04G017510	4.9848	306.7	875.3	0.1940	0.7996	4.1215	-3065.303370	
SB09G003720	SB04G017480	0.1839	170.4	513.6	0.5376	0.0505	0.0939	-1093.799526	
SB09G012720	SB02G009330	0.1267	126.9	323.1	0.5956	0.0355	0.0595	-682.912973	
SB09G016291	SB10G015336	1.1409	114.2	335.8	0.2094	0.1943	0.9275	-944.730865	
SB09G016560	SB10G016176	0.6444	84.3	263.7	0.5800	0.1827	0.3151	-668.462436	
SB09G018193	SB01G025890	0.0600	203.9	516.1	0.9695	0.0198	0.0205	-1033.112833	
SB09G018303	SB01G025848	1.0685	109.4	316.6	0.1836	0.1663	0.9058	-864.489104	
SB06G009501	SB01G021210	0.1264	113.3	336.7	0.7209	0.0384	0.0533	-688.707754	
SB06G010845	SB01G021395	1.0995	111.8	338.2	0.1657	0.1629	0.9828	-922.470587	
SB06G001773	SB01G029850	0.1001	138.5	311.5	6.2030	0.0450	0.0073	-663.703701	
SB04G017480	SB03G012722	0.0290	67.5	244.5	99.0000	0.0123	0.0001	-425.031453	
SB10G008916	SB04G019620	0.4619	159.1	560.9	0.7514	0.1435	0.1910	-1339.599892	
SB08G017795	SB09G005533	0.0549	120.3	329.7	1.0536	0.0185	0.0176	-645.516314	
SB08G005432	SB07G019075	1.2048	160.0	530.0	0.5576	0.3392	0.6083	-1517.276565	
SB08G017755	SB01G029700	8.7147	66.7	269.3	0.1153	1.1516	9.9846	-881.265109	
SB08G017795	SB01G029850	0.0838	133.6	316.4	2.1778	0.0333	0.0153	-660.562465	
SB08G017795	SB05G015320	0.0689	110.8	339.2	0.7025	0.0208	0.0296	-658.065550	
SB08G017795	SB05G010471	0.9146	110.1	339.9	0.2877	0.1899	0.6600	-932.323951	
SB07G022905	SB02G026940	1.0310	111.8	338.2	0.1510	0.1434	0.9495	-913.649629	
SB07G023070	SB02G026800	50.0000	131.2	753.8	0.0041	0.4517	109.8476	-1947.741198	
SB07G017175	SB03G014420	2.7880	101.3	321.7	0.3361	0.6310	1.8773	-1048.404646	
SB01G041555	SB01G006655	1.2631	87.6	362.4	0.0518	0.0923	1.7812	-875.421141	
SB01G041560	SB01G006660	2.0351	133.9	499.1	0.0574	0.1516	2.6410	-1311.504063	
SB05G005542	SB09G016291	0.0769	133.5	316.5	4.3234	0.0332	0.0077	-653.042423	
SB05G005586	SB09G016560	1.8132	116.6	402.4	0.4358	0.4682	1.0745	-1212.965610	
SB05G005275	SB09G005533	1.0573	111.3	338.7	0.1759	0.1633	0.9281	-924.916842	
SB05G004940	SB09G007330	50.0000	302.7	1419.3	0.0090	0.8146	90.9811	-4245.663675	
SB05G005275	SB09G007430	0.4049	116.6	333.4	0.3456	0.0905	0.2620	-792.981476	
SB05G005275	SB09G008202	0.9501	108.6	332.4	0.1860	0.1525	0.8196	-896.966956	
SB05G018905	SB06G016046	6.1310	201.4	470.6	0.0992	0.5490	5.5361	-1642.527198	
SB05G019065	SB06G015617	0.1535	107.8	342.2	0.2082	0.0268	0.1286	-695.786282	
SB05G008185	SB04G011340	0.9560	108.6	341.4	0.2426	0.1817	0.7491	-925.585735	
SB05G019526	SB02G008045	8.0596	154.1	427.9	0.0234	0.2228	9.5306	-1296.202812	
SB05G005275	SB10G010937	1.0129	111.7	338.3	0.1764	0.1564	0.8865	-918.581711	
SB05G016726	SB01G026315	1.0089	112.1	337.9	0.1917	0.1641	0.8557	-925.490863	
SB05G008713	SB01G025890	0.1841	137.2	360.8	0.4659	0.0466	0.1001	-781.324723	
SB05G005275	SB01G011215	1.0129	112.6	337.4	0.1920	0.1644	0.8565	-925.053943	
SB05G015320	SB05G005275	1.0018	109.5	340.5	0.1854	0.1614	0.8706	-923.399994	
SB02G023053	SB01G027756	0.0610	79.7	373.3	1.6644	0.0219	0.0131	-633.214592	
SB02G009250	SB01G023030	0.0298	100.5	412.5	0.9544	0.0098	0.0103	-704.950520	
SB02G009260	SB01G023040	0.0584	100.1	268.9	2.2009	0.0228	0.0104	-511.585815	
SB08G017406	SB09G018193	1.0867	159.5	524.5	0.5972	0.3130	0.5241	-1477.793459	
SB08G017530	SB09G018303	0.7030	97.8	280.2	0.1724	0.1045	0.6063	-712.289169	
SB08G005432	SB04G017480	1.3446	161.8	522.2	0.5233	0.3688	0.7046	-1534.883332	
SB08G017790	SB07G008376	0.6006	114.7	380.3	0.4930	0.1617	0.3280	-959.175934	
SB08G017240	SB03G014430	49.3732	428.9	1497.1	0.0027	0.2004	73.2114	-4161.483149	
SB08G017345	SB03G014420	0.1845	116.1	333.9	1.0222	0.0618	0.0605	-713.462503	
SB07G018850	SB09G018050	2.8057	203.6	531.4	0.3535	0.6207	1.7560	-1839.899065	
SB07G019075	SB09G018193	0.0813	194.6	495.4	0.7573	0.0248	0.0328	-1013.146285	
SB07G020556	SB03G016083	50.0000	72.8	314.2	0.0188	1.5441	81.9737	-1008.689927	
SB01G025060	SB01G021395	0.0831	135.3	314.7	0.9103	0.0269	0.0296	-650.365791	
SB05G015320	SB09G008202	0.0796	104.0	337.0	0.3254	0.0178	0.0548	-648.715984	
SB05G016005	SB09G008991	50.0000	135.1	461.9	0.0024	0.1731	73.0561	-1273.505195	
SB05G005542	SB09G005533	0.0549	120.4	329.6	1.0539	0.0185	0.0176	-644.709942	
SB05G005710	SB09G005400	10.5121	96.4	713.6	0.0299	0.7208	24.1189	-1830.431137	
SB05G025737	SB07G015430	0.1719	130.0	320.0	1.4033	0.0625	0.0445	-706.165269	
SB05G008185	SB07G022905	0.4303	112.4	337.6	0.1946	0.0705	0.3623	-802.455474	
SB05G008440	SB07G023070	50.0000	164.1	738.9	0.0091	0.8040	88.0875	-2186.872798	
SB05G026293	SB01G021395	1.0034	107.8	342.2	0.1562	0.1458	0.9333	-914.530782	
SB05G019065	SB01G021395	0.1281	106.0	344.0	0.3464	0.0296	0.0854	-685.765275	
SB06G014290	SB06G010845	0.1059	138.4	311.6	1.2360	0.0375	0.0303	-666.465223	
SB06G014290	SB01G021395	1.0154	112.6	337.4	0.1684	0.1514	0.8990	-916.921542	
SB04G017443	SB02G026940	0.0413	134.0	316.0	2.1444	0.0164	0.0076	-631.929670	
SB04G017800	SB02G026770	4.3600	183.8	596.2	0.2993	0.9366	3.1290	-2015.135613	
SB04G019620	SB03G012722	0.3135	77.9	279.1	0.7564	0.0976	0.1291	-622.867174	
SB04G011313	SB03G042205	0.0119	205.5	559.5	0.7169	0.0036	0.0050	-1037.703999	
SB10G021663	SB10G019770	38.1325	70.7	394.3	0.0037	0.3033	81.8708	-981.720450	
SB10G021820	SB10G019610	0.0533	161.0	421.0	0.8599	0.0170	0.0198	-822.319998	
SB10G011233	SB01G025060	0.4277	98.5	309.5	0.6119	0.1236	0.2021	-741.442446	
SB10G011233	SB01G029850	1.0660	95.3	312.7	0.3138	0.2352	0.7494	-872.860283	
SB10G011631	SB01G029700	50.0000	116.3	243.7	1.1808	17.5344	14.8494	-960.760246	
SB10G018510	SB03G022150	3.7140	144.9	434.1	0.1908	0.6004	3.1473	-1426.706232	
SB10G019610	SB03G022790	0.0693	178.0	452.0	0.9541	0.0228	0.0239	-910.093885	
SB08G017345	SB09G012720	1.1214	108.6	341.4	0.1782	0.1769	0.9927	-936.399218	
SB08G017795	SB06G016395	0.9532	105.9	326.1	0.1638	0.1412	0.8617	-874.469740	
SB08G005432	SB02G019335	0.8484	109.4	364.6	0.4985	0.2295	0.4605	-987.893359	
SB08G007700	SB10G022800	50.0000	215.0	1303.0	0.0042	0.4809	114.7841	-3364.983512	
SB08G008220	SB10G022770	0.1455	185.5	396.5	0.5144	0.0373	0.0725	-883.460976	
SB08G019660	SB07G019075	0.3640	144.3	488.7	0.7253	0.1117	0.1540	-1133.818544	
SB08G017795	SB07G017175	2.8851	102.9	320.1	0.2825	0.5945	2.1046	-1045.307609	
SB08G005432	SB01G026640	1.0886	177.8	587.2	0.5505	0.3050	0.5541	-1660.007961	
SB07G017175	SB02G013150	2.8758	102.6	320.4	0.2877	0.5990	2.0818	-1048.104346	
SB07G005610	SB02G006680	50.0000	103.7	601.3	0.0058	0.6344	109.6666	-1669.866884	
SB07G019075	SB01G027500	0.0677	218.2	471.8	0.9045	0.0218	0.0242	-994.473281	
SB05G026293	SB09G005533	0.0691	110.4	339.6	0.6973	0.0208	0.0298	-656.247714	
SB05G026395	SB09G005370	4.6066	72.0	324.0	0.0687	0.4435	6.4523	-906.592669	
SB05G015320	SB09G012720	0.1493	113.6	336.4	0.4140	0.0367	0.0885	-700.568931	
SB05G005275	SB06G016395	0.1106	119.4	312.6	0.2423	0.0198	0.0816	-641.974379	
SB05G005275	SB04G017443	1.0000	112.3	337.7	0.1797	0.1558	0.8674	-918.795642	
SB05G005480	SB04G016970	8.8261	303.9	1130.1	0.0439	0.5238	11.9350	-3430.406308	
SB05G016860	SB02G012460	0.1210	153.3	395.7	0.7422	0.0368	0.0495	-829.794334	
SB05G010471	SB03G014420	0.4655	110.4	339.6	0.4371	0.1179	0.2698	-826.888291	
SB09G016291	SB10G013080	0.0910	130.5	319.5	4.9948	0.0395	0.0079	-664.848795	
SB09G016560	SB10G013381	0.6255	112.8	406.2	0.7240	0.1925	0.2659	-1020.235276	
SB09G016291	SB01G026485	0.5263	125.3	321.7	0.5065	0.1378	0.2721	-830.521078	
SB09G016560	SB01G026470	0.9605	77.2	306.8	0.6878	0.2934	0.4265	-819.676636	
SB09G012720	SB01G021395	1.0730	108.0	342.0	0.1589	0.1576	0.9913	-922.102793	
SB09G008202	SB01G025060	0.9637	108.7	332.3	0.1903	0.1568	0.8241	-897.494990	
SB09G009556	SB01G025848	0.5813	123.7	323.3	0.5405	0.1569	0.2903	-849.273546	
SB09G006290	SB01G025890	0.0558	215.3	504.7	1.4074	0.0204	0.0145	-1027.816860	
SB06G016210	SB04G017380	50.0000	366.0	1560.0	0.0078	0.6584	84.8966	-4665.162027	
SB06G016395	SB04G017443	0.9885	107.8	324.2	0.1728	0.1502	0.8690	-880.609911	
SB08G005432	SB09G006290	1.0638	174.2	590.8	0.5051	0.2899	0.5740	-1650.731576	
SB08G014451	SB06G016395	0.9995	107.2	324.8	0.2000	0.1672	0.8359	-890.245318	
SB08G007335	SB10G021820	0.0368	152.6	429.4	2.0826	0.0142	0.0068	-809.057422	
SB08G007630	SB10G021604	0.9615	96.6	287.4	0.2737	0.1922	0.7021	-795.059634	
SB08G022290	SB08G007700	23.2619	193.9	1315.1	0.0115	0.6431	55.9864	-3437.193462	
SB08G022505	SB08G008220	0.0648	200.2	381.8	1.0627	0.0220	0.0207	-823.035590	
SB08G017406	SB08G005432	0.1835	180.8	503.2	0.6437	0.0534	0.0829	-1082.319569	
SB08G014060	SB05G008290	50.0000	115.3	439.7	0.0094	0.7272	77.4761	-1383.646226	
SB08G014451	SB05G008185	0.9099	110.3	339.7	0.3209	0.1997	0.6224	-932.164752	
SB08G008220	SB05G010580	0.1623	174.4	404.6	0.6678	0.0471	0.0705	-897.435521	
SB07G015430	SB06G016395	1.1088	107.4	324.6	0.1904	0.1797	0.9435	-902.723913	
SB01G027500	SB01G025890	0.0472	235.4	484.6	1.2935	0.0170	0.0131	-1012.918673	
SB05G008185	SB02G026940	0.9045	111.0	339.0	0.2732	0.1821	0.6664	-925.130586	
SB05G008440	SB02G026800	5.2130	157.1	715.9	0.1134	0.7223	6.3665	-2100.586155	
SB05G015320	SB10G010937	0.0985	108.6	341.4	0.3860	0.0237	0.0615	-675.175124	
SB05G016005	SB10G010785	0.0931	102.3	452.7	0.1240	0.0135	0.1087	-803.209294	
SB05G026293	SB01G025060	0.9936	108.2	341.8	0.1730	0.1541	0.8907	-918.001737	
SB05G022850	SB01G027720	17.2069	103.5	430.5	0.0164	0.4538	27.7077	-1259.881694	
SB05G023080	SB01G027500	0.0541	167.0	352.0	0.9287	0.0176	0.0190	-725.401909	
SB05G010060	SB01G027730	50.0000	229.8	829.2	0.0099	0.7324	74.1523	-2614.485447	
SB05G010580	SB01G027500	0.4944	176.7	585.3	0.7573	0.1534	0.2026	-1440.974571	
SB05G023485	SB05G006320	0.2120	103.9	325.1	0.4861	0.0563	0.1157	-696.915205	
SB05G008840	SB05G005275	1.0674	111.9	338.1	0.1679	0.1594	0.9492	-924.585323	
SB09G008095	SB04G021250	3.0202	111.8	350.2	0.5700	0.8513	1.4934	-1179.829743	
SB09G008202	SB04G021095	1.0488	109.2	331.8	0.1828	0.1659	0.9076	-912.026878	
SB09G016180	SB10G008670	50.0000	209.9	1065.1	0.0061	0.5993	98.2166	-3016.898851	
SB09G016560	SB10G008916	0.7134	102.6	371.4	0.7877	0.2247	0.2852	-952.503531	
SB09G003720	SB03G011155	0.8329	105.1	371.9	0.3096	0.1862	0.6014	-976.749222	
SB09G003970	SB03G011346	31.6232	94.9	283.1	0.0443	1.6440	37.0709	-1014.794601	
SB09G003980	SB03G011350	50.0000	192.3	479.7	0.0120	0.6806	56.5523	-1684.215499	
SB06G016395	SB01G029850	1.0129	106.7	325.3	0.1857	0.1621	0.8730	-890.368571	
SB06G016600	SB01G029700	9.1807	64.0	284.0	0.2741	2.0579	7.5085	-930.762071	
SB04G019320	SB02G009330	0.1275	134.2	315.8	2.1630	0.0506	0.0234	-682.282879	
SB04G011340	SB01G021395	1.1638	111.4	338.6	0.1571	0.1666	1.0604	-925.682025	
SB04G011451	SB01G021270	1.2343	136.9	685.1	0.2769	0.2867	1.0354	-1706.508554	
SB02G021180	SB01G025340	0.0525	241.2	523.8	2.5503	0.0216	0.0085	-1088.466831	
SB08G022505	SB09G016560	0.2627	98.0	337.0	0.8099	0.0832	0.1027	-732.789678	
SB08G022656	SB09G016595	2.2067	137.4	528.6	0.2605	0.4639	1.7806	-1571.052445	
SB08G019660	SB03G042205	0.2749	151.5	556.5	0.8105	0.0873	0.1077	-1211.961114	
SB08G014890	SB03G016191	5.1282	159.5	461.5	0.1376	0.6549	4.7610	-1569.780813	
SB08G014985	SB03G016083	50.0000	104.9	456.1	0.0080	0.6910	86.1308	-1397.538680	
SB08G008220	SB03G042205	0.0812	192.1	389.9	0.9835	0.0269	0.0274	-839.192258	
SB08G022505	SB05G020440	0.1811	145.0	365.0	0.4735	0.0459	0.0969	-795.639868	
SB08G022656	SB05G020420	50.0000	129.1	464.9	0.0256	1.7998	70.1829	-1590.313586	
SB07G009780	SB02G009794	50.0000	79.9	277.1	0.0249	1.7081	68.5174	-957.781503	
SB07G021690	SB01G017200	2.4940	80.8	321.2	0.0821	0.2559	3.1172	-879.097656	
SB05G018560	SB09G007280	0.4365	115.7	304.3	1.0269	0.1465	0.1427	-743.697888	
SB05G018837	SB09G007430	0.9660	112.4	337.6	0.3219	0.2110	0.6554	-937.304044	
SB05G023080	SB04G017480	0.0477	152.6	366.4	1.1986	0.0167	0.0140	-722.185631	
SB05G018050	SB02G026770	7.7369	184.9	601.1	0.1522	1.1161	7.3348	-2078.574907	
SB05G018837	SB02G026940	0.0915	134.8	315.2	2.4491	0.0371	0.0151	-662.701312	
SB05G008860	SB10G006910	1.8625	144.5	758.5	0.1445	0.3188	2.2066	-1967.177111	
SB05G009465	SB10G006730	0.0889	135.7	386.3	0.9304	0.0291	0.0312	-777.858900	
SB05G009470	SB10G006720	1.0569	334.9	661.1	1.0462	0.3576	0.3418	-2069.463487	
SB05G007270	SB07G023070	50.0000	126.8	788.2	0.0068	0.7890	115.3576	-2042.159170	
SB05G005275	SB07G015430	1.1430	112.8	337.2	0.1923	0.1855	0.9651	-941.795245	
SB05G000703	SB03G020230	0.1021	102.7	293.3	1.0665	0.0346	0.0324	-598.400317	
SB09G012720	SB06G015617	1.0196	108.4	341.6	0.1660	0.1538	0.9266	-920.431096	
SB09G005533	SB06G001773	0.0623	129.9	320.1	3.2809	0.0260	0.0079	-646.056118	
SB09G020050	SB10G007640	28.5381	297.3	842.7	0.0368	1.2162	33.0329	-3038.314095	
SB09G020260	SB10G007395	50.0000	108.3	263.7	0.0105	0.5865	55.8445	-942.067613	
SB09G016180	SB10G022026	50.0000	87.2	395.8	0.0096	0.8472	88.5112	-1167.305848	
SB09G016560	SB10G021820	0.0273	131.0	205.0	1.2502	0.0099	0.0079	-444.404052	
SB09G018193	SB03G042205	0.0444	193.4	571.6	0.3902	0.0106	0.0272	-1082.715528	
SB09G018390	SB03G041980	50.0000	198.8	635.2	0.0100	0.6801	67.7334	-2053.277055	
SB06G010845	SB04G011340	0.2425	133.7	316.3	1.2422	0.0858	0.0691	-729.305828	
SB06G011550	SB04G011313	1.0503	125.5	411.5	0.4726	0.2777	0.5875	-1140.076140	
SB06G003220	SB02G009650	0.1918	212.2	612.8	0.3287	0.0419	0.1275	-1309.928372	
SB06G004030	SB02G009400	10.0744	278.4	951.6	0.0624	0.7630	12.2295	-3116.339817	
SB06G020210	SB01G034930	50.0000	217.7	1213.3	0.0061	0.6436	105.9549	-3322.044852	
SB06G020406	SB01G034800	3.3533	194.1	735.9	0.0550	0.2438	4.4309	-2031.085312	
SB04G027465	SB04G007236	0.9102	133.5	508.5	0.0991	0.1050	1.0590	-1197.191792	
SB04G027467	SB04G007233	1.1892	123.6	623.4	0.0871	0.1450	1.6651	-1481.035119	
SB04G017480	SB01G026470	0.4474	72.2	230.8	0.5009	0.1205	0.2406	-549.913640	
SB02G019335	SB01G027500	0.0586	148.3	325.7	0.8337	0.0184	0.0221	-681.633398	
SB10G014210	SB01G027765	4.5724	324.4	956.6	0.3295	1.0059	3.0525	-3380.139883	
SB10G016176	SB01G027500	0.1609	152.2	441.8	0.9309	0.0526	0.0565	-924.581150	
SB08G007630	SB09G018303	0.9463	92.5	270.5	0.1499	0.1290	0.8605	-714.349165	
SB08G008220	SB09G018193	0.0808	176.0	406.0	1.1937	0.0283	0.0237	-844.137336	
SB08G009570	SB01G022821	0.6042	212.4	531.6	0.1650	0.0824	0.4993	-1387.300691	
SB08G017670	SB05G026000	0.9946	278.6	831.4	0.1294	0.1234	0.9529	-2260.667913	
SB08G017795	SB05G025737	0.0479	126.7	323.3	2.3229	0.0190	0.0082	-639.122757	
SB01G021612	SB01G014386	20.3599	107.3	354.7	0.0151	0.4210	27.8376	-1107.344219	
SB01G021617	SB01G014380	1.8327	96.6	344.4	0.1158	0.2285	1.9734	-970.842221	
SB05G016860	SB09G006290	0.0923	163.7	385.3	0.5230	0.0242	0.0462	-801.412397	
SB05G008185	SB09G012720	0.9315	106.1	343.9	0.2415	0.1784	0.7386	-927.259854	
SB05G008410	SB09G011480	0.0374	153.0	345.0	0.8631	0.0119	0.0138	-686.012145	
SB05G026920	SB02G005210	3.0458	257.3	789.7	0.4272	0.7637	1.7876	-2669.921022	
SB05G026930	SB02G005230	1.4525	128.6	441.4	0.2631	0.2967	1.1276	-1282.828379	
SB05G006320	SB01G029850	0.9598	105.4	323.6	0.1699	0.1454	0.8557	-870.150288	
SB05G023080	SB05G016860	0.0983	164.4	354.6	0.5690	0.0264	0.0464	-758.088827	
SB05G021195	SB05G005275	1.0190	111.8	338.2	0.1943	0.1673	0.8610	-923.915118	
SB05G021400	SB05G005480	50.0000	272.8	1161.2	0.0077	0.6515	84.8379	-3434.193725	
SB05G021195	SB05G008840	0.1646	131.3	318.7	0.7477	0.0500	0.0668	-703.608542	
SB09G007280	SB01G021620	0.0696	226.2	493.8	0.4430	0.0166	0.0376	-1034.489481	
SB09G007430	SB01G021395	0.4313	116.5	333.5	0.2808	0.0864	0.3079	-797.073642	
SB09G003510	SB01G026260	5.6777	296.2	834.8	0.7155	1.7141	2.3956	-3049.491767	
SB09G003720	SB01G026470	0.1134	96.4	287.6	1.1900	0.0394	0.0331	-574.181408	
SB09G012720	SB03G014420	1.0058	105.6	344.4	0.2160	0.1811	0.8382	-930.899484	
SB04G021095	SB01G025060	0.1342	128.8	321.2	1.5697	0.0499	0.0318	-683.963478	
SB10G010937	SB04G017443	0.0762	120.0	330.0	0.6090	0.0217	0.0356	-658.634030	
SB05G019150	SB09G007280	0.1879	117.9	311.1	0.5884	0.0525	0.0893	-679.061287	
SB05G019065	SB06G016395	0.1389	99.2	332.8	0.1627	0.0212	0.1304	-657.634713	
SB05G015320	SB04G021095	1.0964	109.8	340.2	0.1756	0.1704	0.9700	-935.641539	
SB05G024080	SB02G026770	50.0000	193.1	607.9	0.0130	0.8646	66.3995	-2078.746563	
SB05G016860	SB02G019335	0.1307	122.2	267.8	0.5417	0.0344	0.0636	-588.237765	
SB05G007270	SB02G026800	50.0000	118.8	766.2	0.0064	0.7668	119.2554	-1999.565849	
SB05G019933	SB07G017175	2.4571	81.6	254.4	0.3149	0.5358	1.7016	-806.356238	
SB05G020440	SB07G019075	0.1594	147.5	350.5	0.3918	0.0364	0.0929	-762.513271	
SB05G021195	SB01G025060	0.9761	111.0	339.0	0.2066	0.1671	0.8088	-922.185837	
SB05G018837	SB05G000703	0.0844	117.6	323.4	1.7470	0.0318	0.0182	-651.935224	
SB05G010471	SB05G008185	0.1697	119.5	330.5	0.5869	0.0477	0.0812	-709.464292	
SB04G019620	SB01G027500	0.4210	169.1	595.9	0.6787	0.1271	0.1872	-1403.251744	
SB04G011313	SB01G026470	0.1049	100.3	283.7	1.1509	0.0362	0.0315	-570.449665	
SB10G022770	SB04G011313	0.1255	231.6	533.4	0.4677	0.0311	0.0665	-1159.453629	
SB10G023023	SB04G012210	5.7899	337.0	953.0	0.1402	0.7416	5.2907	-3244.821157	
SB10G021820	SB10G008916	0.0341	137.0	400.0	99.0000	0.0152	0.0002	-736.494030	
SB10G022026	SB10G008670	50.0000	83.4	396.6	0.0080	0.7385	92.4526	-1141.259773	
SB08G014451	SB09G012720	0.1706	126.2	323.8	1.1517	0.0591	0.0513	-707.335416	
SB08G014910	SB09G014000	50.0000	171.8	761.2	0.0091	0.7903	87.0172	-2298.706611	
SB08G007600	SB06G013810	16.8956	94.9	430.1	0.0167	0.4829	28.9677	-1230.332524	
SB08G017406	SB05G016860	1.3752	119.7	381.3	0.7629	0.4267	0.5593	-1120.861495	
SB08G007335	SB05G016860	0.0985	172.9	376.1	0.6422	0.0279	0.0435	-804.005967	
SB07G022905	SB06G016395	0.0974	113.3	318.7	0.1442	0.0127	0.0880	-637.821054	
SB07G019075	SB10G009100	0.0765	150.8	335.2	1.3589	0.0278	0.0204	-718.243329	
SB07G017175	SB10G011233	2.6687	90.8	290.2	0.4366	0.6804	1.5584	-943.646725	
SB07G015581	SB03G022150	50.0000	204.1	644.9	0.0130	0.8678	66.5736	-2226.378500	
SB07G017175	SB03G020230	2.8716	89.0	289.0	0.2305	0.5360	2.3248	-925.154130	
SB05G018837	SB09G012720	0.1632	125.5	324.5	1.1036	0.0559	0.0506	-705.372257	
SB05G010471	SB09G007430	0.2299	121.4	328.6	0.9287	0.0751	0.0809	-730.815853	
SB05G010471	SB06G010845	0.9673	109.8	340.2	0.2697	0.1941	0.7198	-936.115244	
SB05G010580	SB06G011550	1.9663	121.5	412.5	0.5439	0.5504	1.0120	-1270.909043	
SB05G006555	SB06G000673	19.3329	335.5	870.5	0.0243	0.5286	21.7945	-2943.958226	
SB05G006557	SB06G000676	50.0000	98.4	279.6	0.0272	1.6153	59.4120	-1004.296448	
SB05G018905	SB02G011996	50.0000	156.1	440.9	0.0184	1.1127	60.6096	-1528.390016	
SB05G019150	SB02G012460	0.2485	125.2	348.8	0.6373	0.0720	0.1130	-785.987349	
SB05G003590	SB02G023030	0.0057	109.9	481.1	0.0010	0.0000	0.0102	-798.497883	
SB05G003600	SB02G023020	0.0082	135.7	236.3	0.0010	0.0000	0.0074	-477.193058	
SB05G008185	SB10G010937	0.9439	110.9	339.1	0.2542	0.1826	0.7183	-926.940801	
SB05G026293	SB07G015430	0.1633	123.8	326.2	1.1900	0.0569	0.0478	-708.894893	
SB05G026450	SB07G015690	50.0000	77.5	498.5	0.0063	0.7470	119.1097	-1413.805011	
SB05G026293	SB07G017175	2.7393	98.9	324.1	0.2987	0.5896	1.9737	-1044.462380	
SB05G019933	SB01G026315	1.2328	88.9	268.1	0.2695	0.2454	0.9104	-767.009487	
SB05G019065	SB01G020701	1.0108	100.8	328.2	0.1516	0.1456	0.9604	-868.237966	
SB05G018837	SB01G020701	0.1689	127.7	301.3	2.0470	0.0664	0.0324	-660.578963	
SB05G008185	SB01G011215	0.9058	111.2	338.8	0.2980	0.1908	0.6403	-928.700403	
SB09G012720	SB04G017443	0.1266	123.3	326.7	0.5682	0.0349	0.0615	-684.975456	
SB09G018193	SB01G027500	0.0441	219.6	545.4	1.0608	0.0149	0.0141	-1081.271630	
SB09G018390	SB01G027765	50.0000	295.0	791.0	0.0157	0.9234	58.8871	-2855.705513	
SB09G016560	SB01G025890	0.7248	104.6	369.4	0.8121	0.2299	0.2831	-954.208371	
SB09G009556	SB03G022995	0.7628	112.0	326.0	0.4324	0.1903	0.4402	-883.410268	
SB09G009590	SB03G022790	1.2387	130.4	439.6	0.8694	0.3992	0.4592	-1258.528744	
SB06G015617	SB04G017443	0.9666	111.9	338.1	0.1666	0.1436	0.8620	-911.455877	
SB04G017480	SB02G019335	0.0519	137.3	336.7	1.1064	0.0178	0.0161	-678.445145	
SB02G012000	SB01G025060	1.0255	111.3	338.7	0.1767	0.1588	0.8984	-917.164651	
SB02G012460	SB01G025890	0.0817	193.9	526.1	1.3526	0.0293	0.0216	-1059.931629	
SB02G009330	SB01G025060	0.9733	111.7	338.3	0.1861	0.1556	0.8359	-915.472610	
SB10G011233	SB04G017443	1.0650	96.9	311.1	0.3323	0.2403	0.7231	-873.198435	
SB08G019660	SB04G017480	0.0785	180.3	452.7	1.1670	0.0273	0.0234	-923.995786	
SB08G019680	SB04G017796	1.2687	364.5	1012.5	0.3216	0.2714	0.8439	-3006.687388	
SB08G017795	SB02G013150	0.0623	135.7	314.3	0.5390	0.0165	0.0306	-646.746427	
SB08G019660	SB10G021820	0.0262	154.0	428.0	1.3995	0.0095	0.0068	-798.136194	
SB08G019660	SB05G010580	0.4118	165.2	539.8	0.5441	0.1147	0.2109	-1289.704213	
SB08G017345	SB05G005275	0.1044	125.0	325.0	0.7618	0.0320	0.0420	-670.387889	
SB08G017530	SB05G005542	0.6098	97.4	292.6	0.3132	0.1313	0.4193	-751.301751	
SB01G047985	SB01G022120	2.4196	116.7	426.3	0.2601	0.5005	1.9242	-1281.198557	
SB01G047990	SB01G022130	1.3111	78.3	284.7	0.1463	0.1936	1.3226	-778.719970	
SB05G022840	SB09G006440	50.0000	298.6	889.4	0.0176	1.1062	63.0174	-3136.763035	
SB05G023080	SB09G006290	0.0539	140.8	378.2	0.7056	0.0161	0.0229	-729.024141	
SB05G019933	SB09G007430	0.5685	84.9	272.1	0.4093	0.1411	0.3446	-671.014442	
SB05G020440	SB09G007280	0.1097	155.0	343.0	0.5070	0.0281	0.0554	-735.610699	
SB05G021195	SB06G001773	0.1886	136.7	313.3	0.9875	0.0626	0.0634	-705.808534	
SB05G021390	SB06G001656	7.5648	79.1	247.9	0.9897	2.5153	2.5416	-878.909381	
SB05G005275	SB04G011340	1.2069	113.0	337.0	0.1647	0.1769	1.0746	-932.717051	
SB05G023080	SB10G021820	0.0415	130.9	388.1	0.7957	0.0130	0.0163	-719.873848	
SB05G023485	SB10G021604	0.1567	112.5	337.5	0.4420	0.0397	0.0898	-703.009189	
SB05G015320	SB01G025060	1.0069	109.1	340.9	0.1832	0.1613	0.8806	-921.840712	
SB05G010471	SB01G020701	1.0175	104.1	324.9	0.2557	0.1988	0.7774	-896.570273	
SB05G012740	SB01G021160	3.4408	72.2	404.8	0.1035	0.4963	4.7957	-1072.006228	
SB05G021195	SB03G014420	1.0168	110.2	339.8	0.2604	0.1999	0.7677	-937.811400	
SB05G008713	SB03G047142	1.1034	86.4	279.6	0.6760	0.3304	0.4888	-793.793585	
SB05G024080	SB05G018050	5.6458	323.6	1005.4	0.2326	1.0436	4.4865	-3492.762528	
SB05G023080	SB05G010580	0.1368	141.4	374.6	0.6097	0.0388	0.0636	-785.394806	
SB05G021195	SB05G008185	0.9503	107.7	342.3	0.2145	0.1688	0.7868	-924.110812	
SB10G021820	SB04G017480	0.0259	136.1	445.9	99.0000	0.0113	0.0001	-795.715847	
SB10G022770	SB02G008150	0.1213	156.4	362.6	0.9592	0.0399	0.0416	-780.107856	
SB10G022960	SB02G008352	1.0068	109.6	340.4	0.1523	0.1425	0.9356	-915.099348	
SB10G022770	SB01G026470	0.1736	104.5	279.5	1.1479	0.0600	0.0523	-600.718516	
SB10G022960	SB01G026485	1.1680	114.4	332.6	0.1881	0.1851	0.9836	-934.540124	
SB08G019430	SB10G009350	50.0000	317.2	1086.8	0.0100	0.7121	71.3382	-3507.414654	
SB08G019660	SB10G009100	0.4102	115.1	388.9	1.0283	0.1376	0.1338	-929.730293	
SB08G017650	SB05G009465	0.1394	148.5	373.5	0.6115	0.0393	0.0643	-807.666280	
SB08G017795	SB05G008840	0.0691	124.9	325.1	0.8679	0.0221	0.0255	-655.100782	
SB08G017345	SB05G026293	1.0486	108.6	341.4	0.1770	0.1647	0.9308	-929.197376	
SB07G017175	SB09G005533	2.7109	99.8	323.2	0.3261	0.6075	1.8630	-1045.879892	
SB07G021690	SB04G007236	0.9832	136.8	544.2	0.1075	0.1228	1.1425	-1299.295618	
SB07G021695	SB04G007233	1.1489	115.4	604.6	0.0782	0.1326	1.6943	-1410.522396	
SB01G040340	SB01G034800	50.0000	196.6	733.4	0.0089	0.6778	76.2979	-2348.557628	
SB05G026293	SB02G026940	0.0476	117.8	332.2	2.0247	0.0183	0.0090	-641.294548	
SB05G026490	SB02G027080	50.0000	93.1	554.9	0.0035	0.3952	113.6580	-1414.453612	
SB05G010471	SB02G009330	0.9344	111.1	338.9	0.2804	0.1907	0.6799	-932.152402	
SB05G007323	SB07G015100	6.2672	95.4	279.6	0.7759	1.9460	2.5081	-1011.473555	
SB05G023080	SB03G022790	0.0358	161.4	357.6	0.8793	0.0114	0.0130	-713.236389	
SB05G025737	SB05G008185	0.9064	109.7	340.3	0.2561	0.1769	0.6906	-924.911817	
SB05G009465	SB05G007140	0.1014	146.0	376.0	0.9019	0.0328	0.0364	-784.737762	
SB09G007430	SB10G011233	0.5912	97.4	310.6	0.4502	0.1526	0.3389	-779.313192	
SB04G021095	SB02G009330	1.0581	112.2	337.8	0.1793	0.1647	0.9184	-929.743439	
SB10G011233	SB10G010937	1.1100	96.8	311.2	0.3355	0.2517	0.7502	-876.344270	
SB08G022230	SB09G018390	12.2798	300.4	791.6	0.0541	0.7040	13.0227	-2785.403524	
SB08G022505	SB09G018193	0.0405	188.0	493.0	1.3027	0.0144	0.0111	-958.342633	
SB08G017406	SB04G017480	1.3973	144.2	458.8	0.6264	0.4076	0.6507	-1361.005838	
SB08G017530	SB04G017443	0.6142	97.4	292.6	0.2907	0.1272	0.4376	-750.467812	
SB08G015635	SB03G030640	3.8441	82.1	334.9	0.0553	0.2938	5.3125	-908.148330	
SB08G015640	SB03G030645	13.6995	114.4	482.6	0.0172	0.3823	22.2166	-1370.988570	
SB07G019075	SB02G019335	0.0949	119.3	279.7	0.5218	0.0248	0.0476	-590.959513	
SB01G021110	SB01G010900	6.7739	239.0	934.0	0.1191	0.9006	7.5626	-2925.207989	
SB01G021395	SB01G011215	1.0272	111.9	338.1	0.1718	0.1557	0.9063	-920.129111	
SB05G004830	SB06G015370	15.4483	245.9	786.1	0.0559	1.0244	18.3388	-2724.643956	
SB05G005275	SB06G015617	0.0828	132.1	317.9	0.4241	0.0197	0.0465	-655.530211	
SB05G021195	SB04G017443	0.1806	134.6	315.4	0.7421	0.0545	0.0735	-705.865280	
SB05G021400	SB04G016970	18.3722	294.8	1112.2	0.0236	0.6343	26.8320	-3418.404751	
SB05G024800	SB01G020552	3.7548	137.0	412.0	0.0961	0.3741	3.8912	-1287.815505	
SB05G024890	SB01G020920	42.4832	204.3	1046.7	0.0096	0.7958	82.6225	-2982.077721	
SB05G001580	SB01G014310	50.0000	114.4	728.6	0.0061	0.7247	118.2390	-2050.865796	
SB05G001745	SB01G014230	50.0000	200.7	744.3	0.0115	0.8624	75.2681	-2461.548068	
SB05G001760	SB01G014210	3.2244	287.5	1116.5	0.1519	0.5015	3.3012	-3262.643919	
SB09G020050	SB01G047570	50.0000	276.4	779.6	0.0159	0.9703	60.9289	-2768.212612	
SB09G020260	SB01G047515	5.3810	97.7	274.3	1.0691	1.8246	1.7067	-1001.809517	
SB09G008202	SB01G029850	0.1073	128.7	312.3	1.1267	0.0370	0.0328	-662.652762	
SB02G002920	SB01G022130	0.0791	107.3	255.7	0.5041	0.0204	0.0405	-536.224173	
SB02G002925	SB01G022120	0.0930	196.6	346.4	1.2675	0.0336	0.0265	-778.929601	
SB10G017830	SB04G017780	50.0000	183.1	650.9	0.0087	0.6380	73.6399	-2091.316870	
SB10G018060	SB04G017443	0.0760	120.4	329.6	0.9297	0.0248	0.0267	-659.965611	
SB10G010937	SB04G011340	0.2409	129.2	320.8	0.7226	0.0723	0.1001	-735.703407	
SB10G011233	SB04G011110	0.4401	97.3	310.7	0.5006	0.1185	0.2368	-744.534589	
SB10G010937	SB01G029850	0.1415	130.4	319.6	1.2473	0.0501	0.0401	-694.076025	
SB08G017795	SB06G010845	0.0693	130.8	319.2	1.6460	0.0261	0.0158	-650.570239	
SB08G018305	SB06G008501	50.0000	115.4	238.6	5.0029	22.5460	4.5066	-950.291266	
SB08G014985	SB07G020556	9.2948	98.2	345.8	0.2085	1.6846	8.0784	-1151.823558	
SB01G029850	SB01G011215	0.1148	139.1	310.9	3.3550	0.0489	0.0146	-672.815919	
SB01G021395	SB01G020701	1.1404	104.2	324.8	0.1306	0.1453	1.1119	-871.705995	
SB05G025737	SB09G008202	0.0563	117.1	323.9	0.6647	0.0166	0.0249	-632.530458	
SB05G026293	SB04G020586	0.0339	106.7	343.3	1.1241	0.0116	0.0103	-632.583234	
SB05G016860	SB04G019620	0.0924	160.9	388.1	0.3941	0.0212	0.0539	-802.426478	
SB05G008185	SB02G009330	0.9010	110.6	339.4	0.2518	0.1736	0.6893	-920.730677	
SB05G003590	SB10G010630	1.6966	126.3	464.7	0.2085	0.3123	1.4976	-1356.841559	
SB05G003600	SB10G010620	2.5093	66.6	305.4	0.1091	0.3399	3.1153	-819.705442	
SB05G000703	SB10G011233	1.1382	94.2	304.8	0.3264	0.2551	0.7815	-861.932205	
SB05G023600	SB07G022780	36.2331	175.2	913.8	0.0073	0.5246	72.3158	-2588.182544	
SB05G021395	SB01G029737	1.9188	122.6	426.4	0.0511	0.1243	2.4321	-1080.750088	
SB09G007280	SB09G006290	0.0784	220.2	499.8	0.5309	0.0206	0.0387	-1046.009659	
SB06G016395	SB04G021095	0.1412	117.0	315.0	0.3121	0.0295	0.0944	-661.240385	
SB04G028090	SB04G009970	4.5393	83.3	648.7	0.0305	0.3277	10.7417	-1514.439140	
SB04G028250	SB04G009890	0.7667	302.0	1054.0	0.5053	0.2098	0.4152	-2786.689759	
SB04G028260	SB04G009880	0.1018	254.6	429.4	0.2199	0.0146	0.0665	-999.568911	
SB10G021820	SB10G009100	0.0409	102.1	275.9	99.0000	0.0186	0.0002	-536.892393	
SB08G022505	SB09G003720	0.0135	135.0	546.0	0.4525	0.0036	0.0080	-923.002754	
SB08G017345	SB10G011233	0.4054	96.2	311.8	0.4634	0.1062	0.2291	-733.244506	
SB08G017530	SB10G010937	0.6188	98.6	291.4	0.3195	0.1341	0.4196	-753.538694	
SB08G022600	SB01G026275	50.0000	76.7	247.3	0.0327	2.0833	63.7070	-868.414460	
SB08G017445	SB05G023830	50.0000	61.9	265.1	0.0342	2.6283	76.7927	-868.664341	
SB08G008220	SB05G023080	0.0731	168.3	350.7	0.6543	0.0208	0.0318	-737.902910	
SB05G023485	SB09G016291	1.1431	115.5	334.5	0.1825	0.1773	0.9713	-934.024428	
SB05G023810	SB09G015470	5.5208	83.4	270.6	0.1991	0.9450	4.7470	-924.547669	
SB05G019933	SB09G008202	1.1443	89.2	267.8	0.2680	0.2267	0.8460	-759.363179	
SB05G024080	SB06G015370	17.1043	248.5	783.5	0.0553	1.1156	20.1605	-2729.816623	
SB05G008185	SB06G015617	0.4504	114.0	336.0	0.1862	0.0712	0.3826	-805.190256	
SB05G015320	SB04G020586	0.0621	113.6	336.4	0.6275	0.0180	0.0287	-652.498953	
SB05G019933	SB02G007953	1.1283	89.0	268.0	0.2649	0.2223	0.8392	-757.472225	
SB05G023080	SB10G019610	0.0792	140.0	379.0	0.5509	0.0216	0.0393	-745.842955	
SB05G008840	SB07G017175	2.8698	100.2	322.8	0.2734	0.5870	2.1467	-1045.561027	
SB05G008840	SB01G020701	0.1181	119.2	309.8	1.1446	0.0408	0.0356	-644.922543	
SB05G009400	SB01G020830	50.0000	141.8	749.2	0.0058	0.5925	101.5901	-2150.497579	
SB05G006320	SB03G011630	0.9303	104.3	324.7	0.1542	0.1329	0.8616	-861.242305	
SB05G006555	SB03G011350	50.0000	165.5	455.5	0.0077	0.4724	61.2259	-1487.081195	
SB05G006557	SB03G011346	39.4543	94.4	283.6	0.0463	2.1400	46.2385	-1013.063252	
SB05G021195	SB05G018837	0.2274	134.4	315.6	1.1466	0.0788	0.0687	-726.354628	
SB05G021195	SB05G019065	0.9717	108.6	341.4	0.1906	0.1599	0.8392	-919.390471	
SB05G018837	SB05G010471	0.9715	111.3	338.7	0.2904	0.2018	0.6951	-941.157003	
SB05G019090	SB05G009960	32.5736	240.5	803.5	0.0196	0.8657	44.2397	-2716.188479	
SB09G021670	SB03G040850	50.0000	225.6	908.4	0.0117	0.9347	80.0039	-2618.574814
SB09G023480	SB03G038110	31.4449	463.9	1297.1	0.0193	0.7302	37.7514	-4568.204599
SB09G024335	SB03G037180	5.2535	89.8	291.2	0.0703	0.4254	6.0492	-922.849005
SB09G024560	SB03G036860	5.9452	281.4	1050.6	0.0292	0.2469	8.4587	-2959.296951
SB09G024740	SB03G036620	50.0000	256.9	778.1	0.0176	1.1219	63.7573	-2757.228761
SB09G024740	SB03G036860	50.0000	164.8	882.2	0.0157	1.5325	97.6737	-2626.670397
SB03G037960	SB05G001450	50.0000	283.7	907.3	0.0142	0.9525	66.9180	-3146.394055
SB05G001450	SB08G002100	0.2442	331.2	898.8	0.0897	0.0218	0.2432	-2009.693306
SB05G001810	SB08G001630	0.7515	308.6	786.4	0.3087	0.1536	0.4975	-2170.974201
SB03G037960	SB08G000610	14.4164	287.1	882.9	0.0487	0.8302	17.0331	-3027.868223
SB08G001900	SB08G000610	50.0000	285.8	890.2	0.0189	1.2216	64.7752	-3115.511021
SB05G001653	SB08G000555	26.2868	125.8	363.2	0.0387	1.1847	30.6427	-1311.090434
SB09G023790	SB05G000670	50.0000	405.8	1532.2	0.0142	1.0718	75.5525	-5052.176686
SB05G001640	SB05G000670	50.0000	515.1	1695.9	0.0133	0.9115	68.5386	-5796.254875
SB08G000710	SB05G000670	0.2583	368.3	1989.7	0.0599	0.0249	0.4165	-3602.944725
SB03G037960	SB05G000590	8.6052	302.6	930.4	0.1022	0.9091	8.8936	-3212.738211
SB08G001900	SB05G000590	50.0000	301.4	922.6	0.0197	1.2587	63.8366	-3247.678145
SB08G000610	SB05G000590	0.1428	351.4	875.6	0.1740	0.0202	0.1159	-1875.071936
SB05G001653	SB05G000580	50.0000	132.6	365.4	0.0112	0.6821	60.7146	-1270.133143
SB08G000555	SB05G000580	3.1435	239.7	666.3	0.0478	0.1670	3.4960	-1913.902844
SB08G002053	SB09G020270	22.6311	309.8	878.2	0.0469	1.1976	25.5315	-3114.351909
SB09G023725	SB09G020260	50.0000	145.8	478.2	0.0166	1.1254	67.6534	-1672.827677
SB09G023790	SB09G020010	50.0000	248.4	897.6	0.0117	0.8661	73.7496	-2930.498285
SB05G001640	SB09G020010	50.0000	273.4	860.6	0.0121	0.8040	66.6059	-2922.291717
SB08G000710	SB09G020010	13.7270	189.9	950.1	0.0354	0.8266	23.3384	-2690.426798
SB05G001653	SB09G019915	7.9547	132.7	350.3	0.2007	1.2662	6.3096	-1289.988871
SB08G000555	SB09G019915	13.7313	132.6	404.4	0.0744	1.1238	15.1090	-1412.009375
SB05G001162	SB05G027083	50.0000	335.9	1134.1	0.0181	1.2416	68.7497	-3947.838938
SB09G023480	SB05G027130	50.0000	719.7	1986.3	0.0146	0.8818	60.2340	-7139.025737
SB09G023490	SB05G027090	7.7714	347.6	1140.4	0.3021	1.6825	5.5693	-4020.387248
SB05G001410	SB05G026665	50.0000	166.9	535.1	0.0251	1.6263	64.8942	-1844.957837
SB09G023725	SB05G026830	2.3570	153.7	479.3	0.1412	0.3173	2.2465	-1482.734544
SB09G023790	SB05G026570	50.0000	299.9	927.1	0.0203	1.3023	64.1542	-3298.286080
SB05G001640	SB05G026570	7.8346	284.8	936.2	0.1003	0.8447	8.4205	-3177.001298
SB05G001653	SB05G026446	50.0000	142.4	349.6	0.0165	0.9117	55.3393	-1291.092444
SB03G037960	SB01G036470	8.0022	635.8	2004.2	0.0375	0.3718	9.9039	-6292.322638
SB09G023725	SB07G001780	50.0000	150.2	449.8	0.0192	1.2062	62.9577	-1609.703090
SB03G037960	SB07G001690	50.0000	508.5	1483.5	0.0154	0.9593	62.4854	-5272.912811
SB05G001450	SB01G036470	50.0000	232.3	925.7	0.0091	0.7288	80.1765	-2937.584944
SB09G023365	SB02G042910	50.0000	311.5	912.5	0.0085	0.5420	63.8951	-2987.026658
SB03G038380	SB02G042910	50.0000	308.0	934.0	0.0080	0.5222	65.6203	-3038.540111
SB05G001050	SB02G042910	50.0000	277.7	967.3	0.0073	0.5327	72.8715	-3010.186980
SB01G036020	SB02G042910	37.9655	325.3	925.7	0.0132	0.6179	46.9134	-3126.324152
SB09G023490	SB02G043090	50.0000	360.8	1121.2	0.0209	1.3444	64.2792	-3990.249154
SB01G036260	SB02G043090	50.0000	466.6	1357.4	0.0159	0.9924	62.2648	-4824.045349
SB02G042910	SB08G002740	50.0000	262.0	977.0	0.0070	0.5361	76.8287	-2984.366919
SB09G023480	SB04G035580	50.0000	175.7	643.3	0.0080	0.6027	75.4928	-2014.469473
SB01G036160	SB04G035580	50.0000	145.2	658.8	0.0083	0.7349	88.9695	-1928.399778
SB05G001165	SB04G035430	10.8694	156.8	503.2	0.4948	2.9160	5.8930	-1741.958571
SB09G023490	SB04G035360	50.0000	296.8	1179.2	0.0175	1.3536	77.4989	-3901.722721
SB01G036260	SB04G035360	50.0000	405.8	1886.2	0.0119	1.0635	89.1924	-5837.848384
SB03G037960	SB04G034840	50.0000	279.5	935.5	0.0129	0.8982	69.4374	-3168.942267
SB09G023790	SB04G034820	50.0000	485.5	1491.5	0.0164	1.0619	64.6065	-5270.885881
SB09G023890	SB09G003020	13.4616	232.9	775.1	0.0213	0.3859	18.1345	-2359.722677
SB01G037000	SB09G002900	50.0000	292.4	949.6	0.0065	0.4504	69.3212	-3021.166097
SB09G023790	SB02G002820	5.6785	496.1	1453.9	0.2790	1.1421	4.0933	-5212.986500
SB03G037960	SB02G002840	50.0000	571.8	1768.2	0.0161	1.0449	64.9747	-6209.901336
SB09G023890	SB02G003013	9.3391	181.0	911.0	0.0724	0.9966	13.7670	-2701.900076
SB03G037580	SB02G003080	50.0000	149.3	480.7	0.0085	0.5804	68.4769	-1560.314745
SB03G037580	SB01G021340	50.0000	129.8	431.2	0.0114	0.7912	69.4122	-1445.719572
SB09G024160	SB01G021397	5.1139	124.9	424.1	0.5600	1.4462	2.5825	-1481.042261
SB03G037580	SB05G007480	50.0000	135.6	488.4	0.0083	0.6201	74.4470	-1540.493515
SB01G021340	SB05G007480	24.4373	148.0	815.0	0.0143	0.7009	49.1365	-2299.211911
SB01G021392	SB05G007430	3.0120	283.3	883.7	0.5242	0.8228	1.5695	-3017.268360
SB01G021395	SB05G007420	2.6925	109.5	406.5	0.2551	0.5541	2.1726	-1252.823769
SB01G021615	SB05G007305	4.8958	75.8	260.2	0.1406	0.6858	4.8770	-848.936638
SB01G021822	SB05G007185	7.0111	417.5	1211.5	0.1896	1.1153	5.8826	-4312.057865
SB01G021392	SB07G017170	4.3647	390.2	1307.8	0.2676	0.8932	3.3374	-4406.434509
SB05G007430	SB07G017170	4.4316	297.1	956.9	0.2632	0.8881	3.3741	-3248.586542
SB05G007420	SB07G017175	3.7052	96.1	356.9	0.3039	0.8313	2.7354	-1137.827937
SB05G007410	SB07G017390	50.0000	143.5	564.5	0.0160	1.2364	77.3408	-1822.868428
SB09G024140	SB07G017590	29.3182	382.8	1432.2	0.0207	0.8911	42.9966	-4701.235627
SB01G021822	SB07G019270	50.0000	408.8	1196.2	0.0230	1.4117	61.3008	-4292.191628
SB05G007185	SB07G019270	1.4179	420.9	1226.1	0.3941	0.3393	0.8610	-3777.947675
SB01G021392	SB07G013562	0.3902	57.2	215.8	0.6155	0.1150	0.1869	-493.357629
SB05G007430	SB07G013562	25.8607	98.0	316.0	0.0276	0.9241	33.4372	-1097.459487
SB07G017170	SB07G013562	42.8943	92.0	331.0	0.0177	1.0942	61.8057	-1123.534736
SB07G017180	SB07G012161	50.0000	166.4	658.6	0.0206	1.5764	76.4019	-2187.365520
SB01G021550	SB07G010516	4.8758	112.3	421.7	0.3514	1.1708	3.3320	-1417.368743
SB07G017556	SB07G010516	50.0000	224.1	804.9	0.0208	1.4794	71.2164	-2732.755512
SB09G024140	SB07G010240	50.0000	292.6	1600.4	0.0092	0.9456	102.6590	-4683.415410
SB01G021615	SB07G010240	8.3776	45.8	344.2	0.0341	0.6447	18.9300	-908.531950
SB05G007305	SB07G010240	11.5812	360.4	1394.6	0.0549	0.8518	15.5023	-4548.888707
SB07G017590	SB07G010240	50.0000	377.1	1491.9	0.0112	0.8828	79.1083	-4755.767424
SB07G019065	SB07G009490	1.0596	130.2	337.8	0.2443	0.1898	0.7769	-972.793640
SB07G019075	SB07G009790	2.4483	185.1	666.9	0.4088	0.6210	1.5189	-2146.929133
SB07G019080	SB07G009741	39.2879	200.1	600.9	0.0359	1.6984	47.3189	-2137.232342
SB07G019130	SB07G009480	50.0000	467.4	1686.6	0.0124	0.9116	73.5213	-5588.205900
SB01G021620	SB07G009790	50.0000	192.6	659.4	0.0204	1.4027	68.9151	-2279.060668
SB01G021815	SB07G009445	6.5197	103.7	355.3	0.3410	1.5127	4.4357	-1218.853328
SB01G021392	SB06G001770	2.8746	283.9	877.1	0.3628	0.6702	1.8477	-2946.050505
SB05G007430	SB06G001770	50.0000	299.3	894.7	0.0293	1.7919	61.1226	-3206.841836
SB07G017170	SB06G001770	4.1331	249.1	866.9	0.3604	0.9868	2.7383	-2922.269444
SB07G013562	SB06G001770	2.8173	89.6	312.4	0.2739	0.5902	2.1550	-1011.490150
SB05G007420	SB06G001773	1.2941	114.0	423.0	0.5311	0.3632	0.6840	-1206.194116
SB07G017180	SB06G001840	11.7223	221.2	834.8	0.0590	0.9002	15.2542	-2712.317020
SB07G012161	SB06G001840	50.0000	169.2	616.8	0.0144	1.0614	73.5504	-2062.880462
SB07G011260	SB06G002016	4.3429	173.5	438.5	0.1516	0.5596	3.6918	-1494.705041
SB01G021615	SB06G002190	6.2193	80.9	306.1	0.2673	1.3179	4.9305	-1017.558126
SB05G007305	SB06G002190	50.0000	198.4	590.6	0.0106	0.6828	64.2406	-2020.587698
SB07G017590	SB06G002190	50.0000	181.5	592.5	0.0120	0.8195	68.4021	-2023.128532
SB07G010240	SB06G002190	50.0000	151.5	616.5	0.0079	0.6492	81.8299	-1922.868552
SB07G009790	SB06G002526	50.0000	108.5	359.5	0.0162	1.1075	68.1911	-1239.666044
SB07G019100	SB06G002262	0.0365	156.3	350.7	2.2885	0.0147	0.0064	-715.503344
SB01G021815	SB06G002351	50.0000	116.5	357.5	0.0283	1.7669	62.3711	-1280.344289
SB01G021392	SB02G021460	1.8677	81.5	284.5	0.3449	0.4375	1.2688	-873.353837
SB05G007430	SB02G021460	50.0000	97.4	382.6	0.0142	1.1046	77.8189	-1271.139789
SB07G017170	SB02G021460	2.3478	64.7	280.3	0.2388	0.4898	2.0510	-837.478387
SB07G013562	SB02G021460	1.6321	84.0	342.0	0.3815	0.4123	1.0806	-1006.433278
SB06G001770	SB02G021460	1.7319	117.0	375.0	0.3828	0.4173	1.0903	-1159.637900
SB09G024140	SB02G021570	50.0000	178.2	547.8	0.0081	0.5369	66.2444	-1814.503800
SB05G007410	SB02G022070	50.0000	160.2	559.8	0.0206	1.4417	69.8764	-1878.288741
SB01G021615	SB02G022197	6.3294	81.9	275.1	0.1587	0.9519	5.9965	-918.273442
SB05G007305	SB02G022197	50.0000	195.9	650.1	0.0195	1.3195	67.6061	-2254.167586
SB07G017590	SB02G022197	50.0000	216.4	632.6	0.0200	1.2327	61.7834	-2258.690686
SB07G010240	SB02G022197	9.9791	181.9	646.1	0.0983	1.1036	11.2240	-2175.423974
SB07G009741	SB02G022235	50.0000	146.1	450.9	0.0264	1.6622	62.9858	-1595.531933
SB07G019065	SB02G022343	4.8326	113.9	324.1	0.5270	1.3060	2.4782	-1165.814040
SB07G009490	SB02G022343	5.3596	102.3	335.7	0.8034	1.6899	2.1036	-1178.911774
SB06G002060	SB02G022343	0.5132	104.8	264.2	0.1231	0.0566	0.4598	-649.854294
SB06G002190	SB02G022540	11.1819	193.4	595.6	0.2034	1.9014	9.3489	-2128.828147
SB01G021815	SB02G022490	50.0000	114.6	302.4	0.0108	0.6392	58.9581	-1043.385823
SB07G009445	SB02G022490	50.0000	147.3	467.7	0.0177	1.1686	65.8675	-1629.987379
SB06G002351	SB02G022490	50.0000	114.7	371.3	0.0166	1.1102	67.0140	-1293.919664
SB06G002451	SB02G022680	2.1415	256.4	844.6	0.3094	0.4697	1.5180	-2662.776979
SB07G017180	SB04G018503	13.6299	119.4	354.6	0.0688	1.0309	14.9773	-1204.648541
SB07G012161	SB04G018503	50.0000	110.9	366.1	0.0197	1.3287	67.3195	-1265.240671
SB06G001840	SB04G018503	0.5643	149.0	343.0	0.3502	0.1204	0.3439	-908.853524
SB07G011260	SB04G017810	3.5367	296.1	891.9	0.2358	0.6521	2.7659	-2989.996177
SB06G002016	SB04G017810	0.1549	202.5	421.5	0.7586	0.0468	0.0617	-972.235482
SB07G009790	SB04G017480	5.8972	181.6	628.4	0.6613	1.7633	2.6665	-2170.870857
SB07G009741	SB04G017470	1.3270	166.6	556.4	0.4774	0.3532	0.7398	-1644.125752
SB01G021750	SB04G016965	50.0000	112.0	413.0	0.0179	1.3104	73.3081	-1397.562322
SB09G024160	SB08G019945	50.0000	111.3	317.7	0.0207	1.2560	60.6773	-1154.360387
SB01G021397	SB08G019945	50.0000	95.2	303.8	0.0184	1.2142	65.9936	-1067.779273
SB05G007323	SB08G019945	6.8564	89.3	318.7	0.1442	0.9943	6.8935	-1082.089008
SB06G001955	SB08G019945	10.0084	102.8	305.2	0.1082	1.0847	10.0233	-1067.234670
SB01G021615	SB08G019840	50.0000	93.8	293.2	0.0125	0.8300	66.1818	-993.001528
SB05G007305	SB08G019840	50.0000	444.2	1544.8	0.0273	1.8611	68.1607	-5348.004072
SB07G017590	SB08G019840	50.0000	470.2	1377.8	0.0183	1.1396	62.1672	-4912.950387
SB07G010240	SB08G019840	50.0000	420.8	1391.2	0.0190	1.2835	67.5292	-4816.278206
SB06G002190	SB08G019840	50.0000	152.6	516.4	0.0093	0.6573	70.8399	-1698.643199
SB07G009790	SB08G019660	12.9640	193.0	602.0	0.1161	1.5178	13.0686	-2133.315009
SB07G019080	SB08G019650	0.0698	228.9	611.1	0.7637	0.0215	0.0281	-1236.009512
SB07G009741	SB08G019650	1.3466	215.9	720.1	0.5336	0.3735	0.7000	-2143.424193
SB04G017470	SB08G019650	0.0347	798.3	2111.7	0.5856	0.0097	0.0166	-4146.314228
SB01G021392	SB05G016690	50.0000	193.0	602.0	0.0203	1.3125	64.5606	-2105.924985
SB05G007430	SB05G016690	10.5803	191.7	585.3	0.1188	1.2461	10.4883	-2045.234554
SB07G017170	SB05G016690	3.6170	161.3	537.7	0.2568	0.7229	2.8151	-1762.346708
SB07G013562	SB05G016690	16.6176	83.7	306.3	0.0456	1.0090	22.1285	-1026.271327
SB06G001770	SB05G016690	5.8182	179.7	621.3	0.3560	1.3796	3.8748	-2131.618060
SB07G011260	SB05G015330	8.7969	176.4	534.6	0.1345	1.1295	8.3945	-1855.049442
SB06G002016	SB05G015330	50.0000	169.3	439.7	0.0331	1.8289	55.2156	-1615.849832
SB07G009741	SB05G014070	1.3796	201.9	653.1	0.6156	0.4008	0.6510	-1964.110334
SB06G002190	SB05G012530	4.8617	189.0	600.0	0.1777	0.7685	4.3251	-2038.167993
SB07G019100	SB05G012320	0.6428	195.3	611.7	0.5891	0.1833	0.3112	-1590.029739
SB06G002262	SB05G012320	0.4833	132.3	368.7	0.4485	0.1216	0.2711	-934.234164
SB01G021392	SB02G020485	11.2032	106.0	368.0	0.0435	0.6315	14.5063	-1188.859460
SB05G007430	SB02G020485	6.1337	113.6	381.4	0.1755	0.9838	5.6068	-1282.512509
SB07G017170	SB02G020485	0.5493	119.6	387.4	0.9349	0.1801	0.1927	-978.642188
SB07G013562	SB02G020485	50.0000	75.3	314.7	0.0131	1.0739	81.8573	-1027.342508
SB06G001770	SB02G020485	50.0000	130.7	361.3	0.0306	1.7698	57.8533	-1307.608196
SB05G016690	SB02G020485	3.3922	107.5	396.5	0.2906	0.7435	2.5588	-1285.599655
SB05G007420	SB02G020727	0.2092	155.7	426.3	0.7572	0.0642	0.0848	-922.194702
SB05G016220	SB02G020765	50.0000	365.4	1137.6	0.0282	1.7793	63.0104	-4054.219251
SB07G017180	SB02G020815	50.0000	97.7	406.3	0.0123	1.0054	81.8054	-1293.350507
SB07G012161	SB02G020815	5.1898	100.5	379.5	0.9260	1.7015	1.8375	-1272.290047
SB06G001840	SB02G020815	6.5031	104.4	372.6	0.1419	0.9331	6.5738	-1216.940621
SB06G001955	SB02G020930	50.0000	196.3	514.7	0.0194	1.1131	57.4582	-1890.563179
SB07G009790	SB02G021180	1.1937	199.2	604.8	0.4726	0.3117	0.6596	-1813.405155
SB07G019080	SB02G021160	0.4865	152.4	441.6	0.4494	0.1234	0.2745	-1124.307803
SB07G009741	SB02G021160	6.3855	209.3	729.7	0.2630	1.3103	4.9816	-2506.501861
SB05G014070	SB02G021160	0.2625	401.3	1302.7	0.6655	0.0782	0.1176	-2930.105265
SB01G021392	SB02G019830	5.8137	284.4	942.6	0.6443	1.7181	2.6666	-3272.804345
SB05G007430	SB02G019830	16.5462	287.3	891.7	0.0936	1.6409	17.5391	-3145.736353
SB07G017170	SB02G019830	4.7587	270.0	861.0	0.2544	0.9334	3.6687	-2914.826428
SB07G013562	SB02G019830	50.0000	92.2	309.8	0.0174	1.1932	68.6864	-1063.765329
SB06G001770	SB02G019830	50.0000	261.6	908.4	0.0236	1.6252	68.9016	-3123.586831
SB05G016690	SB02G019830	2.7213	202.4	613.6	0.5415	0.7497	1.3844	-2047.751303
SB05G016220	SB02G019830	6.4222	299.6	924.4	0.4715	1.6798	3.5627	-3260.376049
SB07G011260	SB02G019430	3.5468	392.0	1228.0	0.3007	0.7566	2.5160	-4139.327457
SB06G002016	SB02G019430	0.4417	174.0	444.0	0.5292	0.1177	0.2225	-1133.378162
SB05G015330	SB02G019430	15.3419	193.7	550.3	0.0819	1.3055	15.9372	-1961.048950
SB01G021615	SB02G019340	50.0000	64.8	187.2	0.0080	0.5052	63.3461	-610.201660
SB05G007305	SB02G019340	5.2176	102.9	296.1	0.3673	1.2042	3.2783	-1067.115852
SB07G017590	SB02G019340	12.5734	109.9	283.1	0.0952	1.1457	12.0331	-1047.386867
SB07G010240	SB02G019340	21.0454	87.2	260.8	0.0328	0.8355	25.4903	-877.583952
SB07G019065	SB02G018573	7.3512	192.2	614.8	0.3103	1.6024	5.1632	-2167.744750
SB06G002060	SB02G018573	8.6230	79.6	280.4	0.1389	1.2123	8.7278	-956.336045
SB05G015090	SB02G018573	50.0000	274.0	857.0	0.0158	1.0382	65.5458	-2985.411268
SB07G009790	SB02G019335	3.8255	203.7	633.3	0.3840	0.9171	2.3884	-2178.559810
SB07G019080	SB02G019330	0.5151	184.1	544.9	0.7273	0.1568	0.2156	-1402.974942
SB07G009741	SB02G019330	16.2329	208.5	706.5	0.0637	1.2447	19.5323	-2436.812512
SB05G014070	SB02G019330	0.1114	438.2	1319.8	1.0638	0.0377	0.0354	-2711.679651
SB07G009490	SB02G018573	50.0000	116.5	342.5	0.0205	1.2676	61.9572	-1216.598021
SB01G021392	SB01G020600	50.0000	111.9	368.1	0.0110	0.7580	68.9877	-1235.052663
SB05G007430	SB01G020600	5.4045	126.2	362.8	0.4634	1.3870	2.9932	-1294.453063
SB07G017170	SB01G020600	2.5578	63.5	281.5	0.1903	0.4783	2.5130	-837.641955
SB07G013562	SB01G020600	1.6528	79.6	343.4	0.3406	0.4038	1.1854	-996.779389
SB06G001770	SB01G020600	1.5909	101.5	375.5	0.4130	0.4072	0.9859	-1120.825195
SB05G016690	SB01G020600	50.0000	118.2	352.8	0.0235	1.4583	62.0834	-1237.542136
SB02G019830	SB01G020600	7.8681	101.7	393.3	0.1991	1.4362	7.2118	-1295.350755
SB05G007420	SB01G020701	0.3724	104.7	324.3	1.0784	0.1264	0.1172	-754.950300
SB09G024140	SB01G020900	50.0000	252.7	1016.3	0.0095	0.7644	80.6196	-3230.449219
SB05G016220	SB01G020600	0.7609	83.1	351.9	0.3596	0.1892	0.5262	-883.832422
SB05G007410	SB01G020840	5.1926	126.6	587.4	0.0485	0.3866	7.9683	-1677.923815
SB02G019510	SB01G020840	4.1191	211.5	706.5	0.0890	0.4088	4.5931	-2129.128443
SB01G021615	SB01G021300	7.2669	45.4	302.6	0.0359	0.5384	14.9928	-794.163091
SB05G007305	SB01G021300	50.0000	204.4	728.6	0.0113	0.8280	73.1223	-2408.148579
SB07G017590	SB01G021300	10.1681	210.7	785.3	0.0505	0.6806	13.4872	-2489.284019
SB07G010240	SB01G021300	50.0000	135.5	914.5	0.0046	0.5821	125.2615	-2386.780668
SB02G019340	SB01G021300	9.9918	88.7	271.3	0.0749	0.8232	10.9958	-923.646408
SB07G019065	SB01G021220	6.5534	150.3	413.7	0.0374	0.2776	7.4318	-1294.658746
SB06G002060	SB01G021220	4.0784	78.9	275.1	0.6876	1.2345	1.7954	-933.143529
SB05G015090	SB01G021220	50.0000	550.5	1663.5	0.0050	0.3293	66.0367	-5167.618940
SB09G024140	SB06G016350	50.0000	447.9	1532.1	0.0131	0.9265	70.5139	-5211.426078
SB05G016220	SB06G016390	1.6972	414.6	1268.4	0.3933	0.4100	1.0423	-3991.014119
SB07G017180	SB06G016400	10.5921	216.0	801.0	0.0957	1.1745	12.2671	-2655.397126
SB07G012161	SB06G016400	4.5831	189.2	608.8	0.1108	0.5262	4.7509	-1973.771421
SB06G001840	SB06G016400	50.0000	539.1	1782.9	0.0231	1.5426	66.6868	-6219.401154
SB09G024160	SB06G016535	50.0000	129.0	408.0	0.0180	1.1796	65.6245	-1438.350034
SB01G021397	SB06G016535	20.4658	164.0	439.0	0.0750	1.5664	20.8878	-1622.889194
SB05G007323	SB06G016535	7.3052	230.3	597.7	0.3109	1.5065	4.8450	-2236.180179
SB06G001955	SB06G016535	4.9909	193.2	499.8	0.0319	0.1756	5.5131	-1461.337201
SB01G021550	SB06G016560	3.9349	86.7	252.3	0.2507	0.7434	2.9653	-854.110796
SB07G017556	SB06G016560	7.2144	103.4	319.6	0.0615	0.5082	8.2656	-1033.289894
SB07G010516	SB06G016560	50.0000	97.3	307.7	0.0172	1.1312	65.7909	-1069.238179
SB07G019065	SB06G016680	50.0000	95.1	387.9	0.0143	1.1421	79.9491	-1288.149022
SB06G002060	SB06G016680	50.0000	83.3	270.7	0.0193	1.2854	66.6231	-937.222668
SB05G015090	SB06G016680	17.9392	101.4	378.6	0.0379	0.9389	24.8030	-1247.596556
SB01G021392	SB02G019430	0.4344	391.1	1141.9	0.6952	0.1302	0.1873	-2862.996777
SB05G007430	SB02G019430	50.0000	293.3	948.7	0.0209	1.3804	66.1152	-3319.029460
SB07G017170	SB02G019430	50.0000	326.5	1185.5	0.0126	0.9286	73.8176	-3943.956712
SB07G013562	SB02G019430	1.2751	94.6	322.4	0.7320	0.3924	0.5361	-965.474091
SB06G001770	SB02G019430	2.2654	293.7	891.3	0.3517	0.5183	1.4738	-2907.457655
SB05G016690	SB02G019430	50.0000	197.6	606.4	0.0174	1.1197	64.3720	-2121.062809
SB05G016220	SB02G019430	2.4796	398.9	1239.1	0.4345	0.6276	1.4444	-4115.009650
SB05G007410	SB02G019510	50.0000	152.1	549.9	0.0199	1.4291	71.7773	-1812.542099
SB07G017390	SB02G019510	50.0000	207.4	716.6	0.0198	1.3792	69.4896	-2390.464390
SB07G011260	SB02G019830	9.7870	272.0	961.0	0.1316	1.3283	10.0949	-3237.665914
SB06G002016	SB02G019830	21.9211	145.6	463.4	0.0443	1.1871	26.7819	-1601.115587
SB05G015330	SB02G019830	5.2698	200.2	537.8	0.2619	0.9956	3.8012	-1891.857261
SB07G019065	SB02G020420	11.7343	183.1	626.9	0.0727	1.0073	13.8576	-2141.445745
SB06G002060	SB02G020420	5.4940	83.0	268.0	0.1330	0.7205	5.4175	-895.883859
SB05G015090	SB02G020420	50.0000	520.6	1687.4	0.0228	1.5005	65.8302	-5929.684562
SB01G021392	SB09G017510	0.6483	243.0	771.0	0.4681	0.1699	0.3628	-2024.180317
SB05G007430	SB09G017510	50.0000	384.0	738.0	0.9844	16.5765	16.8400	-3010.197668
SB07G017170	SB09G017510	4.1214	220.8	787.2	0.2512	0.8311	3.3087	-2589.883900
SB07G013562	SB09G017510	0.3391	103.6	313.4	0.9393	0.1112	0.1184	-746.468519
SB06G001770	SB09G017510	2.1593	246.1	806.9	0.2883	0.4564	1.5832	-2541.699765
SB05G016690	SB09G017510	7.3963	178.7	586.3	0.2111	1.3162	6.2353	-2016.743643
SB02G019430	SB09G017510	0.2613	288.7	791.3	0.6999	0.0781	0.1117	-1839.933429
SB09G024140	SB09G017130	45.5354	398.1	1470.9	0.0143	0.9653	67.6998	-4888.760176
SB07G017180	SB09G017226	44.8083	150.3	479.7	0.0216	1.2660	58.5470	-1661.595893
SB07G012161	SB09G017226	50.0000	145.9	481.1	0.0246	1.6279	66.2367	-1674.841892
SB06G001840	SB09G017226	3.3958	161.8	507.2	0.1049	0.3695	3.5224	-1587.879946
SB05G007410	SB09G017260	13.6628	134.6	567.4	0.0337	0.6999	20.7982	-1737.159739
SB02G019510	SB09G017260	8.6307	199.9	730.1	0.0496	0.5620	11.3323	-2267.574437
SB02G019981	SB09G016555	0.1031	793.1	1993.9	1.4950	0.0379	0.0254	-4253.214597
SB01G021615	SB09G017130	33.9127	96.9	296.1	0.0106	0.4723	44.4205	-946.849169
SB05G007305	SB09G017130	9.8773	433.8	1516.2	0.0706	0.8378	11.8723	-5113.124943
SB07G017590	SB09G017130	5.4648	549.1	1763.9	0.4473	1.4085	3.1485	-6192.307679
SB07G010240	SB09G017130	50.0000	372.7	1529.3	0.0107	0.8750	81.4559	-4904.916534
SB07G009790	SB09G016560	50.0000	174.5	569.5	0.0250	1.6392	65.6947	-1989.023436
SB07G019080	SB09G016555	0.0770	260.2	579.8	1.8581	0.0300	0.0161	-1240.555906
SB07G009741	SB09G016555	2.1175	214.1	700.9	0.4464	0.5470	1.2256	-2230.853853
SB05G014070	SB09G016555	0.2186	593.8	1857.2	1.0063	0.0730	0.0725	-4100.215178
SB07G009661	SB09G016825	4.8885	146.9	429.1	0.2083	0.8274	3.9726	-1456.455989
SB02G020485	SB09G016391	2.1863	125.5	393.5	0.3459	0.5001	1.4460	-1249.736353
SB01G021392	SB05G021650	0.1836	229.0	632.0	1.1695	0.0637	0.0544	-1398.793329
SB05G007430	SB05G021650	10.4689	244.0	719.0	0.1795	1.6170	9.0078	-2583.794026
SB07G017170	SB05G021650	50.0000	170.8	654.2	0.0107	0.8297	77.3315	-2127.167683
SB07G013562	SB05G021650	0.3063	99.4	326.6	0.8758	0.0988	0.1129	-749.699339
SB06G001770	SB05G021650	1.7984	173.3	588.7	0.3626	0.4282	1.1811	-1813.860144
SB05G016690	SB05G021650	8.0106	183.6	611.4	0.1811	1.3062	7.2123	-2112.965358
SB02G019430	SB05G021650	0.2030	242.1	666.9	1.0458	0.0685	0.0655	-1498.688547
SB09G017510	SB05G021650	0.1469	239.5	597.5	0.8539	0.0467	0.0547	-1315.884218
SB02G019470	SB05G021850	14.9115	324.3	941.7	0.0496	0.8417	16.9595	-3324.615261
SB09G024140	SB05G021790	12.8346	240.9	1169.1	0.0369	0.7831	21.2366	-3423.309480
SB07G017180	SB05G021940	5.5550	222.3	824.7	0.4892	1.5157	3.0980	-2776.731283
SB07G012161	SB05G021940	50.0000	182.8	621.2	0.0205	1.4048	68.5166	-2142.224227
SB06G001840	SB05G021940	50.0000	305.6	1026.4	0.0167	1.1472	68.7846	-3548.252662
SB09G024160	SB05G021936	50.0000	155.0	394.0	0.0491	2.5748	52.4873	-1493.968520
SB01G021397	SB05G021936	4.6034	118.1	418.9	0.7141	1.4102	1.9750	-1438.791380
SB05G007323	SB05G021936	6.1395	125.5	426.5	0.1977	1.0643	5.3833	-1462.706638
SB06G001955	SB05G021936	50.0000	133.7	391.3	0.0124	0.7801	63.1494	-1366.010504
SB07G011260	SB05G022022	16.8223	370.5	1252.5	0.0798	1.5440	19.3457	-4310.064872
SB06G002016	SB05G022022	11.2918	156.3	428.7	0.0871	0.9908	11.3713	-1521.956156
SB05G015330	SB05G022022	2.0561	153.7	467.3	0.2506	0.3938	1.5716	-1453.617820
SB02G019830	SB05G022022	0.9742	278.0	844.0	0.4106	0.2395	0.5834	-2408.025877
SB01G021550	SB05G021933	3.5488	89.5	435.5	0.3481	0.8968	2.5764	-1340.469629
SB07G017556	SB05G021933	0.3724	169.3	655.7	0.8218	0.1188	0.1446	-1476.224174
SB07G010516	SB05G021933	50.0000	184.2	709.8	0.0191	1.4380	75.3431	-2355.059152
SB07G019065	SB05G022190	50.0000	185.5	585.5	0.0217	1.4049	64.8533	-2060.908794
SB06G002060	SB05G022190	5.6933	77.5	273.5	0.1759	0.9327	5.3015	-917.221681
SB05G015090	SB05G022190	17.3505	252.1	836.9	0.0552	1.1660	21.1127	-2880.756154
SB02G020420	SB05G022190	7.5768	268.6	808.4	0.1509	1.0511	6.9637	-2827.021665
SB09G017226	SB05G022190	4.6072	130.5	385.5	0.1850	0.7263	3.9268	-1316.561993
SB01G021392	SB09G007435	2.6015	267.2	776.8	0.3557	0.5925	1.6658	-2611.260237
SB05G007430	SB09G007435	50.0000	221.0	655.0	0.0108	0.6937	64.0057	-2233.280180
SB07G017170	SB09G007435	50.0000	268.2	784.8	0.0140	0.8795	62.8742	-2724.598403
SB07G013562	SB09G007435	8.2001	100.1	298.9	0.1724	1.2404	7.1943	-1062.782873
SB06G001770	SB09G007435	2.3964	217.6	535.4	0.4839	0.6106	1.2619	-1848.528725
SB05G016690	SB09G007435	50.0000	177.6	614.4	0.0264	1.7967	68.1171	-2116.709330
SB02G019430	SB09G007435	0.9998	244.9	652.1	0.3802	0.2306	0.6066	-1910.385197
SB09G017510	SB09G007435	1.3051	187.1	472.9	0.4805	0.3330	0.6930	-1472.958638
SB05G021650	SB09G007435	50.0000	240.1	692.9	0.0337	1.9894	59.0226	-2507.454929
SB05G007420	SB09G007430	2.5145	112.3	445.7	0.3219	0.5887	1.8290	-1351.743637
SB05G016220	SB09G007970	1.8952	329.2	1065.8	0.3770	0.4545	1.2056	-3368.311744
SB07G017180	SB09G007990	8.3065	209.6	837.4	0.4011	2.1317	5.3148	-2784.229081
SB07G012161	SB09G007990	22.8035	213.3	608.7	0.0511	1.3058	25.5634	-2169.217454
SB06G001840	SB09G007990	50.0000	260.8	822.2	0.0123	0.8220	66.6097	-2811.526008
SB07G011260	SB09G008205	15.7494	424.5	1273.5	0.0973	1.5817	16.2539	-4510.870785
SB06G002016	SB09G008205	5.7677	154.5	433.5	0.3094	1.2118	3.9171	-1549.749529
SB05G015330	SB09G008205	0.0848	158.6	462.4	0.6844	0.0253	0.0369	-924.376826
SB02G019830	SB09G008205	4.7223	317.3	930.7	0.3762	1.1073	2.9432	-3265.301344
SB05G022022	SB09G008205	3.1649	400.1	1207.9	0.3091	0.6780	2.1932	-4068.949528
SB07G010583	SB09G008860	0.0709	226.5	772.5	1.2833	0.0249	0.0194	-1465.554461
SB01G021550	SB09G008225	50.0000	89.5	432.5	0.0236	2.0598	87.2314	-1386.665502
SB07G017556	SB09G008225	48.2788	119.9	420.1	0.0205	1.3828	67.6157	-1423.402490
SB07G010516	SB09G008225	1.6754	128.6	435.4	0.2814	0.3529	1.2543	-1314.651668
SB01G021615	SB09G009320	50.0000	66.8	320.2	0.0072	0.6699	93.3541	-960.851907
SB05G007305	SB09G009320	20.9538	473.9	1563.1	0.0419	1.1054	26.3748	-5412.596542
SB07G017590	SB09G009320	50.0000	560.4	1797.6	0.0172	1.1447	66.4541	-6237.412782
SB07G010240	SB09G009320	50.0000	357.2	1565.8	0.0094	0.8078	86.1901	-4856.000220
SB09G017130	SB09G009320	50.0000	527.7	1767.3	0.0163	1.1191	68.7425	-6099.508775
SB07G009790	SB09G009590	50.0000	139.6	481.4	0.0231	1.5878	68.6801	-1644.842044
SB01G021392	SB05G005546	2.2402	344.1	981.9	0.4193	0.5493	1.3100	-3275.634202
SB05G007430	SB05G005546	0.5655	321.9	824.1	0.8285	0.1782	0.2150	-2239.438044
SB07G017170	SB05G005546	3.7834	411.5	1379.5	0.3358	0.8671	2.5822	-4612.306572
SB07G013562	SB05G005546	24.4624	102.3	311.7	0.0364	1.0807	29.6937	-1100.759322
SB06G001770	SB05G005546	38.1103	283.5	883.5	0.0248	1.2037	48.5448	-3079.276348
SB05G016690	SB05G005546	0.7712	180.3	626.7	0.6831	0.2329	0.3410	-1671.547033
SB02G019430	SB05G005546	50.0000	438.7	1286.3	0.0290	1.7499	60.3984	-4633.284948
SB05G007420	SB05G005542	0.1979	148.2	433.8	0.4272	0.0492	0.1151	-917.329113
SB02G019470	SB05G005490	35.8597	741.9	2177.1	0.0186	0.8294	44.5954	-7644.183964
SB05G016220	SB05G005546	0.7169	275.6	768.4	0.7338	0.2181	0.2972	-2149.399679
SB07G011260	SB05G005280	2.9962	355.7	1102.3	0.2177	0.5322	2.4448	-3600.363673
SB06G002016	SB05G005280	0.1502	188.6	423.4	0.9173	0.0487	0.0531	-959.334165
SB05G015330	SB05G005280	50.0000	193.3	529.7	0.0197	1.1641	59.1385	-1899.201248
SB02G019830	SB05G005280	12.3614	326.7	912.3	0.1681	1.7875	10.6365	-3309.407528
SB01G021615	SB05G005345	9.1336	82.6	298.4	0.0762	0.8395	11.0103	-974.453983
SB05G007305	SB05G005345	50.0000	229.5	757.5	0.0190	1.2788	67.4533	-2635.713588
SB07G017590	SB05G005345	50.0000	221.7	666.3	0.0134	0.8590	64.1739	-2307.875643
SB07G010240	SB05G005345	50.0000	189.5	668.5	0.0113	0.8217	72.5582	-2196.994516
SB07G019065	SB05G005140	0.9853	131.4	366.6	0.1363	0.1229	0.9018	-993.334066
SB06G002060	SB05G005140	50.0000	88.5	247.5	0.0252	1.4893	59.1112	-896.534094
SB05G015090	SB05G005140	0.9458	166.9	448.1	0.1600	0.1300	0.8126	-1221.004539
SB02G020420	SB05G005140	50.0000	117.9	383.1	0.0092	0.6345	68.7651	-1276.961339
SB02G020485	SB05G005280	50.0000	112.9	394.1	0.0176	1.2411	70.5115	-1341.835892
SB06G001860	SB10G010793	50.0000	129.0	468.0	0.0095	0.7068	74.5682	-1491.331599
SB07G011260	SB10G010935	22.4298	490.8	1453.2	0.0673	1.6610	24.6961	-5175.960013
SB06G002016	SB10G010935	6.3768	148.2	454.8	0.3129	1.3806	4.4125	-1583.848674
SB05G015330	SB10G010935	0.1050	171.9	449.1	0.8346	0.0332	0.0397	-941.502843
SB02G019830	SB10G010935	2.1429	299.0	934.0	0.4457	0.5488	1.2313	-3002.486225
SB01G021615	SB10G011000	11.5274	86.3	312.7	0.0539	0.8012	14.8608	-993.628039
SB05G007305	SB10G011000	50.0000	381.9	1301.1	0.0125	0.8789	70.4582	-4388.402132
SB07G017590	SB10G011000	11.2334	386.9	1449.1	0.0626	0.9015	14.3916	-4730.617687
SB07G010240	SB10G011000	8.4551	309.6	1553.4	0.0800	0.9679	12.1015	-4654.803824
SB05G005345	SB10G011000	50.0000	236.6	684.4	0.0145	0.9029	62.2775	-2409.706715
SB05G005280	SB10G010935	50.0000	376.1	1198.9	0.0247	1.5992	64.6947	-4222.027318
SB02G020485	SB10G011230	2.2937	125.1	396.9	0.2601	0.4546	1.7477	-1237.671792
SB02G019470	SB03G014350	50.0000	268.2	1009.8	0.0108	0.8215	76.3374	-3231.923029
SB05G005490	SB03G014350	50.0000	319.2	985.8	0.0161	1.0438	64.9193	-3455.986657
SB05G016220	SB03G014415	50.0000	229.1	712.9	0.0241	1.5390	63.7296	-2523.782943
SB06G001860	SB03G014455	4.4414	126.9	476.1	0.1667	0.7215	4.3277	-1503.354241
SB05G005280	SB03G015870	5.2626	244.7	763.3	0.7370	1.6144	2.1904	-2685.031187
SB07G019065	SB03G016084	50.0000	111.7	341.3	0.0196	1.2507	63.7513	-1211.378879
SB06G002060	SB03G016084	1.2100	94.2	274.8	0.0836	0.1062	1.2703	-733.142294
SB05G015090	SB03G016084	4.9062	134.4	357.6	0.0385	0.2088	5.4299	-1083.024665
SB02G020420	SB03G016084	50.0000	125.5	354.5	0.0155	0.9441	61.0569	-1257.357029
SB05G005140	SB03G016084	7.4759	116.9	354.1	0.3402	1.6820	4.9442	-1262.503266
SB07G017180	SB05G023120	50.0000	203.8	759.2	0.0221	1.6053	72.7729	-2558.699662
SB07G012161	SB05G023120	14.1240	189.1	650.9	0.1052	1.6151	15.3539	-2240.071504
SB06G001840	SB05G023120	50.0000	218.5	753.5	0.0151	1.0626	70.4695	-2566.839774
SB09G024160	SB05G023233	50.0000	135.4	410.6	0.0129	0.8335	64.6656	-1440.837914
SB01G021397	SB05G023233	8.0334	148.5	451.5	0.1599	1.1643	7.2803	-1593.600424
SB06G001955	SB05G023233	0.3515	211.2	529.8	0.1773	0.0504	0.2846	-1256.277794
SB05G005280	SB05G023470	0.2367	139.6	367.4	0.4784	0.0607	0.1268	-842.067747
SB01G021392	SB02G011400	2.9649	363.0	1161.0	0.3095	0.6454	2.0851	-3860.229101
SB05G007430	SB02G011400	0.9905	273.6	710.4	0.7079	0.2962	0.4184	-2146.718603
SB07G017170	SB02G011400	50.0000	360.0	1143.0	0.0133	0.8866	66.7658	-3908.292157
SB07G013562	SB02G011400	1.7043	80.0	304.0	0.3160	0.3915	1.2392	-899.876126
SB06G001770	SB02G011400	0.2785	309.8	794.2	0.9334	0.0910	0.0975	-1909.143699
SB05G016690	SB02G011400	5.8262	193.9	601.1	0.3106	1.2599	4.0571	-2107.216538
SB02G019430	SB02G011400	2.0261	360.9	1088.1	0.3101	0.4346	1.4014	-3477.259095
SB05G007420	SB02G011411	0.2202	143.5	408.5	0.9271	0.0719	0.0776	-888.394673
SB01G021615	SB02G012380	50.0000	84.6	296.4	0.0120	0.8642	71.9909	-979.535642
SB05G007305	SB02G012380	23.5700	480.2	1517.8	0.0414	1.1976	28.9031	-5357.760401
SB07G017590	SB02G012380	50.0000	541.1	1753.9	0.0191	1.2706	66.5706	-6146.178258
SB07G010240	SB02G012380	50.0000	400.6	1516.4	0.0141	1.0679	75.7206	-5012.858193
SB07G019065	SB02G012430	9.5225	161.5	621.5	0.1342	1.3621	10.1465	-2082.103523
SB06G002060	SB02G012430	50.0000	72.2	278.8	0.0152	1.1654	76.5086	-918.349690
SB05G015090	SB02G012430	50.0000	194.2	699.8	0.0155	1.1235	72.6667	-2346.224056
SB02G020420	SB02G012430	50.0000	198.8	686.2	0.0148	1.0442	70.6043	-2324.688960
SB07G009790	SB02G012460	1.0826	205.6	649.4	0.3410	0.2464	0.7225	-1875.720687
SB07G019080	SB02G012450	1.3241	186.0	570.0	0.7585	0.4093	0.5396	-1740.425757
SB07G009741	SB02G012450	2.6356	216.6	707.4	0.5037	0.7137	1.4170	-2324.070807
SB05G014070	SB02G012450	0.2130	642.2	2009.8	0.7910	0.0667	0.0844	-4416.495469
SB02G020485	SB02G012505	50.0000	97.5	364.5	0.0136	1.0183	75.1500	-1190.700603
SB01G021392	SB06G001033	0.1117	504.9	1400.1	0.6167	0.0320	0.0518	-2935.977006
SB05G007430	SB06G001033	1.9524	332.1	936.9	0.3180	0.4168	1.3107	-3023.095154
SB07G017170	SB06G001033	3.3390	465.8	1568.2	0.1921	0.5670	2.9513	-5045.942225
SB07G013562	SB06G001033	0.2355	90.7	332.3	0.4541	0.0624	0.1374	-714.929717
SB07G017180	SB06G001180	6.5393	196.5	862.5	0.1871	1.2067	6.4503	-2771.578053
SB07G012161	SB06G001180	11.9723	190.1	625.9	0.0805	1.0900	13.5446	-2144.450936
SB03G037430	SB06G001512	21.0674	103.5	325.5	0.0433	1.1085	25.6101	-1130.937956
SB01G021612	SB06G001512	50.0000	155.0	523.0	0.0198	1.3512	68.3606	-1789.873789
SB07G019065	SB06G001660	0.9504	215.1	612.9	0.1131	0.1043	0.9222	-1627.803034
SB07G019120	SB06G001760	50.0000	131.4	420.6	0.0269	1.7334	64.4466	-1458.929763
SB07G009490	SB06G001840	50.0000	112.4	328.6	0.0178	1.1036	62.1674	-1154.461703
SB01G021615	SB07G005820	50.0000	75.6	305.4	0.0083	0.6761	81.2751	-930.430871
SB05G007305	SB07G005820	50.0000	470.5	1533.5	0.0132	0.8961	68.0635	-5282.328181
SB07G017590	SB07G005820	50.0000	560.5	1704.5	0.0139	0.9002	64.6087	-5976.554022
SB07G010240	SB07G005820	50.0000	402.7	1496.3	0.0111	0.8355	75.4818	-4887.258863
SB07G009790	SB07G005795	0.0966	200.3	576.7	0.4570	0.0247	0.0539	-1181.088477
SB06G001770	SB07G005585	50.0000	119.1	408.9	0.0173	1.2037	69.7497	-1386.838557
SB07G009490	SB07G005490	5.8739	116.4	327.6	0.4765	1.5201	3.1899	-1174.377385
SB06G001840	SB07G005490	50.0000	161.3	513.7	0.0156	1.0351	66.4437	-1766.750323
SB07G011260	SB01G025070	14.7730	247.5	886.5	0.0748	1.3311	17.7971	-2993.346070
SB06G001503	SB01G025335	50.0000	150.5	479.5	0.0214	1.3980	65.2968	-1689.090390
SB01G021550	SB01G025830	0.5843	123.9	419.1	0.4934	0.1578	0.3198	-1062.614483
SB07G017556	SB01G025830	0.2237	241.6	763.4	0.4772	0.0590	0.1237	-1638.740131
SB07G010516	SB01G025830	50.0000	230.4	729.6	0.0198	1.2912	65.3528	-2543.002116
SB01G021750	SB01G025940	50.0000	253.6	721.4	0.0278	1.6534	59.3763	-2597.639070
SB06G001770	SB01G026200	2.3027	257.7	750.3	0.3456	0.5172	1.4965	-2451.857226
SB07G005585	SB01G026200	9.7164	130.0	419.0	0.1865	1.5934	8.5417	-1461.375346
SB07G009490	SB01G026320	1.6145	117.7	347.3	0.1005	0.1649	1.6403	-980.741707
SB06G001840	SB01G026320	50.0000	534.4	1760.6	0.0218	1.4545	66.7867	-6164.580921
SB07G005490	SB01G026320	2.2237	164.8	519.2	0.0997	0.2335	2.3407	-1513.901039
SB07G011260	SB05G018840	5.1465	114.0	336.0	0.1723	0.7738	4.4914	-1141.283315
SB01G025070	SB05G018840	4.9508	91.8	337.2	0.1886	0.8593	4.5565	-1102.931995
SB01G025335	SB05G018905	50.0000	169.1	469.9	0.0213	1.2661	59.4572	-1719.892314
SB01G025885	SB05G019145	0.7794	125.2	378.8	0.4872	0.2060	0.4227	-1049.756714
SB07G009790	SB05G019150	1.7091	183.8	662.2	0.3908	0.4255	1.0890	-2016.871276
SB01G025900	SB05G019477	50.0000	148.3	535.7	0.0257	1.8066	70.3275	-1772.165767
SB01G025950	SB05G019490	50.0000	658.0	2357.0	0.0107	0.7855	73.5521	-7791.338050
SB06G001770	SB05G019660	50.0000	278.8	897.2	0.0236	1.5413	65.3514	-3120.778255
SB07G005585	SB05G019660	7.4449	124.0	434.0	0.0866	0.7422	8.5710	-1419.386892
SB01G026200	SB05G019660	3.0766	291.4	857.6	0.2974	0.6413	2.1565	-2876.942361
SB05G018970	SB05G004115	9.2029	428.8	1365.2	0.1104	1.0482	9.4968	-4771.200355
SB01G021550	SB05G004225	6.8914	98.4	315.6	0.4077	1.7077	4.1883	-1096.619126
SB07G017556	SB05G004225	0.9239	82.9	334.1	0.4367	0.2451	0.5612	-886.862044
SB07G010516	SB05G004225	1.6692	72.5	245.5	0.1826	0.2753	1.5080	-690.954940
SB01G025830	SB05G004225	0.9701	87.3	335.7	0.4357	0.2552	0.5857	-902.103903
SB01G021615	SB05G004210	50.0000	66.6	305.4	0.0086	0.7725	89.5488	-904.933276
SB05G007305	SB05G004210	50.0000	192.9	614.1	0.0129	0.8621	66.9686	-2092.164826
SB07G017590	SB05G004210	50.0000	201.9	650.1	0.0090	0.6128	68.3529	-2115.114537
SB07G010240	SB05G004210	6.1827	129.6	752.4	0.0713	0.7071	9.9202	-2071.290397
SB07G005820	SB05G004210	50.0000	208.1	676.9	0.0113	0.7731	68.3645	-2266.060955
SB05G019173	SB05G004225	50.0000	107.9	306.1	0.0226	1.3578	60.0740	-1086.698210
SB01G025950	SB05G004560	11.4526	719.7	2103.3	0.0732	0.9031	12.3342	-7470.933455
SB05G019490	SB05G004560	18.2337	696.1	2138.9	0.0235	0.5428	23.0857	-7124.264755
SB07G011260	SB03G023450	4.1034	304.2	979.8	0.1700	0.6341	3.7303	-3234.259049
SB01G025070	SB03G023450	50.0000	247.9	865.1	0.0249	1.7173	68.8320	-2988.291752
SB05G018840	SB03G023450	50.0000	113.4	336.6	0.0172	1.0843	62.9186	-1186.145705
SB01G021550	SB03G023010	5.3153	108.7	419.3	0.2436	1.0809	4.4377	-1377.794645
SB07G017556	SB03G023010	50.0000	242.1	804.9	0.0152	1.0424	68.6077	-2705.654742
SB07G010516	SB03G023010	50.0000	204.9	953.1	0.0185	1.6037	86.7260	-3066.157990
SB01G025830	SB03G023010	50.0000	219.1	758.9	0.0146	1.0340	70.8274	-2524.852183
SB07G009790	SB03G022790	2.8742	166.0	572.0	0.5229	0.7949	1.5202	-1893.703724
SB07G019080	SB03G022731	50.0000	152.3	480.7	0.0238	1.5364	64.4317	-1695.306860
SB07G009741	SB03G022731	50.0000	182.6	471.4	0.0306	1.6925	55.3336	-1738.752929
SB07G005740	SB03G022372	10.2923	214.4	727.6	0.0758	0.9090	11.9871	-2414.832109
SB01G025950	SB03G021850	30.4529	500.1	1536.9	0.0203	0.7891	38.9225	-5291.923056
SB05G019490	SB03G021850	4.7642	407.5	1614.5	0.1707	0.8025	4.7007	-5106.691503
SB06G001770	SB03G020271	50.0000	405.4	743.6	0.7341	14.7784	20.1301	-3078.857175
SB07G005585	SB03G020271	19.9121	117.8	413.2	0.0363	0.9638	26.5333	-1387.036035
SB01G026200	SB03G020271	1.8173	252.2	653.8	0.3293	0.3866	1.1741	-2112.740766
SB05G019660	SB03G020271	4.1567	302.3	918.7	0.2390	0.7748	3.2418	-3129.034857
SB07G017180	SB09G005646	50.0000	88.2	307.8	0.0143	1.0168	71.2431	-1023.455194
SB07G012161	SB09G005646	4.6141	87.9	320.1	0.6226	1.3604	2.1849	-1075.332872
SB06G001180	SB09G005646	33.7571	103.7	322.3	0.0127	0.5629	44.4880	-1046.914799
SB06G001310	SB09G005520	50.0000	186.9	1019.1	0.0085	0.8688	102.7867	-2795.793285
SB01G021550	SB09G005190	4.7023	102.6	419.4	0.2098	0.9006	4.2932	-1351.564804
SB07G017556	SB09G005190	50.0000	231.0	801.0	0.0119	0.8500	71.5140	-2647.654083
SB07G010516	SB09G005190	3.0462	283.7	946.3	0.3368	0.6983	2.0733	-3095.729390
SB01G021615	SB09G005195	6.6700	92.1	294.9	0.0844	0.6205	7.3539	-973.457633
SB05G007305	SB09G005195	50.0000	345.2	1058.8	0.0234	1.4811	63.2401	-3773.952269
SB07G017590	SB09G005195	50.0000	333.9	971.1	0.0120	0.7526	62.9461	-3378.849416
SB07G010240	SB09G005195	46.2738	302.4	1053.6	0.0127	0.8407	66.2324	-3504.604998
SB01G021392	SB05G015330	50.0000	168.8	524.2	0.0216	1.3875	64.1039	-1832.898245
SB05G007430	SB05G015330	16.0445	193.2	487.8	0.0990	1.4931	15.0804	-1800.418015
SB07G017170	SB05G015330	50.0000	176.8	558.2	0.0219	1.4211	64.8133	-1922.431286
SB07G013562	SB05G015330	7.3437	80.1	303.9	0.2844	1.6051	5.6440	-1008.731492
SB05G007420	SB05G015320	0.2273	142.9	439.1	0.4511	0.0583	0.1293	-938.085178
SB07G017180	SB05G015090	50.0000	214.5	859.5	0.0142	1.1214	78.9644	-2821.686592
SB07G012161	SB05G015090	50.0000	201.9	605.1	0.0090	0.5812	64.8871	-2029.406804
SB01G021550	SB05G012940	6.1202	94.6	430.4	0.2682	1.3674	5.0987	-1393.987123
SB07G017556	SB05G012940	10.7736	209.6	810.4	0.1443	1.6187	11.2198	-2713.549638
SB07G010516	SB05G012940	10.6989	284.6	900.4	0.0504	0.6449	12.8076	-3008.601704
SB01G021615	SB05G012530	11.0163	88.9	289.1	0.0532	0.7077	13.3065	-950.607731
SB05G007305	SB05G012530	50.0000	502.8	1504.2	0.0167	1.0558	63.3710	-5340.047793
SB07G017590	SB05G012530	50.0000	587.7	1740.3	0.0143	0.9068	63.3362	-6115.890920
SB07G010240	SB05G012530	11.9689	398.3	1539.7	0.0546	0.8758	16.0258	-4950.512441
SB07G019100	SB05G012320	0.6428	195.3	611.7	0.5891	0.1833	0.3112	-1590.029739
SB07G019120	SB05G011000	16.7893	120.9	431.1	0.0676	1.3920	20.5882	-1448.364199
SB07G009490	SB05G011880	50.0000	114.6	344.4	0.0052	0.3442	65.6939	-1084.069205
SB09G024140	SB09G005195	6.3365	326.6	1116.4	0.1433	0.8978	6.2634	-3773.735590
SB01G021550	SB09G005527	5.2151	97.0	392.0	0.3863	1.3219	3.4220	-1297.041737
SB07G017556	SB09G005527	50.0000	124.1	484.9	0.0157	1.2099	77.0650	-1607.349661
SB07G010516	SB09G005527	50.0000	147.9	458.1	0.0140	0.9158	65.4592	-1586.727015
SB07G019065	SB09G005646	50.0000	105.9	311.1	0.0241	1.4770	61.3025	-1110.794700
SB01G021815	SB09G005843	35.7504	144.1	338.9	0.0172	0.6613	38.3927	-1221.557206
SB07G009445	SB09G005843	50.0000	150.8	506.2	0.0104	0.7331	70.1738	-1691.833912
SB01G021392	SB10G018070	1.8232	425.7	1383.3	0.4177	0.4576	1.0956	-4350.469760
SB05G007430	SB10G018070	1.1320	313.4	937.6	0.7838	0.3529	0.4503	-2829.172335
SB07G017170	SB10G018070	3.2029	432.6	1490.4	0.3407	0.7438	2.1834	-4891.146499
SB07G013562	SB10G018070	1.7561	90.9	338.1	0.3803	0.4351	1.1443	-1025.602324
SB05G007420	SB10G018060	1.2147	119.0	448.0	0.5391	0.3433	0.6368	-1255.972994
SB07G011260	SB10G015470	2.2886	111.9	389.1	0.3252	0.5212	1.6029	-1231.936179
SB07G019080	SB10G014180	50.0000	208.7	610.3	0.0341	2.0277	59.4708	-2201.109720
SB07G009741	SB10G014180	0.4757	168.7	572.3	0.5584	0.1344	0.2406	-1403.289442
SB01G021392	SB02G009335	1.8332	432.8	1424.2	0.3550	0.4293	1.2092	-4442.229407
SB05G007430	SB02G009335	0.3826	361.3	937.7	0.7955	0.1190	0.1496	-2362.632830
SB07G017170	SB02G009335	3.2391	453.5	1565.5	0.2448	0.6378	2.6051	-5068.897789
SB07G013562	SB02G009335	1.8410	83.6	318.4	0.3181	0.4245	1.3345	-965.552585
SB10G018070	SB02G009335	0.1886	579.5	1733.5	0.4803	0.0495	0.1030	-3777.657116
SB05G007420	SB02G009330	0.3723	112.9	427.1	0.4360	0.0977	0.2240	-948.966492
SB09G024140	SB02G009160	50.0000	397.1	1321.9	0.0151	1.0377	68.6890	-4535.925560
SB10G016110	SB02G008780	1.1199	156.1	479.9	0.6954	0.3371	0.4847	-1420.259335
SB07G019080	SB02G008191	0.1543	224.9	615.1	0.7328	0.0469	0.0639	-1332.039780
SB07G009741	SB02G008191	1.3626	216.6	719.4	0.5225	0.3749	0.7175	-2147.361152
SB10G014180	SB02G008191	1.3487	230.0	679.0	0.5748	0.3787	0.6588	-2065.660485
SB07G017180	SB06G013700	2.8848	193.7	808.3	0.2896	0.6523	2.2526	-2477.861693
SB07G012161	SB06G013700	50.0000	186.6	626.4	0.0203	1.3804	67.9684	-2169.105141
SB10G016710	SB06G013700	50.0000	109.1	376.9	0.0154	1.0856	70.5002	-1284.939954
SB05G007350	SB06G013670	1.8477	642.2	2129.8	0.2814	0.3870	1.3750	-6251.412295
SB01G021550	SB06G012505	2.1793	94.7	421.3	0.3048	0.5121	1.6799	-1263.600908
SB07G017556	SB06G012505	0.9708	185.8	723.2	0.4637	0.2617	0.5644	-1942.594740
SB07G010516	SB06G012505	50.0000	280.2	1090.8	0.0139	1.0746	77.3564	-3588.684996
SB07G009790	SB06G011815	0.8639	191.9	666.1	0.5628	0.2453	0.4359	-1836.196105
SB07G019080	SB06G011795	0.0993	203.8	513.2	2.5876	0.0401	0.0155	-1073.965779
SB07G009741	SB06G011795	1.6644	213.7	701.3	0.6123	0.4833	0.7894	-2166.622403
SB10G014180	SB06G011795	1.3881	185.7	540.3	0.6034	0.3961	0.6564	-1667.438886
SB07G017180	SB05G006165	50.0000	193.0	869.0	0.0115	1.0027	87.2074	-2754.591487
SB07G012161	SB05G006165	7.0126	184.7	601.3	0.1095	0.8033	7.3324	-2024.588001
SB10G016710	SB05G006165	50.0000	119.0	385.0	0.0090	0.6203	68.5698	-1283.793163
SB06G013700	SB05G006165	23.3184	292.8	1123.2	0.0229	0.7916	34.5515	-3651.204037
SB09G024160	SB05G005965	50.0000	122.2	417.8	0.0216	1.4809	68.6126	-1453.112199
SB01G021397	SB05G005965	50.0000	195.6	392.4	1.9401	19.8694	10.2412	-1579.106287
SB05G007323	SB05G005965	19.4203	173.7	507.3	0.0593	1.2830	21.6365	-1800.973333
SB07G011260	SB05G005860	0.1247	575.4	1674.6	0.8560	0.0399	0.0466	-3488.703652
SB10G015470	SB05G005860	2.2239	108.3	383.7	0.2921	0.4834	1.6547	-1196.556746
SB06G013010	SB05G005860	2.7912	268.6	847.4	0.3117	0.6075	1.9492	-2779.564077
SB07G017556	SB05G005790	10.6836	110.8	606.2	0.1056	1.5429	14.6069	-1879.646470
SB01G021550	SB05G005790	50.0000	101.3	441.7	0.0158	1.3243	83.5633	-1419.780848
SB07G010516	SB05G005790	50.0000	141.6	530.4	0.0050	0.3891	77.6138	-1589.912491
SB06G012505	SB05G005790	50.0000	153.9	542.1	0.0126	0.9120	72.1469	-1789.551127
SB07G009790	SB05G005586	0.0966	200.3	576.7	0.4570	0.0247	0.0539	-1181.088477
SB06G012295	SB03G024593	1.9628	549.5	1721.5	0.4006	0.4803	1.1991	-5466.304005
SB01G021615	SB03G024520	50.0000	76.6	304.4	0.0170	1.3199	77.6626	-988.194290
SB05G007305	SB03G024520	50.0000	150.9	479.1	0.0164	1.0844	66.1374	-1678.111408
SB07G017590	SB03G024520	50.0000	169.5	454.5	0.0196	1.1427	58.2963	-1657.708934
SB07G010240	SB03G024520	50.0000	138.5	491.5	0.0132	0.9551	72.4185	-1610.426972
SB07G019065	SB03G024510	11.5036	191.9	576.1	0.1516	1.5990	10.5447	-2067.066864
SB07G019080	SB03G024311	50.0000	196.2	604.8	0.0292	1.8209	62.4188	-2159.140381
SB07G009741	SB03G024311	9.6227	206.0	604.0	0.2214	1.6930	7.6478	-2175.060219
SB10G014180	SB03G024311	5.7460	165.6	635.4	0.5651	1.6525	2.9240	-2160.761460
SB06G011795	SB03G024311	5.9865	205.1	619.9	0.2986	1.2599	4.2194	-2202.892115
SB10G016110	SB08G007320	0.0417	98.1	342.9	0.5410	0.0117	0.0216	-626.357537
SB07G017556	SB08G007260	3.9954	205.1	742.9	0.1734	0.6557	3.7814	-2349.968278
SB01G021550	SB08G007260	4.0473	108.8	434.2	0.1391	0.6021	4.3296	-1334.838911
SB07G010516	SB08G007260	5.2059	207.0	867.0	0.7337	1.6218	2.2105	-2840.831519
SB06G012505	SB08G007260	50.0000	222.2	812.8	0.0118	0.8801	74.4002	-2644.149368
SB01G021615	SB08G006890	50.0000	104.7	291.3	0.0068	0.4196	61.8898	-943.732602
SB05G007305	SB08G006890	50.0000	463.6	1498.4	0.0111	0.7577	68.0862	-5075.277099
SB07G017590	SB08G006890	50.0000	550.3	1630.7	0.0178	1.1188	62.7426	-5825.924956
SB07G010240	SB08G006890	38.3791	431.2	1482.8	0.0183	0.9760	53.4326	-5056.053896
SB07G019080	SB08G006750	50.0000	198.1	620.9	0.0277	1.7562	63.3920	-2206.558068
SB07G009741	SB08G006750	50.0000	242.6	669.4	0.0401	2.2645	56.4065	-2454.653589
SB10G014180	SB08G006750	50.0000	237.9	707.1	0.0357	2.1380	59.8436	-2555.875069
SB06G011795	SB08G006750	50.0000	240.6	716.4	0.0236	1.4617	61.9415	-2554.712075
SB01G021392	SB08G017797	1.5615	444.5	1442.5	0.3149	0.3441	1.0928	-4362.401918
SB05G007430	SB08G017797	0.3879	363.1	935.9	0.8610	0.1237	0.1437	-2367.442161
SB07G017170	SB08G017797	2.7836	459.1	1595.9	0.2502	0.5558	2.2211	-5077.577466
SB05G007420	SB08G017795	1.2169	114.0	420.0	0.5261	0.3402	0.6467	-1182.558983
SB07G017180	SB08G017746	40.1671	185.0	862.0	0.0174	1.2185	70.0926	-2753.202236
SB07G019080	SB08G017410	1.9935	212.5	597.5	0.5699	0.5547	0.9733	-1981.322812
SB07G019130	SB08G017290	50.0000	237.3	1262.7	0.0096	0.9626	100.2144	-3638.451108
SB01G021815	SB08G017205	50.0000	123.3	314.7	0.0206	1.1583	56.2621	-1168.032698
SB01G021392	SB09G007083	0.1090	320.3	861.7	0.5082	0.0288	0.0567	-1810.798570
SB05G007430	SB09G007083	2.1163	330.3	926.7	0.3026	0.4394	1.4518	-3017.401641
SB07G017170	SB09G007083	4.8731	457.0	1451.0	0.2407	0.9253	3.8438	-4970.205415
SB08G017797	SB09G007083	1.6120	497.1	1455.9	0.3056	0.3404	1.1139	-4505.388815
SB09G024140	SB09G007190	10.2702	426.0	1509.0	0.0359	0.4951	13.7977	-4760.758601
SB05G007410	SB09G006696	50.0000	123.0	522.0	0.0084	0.7077	84.3762	-1607.461564
SB07G017390	SB09G006696	11.0171	257.0	964.0	0.0801	1.0753	13.4163	-3144.001731
SB01G021615	SB09G006470	50.0000	98.9	288.1	0.0111	0.7005	63.1543	-987.880246
SB05G007305	SB09G006470	12.1631	275.3	762.7	0.0663	0.8562	12.9159	-2712.866218
SB07G017590	SB09G006470	50.0000	292.3	844.7	0.0118	0.7407	62.6973	-2941.142196
SB08G017410	SB09G006300	2.1428	585.7	1925.3	0.5704	0.6075	1.0651	-6209.167384
SB07G019080	SB09G006300	0.2177	195.9	572.1	0.6713	0.0645	0.0961	-1268.344166
SB08G017350	SB09G006250	0.7038	526.5	1519.5	0.3347	0.1552	0.4638	-4110.640451
SB09G024140	SB10G023375	50.0000	281.9	1470.1	0.0078	0.7784	99.5196	-4365.904367
SB09G007190	SB10G023375	50.0000	368.8	1395.2	0.0123	0.9373	76.1737	-4575.477195
SB07G017180	SB10G023260	50.0000	71.6	270.4	0.0160	1.2026	75.0575	-890.401826
SB08G017746	SB10G023260	4.4780	78.5	278.5	0.3188	1.0153	3.1851	-933.873766
SB09G006640	SB10G022905	6.9570	159.9	557.1	0.1727	1.1212	6.4925	-1810.162236
SB01G021550	SB10G022790	2.2591	104.1	423.9	0.4804	0.6207	1.2921	-1295.683045
SB07G017556	SB10G022790	0.3909	147.1	617.9	0.6551	0.1183	0.1806	-1381.782872
SB01G021615	SB10G022690	50.0000	93.3	305.7	0.0130	0.8900	68.3391	-1039.811779
SB07G017590	SB10G022690	50.0000	539.2	1707.8	0.0270	1.7297	63.9754	-6061.904480
SB09G006470	SB10G022690	50.0000	289.9	901.1	0.0135	0.8853	65.7224	-3124.133027
SB08G017410	SB10G022775	2.4564	540.0	1692.0	0.4949	0.6567	1.3268	-5614.552960
SB09G006300	SB10G022775	0.0832	562.1	1447.9	0.6248	0.0237	0.0380	-3006.310507
SB07G019080	SB10G022775	1.8701	183.4	602.6	0.5574	0.5259	0.9435	-1911.246175
SB01G021392	SB07G020460	1.0739	115.6	421.4	0.5216	0.2989	0.5731	-1170.297848
SB01G021392	SB07G020710	0.7236	337.0	1094.0	0.5174	0.1978	0.3822	-2938.102089
SB05G007430	SB07G020460	50.0000	154.3	493.7	0.0201	1.3207	65.7539	-1725.033533
SB07G017170	SB07G020460	2.5753	99.9	428.1	0.3200	0.6123	1.9133	-1300.697550
SB08G017797	SB07G020460	1.8689	138.8	512.2	0.3048	0.4191	1.3752	-1534.817369
SB09G007083	SB07G020460	50.0000	138.4	539.6	0.0199	1.5101	75.7545	-1806.226263
SB05G007430	SB07G020710	50.0000	276.2	977.8	0.0281	1.9365	68.8226	-3376.938905
SB07G017170	SB07G020710	50.0000	336.3	1058.7	0.0143	0.9464	66.1475	-3651.014686
SB08G017797	SB07G020710	1.8605	378.0	1149.0	0.2945	0.3893	1.3219	-3617.759110
SB09G007083	SB07G020710	0.0372	248.1	579.9	0.5977	0.0103	0.0173	-1158.689504
SB10G023260	SB07G020550	50.0000	79.4	268.6	0.0137	0.9555	69.8460	-911.127520
SB05G007420	SB07G020800	0.1907	145.2	436.8	0.5870	0.0541	0.0921	-917.263775
SB07G017180	SB07G020900	14.0054	221.3	831.7	0.0691	1.2186	17.6358	-2771.921190
SB08G017746	SB07G020900	50.0000	482.7	1686.3	0.0211	1.4698	69.7620	-5825.824380
SB10G022860	SB07G020850	13.9016	446.4	1395.6	0.0698	1.0958	15.6941	-4849.061159
SB01G021550	SB07G020890	0.6317	124.8	421.2	0.4800	0.1688	0.3516	-1078.727822
SB07G017556	SB07G020890	0.1608	228.6	776.4	0.6659	0.0481	0.0723	-1572.970522
SB10G022790	SB07G020890	1.0697	223.6	790.4	0.5983	0.3106	0.5191	-2226.816608
SB01G021392	SB04G014091	2.9053	384.9	1202.1	0.4726	0.7622	1.6127	-4065.389119
SB05G007430	SB04G014091	0.5507	356.8	936.2	0.8024	0.1719	0.2142	-2515.603443
SB07G017170	SB04G014091	4.0037	440.4	1467.6	0.3610	0.9475	2.6245	-4970.957370
SB08G017797	SB04G014091	0.1629	578.4	1527.6	0.6357	0.0469	0.0738	-3367.189608
SB09G007083	SB04G014091	2.0119	499.9	1435.1	0.3327	0.4417	1.3278	-4643.571329
SB07G020460	SB04G014091	47.1293	134.8	507.2	0.0133	0.9461	71.2341	-1673.615237
SB07G017180	SB04G012940	50.0000	93.3	335.7	0.0132	0.9644	73.1369	-1126.295343
SB10G023260	SB04G012940	48.1708	110.1	249.9	99.0000	23.0277	0.2326	-969.288447
SB08G017755	SB04G012180	50.0000	135.7	545.3	0.0219	1.6841	76.8675	-1816.983823
SB10G022860	SB04G011190	3.9290	436.8	1258.2	0.3116	0.8346	2.6783	-4413.265095
SB07G020850	SB04G011190	50.0000	393.2	1289.8	0.0208	1.3897	66.7774	-4451.338748
SB09G024140	SB04G023390	50.0000	203.2	837.8	0.0084	0.6917	82.5346	-2607.215266
SB09G007190	SB04G023390	50.0000	255.1	794.9	0.0113	0.7503	66.2720	-2709.669472
SB10G023375	SB04G023390	50.0000	166.8	829.2	0.0076	0.7301	95.8942	-2461.181737
SB01G021397	SB04G023082	6.2153	148.1	478.9	0.0806	0.5605	6.9574	-1586.252244
SB05G007410	SB04G023140	8.6745	150.8	560.2	0.1776	1.4585	8.2136	-1841.876359
SB09G006696	SB04G023140	26.4351	207.0	747.0	0.0434	1.5227	35.1146	-2501.023713
SB05G007323	SB04G023082	50.0000	375.1	1169.9	0.0197	1.2749	64.6710	-4151.891446
SB08G017453	SB04G022841	0.0285	296.1	912.9	0.1160	0.0033	0.0286	-1688.310748
SB01G021392	SB05G008170	1.7058	114.4	407.6	0.5007	0.4666	0.9320	-1239.506371
SB05G007430	SB05G008170	50.0000	118.3	418.7	0.0132	0.9538	72.2506	-1411.371639
SB07G017170	SB05G008170	3.7627	101.2	429.8	0.2381	0.7791	3.2720	-1355.408821
SB08G017797	SB05G008170	1.9905	121.0	437.0	0.2717	0.4196	1.5443	-1312.275333
SB09G007083	SB05G008170	7.3707	126.6	446.4	0.1608	1.1410	7.0963	-1512.027017
SB05G007420	SB05G008185	3.3672	111.3	431.7	0.2452	0.6882	2.8070	-1338.307940
SB05G007305	SB05G008500	50.0000	399.8	1604.2	0.0137	1.0878	79.1751	-5228.257200
SB09G006610	SB05G008500	50.0000	346.2	1129.8	0.0128	0.8735	68.2049	-3806.551194
SB07G018850	SB05G008723	50.0000	224.1	594.9	0.0179	1.0427	58.1342	-2166.114095
SB07G019080	SB05G008720	0.1474	174.6	422.4	1.3538	0.0532	0.0393	-937.882120
SB08G017350	SB05G008835	1.8021	675.8	2090.2	0.3723	0.4254	1.1428	-6588.234246
SB09G006250	SB05G008835	1.6498	506.5	1536.5	0.3020	0.3496	1.1576	-4744.611674
SB05G007420	SB10G009445	1.3238	117.6	419.4	0.5045	0.3631	0.7198	-1206.861862
SB05G008560	SB10G008896	0.0650	226.5	487.5	0.5184	0.0167	0.0323	-1038.139550
SB08G017410	SB10G008913	2.0546	559.9	1720.1	0.5857	0.5835	0.9962	-5619.652824
SB09G006300	SB10G008913	0.2224	622.5	1720.5	0.8205	0.0701	0.0854	-3920.279785
SB07G019080	SB10G008913	0.2763	216.8	620.2	0.6479	0.0807	0.1246	-1445.436972
SB05G008720	SB10G008913	0.2231	424.0	1271.0	0.7532	0.0687	0.0913	-2855.208581
SB08G017350	SB10G008896	0.4804	218.8	564.2	0.2738	0.0920	0.3359	-1440.903220
SB09G006250	SB10G008896	0.0544	239.4	549.6	1.5775	0.0204	0.0129	-1139.150622
SB05G008835	SB10G008896	1.3111	203.7	570.3	0.2434	0.2404	0.9878	-1684.747261
SB09G024140	SB04G012281	50.0000	365.2	1566.8	0.0102	0.8656	84.4590	-4867.660454
SB09G007190	SB04G012281	6.2232	433.2	1537.8	0.1484	0.9174	6.1813	-5111.644147
SB01G021392	SB04G011350	3.1180	279.2	902.8	0.3112	0.6825	2.1931	-3018.183640
SB05G007430	SB04G011350	50.0000	282.0	897.0	0.0263	1.6903	64.2961	-3170.366569
SB07G017170	SB04G011350	7.1539	275.3	885.7	0.1612	1.0677	6.6224	-3070.352916
SB08G017797	SB04G011350	0.1727	333.3	854.7	0.6024	0.0486	0.0806	-1913.944874
SB09G007083	SB04G011350	50.0000	295.9	871.1	0.0210	1.3009	61.9004	-3118.000000
SB05G007420	SB04G011340	0.2080	136.5	370.5	0.5687	0.0576	0.1013	-800.223103
SB05G007410	SB04G011300	10.8119	134.0	559.0	0.0959	1.2767	13.3159	-1794.177867
SB09G006696	SB04G011300	8.8278	247.8	979.2	0.1047	1.0790	10.3085	-3154.750283
SB05G007350	SB04G011283	0.9562	341.0	1009.0	0.3857	0.2273	0.5893	-2702.784063
SB01G021615	SB04G011060	13.6078	97.1	295.9	0.0436	0.7064	16.2033	-982.581991
SB07G017590	SB04G011060	50.0000	442.4	1195.6	0.0148	0.8803	59.3238	-4293.496673
SB09G006470	SB04G011060	20.0270	334.5	895.5	0.0349	0.7839	22.4504	-3198.814876
SB08G017350	SB04G010350	1.6063	163.5	451.5	0.4104	0.3875	0.9440	-1424.175076
SB09G006250	SB04G010350	2.4814	145.0	455.0	0.2060	0.4282	2.0789	-1450.187241
SB09G024140	SB01G023180	50.0000	164.5	693.5	0.0073	0.6187	84.3160	-2112.745420
SB09G007190	SB01G023180	50.0000	217.2	667.8	0.0098	0.6488	65.9118	-2256.653584
SB04G012281	SB01G023180	50.0000	176.8	687.2	0.0075	0.5939	79.1438	-2141.497089
SB01G021392	SB01G022980	1.7073	108.7	377.3	0.4770	0.4570	0.9581	-1156.848501
SB05G007430	SB01G022980	50.0000	121.0	371.0	0.0165	1.0661	64.4782	-1298.144819
SB07G017170	SB01G022980	7.7791	124.9	364.1	0.1861	1.2251	6.5823	-1285.630573
SB08G017797	SB01G022980	1.5670	113.1	372.9	0.4439	0.4044	0.9111	-1133.321032
SB09G007083	SB01G022980	4.9892	133.5	370.5	0.4723	1.2834	2.7170	-1331.396415
SB04G011350	SB01G022980	1.5043	112.3	364.7	0.4886	0.4023	0.8233	-1112.145205
SB04G011316	SB01G023090	1.3257	101.9	348.1	0.3319	0.3035	0.9144	-1005.246399
SB04G011313	SB01G022970	2.9458	111.0	402.0	0.1440	0.4296	2.9825	-1236.701976
SB05G007305	SB01G022400	14.7307	302.2	954.8	0.0765	1.2577	16.4492	-3372.987970
SB09G006610	SB01G022400	50.0000	293.9	903.1	0.0103	0.6769	65.7990	-3076.700923
SB01G021550	SB01G022423	0.8288	116.3	393.7	0.6207	0.2425	0.3907	-1069.894243
SB07G017556	SB01G022423	0.5761	111.3	392.7	0.4993	0.1572	0.3149	-971.332052
SB01G021615	SB01G022400	50.0000	81.4	290.6	0.0088	0.6530	73.8282	-934.987346
SB07G017590	SB01G022400	50.0000	253.4	760.6	0.0109	0.7037	64.5931	-2605.540085
SB09G006470	SB01G022400	50.0000	295.0	818.0	0.0107	0.6504	61.0688	-2854.999360
SB04G011060	SB01G022400	50.0000	287.5	861.5	0.0113	0.7252	64.4391	-2976.207403
SB04G012180	SB02G013323	7.6430	93.4	452.6	0.2842	1.7806	6.2651	-1435.105450
SB01G023090	SB02G013155	1.6286	338.3	1038.7	0.6303	0.4745	0.7528	-3288.277451
SB01G021392	SB02G013140	1.9747	420.0	1323.0	0.3804	0.4727	1.2427	-4229.213055
SB05G007430	SB02G013140	0.9434	319.8	946.2	0.7106	0.2851	0.4013	-2750.226503
SB07G017170	SB02G013140	2.9492	458.4	1587.6	0.3310	0.6766	2.0444	-5161.306111
SB08G017797	SB02G013140	0.1792	705.5	2072.5	0.5573	0.0497	0.0892	-4500.312582
SB09G007083	SB02G013140	2.3641	480.2	1463.8	0.2856	0.4871	1.7053	-4759.657860
SB04G011350	SB02G013140	0.1979	300.8	803.2	0.6329	0.0570	0.0900	-1813.203142
SB01G022980	SB02G013140	1.7194	104.8	366.2	0.4133	0.4355	1.0538	-1117.763467
SB05G007420	SB02G013150	0.2218	155.2	426.8	0.6958	0.0662	0.0952	-931.543474
SB04G011316	SB02G013155	0.1540	86.5	267.5	0.4036	0.0377	0.0934	-561.105257
SB08G017755	SB02G013323	6.9264	103.3	442.7	0.3681	1.7427	4.7339	-1437.965005
SB05G007305	SB02G012900	50.0000	211.2	772.8	0.0086	0.6486	75.2648	-2489.255629
SB09G006610	SB02G012900	50.0000	282.2	947.8	0.0100	0.7039	70.2858	-3128.905578
SB04G011190	SB02G013100	50.0000	397.3	1252.7	0.0155	1.0230	65.9917	-4323.436119
SB01G021615	SB02G012900	12.2433	48.3	332.7	0.0232	0.6428	27.7495	-894.234572
SB07G017590	SB02G012900	50.0000	250.8	889.2	0.0103	0.7496	73.0892	-2895.125052
SB09G006470	SB02G012900	50.0000	240.5	935.5	0.0064	0.5110	79.5201	-2843.695778
SB04G011060	SB02G012900	50.0000	281.6	960.4	0.0107	0.7566	70.9404	-3191.922359
SB01G022400	SB02G012900	50.0000	249.5	905.5	0.0070	0.5283	75.2350	-2847.840213
SB01G021392	SB05G026296	1.8417	435.9	1421.1	0.3589	0.4325	1.2051	-4446.189420
SB05G007430	SB05G026296	0.3699	357.2	935.8	0.8627	0.1181	0.1369	-2337.059323
SB07G017170	SB05G026296	3.3416	454.6	1561.4	0.2282	0.6319	2.7695	-5056.054667
SB08G017797	SB05G026296	0.0367	992.8	2079.2	1.2465	0.0131	0.0105	-4360.221763
SB09G007083	SB05G026296	1.6271	495.5	1457.5	0.2769	0.3262	1.1782	-4489.102643
SB04G011350	SB05G026296	0.1750	343.7	880.3	0.6743	0.0514	0.0762	-1976.643111
SB05G007420	SB05G026293	0.2042	140.6	438.4	0.4194	0.0509	0.1215	-919.667273
SB09G024160	SB05G026285	5.2824	143.6	420.4	0.9320	1.7287	1.8548	-1522.948285
SB01G021397	SB05G026285	9.1690	148.7	448.3	0.3654	2.1334	5.8377	-1611.580262
SB05G007305	SB05G026136	50.0000	180.2	515.8	0.0110	0.6848	62.4081	-1740.114737
SB09G006610	SB05G026136	50.0000	212.3	666.7	0.0116	0.7727	66.5863	-2268.918358
SB01G021615	SB05G026136	30.4816	94.8	298.2	0.0283	1.0954	38.6776	-1025.033532
SB07G017590	SB05G026136	10.9942	213.0	642.0	0.0842	0.9880	11.7348	-2246.226702
SB09G006470	SB05G026136	50.0000	229.1	667.9	0.0152	0.9518	62.4852	-2362.798943
SB04G011060	SB05G026136	8.8832	206.2	651.8	0.0837	0.8156	9.7448	-2211.163156
SB04G010690	SB05G025950	8.3816	119.6	480.4	0.0723	0.7850	10.8603	-1531.689807
SB01G021392	SB07G008600	2.4837	157.8	529.2	0.3282	0.5631	1.7158	-1710.388406
SB05G007430	SB07G008600	7.2722	202.4	616.6	0.2474	1.3838	5.5925	-2173.446775
SB07G017170	SB07G008600	0.3356	181.2	520.8	0.5920	0.0950	0.1604	-1245.165799
SB08G017797	SB07G008600	2.3561	190.7	625.3	0.3310	0.5334	1.6114	-2012.379851
SB09G007083	SB07G008600	26.2421	196.8	601.2	0.0480	1.4847	30.9309	-2136.159779
SB04G011350	SB07G008600	50.0000	191.2	588.8	0.0112	0.7377	65.7302	-1999.563737
SB08G017792	SB07G008443	0.7069	146.0	565.0	0.5501	0.2017	0.3668	-1442.004728
SB05G007305	SB07G007765	50.0000	235.8	754.2	0.0169	1.1191	66.3835	-2628.600606
SB09G006610	SB07G007765	50.0000	254.9	741.1	0.0214	1.3091	61.3159	-2664.549820
SB07G008540	SB01G027530	50.0000	375.8	1139.2	0.0150	0.9654	64.2646	-4023.849218
SB04G011316	SB01G027510	0.0620	166.8	379.2	4.3382	0.0270	0.0062	-791.882967
SB07G008305	SB01G027510	0.0923	809.1	1866.9	1.2426	0.0327	0.0263	-4043.153294
SB07G007765	SB01G027360	50.0000	208.4	766.6	0.0175	1.2809	73.2633	-2570.076926
SB07G007765	SB01G027530	14.3564	256.6	721.4	0.0844	1.2448	14.7418	-2620.035715
SB05G007410	SB01G027310	50.0000	135.2	542.8	0.0118	0.9392	79.8166	-1724.450115
SB09G006696	SB01G027310	50.0000	268.4	967.6	0.0106	0.7827	73.9385	-3120.509187
SB07G007480	SB01G026910	1.0842	170.4	555.6	0.3765	0.2602	0.6912	-1580.323942
SB05G007305	SB01G027360	3.7196	390.3	1316.7	0.2333	0.7079	3.0344	-4387.803497
SB09G006610	SB01G027360	6.0355	368.8	1104.2	0.1594	0.8672	5.4387	-3854.564880
SB08G017453	SB01G026830	0.1100	318.3	1106.7	0.6959	0.0334	0.0480	-2186.424283
SB09G024140	SB04G005810	50.0000	245.5	840.5	0.0104	0.7406	71.1933	-2799.792375
SB09G007190	SB04G005810	50.0000	258.4	830.6	0.0109	0.7405	67.8548	-2815.589097
SB04G012281	SB04G005810	50.0000	251.5	807.5	0.0103	0.6987	67.9241	-2707.327793
SB05G007305	SB04G006110	50.0000	433.0	1382.0	0.0148	0.9878	66.7108	-4822.332418
SB09G006610	SB04G006110	50.0000	340.0	1103.0	0.0110	0.7524	68.2993	-3728.227736
SB01G021615	SB04G006280	50.0000	51.9	317.1	0.0064	0.7342	114.0158	-855.187578
SB07G017590	SB04G006280	7.5878	374.4	1464.6	0.1077	0.9412	8.7415	-4624.782262
SB09G006470	SB04G006280	10.5558	245.6	927.4	0.0457	0.6547	14.3346	-2894.468130
SB04G011060	SB04G006280	46.5282	416.9	1320.1	0.0182	1.1149	61.0934	-4553.635844
SB04G010690	SB04G006465	50.0000	137.1	453.9	0.0144	0.9891	68.5701	-1551.013673
SB01G021392	SB08G009201	0.1193	497.8	1365.2	0.7310	0.0362	0.0495	-2888.816028
SB05G007430	SB08G009201	2.1116	331.0	938.0	0.3182	0.4515	1.4189	-3058.913859
SB07G017170	SB08G009201	3.3140	459.3	1574.7	0.1993	0.5792	2.9060	-5065.890613
SB08G017797	SB08G009201	1.7149	745.4	2323.6	0.3148	0.3739	1.1879	-7185.551330
SB09G007083	SB08G009201	0.0511	609.4	1379.6	1.0009	0.0170	0.0170	-2875.462215
SB05G007305	SB08G008420	15.6164	437.0	1552.0	0.0426	0.8764	20.5779	-5174.014347
SB09G006610	SB08G008420	50.0000	349.1	1018.9	0.0141	0.8872	62.7247	-3557.773151
SB01G021615	SB08G008420	23.4571	81.0	306.0	0.0153	0.5401	35.3065	-920.369640
SB07G017590	SB08G008420	15.9259	489.9	1772.1	0.0534	1.0975	20.5415	-5862.028025
SB09G006470	SB08G008420	50.0000	281.9	885.1	0.0112	0.7489	66.6390	-2977.999122
SB07G019080	SB08G008210	1.1310	196.3	613.7	0.8549	0.3621	0.4236	-1818.245409
SB05G007420	SB10G011233	2.3633	100.7	406.3	0.4359	0.6267	1.4375	-1245.054606
SB01G021550	SB10G011916	6.0883	103.9	412.1	0.7643	1.9108	2.5001	-1348.835667
SB07G017556	SB10G011916	0.3510	100.4	334.6	0.7251	0.1076	0.1484	-757.946081
SB08G017410	SB10G012250	2.9806	224.6	717.4	0.6266	0.8699	1.3884	-2411.255649
SB07G019080	SB10G012250	0.0754	125.1	324.9	0.9815	0.0250	0.0255	-650.553522
SB08G017350	SB10G012300	0.2573	173.8	453.2	0.5419	0.0695	0.1282	-1051.604463
SB07G019120	SB10G012510	3.8372	106.1	457.9	0.2712	0.8496	3.1327	-1424.203355
SB01G021615	SB10G030110	4.0838	68.2	321.8	0.1551	0.6974	4.4961	-941.429542
SB05G007305	SB10G030110	50.0000	222.1	686.9	0.0101	0.6664	66.1533	-2338.928191
SB07G017590	SB10G030110	50.0000	241.0	800.0	0.0103	0.7178	69.6166	-2656.946682
SB07G019130	SB10G030270	14.0002	402.7	2390.3	0.0170	0.4995	29.3991	-6266.836043
SB08G017290	SB10G030270	50.0000	218.4	1296.6	0.0072	0.7988	110.8842	-3578.753276
SB01G021815	SB10G030350	50.0000	121.1	319.9	0.0191	1.1006	57.7658	-1171.561836
SB05G007420	SB02G021000	1.6692	99.5	377.5	0.5333	0.4705	0.8823	-1125.333736
SB01G021397	SB02G021140	50.0000	140.6	432.4	0.0218	1.3897	63.6367	-1541.139147
SB09G024140	SB02G021570	50.0000	178.2	547.8	0.0081	0.5369	66.2439	-1814.503800
SB01G021615	SB02G021570	50.0000	79.1	235.9	0.0104	0.6675	64.3829	-803.634965
SB05G007305	SB02G021570	50.0000	172.1	559.9	0.0088	0.6089	68.9144	-1838.258458
SB07G017590	SB02G021570	7.7730	187.0	533.0	0.0927	0.7318	7.8902	-1852.595829
SB07G019130	SB02G022100	3.3936	572.4	2259.6	0.0649	0.2893	4.4549	-6305.286480
SB01G021400	SB09G001963	50.0000	170.8	519.2	0.0197	1.2529	63.5066	-1785.648435
SB01G021615	SB09G001720	50.0000	93.1	293.9	0.0148	0.9801	66.1848	-1014.609110
SB05G007305	SB09G001720	50.0000	420.0	1314.0	0.0133	0.8791	66.0623	-4557.690151
SB01G021400	SB03G029010	50.0000	183.3	539.7	0.0163	1.0228	62.7331	-1860.107071
SB01G021615	SB03G029150	50.0000	59.8	324.2	0.0051	0.5295	104.2019	-897.688547
SB05G007305	SB03G029150	50.0000	465.4	1325.6	0.0157	0.9638	61.3988	-4713.924955
SB01G021392	SB04G020583	2.0185	432.9	1433.1	0.3527	0.4719	1.3380	-4525.173212
SB01G021615	SB04G020990	50.0000	92.4	291.6	0.0109	0.7270	66.9464	-989.488380
SB01G021822	SB04G021090	9.0432	380.9	1074.1	0.1317	1.1060	8.3950	-3855.510877
SB09G023480	SB01G036160	2.5997	711.3	2030.7	0.1201	0.2987	2.4877	-6339.844078
SB09G023480	SB05G024520	50.0000	724.2	1948.8	0.0140	0.8278	59.2855	-7014.108565
SB09G023490	SB05G024530	50.0000	181.1	658.9	0.0176	1.2773	72.6664	-2238.719905
SB09G023725	SB05G024920	50.0000	134.1	429.9	0.0150	1.0038	66.8556	-1497.515818
SB09G023480	SB05G018970	50.0000	470.9	1275.1	0.0159	0.9414	59.2507	-4627.062163
SB09G023790	SB05G018020	50.0000	472.7	1435.3	0.0145	0.9325	64.4374	-5063.413474
SB09G023100	SB08G000535	3.9298	237.5	632.5	0.0982	0.3735	3.8038	-2053.788265
SB09G024140	SB03G008100	50.0000	416.5	1353.5	0.0139	0.9427	67.7582	-4667.746514
SB03G038440	SB01G033190	50.0000	373.5	1153.5	0.0211	1.3488	63.9686	-4064.638558
SB03G038480	SB03G028660	50.0000	208.2	619.8	0.0202	1.2645	62.5175	-2201.436440
SB03G038440	SB03G028800	10.2122	337.1	1069.9	0.1593	1.5032	9.4382	-3720.860501
SB01G033190	SB03G028800	50.0000	326.8	1071.2	0.0125	0.8538	68.4956	-3676.900672
SB10G022035	SB04G008110	50.0000	82.5	346.5	0.0038	0.3206	85.3692	-971.821879
SB10G022860	SB04G007480	8.9823	820.7	2398.3	0.0598	0.5979	9.9964	-8149.266598
SB10G024150	SB04G006465	46.0091	130.7	484.3	0.0119	0.8243	69.1313	-1607.018357
SB10G024575	SB04G006320	50.0000	92.1	363.9	0.0055	0.4409	80.7526	-1088.588218
SB10G025460	SB04G005600	1.1801	386.6	990.4	0.1929	0.1808	0.9378	-2903.924596
SB10G026340	SB04G004970	17.9226	475.8	1384.2	0.0562	1.1280	20.0728	-4908.290263
SB10G027140	SB04G004440	1.1561	185.0	601.0	0.1577	0.1707	1.0827	-1646.164219
SB10G021580	SB04G008660	2.4618	310.1	1546.9	0.0727	0.2622	3.6061	-3850.665560
SB10G021830	SB04G008240	0.0642	666.9	1757.1	0.4232	0.0156	0.0368	-3563.498167
SB10G022070	SB03G025280	13.9878	293.3	867.7	0.0563	0.8905	15.8220	-3040.447645
SB10G022290	SB03G025610	26.9066	262.9	808.1	0.0226	0.7729	34.1655	-2763.739912
SB10G022690	SB03G026030	50.0000	498.1	1670.9	0.0100	0.7029	70.2239	-5495.138739
SB03G025920	SB09G030640	1.8593	405.6	1109.4	0.2261	0.3234	1.4303	-3444.881391
SB10G022690	SB09G030440	50.0000	366.9	1130.1	0.0150	0.9777	64.9865	-3927.554057
SB04G007510	SB09G030440	50.0000	278.3	999.7	0.0274	1.9085	69.6712	-3394.188571
SB03G026030	SB09G030440	50.0000	288.9	1148.1	0.0105	0.8354	79.5689	-3634.762044
SB04G007480	SB09G030250	50.0000	518.0	1420.0	0.0177	1.0534	59.4700	-5096.081196
SB03G025890	SB08G005310	1.6114	580.9	1849.1	0.3046	0.3475	1.1408	-5659.116948
SB09G030470	SB08G005400	10.2530	300.0	942.0	0.0757	0.8652	11.4338	-3176.593847
SB10G022775	SB08G005435	2.7766	473.9	1524.1	0.5645	0.7824	1.3860	-5111.648567
SB04G007670	SB02G002180	50.0000	179.3	519.7	0.0053	0.3370	64.0094	-1641.363303
SB10G022690	SB02G002210	50.0000	439.3	1561.7	0.0144	1.0427	72.2161	-5226.161587
SB03G026030	SB02G002210	50.0000	261.5	1727.5	0.0076	0.9130	120.7177	-4711.177992
SB09G030470	SB02G002450	50.0000	219.0	1071.0	0.0077	0.7327	94.5957	-3031.847083
SB08G005400	SB02G002450	15.1275	726.2	2171.8	0.0416	0.7446	17.8967	-7470.459936
SB04G007510	SB02G002590	6.2668	205.3	1039.7	0.1863	1.2143	6.5173	-3073.344692
SB09G030440	SB02G002590	12.7736	331.6	1207.4	0.0526	0.8729	16.5833	-3938.239558
SB10G022070	SB08G006165	50.0000	178.0	497.0	0.0200	1.1963	59.8581	-1791.416566
SB03G025280	SB08G006165	50.0000	155.9	489.1	0.0155	1.0169	65.7604	-1664.973146
SB10G022183	SB08G005897	2.2814	142.2	586.8	0.0921	0.2602	2.8250	-1615.167714
SB10G022186	SB08G005895	50.0000	296.4	1110.6	0.0087	0.6640	76.6409	-3573.956068
SB10G022290	SB08G005600	50.0000	200.0	1000.0	0.0115	1.0914	94.5240	-3019.409713
SB03G025610	SB08G005600	11.6504	251.1	852.9	0.1746	1.8710	10.7177	-2949.754991
SB10G022690	SB03G045200	12.4054	260.9	819.1	0.0631	0.9018	14.2866	-2816.327115
SB04G007510	SB03G045200	50.0000	192.6	890.4	0.0157	1.3724	87.3746	-2736.184583
SB10G022905	SB03G045330	27.5423	179.8	534.2	0.0265	0.8942	33.8034	-1807.221070
SB10G022940	SB03G045450	50.0000	104.3	849.7	0.0043	0.6326	147.2666	-2186.194250
SB10G022690	SB09G018470	50.0000	190.9	544.1	0.0150	0.9251	61.5455	-1937.893127
SB04G007510	SB09G018470	50.0000	166.7	568.3	0.0160	1.1172	69.6863	-1949.770725
SB03G045200	SB09G018470	1.6640	191.3	570.7	0.0699	0.1278	1.8283	-1566.775126
SB10G022940	SB09G018750	50.0000	110.2	864.8	0.0050	0.7059	141.9333	-2232.881462
SB10G022180	SB09G005950	4.5464	307.8	1015.2	0.4853	1.2155	2.5047	-3511.158125
SB04G007680	SB07G021740	8.3437	100.2	265.8	0.0212	0.2041	9.6215	-802.167045
SB04G007410	SB07G021460	0.6029	160.6	514.4	0.3266	0.1348	0.4128	-1281.894378
SB04G007233	SB07G021120	50.0000	79.2	343.8	0.0127	1.0721	84.3151	-1087.234530
SB04G006280	SB04G002715	50.0000	329.3	1407.7	0.0111	0.9335	83.9125	-4284.258227
SB04G006110	SB04G002520	50.0000	294.2	875.8	0.0141	0.8992	63.6026	-3085.325634
SB10G022775	SB05G023070	0.0666	624.1	1586.9	0.9125	0.0216	0.0237	-3264.449701
SB10G022850	SB05G022920	50.0000	182.9	537.1	0.0141	0.8860	63.0053	-1875.314917
SB10G022905	SB05G022860	15.4252	197.6	528.4	0.0672	1.0764	16.0115	-1914.157330
SB10G023375	SB07G021820	50.0000	253.2	1450.8	0.0077	0.8251	107.4310	-4141.821460
SB09G027260	SB03G032130	50.0000	276.4	881.6	0.0056	0.3852	68.5883	-2663.932764
SB09G027610	SB03G031870	50.0000	292.4	1633.6	0.0074	0.7766	105.4412	-4620.953204
SB09G027910	SB03G031310	1.0051	1640.8	4695.2	0.1111	0.1090	0.9817	-12530.931927
SB09G028540	SB03G030660	1.5563	168.2	587.8	0.3865	0.3834	0.9920	-1716.809126
SB09G030470	SB03G027400	4.5937	212.4	1056.6	0.1792	0.8666	4.8366	-2981.237044
SB09G029620	SB09G020720	3.9372	697.1	2068.9	0.0488	0.2220	4.5487	-6091.959322
SB03G028800	SB09G020780	10.0119	334.6	1156.4	0.0583	0.7217	12.3780	-3778.412332
SB03G028660	SB09G020990	25.7594	196.2	631.8	0.0402	1.2885	32.0828	-2203.700998
SB03G028540	SB09G021205	2.4262	148.6	757.4	0.1528	0.4235	2.7723	-2062.837964
SB03G029150	SB04G029170	50.0000	441.6	1370.4	0.0122	0.8058	65.8891	-4687.363657
SB03G030780	SB08G016220	19.2560	131.7	510.3	0.0417	1.1238	26.9264	-1677.768854
SB03G030710	SB01G017410	50.0000	304.9	997.1	0.0132	0.9024	68.2271	-3385.346354
SB03G030645	SB01G017220	50.0000	166.7	682.3	0.0083	0.6787	82.1127	-2093.677579
SB08G015640	SB01G017220	5.0967	123.6	701.4	0.2487	1.1694	4.7021	-2111.704269
SB06G023510	SB04G033790	1.8897	283.1	1699.9	0.0520	0.1749	3.3621	-3910.088660
SB06G023830	SB04G033510	1.1490	362.5	1365.5	0.0724	0.1038	1.4346	-3356.372935
SB06G024060	SB04G033310	1.6801	307.9	1054.1	0.1212	0.2122	1.7507	-2920.461573
SB06G024440	SB04G033010	1.5640	212.6	879.4	0.1130	0.2062	1.8246	-2281.198549
SB06G025400	SB04G032190	50.0000	184.6	880.4	0.0029	0.2730	94.8668	-2311.075476
SB06G025610	SB04G032110	2.0677	100.7	472.3	0.1346	0.3236	2.4046	-1210.995808
SB06G025610	SB01G049640	2.5605	89.4	468.6	0.0906	0.3272	3.6127	-1172.150076
SB01G048820	SB01G030670	40.2570	317.7	1194.3	0.0130	0.7906	60.8944	-3780.856823
SB06G025050	SB01G029855	2.7308	529.7	1711.3	0.2776	0.5636	2.0303	-5546.483431
SB01G029700	SB09G004157	50.0000	149.7	507.3	0.0238	1.6086	67.6819	-1778.385824
SB01G029732	SB09G004155	50.0000	106.4	358.6	0.0179	1.2319	68.6757	-1231.694928
SB06G025400	SB10G030880	50.0000	209.1	783.9	0.0036	0.2848	78.0650	-2270.493832
SB04G032190	SB10G030880	18.0933	237.1	1010.9	0.0092	0.2818	30.5470	-2788.833489
SB06G023885	SB01G006470	50.0000	100.0	527.0	0.0111	1.0912	98.7344	-1480.172924
SB06G024060	SB01G006670	50.0000	264.4	1040.6	0.0105	0.8276	79.0051	-3221.319445
SB04G033310	SB01G006670	50.0000	289.8	1024.2	0.0108	0.7833	72.8026	-3350.295550
SB07G025790	SB02G029560	1.4068	418.4	1162.6	0.2900	0.2846	0.9812	-3555.937205
SB07G028670	SB02G027710	0.8837	438.4	2810.6	0.0926	0.1268	1.3702	-5972.997992
SB06G014860	SB04G021090	3.0315	149.4	513.6	0.3021	0.6645	2.1998	-1668.959363
SB06G016580	SB04G022290	5.0412	142.3	535.7	0.1843	0.8712	4.7259	-1717.556264
SB06G013800	SB04G020583	1.6551	279.6	833.4	0.2957	0.3452	1.1674	-2541.292240
SB06G014310	SB04G020990	0.9757	367.9	1051.1	0.1443	0.1282	0.8882	-2870.393778
SB06G014490	SB04G021060	50.0000	295.4	1018.6	0.0246	1.6791	68.3406	-3534.396056
SB06G016790	SB04G022300	1.1674	372.5	1106.5	0.1545	0.1636	1.0591	-3089.047584
SB06G017340	SB04G022730	1.5868	803.8	2208.2	0.2426	0.2885	1.1893	-6757.016771
SB06G018760	SB04G023810	1.0166	500.9	1359.1	0.0763	0.0796	1.0425	-3627.358142
SB04G023390	SB10G006480	50.0000	182.8	849.2	0.0085	0.7660	90.5241	-2529.555169
SB04G023390	SB10G006630	50.0000	173.5	852.5	0.0055	0.5242	95.9657	-2436.977242
SB10G006630	SB07G022380	50.0000	274.5	925.5	0.0108	0.7575	70.3115	-3080.335953
SB06G015485	SB04G019673	0.7458	144.7	476.3	0.6292	0.2186	0.3474	-1254.737850
SB06G015620	SB04G019290	33.4035	233.4	633.6	0.0472	1.7304	36.6616	-2319.905570
SB06G015485	SB09G011470	2.1868	209.3	486.7	0.2467	0.3800	1.5401	-1620.137533
SB04G019673	SB09G011470	26.9259	150.7	470.3	0.0456	1.4753	32.3736	-1650.658295
SB04G019600	SB09G011991	0.2502	166.8	409.2	0.6042	0.0701	0.1160	-969.043278
SB04G021745	SB09G012960	0.1569	330.7	1007.3	0.5522	0.0436	0.0789	-2135.014776
SB04G019322	SB09G012685	7.9587	138.0	480.0	0.3130	1.7801	5.6877	-1648.457016
SB06G015620	SB09G012730	8.3152	155.5	486.5	0.1892	1.3599	7.1879	-1703.180018
SB04G019290	SB09G012730	0.1292	181.6	487.4	2.1153	0.0503	0.0238	-1040.282459
SB06G015620	SB05G006340	50.0000	336.3	1055.7	0.0324	2.0298	62.6195	-3757.318314
SB06G014240	SB09G003720	1.1085	175.8	580.2	0.3464	0.2568	0.7414	-1663.260330
SB06G014245	SB09G003730	1.2906	216.5	620.5	0.5114	0.3450	0.6745	-1909.779051
SB06G014240	SB05G016860	6.2962	107.5	471.5	0.3634	1.5836	4.3576	-1524.401128
SB06G014245	SB05G016870	2.1622	243.4	839.6	0.4603	0.5705	1.2392	-2646.972578
SB09G003730	SB05G016870	50.0000	200.9	738.1	0.0236	1.6921	71.6669	-2502.907131
SB06G014240	SB05G020440	11.1671	108.9	404.1	0.1394	1.6118	11.5586	-1356.678008
SB06G014245	SB05G020443	1.0807	175.7	505.3	0.4850	0.2828	0.5830	-1508.791529
SB09G003730	SB05G020443	0.0867	205.4	580.6	0.6743	0.0257	0.0381	-1181.315324
SB05G016870	SB05G020443	6.1937	141.7	620.3	0.5083	1.7497	3.4425	-2015.669670
SB06G013800	SB07G015440	2.0843	126.4	401.6	0.1812	0.3337	1.8417	-1213.024846
SB04G020583	SB07G015440	0.1819	133.0	446.0	0.5512	0.0511	0.0927	-931.835197
SB04G022050	SB05G025640	50.0000	232.6	895.4	0.0092	0.7205	78.0589	-2790.423341
SB06G016390	SB05G025735	1.8986	667.8	2065.2	0.4035	0.4649	1.1522	-6589.651105
SB06G016390	SB05G010370	1.3040	407.4	1233.6	0.4640	0.3378	0.7280	-3730.928619
SB06G013800	SB08G014475	1.7556	269.0	823.0	0.3146	0.3808	1.2105	-2531.439009
SB04G020583	SB08G014475	0.0833	851.6	1965.4	1.0066	0.0278	0.0276	-4204.515509
SB06G014295	SB05G021217	0.3514	389.4	1206.6	0.5329	0.0965	0.1811	-2854.221535
SB04G021090	SB05G021405	1.7340	459.3	1373.7	0.3462	0.3923	1.1333	-4320.437446
SB08G004030	SB05G003910	1.0254	113.4	636.6	0.1108	0.1544	1.3934	-1360.139361
SB08G001030	SB05G002755	0.3205	379.2	1204.8	0.1239	0.0397	0.3202	-2640.395190
SB08G001630	SB05G001810	0.7515	308.6	786.4	0.3087	0.1536	0.4975	-2170.974201
SB08G002045	SB05G001653	10.7257	122.4	333.6	0.1970	1.7075	8.6678	-1225.056038
SB08G002100	SB05G001450	0.2442	331.2	898.8	0.0897	0.0218	0.2432	-2009.693306
SB05G002910	SB01G013860	50.0000	470.2	1479.8	0.0164	1.0766	65.7293	-5134.373865
SB05G003250	SB01G013570	50.0000	342.6	1055.4	0.0131	0.8552	65.3812	-3627.053173
SB08G002740	SB08G020690	50.0000	275.4	963.6	0.0067	0.4921	73.2656	-2988.382927
SB05G001050	SB08G020690	50.0000	282.7	935.3	0.0070	0.4902	70.1755	-2949.019962
SB05G002910	SB08G020850	9.1183	302.9	1557.1	0.0674	0.9339	13.8624	-4486.933658
SB01G013860	SB08G020850	50.0000	422.7	1413.3	0.0130	0.9031	69.3702	-4818.046786
SB01G013650	SB08G021130	50.0000	82.2	343.8	0.0079	0.6606	83.6258	-1071.374071
SB05G003110	SB08G021130	3.6830	84.0	330.0	0.1776	0.6332	3.5641	-1048.023830
SB05G002910	SB01G039870	12.2015	336.7	1157.3	0.0665	0.9767	14.6891	-3767.512920
SB05G003110	SB01G039630	50.0000	268.1	835.9	0.0113	0.7490	66.2950	-2874.344571
SB09G004960	SB03G004520	50.0000	714.6	2342.4	0.0114	0.7808	68.7399	-7912.542511
SB09G005195	SB03G004450	1.7356	366.6	1088.4	0.2216	0.3069	1.3849	-3341.344234
SB09G005490	SB03G003810	1.1729	229.4	712.6	0.2343	0.2177	0.9292	-1912.298188
SB09G005520	SB03G003730	0.7337	153.1	1058.9	0.1272	0.1310	1.0300	-2173.077214
SB09G005650	SB03G003450	1.0155	441.3	1469.7	0.1017	0.1113	1.0949	-3747.295973
SB09G006470	SB03G002425	50.0000	245.8	681.2	0.0121	0.7343	60.8149	-2390.507291
SB09G006610	SB03G002425	50.0000	235.4	694.6	0.0088	0.5645	64.1710	-2310.153590
SB03G004170	SB10G005830	50.0000	172.9	598.1	0.0213	1.4733	69.2073	-2072.630336
SB09G006250	SB01G026450	10.0160	279.6	917.4	0.1892	1.6687	8.8185	-3209.545699
SB09G006300	SB01G026472	0.2025	298.3	823.7	0.5576	0.0557	0.1000	-1837.367386
SB09G006250	SB03G012535	3.9486	358.3	1048.7	0.2212	0.6940	3.1374	-3565.801819
SB01G026450	SB03G012535	28.1165	318.1	845.9	0.0481	1.4636	30.4045	-3056.266003
SB01G026470	SB03G012722	1.2897	94.0	374.0	0.4013	0.3307	0.8242	-1065.626499
SB09G006300	SB03G012725	0.0813	701.0	1804.0	0.6933	0.0241	0.0348	-3734.778176
SB01G026472	SB03G012725	0.1720	293.0	706.0	0.5433	0.0460	0.0847	-1596.288138
SB10G007777	SB02G023240	4.0537	82.4	256.6	0.4089	1.0001	2.4455	-881.642193
SB10G008896	SB08G006550	50.0000	187.9	559.1	0.0122	0.7824	63.9164	-1913.390572
SB10G009110	SB08G006340	0.0365	195.3	560.7	0.6352	0.0106	0.0167	-1080.981891
SB10G008896	SB02G007925	1.4215	187.3	595.7	0.3291	0.3186	0.9678	-1793.308449
SB08G006550	SB02G007925	7.3545	534.8	1622.2	0.1247	0.8945	7.1747	-5602.003794
SB10G008913	SB02G007950	0.4227	457.9	1405.1	0.7948	0.1325	0.1667	-3487.964381
SB07G020850	SB02G024230	2.1901	289.2	1582.8	0.0906	0.2862	3.1591	-3915.770400
SB07G019513	SB02G022680	3.2536	297.9	881.1	0.4382	0.8191	1.8694	-3019.121175
SB07G020850	SB08G004820	50.0000	273.2	1394.8	0.0130	1.2417	95.4061	-4092.069566
SB02G024230	SB08G004820	50.0000	270.4	1373.6	0.0112	1.0756	95.8778	-4015.368452
SB02G024310	SB08G004830	50.0000	523.4	1663.6	0.0195	1.2792	65.5747	-5874.156739
SB02G024310	SB01G024160	50.0000	483.1	1520.9	0.0181	1.1828	65.4131	-5356.249432
SB07G021120	SB06G022205	50.0000	108.1	308.9	11.7528	21.8495	1.8591	-1076.977334
SB07G020900	SB03G011730	50.0000	465.6	1484.4	0.0098	0.6655	67.6872	-4995.288855
SB07G021120	SB03G012043	50.0000	67.7	310.3	0.0211	1.7901	84.7955	-976.254886
SB07G020550	SB08G014970	50.0000	316.3	1180.7	0.0090	0.6892	76.3018	-3837.908249
SB07G020710	SB08G015390	2.9863	353.2	1146.8	0.2476	0.5803	2.3433	-3765.953601
SB02G042910	SB01G036020	37.9040	325.3	925.7	0.0132	0.6179	46.8340	-3126.324156
SB02G043090	SB01G036260	50.0000	466.6	1357.4	0.0159	0.9924	62.2649	-4824.045349
SB02G043090	SB01G036470	19.2937	382.9	1417.1	0.0292	0.7972	27.2845	-4654.044593
SB02G043090	SB01G042230	50.0000	399.7	1331.3	0.0157	1.0764	68.5937	-4570.691068
SB01G036260	SB01G042230	50.0000	349.0	1385.0	0.0116	0.9215	79.1483	-4460.498530
SB01G036470	SB01G042550	12.4210	317.6	1644.4	0.0439	0.9156	20.8393	-4924.343090
SB08G000290	SB05G000280	0.2829	161.7	501.3	0.1301	0.0358	0.2755	-1111.279661
SB08G000350	SB05G000330	0.1277	528.9	1190.1	0.3436	0.0268	0.0780	-2679.581977
SB08G000610	SB05G000590	0.1428	351.4	875.6	0.1740	0.0202	0.1159	-1875.071936
SB08G000710	SB05G000670	0.2583	368.3	1989.7	0.0599	0.0249	0.4165	-3602.944725
SB08G000710	SB01G038140	50.0000	401.6	1962.4	0.0033	0.3159	96.5529	-5224.597753
SB05G000670	SB01G038140	50.0000	376.4	1870.6	0.0031	0.3006	97.9973	-4923.872819
SB08G000535	SB02G043890	50.0000	218.4	708.6	0.0261	1.7038	65.2126	-2511.490514
SB08G000555	SB01G013045	50.0000	182.8	525.2	0.0067	0.4267	63.3175	-1710.264720
SB05G000700	SB01G012855	1.7815	562.5	1597.5	0.2861	0.3599	1.2582	-5021.158492
SB08G000555	SB10G013700	50.0000	228.0	630.0	0.0186	1.1110	59.6486	-2273.410676
SB08G000610	SB10G013500	50.0000	252.5	914.5	0.0124	0.9120	73.7247	-3040.152564
SB05G000590	SB10G013500	50.0000	260.3	924.7	0.0126	0.9154	72.6342	-3088.273832
SB05G000700	SB10G013213	1.8027	193.0	614.0	0.3161	0.3960	1.2528	-1893.331590
SB07G022125	SB02G025543	5.1905	394.7	1438.3	0.1353	0.7282	5.3816	-4694.092373
SB07G022380	SB02G025910	37.8762	261.7	956.3	0.0134	0.7490	56.0250	-3131.475572
SB02G026520	SB04G034250	50.0000	410.4	2163.6	0.0030	0.3056	102.9299	-5579.460397
SB07G022945	SB04G034210	3.8021	139.0	437.0	0.2270	0.6957	3.0649	-1448.866645
SB09G020780	SB03G013430	13.7617	380.9	1440.1	0.0453	0.8479	18.7241	-4614.268073
SB09G020990	SB03G013710	27.0854	114.4	371.6	0.0309	1.0771	34.8617	-1286.560825
SB09G021205	SB03G013920	6.0986	179.6	732.4	0.0422	0.3713	8.8064	-2047.884469
SB01G048820	SB01G030670	40.2263	317.7	1194.3	0.0130	0.7906	60.8455	-3780.856830
SB01G049160	SB01G030500	40.2518	52.2	505.8	0.0018	0.2554	141.0115	-1124.409201
SB01G048160	SB01G030290	0.8662	383.6	1155.4	0.1114	0.0966	0.8675	-3021.113338
SB01G048260	SB01G030340	1.0657	448.1	1147.9	0.1954	0.1647	0.8432	-3337.475003
SB01G048300	SB01G030300	10.8367	167.4	882.6	0.0294	0.5773	19.6147	-2460.150242
SB09G025610	SB03G034710	1.4948	244.7	1036.3	0.1793	0.2658	1.4827	-2754.964160
SB09G026090	SB03G034210	12.6659	269.8	1446.2	0.0085	0.2195	25.6729	-3585.871378
SB09G026141	SB03G034040	50.0000	505.8	1423.2	0.0154	0.9366	60.9291	-5076.610882
SB02G006200	SB01G004250	0.6477	147.9	674.1	0.0276	0.0294	1.0663	-1360.913935
SB02G005990	SB01G011200	0.3958	145.2	508.8	0.4684	0.1054	0.2250	-1188.539507
SB01G011385	SB07G002840	50.0000	217.2	784.8	0.0187	1.3448	72.0384	-2634.420861
SB02G005990	SB07G003116	1.5856	635.6	1944.4	0.3397	0.3574	1.0521	-5994.387640
SB01G011200	SB07G003116	1.9256	129.9	434.1	0.4699	0.5095	1.0842	-1373.931435
SB10G028170	SB04G003800	1.3521	833.7	2280.3	0.2757	0.2646	0.9597	-6915.189465
SB10G029175	SB04G003190	2.1311	483.9	1442.1	0.2057	0.3606	1.7528	-4508.237195
SB10G029260	SB04G003090	50.0000	237.4	1073.6	0.0026	0.2379	90.9504	-2741.031737
SB10G028170	SB10G002735	50.0000	661.3	2089.7	0.0166	1.0918	65.8794	-7333.279530
SB04G003800	SB10G002735	50.0000	632.6	2139.4	0.0152	1.0543	69.4716	-7362.727450
SB10G028240	SB10G002650	50.0000	398.7	1116.3	0.0236	1.4022	59.3990	-4062.353462
SB04G003680	SB10G002650	11.3709	404.3	1311.7	0.0934	1.1532	12.3467	-4560.925304
SB07G005620	SB06G028560	50.0000	256.6	808.4	0.0077	0.5195	67.5339	-2657.062991
SB07G005820	SB06G028560	1.6972	710.2	2055.8	0.2171	0.2938	1.3530	-6359.212277
SB06G022205	SB04G027467	10.1993	57.8	329.2	0.0237	0.4758	20.0672	-908.810027
SB04G026660	SB06G032520	2.7638	749.7	2238.3	0.1362	0.3555	2.6106	-7137.514442
SB06G021870	SB04G026000	14.6656	253.6	982.4	0.0544	1.0701	19.6817	-3266.348021
SB06G010840	SB04G017440	0.0727	567.0	1344.0	0.8801	0.0233	0.0265	-2831.536984
SB06G011795	SB04G017470	0.0705	548.5	1281.5	0.9272	0.0230	0.0248	-2696.425626
SB06G012295	SB04G017810	1.0681	231.2	650.8	0.3655	0.2447	0.6695	-1892.924725
SB06G013010	SB04G017810	8.5211	247.4	841.6	0.2080	1.5229	7.3213	-2921.361091
SB06G013010	SB04G018311	50.0000	129.1	437.9	0.0135	0.9476	69.9599	-1478.242122
SB06G013700	SB04G018503	50.0000	91.8	367.2	0.0109	0.8725	79.8139	-1162.958344
SB06G013800	SB04G018311	50.0000	125.7	426.3	0.0110	0.7790	70.5656	-1414.568066
SB06G014240	SB04G019620	2.4433	159.8	602.2	0.4515	0.6491	1.4376	-1916.057155
SB06G014245	SB04G019600	7.0557	252.3	833.7	0.2896	1.4981	5.1728	-2924.282800
SB06G014295	SB04G019290	0.1453	193.2	598.8	1.1369	0.0499	0.0439	-1253.199652
SB06G012505	SB02G010626	5.9758	125.1	459.9	0.0781	0.5653	7.2380	-1427.481751
SB06G012671	SB02G010623	0.9448	210.4	734.6	0.5147	0.2603	0.5057	-2015.958734
SB06G013700	SB02G010750	16.0961	245.4	807.6	0.0771	1.4164	18.3590	-2811.565853
SB04G018503	SB02G010750	50.0000	95.5	351.5	0.0176	1.2905	73.2703	-1177.149646
SB06G014240	SB02G011080	50.0000	155.3	600.7	0.0085	0.6695	78.5601	-1923.734993
SB04G019620	SB02G011080	5.5637	217.2	787.8	0.1182	0.7098	6.0062	-2557.434694
SB06G014295	SB02G011090	1.7790	582.3	1754.7	0.3638	0.4131	1.1353	-5563.133300
SB04G019290	SB02G011090	2.1205	179.7	603.3	0.3507	0.4961	1.4146	-1908.233782
SB04G017825	SB10G009953	50.0000	208.4	724.6	0.0207	1.4414	69.6061	-2507.921148
SB06G013010	SB10G009815	0.1819	281.0	709.0	0.5032	0.0474	0.0941	-1598.446867
SB04G018311	SB10G009815	10.6398	128.5	441.5	0.0780	0.9675	12.4094	-1485.392445
SB06G013700	SB10G009598	10.4296	286.7	1159.3	0.1703	1.7682	10.3842	-3844.663881
SB04G018503	SB10G009598	3.5144	104.4	375.6	0.1250	0.4644	3.7151	-1141.007981
SB02G010750	SB10G009598	50.0000	248.6	828.4	0.0252	1.6814	66.6069	-2888.000334
SB06G013700	SB04G020125	7.9706	328.9	1162.1	0.1517	1.1894	7.8414	-3933.973630
SB04G018503	SB04G020125	48.7683	115.2	349.8	0.0163	1.0175	62.5255	-1192.870027
SB06G011765	SB01G015290	11.7593	122.5	414.5	0.1032	1.3141	12.7359	-1414.290448
SB06G011795	SB01G015445	50.0000	97.1	352.9	0.0153	1.1171	73.1880	-1196.522043
SB04G017470	SB01G015445	0.0581	143.3	333.7	0.6694	0.0169	0.0252	-689.373378
SB06G011795	SB01G026620	50.0000	361.2	1174.8	0.0198	1.3165	66.5894	-4100.665483
SB04G017470	SB01G026620	0.0624	482.5	1140.5	0.9797	0.0207	0.0211	-2388.032581
SB06G014240	SB09G018193	1.0393	175.6	538.4	0.3839	0.2484	0.6470	-1549.920694
SB06G014245	SB09G018196	50.0000	97.7	310.3	0.0162	1.0754	66.1830	-1077.355607
SB04G019600	SB09G018196	0.0923	121.0	314.0	1.2490	0.0326	0.0261	-647.716166
SB06G014240	SB03G012860	0.7509	133.0	443.0	0.3520	0.1757	0.4990	-1175.673986
SB04G019620	SB03G012860	2.9577	163.5	622.5	0.5761	0.8551	1.4842	-2024.976967
SB06G014245	SB03G012863	50.0000	382.5	1243.5	0.0277	1.7994	64.9960	-4366.921919
SB04G019600	SB03G012863	50.0000	270.0	804.0	0.0243	1.5011	61.8269	-2871.565259
SB06G014295	SB03G012866	3.2215	97.7	331.3	0.4103	0.8089	1.9717	-1103.918831
SB04G019290	SB03G012866	3.4301	96.4	317.6	0.4190	0.8643	2.0627	-1071.886542
SB10G007695	SB04G033690	27.1584	131.6	414.4	0.0311	1.0631	34.2041	-1437.707789
SB02G039110	SB01G032820	22.7008	167.1	1140.9	0.0036	0.2060	57.8292	-2556.570929
SB02G039110	SB01G045260	1.7750	170.8	1086.2	0.0813	0.2333	2.8710	-2557.327297
SB01G032820	SB01G045260	38.8886	172.2	1117.8	0.0032	0.3062	95.1295	-2750.850815
SB05G010323	SB01G025305	23.7829	182.3	735.7	0.0489	1.6300	33.3466	-2383.236176
SB05G010570	SB01G025320	0.2292	408.3	1214.7	0.7295	0.0699	0.0958	-2738.818897
SB05G011460	SB01G025575	10.2486	225.8	668.2	0.1120	1.1379	10.1593	-2379.472860
SB05G012940	SB01G025830	5.7456	196.1	769.9	0.4584	1.5447	3.3695	-2557.371504
SB05G014070	SB01G025885	0.1650	573.9	1589.1	0.7781	0.0511	0.0657	-3474.117214
SB05G010040	SB01G025320	5.9817	267.1	842.9	0.4081	1.4781	3.6221	-2958.587004
SB05G010370	SB01G025070	50.0000	233.8	885.2	0.0214	1.5825	73.7861	-2989.029909
SB05G009710	SB01G026200	50.0000	153.6	410.4	0.0228	1.3129	57.6874	-1507.896408
SB05G010040	SB01G025885	50.0000	263.0	808.0	0.0242	1.5303	63.1724	-2843.296558
SB05G008713	SB01G026470	50.0000	134.3	456.7	0.0223	1.5213	68.1599	-1536.474860
SB05G008720	SB01G026472	4.2152	238.2	784.8	0.6083	1.2219	2.0088	-2698.431518
SB05G010570	SB01G025885	0.3703	600.6	1814.4	0.8318	0.1175	0.1413	-4393.144818
SB05G010370	SB05G008051	50.0000	123.6	398.4	0.0212	1.3990	65.8561	-1386.885180
SB05G010570	SB05G007903	1.4153	471.7	1442.3	0.6316	0.4125	0.6530	-4444.069375
SB01G025885	SB05G007903	2.3661	467.1	1479.9	0.6283	0.6907	1.0993	-4890.395619
SB05G010570	SB03G042200	0.2137	776.5	2250.5	0.6516	0.0627	0.0962	-5039.640310
SB01G025885	SB03G042200	0.1435	623.7	1725.3	0.5951	0.0405	0.0681	-3711.497207
SB01G025305	SB03G042260	50.0000	242.3	651.7	0.0333	1.8794	56.4324	-2402.980933
SB05G012530	SB03G042320	16.6335	499.6	1879.4	0.0466	1.0476	22.4600	-6193.962282
SB09G007083	SB01G026560	0.0906	542.6	1248.4	0.7537	0.0275	0.0364	-2696.025045
SB09G007270	SB01G026472	0.4701	206.6	660.4	0.6225	0.1369	0.2200	-1613.732134
SB09G007435	SB01G026450	16.7481	249.2	770.8	0.0929	1.6487	17.7531	-2734.061740
SB09G007970	SB01G026200	1.0035	289.7	853.3	0.3433	0.2253	0.6563	-2449.004629
SB09G007990	SB01G026320	50.0000	249.2	806.8	0.0153	1.0326	67.2922	-2785.759595
SB09G008225	SB01G025830	14.8626	125.2	411.8	0.0829	1.3848	16.7005	-1413.602735
SB09G009330	SB01G025830	50.0000	122.5	435.5	0.0163	1.1699	71.7376	-1450.532837
SB09G010571	SB01G024853	50.0000	122.8	453.2	0.0116	0.8708	74.9361	-1483.513915
SB09G011470	SB01G025070	50.0000	193.7	568.3	0.0211	1.3003	61.7445	-2018.391791
SB09G012685	SB01G024051	50.0000	68.0	283.0	0.0105	0.8628	82.4327	-885.481247
SB02G044090	SB01G038833	1.8331	183.0	561.0	0.2776	0.3726	1.3420	-1749.009286
SB09G004155	SB03G014063	6.4857	94.4	310.6	0.0421	0.3426	8.1464	-946.119405
SB09G004340	SB03G013710	50.0000	113.7	366.3	0.0144	0.9658	67.2705	-1267.363663
SB09G004680	SB03G013130	50.0000	356.5	1146.5	0.0119	0.8036	67.6874	-3915.667717
SB03G013710	SB03G009640	50.0000	116.1	366.9	0.0139	0.9262	66.4323	-1254.370763
SB09G004340	SB03G009640	20.0746	311.0	895.0	0.0680	1.4756	21.7011	-3244.043520
SB03G013430	SB03G009940	5.0941	270.7	887.3	0.1830	0.8310	4.5404	-3024.616058
SB02G001590	SB01G007150	1.3295	553.5	1441.5	0.2871	0.2624	0.9140	-4480.060896
SB02G002590	SB01G006470	1.6380	249.9	1325.1	0.1155	0.2465	2.1341	-3263.870120
SB02G002210	SB01G006670	31.4472	295.9	1645.1	0.0099	0.6462	65.1681	-4596.474654
SB02G002450	SB01G006690	1.0968	700.1	2353.9	0.0803	0.1008	1.2559	-5967.700503
SB02G002470	SB01G006710	1.8363	592.5	1645.5	0.2157	0.3118	1.4460	-5126.541046
SB02G002490	SB06G031480	14.7968	80.3	417.7	0.0461	1.1371	24.6717	-1182.314584
SB02G002590	SB06G031420	8.1725	173.1	1005.9	0.0393	0.5934	15.1086	-2791.380533
SB01G006470	SB06G031420	50.0000	176.7	990.3	0.0056	0.6027	106.6785	-2797.614953
SB02G002840	SB06G031130	50.0000	216.5	827.5	0.0090	0.7001	77.6898	-2649.876523
SB02G002210	SB01G041810	18.7821	156.3	872.7	0.0181	0.6761	37.4337	-2437.940993
SB02G002590	SB01G041400	50.0000	245.7	1335.3	0.0066	0.6826	103.5263	-3768.205922
SB01G006470	SB01G041400	50.0000	286.6	1426.4	0.0084	0.8022	95.6093	-4157.023684
SB02G002210	SB01G009910	50.0000	123.9	791.1	0.0054	0.6463	118.9941	-2106.719676
SB01G006670	SB01G009910	50.0000	139.0	755.0	0.0062	0.6405	103.7296	-2113.291024
SB01G041810	SB01G009910	2.7054	139.8	817.2	0.0294	0.1548	5.2669	-1867.721595
SB02G002470	SB01G009670	7.2530	579.1	1649.9	0.0563	0.4518	8.0187	-5424.691273
SB01G006710	SB01G009670	2.8127	601.4	1639.6	0.2300	0.4938	2.1473	-5524.329108
SB02G002590	SB01G009910	6.9436	125.0	823.0	0.0310	0.4518	14.5820	-2093.077243
SB01G006470	SB01G009910	14.3933	121.0	800.0	0.0154	0.5117	33.1277	-2081.089218
SB01G041400	SB01G009910	9.4402	139.0	806.0	0.0297	0.5418	18.2558	-2190.007491
SB05G023070	SB05G008720	0.0707	484.5	1213.5	1.0993	0.0242	0.0220	-2521.315837
SB05G023470	SB05G008560	1.4858	111.7	392.3	0.4276	0.3820	0.8932	-1169.834828
SB05G023490	SB05G008480	1.8877	101.1	408.9	0.1400	0.2837	2.0270	-1152.082415
SB05G023510	SB05G008500	10.3080	110.3	477.7	0.0481	0.7293	15.1528	-1458.488298
SB05G023840	SB05G008170	1.8943	130.7	457.3	0.3045	0.4188	1.3756	-1380.684655
SB05G023850	SB05G008185	50.0000	108.2	350.8	0.0118	0.8044	68.0762	-1178.978131
SB05G023980	SB05G008240	50.0000	127.7	448.3	0.0088	0.6414	72.9412	-1468.825794
SB05G024190	SB05G008051	3.1455	118.8	406.2	0.1867	0.5282	2.8284	-1284.531058
SB05G024190	SB05G008170	1.8489	127.3	460.7	0.3029	0.4113	1.3581	-1379.172538
SB05G024520	SB05G007480	50.0000	683.5	2277.5	0.0115	0.8014	69.5320	-7625.036463
SB05G024530	SB05G008040	50.0000	205.2	670.8	0.0201	1.3441	66.7584	-2353.806160
SB05G024690	SB05G008051	2.8303	117.3	416.7	0.1943	0.4937	2.5406	-1288.051520
SB05G023233	SB10G004620	50.0000	136.2	391.8	0.0075	0.4729	63.2714	-1281.161375
SB05G008500	SB10G004530	50.0000	494.1	1659.9	0.0153	1.0600	69.0924	-5643.197944
SB05G023490	SB10G004480	2.3782	121.8	415.2	0.0846	0.2296	2.7126	-1175.926091
SB05G008480	SB10G004480	1.8560	237.7	836.3	0.1630	0.2895	1.7766	-2405.232758
SB10G005840	SB04G035580	50.0000	139.1	691.9	0.0081	0.7771	95.6897	-2050.950779
SB10G006130	SB04G035360	1.1083	237.7	2048.3	0.0778	0.1655	2.1272	-4266.137395
SB10G006630	SB04G034840	2.8097	181.0	1142.0	0.0448	0.2392	5.3353	-2657.989026
SB10G006670	SB04G034820	1.0920	669.9	1895.1	0.1106	0.1174	1.0616	-5185.640109
SB09G006610	SB03G001300	50.0000	358.7	1069.3	0.0125	0.7977	63.9768	-3719.465895
SB09G007190	SB03G001090	50.0000	243.6	728.4	0.0103	0.6647	64.5171	-2492.263853
SB05G018840	SB01G025070	4.9508	91.8	337.2	0.1886	0.8593	4.5565	-1102.931995
SB05G018905	SB01G025335	50.0000	169.1	469.9	0.0213	1.2661	59.4570	-1719.892314
SB05G019145	SB01G025885	0.7794	125.2	378.8	0.4872	0.2060	0.4227	-1049.756714
SB05G019477	SB01G025900	50.0000	147.5	533.5	0.0250	1.7634	70.5482	-1769.581394
SB05G019490	SB01G025950	50.0000	658.0	2357.0	0.0107	0.7856	73.5523	-7791.338050
SB05G019660	SB01G026200	3.0766	291.4	857.6	0.2974	0.6413	2.1565	-2876.942361
SB05G019825	SB01G026450	1.5844	272.9	789.1	0.3286	0.3463	1.0539	-2424.765191
SB05G020443	SB01G026620	42.7036	180.7	557.3	0.0245	1.3252	54.0475	-1970.395229
SB05G020480	SB01G026560	0.7290	548.2	1551.8	0.3245	0.1574	0.4852	-4224.982038
SB08G020850	SB01G013860	50.0000	424.9	1405.1	0.0131	0.8993	68.8033	-4797.626778
SB08G021130	SB01G013650	50.0000	82.2	343.8	0.0079	0.6606	83.6274	-1071.374071
SB08G005066	SB01G026450	12.0755	275.1	885.9	0.0801	1.0822	13.5044	-3051.355092
SB08G005310	SB01G026200	2.2651	343.2	1003.8	0.3111	0.4827	1.5518	-3287.481517
SB08G005400	SB01G025950	50.0000	845.3	2343.7	0.0149	0.8972	60.3899	-8411.585580
SB08G005435	SB01G025885	2.4692	475.0	1508.0	0.6265	0.7202	1.1496	-4998.962207
SB08G005585	SB01G025340	50.0000	95.7	315.3	0.0097	0.6755	69.3690	-1048.167638
SB08G005613	SB01G025560	0.5193	143.6	564.4	0.2697	0.1117	0.4142	-1321.964781
SB08G005950	SB01G024370	0.9348	110.5	369.5	0.5354	0.2597	0.4851	-1015.204503
SB08G006165	SB01G024160	50.0000	181.0	521.0	0.0190	1.1638	61.2860	-1869.317938
SB08G006445	SB01G022970	3.0159	110.9	402.1	0.1506	0.4530	3.0080	-1244.909571
SB08G006550	SB01G022980	4.6892	112.0	380.0	0.2898	1.0033	3.4619	-1277.401396
SB08G006750	SB01G023090	1.5117	230.9	744.1	0.4273	0.3825	0.8951	-2272.279337
SB08G006890	SB01G023180	11.6479	210.0	645.0	0.0503	0.6886	13.6928	-2211.457200
SB08G005600	SB10G021275	4.2236	73.8	295.2	0.3909	1.0734	2.7462	-909.593024
SB01G025070	SB10G021154	2.3610	223.2	652.8	0.3563	0.5390	1.5127	-2155.718762
SB01G025070	SB10G021461	21.6123	245.0	871.0	0.0694	1.8263	26.3185	-2990.380325
SB08G006550	SB10G020160	10.8316	139.2	403.8	0.1274	1.3097	10.2829	-1430.971163
SB01G022980	SB10G020160	0.3211	110.8	276.2	0.5243	0.0850	0.1621	-672.105905
SB05G010570	SB05G008720	0.4082	409.4	1264.6	0.9196	0.1332	0.1448	-3119.535613
SB05G011121	SB05G008716	0.0964	114.5	368.5	1.9994	0.0364	0.0182	-716.083259
SB05G012940	SB05G008480	5.6623	257.5	879.5	0.2571	1.1408	4.4372	-2979.862307
SB05G015330	SB05G008170	50.0000	127.9	427.1	0.0246	1.6411	66.8444	-1473.782772
SB05G016220	SB05G008170	3.0847	103.2	373.8	0.2394	0.6094	2.5460	-1187.330397
SB05G016690	SB05G008051	50.0000	121.1	388.9	0.0147	0.9859	67.0329	-1327.781005
SB05G016900	SB05G007480	50.0000	386.0	1222.0	0.0110	0.7386	67.0841	-4136.295230
SB05G017150	SB05G007305	5.8424	142.5	523.5	0.2036	1.0601	5.2077	-1732.976623
SB05G007305	SB07G017590	46.3209	504.1	1508.9	0.0201	1.1667	58.1605	-5377.308204
SB05G007410	SB07G017390	50.0000	143.5	564.5	0.0160	1.2364	77.3408	-1822.868428
SB05G007420	SB07G017175	3.7052	96.1	356.9	0.3039	0.8313	2.7354	-1137.827937
SB05G007430	SB07G017170	4.4316	297.1	956.9	0.2632	0.8881	3.3741	-3248.586542
SB05G008040	SB07G016100	50.0000	386.8	1191.2	0.0223	1.4164	63.6287	-4222.245180
SB05G008170	SB07G015440	9.1742	120.5	398.5	0.2229	1.6905	7.5824	-1375.421471
SB05G007903	SB07G019080	1.2669	212.7	597.3	0.5364	0.3442	0.6416	-1834.777406
SB05G008170	SB07G019270	50.0000	113.4	438.6	0.0145	1.1147	76.8488	-1442.499742
SB05G008560	SB07G019513	0.2236	395.7	876.3	0.9210	0.0726	0.0788	-2100.860613
SB05G014070	SB01G026472	0.1838	307.4	733.6	0.6874	0.0540	0.0786	-1675.892764
SB05G015090	SB01G026320	1.8906	730.7	2221.3	0.0833	0.1692	2.0316	-6299.976737
SB05G015330	SB01G026200	38.9292	194.3	534.7	0.0367	1.6243	44.2094	-1938.164243
SB05G015330	SB01G026450	3.8335	187.1	511.9	0.1692	0.5522	3.2639	-1704.378767
SB05G016220	SB01G026200	1.7377	311.7	930.3	0.3153	0.3749	1.1891	-2901.766859
SB05G016690	SB01G026200	49.3007	184.9	601.1	0.0179	1.1837	66.0169	-2076.232754
SB05G016870	SB01G025885	0.2806	241.9	637.1	0.9951	0.0934	0.0939	-1512.805663
SB05G016900	SB01G025950	50.0000	398.2	1203.8	0.0128	0.8249	64.5650	-4178.339969
SB05G017185	SB01G025830	1.5154	91.1	358.9	0.1842	0.2663	1.4463	-984.343463
SB05G025735	SB01G029440	1.7262	155.3	564.7	0.3564	0.4141	1.1618	-1707.072722
SB05G026030	SB01G029732	50.0000	108.2	371.8	0.0212	1.4609	68.9346	-1281.835185
SB05G026136	SB01G029810	4.3078	195.5	641.5	0.6461	1.2731	1.9704	-2228.259291
SB05G026285	SB01G029732	7.7029	100.0	323.0	0.2092	1.3555	6.4810	-1119.638002
SB05G026296	SB01G029855	0.2335	596.8	1761.2	0.5147	0.0628	0.1221	-3963.058258
SB05G026446	SB01G029732	32.2161	125.0	337.0	0.0207	0.7800	37.5946	-1177.681518
SB05G026720	SB01G030030	50.0000	129.0	471.0	0.0190	1.3747	72.4775	-1600.651257
SB05G026830	SB01G030233	50.0000	163.1	403.9	0.0167	0.9281	55.6313	-1497.982730
SB05G027005	SB01G030233	50.0000	129.2	326.8	0.0066	0.3829	57.8511	-1077.273103
SB05G027090	SB01G030300	50.0000	380.9	1383.1	0.0170	1.2357	72.7065	-4656.241918
SB05G027325	SB01G030233	6.0804	140.3	393.7	0.2836	1.2182	4.2955	-1433.463096
SB05G027440	SB01G030300	50.0000	319.5	1621.5	0.0109	1.0456	95.9416	-4833.969306
SB10G020880	SB04G009100	50.0000	125.0	409.0	0.0112	0.7720	68.6655	-1382.842026
SB10G012267	SB01G026275	8.7762	108.6	350.4	0.1353	1.1645	8.6041	-1220.118776
SB10G012300	SB01G026450	0.5010	188.5	552.5	0.3872	0.1190	0.3075	-1392.025055
SB10G012300	SB01G026200	5.4438	155.1	525.9	0.3081	1.2005	3.8961	-1799.834207
SB10G012995	SB01G026620	0.2177	144.0	384.0	1.1428	0.0751	0.0658	-877.620578
SB10G012995	SB01G026472	50.0000	130.9	358.1	0.0217	1.2744	58.7819	-1287.149285
SB10G013213	SB01G026560	1.0519	208.8	625.2	0.5920	0.2990	0.5052	-1817.198895
SB10G013213	SB01G026450	0.8804	200.7	639.3	0.4141	0.2193	0.5297	-1761.888629
SB10G015470	SB01G026990	50.0000	107.1	375.9	0.0212	1.4825	69.9377	-1291.970286
SB01G026620	SB08G022500	0.1270	405.7	1208.3	0.5244	0.0345	0.0657	-2522.498733
SB01G026800	SB08G022780	50.0000	104.9	441.1	0.0076	0.6382	84.0422	-1364.495444
SB01G025830	SB01G021550	0.5843	123.9	419.1	0.4934	0.1578	0.3198	-1062.614483
SB01G025940	SB01G021750	50.0000	253.6	721.4	0.0278	1.6534	59.3763	-2597.639070
SB01G026200	SB01G021822	6.4247	337.8	1060.2	0.4237	1.6118	3.8043	-3749.361286
SB01G022980	SB01G021392	1.7073	108.7	377.3	0.4770	0.4570	0.9581	-1156.848501
SB01G023180	SB01G021300	50.0000	135.0	723.0	0.0024	0.2487	104.6188	-1803.690542
SB01G024160	SB01G020900	50.0000	274.9	868.1	0.0112	0.7488	66.9292	-2966.051716
SB01G025070	SB01G020600	50.0000	103.4	373.6	0.0178	1.2870	72.2083	-1257.318370
SB05G007185	SB06G015485	0.0906	697.1	1636.9	0.6916	0.0266	0.0385	-3515.770143
SB05G007410	SB06G015612	50.0000	139.0	551.0	0.0140	1.1011	78.3934	-1766.862657
SB05G007420	SB06G015617	2.8658	114.9	419.1	0.3297	0.6646	2.0154	-1326.210618
SB05G007430	SB06G015620	3.1003	239.2	687.8	0.3096	0.6560	2.1189	-2340.151143
SB05G007570	SB06G016030	0.1430	591.4	1724.6	0.3448	0.0321	0.0931	-3546.436273
SB05G008170	SB06G016390	0.9107	129.9	458.1	0.4843	0.2458	0.5075	-1246.521256
SB05G008240	SB06G016350	19.1563	133.0	413.0	0.0281	0.6766	24.1181	-1392.014260
SB05G008480	SB06G016560	14.4466	102.5	320.5	0.0345	0.6185	17.9386	-1055.566871
SB05G008515	SB06G016580	50.0000	148.2	520.8	0.0206	1.4467	70.1691	-1763.050853
SB09G006470	SB10G011150	50.0000	303.8	887.2	0.0133	0.8358	62.8889	-3126.392572
SB09G007083	SB10G012070	2.8440	375.3	1073.7	0.4261	0.7028	1.6494	-3675.229014
SB09G007270	SB10G012250	0.4866	260.2	723.8	0.6936	0.1452	0.2094	-1860.479081
SB09G007435	SB10G012300	12.0025	175.0	524.0	0.1269	1.4699	11.5820	-1867.249630
SB09G007970	SB10G012300	9.6369	169.2	550.8	0.1247	1.2128	9.7237	-1911.805571
SB09G008205	SB10G013213	1.7504	193.3	619.7	0.3569	0.4084	1.1446	-1912.081388
SB05G007420	SB10G009445	1.3238	117.6	419.4	0.5045	0.3631	0.7198	-1206.861862
SB05G008560	SB10G008896	0.0650	226.5	487.5	0.5184	0.0167	0.0323	-1038.139550
SB05G008720	SB10G008913	0.2231	424.0	1271.0	0.7532	0.0687	0.0913	-2855.208581
SB05G008835	SB10G008896	1.3111	203.7	570.3	0.2434	0.2404	0.9878	-1684.747261
SB08G004440	SB04G010690	50.0000	152.1	441.9	0.0109	0.6871	63.0960	-1536.679984
SB08G004820	SB04G010690	13.5270	145.2	448.8	0.0359	0.5968	16.6056	-1515.696677
SB08G004830	SB04G011060	50.0000	413.0	1252.0	0.0132	0.8545	64.6007	-4362.560645
SB08G005060	SB04G011190	50.0000	433.5	1285.5	0.0151	0.9553	63.2632	-4524.314500
SB08G005310	SB04G011350	0.6439	296.9	918.1	0.6394	0.1887	0.2950	-2448.691459
SB08G005400	SB04G011190	50.0000	422.8	1290.2	0.0131	0.8529	64.9289	-4494.901031
SB08G005435	SB04G011316	7.7776	119.5	408.5	0.1692	1.2276	7.2569	-1400.963484
SB08G005585	SB04G011313	11.8618	81.7	296.3	0.0580	0.8764	15.1154	-986.691986
SB08G005600	SB04G012281	50.0000	186.4	971.6	0.0083	0.8268	99.2345	-2850.316329
SB08G021940	SB01G005880	3.8351	702.2	1967.8	0.1908	0.6043	3.1672	-6801.007282
SB08G022020	SB02G003380	1.8960	620.8	1851.2	0.2763	0.3813	1.3797	-5849.423592
SB09G003020	SB03G011730	50.0000	219.0	750.0	0.0161	1.1260	69.8796	-2560.698957
SB08G004440	SB05G004560	50.0000	249.7	803.3	0.0121	0.8203	67.6427	-2755.760981
SB05G004780	SB03G027135	2.3265	110.2	426.8	0.2741	0.5025	1.8328	-1297.626556
SB09G018470	SB03G045200	1.6640	191.3	570.7	0.0699	0.1278	1.8283	-1566.775126
SB07G004600	SB06G030300	1.5582	895.1	2773.9	0.1420	0.2100	1.4783	-7948.861519
SB03G023450	SB01G020600	0.6421	109.1	373.9	0.4496	0.1677	0.3729	-964.058163
SB03G024010	SB01G020930	50.0000	206.2	582.8	0.0127	0.7790	61.5691	-2064.251796
SB03G024510	SB01G021220	50.0000	175.9	631.1	0.0143	1.0417	72.7146	-2125.846306
SB03G024520	SB01G020900	50.0000	158.9	465.1	0.0195	1.2055	61.9232	-1660.275701
SB09G017510	SB03G012535	17.0813	278.2	861.8	0.0695	1.3345	19.1998	-3022.943000
SB09G017850	SB03G012720	0.9363	707.0	2200.0	0.1413	0.1260	0.8914	-5812.994486
SB09G016555	SB03G012725	0.0976	768.2	2027.8	0.8113	0.0306	0.0377	-4248.499378
SB09G017260	SB03G012485	8.1215	147.7	602.3	0.0498	0.5689	11.4251	-1831.586605
SB09G017703	SB10G019630	50.0000	119.7	366.3	0.0131	0.8499	65.0792	-1277.937925
SB03G012725	SB10G019600	0.2477	677.8	2160.2	0.8166	0.0784	0.0960	-4839.297063
SB05G009710	SB10G013213	50.0000	130.3	424.7	0.0225	1.4901	66.1353	-1482.641964
SB05G010040	SB10G014180	0.0483	272.1	744.9	0.5869	0.0135	0.0231	-1467.169704
SB05G010110	SB10G015050	0.5287	172.3	487.7	0.1127	0.0577	0.5117	-1155.714690
SB05G010370	SB10G015470	0.3796	122.8	381.2	0.6050	0.1092	0.1804	-912.624309
SB05G010570	SB10G016110	0.2593	640.5	1873.5	0.6334	0.0753	0.1189	-4304.648408
SB05G011880	SB10G016710	20.6539	121.7	367.3	0.0503	1.2070	24.0130	-1294.061856
SB09G001190	SB01G039630	1.6555	279.8	848.2	0.1135	0.1878	1.6551	-2437.316215
SB09G001720	SB03G005510	11.4182	472.6	1519.4	0.1139	1.3373	11.7440	-5309.808892
SB01G039000	SB03G005510	36.4995	373.8	2107.2	0.0052	0.4045	78.4736	-5554.121407
SB09G001720	SB08G019050	50.0000	424.7	1516.3	0.0211	1.4934	70.8397	-5137.933206
SB01G039000	SB08G019050	38.8241	270.2	1733.8	0.0083	0.7541	91.1558	-4642.986463
SB08G006890	SB05G012530	50.0000	571.2	1771.8	0.0157	1.0249	65.1839	-6246.812176
SB08G007260	SB05G011121	5.3923	63.9	389.1	0.3610	1.4385	3.9844	-1158.531478
SB08G008240	SB05G009710	2.7137	144.2	434.8	0.5120	0.7311	1.4277	-1473.294259
SB08G005897	SB05G011121	1.3908	101.0	352.0	0.1460	0.2012	1.3781	-948.235787
SB08G006165	SB05G012530	50.0000	183.4	512.6	0.0219	1.3055	59.5936	-1855.517737
SB08G006210	SB05G013630	0.0551	275.5	783.5	0.9375	0.0181	0.0193	-1545.588895
SB08G006340	SB05G014070	0.8396	182.6	681.4	0.5342	0.2363	0.4424	-1843.961930
SB08G006550	SB05G016220	4.6290	355.1	1093.9	0.2350	0.8583	3.6521	-3764.028585
SB09G030440	SB03G026370	50.0000	326.1	1017.9	0.0115	0.7594	66.3143	-3480.350831
SB09G030640	SB03G025920	1.8593	405.6	1109.4	0.2261	0.3234	1.4303	-3444.881391
SB05G022795	SB09G011470	50.0000	197.6	537.4	0.0246	1.4310	58.0935	-1952.947890
SB05G023470	SB09G008205	13.5827	110.0	397.0	0.0756	1.2393	16.3885	-1340.880000
SB05G023510	SB09G008070	50.0000	146.4	453.6	0.0171	1.1088	64.8832	-1585.644912
SB05G023840	SB09G007435	2.0889	277.5	766.5	0.3266	0.4498	1.3773	-2502.772060
SB05G023850	SB09G007430	1.6118	75.4	257.6	0.2147	0.2939	1.3692	-745.418399
SB05G024190	SB09G007083	1.6749	477.5	1361.5	0.3047	0.3506	1.1505	-4266.693559
SB05G024530	SB09G006470	21.7888	202.7	670.3	0.0495	1.3295	26.8820	-2315.701251
SB02G004590	SB01G005170	2.6355	298.2	814.8	0.3784	0.6100	1.6122	-2761.378079
SB02G004800	SB01G005000	1.3785	267.8	725.2	0.3359	0.2997	0.8921	-2201.145024
SB03G009225	SB03G004940	50.0000	146.9	438.1	0.0175	1.1015	63.0938	-1548.816430
SB03G009480	SB03G005180	0.0362	301.0	911.0	0.1253	0.0044	0.0353	-1658.512339
SB03G009640	SB03G005350	16.4198	184.5	535.5	0.0414	0.7893	19.0713	-1891.368607
SB08G015380	SB05G019065	1.0898	94.4	289.6	0.3952	0.2639	0.6679	-828.759338
SB08G015390	SB05G019060	1.7945	595.2	1882.8	0.3975	0.4385	1.1032	-5932.901545
SB08G016050	SB05G018837	0.1678	123.4	284.6	2.7594	0.0693	0.0251	-628.978366
SB08G016080	SB05G018211	2.9836	97.8	364.2	0.1557	0.4628	2.9735	-1109.521780
SB08G016088	SB05G018840	0.1169	118.2	361.8	0.7905	0.0366	0.0463	-735.005820
SB08G016220	SB05G018020	50.0000	557.0	1534.0	0.0190	1.1300	59.4604	-5576.760412
SB08G016220	SB05G018780	50.0000	137.8	444.2	0.0136	0.9162	67.4156	-1521.768644
SB05G010040	SB10G012250	50.0000	237.3	704.7	0.0292	1.7783	60.8783	-2514.827838
SB05G010570	SB10G012995	50.0000	119.3	393.7	0.0174	1.1820	67.7877	-1347.277209
SB05G011000	SB10G013020	50.0000	153.9	560.1	0.0145	1.0672	73.4178	-1842.865835
SB05G012530	SB10G013500	15.2826	297.5	929.5	0.0423	0.7856	18.5571	-3193.141958
SB05G012940	SB10G013746	50.0000	103.5	424.5	0.0126	1.0172	80.8880	-1370.293702
SB05G015330	SB10G015470	17.2101	113.4	354.6	0.0875	1.6264	18.5901	-1239.557570
SB05G007323	SB05G005965	19.4201	173.7	507.3	0.0593	1.2830	21.6364	-1800.973333
SB05G007420	SB05G005855	1.3256	117.1	419.9	0.5571	0.3766	0.6759	-1209.500383
SB05G007430	SB05G005860	2.9884	311.0	955.0	0.2542	0.5789	2.2771	-3166.224164
SB05G007803	SB05G005820	4.6142	121.6	409.4	0.0805	0.4256	5.2842	-1274.929835
SB05G008170	SB05G005546	50.0000	138.1	425.9	0.0183	1.1785	64.4420	-1487.405542
SB05G008500	SB05G005345	50.0000	199.9	721.1	0.0106	0.7821	73.9567	-2351.762531
SB05G008560	SB05G005280	0.8784	397.6	1117.4	0.3953	0.2089	0.5286	-3170.588856
SB05G008040	SB06G002970	50.0000	240.2	779.8	0.0207	1.3728	66.3264	-2710.628994
SB05G008051	SB06G003173	2.8882	117.8	407.2	0.2110	0.5236	2.4812	-1282.584342
SB05G008560	SB06G004995	1.9840	137.1	408.9	0.3869	0.4730	1.2227	-1312.871114
SB05G005280	SB06G004995	5.5790	156.1	467.9	0.4382	1.4080	3.2131	-1656.381157
SB06G003355	SB02G007615	2.8931	117.2	455.8	0.1304	0.4078	3.1281	-1347.873733
SB05G008050	SB02G009794	50.0000	114.8	356.2	0.0052	0.3488	67.3078	-1112.161489
SB05G001050	SB02G042910	50.0000	277.7	967.3	0.0073	0.5327	72.8710	-3010.186981
SB05G001450	SB02G043090	4.7697	255.3	812.7	0.2538	0.9337	3.6788	-2799.569883
SB09G006696	SB06G014508	21.1259	239.8	993.2	0.0292	0.9431	32.3064	-3174.519361
SB09G007083	SB06G014295	1.6500	501.0	1455.0	0.2854	0.3351	1.1740	-4514.874767
SB09G007190	SB06G014310	50.0000	338.0	961.0	0.0131	0.8111	61.7464	-3399.471845
SB09G007270	SB06G014245	7.0531	356.0	1264.0	0.3580	1.6864	4.7111	-4343.519001
SB09G007280	SB06G014240	1.6736	178.3	580.7	0.3372	0.3816	1.1318	-1787.264820
SB09G007435	SB06G013800	50.0000	249.6	752.4	0.0254	1.5766	62.1489	-2660.247030
SB09G007970	SB06G013800	50.0000	308.6	951.4	0.0253	1.5960	63.1373	-3376.188610
SB09G007970	SB06G013010	50.0000	271.5	847.5	0.0234	1.4994	64.0115	-2990.706151
SB09G007990	SB06G013700	50.0000	226.8	838.2	0.0194	1.4189	73.0308	-2815.040953
SB09G008205	SB06G012295	1.8444	457.8	1273.2	0.2906	0.3736	1.2856	-4041.559247
SB06G012505	SB01G025830	0.9594	164.6	678.4	0.4665	0.2614	0.5604	-1808.340765
SB06G013010	SB01G026200	50.0000	263.3	837.7	0.0267	1.7178	64.2229	-2949.452773
SB06G013700	SB01G026320	50.0000	333.9	1130.1	0.0171	1.1821	69.0769	-3889.151500
SB06G013800	SB01G026200	8.5467	295.0	974.0	0.3973	2.1061	5.3015	-3396.056918
SB06G014295	SB01G026450	1.7689	264.4	779.6	0.3113	0.3779	1.2140	-2426.678381
SB06G001760	SB04G013780	0.7869	137.2	510.8	0.3512	0.1886	0.5368	-1335.454275
SB06G001840	SB04G012940	50.0000	114.1	302.9	0.0165	0.9622	58.3340	-1094.151383
SB06G002190	SB04G012281	50.0000	189.4	593.6	0.0109	0.7278	66.6215	-2011.716855
SB06G002280	SB04G011340	1.2817	100.0	320.0	0.2184	0.2307	1.0565	-901.050206
SB06G002451	SB04G011350	50.0000	268.8	862.2	0.0336	2.1246	63.3111	-3041.703314
SB06G002970	SB04G011060	50.0000	234.9	782.1	0.0103	0.7158	69.7690	-2598.834650
SB06G003120	SB04G010690	16.0764	144.4	455.6	0.0283	0.5774	20.4378	-1515.284806
SB06G003173	SB04G010350	2.3466	145.5	463.5	0.5968	0.6735	1.1284	-1530.234373
SB02G026520	SB03G036190	50.0000	353.0	1672.0	0.0090	0.8279	91.6832	-4993.360696
SB10G007200	SB03G036400	50.0000	99.3	272.7	0.0171	1.0223	59.6541	-976.827816
SB10G006870	SB01G041210	50.0000	194.0	1039.0	0.0059	0.6025	102.6934	-2851.329875
SB02G026340	SB01G041210	50.0000	202.0	1055.0	0.0057	0.5762	100.6955	-2943.194108
SB02G026520	SB01G040950	50.0000	408.9	1421.1	0.0177	1.2408	70.2829	-4745.468529
SB08G005585	SB05G007803	50.0000	92.4	309.6	0.0095	0.6685	70.2694	-1019.897947
SB08G005613	SB05G007530	50.0000	208.5	805.5	0.0211	1.5779	74.9598	-2663.356490
SB08G006165	SB05G007305	7.3974	172.9	523.1	0.1648	1.0916	6.6226	-1842.625214
SB08G006890	SB05G006860	50.0000	383.8	1338.2	0.0133	0.9521	71.4590	-4513.089781
SB05G023850	SB01G021210	0.7468	90.3	314.7	0.7027	0.2275	0.3237	-830.480028
SB05G023980	SB01G021300	50.0000	207.9	893.1	0.0094	0.8012	84.8235	-2765.558152
SB05G024190	SB01G021392	1.5698	445.2	1447.8	0.3084	0.3426	1.1109	-4371.433684
SB05G024370	SB01G021370	7.1620	91.8	388.2	0.1928	1.3256	6.8750	-1228.479022
SB05G024530	SB01G021615	50.0000	60.6	311.4	0.0103	0.9964	97.1176	-926.144032
SB05G024690	SB01G021822	6.8456	391.7	1201.3	0.1271	0.8485	6.6774	-4154.226258
SB05G024920	SB01G021815	49.8412	138.9	353.1	0.0102	0.5858	57.3673	-1241.817696
SB07G016100	SB01G020900	29.8688	245.1	999.9	0.0210	0.9800	46.5825	-3182.988553
SB07G017180	SB01G021220	1.5341	212.7	864.3	0.3723	0.3836	1.0305	-2470.540649
SB07G017590	SB01G021300	10.1684	210.7	785.3	0.0505	0.6806	13.4876	-2489.284019
SB07G019270	SB01G021822	50.0000	408.8	1196.2	0.0230	1.4117	61.3009	-4292.191628
SB08G007262	SB01G025305	1.5241	198.9	752.1	0.1362	0.2184	1.6032	-2014.450548
SB08G007320	SB01G025320	0.0204	118.0	326.0	0.7141	0.0062	0.0086	-615.117069
SB08G008240	SB01G026200	0.2011	370.2	964.8	0.7130	0.0603	0.0846	-2197.518826
SB08G008345	SB01G026320	50.0000	106.2	313.8	0.0161	1.0104	62.9381	-1089.373247
SB08G008630	SB01G026450	1.7599	114.0	327.0	0.3454	0.3938	1.1400	-1020.619178
SB08G009201	SB01G026560	0.1369	783.2	2060.8	0.7033	0.0409	0.0581	-4474.902361
SB08G009545	SB01G026640	50.0000	110.2	393.8	0.0053	0.3969	74.8327	-1207.012382
SB08G011310	SB01G026970	50.0000	414.0	1347.0	0.0247	1.6193	65.6249	-4706.939245
SB04G009910	SB01G020900	5.6116	311.1	897.9	0.1665	0.8175	4.9097	-3134.290375
SB04G010050	SB01G021220	7.8256	166.7	583.3	0.1313	1.0557	8.0428	-1980.251195
SB04G010690	SB01G021340	7.3171	131.2	471.8	0.1451	1.0686	7.3650	-1591.662337
SB04G011350	SB01G021822	50.0000	298.1	910.9	0.0271	1.6920	62.4153	-3246.963331
SB04G012180	SB01G021750	24.3606	137.3	543.7	0.0243	0.8930	36.7333	-1766.929073
SB04G034250	SB02G026520	50.0000	412.0	2168.0	0.0030	0.3063	102.7646	-5593.670391
SB01G046520	SB01G021300	19.4342	249.6	851.4	0.0064	0.1789	27.9691	-2340.255607
SB05G001450	SB01G036470	50.0000	232.3	925.7	0.0091	0.7288	80.1760	-2937.584944
SB07G015440	SB10G021154	0.8770	109.0	371.0	0.7354	0.2703	0.3675	-1021.827549
SB07G016100	SB10G021275	6.3037	70.4	304.6	0.1033	0.7989	7.7358	-908.274467
SB07G017170	SB10G021461	6.7219	257.1	840.9	0.1857	1.1055	5.9525	-2858.376718
SB07G017590	SB10G021740	50.0000	582.5	1661.5	0.0190	1.1598	60.8930	-5993.619998
SB07G019080	SB10G021830	0.0947	222.3	494.7	1.6963	0.0362	0.0213	-1068.243478
SB07G005620	SB06G028830	1.3629	286.8	796.2	0.1286	0.1626	1.2641	-2268.391626
SB05G007430	SB01G026200	50.0000	300.7	941.3	0.0252	1.6092	63.8115	-3327.988199
SB05G007480	SB01G025950	50.0000	620.4	2265.6	0.0092	0.6900	75.0154	-7232.297728
SB05G007903	SB01G025885	2.3661	467.1	1479.9	0.6283	0.6907	1.0993	-4890.395619
SB05G008170	SB01G025070	8.4317	127.1	445.9	0.1543	1.2684	8.2185	-1508.488125
SB05G008480	SB01G024051	6.2115	87.3	293.7	0.2381	1.1948	5.0170	-954.482337
SB10G030110	SB01G034570	12.9815	169.8	949.2	0.0152	0.3990	26.2920	-2500.730722
SB10G030680	SB01G033855	16.4439	199.3	619.7	0.0478	0.9376	19.6108	-2171.800147
SB10G030860	SB01G033860	50.0000	265.9	817.1	0.0150	0.9735	64.8942	-2842.193011
SB10G030860	SB01G033690	50.0000	402.7	1271.3	0.0138	0.9138	66.4047	-4417.702436
SB10G030880	SB01G033855	50.0000	211.7	646.3	0.0088	0.5799	65.7634	-2177.335863
SB10G030880	SB04G001360	1.7455	255.1	962.9	0.1256	0.2367	1.8848	-2685.098973
SB01G033855	SB04G001360	50.0000	209.6	639.4	0.0080	0.5289	65.9024	-2125.619252
SB01G033690	SB04G001210	50.0000	323.0	1354.0	0.0098	0.8121	83.1332	-4248.350340
SB05G010370	SB06G001770	2.4026	300.0	867.0	0.3387	0.5332	1.5743	-2873.241608
SB05G011000	SB06G001760	1.1260	136.2	490.8	0.5265	0.3140	0.5964	-1395.676761
SB05G011880	SB06G001840	50.0000	480.7	1586.3	0.0235	1.5628	66.5030	-5555.137585
SB05G015090	SB06G002060	4.3309	98.3	270.7	0.0522	0.2472	4.7395	-820.553033
SB05G015320	SB06G002280	1.1098	87.2	311.8	0.1661	0.1764	1.0624	-831.888539
SB05G015330	SB06G002451	6.1289	172.8	562.2	0.4915	1.6432	3.3432	-1939.491107
SB05G016220	SB06G002451	1.4871	227.9	660.1	0.3245	0.3231	0.9957	-2003.302270
SB10G015470	SB02G020765	9.9844	109.0	383.0	0.1056	1.1571	10.9544	-1300.703140
SB10G016710	SB02G020815	7.6612	86.4	405.6	0.3262	1.8740	5.7443	-1314.576868
SB10G019600	SB02G021160	0.0437	655.9	1447.1	0.9409	0.0143	0.0152	-3025.214513
SB10G019750	SB02G021520	0.4059	148.2	505.8	0.1136	0.0489	0.4303	-1137.399190
SB08G008210	SB05G008720	0.4217	409.1	1324.9	0.7234	0.1289	0.1782	-3234.641183
SB08G008240	SB05G008560	0.1831	671.4	1860.6	0.6977	0.0547	0.0785	-4101.994475
SB08G008240	SB05G008170	0.8021	123.3	437.7	0.8215	0.2552	0.3106	-1177.589687
SB08G008420	SB05G008500	13.5037	348.2	1859.8	0.0427	0.9917	23.2493	-5372.694784
SB08G008630	SB05G008560	2.5670	109.2	319.8	0.2185	0.4479	2.0501	-1026.783566
SB07G008600	SB03G020271	50.0000	184.0	668.0	0.0274	1.9237	70.2049	-2290.338962
SB07G009741	SB03G022731	50.0000	182.6	471.4	0.0306	1.6925	55.3334	-1738.752929
SB07G009790	SB03G022790	2.8742	166.0	572.0	0.5229	0.7949	1.5202	-1893.703724
SB07G010516	SB03G023010	50.0000	204.9	953.1	0.0185	1.6037	86.7263	-3066.157990
SB07G011260	SB03G023450	4.1034	304.2	979.8	0.1700	0.6341	3.7303	-3234.259049
SB07G012161	SB03G023510	50.0000	149.0	415.0	0.0186	1.1172	59.9564	-1486.936862
SB07G015440	SB04G011350	25.4340	122.4	438.6	0.0375	1.2850	34.2584	-1469.696349
SB07G016100	SB04G012281	50.0000	349.2	1456.8	0.0146	1.1896	81.2249	-4584.721124
SB07G017180	SB04G012940	50.0000	93.3	335.7	0.0132	0.9644	73.1365	-1126.295343
SB07G017590	SB04G012281	12.9009	430.4	1447.6	0.0572	0.8997	15.7368	-4819.431806
SB07G019065	SB04G012940	2.1377	111.1	293.9	0.1504	0.2795	1.8577	-913.267958
SB07G019120	SB04G013780	50.0000	126.0	408.0	0.0232	1.5240	65.6829	-1401.967260
SB07G019270	SB04G014091	1.8474	444.1	1319.9	0.2967	0.3857	1.2998	-4159.862103
SB07G022380	SB10G006630	50.0000	274.9	928.1	0.0110	0.7750	70.3249	-3095.818866
SB07G004863	SB09G005843	50.0000	135.7	401.3	0.0172	1.0769	62.7758	-1427.528374
SB07G005110	SB09G006011	50.0000	114.9	389.1	0.0162	1.1206	69.3390	-1348.182261
SB07G005302	SB09G006250	1.6403	482.8	1443.2	0.3168	0.3549	1.1202	-4477.205774
SB07G005620	SB09G006470	37.7996	251.2	720.8	0.0129	0.6066	47.0193	-2459.136491
SB07G005620	SB09G006610	50.0000	258.5	818.5	0.0101	0.6772	67.3050	-2736.364573
SB07G005790	SB09G006696	35.6006	254.9	948.1	0.0103	0.5536	53.9407	-2960.018058
SB06G018625	SB03G028660	37.8741	165.0	495.0	0.0120	0.5858	48.7538	-1644.267456
SB06G018993	SB03G029000	50.0000	133.0	431.0	0.0132	0.8926	67.7940	-1486.357179
SB06G019120	SB03G029150	8.8118	379.8	1516.2	0.0891	0.9636	10.8174	-4653.348509
SB06G019350	SB03G029150	13.7522	207.8	662.2	0.0378	0.6477	17.1256	-2207.711890
SB06G019570	SB03G029350	50.0000	110.6	330.4	0.0145	0.9216	63.7144	-1149.381437
SB06G019890	SB03G029550	50.0000	350.1	1035.9	0.0128	0.8138	63.5803	-3615.168268
SB05G007305	SB04G011060	50.0000	371.3	1173.7	0.0134	0.8886	66.5501	-4070.305393
SB05G007420	SB04G011110	2.9369	106.6	418.4	0.2088	0.5534	2.6497	-1273.186410
SB05G007480	SB04G011190	50.0000	355.9	1303.1	0.0110	0.8211	74.6785	-4260.426190
SB05G007570	SB04G011283	50.0000	291.4	1313.6	0.0153	1.3156	85.8698	-4115.858019
SB05G007903	SB04G011316	6.4410	118.3	412.7	0.2199	1.1991	5.4538	-1408.377668
SB05G008051	SB04G011350	12.2497	120.4	386.6	0.1109	1.4060	12.6779	-1346.648832
SB07G007580	SB09G007083	6.0099	105.6	350.4	0.2124	1.0779	5.0752	-1200.629988
SB07G007745	SB09G007270	1.8310	341.6	1083.4	0.6546	0.5418	0.8277	-3454.092944
SB07G007760	SB09G007083	3.6338	448.3	1378.7	0.1844	0.5809	3.1499	-4553.278982
SB07G007765	SB09G007190	50.0000	183.5	761.5	0.0112	0.9149	82.0365	-2395.389334
SB07G008305	SB09G007270	0.1101	545.2	1314.8	0.8741	0.0352	0.0403	-2859.216189
SB07G008600	SB09G007435	50.0000	286.8	541.2	0.7411	14.8677	20.0619	-2220.122503
SB07G008600	SB09G007970	50.0000	184.7	640.3	0.0103	0.7397	71.8644	-2128.838442
SB07G008840	SB09G007990	50.0000	256.2	823.8	0.0159	1.0620	66.8420	-2855.250747
SB05G018020	SB05G007480	50.0000	673.6	2206.4	0.0114	0.7818	68.7016	-7402.571072
SB05G018840	SB05G008051	3.4950	80.5	273.5	0.1524	0.5144	3.3760	-864.563841
SB05G019060	SB05G008170	0.9170	131.5	456.5	0.5574	0.2596	0.4657	-1253.309911
SB05G026827	SB05G021405	1.6063	580.3	1801.7	0.3152	0.3501	1.1108	-5530.480715
SB05G027440	SB05G021790	50.0000	196.7	1186.3	0.0077	0.8640	111.9740	-3254.861941
SB03G012535	SB01G026200	4.2828	284.7	792.3	0.1341	0.5273	3.9330	-2654.932173
SB03G012650	SB01G025900	4.2607	147.8	554.2	0.2144	0.8018	3.7392	-1771.892855
SB03G012725	SB01G025885	0.3750	567.7	1685.3	0.8023	0.1177	0.1467	-4119.090436
SB03G012860	SB01G025340	1.0169	135.9	452.1	0.5521	0.2854	0.5170	-1294.693297
SB03G012863	SB01G025320	0.0802	360.6	794.4	1.1881	0.0281	0.0237	-1716.613230
SB03G012866	SB01G025070	14.3592	84.8	308.2	0.0545	1.0094	18.5197	-1032.654802
SB03G013130	SB01G024160	50.0000	355.5	1081.5	0.0134	0.8676	64.7379	-3774.288619
SB05G026827	SB05G007185	1.2001	598.1	1765.9	0.4198	0.2964	0.7060	-5290.969461
SB05G027005	SB05G007323	6.0681	174.0	498.0	0.1596	0.8561	5.3626	-1768.001473
SB05G027090	SB05G007305	50.0000	436.2	1303.8	0.0219	1.3691	62.3890	-4660.406182
SB05G027190	SB05G007410	4.6227	137.4	564.6	0.2031	0.8717	4.2916	-1771.738175
SB05G027440	SB05G008040	40.4215	349.0	1196.0	0.0212	1.1798	55.6064	-4110.935939
SB10G022290	SB03G025610	26.9563	262.9	808.1	0.0226	0.7729	34.2331	-2763.739910
SB10G022690	SB03G026030	50.0000	498.1	1670.9	0.0100	0.7029	70.2243	-5495.138739
SB06G011931	SB06G002877	0.4782	222.2	701.8	0.5237	0.1308	0.2497	-1765.104694
SB06G012671	SB06G002580	1.7004	188.2	633.8	0.2847	0.3598	1.2639	-1904.174092
SB06G013010	SB06G002451	1.8686	216.2	632.8	0.2990	0.3900	1.3043	-1991.203535
SB06G013700	SB06G002060	10.0733	71.8	291.2	0.0901	1.1205	12.4329	-945.242940
SB06G013800	SB06G002016	50.0000	162.6	437.4	0.0211	1.2295	58.1845	-1581.827219
SB06G014101	SB06G001955	9.4317	166.6	514.4	0.1250	1.1593	9.2704	-1804.538835
SB06G014295	SB06G001770	0.2615	318.5	851.5	0.9609	0.0862	0.0897	-2011.432069
SB06G012505	SB03G027138	2.6712	165.6	641.4	0.2173	0.5120	2.3561	-1952.104359
SB06G013700	SB03G026800	50.0000	335.8	1149.2	0.0199	1.3727	69.0140	-3949.550912
SB06G002060	SB03G026800	50.0000	74.4	174.6	0.0032	0.1784	55.3874	-533.735065
SB08G005060	SB01G025950	50.0000	679.2	2053.8	0.0118	0.7656	64.7502	-7123.114559
SB08G005066	SB01G026200	0.8035	381.1	1010.9	0.3520	0.1781	0.5059	-2839.932201
SB08G005310	SB01G026450	1.6725	246.6	716.4	0.3283	0.3658	1.1142	-2225.725785
SB08G005435	SB01G026472	1.4699	267.8	827.2	0.6172	0.4254	0.6893	-2553.652988
SB08G005585	SB01G026640	50.0000	85.4	316.6	0.0074	0.5667	76.3693	-1003.980310
SB08G005613	SB01G026770	6.2146	233.9	759.1	0.1074	0.7007	6.5209	-2504.999880
SB07G016100	SB10G013500	50.0000	230.2	951.8	0.0096	0.7936	82.2977	-2928.460255
SB07G017170	SB10G013213	5.6181	187.8	625.2	0.4161	1.4144	3.3989	-2132.809861
SB07G017590	SB10G013500	13.2898	283.0	890.0	0.0517	0.8164	15.7950	-3039.358578
SB07G019080	SB10G012995	50.0000	116.5	372.5	0.0215	1.4065	65.4489	-1303.021039
SB07G019120	SB10G013020	4.9502	109.9	454.1	0.3392	1.1961	3.5258	-1446.257661
SB07G019270	SB10G012300	0.2963	195.0	549.0	0.3657	0.0679	0.1857	-1277.524111
SB05G025735	SB05G021650	1.6503	219.1	761.9	0.3853	0.4056	1.0526	-2308.997273
SB05G025950	SB05G021850	32.3160	283.7	964.3	0.0224	0.9855	44.0300	-3280.554466
SB05G026030	SB05G021936	6.5305	121.6	391.4	1.0714	2.2118	2.0643	-1387.433498
SB05G026285	SB05G021936	50.0000	121.5	412.5	0.0194	1.3366	68.7294	-1437.905623
SB05G026296	SB05G022022	1.5001	395.4	1212.6	0.2906	0.3125	1.0752	-3640.377645
SB02G005990	SB01G011200	0.3958	145.2	508.8	0.4684	0.1054	0.2250	-1188.539507
SB05G016690	SB09G007435	50.0000	177.6	614.4	0.0264	1.7967	68.1170	-2116.709330
SB05G016870	SB09G007270	10.2026	230.5	903.5	0.1188	1.3560	11.4184	-3010.444371
SB05G017150	SB09G007190	5.2230	169.6	505.4	0.1665	0.7711	4.6313	-1725.922419
SB05G015330	SB09G007435	21.5985	194.6	522.4	0.0771	1.6945	21.9775	-1902.854636
SB05G016220	SB09G007970	1.8952	329.2	1065.8	0.3770	0.4545	1.2056	-3368.311744
SB08G009545	SB05G016860	6.6130	93.4	398.6	0.4143	1.7378	4.1947	-1292.619705
SB08G011090	SB05G017185	7.7705	86.6	372.4	0.6783	2.3775	3.5051	-1226.273972
SB08G013825	SB05G018211	50.0000	133.1	568.9	0.0159	1.3080	82.3194	-1846.254593
SB08G014475	SB05G018840	0.1276	103.4	361.6	0.7413	0.0395	0.0532	-722.371486
SB05G017150	SB10G001580	50.0000	143.1	507.9	0.0106	0.7756	73.0845	-1656.033590
SB05G018020	SB10G001970	50.0000	676.2	2041.8	0.0126	0.8144	64.5318	-7115.640330
SB05G026136	SB06G002190	3.0372	141.8	464.2	0.4407	0.7805	1.7713	-1547.609988
SB05G026285	SB06G001955	50.0000	150.7	458.3	0.0248	1.5532	62.6343	-1610.576685
SB05G026296	SB06G001770	0.1728	313.5	904.5	1.1016	0.0590	0.0536	-1974.803953
SB05G007430	SB09G006250	3.8364	326.1	915.9	0.4173	0.9357	2.2424	-3227.215331
SB05G007903	SB09G006300	2.5950	486.6	1490.4	0.5808	0.7345	1.2647	-5010.973385
SB05G008051	SB09G006250	50.0000	103.7	400.3	0.0125	0.9677	77.2729	-1317.073978
SB05G008240	SB09G006470	50.0000	167.4	444.6	0.0123	0.7283	59.0085	-1577.927688
SB05G008500	SB09G006610	50.0000	346.2	1129.8	0.0128	0.8735	68.2051	-3806.551194
SB05G008500	SB09G006470	14.5725	253.0	959.0	0.0344	0.7072	20.5871	-2983.070086
SB05G008170	SB05G007430	50.0000	118.3	418.7	0.0132	0.9538	72.2495	-1411.371639
SB05G008185	SB05G007420	3.3672	111.3	431.7	0.2452	0.6882	2.8070	-1338.307940
SB05G008240	SB05G007305	5.1194	146.7	480.3	0.1184	0.6221	5.2552	-1581.726424
SB05G008500	SB05G007305	50.0000	396.8	1601.2	0.0137	1.0863	79.5287	-5211.869633
SB05G008835	SB05G007185	2.0393	590.2	1827.8	0.3686	0.4794	1.3004	-5855.624760
SB05G008170	SB05G005280	0.9617	134.4	453.6	0.4946	0.2599	0.5254	-1258.206033
SB05G007185	SB05G005280	0.8258	407.1	1155.9	0.3580	0.1876	0.5241	-3225.368310
SB05G007305	SB05G005345	4.8905	216.6	770.4	0.5008	1.3376	2.6708	-2636.829972
SB05G007480	SB05G005490	50.0000	708.9	2213.1	0.0124	0.8202	66.1361	-7566.013499
SB05G008051	SB05G005546	2.8372	101.2	354.8	0.1993	0.5000	2.5082	-1108.480121
SB10G027793	SB10G009815	1.8319	409.8	1144.2	0.2558	0.3455	1.3507	-3598.116734
SB10G028025	SB10G009953	50.0000	235.5	730.5	0.0226	1.4467	63.8853	-2612.548674
SB10G028240	SB10G010010	50.0000	384.0	1152.0	0.0174	1.1049	63.3441	-4089.203437
SB08G008210	SB10G016110	0.1793	678.9	2072.1	0.8413	0.0571	0.0679	-4476.284975
SB08G008240	SB10G015470	0.7537	104.3	378.7	0.4311	0.1955	0.4535	-989.973293
SB08G008285	SB10G017370	15.3029	93.1	494.9	0.0870	1.9165	22.0389	-1531.557799
SB08G008345	SB10G016710	11.4778	85.3	316.7	0.1017	1.3321	13.0917	-1064.543932
SB08G008630	SB10G018070	0.4897	86.9	297.1	0.4688	0.1299	0.2772	-730.072009
SB08G009545	SB10G019610	6.5944	103.3	388.7	0.0448	0.4017	8.9565	-1178.739235
SB05G019145	SB05G014070	0.7240	165.9	620.1	0.5596	0.2070	0.3699	-1631.151365
SB05G019550	SB05G015565	0.2006	116.9	486.1	0.0698	0.0186	0.2674	-941.302666
SB05G019660	SB05G016220	4.8320	337.8	1027.2	0.2376	0.8977	3.7784	-3541.623993
SB05G019825	SB05G016690	0.1330	233.4	600.6	0.4458	0.0329	0.0738	-1290.036426
SB05G020443	SB05G016870	6.1937	141.7	620.3	0.5083	1.7497	3.4425	-2015.669670
SB02G031990	SB01G048180	50.0000	154.6	565.4	0.0058	0.4400	76.0138	-1698.093788
SB02G032060	SB01G048300	15.0399	250.2	853.8	0.0422	0.8165	19.3345	-2863.891037
SB09G028870	SB10G029180	50.0000	253.8	856.2	0.0103	0.7284	70.4233	-2835.497717
SB09G029620	SB10G029600	26.3932	93.5	272.5	0.0068	0.2306	33.7494	-808.867180
SB05G007185	SB09G007435	0.4136	318.2	746.8	0.6407	0.1181	0.1843	-1931.970918
SB05G007410	SB09G008060	7.0461	137.7	564.3	0.2097	1.3505	6.4400	-1826.734963
SB05G008051	SB09G008205	2.9287	118.3	406.7	0.2061	0.5226	2.5356	-1283.233583
SB05G008560	SB09G011470	2.0366	206.4	471.6	0.2640	0.3672	1.3909	-1566.684484
SB05G008716	SB09G012685	0.5065	140.1	492.9	0.6976	0.1540	0.2208	-1200.469511
SB09G018196	SB02G019330	0.0997	119.1	315.9	2.2590	0.0392	0.0174	-650.746612
SB09G018270	SB02G019430	0.6039	286.6	799.4	0.2760	0.1190	0.4310	-2101.789463
SB09G018430	SB02G019510	5.0941	92.4	378.6	0.7514	1.5946	2.1222	-1228.618297
SB09G018570	SB02G019830	1.5960	309.9	920.1	0.4116	0.3911	0.9502	-2859.206418
SB09G019055	SB02G020756	7.2145	262.1	850.9	0.0457	0.4063	8.8920	-2653.590957
SB09G019140	SB02G020765	50.0000	275.1	810.9	0.0251	1.5349	61.2718	-2904.907500
SB05G026296	SB07G022900	1.5893	723.2	2240.8	0.3465	0.3628	1.0470	-6903.497591
SB05G027090	SB07G021820	50.0000	334.9	1345.1	0.0142	1.1267	79.0909	-4363.209014
SB05G027120	SB07G021740	50.0000	258.8	851.2	0.0174	1.1743	67.6094	-2941.242663
SB07G022380	SB08G018590	26.0385	375.8	1190.2	0.0348	1.1339	32.5737	-4168.119399
SB07G022125	SB08G018373	1.7865	354.1	1316.9	0.2444	0.3598	1.4722	-3889.816480
SB08G017797	SB05G026296	0.0367	992.8	2079.2	1.2465	0.0131	0.0105	-4360.221763
SB05G019060	SB07G017170	50.0000	457.3	1606.7	0.0089	0.6464	72.9486	-5231.464385
SB05G019173	SB07G017556	50.0000	125.5	432.5	0.0205	1.4166	69.2427	-1471.591766
SB05G018840	SB07G017170	2.9985	81.5	281.5	0.2019	0.5295	2.6220	-889.958437
SB05G019060	SB07G015440	1.9299	121.2	427.8	0.2075	0.3490	1.6817	-1268.086052
SB09G011470	SB04G019673	26.8884	150.7	470.3	0.0456	1.4753	32.3223	-1650.658295
SB09G011991	SB04G019600	0.2502	166.8	409.2	0.6042	0.0701	0.1160	-969.043278
SB09G012685	SB04G019322	7.9587	138.0	480.0	0.3130	1.7801	5.6877	-1648.457016
SB09G012730	SB04G019290	0.1292	181.6	487.4	2.1153	0.0503	0.0238	-1040.282459
SB09G014671	SB04G018503	50.0000	121.8	352.2	0.0222	1.3557	60.9346	-1244.527019
SB04G017470	SB02G008191	0.0400	769.0	2075.0	0.5385	0.0108	0.0201	-4080.512405
SB04G017810	SB02G007925	50.0000	313.3	889.7	0.0199	1.2074	60.5679	-3201.473552
SB10G010010	SB04G029170	0.9725	500.7	1377.3	0.1017	0.0966	0.9501	-3704.389827
SB07G017170	SB01G026200	50.0000	336.5	1073.5	0.0160	1.0628	66.4486	-3718.244380
SB07G017180	SB01G026320	10.6348	248.9	828.1	0.1239	1.3460	10.8626	-2843.942759
SB07G019080	SB01G026472	9.7513	189.3	623.7	0.1943	1.6534	8.5111	-2168.316602
SB07G019270	SB01G026560	0.1982	602.0	1435.0	0.8136	0.0619	0.0760	-3323.470675
SB06G001512	SB01G020240	13.3593	101.2	324.8	0.0801	1.1947	14.9128	-1122.103880
SB06G001770	SB01G020600	1.5909	101.5	375.5	0.4130	0.4072	0.9859	-1120.825195
SB07G017170	SB02G021460	2.3478	64.7	280.3	0.2388	0.4898	2.0510	-837.478387
SB07G017590	SB02G021570	7.7732	187.0	533.0	0.0927	0.7318	7.8905	-1852.595829
SB07G019130	SB02G022100	3.3936	572.4	2259.6	0.0649	0.2893	4.4549	-6305.286480
SB05G018840	SB05G009710	8.7009	116.7	345.3	0.2704	1.7245	6.3775	-1232.962222
SB05G019060	SB05G010370	1.1248	408.8	1220.2	0.4505	0.2871	0.6372	-3614.568692
SB05G019145	SB05G010570	50.0000	147.5	581.5	0.0071	0.5675	80.1261	-1834.285762
SB05G019173	SB05G011121	6.7872	114.1	347.9	0.4830	1.7893	3.7048	-1218.079024
SB07G015440	SB06G014295	0.1671	116.5	399.5	0.5286	0.0464	0.0877	-818.116904
SB07G016100	SB06G014310	50.0000	311.6	1032.4	0.0163	1.1108	68.2124	-3500.228398
SB07G017180	SB06G014490	50.0000	216.5	830.5	0.0140	1.0685	76.4875	-2739.210261
SB05G007185	SB04G018311	50.0000	136.2	427.8	0.0215	1.3873	64.6601	-1494.805019
SB05G007430	SB04G017810	50.0000	293.9	876.1	0.0295	1.8005	60.9847	-3145.255847
SB05G007903	SB04G017470	1.4707	410.4	1338.6	0.5534	0.4122	0.7448	-4078.133771
SB05G008051	SB04G017440	2.8548	105.6	353.4	0.2312	0.5392	2.3318	-1123.787203
SB08G000710	SB01G038140	50.0000	401.6	1962.4	0.0033	0.3159	96.5531	-5224.597752
SB05G026285	SB02G005867	50.0000	142.9	442.1	0.0174	1.1283	64.7270	-1537.823933
SB05G026296	SB02G005990	0.0636	859.7	1987.3	1.4061	0.0232	0.0165	-4170.971247
SB05G026570	SB02G006190	6.5801	295.8	922.2	0.1602	0.9648	6.0237	-3214.637136
SB05G026827	SB02G006460	0.6451	640.1	1855.9	0.3265	0.1406	0.4307	-4918.963218
SB05G005280	SB03G020271	8.3742	304.9	934.1	0.3235	1.8429	5.6966	-3327.048989
SB05G005490	SB03G021850	50.0000	528.1	1517.9	0.0150	0.9306	61.8936	-5409.543983
SB05G005583	SB03G022631	0.1303	111.3	311.7	0.2254	0.0228	0.1012	-651.433884
SB05G005790	SB03G023010	1.0720	169.2	571.8	0.6492	0.3181	0.4900	-1621.094136
SB05G008170	SB04G017440	1.8605	128.1	459.9	0.2855	0.4013	1.4057	-1377.192242
SB05G008560	SB04G017810	0.9848	315.7	953.3	0.4193	0.2442	0.5823	-2733.851523
SB05G008720	SB04G017470	0.0900	523.6	1261.4	1.4102	0.0328	0.0233	-2700.864560
SB05G023470	SB10G010935	50.0000	112.0	389.0	0.0156	1.1004	70.7326	-1315.530076
SB05G023510	SB10G011150	50.0000	146.9	465.1	0.0124	0.8313	66.8121	-1603.926392
SB05G023510	SB10G011000	50.0000	137.9	459.1	0.0111	0.7726	69.5924	-1544.339914
SB05G023840	SB10G012070	0.2266	498.8	1265.2	0.8465	0.0718	0.0849	-2941.013971
SB08G017350	SB02G021460	1.6505	106.5	400.5	0.3828	0.4110	1.0737	-1202.915064
SB08G017410	SB02G021160	3.4284	464.0	1426.0	0.2791	0.6993	2.5060	-4810.443391
SB08G017453	SB02G021106	0.3139	330.6	1118.4	0.7483	0.0972	0.1299	-2560.071006
SB08G017746	SB02G020815	50.0000	112.7	379.3	0.0168	1.1594	68.8857	-1292.030626
SB08G017797	SB02G020765	1.9942	383.0	1123.0	0.3330	0.4404	1.3225	-3606.516910
SB01G021300	SB01G020900	10.2612	178.4	913.6	0.0268	0.4937	18.4116	-2560.423199
SB01G021615	SB01G021300	7.2669	45.4	302.6	0.0359	0.5384	14.9929	-794.163091
SB01G021815	SB01G021397	50.0000	110.2	357.8	0.0205	1.3597	66.3403	-1259.822993
SB01G021822	SB01G021392	50.0000	373.2	1201.8	0.0175	1.1623	66.5889	-4185.168902
SB05G018211	SB09G005190	1.2140	180.1	569.9	0.4113	0.3012	0.7322	-1630.601667
SB05G018970	SB09G005520	50.0000	273.4	926.6	0.0147	1.0273	69.6755	-3133.261927
SB05G019060	SB09G005530	1.9214	326.1	1026.9	0.3201	0.4236	1.3233	-3224.760364
SB05G019173	SB09G005527	6.0258	119.3	417.7	0.5899	1.7398	2.9493	-1433.490212
SB08G018280	SB05G027440	50.0000	98.3	306.7	0.0165	1.0791	65.3064	-1066.362073
SB08G018373	SB05G027120	50.0000	227.9	825.1	0.0164	1.1917	72.6809	-2780.199234
SB08G018590	SB05G027090	50.0000	388.5	1186.5	0.0234	1.4784	63.0582	-4235.613505
SB07G008600	SB02G017230	2.4360	189.3	653.7	0.2564	0.4917	1.9179	-2065.073451
SB07G009100	SB02G017611	50.0000	145.3	490.7	0.0274	1.8317	66.7702	-1680.836167
SB07G009490	SB02G018573	50.0000	116.5	342.5	0.0205	1.2676	61.9573	-1216.598021
SB07G009741	SB02G019330	16.2224	208.5	706.5	0.0638	1.2447	19.5171	-2436.812512
SB07G009790	SB02G019335	3.8255	203.7	633.3	0.3840	0.9171	2.3884	-2178.559810
SB07G010240	SB02G019340	21.0419	87.2	260.8	0.0328	0.8355	25.4858	-877.583952
SB07G011260	SB02G019430	3.5468	392.0	1228.0	0.3007	0.7566	2.5160	-4139.327457
SB07G015440	SB09G008205	0.1755	135.9	443.1	0.6334	0.0515	0.0813	-929.170139
SB07G016100	SB09G009320	50.0000	393.6	1442.4	0.0181	1.3220	72.8978	-4809.802097
SB07G019080	SB09G011991	50.0000	138.2	407.8	0.0253	1.5490	61.2941	-1470.914551
SB09G020410	SB01G027530	50.0000	375.2	1157.8	0.0146	0.9488	65.1652	-4055.724097
SB09G020720	SB01G026970	1.9563	442.6	1306.4	0.0700	0.1494	2.1356	-3660.859779
SB08G008210	SB09G007270	0.1078	567.8	1415.2	0.8785	0.0346	0.0394	-3044.242795
SB08G006710	SB09G006610	50.0000	334.9	1150.1	0.0106	0.7575	71.3003	-3817.475184
SB08G006890	SB09G006470	50.0000	309.7	893.3	0.0130	0.8086	62.4035	-3156.946096
SB08G007320	SB09G006300	0.2664	93.5	338.5	0.3739	0.0652	0.1743	-735.974527
SB08G019650	SB08G007320	0.0135	153.7	290.3	0.0010	0.0000	0.0130	-605.290048
SB08G020030	SB08G008310	50.0000	536.2	1743.8	0.0198	1.3159	66.5866	-6034.557545
SB08G020090	SB08G008420	50.0000	114.1	695.9	0.0074	0.8339	113.1957	-1892.256479
SB08G007630	SB02G015780	23.3338	76.9	250.1	0.0166	0.5196	31.3841	-800.392683
SB08G008240	SB02G015011	1.8260	209.9	564.1	0.2567	0.3409	1.3281	-1788.118778
SB08G008345	SB02G014465	50.0000	93.9	305.1	0.0189	1.2633	66.6924	-1057.600916
SB05G009710	SB05G008560	0.7848	146.5	423.5	0.3342	0.1730	0.5177	-1172.226119
SB05G010040	SB05G008720	50.0000	287.4	828.6	0.0255	1.5349	60.2858	-2977.299747
SB05G011230	SB05G009450	2.3345	89.6	273.4	0.2868	0.4821	1.6810	-847.400901
SB05G011880	SB05G009726	50.0000	115.2	406.8	0.0174	1.2392	71.1692	-1384.734385
SB10G009598	SB06G001840	3.8413	339.6	1193.4	0.1420	0.5474	3.8560	-3797.624983
SB10G009815	SB06G002016	2.1653	154.7	379.3	0.2988	0.4297	1.4381	-1252.977898
SB10G010010	SB06G002190	50.0000	186.5	590.5	0.0098	0.6582	67.3469	-1994.887577
SB05G019660	SB01G026450	17.8946	272.5	900.5	0.0864	1.7252	19.9732	-3111.058169
SB05G019825	SB01G026200	13.3347	357.0	1068.0	0.1153	1.5210	13.1908	-3809.030247
SB05G020443	SB01G025885	1.7855	151.3	583.7	0.4074	0.4580	1.1242	-1751.469433
SB05G007410	SB02G022070	50.0000	160.2	559.8	0.0206	1.4417	69.8764	-1878.288741
SB05G008040	SB02G021570	6.8568	181.0	554.0	0.2188	1.2162	5.5593	-1945.292805
SB05G008051	SB02G021460	28.5184	123.5	347.5	0.0582	1.8136	31.1609	-1253.567401
SB05G008170	SB02G021460	1.7036	81.9	332.1	0.2402	0.3494	1.4544	-958.209705
SB05G026136	SB01G020900	50.0000	205.3	658.7	0.0130	0.8744	67.3510	-2264.225091
SB05G026296	SB01G020600	1.1953	104.8	384.2	0.6360	0.3549	0.5581	-1104.501434
SB05G025640	SB01G021340	38.2073	158.5	747.5	0.0097	0.6761	69.6269	-2167.052396
SB05G025735	SB01G021392	2.0038	429.9	1412.1	0.3417	0.4608	1.3485	-4454.110834
SB02G019430	SB03G023450	2.3415	290.3	921.7	0.2933	0.4949	1.6873	-2975.497167
SB02G019981	SB03G024311	0.1166	203.8	465.2	1.6175	0.0440	0.0272	-1034.053512
SB02G020420	SB03G024510	50.0000	198.0	618.0	0.0119	0.7861	66.2322	-2120.233990
SB02G020485	SB03G024593	2.3017	126.3	395.7	0.3256	0.5112	1.5699	-1261.554338
SB02G020815	SB03G025175	14.4459	117.8	347.2	0.1889	2.3065	12.2129	-1237.843730
SB05G022795	SB05G008170	50.0000	127.1	439.9	0.0191	1.3309	69.7374	-1502.203284
SB05G023070	SB05G007903	1.4590	497.9	1485.1	0.6178	0.4209	0.6814	-4647.352269
SB05G023470	SB05G007430	50.0000	110.7	366.3	0.0169	1.1501	67.9937	-1270.025949
SB05G023485	SB05G007420	1.2067	111.4	443.6	0.2638	0.2578	0.9773	-1203.153681
SB05G023510	SB05G007305	5.2460	141.6	467.4	0.5792	1.4959	2.5828	-1646.535717
SB02G012435	SB01G020840	5.8476	216.4	977.6	0.0613	0.5162	8.4246	-2880.790752
SB02G012505	SB01G020600	50.0000	118.6	364.4	0.0268	1.6786	62.7259	-1284.732326
SB02G011370	SB01G021220	50.0000	170.4	483.6	0.0156	0.9554	61.2704	-1720.776164
SB02G011400	SB01G021392	2.9649	363.0	1161.0	0.3095	0.6454	2.0851	-3860.229101
SB10G026050	SB10G025460	50.0000	204.2	788.8	0.0080	0.6328	78.6088	-2460.927968
SB10G026340	SB10G025840	50.0000	525.1	1493.9	0.0184	1.1215	60.8930	-5399.015902
SB10G026575	SB10G026100	50.0000	222.6	623.4	0.0149	0.9050	60.8027	-2231.432150
SB05G009710	SB04G019673	50.0000	141.2	398.8	0.0328	1.9150	58.3343	-1438.684368
SB05G010040	SB04G019600	50.0000	261.0	792.0	0.0297	1.8318	61.6820	-2837.062340
SB05G010370	SB04G019290	2.9248	183.3	692.7	0.2602	0.6113	2.3491	-2184.360308
SB05G011121	SB04G019322	7.2973	77.7	366.3	0.1914	1.3986	7.3053	-1172.437914
SB08G008210	SB01G026472	0.1391	330.6	797.4	0.6792	0.0407	0.0600	-1759.594178
SB08G008220	SB01G026470	7.1831	152.4	489.6	0.6108	2.0799	3.4050	-1698.419184
SB08G008240	SB01G026450	0.7634	278.8	927.2	0.4642	0.2009	0.4327	-2477.453135
SB08G008630	SB01G026200	9.7955	109.1	346.9	0.1150	1.1490	9.9951	-1198.991575
SB08G010830	SB01G024853	50.0000	151.6	415.4	0.0115	0.6967	60.4148	-1461.241086
SB09G008205	SB02G007925	2.1433	435.8	1280.2	0.3488	0.4847	1.3894	-4153.351574
SB09G009320	SB02G008116	50.0000	100.9	358.1	0.0137	0.9912	72.3124	-1188.645293
SB09G011991	SB02G008780	50.0000	138.0	387.0	0.0272	1.6020	58.9096	-1399.288627
SB09G012685	SB02G008965	3.0219	136.4	493.6	0.1195	0.3881	3.2477	-1492.094200
SB09G012730	SB02G009050	1.5864	145.5	517.5	0.2897	0.3438	1.1869	-1525.686198
SB05G024190	SB05G023840	0.0715	871.4	2101.6	0.9762	0.0236	0.0242	-4400.634070
SB05G024870	SB05G024530	7.9197	151.4	733.6	0.1023	1.0552	10.3158	-2198.541564
SB02G008780	SB01G016455	1.0091	144.7	461.3	0.5921	0.2889	0.4878	-1330.643636
SB02G008880	SB01G016510	6.4330	640.2	1885.8	0.1690	0.9544	5.6490	-6598.394850
SB02G009160	SB01G016720	38.2817	376.5	1387.5	0.0165	0.9302	56.3533	-4596.437292
SB02G009463	SB01G017000	2.4518	214.4	691.6	0.3002	0.5267	1.7548	-2256.248036
SB02G009580	SB01G017150	50.0000	156.5	854.5	0.0062	0.6488	104.1305	-2387.912329
SB03G020271	SB03G012866	4.4587	89.4	327.6	0.4325	1.1599	2.6819	-1110.471676
SB03G022731	SB03G012725	0.0891	96.3	284.7	0.5545	0.0247	0.0445	-576.446728
SB03G022790	SB03G012722	0.8872	115.2	376.8	0.8683	0.2856	0.3289	-1054.630134
SB03G023450	SB03G012535	50.0000	304.0	956.0	0.0232	1.4911	64.3806	-3366.785871
SB01G032150	SB01G016720	50.0000	495.1	1826.9	0.0113	0.8472	75.0469	-6008.242858
SB01G032820	SB01G017150	4.7308	126.1	851.9	0.0774	0.6217	8.0287	-2201.843322
SB01G033000	SB01G017200	3.4731	279.4	1229.6	0.1439	0.5508	3.8288	-3563.969315
SB01G033010	SB01G017220	50.0000	165.5	683.5	0.0092	0.7584	82.3493	-2120.055354
SB01G033190	SB01G017410	50.0000	329.0	982.0	0.0146	0.9263	63.6486	-3450.429116
SB10G008896	SB04G017440	1.3360	203.5	567.5	0.1991	0.2160	1.0849	-1657.189141
SB10G008913	SB04G017470	0.1019	716.1	1779.9	0.8125	0.0319	0.0392	-3809.656779
SB10G009110	SB04G017470	0.0536	572.0	1318.0	0.8788	0.0172	0.0195	-2752.281318
SB09G005930	SB10G022035	50.0000	74.2	378.8	0.0060	0.5935	98.7525	-1077.856496
SB02G042290	SB03G045200	50.0000	212.1	858.9	0.0086	0.6959	81.3293	-2667.812843
SB05G018840	SB05G005280	39.9984	117.8	344.2	0.0211	1.0381	49.2395	-1200.174823
SB05G018970	SB05G005490	50.0000	450.6	1325.4	0.0151	0.9473	62.9097	-4693.702615
SB05G019060	SB05G005546	1.6873	418.9	1228.1	0.3323	0.3722	1.1201	-3842.066687
SB01G026620	SB01G025885	0.1966	304.5	832.5	0.6626	0.0577	0.0870	-1865.935836
SB01G026800	SB01G025950	7.7210	127.2	400.8	0.0718	0.6254	8.7145	-1345.100910
SB01G026472	SB01G025320	50.0000	231.6	836.4	0.0162	1.1752	72.6260	-2837.332315
SB02G039110	SB01G045260	1.7750	170.8	1086.2	0.0813	0.2333	2.8710	-2557.327297
SB02G039200	SB01G045140	2.0644	352.9	1111.1	0.1204	0.2492	2.0701	-3230.771194
SB02G039370	SB01G045010	1.9563	545.3	1545.7	0.1794	0.2974	1.6576	-4833.521437
SB05G018780	SB05G005490	4.0806	144.7	443.3	0.3126	0.8825	2.8231	-1536.516908
SB05G018840	SB05G005546	0.4148	108.0	360.0	0.9317	0.1360	0.1459	-860.141446
SB05G019060	SB05G005280	0.0873	513.5	1082.5	0.6639	0.0250	0.0377	-2395.187900
SB08G008345	SB04G018503	10.6900	112.4	322.6	0.2132	1.8235	8.5548	-1146.259458
SB08G008562	SB04G018471	50.0000	145.5	457.5	0.0330	2.0651	62.5723	-1590.944398
SB08G008591	SB04G018490	0.9707	166.5	496.5	0.5427	0.2670	0.4920	-1454.249721
SB08G008630	SB04G018311	50.0000	110.0	346.0	0.0269	1.7122	63.7041	-1212.623473
SB08G009201	SB04G017810	0.2663	324.7	896.3	0.5626	0.0735	0.1307	-2098.050663
SB09G006470	SB01G027530	23.1820	295.6	895.4	0.0263	0.7577	28.8416	-3087.047060
SB09G006530	SB01G027483	50.0000	179.2	507.8	0.0140	0.8601	61.4549	-1739.165946
SB09G006610	SB01G027360	6.0355	368.8	1104.2	0.1594	0.8672	5.4387	-3854.564880
SB09G006696	SB01G027310	50.0000	268.4	967.6	0.0106	0.7826	73.9389	-3120.509186
SB09G007083	SB01G026990	0.1584	351.1	848.9	0.7098	0.0471	0.0664	-1910.046723
SB06G012295	SB04G019290	50.0000	181.3	658.7	0.0191	1.3784	72.2154	-2213.511919
SB06G012505	SB04G019322	13.4270	143.9	468.1	0.0550	0.8885	16.1454	-1588.413765
SB06G013010	SB04G019673	1.6915	126.8	428.2	0.4289	0.4323	1.0079	-1297.098441
SB06G013670	SB04G019765	0.6604	227.1	624.9	0.5069	0.1748	0.3448	-1607.365937
SB08G017290	SB05G019490	50.0000	236.2	1290.8	0.0090	0.9233	102.6831	-3742.385867
SB08G017410	SB05G019145	1.8057	169.0	521.0	0.3764	0.4282	1.1375	-1647.505232
SB05G010370	SB07G017170	2.8117	326.6	1068.4	0.4173	0.7063	1.6925	-3514.429041
SB05G011121	SB07G017556	0.3412	79.5	370.5	0.7148	0.1062	0.1486	-800.256134
SB05G011880	SB07G019065	11.8674	205.6	610.4	0.0209	0.3088	14.7842	-1896.332370
SB05G012320	SB07G019100	0.6428	195.3	611.7	0.5891	0.1833	0.3112	-1590.029739
SB05G023120	SB01G021220	50.0000	219.1	737.9	0.0168	1.1606	68.8830	-2522.862305
SB05G023470	SB01G021392	1.7882	109.4	364.6	0.4249	0.4541	1.0688	-1128.708703
SB05G023490	SB01G021550	2.0585	86.3	312.7	0.1712	0.3351	1.9581	-919.451080
SB05G023510	SB01G021615	50.0000	82.9	310.1	0.0105	0.7993	76.0108	-1004.007269
SB05G023840	SB05G005546	0.0662	617.7	1383.3	1.2595	0.0236	0.0187	-2933.374527
SB05G023850	SB05G005542	0.0639	99.2	287.8	0.9639	0.0211	0.0219	-555.093238
SB05G023980	SB05G005345	50.0000	222.1	722.9	0.0126	0.8599	68.1084	-2471.480393
SB05G024190	SB05G005280	1.8776	385.6	1174.4	0.3291	0.4161	1.2645	-3721.822623
SB06G016390	SB02G005990	1.4856	651.0	2052.0	0.3302	0.3327	1.0075	-6217.279664
SB06G016535	SB02G005867	5.8089	189.6	509.4	0.0961	0.5454	5.6725	-1709.160255
SB05G007185	SB02G009050	0.1740	530.7	1680.3	0.5571	0.0487	0.0874	-3560.218448
SB05G007305	SB02G009160	50.0000	405.4	1238.6	0.0158	1.0171	64.4750	-4352.667506
SB05G007420	SB02G009330	0.3723	112.9	427.1	0.4360	0.0977	0.2240	-948.966492
SB05G007430	SB02G009335	0.3826	361.3	937.7	0.7955	0.1190	0.1496	-2362.632830
SB05G008040	SB02G009580	50.0000	363.2	1196.8	0.0167	1.1301	67.8573	-4134.911215
SB06G013010	SB01G026990	2.6571	229.2	676.8	0.4179	0.6549	1.5670	-2273.211498
SB06G013700	SB01G026970	50.0000	314.1	1185.9	0.0207	1.5267	73.8267	-4008.247957
SB06G013800	SB01G026990	50.0000	278.6	990.4	0.0296	2.0315	68.7022	-3381.907556
SB06G014240	SB01G026640	1.2870	185.3	594.7	0.5062	0.3483	0.6880	-1787.317944
SB06G014245	SB01G026620	5.8994	378.2	1160.8	0.7699	1.8319	2.3794	-4137.408351
SB06G032520	SB04G026660	2.7638	749.7	2238.3	0.1362	0.3555	2.6106	-7137.514442
SB06G026735	SB01G048300	50.0000	155.4	984.6	0.0130	1.4667	112.9959	-2765.137401
SB02G004260	SB01G005300	1.5629	128.8	978.2	0.0718	0.2081	2.8965	-2175.307501
SB01G026450	SB01G026200	31.0162	289.6	877.4	0.0471	1.7185	36.4561	-3120.647409
SB01G026472	SB01G025885	0.1696	345.8	782.2	0.5276	0.0444	0.0841	-1789.162366
SB01G026560	SB01G025070	0.0934	276.8	656.2	0.6724	0.0272	0.0404	-1399.813039
SB01G026620	SB01G025320	0.0545	469.7	1111.3	0.7125	0.0162	0.0228	-2306.250409
SB08G006270	SB02G008710	10.3096	117.8	380.2	0.1268	1.3067	10.3081	-1292.318977
SB08G006340	SB02G008780	50.0000	168.8	443.2	0.0347	1.9241	55.3722	-1636.974311
SB08G006485	SB02G008965	0.3890	122.1	426.9	0.4653	0.1033	0.2220	-990.477351
SB08G006550	SB02G009050	3.1089	488.7	1677.3	0.2681	0.6413	2.3918	-5435.993058
SB05G007185	SB10G012070	2.0601	429.6	1304.4	0.3141	0.4456	1.4186	-4164.107716
SB05G007350	SB10G011260	1.3562	532.9	1687.1	0.2715	0.2750	1.0127	-4669.791699
SB05G007420	SB10G011233	2.3633	100.7	406.3	0.4359	0.6267	1.4375	-1245.054606
SB05G007430	SB10G011230	13.4341	282.3	953.7	0.1477	1.9317	13.0806	-3316.393791
SB07G009440	SB04G017180	3.1353	185.5	483.5	0.2428	0.5606	2.3085	-1634.525864
SB07G009741	SB04G017470	1.3270	166.6	556.4	0.4774	0.3532	0.7398	-1644.125752
SB07G009790	SB04G017480	5.8972	181.6	628.4	0.6613	1.7633	2.6665	-2170.870857
SB07G011260	SB04G017810	3.5367	296.1	891.9	0.2358	0.6521	2.7659	-2989.996177
SB05G008170	SB07G013562	1.7897	85.5	316.5	0.5128	0.4963	0.9677	-977.991342
SB05G008560	SB07G011260	2.9121	498.2	1577.8	0.2082	0.5075	2.4377	-5079.523998
SB05G008713	SB07G009790	50.0000	167.6	426.4	0.0406	2.1723	53.5531	-1581.870038
SB05G008720	SB07G009741	5.0766	198.5	719.5	0.6880	1.5411	2.2398	-2459.181695
SB05G007420	SB09G007430	2.5145	112.3	445.7	0.3219	0.5887	1.8290	-1351.743637
SB05G007430	SB09G007435	50.0000	221.0	655.0	0.0108	0.6937	64.0064	-2233.280180
SB05G007903	SB09G007270	3.5896	406.2	1267.8	0.4512	0.9238	2.0477	-4368.516800
SB05G008040	SB09G007190	50.0000	389.5	1158.5	0.0221	1.3736	62.1477	-4180.202506
SB05G008240	SB09G006610	20.3609	132.5	443.5	0.0221	0.6060	27.4723	-1451.506035
SB05G027090	SB07G002520	50.0000	400.5	1456.5	0.0212	1.5194	71.7592	-5002.193732
SB05G027440	SB07G002840	50.0000	318.5	1379.5	0.0096	0.8164	85.3051	-4329.394774
SB08G006415	SB08G006175	2.9244	87.5	302.5	0.2966	0.6362	2.1448	-980.344131
SB08G006485	SB08G005897	50.0000	141.7	482.3	0.0262	1.7645	67.3713	-1649.044903
SB08G006710	SB08G005600	50.0000	225.3	977.7	0.0139	1.1660	83.9405	-3125.959663
SB08G006890	SB08G005600	6.0191	269.5	912.5	0.2981	1.3053	4.3794	-3137.240373
SB08G007320	SB08G005435	9.3687	92.0	331.0	0.1087	1.1222	10.3214	-1119.738891
SB09G021510	SB06G033890	8.3967	297.2	1052.8	0.0830	0.8155	9.8255	-3455.911492
SB08G014475	SB07G015440	0.4488	128.4	429.6	0.7272	0.1377	0.1894	-1048.871440
SB08G014970	SB07G017180	40.6157	220.6	799.4	0.0189	1.1081	58.5963	-2659.339654
SB08G015230	SB07G017590	50.0000	256.2	841.8	0.0167	1.1339	67.6961	-2919.007395
SB08G015380	SB07G017175	1.9994	83.5	255.5	0.2844	0.4115	1.4469	-779.730158
SB08G015390	SB07G017170	4.3987	448.3	1564.7	0.2314	0.8428	3.6424	-5197.740126
SB05G018840	SB04G017440	0.4246	108.5	356.5	1.0004	0.1415	0.1415	-863.572792
SB05G007305	SB02G021570	50.0000	172.1	559.9	0.0088	0.6089	68.9141	-1838.258458
SB05G007430	SB02G021460	50.0000	97.4	382.6	0.0142	1.1047	77.8196	-1271.139789
SB05G007903	SB02G021160	12.4636	427.4	1543.6	0.1497	1.8616	12.4368	-5307.019300
SB05G008040	SB09G006610	50.0000	352.5	1147.5	0.0273	1.7797	65.1296	-4041.360234
SB05G008170	SB09G007083	7.3707	126.6	446.4	0.1608	1.1410	7.0963	-1512.027017
SB05G008240	SB09G007190	50.0000	154.9	478.1	0.0094	0.6237	66.1727	-1606.255981
SB05G008560	SB09G007435	0.5279	308.4	750.6	0.6730	0.1542	0.2291	-2020.950955
SB07G005302	SB09G007435	2.5994	276.7	758.3	0.3654	0.5917	1.6194	-2568.213047
SB07G005490	SB09G007990	6.7727	129.6	542.4	0.1436	1.0501	7.3124	-1754.050300
SB07G005585	SB09G007970	50.0000	142.5	409.5	0.0189	1.1587	61.2271	-1444.714261
SB07G005820	SB09G008070	50.0000	585.5	1754.5	0.0168	1.0642	63.4200	-6232.822161
SB05G014070	SB02G008780	1.3670	150.6	470.4	0.6465	0.4023	0.6223	-1439.020777
SB05G016220	SB02G009050	1.7585	373.8	1210.2	0.3214	0.3912	1.2173	-3708.927650
SB05G016690	SB02G009335	0.1256	228.6	608.4	0.3278	0.0268	0.0819	-1286.521744
SB05G005280	SB02G011400	1.9839	336.6	1007.4	0.3769	0.4677	1.2407	-3242.397089
SB05G005546	SB02G011090	5.4357	436.1	1423.9	0.2073	0.9555	4.6083	-4878.941297
SB05G005586	SB02G011080	50.0000	216.7	806.3	0.0110	0.8305	75.5877	-2651.927319
SB05G007903	SB10G010495	1.4704	498.1	1481.9	0.6080	0.4217	0.6936	-4643.045003
SB05G008040	SB10G010440	50.0000	328.4	943.6	0.0266	1.5925	59.9800	-3429.707758
SB05G008240	SB10G010010	50.0000	146.4	432.6	0.0101	0.6472	63.9991	-1473.149237
SB05G008560	SB10G009815	1.7313	620.8	1872.2	0.3072	0.3696	1.2029	-5821.911927
SB10G012995	SB10G012250	50.0000	117.2	398.8	0.0221	1.5069	68.2329	-1383.666427
SB10G013213	SB10G012300	0.3120	154.6	397.4	1.0868	0.1064	0.0979	-956.373799
SB10G015470	SB10G013213	18.7414	112.8	373.2	0.0512	1.1787	23.0223	-1282.568069
SB07G017170	SB06G001770	4.1331	249.1	866.9	0.3604	0.9868	2.7383	-2922.269444
SB07G017180	SB06G001840	11.7235	221.2	834.8	0.0590	0.9002	15.2563	-2712.317020
SB07G019065	SB06G002060	19.4173	88.3	250.7	0.0583	1.2428	21.3179	-901.260627
SB07G019100	SB06G002262	0.0365	156.3	350.7	2.2885	0.0147	0.0064	-715.503344
SB05G005860	SB06G000560	0.1057	213.9	488.1	2.1661	0.0421	0.0194	-1055.961861
SB05G005965	SB06G000676	8.7207	163.9	493.1	0.1584	1.2503	7.8923	-1751.512345
SB05G006180	SB06G000910	10.6710	220.0	677.0	0.0944	1.0604	11.2376	-2367.096441
SB05G006340	SB06G001033	0.3707	354.6	1106.4	0.5513	0.1032	0.1872	-2661.250796
SB05G006450	SB06G001170	2.5775	116.7	357.3	0.4852	0.6812	1.4039	-1204.884108
SB05G004927	SB04G011060	43.5402	175.9	520.1	0.0137	0.7554	55.1938	-1763.579442
SB05G005490	SB04G011190	4.5536	404.0	1264.0	0.2356	0.8499	3.6076	-4355.213686
SB05G005546	SB04G011350	24.2893	274.3	901.7	0.0413	1.2616	30.5609	-3128.623989
SB05G010370	SB10G012070	2.8875	368.2	1206.8	0.4253	0.7314	1.7199	-4019.327687
SB05G012940	SB10G012280	15.0241	116.4	447.6	0.0563	1.1231	19.9511	-1487.823539
SB05G014070	SB10G012995	0.4092	131.3	396.7	0.6235	0.1186	0.1902	-973.181141
SB05G015330	SB10G013213	2.3993	131.0	439.0	0.2636	0.4871	1.8479	-1380.983857
SB09G007435	SB10G012070	16.1946	252.5	803.5	0.0511	0.9928	19.4161	-2765.641559
SB09G008003	SB10G011520	0.7795	138.5	473.5	0.1135	0.0939	0.8272	-1169.302193
SB09G008070	SB10G011150	50.0000	449.6	1386.4	0.0154	1.0029	64.9682	-4860.173634
SB09G008205	SB10G010935	0.3904	403.4	1246.6	0.8740	0.1257	0.1438	-3013.703326
SB09G006610	SB03G013130	2.2251	383.1	1113.9	0.1042	0.2318	2.2241	-3334.846390
SB09G006950	SB03G012930	50.0000	125.3	363.7	0.0153	0.9509	62.2752	-1271.484462
SB09G007083	SB03G012866	19.0560	85.2	316.8	0.0371	0.9777	26.3351	-1050.408742
SB09G007270	SB03G012725	0.5117	431.5	1476.5	0.7052	0.1558	0.2210	-3700.954858
SB09G007435	SB03G012535	2.7613	249.9	713.1	0.2271	0.4888	2.1523	-2344.309041
SB08G017290	SB01G026800	50.0000	91.5	463.5	0.0085	0.8231	96.9246	-1395.424546
SB08G017410	SB01G026620	2.6667	343.0	1106.0	0.3829	0.6434	1.6804	-3641.520548
SB08G017746	SB01G026320	50.0000	483.6	1715.4	0.0166	1.1883	71.5668	-5864.437854
SB08G017797	SB01G026200	1.7999	374.2	1059.8	0.3190	0.3853	1.2079	-3362.323911
SB02G002180	SB01G021815	50.0000	128.2	363.8	0.0139	0.8577	61.5320	-1288.168863
SB02G002590	SB01G021615	43.9034	45.7	344.3	0.0030	0.3664	122.0375	-848.942355
SB02G002820	SB01G021340	50.0000	209.7	753.3	0.0114	0.8353	73.5326	-2490.166971
SB02G002840	SB01G021300	50.0000	227.4	843.6	0.0083	0.6284	76.1534	-2696.204437
SB02G003013	SB01G021220	50.0000	506.8	1908.2	0.0074	0.5709	77.2635	-5932.077927
SB07G005490	SB01G026970	1.9957	163.3	541.7	0.1022	0.2192	2.1447	-1533.453764
SB07G005585	SB01G026990	50.0000	141.0	393.0	0.0204	1.2204	59.7297	-1395.942893
SB07G005730	SB01G027340	4.8273	264.0	843.0	0.1476	0.6767	4.5859	-2824.722244
SB07G005820	SB01G027360	50.0000	473.3	1455.7	0.0124	0.8137	65.4207	-5043.484760
SB10G021275	SB04G011060	50.0000	107.7	294.3	0.0190	1.1264	59.1440	-1041.944736
SB10G021830	SB04G011316	0.0392	99.3	449.7	0.5034	0.0111	0.0220	-777.949244
SB10G022040	SB04G012180	50.0000	161.0	532.0	0.0072	0.5032	70.0593	-1698.977006
SB10G022070	SB04G012281	7.9892	280.8	877.2	0.0949	0.8037	8.4713	-3009.791807
SB06G016390	SB01G025070	0.1509	332.7	777.3	0.8476	0.0477	0.0563	-1747.725162
SB06G016560	SB01G024051	7.1633	65.3	300.7	0.1768	1.3044	7.3791	-946.173266
SB06G016820	SB01G023230	50.0000	152.1	561.9	0.0174	1.2763	73.5313	-1881.460549
SB02G002840	SB01G048300	6.4905	238.5	856.5	0.0641	0.5175	8.0738	-2701.434380
SB02G003080	SB01G048690	30.3273	615.1	1988.9	0.0180	0.7262	40.4454	-6699.837163
SB02G003350	SB01G048820	50.0000	197.1	735.9	0.0119	0.8976	75.5448	-2359.416178
SB02G021570	SB01G041400	50.0000	168.7	554.3	0.0086	0.5977	69.4603	-1839.805825
SB02G022197	SB01G041810	50.0000	187.0	623.0	0.0200	1.3523	67.7035	-2150.875930
SB02G022490	SB01G042130	50.0000	218.5	612.5	0.0211	1.2649	59.8276	-2224.024084
SB02G022540	SB01G042230	6.7070	164.3	519.7	0.1046	0.7318	6.9933	-1755.540498
SB05G010370	SB02G013140	2.4155	381.3	1190.7	0.3687	0.5689	1.5430	-3903.925125
SB05G011880	SB02G014465	36.5332	252.2	695.8	0.0128	0.5654	44.2166	-2402.534973
SB05G013390	SB02G015780	50.0000	98.1	324.9	0.0063	0.4459	70.4236	-1022.058147
SB05G015330	SB02G017230	50.0000	159.5	476.5	0.0102	0.6577	64.5000	-1589.222772
SB05G021650	SB04G010350	50.0000	145.2	436.8	0.0204	1.2820	62.9300	-1560.150686
SB05G021660	SB04G010700	2.1623	155.2	468.8	0.3873	0.5173	1.3356	-1522.669179
SB05G021790	SB04G011060	50.0000	333.5	1049.5	0.0143	0.9453	66.1471	-3578.665246
SB05G021850	SB04G011190	20.3429	291.1	983.9	0.0440	1.1371	25.8536	-3400.787583
SB05G022020	SB04G011313	50.0000	101.6	336.4	0.0062	0.4348	70.3861	-1060.372745
SB05G022022	SB04G011350	5.4383	278.1	879.9	0.4274	1.3714	3.2090	-3090.873406
SB10G008896	SB01G026560	0.4615	220.8	562.2	0.2316	0.0795	0.3431	-1421.034586
SB10G008913	SB01G026472	0.3313	270.9	788.1	0.6306	0.0960	0.1523	-1865.364097
SB10G008913	SB01G026620	0.1137	352.1	943.9	0.5500	0.0310	0.0564	-1994.307347
SB10G009015	SB01G026275	50.0000	137.4	348.6	0.0328	1.7867	54.4189	-1302.279439
SB09G005520	SB02G013100	19.9054	200.1	987.9	0.0258	0.9023	34.9409	-2858.199760
SB09G005530	SB02G013140	1.3064	311.5	1038.5	0.6523	0.3878	0.5944	-3124.601358
SB09G005646	SB02G014465	50.0000	91.0	317.0	0.0139	0.9941	71.2887	-1078.615318
SB09G005843	SB02G015901	6.3877	185.2	630.8	0.1261	0.8277	6.5637	-2126.804990
SB09G005950	SB02G017230	1.3266	263.8	843.2	0.3152	0.2913	0.9244	-2508.464133
SB05G025640	SB02G002820	50.0000	260.7	870.3	0.0113	0.7887	69.6756	-2858.521831
SB05G025650	SB02G002840	50.0000	330.7	1118.3	0.0146	1.0160	69.5952	-3794.321486
SB05G025950	SB02G003080	37.8603	439.4	1711.6	0.0168	0.9715	57.9997	-5510.242897
SB05G026136	SB02G003350	50.0000	179.6	624.4	0.0134	0.9581	71.2848	-2078.993316
SB05G008040	SB10G021740	50.0000	403.2	1156.8	0.0185	1.1338	61.2287	-4130.656078
SB05G008500	SB10G021275	5.9932	72.3	296.7	0.1384	0.9004	6.5044	-897.068526
SB05G007803	SB06G014240	0.0946	246.2	539.8	1.4032	0.0346	0.0247	-1181.876493
SB05G007903	SB06G014245	0.7398	398.1	1149.9	0.7628	0.2283	0.2993	-3199.025562
SB05G008040	SB06G014310	50.0000	370.4	1006.6	0.0318	1.8124	57.0397	-3730.688773
SB05G008051	SB06G014295	50.0000	118.5	406.5	0.0085	0.6095	71.7520	-1313.847556
SB01G045780	SB01G022400	1.1137	358.1	922.9	0.1348	0.1329	0.9855	-2641.599542
SB05G007185	SB10G011230	3.0774	301.4	952.6	0.5897	0.8788	1.4902	-3214.381338
SB05G007305	SB10G011150	50.0000	398.0	1261.0	0.0125	0.8343	66.8305	-4340.230764
SB05G007305	SB10G011000	50.0000	381.9	1301.1	0.0125	0.8789	70.4587	-4388.402132
SB05G007420	SB10G010937	0.3558	119.3	372.7	0.4338	0.0901	0.2077	-849.089232
SB05G007430	SB10G010935	0.6773	295.5	916.5	0.7161	0.2059	0.2875	-2460.843955
SB09G024560	SB03G036620	50.0000	312.0	1050.0	0.0117	0.8199	69.9967	-3561.074623
SB09G024860	SB03G036400	50.0000	116.6	318.4	0.0190	1.1208	59.1210	-1146.753562
SB05G019060	SB04G019290	1.6045	188.8	678.2	0.3366	0.3742	1.1119	-2024.056135
SB05G019173	SB04G019322	7.1900	111.0	456.0	0.3010	1.6476	5.4745	-1509.973354
SB05G019477	SB04G019655	5.5692	124.6	535.4	0.4751	1.5361	3.2330	-1722.934617
SB05G019550	SB04G019765	0.0816	242.9	666.1	0.1458	0.0106	0.0727	-1293.368861
SB09G004680	SB03G005510	4.2013	554.0	1846.0	0.0675	0.3342	4.9528	-5507.286591
SB10G018070	SB01G025070	2.3836	236.8	771.2	0.3979	0.5862	1.4732	-2506.907266
SB10G019600	SB01G025885	0.3311	549.3	1670.7	0.6460	0.0972	0.1504	-3940.107768
SB05G016690	SB03G023450	6.0079	182.4	618.6	0.2699	1.2392	4.5915	-2122.500610
SB05G016840	SB03G022830	0.8279	652.9	1504.1	0.1949	0.1226	0.6292	-4218.597054
SB05G016870	SB03G022731	50.0000	167.4	501.6	0.0227	1.4178	62.3624	-1788.165301
SB10G030880	SB06G025400	50.0000	209.1	783.9	0.0036	0.2847	78.0648	-2270.493828
SB05G007305	SB01G020900	50.0000	289.3	994.7	0.0185	1.2877	69.5518	-3427.326957
SB05G007410	SB01G020840	5.1926	126.6	587.4	0.0485	0.3866	7.9684	-1677.923815
SB05G007420	SB01G020701	0.3724	104.7	324.3	1.0784	0.1264	0.1172	-754.950300
SB05G007430	SB01G020600	5.4045	126.2	362.8	0.4634	1.3870	2.9932	-1294.453063
SB05G008051	SB01G020392	3.3820	119.4	414.6	0.1944	0.5852	3.0099	-1325.796977
SB08G008210	SB02G019330	0.0641	576.1	1430.9	1.4125	0.0233	0.0165	-2958.388836
SB08G008240	SB02G019430	1.0878	404.1	1206.9	0.4628	0.2808	0.6068	-3555.747642
SB08G008310	SB02G019470	50.0000	406.9	1738.1	0.0092	0.7738	84.5461	-5301.476015
SB08G008630	SB02G019830	8.0996	104.7	360.3	0.1085	0.9476	8.7325	-1192.782594
SB07G015440	SB01G020392	0.1751	152.6	426.4	1.3311	0.0625	0.0469	-921.644311
SB07G017170	SB01G020600	2.5578	63.5	281.5	0.1903	0.4783	2.5130	-837.641955
SB07G017590	SB01G020900	15.0040	251.6	840.4	0.0398	0.7627	19.1573	-2809.486969
SB08G007320	SB09G014225	0.4261	65.5	273.5	0.5776	0.1244	0.2154	-629.709541
SB08G008210	SB09G011991	0.2682	162.0	414.0	0.5787	0.0742	0.1282	-983.116407
SB08G008240	SB09G011470	1.9589	227.2	534.8	0.3381	0.4123	1.2194	-1788.953837
SB05G011000	SB07G019120	16.7885	120.9	431.1	0.0676	1.3920	20.5870	-1448.364199
SB05G012530	SB07G017590	50.0000	587.7	1740.3	0.0143	0.9068	63.3361	-6115.890920
SB05G012940	SB07G017556	10.7738	209.6	810.4	0.1443	1.6187	11.2201	-2713.549638
SB05G019825	SB03G012535	5.6029	456.4	1394.6	0.2399	1.0485	4.3707	-4843.629629
SB05G020440	SB03G012860	50.0000	117.2	389.8	0.0206	1.3914	67.4794	-1340.845603
SB05G020443	SB03G012863	2.0018	168.9	584.1	0.4501	0.5238	1.1636	-1841.030540
SB05G020480	SB03G012866	3.4822	96.5	335.5	0.4224	0.8892	2.1050	-1119.258565
SB05G007420	SB03G020230	1.7638	107.5	414.5	0.6469	0.5285	0.8170	-1239.313405
SB05G007430	SB03G020271	1.6726	310.6	880.4	1.0880	0.5696	0.5235	-2871.310739
SB05G007480	SB03G021850	50.0000	384.8	1598.2	0.0079	0.6569	83.1712	-4824.648647
SB05G008050	SB03G022631	50.0000	105.9	335.1	0.0110	0.7347	67.0840	-1131.267053
SB05G007185	SB09G011470	2.0259	221.0	532.0	0.2342	0.3446	1.4715	-1738.320303
SB05G007420	SB09G012720	0.2903	117.7	401.3	0.5868	0.0835	0.1422	-872.731595
SB05G007430	SB09G012730	50.0000	136.4	481.6	0.0175	1.2463	71.1092	-1644.059087
SB05G007903	SB09G014225	4.8277	494.6	1485.4	0.8669	1.5498	1.7877	-5290.373990
SB09G003730	SB03G024311	9.3720	185.7	651.3	0.1504	1.3863	9.2172	-2250.588988
SB10G013213	SB06G010840	50.0000	175.1	628.9	0.0164	1.1870	72.2806	-2114.947649
SB10G015470	SB06G007740	2.3364	107.8	396.2	0.2521	0.4764	1.8899	-1224.692540
SB08G008420	SB10G013500	50.0000	222.9	845.1	0.0093	0.7173	77.1369	-2685.266894
SB08G008630	SB10G013213	2.6846	105.9	350.1	0.4451	0.6939	1.5589	-1149.586009
SB05G019825	SB03G023450	50.0000	288.0	975.0	0.0158	1.0984	69.3787	-3324.468929
SB05G020420	SB03G022810	50.0000	170.8	624.2	0.0192	1.3927	72.4872	-2106.906632
SB05G020443	SB03G022731	34.1333	143.9	504.1	0.0306	1.4171	46.2707	-1737.102543
SB02G002590	SB01G040590	46.5614	265.6	1240.4	0.0084	0.7147	84.6768	-3680.953770
SB02G002840	SB01G040950	38.1148	440.6	1350.4	0.0249	1.1939	47.9857	-4772.980481
SB08G002100	SB01G036260	50.0000	275.1	903.9	0.0094	0.6524	69.2901	-3022.674793
SB09G020260	SB06G018993	6.8867	138.2	392.8	1.4062	2.4822	1.7652	-1428.428467
SB09G020270	SB06G019000	50.0000	301.8	889.2	0.0181	1.1324	62.4277	-3117.096913
SB09G020410	SB06G019120	50.0000	391.1	1258.9	0.0111	0.7510	67.8966	-4214.020137
SB09G020780	SB06G019350	50.0000	195.7	671.3	0.0085	0.6102	71.7561	-2175.401475
SB09G007270	SB03G022731	1.0385	141.4	539.6	0.5522	0.2963	0.5365	-1514.733725
SB09G007860	SB03G023000	1.6787	118.4	400.6	0.4713	0.4455	0.9453	-1217.315776
SB09G007970	SB03G023450	2.5250	277.9	937.1	0.4177	0.6382	1.5277	-3071.738709
SB05G010040	SB09G016555	1.5288	234.4	704.6	0.5200	0.4142	0.7964	-2172.364745
SB05G010370	SB09G016391	1.7820	375.1	1241.9	0.3313	0.4046	1.2212	-3833.261628
SB05G011880	SB09G016160	1.4003	487.2	1630.8	0.1065	0.1593	1.4960	-4437.119580
SB05G006340	SB10G015470	0.8625	100.7	307.3	0.4470	0.2202	0.4927	-864.600377
SB05G006637	SB10G018070	6.0579	190.3	649.7	0.1976	1.0520	5.3226	-2198.158268
SB05G009726	SB01G026320	50.0000	108.8	425.2	0.0158	1.2135	77.0463	-1414.684598
SB05G010040	SB01G026472	13.2472	229.8	880.2	0.2114	2.4918	11.7849	-2976.038959
SB05G010570	SB01G026620	0.2119	354.1	950.9	0.6216	0.0606	0.0975	-2165.335817
SB10G021740	SB01G027360	50.0000	483.5	1451.5	0.0146	0.9322	63.8983	-5115.203989
SB10G021830	SB01G027510	0.0741	982.7	2251.3	1.1228	0.0255	0.0227	-4795.162549
SB07G022380	SB09G005195	50.0000	332.2	1077.8	0.0114	0.7770	68.2264	-3643.992916
SB07G022760	SB09G005520	50.0000	263.7	906.3	0.0158	1.1092	70.1424	-3073.218692
SB07G022900	SB09G005530	1.7360	312.4	929.6	0.3207	0.3776	1.1771	-2912.639495
SB08G008210	SB01G026620	0.0541	456.6	1124.4	1.1398	0.0187	0.0164	-2307.671645
SB08G008310	SB01G026800	8.1850	110.7	429.3	0.0788	0.8031	10.1943	-1365.952385
SB08G008630	SB01G026990	9.3575	121.8	325.2	0.1497	1.2245	8.1800	-1183.462421
SB05G026570	SB05G021850	50.0000	294.5	902.5	0.0243	1.5295	63.0532	-3228.561466
SB05G026827	SB05G022022	0.0596	276.4	653.6	0.6694	0.0173	0.0259	-1353.856295
SB04G011060	SB01G022400	50.0000	287.5	861.5	0.0113	0.7252	64.4400	-2976.207402
SB04G011313	SB01G022970	2.9458	111.0	402.0	0.1440	0.4296	2.9825	-1236.701976
SB04G011350	SB01G022980	1.5043	112.3	364.7	0.4886	0.4023	0.8233	-1112.145205
SB04G012281	SB01G023180	50.0000	176.8	687.2	0.0075	0.5938	79.1447	-2141.497089
SB05G009745	SB09G003990	50.0000	222.2	659.8	0.0177	1.1136	62.8459	-2337.039907
SB05G010570	SB09G003730	0.1795	215.2	684.8	0.8655	0.0577	0.0667	-1456.459731
SB05G010370	SB06G016390	1.3187	409.6	1231.4	0.4781	0.3454	0.7226	-3742.375722
SB05G011121	SB06G016560	5.4393	81.4	332.6	1.1216	1.8526	1.6518	-1094.022061
SB05G011880	SB06G016680	7.8775	100.6	373.4	0.1006	0.9062	9.0061	-1241.621955
SB05G012530	SB06G016790	7.9551	355.5	1078.5	0.0972	0.8029	8.2608	-3719.573784
SB09G008070	SB01G020900	50.0000	282.5	842.5	0.0132	0.8429	63.8578	-2955.146191
SB09G008205	SB01G020600	50.0000	117.5	377.5	0.0188	1.2467	66.1899	-1313.492763
SB08G007260	SB05G019173	50.0000	120.8	443.2	0.0198	1.4340	72.5258	-1481.726477
SB08G007320	SB05G019145	0.2636	84.3	347.7	0.5120	0.0741	0.1447	-738.079512
SB08G007680	SB05G019570	50.0000	377.0	1054.0	0.0133	0.8111	60.9982	-3720.375399
SB08G008240	SB05G019660	3.7483	388.0	1145.0	0.2833	0.7617	2.6889	-3904.686187
SB05G015330	SB07G013562	7.3437	80.1	303.9	0.2844	1.6051	5.6440	-1008.731492
SB05G016086	SB07G012261	1.4151	113.5	318.5	0.2407	0.2580	1.0716	-928.345349
SB05G016690	SB07G011260	50.0000	178.8	631.2	0.0195	1.3769	70.6514	-2117.720872
SB05G016860	SB07G009790	4.8710	118.0	464.0	0.8213	1.5551	1.8935	-1545.593941
SB05G016870	SB07G009741	2.0811	215.0	715.0	0.4533	0.5425	1.1967	-2273.601588
SB05G009710	SB02G021460	50.0000	128.4	363.6	0.0266	1.5802	59.3713	-1317.174449
SB05G010040	SB02G021160	8.3813	273.6	821.4	0.2348	1.5399	6.5577	-2912.353485
SB05G004927	SB09G020780	50.0000	147.6	563.4	0.0111	0.8535	77.0256	-1829.538588
SB05G005140	SB09G020720	0.7647	169.1	445.9	0.1686	0.1082	0.6417	-1182.055496
SB05G005345	SB09G020410	3.8894	208.9	691.1	0.3350	0.8875	2.6494	-2339.746508
SB05G022795	SB10G015470	5.5482	88.3	367.7	0.1783	0.9774	5.4801	-1194.808657
SB05G023070	SB10G014180	1.3323	229.3	679.7	0.5868	0.3771	0.6426	-2060.844601
SB05G023470	SB10G013213	50.0000	107.0	376.0	0.0215	1.5070	69.9398	-1283.099169
SB05G000670	SB01G038140	50.0000	376.4	1870.6	0.0031	0.3006	97.9969	-4923.872820
SB09G009330	SB10G012280	50.0000	97.3	370.7	0.0097	0.7468	77.2978	-1182.929673
SB09G011470	SB10G012070	1.1733	196.5	583.5	0.7463	0.3603	0.4828	-1763.699351
SB09G012730	SB10G011230	50.0000	143.2	486.8	0.0249	1.6805	67.6073	-1677.603601
SB05G023070	SB04G011316	0.0000	125.6	423.4	0.4352	0.0000	0.0000	-735.734761
SB05G023510	SB04G011060	50.0000	145.3	481.7	0.0096	0.6725	69.7094	-1595.062841
SB05G023840	SB04G010350	0.2754	163.4	460.6	0.9041	0.0893	0.0988	-1077.806388
SB08G017205	SB01G026275	50.0000	128.9	348.1	0.0243	1.4041	57.8822	-1285.347094
SB08G017350	SB01G026450	0.7707	252.0	744.0	0.3247	0.1683	0.5184	-2012.674451
SB08G017410	SB01G026472	2.5315	262.9	823.1	0.6584	0.7497	1.1386	-2725.983570
SB05G007420	SB06G010845	0.2470	148.1	403.9	0.6002	0.0699	0.1164	-896.382616
SB05G007430	SB06G010840	1.1217	274.6	778.4	0.9440	0.3682	0.3900	-2377.436185
SB05G008170	SB06G007740	2.9072	120.6	452.4	0.2510	0.5953	2.3715	-1416.391139
SB05G022820	SB02G022090	25.3127	239.9	759.1	0.0424	1.3142	30.9823	-2627.492473
SB05G023120	SB02G022343	0.7562	141.7	329.3	0.1710	0.1025	0.5997	-894.306656
SB05G023233	SB02G022490	9.5364	217.8	604.2	0.0455	0.4844	10.6539	-2011.669953
SB05G023470	SB02G022680	2.2873	112.2	391.8	0.3626	0.5480	1.5114	-1236.690338
SB05G008835	SB02G019830	1.8452	272.4	804.6	0.4771	0.4815	1.0094	-2554.213462
SB05G009353	SB02G019510	9.7763	186.7	713.3	0.1512	1.5059	9.9568	-2335.897151
SB05G009710	SB02G019430	50.0000	146.1	429.9	0.0148	0.9306	62.9534	-1511.444817
SB05G010040	SB02G019330	50.0000	270.2	833.8	0.0217	1.3864	63.8299	-2931.973264
SB04G010350	SB02G011400	0.1299	122.9	267.1	1.3654	0.0473	0.0346	-601.202229
SB04G011300	SB02G012435	50.0000	220.5	967.5	0.0204	1.6842	82.3994	-3078.275792
SB04G011350	SB02G012505	50.0000	297.4	893.6	0.0361	2.1755	60.2122	-3198.851175
SB05G007323	SB02G002180	50.0000	214.9	508.1	0.0314	1.6381	52.2109	-1949.181414
SB05G007480	SB02G002450	50.0000	530.4	2502.6	0.0034	0.3213	93.7914	-6675.507553
SB05G008040	SB02G002590	50.0000	397.1	1180.9	0.0298	1.8150	60.8342	-4225.619513
SB05G008240	SB02G002840	34.1031	119.9	450.1	0.0119	0.6135	51.7326	-1437.343251
SB09G018196	SB09G007270	0.2151	98.5	330.5	0.9231	0.0704	0.0762	-706.425278
SB09G018270	SB09G007083	0.5424	452.3	1212.7	0.2611	0.1022	0.3914	-3138.434781
SB09G018470	SB09G006470	3.7874	188.2	543.8	0.2321	0.6822	2.9388	-1880.001222
SB10G022775	SB10G016110	0.3249	523.5	1600.5	0.6912	0.0976	0.1412	-3769.657514
SB10G023375	SB10G013500	50.0000	184.9	898.1	0.0062	0.5830	94.7833	-2619.934956
SB10G015470	SB02G011400	2.1394	92.6	369.4	0.2974	0.4840	1.6274	-1115.282366
SB10G019600	SB02G012450	0.1951	653.5	2145.5	0.7802	0.0610	0.0782	-4610.608284
SB05G004927	SB04G002715	5.7020	154.2	535.8	0.1891	0.9704	5.1324	-1805.543050
SB05G005345	SB04G002950	50.0000	233.7	720.3	0.0201	1.2855	64.0820	-2552.945205
SB05G005490	SB04G003090	50.0000	330.6	992.4	0.0157	0.9996	63.6995	-3487.608283
SB05G018560	SB01G026470	6.4838	86.5	345.5	0.3696	1.6111	4.3587	-1131.017152
SB05G018970	SB01G025950	11.3066	444.7	1367.3	0.0794	0.9803	12.3435	-4820.022127
SB05G019173	SB01G025830	50.0000	101.6	450.4	0.0168	1.4199	84.2786	-1450.249117
SB05G019477	SB01G025305	14.6577	193.4	709.6	0.0333	0.6771	20.3310	-2239.121374
SB05G025950	SB06G028760	10.3076	366.6	1790.4	0.0682	1.0345	15.1653	-5355.205772
SB05G026136	SB06G028830	50.0000	227.4	654.6	0.0118	0.7367	62.5363	-2271.535126
SB09G020780	SB03G028800	10.0114	334.6	1156.4	0.0583	0.7217	12.3773	-3778.412332
SB09G020990	SB03G028660	25.7800	196.2	631.8	0.0401	1.2885	32.1117	-2203.700998
SB09G021205	SB03G028540	2.4262	148.6	757.4	0.1528	0.4235	2.7723	-2062.837964
SB02G007925	SB01G021392	0.5471	302.5	966.5	0.6106	0.1583	0.2592	-2485.104249
SB02G008116	SB01G021615	12.2899	56.8	318.2	0.0877	1.5899	18.1330	-937.985615
SB02G008710	SB01G021750	50.0000	102.9	398.1	0.0152	1.1617	76.6735	-1309.456610
SB02G024900	SB02G013180	50.0000	609.8	2279.2	0.0139	1.0429	75.0628	-7577.164590
SB02G025040	SB02G013100	50.0000	397.0	1943.0	0.0093	0.8700	93.9855	-5761.055087
SB02G025543	SB02G012430	5.5548	190.9	712.1	0.1536	0.8552	5.5679	-2326.548904
SB08G008345	SB07G005490	5.6045	86.4	348.6	0.2525	1.1765	4.6592	-1129.384385
SB08G008630	SB07G005585	50.0000	96.6	353.4	0.0190	1.3820	72.5804	-1191.470686
SB08G009281	SB07G005740	4.4924	123.9	371.1	0.4503	1.1471	2.5471	-1276.539577
SB08G009545	SB07G005795	5.7264	110.1	393.9	0.0540	0.3955	7.3247	-1199.546650
SB05G010570	SB10G012250	0.1718	274.5	712.5	0.4781	0.0439	0.0919	-1570.767620
SB05G012940	SB10G011916	15.6862	129.3	431.7	0.0647	1.2074	18.6553	-1470.355163
SB05G015330	SB10G011230	2.4083	147.5	431.5	0.2873	0.4920	1.7121	-1393.597679
SB05G016220	SB10G010935	0.3774	234.5	716.5	0.7100	0.1143	0.1610	-1730.529482
SB05G007185	SB01G026200	0.1044	392.0	1066.0	0.3609	0.0236	0.0654	-2215.827806
SB05G007420	SB01G025848	2.9397	91.6	337.4	0.4606	0.7839	1.7018	-1074.773930
SB05G007903	SB01G025320	9.8299	430.1	1390.9	0.2102	1.7362	8.2589	-4900.818923
SB07G009741	SB10G008913	1.7090	188.5	630.5	0.6414	0.5047	0.7869	-1963.191007
SB07G009790	SB10G008916	1.0521	127.6	430.4	0.2791	0.2205	0.7899	-1209.351541
SB09G020410	SB03G013430	50.0000	431.9	1323.1	0.0153	0.9888	64.6947	-4659.781335
SB09G020780	SB03G013130	18.8030	342.8	1151.2	0.0295	0.7322	24.8561	-3793.788807
SB09G021120	SB03G012725	0.1425	434.3	1128.7	0.7691	0.0439	0.0570	-2476.196868
SB07G016100	SB06G016350	50.0000	428.2	1431.8	0.0184	1.2560	68.1971	-4953.854366
SB07G017556	SB06G016560	7.2145	103.4	319.6	0.0615	0.5082	8.2658	-1033.289894
SB07G019065	SB06G016680	50.0000	95.1	387.9	0.0143	1.1421	79.9496	-1288.149022
SB09G006470	SB04G012281	8.1523	302.5	918.5	0.0868	0.7534	8.6797	-3127.773835
SB09G006610	SB04G012281	50.0000	372.2	1121.8	0.0135	0.8701	64.2842	-3903.317649
SB09G007083	SB04G011350	50.0000	295.9	871.1	0.0210	1.3009	61.9009	-3118.000000
SB09G007270	SB04G011316	0.7830	113.4	435.6	0.6844	0.2383	0.3482	-1160.304557
SB05G004115	SB09G000430	7.8372	223.7	814.3	0.0849	0.7861	9.2613	-2668.906877
SB05G004210	SB09G000220	7.8177	211.0	617.0	0.1843	1.2249	6.6451	-2170.044265
SB05G005546	SB02G009050	1.9944	441.9	1346.1	0.2568	0.3876	1.5094	-4230.076969
SB05G005860	SB02G009335	3.0168	611.8	2043.2	0.2261	0.5622	2.4864	-6581.997716
SB05G022022	SB06G013010	1.3037	246.6	743.4	0.2936	0.2717	0.9256	-2185.904948
SB05G010370	SB04G011350	2.5155	281.9	894.1	0.3851	0.6064	1.5748	-2942.329047
SB05G010570	SB04G011316	2.0638	121.3	427.7	0.6424	0.6126	0.9536	-1371.742894
SB05G019060	SB06G014295	1.7231	658.4	2077.6	0.3538	0.3990	1.1277	-6463.718913
SB05G019145	SB06G014245	34.2133	165.0	576.0	0.0253	1.1906	47.0642	-1983.586186
SB05G019150	SB06G014240	0.7470	183.8	593.2	0.3485	0.1727	0.4954	-1585.126988
SB06G014240	SB04G017480	8.5971	144.6	611.4	0.1832	1.5471	8.4434	-2011.608085
SB06G014245	SB04G017470	1.4972	331.1	997.9	0.4985	0.3991	0.8005	-3101.551924
SB06G014295	SB04G017440	0.0660	856.1	2128.9	0.8533	0.0210	0.0246	-4389.424599
SB04G017440	SB04G011350	0.1792	335.2	882.8	0.5866	0.0500	0.0853	-1971.165671
SB04G017470	SB04G011316	0.0332	157.8	391.2	1.4267	0.0121	0.0085	-773.556952
SB05G019060	SB04G017440	1.6997	675.5	2135.5	0.3473	0.3903	1.1238	-6621.887514
SB05G019145	SB04G017470	0.1847	178.1	610.9	0.7406	0.0571	0.0770	-1294.060462
SB06G014240	SB04G011313	0.4640	139.2	394.8	0.1879	0.0727	0.3871	-979.045278
SB06G014245	SB04G011316	10.4883	118.1	415.9	0.0974	1.1466	11.7703	-1420.312959
SB06G014295	SB04G011350	0.2008	329.7	888.3	0.6230	0.0575	0.0923	-2003.145231
SB05G019060	SB04G011350	1.8358	286.5	889.5	0.4009	0.4486	1.1191	-2825.835615
SB05G019145	SB04G011316	0.2135	102.6	434.4	0.7363	0.0666	0.0905	-889.802845
SB05G010370	SB04G017440	1.7799	398.6	1239.4	0.2951	0.3752	1.2714	-3847.417795
SB05G010570	SB04G017470	0.1462	702.3	1922.7	0.7336	0.0444	0.0605	-4166.593563
SB05G010370	SB06G014295	1.8282	392.6	1242.4	0.3123	0.3987	1.2764	-3869.637231
SB05G010570	SB06G014245	1.7850	385.4	1165.6	0.4841	0.4704	0.9718	-3710.253503
SB05G010580	SB06G014240	2.7768	167.8	585.2	0.3948	0.6899	1.7474	-1901.179932
SB08G022370	SB06G014310	7.2691	114.3	407.7	0.1287	0.9761	7.5836	-1334.690608
SB08G022500	SB06G014245	1.6174	410.1	1239.9	0.4934	0.4295	0.8705	-3891.149159
SB08G022505	SB06G014240	9.7816	167.4	573.6	0.2099	1.7618	8.3945	-1985.645591
SB05G008720	SB09G016555	0.4760	414.4	1202.6	1.0829	0.1618	0.1495	-3098.206368
SB05G008835	SB09G016391	0.1642	744.6	1982.4	0.8478	0.0522	0.0615	-4375.490267
SB05G020443	SB01G025320	50.0000	175.1	607.9	0.0261	1.7808	68.3377	-2093.233666
SB05G020480	SB01G025070	6.4152	273.6	839.4	0.3684	1.5043	4.0835	-2958.614409
SB05G020710	SB01G024853	50.0000	138.0	423.0	0.0224	1.4197	63.3987	-1474.998533
SB08G000535	SB02G043890	50.0000	218.4	708.6	0.0261	1.7038	65.2126	-2511.490514
SB05G007350	SB04G011283	0.9562	341.0	1009.0	0.3857	0.2273	0.5893	-2702.784063
SB05G007410	SB04G011300	10.8120	134.0	559.0	0.0959	1.2766	13.3160	-1794.177867
SB05G007420	SB04G011340	0.2080	136.5	370.5	0.5687	0.0576	0.1013	-800.223103
SB05G007430	SB04G011350	50.0000	282.0	897.0	0.0263	1.6903	64.2961	-3170.366569
SB07G015420	SB02G022084	50.0000	99.3	311.7	0.0093	0.6252	67.0511	-1009.456458
SB07G015981	SB02G021810	9.2726	98.8	318.2	0.1131	1.0815	9.5633	-1081.999108
SB05G000590	SB10G013500	50.0000	260.3	924.7	0.0126	0.9154	72.6342	-3088.273832
SB05G000700	SB10G013213	1.8027	193.0	614.0	0.3161	0.3960	1.2528	-1893.331590
SB09G023480	SB01G036160	2.5997	711.3	2030.7	0.1201	0.2987	2.4877	-6339.844078
SB04G019290	SB04G017440	0.0979	227.4	660.6	0.6587	0.0288	0.0437	-1345.059582
SB04G019600	SB04G017470	0.0573	311.0	808.0	1.3583	0.0206	0.0152	-1638.944156
SB08G017290	SB02G019470	50.0000	264.7	1247.3	0.0102	0.9296	90.8174	-3781.337988
SB08G017350	SB02G019430	0.2433	476.5	1248.5	0.7508	0.0743	0.0989	-2921.427808
SB08G017410	SB02G019330	3.2980	491.6	1545.4	0.3724	0.7815	2.0985	-5226.506516
SB09G018196	SB10G016110	0.0934	114.6	314.4	1.9625	0.0358	0.0183	-639.844455
SB09G018270	SB10G015470	7.4785	115.1	367.9	0.1835	1.2096	6.5926	-1282.068313
SB05G021933	SB02G008965	50.0000	149.4	576.6	0.0092	0.7181	78.2332	-1839.776903
SB05G022022	SB02G009050	0.5126	410.3	1125.7	0.2625	0.0976	0.3718	-2863.388705
SB09G016391	SB01G025070	1.7547	267.4	869.6	0.3473	0.4056	1.1680	-2664.414940
SB09G016555	SB01G025320	0.0550	442.7	1063.3	0.9272	0.0179	0.0193	-2194.883391
SB09G024980	SB03G036140	2.9517	503.1	1332.9	0.3309	0.6331	1.9133	-4528.244742
SB04G019290	SB04G011350	2.0499	193.6	652.4	0.5294	0.5678	1.0725	-2069.194122
SB04G019600	SB04G011316	0.0331	113.1	435.9	1.1877	0.0114	0.0096	-774.531157
SB08G019280	SB02G038310	3.1965	520.6	1645.4	0.1029	0.3442	3.3450	-5073.264330
SB05G021936	SB10G009015	50.0000	146.7	399.3	0.0267	1.5418	57.8509	-1477.051980
SB05G022020	SB10G008916	50.0000	94.7	337.3	0.0066	0.4922	74.2490	-1051.752647
SB05G022022	SB10G008896	0.4410	176.4	450.6	0.2016	0.0695	0.3449	-1121.730764
SB05G008720	SB01G025320	0.0768	457.7	1183.3	1.3037	0.0274	0.0210	-2449.542119
SB05G008835	SB01G025070	1.5979	228.2	719.8	0.3290	0.3572	1.0858	-2184.076287
SB08G017290	SB08G008310	50.0000	248.1	1245.9	0.0115	1.0943	94.8509	-3569.504548
SB08G017350	SB08G008240	0.8735	684.5	1943.5	0.3986	0.2090	0.5244	-5506.448592
SB08G017410	SB08G008210	1.9760	605.8	1896.2	0.4968	0.5289	1.0647	-6095.706851
SB05G007480	SB01G026800	15.6172	114.5	440.5	0.0245	0.5641	23.0541	-1371.254679
SB05G007903	SB01G026620	50.0000	405.4	1163.6	0.0252	1.5169	60.1526	-4201.860629
SB05G026296	SB03G014415	1.2788	250.0	734.0	0.3394	0.2852	0.8403	-2185.061305
SB05G026446	SB03G014063	14.8421	126.1	377.9	0.0336	0.6036	17.9644	-1279.851995
SB05G019145	SB03G042200	0.1598	171.3	617.7	0.6938	0.0486	0.0701	-1271.257310
SB05G019477	SB03G042260	50.0000	258.2	644.8	0.0463	2.4204	52.2524	-2433.540160
SB05G019490	SB03G042370	50.0000	169.3	538.7	0.0124	0.8305	67.0694	-1847.206433
SB04G019600	SB01G025885	0.3127	148.8	481.2	0.6558	0.0927	0.1414	-1111.847419
SB04G019655	SB01G025900	2.1538	96.0	354.0	0.0986	0.2434	2.4675	-988.488865
SB08G023040	SB01G003020	23.2400	360.9	1436.1	0.0267	0.9299	34.8739	-4558.638280
SB08G023250	SB01G002800	6.2276	197.3	1041.7	0.0941	0.8194	8.7117	-3038.432872
SB05G018970	SB03G014350	50.0000	296.1	966.9	0.0149	1.0110	67.7799	-3338.741967
SB05G019060	SB03G014415	0.6051	206.1	657.9	0.6909	0.1823	0.2638	-1719.123265
SB05G019173	SB03G014760	50.0000	120.6	437.4	0.0157	1.1444	72.9520	-1466.598629
SB05G024530	SB05G007305	12.8708	199.2	655.8	0.0859	1.2330	14.3545	-2276.544425
SB05G024690	SB05G007430	1.9795	342.1	917.9	0.3869	0.4613	1.1924	-3021.497533
SB08G017345	SB05G007420	2.6715	114.1	410.9	0.3803	0.6577	1.7291	-1294.237262
SB08G017350	SB05G007430	2.1118	333.0	942.0	0.3379	0.4656	1.3781	-3087.667040
SB08G017410	SB05G007903	0.5157	450.4	1334.6	0.5716	0.1446	0.2529	-3421.580379
SB08G005310	SB05G008560	1.8526	610.4	1876.6	0.3298	0.4120	1.2494	-5908.683492
SB08G005435	SB05G008720	50.0000	404.2	1254.8	0.0205	1.3156	64.3183	-4427.623504
SB08G005466	SB05G008726	3.8829	85.4	331.6	0.1167	0.5075	4.3484	-1013.595328
SB05G008040	SB09G009320	50.0000	405.3	1157.7	0.0193	1.1740	60.9133	-4167.170259
SB05G008170	SB09G008205	14.0799	124.2	433.8	0.0821	1.3454	16.3819	-1473.127050
SB05G019060	SB06G010840	1.8729	453.1	1406.9	0.3474	0.4283	1.2328	-4450.662853
SB05G019150	SB06G011550	1.6463	195.7	650.3	0.4582	0.4309	0.9405	-1995.219130
SB05G025735	SB05G006340	2.6228	342.4	1082.6	0.2625	0.5219	1.9884	-3534.934292
SB05G008051	SB05G006340	50.0000	115.6	382.4	0.0138	0.9493	68.6804	-1297.845200
SB04G019600	SB02G019330	0.0459	295.9	823.1	2.5206	0.0182	0.0072	-1618.545670
SB04G019673	SB02G019430	6.8327	129.1	476.9	0.1906	1.1959	6.2746	-1593.492304
SB04G019815	SB02G019510	50.0000	179.6	717.4	0.0080	0.6433	80.6789	-2213.958609
SB08G007320	SB07G009741	50.0000	108.8	317.2	0.0193	1.1943	61.7542	-1122.930266
SB08G007335	SB07G009790	0.5120	140.2	414.8	0.2356	0.0938	0.3981	-1043.117545
SB08G007670	SB07G010583	0.4950	252.1	914.9	0.4641	0.1321	0.2845	-2187.940562
SB05G010040	SB10G019600	50.0000	265.6	814.4	0.0137	0.8889	65.0407	-2792.030450
SB05G010370	SB10G018070	2.5584	373.2	1213.8	0.4395	0.6561	1.4927	-4004.770324
SB05G018970	SB07G022760	50.0000	369.7	1070.3	0.0205	1.2567	61.2776	-3858.328048
SB05G019060	SB07G022900	0.2436	809.2	2046.8	0.8046	0.0760	0.0944	-4831.486011
SB04G011313	SB03G012860	11.5889	184.9	616.1	0.1168	1.4072	12.0476	-2134.692381
SB04G011316	SB03G012863	50.0000	132.7	395.3	0.0217	1.3491	62.2876	-1406.193898
SB04G011350	SB03G012866	50.0000	95.9	324.1	0.0138	0.9603	69.7543	-1099.001789
SB02G039110	SB02G025910	38.9751	158.5	1128.5	0.0027	0.2765	103.5234	-2641.811602
SB08G005310	SB07G011260	3.6442	494.8	1587.2	0.3555	0.8489	2.3882	-5362.880625
SB08G005350	SB07G010516	5.4799	195.7	761.3	0.1912	0.9794	5.1217	-2517.391977
SB08G005432	SB07G009790	0.1041	210.3	566.7	0.9746	0.0345	0.0354	-1189.801716
SB08G005435	SB07G009741	0.1069	275.4	687.6	1.0682	0.0363	0.0340	-1466.129731
SB08G013825	SB01G021550	50.0000	109.0	398.0	0.0122	0.9040	74.2115	-1316.245228
SB08G014475	SB01G021392	1.7123	435.2	1406.8	0.3085	0.3732	1.2096	-4315.877526
SB01G049750	SB01G017150	1.0669	158.6	864.4	0.1030	0.1513	1.4694	-1876.681432
SB05G025650	SB04G012281	12.2003	284.1	1173.9	0.0456	0.8012	17.5614	-3642.307573
SB05G025735	SB04G011350	0.1798	347.4	870.6	0.5821	0.0497	0.0855	-1965.912747
SB05G020443	SB04G017470	0.0987	214.9	571.1	0.7289	0.0299	0.0410	-1193.866248
SB05G020480	SB04G017440	1.6275	537.2	1637.8	0.2992	0.3437	1.1486	-5030.876666
SB05G020730	SB04G017036	5.9761	101.7	396.3	0.3516	1.4472	4.1157	-1296.666894
SB05G010040	SB01G026620	8.1573	247.5	862.5	0.2254	1.5396	6.8294	-2968.111843
SB05G010570	SB01G026472	0.1458	334.2	793.8	0.5347	0.0386	0.0722	-1762.050259
SB09G006610	SB04G002520	50.0000	306.1	872.9	0.0156	0.9583	61.4678	-3084.242773
SB06G018993	SB06G014101	50.0000	126.9	419.1	0.0158	1.0757	68.1803	-1459.697836
SB06G019000	SB06G014200	50.0000	388.8	973.2	0.0097	0.5515	56.9971	-3327.583809
SB07G022945	SB04G034210	3.8021	139.0	437.0	0.2270	0.6957	3.0649	-1448.866645
SB07G009100	SB01G021550	2.1306	100.8	406.2	0.2302	0.4265	1.8531	-1206.635245
SB07G009445	SB01G021397	50.0000	120.3	389.7	0.0078	0.5403	68.8948	-1266.473456
SB07G009480	SB01G021340	50.0000	213.0	750.0	0.0103	0.7465	72.7331	-2489.873687
SB01G032820	SB01G023180	7.4794	135.1	755.9	0.0128	0.1960	15.3514	-1806.441533
SB08G004830	SB05G008040	50.0000	390.5	1157.5	0.0182	1.1420	62.6870	-4133.016170
SB08G005018	SB05G008130	50.0000	199.0	713.0	0.0190	1.3615	71.5054	-2396.334631
SB08G005066	SB05G008170	2.0107	120.0	426.0	0.6641	0.6032	0.9082	-1335.784545
SB09G003730	SB10G008913	0.3810	228.4	659.6	0.5657	0.1061	0.1875	-1611.458740
SB08G022500	SB01G025320	0.0251	503.2	1332.8	0.5294	0.0067	0.0127	-2588.352128
SB08G022660	SB01G025885	0.4172	329.0	1021.0	0.6240	0.1213	0.1943	-2505.530291
SB08G022780	SB01G025950	14.9016	603.0	2295.0	0.0331	0.7018	21.1995	-7301.214702
SB05G022860	SB10G022905	15.4276	197.6	528.4	0.0672	1.0764	16.0144	-1914.157330
SB05G022920	SB10G022850	50.0000	182.9	537.1	0.0141	0.8860	63.0048	-1875.314917
SB05G023070	SB10G022775	0.0666	624.1	1586.9	0.9125	0.0216	0.0237	-3264.449701
SB09G001190	SB03G039455	50.0000	100.1	292.9	0.0142	0.8898	62.8491	-1009.162707
SB05G010370	SB10G008896	1.7577	177.4	584.6	0.3654	0.4172	1.1418	-1820.077711
SB05G010570	SB10G008913	0.4288	618.6	1970.4	0.9826	0.1423	0.1449	-4871.482398
SB05G023070	SB07G019080	0.0698	228.9	611.1	0.7637	0.0215	0.0281	-1236.009512
SB05G023120	SB07G019065	6.1423	137.6	402.4	0.0553	0.3822	6.9167	-1277.379921
SB05G023470	SB07G017170	50.0000	95.3	381.7	0.0123	0.9817	79.4987	-1249.120532
SB05G008720	SB07G019080	0.1474	174.6	422.4	1.3538	0.0532	0.0393	-937.882120
SB05G008835	SB07G019270	1.9262	475.5	1396.5	0.3309	0.4242	1.2819	-4457.506761
SB09G016391	SB10G018070	0.2320	583.2	1813.8	0.6732	0.0692	0.1027	-4050.343007
SB09G016555	SB10G019600	0.1456	635.3	2025.7	0.6936	0.0439	0.0633	-4217.656794
SB02G031597	SB01G030233	6.6632	102.3	326.7	0.1861	1.0872	5.8417	-1138.261920
SB05G008720	SB10G019600	0.0830	515.9	1272.1	1.0281	0.0279	0.0271	-2686.851984
SB05G008835	SB10G018070	0.4756	549.7	1727.3	0.6895	0.1430	0.2074	-4322.643926
SB05G005280	SB10G011230	9.8590	302.5	939.5	0.1624	1.4567	8.9689	-3310.403890
SB05G005345	SB10G011150	50.0000	217.8	691.2	0.0126	0.8403	66.8786	-2352.227960
SB08G019650	SB01G027510	0.0541	1001.7	2439.3	1.1857	0.0189	0.0159	-5006.381384
SB08G019840	SB01G027360	50.0000	480.7	1376.3	0.0211	1.2818	60.7197	-4956.517376
SB07G009780	SB10G021100	0.8164	170.7	507.3	0.4745	0.2128	0.4484	-1407.329814
SB07G009790	SB10G021110	1.1038	131.1	471.9	0.3437	0.2600	0.7565	-1334.427825
SB07G010240	SB10G021275	50.0000	74.1	318.9	0.0143	1.1903	83.2300	-980.099297
SB07G011260	SB10G021461	5.8212	261.9	869.1	0.1483	0.8329	5.6152	-2901.536989
SB05G024520	SB09G023480	50.0000	724.2	1948.8	0.0140	0.8278	59.2854	-7014.108565
SB05G024530	SB09G023490	50.0000	181.1	658.9	0.0176	1.2773	72.6665	-2238.719905
SB05G024920	SB09G023725	50.0000	127.7	424.3	0.0136	0.9351	68.9372	-1458.377873
SB05G023070	SB09G014225	0.1916	625.2	1705.8	0.8865	0.0617	0.0696	-3813.912736
SB05G023470	SB09G012730	2.9104	103.0	407.0	0.4232	0.7607	1.7975	-1296.334122
SB05G023490	SB09G012685	2.0350	131.5	426.5	0.1782	0.3251	1.8242	-1282.069700
SB05G008500	SB02G021570	50.0000	172.4	565.6	0.0089	0.6179	69.3059	-1864.923636
SB05G008560	SB02G021460	1.7229	97.3	364.7	0.2433	0.3471	1.4266	-1076.267373
SB05G008720	SB02G021160	0.0807	489.8	1196.2	0.9236	0.0263	0.0284	-2527.670198
SB09G004155	SB01G021815	50.0000	111.4	365.6	0.0188	1.2662	67.1885	-1273.508687
SB09G004157	SB01G021750	50.0000	150.4	500.6	0.0193	1.3074	67.8107	-1734.027372
SB07G025590	SB03G010610	50.0000	249.8	653.2	0.0151	0.8770	57.9621	-2346.028051
SB05G007350	SB04G019765	0.0846	199.4	598.6	0.1522	0.0118	0.0774	-1143.722929
SB05G007903	SB04G019600	50.0000	239.6	825.4	0.0155	1.0914	70.3297	-2834.072785
SB05G008051	SB04G019290	8.7586	113.3	381.7	0.1470	1.2537	8.5289	-1301.969805
SB05G007903	SB02G012450	3.0568	463.2	1453.8	0.5863	0.8705	1.4848	-4948.932150
SB05G008040	SB02G012380	50.0000	394.7	1189.3	0.0220	1.3811	62.7307	-4256.820436
SB05G021217	SB01G020600	0.8108	105.3	353.7	0.4139	0.2040	0.4929	-953.970782
SB05G021405	SB01G020392	0.0790	694.0	1505.0	1.0695	0.0269	0.0251	-3262.401693
SB05G010370	SB05G005280	1.1720	372.6	1082.4	0.3811	0.2759	0.7240	-3214.670481
SB05G011880	SB05G005140	50.0000	159.5	455.5	0.0054	0.3436	63.2715	-1449.563144
SB05G012530	SB05G004927	50.0000	171.2	518.8	0.0177	1.1277	63.7510	-1800.495534
SB04G008570	SB03G002425	50.0000	230.6	708.4	0.0089	0.5868	66.0509	-2352.176074
SB07G017170	SB09G007435	50.0000	268.1	784.9	0.0140	0.8795	62.8744	-2724.598402
SB07G019080	SB09G007270	2.5714	185.8	633.2	0.9945	0.8561	0.8608	-2080.338409
SB08G017350	SB05G025735	1.7931	659.8	2019.2	0.3667	0.4194	1.1435	-6371.892504
SB07G017170	SB09G016391	2.7481	455.0	1600.0	0.2790	0.5827	2.0884	-5103.642446
SB07G019065	SB09G016160	2.7941	202.1	607.9	0.1340	0.3565	2.6610	-1906.767854
SB07G019120	SB09G015393	50.0000	114.4	437.6	0.0146	1.1139	76.1884	-1423.812259
SB05G012940	SB06G016560	1.6741	99.9	317.1	0.4623	0.4364	0.9441	-991.378053
SB05G015090	SB06G016400	11.1030	701.2	2190.8	0.0218	0.3120	14.2896	-6718.746333
SB05G015330	SB06G016390	2.2372	141.5	455.5	0.2511	0.4369	1.7402	-1414.592497
SB05G008835	SB04G020583	0.1473	717.7	1874.3	0.5752	0.0408	0.0709	-4089.278605
SB05G009726	SB04G021060	50.0000	119.3	408.7	0.0172	1.2008	69.6556	-1393.106195
SB09G030250	SB04G009100	50.0000	361.2	1579.8	0.0091	0.7847	86.1233	-4736.911560
SB08G005600	SB10G022290	50.0000	200.0	1000.0	0.0115	1.0914	94.5240	-3019.409713
SB08G005895	SB10G022186	50.0000	296.4	1110.6	0.0087	0.6640	76.6405	-3573.956068
SB08G005897	SB10G022183	2.2814	142.2	586.8	0.0921	0.2602	2.8250	-1615.167714
SB08G006165	SB10G022070	50.0000	179.1	498.9	0.0200	1.1934	59.7808	-1798.322161
SB08G005435	SB03G042200	1.5400	567.5	1748.5	0.4929	0.4100	0.8318	-5421.768413
SB07G002840	SB06G000910	50.0000	169.8	580.2	0.0099	0.7028	71.2193	-1920.428498
SB07G003116	SB06G001033	0.0442	841.5	1996.5	0.8561	0.0140	0.0164	-4084.077532
SB05G026296	SB02G009335	0.0275	1026.0	2076.0	1.2034	0.0097	0.0081	-4352.039791
SB05G026500	SB02G009463	6.9583	150.5	560.5	0.2342	1.3705	5.8520	-1893.942248
SB05G010040	SB10G016110	1.3924	246.4	716.6	0.5581	0.3859	0.6915	-2200.811940
SB05G010330	SB10G014650	4.2169	74.0	313.0	0.9437	1.3898	1.4726	-998.243559
SB05G010570	SB10G014180	1.4171	229.5	679.5	0.6109	0.4069	0.6661	-2084.660283
SB05G019173	SB01G021550	7.8261	93.6	446.4	0.3200	1.9066	5.9587	-1443.679306
SB05G019490	SB01G021340	20.1507	169.9	778.1	0.0181	0.6247	34.6098	-2321.677873
SB08G017350	SB04G019673	2.0156	121.7	493.3	0.3435	0.4874	1.4191	-1473.989503
SB08G017410	SB04G019600	1.7805	230.4	723.6	0.3770	0.4242	1.1251	-2276.291939
SB08G017180	SB03G012440	12.4538	460.0	1283.0	0.1154	1.3729	11.9002	-4698.567277
SB08G017350	SB03G012535	3.7783	432.6	1298.4	0.1368	0.4888	3.5727	-4229.539430
SB08G017406	SB03G012722	3.4826	97.3	373.7	0.3978	0.8844	2.2232	-1200.935169
SB08G017410	SB03G012725	1.9038	580.3	1810.7	0.5754	0.5382	0.9354	-5827.021309
SB05G008170	SB09G007435	50.0000	131.8	432.2	0.0172	1.1606	67.5349	-1496.723710
SB05G008500	SB09G007190	18.1357	369.4	1529.6	0.0320	0.8789	27.4344	-4819.508421
SB05G008560	SB09G007083	0.5636	539.8	1434.2	0.2791	0.1101	0.3945	-3747.741931
SB05G008835	SB06G016390	1.5813	625.9	1939.1	0.3556	0.3655	1.0278	-5974.208591
SB05G009726	SB06G016680	6.7157	88.5	400.5	0.6551	2.0438	3.1200	-1295.082784
SB05G012530	SB01G021615	11.0167	88.9	289.1	0.0532	0.7077	13.3072	-950.607731
SB05G015330	SB01G021392	50.0000	169.3	529.7	0.0208	1.3450	64.6190	-1848.264639
SB09G023790	SB09G003190	9.3115	205.1	613.9	0.0812	0.8099	9.9689	-2145.814133
SB09G023890	SB09G003020	13.4702	232.9	775.1	0.0213	0.3859	18.1467	-2359.722677
SB09G024140	SB09G002790	50.0000	425.4	1401.6	0.0199	1.3387	67.1689	-4880.470701
SB09G011991	SB09G007270	2.2392	131.1	438.9	0.3935	0.5510	1.4005	-1420.252642
SB09G012730	SB09G007435	50.0000	168.4	482.6	0.0298	1.7693	59.3760	-1742.440472
SB09G014671	SB09G007990	50.0000	258.0	831.0	0.0202	1.3334	66.0428	-2893.166398
SB10G005840	SB01G013570	50.0000	278.2	1083.8	0.0098	0.7679	78.6120	-3380.912731
SB10G011230	SB03G014415	1.1069	185.7	585.3	0.7400	0.3402	0.4597	-1721.655183
SB10G011916	SB03G014760	2.4814	119.1	450.9	0.1381	0.3590	2.5991	-1310.491569
SB10G012070	SB03G014770	2.3024	419.2	1296.8	0.2836	0.4746	1.6733	-4148.951568
SB08G005310	SB03G012535	5.0968	461.6	1395.4	0.2503	0.9739	3.8910	-4829.549391
SB08G005435	SB03G012725	1.5687	531.1	1613.9	0.6044	0.4500	0.7445	-5054.759461
SB08G005585	SB03G012860	50.0000	85.8	301.2	0.0112	0.8136	72.3353	-995.282110
SB08G018373	SB05G006165	15.6159	374.1	1350.9	0.0397	0.8328	20.9939	-4455.179057
SB05G007185	SB09G007970	1.0050	369.1	1106.9	0.3234	0.2199	0.6801	-3164.944878
SB05G007305	SB09G008070	50.0000	449.2	1530.8	0.0124	0.8728	70.4876	-5200.998692
SB05G007420	SB09G008202	0.2019	139.6	433.4	0.3498	0.0463	0.1324	-906.477611
SB05G007430	SB09G008205	0.9141	286.0	767.0	0.8524	0.2910	0.3414	-2267.343515
SB05G006340	SB06G015620	50.0000	336.3	1055.7	0.0324	2.0298	62.6198	-3757.318314
SB05G016220	SB04G018311	47.3565	133.2	436.8	0.0160	1.0240	64.1941	-1506.218018
SB05G016690	SB04G017810	13.4638	185.4	606.6	0.0908	1.3419	14.7817	-2108.489124
SB05G016870	SB04G017470	0.7854	166.1	610.9	0.6779	0.2377	0.3506	-1625.221601
SB02G019330	SB01G026620	0.0509	472.4	1150.6	0.9182	0.0165	0.0180	-2357.926633
SB02G019470	SB01G026800	11.1004	118.3	397.7	0.0517	0.7103	13.7491	-1310.917917
SB02G019830	SB01G026990	50.0000	444.3	791.7	1.2504	17.9597	14.3630	-3299.146443
SB10G021154	SB10G011230	11.0662	287.7	960.3	0.0920	1.1261	12.2439	-3296.355714
SB10G021275	SB10G011150	50.0000	112.3	289.7	0.0152	0.8733	57.4005	-1045.602417
SB10G021340	SB10G011080	3.7051	96.0	393.0	0.2369	0.7567	3.1944	-1193.948642
SB08G015230	SB02G008116	21.4690	107.3	330.7	0.0469	1.1979	25.5256	-1148.887522
SB08G015380	SB02G007953	0.1849	118.0	287.0	0.7566	0.0564	0.0745	-637.539289
SB08G015390	SB02G007925	2.5937	477.7	1379.3	0.4193	0.6374	1.5203	-4666.852235
SB08G008210	SB07G019080	1.1310	196.3	613.7	0.8549	0.3621	0.4236	-1818.245409
SB08G008345	SB07G017180	50.0000	96.7	341.3	0.0121	0.8743	72.3798	-1128.621096
SB10G022775	SB01G027510	0.0969	660.0	1635.0	1.0961	0.0331	0.0302	-3487.362910
SB08G014305	SB03G012485	6.5098	153.6	587.4	0.2901	1.4397	4.9622	-1919.124538
SB08G014475	SB03G012535	3.3959	436.9	1324.1	0.2485	0.6468	2.6023	-4438.253230
SB08G014650	SB03G012722	10.1634	102.8	362.2	0.1234	1.3176	10.6804	-1219.245931
SB08G013825	SB03G014760	50.0000	167.2	621.8	0.0127	0.9543	75.1174	-2066.359858
SB08G014475	SB03G014415	1.4569	252.0	729.0	0.4093	0.3543	0.8656	-2246.227807
SB05G007903	SB09G018196	4.1729	77.3	315.7	0.2652	0.9001	3.3948	-1024.492626
SB05G008051	SB09G018270	7.7291	118.0	383.0	0.1467	1.0870	7.4112	-1315.991802
SB05G008240	SB09G018470	7.1123	165.0	471.0	0.2989	1.4736	4.9309	-1702.166311
SB05G008170	SB06G014295	2.0560	122.9	456.1	0.2410	0.4107	1.7043	-1373.431483
SB05G008410	SB06G014240	6.0230	161.2	591.8	0.3195	1.3791	4.3160	-2001.798316
SB05G008560	SB06G013800	0.1928	307.4	847.6	0.6734	0.0569	0.0845	-1864.638280
SB09G009330	SB09G008225	9.0305	98.5	462.5	1.8357	3.2718	1.7823	-1486.877160
SB09G009580	SB09G008230	11.5812	197.3	552.7	0.1477	1.5329	10.3814	-2003.090187
SB04G020583	SB01G020600	0.2410	114.5	395.5	0.5182	0.0664	0.1282	-856.460492
SB04G020990	SB01G020900	8.3374	304.7	955.3	0.0621	0.5976	9.6194	-3179.743219
SB10G022035	SB04G011190	50.0000	94.5	331.5	0.0103	0.7488	72.4810	-1097.523874
SB10G022180	SB04G011350	0.1910	359.6	864.4	0.8106	0.0596	0.0735	-1989.333490
SB10G022290	SB04G012281	5.8613	335.7	1536.3	0.1031	0.7631	7.4030	-4640.467549
SB08G017290	SB01G025950	50.0000	335.4	1188.6	0.0134	0.9697	72.2867	-3940.419220
SB08G017410	SB01G025320	3.0509	425.7	1314.3	0.3168	0.6657	2.1015	-4402.889674
SB07G015440	SB04G017440	0.1887	125.5	378.5	1.0412	0.0635	0.0610	-817.055222
SB07G017170	SB02G007925	3.7753	464.8	1461.2	0.3948	0.9186	2.3268	-4995.565802
SB07G019080	SB02G008191	0.1543	224.9	615.1	0.7328	0.0469	0.0639	-1332.039780
SB05G024530	SB10G022070	42.8932	212.5	636.5	0.0261	1.3817	52.9938	-2273.618110
SB05G024690	SB10G022180	1.6587	575.5	1788.5	0.3179	0.3632	1.1425	-5501.030512
SB05G024870	SB10G022290	24.6362	249.4	1505.6	0.0182	0.9453	52.0710	-4227.043671
SB05G024920	SB10G022350	18.3272	237.1	740.9	0.0572	1.2231	21.3804	-2607.518567
SB05G026296	SB05G021217	0.3119	421.9	1168.1	0.6300	0.0899	0.1428	-2784.884654
SB10G013500	SB03G041780	50.0000	267.2	872.8	0.0117	0.8034	68.4887	-2980.752790
SB10G016110	SB03G042200	0.1099	710.1	2166.9	0.5461	0.0304	0.0556	-4420.442148
SB07G021820	SB03G030710	50.0000	377.2	1377.8	0.0122	0.9053	74.2370	-4569.426453
SB07G021940	SB03G030780	50.0000	147.9	467.1	0.0160	1.0568	65.9756	-1626.624629
SB07G020900	SB03G011730	50.0000	465.6	1484.4	0.0098	0.6654	67.6880	-4995.288855
SB07G021120	SB03G012043	50.0000	67.7	310.3	0.0211	1.7900	84.7973	-976.254886
SB09G012730	SB06G001770	1.1979	133.9	454.1	0.8044	0.3783	0.4704	-1330.888071
SB09G014671	SB06G001660	21.7933	637.8	1933.2	0.0117	0.3310	28.2815	-6043.550239
SB04G020583	SB01G021392	2.0187	431.5	1431.5	0.3488	0.4698	1.3468	-4516.196165
SB04G020990	SB01G021615	50.0000	92.4	291.6	0.0109	0.7271	66.9460	-989.488380
SB04G021090	SB01G021822	9.0431	380.9	1074.1	0.1317	1.1060	8.3949	-3855.510877
SB02G012450	SB01G025320	0.2228	494.9	1392.1	0.6710	0.0658	0.0981	-3152.623523
SB08G005350	SB09G004910	50.0000	109.7	325.3	0.0145	0.9194	63.3692	-1138.984143
SB08G005400	SB09G004960	50.0000	834.5	2360.5	0.0112	0.6944	61.8450	-8247.070065
SB08G005580	SB09G005190	0.9151	144.1	497.9	0.3512	0.2156	0.6139	-1347.595219
SB08G005600	SB09G005195	21.9992	283.7	907.3	0.0585	1.5162	25.9319	-3182.021244
SB05G019060	SB06G012295	0.8558	634.0	1856.0	0.3879	0.2035	0.5246	-5191.358477
SB05G019550	SB06G013670	2.4030	691.6	2323.4	0.2459	0.4702	1.9123	-7012.820551
SB05G019660	SB06G013800	18.5831	300.7	971.3	0.0809	1.6812	20.7745	-3369.533032
SB09G001720	SB01G021615	50.0000	93.1	293.9	0.0148	0.9801	66.1837	-1014.609110
SB09G001963	SB01G021400	50.0000	172.7	520.3	0.0199	1.2583	63.0814	-1795.041589
SB09G003970	SB03G013710	0.5582	117.2	386.8	0.1968	0.0955	0.4851	-943.498893
SB10G005830	SB03G004170	50.0000	176.5	603.5	0.0198	1.3679	68.9883	-2091.319365
SB08G008210	SB01G027510	0.0985	908.8	2319.2	1.5116	0.0363	0.0240	-4913.776118
SB08G008420	SB01G027360	22.4457	397.6	1435.4	0.0288	0.9007	31.2387	-4740.178958
SB07G009741	SB09G003730	50.0000	230.1	657.9	0.0295	1.7514	59.3248	-2369.656818
SB07G009790	SB09G003720	1.1921	187.6	625.4	0.4147	0.2998	0.7228	-1836.398411
SB09G011470	SB10G011230	50.0000	198.7	572.3	0.0237	1.4360	60.5387	-2055.065476
SB09G012730	SB10G010935	50.0000	139.7	475.3	0.0138	0.9669	70.0711	-1606.176918
SB10G021720	SB02G021470	50.0000	153.7	581.3	0.0097	0.7443	76.8712	-1875.127439
SB10G021740	SB02G021570	10.7340	184.7	535.3	0.0421	0.5228	12.4304	-1778.543738
SB08G014285	SB03G023505	1.7665	75.0	261.0	0.4635	0.4679	1.0095	-780.166978
SB08G014970	SB03G024510	38.6739	194.4	630.6	0.0253	1.2781	50.5618	-2210.197855
SB07G005302	SB10G012300	17.3276	176.4	543.6	0.0644	1.2669	19.6750	-1911.724290
SB07G005585	SB10G013213	50.0000	102.1	428.9	0.0192	1.5390	80.1798	-1404.677740
SB07G005620	SB10G013500	7.6069	274.2	796.8	0.0779	0.6290	8.0766	-2726.169393
SB05G010321	SB09G018430	2.3554	103.9	382.1	0.1738	0.3893	2.2403	-1125.190772
SB05G010370	SB09G018270	0.1841	300.5	692.5	0.7247	0.0550	0.0759	-1589.862680
SB05G010570	SB09G018196	1.5665	81.3	341.7	0.5351	0.4475	0.8362	-1004.540850
SB05G007420	SB10G013080	0.1986	156.0	423.0	0.6031	0.0562	0.0932	-910.584782
SB05G007430	SB10G013213	50.0000	197.9	630.1	0.0240	1.5517	64.7779	-2212.904445
SB05G007903	SB10G014180	0.1513	239.8	501.2	0.4274	0.0352	0.0823	-1151.483269
SB05G008170	SB10G015470	0.0809	123.3	296.7	0.4698	0.0203	0.0431	-624.778947
SB08G005435	SB09G018196	4.2494	78.0	342.0	0.4276	1.1344	2.6530	-1108.670156
SB08G005600	SB09G018470	33.7846	166.5	568.5	0.0252	1.1535	45.7682	-1945.791805
SB05G021690	SB09G005290	6.5834	184.0	602.0	0.1481	0.9352	6.3142	-2050.680166
SB05G021790	SB09G005195	50.0000	310.8	1039.2	0.0151	1.0418	68.9188	-3524.329778
SB05G021933	SB09G005190	7.5188	189.6	650.4	0.0590	0.5448	9.2335	-2019.864881
SB06G019750	SB04G001210	14.3785	425.6	2052.4	0.0381	0.8991	23.5711	-6063.710014
SB06G019890	SB04G001360	50.0000	266.1	879.9	0.0117	0.8069	69.1116	-2989.149725
SB02G008780	SB02G008191	1.1050	157.3	475.7	0.7899	0.3455	0.4374	-1408.439594
SB02G009050	SB02G007925	0.9459	477.8	1478.2	0.3127	0.2052	0.6561	-4150.696776
SB10G015336	SB06G002280	7.9497	125.3	432.7	0.1946	1.3738	7.0584	-1477.406374
SB10G016710	SB06G002060	9.3217	69.3	287.7	0.1672	1.5800	9.4522	-950.080585
SB10G018070	SB06G001770	0.6850	286.4	922.6	0.4640	0.1793	0.3864	-2444.059809
SB10G011230	SB06G001770	8.2547	276.5	917.5	0.2662	1.6793	6.3087	-3196.615586
SB10G012070	SB06G002016	50.0000	145.0	437.0	0.0125	0.8074	64.4430	-1496.429461
SB08G014475	SB05G023470	1.8626	105.3	386.7	0.4803	0.5041	1.0496	-1186.204850
SB05G008716	SB10G013746	0.4450	102.7	446.3	0.5014	0.1251	0.2494	-1013.495275
SB05G008835	SB10G013213	4.4005	178.0	602.0	0.4939	1.1888	2.4070	-2048.113842
SB05G009710	SB10G012300	50.0000	131.7	426.3	0.0197	1.3068	66.3916	-1488.943552
SB09G007990	SB02G012430	7.2673	193.0	710.0	0.2684	1.5308	5.7031	-2396.935014
SB09G008060	SB02G012435	7.5140	238.7	946.3	0.3799	1.8850	4.9614	-3076.573864
SB09G008205	SB02G012505	4.0462	333.4	890.6	0.3128	0.8438	2.6975	-3137.788077
SB08G005310	SB02G021460	1.0591	98.2	396.8	0.3715	0.2643	0.7115	-1086.934548
SB08G005435	SB02G021160	50.0000	514.7	1492.3	0.0282	1.6922	60.0773	-5380.660457
SB01G020600	SB01G011200	1.2333	105.5	386.5	0.4778	0.3330	0.6971	-1110.269128
SB05G023840	SB10G010935	0.0750	526.4	1321.6	1.1958	0.0262	0.0219	-2742.028237
SB05G023850	SB10G010937	0.7521	90.8	308.2	0.4944	0.2034	0.4113	-817.467881
SB05G023980	SB10G011000	50.0000	385.8	1528.2	0.0081	0.6514	80.0991	-4799.393880
SB05G024190	SB10G011230	1.9677	309.7	944.3	0.3582	0.4547	1.2694	-3001.061877
SB05G008720	SB10G009110	0.0795	427.1	1087.9	0.9346	0.0260	0.0278	-2270.785648
SB09G008070	SB10G022070	50.0000	290.7	858.3	0.0121	0.7683	63.5990	-2973.949664
SB09G008205	SB10G022180	0.1051	423.8	1034.2	0.6721	0.0307	0.0456	-2213.585174
SB09G008225	SB10G022183	50.0000	113.2	426.8	0.0157	1.1805	75.0242	-1408.617563
SB09G009320	SB10G022290	15.6670	386.1	1527.9	0.0394	0.8831	22.3919	-4918.006498
SB10G011000	SB04G020990	10.6330	315.3	983.7	0.0693	0.8322	12.0074	-3374.267911
SB10G011230	SB04G021090	50.0000	326.5	942.5	0.0280	1.6771	59.9350	-3400.606432
SB10G011916	SB04G021310	50.0000	116.9	447.1	0.0208	1.5504	74.4561	-1494.390123
SB10G021461	SB01G026450	50.0000	270.0	816.0	0.0283	1.7483	61.7576	-2906.202485
SB10G021830	SB01G025885	0.1849	644.2	1770.8	0.8442	0.0587	0.0696	-3939.589743
SB03G032990	SB03G003730	50.0000	342.3	1241.7	0.0136	1.0021	73.4828	-3970.813430
SB10G018070	SB04G019290	0.2155	216.4	602.6	0.6740	0.0637	0.0945	-1352.743248
SB10G019682	SB04G018490	0.0838	560.4	1458.6	0.5080	0.0220	0.0434	-3036.318157
SB10G019990	SB04G018080	4.9623	172.5	685.5	0.4967	1.3741	2.7665	-2254.114300
SB10G010935	SB04G019290	50.0000	207.5	650.5	0.0173	1.1320	65.3552	-2255.890352
SB10G011230	SB04G019673	0.9527	154.2	475.8	0.9255	0.3114	0.3365	-1338.399308
SB08G019020	SB05G026296	2.2899	119.5	414.5	0.3377	0.5305	1.5710	-1318.050672
SB07G009741	SB01G025885	1.7096	217.4	700.6	0.6029	0.4930	0.8177	-2186.741160
SB07G009790	SB01G025890	1.7705	190.0	599.0	0.4244	0.4449	1.0484	-1898.119967
SB07G011260	SB01G026200	4.1608	320.0	1006.0	0.1694	0.6352	3.7501	-3342.044589
SB07G012161	SB01G026320	50.0000	202.6	574.4	0.0092	0.5730	62.2986	-1954.070859
SB05G022795	SB01G025070	2.7301	237.6	761.4	0.2861	0.5712	1.9962	-2456.481421
SB05G023070	SB01G025885	0.1364	624.5	1724.5	0.6339	0.0394	0.0622	-3692.726537
SB08G015380	SB05G007420	0.6382	93.0	342.0	0.5730	0.1835	0.3202	-854.575668
SB08G015390	SB05G007430	0.8993	332.5	945.5	0.8580	0.2874	0.3350	-2758.315404
SB08G015520	SB05G007530	12.0590	203.0	796.0	0.1460	1.8372	12.5794	-2614.847086
SB08G016050	SB05G007990	50.0000	92.7	345.3	0.0109	0.8281	75.6866	-1123.939010
SB09G003720	SB06G014240	1.1085	175.8	580.2	0.3464	0.2568	0.7414	-1663.260330
SB09G003730	SB06G014245	1.3134	216.8	620.2	0.4946	0.3462	0.6998	-1914.773382
SB10G008896	SB01G026450	50.0000	192.3	563.7	0.0211	1.3029	61.7069	-2002.991543
SB10G009110	SB01G025885	0.5185	379.5	1132.5	0.6322	0.1508	0.2385	-2919.934067
SB08G005310	SB05G023470	2.3549	111.3	389.7	0.5341	0.6575	1.2311	-1256.518844
SB08G005435	SB05G023070	1.5265	572.3	1734.7	0.5356	0.4188	0.7818	-5394.993824
SB05G018780	SB04G011190	50.0000	140.3	441.7	0.0123	0.8213	66.5709	-1512.082227
SB05G018840	SB04G011350	18.2260	112.3	355.7	0.0637	1.3415	21.0717	-1240.867510
SB10G022775	SB03G022731	0.0642	119.4	357.6	1.2823	0.0227	0.0177	-699.656955
SB10G022860	SB03G021850	7.6984	494.0	1462.0	0.1194	0.8966	7.5078	-5162.625345
SB05G009710	SB04G017810	50.0000	153.6	428.4	0.0210	1.2552	59.6427	-1548.714895
SB05G010040	SB04G017470	38.0544	284.2	807.8	0.0298	1.3403	44.9374	-2894.823712
SB05G011460	SB04G016310	8.2039	381.4	1076.6	0.1686	1.1944	7.0822	-3888.376681
SB05G008040	SB02G002210	50.0000	344.5	1221.5	0.0154	1.1087	71.8397	-4118.272577
SB05G008240	SB02G002590	50.0000	129.3	482.7	0.0085	0.6501	76.4588	-1531.300970
SB05G008500	SB02G002840	50.0000	464.4	1785.6	0.0126	0.9699	77.0200	-5776.963300
SB05G018970	SB10G022860	50.0000	436.4	1351.6	0.0149	0.9703	65.2738	-4746.046595
SB05G019145	SB10G022775	0.1886	139.6	445.4	0.9157	0.0615	0.0672	-964.082002
SB05G011121	SB01G021550	12.7570	73.5	382.5	0.1165	1.9143	16.4255	-1206.784098
SB05G012530	SB01G021300	50.0000	236.0	850.0	0.0088	0.6515	74.3509	-2733.937203
SB06G016390	SB04G020583	1.7066	684.4	2153.6	0.3237	0.3783	1.1686	-6662.654042
SB06G016790	SB04G020990	19.5546	312.1	992.9	0.0300	0.7461	24.8779	-3358.766011
SB08G005310	SB04G019673	2.2519	141.9	479.1	0.5087	0.6150	1.2088	-1506.179782
SB08G005435	SB04G019600	13.5967	244.3	814.7	0.0892	1.3507	15.1393	-2839.203839
SB08G005580	SB04G019322	50.0000	139.7	484.3	0.0216	1.4952	69.2475	-1657.626442
SB08G001050	SB01G008430	50.0000	386.6	1257.4	0.0251	1.6471	65.5110	-4410.324648
SB07G009741	SB09G016555	2.1175	214.1	700.9	0.4464	0.5470	1.2256	-2230.853853
SB07G009790	SB09G016560	50.0000	174.5	569.5	0.0250	1.6392	65.6946	-1989.023436
SB07G010240	SB09G017130	50.0000	372.7	1529.3	0.0107	0.8749	81.4559	-4904.916534
SB07G011260	SB09G017510	3.5725	269.6	849.4	0.1996	0.6057	3.0344	-2794.773063
SB10G010935	SB03G014415	1.4701	243.8	725.2	0.3887	0.3511	0.9032	-2226.762586
SB10G011230	SB03G014770	3.2066	288.5	959.5	0.3859	0.7814	2.0248	-3163.207102
SB10G012070	SB03G015870	50.0000	232.0	767.0	0.0245	1.6259	66.3897	-2646.534642
SB09G007435	SB04G021090	1.1485	295.4	742.6	0.3896	0.2648	0.6796	-2267.568423
SB09G007970	SB04G020583	2.1515	339.9	1115.1	0.4363	0.5509	1.2626	-3594.104845
SB10G022775	SB10G019600	0.2495	515.0	1558.0	0.6142	0.0719	0.1171	-3517.684463
SB10G023260	SB10G016710	4.9899	69.5	272.5	0.4041	1.2796	3.1666	-908.258088
SB09G007083	SB10G008896	0.4199	191.0	493.0	0.2425	0.0748	0.3083	-1223.819832
SB09G007270	SB10G008913	0.2804	479.8	1455.2	0.6747	0.0835	0.1237	-3359.787443
SB04G016310	SB01G027560	50.0000	136.7	439.3	0.0166	1.1078	66.6846	-1544.851425
SB04G017470	SB01G027510	0.0623	892.0	2108.0	1.4271	0.0228	0.0160	-4409.587094
SB08G014970	SB01G026320	50.0000	346.0	1154.0	0.0175	1.1962	68.2721	-4004.315690
SB08G015390	SB01G026450	1.7316	208.7	658.3	0.4569	0.4488	0.9822	-2063.103158
SB09G005530	SB06G016390	1.8081	334.6	1012.4	0.3140	0.3906	1.2443	-3180.292155
SB09G005646	SB06G016400	1.2716	110.4	312.6	0.1114	0.1375	1.2346	-842.876145
SB09G005843	SB06G016535	50.0000	209.9	594.1	0.0166	1.0104	60.9929	-2120.577068
SB08G016088	SB04G017440	0.0575	910.0	2255.0	0.6676	0.0168	0.0251	-4606.274218
SB08G016510	SB04G014091	3.5353	445.0	1382.0	0.2857	0.7324	2.5636	-4690.259603
SB06G014490	SB02G011370	50.0000	154.0	488.0	0.0196	1.2834	65.4041	-1710.145745
SB04G035580	SB02G023590	7.5877	132.2	650.8	0.0762	0.8306	10.8937	-1920.081127
SB02G021810	SB03G008340	10.2801	157.4	511.6	0.1769	1.6359	9.2453	-1770.163619
SB08G017792	SB05G021173	3.8909	102.2	458.8	0.1983	0.7467	3.7661	-1402.057234
SB08G017797	SB05G021217	0.2493	422.3	1170.7	0.5754	0.0695	0.1208	-2689.300211
SB07G017170	SB06G016390	2.9192	474.5	1589.5	0.2602	0.5884	2.2617	-5147.406740
SB07G017180	SB06G016400	10.5920	216.0	801.0	0.0957	1.1745	12.2669	-2655.397126
SB09G003730	SB04G019600	50.0000	199.9	718.1	0.0244	1.7194	70.3589	-2473.758779
SB09G012730	SB01G020600	0.2469	107.9	348.1	0.6928	0.0745	0.1075	-767.552426
SB09G012960	SB01G020593	1.5964	213.6	692.4	0.4690	0.4200	0.8955	-2139.587294
SB02G022197	SB02G021570	50.0000	161.9	558.1	0.0232	1.5919	68.6494	-1932.525377
SB06G010840	SB01G020600	0.2283	110.7	399.3	0.4904	0.0621	0.1266	-849.013744
SB05G020440	SB09G016560	50.0000	117.3	407.7	0.0196	1.3711	69.8386	-1362.043502
SB05G020443	SB09G016555	0.1026	224.8	561.2	1.5824	0.0382	0.0242	-1195.199365
SB05G010370	SB03G012866	3.7218	91.7	337.3	0.3936	0.9332	2.3710	-1115.937583
SB05G010570	SB03G012863	0.1617	531.0	1377.0	0.9160	0.0526	0.0574	-3053.140704
SB05G010580	SB03G012860	50.0000	187.6	592.4	0.0238	1.5368	64.4390	-2077.577524
SB09G005520	SB01G021340	50.0000	142.4	802.6	0.0072	0.7612	106.3399	-2277.552003
SB09G005530	SB01G021392	1.6890	301.5	943.5	0.3493	0.3880	1.1108	-2931.861413
SB02G008191	SB01G026472	0.1254	319.0	809.0	0.4390	0.0307	0.0700	-1739.902300
SB08G008210	SB09G006300	0.2354	696.5	2054.5	0.8500	0.0751	0.0884	-4633.010455
SB08G008240	SB09G006250	0.4544	483.5	1442.5	0.6726	0.1350	0.2007	-3629.512914
SB08G019650	SB04G011316	0.0000	125.3	423.7	0.4186	0.0000	0.0000	-735.734759
SB05G020443	SB02G012450	1.1704	173.2	579.8	0.7567	0.3633	0.4801	-1703.254482
SB05G020450	SB02G012430	50.0000	179.7	717.3	0.0128	1.0151	79.1339	-2341.662807
SB09G006250	SB01G026450	10.0161	279.6	917.4	0.1892	1.6687	8.8187	-3209.545699
SB09G006300	SB01G026472	0.2025	298.3	823.7	0.5577	0.0557	0.1000	-1837.367386
SB09G005916	SB03G005856	0.6923	405.5	1163.5	0.2459	0.1287	0.5235	-2986.190044
SB09G005950	SB03G005850	3.6222	265.1	874.9	0.1424	0.5030	3.5321	-2820.440377
SB04G017470	SB01G025885	0.1500	629.0	1600.0	0.6637	0.0438	0.0659	-3523.379896
SB10G008896	SB04G011350	50.0000	206.2	558.8	0.0299	1.7086	57.2154	-2051.726078
SB10G008913	SB04G011316	0.0589	119.7	348.3	1.1229	0.0202	0.0180	-676.553979
SB10G008896	SB03G012866	5.9666	96.4	311.6	0.2361	1.1270	4.7730	-1077.953809
SB10G008913	SB03G012863	0.2031	482.3	1314.7	1.0154	0.0680	0.0669	-2972.489138
SB10G008916	SB03G012860	50.0000	196.4	604.6	0.0234	1.4847	63.3917	-2123.112669
SB07G021120	SB04G007233	50.0000	79.2	343.8	0.0127	1.0721	84.3152	-1087.234530
SB07G020550	SB01G026320	50.0000	506.2	1815.8	0.0190	1.3608	71.5639	-6195.798022
SB05G015090	SB07G017180	50.0000	214.5	859.5	0.0142	1.1214	78.9643	-2821.686592
SB05G015330	SB07G017170	50.0000	176.8	558.2	0.0219	1.4212	64.8134	-1922.431286
SB06G014200	SB01G047512	50.0000	435.6	1001.4	0.0188	0.9917	52.7059	-3691.197403
SB04G028482	SB01G034805	0.0045	197.6	486.4	0.0010	0.0000	0.0052	-911.240174
SB04G020570	SB01G025305	50.0000	187.8	712.2	0.0208	1.5408	74.0123	-2330.829702
SB04G020583	SB01G025070	1.7182	272.3	864.7	0.3070	0.3718	1.2110	-2636.205828
SB10G015470	SB04G011350	2.3762	110.3	384.7	0.3220	0.5391	1.6741	-1226.627262
SB10G016110	SB04G011316	0.0385	113.4	432.6	99.0000	0.0162	0.0002	-771.958911
SB07G017170	SB06G015620	4.1141	290.5	942.5	0.2231	0.7534	3.3765	-3131.879336
SB01G041810	SB01G027360	6.5019	241.1	763.9	0.1334	0.8469	6.3504	-2588.681094
SB05G005860	SB06G012295	3.0780	545.9	1788.1	0.2293	0.5745	2.5048	-5788.140075
SB05G003910	SB06G033830	37.6963	104.2	636.8	0.0047	0.4052	86.8543	-1569.088886
SB09G008205	SB09G005530	8.6540	328.6	982.4	0.1653	1.2732	7.7021	-3481.414797
SB09G008225	SB09G005527	6.5608	115.9	433.1	0.3406	1.5525	4.5583	-1464.111319
SB09G003730	SB10G009110	50.0000	201.2	677.8	0.0145	1.0097	69.4214	-2323.222128
SB09G024140	SB03G008100	50.0000	416.5	1353.5	0.0139	0.9427	67.7580	-4667.746514
SB06G014240	SB01G025890	1.8179	171.5	587.5	0.4454	0.4729	1.0618	-1834.614564
SB06G014245	SB01G025885	3.3776	369.1	1148.9	0.6362	0.9884	1.5537	-3933.052057
SB04G017470	SB01G026620	0.0624	482.5	1140.5	0.9797	0.0207	0.0211	-2388.032581
SB04G011316	SB01G025885	50.0000	121.3	373.7	0.0133	0.8672	65.3672	-1273.682132
SB04G011350	SB01G020600	1.1166	110.8	387.2	0.5832	0.3211	0.5507	-1110.856356
SB10G015470	SB04G017440	1.4863	115.5	394.5	0.3435	0.3457	1.0066	-1174.190595
SB10G016110	SB04G017470	0.2041	582.3	1835.7	0.8070	0.0643	0.0797	-4007.786773
SB10G015470	SB10G008896	50.0000	113.4	384.6	0.0181	1.2504	68.9462	-1330.224108
SB10G016110	SB10G008913	0.1133	617.8	1545.2	1.0433	0.0382	0.0366	-3331.432262
SB08G017410	SB03G022731	1.5828	133.3	442.7	0.3021	0.3438	1.1380	-1325.012205
SB08G017350	SB05G006340	0.4580	323.4	1074.6	0.5019	0.1242	0.2474	-2641.486119
SB03G005510	SB01G039000	36.2121	373.8	2107.2	0.0052	0.4045	77.8383	-5554.121900
SB05G026296	SB02G013140	0.2539	729.2	2030.8	0.8261	0.0802	0.0970	-4703.942166
SB05G007903	SB10G019600	2.0942	451.4	1396.6	0.5709	0.5898	1.0331	-4539.567637
SB05G027325	SB07G004863	50.0000	106.2	391.8	0.0137	1.0163	74.4285	-1301.045525
SB05G007420	SB05G005542	0.1979	148.2	433.8	0.4272	0.0492	0.1151	-917.329113
SB05G007430	SB05G005546	0.5655	321.9	824.1	0.8285	0.1782	0.2150	-2239.438044
SB05G005860	SB05G005546	3.3835	461.4	1476.6	0.2879	0.7098	2.4653	-4925.575688
SB09G006250	SB04G019673	7.6571	127.1	481.9	0.1486	1.1622	7.8223	-1588.271111
SB09G006300	SB04G019600	0.6775	208.9	775.1	0.5184	0.1886	0.3639	-2000.114339
SB09G005520	SB03G014350	50.0000	180.2	1016.8	0.0035	0.3840	108.5419	-2650.718056
SB09G005530	SB03G014415	50.0000	243.5	716.5	0.0289	1.7491	60.5612	-2574.384574
SB04G002520	SB03G026030	31.9879	207.4	917.6	0.0132	0.7192	54.6646	-2776.636550
SB08G019840	SB06G019120	50.0000	453.0	1368.0	0.0136	0.8726	64.3626	-4738.468387
SB08G019945	SB06G019215	30.2206	105.9	329.1	0.0249	0.9569	38.4072	-1137.351013
SB08G014970	SB06G023926	0.1843	92.0	271.0	0.7555	0.0568	0.0751	-583.601478
SB08G015230	SB06G023885	6.6000	132.2	494.8	0.2480	1.3422	5.4113	-1648.022866
SB08G008210	SB04G019600	0.0595	286.6	793.4	1.0613	0.0201	0.0190	-1584.053318
SB08G008240	SB04G019673	1.7214	135.1	476.9	0.3268	0.3944	1.2070	-1410.548320
SB08G022370	SB01G027530	9.3611	112.6	409.4	0.0983	1.0481	10.6571	-1363.407598
SB08G022500	SB01G027510	0.0538	1004.0	2458.0	1.1763	0.0187	0.0159	-5040.007759
SB08G017290	SB05G018780	50.0000	119.6	477.4	0.0111	0.8850	79.6775	-1512.422273
SB08G017350	SB05G018840	1.4028	107.4	351.6	0.2998	0.3024	1.0086	-1028.524382
SB03G014350	SB01G021340	50.0000	153.5	806.5	0.0085	0.8498	99.7626	-2401.331733
SB03G014415	SB01G021392	0.1306	230.4	543.6	1.0820	0.0445	0.0412	-1201.004304
SB05G025735	SB06G010840	0.1537	476.1	1305.9	0.7751	0.0475	0.0613	-2842.534144
SB05G005583	SB10G021100	1.0575	153.9	509.1	0.3619	0.2501	0.6912	-1445.156744
SB05G008500	SB07G000996	10.7279	284.5	1998.5	0.0179	0.4566	25.4924	-4937.770356
SB05G023470	SB01G029855	2.8079	101.1	366.9	0.3424	0.6616	1.9323	-1178.246583
SB05G023510	SB01G029810	5.0505	142.4	463.6	0.3199	1.1228	3.5094	-1614.529198
SB06G014295	SB02G013140	0.2194	710.5	1995.5	0.7047	0.0659	0.0935	-4510.244124
SB04G019600	SB01G026472	50.0000	248.6	795.4	0.0275	1.7665	64.3520	-2795.099590
SB04G019673	SB01G026450	1.0256	140.9	477.1	0.6300	0.3015	0.4786	-1340.090168
SB10G015470	SB06G014295	1.4749	112.2	397.8	0.3467	0.3476	1.0025	-1175.405823
SB10G016110	SB06G014245	2.4781	387.1	1226.9	0.4730	0.6518	1.3781	-4040.069205
SB10G016176	SB06G014240	2.7441	144.9	512.1	0.5462	0.7730	1.4154	-1682.991457
SB10G016110	SB01G025320	0.1517	437.1	1281.9	0.7982	0.0475	0.0595	-2744.100178
SB10G013213	SB01G020392	1.7392	192.9	620.1	0.4000	0.4275	1.0688	-1920.644611
SB10G013213	SB01G021392	50.0000	182.9	651.1	0.0158	1.1398	71.9471	-2202.479007
SB10G013500	SB01G021300	10.1949	183.8	896.2	0.0492	0.7919	16.1097	-2654.386937
SB10G015470	SB03G012866	2.9416	82.1	274.9	0.3762	0.7099	1.8871	-906.951789
SB10G016110	SB03G012863	0.3121	421.1	1258.9	1.0542	0.1054	0.1000	-2965.359691
SB10G016176	SB03G012860	15.9288	166.3	631.7	0.0897	1.7055	19.0047	-2124.608336
SB10G009026	SB03G042260	50.0000	117.4	329.6	0.0220	1.3123	59.7747	-1181.528021
SB10G009110	SB03G042200	0.0340	552.5	1247.5	0.7849	0.0104	0.0133	-2558.970785
SB08G003290	SB03G040620	50.0000	515.7	1818.3	0.0144	1.0343	71.7806	-6083.740867
SB08G017290	SB05G005490	27.9654	364.3	1162.7	0.0296	1.0565	35.7048	-4027.573241
SB08G017350	SB05G005546	1.5784	480.0	1347.0	0.3019	0.3273	1.0842	-4184.494794
SB05G019060	SB10G015470	0.7134	121.5	391.5	0.4709	0.1878	0.3989	-1050.701387
SB05G019145	SB10G016110	0.1988	164.8	570.2	0.7907	0.0626	0.0791	-1215.589298
SB05G005546	SB01G025070	1.8549	252.4	812.6	0.3192	0.4107	1.2867	-2507.803823
SB05G007420	SB05G000703	0.1966	141.7	431.3	0.3356	0.0440	0.1311	-902.313569
SB05G007430	SB05G000700	0.7753	352.6	940.4	0.9523	0.2550	0.2677	-2693.444673
SB05G007480	SB05G000670	50.0000	347.3	1950.7	0.0069	0.7365	106.1559	-5384.754590
SB09G024140	SB03G006700	50.0000	305.0	1564.0	0.0083	0.8088	97.9781	-4632.261082
SB02G013100	SB03G014350	4.2665	212.4	996.6	0.2909	0.9957	3.4232	-2990.256138
SB02G013140	SB03G014415	1.4737	243.2	734.8	0.3757	0.3476	0.9252	-2248.347952
SB10G011150	SB06G014310	50.0000	317.2	927.8	0.0131	0.8261	63.0091	-3259.803376
SB10G011230	SB06G014295	1.5838	283.1	925.9	0.3776	0.3809	1.0087	-2799.634528
SB10G006630	SB06G002970	50.0000	231.4	803.6	0.0110	0.7923	71.7866	-2679.192219
SB10G016110	SB02G008191	0.1295	719.2	2055.8	0.7931	0.0404	0.0510	-4336.233080
SB10G009015	SB02G031597	50.0000	120.0	339.0	0.0209	1.2559	60.1799	-1223.704864
SB10G016110	SB01G026472	0.1969	287.9	729.1	0.4151	0.0469	0.1130	-1646.845629
SB10G016176	SB01G026470	2.4769	158.9	558.1	0.6779	0.7470	1.1019	-1804.378533
SB08G017797	SB07G015440	0.1695	131.1	447.9	0.6712	0.0509	0.0758	-926.158039
SB07G017170	SB04G011350	7.1539	275.3	885.7	0.1612	1.0677	6.6224	-3070.352916
SB05G005546	SB10G013213	2.0794	159.6	542.4	0.3471	0.4855	1.3987	-1699.712340
SB05G008835	SB07G022900	1.6401	658.0	2039.0	0.3379	0.3699	1.0946	-6299.160569
SB05G008900	SB07G022916	50.0000	176.1	507.9	0.0072	0.4584	63.4079	-1689.286713
SB05G005546	SB01G011200	4.7028	153.4	470.6	0.4660	1.2230	2.6246	-1653.716380
SB05G023470	SB05G008170	2.6452	100.9	403.1	0.5257	0.7468	1.4207	-1276.445272
SB05G023510	SB05G008240	50.0000	150.4	440.6	0.0287	1.7317	60.4377	-1582.447776
SB09G007190	SB02G012380	14.7429	486.1	1499.9	0.0662	1.1036	16.6710	-5297.230996
SB09G007270	SB02G012450	0.3164	520.2	1492.8	0.8411	0.1006	0.1196	-3559.724052
SB09G005527	SB02G007922	50.0000	155.2	456.8	0.0220	1.3569	61.7277	-1622.513885
SB09G005530	SB02G007925	50.0000	346.9	1024.1	0.0253	1.5526	61.2836	-3663.314573
SB09G005527	SB03G018741	50.0000	144.4	464.6	0.0192	1.2688	66.1968	-1622.272898
SB02G007922	SB03G018741	47.2108	236.8	786.2	0.0267	1.6689	62.4433	-2741.305511
SB09G005530	SB03G019110	2.1328	315.0	966.0	0.3630	0.4966	1.3681	-3114.042910
SB02G007925	SB03G019110	0.9346	519.8	1463.2	0.3874	0.2203	0.5685	-4206.582936
SB06G014295	SB04G021090	1.6527	466.4	1384.6	0.3251	0.3617	1.1127	-4327.039221
SB04G017440	SB03G012866	3.3514	95.6	321.4	0.4309	0.8576	1.9903	-1080.244920
SB04G017470	SB03G012863	0.0771	597.7	1313.3	1.6889	0.0295	0.0175	-2835.958160
SB04G017480	SB03G012860	50.0000	191.5	579.5	0.0310	1.9031	61.3534	-2060.708499
SB02G019330	SB02G008191	0.0263	545.8	1539.2	0.8645	0.0084	0.0097	-2943.372696
SB02G019335	SB02G008150	1.6434	181.2	658.8	0.8015	0.5200	0.6488	-2020.822903
SB02G019340	SB02G008116	9.6962	83.8	312.2	0.1392	1.3996	10.0560	-1051.259842
SB02G014465	SB02G003013	50.0000	229.2	775.8	0.0164	1.1361	69.2272	-2660.983281
SB10G013213	SB06G016390	0.3822	236.5	603.5	0.6462	0.1104	0.1708	-1502.002523
SB10G013500	SB06G016350	25.2159	309.3	917.7	0.0251	0.7795	31.0274	-3201.434743
SB10G008896	SB06G014295	1.3542	203.9	567.1	0.1863	0.2094	1.1242	-1648.227914
SB10G008913	SB06G014245	1.9567	357.0	1074.0	0.5770	0.5514	0.9557	-3500.393776
SB10G008916	SB06G014240	0.9681	123.7	404.3	0.2507	0.1898	0.7571	-1122.935502
SB10G013500	SB01G021615	50.0000	66.8	317.2	0.0079	0.7314	92.3095	-943.027772
SB10G013746	SB01G021550	0.9404	97.6	301.4	0.5041	0.2527	0.5013	-838.947630
SB07G001690	SB02G002840	6.1051	481.2	1492.8	0.2192	1.0893	4.9685	-5201.446976
SB01G025885	SB01G025320	0.2146	373.0	1082.0	0.5804	0.0603	0.1040	-2418.844110
SB05G000700	SB06G015620	1.4634	315.1	947.9	0.3274	0.3225	0.9851	-2862.035124
SB05G024520	SB10G020880	11.9430	144.9	410.1	0.0613	0.7960	12.9935	-1440.084256
SB05G024690	SB10G020586	0.7015	598.9	1813.1	0.3000	0.1481	0.4935	-4799.699775
SB05G019060	SB10G008896	2.3239	190.1	568.9	0.3570	0.5338	1.4951	-1860.055108
SB05G019145	SB10G008913	0.5744	168.1	545.9	0.5642	0.1620	0.2872	-1407.181547
SB05G021936	SB07G013795	50.0000	123.6	368.4	0.0244	1.5093	61.8363	-1322.918967
SB05G022020	SB07G013567	15.7310	83.4	294.6	0.0766	1.4327	18.7016	-997.911596
SB05G022022	SB07G013562	50.0000	92.8	324.2	0.0163	1.1575	70.8803	-1105.819393
SB05G025735	SB01G025070	2.5138	276.9	830.1	0.3659	0.5846	1.5975	-2739.955630
SB05G008900	SB03G013440	1.0747	101.7	261.3	0.1588	0.1442	0.9080	-737.286596
SB05G025735	SB05G018840	0.2565	104.9	375.1	0.6357	0.0760	0.1195	-812.081783
SB05G010570	SB05G007903	1.4153	471.7	1442.3	0.6316	0.4125	0.6530	-4444.069375
SB09G026470	SB03G033520	1.7822	207.4	1136.6	0.0698	0.1944	2.7840	-2646.239304
SB06G015620	SB04G011350	50.0000	286.7	856.3	0.0285	1.7438	61.2453	-3074.794646
SB06G003240	SB04G002520	50.0000	116.4	384.6	0.0115	0.7960	69.0993	-1280.268200
SB06G015620	SB01G020600	11.6825	91.3	379.7	0.0630	1.0026	15.9126	-1232.987162
SB02G021160	SB02G019330	0.0391	639.4	1463.6	1.4835	0.0145	0.0098	-3010.971481
SB02G021460	SB02G019430	1.7691	84.6	323.4	0.2532	0.3659	1.4453	-956.510871
SB02G013100	SB01G021340	50.0000	158.2	771.8	0.0080	0.7514	94.3085	-2286.228918
SB02G013140	SB01G021392	1.9747	420.0	1323.0	0.3804	0.4727	1.2427	-4229.213055
SB02G009335	SB01G011200	0.3616	143.6	507.4	0.5242	0.1004	0.1916	-1164.319247
SB02G008191	SB01G025320	0.0283	443.2	1305.8	0.3994	0.0068	0.0171	-2473.447378
SB10G025010	SB04G001470	50.0000	542.5	1905.5	0.0140	1.0038	71.6874	-6321.149317
SB10G012250	SB02G012450	0.4184	266.3	711.7	0.6900	0.1243	0.1801	-1787.090745
SB10G012300	SB02G012505	50.0000	179.1	540.9	0.0207	1.3031	63.0500	-1914.141886
SB10G013213	SB01G025070	0.3653	199.6	478.4	0.6006	0.1018	0.1695	-1197.585152
SB08G007260	SB10G022790	50.0000	225.6	845.4	0.0215	1.5773	73.2126	-2813.117369
SB08G007320	SB10G022775	1.4574	85.0	350.0	0.2526	0.3078	1.2185	-997.266023
SB08G000555	SB01G029732	50.0000	110.2	351.8	0.0183	1.2084	66.0015	-1217.521089
SB08G000610	SB01G029810	50.0000	273.2	848.8	0.0193	1.2488	64.5635	-2983.110808
SB08G008210	SB05G010040	1.5143	241.6	742.4	0.5648	0.4245	0.7515	-2295.114603
SB08G006485	SB05G019173	50.0000	134.1	438.9	0.0288	1.8772	65.0756	-1537.406971
SB08G006550	SB05G019060	5.1173	498.3	1706.7	0.0974	0.5512	5.6599	-5495.009635
SB05G005485	SB09G008155	0.0459	250.6	628.4	0.4543	0.0114	0.0251	-1240.466668
SB05G005546	SB09G008205	0.1546	404.6	1128.4	0.6146	0.0442	0.0720	-2437.734253
SB05G005280	SB06G014295	1.7980	366.1	1085.9	0.3627	0.4153	1.1451	-3460.682298
SB05G005345	SB06G014310	50.0000	222.4	698.6	0.0118	0.7867	66.5555	-2382.711937
SB05G008835	SB02G026950	0.8598	181.1	592.9	0.8793	0.2777	0.3158	-1642.633422
SB05G005546	SB02G009335	0.0275	661.4	1339.6	0.7611	0.0083	0.0109	-2798.499968
SB05G016770	SB10G016710	50.0000	102.0	375.0	0.0117	0.8755	74.6874	-1244.764916
SB05G016870	SB10G016110	0.2391	309.7	884.3	0.9033	0.0776	0.0859	-1997.636600
SB05G008170	SB01G029855	50.0000	118.5	424.5	0.0104	0.7667	73.6412	-1393.936623
SB05G008240	SB01G029810	50.0000	153.1	470.9	0.0176	1.1369	64.4170	-1655.951472
SB05G000590	SB01G021300	50.0000	213.0	879.0	0.0098	0.8013	82.1475	-2762.367547
SB05G000700	SB01G021392	1.7728	428.3	1455.7	0.2897	0.3795	1.3098	-4440.863752
SB05G026296	SB05G025735	0.1027	770.0	2005.0	1.0995	0.0351	0.0320	-4232.612334
SB09G018193	SB06G014240	1.0393	175.6	538.4	0.3839	0.2484	0.6470	-1549.920694
SB09G018196	SB06G014245	50.0000	97.7	310.3	0.0162	1.0754	66.1831	-1077.355607
SB09G018270	SB06G014295	1.4970	439.0	1292.0	0.2787	0.3012	1.0810	-3928.892945
SB09G019083	SB10G013746	0.0827	107.7	303.3	0.9226	0.0270	0.0292	-605.360322
SB09G019110	SB10G013500	49.3004	202.9	874.1	0.0088	0.7406	84.0426	-2655.158269
SB09G019140	SB10G013213	50.0000	184.4	631.6	0.0262	1.7720	67.6769	-2182.415456
SB09G009330	SB01G021550	5.5888	96.1	425.9	0.6087	1.6658	2.7369	-1378.995514
SB09G025930	SB03G002640	2.7856	260.7	660.3	0.3244	0.5842	1.8007	-2270.798222
SB06G016350	SB01G021300	50.0000	246.9	857.1	0.0111	0.7955	71.7535	-2858.337295
SB06G016390	SB01G021392	0.4064	433.8	1459.2	0.6155	0.1185	0.1925	-3504.703556
SB06G014240	SB03G012860	0.7509	133.0	443.0	0.3520	0.1757	0.4990	-1175.673986
SB06G014245	SB03G012863	50.0000	382.5	1243.5	0.0277	1.7994	64.9963	-4366.921919
SB06G014295	SB03G012866	3.2215	97.7	331.3	0.4103	0.8089	1.9717	-1103.918831
SB06G001656	SB03G014063	50.0000	109.9	406.1	0.0158	1.1709	73.9542	-1367.222001
SB06G001770	SB03G014415	50.0000	231.1	707.9	0.0247	1.5535	62.9566	-2517.162081
SB02G009335	SB03G014415	1.2966	251.3	732.7	0.3312	0.2851	0.8609	-2186.879185
SB10G005840	SB02G025040	11.4457	599.7	2697.3	0.0286	0.5322	18.5808	-8028.954530
SB08G017797	SB10G011230	1.5287	298.1	946.9	0.3842	0.3682	0.9584	-2862.596952
SB08G007260	SB01G025830	5.6214	195.9	698.1	0.1042	0.6496	6.2374	-2214.469340
SB08G007320	SB01G025885	4.8520	89.1	312.9	0.1940	0.8420	4.3398	-1038.115430
SB08G017746	SB05G005140	14.8344	141.9	446.1	0.0690	1.1614	16.8368	-1552.653392
SB08G017797	SB05G005280	1.9054	379.8	1150.2	0.3230	0.4178	1.2934	-3652.693269
SB08G015380	SB05G000703	0.0811	115.6	319.4	0.2750	0.0159	0.0578	-632.651599
SB08G015390	SB05G000700	0.2237	655.2	1879.8	0.7061	0.0673	0.0954	-4229.550988
SB01G041810	SB01G009910	2.7055	139.8	817.2	0.0294	0.1548	5.2671	-1867.721595
SB05G019060	SB09G018270	0.8125	405.9	1124.1	0.3725	0.1872	0.5025	-3165.707784
SB05G019145	SB09G018196	0.2988	95.3	327.7	1.0936	0.1015	0.0928	-736.196575
SB05G000700	SB09G008205	0.0686	478.0	1286.0	0.5358	0.0185	0.0346	-2587.943410
SB05G015090	SB06G001840	50.0000	560.0	1726.0	0.0244	1.5424	63.2764	-6123.823507
SB05G015330	SB06G001770	50.0000	169.2	532.8	0.0171	1.1237	65.6175	-1849.475966
SB05G023070	SB10G008913	0.1051	744.5	1883.5	0.8059	0.0328	0.0407	-4025.802919
SB05G023233	SB10G009015	50.0000	178.7	508.3	0.0092	0.5720	62.4599	-1730.232732
SB05G025640	SB07G022760	50.0000	266.4	825.6	0.0159	1.0368	65.1148	-2877.467913
SB05G025735	SB07G022900	1.7986	668.7	2061.3	0.3580	0.4165	1.1636	-6488.618958
SB05G008716	SB01G021550	0.4941	137.2	405.8	0.6415	0.1443	0.2250	-1019.483281
SB05G007420	SB01G025060	2.7285	102.7	425.3	0.2191	0.5371	2.4519	-1272.217105
SB05G007430	SB01G025070	50.0000	246.3	887.7	0.0243	1.7152	70.5550	-3037.873727
SB05G007530	SB01G025560	50.0000	238.3	757.7	0.0305	1.9371	63.5077	-2600.202740
SB05G019060	SB03G012866	50.0000	96.7	320.3	0.0117	0.8091	69.1720	-1084.174382
SB05G019145	SB03G012863	50.0000	174.4	572.6	0.0164	1.1139	67.7153	-1985.614533
SB05G019150	SB03G012860	1.4755	181.0	629.0	0.7234	0.4531	0.6264	-1913.141840
SB05G025650	SB05G005345	50.0000	219.1	704.9	0.0111	0.7531	67.8734	-2368.693242
SB05G025735	SB05G005280	2.1392	371.5	1182.5	0.3170	0.4706	1.4848	-3783.155399
SB09G018196	SB04G017470	0.0922	122.9	312.1	1.2855	0.0328	0.0255	-647.318580
SB09G018270	SB04G017440	1.5453	445.1	1291.9	0.2901	0.3166	1.0912	-3965.605480
SB09G030440	SB03G029150	16.8080	348.4	1133.6	0.0341	0.7315	21.4505	-3790.696348
SB06G014101	SB01G029732	50.0000	109.7	355.3	0.0151	1.0188	67.3461	-1227.376960
SB06G014295	SB01G029855	0.3344	572.0	1699.0	0.5813	0.0943	0.1623	-4039.914881
SB04G019600	SB02G021160	0.0326	319.0	800.0	1.1207	0.0112	0.0100	-1591.887221
SB04G019673	SB02G021460	7.2200	102.6	377.4	0.2294	1.4011	6.1068	-1260.625079
SB04G035360	SB03G030400	50.0000	291.4	1133.6	0.0119	0.9238	77.9023	-3664.917227
SB08G007320	SB04G019600	0.0205	117.8	326.2	0.6992	0.0061	0.0088	-614.928868
SB08G017350	SB08G014475	1.9554	717.0	2241.0	0.3324	0.4384	1.3188	-7104.571764
SB08G017406	SB08G014650	50.0000	166.1	562.9	0.0087	0.6149	71.0838	-1829.260328
SB08G005350	SB01G025830	1.5885	159.6	569.4	0.5926	0.4602	0.7766	-1716.544352
SB08G005435	SB01G025320	50.0000	440.0	1360.0	0.0233	1.4799	63.6028	-4807.209163
SB08G014451	SB05G007420	0.1961	148.3	403.7	0.4720	0.0503	0.1065	-870.800594
SB08G014475	SB05G007430	0.3939	364.0	935.0	0.8238	0.1239	0.1504	-2375.184041
SB08G007262	SB05G010323	8.2573	184.1	871.9	0.2168	1.6890	7.7898	-2734.401756
SB08G007320	SB05G010570	1.6675	76.5	349.5	0.3726	0.4268	1.1455	-1014.118178
SB07G017170	SB02G026950	2.6636	183.1	620.9	0.2750	0.5548	2.0177	-1980.665710
SB05G021217	SB09G008205	0.7606	289.6	922.4	0.6798	0.2279	0.3352	-2517.933213
SB05G021283	SB09G008225	50.0000	103.4	367.6	0.0162	1.1608	71.8238	-1245.364582
SB05G023470	SB06G001770	3.0784	108.3	395.7	0.2826	0.6640	2.3499	-1273.677964
SB05G000590	SB06G021790	50.0000	263.6	834.4	0.0129	0.8625	66.6924	-2872.157419
SB05G000670	SB06G021870	24.5508	165.8	1151.2	0.0180	1.0407	57.7626	-3166.742424
SB05G025640	SB02G013100	50.0000	193.7	859.3	0.0095	0.8293	86.9061	-2510.532135
SB05G025735	SB02G013140	0.2435	666.4	1868.6	0.5771	0.0680	0.1179	-4284.595292
SB05G025650	SB10G011150	50.0000	360.5	1100.5	0.0147	0.9526	64.6385	-3842.993622
SB05G025735	SB10G011230	2.1910	308.6	915.4	0.3025	0.4619	1.5267	-2942.569467
SB05G008500	SB10G021740	50.0000	517.2	1729.8	0.0173	1.1816	68.4550	-5904.651015
SB05G005873	SB10G021100	1.0230	155.5	507.5	0.4010	0.2525	0.6298	-1440.287768
SB05G024805	SB01G015840	50.0000	208.5	559.5	0.0073	0.4393	60.2038	-1850.226978
SB05G023233	SB03G014063	50.0000	142.0	422.0	0.0066	0.4317	64.9277	-1373.695504
SB05G023470	SB03G014415	10.4196	99.0	387.0	0.0757	0.9952	13.1552	-1274.502994
SB06G016390	SB06G001770	2.4317	293.4	897.6	0.2797	0.4959	1.7730	-2925.206540
SB06G016400	SB06G001840	50.0000	541.4	1789.6	0.0233	1.5516	66.6306	-6244.929458
SB06G015510	SB04G028120	0.0600	165.1	461.9	0.3867	0.0141	0.0365	-913.987437
SB06G015520	SB04G028123	0.0230	154.6	379.4	1.1509	0.0080	0.0069	-742.580733
SB04G011190	SB01G026800	8.4970	141.7	419.3	0.0888	0.7885	8.8802	-1463.560534
SB04G011316	SB01G026620	0.0221	131.8	417.2	0.8951	0.0072	0.0080	-763.080498
SB04G019600	SB03G042200	0.0382	295.1	823.9	0.8269	0.0121	0.0146	-1604.399423
SB04G019655	SB03G042260	50.0000	169.3	496.7	0.0267	1.6210	60.7915	-1788.639233
SB02G021160	SB01G025885	0.5184	398.0	1198.0	0.5918	0.1474	0.2491	-3074.968419
SB02G021470	SB01G025940	7.9403	175.8	577.2	0.2141	1.4251	6.6573	-1985.193308
SB02G012450	SB03G012863	0.5160	448.7	1327.3	0.9722	0.1708	0.1756	-3423.656140
SB02G012460	SB03G012860	0.8970	189.6	632.4	0.9675	0.2967	0.3067	-1776.044702
SB10G009026	SB04G019655	50.0000	103.7	376.3	0.0237	1.6817	71.0211	-1245.112046
SB10G009110	SB04G019600	0.0520	267.9	731.1	1.0899	0.0177	0.0163	-1453.332785
SB10G017790	SB10G011520	0.6858	256.5	907.5	0.1356	0.0951	0.7010	-2173.569300
SB10G018070	SB10G011230	1.8140	256.4	772.6	0.3522	0.4146	1.1774	-2421.175969
SB08G015380	SB06G015617	1.0802	94.3	295.7	0.3697	0.2550	0.6898	-840.242503
SB08G015390	SB06G015620	3.1855	331.2	994.8	0.3504	0.7258	2.0712	-3381.448888
SB08G014475	SB02G013140	0.2110	734.2	1896.8	0.9130	0.0685	0.0750	-4356.142334
SB08G004820	SB01G006690	50.0000	325.1	1384.9	0.0094	0.7930	84.2846	-4258.053144
SB08G004830	SB01G006670	50.0000	412.3	1483.7	0.0126	0.9237	73.3138	-4941.014659
SB08G022500	SB05G010040	1.4119	260.5	783.5	0.5796	0.3985	0.6876	-2392.138724
SB08G022650	SB05G009745	50.0000	236.4	648.6	0.0256	1.4943	58.2959	-2355.528118
SB08G014475	SB05G026296	0.0806	905.4	2004.6	1.6343	0.0306	0.0187	-4332.851222
SB07G016100	SB04G020990	50.0000	325.1	1078.9	0.0163	1.1129	68.2890	-3677.541292
SB07G017170	SB04G021090	50.0000	425.9	1407.1	0.0196	1.3179	67.3729	-4878.493516
SB05G021790	SB04G007510	50.0000	199.9	1066.1	0.0140	1.3740	98.2087	-3098.093816
SB05G021936	SB04G007670	7.7296	137.3	405.7	0.0933	0.7451	7.9857	-1398.029011
SB05G021940	SB04G007680	50.0000	87.5	269.5	0.0209	1.3344	63.8825	-947.144469
SB05G016870	SB10G022775	0.2441	225.8	644.2	0.8653	0.0782	0.0904	-1464.203951
SB05G016900	SB10G022860	3.7069	390.4	1253.6	0.1847	0.6033	3.2659	-4126.402560
SB05G010370	SB07G015440	50.0000	119.8	420.2	0.0176	1.2426	70.7876	-1409.780055
SB05G007420	SB01G021395	2.6925	109.5	406.5	0.2551	0.5541	2.1726	-1252.823769
SB05G007430	SB01G021392	3.0120	283.3	883.7	0.5242	0.8228	1.5695	-3017.268360
SB09G012730	SB09G008205	5.8940	151.5	493.5	0.2912	1.2499	4.2923	-1713.033874
SB09G018196	SB04G019600	0.0923	121.0	314.0	1.2490	0.0326	0.0261	-647.716166
SB09G018270	SB04G019290	50.0000	192.3	641.7	0.0204	1.3832	67.6690	-2219.876217
SB06G015620	SB02G013140	1.5854	340.8	1054.2	0.3255	0.3508	1.0779	-3218.896818
SB06G015950	SB02G013120	2.4719	122.0	364.0	0.2509	0.4711	1.8772	-1183.694305
SB06G014240	SB01G027500	1.1702	134.0	436.0	0.3304	0.2642	0.7996	-1268.011162
SB06G014245	SB01G027510	1.6129	407.7	1245.3	0.4999	0.4312	0.8626	-3900.702009
SB06G014310	SB01G027530	50.0000	274.7	850.3	0.0106	0.6994	66.0956	-2904.252915
SB04G021090	SB02G026950	8.8224	204.6	716.4	0.1729	1.4253	8.2457	-2462.700210
SB04G011316	SB02G012450	0.0221	131.8	417.2	0.8907	0.0072	0.0080	-763.110467
SB04G017036	SB03G021307	6.8873	102.8	401.2	0.2764	1.4966	5.4138	-1311.512622
SB04G017440	SB03G020271	0.1380	371.4	912.6	0.5986	0.0385	0.0643	-2004.168639
SB02G023056	SB02G009335	1.4554	394.5	1225.5	0.3084	0.3138	1.0175	-3669.153782
SB02G023180	SB02G009463	0.9928	159.5	506.5	0.3801	0.2380	0.6261	-1458.269740
SB02G023190	SB02G009466	0.1029	157.4	298.6	3.3751	0.0453	0.0134	-678.654482
SB10G011230	SB04G011350	6.4838	268.5	913.5	0.8297	2.0650	2.4889	-3176.160682
SB10G011260	SB04G011283	0.2933	347.3	1101.7	0.5874	0.0837	0.1424	-2422.654219
SB10G021740	SB02G008116	24.6339	90.6	368.4	0.0351	1.2782	36.4128	-1221.743502
SB10G021830	SB02G008191	0.0472	810.4	2267.6	0.4139	0.0115	0.0277	-4441.189910
SB08G017350	SB09G006250	0.7038	526.5	1519.5	0.3347	0.1552	0.4638	-4110.640451
SB08G017410	SB09G006300	2.1428	585.7	1925.3	0.5704	0.6075	1.0651	-6209.167384
SB08G007320	SB09G003730	50.0000	97.3	322.7	0.0171	1.1614	68.0648	-1112.571200
SB08G017350	SB05G021217	1.7482	369.7	1208.3	0.3342	0.3973	1.1887	-3721.900981
SB08G015230	SB05G023980	50.0000	244.5	778.5	0.0172	1.1389	66.1106	-2721.452571
SB08G015380	SB05G023850	0.0785	97.5	232.5	0.2257	0.0130	0.0576	-475.769889
SB08G015390	SB05G023840	0.2725	642.8	1904.2	0.8939	0.0882	0.0987	-4399.083762
SB07G022760	SB02G013100	50.0000	353.4	1092.6	0.0172	1.1138	64.7513	-3847.390150
SB07G022900	SB02G013140	1.6839	648.5	2006.5	0.3530	0.3877	1.0984	-6249.876519
SB05G018840	SB06G014295	0.0969	109.8	307.2	0.7446	0.0296	0.0398	-620.883667
SB05G008170	SB06G010840	1.9255	126.6	461.4	0.2792	0.4125	1.4774	-1379.928021
SB05G000590	SB04G020990	14.9465	304.5	877.5	0.0557	0.9283	16.6667	-3102.255087
SB05G000700	SB04G021090	1.7334	466.4	1396.6	0.3424	0.3902	1.1395	-4390.183221
SB05G007420	SB02G013150	0.2218	155.2	426.8	0.6958	0.0662	0.0952	-931.543474
SB05G007430	SB02G013140	0.9434	319.8	946.2	0.7106	0.2851	0.4013	-2750.226503
SB05G007530	SB02G013136	50.0000	199.0	779.0	0.0237	1.7756	74.9591	-2570.470815
SB05G025640	SB03G014350	50.0000	180.1	899.9	0.0089	0.8561	95.6590	-2612.448488
SB05G025735	SB03G014415	1.8097	242.1	729.9	0.4624	0.4678	1.0117	-2330.847243
SB09G018196	SB10G008913	0.0886	109.4	241.6	4.1954	0.0387	0.0092	-512.507617
SB09G018270	SB10G008896	0.0466	230.5	558.5	0.8134	0.0146	0.0179	-1129.553310
SB04G011190	SB02G019470	27.6883	390.6	1292.4	0.0185	0.6947	37.4674	-4323.201247
SB04G011316	SB02G019330	0.0273	130.2	418.8	99.0000	0.0119	0.0001	-766.252156
SB04G017440	SB01G011200	0.3322	140.5	504.5	0.4837	0.0898	0.1858	-1137.377840
SB02G021160	SB01G026472	5.0374	233.3	834.7	0.4210	1.2911	3.0670	-2817.247538
SB02G021460	SB01G026450	5.3909	88.4	397.6	0.2529	1.1687	4.6216	-1273.474938
SB02G013155	SB01G023090	1.6286	338.3	1038.7	0.6303	0.4745	0.7528	-3288.277451
SB10G010935	SB01G020600	50.0000	120.3	350.7	0.0135	0.8454	62.7669	-1216.957164
SB10G011000	SB01G020900	5.1564	256.7	970.3	0.1539	0.7993	5.1936	-3132.168155
SB08G008210	SB04G011316	0.0425	121.8	388.2	0.3874	0.0103	0.0265	-724.373055
SB08G008310	SB04G011190	50.0000	374.2	1302.8	0.0147	1.0453	71.0493	-4385.656935
SB08G015230	SB02G009160	6.4943	228.5	884.5	0.2714	1.3956	5.1422	-2979.819788
SB08G015380	SB02G009330	0.1132	117.8	317.2	0.2226	0.0194	0.0871	-643.509175
SB08G015390	SB02G009335	0.1014	694.6	1735.4	0.7007	0.0301	0.0430	-3695.685773
SB08G022500	SB10G008913	0.0962	758.7	1881.3	0.8153	0.0301	0.0369	-4012.909146
SB08G022600	SB10G009015	50.0000	176.1	468.9	0.0164	0.9610	58.4762	-1707.322314
SB08G019650	SB08G008210	0.0775	820.6	2317.4	0.9901	0.0258	0.0260	-4683.909964
SB08G007980	SB01G024853	9.6477	130.6	412.4	0.1410	1.3045	9.2514	-1434.317488
SB08G008210	SB01G025320	0.2534	458.6	1389.4	0.6727	0.0754	0.1121	-3159.905661
SB08G022500	SB05G023070	0.0090	1126.1	2245.9	0.4946	0.0022	0.0045	-4627.860542
SB07G017170	SB04G019290	3.6322	146.0	565.0	0.2690	0.7770	2.8887	-1814.069907
SB07G017556	SB04G019322	50.0000	137.4	495.6	0.0139	1.0199	73.1159	-1654.336085
SB07G017170	SB10G010935	4.0320	385.7	1294.3	0.2829	0.8495	3.0032	-4327.707170
SB07G017590	SB10G011000	11.2328	386.9	1449.1	0.0626	0.9015	14.3906	-4730.617687
SB05G021217	SB09G005530	1.2070	268.5	865.5	0.5731	0.3420	0.5967	-2571.084517
SB05G021283	SB09G005527	6.5566	134.5	441.5	0.8998	2.1301	2.3675	-1549.020893
SB05G004210	SB09G005195	25.3156	207.3	671.7	0.0240	0.7974	33.1920	-2274.343480
SB05G004225	SB09G005190	50.0000	74.8	315.2	0.0085	0.7166	83.8438	-973.733441
SB05G003110	SB06G020980	50.0000	222.2	815.8	0.0124	0.9253	74.4715	-2699.488402
SB05G000590	SB06G016350	50.0000	319.8	916.2	0.0142	0.8764	61.9009	-3223.094115
SB05G000700	SB06G016390	1.5917	683.1	2157.9	0.3021	0.3411	1.1292	-6573.895128
SB05G005546	SB04G017440	0.0477	617.3	1383.7	0.7804	0.0146	0.0187	-2867.793864
SB05G023840	SB02G009335	0.0585	876.1	2060.9	1.0169	0.0196	0.0193	-4287.943335
SB05G023850	SB02G009330	0.0894	102.5	284.5	0.5865	0.0251	0.0428	-564.942935
SB05G023980	SB02G009160	50.0000	403.4	1285.6	0.0116	0.7818	67.2936	-4394.855371
SB05G021790	SB01G021300	13.8491	141.4	944.6	0.0251	0.7618	30.3724	-2473.527498
SB05G021850	SB01G021340	16.0282	225.9	692.1	0.0487	0.9193	18.8914	-2403.396167
SB05G021936	SB01G021397	4.6034	118.1	418.9	0.7141	1.4102	1.9750	-1438.791380
SB05G018840	SB03G020271	14.7468	101.2	360.8	0.0479	0.9174	19.1709	-1202.881622
SB05G018970	SB03G021850	50.0000	434.4	1290.6	0.0201	1.2527	62.4559	-4640.877897
SB05G025640	SB05G018970	29.5377	273.8	851.2	0.0255	0.9541	37.4868	-2929.171460
SB05G025735	SB05G019060	1.9595	682.2	2149.8	0.4065	0.4832	1.1887	-6870.279796
SB05G019060	SB05G008835	2.2102	639.5	2039.5	0.3742	0.5265	1.4071	-6588.409568
SB05G006305	SB05G005905	0.0000	111.5	338.5	0.0010	0.0000	0.0000	-613.276610
SB09G012730	SB04G021090	35.4080	171.0	486.0	0.0191	0.8233	42.9957	-1695.354365
SB09G012960	SB04G021015	0.2932	249.4	803.6	0.5027	0.0792	0.1575	-1838.581556
SB09G003730	SB02G008191	0.1013	221.5	735.5	0.5635	0.0286	0.0508	-1460.708187
SB09G016391	SB01G026560	1.7017	657.0	2079.0	0.3137	0.3719	1.1855	-6415.586771
SB09G016555	SB01G026620	0.0622	326.2	855.8	1.0462	0.0210	0.0200	-1739.072834
SB09G005530	SB01G011200	1.1543	121.2	475.8	0.3868	0.2911	0.7525	-1327.116009
SB04G021015	SB01G020593	1.0772	187.7	595.3	0.3927	0.2620	0.6671	-1718.179750
SB04G021090	SB01G020600	1.8546	105.5	392.5	0.3286	0.4315	1.3131	-1190.421710
SB04G020990	SB01G021300	12.5642	235.2	805.8	0.0251	0.4280	17.0733	-2498.150131
SB04G021090	SB01G021392	0.7180	351.3	1091.7	0.7328	0.2198	0.3000	-2984.502377
SB10G022775	SB01G025885	0.3482	517.9	1534.1	0.6740	0.1034	0.1535	-3686.816266
SB10G022790	SB01G025830	0.4029	149.7	576.3	0.5181	0.1127	0.2175	-1309.432219
SB08G017746	SB06G001840	50.0000	481.5	1642.5	0.0243	1.6514	67.8824	-5699.252733
SB08G017797	SB06G001770	0.0701	328.6	862.4	0.6488	0.0203	0.0314	-1757.288363
SB08G015380	SB04G011340	0.2852	109.2	256.8	0.7283	0.0855	0.1174	-607.076718
SB08G015390	SB04G011350	0.6312	296.6	882.4	0.6245	0.1828	0.2927	-2362.189389
SB08G008210	SB01G025885	0.2720	599.6	1830.4	0.7394	0.0834	0.1128	-4197.888641
SB08G008310	SB01G025950	50.0000	483.7	1730.3	0.0121	0.8856	73.1147	-5650.349268
SB08G006165	SB01G029810	4.9627	176.7	501.3	0.8687	1.5915	1.8321	-1820.931536
SB08G022500	SB03G012863	0.0751	547.9	1294.1	1.0725	0.0255	0.0238	-2734.695796
SB08G022505	SB03G012860	50.0000	166.0	590.0	0.0285	1.9640	68.9292	-2020.359483
SB08G022660	SB03G012725	0.0615	416.1	1125.9	0.9966	0.0205	0.0206	-2267.881015
SB07G022760	SB03G014350	50.0000	274.8	976.2	0.0153	1.1029	71.9509	-3322.492120
SB07G022900	SB03G014415	0.1609	293.8	657.2	0.9541	0.0528	0.0554	-1504.496483
SB05G025640	SB09G005520	37.1238	195.3	920.7	0.0164	1.0748	65.6397	-2594.194577
SB05G025735	SB09G005530	0.4485	304.5	1042.5	0.6358	0.1324	0.2081	-2535.955361
SB05G010370	SB09G005530	3.5478	291.4	1037.6	0.4688	0.9473	2.0206	-3458.845515
SB05G011880	SB09G005646	5.0553	96.0	303.0	0.2802	1.0413	3.7162	-1033.370671
SB05G006557	SB09G005843	50.0000	219.1	644.9	0.0077	0.4919	64.2752	-2146.662596
SB05G025650	SB06G014310	50.0000	294.2	1001.8	0.0102	0.7265	70.9463	-3277.812025
SB05G025735	SB06G014295	0.1158	763.9	1960.1	0.7991	0.0361	0.0451	-4202.732687
SB05G005140	SB06G001840	50.0000	147.4	437.6	0.0145	0.9189	63.4257	-1546.485068
SB05G005280	SB06G001770	2.0067	309.7	893.3	0.3292	0.4388	1.3327	-2881.326170
SB05G019145	SB02G019330	0.1711	172.8	616.2	0.9184	0.0560	0.0609	-1282.254733
SB05G019490	SB02G019470	44.6288	579.1	2426.9	0.0096	0.7099	74.2466	-7508.039447
SB05G000590	SB07G016100	50.0000	252.6	965.4	0.0169	1.2720	75.4899	-3184.793897
SB05G000700	SB07G017170	2.9100	431.6	1524.4	0.2328	0.5616	2.4123	-4844.461943
SB05G026136	SB01G039000	50.0000	196.4	691.6	0.0116	0.8377	72.4073	-2279.089562
SB05G026285	SB01G039170	7.5401	151.1	451.9	0.1646	1.1062	6.7204	-1612.519922
SB05G018211	SB01G021550	3.4104	103.2	385.8	0.1164	0.4368	3.7541	-1159.053287
SB05G018840	SB01G021392	50.0000	99.8	362.2	0.0135	0.9935	73.5462	-1208.783357
SB05G007305	SB01G029810	50.0000	267.2	881.8	0.0217	1.4506	66.8807	-3087.617779
SB05G007420	SB01G029850	0.2081	144.3	437.7	0.6476	0.0611	0.0944	-928.759530
SB05G007430	SB01G029855	0.7126	323.1	960.9	0.7591	0.2200	0.2898	-2631.576393
SB05G008713	SB03G012860	50.0000	115.9	472.1	0.0221	1.7123	77.5973	-1551.710723
SB05G008720	SB03G012863	0.2839	343.7	952.3	1.3333	0.1014	0.0760	-2258.524663
SB09G018196	SB01G026472	50.0000	94.9	319.1	0.0183	1.2508	68.4800	-1097.385363
SB09G008070	SB01G011385	50.0000	262.8	748.2	0.0205	1.2440	60.5732	-2695.514893
SB09G008205	SB01G011200	50.0000	154.5	475.5	0.0177	1.1409	64.4702	-1660.032457
SB09G018193	SB03G012860	0.8416	111.8	392.2	0.6060	0.2452	0.4046	-1056.917918
SB09G018196	SB03G012863	50.0000	98.9	300.1	0.0179	1.1424	63.7501	-1049.296800
SB09G018270	SB03G012866	26.3906	97.4	292.6	0.0331	1.0607	32.0426	-1027.587795
SB06G010840	SB04G019290	0.3517	205.4	679.6	0.6961	0.1065	0.1529	-1592.835399
SB04G017440	SB02G009335	0.0468	878.3	2139.7	0.8013	0.0145	0.0182	-4337.164380
SB02G019330	SB01G026472	4.1089	255.1	830.9	0.4145	1.0284	2.4810	-2825.100948
SB02G019335	SB01G026470	1.5751	159.8	578.2	0.4864	0.4273	0.8785	-1757.092063
SB02G019430	SB01G026450	15.6323	253.3	895.7	0.0829	1.5157	18.2740	-3079.839683
SB02G019330	SB01G025885	0.5482	408.6	1334.4	0.6384	0.1613	0.2527	-3404.567457
SB02G019430	SB01G026200	0.8396	330.6	950.4	0.3336	0.1846	0.5536	-2641.915435
SB10G013213	SB04G021090	12.7088	186.0	624.0	0.0783	1.1432	14.6093	-2137.881982
SB10G013500	SB04G020990	7.0636	298.0	935.0	0.1215	0.8570	7.0533	-3209.185590
SB10G010935	SB01G011200	5.0146	154.0	464.0	0.3583	1.1558	3.2256	-1615.514118
SB10G011150	SB01G011385	28.9263	259.5	763.5	0.0351	1.2084	34.4600	-2714.940351
SB10G021740	SB03G042320	50.0000	523.4	1735.6	0.0117	0.8124	69.2419	-5860.743560
SB10G021830	SB03G042200	0.0480	868.3	2275.7	0.4429	0.0119	0.0268	-4535.857667
SB08G017746	SB09G016160	50.0000	467.9	1614.1	0.0097	0.6982	71.7475	-5339.081119
SB08G017797	SB09G016391	0.1095	827.5	2271.5	0.8185	0.0344	0.0421	-4754.949955
SB08G017205	SB06G001955	50.0000	195.1	539.9	0.0080	0.4893	61.4209	-1810.263805
SB08G017350	SB06G001770	2.0586	298.1	889.9	0.3133	0.4427	1.4131	-2858.981764
SB08G007320	SB04G011316	0.0135	153.7	290.3	0.0010	0.0000	0.0130	-605.290048
SB07G017590	SB03G042320	12.1803	453.2	1853.8	0.0701	1.1264	16.0608	-5946.732560
SB07G019080	SB03G042200	0.0778	226.1	613.9	0.5573	0.0214	0.0383	-1244.443894
SB03G012860	SB01G026470	0.1877	166.5	382.5	3.0602	0.0786	0.0257	-880.131315
SB03G012863	SB01G026472	0.1818	239.3	660.7	0.4888	0.0474	0.0970	-1439.205508
SB05G019145	SB09G003730	50.0000	186.7	560.3	0.0208	1.3056	62.7631	-2000.236913
SB05G005140	SB09G016160	50.0000	156.6	455.4	0.0054	0.3450	64.1247	-1443.352499
SB05G005280	SB09G016391	2.1652	377.1	1197.9	0.3354	0.4895	1.4594	-3855.939902
SB05G008170	SB04G019290	2.0470	124.3	454.7	0.2534	0.4179	1.6494	-1367.363883
SB05G019060	SB02G026950	1.6505	221.3	711.7	0.2729	0.3371	1.2353	-2151.531635
SB05G015330	SB02G020485	6.8318	114.6	389.4	0.5310	1.8964	3.5715	-1328.998996
SB05G020413	SB10G009015	50.0000	109.7	316.3	0.0149	0.9245	62.0389	-1114.262927
SB05G020443	SB10G009110	50.0000	174.7	560.3	0.0157	1.0507	66.7338	-1945.687510
SB05G019145	SB01G026620	0.1721	178.3	610.7	0.7191	0.0527	0.0733	-1283.017794
SB05G019490	SB01G026800	9.0989	114.7	440.3	0.0441	0.5536	12.5483	-1381.748747
SB05G006340	SB01G026200	2.2939	291.4	878.6	0.4274	0.5733	1.3414	-2914.797287
SB05G006351	SB01G026195	50.0000	113.2	390.8	0.0224	1.5412	68.8844	-1291.137953
SB05G005280	SB01G029855	2.4113	308.4	981.6	0.3689	0.5705	1.5463	-3209.034408
SB09G016160	SB09G005646	0.3286	119.6	309.4	0.2383	0.0579	0.2431	-726.664846
SB09G016391	SB09G005530	0.2364	349.9	1024.1	0.6495	0.0693	0.1067	-2323.640029
SB09G012730	SB10G013213	50.0000	154.2	478.8	0.0236	1.5064	63.7275	-1679.203923
SB09G014225	SB10G014180	2.2144	226.5	679.5	0.4371	0.5584	1.2774	-2215.595583
SB06G015485	SB04G019673	0.7458	144.7	476.3	0.6292	0.2186	0.3474	-1254.737850
SB06G015620	SB04G019290	33.4273	233.4	633.6	0.0472	1.7304	36.6904	-2319.905570
SB02G009160	SB01G020900	50.0000	300.8	953.2	0.0188	1.2307	65.5910	-3352.290165
SB02G009335	SB01G020600	1.1757	102.9	386.1	0.6107	0.3456	0.5659	-1099.874276
SB08G017350	SB01G026200	0.9705	384.0	1026.0	0.3504	0.2150	0.6135	-2985.954765
SB08G017410	SB01G025885	2.2382	514.7	1600.3	0.5990	0.6415	1.0710	-5260.923675
SB08G022500	SB05G010570	0.2056	779.1	2268.9	0.6478	0.0602	0.0929	-5049.829896
SB08G008240	SB05G010370	0.7183	372.8	1127.2	0.7950	0.2250	0.2830	-3078.935122
SB07G019080	SB04G017470	0.0809	240.1	599.9	0.9431	0.0265	0.0281	-1248.959606
SB07G017170	SB02G009335	3.2391	453.5	1565.5	0.2448	0.6378	2.6051	-5068.897789
SB07G017590	SB02G009160	50.0000	455.5	1281.5	0.0172	1.0444	60.6186	-4606.581967
SB07G022760	SB01G021340	48.2049	211.2	730.8	0.0145	0.9898	68.2429	-2482.928973
SB07G022900	SB01G021392	0.1025	485.3	1305.7	1.2381	0.0360	0.0291	-2730.906841
SB07G016100	SB01G021300	15.5466	160.9	865.1	0.0236	0.6922	29.3213	-2387.653173
SB07G017170	SB01G021392	4.3647	390.2	1307.8	0.2676	0.8932	3.3374	-4406.434509
SB05G007323	SB06G016535	7.3052	230.3	597.7	0.3109	1.5065	4.8450	-2236.180179
SB05G007420	SB06G016395	2.8384	116.2	420.8	0.3470	0.6723	1.9375	-1333.899110
SB05G007430	SB06G016390	2.8629	323.8	939.2	0.3164	0.6141	1.9410	-3174.585310
SB05G015330	SB04G017440	0.3416	148.0	461.0	0.7164	0.1039	0.1450	-1084.082484
SB05G018970	SB02G013100	50.0000	429.3	1340.7	0.0170	1.1105	65.2547	-4689.609943
SB05G019060	SB02G013140	2.5484	639.4	2072.6	0.3663	0.6034	1.6471	-6794.430101
SB05G010321	SB02G012435	1.0336	227.2	972.8	0.1213	0.1453	1.1978	-2377.220590
SB05G010570	SB02G012450	0.2358	723.0	1974.0	0.8107	0.0740	0.0912	-4548.554706
SB05G008720	SB01G026620	0.0722	370.3	946.7	1.2568	0.0255	0.0203	-1961.559969
SB05G008835	SB01G026560	1.8168	645.4	1967.6	0.3215	0.3981	1.2382	-6178.130741
SB09G016555	SB10G022775	0.0825	566.7	1446.3	1.2143	0.0289	0.0238	-3020.587998
SB06G001660	SB04G021060	50.0000	307.2	1072.8	0.0115	0.8264	71.9911	-3596.331374
SB06G001770	SB04G021090	2.5276	295.4	859.6	0.3695	0.5865	1.5874	-2873.298572
SB06G016390	SB01G026200	0.8206	347.7	927.3	0.3757	0.1882	0.5010	-2619.172136
SB06G016400	SB01G026320	16.3748	715.0	2246.0	0.0143	0.3094	21.6334	-6893.767751
SB04G019290	SB03G014415	4.7864	189.6	626.4	0.8769	1.5451	1.7619	-2160.598742
SB04G019673	SB03G014770	2.3833	143.7	483.3	1.1347	0.8167	0.7197	-1542.405405
SB10G015470	SB04G019290	1.5179	113.7	390.3	0.3738	0.3672	0.9824	-1169.194677
SB10G016110	SB04G019600	0.0748	302.2	765.8	1.2484	0.0264	0.0212	-1589.473566
SB10G013213	SB04G019290	8.2486	145.0	683.0	0.8530	2.6690	3.1290	-2214.412052
SB08G017290	SB04G011190	50.0000	328.4	1201.6	0.0172	1.2566	73.0507	-4039.599630
SB08G017410	SB04G011316	1.3982	101.5	336.5	0.3212	0.3129	0.9740	-983.281020
SB08G017410	SB08G007320	2.1643	83.9	321.1	0.2472	0.4424	1.7895	-980.801707
SB08G008210	SB08G005435	2.0568	549.7	1646.3	0.4760	0.5375	1.1292	-5364.845517
SB08G008310	SB08G005400	28.4791	551.5	1734.5	0.0324	1.1585	35.7026	-5976.898692
SB08G017205	SB01G029732	50.0000	106.2	274.8	0.0097	0.5649	58.3157	-955.382320
SB08G017350	SB01G029855	1.8698	535.7	1780.3	0.3182	0.4167	1.3097	-5524.892903
SB08G015380	SB01G025060	50.0000	101.5	309.5	0.0193	1.2275	63.7427	-1069.483419
SB08G015390	SB01G025070	2.1331	266.0	811.0	0.3287	0.4726	1.4380	-2611.293347
SB08G015520	SB01G025560	0.6040	179.2	597.8	0.5025	0.1639	0.3262	-1505.806829
SB08G014475	SB05G008835	0.2029	766.7	2050.3	0.7472	0.0619	0.0829	-4643.943852
SB08G008210	SB05G019145	0.0863	188.0	571.0	0.5863	0.0245	0.0417	-1143.134249
SB08G008220	SB05G019150	1.9575	136.1	508.9	0.4477	0.5177	1.1565	-1553.834954
SB08G008310	SB05G019490	47.4255	355.1	1837.9	0.0080	0.7520	93.7328	-5234.538541
SB03G012722	SB01G026470	1.2897	94.0	374.0	0.4013	0.3307	0.8242	-1065.626499
SB03G012725	SB01G026472	0.1720	293.0	706.0	0.5433	0.0460	0.0847	-1596.288138
SB03G012866	SB01G026560	50.0000	100.0	323.0	0.0137	0.9250	67.5083	-1111.767333
SB05G023070	SB06G014245	1.6065	409.1	1243.9	0.4996	0.4291	0.8589	-3896.810790
SB05G023080	SB06G014240	9.4461	109.2	409.8	0.1942	1.6808	8.6556	-1370.494336
SB05G010370	SB06G015620	50.0000	339.9	1112.1	0.0245	1.6136	65.9241	-3888.553112
SB05G011000	SB06G015525	1.7084	129.8	428.2	0.4498	0.4433	0.9856	-1300.680998
SB05G014070	SB02G013155	0.4412	316.3	997.7	0.6174	0.1280	0.2073	-2466.647367
SB05G015330	SB02G013140	0.1436	159.3	452.7	0.7633	0.0443	0.0580	-959.852606
SB05G019145	SB10G009110	0.0425	177.3	545.7	0.6830	0.0127	0.0186	-1039.704205
SB05G019477	SB10G009026	8.8913	84.8	377.2	0.1580	1.4985	9.4830	-1187.668225
SB05G023070	SB03G012863	0.0725	559.4	1261.6	1.2554	0.0258	0.0205	-2688.901981
SB05G023080	SB03G012860	50.0000	111.8	383.2	0.0191	1.3244	69.2557	-1297.956358
SB05G018837	SB05G007420	0.2277	144.8	392.2	0.8222	0.0717	0.0872	-865.028504
SB05G018840	SB05G007430	50.0000	120.9	338.1	0.0194	1.1642	60.0220	-1213.839108
SB06G016390	SB03G014415	0.1607	287.8	663.2	1.0201	0.0539	0.0528	-1506.939902
SB06G016560	SB03G014760	50.0000	97.9	307.1	0.0100	0.6677	66.8815	-1019.311841
SB04G019290	SB01G011200	0.4031	140.7	501.3	0.4770	0.1083	0.2271	-1175.297729
SB02G012450	SB01G026472	0.1403	280.3	616.7	0.6776	0.0407	0.0601	-1387.091934
SB02G012635	SB01G026322	0.4068	111.5	323.5	0.3960	0.0975	0.2462	-763.758668
SB10G009100	SB03G012722	0.4941	109.7	361.3	0.7672	0.1538	0.2005	-895.021579
SB10G009110	SB03G012725	0.0671	519.8	1133.2	0.8828	0.0215	0.0243	-2436.164761
SB08G017350	SB06G014295	1.7319	712.2	2200.8	0.3222	0.3813	1.1832	-6843.472778
SB08G015230	SB01G020900	50.0000	211.4	703.6	0.0130	0.8991	69.1560	-2390.336594
SB08G015380	SB01G020701	0.2338	83.5	174.5	0.9047	0.0754	0.0833	-408.171568
SB08G015390	SB01G020600	0.2951	107.1	378.9	0.6407	0.0875	0.1367	-841.102996
SB08G017290	SB03G042370	14.2130	154.3	574.7	0.0549	1.0207	18.5790	-1897.197720
SB08G017410	SB03G042200	1.4699	617.7	1938.3	0.4808	0.3886	0.8082	-5950.644398
SB08G005310	SB05G016690	0.2690	206.3	585.7	0.4856	0.0703	0.1447	-1352.331460
SB08G005435	SB05G016870	1.4853	302.3	891.7	0.5227	0.4021	0.7693	-2753.615700
SB07G009741	SB01G025320	11.2295	204.6	692.4	0.0964	1.1929	12.3765	-2382.347930
SB07G009790	SB01G025340	1.2010	196.7	595.3	0.4115	0.2954	0.7179	-1777.360356
SB07G010516	SB01G025830	50.0000	230.4	729.6	0.0198	1.2912	65.3530	-2543.002116
SB05G026285	SB06G014101	50.0000	153.7	482.3	0.0079	0.5301	67.2967	-1590.793614
SB05G026296	SB06G014295	0.1767	751.1	2248.9	0.7128	0.0535	0.0750	-4866.568074
SB05G023840	SB07G017170	2.6729	460.9	1579.1	0.3050	0.5881	1.9284	-5064.877715
SB05G023850	SB07G017175	2.8307	81.5	317.5	0.2208	0.5482	2.4830	-972.848910
SB05G023980	SB07G017590	50.0000	513.5	1631.5	0.0249	1.6082	64.5087	-5726.918787
SB05G023840	SB01G020600	0.2732	104.7	405.3	0.6709	0.0827	0.1233	-877.560397
SB05G023850	SB01G020701	0.4640	73.0	236.0	0.5343	0.1283	0.2400	-564.318065
SB05G023980	SB01G020900	50.0000	261.1	1004.9	0.0096	0.7509	77.9133	-3237.770094
SB05G006340	SB01G011200	2.2914	139.9	460.1	0.4382	0.5880	1.3419	-1495.455700
SB05G020443	SB03G042200	0.0870	197.6	588.4	0.5126	0.0234	0.0457	-1180.713635
SB05G016770	SB05G011880	26.1205	503.7	1536.3	0.0091	0.3112	34.3162	-4743.714246
SB05G016870	SB05G010570	0.4546	291.0	876.0	0.7897	0.1421	0.1800	-2186.674383
SB09G003730	SB04G017470	0.1093	225.1	731.9	0.3327	0.0248	0.0744	-1466.043515
SB09G011470	SB02G009050	2.9678	202.8	589.2	0.2490	0.5582	2.2418	-1964.364532
SB09G012730	SB02G009335	0.3762	131.7	426.3	0.6760	0.1127	0.1666	-1013.199115
SB09G016555	SB10G016110	0.0821	638.2	1770.8	0.7199	0.0248	0.0345	-3601.632243
SB09G018196	SB01G025885	50.0000	72.4	329.6	0.0100	0.8850	88.5141	-1046.223786
SB06G010840	SB01G021392	3.1346	408.9	1322.1	0.3050	0.6792	2.2271	-4413.273429
SB06G001770	SB01G029855	0.5904	285.1	836.9	0.5927	0.1675	0.2827	-2215.868057
SB06G001955	SB01G029732	8.5148	107.8	342.2	0.1879	1.3944	7.4199	-1191.809286
SB04G017470	SB03G012725	0.0875	733.0	1778.0	0.6878	0.0258	0.0375	-3781.830270
SB04G017810	SB03G012535	6.9761	281.8	954.2	0.3071	1.5354	5.0004	-3298.062273
SB10G008896	SB04G019290	50.0000	184.6	574.4	0.0260	1.6498	63.3860	-2025.973594
SB10G008913	SB04G019600	0.9539	216.3	722.7	0.5373	0.2653	0.4938	-2039.202424
SB08G017746	SB09G005646	50.0000	94.8	337.2	0.0123	0.8975	72.7372	-1129.518078
SB08G017797	SB09G005530	0.1302	371.1	1020.9	0.7664	0.0401	0.0524	-2174.368446
SB08G005350	SB07G017556	1.6498	168.6	623.4	0.6776	0.4993	0.7370	-1885.271964
SB08G005435	SB07G019080	1.2571	207.4	602.6	0.5376	0.3434	0.6388	-1831.595330
SB08G017797	SB01G029855	0.2366	594.4	1772.6	0.5294	0.0645	0.1218	-3985.055181
SB08G017746	SB05G015090	50.0000	484.5	1693.5	0.0196	1.3753	70.1086	-5818.076055
SB08G017797	SB05G015330	0.0997	164.2	456.8	0.9353	0.0326	0.0349	-938.102706
SB08G017746	SB05G011880	50.0000	476.4	1608.6	0.0242	1.6344	67.4279	-5576.157782
SB08G017797	SB05G010370	1.8054	391.0	1226.0	0.3138	0.3937	1.2544	-3815.654849
SB07G022900	SB02G026950	1.3981	214.7	658.3	0.3197	0.3059	0.9569	-1972.287810
SB07G017170	SB03G014415	6.3848	216.6	692.4	0.1165	0.7582	6.5092	-2322.310562
SB07G017556	SB03G014760	2.2939	208.1	796.9	0.1987	0.4167	2.0970	-2367.519876
SB01G041400	SB01G006470	50.0000	286.6	1426.4	0.0084	0.8022	95.6088	-4157.023684
SB05G005546	SB09G016391	0.1020	516.9	1376.1	0.8034	0.0319	0.0397	-2873.753343
SB05G005140	SB09G005646	20.1190	106.1	304.9	0.0665	1.4499	21.8157	-1091.348005
SB05G005280	SB09G005530	2.7624	336.5	998.5	0.4555	0.7075	1.5535	-3397.354712
SB05G005280	SB09G007435	0.8720	257.1	600.9	0.4127	0.2038	0.4938	-1761.586777
SB05G004927	SB09G008070	50.0000	176.4	531.6	0.0135	0.8656	64.2923	-1805.629256
SB05G005280	SB09G008205	8.0097	362.2	1161.8	0.2931	1.6971	5.7901	-4083.828502
SB05G019060	SB06G015620	0.9219	364.2	1093.8	0.5391	0.2532	0.4697	-3137.315447
SB05G008040	SB04G012281	50.0000	360.9	1172.1	0.0185	1.2324	66.7974	-4080.210613
SB05G008170	SB04G011350	50.0000	129.9	440.1	0.0116	0.8181	70.3774	-1474.876353
SB05G019145	SB02G008191	0.0523	151.1	562.9	0.4637	0.0140	0.0302	-1039.264918
SB05G019150	SB02G008150	1.0265	181.3	625.7	0.7685	0.3205	0.4170	-1775.760659
SB05G004927	SB10G011150	50.0000	156.5	533.5	0.0126	0.8868	70.4601	-1781.441124
SB05G005280	SB10G010935	50.0000	376.1	1198.9	0.0247	1.5992	64.6946	-4222.027318
SB05G016860	SB01G026470	44.0399	138.5	422.5	0.0236	1.3119	55.4712	-1463.577047
SB05G016870	SB01G026472	0.2613	238.4	571.6	0.6643	0.0758	0.1141	-1366.451382
SB05G008560	SB01G026200	0.1020	386.2	996.8	0.6074	0.0288	0.0474	-2100.498181
SB05G008720	SB01G025885	0.4801	361.9	1120.1	0.5582	0.1341	0.2403	-2823.082804
SB05G004927	SB01G011385	13.0739	171.2	530.8	0.1121	1.4866	13.2599	-1874.583266
SB05G005280	SB01G011200	2.0441	142.7	505.3	0.3060	0.4544	1.4848	-1575.889447
SB05G015090	SB05G005140	0.9458	166.9	448.1	0.1600	0.1300	0.8126	-1221.004539
SB05G015330	SB05G005280	50.0000	193.3	529.7	0.0197	1.1641	59.1383	-1899.201248
SB02G023180	SB01G027780	0.6539	197.2	585.8	0.3898	0.1563	0.4011	-1581.561643
SB02G023190	SB01G027785	0.1661	150.5	278.5	0.7660	0.0500	0.0653	-669.800396
SB02G009050	SB01G022980	0.7525	130.3	379.7	0.4216	0.1857	0.4405	-1034.656947
SB08G017410	SB09G018196	2.3244	83.3	324.7	0.3030	0.5272	1.7397	-1001.691488
SB08G005310	SB04G017810	2.4073	268.4	796.6	0.4064	0.5865	1.4431	-2660.012866
SB08G005435	SB04G017470	1.6495	428.5	1365.5	0.5377	0.4561	0.8483	-4258.794807
SB08G017792	SB07G008443	0.7069	146.0	565.0	0.5501	0.2017	0.3668	-1442.004728
SB08G017797	SB07G008600	2.3561	190.7	625.3	0.3310	0.5334	1.6114	-2012.379851
SB08G017350	SB03G014415	0.2017	260.7	618.3	1.0125	0.0675	0.0666	-1431.265680
SB08G015230	SB05G026136	6.9669	194.1	702.9	0.1984	1.2392	6.2445	-2377.030536
SB08G015380	SB05G026293	0.0965	106.8	328.2	0.2713	0.0194	0.0714	-642.737826
SB08G015390	SB05G026296	0.0988	701.6	1728.4	0.6837	0.0291	0.0425	-3688.225689
SB07G019080	SB09G018196	7.6902	77.4	330.6	0.1672	1.3185	7.8842	-1085.188519
SB07G020550	SB03G016084	4.8570	114.1	338.9	0.2562	0.9350	3.6499	-1183.210793
SB07G020710	SB03G015870	5.6686	227.3	768.7	0.5701	1.6121	2.8277	-2659.957669
SB01G024160	SB01G021615	7.1809	82.5	295.5	0.1569	1.1015	7.0197	-984.425136
SB01G025070	SB01G021392	50.0000	264.6	830.4	0.0162	1.0605	65.6502	-2875.229965
SB05G015330	SB09G008205	0.0848	158.6	462.4	0.6844	0.0253	0.0369	-924.376826
SB05G005546	SB09G005530	1.0404	242.2	672.8	0.7566	0.3196	0.4224	-2018.574569
SB05G025650	SB07G016100	50.0000	245.4	1158.6	0.0118	1.0619	90.3503	-3488.490706
SB05G025735	SB07G015440	0.5528	128.0	427.0	0.7239	0.1694	0.2340	-1077.607816
SB05G008170	SB07G022900	1.8427	123.1	437.9	0.3375	0.4293	1.2719	-1330.029504
SB05G026136	SB01G021615	30.4964	94.8	298.2	0.0283	1.0954	38.6979	-1025.033532
SB05G026296	SB01G021392	1.8417	435.9	1421.1	0.3589	0.4325	1.2051	-4446.189420
SB05G018970	SB01G021340	24.7717	231.8	737.2	0.0301	0.9474	31.4997	-2548.922813
SB05G019060	SB01G021392	0.6699	449.2	1437.8	0.7114	0.2036	0.2863	-3836.484225
SB05G016690	SB03G012535	50.0000	196.7	625.3	0.0177	1.1671	65.9522	-2161.787445
SB05G016860	SB03G012722	0.0775	85.1	193.9	1.0944	0.0265	0.0243	-387.614934
SB05G016870	SB03G012725	0.8940	283.7	889.3	0.5094	0.2417	0.4745	-2492.633983
SB05G026136	SB05G023980	50.0000	211.2	655.8	0.0133	0.8710	65.7262	-2267.469653
SB05G026293	SB05G023850	0.0808	89.6	297.4	0.6221	0.0236	0.0380	-564.736012
SB05G026296	SB05G023840	0.0638	902.9	2034.1	1.2692	0.0227	0.0179	-4307.922434
SB06G014240	SB06G011550	1.3699	138.5	479.5	0.5585	0.3879	0.6945	-1426.322442
SB06G014295	SB06G010840	0.0776	510.8	1280.2	0.8607	0.0247	0.0287	-2672.931924
SB06G014295	SB01G021392	1.6028	422.7	1365.3	0.2813	0.3331	1.1840	-4123.147744
SB06G014490	SB01G021220	50.0000	307.5	1096.5	0.0122	0.8904	72.9261	-3647.756815
SB04G017440	SB02G026950	0.0589	227.9	657.1	0.8053	0.0185	0.0230	-1289.361711
SB04G019290	SB03G012866	3.4301	96.4	317.6	0.4190	0.8643	2.0627	-1071.886542
SB04G019600	SB03G012725	0.0600	237.5	575.5	1.1587	0.0208	0.0180	-1194.929899
SB04G011190	SB03G042370	50.0000	166.4	562.6	0.0146	1.0171	69.5712	-1934.480565
SB04G011316	SB03G042200	0.0000	128.5	420.5	0.5184	0.0000	0.0000	-735.734766
SB10G021830	SB10G019600	0.0891	758.4	2091.6	0.6975	0.0266	0.0382	-4295.235407
SB10G011230	SB01G025070	0.3080	322.8	757.2	0.6881	0.0904	0.1314	-1860.460927
SB10G011916	SB01G024051	6.9014	77.1	285.9	0.2382	1.3700	5.7508	-927.233498
SB10G011230	SB01G029855	1.6026	249.6	812.4	0.3510	0.3724	1.0609	-2461.633384
SB10G019600	SB03G022731	0.0629	184.4	502.6	0.6284	0.0181	0.0288	-1005.664071
SB08G017350	SB09G012730	1.9737	147.2	503.8	0.3676	0.4736	1.2885	-1565.650343
SB08G017410	SB09G014225	2.6399	500.5	1599.5	0.3765	0.6309	1.6759	-5258.552099
SB08G017746	SB06G016400	50.0000	462.0	1743.0	0.0192	1.4270	74.1596	-5869.313930
SB08G017797	SB06G016390	1.5858	707.5	2205.5	0.3218	0.3496	1.0865	-6755.981012
SB08G005310	SB02G019430	2.0146	376.9	1165.1	0.3240	0.4447	1.3725	-3731.313794
SB08G005435	SB02G019330	16.2834	525.3	1637.7	0.1139	1.8791	16.4909	-5808.762240
SB08G008210	SB10G022775	0.0815	625.2	1636.8	1.3164	0.0291	0.0221	-3392.740182
SB08G019650	SB07G019080	0.0698	228.9	611.1	0.7637	0.0215	0.0281	-1236.009512
SB08G019840	SB07G017590	50.0000	468.2	1376.8	0.0183	1.1392	62.3255	-4905.471920
SB08G017746	SB07G017180	40.3441	185.0	862.0	0.0173	1.2184	70.4259	-2753.202226
SB08G017797	SB07G017170	2.7836	459.1	1595.9	0.2502	0.5558	2.2211	-5077.577466
SB08G005400	SB01G026800	33.2881	133.5	412.5	0.0160	0.6940	43.2437	-1400.386126
SB08G005435	SB01G026620	50.0000	369.9	1121.1	0.0203	1.2820	63.2999	-3959.960360
SB07G017170	SB02G013140	2.9492	458.4	1587.6	0.3310	0.6766	2.0444	-5161.306111
SB07G019065	SB02G014465	21.7524	204.7	587.3	0.0658	1.5532	23.6023	-2135.637342
SB07G005620	SB02G006690	34.5400	259.6	793.4	0.0183	0.8075	44.2322	-2713.873734
SB07G005820	SB02G006870	50.0000	382.9	1147.1	0.0133	0.8520	64.0502	-4006.043520
SB07G017590	SB01G027360	11.6119	444.8	1364.2	0.0729	0.9383	12.8637	-4746.445756
SB07G019080	SB01G027510	0.0810	252.2	587.8	0.8781	0.0259	0.0295	-1249.403051
SB05G026296	SB09G005530	0.0983	353.6	876.4	1.0577	0.0333	0.0315	-1867.019080
SB05G014070	SB09G011991	0.8417	137.4	435.6	0.5701	0.2376	0.4167	-1211.590467
SB05G015330	SB09G012730	50.0000	153.1	506.9	0.0329	2.1342	64.7852	-1755.174624
SB05G005140	SB06G016400	6.0005	156.4	458.6	0.0518	0.3535	6.8285	-1440.734935
SB05G005280	SB06G016390	0.1090	443.8	987.2	0.6958	0.0320	0.0460	-2189.116584
SB05G005280	SB04G017440	1.8237	374.0	1174.0	0.3559	0.4230	1.1884	-3693.652908
SB05G016870	SB02G012450	0.2160	278.1	795.9	1.1513	0.0745	0.0648	-1774.084748
SB05G017150	SB02G012380	50.0000	162.1	500.9	0.0150	0.9788	65.1426	-1722.620070
SB05G010370	SB03G014415	50.0000	224.3	750.7	0.0208	1.4063	67.7495	-2601.978159
SB05G011121	SB03G014760	3.2881	96.1	374.9	0.0961	0.3754	3.9073	-1096.831844
SB09G016391	SB10G013213	1.7924	190.3	622.7	0.3678	0.4261	1.1583	-1925.628467
SB09G016555	SB01G026472	0.1556	306.1	728.9	0.7656	0.0476	0.0621	-1631.297184
SB09G012685	SB01G021550	0.3826	121.1	355.9	0.5492	0.1055	0.1922	-847.817130
SB09G012730	SB01G021392	1.9979	129.7	440.3	0.3126	0.4439	1.4200	-1360.305448
SB09G008205	SB01G025070	3.2044	282.7	830.3	0.2625	0.6233	2.3746	-2774.282526
SB09G006250	SB01G026200	0.4037	377.7	1074.3	0.7160	0.1220	0.1703	-2677.421231
SB09G006300	SB01G025885	0.3175	583.9	1690.1	0.5725	0.0888	0.1551	-4009.768265
SB06G016390	SB04G017440	1.6005	705.0	2175.0	0.3280	0.3553	1.0833	-6698.556827
SB08G005435	SB09G006300	2.3525	543.5	1751.5	0.5537	0.6585	1.1892	-5705.766595
SB08G005600	SB09G006470	50.0000	272.2	918.8	0.0233	1.5771	67.5892	-3141.019346
SB08G014401	SB06G016535	14.4259	235.8	589.2	0.0928	1.2673	13.6575	-2191.037598
SB08G014475	SB06G016390	1.5978	677.8	2088.2	0.3285	0.3548	1.0803	-6438.910043
SB08G007320	SB10G021830	0.0491	96.3	347.7	0.1958	0.0087	0.0442	-633.476455
SB08G022500	SB08G008210	0.0780	817.4	2341.6	0.9216	0.0254	0.0276	-4723.707840
SB08G017350	SB08G005310	1.8701	632.8	1956.2	0.3383	0.4218	1.2466	-6188.387060
SB08G017410	SB08G005435	0.3403	535.9	1477.1	0.6288	0.0980	0.1559	-3566.213719
SB08G014475	SB05G008170	1.8315	127.2	445.8	0.2624	0.3760	1.4328	-1337.849515
SB08G008210	SB05G010570	0.2746	722.4	2151.6	0.9112	0.0893	0.0980	-4975.661997
SB08G008420	SB05G012530	50.0000	556.3	1855.7	0.0169	1.1551	68.4062	-6345.844230
SB07G015100	SB06G016535	50.0000	210.7	626.3	0.0246	1.5203	61.6979	-2229.097638
SB07G015440	SB06G016390	2.1263	115.1	421.9	0.1727	0.3497	2.0253	-1243.169580
SB01G027510	SB01G025885	0.1578	668.1	1767.9	0.7707	0.0486	0.0631	-3893.505166
SB01G027560	SB01G025575	14.8006	135.3	431.7	0.0661	1.1293	17.0731	-1521.375050
SB05G008170	SB02G026950	6.5477	121.6	451.4	0.2925	1.4424	4.9311	-1525.638177
SB05G015330	SB10G010935	0.1050	171.9	449.1	0.8346	0.0332	0.0397	-941.502843
SB05G009710	SB07G011260	3.6898	140.5	435.5	0.2358	0.6869	2.9127	-1458.630309
SB05G010035	SB07G009790	0.9442	186.0	645.0	0.7523	0.2931	0.3896	-1818.738871
SB05G010040	SB07G009741	0.1213	208.9	538.1	1.2063	0.0424	0.0352	-1155.952613
SB05G026136	SB01G024160	50.0000	192.0	630.0	0.0110	0.7563	68.8744	-2123.855758
SB05G026296	SB01G025070	1.7336	271.9	865.1	0.3013	0.3717	1.2338	-2636.088124
SB05G023070	SB01G027510	0.0532	1020.2	2420.8	1.1956	0.0186	0.0156	-5000.691609
SB05G010570	SB01G027510	0.2315	818.3	2298.7	0.7911	0.0722	0.0912	-5253.328210
SB05G023070	SB03G012725	0.0741	842.5	2109.5	0.6779	0.0218	0.0321	-4384.651674
SB05G023080	SB03G012722	50.0000	122.9	336.1	0.0397	2.2299	56.1611	-1206.492233
SB05G023470	SB03G012535	4.2431	116.0	373.0	0.3698	1.0072	2.7233	-1270.328156
SB05G023470	SB05G006340	0.6020	116.2	372.8	0.4467	0.1551	0.3471	-962.834441
SB05G023510	SB05G006180	50.0000	146.9	462.1	0.0127	0.8445	66.4572	-1585.563491
SB05G008835	SB05G005280	1.9370	369.3	1148.7	0.3443	0.4412	1.2817	-3649.441334
SB05G008890	SB05G005061	50.0000	278.0	1072.0	0.0190	1.4297	75.4321	-3577.074790
SB09G008205	SB04G021090	5.8871	446.5	1266.5	0.6344	1.7061	2.6894	-4583.525514
SB09G016555	SB10G008913	0.1248	668.7	1626.3	1.4974	0.0461	0.0308	-3575.262973
SB06G016390	SB01G029855	1.8994	535.1	1720.9	0.3529	0.4412	1.2502	-5414.131312
SB06G014240	SB01G026470	1.0973	164.2	546.8	0.4020	0.2722	0.6772	-1563.217753
SB06G014245	SB01G026472	3.1563	256.0	833.0	0.6425	0.9304	1.4482	-2804.091077
SB06G014295	SB01G026560	1.7190	673.2	2011.8	0.3149	0.3707	1.1774	-6285.463029
SB04G019290	SB02G009335	0.0959	206.6	534.4	0.9966	0.0319	0.0320	-1118.364501
SB04G019673	SB02G009050	0.8987	137.0	484.0	0.8268	0.2863	0.3463	-1314.983053
SB04G011350	SB01G021392	2.8804	276.8	905.2	0.3573	0.6756	1.8910	-3007.580224
SB02G021000	SB01G024370	0.4757	81.1	221.9	0.2867	0.0952	0.3320	-538.641140
SB02G021160	SB01G025320	0.2454	452.3	1440.7	0.6335	0.0719	0.1134	-3221.531495
SB08G022500	SB09G016555	0.0581	778.7	2131.3	0.7468	0.0178	0.0238	-4252.777230
SB08G019650	SB03G042200	0.0054	1013.3	2427.7	0.0010	0.0000	0.0061	-4686.044482
SB08G019840	SB03G042320	50.0000	447.1	1472.9	0.0164	1.1107	67.9061	-5063.849098
SB08G014970	SB03G016084	50.0000	123.3	347.7	0.0197	1.1902	60.2978	-1247.898953
SB08G008210	SB03G042200	0.0785	822.9	2315.1	0.9440	0.0258	0.0273	-4688.722518
SB08G008310	SB03G042370	50.0000	158.3	567.7	0.0101	0.7416	73.7796	-1843.314498
SB08G022500	SB05G020443	0.0867	205.4	580.6	0.6743	0.0257	0.0381	-1181.315324
SB07G009790	SB02G009796	0.1252	213.8	563.2	0.7643	0.0385	0.0503	-1210.206134
SB07G011260	SB02G009920	0.1254	347.9	966.1	1.1804	0.0436	0.0369	-2030.213598
SB07G021695	SB01G017220	6.7723	114.2	713.8	0.1108	1.0713	9.6694	-2099.841654
SB07G021820	SB01G017410	50.0000	314.0	1075.0	0.0112	0.7983	70.9829	-3601.371168
SB05G018840	SB09G007435	50.0000	107.0	346.0	0.0162	1.0837	67.0810	-1189.512304
SB05G023070	SB04G017470	0.0336	827.8	2082.2	0.5899	0.0094	0.0159	-4140.514590
SB05G023470	SB04G017810	0.6834	117.9	371.1	0.5074	0.1846	0.3638	-987.981079
SB05G018840	SB02G026950	0.0875	91.1	370.9	0.7365	0.0272	0.0370	-689.732848
SB05G007420	SB07G022905	3.2442	103.1	376.9	0.2492	0.6566	2.6350	-1185.159870
SB05G007430	SB07G022900	2.0839	333.8	938.2	0.3263	0.4506	1.3806	-3063.301212
SB05G005280	SB07G015440	15.6005	122.3	423.7	0.0529	1.0382	19.6144	-1425.063727
SB05G005345	SB07G016100	50.0000	232.1	736.9	0.0153	1.0167	66.3453	-2549.893299
SB05G019060	SB01G026560	0.4983	745.2	2134.8	0.8677	0.1598	0.1842	-5537.578397
SB05G019145	SB01G026472	9.5737	157.0	620.0	0.1849	1.6878	9.1265	-2079.988427
SB05G019150	SB01G026470	1.3146	193.2	673.8	0.7160	0.4026	0.5623	-1985.670066
SB05G007305	SB01G011385	50.0000	231.6	794.4	0.0172	1.2019	69.7156	-2724.805596
SB05G007420	SB01G011215	0.2019	148.2	403.8	0.5702	0.0560	0.0982	-872.754307
SB05G007430	SB01G011200	50.0000	159.9	458.1	0.0197	1.2023	60.9689	-1639.970634
SB05G000670	SB03G021850	50.0000	383.4	1572.6	0.0080	0.6557	82.3414	-4801.137719
SB05G000700	SB03G020271	0.1813	336.2	944.8	0.6756	0.0537	0.0795	-2076.626964
SB09G011470	SB06G015485	2.1868	209.3	486.7	0.2467	0.3800	1.5401	-1620.137533
SB09G012730	SB06G015620	8.3152	155.5	486.5	0.1892	1.3599	7.1879	-1703.180018
SB09G005530	SB06G001770	1.1443	236.9	783.1	0.5087	0.3115	0.6124	-2287.691924
SB09G005646	SB06G001840	10.6254	100.3	271.7	0.0669	0.7439	11.1171	-941.826146
SB09G020270	SB10G007390	50.0000	307.2	898.8	0.0197	1.2194	61.8691	-3159.338470
SB09G016555	SB10G021830	0.0721	771.6	1910.4	1.0392	0.0243	0.0234	-3969.533749
SB09G018196	SB03G042200	0.0705	123.3	311.7	1.5655	0.0262	0.0167	-634.660240
SB06G010840	SB04G011350	0.1892	315.0	846.0	0.5542	0.0518	0.0934	-1892.770612
SB06G003215	SB02G009653	0.7641	143.3	444.7	0.8367	0.2431	0.2906	-1177.026552
SB06G020403	SB01G034805	1.8659	140.9	504.1	0.0680	0.1557	2.2907	-1319.770802
SB04G027355	SB04G007410	0.2842	316.2	1051.8	0.1557	0.0420	0.2700	-2270.196734
SB04G017440	SB01G026560	1.8203	701.0	2116.0	0.3390	0.4085	1.2051	-6679.940990
SB04G017470	SB01G026472	0.1195	273.9	644.1	0.5706	0.0325	0.0570	-1400.004201
SB02G019330	SB01G027510	0.0559	650.8	1590.2	1.5552	0.0208	0.0134	-3270.602168
SB02G019510	SB01G027310	1.4129	210.1	716.9	0.2997	0.3079	1.0274	-2036.795374
SB10G016110	SB01G027510	0.0880	826.2	2044.8	1.0813	0.0300	0.0277	-4318.348294
SB08G008210	SB09G018196	0.1183	111.3	284.7	0.7484	0.0360	0.0481	-600.820775
SB08G009545	SB01G022970	0.2269	140.4	378.6	0.3827	0.0527	0.1376	-842.922197
SB08G011090	SB01G022423	13.2118	105.8	395.2	0.1010	1.5298	15.1406	-1333.077312
SB08G017797	SB05G025735	0.0993	781.6	2089.4	0.9023	0.0321	0.0356	-4369.535513
SB01G021815	SB01G014193	50.0000	121.0	350.0	0.0261	1.5773	60.3363	-1264.309045
SB05G016870	SB09G006300	0.1560	345.4	836.6	1.2571	0.0553	0.0440	-1865.092237
SB05G017150	SB09G006470	6.6651	164.4	504.6	0.1161	0.7737	6.6658	-1736.244163
SB05G008170	SB09G012730	2.0202	119.0	445.0	0.3183	0.4638	1.4572	-1348.779053
SB05G026830	SB02G005023	5.8574	321.7	818.3	0.2648	1.0948	4.1343	-3040.747943
SB05G006180	SB01G029810	50.0000	233.5	696.5	0.0173	1.0894	63.1318	-2481.985761
SB05G006340	SB01G029855	2.2613	295.4	997.6	0.3841	0.5517	1.4361	-3203.955696
SB05G023070	SB05G016870	0.1425	330.7	851.3	0.8353	0.0450	0.0539	-1844.845195
SB05G023470	SB05G016690	50.0000	116.7	351.3	0.0201	1.2651	63.0454	-1230.923489
SB05G021217	SB05G005280	4.8566	344.0	1165.0	0.6211	1.4212	2.2882	-4027.512860
SB05G021010	SB05G009390	19.8879	69.0	387.0	0.0496	1.7017	34.2763	-1151.061488
SB05G021217	SB05G008835	0.7840	379.4	1210.6	0.6197	0.2279	0.3678	-3314.493706
SB09G007435	SB01G021392	2.7048	267.1	776.9	0.3154	0.5797	1.8378	-2604.129657
SB09G003730	SB01G026472	10.9878	213.9	716.1	0.1569	1.6382	10.4418	-2485.766944
SB09G011470	SB03G014770	4.1851	220.8	559.2	0.1873	0.6260	3.3432	-1943.972408
SB09G012730	SB03G014415	10.4875	158.1	468.9	0.1188	1.2183	10.2527	-1650.683945
SB04G021090	SB01G025070	12.0655	273.8	860.2	0.1146	1.4040	12.2469	-3033.638029
SB04G021310	SB01G024051	50.0000	71.4	288.6	0.0131	1.0445	79.7710	-923.750445
SB10G010935	SB04G017440	0.1598	509.0	1483.0	0.8274	0.0506	0.0611	-3174.101785
SB10G011230	SB04G017810	14.3767	270.0	921.0	0.1094	1.6839	15.3947	-3189.107408
SB08G015230	SB10G011000	50.0000	262.5	823.5	0.0194	1.2582	65.0037	-2882.286277
SB08G015380	SB10G010937	0.2877	88.7	259.3	0.4594	0.0738	0.1606	-596.571019
SB08G015390	SB10G010935	0.3575	376.1	1165.9	0.7350	0.1095	0.1490	-2785.191693
SB05G019060	SB09G007083	0.4422	499.7	1363.3	0.5809	0.1235	0.2126	-3495.007470
SB05G019145	SB09G007270	1.7510	166.5	601.5	0.4866	0.4750	0.9762	-1865.355745
SB05G019060	SB06G016390	0.2761	752.8	2052.2	0.6533	0.0805	0.1233	-4840.242113
SB05G019173	SB06G016560	50.0000	104.0	313.0	0.0205	1.2925	62.9579	-1104.625981
SB05G012940	SB04G021310	4.3867	148.1	478.9	1.0037	1.4635	1.4581	-1664.946469
SB05G015330	SB04G021090	12.9764	180.1	530.9	0.0848	1.1586	13.6642	-1867.973839
SB05G007185	SB04G017810	1.0072	313.3	952.7	0.3634	0.2342	0.6444	-2722.010623
SB05G007420	SB04G017443	0.2229	148.2	403.8	0.3994	0.0529	0.1325	-885.139336
SB05G007430	SB04G017440	0.5318	352.8	943.2	0.8147	0.1669	0.2049	-2513.879212
SB05G023840	SB02G026950	0.0706	278.8	681.2	1.8683	0.0272	0.0146	-1413.138669
SB05G023850	SB02G026940	0.0641	105.8	281.2	1.0801	0.0218	0.0202	-552.885515
SB05G016690	SB02G019430	50.0000	197.6	606.4	0.0174	1.1197	64.3721	-2121.062809
SB05G016870	SB02G019330	7.8526	262.2	880.8	0.2149	1.4241	6.6259	-3031.906339
SB05G007420	SB02G026940	0.2069	144.8	398.2	0.4925	0.0541	0.1099	-858.697238
SB05G007430	SB02G026950	7.3754	230.8	669.2	0.2370	1.3468	5.6821	-2391.538841
SB05G020443	SB07G019080	0.0858	162.6	449.4	1.1200	0.0294	0.0263	-923.983156
SB05G021217	SB01G025070	4.2644	219.1	776.9	0.2277	0.8140	3.5750	-2562.932073
SB05G021283	SB01G025830	50.0000	116.8	429.2	0.0165	1.2120	73.4408	-1442.460155
SB05G018840	SB05G000700	0.1210	106.0	359.0	0.7133	0.0369	0.0518	-715.827980
SB05G018970	SB05G000670	50.0000	424.6	1369.4	0.0193	1.2798	66.2904	-4775.635495
SB05G010370	SB05G008170	0.7911	136.2	442.8	0.4092	0.1969	0.4810	-1182.018883
SB05G012530	SB05G008500	50.0000	471.6	1757.4	0.0127	0.9554	75.2196	-5702.824251
SB04G019600	SB01G027510	0.0653	315.5	803.5	2.3653	0.0260	0.0110	-1650.169703
SB04G019815	SB01G027310	8.9992	218.7	972.3	0.0534	0.7050	13.2019	-2963.753685
SB04G011316	SB01G026472	50.0000	120.5	410.5	0.0206	1.4127	68.6572	-1410.585526
SB04G011350	SB01G026560	1.9435	305.8	879.2	0.4180	0.4766	1.1402	-2865.853343
SB10G022775	SB04G011316	1.9933	120.5	425.5	0.5061	0.5466	1.0802	-1345.760362
SB10G021830	SB10G008913	0.1087	724.9	1756.1	1.0396	0.0366	0.0352	-3807.396185
SB08G014475	SB09G012730	0.1592	194.5	474.5	1.1314	0.0549	0.0485	-1059.143350
SB08G007320	SB06G014245	50.0000	88.4	316.6	0.0123	0.9016	73.1417	-1056.165852
SB08G007335	SB06G014240	0.5237	141.1	413.9	0.2182	0.0914	0.4186	-1043.707515
SB08G015380	SB02G013150	0.0814	121.1	307.9	0.4388	0.0199	0.0455	-623.388167
SB08G015390	SB02G013140	0.3390	579.6	1721.4	0.7304	0.1034	0.1416	-4122.976722
SB08G015520	SB02G013136	1.0286	213.4	725.6	0.4767	0.2744	0.5757	-2009.865950
SB08G017350	SB05G016690	2.6505	198.3	629.7	0.3372	0.6008	1.7814	-2070.544544
SB08G017410	SB05G016870	2.9033	282.0	888.0	0.4079	0.7169	1.7576	-2940.198798
SB08G006890	SB05G017150	50.0000	136.9	538.1	0.0115	0.9046	78.6078	-1751.196359
SB08G007320	SB05G016870	50.0000	84.3	314.7	0.0144	1.0768	74.8544	-1041.069976
SB07G022900	SB06G016390	0.1199	876.0	1998.0	0.7553	0.0364	0.0481	-4427.947964
SB07G023090	SB06G016580	0.5667	149.1	543.9	0.3096	0.1277	0.4124	-1303.610186
SB07G017170	SB10G008896	5.3705	193.6	571.4	0.1500	0.7352	4.9030	-1938.188998
SB07G019080	SB10G009110	0.5464	126.5	374.5	0.4272	0.1361	0.3185	-968.531675
SB07G016100	SB10G011000	21.3399	337.0	1469.0	0.0379	1.2407	32.7145	-4611.145745
SB07G017170	SB10G011230	2.6764	222.1	731.9	0.2873	0.5655	1.9685	-2338.135557
SB07G017170	SB03G020271	4.4925	296.8	939.2	0.4940	1.2018	2.4329	-3249.549412
SB05G018211	SB09G012685	2.3365	129.7	497.3	0.1603	0.3738	2.3319	-1461.389309
SB05G018840	SB09G012730	50.0000	101.1	357.9	0.0189	1.3397	70.9544	-1211.930551
SB05G010370	SB09G007435	1.0320	283.6	763.4	0.7768	0.3192	0.4109	-2306.717819
SB05G012530	SB09G007190	50.0000	492.4	1499.6	0.0144	0.9331	64.5805	-5269.649384
SB05G010370	SB06G010840	2.8814	385.7	1231.3	0.3217	0.6391	1.9865	-4072.612213
SB05G006637	SB06G000750	6.3083	81.5	296.5	0.3117	1.4246	4.5711	-988.888800
SB05G019145	SB02G012450	0.1683	179.2	609.8	0.6930	0.0510	0.0736	-1278.474827
SB05G003350	SB02G023190	0.2661	142.5	418.5	0.6951	0.0798	0.1148	-967.245896
SB05G008170	SB10G010935	50.0000	136.2	436.8	0.0146	0.9769	67.0011	-1504.940155
SB05G008240	SB10G011150	50.0000	138.9	443.1	0.0092	0.6229	67.8474	-1475.081365
SB05G026296	SB07G015440	0.1925	142.2	436.8	0.7783	0.0600	0.0770	-938.252741
SB05G026136	SB07G017590	10.9941	213.0	642.0	0.0842	0.9880	11.7347	-2246.226702
SB05G026296	SB07G017170	3.3416	454.6	1561.4	0.2282	0.6319	2.7695	-5056.054667
SB05G023840	SB01G025070	1.9358	262.9	868.1	0.3220	0.4332	1.3454	-2687.516466
SB05G023850	SB01G025060	1.4040	83.9	234.1	0.1735	0.2073	1.1950	-661.277181
SB05G023980	SB01G024160	9.4201	458.5	1410.5	0.1158	1.0929	9.4375	-4987.219907
SB05G020440	SB01G026470	50.0000	106.4	415.6	0.0244	1.8199	74.6356	-1366.960638
SB05G020443	SB01G026472	10.7949	183.7	554.3	0.1487	1.4842	9.9792	-1967.257210
SB05G018840	SB01G020392	0.0901	139.4	340.6	2.4687	0.0363	0.0147	-709.674178
SB05G019060	SB01G020600	1.5129	107.3	402.7	0.3254	0.3511	1.0790	-1186.618512
SB05G018840	SB01G020600	50.0000	97.3	346.7	0.0197	1.4002	71.0885	-1177.868002
SB05G019060	SB01G020392	1.9424	501.3	1538.7	0.3430	0.4403	1.2835	-4902.019168
SB05G008170	SB01G011200	4.9956	123.3	440.7	0.2422	0.9889	4.0827	-1474.841473
SB05G008240	SB01G011385	50.0000	140.3	468.7	0.0154	1.0627	68.7990	-1596.098987
SB09G011470	SB04G017810	9.1589	171.8	599.2	0.1768	1.4984	8.4736	-2051.751848
SB09G012730	SB04G017440	0.1116	172.1	496.9	0.6878	0.0333	0.0484	-1024.334430
SB09G018196	SB01G027510	0.1157	127.7	304.3	1.8165	0.0445	0.0245	-654.821570
SB09G016555	SB01G025885	0.1551	608.6	1623.4	0.7851	0.0481	0.0613	-3563.782741
SB09G017226	SB01G026320	3.6848	132.0	441.0	0.1181	0.4516	3.8236	-1398.298070
SB09G009330	SB03G023010	0.8162	126.2	443.8	0.4513	0.2144	0.4750	-1167.303598
SB06G015620	SB04G017440	1.5240	362.4	1068.6	0.3586	0.3496	0.9750	-3282.345376
SB06G016040	SB04G017180	2.0329	93.6	293.4	0.2059	0.3505	1.7027	-898.980101
SB04G017470	SB02G019330	0.0450	649.3	1591.7	1.1358	0.0155	0.0137	-3234.639365
SB04G017810	SB02G019430	0.4542	297.6	938.4	0.6688	0.1353	0.2022	-2339.556513
SB02G012450	SB01G025885	0.2568	566.9	1617.1	0.6171	0.0737	0.1195	-3717.314872
SB02G009160	SB01G024160	50.0000	403.4	1306.6	0.0174	1.1644	66.8728	-4580.170039
SB02G009335	SB01G025070	1.8664	275.3	861.7	0.2530	0.3628	1.4339	-2636.983469
SB10G011230	SB04G017440	1.4797	301.4	937.6	0.3973	0.3603	0.9069	-2838.288505
SB10G012070	SB04G017810	3.4172	273.8	902.2	0.3866	0.8317	2.1516	-3044.689581
SB08G019650	SB04G017470	0.0347	798.3	2111.7	0.5856	0.0097	0.0166	-4146.314228
SB08G017797	SB02G013140	0.1792	705.5	2072.5	0.5573	0.0497	0.0892	-4500.312582
SB08G018280	SB02G012900	50.0000	108.7	308.3	0.0157	0.9627	61.1884	-1078.380871
SB08G019650	SB10G021830	0.0449	872.8	2271.2	0.5186	0.0119	0.0230	-4521.442432
SB08G019840	SB10G021740	50.0000	470.8	1506.2	0.0197	1.2958	65.8442	-5247.015971
SB08G019650	SB05G010570	0.2137	776.6	2250.4	0.6521	0.0627	0.0961	-5039.012538
SB08G019840	SB05G012530	50.0000	509.6	1479.4	0.0194	1.1969	61.5787	-5288.511521
SB08G017350	SB05G005280	0.1116	467.6	1065.4	0.8666	0.0355	0.0410	-2352.830282
SB07G009741	SB02G021160	6.3855	209.3	729.7	0.2630	1.3103	4.9816	-2506.501861
SB07G009790	SB02G021180	1.1937	199.2	604.8	0.4726	0.3117	0.6596	-1813.405155
SB07G010240	SB02G021570	50.0000	162.2	560.8	0.0081	0.5876	72.2514	-1823.624628
SB01G048300	SB01G022400	48.1344	253.2	901.8	0.0057	0.4094	71.7454	-2778.405417
SB05G023070	SB09G006300	0.1635	686.6	2178.4	0.5957	0.0469	0.0787	-4600.386844
SB05G020443	SB09G007270	2.8093	186.9	578.1	0.7019	0.8484	1.2087	-1957.005335
SB05G021217	SB06G001770	1.2735	236.1	756.9	0.4409	0.3262	0.7397	-2268.732462
SB05G007185	SB04G019673	10.0646	134.1	474.9	0.0994	1.1206	11.2690	-1574.381085
SB05G007420	SB04G019320	0.2308	146.3	435.7	0.9578	0.0761	0.0794	-946.653674
SB05G007430	SB04G019290	50.0000	213.9	662.1	0.0215	1.3765	63.9853	-2331.817024
SB05G005280	SB04G011350	2.4908	291.3	905.7	0.6490	0.7337	1.1305	-3044.698604
SB05G005345	SB04G012281	50.0000	221.2	699.8	0.0122	0.8129	66.8311	-2393.518904
SB05G023070	SB10G021830	0.0439	896.3	2247.7	0.5209	0.0116	0.0223	-4515.846027
SB05G012940	SB01G024051	34.7095	91.7	280.3	0.0315	1.3477	42.8244	-954.504990
SB05G015330	SB01G025070	8.0907	146.4	543.6	0.2422	1.6209	6.6914	-1818.068042
SB05G010370	SB01G020600	1.8028	104.4	405.6	0.2546	0.3758	1.4761	-1196.010128
SB05G021217	SB03G014415	5.6576	210.0	723.0	0.1985	0.9880	4.9766	-2439.939810
SB05G021390	SB03G014063	50.0000	131.5	426.5	0.0071	0.4895	69.1487	-1378.570288
SB05G008500	SB03G046880	50.0000	301.0	1832.0	0.0072	0.8114	113.1577	-4878.848921
SB05G008716	SB03G047145	4.5281	90.2	371.8	0.3318	1.0834	3.2653	-1210.404309
SB05G023840	SB05G018840	0.1159	120.4	359.6	1.5987	0.0426	0.0267	-736.662620
SB05G023850	SB05G018837	0.9928	95.9	339.1	0.6730	0.2989	0.4442	-934.800700
SB05G023070	SB05G010570	0.2126	780.9	2246.1	0.6536	0.0623	0.0954	-5035.906241
SB05G023490	SB05G012940	50.0000	142.7	511.3	0.0186	1.3333	71.6147	-1747.605385
SB05G021217	SB05G008170	3.6275	122.9	417.1	0.3259	0.8222	2.5228	-1385.183582
SB05G021405	SB05G008051	2.8043	114.7	407.3	0.2349	0.5448	2.3197	-1283.496263
SB05G007305	SB05G004927	50.0000	172.0	503.0	0.0139	0.8745	62.8603	-1719.522471
SB05G007420	SB05G005275	2.8717	117.4	416.6	0.3838	0.7075	1.8434	-1329.730615
SB05G007430	SB05G005280	50.0000	315.3	935.7	0.0283	1.7266	61.0033	-3368.707117
SB10G021830	SB04G017470	0.0509	805.4	1897.6	0.8568	0.0162	0.0189	-3919.847520
SB10G022040	SB04G016965	8.9465	138.3	425.7	0.0479	0.5080	10.6012	-1384.976741
SB10G022775	SB02G008191	0.0680	607.4	1606.6	0.8072	0.0213	0.0264	-3273.028107
SB10G022775	SB01G026472	0.1471	328.2	790.8	0.5518	0.0396	0.0717	-1752.643051
SB08G019650	SB10G009110	0.0357	555.2	1244.8	0.6910	0.0105	0.0152	-2563.716075
SB08G017795	SB05G007420	1.2169	114.0	420.0	0.5261	0.3402	0.6467	-1182.558983
SB08G017797	SB05G007430	0.3879	363.1	935.9	0.8610	0.1237	0.1437	-2367.442161
SB08G018280	SB05G008040	50.0000	98.3	333.7	0.0177	1.2226	69.0797	-1136.642986
SB08G017797	SB05G008835	0.1413	778.0	2027.0	0.6789	0.0416	0.0614	-4413.650984
SB08G017205	SB05G026285	50.0000	152.0	454.0	0.0181	1.1429	63.0278	-1608.374498
SB08G017350	SB05G026296	1.6926	708.0	2190.0	0.3343	0.3795	1.1354	-6800.271988
SB07G017170	SB09G005530	50.0000	276.4	971.6	0.0112	0.8084	72.4125	-3217.048097
SB07G019065	SB09G005646	50.0000	105.9	311.1	0.0241	1.4769	61.3026	-1110.794700
SB07G021460	SB04G007410	0.6029	160.6	514.4	0.3266	0.1348	0.4128	-1281.894378
SB01G040330	SB01G034805	50.0000	145.5	547.5	0.0164	1.2292	74.7480	-1839.390354
SB01G040590	SB01G034570	50.0000	205.6	1018.4	0.0069	0.6611	95.9406	-2947.536876
SB05G026296	SB02G026950	0.0672	272.7	687.3	0.7883	0.0208	0.0264	-1405.223118
SB05G010370	SB02G009335	1.9659	378.5	1220.5	0.3659	0.4647	1.2699	-3864.808950
SB05G012940	SB02G008965	50.0000	219.0	807.0	0.0185	1.3523	73.1089	-2746.458695
SB05G007420	SB07G015430	0.2441	145.9	427.1	1.0194	0.0818	0.0802	-931.024249
SB05G007430	SB07G015440	50.0000	123.8	446.2	0.0174	1.2541	72.2407	-1504.436324
SB05G023070	SB03G022731	0.0807	157.8	532.2	0.7163	0.0247	0.0344	-1030.646115
SB05G023470	SB03G023450	2.4161	97.0	395.0	0.2653	0.5209	1.9636	-1210.349322
SB05G025650	SB05G008040	50.0000	356.0	1138.0	0.0244	1.5811	64.8830	-4013.708505
SB05G025735	SB05G008170	1.9481	128.0	457.0	0.2924	0.4246	1.4519	-1378.711009
SB05G008835	SB05G007430	0.4224	360.1	938.9	0.8482	0.1342	0.1582	-2402.938905
SB05G008840	SB05G007420	0.2021	147.5	434.5	0.7465	0.0620	0.0831	-926.873120
SB09G007435	SB10G011230	29.6950	262.8	754.2	0.0471	1.5892	33.7457	-2704.773190
SB09G007970	SB10G010935	5.5967	329.9	1110.1	0.5213	1.5413	2.9569	-3843.217357
SB04G020990	SB02G009580	50.0000	296.6	951.4	0.0109	0.7401	67.7635	-3194.407761
SB04G021090	SB02G009335	1.6674	463.2	1381.8	0.3249	0.3653	1.1242	-4306.025649
SB10G011230	SB10G010935	1.5704	291.0	903.0	0.4253	0.3938	0.9258	-2767.502042
SB10G012070	SB10G011230	50.0000	305.7	939.3	0.0254	1.5997	62.9562	-3313.851462
SB10G008896	SB01G026200	0.0863	123.4	308.6	0.5404	0.0231	0.0428	-648.810244
SB10G009100	SB01G026470	1.0209	174.8	641.2	1.3284	0.3593	0.2705	-1788.048677
SB10G009110	SB01G026472	50.0000	219.0	798.0	0.0176	1.2801	72.7390	-2698.851253
SB08G022500	SB09G018196	0.0851	127.9	307.1	1.2343	0.0300	0.0243	-643.491752
SB08G017410	SB04G017470	1.4529	527.2	1617.8	0.4654	0.3777	0.8115	-4983.326273
SB08G008562	SB01G027785	0.1952	131.0	277.0	0.3531	0.0410	0.1161	-651.876227
SB08G008591	SB01G027780	0.3162	178.7	490.3	1.0869	0.1077	0.0991	-1170.275495
SB08G009545	SB01G027500	7.5777	103.9	400.1	0.0388	0.4130	10.6574	-1210.805567
SB08G016220	SB03G030780	23.3089	134.6	507.4	0.0334	1.0998	32.9041	-1679.503355
SB07G017590	SB02G019340	12.5733	109.9	283.1	0.0952	1.1457	12.0331	-1047.386867
SB07G019080	SB02G019330	0.5151	184.1	544.9	0.7273	0.1568	0.2156	-1402.974942
SB01G021392	SB01G011200	4.1444	137.5	489.5	0.3121	0.9313	2.9844	-1635.046736
SB05G005280	SB06G015620	50.0000	361.0	1052.0	0.0326	1.9407	59.5823	-3803.443971
SB05G021217	SB04G017440	0.2387	413.7	1107.3	0.6367	0.0689	0.1082	-2554.444462
SB05G024870	SB01G020900	50.0000	218.4	1041.6	0.0130	1.1789	90.5119	-3148.720688
SB05G007185	SB03G014770	0.1546	582.3	1868.7	0.6714	0.0462	0.0688	-3891.483053
SB05G007420	SB03G014420	2.5809	108.6	443.4	0.3320	0.6162	1.8563	-1358.606261
SB05G007430	SB03G014415	4.5886	236.1	699.9	0.2757	0.9199	3.3365	-2440.951582
SB09G020270	SB01G047512	50.0000	329.6	870.4	0.0178	1.0331	57.9474	-3137.656036
SB09G008070	SB01G029810	50.0000	249.7	839.3	0.0166	1.1439	68.8519	-2877.778666
SB09G008205	SB01G029855	1.0026	345.0	1110.0	0.6475	0.2960	0.4571	-3183.854132
SB02G003080	SB01G022050	50.0000	527.3	1806.7	0.0118	0.8377	70.9019	-6059.297088
SB10G018070	SB04G017440	0.2532	568.8	1825.2	0.6000	0.0728	0.1214	-4086.287946
SB10G010935	SB04G011350	10.2182	279.8	887.2	0.1359	1.3494	9.9269	-3103.994544
SB10G010935	SB01G029855	0.2313	446.8	1293.2	0.6029	0.0659	0.1094	-2916.073630
SB10G011150	SB01G029810	50.0000	255.8	896.2	0.0152	1.0832	71.2721	-3058.207543
SB08G017797	SB06G010840	0.0723	554.2	1326.8	0.7531	0.0220	0.0292	-2785.191307
SB08G014970	SB07G020550	50.0000	316.3	1180.7	0.0090	0.6892	76.3013	-3837.908249
SB08G015390	SB07G020710	2.9863	353.2	1146.8	0.2476	0.5803	2.3433	-3765.953601
SB07G017170	SB06G013800	50.0000	241.3	1027.7	0.0220	1.7607	80.1612	-3372.665895
SB07G019075	SB06G014240	1.1458	180.2	593.8	0.3602	0.2702	0.7502	-1723.386964
SB07G019080	SB06G014245	1.3222	195.9	560.1	0.5486	0.3633	0.6622	-1728.062064
SB01G029810	SB01G011385	50.0000	327.7	689.3	0.4642	12.1477	26.1703	-2735.179328
SB01G029855	SB01G011200	0.6405	137.9	453.1	0.6017	0.1849	0.3073	-1185.352752
SB01G021392	SB01G020600	50.0000	111.9	368.1	0.0110	0.7580	68.9892	-1235.052663
SB01G021615	SB01G020900	5.0402	84.6	311.4	0.1530	0.7697	5.0295	-1002.374224
SB05G025650	SB09G009320	50.0000	330.4	1190.6	0.0139	1.0167	73.0680	-3926.902845
SB05G025735	SB09G008205	0.0482	555.5	1046.5	0.6601	0.0136	0.0206	-2285.904878
SB05G026136	SB04G020990	50.0000	213.4	665.6	0.0131	0.8618	65.9602	-2300.961656
SB05G026296	SB04G020583	0.0364	925.7	1933.3	0.7229	0.0108	0.0149	-4048.828049
SB05G016690	SB04G019673	1.7217	128.0	433.0	0.4272	0.4395	1.0288	-1306.375635
SB05G016870	SB04G019600	37.0633	230.1	837.9	0.0334	1.7091	51.1223	-2870.061154
SB05G008170	SB02G009335	2.0018	112.0	410.0	0.4681	0.5365	1.1460	-1268.441072
SB05G008480	SB02G008965	50.0000	202.0	797.0	0.0195	1.4920	76.5441	-2644.852543
SB05G003620	SB10G010440	50.0000	123.2	434.8	0.0090	0.6581	73.1441	-1410.423507
SB05G000590	SB10G011000	50.0000	294.5	950.5	0.0129	0.8747	67.6346	-3219.281419
SB05G000700	SB10G011230	1.5013	256.5	847.5	0.3792	0.3625	0.9560	-2529.809619
SB05G023840	SB07G022900	1.4937	688.1	2143.9	0.3341	0.3354	1.0040	-6521.800177
SB05G023850	SB07G022905	1.6966	95.2	306.8	0.2417	0.3244	1.3425	-916.832997
SB05G021217	SB01G029440	50.0000	153.2	536.8	0.0096	0.6957	72.6406	-1764.946767
SB05G021390	SB01G029732	2.3070	84.2	293.8	0.0504	0.1480	2.9357	-781.157934
SB09G007190	SB09G006470	4.3674	323.0	880.0	0.2422	0.7911	3.2668	-3120.654858
SB09G007270	SB09G006300	0.3664	460.8	1477.2	0.6457	0.1080	0.1673	-3519.022742
SB06G016390	SB04G021090	0.3338	464.3	1281.7	0.7351	0.1015	0.1381	-3122.772728
SB06G016560	SB04G021310	3.1712	99.5	311.5	0.1667	0.4782	2.8692	-1001.101316
SB10G021461	SB10G008896	1.5401	151.6	388.4	0.1929	0.2361	1.2236	-1181.033169
SB10G021830	SB10G009110	0.3009	469.7	1408.3	0.5700	0.0844	0.1480	-3287.744742
SB08G022500	SB09G003730	0.1106	230.4	726.6	0.9799	0.0367	0.0374	-1465.465570
SB08G022780	SB09G003396	16.8117	221.4	846.6	0.0307	0.7432	24.1922	-2742.473698
SB08G017350	SB10G011230	0.3278	345.2	821.8	0.6359	0.0934	0.1469	-2027.124264
SB08G022500	SB01G026472	0.1258	323.7	804.3	0.4065	0.0296	0.0727	-1736.709784
SB08G022505	SB01G026470	8.4208	174.5	599.5	0.2617	1.7158	6.5555	-2049.074714
SB08G017345	SB05G023850	2.4063	104.3	327.7	0.2177	0.4295	1.9727	-1022.947901
SB08G017350	SB05G023840	1.5925	693.5	2153.5	0.3335	0.3570	1.0706	-6622.292146
SB08G008210	SB05G023070	0.0765	832.4	2305.6	0.9959	0.0255	0.0256	-4679.604438
SB08G008345	SB05G023120	5.6175	83.5	345.5	0.2260	1.1237	4.9723	-1115.238797
SB05G023470	SB09G016391	1.8578	103.7	403.3	0.3787	0.4637	1.2245	-1212.758019
SB05G021650	SB09G011470	50.0000	196.7	586.3	0.0276	1.6926	61.2905	-2101.598619
SB05G021660	SB09G011460	1.6886	139.9	496.1	0.4671	0.4500	0.9633	-1487.140902
SB05G021933	SB09G009330	4.2909	114.8	395.2	0.1622	0.6613	4.0771	-1244.844864
SB05G020450	SB09G007990	9.2519	260.0	868.0	0.0125	0.1602	12.8465	-2367.937215
SB05G020480	SB09G007970	0.9881	368.7	1104.3	0.3366	0.2206	0.6552	-3149.697555
SB05G023840	SB06G015620	1.2998	313.8	949.2	0.3573	0.2995	0.8381	-2828.747377
SB05G023850	SB06G015617	2.1414	107.1	333.9	0.2510	0.4138	1.6485	-1042.510551
SB05G008010	SB06G015950	16.8273	158.4	537.6	0.0679	1.3607	20.0284	-1861.792955
SB05G008170	SB06G015620	50.0000	118.7	451.3	0.0140	1.0630	76.0105	-1490.679396
SB05G012530	SB04G020990	50.0000	311.1	948.9	0.0103	0.6765	65.4406	-3237.152892
SB05G015330	SB04G020583	0.0958	155.7	465.3	0.4695	0.0249	0.0530	-931.796523
SB05G020440	SB02G008150	49.8937	127.7	373.3	0.0256	1.5516	60.7039	-1305.843537
SB05G020443	SB02G008191	0.0912	199.7	586.3	0.4621	0.0235	0.0508	-1185.297493
SB05G022795	SB10G018070	3.6965	263.9	846.1	0.4058	0.9140	2.2523	-2862.172635
SB05G023070	SB10G019600	0.0667	747.3	2309.7	0.6098	0.0192	0.0315	-4511.691247
SB05G008560	SB07G015440	7.3552	116.6	411.4	0.0368	0.3621	9.8285	-1234.015471
SB05G008835	SB07G017170	3.2723	423.0	1494.0	0.2689	0.6818	2.5352	-4827.827812
SB05G008835	SB01G020600	0.2803	113.9	396.1	0.5926	0.0810	0.1367	-878.803915
SB05G021217	SB05G018840	0.3084	81.2	239.8	0.6506	0.0905	0.1391	-553.969437
SB05G021405	SB05G019060	1.6990	674.7	2130.3	0.3556	0.3944	1.1091	-6604.167303
SB05G021217	SB05G019060	1.5839	374.5	1200.5	0.3623	0.3722	1.0273	-3666.970665
SB05G021405	SB05G018840	0.0965	135.4	344.6	2.3924	0.0385	0.0161	-718.402187
SB05G018840	SB05G010370	50.0000	102.6	344.4	0.0138	0.9580	69.3817	-1152.068425
