ORTHOSTM000997	1.0	0.44863491416563345	-9.764362103417305	1.0	
ORTHOSTM001111	1.0	0.5965650749251357	-11.273884175959392	1.0	
ORTHOSTM001156	1.0	0.7127803677200191	-12.44142120719594	1.0	
ORTHOSTM001159	1.0	0.7108623595008072	-12.42891264204479	1.0	
ORTHOSTM001240	1.0	1.1075395365205825	-13.775319076991694	1.0	
ORTHOSTM001296	1.0	0.7077470708001385	-11.810748929822838	1.0	
ORTHOSTM001493	1.0	0.7623284777740459	-11.241258925402889	1.0	
ORTHOSTM001544	1.0	0.7429200139985382	-11.841586035769215	1.0	
ORTHOSTM001555	1.0	0.6557711608434164	-11.142030271802225	1.0	
ORTHOSTM001563	1.0	0.8565330565891421	-11.87701470833757	1.0	
ORTHOSTM001569	1.0	0.9358239491270229	-12.553238658495003	1.0	
ORTHOSTM001573	1.0	0.6496067158544944	-10.85469748568657	1.0	
ORTHOSTM001577	1.0	0.6776628487867542	-11.477251726506015	1.0	
ORTHOSTM001581	1.0	0.6776628487867542	-11.477251726506015	1.0	
ORTHOSTM001582	1.0	0.7429200139985382	-11.841586035769215	1.0	
ORTHOSTM001599	1.0	0.9162808915477216	-12.060385262957054	1.0	
ORTHOSTM001600	1.0	0.6911967392413492	-11.380317507463744	1.0	
ORTHOSTM001629	1.0	0.9162808915477216	-12.060385262957054	1.0	
ORTHOSTM001641	1.0	0.6773624575724589	-11.497359511095706	1.0	
ORTHOSTM001643	1.0	0.6776628487867542	-11.477251726506015	1.0	
ORTHOSTM001651	1.0	0.6773624575724589	-11.497359511095706	1.0	
ORTHOSTM001656	1.0	0.8341906928014678	-12.29094971012686	1.0	
ORTHOSTM001659	1.0	0.5432579587876553	-10.012677643835437	1.0	
ORTHOSTM001677	1.0	0.6496067158544944	-10.85469748568657	1.0	
ORTHOSTM001688	1.0	0.7956035868970192	-12.179846662482142	1.0	
ORTHOSTM001783	1.0	0.7303334655417602	-11.281620026381203	1.0	
ORTHOSTM001807	2.0	0.883093720219371	-12.248629491054587	1.0	
ORTHOSTM001816	1.0	0.7921031732467603	-11.795256140189322	1.0	
ORTHOSTM001820	1.0	0.6331289714672479	-10.577606803367006	1.0	
ORTHOSTM001831	1.0	0.6331289714672479	-10.577606803367006	1.0	
ORTHOSTM001835	1.0	0.774789423936712	-11.733768138884374	1.0	
ORTHOSTM001841	1.0	0.6354096490529901	-10.72522653665846	1.0	
ORTHOSTM001873	1.0	0.8041885588398449	-11.890216398265537	1.0	
ORTHOSTM001887	1.0	0.8831578801839249	-12.993059996787117	1.0	
ORTHOSTM001897	1.0	0.7245780860584792	-11.567667465880701	1.0	
ORTHOSTM001904	1.0	0.6331289714672479	-10.577606803367006	1.0	
ORTHOSTM001911	1.0	0.6295466135311737	-10.442836592176716	1.0	
ORTHOSTM001914	1.0	0.7130563857547151	-11.151371931961489	1.0	
ORTHOSTM001918	1.0	0.6331289714672479	-10.577606803367006	1.0	
ORTHOSTM001928	1.0	0.7945526918603786	-11.787524643532727	1.0	
ORTHOSTM001932	1.0	0.9429165603991184	-12.326394887688123	1.0	
ORTHOSTM001942	1.0	0.7945526918603786	-11.787524643532727	1.0	
ORTHOSTM001950	1.0	0.6295466135311737	-10.442836592176716	1.0	
ORTHOSTM001952	1.0	0.7130563857547151	-11.151371931961489	1.0	
ORTHOSTM001953	1.0	0.927992923957881	-12.169081594671097	1.0	
ORTHOSTM001954	1.0	0.7945526918603786	-11.787524643532727	1.0	
ORTHOSTM001955	1.0	0.7130563857547151	-11.151371931961489	1.0	
ORTHOSTM001980	1.0	0.7385523989456106	-11.566470578750959	1.0	
ORTHOSTM001981	1.0	0.7744740544860406	-12.099775989270599	1.0	
ORTHOSTM001986	1.0	0.7365324993087413	-11.57354296961506	1.0	
ORTHOSTM002000	1.0	0.7365324993087413	-11.57354296961506	1.0	
ORTHOSTM002003	1.0	0.927992923957881	-12.169081594671097	1.0	
ORTHOSTM002005	1.0	0.9429165603991184	-12.326394887688123	1.0	
ORTHOSTM002006	1.0	0.7805814325450461	-12.25572921361273	1.0	
ORTHOSTM002011	1.0	0.6331289714672479	-10.577606803367006	1.0	
ORTHOSTM002020	1.0	0.7572783866654798	-11.632712371195815	1.0	
ORTHOSTM002024	1.0	1.0764232240314624	-12.550455724158857	1.0	
ORTHOSTM002025	1.0	0.777872421898976	-12.263556858749523	1.0	
ORTHOSTM002036	1.0	0.8796354219415302	-12.609062804685333	1.0	
ORTHOSTM002046	1.0	0.8034991438006749	-12.117522786183727	1.0	
ORTHOSTM002049	1.0	0.6295466135311737	-10.442836592176716	1.0	
ORTHOSTM002055	1.0	1.0238956477931738	-12.932726457607375	1.0	
ORTHOSTM002067	1.0	1.137833210233048	-13.071300262999417	1.0	
ORTHOSTM002068	1.0	0.7572783866654798	-11.632712371195815	1.0	
ORTHOSTM002076	1.0	0.9424310017652657	-12.458816702335994	1.0	
ORTHOSTM002082	1.0	0.9883548117130497	-12.844923732017238	1.0	
ORTHOSTM002085	1.0	0.6295466135311737	-10.442836592176716	1.0	
ORTHOSTM002086	1.0	1.1463328782671245	-13.832014977564093	1.0	
ORTHOSTM002096	1.0	1.0764232240314624	-12.550455724158857	1.0	
ORTHOSTM002106	1.0	0.8494413659744474	-11.552040432489196	1.0	
ORTHOSTM002110	1.0	0.8185792568857065	-11.88971753201166	1.0	
ORTHOSTM002112	1.0	0.6295466135311737	-10.442836592176716	1.0	
ORTHOSTM002113	1.0	0.8298445104950185	-12.513978767523588	1.0	
ORTHOSTM002114	1.0	0.9272717343292198	-12.18536206476643	1.0	
ORTHOSTM002116	1.0	1.137833210233048	-13.071300262999417	1.0	
ORTHOSTM002203	1.0	0.8335988559895215	-12.012482029735912	1.0	
ORTHOSTM002223	1.0	0.8429054862466862	-12.300876856432566	1.0	
ORTHOSTM002264	1.0	0.8764618702514674	-12.355115955215817	1.0	
ORTHOSTM002272	1.0	0.8335988559895215	-12.012482029735912	1.0	
ORTHOSTM002280	1.0	0.9179162308878864	-12.814537716864436	1.0	
ORTHOSTM002281	1.0	0.962955298775086	-12.217512825980366	1.0	
ORTHOSTM002286	1.0	0.8000241730566473	-11.895319795935345	1.0	
ORTHOSTM002294	1.0	0.7386161036516444	-11.365376076231682	1.0	
ORTHOSTM002303	1.0	0.725493643401224	-10.951400972539949	1.0	
ORTHOSTM002313	1.0	0.725493643401224	-10.951400972539949	1.0	
ORTHOSTM002324	1.0	0.7332273401610283	-11.236452144533516	1.0	
ORTHOSTM002329	1.0	0.7386161036516444	-11.365376076231682	1.0	
ORTHOSTM002335	1.0	0.725493643401224	-10.951400972539949	1.0	
ORTHOSTM002342	1.0	0.8000241730566473	-11.895319795935345	1.0	
ORTHOSTM002343	1.0	0.962955298775086	-12.217512825980366	1.0	
ORTHOSTM002344	1.0	0.962955298775086	-12.217512825980366	1.0	
ORTHOSTM002345	1.0	0.962955298775086	-12.217512825980366	1.0	
ORTHOSTM002354	1.0	0.8874193967427669	-12.80707651820861	1.0	
ORTHOSTM002364	1.0	0.962955298775086	-12.217512825980366	1.0	
ORTHOSTM002368	1.0	0.725493643401224	-10.951400972539949	1.0	
ORTHOSTM002376	1.0	0.9179162308878864	-12.814537716864436	1.0	
ORTHOSTM002379	1.0	0.9435546470677336	-12.114797560195882	1.0	
ORTHOSTM002384	1.0	0.8335988559895215	-12.012482029735912	1.0	
ORTHOSTM002385	1.0	0.7386161036516444	-11.365376076231682	1.0	
ORTHOSTM002392	1.0	0.725493643401224	-10.951400972539949	1.0	
ORTHOSTM002394	1.0	0.962955298775086	-12.217512825980366	1.0	
ORTHOSTM002397	1.0	0.725493643401224	-10.951400972539949	1.0	
ORTHOSTM002399	1.0	0.8000241730566473	-11.895319795935345	1.0	
ORTHOSTM002401	1.0	0.725493643401224	-10.951400972539949	1.0	
ORTHOSTM002402	1.0	0.8043754394882985	-12.091206121951386	1.0	
ORTHOSTM002408	1.0	0.8712727978355134	-12.09717409036954	1.0	
ORTHOSTM002412	1.0	0.9774716144758798	-12.514338000333055	1.0	
ORTHOSTM002420	1.0	0.7332273401610283	-11.236452144533516	1.0	
ORTHOSTM002423	1.0	0.8000241730566473	-11.895319795935345	1.0	
ORTHOSTM002425	1.0	0.8809357924514141	-12.29384851798889	1.0	
ORTHOSTM002426	1.0	0.8309162459539274	-12.020651512230495	1.0	
ORTHOSTM002427	2.0	0.8996721457700644	-12.02694068506529	1.0	
ORTHOSTM002428	1.0	0.8874193967427669	-12.80707651820861	1.0	
ORTHOSTM002432	1.0	0.962955298775086	-12.217512825980366	1.0	
ORTHOSTM002434	1.0	1.0111561453806404	-12.921936822681205	1.0	
ORTHOSTM002436	1.0	1.1397561217340186	-13.051373859178524	1.0	
ORTHOSTM002437	1.0	0.8304056085182521	-11.683465675612705	1.0	
ORTHOSTM002442	1.0	0.8733185545353506	-12.438282375112045	1.0	
ORTHOSTM002470	1.0	0.9179162308878864	-12.814537716864436	1.0	
ORTHOSTM002477	1.0	1.0406864212322362	-12.80920395357417	1.0	
ORTHOSTM002483	1.0	0.725493643401224	-10.951400972539949	1.0	
ORTHOSTM002493	1.0	0.962955298775086	-12.217512825980366	1.0	
ORTHOSTM002499	1.0	0.962955298775086	-12.217512825980366	1.0	
ORTHOSTM002504	1.0	0.725493643401224	-10.951400972539949	1.0	
ORTHOSTM002513	1.0	0.8884462226995452	-12.445966873529235	1.0	
ORTHOSTM002516	1.0	1.0406864212322362	-12.80920395357417	1.0	
ORTHOSTM002520	1.0	0.9043762831952508	-12.506974819971692	1.0	
ORTHOSTM002527	1.0	1.003410496293065	-13.536351214561067	1.0	
ORTHOSTM002533	1.0	0.8733185545353506	-12.438282375112045	1.0	
ORTHOSTM002536	1.0	0.9179162308878864	-12.814537716864436	1.0	
ORTHOSTM002538	1.0	0.8309162459539274	-12.020651512230495	1.0	
ORTHOSTM002549	1.0	0.8309162459539274	-12.020651512230495	1.0	
ORTHOSTM002550	1.0	0.8933345126532862	-12.22088935948783	1.0	
ORTHOSTM002551	1.0	0.9208635646195449	-12.821310063629612	1.0	
ORTHOSTM002559	1.0	1.0406864212322362	-12.80920395357417	1.0	
ORTHOSTM002568	1.0	0.7329080865457214	-11.255547077143799	1.0	
ORTHOSTM002569	1.0	0.9621830235584021	-12.233355411895344	1.0	
ORTHOSTM002574	1.0	1.0318364555148813	-13.216279001837849	1.0	
ORTHOSTM002575	1.0	1.0181160969677223	-12.669407013661354	1.0	
ORTHOSTM002581	1.0	0.9621830235584021	-12.233355411895344	1.0	
ORTHOSTM002583	1.0	0.8000241730566473	-11.895319795935345	1.0	
ORTHOSTM002584	1.0	0.725493643401224	-10.951400972539949	1.0	
ORTHOSTM002592	1.0	0.962955298775086	-12.217512825980366	1.0	
ORTHOSTM002598	1.0	1.0406864212322362	-12.80920395357417	1.0	
ORTHOSTM002599	1.0	0.725493643401224	-10.951400972539949	1.0	
ORTHOSTM002603	1.0	1.0406864212322362	-12.80920395357417	1.0	
ORTHOSTM002607	1.0	1.0406864212322362	-12.80920395357417	1.0	
ORTHOSTM002608	1.0	1.0406864212322362	-12.80920395357417	1.0	
ORTHOSTM002609	1.0	0.962955298775086	-12.217512825980366	1.0	
ORTHOSTM002611	1.0	0.814476196657777	-11.892322008774887	1.0	
ORTHOSTM002617	1.0	1.0406864212322362	-12.80920395357417	1.0	
ORTHOSTM002618	1.0	0.8940107479931209	-12.204206409429155	1.0	
ORTHOSTM002619	1.0	0.8309162459539274	-12.020651512230495	1.0	
ORTHOSTM002621	1.0	0.8304056085182521	-11.683465675612705	1.0	
ORTHOSTM002622	1.0	0.962955298775086	-12.217512825980366	1.0	
ORTHOSTM002625	1.0	0.962955298775086	-12.217512825980366	1.0	
ORTHOSTM002633	1.0	0.8270127940705452	-11.875685101065178	1.0	
ORTHOSTM002635	1.0	0.9163041426020101	-12.657154728334893	1.0	
ORTHOSTM002639	1.0	0.8047215826828249	-12.03940761005522	1.0	
ORTHOSTM002640	1.0	0.9781113903639096	-12.505938484784952	1.0	
ORTHOSTM002672	1.0	0.8335988559895215	-12.012482029735912	1.0	
ORTHOSTM002678	1.0	0.9847596804331985	-13.630341333469657	1.0	
ORTHOSTM002679	1.0	0.8335988559895215	-12.012482029735912	1.0	
ORTHOSTM002680	1.0	1.0406864212322362	-12.80920395357417	1.0	
ORTHOSTM002682	1.0	0.7332273401610283	-11.236452144533516	1.0	
ORTHOSTM002684	1.0	0.814476196657777	-11.892322008774887	1.0	
ORTHOSTM002685	1.0	0.9419429676391883	-12.76337053049479	1.0	
ORTHOSTM002691	1.0	1.2494195150079772	-13.573547918923445	1.0	
ORTHOSTM002706	1.0	0.9910605880599825	-12.875492559596893	1.0	
ORTHOSTM002725	1.0	1.0684809371580024	-13.558674172610086	1.0	
ORTHOSTM002748	1.0	0.9174153973806078	-12.550156304052738	1.0	
ORTHOSTM002749	1.0	0.9499272158445944	-12.71821039061306	1.0	
ORTHOSTM002763	1.0	0.9156614906124491	-12.585790562578195	1.0	
ORTHOSTM002765	1.0	0.9480026330107605	-12.692302295387037	1.0	
ORTHOSTM002768	1.0	0.9480026330107605	-12.692302295387037	1.0	
ORTHOSTM002773	1.0	0.9910605880599825	-12.875492559596893	1.0	
ORTHOSTM002806	1.0	0.9174153973806078	-12.550156304052738	1.0	
ORTHOSTM002822	1.0	0.9398921625209038	-12.369107142551858	1.0	
ORTHOSTM002826	1.0	0.8350570322919946	-11.974821632204353	1.0	
ORTHOSTM002836	1.0	0.8263338238154364	-11.686118358475248	1.0	
ORTHOSTM002842	1.0	0.8263338238154364	-11.686118358475248	1.0	
ORTHOSTM002844	1.0	0.9314995686422116	-12.237651413651149	1.0	
ORTHOSTM002850	1.0	0.9246489022025509	-12.585071152860452	1.0	
ORTHOSTM002851	1.0	0.8238129282648528	-11.694175385479411	1.0	
ORTHOSTM002861	1.0	0.9193534235313686	-12.441384011920901	1.0	
ORTHOSTM002862	1.0	0.9246489022025509	-12.585071152860452	1.0	
ORTHOSTM002866	1.0	1.0683061804996412	-13.077789219051494	1.0	
ORTHOSTM002868	1.0	0.9530562657635858	-12.930771843918702	1.0	
ORTHOSTM002870	1.0	0.8238129282648528	-11.694175385479411	1.0	
ORTHOSTM002887	1.0	0.845148565712828	-11.550744090090289	1.0	
ORTHOSTM002889	1.0	1.0683061804996412	-13.077789219051494	1.0	
ORTHOSTM002890	1.0	1.0357615918406111	-12.644908981187537	1.0	
ORTHOSTM002891	1.0	0.8310224771547231	-11.829833399507976	1.0	
ORTHOSTM002895	1.0	0.8238129282648528	-11.694175385479411	1.0	
ORTHOSTM002900	1.0	1.0548640605353818	-12.701660272202867	1.0	
ORTHOSTM002903	1.0	0.8263338238154364	-11.686118358475248	1.0	
ORTHOSTM002914	1.0	0.8263338238154364	-11.686118358475248	1.0	
ORTHOSTM002916	1.0	0.8238129282648528	-11.694175385479411	1.0	
ORTHOSTM002917	1.0	0.8238129282648528	-11.694175385479411	1.0	
ORTHOSTM002921	1.0	0.8263338238154364	-11.686118358475248	1.0	
ORTHOSTM002929	1.0	0.8263338238154364	-11.686118358475248	1.0	
ORTHOSTM002930	1.0	1.0548640605353818	-12.701660272202867	1.0	
ORTHOSTM002933	1.0	0.9174153973806078	-12.550156304052738	1.0	
ORTHOSTM002935	1.0	0.8350570322919946	-11.974821632204353	1.0	
ORTHOSTM002936	1.0	0.9342873388053997	-12.43580058551304	1.0	
ORTHOSTM002938	1.0	0.8263338238154364	-11.686118358475248	1.0	
ORTHOSTM002939	1.0	0.845148565712828	-11.550744090090289	1.0	
ORTHOSTM002940	1.0	0.8263338238154364	-11.686118358475248	1.0	
ORTHOSTM002942	1.0	0.845148565712828	-11.550744090090289	1.0	
ORTHOSTM002945	1.0	0.9246489022025509	-12.585071152860452	1.0	
ORTHOSTM002948	1.0	0.8310224771547231	-11.829833399507976	1.0	
ORTHOSTM002953	1.0	0.9398921625209038	-12.369107142551858	1.0	
ORTHOSTM002958	1.0	0.8426090948885033	-12.097399974005466	1.0	
ORTHOSTM002960	1.0	1.0079733526768995	-12.713301938069081	1.0	
ORTHOSTM002965	1.0	0.8263338238154364	-11.686118358475248	1.0	
ORTHOSTM002966	1.0	0.8350570322919946	-11.974821632204353	1.0	
ORTHOSTM002972	1.0	1.0548640605353818	-12.701660272202867	1.0	
ORTHOSTM002975	1.0	0.9783005621655555	-13.25632142477816	1.0	
ORTHOSTM002976	1.0	0.8263338238154364	-11.686118358475248	1.0	
ORTHOSTM002977	1.0	0.8350570322919946	-11.974821632204353	1.0	
ORTHOSTM002981	1.0	0.8263338238154364	-11.686118358475248	1.0	
ORTHOSTM002983	1.0	0.9246489022025509	-12.585071152860452	1.0	
ORTHOSTM002984	1.0	0.8383419346027355	-11.952592330639984	1.0	
ORTHOSTM002991	1.0	0.8263338238154364	-11.686118358475248	1.0	
ORTHOSTM002993	1.0	0.8263338238154364	-11.686118358475248	1.0	
ORTHOSTM002995	1.0	1.0357615918406111	-12.644908981187537	1.0	
ORTHOSTM003002	1.0	0.8350570322919946	-11.974821632204353	1.0	
ORTHOSTM003003	1.0	0.8263338238154364	-11.686118358475248	1.0	
ORTHOSTM003008	1.0	0.8263338238154364	-11.686118358475248	1.0	
ORTHOSTM003011	1.0	1.0144697338972444	-12.855724706180585	1.0	
ORTHOSTM003053	1.0	0.9480026330107605	-12.692302295387037	1.0	
ORTHOSTM003060	1.0	1.0778551281610156	-12.843281292169715	1.0	
ORTHOSTM003062	1.0	0.9480026330107605	-12.692302295387037	1.0	
ORTHOSTM003064	1.0	0.9480026330107605	-12.692302295387037	1.0	
ORTHOSTM003068	1.0	0.999286415751019	-13.098481384558346	1.0	
ORTHOSTM003071	1.0	1.0778551281610156	-12.843281292169715	1.0	
ORTHOSTM003074	1.0	1.1982145747458686	-13.492598095386873	1.0	
ORTHOSTM003075	1.0	0.8263338238154364	-11.686118358475248	1.0	
ORTHOSTM003077	1.0	0.9424732093194532	-12.586039969820598	1.0	
ORTHOSTM003078	1.0	0.8310224771547231	-11.829833399507976	1.0	
ORTHOSTM003082	1.0	0.9480026330107605	-12.692302295387037	1.0	
ORTHOSTM003083	1.0	0.8263338238154364	-11.686118358475248	1.0	
ORTHOSTM003084	1.0	1.0778551281610156	-12.843281292169715	1.0	
ORTHOSTM003086	1.0	1.0335338259665523	-13.140955231605451	1.0	
ORTHOSTM003088	1.0	0.8263338238154364	-11.686118358475248	1.0	
ORTHOSTM003103	1.0	0.8238129282648528	-11.694175385479411	1.0	
ORTHOSTM003105	1.0	0.8263338238154364	-11.686118358475248	1.0	
ORTHOSTM003109	1.0	1.0528507052409701	-12.743054173254698	1.0	
ORTHOSTM003121	1.0	0.8263338238154364	-11.686118358475248	1.0	
ORTHOSTM003125	1.0	1.0079733526768995	-12.713301938069081	1.0	
ORTHOSTM003126	1.0	0.9499272158445944	-12.71821039061306	1.0	
ORTHOSTM003127	1.0	1.1555667691905789	-13.261781709018525	1.0	
ORTHOSTM003130	1.0	0.8258506522404049	-11.703738686612006	1.0	
ORTHOSTM003131	1.0	1.0478689616233425	-13.285570781476293	1.0	
ORTHOSTM003133	1.0	0.999286415751019	-13.098481384558346	1.0	
ORTHOSTM003140	1.0	0.9499272158445944	-12.71821039061306	1.0	
ORTHOSTM003144	1.0	1.087112028990762	-12.982199797876012	1.0	
ORTHOSTM003145	1.0	0.9424732093194532	-12.586039969820598	1.0	
ORTHOSTM003149	1.0	0.9396536096510764	-12.579493384584913	1.0	
ORTHOSTM003150	1.0	1.0049142081422406	-12.956051110291439	1.0	
ORTHOSTM003151	1.0	0.9390833150009151	-12.593558650577815	1.0	
ORTHOSTM003152	1.0	0.8258506522404049	-11.703738686612006	1.0	
ORTHOSTM003156	1.0	0.8622835697658302	-11.985620495707382	1.0	
ORTHOSTM003157	1.0	1.0082690618850088	-13.2374663865598	1.0	
ORTHOSTM003158	1.0	0.9499272158445944	-12.71821039061306	1.0	
ORTHOSTM003159	1.0	0.8258506522404049	-11.703738686612006	1.0	
ORTHOSTM003163	1.0	0.9480026330107605	-12.692302295387037	1.0	
ORTHOSTM003164	1.0	1.0134002687677195	-12.871008475364587	1.0	
ORTHOSTM003167	1.0	0.8622835697658302	-11.985620495707382	1.0	
ORTHOSTM003170	1.0	1.0548640605353818	-12.701660272202867	1.0	
ORTHOSTM003171	1.0	1.068710512654106	-12.744924240601772	1.0	
ORTHOSTM003173	1.0	0.9480026330107605	-12.692302295387037	1.0	
ORTHOSTM003176	1.0	0.9246489022025509	-12.585071152860452	1.0	
ORTHOSTM003180	1.0	1.1555667691905789	-13.261781709018525	1.0	
ORTHOSTM003181	1.0	1.1982145747458686	-13.492598095386873	1.0	
ORTHOSTM003188	1.0	1.1555667691905789	-13.261781709018525	1.0	
ORTHOSTM003193	1.0	1.0778551281610156	-12.843281292169715	1.0	
ORTHOSTM003196	1.0	0.9494771397024853	-12.726771225482581	1.0	
ORTHOSTM003198	1.0	0.8263338238154364	-11.686118358475248	1.0	
ORTHOSTM003200	1.0	1.0518827252776748	-13.455186807346802	1.0	
ORTHOSTM003201	1.0	1.0019849569969617	-12.554773616334003	1.0	
ORTHOSTM003202	1.0	1.0778551281610156	-12.843281292169715	1.0	
ORTHOSTM003206	1.0	0.8258506522404049	-11.703738686612006	1.0	
ORTHOSTM003207	1.0	0.9246489022025509	-12.585071152860452	1.0	
ORTHOSTM003208	1.0	1.0424930785800233	-13.361288297659538	1.0	
ORTHOSTM003209	1.0	0.9480026330107605	-12.692302295387037	1.0	
ORTHOSTM003211	1.0	0.8263338238154364	-11.686118358475248	1.0	
ORTHOSTM003212	1.0	0.9424732093194532	-12.586039969820598	1.0	
ORTHOSTM003213	1.0	0.8350570322919946	-11.974821632204353	1.0	
ORTHOSTM003216	1.0	0.8258506522404049	-11.703738686612006	1.0	
ORTHOSTM003219	1.0	1.068710512654106	-12.744924240601772	1.0	
ORTHOSTM003221	1.0	0.8258506522404049	-11.703738686612006	1.0	
ORTHOSTM003223	1.0	0.8258506522404049	-11.703738686612006	1.0	
ORTHOSTM003225	1.0	0.8258506522404049	-11.703738686612006	1.0	
ORTHOSTM003226	1.0	0.8258506522404049	-11.703738686612006	1.0	
ORTHOSTM003227	1.0	0.8622835697658302	-11.985620495707382	1.0	
ORTHOSTM003228	1.0	0.942604148287714	-12.374198944635205	1.0	
ORTHOSTM003229	1.0	1.1982145747458686	-13.492598095386873	1.0	
ORTHOSTM003232	1.0	0.8238129282648528	-11.694175385479411	1.0	
ORTHOSTM003233	1.0	1.2653148879552316	-13.6958369486058	1.0	
ORTHOSTM003234	1.0	1.0778551281610156	-12.843281292169715	1.0	
ORTHOSTM003237	1.0	0.8263338238154364	-11.686118358475248	1.0	
ORTHOSTM003238	1.0	1.1555667691905789	-13.261781709018525	1.0	
ORTHOSTM003239	1.0	1.0079733526768995	-12.713301938069081	1.0	
ORTHOSTM003242	1.0	1.0778551281610156	-12.843281292169715	1.0	
ORTHOSTM003243	1.0	1.0778551281610156	-12.843281292169715	1.0	
ORTHOSTM003245	1.0	0.8258506522404049	-11.703738686612006	1.0	
ORTHOSTM003246	1.0	1.0548640605353818	-12.701660272202867	1.0	
ORTHOSTM003249	1.0	1.0528507052409701	-12.743054173254698	1.0	
ORTHOSTM003253	1.0	1.0144697338972444	-12.855724706180585	1.0	
ORTHOSTM003254	1.0	0.9480026330107605	-12.692302295387037	1.0	
ORTHOSTM003255	1.0	0.8622835697658302	-11.985620495707382	1.0	
ORTHOSTM003256	1.0	1.2116835589443937	-13.610137208551636	1.0	
ORTHOSTM003257	1.0	0.8258506522404049	-11.703738686612006	1.0	
ORTHOSTM003258	1.0	0.9480026330107605	-12.692302295387037	1.0	
ORTHOSTM003259	1.0	0.8350570322919946	-11.974821632204353	1.0	
ORTHOSTM003261	1.0	0.8622835697658302	-11.985620495707382	1.0	
ORTHOSTM003262	1.0	1.0518827252776748	-13.455186807346802	1.0	
ORTHOSTM003263	1.0	0.8595246950386326	-11.99383933525891	1.0	
ORTHOSTM003266	1.0	1.0439546815021152	-13.313739452982206	1.0	
ORTHOSTM003270	1.0	1.068710512654106	-12.744924240601772	1.0	
ORTHOSTM003272	1.0	1.1555667691905789	-13.261781709018525	1.0	
ORTHOSTM003273	1.0	0.845148565712828	-11.550744090090289	1.0	
ORTHOSTM003275	1.0	1.1555667691905789	-13.261781709018525	1.0	
ORTHOSTM003277	1.0	1.0778551281610156	-12.843281292169715	1.0	
ORTHOSTM003278	1.0	1.0778551281610156	-12.843281292169715	1.0	
ORTHOSTM003280	1.0	1.087112028990762	-12.982199797876012	1.0	
ORTHOSTM003282	1.0	0.8263338238154364	-11.686118358475248	1.0	
ORTHOSTM003284	1.0	1.0778551281610156	-12.843281292169715	1.0	
ORTHOSTM003285	1.0	0.8595246950386326	-11.99383933525891	1.0	
ORTHOSTM003288	1.0	0.9424732093194532	-12.586039969820598	1.0	
ORTHOSTM003289	1.0	0.9399495329411084	-12.59182547458904	1.0	
ORTHOSTM003293	1.0	0.8622835697658302	-11.985620495707382	1.0	
ORTHOSTM003295	1.0	0.8263338238154364	-11.686118358475248	1.0	
ORTHOSTM003296	1.0	0.8622835697658302	-11.985620495707382	1.0	
ORTHOSTM003298	1.0	1.0389606299812375	-13.325239180547403	1.0	
ORTHOSTM003299	1.0	1.0778551281610156	-12.843281292169715	1.0	
ORTHOSTM003300	1.0	0.8258506522404049	-11.703738686612006	1.0	
ORTHOSTM003301	1.0	0.8258506522404049	-11.703738686612006	1.0	
ORTHOSTM003305	1.0	1.0778551281610156	-12.843281292169715	1.0	
ORTHOSTM003307	1.0	0.8622835697658302	-11.985620495707382	1.0	
ORTHOSTM003308	1.0	1.0778551281610156	-12.843281292169715	1.0	
ORTHOSTM003311	1.0	1.0424930785800233	-13.361288297659538	1.0	
ORTHOSTM003314	1.0	0.8238129282648528	-11.694175385479411	1.0	
ORTHOSTM003316	1.0	1.0778551281610156	-12.843281292169715	1.0	
ORTHOSTM003318	1.0	0.9480026330107605	-12.692302295387037	1.0	
ORTHOSTM003319	1.0	0.9174153973806078	-12.550156304052738	1.0	
ORTHOSTM003320	1.0	1.0778551281610156	-12.843281292169715	1.0	
ORTHOSTM003323	1.0	0.8284074358333947	-11.837908286891386	1.0	
ORTHOSTM003325	1.0	0.9424732093194532	-12.586039969820598	1.0	
ORTHOSTM003327	1.0	1.0238272821949526	-12.699184113663051	1.0	
ORTHOSTM003335	1.0	0.8238129282648528	-11.694175385479411	1.0	
ORTHOSTM003338	1.0	1.0673579803656192	-13.28344907243249	1.0	
ORTHOSTM003339	1.0	0.9193534235313686	-12.441384011920901	1.0	
ORTHOSTM003340	1.0	1.068710512654106	-12.744924240601772	1.0	
ORTHOSTM003342	1.0	0.8263338238154364	-11.686118358475248	1.0	
ORTHOSTM003346	1.0	1.1555667691905789	-13.261781709018525	1.0	
ORTHOSTM003348	1.0	1.0069561407778032	-12.728656885410382	1.0	
ORTHOSTM003350	1.0	0.8258506522404049	-11.703738686612006	1.0	
ORTHOSTM003356	1.0	0.9174153973806078	-12.550156304052738	1.0	
ORTHOSTM003357	1.0	1.087112028990762	-12.982199797876012	1.0	
ORTHOSTM003381	1.0	0.9399495329411084	-12.59182547458904	1.0	
ORTHOSTM003385	1.0	1.4007900119619217	-14.561342733184624	1.0	
ORTHOSTM003404	1.0	0.8622835697658302	-11.985620495707382	1.0	
ORTHOSTM003416	1.0	1.2017000495274992	-13.485840668870974	1.0	
ORTHOSTM003417	1.0	1.013819887192738	-12.932761723366895	1.0	
ORTHOSTM003418	1.0	1.3610190647473994	-14.242352991708666	1.0	
ORTHOSTM003419	1.0	1.1470042555844293	-13.497452064893103	1.0	
ORTHOSTM003421	1.0	0.8993278900983793	-12.772001490155551	1.0	
ORTHOSTM003428	1.0	1.0389228289430934	-13.357518685670723	1.0	
ORTHOSTM003432	1.0	0.8595246950386326	-11.99383933525891	1.0	
ORTHOSTM003468	1.0	1.0691515880577727	-13.176057471765004	1.0	
ORTHOSTM003495	1.0	1.0691515880577727	-13.176057471765004	1.0	
ORTHOSTM003500	1.0	1.0715869767214172	-13.200963311622607	1.0	
ORTHOSTM003501	1.0	1.0793450532396613	-13.342169230616264	1.0	
ORTHOSTM003502	1.0	1.0691515880577727	-13.176057471765004	1.0	
ORTHOSTM003505	1.0	1.0715869767214172	-13.200963311622607	1.0	
ORTHOSTM003506	1.0	1.0793450532396613	-13.342169230616264	1.0	
ORTHOSTM003508	1.0	1.0715869767214172	-13.200963311622607	1.0	
ORTHOSTM003537	2.0	1.1420187154020094	-13.129951227649	1.0	
ORTHOSTM003551	1.0	0.9324859977737449	-12.227376675914961	1.0	
ORTHOSTM003555	1.0	0.9324859977737449	-12.227376675914961	1.0	
ORTHOSTM003558	1.0	0.9324859977737449	-12.227376675914961	1.0	
ORTHOSTM003560	1.0	0.9324859977737449	-12.227376675914961	1.0	
ORTHOSTM003573	1.0	0.9377034894218679	-12.371012600875856	1.0	
ORTHOSTM003582	1.0	0.9324859977737449	-12.227376675914961	1.0	
ORTHOSTM003583	1.0	0.9377034894218679	-12.371012600875856	1.0	
ORTHOSTM003585	1.0	0.9324859977737449	-12.227376675914961	1.0	
ORTHOSTM003587	1.0	0.9377034894218679	-12.371012600875856	1.0	
ORTHOSTM003594	1.0	1.0313380565554755	-13.07747010307542	1.0	
ORTHOSTM003603	1.0	0.9324859977737449	-12.227376675914961	1.0	
ORTHOSTM003604	1.0	0.9324859977737449	-12.227376675914961	1.0	
ORTHOSTM003605	1.0	0.9377034894218679	-12.371012600875856	1.0	
ORTHOSTM003608	1.0	0.9324859977737449	-12.227376675914961	1.0	
ORTHOSTM003613	1.0	0.9324859977737449	-12.227376675914961	1.0	
ORTHOSTM003617	1.0	0.9443994703105152	-12.51180799649427	1.0	
ORTHOSTM003618	1.0	0.9377034894218679	-12.371012600875856	1.0	
ORTHOSTM003621	1.0	0.9377034894218679	-12.371012600875856	1.0	
ORTHOSTM003622	1.0	0.9324859977737449	-12.227376675914961	1.0	
ORTHOSTM003624	1.0	0.9377034894218679	-12.371012600875856	1.0	
ORTHOSTM003625	1.0	0.9324859977737449	-12.227376675914961	1.0	
ORTHOSTM003627	1.0	0.9324859977737449	-12.227376675914961	1.0	
ORTHOSTM003629	1.0	0.9324859977737449	-12.227376675914961	1.0	
ORTHOSTM003638	1.0	0.9324859977737449	-12.227376675914961	1.0	
ORTHOSTM003643	1.0	0.9291489041506786	-12.23673575630332	1.0	
ORTHOSTM003645	1.0	0.9324859977737449	-12.227376675914961	1.0	
ORTHOSTM003652	1.0	0.9377034894218679	-12.371012600875856	1.0	
ORTHOSTM003653	1.0	0.9377034894218679	-12.371012600875856	1.0	
ORTHOSTM003655	1.0	0.9377034894218679	-12.371012600875856	1.0	
ORTHOSTM003656	1.0	0.9291489041506786	-12.23673575630332	1.0	
ORTHOSTM003658	1.0	0.9291489041506786	-12.23673575630332	1.0	
ORTHOSTM003661	1.0	0.9324859977737449	-12.227376675914961	1.0	
ORTHOSTM003662	1.0	0.9324859977737449	-12.227376675914961	1.0	
ORTHOSTM003670	1.0	0.9324859977737449	-12.227376675914961	1.0	
ORTHOSTM003671	1.0	0.9377034894218679	-12.371012600875856	1.0	
ORTHOSTM003674	1.0	0.9324859977737449	-12.227376675914961	1.0	
ORTHOSTM003676	1.0	0.9377034894218679	-12.371012600875856	1.0	
ORTHOSTM003677	1.0	0.9443994703105152	-12.51180799649427	1.0	
ORTHOSTM003678	1.0	1.0313380565554755	-13.07747010307542	1.0	
ORTHOSTM003680	1.0	0.9377034894218679	-12.371012600875856	1.0	
ORTHOSTM003681	1.0	0.9443994703105152	-12.51180799649427	1.0	
ORTHOSTM003685	1.0	0.9377034894218679	-12.371012600875856	1.0	
ORTHOSTM003694	1.0	0.9324859977737449	-12.227376675914961	1.0	
ORTHOSTM003695	1.0	1.1703728335401566	-13.800565093100028	1.0	
ORTHOSTM003697	1.0	1.043055758084642	-12.862717119075334	1.0	
ORTHOSTM003699	1.0	1.0313380565554755	-13.07747010307542	1.0	
ORTHOSTM003709	1.0	1.1703728335401566	-13.800565093100028	1.0	
ORTHOSTM003712	1.0	0.9377034894218679	-12.371012600875856	1.0	
ORTHOSTM003715	1.0	1.1703728335401566	-13.800565093100028	1.0	
ORTHOSTM003721	1.0	1.063406183332713	-13.413631050782332	1.0	
ORTHOSTM003722	1.0	0.9377034894218679	-12.371012600875856	1.0	
ORTHOSTM003723	1.0	0.9493193282138809	-12.750420680834159	1.0	
ORTHOSTM003724	1.0	1.063406183332713	-13.413631050782332	1.0	
ORTHOSTM003725	1.0	0.9291489041506786	-12.23673575630332	1.0	
ORTHOSTM003727	1.0	0.9377034894218679	-12.371012600875856	1.0	
ORTHOSTM003735	1.0	0.9377034894218679	-12.371012600875856	1.0	
ORTHOSTM003736	1.0	0.9377034894218679	-12.371012600875856	1.0	
ORTHOSTM003739	1.0	0.9291489041506786	-12.23673575630332	1.0	
ORTHOSTM003742	1.0	0.9424101059605011	-12.60959351637545	1.0	
ORTHOSTM003743	1.0	0.9493193282138809	-12.750420680834159	1.0	
ORTHOSTM003744	1.0	0.9377034894218679	-12.371012600875856	1.0	
ORTHOSTM003746	1.0	0.9377034894218679	-12.371012600875856	1.0	
ORTHOSTM003754	1.0	0.9377034894218679	-12.371012600875856	1.0	
ORTHOSTM003756	1.0	0.9324859977737449	-12.227376675914961	1.0	
ORTHOSTM003757	1.0	0.9324859977737449	-12.227376675914961	1.0	
ORTHOSTM003760	1.0	0.9324859977737449	-12.227376675914961	1.0	
ORTHOSTM003761	1.0	0.9324859977737449	-12.227376675914961	1.0	
ORTHOSTM003765	1.0	0.9377034894218679	-12.371012600875856	1.0	
ORTHOSTM003767	1.0	0.9377034894218679	-12.371012600875856	1.0	
ORTHOSTM003768	1.0	0.9377034894218679	-12.371012600875856	1.0	
ORTHOSTM003770	1.0	0.9324859977737449	-12.227376675914961	1.0	
ORTHOSTM003775	1.0	0.9377034894218679	-12.371012600875856	1.0	
ORTHOSTM003777	1.0	0.9324859977737449	-12.227376675914961	1.0	
ORTHOSTM003779	1.0	0.9377034894218679	-12.371012600875856	1.0	
ORTHOSTM003811	1.0	0.9324859977737449	-12.227376675914961	1.0	
ORTHOSTM003812	1.0	0.9154473126308145	-12.378845449723254	1.0	
ORTHOSTM003815	1.0	0.9377034894218679	-12.371012600875856	1.0	
ORTHOSTM003818	1.0	1.0628362628015509	-13.072617658348976	1.0	
ORTHOSTM003820	1.0	0.9324859977737449	-12.227376675914961	1.0	
ORTHOSTM003821	1.0	0.9119269975117069	-12.388449321865126	1.0	
ORTHOSTM003822	1.0	0.9222406168411633	-12.519496471544256	1.0	
ORTHOSTM003826	1.0	0.9154473126308145	-12.378845449723254	1.0	
ORTHOSTM003827	1.0	0.9154473126308145	-12.378845449723254	1.0	
ORTHOSTM003828	1.0	0.9324859977737449	-12.227376675914961	1.0	
ORTHOSTM003833	1.0	0.9154473126308145	-12.378845449723254	1.0	
ORTHOSTM003841	1.0	0.9119269975117069	-12.388449321865126	1.0	
ORTHOSTM003843	1.0	1.0313380565554755	-13.07747010307542	1.0	
ORTHOSTM003845	1.0	1.0473239214504013	-13.080923428200364	1.0	
ORTHOSTM003849	1.0	0.9222406168411633	-12.519496471544256	1.0	
ORTHOSTM003858	1.0	0.9154473126308145	-12.378845449723254	1.0	
ORTHOSTM003859	1.0	1.0628362628015509	-13.072617658348976	1.0	
ORTHOSTM003860	1.0	0.9222406168411633	-12.519496471544256	1.0	
ORTHOSTM003864	1.0	0.9324859977737449	-12.227376675914961	1.0	
ORTHOSTM003865	1.0	0.9324859977737449	-12.227376675914961	1.0	
ORTHOSTM003869	1.0	0.9154473126308145	-12.378845449723254	1.0	
ORTHOSTM003872	1.0	0.9154473126308145	-12.378845449723254	1.0	
ORTHOSTM003875	1.0	0.9154473126308145	-12.378845449723254	1.0	
ORTHOSTM003877	1.0	0.9377034894218679	-12.371012600875856	1.0	
ORTHOSTM003878	1.0	0.9154473126308145	-12.378845449723254	1.0	
ORTHOSTM003883	1.0	1.0473239214504013	-13.080923428200364	1.0	
ORTHOSTM003888	1.0	1.1901516264081746	-13.894144813567792	1.0	
ORTHOSTM003890	1.0	0.9154473126308145	-12.378845449723254	1.0	
ORTHOSTM003893	1.0	1.1945975694466096	-13.280139529546078	1.0	
ORTHOSTM003895	1.0	0.9222406168411633	-12.519496471544256	1.0	
ORTHOSTM003898	1.0	0.9324859977737449	-12.227376675914961	1.0	
ORTHOSTM003904	1.0	1.0473239214504013	-13.080923428200364	1.0	
ORTHOSTM003907	1.0	1.0473239214504013	-13.080923428200364	1.0	
ORTHOSTM003909	1.0	0.9154473126308145	-12.378845449723254	1.0	
ORTHOSTM003911	1.0	0.9222406168411633	-12.519496471544256	1.0	
ORTHOSTM003913	1.0	0.9154473126308145	-12.378845449723254	1.0	
ORTHOSTM003916	1.0	0.9317453993847618	-12.243582647449356	1.0	
ORTHOSTM003919	1.0	0.9317453993847618	-12.243582647449356	1.0	
ORTHOSTM003922	1.0	1.1945975694466096	-13.280139529546078	1.0	
ORTHOSTM003924	1.0	1.0715869767214172	-13.200963311622607	1.0	
ORTHOSTM003925	1.0	1.1538330606340823	-13.456391238853417	1.0	
ORTHOSTM003926	1.0	0.9154473126308145	-12.378845449723254	1.0	
ORTHOSTM003927	1.0	1.0473239214504013	-13.080923428200364	1.0	
ORTHOSTM003929	1.0	1.1945975694466096	-13.280139529546078	1.0	
ORTHOSTM003933	1.0	0.9119269975117069	-12.388449321865126	1.0	
ORTHOSTM003940	1.0	0.9154473126308145	-12.378845449723254	1.0	
ORTHOSTM003941	1.0	1.1945975694466096	-13.280139529546078	1.0	
ORTHOSTM003942	1.0	1.1901516264081746	-13.894144813567792	1.0	
ORTHOSTM003951	1.0	0.9154473126308145	-12.378845449723254	1.0	
ORTHOSTM003957	1.0	1.1746754698870447	-13.801326976836586	1.0	
ORTHOSTM003959	1.0	0.9317453993847618	-12.243582647449356	1.0	
ORTHOSTM003963	1.0	0.9154473126308145	-12.378845449723254	1.0	
ORTHOSTM003964	1.0	1.1551978123166076	-13.374475485629944	1.0	
ORTHOSTM003967	1.0	0.9317453993847618	-12.243582647449356	1.0	
ORTHOSTM003973	1.0	0.918578100159287	-12.52913953041875	1.0	
ORTHOSTM003974	1.0	0.9154473126308145	-12.378845449723254	1.0	
ORTHOSTM003977	1.0	1.0703530174718938	-13.214062404433141	1.0	
ORTHOSTM003978	1.0	0.9529853377252157	-12.661590204835703	1.0	
ORTHOSTM003979	1.0	0.9377034894218679	-12.371012600875856	1.0	
ORTHOSTM003982	1.0	0.9154473126308145	-12.378845449723254	1.0	
ORTHOSTM003983	1.0	0.9324859977737449	-12.227376675914961	1.0	
ORTHOSTM003985	1.0	0.9324859977737449	-12.227376675914961	1.0	
ORTHOSTM003986	1.0	1.0691515880577727	-13.176057471765004	1.0	
ORTHOSTM003990	1.0	0.9119269975117069	-12.388449321865126	1.0	
ORTHOSTM003994	1.0	1.0628362628015509	-13.072617658348976	1.0	
ORTHOSTM003995	1.0	1.1158933287360364	-13.314819309633044	1.0	
ORTHOSTM003998	1.0	0.9317453993847618	-12.243582647449356	1.0	
ORTHOSTM003999	1.0	1.0703530174718938	-13.214062404433141	1.0	
ORTHOSTM004000	1.0	0.9154473126308145	-12.378845449723254	1.0	
ORTHOSTM004004	1.0	0.9529853377252157	-12.661590204835703	1.0	
ORTHOSTM004005	1.0	0.9317453993847618	-12.243582647449356	1.0	
ORTHOSTM004009	1.0	0.9154473126308145	-12.378845449723254	1.0	
ORTHOSTM004010	1.0	1.0793450532396613	-13.342169230616264	1.0	
ORTHOSTM004011	1.0	0.9317453993847618	-12.243582647449356	1.0	
ORTHOSTM004012	1.0	0.9154473126308145	-12.378845449723254	1.0	
ORTHOSTM004013	1.0	1.0793450532396613	-13.342169230616264	1.0	
ORTHOSTM004015	1.0	0.9529853377252157	-12.661590204835703	1.0	
ORTHOSTM004016	1.0	0.9529853377252157	-12.661590204835703	1.0	
ORTHOSTM004017	1.0	1.0628362628015509	-13.072617658348976	1.0	
ORTHOSTM004018	1.0	0.9154473126308145	-12.378845449723254	1.0	
ORTHOSTM004022	1.0	0.9324859977737449	-12.227376675914961	1.0	
ORTHOSTM004023	1.0	0.9529853377252157	-12.661590204835703	1.0	
ORTHOSTM004024	1.0	0.9154473126308145	-12.378845449723254	1.0	
ORTHOSTM004025	1.0	1.1538330606340823	-13.456391238853417	1.0	
ORTHOSTM004028	1.0	0.9291489041506786	-12.23673575630332	1.0	
ORTHOSTM004032	1.0	1.1538330606340823	-13.456391238853417	1.0	
ORTHOSTM004033	1.0	0.9154473126308145	-12.378845449723254	1.0	
ORTHOSTM004044	1.0	1.1746754698870447	-13.801326976836586	1.0	
ORTHOSTM004045	1.0	1.1538330606340823	-13.456391238853417	1.0	
ORTHOSTM004046	1.0	0.9154473126308145	-12.378845449723254	1.0	
ORTHOSTM004047	1.0	1.0703530174718938	-13.214062404433141	1.0	
ORTHOSTM004049	1.0	0.9154473126308145	-12.378845449723254	1.0	
ORTHOSTM004050	1.0	0.9324859977737449	-12.227376675914961	1.0	
ORTHOSTM004052	1.0	0.9222406168411633	-12.519496471544256	1.0	
ORTHOSTM004053	1.0	0.9119269975117069	-12.388449321865126	1.0	
ORTHOSTM004055	1.0	0.9377034894218679	-12.371012600875856	1.0	
ORTHOSTM004056	1.0	0.9317453993847618	-12.243582647449356	1.0	
ORTHOSTM004058	1.0	0.9154473126308145	-12.378845449723254	1.0	
ORTHOSTM004063	1.0	1.0473239214504013	-13.080923428200364	1.0	
ORTHOSTM004064	1.0	1.1901516264081746	-13.894144813567792	1.0	
ORTHOSTM004066	1.0	1.040936733623925	-13.005306112668972	1.0	
ORTHOSTM004074	1.0	1.1945975694466096	-13.280139529546078	1.0	
ORTHOSTM004080	1.0	0.9317453993847618	-12.243582647449356	1.0	
ORTHOSTM004082	1.0	0.9154473126308145	-12.378845449723254	1.0	
ORTHOSTM004086	1.0	0.9119269975117069	-12.388449321865126	1.0	
ORTHOSTM004088	1.0	1.1945975694466096	-13.280139529546078	1.0	
ORTHOSTM004090	1.0	0.9154473126308145	-12.378845449723254	1.0	
ORTHOSTM004092	1.0	1.1945975694466096	-13.280139529546078	1.0	
ORTHOSTM004093	1.0	0.9119269975117069	-12.388449321865126	1.0	
ORTHOSTM004097	1.0	0.9222406168411633	-12.519496471544256	1.0	
ORTHOSTM004098	1.0	1.0703530174718938	-13.214062404433141	1.0	
ORTHOSTM004102	1.0	1.0547519037421293	-13.222377478474405	1.0	
ORTHOSTM004103	1.0	1.1945975694466096	-13.280139529546078	1.0	
ORTHOSTM004104	1.0	0.9324859977737449	-12.227376675914961	1.0	
ORTHOSTM004106	1.0	0.9529853377252157	-12.661590204835703	1.0	
ORTHOSTM004107	1.0	1.1551978123166076	-13.374475485629944	1.0	
ORTHOSTM004110	1.0	0.9154473126308145	-12.378845449723254	1.0	
ORTHOSTM004111	1.0	1.14092557649126	-13.252095289993857	1.0	
ORTHOSTM004116	1.0	0.9154473126308145	-12.378845449723254	1.0	
ORTHOSTM004117	1.0	1.1538330606340823	-13.456391238853417	1.0	
ORTHOSTM004119	1.0	0.9119269975117069	-12.388449321865126	1.0	
ORTHOSTM004120	1.0	0.9154473126308145	-12.378845449723254	1.0	
ORTHOSTM004122	1.0	0.9154473126308145	-12.378845449723254	1.0	
ORTHOSTM004123	1.0	1.0793450532396613	-13.342169230616264	1.0	
ORTHOSTM004125	1.0	0.9154473126308145	-12.378845449723254	1.0	
ORTHOSTM004126	1.0	0.9154473126308145	-12.378845449723254	1.0	
ORTHOSTM004127	1.0	1.1538330606340823	-13.456391238853417	1.0	
ORTHOSTM004129	1.0	1.0473239214504013	-13.080923428200364	1.0	
ORTHOSTM004130	1.0	0.9317453993847618	-12.243582647449356	1.0	
ORTHOSTM004131	1.0	1.1945975694466096	-13.280139529546078	1.0	
ORTHOSTM004134	1.0	0.9154473126308145	-12.378845449723254	1.0	
ORTHOSTM004137	1.0	1.1945975694466096	-13.280139529546078	1.0	
ORTHOSTM004141	1.0	1.1448855370132818	-13.316529738459847	1.0	
ORTHOSTM004147	1.0	0.9377034894218679	-12.371012600875856	1.0	
ORTHOSTM004153	1.0	0.9377034894218679	-12.371012600875856	1.0	
ORTHOSTM004154	1.0	1.1551978123166076	-13.374475485629944	1.0	
ORTHOSTM004158	1.0	1.1746754698870447	-13.801326976836586	1.0	
ORTHOSTM004161	1.0	0.9154473126308145	-12.378845449723254	1.0	
ORTHOSTM004163	1.0	1.0463968950451297	-12.865057745382938	1.0	
ORTHOSTM004164	1.0	0.9222406168411633	-12.519496471544256	1.0	
ORTHOSTM004167	1.0	0.9377034894218679	-12.371012600875856	1.0	
ORTHOSTM004168	1.0	0.9154473126308145	-12.378845449723254	1.0	
ORTHOSTM004172	1.0	1.1945975694466096	-13.280139529546078	1.0	
ORTHOSTM004173	1.0	0.9154473126308145	-12.378845449723254	1.0	
ORTHOSTM004174	1.0	1.0463968950451297	-12.865057745382938	1.0	
ORTHOSTM004176	1.0	1.135198768411188	-13.156507201706248	1.0	
ORTHOSTM004181	1.0	1.1945975694466096	-13.280139529546078	1.0	
ORTHOSTM004182	1.0	0.9154473126308145	-12.378845449723254	1.0	
ORTHOSTM004183	1.0	1.0793450532396613	-13.342169230616264	1.0	
ORTHOSTM004185	1.0	0.9154473126308145	-12.378845449723254	1.0	
ORTHOSTM004186	1.0	1.1551978123166076	-13.374475485629944	1.0	
ORTHOSTM004188	1.0	1.0628362628015509	-13.072617658348976	1.0	
ORTHOSTM004191	1.0	0.9154473126308145	-12.378845449723254	1.0	
ORTHOSTM004192	1.0	0.9154473126308145	-12.378845449723254	1.0	
ORTHOSTM004194	1.0	1.1945975694466096	-13.280139529546078	1.0	
ORTHOSTM004195	1.0	0.9119269975117069	-12.388449321865126	1.0	
ORTHOSTM004198	1.0	1.0468333923528592	-13.068855999542453	1.0	
ORTHOSTM004199	1.0	0.9324859977737449	-12.227376675914961	1.0	
ORTHOSTM004200	1.0	0.9529853377252157	-12.661590204835703	1.0	
ORTHOSTM004201	1.0	1.1448855370132818	-13.316529738459847	1.0	
ORTHOSTM004202	1.0	1.0473239214504013	-13.080923428200364	1.0	
ORTHOSTM004203	1.0	0.9377034894218679	-12.371012600875856	1.0	
ORTHOSTM004206	1.0	0.9154473126308145	-12.378845449723254	1.0	
ORTHOSTM004208	1.0	0.9119269975117069	-12.388449321865126	1.0	
ORTHOSTM004211	1.0	0.9154473126308145	-12.378845449723254	1.0	
ORTHOSTM004213	1.0	1.0463968950451297	-12.865057745382938	1.0	
ORTHOSTM004215	1.0	0.9529853377252157	-12.661590204835703	1.0	
ORTHOSTM004218	1.0	1.0547519037421293	-13.222377478474405	1.0	
ORTHOSTM004219	1.0	1.0703530174718938	-13.214062404433141	1.0	
ORTHOSTM004223	1.0	1.0547519037421293	-13.222377478474405	1.0	
ORTHOSTM004224	1.0	1.040936733623925	-13.005306112668972	1.0	
ORTHOSTM004225	1.0	0.9377034894218679	-12.371012600875856	1.0	
ORTHOSTM004229	1.0	0.9154473126308145	-12.378845449723254	1.0	
ORTHOSTM004231	1.0	0.9291489041506786	-12.23673575630332	1.0	
ORTHOSTM004232	1.0	0.9154473126308145	-12.378845449723254	1.0	
ORTHOSTM004233	1.0	0.9154473126308145	-12.378845449723254	1.0	
ORTHOSTM004234	1.0	0.9154473126308145	-12.378845449723254	1.0	
ORTHOSTM004236	1.0	0.918578100159287	-12.52913953041875	1.0	
ORTHOSTM004237	1.0	0.9222406168411633	-12.519496471544256	1.0	
ORTHOSTM004238	1.0	0.9154473126308145	-12.378845449723254	1.0	
ORTHOSTM004239	1.0	1.1746754698870447	-13.801326976836586	1.0	
ORTHOSTM004241	1.0	1.1945975694466096	-13.280139529546078	1.0	
ORTHOSTM004244	1.0	0.9317453993847618	-12.243582647449356	1.0	
ORTHOSTM004245	1.0	1.1945975694466096	-13.280139529546078	1.0	
ORTHOSTM004249	1.0	0.9154473126308145	-12.378845449723254	1.0	
ORTHOSTM004253	1.0	0.9377034894218679	-12.371012600875856	1.0	
ORTHOSTM004257	1.0	0.9119269975117069	-12.388449321865126	1.0	
ORTHOSTM004268	1.0	0.9154473126308145	-12.378845449723254	1.0	
ORTHOSTM004269	1.0	0.9119269975117069	-12.388449321865126	1.0	
ORTHOSTM004270	1.0	0.9119269975117069	-12.388449321865126	1.0	
ORTHOSTM004271	1.0	1.0547519037421293	-13.222377478474405	1.0	
ORTHOSTM004272	1.0	1.1667273605391009	-13.512352892799312	1.0	
ORTHOSTM004274	1.0	0.9119269975117069	-12.388449321865126	1.0	
ORTHOSTM004277	1.0	1.0793450532396613	-13.342169230616264	1.0	
ORTHOSTM004279	1.0	1.0793450532396613	-13.342169230616264	1.0	
ORTHOSTM004281	1.0	1.0628362628015509	-13.072617658348976	1.0	
ORTHOSTM004282	1.0	1.1448855370132818	-13.316529738459847	1.0	
ORTHOSTM004283	1.0	1.1798298686092	-13.323508834812639	1.0	
ORTHOSTM004284	1.0	1.0463968950451297	-12.865057745382938	1.0	
ORTHOSTM004285	1.0	1.1746754698870447	-13.801326976836586	1.0	
ORTHOSTM004287	1.0	0.9324859977737449	-12.227376675914961	1.0	
ORTHOSTM004289	1.0	0.9154473126308145	-12.378845449723254	1.0	
ORTHOSTM004291	1.0	0.9317453993847618	-12.243582647449356	1.0	
ORTHOSTM004302	1.0	1.3272534682082127	-14.265200385867512	1.0	
ORTHOSTM004309	1.0	1.3272534682082127	-14.265200385867512	1.0	
ORTHOSTM004318	1.0	0.9377034894218679	-12.371012600875856	1.0	
ORTHOSTM004325	1.0	1.3272534682082127	-14.265200385867512	1.0	
ORTHOSTM004326	1.0	1.0614923187024732	-13.579783187581999	0.999	
ORTHOSTM004331	1.0	0.9154473126308145	-12.378845449723254	1.0	
ORTHOSTM004332	1.0	1.1878909163610478	-13.652333103075998	1.0	
ORTHOSTM004347	1.0	1.1945975694466096	-13.280139529546078	1.0	
ORTHOSTM004348	1.0	1.1945975694466096	-13.280139529546078	1.0	
ORTHOSTM004349	1.0	1.3272534682082127	-14.265200385867512	1.0	
ORTHOSTM004350	1.0	0.9424101059605011	-12.60959351637545	1.0	
ORTHOSTM004352	1.0	1.18629025933094	-13.51609133574479	1.0	
ORTHOSTM004354	1.0	1.062498619933128	-13.588871993321435	1.0	
ORTHOSTM004356	1.0	1.1945975694466096	-13.280139529546078	1.0	
ORTHOSTM004357	1.0	0.9424101059605011	-12.60959351637545	1.0	
ORTHOSTM004358	1.0	1.1939581329776559	-14.176462511886323	1.0	
ORTHOSTM004360	1.0	1.1939581329776559	-14.176462511886323	1.0	
ORTHOSTM004363	1.0	1.0614923187024732	-13.579783187581999	0.999	
ORTHOSTM004364	1.0	1.1878909163610478	-13.652333103075998	1.0	
ORTHOSTM004367	1.0	1.0463968950451297	-12.865057745382938	1.0	
ORTHOSTM004370	1.0	0.9154473126308145	-12.378845449723254	1.0	
ORTHOSTM004371	1.0	0.9424101059605011	-12.60959351637545	1.0	
ORTHOSTM004374	1.0	1.135198768411188	-13.156507201706248	1.0	
ORTHOSTM004375	1.0	0.9581942893409053	-12.900030936675321	1.0	
ORTHOSTM004377	1.0	1.1798298686092	-13.323508834812639	1.0	
ORTHOSTM004380	1.0	1.1538330606340823	-13.456391238853417	1.0	
ORTHOSTM004382	1.0	1.1551978123166076	-13.374475485629944	1.0	
ORTHOSTM004384	1.0	1.1715050967192897	-13.559487539513004	1.0	
ORTHOSTM004390	1.0	0.9377034894218679	-12.371012600875856	1.0	
ORTHOSTM004401	1.0	1.040936733623925	-13.005306112668972	1.0	
ORTHOSTM004483	2.0	1.2819196146162186	-13.675192238107202	1.0	
ORTHOSTM004508	1.0	1.0429299254157618	-12.86056624248668	1.0	
ORTHOSTM004513	1.0	1.0429299254157618	-12.86056624248668	1.0	
ORTHOSTM004516	1.0	1.0429299254157618	-12.86056624248668	1.0	
ORTHOSTM004518	1.0	1.0429299254157618	-12.86056624248668	1.0	
ORTHOSTM004519	1.0	1.0429299254157618	-12.86056624248668	1.0	
ORTHOSTM004523	1.0	1.036685723135302	-13.09861458001566	1.0	
ORTHOSTM004524	1.0	1.0429299254157618	-12.86056624248668	1.0	
ORTHOSTM004525	1.0	1.0429299254157618	-12.86056624248668	1.0	
ORTHOSTM004532	1.0	1.0565572455556602	-13.239937469861037	1.0	
ORTHOSTM004539	1.0	1.0429299254157618	-12.86056624248668	1.0	
ORTHOSTM004540	1.0	1.0429299254157618	-12.86056624248668	1.0	
ORTHOSTM004542	1.0	1.036685723135302	-13.09861458001566	1.0	
ORTHOSTM004544	1.0	1.0429299254157618	-12.86056624248668	1.0	
ORTHOSTM004548	1.0	1.0429299254157618	-12.86056624248668	1.0	
ORTHOSTM004556	1.0	1.0429299254157618	-12.86056624248668	1.0	
ORTHOSTM004558	1.0	1.0429299254157618	-12.86056624248668	1.0	
ORTHOSTM004562	1.0	1.0429299254157618	-12.86056624248668	1.0	
ORTHOSTM004563	1.0	1.0429299254157618	-12.86056624248668	1.0	
ORTHOSTM004568	1.0	1.0429299254157618	-12.86056624248668	1.0	
ORTHOSTM004570	1.0	1.0429299254157618	-12.86056624248668	1.0	
ORTHOSTM004572	1.0	1.0565572455556602	-13.239937469861037	1.0	
ORTHOSTM004577	1.0	1.0429299254157618	-12.86056624248668	1.0	
ORTHOSTM004578	1.0	1.0565572455556602	-13.239937469861037	1.0	
ORTHOSTM004580	1.0	1.0429299254157618	-12.86056624248668	1.0	
ORTHOSTM004587	1.0	1.0429299254157618	-12.86056624248668	1.0	
ORTHOSTM004592	1.0	1.0429299254157618	-12.86056624248668	1.0	
ORTHOSTM004599	1.0	1.0429299254157618	-12.86056624248668	1.0	
ORTHOSTM004612	1.0	1.0429299254157618	-12.86056624248668	1.0	
ORTHOSTM004615	1.0	1.1800417743733795	-13.905249092522226	1.0	
ORTHOSTM004616	1.0	1.0429299254157618	-12.86056624248668	1.0	
ORTHOSTM004617	1.0	1.0565572455556602	-13.239937469861037	1.0	
ORTHOSTM004618	1.0	1.0429299254157618	-12.86056624248668	1.0	
ORTHOSTM004621	1.0	1.0429299254157618	-12.86056624248668	1.0	
ORTHOSTM004622	1.0	1.0429299254157618	-12.86056624248668	1.0	
ORTHOSTM004623	1.0	1.0429299254157618	-12.86056624248668	1.0	
ORTHOSTM004624	1.0	1.0429299254157618	-12.86056624248668	1.0	
ORTHOSTM004625	1.0	1.0429299254157618	-12.86056624248668	1.0	
ORTHOSTM004629	1.0	1.0565572455556602	-13.239937469861037	1.0	
ORTHOSTM004630	1.0	1.0429299254157618	-12.86056624248668	1.0	
ORTHOSTM004631	1.0	1.0565572455556602	-13.239937469861037	1.0	
ORTHOSTM004637	1.0	1.0429299254157618	-12.86056624248668	1.0	
ORTHOSTM004638	1.0	1.2473197205418824	-13.947088477812859	1.0	
ORTHOSTM004640	1.0	1.0565572455556602	-13.239937469861037	1.0	
ORTHOSTM004643	1.0	1.036685723135302	-13.09861458001566	1.0	
ORTHOSTM004655	1.0	1.0565572455556602	-13.239937469861037	1.0	
ORTHOSTM004667	1.0	1.0429299254157618	-12.86056624248668	1.0	
ORTHOSTM004669	1.0	1.0429299254157618	-12.86056624248668	1.0	
ORTHOSTM004673	1.0	1.036685723135302	-13.09861458001566	1.0	
ORTHOSTM004674	1.0	1.0429299254157618	-12.86056624248668	1.0	
ORTHOSTM004676	1.0	1.0429299254157618	-12.86056624248668	1.0	
ORTHOSTM004677	1.0	1.0565572455556602	-13.239937469861037	1.0	
ORTHOSTM004682	1.0	1.036685723135302	-13.09861458001566	1.0	
ORTHOSTM004693	1.0	1.0429299254157618	-12.86056624248668	1.0	
ORTHOSTM004698	1.0	1.0429299254157618	-12.86056624248668	1.0	
ORTHOSTM004705	1.0	1.0429299254157618	-12.86056624248668	1.0	
ORTHOSTM004715	1.0	1.036685723135302	-13.09861458001566	1.0	
ORTHOSTM004716	1.0	1.0429299254157618	-12.86056624248668	1.0	
ORTHOSTM004717	1.0	1.0429299254157618	-12.86056624248668	1.0	
ORTHOSTM004718	1.0	1.032071357568218	-13.109735339076265	1.0	
ORTHOSTM004723	1.0	1.0429299254157618	-12.86056624248668	1.0	
ORTHOSTM004725	1.0	1.0429299254157618	-12.86056624248668	1.0	
ORTHOSTM004771	1.0	1.169506042907772	-13.449909453228193	1.0	
ORTHOSTM004774	1.0	1.0754945548307584	-13.143104917974036	1.0	
ORTHOSTM004776	1.0	1.058811376734648	-12.86437412301785	1.0	
ORTHOSTM004777	1.0	1.054273533268815	-12.875573644813567	1.0	
ORTHOSTM004779	1.0	1.066035948825195	-13.00587812077085	1.0	
ORTHOSTM004783	1.0	1.058811376734648	-12.86437412301785	1.0	
ORTHOSTM004785	1.0	1.058811376734648	-12.86437412301785	1.0	
ORTHOSTM004788	1.0	1.0429299254157618	-12.86056624248668	1.0	
ORTHOSTM004789	1.0	1.058811376734648	-12.86437412301785	1.0	
ORTHOSTM004790	1.0	1.054273533268815	-12.875573644813567	1.0	
ORTHOSTM004791	1.0	1.0429299254157618	-12.86056624248668	1.0	
ORTHOSTM004793	1.0	1.066035948825195	-13.00587812077085	1.0	
ORTHOSTM004794	1.0	1.0429299254157618	-12.86056624248668	1.0	
ORTHOSTM004795	1.0	1.066035948825195	-13.00587812077085	1.0	
ORTHOSTM004801	1.0	1.0429299254157618	-12.86056624248668	1.0	
ORTHOSTM004804	1.0	1.066035948825195	-13.00587812077085	1.0	
ORTHOSTM004805	1.0	1.058811376734648	-12.86437412301785	1.0	
ORTHOSTM004807	1.0	1.058811376734648	-12.86437412301785	1.0	
ORTHOSTM004811	1.0	1.058811376734648	-12.86437412301785	1.0	
ORTHOSTM004814	1.0	1.058811376734648	-12.86437412301785	1.0	
ORTHOSTM004815	1.0	1.058811376734648	-12.86437412301785	1.0	
ORTHOSTM004817	1.0	1.058811376734648	-12.86437412301785	1.0	
ORTHOSTM004819	1.0	1.0429299254157618	-12.86056624248668	1.0	
ORTHOSTM004822	1.0	1.058811376734648	-12.86437412301785	1.0	
ORTHOSTM004823	1.0	1.054273533268815	-12.875573644813567	1.0	
ORTHOSTM004827	1.0	1.066035948825195	-13.00587812077085	1.0	
ORTHOSTM004829	1.0	1.066035948825195	-13.00587812077085	1.0	
ORTHOSTM004831	1.0	1.066035948825195	-13.00587812077085	1.0	
ORTHOSTM004832	1.0	1.054273533268815	-12.875573644813567	1.0	
ORTHOSTM004833	1.0	1.1791986790749214	-13.650836901729901	1.0	
ORTHOSTM004835	1.0	1.0429299254157618	-12.86056624248668	1.0	
ORTHOSTM004838	1.0	1.0429299254157618	-12.86056624248668	1.0	
ORTHOSTM004840	1.0	1.058811376734648	-12.86437412301785	1.0	
ORTHOSTM004843	1.0	1.25454853620882	-13.710407597916854	1.0	
ORTHOSTM004849	1.0	1.0429299254157618	-12.86056624248668	1.0	
ORTHOSTM004851	1.0	1.066035948825195	-13.00587812077085	1.0	
ORTHOSTM004854	1.0	1.058811376734648	-12.86437412301785	1.0	
ORTHOSTM004856	1.0	1.0754945548307584	-13.143104917974036	1.0	
ORTHOSTM004859	1.0	1.066035948825195	-13.00587812077085	1.0	
ORTHOSTM004867	1.0	1.058811376734648	-12.86437412301785	1.0	
ORTHOSTM004868	1.0	1.066035948825195	-13.00587812077085	1.0	
ORTHOSTM004872	1.0	1.169506042907772	-13.449909453228193	1.0	
ORTHOSTM004873	1.0	1.058811376734648	-12.86437412301785	1.0	
ORTHOSTM004874	1.0	1.0429299254157618	-12.86056624248668	1.0	
ORTHOSTM004877	1.0	1.066035948825195	-13.00587812077085	1.0	
ORTHOSTM004879	1.0	1.3057574831579002	-14.335867994507748	1.0	
ORTHOSTM004881	1.0	1.058811376734648	-12.86437412301785	1.0	
ORTHOSTM004883	1.0	1.1791986790749214	-13.650836901729901	1.0	
ORTHOSTM004884	1.0	1.169506042907772	-13.449909453228193	1.0	
ORTHOSTM004889	1.0	1.066035948825195	-13.00587812077085	1.0	
ORTHOSTM004891	1.0	1.058811376734648	-12.86437412301785	1.0	
ORTHOSTM004894	1.0	1.058811376734648	-12.86437412301785	1.0	
ORTHOSTM004895	1.0	1.0429299254157618	-12.86056624248668	1.0	
ORTHOSTM004898	1.0	1.058811376734648	-12.86437412301785	1.0	
ORTHOSTM004901	1.0	1.066035948825195	-13.00587812077085	1.0	
ORTHOSTM004903	1.0	1.058811376734648	-12.86437412301785	1.0	
ORTHOSTM004909	1.0	1.058811376734648	-12.86437412301785	1.0	
ORTHOSTM004911	1.0	1.066035948825195	-13.00587812077085	1.0	
ORTHOSTM004914	1.0	1.058811376734648	-12.86437412301785	1.0	
ORTHOSTM004921	1.0	1.058811376734648	-12.86437412301785	1.0	
ORTHOSTM004922	1.0	1.169506042907772	-13.449909453228193	1.0	
ORTHOSTM004924	1.0	1.058811376734648	-12.86437412301785	1.0	
ORTHOSTM004926	1.0	1.3057574831579002	-14.335867994507748	1.0	
ORTHOSTM004929	1.0	1.066035948825195	-13.00587812077085	1.0	
ORTHOSTM004931	1.0	1.058811376734648	-12.86437412301785	1.0	
ORTHOSTM004933	1.0	1.058811376734648	-12.86437412301785	1.0	
ORTHOSTM004934	1.0	1.066035948825195	-13.00587812077085	1.0	
ORTHOSTM004939	1.0	1.066035948825195	-13.00587812077085	1.0	
ORTHOSTM004940	1.0	1.066035948825195	-13.00587812077085	1.0	
ORTHOSTM004944	1.0	1.058811376734648	-12.86437412301785	1.0	
ORTHOSTM004946	1.0	1.058811376734648	-12.86437412301785	1.0	
ORTHOSTM004948	1.0	1.054273533268815	-12.875573644813567	1.0	
ORTHOSTM004949	1.0	1.058811376734648	-12.86437412301785	1.0	
ORTHOSTM004950	1.0	1.066035948825195	-13.00587812077085	1.0	
ORTHOSTM004951	1.0	1.066035948825195	-13.00587812077085	1.0	
ORTHOSTM004953	1.0	1.0429299254157618	-12.86056624248668	1.0	
ORTHOSTM004954	1.0	1.058811376734648	-12.86437412301785	1.0	
ORTHOSTM004956	1.0	1.066035948825195	-13.00587812077085	1.0	
ORTHOSTM004959	1.0	1.0754945548307584	-13.143104917974036	1.0	
ORTHOSTM004961	1.0	1.058811376734648	-12.86437412301785	1.0	
ORTHOSTM004965	1.0	1.058811376734648	-12.86437412301785	1.0	
ORTHOSTM004967	1.0	1.058811376734648	-12.86437412301785	1.0	
ORTHOSTM004968	1.0	1.058811376734648	-12.86437412301785	1.0	
ORTHOSTM004971	1.0	1.058811376734648	-12.86437412301785	1.0	
ORTHOSTM004972	1.0	1.066035948825195	-13.00587812077085	1.0	
ORTHOSTM004973	1.0	1.058811376734648	-12.86437412301785	1.0	
ORTHOSTM004975	1.0	1.054273533268815	-12.875573644813567	1.0	
ORTHOSTM004978	1.0	1.066035948825195	-13.00587812077085	1.0	
ORTHOSTM004981	1.0	1.066035948825195	-13.00587812077085	1.0	
ORTHOSTM004982	1.0	1.058811376734648	-12.86437412301785	1.0	
ORTHOSTM004990	1.0	1.0429299254157618	-12.86056624248668	1.0	
ORTHOSTM004993	1.0	1.066035948825195	-13.00587812077085	1.0	
ORTHOSTM005004	1.0	1.058811376734648	-12.86437412301785	1.0	
ORTHOSTM005005	1.0	1.054273533268815	-12.875573644813567	1.0	
ORTHOSTM005006	1.0	1.066035948825195	-13.00587812077085	1.0	
ORTHOSTM005007	1.0	1.066035948825195	-13.00587812077085	1.0	
ORTHOSTM005008	1.0	1.169506042907772	-13.449909453228193	1.0	
ORTHOSTM005009	1.0	1.0429299254157618	-12.86056624248668	1.0	
ORTHOSTM005010	1.0	1.058811376734648	-12.86437412301785	1.0	
ORTHOSTM005013	1.0	1.054273533268815	-12.875573644813567	1.0	
ORTHOSTM005014	1.0	1.058811376734648	-12.86437412301785	1.0	
ORTHOSTM005016	1.0	1.066035948825195	-13.00587812077085	1.0	
ORTHOSTM005017	1.0	1.269534511761382	-13.866441941548102	1.0	
ORTHOSTM005019	1.0	1.058811376734648	-12.86437412301785	1.0	
ORTHOSTM005021	1.0	1.066035948825195	-13.00587812077085	1.0	
ORTHOSTM005022	1.0	1.066035948825195	-13.00587812077085	1.0	
ORTHOSTM005026	1.0	1.1756317125954363	-13.661547333301685	1.0	
ORTHOSTM005029	1.0	1.054273533268815	-12.875573644813567	1.0	
ORTHOSTM005030	1.0	1.054273533268815	-12.875573644813567	1.0	
ORTHOSTM005031	1.0	1.269534511761382	-13.866441941548102	1.0	
ORTHOSTM005033	1.0	1.0754945548307584	-13.143104917974036	1.0	
ORTHOSTM005037	1.0	1.1756317125954363	-13.661547333301685	1.0	
ORTHOSTM005042	1.0	1.0429299254157618	-12.86056624248668	1.0	
ORTHOSTM005043	1.0	1.066035948825195	-13.00587812077085	1.0	
ORTHOSTM005044	1.0	1.054273533268815	-12.875573644813567	1.0	
ORTHOSTM005050	1.0	1.058811376734648	-12.86437412301785	1.0	
ORTHOSTM005052	1.0	1.3057574831579002	-14.335867994507748	1.0	
ORTHOSTM005053	1.0	1.058811376734648	-12.86437412301785	1.0	
ORTHOSTM005056	1.0	1.066035948825195	-13.00587812077085	1.0	
ORTHOSTM005057	1.0	1.058811376734648	-12.86437412301785	1.0	
ORTHOSTM005058	1.0	1.058811376734648	-12.86437412301785	1.0	
ORTHOSTM005061	1.0	1.066035948825195	-13.00587812077085	1.0	
ORTHOSTM005062	1.0	1.169506042907772	-13.449909453228193	1.0	
ORTHOSTM005065	1.0	1.066035948825195	-13.00587812077085	1.0	
ORTHOSTM005072	1.0	1.058811376734648	-12.86437412301785	1.0	
ORTHOSTM005074	1.0	1.066035948825195	-13.00587812077085	1.0	
ORTHOSTM005076	1.0	1.066035948825195	-13.00587812077085	1.0	
ORTHOSTM005077	1.0	1.058811376734648	-12.86437412301785	1.0	
ORTHOSTM005085	1.0	1.3057574831579002	-14.335867994507748	1.0	
ORTHOSTM005086	1.0	1.1894242649171847	-13.775930737038312	1.0	
ORTHOSTM005090	1.0	1.066035948825195	-13.00587812077085	1.0	
ORTHOSTM005091	1.0	1.058811376734648	-12.86437412301785	1.0	
ORTHOSTM005095	1.0	1.058811376734648	-12.86437412301785	1.0	
ORTHOSTM005096	1.0	1.058811376734648	-12.86437412301785	1.0	
ORTHOSTM005097	1.0	1.066035948825195	-13.00587812077085	1.0	
ORTHOSTM005098	1.0	1.058811376734648	-12.86437412301785	1.0	
ORTHOSTM005099	1.0	1.058811376734648	-12.86437412301785	1.0	
ORTHOSTM005100	1.0	1.066035948825195	-13.00587812077085	1.0	
ORTHOSTM005101	1.0	1.066035948825195	-13.00587812077085	1.0	
ORTHOSTM005103	1.0	1.058811376734648	-12.86437412301785	1.0	
ORTHOSTM005104	1.0	1.1756317125954363	-13.661547333301685	1.0	
ORTHOSTM005105	1.0	1.058811376734648	-12.86437412301785	1.0	
ORTHOSTM005106	1.0	1.058811376734648	-12.86437412301785	1.0	
ORTHOSTM005107	1.0	1.066035948825195	-13.00587812077085	1.0	
ORTHOSTM005109	1.0	1.058811376734648	-12.86437412301785	1.0	
ORTHOSTM005110	1.0	1.1756317125954363	-13.661547333301685	1.0	
ORTHOSTM005113	1.0	1.066035948825195	-13.00587812077085	1.0	
ORTHOSTM005115	1.0	1.058811376734648	-12.86437412301785	1.0	
ORTHOSTM005117	1.0	1.066035948825195	-13.00587812077085	1.0	
ORTHOSTM005118	1.0	1.058811376734648	-12.86437412301785	1.0	
ORTHOSTM005120	1.0	1.169506042907772	-13.449909453228193	1.0	
ORTHOSTM005121	1.0	1.058811376734648	-12.86437412301785	1.0	
ORTHOSTM005124	1.0	1.058811376734648	-12.86437412301785	1.0	
ORTHOSTM005125	1.0	1.0429299254157618	-12.86056624248668	1.0	
ORTHOSTM005126	1.0	1.054273533268815	-12.875573644813567	1.0	
ORTHOSTM005127	1.0	1.066035948825195	-13.00587812077085	1.0	
ORTHOSTM005128	1.0	1.058811376734648	-12.86437412301785	1.0	
ORTHOSTM005129	1.0	1.169506042907772	-13.449909453228193	1.0	
ORTHOSTM005132	1.0	1.058811376734648	-12.86437412301785	1.0	
ORTHOSTM005133	1.0	1.066035948825195	-13.00587812077085	1.0	
ORTHOSTM005137	1.0	1.058811376734648	-12.86437412301785	1.0	
ORTHOSTM005139	1.0	1.058811376734648	-12.86437412301785	1.0	
ORTHOSTM005141	1.0	1.3057574831579002	-14.335867994507748	1.0	
ORTHOSTM005146	1.0	1.3057574831579002	-14.335867994507748	1.0	
ORTHOSTM005147	1.0	1.058811376734648	-12.86437412301785	1.0	
ORTHOSTM005148	1.0	1.066035948825195	-13.00587812077085	1.0	
ORTHOSTM005150	1.0	1.058811376734648	-12.86437412301785	1.0	
ORTHOSTM005156	1.0	1.058811376734648	-12.86437412301785	1.0	
ORTHOSTM005159	1.0	1.066035948825195	-13.00587812077085	1.0	
ORTHOSTM005161	1.0	1.054273533268815	-12.875573644813567	1.0	
ORTHOSTM005163	1.0	1.058811376734648	-12.86437412301785	1.0	
ORTHOSTM005166	1.0	1.1791986790749214	-13.650836901729901	1.0	
ORTHOSTM005168	1.0	1.066035948825195	-13.00587812077085	1.0	
ORTHOSTM005170	1.0	1.066035948825195	-13.00587812077085	1.0	
ORTHOSTM005172	1.0	1.0429299254157618	-12.86056624248668	1.0	
ORTHOSTM005173	1.0	1.1791986790749214	-13.650836901729901	1.0	
ORTHOSTM005174	1.0	1.3057574831579002	-14.335867994507748	1.0	
ORTHOSTM005176	1.0	1.3057574831579002	-14.335867994507748	1.0	
ORTHOSTM005177	1.0	1.058811376734648	-12.86437412301785	1.0	
ORTHOSTM005178	1.0	1.1791986790749214	-13.650836901729901	1.0	
ORTHOSTM005180	1.0	1.058811376734648	-12.86437412301785	1.0	
ORTHOSTM005183	1.0	1.058811376734648	-12.86437412301785	1.0	
ORTHOSTM005184	1.0	1.054273533268815	-12.875573644813567	1.0	
ORTHOSTM005185	1.0	1.3057574831579002	-14.335867994507748	1.0	
ORTHOSTM005188	1.0	1.066035948825195	-13.00587812077085	1.0	
ORTHOSTM005189	1.0	1.066035948825195	-13.00587812077085	1.0	
ORTHOSTM005190	1.0	1.0754945548307584	-13.143104917974036	1.0	
ORTHOSTM005191	1.0	1.054273533268815	-12.875573644813567	1.0	
ORTHOSTM005193	1.0	1.058811376734648	-12.86437412301785	1.0	
ORTHOSTM005194	1.0	1.066035948825195	-13.00587812077085	1.0	
ORTHOSTM005195	1.0	1.058811376734648	-12.86437412301785	1.0	
ORTHOSTM005197	1.0	1.058811376734648	-12.86437412301785	1.0	
ORTHOSTM005199	1.0	1.2683090885362942	-13.783738836286156	1.0	
ORTHOSTM005200	1.0	1.1756317125954363	-13.661547333301685	1.0	
ORTHOSTM005204	1.0	1.058811376734648	-12.86437412301785	1.0	
ORTHOSTM005205	1.0	1.058811376734648	-12.86437412301785	1.0	
ORTHOSTM005208	1.0	1.0429299254157618	-12.86056624248668	1.0	
ORTHOSTM005211	1.0	1.1756317125954363	-13.661547333301685	1.0	
ORTHOSTM005214	2.0	1.2819196146162186	-13.675192238107202	1.0	
ORTHOSTM005216	1.0	1.058811376734648	-12.86437412301785	1.0	
ORTHOSTM005221	1.0	1.1756317125954363	-13.661547333301685	1.0	
ORTHOSTM005222	1.0	1.1756317125954363	-13.661547333301685	1.0	
ORTHOSTM005223	1.0	1.054273533268815	-12.875573644813567	1.0	
ORTHOSTM005225	1.0	1.058811376734648	-12.86437412301785	1.0	
ORTHOSTM005226	1.0	1.054273533268815	-12.875573644813567	1.0	
ORTHOSTM005227	1.0	1.269534511761382	-13.866441941548102	1.0	
ORTHOSTM005230	1.0	1.066035948825195	-13.00587812077085	1.0	
ORTHOSTM005231	1.0	1.058811376734648	-12.86437412301785	1.0	
ORTHOSTM005232	1.0	1.1756317125954363	-13.661547333301685	1.0	
ORTHOSTM005237	1.0	1.066035948825195	-13.00587812077085	1.0	
ORTHOSTM005239	1.0	1.066035948825195	-13.00587812077085	1.0	
ORTHOSTM005240	1.0	1.058811376734648	-12.86437412301785	1.0	
ORTHOSTM005241	1.0	1.066035948825195	-13.00587812077085	1.0	
ORTHOSTM005243	1.0	1.1756317125954363	-13.661547333301685	1.0	
ORTHOSTM005245	1.0	1.0429299254157618	-12.86056624248668	1.0	
ORTHOSTM005246	1.0	1.066035948825195	-13.00587812077085	1.0	
ORTHOSTM005247	1.0	1.058811376734648	-12.86437412301785	1.0	
ORTHOSTM005248	1.0	1.1756317125954363	-13.661547333301685	1.0	
ORTHOSTM005250	1.0	1.25454853620882	-13.710407597916854	1.0	
ORTHOSTM005251	1.0	1.054273533268815	-12.875573644813567	1.0	
ORTHOSTM005252	1.0	1.0429299254157618	-12.86056624248668	1.0	
ORTHOSTM005255	1.0	1.058811376734648	-12.86437412301785	1.0	
ORTHOSTM005257	1.0	1.058811376734648	-12.86437412301785	1.0	
ORTHOSTM005260	1.0	1.066035948825195	-13.00587812077085	1.0	
ORTHOSTM005261	1.0	1.269534511761382	-13.866441941548102	1.0	
ORTHOSTM005262	1.0	1.058811376734648	-12.86437412301785	1.0	
ORTHOSTM005263	1.0	1.054273533268815	-12.875573644813567	1.0	
ORTHOSTM005264	1.0	1.058811376734648	-12.86437412301785	1.0	
ORTHOSTM005265	1.0	1.2683090885362942	-13.783738836286156	1.0	
ORTHOSTM005266	1.0	1.0754945548307584	-13.143104917974036	1.0	
ORTHOSTM005268	1.0	1.058811376734648	-12.86437412301785	1.0	
ORTHOSTM005269	1.0	1.054273533268815	-12.875573644813567	1.0	
ORTHOSTM005270	1.0	1.066035948825195	-13.00587812077085	1.0	
ORTHOSTM005271	1.0	1.066035948825195	-13.00587812077085	1.0	
ORTHOSTM005272	1.0	1.25454853620882	-13.710407597916854	1.0	
ORTHOSTM005274	1.0	1.269534511761382	-13.866441941548102	1.0	
ORTHOSTM005275	1.0	1.058811376734648	-12.86437412301785	1.0	
ORTHOSTM005276	1.0	1.058811376734648	-12.86437412301785	1.0	
ORTHOSTM005279	1.0	1.0429299254157618	-12.86056624248668	1.0	
ORTHOSTM005283	1.0	1.058811376734648	-12.86437412301785	1.0	
ORTHOSTM005287	1.0	1.066035948825195	-13.00587812077085	1.0	
ORTHOSTM005288	1.0	1.058811376734648	-12.86437412301785	1.0	
ORTHOSTM005289	1.0	1.066035948825195	-13.00587812077085	1.0	
ORTHOSTM005290	1.0	1.066035948825195	-13.00587812077085	1.0	
ORTHOSTM005291	1.0	1.066035948825195	-13.00587812077085	1.0	
ORTHOSTM005293	1.0	1.058811376734648	-12.86437412301785	1.0	
ORTHOSTM005298	2.0	1.2819196146162186	-13.675192238107202	1.0	
ORTHOSTM005306	1.0	1.066035948825195	-13.00587812077085	1.0	
ORTHOSTM005311	1.0	1.1791986790749214	-13.650836901729901	1.0	
ORTHOSTM005312	1.0	1.058811376734648	-12.86437412301785	1.0	
ORTHOSTM005313	1.0	1.058811376734648	-12.86437412301785	1.0	
ORTHOSTM005315	1.0	1.058811376734648	-12.86437412301785	1.0	
ORTHOSTM005316	1.0	1.058811376734648	-12.86437412301785	1.0	
ORTHOSTM005319	1.0	1.0754945548307584	-13.143104917974036	1.0	
ORTHOSTM005320	1.0	1.066035948825195	-13.00587812077085	1.0	
ORTHOSTM005321	1.0	1.2683090885362942	-13.783738836286156	1.0	
ORTHOSTM005323	1.0	1.058811376734648	-12.86437412301785	1.0	
ORTHOSTM005325	1.0	1.058811376734648	-12.86437412301785	1.0	
ORTHOSTM005328	1.0	1.0429299254157618	-12.86056624248668	1.0	
ORTHOSTM005330	1.0	1.058811376734648	-12.86437412301785	1.0	
ORTHOSTM005332	1.0	1.0429299254157618	-12.86056624248668	1.0	
ORTHOSTM005333	1.0	1.066035948825195	-13.00587812077085	1.0	
ORTHOSTM005336	1.0	1.066035948825195	-13.00587812077085	1.0	
ORTHOSTM005337	1.0	1.169506042907772	-13.449909453228193	1.0	
ORTHOSTM005338	1.0	1.058811376734648	-12.86437412301785	1.0	
ORTHOSTM005341	1.0	1.058811376734648	-12.86437412301785	1.0	
ORTHOSTM005344	1.0	1.066035948825195	-13.00587812077085	1.0	
ORTHOSTM005346	1.0	1.169506042907772	-13.449909453228193	1.0	
ORTHOSTM005347	1.0	1.058811376734648	-12.86437412301785	1.0	
ORTHOSTM005350	1.0	1.066035948825195	-13.00587812077085	1.0	
ORTHOSTM005353	1.0	1.1791986790749214	-13.650836901729901	1.0	
ORTHOSTM005356	1.0	1.066035948825195	-13.00587812077085	1.0	
ORTHOSTM005359	1.0	1.0754945548307584	-13.143104917974036	1.0	
ORTHOSTM005360	1.0	1.2683090885362942	-13.783738836286156	1.0	
ORTHOSTM005361	1.0	1.054273533268815	-12.875573644813567	1.0	
ORTHOSTM005365	1.0	1.054273533268815	-12.875573644813567	1.0	
ORTHOSTM005367	1.0	1.0429299254157618	-12.86056624248668	1.0	
ORTHOSTM005370	1.0	1.0429299254157618	-12.86056624248668	1.0	
ORTHOSTM005372	1.0	1.1756317125954363	-13.661547333301685	1.0	
ORTHOSTM005373	1.0	1.058811376734648	-12.86437412301785	1.0	
ORTHOSTM005375	1.0	1.058811376734648	-12.86437412301785	1.0	
ORTHOSTM005376	1.0	1.058811376734648	-12.86437412301785	1.0	
ORTHOSTM005377	1.0	1.066035948825195	-13.00587812077085	1.0	
ORTHOSTM005378	1.0	1.066035948825195	-13.00587812077085	1.0	
ORTHOSTM005380	1.0	1.269534511761382	-13.866441941548102	1.0	
ORTHOSTM005381	1.0	1.066035948825195	-13.00587812077085	1.0	
ORTHOSTM005384	1.0	1.25454853620882	-13.710407597916854	1.0	
ORTHOSTM005385	1.0	1.058811376734648	-12.86437412301785	1.0	
ORTHOSTM005386	1.0	1.058811376734648	-12.86437412301785	1.0	
ORTHOSTM005387	1.0	1.0429299254157618	-12.86056624248668	1.0	
ORTHOSTM005388	1.0	1.058811376734648	-12.86437412301785	1.0	
ORTHOSTM005389	1.0	1.066035948825195	-13.00587812077085	1.0	
ORTHOSTM005390	1.0	1.058811376734648	-12.86437412301785	1.0	
ORTHOSTM005391	1.0	1.066035948825195	-13.00587812077085	1.0	
ORTHOSTM005393	1.0	1.1756317125954363	-13.661547333301685	1.0	
ORTHOSTM005394	1.0	1.058811376734648	-12.86437412301785	1.0	
ORTHOSTM005396	1.0	1.1756317125954363	-13.661547333301685	1.0	
ORTHOSTM005403	1.0	1.184569569928212	-13.905554948162141	1.0	
ORTHOSTM005410	1.0	1.184569569928212	-13.905554948162141	1.0	
ORTHOSTM005414	1.0	1.184569569928212	-13.905554948162141	1.0	
ORTHOSTM005420	1.0	1.3850796183241358	-14.73634021472901	1.0	
ORTHOSTM005421	1.0	1.184569569928212	-13.905554948162141	1.0	
ORTHOSTM005422	1.0	1.184569569928212	-13.905554948162141	1.0	
ORTHOSTM005436	1.0	1.1791986790749214	-13.650836901729901	1.0	
ORTHOSTM005440	1.0	1.1883434944649358	-13.887069527432594	1.0	
ORTHOSTM005441	1.0	1.414275671093919	-15.144041473543153	1.0	
ORTHOSTM005445	1.0	1.036685723135302	-13.09861458001566	1.0	
ORTHOSTM005447	1.0	1.0601669090143078	-13.243386241221511	1.0	
ORTHOSTM005448	1.0	1.319196333178142	-14.04658396010975	1.0	
ORTHOSTM005449	1.0	1.319196333178142	-14.04658396010975	1.0	
ORTHOSTM005455	1.0	1.0574613862329925	-13.380903961365266	1.0	
ORTHOSTM005458	1.0	1.1988454280930212	-14.012047927936173	1.0	
ORTHOSTM005460	1.0	1.0601669090143078	-13.243386241221511	1.0	
ORTHOSTM005463	1.0	1.319196333178142	-14.04658396010975	1.0	
ORTHOSTM005464	1.0	1.319196333178142	-14.04658396010975	1.0	
ORTHOSTM005465	1.0	1.319196333178142	-14.04658396010975	1.0	
ORTHOSTM005468	1.0	1.319196333178142	-14.04658396010975	1.0	
ORTHOSTM005469	1.0	1.058811376734648	-12.86437412301785	1.0	
ORTHOSTM005470	1.0	1.319196333178142	-14.04658396010975	1.0	
ORTHOSTM005472	1.0	1.0601669090143078	-13.243386241221511	1.0	
ORTHOSTM005475	1.0	1.319196333178142	-14.04658396010975	1.0	
ORTHOSTM005476	1.0	1.047976107642397	-13.113337801733655	1.0	
ORTHOSTM005479	1.0	1.0601669090143078	-13.243386241221511	1.0	
ORTHOSTM005481	1.0	1.319196333178142	-14.04658396010975	1.0	
ORTHOSTM005482	1.0	1.036685723135302	-13.09861458001566	1.0	
ORTHOSTM005486	1.0	1.319196333178142	-14.04658396010975	1.0	
ORTHOSTM005487	1.0	1.0601669090143078	-13.243386241221511	1.0	
ORTHOSTM005488	1.0	1.1955392935864413	-13.988571930980651	1.0	
ORTHOSTM005489	1.0	1.0574613862329925	-13.380903961365266	1.0	
ORTHOSTM005490	1.0	1.0601669090143078	-13.243386241221511	1.0	
ORTHOSTM005491	1.0	1.047976107642397	-13.113337801733655	1.0	
ORTHOSTM005492	1.0	1.0574613862329925	-13.380903961365266	1.0	
ORTHOSTM005493	1.0	1.0601669090143078	-13.243386241221511	1.0	
ORTHOSTM005496	1.0	1.0574613862329925	-13.380903961365266	1.0	
ORTHOSTM005497	1.0	1.0601669090143078	-13.243386241221511	1.0	
ORTHOSTM005499	1.0	1.319196333178142	-14.04658396010975	1.0	
ORTHOSTM005500	1.0	1.0601669090143078	-13.243386241221511	1.0	
ORTHOSTM005501	1.0	1.319196333178142	-14.04658396010975	1.0	
ORTHOSTM005502	1.0	1.0601669090143078	-13.243386241221511	1.0	
ORTHOSTM005504	1.0	1.319196333178142	-14.04658396010975	1.0	
ORTHOSTM005505	1.0	1.1988454280930212	-14.012047927936173	1.0	
ORTHOSTM005506	1.0	1.0601669090143078	-13.243386241221511	1.0	
ORTHOSTM005508	1.0	1.0601669090143078	-13.243386241221511	1.0	
ORTHOSTM005509	1.0	1.058811376734648	-12.86437412301785	1.0	
ORTHOSTM005510	1.0	1.319196333178142	-14.04658396010975	1.0	
ORTHOSTM005511	1.0	1.0601669090143078	-13.243386241221511	1.0	
ORTHOSTM005512	1.0	1.1883434944649358	-13.887069527432594	1.0	
ORTHOSTM005513	1.0	1.047976107642397	-13.113337801733655	1.0	
ORTHOSTM005514	1.0	1.036685723135302	-13.09861458001566	1.0	
ORTHOSTM005516	1.0	1.0601669090143078	-13.243386241221511	1.0	
ORTHOSTM005517	1.0	1.0601669090143078	-13.243386241221511	1.0	
ORTHOSTM005518	1.0	1.319196333178142	-14.04658396010975	1.0	
ORTHOSTM005519	2.0	1.2808009776412745	-13.910184928993742	1.0	
ORTHOSTM005520	1.0	1.319196333178142	-14.04658396010975	1.0	
ORTHOSTM005522	1.0	1.0601669090143078	-13.243386241221511	1.0	
ORTHOSTM005523	2.0	1.2808009776412745	-13.910184928993742	1.0	
ORTHOSTM005525	1.0	1.0565572455556602	-13.239937469861037	1.0	
ORTHOSTM005527	1.0	1.0565572455556602	-13.239937469861037	1.0	
ORTHOSTM005529	1.0	1.066035948825195	-13.00587812077085	1.0	
ORTHOSTM005530	1.0	1.066035948825195	-13.00587812077085	1.0	
ORTHOSTM005542	1.0	1.066035948825195	-13.00587812077085	1.0	
ORTHOSTM005555	1.0	1.1779918899961392	-13.684863623725871	1.0	
ORTHOSTM005557	1.0	1.032071357568218	-13.109735339076265	1.0	
ORTHOSTM005558	1.0	1.054273533268815	-12.875573644813567	1.0	
ORTHOSTM005559	1.0	1.054273533268815	-12.875573644813567	1.0	
ORTHOSTM005565	1.0	1.1838039600789476	-13.886647634009398	1.0	
ORTHOSTM005566	1.0	1.1779918899961392	-13.684863623725871	1.0	
ORTHOSTM005567	1.0	1.2683090885362942	-13.783738836286156	1.0	
ORTHOSTM005570	1.0	1.0429299254157618	-12.86056624248668	1.0	
ORTHOSTM005572	1.0	1.2635997692784386	-14.08063780056946	1.0	
ORTHOSTM005573	1.0	1.312435729283603	-14.572918084663604	1.0	
ORTHOSTM005574	1.0	1.1791986790749214	-13.650836901729901	1.0	
ORTHOSTM005575	1.0	1.0429299254157618	-12.86056624248668	1.0	
ORTHOSTM005577	1.0	1.0754945548307584	-13.143104917974036	1.0	
ORTHOSTM005579	1.0	1.1822129145291684	-13.897960206799167	1.0	
ORTHOSTM005656	2.0	1.4177885355586162	-14.408442595233517	0.999	
ORTHOSTM005705	1.0	1.176188058884751	-13.680563307092092	1.0	
ORTHOSTM005713	1.0	1.176188058884751	-13.680563307092092	1.0	
ORTHOSTM005742	1.0	1.176188058884751	-13.680563307092092	1.0	
ORTHOSTM005746	1.0	1.176188058884751	-13.680563307092092	1.0	
ORTHOSTM005749	1.0	1.176188058884751	-13.680563307092092	1.0	
ORTHOSTM005758	1.0	1.176188058884751	-13.680563307092092	1.0	
ORTHOSTM005760	1.0	1.176188058884751	-13.680563307092092	1.0	
ORTHOSTM005765	1.0	1.176188058884751	-13.680563307092092	1.0	
ORTHOSTM005767	1.0	1.176188058884751	-13.680563307092092	1.0	
ORTHOSTM005787	1.0	1.176188058884751	-13.680563307092092	1.0	
ORTHOSTM005814	1.0	1.176188058884751	-13.680563307092092	1.0	
ORTHOSTM005858	1.0	1.171850250740972	-13.444824536295052	1.0	
ORTHOSTM005859	1.0	1.171850250740972	-13.444824536295052	1.0	
ORTHOSTM005876	1.0	1.171850250740972	-13.444824536295052	1.0	
ORTHOSTM005879	1.0	1.171850250740972	-13.444824536295052	1.0	
ORTHOSTM005888	1.0	1.171850250740972	-13.444824536295052	1.0	
ORTHOSTM005889	1.0	1.171850250740972	-13.444824536295052	1.0	
ORTHOSTM005890	1.0	1.171850250740972	-13.444824536295052	1.0	
ORTHOSTM005895	1.0	1.171850250740972	-13.444824536295052	1.0	
ORTHOSTM005896	1.0	1.171850250740972	-13.444824536295052	1.0	
ORTHOSTM005897	1.0	1.171850250740972	-13.444824536295052	1.0	
ORTHOSTM005899	1.0	1.171850250740972	-13.444824536295052	1.0	
ORTHOSTM005904	1.0	1.171850250740972	-13.444824536295052	1.0	
ORTHOSTM005906	1.0	1.171850250740972	-13.444824536295052	1.0	
ORTHOSTM005910	1.0	1.171850250740972	-13.444824536295052	1.0	
ORTHOSTM005913	1.0	1.171850250740972	-13.444824536295052	1.0	
ORTHOSTM005919	1.0	1.171850250740972	-13.444824536295052	1.0	
ORTHOSTM005924	1.0	1.171850250740972	-13.444824536295052	1.0	
ORTHOSTM005926	1.0	1.171850250740972	-13.444824536295052	1.0	
ORTHOSTM005929	1.0	1.171850250740972	-13.444824536295052	1.0	
ORTHOSTM005933	1.0	1.171850250740972	-13.444824536295052	1.0	
ORTHOSTM005935	1.0	1.171850250740972	-13.444824536295052	1.0	
ORTHOSTM005947	1.0	1.171850250740972	-13.444824536295052	1.0	
ORTHOSTM005949	1.0	1.171850250740972	-13.444824536295052	1.0	
ORTHOSTM005953	1.0	1.171850250740972	-13.444824536295052	1.0	
ORTHOSTM005956	1.0	1.171850250740972	-13.444824536295052	1.0	
ORTHOSTM005957	1.0	1.171850250740972	-13.444824536295052	1.0	
ORTHOSTM005960	1.0	1.171850250740972	-13.444824536295052	1.0	
ORTHOSTM005963	1.0	1.171850250740972	-13.444824536295052	1.0	
ORTHOSTM005970	1.0	1.171850250740972	-13.444824536295052	1.0	
ORTHOSTM005981	1.0	1.171850250740972	-13.444824536295052	1.0	
ORTHOSTM005985	1.0	1.171850250740972	-13.444824536295052	1.0	
ORTHOSTM005992	1.0	1.171850250740972	-13.444824536295052	1.0	
ORTHOSTM005997	1.0	1.171850250740972	-13.444824536295052	1.0	
ORTHOSTM006005	1.0	1.171850250740972	-13.444824536295052	1.0	
ORTHOSTM006007	1.0	1.171850250740972	-13.444824536295052	1.0	
ORTHOSTM006015	1.0	1.171850250740972	-13.444824536295052	1.0	
ORTHOSTM006016	1.0	1.171850250740972	-13.444824536295052	1.0	
ORTHOSTM006017	1.0	1.171850250740972	-13.444824536295052	1.0	
ORTHOSTM006030	1.0	1.171850250740972	-13.444824536295052	1.0	
ORTHOSTM006032	1.0	1.171850250740972	-13.444824536295052	1.0	
ORTHOSTM006038	1.0	1.171850250740972	-13.444824536295052	1.0	
ORTHOSTM006039	1.0	1.171850250740972	-13.444824536295052	1.0	
ORTHOSTM006043	1.0	1.171850250740972	-13.444824536295052	1.0	
ORTHOSTM006044	1.0	1.171850250740972	-13.444824536295052	1.0	
ORTHOSTM006047	1.0	1.171850250740972	-13.444824536295052	1.0	
ORTHOSTM006049	1.0	1.171850250740972	-13.444824536295052	1.0	
ORTHOSTM006050	1.0	1.171850250740972	-13.444824536295052	1.0	
ORTHOSTM006054	1.0	1.171850250740972	-13.444824536295052	1.0	
ORTHOSTM006059	1.0	1.171850250740972	-13.444824536295052	1.0	
ORTHOSTM006061	1.0	1.171850250740972	-13.444824536295052	1.0	
ORTHOSTM006066	1.0	1.171850250740972	-13.444824536295052	1.0	
ORTHOSTM006067	1.0	1.171850250740972	-13.444824536295052	1.0	
ORTHOSTM006071	1.0	1.171850250740972	-13.444824536295052	1.0	
ORTHOSTM006072	1.0	1.171850250740972	-13.444824536295052	1.0	
ORTHOSTM006073	1.0	1.171850250740972	-13.444824536295052	1.0	
ORTHOSTM006077	1.0	1.171850250740972	-13.444824536295052	1.0	
ORTHOSTM006081	1.0	1.171850250740972	-13.444824536295052	1.0	
ORTHOSTM006082	1.0	1.171850250740972	-13.444824536295052	1.0	
ORTHOSTM006086	1.0	1.171850250740972	-13.444824536295052	1.0	
ORTHOSTM006087	1.0	1.171850250740972	-13.444824536295052	1.0	
ORTHOSTM006089	1.0	1.171850250740972	-13.444824536295052	1.0	
ORTHOSTM006090	1.0	1.171850250740972	-13.444824536295052	1.0	
ORTHOSTM006092	1.0	1.171850250740972	-13.444824536295052	1.0	
ORTHOSTM006094	1.0	1.171850250740972	-13.444824536295052	1.0	
ORTHOSTM006100	1.0	1.171850250740972	-13.444824536295052	1.0	
ORTHOSTM006105	1.0	1.171850250740972	-13.444824536295052	1.0	
ORTHOSTM006107	1.0	1.171850250740972	-13.444824536295052	1.0	
ORTHOSTM006109	1.0	1.171850250740972	-13.444824536295052	1.0	
ORTHOSTM006119	1.0	1.171850250740972	-13.444824536295052	1.0	
ORTHOSTM006125	1.0	1.171850250740972	-13.444824536295052	1.0	
ORTHOSTM006127	1.0	1.171850250740972	-13.444824536295052	1.0	
ORTHOSTM006130	1.0	1.171850250740972	-13.444824536295052	1.0	
ORTHOSTM006133	1.0	1.171850250740972	-13.444824536295052	1.0	
ORTHOSTM006134	1.0	1.171850250740972	-13.444824536295052	1.0	
ORTHOSTM006136	1.0	1.171850250740972	-13.444824536295052	1.0	
ORTHOSTM006137	1.0	1.171850250740972	-13.444824536295052	1.0	
ORTHOSTM006139	1.0	1.171850250740972	-13.444824536295052	1.0	
ORTHOSTM006142	1.0	1.171850250740972	-13.444824536295052	1.0	
ORTHOSTM006143	1.0	1.171850250740972	-13.444824536295052	1.0	
ORTHOSTM006145	1.0	1.171850250740972	-13.444824536295052	1.0	
ORTHOSTM006146	1.0	1.171850250740972	-13.444824536295052	1.0	
ORTHOSTM006147	1.0	1.171850250740972	-13.444824536295052	1.0	
ORTHOSTM006148	1.0	1.171850250740972	-13.444824536295052	1.0	
ORTHOSTM006149	1.0	1.171850250740972	-13.444824536295052	1.0	
ORTHOSTM006160	1.0	1.171850250740972	-13.444824536295052	1.0	
ORTHOSTM006166	1.0	1.171850250740972	-13.444824536295052	1.0	
ORTHOSTM006167	1.0	1.171850250740972	-13.444824536295052	1.0	
ORTHOSTM006168	1.0	1.171850250740972	-13.444824536295052	1.0	
ORTHOSTM006169	1.0	1.171850250740972	-13.444824536295052	1.0	
ORTHOSTM006174	1.0	1.171850250740972	-13.444824536295052	1.0	
ORTHOSTM006175	1.0	1.171850250740972	-13.444824536295052	1.0	
ORTHOSTM006178	1.0	1.171850250740972	-13.444824536295052	1.0	
ORTHOSTM006179	1.0	1.171850250740972	-13.444824536295052	1.0	
ORTHOSTM006189	1.0	1.171850250740972	-13.444824536295052	1.0	
ORTHOSTM006194	1.0	1.171850250740972	-13.444824536295052	1.0	
ORTHOSTM006196	1.0	1.171850250740972	-13.444824536295052	1.0	
ORTHOSTM006197	1.0	1.171850250740972	-13.444824536295052	1.0	
ORTHOSTM006198	1.0	1.171850250740972	-13.444824536295052	1.0	
ORTHOSTM006205	1.0	1.171850250740972	-13.444824536295052	1.0	
ORTHOSTM006206	1.0	1.171850250740972	-13.444824536295052	1.0	
ORTHOSTM006207	1.0	1.171850250740972	-13.444824536295052	1.0	
ORTHOSTM006208	1.0	1.171850250740972	-13.444824536295052	1.0	
ORTHOSTM006209	1.0	1.171850250740972	-13.444824536295052	1.0	
ORTHOSTM006213	1.0	1.171850250740972	-13.444824536295052	1.0	
ORTHOSTM006214	1.0	1.171850250740972	-13.444824536295052	1.0	
ORTHOSTM006215	1.0	1.171850250740972	-13.444824536295052	1.0	
ORTHOSTM006216	1.0	1.171850250740972	-13.444824536295052	1.0	
ORTHOSTM006219	1.0	1.171850250740972	-13.444824536295052	1.0	
ORTHOSTM006224	1.0	1.171850250740972	-13.444824536295052	1.0	
ORTHOSTM006227	1.0	1.171850250740972	-13.444824536295052	1.0	
ORTHOSTM006231	1.0	1.171850250740972	-13.444824536295052	1.0	
ORTHOSTM006232	1.0	1.171850250740972	-13.444824536295052	1.0	
ORTHOSTM006233	1.0	1.171850250740972	-13.444824536295052	1.0	
ORTHOSTM006236	1.0	1.171850250740972	-13.444824536295052	1.0	
ORTHOSTM006238	1.0	1.171850250740972	-13.444824536295052	1.0	
ORTHOSTM006242	1.0	1.171850250740972	-13.444824536295052	1.0	
ORTHOSTM006249	1.0	1.171850250740972	-13.444824536295052	1.0	
ORTHOSTM006250	1.0	1.171850250740972	-13.444824536295052	1.0	
ORTHOSTM006258	1.0	1.171850250740972	-13.444824536295052	1.0	
ORTHOSTM006264	1.0	1.171850250740972	-13.444824536295052	1.0	
ORTHOSTM006269	1.0	1.171850250740972	-13.444824536295052	1.0	
ORTHOSTM006271	1.0	1.171850250740972	-13.444824536295052	1.0	
ORTHOSTM006274	1.0	1.171850250740972	-13.444824536295052	1.0	
ORTHOSTM006275	1.0	1.171850250740972	-13.444824536295052	1.0	
ORTHOSTM006281	1.0	1.171850250740972	-13.444824536295052	1.0	
ORTHOSTM006284	1.0	1.171850250740972	-13.444824536295052	1.0	
ORTHOSTM006289	1.0	1.171850250740972	-13.444824536295052	1.0	
ORTHOSTM006293	1.0	1.171850250740972	-13.444824536295052	1.0	
ORTHOSTM006294	1.0	1.171850250740972	-13.444824536295052	1.0	
ORTHOSTM006301	1.0	1.171850250740972	-13.444824536295052	1.0	
ORTHOSTM006302	1.0	1.171850250740972	-13.444824536295052	1.0	
ORTHOSTM006304	1.0	1.171850250740972	-13.444824536295052	1.0	
ORTHOSTM006307	1.0	1.171850250740972	-13.444824536295052	1.0	
ORTHOSTM006308	1.0	1.171850250740972	-13.444824536295052	1.0	
ORTHOSTM006312	1.0	1.171850250740972	-13.444824536295052	1.0	
ORTHOSTM006314	1.0	1.171850250740972	-13.444824536295052	1.0	
ORTHOSTM006315	1.0	1.171850250740972	-13.444824536295052	1.0	
ORTHOSTM006316	1.0	1.171850250740972	-13.444824536295052	1.0	
ORTHOSTM006326	1.0	1.171850250740972	-13.444824536295052	1.0	
ORTHOSTM006329	1.0	1.171850250740972	-13.444824536295052	1.0	
ORTHOSTM006331	1.0	1.171850250740972	-13.444824536295052	1.0	
ORTHOSTM006332	1.0	1.171850250740972	-13.444824536295052	1.0	
ORTHOSTM006334	1.0	1.171850250740972	-13.444824536295052	1.0	
ORTHOSTM006339	1.0	1.171850250740972	-13.444824536295052	1.0	
ORTHOSTM006340	1.0	1.171850250740972	-13.444824536295052	1.0	
ORTHOSTM006344	1.0	1.171850250740972	-13.444824536295052	1.0	
ORTHOSTM006348	1.0	1.171850250740972	-13.444824536295052	1.0	
ORTHOSTM006354	1.0	1.171850250740972	-13.444824536295052	1.0	
ORTHOSTM006355	1.0	1.171850250740972	-13.444824536295052	1.0	
ORTHOSTM006358	1.0	1.171850250740972	-13.444824536295052	1.0	
ORTHOSTM006360	1.0	1.171850250740972	-13.444824536295052	1.0	
ORTHOSTM006361	1.0	1.171850250740972	-13.444824536295052	1.0	
ORTHOSTM006365	1.0	1.171850250740972	-13.444824536295052	1.0	
ORTHOSTM006370	1.0	1.171850250740972	-13.444824536295052	1.0	
ORTHOSTM006377	1.0	1.171850250740972	-13.444824536295052	1.0	
ORTHOSTM006378	1.0	1.171850250740972	-13.444824536295052	1.0	
ORTHOSTM006383	1.0	1.171850250740972	-13.444824536295052	1.0	
ORTHOSTM006386	1.0	1.171850250740972	-13.444824536295052	1.0	
ORTHOSTM006388	1.0	1.171850250740972	-13.444824536295052	1.0	
ORTHOSTM006389	1.0	1.171850250740972	-13.444824536295052	1.0	
ORTHOSTM006391	1.0	1.171850250740972	-13.444824536295052	1.0	
ORTHOSTM006394	1.0	1.171850250740972	-13.444824536295052	1.0	
ORTHOSTM006395	1.0	1.171850250740972	-13.444824536295052	1.0	
ORTHOSTM006398	1.0	1.171850250740972	-13.444824536295052	1.0	
ORTHOSTM006401	1.0	1.171850250740972	-13.444824536295052	1.0	
ORTHOSTM006410	1.0	1.171850250740972	-13.444824536295052	1.0	
ORTHOSTM006413	1.0	1.171850250740972	-13.444824536295052	1.0	
ORTHOSTM006416	1.0	1.171850250740972	-13.444824536295052	1.0	
ORTHOSTM006422	1.0	1.171850250740972	-13.444824536295052	1.0	
ORTHOSTM006424	1.0	1.171850250740972	-13.444824536295052	1.0	
ORTHOSTM006425	1.0	1.171850250740972	-13.444824536295052	1.0	
ORTHOSTM006427	1.0	1.171850250740972	-13.444824536295052	1.0	
ORTHOSTM006434	1.0	1.171850250740972	-13.444824536295052	1.0	
ORTHOSTM006440	1.0	1.3209955166720941	-14.43617773004061	1.0	
ORTHOSTM006444	1.0	1.3209955166720941	-14.43617773004061	1.0	
ORTHOSTM006446	1.0	1.3209955166720941	-14.43617773004061	1.0	
ORTHOSTM006452	1.0	1.3209955166720941	-14.43617773004061	1.0	
ORTHOSTM006453	1.0	1.3209955166720941	-14.43617773004061	1.0	
ORTHOSTM006454	1.0	1.3209955166720941	-14.43617773004061	1.0	
ORTHOSTM006461	1.0	1.3209955166720941	-14.43617773004061	1.0	
ORTHOSTM006466	1.0	1.3209955166720941	-14.43617773004061	1.0	
ORTHOSTM006474	1.0	1.3209955166720941	-14.43617773004061	1.0	
ORTHOSTM006476	1.0	1.3209955166720941	-14.43617773004061	1.0	
ORTHOSTM006485	1.0	1.3251810705131197	-14.415512566187829	1.0	
ORTHOSTM006487	1.0	1.3251810705131197	-14.415512566187829	1.0	
ORTHOSTM006502	1.0	1.1805245664954154	-13.681184074426824	1.0	
ORTHOSTM006513	1.0	1.1805245664954154	-13.681184074426824	1.0	
ORTHOSTM006515	1.0	1.1805245664954154	-13.681184074426824	1.0	
ORTHOSTM006516	1.0	1.1805245664954154	-13.681184074426824	1.0	
ORTHOSTM006517	1.0	1.1805245664954154	-13.681184074426824	1.0	
ORTHOSTM006518	1.0	1.1805245664954154	-13.681184074426824	1.0	
ORTHOSTM006521	1.0	1.1805245664954154	-13.681184074426824	1.0	
ORTHOSTM006523	1.0	1.1805245664954154	-13.681184074426824	1.0	
ORTHOSTM006526	1.0	1.1805245664954154	-13.681184074426824	1.0	
ORTHOSTM006528	1.0	1.1805245664954154	-13.681184074426824	1.0	
ORTHOSTM006530	1.0	1.1805245664954154	-13.681184074426824	1.0	
ORTHOSTM006535	1.0	1.1805245664954154	-13.681184074426824	1.0	
ORTHOSTM006536	1.0	1.1805245664954154	-13.681184074426824	1.0	
ORTHOSTM006538	1.0	1.1805245664954154	-13.681184074426824	1.0	
ORTHOSTM006542	1.0	1.176188058884751	-13.680563307092092	1.0	
ORTHOSTM006543	1.0	1.1805245664954154	-13.681184074426824	1.0	
ORTHOSTM006546	1.0	1.1805245664954154	-13.681184074426824	1.0	
ORTHOSTM006550	1.0	1.1805245664954154	-13.681184074426824	1.0	
ORTHOSTM006555	1.0	1.1805245664954154	-13.681184074426824	1.0	
ORTHOSTM006561	1.0	1.1805245664954154	-13.681184074426824	1.0	
ORTHOSTM006564	1.0	1.1805245664954154	-13.681184074426824	1.0	
ORTHOSTM006568	1.0	1.1805245664954154	-13.681184074426824	1.0	
ORTHOSTM006574	1.0	1.1805245664954154	-13.681184074426824	1.0	
ORTHOSTM006575	1.0	1.1805245664954154	-13.681184074426824	1.0	
ORTHOSTM006577	1.0	1.1805245664954154	-13.681184074426824	1.0	
ORTHOSTM006580	1.0	1.1805245664954154	-13.681184074426824	1.0	
ORTHOSTM006581	1.0	1.1805245664954154	-13.681184074426824	1.0	
ORTHOSTM006582	1.0	1.1805245664954154	-13.681184074426824	1.0	
ORTHOSTM006583	1.0	1.1805245664954154	-13.681184074426824	1.0	
ORTHOSTM006585	1.0	1.1805245664954154	-13.681184074426824	1.0	
ORTHOSTM006586	1.0	1.1805245664954154	-13.681184074426824	1.0	
ORTHOSTM006587	1.0	1.1805245664954154	-13.681184074426824	1.0	
ORTHOSTM006589	1.0	1.1805245664954154	-13.681184074426824	1.0	
ORTHOSTM006590	1.0	1.1805245664954154	-13.681184074426824	1.0	
ORTHOSTM006592	1.0	1.1805245664954154	-13.681184074426824	1.0	
ORTHOSTM006593	1.0	1.1805245664954154	-13.681184074426824	1.0	
ORTHOSTM006594	1.0	1.1805245664954154	-13.681184074426824	1.0	
ORTHOSTM006600	1.0	1.1906360985815416	-13.819969288345046	1.0	
ORTHOSTM006601	1.0	1.1906360985815416	-13.819969288345046	1.0	
ORTHOSTM006602	1.0	1.1906360985815416	-13.819969288345046	1.0	
ORTHOSTM006606	1.0	1.1906360985815416	-13.819969288345046	1.0	
ORTHOSTM006607	1.0	1.1906360985815416	-13.819969288345046	1.0	
ORTHOSTM006608	1.0	1.1906360985815416	-13.819969288345046	1.0	
ORTHOSTM006611	1.0	1.1906360985815416	-13.819969288345046	1.0	
ORTHOSTM006615	1.0	1.1906360985815416	-13.819969288345046	1.0	
ORTHOSTM006617	1.0	1.1906360985815416	-13.819969288345046	1.0	
ORTHOSTM006618	1.0	1.1906360985815416	-13.819969288345046	1.0	
ORTHOSTM006620	1.0	1.1906360985815416	-13.819969288345046	1.0	
ORTHOSTM006621	1.0	1.1906360985815416	-13.819969288345046	1.0	
ORTHOSTM006624	1.0	1.1906360985815416	-13.819969288345046	1.0	
ORTHOSTM006627	1.0	1.1906360985815416	-13.819969288345046	1.0	
ORTHOSTM006628	1.0	1.1906360985815416	-13.819969288345046	1.0	
ORTHOSTM006632	1.0	1.1906360985815416	-13.819969288345046	1.0	
ORTHOSTM006634	1.0	1.1906360985815416	-13.819969288345046	1.0	
ORTHOSTM006635	1.0	1.1906360985815416	-13.819969288345046	1.0	
ORTHOSTM006638	1.0	1.1906360985815416	-13.819969288345046	1.0	
ORTHOSTM006640	1.0	1.1906360985815416	-13.819969288345046	1.0	
ORTHOSTM006641	1.0	1.1906360985815416	-13.819969288345046	1.0	
ORTHOSTM006642	1.0	1.1906360985815416	-13.819969288345046	1.0	
ORTHOSTM006643	1.0	1.1906360985815416	-13.819969288345046	1.0	
ORTHOSTM006644	1.0	1.1906360985815416	-13.819969288345046	1.0	
ORTHOSTM006645	1.0	1.1906360985815416	-13.819969288345046	1.0	
ORTHOSTM006647	1.0	1.1906360985815416	-13.819969288345046	1.0	
ORTHOSTM006648	1.0	1.1906360985815416	-13.819969288345046	1.0	
ORTHOSTM006649	1.0	1.1906360985815416	-13.819969288345046	1.0	
ORTHOSTM006652	1.0	1.1906360985815416	-13.819969288345046	1.0	
ORTHOSTM006653	1.0	1.1906360985815416	-13.819969288345046	1.0	
ORTHOSTM006654	1.0	1.1906360985815416	-13.819969288345046	1.0	
ORTHOSTM006656	1.0	1.1906360985815416	-13.819969288345046	1.0	
ORTHOSTM006657	1.0	1.1906360985815416	-13.819969288345046	1.0	
ORTHOSTM006658	1.0	1.1906360985815416	-13.819969288345046	1.0	
ORTHOSTM006659	1.0	1.1906360985815416	-13.819969288345046	1.0	
ORTHOSTM006661	1.0	1.1906360985815416	-13.819969288345046	1.0	
ORTHOSTM006662	1.0	1.1906360985815416	-13.819969288345046	1.0	
ORTHOSTM006668	1.0	1.4461593091367515	-15.059200505438739	1.0	
ORTHOSTM006676	1.0	1.2040145699216258	-13.953212829775467	1.0	
ORTHOSTM006679	1.0	1.2040145699216258	-13.953212829775467	1.0	
ORTHOSTM006680	1.0	1.2040145699216258	-13.953212829775467	1.0	
ORTHOSTM006691	1.0	1.1743331279233733	-13.694517791322776	1.0	
ORTHOSTM006692	1.0	1.1743331279233733	-13.694517791322776	1.0	
ORTHOSTM006695	1.0	1.4461593091367515	-15.059200505438739	1.0	
ORTHOSTM006696	1.0	1.1743331279233733	-13.694517791322776	1.0	
ORTHOSTM006703	1.0	1.176188058884751	-13.680563307092092	1.0	
ORTHOSTM006704	1.0	1.1906360985815416	-13.819969288345046	1.0	
ORTHOSTM006705	1.0	1.176188058884751	-13.680563307092092	1.0	
ORTHOSTM006706	1.0	1.171850250740972	-13.444824536295052	1.0	
ORTHOSTM006707	1.0	1.171850250740972	-13.444824536295052	1.0	
ORTHOSTM006708	1.0	1.3209955166720941	-14.43617773004061	1.0	
ORTHOSTM006710	1.0	1.4461593091367515	-15.059200505438739	1.0	
ORTHOSTM006711	1.0	1.4194238618882946	-14.520354480448809	1.0	
ORTHOSTM006712	1.0	1.3122083696105857	-14.53853823213507	0.999	
ORTHOSTM006713	1.0	1.1906360985815416	-13.819969288345046	1.0	
ORTHOSTM006714	1.0	1.1805245664954154	-13.681184074426824	1.0	
ORTHOSTM006715	1.0	1.176188058884751	-13.680563307092092	1.0	
ORTHOSTM006717	1.0	1.1805245664954154	-13.681184074426824	1.0	
ORTHOSTM006719	1.0	1.1743331279233733	-13.694517791322776	1.0	
ORTHOSTM006720	1.0	1.171850250740972	-13.444824536295052	1.0	
ORTHOSTM006721	1.0	1.1906360985815416	-13.819969288345046	1.0	
ORTHOSTM006722	1.0	1.4461593091367515	-15.059200505438739	1.0	
ORTHOSTM006723	1.0	1.2040145699216258	-13.953212829775467	1.0	
ORTHOSTM006725	1.0	1.176188058884751	-13.680563307092092	1.0	
ORTHOSTM006726	1.0	1.171850250740972	-13.444824536295052	1.0	
ORTHOSTM006728	1.0	1.3122083696105857	-14.53853823213507	0.999	
ORTHOSTM006729	1.0	1.1805245664954154	-13.681184074426824	1.0	
ORTHOSTM006731	1.0	1.1743331279233733	-13.694517791322776	1.0	
ORTHOSTM006733	1.0	1.171850250740972	-13.444824536295052	1.0	
ORTHOSTM006734	1.0	1.1805245664954154	-13.681184074426824	1.0	
ORTHOSTM006735	1.0	1.1743331279233733	-13.694517791322776	1.0	
ORTHOSTM006736	1.0	1.171850250740972	-13.444824536295052	1.0	
ORTHOSTM006737	1.0	1.171850250740972	-13.444824536295052	1.0	
ORTHOSTM006739	1.0	1.2040145699216258	-13.953212829775467	1.0	
ORTHOSTM006740	1.0	1.171850250740972	-13.444824536295052	1.0	
ORTHOSTM006741	1.0	1.171850250740972	-13.444824536295052	1.0	
ORTHOSTM006742	1.0	1.4194238618882946	-14.520354480448809	1.0	
ORTHOSTM006743	1.0	1.3774086684170326	-14.45424996189832	1.0	
ORTHOSTM006744	1.0	1.3774086684170326	-14.45424996189832	1.0	
ORTHOSTM006745	1.0	1.1805245664954154	-13.681184074426824	1.0	
ORTHOSTM006746	1.0	1.3209955166720941	-14.43617773004061	1.0	
ORTHOSTM006747	1.0	1.1743331279233733	-13.694517791322776	1.0	
ORTHOSTM006748	1.0	1.4194238618882946	-14.520354480448809	1.0	
ORTHOSTM006749	1.0	1.176188058884751	-13.680563307092092	1.0	
ORTHOSTM006750	2.0	1.4177885355586162	-14.408442595233517	0.999	
ORTHOSTM006751	1.0	1.171850250740972	-13.444824536295052	1.0	
ORTHOSTM006752	1.0	1.176188058884751	-13.680563307092092	1.0	
ORTHOSTM006753	1.0	1.4194238618882946	-14.520354480448809	1.0	
ORTHOSTM006754	1.0	1.3209955166720941	-14.43617773004061	1.0	
ORTHOSTM006755	1.0	1.1805245664954154	-13.681184074426824	1.0	
ORTHOSTM006756	1.0	1.176188058884751	-13.680563307092092	1.0	
ORTHOSTM006757	1.0	1.4461593091367515	-15.059200505438739	1.0	
ORTHOSTM006758	1.0	1.1743331279233733	-13.694517791322776	1.0	
ORTHOSTM006759	1.0	1.1805245664954154	-13.681184074426824	1.0	
ORTHOSTM006760	1.0	1.176188058884751	-13.680563307092092	1.0	
ORTHOSTM006761	1.0	1.176188058884751	-13.680563307092092	1.0	
ORTHOSTM006762	2.0	1.4177885355586162	-14.408442595233517	0.999	
ORTHOSTM006763	1.0	1.171850250740972	-13.444824536295052	1.0	
ORTHOSTM006764	1.0	1.171850250740972	-13.444824536295052	1.0	
ORTHOSTM006765	1.0	1.176188058884751	-13.680563307092092	1.0	
ORTHOSTM006766	1.0	1.176188058884751	-13.680563307092092	1.0	
ORTHOSTM006767	1.0	1.176188058884751	-13.680563307092092	1.0	
ORTHOSTM006768	1.0	1.2040145699216258	-13.953212829775467	1.0	
ORTHOSTM006769	1.0	1.171850250740972	-13.444824536295052	1.0	
ORTHOSTM006770	1.0	1.3251810705131197	-14.415512566187829	1.0	
ORTHOSTM006771	1.0	1.3251810705131197	-14.415512566187829	1.0	
ORTHOSTM006772	1.0	1.171850250740972	-13.444824536295052	1.0	
ORTHOSTM006773	1.0	1.171850250740972	-13.444824536295052	1.0	
ORTHOSTM006774	1.0	1.1805245664954154	-13.681184074426824	1.0	
ORTHOSTM006775	1.0	1.2040145699216258	-13.953212829775467	1.0	
ORTHOSTM006776	1.0	1.1743331279233733	-13.694517791322776	1.0	
ORTHOSTM006777	1.0	1.4194238618882946	-14.520354480448809	1.0	
ORTHOSTM006778	2.0	1.4177885355586162	-14.408442595233517	0.999	
ORTHOSTM007704	1.0	1.3123224332712045	-14.213653950060632	1.0	
ORTHOSTM007735	1.0	1.3123224332712045	-14.213653950060632	1.0	
ORTHOSTM007738	1.0	1.3123224332712045	-14.213653950060632	1.0	
ORTHOSTM007739	1.0	1.3123224332712045	-14.213653950060632	1.0	
ORTHOSTM007740	1.0	1.3123224332712045	-14.213653950060632	1.0	
ORTHOSTM007741	1.0	1.3123224332712045	-14.213653950060632	1.0	
ORTHOSTM007742	1.0	1.3123224332712045	-14.213653950060632	1.0	
ORTHOSTM007743	1.0	1.3123224332712045	-14.213653950060632	1.0	
ORTHOSTM007745	1.0	1.3123224332712045	-14.213653950060632	1.0	
ORTHOSTM007747	1.0	1.3123224332712045	-14.213653950060632	1.0	
ORTHOSTM007748	1.0	1.3123224332712045	-14.213653950060632	1.0	
ORTHOSTM007749	1.0	1.3123224332712045	-14.213653950060632	1.0	
ORTHOSTM007752	1.0	1.3123224332712045	-14.213653950060632	1.0	
ORTHOSTM007753	1.0	1.3123224332712045	-14.213653950060632	1.0	
ORTHOSTM007755	1.0	1.3123224332712045	-14.213653950060632	1.0	
ORTHOSTM007756	1.0	1.3123224332712045	-14.213653950060632	1.0	
ORTHOSTM007757	1.0	1.3123224332712045	-14.213653950060632	1.0	
ORTHOSTM007759	1.0	1.3123224332712045	-14.213653950060632	1.0	
ORTHOSTM007760	1.0	1.3123224332712045	-14.213653950060632	1.0	
ORTHOSTM007761	1.0	1.3123224332712045	-14.213653950060632	1.0	
ORTHOSTM007762	1.0	1.3123224332712045	-14.213653950060632	1.0	
ORTHOSTM007763	1.0	1.3123224332712045	-14.213653950060632	1.0	
ORTHOSTM007765	1.0	1.3123224332712045	-14.213653950060632	1.0	
ORTHOSTM007767	1.0	1.3123224332712045	-14.213653950060632	1.0	
ORTHOSTM007768	1.0	1.3123224332712045	-14.213653950060632	1.0	
ORTHOSTM007769	1.0	1.3123224332712045	-14.213653950060632	1.0	
ORTHOSTM007770	1.0	1.3123224332712045	-14.213653950060632	1.0	
ORTHOSTM007771	1.0	1.3123224332712045	-14.213653950060632	1.0	
ORTHOSTM007772	1.0	1.3123224332712045	-14.213653950060632	1.0	
ORTHOSTM007773	1.0	1.3123224332712045	-14.213653950060632	1.0	
ORTHOSTM007774	1.0	1.3123224332712045	-14.213653950060632	1.0	
ORTHOSTM007775	1.0	1.3123224332712045	-14.213653950060632	1.0	
ORTHOSTM007777	1.0	1.3123224332712045	-14.213653950060632	1.0	
ORTHOSTM007778	1.0	1.3123224332712045	-14.213653950060632	1.0	
ORTHOSTM007779	1.0	1.3123224332712045	-14.213653950060632	1.0	
ORTHOSTM007780	1.0	1.3123224332712045	-14.213653950060632	1.0	
ORTHOSTM007782	1.0	1.3123224332712045	-14.213653950060632	1.0	
ORTHOSTM007784	1.0	1.3123224332712045	-14.213653950060632	1.0	
ORTHOSTM007785	1.0	1.3123224332712045	-14.213653950060632	1.0	
ORTHOSTM007786	1.0	1.3123224332712045	-14.213653950060632	1.0	
ORTHOSTM007788	1.0	1.3123224332712045	-14.213653950060632	1.0	
ORTHOSTM007789	1.0	1.3123224332712045	-14.213653950060632	1.0	
ORTHOSTM007790	1.0	1.3123224332712045	-14.213653950060632	1.0	
ORTHOSTM007791	1.0	1.3123224332712045	-14.213653950060632	1.0	
ORTHOSTM007792	1.0	1.3123224332712045	-14.213653950060632	1.0	
ORTHOSTM007794	1.0	1.3123224332712045	-14.213653950060632	1.0	
ORTHOSTM007795	1.0	1.3123224332712045	-14.213653950060632	1.0	
ORTHOSTM007796	1.0	1.3123224332712045	-14.213653950060632	1.0	
ORTHOSTM007798	1.0	1.3123224332712045	-14.213653950060632	1.0	
ORTHOSTM007799	1.0	1.3123224332712045	-14.213653950060632	1.0	
ORTHOSTM007800	1.0	1.3123224332712045	-14.213653950060632	1.0	
ORTHOSTM007801	1.0	1.3123224332712045	-14.213653950060632	1.0	
ORTHOSTM007802	1.0	1.3123224332712045	-14.213653950060632	1.0	
ORTHOSTM007803	1.0	1.3123224332712045	-14.213653950060632	1.0	
ORTHOSTM007805	1.0	1.3123224332712045	-14.213653950060632	1.0	
ORTHOSTM007806	1.0	1.3123224332712045	-14.213653950060632	1.0	
ORTHOSTM007807	1.0	1.3123224332712045	-14.213653950060632	1.0	
ORTHOSTM007808	1.0	1.3123224332712045	-14.213653950060632	1.0	
ORTHOSTM007809	1.0	1.3123224332712045	-14.213653950060632	1.0	
ORTHOSTM007811	1.0	1.3123224332712045	-14.213653950060632	1.0	
ORTHOSTM007813	1.0	1.3123224332712045	-14.213653950060632	1.0	
ORTHOSTM007814	1.0	1.3123224332712045	-14.213653950060632	1.0	
ORTHOSTM007815	1.0	1.3123224332712045	-14.213653950060632	1.0	
ORTHOSTM007816	1.0	1.3123224332712045	-14.213653950060632	1.0	
ORTHOSTM007818	1.0	1.3123224332712045	-14.213653950060632	1.0	
ORTHOSTM007819	1.0	1.3123224332712045	-14.213653950060632	1.0	
ORTHOSTM007820	1.0	1.3123224332712045	-14.213653950060632	1.0	
ORTHOSTM007822	1.0	1.3123224332712045	-14.213653950060632	1.0	
ORTHOSTM007823	1.0	1.3123224332712045	-14.213653950060632	1.0	
ORTHOSTM007824	1.0	1.3123224332712045	-14.213653950060632	1.0	
ORTHOSTM007825	1.0	1.3123224332712045	-14.213653950060632	1.0	
ORTHOSTM007826	1.0	1.3123224332712045	-14.213653950060632	1.0	
ORTHOSTM007828	1.0	1.3123224332712045	-14.213653950060632	1.0	
ORTHOSTM007829	1.0	1.3123224332712045	-14.213653950060632	1.0	
ORTHOSTM007830	1.0	1.3123224332712045	-14.213653950060632	1.0	
ORTHOSTM007831	1.0	1.3123224332712045	-14.213653950060632	1.0	
ORTHOSTM007832	1.0	1.3123224332712045	-14.213653950060632	1.0	
ORTHOSTM007833	1.0	1.3123224332712045	-14.213653950060632	1.0	
ORTHOSTM007834	1.0	1.3123224332712045	-14.213653950060632	1.0	
ORTHOSTM007835	1.0	1.3123224332712045	-14.213653950060632	1.0	
ORTHOSTM007836	1.0	1.3123224332712045	-14.213653950060632	1.0	
ORTHOSTM007837	1.0	1.3123224332712045	-14.213653950060632	1.0	
ORTHOSTM007838	1.0	1.3123224332712045	-14.213653950060632	1.0	
ORTHOSTM007839	1.0	1.3123224332712045	-14.213653950060632	1.0	
ORTHOSTM007840	1.0	1.3123224332712045	-14.213653950060632	1.0	
ORTHOSTM007841	1.0	1.3123224332712045	-14.213653950060632	1.0	
ORTHOSTM007843	1.0	1.3123224332712045	-14.213653950060632	1.0	
ORTHOSTM007844	1.0	1.3123224332712045	-14.213653950060632	1.0	
ORTHOSTM007845	1.0	1.3123224332712045	-14.213653950060632	1.0	
ORTHOSTM007846	1.0	1.3123224332712045	-14.213653950060632	1.0	
ORTHOSTM007847	1.0	1.3123224332712045	-14.213653950060632	1.0	
ORTHOSTM007848	1.0	1.3123224332712045	-14.213653950060632	1.0	
ORTHOSTM007849	1.0	1.3123224332712045	-14.213653950060632	1.0	
ORTHOSTM007850	1.0	1.3123224332712045	-14.213653950060632	1.0	
ORTHOSTM007851	1.0	1.3123224332712045	-14.213653950060632	1.0	
ORTHOSTM007852	1.0	1.3123224332712045	-14.213653950060632	1.0	
ORTHOSTM007853	1.0	1.3123224332712045	-14.213653950060632	1.0	
ORTHOSTM007854	1.0	1.3123224332712045	-14.213653950060632	1.0	
ORTHOSTM007855	1.0	1.3123224332712045	-14.213653950060632	1.0	
ORTHOSTM007856	1.0	1.3123224332712045	-14.213653950060632	1.0	
ORTHOSTM007857	1.0	1.3123224332712045	-14.213653950060632	1.0	
ORTHOSTM007858	1.0	1.3123224332712045	-14.213653950060632	1.0	
ORTHOSTM007860	1.0	1.3123224332712045	-14.213653950060632	1.0	
ORTHOSTM007862	1.0	1.3123224332712045	-14.213653950060632	1.0	
ORTHOSTM007863	1.0	1.3123224332712045	-14.213653950060632	1.0	
ORTHOSTM007864	1.0	1.3123224332712045	-14.213653950060632	1.0	
ORTHOSTM007865	1.0	1.3123224332712045	-14.213653950060632	1.0	
ORTHOSTM007866	1.0	1.3123224332712045	-14.213653950060632	1.0	
ORTHOSTM007867	1.0	1.3123224332712045	-14.213653950060632	1.0	
ORTHOSTM007869	1.0	1.3123224332712045	-14.213653950060632	1.0	
ORTHOSTM007870	1.0	1.3123224332712045	-14.213653950060632	1.0	
ORTHOSTM007871	1.0	1.3123224332712045	-14.213653950060632	1.0	
ORTHOSTM007873	1.0	1.3123224332712045	-14.213653950060632	1.0	
ORTHOSTM007874	1.0	1.3123224332712045	-14.213653950060632	1.0	
ORTHOSTM007876	1.0	1.3123224332712045	-14.213653950060632	1.0	
ORTHOSTM007877	1.0	1.3123224332712045	-14.213653950060632	1.0	
ORTHOSTM007878	1.0	1.3123224332712045	-14.213653950060632	1.0	
ORTHOSTM007879	1.0	1.3123224332712045	-14.213653950060632	1.0	
ORTHOSTM007880	1.0	1.3123224332712045	-14.213653950060632	1.0	
ORTHOSTM007881	1.0	1.3123224332712045	-14.213653950060632	1.0	
ORTHOSTM007883	1.0	1.3123224332712045	-14.213653950060632	1.0	
ORTHOSTM007885	1.0	1.3123224332712045	-14.213653950060632	1.0	
ORTHOSTM007886	1.0	1.3123224332712045	-14.213653950060632	1.0	
ORTHOSTM007888	1.0	1.3123224332712045	-14.213653950060632	1.0	
ORTHOSTM007889	1.0	1.3123224332712045	-14.213653950060632	1.0	
ORTHOSTM007890	1.0	1.3123224332712045	-14.213653950060632	1.0	
ORTHOSTM007891	1.0	1.3123224332712045	-14.213653950060632	1.0	
ORTHOSTM007892	1.0	1.3123224332712045	-14.213653950060632	1.0	
ORTHOSTM007893	1.0	1.3123224332712045	-14.213653950060632	1.0	
ORTHOSTM007894	1.0	1.3123224332712045	-14.213653950060632	1.0	
ORTHOSTM007895	1.0	1.3123224332712045	-14.213653950060632	1.0	
ORTHOSTM007896	1.0	1.3123224332712045	-14.213653950060632	1.0	
ORTHOSTM007897	1.0	1.3123224332712045	-14.213653950060632	1.0	
ORTHOSTM007898	1.0	1.3123224332712045	-14.213653950060632	1.0	
ORTHOSTM007899	1.0	1.3123224332712045	-14.213653950060632	1.0	
ORTHOSTM007900	1.0	1.3123224332712045	-14.213653950060632	1.0	
ORTHOSTM007901	1.0	1.3123224332712045	-14.213653950060632	1.0	
ORTHOSTM007902	1.0	1.3123224332712045	-14.213653950060632	1.0	
ORTHOSTM007903	1.0	1.3123224332712045	-14.213653950060632	1.0	
ORTHOSTM007904	1.0	1.3123224332712045	-14.213653950060632	1.0	
ORTHOSTM007905	1.0	1.3123224332712045	-14.213653950060632	1.0	
ORTHOSTM007907	1.0	1.3123224332712045	-14.213653950060632	1.0	
ORTHOSTM007908	1.0	1.3123224332712045	-14.213653950060632	1.0	
ORTHOSTM007910	1.0	1.3123224332712045	-14.213653950060632	1.0	
ORTHOSTM007912	1.0	1.3123224332712045	-14.213653950060632	1.0	
ORTHOSTM007913	1.0	1.3123224332712045	-14.213653950060632	1.0	
ORTHOSTM007914	1.0	1.3123224332712045	-14.213653950060632	1.0	
ORTHOSTM007916	1.0	1.3123224332712045	-14.213653950060632	1.0	
ORTHOSTM007917	1.0	1.3123224332712045	-14.213653950060632	1.0	
ORTHOSTM007919	1.0	1.3123224332712045	-14.213653950060632	1.0	
ORTHOSTM007920	1.0	1.3123224332712045	-14.213653950060632	1.0	
ORTHOSTM007921	1.0	1.3123224332712045	-14.213653950060632	1.0	
ORTHOSTM007922	1.0	1.3123224332712045	-14.213653950060632	1.0	
ORTHOSTM007923	1.0	1.3123224332712045	-14.213653950060632	1.0	
ORTHOSTM007926	1.0	1.3123224332712045	-14.213653950060632	1.0	
ORTHOSTM007927	1.0	1.3123224332712045	-14.213653950060632	1.0	
ORTHOSTM007928	1.0	1.3123224332712045	-14.213653950060632	1.0	
ORTHOSTM007929	1.0	1.3123224332712045	-14.213653950060632	1.0	
ORTHOSTM007930	1.0	1.3123224332712045	-14.213653950060632	1.0	
ORTHOSTM007931	1.0	1.3123224332712045	-14.213653950060632	1.0	
ORTHOSTM007932	1.0	1.3123224332712045	-14.213653950060632	1.0	
ORTHOSTM007934	1.0	1.3123224332712045	-14.213653950060632	1.0	