gf-id	num-genes	num-species	ath	bra	cpa	ptr	mtr	gma	cme	pbr	vvi	sly
HOMSTM000001	3906	14	208	219	318	304	313	446	62	404	279	275
HOMSTM000002	3104	14	193	200	177	259	336	340	135	307	145	169
HOMSTM000003	2475	14	145	198	92	219	267	242	119	217	167	140
HOMSTM000004	2379	14	1	4	11	2	37	2	86	7	2	68
HOMSTM000005	2253	14	108	165	58	357	285	255	80	209	173	134
HOMSTM000008	1857	14	111	200	79	174	148	281	38	179	121	124
HOMSTM000009	1698	14	65	98	67	187	199	215	68	180	123	104
HOMSTM000011	1581	14	74	117	57	117	135	187	68	99	77	108
HOMSTM000013	1442	14	83	154	60	135	124	203	75	120	70	98
HOMSTM000014	1394	14	88	169	63	139	87	163	72	145	67	69
HOMSTM000015	1368	14	91	144	50	98	109	169	63	85	29	76
HOMSTM000016	1317	14	55	68	39	125	125	111	54	157	83	97
HOMSTM000017	1316	14	71	145	52	101	107	184	63	113	58	84
HOMSTM000018	1274	14	46	76	37	123	163	126	48	91	45	108
HOMSTM000019	1252	14	85	106	43	116	128	156	72	122	62	62
HOMSTM000022	1164	14	53	96	58	83	108	136	66	91	52	91
HOMSTM000023	1145	14	52	90	43	92	111	157	19	121	100	92
HOMSTM000024	1087	14	37	78	54	173	82	143	39	96	110	46
HOMSTM000025	1085	14	49	61	59	81	126	118	50	94	85	92
HOMSTM000026	1057	14	61	123	35	79	134	238	61	97	43	79
HOMSTM000030	1006	14	67	111	45	90	111	132	56	89	48	79
HOMSTM000031	979	14	78	97	48	104	72	112	36	86	47	55
HOMSTM000032	970	14	67	88	45	98	98	132	38	60	56	67
HOMSTM000033	927	14	54	92	47	74	79	110	46	99	60	53
HOMSTM000034	918	14	59	112	32	79	83	125	54	81	30	52
HOMSTM000035	909	14	64	108	39	73	71	111	46	90	50	61
HOMSTM000036	897	14	48	75	42	65	74	128	38	77	45	77
HOMSTM000037	882	14	42	67	19	105	58	72	26	49	40	49
HOMSTM000038	878	14	51	94	38	63	61	110	34	85	68	72
HOMSTM000039	866	14	51	77	21	65	85	90	30	78	42	34
HOMSTM000040	865	14	46	85	33	51	94	146	46	59	48	47
HOMSTM000041	820	14	49	92	29	63	68	119	41	52	39	51
HOMSTM000042	818	14	12	27	19	66	111	33	13	163	39	67
HOMSTM000043	805	14	55	88	32	61	67	110	40	62	39	57
HOMSTM000044	802	14	18	13	33	59	43	96	3	34	33	63
HOMSTM000045	785	14	42	91	31	59	66	110	45	64	22	58
HOMSTM000046	777	14	44	93	32	67	48	107	35	75	44	47
HOMSTM000047	755	14	27	42	36	82	60	102	30	76	35	44
HOMSTM000049	735	14	53	57	24	60	68	88	31	45	58	59
HOMSTM000050	732	14	40	71	43	72	61	111	33	63	37	50
HOMSTM000051	730	14	39	58	47	66	61	102	48	65	36	44
HOMSTM000052	728	14	47	86	32	57	47	90	32	61	34	56
HOMSTM000053	721	14	53	76	41	67	62	73	55	55	51	43
HOMSTM000054	669	14	29	45	16	37	56	73	24	54	22	36
HOMSTM000055	669	14	28	42	27	71	51	71	24	47	54	57
HOMSTM000057	666	14	38	58	40	54	47	85	32	46	36	67
HOMSTM000058	657	14	37	79	28	55	34	73	25	64	37	51
HOMSTM000059	653	14	33	57	35	47	43	86	27	57	32	33
HOMSTM000060	648	14	35	67	28	60	41	87	35	56	36	44
HOMSTM000061	646	14	43	72	34	54	39	90	36	50	33	43
HOMSTM000062	645	14	30	59	35	47	55	100	20	54	24	34
HOMSTM000063	644	14	41	61	25	52	45	91	38	60	32	36
HOMSTM000064	643	14	31	42	44	85	49	69	35	51	58	31
HOMSTM000065	640	14	43	83	7	93	90	67	11	51	34	80
HOMSTM000066	640	14	1	6	3	25	159	160	16	112	43	15
HOMSTM000067	635	14	12	22	13	97	144	86	12	63	19	23
HOMSTM000068	613	14	33	36	31	77	62	67	22	36	41	30
HOMSTM000069	608	14	47	79	27	47	58	67	23	61	41	24
HOMSTM000070	603	14	24	35	24	57	40	55	11	61	67	33
HOMSTM000072	596	14	19	35	19	56	41	56	25	83	51	38
HOMSTM000073	588	14	42	63	27	48	36	76	27	55	32	42
HOMSTM000074	577	14	34	57	33	47	50	74	32	59	37	41
HOMSTM000075	572	14	36	59	26	52	34	67	25	48	37	42
HOMSTM000076	572	14	33	52	23	43	44	81	32	55	36	38
HOMSTM000078	570	14	19	37	21	49	70	69	16	32	26	22
HOMSTM000079	570	14	18	36	26	57	44	59	20	46	33	36
HOMSTM000081	561	14	36	76	21	45	39	80	35	47	22	34
HOMSTM000082	559	14	34	50	31	49	40	75	27	48	25	33
HOMSTM000083	554	14	31	33	25	52	41	23	31	47	97	44
HOMSTM000084	553	14	26	37	27	46	41	67	34	39	69	37
HOMSTM000085	553	14	22	33	24	69	33	70	21	61	63	38
HOMSTM000086	552	14	32	48	38	45	40	74	30	55	27	36
HOMSTM000087	552	14	28	49	28	39	48	88	28	39	23	39
HOMSTM000089	547	14	19	14	28	81	62	70	30	78	102	19
HOMSTM000090	547	14	12	4	7	49	28	117	3	7	9	67
HOMSTM000092	540	14	29	43	28	51	40	74	13	48	38	44
HOMSTM000093	539	14	7	10	14	66	38	45	20	74	32	37
HOMSTM000094	537	14	29	41	21	55	60	59	34	46	32	34
HOMSTM000095	534	14	34	57	19	41	74	48	21	41	27	27
HOMSTM000096	533	14	31	43	33	48	34	77	28	41	42	34
HOMSTM000097	517	14	30	55	31	48	39	60	32	51	17	31
HOMSTM000098	514	14	32	46	23	41	38	75	25	51	25	33
HOMSTM000099	510	14	19	45	24	46	42	48	28	59	21	29
HOMSTM000100	501	14	17	36	10	41	66	57	24	33	43	25
HOMSTM000101	498	14	19	35	14	33	108	49	12	54	25	25
HOMSTM000102	495	14	24	21	5	133	41	39	18	74	9	14
HOMSTM000103	487	14	21	35	18	49	47	55	28	38	24	34
HOMSTM000104	480	14	16	25	20	35	43	58	19	46	58	37
HOMSTM000105	475	14	29	51	23	39	33	67	18	51	24	32
HOMSTM000106	472	14	37	53	24	42	27	63	25	29	25	48
HOMSTM000107	466	14	24	35	20	41	50	68	21	35	27	27
HOMSTM000108	463	14	29	46	31	34	31	69	30	51	24	26
HOMSTM000109	463	14	27	54	20	39	32	63	25	38	19	35
HOMSTM000110	451	14	21	35	20	38	73	53	6	49	29	58
HOMSTM000111	440	14	25	44	19	29	33	54	24	35	21	27
HOMSTM000112	435	14	27	38	23	77	36	56	22	42	19	36
HOMSTM000113	433	14	28	51	21	33	27	62	28	30	23	23
HOMSTM000114	425	14	20	28	12	80	26	43	31	45	33	14
HOMSTM000115	423	14	26	43	20	32	32	42	19	38	21	27
HOMSTM000116	420	14	24	56	19	31	33	54	25	37	21	27
HOMSTM000117	416	14	14	18	169	22	51	39	6	14	9	38
HOMSTM000118	415	14	31	54	20	39	35	52	6	27	20	31
HOMSTM000119	413	14	28	45	29	34	56	46	21	34	19	18
HOMSTM000120	412	14	17	35	13	35	46	67	18	46	26	36
HOMSTM000122	406	14	21	33	15	38	31	36	16	46	21	24
HOMSTM000123	402	14	25	40	17	39	28	51	23	33	26	28
HOMSTM000124	398	14	24	37	18	39	36	60	23	27	22	24
HOMSTM000126	392	14	25	53	13	33	32	50	22	25	11	40
HOMSTM000127	391	14	49	70	14	14	52	28	10	17	23	26
HOMSTM000128	391	14	18	30	20	33	34	52	21	38	21	24
HOMSTM000129	390	14	6	11	4	8	6	23	4	10	5	5
HOMSTM000130	389	14	27	41	11	42	40	36	22	22	22	18
HOMSTM000131	388	14	16	21	23	33	54	54	24	25	36	28
HOMSTM000132	388	14	25	39	18	35	22	51	24	40	20	25
HOMSTM000133	387	14	22	36	19	41	28	48	22	37	17	21
HOMSTM000134	386	14	23	38	39	26	24	44	17	36	17	21
HOMSTM000135	385	14	21	34	20	43	31	53	18	23	19	31
HOMSTM000137	380	14	25	51	18	34	22	48	22	31	24	21
HOMSTM000138	380	14	14	26	19	35	42	33	18	42	15	21
HOMSTM000139	378	14	34	44	17	29	28	40	15	39	14	37
HOMSTM000140	377	14	13	22	24	36	27	41	18	24	22	25
HOMSTM000141	373	14	19	27	26	33	29	43	22	36	18	25
HOMSTM000142	372	14	25	38	25	30	23	30	16	33	40	23
HOMSTM000143	369	14	16	33	16	36	28	47	22	26	10	22
HOMSTM000144	363	14	21	32	25	34	22	43	19	39	18	17
HOMSTM000145	363	14	22	36	27	22	27	52	41	21	29	21
HOMSTM000146	360	14	23	26	27	27	35	42	25	29	16	21
HOMSTM000147	360	14	24	46	16	28	31	48	20	22	14	23
HOMSTM000148	358	14	19	29	12	34	26	46	22	33	26	21
HOMSTM000149	358	14	14	19	22	29	28	53	23	32	31	21
HOMSTM000151	355	14	21	34	11	25	57	53	16	28	10	18
HOMSTM000152	353	14	20	32	20	27	36	44	20	36	18	20
HOMSTM000154	346	14	23	37	19	25	40	46	20	23	17	27
HOMSTM000155	346	14	20	34	17	27	25	43	18	64	15	22
HOMSTM000156	344	14	26	54	19	23	25	38	15	26	10	18
HOMSTM000157	343	14	26	49	18	31	44	40	17	27	17	24
HOMSTM000158	340	14	17	36	15	28	27	52	19	23	17	31
HOMSTM000159	339	14	5	1	1	78	5	12	3	8	2	29
HOMSTM000160	338	14	14	18	13	21	31	36	13	29	12	20
HOMSTM000161	337	14	15	26	21	36	25	41	12	42	23	26
HOMSTM000162	333	14	17	29	15	31	24	46	17	34	19	16
HOMSTM000163	332	14	18	33	13	18	40	38	13	23	11	53
HOMSTM000164	332	14	31	38	8	22	21	39	21	22	6	30
HOMSTM000165	330	14	24	40	13	22	28	35	13	23	31	21
HOMSTM000166	329	14	17	31	17	32	21	37	13	31	24	19
HOMSTM000167	329	14	16	20	8	33	42	27	39	33	9	11
HOMSTM000168	322	14	21	31	16	25	26	36	17	26	17	31
HOMSTM000169	321	14	20	31	16	32	21	49	21	25	20	21
HOMSTM000171	315	14	24	38	15	28	21	34	18	26	16	17
HOMSTM000172	313	14	6	14	17	22	43	56	32	26	15	29
HOMSTM000173	310	14	17	35	17	32	15	31	13	35	17	20
HOMSTM000174	310	14	16	33	12	24	23	41	16	25	16	19
HOMSTM000175	309	14	23	36	14	23	27	35	15	25	13	25
HOMSTM000176	308	14	18	36	9	25	18	39	18	23	10	16
HOMSTM000177	304	14	18	32	12	21	18	42	14	26	15	29
HOMSTM000178	298	14	21	39	13	22	26	35	17	25	12	17
HOMSTM000179	298	14	16	31	10	25	27	39	13	25	16	23
HOMSTM000181	295	14	16	35	15	28	13	53	19	19	15	19
HOMSTM000183	294	14	19	25	118	6	43	24	3	21	1	2
HOMSTM000184	294	14	22	31	8	19	21	24	17	36	11	20
HOMSTM000187	290	14	14	15	7	17	23	18	10	10	6	21
HOMSTM000189	287	14	14	24	15	28	26	34	15	23	16	15
HOMSTM000190	285	14	12	14	15	38	31	32	19	25	17	20
HOMSTM000191	283	14	19	32	15	21	27	39	17	28	15	22
HOMSTM000192	281	14	14	19	13	33	23	42	14	35	20	28
HOMSTM000193	281	14	16	19	18	24	19	32	17	30	16	11
HOMSTM000194	279	14	13	23	10	22	14	27	11	17	17	30
HOMSTM000195	278	14	17	32	12	21	20	51	13	19	11	22
HOMSTM000197	277	14	15	21	41	13	19	31	27	23	13	12
HOMSTM000198	277	14	15	23	21	28	15	44	15	28	18	17
HOMSTM000199	276	14	10	15	10	18	30	30	8	23	15	20
HOMSTM000200	276	14	10	17	13	15	19	35	20	37	7	14
HOMSTM000201	275	14	20	28	14	15	23	31	14	17	29	20
HOMSTM000202	273	14	20	29	9	30	19	23	12	25	17	30
HOMSTM000204	271	14	21	4	9	33	41	26	12	13	12	17
HOMSTM000205	271	14	13	20	11	21	20	32	25	27	13	20
HOMSTM000206	270	14	13	23	11	17	30	25	11	20	15	26
HOMSTM000207	270	14	24	36	22	23	18	34	11	13	25	17
HOMSTM000208	269	14	15	18	14	22	29	30	16	27	13	16
HOMSTM000209	269	14	15	10	16	20	20	14	13	34	58	10
HOMSTM000210	265	14	8	19	11	24	31	37	7	17	19	8
HOMSTM000214	258	14	17	33	11	17	35	33	12	27	9	20
HOMSTM000215	258	14	15	27	11	22	25	45	16	20	6	13
HOMSTM000216	255	14	10	15	8	10	12	28	15	11	10	14
HOMSTM000217	254	14	20	44	10	14	17	29	10	18	9	33
HOMSTM000218	252	14	16	23	20	16	25	30	7	25	18	24
HOMSTM000219	252	14	15	22	11	20	31	42	13	16	9	24
HOMSTM000221	251	14	15	25	8	13	29	21	7	13	31	14
HOMSTM000222	250	14	10	18	14	24	15	39	13	26	15	16
HOMSTM000223	249	14	10	16	18	22	20	46	10	24	21	13
HOMSTM000225	247	14	13	10	17	24	22	23	15	19	12	16
HOMSTM000226	247	14	17	21	13	26	23	29	11	25	14	18
HOMSTM000227	247	14	15	17	13	23	27	36	12	24	14	20
HOMSTM000228	246	14	12	17	14	24	25	31	16	26	21	15
HOMSTM000229	246	14	11	20	10	21	19	41	11	18	11	14
HOMSTM000230	246	14	10	13	16	16	24	30	16	22	23	12
HOMSTM000232	244	14	13	24	10	18	40	26	12	13	7	14
HOMSTM000233	243	14	15	17	13	21	22	34	14	32	15	18
HOMSTM000235	242	14	12	23	11	22	13	29	13	22	10	20
HOMSTM000236	240	14	13	23	8	29	37	28	8	25	6	5
HOMSTM000237	240	14	16	26	12	18	20	40	14	15	14	16
HOMSTM000238	240	14	5	8	11	20	53	28	8	21	16	14
HOMSTM000240	238	14	12	25	12	14	17	29	5	53	10	25
HOMSTM000241	238	14	13	20	19	16	35	25	3	23	6	29
HOMSTM000243	237	14	14	27	7	21	12	14	11	18	14	28
HOMSTM000244	235	14	13	23	11	21	23	32	10	15	13	21
HOMSTM000245	234	14	16	28	16	21	17	28	13	22	13	16
HOMSTM000246	234	14	9	11	15	26	20	18	6	33	37	17
HOMSTM000247	234	14	16	14	7	22	34	27	8	18	13	18
HOMSTM000248	234	14	13	21	18	20	17	34	11	21	11	17
HOMSTM000249	233	14	13	24	11	23	14	35	12	23	14	14
HOMSTM000250	233	14	14	13	6	23	39	31	10	20	13	17
HOMSTM000251	233	14	4	13	4	16	25	20	4	18	26	8
HOMSTM000252	233	14	16	28	11	18	21	33	10	17	12	10
HOMSTM000253	231	14	13	16	12	18	25	26	11	24	13	15
HOMSTM000254	229	14	14	20	11	18	20	34	10	22	12	18
HOMSTM000255	229	14	11	20	10	19	21	33	9	21	14	27
HOMSTM000258	227	14	16	25	12	18	13	29	10	22	13	15
HOMSTM000259	227	14	8	8	17	8	21	13	13	28	7	63
HOMSTM000262	226	14	12	21	10	20	18	41	12	20	15	16
HOMSTM000263	225	14	13	19	17	15	17	29	11	20	12	16
HOMSTM000264	224	14	17	26	10	19	13	22	16	15	9	14
HOMSTM000265	224	14	11	20	8	17	12	30	15	20	9	22
HOMSTM000269	222	14	28	26	11	13	35	15	6	24	7	13
HOMSTM000270	222	14	12	20	10	19	19	34	9	18	16	12
HOMSTM000271	221	14	17	32	9	16	24	25	9	20	8	11
HOMSTM000272	221	14	16	21	10	18	15	24	12	20	10	13
HOMSTM000273	219	14	12	23	9	19	13	27	11	28	14	11
HOMSTM000274	219	14	13	18	10	13	21	25	13	18	14	14
HOMSTM000275	219	14	13	24	10	13	13	34	12	14	12	19
HOMSTM000277	216	14	15	23	9	16	15	28	11	19	8	10
HOMSTM000278	216	14	12	19	12	18	17	32	10	23	11	10
HOMSTM000279	216	14	11	15	8	15	39	21	8	24	10	24
HOMSTM000280	215	14	12	24	9	21	16	31	12	18	5	14
HOMSTM000281	215	14	13	19	10	18	14	23	9	17	14	11
HOMSTM000282	215	14	15	20	12	19	17	21	9	30	13	13
HOMSTM000283	215	14	11	26	10	19	13	31	8	16	12	10
HOMSTM000284	214	14	14	25	13	19	12	30	11	23	14	10
HOMSTM000285	214	14	11	20	12	17	6	39	11	20	10	13
HOMSTM000286	213	14	11	15	17	15	13	25	14	19	9	14
HOMSTM000287	213	14	15	23	8	14	20	40	7	14	9	11
HOMSTM000288	213	14	21	22	18	12	11	21	11	11	7	27
HOMSTM000289	213	14	16	22	10	19	11	24	10	15	12	13
HOMSTM000290	213	14	10	18	5	17	14	27	10	19	5	13
HOMSTM000291	212	14	11	20	11	17	24	33	10	21	13	16
HOMSTM000292	212	14	12	18	9	17	29	23	5	13	8	20
HOMSTM000293	211	14	14	22	7	13	16	27	11	19	9	12
HOMSTM000294	211	14	14	22	17	19	17	23	6	21	12	10
HOMSTM000295	209	14	12	19	8	17	15	28	12	12	14	12
HOMSTM000296	209	14	13	21	10	16	23	33	6	20	11	13
HOMSTM000297	209	14	12	18	12	18	16	31	13	25	9	13
HOMSTM000298	209	14	11	20	9	12	18	24	10	17	11	13
HOMSTM000299	209	14	13	23	9	18	12	14	8	17	19	19
HOMSTM000300	208	14	14	23	5	13	38	23	10	13	10	15
HOMSTM000301	208	14	11	19	9	16	14	28	12	18	7	15
HOMSTM000302	208	14	5	6	5	42	11	13	10	22	28	14
HOMSTM000303	208	14	11	18	8	29	15	22	9	17	12	17
HOMSTM000304	207	14	14	20	10	18	10	21	16	17	18	12
HOMSTM000305	207	14	6	3	7	19	11	13	7	29	8	50
HOMSTM000306	206	14	13	22	16	20	9	27	13	15	6	14
HOMSTM000307	206	14	11	19	10	20	18	32	9	17	10	11
HOMSTM000308	206	14	9	14	13	23	14	35	10	13	18	18
HOMSTM000309	206	14	11	18	10	16	15	29	14	18	10	16
HOMSTM000310	205	14	13	26	12	13	13	24	16	12	9	12
HOMSTM000311	204	14	10	13	11	19	27	25	13	13	23	10
HOMSTM000312	204	14	20	33	10	22	21	24	11	20	5	18
HOMSTM000313	204	14	13	19	11	21	19	25	12	19	10	15
HOMSTM000314	203	14	10	12	6	13	28	28	8	14	17	13
HOMSTM000316	203	14	11	16	9	20	22	21	11	18	11	12
HOMSTM000317	203	14	10	19	7	15	16	33	9	15	7	13
HOMSTM000318	203	14	19	20	9	10	42	7	4	16	6	17
HOMSTM000319	202	14	14	24	8	12	9	25	12	15	7	9
HOMSTM000320	201	14	9	16	8	18	13	17	11	8	11	11
HOMSTM000321	201	14	12	14	10	16	21	32	12	14	11	13
HOMSTM000322	200	14	12	26	7	18	13	25	8	23	8	23
HOMSTM000323	199	14	12	18	8	19	11	25	10	17	10	12
HOMSTM000324	198	14	13	7	9	27	16	19	8	17	14	13
HOMSTM000325	198	14	11	19	9	14	15	27	9	13	7	17
HOMSTM000326	198	14	1	3	6	17	27	23	4	23	18	3
HOMSTM000327	197	14	15	21	10	14	10	24	9	16	17	10
HOMSTM000328	197	14	10	18	9	18	14	28	9	19	11	16
HOMSTM000329	197	14	15	20	12	24	17	15	12	18	11	13
HOMSTM000330	197	14	8	8	6	22	17	28	10	23	21	9
HOMSTM000331	196	14	11	17	5	18	20	24	10	21	8	20
HOMSTM000332	196	14	9	16	11	19	16	28	11	25	7	20
HOMSTM000333	195	14	12	9	3	22	14	14	18	9	14	7
HOMSTM000334	195	14	10	26	5	17	15	25	12	15	8	12
HOMSTM000335	194	14	9	15	10	14	18	20	10	34	9	8
HOMSTM000336	193	14	15	22	8	15	11	23	10	18	9	13
HOMSTM000337	193	14	9	14	9	20	13	28	14	11	16	14
HOMSTM000338	192	14	8	15	4	17	34	21	3	35	18	3
HOMSTM000339	192	14	8	14	10	16	10	33	11	22	11	9
HOMSTM000340	192	14	8	11	6	8	27	16	7	9	6	64
HOMSTM000341	191	14	13	20	7	12	10	29	12	12	8	12
HOMSTM000343	190	14	14	20	7	14	12	27	11	13	6	12
HOMSTM000344	190	14	11	17	8	14	13	16	8	27	5	11
HOMSTM000345	190	14	11	31	7	17	13	15	7	20	9	9
HOMSTM000346	189	14	8	13	12	15	20	29	11	12	18	12
HOMSTM000347	188	14	13	22	8	17	13	30	10	11	8	14
HOMSTM000348	188	14	11	20	9	17	12	23	8	14	8	15
HOMSTM000349	188	14	1	2	13	12	23	20	8	19	11	4
HOMSTM000350	187	14	6	8	5	14	26	23	3	21	14	14
HOMSTM000352	187	14	14	25	6	12	11	27	11	15	8	13
HOMSTM000353	187	14	10	14	10	18	17	31	9	10	7	11
HOMSTM000354	186	14	13	26	10	15	16	16	6	16	12	11
HOMSTM000355	186	14	17	16	13	15	11	20	10	19	15	12
HOMSTM000356	186	14	10	14	12	14	13	27	10	9	12	20
HOMSTM000359	185	14	12	24	7	14	12	18	11	14	6	14
HOMSTM000360	185	14	14	24	10	7	17	18	23	23	11	34
HOMSTM000361	185	14	7	9	6	23	20	29	10	15	15	11
HOMSTM000362	184	14	14	21	7	13	17	30	7	13	7	10
HOMSTM000363	184	14	8	11	8	23	13	22	11	17	10	13
HOMSTM000364	184	14	12	23	6	15	12	19	8	10	8	13
HOMSTM000365	183	14	13	24	9	13	17	24	10	13	9	11
HOMSTM000366	183	14	14	12	6	26	13	21	8	15	8	23
HOMSTM000367	183	14	14	21	13	15	13	22	8	17	9	12
HOMSTM000368	182	14	14	22	7	14	17	25	7	21	5	13
HOMSTM000369	182	14	11	16	8	13	14	26	11	17	11	14
HOMSTM000370	182	14	12	19	10	15	16	19	9	17	10	10
HOMSTM000372	181	14	9	16	8	17	16	33	10	13	12	11
HOMSTM000373	181	14	11	15	11	13	17	21	8	8	11	12
HOMSTM000374	180	14	10	23	5	17	14	21	10	21	10	10
HOMSTM000375	180	14	8	16	8	16	12	24	10	13	12	10
HOMSTM000376	179	14	9	9	7	15	20	23	6	14	14	15
HOMSTM000377	179	14	9	16	10	20	10	26	8	11	10	13
HOMSTM000378	178	14	13	30	7	11	7	13	8	22	6	9
HOMSTM000379	178	14	10	14	9	16	23	18	8	20	10	6
HOMSTM000380	178	14	8	16	6	13	13	19	13	11	10	12
HOMSTM000381	177	14	13	19	8	17	10	22	10	16	9	13
HOMSTM000382	177	14	5	9	2	9	2	9	3	55	1	3
HOMSTM000383	177	14	14	29	7	8	7	15	7	16	8	11
HOMSTM000384	177	14	16	18	10	8	14	22	7	12	8	13
HOMSTM000386	176	14	15	17	6	11	39	14	8	10	11	17
HOMSTM000387	175	14	13	18	8	13	14	23	9	19	9	9
HOMSTM000390	174	14	9	17	14	14	13	16	12	15	16	13
HOMSTM000391	173	14	14	26	5	14	9	21	12	12	7	15
HOMSTM000392	173	14	10	16	7	11	17	24	9	16	9	12
HOMSTM000393	173	14	6	12	6	8	14	23	6	10	5	13
HOMSTM000395	172	14	10	16	12	12	14	24	9	14	9	12
HOMSTM000396	172	14	12	22	7	11	12	26	5	13	7	18
HOMSTM000397	172	14	5	6	4	9	28	9	9	31	8	14
HOMSTM000398	171	14	9	15	11	13	17	19	7	15	13	17
HOMSTM000399	171	14	7	11	8	26	24	31	10	13	10	7
HOMSTM000400	171	14	9	16	6	19	11	27	13	16	6	11
HOMSTM000401	171	14	8	13	11	17	14	16	7	10	20	8
HOMSTM000402	171	14	9	13	5	12	10	22	9	12	7	14
HOMSTM000403	170	14	11	14	9	18	13	21	5	16	6	14
HOMSTM000404	170	14	9	17	7	17	11	23	11	12	11	9
HOMSTM000405	169	14	11	16	10	13	13	21	7	13	8	9
HOMSTM000406	169	14	10	17	10	14	11	22	9	18	7	10
HOMSTM000407	169	14	10	23	7	14	10	20	8	14	8	9
HOMSTM000408	168	14	7	15	5	15	32	12	9	12	15	9
HOMSTM000409	168	14	9	14	8	13	15	18	7	12	11	16
HOMSTM000410	168	14	11	21	6	10	10	23	7	11	17	12
HOMSTM000411	167	14	8	14	7	20	10	20	9	17	9	11
HOMSTM000412	167	14	8	13	10	5	20	26	3	38	8	7
HOMSTM000414	167	14	9	19	9	15	11	25	7	11	9	9
HOMSTM000415	166	14	9	13	9	9	11	24	6	16	5	8
HOMSTM000416	166	14	9	18	7	15	11	20	6	20	8	10
HOMSTM000417	166	14	13	15	3	8	42	2	5	22	1	8
HOMSTM000418	166	14	13	22	5	11	11	14	5	9	11	5
HOMSTM000419	166	14	6	7	4	28	17	42	5	7	8	7
HOMSTM000420	166	14	8	14	6	12	16	20	6	15	7	14
HOMSTM000422	165	14	11	22	8	10	12	19	8	10	11	7
HOMSTM000423	165	14	11	13	5	12	22	17	7	13	5	15
HOMSTM000424	165	14	9	13	10	10	11	26	7	14	8	15
HOMSTM000425	165	14	10	13	6	11	18	22	9	13	9	10
HOMSTM000426	165	14	10	21	7	14	11	21	11	14	8	14
HOMSTM000427	164	14	16	23	8	15	12	24	8	13	1	7
HOMSTM000428	164	14	13	13	6	18	12	14	7	14	7	13
HOMSTM000429	164	14	7	9	4	9	7	5	2	11	4	5
HOMSTM000430	164	14	10	15	11	11	11	19	11	12	9	10
HOMSTM000431	164	14	9	15	7	15	16	19	9	13	6	15
HOMSTM000432	163	14	10	15	7	14	14	19	11	12	6	9
HOMSTM000434	163	14	23	24	7	7	47	10	4	6	3	16
HOMSTM000435	163	14	10	14	16	16	6	19	9	21	10	8
HOMSTM000436	162	14	7	17	4	9	8	21	11	15	7	12
HOMSTM000437	162	14	10	17	8	15	16	15	7	11	10	13
HOMSTM000438	162	14	11	10	19	17	1	4	1	2	14	21
HOMSTM000439	161	14	9	19	7	12	10	20	6	22	8	11
HOMSTM000440	161	14	8	12	10	14	10	18	9	15	12	10
HOMSTM000441	160	14	8	10	11	10	19	17	11	18	8	10
HOMSTM000442	159	14	12	24	8	13	13	14	11	10	8	9
HOMSTM000443	159	14	6	12	8	12	27	26	6	9	9	11
HOMSTM000444	158	14	6	14	12	13	21	18	4	29	12	12
HOMSTM000445	158	14	8	15	7	8	13	25	8	13	8	13
HOMSTM000447	157	14	11	16	8	11	13	22	11	17	10	17
HOMSTM000448	157	14	7	9	7	21	19	18	6	16	9	12
HOMSTM000449	157	14	8	15	9	16	10	20	10	10	6	12
HOMSTM000450	157	14	7	14	9	14	11	18	9	15	9	9
HOMSTM000451	156	14	7	14	7	11	14	17	8	15	6	10
HOMSTM000452	156	14	10	18	7	13	8	21	6	16	7	10
HOMSTM000453	156	14	8	17	5	10	10	15	7	15	3	12
HOMSTM000455	155	14	11	20	7	14	9	15	3	15	11	4
HOMSTM000456	155	14	9	13	6	14	18	16	6	15	13	12
HOMSTM000457	155	14	15	23	8	14	9	14	9	21	7	7
HOMSTM000458	155	14	4	2	4	14	18	11	8	27	5	10
HOMSTM000459	154	14	10	22	7	14	6	22	8	12	9	11
HOMSTM000460	154	14	9	19	5	11	7	18	8	20	4	8
HOMSTM000461	154	14	10	16	7	12	9	14	8	15	6	7
HOMSTM000462	154	14	7	14	8	21	10	15	11	12	11	8
HOMSTM000463	154	14	10	15	5	11	11	26	6	10	9	8
HOMSTM000464	154	14	2	2	5	15	12	13	9	34	7	40
HOMSTM000465	153	14	9	14	4	16	9	15	7	13	17	9
HOMSTM000467	152	14	6	13	6	20	8	16	10	19	8	11
HOMSTM000468	152	14	13	23	7	9	15	20	6	10	9	8
HOMSTM000469	152	14	7	13	8	13	7	23	10	13	11	9
HOMSTM000470	152	14	7	5	6	9	22	12	8	2	13	35
HOMSTM000471	152	14	14	25	7	10	10	20	5	10	9	9
HOMSTM000472	152	14	7	10	12	10	18	16	9	17	8	7
HOMSTM000474	151	14	9	14	9	15	12	19	8	6	12	9
HOMSTM000475	151	14	10	17	8	12	13	18	8	13	8	11
HOMSTM000476	151	14	9	14	7	15	11	23	10	12	7	10
HOMSTM000478	150	14	8	16	8	10	7	16	7	19	6	10
HOMSTM000479	150	14	6	8	3	14	14	20	8	19	14	13
HOMSTM000480	149	14	8	17	7	12	13	21	10	15	7	11
HOMSTM000482	148	14	4	13	3	24	16	9	5	13	34	5
HOMSTM000483	148	14	8	13	10	11	8	21	8	10	8	13
HOMSTM000484	148	14	9	19	7	15	8	15	8	12	7	10
HOMSTM000485	148	14	7	8	15	10	15	17	5	13	7	9
HOMSTM000486	147	14	9	17	6	12	8	17	6	12	6	11
HOMSTM000487	147	14	8	12	9	11	13	16	10	19	10	10
HOMSTM000488	147	14	8	18	7	12	8	19	8	11	7	9
HOMSTM000489	147	14	9	20	9	17	12	16	8	13	8	6
HOMSTM000490	147	14	9	16	4	7	20	22	7	8	6	8
HOMSTM000491	147	14	13	16	4	21	11	22	7	5	5	7
HOMSTM000492	147	14	5	6	8	19	14	15	7	13	11	6
HOMSTM000493	147	14	11	25	11	16	10	20	10	10	10	10
HOMSTM000494	147	14	9	12	5	11	10	17	5	14	5	5
HOMSTM000495	146	14	8	15	9	15	16	17	10	11	8	8
HOMSTM000496	146	14	11	24	7	13	7	21	9	8	8	10
HOMSTM000497	146	14	5	13	7	10	25	19	4	12	5	9
HOMSTM000498	146	14	6	9	8	8	7	19	6	12	11	18
HOMSTM000500	146	14	5	11	9	13	8	23	10	14	10	9
HOMSTM000502	145	14	4	11	7	15	12	20	7	11	3	14
HOMSTM000504	144	14	6	12	7	16	9	18	8	16	7	11
HOMSTM000505	144	14	6	14	5	16	18	18	5	8	5	20
HOMSTM000506	144	14	8	10	9	10	8	19	8	20	7	9
HOMSTM000507	144	14	4	7	6	13	8	19	11	26	8	12
HOMSTM000508	144	14	11	18	9	11	12	18	8	10	6	8
HOMSTM000510	144	14	9	17	8	12	16	13	5	8	9	10
HOMSTM000511	143	14	7	9	6	11	15	13	3	6	8	9
HOMSTM000512	143	14	6	13	4	9	8	10	7	9	5	8
HOMSTM000514	142	14	11	16	6	9	9	12	10	12	9	16
HOMSTM000515	142	14	11	14	11	12	9	14	3	10	15	12
HOMSTM000517	141	14	7	15	9	18	8	22	9	17	7	5
HOMSTM000518	141	14	7	7	7	16	14	14	7	14	10	15
HOMSTM000519	141	14	7	11	5	12	11	21	7	15	9	21
HOMSTM000520	141	14	9	12	7	16	9	15	5	15	11	11
HOMSTM000521	141	14	8	15	6	10	11	15	14	19	6	6
HOMSTM000523	140	14	16	23	10	8	9	8	3	16	5	7
HOMSTM000524	140	14	10	13	12	10	7	20	6	10	11	10
HOMSTM000525	140	14	11	15	8	10	6	19	6	14	4	7
HOMSTM000526	140	14	8	13	7	13	8	20	7	10	9	12
HOMSTM000527	139	14	5	10	6	14	10	21	8	11	5	9
HOMSTM000528	139	14	10	15	8	11	8	20	6	13	5	9
HOMSTM000529	139	14	7	14	5	10	10	18	6	10	12	13
HOMSTM000530	139	14	7	10	6	17	11	21	7	13	14	6
HOMSTM000531	139	14	7	8	10	9	9	15	20	11	7	15
HOMSTM000534	138	14	7	11	5	7	13	15	3	9	12	30
HOMSTM000536	138	14	6	5	3	9	11	16	5	21	12	10
HOMSTM000537	137	14	8	15	7	15	9	16	8	13	7	9
HOMSTM000538	137	14	8	17	9	14	11	13	4	13	6	5
HOMSTM000539	137	14	10	16	9	14	9	19	7	15	6	7
HOMSTM000540	137	14	9	19	4	33	7	14	4	6	5	6
HOMSTM000541	137	14	7	11	7	7	11	19	8	11	7	8
HOMSTM000542	136	14	10	14	9	9	7	13	6	9	8	6
HOMSTM000543	136	14	9	14	6	10	8	16	5	8	7	12
HOMSTM000544	136	14	7	13	5	12	8	19	8	9	10	12
HOMSTM000545	136	14	7	9	7	10	9	19	7	13	7	9
HOMSTM000546	136	14	11	14	3	4	18	17	4	8	5	11
HOMSTM000547	136	14	8	16	7	11	11	22	10	12	3	5
HOMSTM000548	135	14	4	9	7	14	14	20	9	9	7	8
HOMSTM000549	135	14	9	12	6	14	8	17	5	16	7	9
HOMSTM000550	135	14	5	15	7	11	17	19	7	16	6	4
HOMSTM000551	135	14	8	10	7	11	10	16	8	8	12	16
HOMSTM000552	135	14	8	9	5	1	12	7	5	9	6	10
HOMSTM000553	135	14	6	9	6	10	9	19	8	15	5	6
HOMSTM000555	134	14	7	11	10	9	10	18	8	14	10	9
HOMSTM000556	134	14	7	14	10	11	9	13	7	23	6	11
HOMSTM000557	134	14	8	12	5	11	9	18	7	12	10	6
HOMSTM000558	134	14	11	17	5	8	12	19	7	7	6	10
HOMSTM000559	133	14	10	15	8	9	18	19	5	10	7	7
HOMSTM000560	133	14	6	13	6	11	11	18	6	13	8	13
HOMSTM000561	133	14	11	10	6	7	13	13	5	8	5	14
HOMSTM000562	133	14	7	14	5	18	8	9	7	17	7	8
HOMSTM000563	133	14	5	9	8	10	10	23	7	16	7	5
HOMSTM000564	133	14	10	18	3	8	9	11	3	2	2	3
HOMSTM000565	132	14	10	16	6	10	7	13	5	9	5	8
HOMSTM000566	132	14	8	13	6	11	9	17	6	21	4	20
HOMSTM000567	132	14	8	8	7	8	9	15	7	11	5	8
HOMSTM000568	132	14	7	16	6	11	9	21	5	13	7	8
HOMSTM000569	131	14	3	6	11	7	21	10	2	8	8	8
HOMSTM000570	131	14	10	8	9	11	11	17	6	16	9	8
HOMSTM000571	130	14	8	13	5	14	5	10	5	9	15	18
HOMSTM000572	130	14	7	10	5	9	13	22	7	7	5	5
HOMSTM000573	130	14	10	13	9	9	8	20	7	12	7	7
HOMSTM000574	130	14	11	18	6	10	7	19	6	12	5	5
HOMSTM000575	130	14	2	1	5	20	12	6	4	28	7	22
HOMSTM000576	129	14	7	8	5	9	9	20	8	10	7	10
HOMSTM000577	129	14	5	7	2	21	15	27	18	8	7	6
HOMSTM000579	129	14	6	9	5	10	10	19	6	10	17	10
HOMSTM000580	129	14	10	15	5	9	22	22	5	10	7	5
HOMSTM000581	129	14	11	20	8	10	9	15	4	10	7	7
HOMSTM000582	129	14	7	12	6	10	7	16	6	14	6	11
HOMSTM000583	128	14	9	12	7	12	16	15	4	9	11	7
HOMSTM000584	128	14	7	11	5	9	14	19	8	14	11	7
HOMSTM000586	128	14	10	21	5	11	6	15	6	6	4	9
HOMSTM000589	127	14	6	11	6	9	9	13	7	12	8	7
HOMSTM000590	127	14	4	8	5	5	8	8	14	3	17	16
HOMSTM000591	127	14	6	13	8	11	10	15	9	5	12	14
HOMSTM000592	127	14	4	8	5	12	13	9	1	11	8	6
HOMSTM000593	126	14	1	1	6	7	33	7	1	13	5	23
HOMSTM000595	126	14	7	9	6	16	15	17	6	7	6	10
HOMSTM000597	125	14	6	13	6	12	8	23	8	8	6	11
HOMSTM000598	125	14	6	11	8	12	7	17	5	9	7	9
HOMSTM000599	125	14	3	1	4	11	12	10	12	19	4	20
HOMSTM000600	124	14	7	10	7	12	7	18	8	7	11	7
HOMSTM000601	124	14	8	8	8	15	8	22	6	13	8	8
HOMSTM000602	124	14	6	11	3	7	9	10	4	12	9	9
HOMSTM000605	123	14	10	6	4	12	7	15	4	11	5	14
HOMSTM000606	123	14	10	15	5	10	11	20	8	7	5	8
HOMSTM000607	123	14	9	10	7	10	9	23	3	6	8	9
HOMSTM000608	123	14	6	11	6	12	8	19	12	11	5	5
HOMSTM000609	123	14	4	15	5	9	12	26	5	7	11	9
HOMSTM000610	123	14	4	10	4	6	10	10	5	11	17	14
HOMSTM000611	122	14	6	12	5	8	6	15	5	7	7	7
HOMSTM000613	122	14	12	14	10	6	11	10	5	5	9	10
HOMSTM000614	122	14	7	9	7	13	13	15	7	13	8	9
HOMSTM000615	122	14	10	11	10	13	14	9	9	16	7	10
HOMSTM000616	121	14	8	13	8	9	8	22	7	9	8	8
HOMSTM000617	121	14	10	9	5	4	3	8	7	10	6	14
HOMSTM000618	121	14	7	12	6	9	8	14	5	7	5	9
HOMSTM000619	121	14	5	10	5	9	11	19	4	11	7	6
HOMSTM000620	121	14	8	13	6	8	12	13	7	15	6	5
HOMSTM000621	121	14	8	13	3	11	9	15	9	11	8	7
HOMSTM000623	120	14	10	13	6	12	7	16	6	11	5	6
HOMSTM000624	120	14	6	8	7	11	7	18	7	14	6	8
HOMSTM000626	120	14	5	11	9	11	14	17	5	7	4	9
HOMSTM000627	120	14	8	12	4	9	9	9	6	12	4	5
HOMSTM000628	119	14	7	15	4	5	17	17	5	5	4	9
HOMSTM000629	119	14	4	7	5	11	7	19	4	11	6	15
HOMSTM000630	119	14	6	12	5	15	7	17	6	8	7	7
HOMSTM000631	118	14	7	12	12	9	8	16	7	10	10	7
HOMSTM000632	118	14	12	10	8	9	5	11	6	6	4	9
HOMSTM000633	118	14	4	9	4	9	5	10	5	7	3	8
HOMSTM000634	118	14	9	16	3	4	9	19	4	7	2	5
HOMSTM000635	118	14	7	13	6	8	6	18	6	10	4	6
HOMSTM000636	118	14	6	9	9	9	10	11	8	10	9	13
HOMSTM000638	117	14	8	7	7	9	14	16	4	3	5	16
HOMSTM000639	117	14	8	12	7	8	7	13	7	8	6	4
HOMSTM000641	117	14	6	6	5	12	11	24	3	13	7	8
HOMSTM000642	117	14	8	12	6	12	11	19	7	10	5	8
HOMSTM000643	117	14	8	14	5	8	10	16	4	10	7	12
HOMSTM000644	117	14	8	14	4	9	9	15	6	11	5	10
HOMSTM000645	117	14	16	12	3	6	4	9	5	9	13	6
HOMSTM000646	117	14	19	17	6	4	7	9	2	6	2	6
HOMSTM000647	116	14	7	13	6	11	10	20	6	11	6	7
HOMSTM000648	116	14	7	14	9	8	7	16	5	13	5	6
HOMSTM000649	116	14	5	7	6	11	12	11	3	9	5	9
HOMSTM000650	116	14	6	10	7	11	8	14	6	13	7	7
HOMSTM000651	116	14	6	7	6	9	16	15	4	22	5	7
HOMSTM000652	116	14	6	11	7	7	9	17	4	10	6	9
HOMSTM000653	116	14	6	10	7	6	6	17	8	10	9	6
HOMSTM000655	115	14	11	14	3	10	9	15	8	6	3	5
HOMSTM000656	115	14	8	13	4	10	6	16	5	9	4	9
HOMSTM000657	115	14	7	13	5	15	8	14	8	8	1	9
HOMSTM000658	115	14	5	11	5	7	9	29	5	10	7	7
HOMSTM000659	115	14	5	8	6	17	12	14	4	8	6	8
HOMSTM000660	114	14	9	12	4	7	8	21	7	5	11	8
HOMSTM000661	114	14	7	9	4	8	7	22	6	12	5	8
HOMSTM000662	114	14	5	8	7	11	4	10	7	8	6	9
HOMSTM000663	114	14	10	19	4	9	12	17	4	2	4	9
HOMSTM000664	114	14	4	4	6	7	11	11	6	14	9	6
HOMSTM000665	114	14	8	16	5	9	7	13	5	8	6	5
HOMSTM000666	114	14	6	8	6	9	8	14	6	16	6	6
HOMSTM000669	113	14	4	9	4	27	10	16	2	9	5	8
HOMSTM000670	113	14	6	13	4	8	13	11	4	14	3	9
HOMSTM000671	113	14	5	5	4	9	7	14	4	9	5	27
HOMSTM000672	113	14	7	9	6	18	9	13	3	9	7	7
HOMSTM000673	113	14	9	17	10	8	11	16	4	6	7	7
HOMSTM000674	113	14	8	11	5	8	9	18	5	4	7	6
HOMSTM000675	113	14	9	14	3	8	8	15	7	8	5	7
HOMSTM000676	113	14	8	11	6	12	5	14	7	11	7	6
HOMSTM000677	113	14	5	7	6	7	25	12	4	9	5	8
HOMSTM000678	113	14	7	9	4	11	10	15	4	8	8	9
HOMSTM000679	113	14	8	11	7	11	9	14	8	7	5	15
HOMSTM000680	113	14	5	4	4	14	11	11	3	14	3	7
HOMSTM000681	113	14	6	10	11	8	7	18	6	12	6	9
HOMSTM000682	113	14	12	16	4	12	7	7	8	14	3	11
HOMSTM000685	112	14	9	10	8	15	5	11	6	8	5	8
HOMSTM000686	112	14	16	28	3	7	15	11	2	4	3	7
HOMSTM000687	112	14	5	13	7	8	7	17	6	7	5	6
HOMSTM000688	112	14	6	4	5	13	7	10	7	8	8	7
HOMSTM000689	111	14	6	9	5	9	6	14	6	15	5	7
HOMSTM000690	111	14	7	11	4	7	5	16	6	10	6	10
HOMSTM000691	111	14	7	16	4	6	5	16	6	10	5	9
HOMSTM000693	111	14	4	4	5	8	13	6	3	10	5	32
HOMSTM000694	111	14	7	11	5	12	10	12	6	10	6	7
HOMSTM000695	111	14	7	11	5	8	8	11	7	8	6	6
HOMSTM000696	110	14	9	17	4	9	4	8	4	8	2	5
HOMSTM000697	110	14	8	10	6	11	6	12	5	11	5	10
HOMSTM000698	110	14	4	8	4	21	12	8	6	9	7	3
HOMSTM000699	110	14	8	11	6	8	7	17	6	11	5	7
HOMSTM000700	110	14	7	11	9	10	4	14	7	12	10	7
HOMSTM000701	109	14	8	8	5	16	9	10	4	10	6	9
HOMSTM000702	109	14	5	8	5	12	6	8	6	8	6	4
HOMSTM000703	109	14	13	17	16	8	11	5	1	15	2	12
HOMSTM000704	109	14	3	6	6	14	2	12	3	11	8	7
HOMSTM000705	109	14	7	13	5	6	5	18	6	9	6	9
HOMSTM000706	109	14	6	9	6	12	9	16	5	8	7	6
HOMSTM000707	109	14	7	9	7	12	8	15	5	10	5	8
HOMSTM000708	109	14	9	13	5	11	8	13	7	15	6	7
HOMSTM000709	108	14	6	15	6	11	5	12	4	11	6	7
HOMSTM000710	108	14	8	10	7	12	8	16	5	9	7	7
HOMSTM000711	108	14	6	10	6	9	9	14	5	10	6	6
HOMSTM000712	108	14	7	7	9	8	10	19	6	13	7	10
HOMSTM000713	108	14	4	8	5	8	9	16	5	15	7	7
HOMSTM000714	108	14	5	8	7	12	6	12	7	9	9	7
HOMSTM000715	108	14	5	13	5	7	6	18	4	10	7	6
HOMSTM000717	107	14	7	9	6	12	7	19	4	7	5	8
HOMSTM000718	107	14	6	12	4	7	9	17	5	9	4	8
HOMSTM000719	107	14	6	8	6	7	6	16	6	8	5	11
HOMSTM000720	107	14	5	11	4	7	8	19	2	7	5	11
HOMSTM000721	107	14	8	18	5	12	7	8	8	13	7	4
HOMSTM000723	107	14	5	8	7	8	5	12	5	14	8	6
HOMSTM000724	107	14	3	4	5	7	10	19	6	13	5	5
HOMSTM000725	107	14	5	8	7	10	8	9	7	12	5	6
HOMSTM000727	106	14	6	13	6	8	9	12	5	19	2	9
HOMSTM000728	106	14	5	9	5	6	8	9	8	8	5	7
HOMSTM000729	106	14	5	12	2	8	6	13	7	10	5	8
HOMSTM000730	106	14	8	29	7	7	10	7	5	6	2	4
HOMSTM000732	105	14	4	7	1	2	25	19	8	15	1	5
HOMSTM000733	105	14	8	11	5	7	8	17	6	9	7	3
HOMSTM000734	105	14	2	5	4	8	11	8	8	13	9	7
HOMSTM000736	105	14	5	9	4	8	11	9	6	11	5	9
HOMSTM000739	104	14	7	8	1	11	10	6	13	7	3	6
HOMSTM000740	104	14	9	10	4	8	4	9	5	15	8	6
HOMSTM000741	104	14	6	11	4	9	7	11	5	13	8	4
HOMSTM000743	103	14	2	5	6	8	16	13	2	11	10	9
HOMSTM000744	103	14	8	15	4	15	12	17	2	6	2	8
HOMSTM000745	103	14	6	12	6	10	7	10	5	8	6	5
HOMSTM000746	103	14	6	7	7	10	6	13	7	8	7	6
HOMSTM000747	103	14	6	11	5	9	7	11	6	7	4	10
HOMSTM000748	103	14	6	8	7	6	7	10	5	15	7	5
HOMSTM000749	103	14	8	12	7	5	6	10	7	10	3	7
HOMSTM000751	102	14	5	8	6	11	7	14	6	8	7	6
HOMSTM000752	102	14	1	2	3	18	6	11	3	14	8	6
HOMSTM000753	102	14	7	8	2	6	10	5	3	5	10	9
HOMSTM000755	102	14	5	12	6	8	9	18	5	6	7	4
HOMSTM000757	102	14	5	9	3	9	6	17	4	11	5	10
HOMSTM000758	102	14	7	10	6	13	6	10	6	7	7	7
HOMSTM000760	102	14	5	10	4	8	9	13	6	9	5	5
HOMSTM000761	101	14	5	8	3	8	10	11	5	10	3	7
HOMSTM000762	101	14	6	11	3	8	8	15	6	9	4	5
HOMSTM000763	101	14	13	10	2	9	10	22	6	9	1	2
HOMSTM000764	101	14	5	7	5	6	6	10	7	12	7	13
HOMSTM000765	101	14	8	16	4	5	7	13	6	9	4	7
HOMSTM000766	101	14	5	9	6	8	18	10	5	9	5	10
HOMSTM000767	101	14	5	6	5	10	7	12	5	9	7	8
HOMSTM000768	101	14	5	8	2	9	14	17	4	8	10	6
HOMSTM000769	101	14	5	7	10	7	4	9	11	9	5	6
HOMSTM000770	100	14	4	10	3	10	4	9	4	6	5	3
HOMSTM000771	100	14	5	11	5	8	8	14	4	9	4	5
HOMSTM000772	100	14	5	8	6	7	7	10	7	9	10	6
HOMSTM000773	100	14	3	9	5	8	9	15	4	14	6	7
HOMSTM000774	100	14	7	10	7	9	5	11	7	9	8	10
HOMSTM000775	100	14	5	11	6	8	8	16	7	10	4	5
HOMSTM000776	100	14	6	11	4	10	12	9	4	5	5	13
HOMSTM000777	100	14	6	14	5	10	5	10	4	8	4	7
HOMSTM000778	100	14	5	7	5	7	6	12	4	12	5	9
HOMSTM000779	99	14	5	7	5	7	8	15	7	8	3	12
HOMSTM000780	99	14	5	10	4	7	7	10	5	8	5	8
HOMSTM000781	99	14	4	11	6	8	8	13	6	7	4	8
HOMSTM000782	99	14	4	7	7	10	13	21	4	6	4	5
HOMSTM000783	99	14	4	5	3	3	22	7	2	2	2	35
HOMSTM000784	99	14	6	8	4	8	7	13	3	11	8	5
HOMSTM000785	99	14	5	7	5	8	4	11	3	8	3	6
HOMSTM000786	99	14	4	9	6	16	8	10	6	6	10	5
HOMSTM000787	99	14	9	12	3	5	12	16	3	9	4	3
HOMSTM000789	99	14	12	20	5	11	3	2	1	4	18	8
HOMSTM000790	99	14	3	5	5	12	9	16	3	18	3	9
HOMSTM000792	98	14	6	9	4	12	6	12	5	10	6	6
HOMSTM000793	98	14	5	6	6	7	7	15	5	8	5	7
HOMSTM000794	98	14	6	13	4	9	7	15	4	10	3	7
HOMSTM000795	98	14	5	12	4	4	4	10	2	9	3	30
HOMSTM000796	98	14	7	5	5	8	15	14	5	8	6	6
HOMSTM000797	98	14	11	11	2	7	10	16	4	5	8	4
HOMSTM000798	98	14	6	12	3	9	13	12	3	10	3	6
HOMSTM000799	98	14	6	15	2	8	4	8	4	13	4	5
HOMSTM000800	98	14	4	6	5	11	5	11	5	12	6	5
HOMSTM000801	97	14	5	8	6	8	6	14	5	11	8	8
HOMSTM000802	97	14	1	2	2	9	9	3	5	9	8	3
HOMSTM000803	97	14	5	7	6	11	5	10	6	8	16	5
HOMSTM000804	97	14	4	3	2	7	9	6	13	20	4	11
HOMSTM000805	96	14	6	8	5	7	8	15	3	8	8	7
HOMSTM000807	96	14	4	10	2	6	13	9	29	3	6	6
HOMSTM000808	96	14	4	7	6	6	4	8	6	11	4	8
HOMSTM000809	96	14	8	19	3	13	2	6	2	3	11	6
HOMSTM000811	96	14	6	6	3	11	5	8	6	13	5	9
HOMSTM000812	96	14	4	6	5	7	9	17	4	9	6	4
HOMSTM000813	96	14	3	4	4	10	8	12	6	8	4	6
HOMSTM000814	96	14	5	9	3	10	7	12	6	5	2	7
HOMSTM000816	95	14	3	7	3	6	5	12	4	9	9	7
HOMSTM000818	95	14	7	9	5	10	6	9	4	9	5	5
HOMSTM000819	95	14	5	12	4	9	5	10	5	12	5	8
HOMSTM000820	95	14	3	7	5	12	4	12	5	10	5	4
HOMSTM000821	95	14	12	13	3	7	10	5	3	7	4	3
HOMSTM000822	95	14	7	9	6	9	9	11	4	5	3	6
HOMSTM000826	94	14	6	10	6	5	5	11	6	8	4	4
HOMSTM000827	94	14	6	11	3	5	22	5	2	4	3	4
HOMSTM000828	94	14	22	14	3	6	6	8	7	3	2	4
HOMSTM000829	94	14	4	6	4	10	10	8	9	5	4	7
HOMSTM000830	94	14	9	14	3	6	6	10	5	7	2	6
HOMSTM000831	94	14	4	6	6	8	5	12	5	7	12	6
HOMSTM000834	93	14	6	11	4	8	10	13	5	7	5	6
HOMSTM000835	93	14	5	8	4	5	9	20	3	8	4	6
HOMSTM000836	93	14	5	7	5	7	12	19	5	7	5	6
HOMSTM000837	93	14	5	15	3	6	3	14	4	12	4	8
HOMSTM000838	93	14	8	15	5	7	6	13	6	7	4	5
HOMSTM000840	93	14	4	10	3	6	10	13	4	8	4	7
HOMSTM000841	93	14	5	10	3	5	4	18	7	4	4	7
HOMSTM000842	93	14	6	7	5	8	7	17	5	5	7	6
HOMSTM000843	93	14	6	11	4	13	7	14	4	6	6	5
HOMSTM000844	93	14	4	3	1	5	4	1	1	41	3	3
HOMSTM000845	92	14	5	10	4	6	6	13	4	11	4	6
HOMSTM000846	92	14	5	7	4	8	6	11	6	6	4	4
HOMSTM000847	92	14	5	8	6	10	6	12	4	4	6	5
HOMSTM000848	92	14	10	17	4	7	5	7	6	7	2	4
HOMSTM000850	92	14	6	9	6	10	7	9	3	11	9	6
HOMSTM000851	91	14	4	10	4	8	5	16	7	10	4	5
HOMSTM000852	91	14	6	8	6	7	6	9	4	13	4	4
HOMSTM000853	91	14	4	5	4	6	7	12	3	8	4	20
HOMSTM000856	91	14	6	8	3	11	8	12	6	7	4	5
HOMSTM000857	91	14	6	12	4	9	5	16	4	3	5	6
HOMSTM000858	91	14	6	14	3	7	12	7	6	7	3	7
HOMSTM000860	91	14	4	8	6	5	8	16	7	7	4	5
HOMSTM000861	91	14	5	10	5	9	10	12	5	7	4	5
HOMSTM000862	91	14	3	2	5	8	12	2	6	12	4	11
HOMSTM000863	90	14	6	13	6	8	8	13	4	9	9	4
HOMSTM000864	90	14	8	11	3	8	11	16	4	7	3	7
HOMSTM000866	90	14	4	8	9	10	5	12	2	7	8	4
HOMSTM000867	90	14	6	9	4	11	5	11	4	9	5	4
HOMSTM000868	90	14	8	7	3	11	4	5	5	6	8	5
HOMSTM000869	90	14	3	3	4	6	7	8	5	7	3	7
HOMSTM000870	90	14	4	7	4	9	5	11	4	3	4	8
HOMSTM000871	90	14	4	6	5	8	13	4	12	5	3	6
HOMSTM000872	90	14	5	11	3	8	6	11	3	5	4	6
HOMSTM000873	90	14	6	7	6	9	7	14	4	9	6	4
HOMSTM000874	90	14	6	12	5	7	6	11	6	7	3	7
HOMSTM000875	90	14	5	6	7	7	5	10	4	9	5	5
HOMSTM000876	90	14	7	12	3	16	3	10	4	7	5	6
HOMSTM000877	89	14	5	13	8	6	7	8	8	6	2	6
HOMSTM000878	89	14	7	20	5	4	5	10	2	7	2	4
HOMSTM000879	89	14	5	10	4	7	5	8	7	14	10	5
HOMSTM000881	89	14	6	15	3	6	3	7	2	6	3	7
HOMSTM000882	89	14	2	1	2	14	16	14	4	5	3	3
HOMSTM000883	89	14	3	7	4	6	5	15	5	10	5	6
HOMSTM000884	89	14	5	7	5	7	8	8	6	13	5	7
HOMSTM000885	89	14	5	6	4	5	10	17	3	7	3	8
HOMSTM000886	89	14	7	9	4	6	5	10	3	10	4	6
HOMSTM000887	89	14	8	11	5	3	6	9	3	6	2	6
HOMSTM000888	89	14	4	3	3	8	9	10	7	7	6	4
HOMSTM000889	89	14	12	15	4	7	3	10	4	9	3	7
HOMSTM000890	89	14	3	2	6	13	4	5	5	14	6	8
HOMSTM000891	88	14	4	8	4	6	7	8	4	6	12	5
HOMSTM000892	88	14	6	8	3	12	4	10	4	8	4	6
HOMSTM000893	88	14	5	8	4	5	7	16	5	8	4	3
HOMSTM000894	88	14	7	10	2	9	5	12	3	7	6	5
HOMSTM000895	88	14	7	10	5	10	7	14	3	8	7	7
HOMSTM000896	88	14	4	8	4	13	6	12	3	11	5	7
HOMSTM000899	88	14	6	7	5	7	6	10	5	13	7	3
HOMSTM000900	88	14	1	3	1	6	22	30	6	9	1	2
HOMSTM000902	87	14	6	7	5	6	5	8	2	19	8	8
HOMSTM000903	87	14	6	7	6	5	5	12	4	7	5	4
HOMSTM000904	87	14	4	4	4	6	14	9	6	9	6	4
HOMSTM000905	87	14	5	4	4	7	5	12	3	6	4	5
HOMSTM000906	87	14	11	8	5	7	3	7	3	8	6	5
HOMSTM000907	87	14	5	7	5	5	5	8	3	10	5	7
HOMSTM000909	87	14	3	13	2	4	19	9	2	2	2	3
HOMSTM000910	87	14	7	8	6	6	5	6	2	11	5	6
HOMSTM000911	87	14	6	14	4	7	7	10	3	8	5	5
HOMSTM000912	87	14	5	13	6	7	4	11	7	9	3	4
HOMSTM000913	87	14	6	14	4	4	5	13	6	4	4	5
HOMSTM000914	87	14	6	13	5	6	12	8	3	8	5	6
HOMSTM000915	87	14	6	9	4	9	9	14	4	7	1	8
HOMSTM000916	87	14	2	2	6	6	18	13	3	10	5	5
HOMSTM000917	87	14	5	3	3	8	15	7	6	9	3	10
HOMSTM000918	87	14	5	7	3	5	5	13	4	5	4	6
HOMSTM000919	87	14	6	9	4	6	4	12	4	9	7	6
HOMSTM000922	86	14	3	7	2	8	14	12	2	10	4	5
HOMSTM000923	86	14	6	10	4	8	4	8	4	10	3	4
HOMSTM000924	86	14	7	9	2	7	10	9	3	6	3	7
HOMSTM000925	86	14	3	6	3	7	7	12	3	6	3	5
HOMSTM000926	86	14	6	12	4	6	4	11	4	4	4	6
HOMSTM000928	86	14	5	10	3	4	8	14	3	7	4	5
HOMSTM000929	86	14	3	3	1	6	1	7	1	3	3	1
HOMSTM000930	86	14	6	10	4	8	4	8	5	7	9	5
HOMSTM000932	86	14	6	8	3	8	8	11	3	9	3	4
HOMSTM000933	86	14	5	8	5	7	6	10	4	8	5	5
HOMSTM000934	86	14	4	6	5	11	6	10	5	8	5	5
HOMSTM000935	86	14	6	9	3	7	5	11	3	6	8	5
HOMSTM000936	85	14	5	6	4	9	6	11	4	11	4	6
HOMSTM000937	85	14	5	7	5	5	8	12	2	5	4	7
HOMSTM000939	85	14	5	8	4	7	4	15	4	8	10	6
HOMSTM000940	85	14	7	10	13	6	4	8	5	6	4	5
HOMSTM000941	85	14	7	12	2	13	8	10	3	16	5	2
HOMSTM000942	85	14	6	13	4	7	6	10	5	6	4	5
HOMSTM000943	85	14	4	6	9	6	5	8	11	7	6	5
HOMSTM000944	85	14	4	6	4	8	7	13	3	5	3	6
HOMSTM000945	85	14	4	7	3	7	5	10	4	3	6	8
HOMSTM000946	85	14	6	4	11	10	4	8	4	6	4	4
HOMSTM000947	85	14	3	7	3	8	5	10	5	7	4	8
HOMSTM000948	85	14	3	9	8	3	4	9	2	7	21	3
HOMSTM000949	84	14	4	8	4	6	8	14	4	7	6	4
HOMSTM000951	84	14	1	9	1	3	26	9	4	9	1	1
HOMSTM000952	84	14	3	5	2	21	3	8	6	11	4	3
HOMSTM000953	84	14	5	5	3	5	7	19	4	4	5	4
HOMSTM000954	84	14	3	3	5	7	12	12	8	6	4	5
HOMSTM000955	84	14	3	7	3	6	11	14	5	7	4	8
HOMSTM000956	84	14	4	4	3	4	5	5	4	10	3	12
HOMSTM000957	84	14	3	5	6	8	6	12	2	11	3	6
HOMSTM000958	84	14	8	7	3	7	5	12	4	7	6	8
HOMSTM000959	84	14	3	5	3	5	11	12	4	8	6	3
HOMSTM000960	84	14	4	6	3	9	4	10	4	10	4	4
HOMSTM000961	84	14	5	7	3	7	6	11	4	4	4	8
HOMSTM000963	83	14	7	8	4	4	5	10	7	9	5	6
HOMSTM000964	83	14	4	9	3	7	4	7	4	7	3	4
HOMSTM000965	83	14	7	6	4	6	1	8	2	1	1	11
HOMSTM000966	83	14	4	10	4	5	6	14	3	6	7	8
HOMSTM000967	83	14	4	4	4	9	9	10	5	9	5	5
HOMSTM000968	83	14	5	7	3	5	4	10	4	7	4	4
HOMSTM000969	83	14	5	8	5	8	6	10	3	5	4	4
HOMSTM000970	83	14	4	8	4	8	5	8	4	11	3	3
HOMSTM000972	83	14	3	4	5	10	7	11	3	9	4	6
HOMSTM000973	83	14	3	4	4	9	12	8	4	6	5	4
HOMSTM000974	83	14	5	12	3	6	4	12	3	10	3	5
HOMSTM000975	83	14	9	6	2	4	7	10	2	4	5	5
HOMSTM000976	83	14	4	7	4	7	9	9	4	11	3	5
HOMSTM000977	83	14	5	9	3	7	5	8	4	5	5	5
HOMSTM000978	83	14	8	11	4	10	5	6	4	9	12	4
HOMSTM000979	83	14	2	3	4	4	5	10	1	14	7	6
HOMSTM000981	82	14	2	6	4	5	6	5	3	4	8	6
HOMSTM000982	82	14	4	5	6	7	7	6	7	7	4	5
HOMSTM000983	82	14	4	7	4	9	6	13	5	3	2	5
HOMSTM000984	82	14	5	7	5	10	4	9	8	9	5	7
HOMSTM000985	82	14	6	11	4	7	5	9	5	10	4	6
HOMSTM000986	82	14	5	7	3	8	10	9	4	5	3	6
HOMSTM000987	82	14	5	5	4	5	8	6	3	5	14	3
HOMSTM000988	82	14	2	6	17	3	3	2	14	5	3	5
HOMSTM000989	82	14	4	8	4	8	5	12	5	6	4	3
HOMSTM000991	82	14	4	8	3	13	7	13	3	6	4	4
HOMSTM000993	81	14	8	15	5	7	3	6	3	5	6	7
HOMSTM000994	81	14	5	7	3	6	4	13	4	14	4	4
HOMSTM000995	81	14	5	10	3	12	4	11	5	9	3	7
HOMSTM000996	81	14	3	8	5	8	4	13	4	7	5	5
HOMSTM000997	81	14	6	7	4	6	10	8	9	5	4	4
HOMSTM000998	81	14	5	8	4	8	9	8	4	5	4	7
HOMSTM000999	81	14	6	9	4	7	6	10	5	6	4	6
HOMSTM001000	81	14	5	8	4	7	4	10	4	11	4	4
HOMSTM001001	80	14	5	6	2	8	3	12	4	4	4	5
HOMSTM001003	80	14	4	5	5	5	5	11	5	13	5	6
HOMSTM001004	80	14	4	9	6	7	5	12	3	13	3	4
HOMSTM001005	80	14	5	12	3	6	8	15	5	5	4	5
HOMSTM001007	80	14	3	7	6	20	3	11	4	7	5	4
HOMSTM001008	80	14	3	10	5	4	4	9	4	14	5	4
HOMSTM001009	80	14	3	9	2	5	7	24	4	4	1	3
HOMSTM001010	79	14	4	8	5	8	7	10	5	4	5	8
HOMSTM001011	79	14	5	10	4	6	7	11	4	6	5	6
HOMSTM001013	79	14	4	5	4	5	6	9	4	10	4	6
HOMSTM001014	79	14	6	10	5	15	6	11	2	3	5	2
HOMSTM001015	79	14	5	7	3	6	8	12	4	7	4	5
HOMSTM001016	79	14	5	10	4	5	4	8	3	8	4	9
HOMSTM001017	79	14	6	8	2	7	5	12	5	9	3	7
HOMSTM001018	79	14	8	11	3	6	12	6	3	9	2	3
HOMSTM001019	79	14	4	6	4	5	5	10	4	8	5	7
HOMSTM001023	79	14	3	7	5	6	6	13	4	9	5	5
HOMSTM001024	79	14	3	4	5	8	6	12	4	10	6	4
HOMSTM001025	79	14	4	6	6	6	14	7	3	7	3	4
HOMSTM001027	78	14	5	6	4	5	6	16	5	9	5	3
HOMSTM001028	78	14	3	7	5	5	9	10	4	9	4	4
HOMSTM001029	78	14	4	9	3	6	6	11	3	9	4	4
HOMSTM001031	78	14	6	7	3	6	8	8	3	9	9	4
HOMSTM001032	78	14	4	9	2	5	4	12	4	6	3	4
HOMSTM001033	78	14	5	9	3	4	14	10	3	5	3	5
HOMSTM001034	78	14	5	10	3	5	5	12	3	9	4	3
HOMSTM001036	78	14	3	9	5	5	7	11	4	6	3	7
HOMSTM001037	78	14	4	6	5	6	3	8	5	10	8	4
HOMSTM001038	78	14	5	4	3	7	5	10	8	8	5	7
HOMSTM001039	78	14	3	6	8	10	8	9	4	7	6	4
HOMSTM001040	78	14	3	7	5	8	5	15	4	8	4	5
HOMSTM001041	78	14	5	10	3	8	4	8	3	8	4	4
HOMSTM001042	78	14	4	6	4	4	7	10	3	7	3	7
HOMSTM001044	78	14	4	7	2	6	4	10	4	7	3	4
HOMSTM001045	78	14	4	5	3	4	8	6	3	15	4	3
HOMSTM001046	78	14	6	8	3	10	6	9	4	6	4	5
HOMSTM001047	78	14	4	8	4	8	5	14	3	8	5	5
HOMSTM001048	78	14	3	5	4	8	9	10	3	8	5	7
HOMSTM001049	78	14	5	9	4	6	5	9	4	6	4	7
HOMSTM001050	77	14	3	6	3	4	4	9	4	6	8	5
HOMSTM001051	77	14	5	7	4	7	5	8	1	6	3	5
HOMSTM001052	77	14	6	8	4	10	7	5	4	6	13	1
HOMSTM001053	77	14	6	9	4	6	7	8	3	9	3	3
HOMSTM001054	77	14	3	7	5	9	6	8	4	8	4	5
HOMSTM001055	77	14	6	12	4	5	4	9	2	11	3	6
HOMSTM001056	77	14	5	9	3	9	4	14	6	11	1	3
HOMSTM001057	77	14	4	10	6	7	6	9	3	9	4	6
HOMSTM001059	77	14	5	6	4	6	15	10	2	6	4	4
HOMSTM001060	77	14	2	4	3	14	11	5	2	11	4	3
HOMSTM001061	77	14	3	5	5	8	7	8	4	10	5	4
HOMSTM001062	77	14	6	8	4	6	6	9	5	5	5	7
HOMSTM001063	77	14	4	5	4	6	3	10	6	9	5	7
HOMSTM001064	76	14	6	7	3	5	9	10	4	7	3	3
HOMSTM001065	76	14	5	10	4	7	4	8	2	5	3	3
HOMSTM001066	76	14	4	7	2	6	6	7	6	11	3	3
HOMSTM001067	76	14	6	5	2	7	6	13	7	7	5	6
HOMSTM001068	76	14	3	6	3	5	3	13	3	4	5	4
HOMSTM001069	76	14	3	10	2	7	6	13	5	5	4	5
HOMSTM001070	76	14	5	5	1	9	10	13	5	7	6	2
HOMSTM001071	76	14	5	8	3	7	5	11	5	5	4	5
HOMSTM001072	76	14	5	12	4	6	7	10	3	6	4	4
HOMSTM001073	76	14	7	9	2	4	7	11	3	7	3	5
HOMSTM001074	76	14	5	6	6	4	3	9	6	8	4	5
HOMSTM001075	76	14	3	8	2	6	7	9	3	6	4	5
HOMSTM001076	76	14	4	5	4	6	9	13	2	7	4	4
HOMSTM001077	76	14	6	8	3	7	7	11	3	5	3	6
HOMSTM001079	75	14	3	5	5	8	3	11	3	6	4	4
HOMSTM001080	75	14	5	7	3	11	6	13	5	9	3	4
HOMSTM001082	75	14	5	9	4	4	4	13	4	8	4	3
HOMSTM001083	75	14	6	6	3	4	6	13	7	9	4	4
HOMSTM001084	75	14	5	13	3	5	7	9	4	7	2	4
HOMSTM001085	75	14	4	6	4	6	5	16	3	5	5	6
HOMSTM001086	75	14	5	8	3	5	5	11	5	3	4	8
HOMSTM001087	75	14	5	8	3	4	5	9	2	4	2	4
HOMSTM001088	75	14	4	9	4	8	8	11	5	7	3	4
HOMSTM001089	75	14	6	10	2	4	9	11	3	4	2	4
HOMSTM001091	75	14	4	6	5	6	4	8	3	9	5	4
HOMSTM001092	75	14	4	5	3	6	4	11	4	10	4	5
HOMSTM001093	75	14	5	14	4	6	3	9	2	3	5	5
HOMSTM001095	75	14	1	3	1	2	12	11	1	5	1	23
HOMSTM001097	74	14	3	6	5	6	6	12	4	5	3	3
HOMSTM001098	74	14	2	7	4	6	13	11	1	1	1	2
HOMSTM001099	74	14	6	11	4	7	5	13	4	9	5	5
HOMSTM001100	74	14	3	6	11	4	4	9	10	6	2	5
HOMSTM001101	74	14	2	5	1	6	8	8	1	2	1	12
HOMSTM001102	74	14	6	16	2	4	10	7	4	4	2	8
HOMSTM001103	74	14	5	5	8	5	5	10	3	7	3	4
HOMSTM001104	74	14	3	7	3	7	5	6	3	17	3	6
HOMSTM001106	74	14	5	9	3	7	5	9	4	4	3	4
HOMSTM001107	74	14	4	9	5	5	3	8	4	7	4	4
HOMSTM001108	74	14	4	6	3	6	5	11	3	8	4	4
HOMSTM001109	74	14	3	4	12	5	2	12	3	3	5	3
HOMSTM001111	73	14	4	5	4	6	8	11	6	3	3	6
HOMSTM001112	73	14	4	7	2	7	4	9	3	8	4	3
HOMSTM001113	73	14	4	6	3	8	8	9	3	6	3	4
HOMSTM001114	73	14	10	7	1	6	7	4	4	13	2	3
HOMSTM001115	73	14	5	7	3	5	7	13	3	2	7	4
HOMSTM001116	73	14	9	10	3	4	6	8	2	7	4	5
HOMSTM001119	73	14	3	4	3	8	5	12	6	5	9	3
HOMSTM001120	73	14	4	4	5	3	3	22	1	5	14	1
HOMSTM001121	73	14	5	7	4	5	6	9	3	5	6	6
HOMSTM001122	73	14	2	3	1	2	3	8	4	9	4	3
HOMSTM001123	72	14	3	8	3	5	5	13	3	6	4	5
HOMSTM001124	72	14	2	4	3	7	4	8	3	6	4	4
HOMSTM001125	72	14	4	7	4	11	4	5	3	10	5	4
HOMSTM001126	72	14	6	7	3	5	5	8	3	11	8	3
HOMSTM001127	72	14	4	4	5	6	4	5	5	8	3	5
HOMSTM001128	72	14	4	8	3	6	4	9	4	10	4	5
HOMSTM001129	72	14	2	3	3	4	6	10	3	4	3	12
HOMSTM001130	72	14	3	5	6	6	6	9	3	9	3	3
HOMSTM001131	72	14	4	9	4	7	5	8	3	5	5	3
HOMSTM001132	72	14	3	5	3	7	6	10	6	4	4	6
HOMSTM001133	72	14	4	7	4	6	4	8	3	11	3	4
HOMSTM001134	72	14	2	2	5	13	3	5	4	7	11	3
HOMSTM001135	72	14	3	11	3	7	7	8	3	3	4	6
HOMSTM001136	72	14	5	10	2	6	5	10	3	6	3	6
HOMSTM001137	71	14	4	5	3	6	8	13	3	6	3	2
HOMSTM001138	71	14	4	4	4	2	6	6	1	3	15	8
HOMSTM001139	71	14	3	5	3	6	5	12	7	7	3	6
HOMSTM001140	71	14	1	3	4	7	7	15	6	6	9	3
HOMSTM001141	71	14	6	9	3	6	6	11	3	6	3	7
HOMSTM001142	71	14	5	7	6	6	4	10	3	7	4	8
HOMSTM001143	71	14	5	4	5	9	5	6	4	5	6	4
HOMSTM001144	71	14	6	10	5	7	5	5	3	2	4	3
HOMSTM001146	71	14	5	6	2	2	9	14	2	7	3	4
HOMSTM001147	71	14	4	6	3	9	7	6	5	3	3	5
HOMSTM001148	71	14	6	9	2	6	14	8	2	5	3	5
HOMSTM001149	71	14	5	9	3	5	8	12	4	3	5	6
HOMSTM001150	70	14	3	6	2	8	5	8	1	9	4	4
HOMSTM001151	70	14	3	8	3	5	4	10	5	7	2	5
HOMSTM001153	70	14	3	4	4	6	4	9	4	6	4	2
HOMSTM001154	70	14	3	2	2	3	34	6	2	3	3	3
HOMSTM001155	70	14	8	10	2	4	10	6	3	8	5	5
HOMSTM001156	70	14	4	4	5	10	4	8	3	5	5	4
HOMSTM001157	70	14	4	6	2	4	2	5	2	4	4	3
HOMSTM001158	70	14	4	6	3	7	4	9	4	8	4	5
HOMSTM001159	70	14	5	9	3	3	7	12	3	8	1	4
HOMSTM001160	70	14	4	5	4	11	4	8	4	6	3	5
HOMSTM001161	70	14	5	12	4	7	4	7	3	5	4	5
HOMSTM001162	70	14	3	4	3	4	9	11	3	11	3	4
HOMSTM001163	70	14	4	10	2	5	4	5	2	5	2	3
HOMSTM001164	70	14	4	4	3	6	5	10	4	6	5	4
HOMSTM001165	70	14	3	4	4	7	4	8	5	8	3	5
HOMSTM001166	70	14	3	4	5	4	4	8	4	8	2	5
HOMSTM001167	70	14	5	10	4	6	3	6	2	9	3	4
HOMSTM001169	70	14	5	9	2	6	6	9	4	6	3	4
HOMSTM001170	70	14	3	8	4	10	5	10	4	6	2	4
HOMSTM001171	70	14	5	10	3	2	4	7	4	5	3	5
HOMSTM001172	70	14	3	4	2	5	6	14	4	10	1	4
HOMSTM001173	70	14	2	1	2	10	8	7	2	1	4	20
HOMSTM001174	70	14	5	10	3	4	5	8	3	7	4	6
HOMSTM001175	70	14	3	6	3	6	5	8	3	14	9	4
HOMSTM001176	70	14	2	1	4	7	10	4	5	2	4	10
HOMSTM001177	70	14	5	8	4	5	5	6	5	9	5	3
HOMSTM001178	69	14	5	6	2	3	9	8	3	6	3	8
HOMSTM001179	69	14	3	7	6	8	6	12	3	6	3	4
HOMSTM001180	69	14	5	9	3	5	5	9	3	8	3	6
HOMSTM001181	69	14	7	6	2	3	10	8	1	3	2	2
HOMSTM001182	69	14	2	3	2	5	7	7	2	11	3	5
HOMSTM001183	69	14	3	6	2	10	7	10	4	6	3	7
HOMSTM001184	69	14	3	4	4	5	4	8	4	17	3	3
HOMSTM001185	69	14	3	3	5	4	17	5	2	10	5	3
HOMSTM001187	69	14	4	7	1	5	4	7	2	3	4	5
HOMSTM001188	69	14	3	8	2	8	4	13	7	4	1	5
HOMSTM001189	69	14	5	7	4	6	7	5	3	7	2	5
HOMSTM001190	69	14	5	6	3	6	4	10	3	3	4	3
HOMSTM001191	69	14	6	7	4	6	7	10	2	5	3	5
HOMSTM001192	69	14	2	4	3	5	2	8	3	4	3	4
HOMSTM001194	69	14	4	7	3	10	2	10	4	6	4	4
HOMSTM001195	69	14	2	2	1	10	13	2	1	18	3	1
HOMSTM001196	69	14	2	2	1	7	6	8	4	8	5	7
HOMSTM001197	68	14	5	9	4	5	4	8	3	9	2	5
HOMSTM001198	68	14	4	4	8	5	11	7	4	6	3	5
HOMSTM001199	68	14	6	8	3	6	4	8	3	8	3	2
HOMSTM001200	68	14	2	2	5	14	4	5	7	1	7	3
HOMSTM001201	68	14	2	3	10	3	4	13	6	3	3	5
HOMSTM001202	68	14	3	4	4	5	7	9	4	6	4	4
HOMSTM001203	68	14	3	4	4	10	6	8	4	7	4	4
HOMSTM001204	68	14	5	7	3	3	5	9	6	7	3	2
HOMSTM001205	68	14	3	5	3	6	11	9	3	5	3	3
HOMSTM001206	68	14	4	10	3	6	7	10	4	6	1	4
HOMSTM001207	68	14	6	8	3	2	6	6	4	4	3	4
HOMSTM001208	68	14	2	5	2	3	10	8	3	6	11	5
HOMSTM001209	68	14	3	5	4	7	5	7	3	7	3	5
HOMSTM001210	68	14	3	6	4	5	4	6	4	4	3	5
HOMSTM001211	68	14	6	5	6	8	3	6	3	10	3	4
HOMSTM001212	68	14	5	9	3	7	4	10	3	5	3	6
HOMSTM001213	68	14	4	9	3	3	4	7	3	6	5	3
HOMSTM001214	68	14	5	9	2	5	2	2	4	4	4	3
HOMSTM001216	68	14	5	13	2	4	2	8	3	7	4	5
HOMSTM001217	68	14	5	7	4	6	3	8	4	7	4	3
HOMSTM001218	68	14	4	5	4	5	8	10	3	5	4	3
HOMSTM001219	68	14	4	4	4	8	5	6	3	5	6	5
HOMSTM001220	68	14	3	6	3	3	11	11	3	4	5	6
HOMSTM001221	68	14	3	7	2	4	9	4	2	6	3	14
HOMSTM001222	67	14	4	4	3	9	7	6	4	6	4	5
HOMSTM001223	67	14	5	9	3	6	5	8	3	9	1	8
HOMSTM001224	67	14	4	12	3	6	6	10	4	7	3	8
HOMSTM001225	67	14	5	6	3	4	4	10	4	9	5	5
HOMSTM001226	67	14	3	7	2	6	3	8	2	6	5	3
HOMSTM001227	67	14	5	7	3	11	5	7	6	5	2	3
HOMSTM001228	67	14	3	3	7	6	5	9	2	6	6	2
HOMSTM001229	67	14	4	6	4	6	4	6	4	6	2	4
HOMSTM001231	67	14	5	8	1	6	3	8	5	4	4	3
HOMSTM001232	67	14	4	5	5	4	4	11	4	5	3	5
HOMSTM001233	67	14	2	3	3	4	4	10	3	7	3	14
HOMSTM001234	67	14	3	3	5	7	4	7	4	5	4	3
HOMSTM001235	67	14	6	9	5	8	2	8	2	4	6	4
HOMSTM001236	67	14	6	9	2	6	4	6	3	7	3	4
HOMSTM001237	67	14	3	5	3	6	5	13	6	9	3	5
HOMSTM001238	67	14	3	3	4	8	4	13	3	4	3	4
HOMSTM001239	67	14	1	1	2	8	5	8	5	4	1	3
HOMSTM001240	67	14	4	4	4	4	5	8	2	3	1	20
HOMSTM001241	67	14	3	8	2	5	6	11	3	8	2	3
HOMSTM001243	67	14	3	8	5	4	5	10	4	7	5	4
HOMSTM001244	67	14	5	4	4	9	4	10	2	10	5	3
HOMSTM001246	66	14	16	11	3	7	3	3	2	2	3	1
HOMSTM001247	66	14	4	10	2	6	4	9	3	9	3	5
HOMSTM001248	66	14	4	7	3	4	8	8	4	4	3	6
HOMSTM001249	66	14	5	5	9	6	4	7	3	6	5	4
HOMSTM001250	66	14	3	5	3	9	4	9	4	7	4	6
HOMSTM001253	66	14	3	6	2	4	6	13	5	3	3	6
HOMSTM001254	66	14	2	3	2	1	22	13	3	10	1	3
HOMSTM001255	66	14	1	1	2	5	7	4	2	17	2	6
HOMSTM001257	66	14	4	6	3	6	4	7	5	6	3	3
HOMSTM001258	66	14	5	9	3	4	6	7	4	6	2	5
HOMSTM001261	65	14	3	4	3	8	4	7	4	8	6	4
HOMSTM001262	65	14	1	3	4	11	5	11	2	5	6	4
HOMSTM001264	65	14	10	8	4	5	4	9	3	4	3	4
HOMSTM001265	65	14	4	5	3	4	5	7	4	6	8	3
HOMSTM001266	65	14	4	8	2	4	6	4	4	4	2	6
HOMSTM001267	65	14	4	4	2	9	3	5	5	5	3	7
HOMSTM001268	65	14	3	4	2	6	3	6	3	3	5	5
HOMSTM001269	65	14	5	8	4	5	4	10	3	5	3	6
HOMSTM001270	65	14	3	5	3	4	3	13	2	2	3	3
HOMSTM001271	65	14	3	7	4	7	4	9	4	5	3	4
HOMSTM001272	65	14	1	3	5	10	8	12	4	5	4	5
HOMSTM001273	65	14	4	9	4	5	3	8	2	7	3	3
HOMSTM001274	65	14	5	7	3	6	3	7	3	13	2	4
HOMSTM001275	65	14	1	1	4	10	7	7	1	14	3	4
HOMSTM001277	65	14	2	7	3	4	6	9	3	4	3	6
HOMSTM001278	65	14	5	6	3	5	6	6	5	6	5	5
HOMSTM001280	64	14	5	5	3	5	6	8	2	5	3	4
HOMSTM001281	64	14	2	4	3	5	4	4	2	4	4	3
HOMSTM001282	64	14	5	5	3	11	4	8	4	8	3	4
HOMSTM001283	64	14	3	4	4	7	5	8	6	8	3	3
HOMSTM001284	64	14	5	10	3	4	5	7	4	4	4	6
HOMSTM001285	64	14	2	5	3	3	4	6	5	7	3	2
HOMSTM001286	64	14	2	4	3	6	9	9	3	5	3	4
HOMSTM001287	64	14	3	6	3	6	4	4	4	5	2	6
HOMSTM001288	64	14	4	7	4	9	3	5	3	11	2	3
HOMSTM001289	64	14	3	5	3	5	4	6	3	4	3	6
HOMSTM001291	64	14	3	3	3	5	4	9	3	10	4	5
HOMSTM001292	64	14	3	6	4	5	6	6	3	15	2	3
HOMSTM001293	64	14	3	4	3	5	3	8	6	6	3	5
HOMSTM001294	64	14	11	9	1	6	5	8	3	8	1	5
HOMSTM001295	64	14	4	6	2	5	4	12	4	6	1	3
HOMSTM001296	64	14	3	4	4	4	4	9	3	6	4	3
HOMSTM001297	64	14	5	6	2	6	3	9	3	5	5	3
HOMSTM001298	64	14	2	3	3	5	10	7	6	8	4	3
HOMSTM001299	63	14	4	3	4	6	5	6	4	4	6	3
HOMSTM001300	63	14	4	7	5	5	4	9	2	6	4	7
HOMSTM001301	63	14	5	5	2	6	3	10	2	8	2	4
HOMSTM001303	63	14	2	3	3	10	3	13	3	8	3	6
HOMSTM001304	63	14	3	4	2	6	4	7	2	7	3	4
HOMSTM001305	63	14	2	4	2	8	12	6	1	8	12	3
HOMSTM001306	63	14	4	6	4	4	4	6	3	6	4	4
HOMSTM001307	63	14	4	5	3	4	3	6	5	11	3	5
HOMSTM001308	63	14	4	7	4	5	3	5	3	6	4	5
HOMSTM001309	63	14	5	8	4	6	4	5	3	4	3	6
HOMSTM001310	63	14	2	5	4	5	6	6	3	8	4	4
HOMSTM001311	63	14	5	7	3	4	3	6	3	6	4	6
HOMSTM001313	63	14	3	7	3	7	4	10	1	7	4	3
HOMSTM001314	63	14	3	5	2	5	5	10	2	4	4	5
HOMSTM001315	63	14	4	3	5	5	5	6	3	6	3	3
HOMSTM001316	63	14	2	2	3	7	5	5	8	5	6	5
HOMSTM001317	63	14	6	8	3	4	5	8	4	5	2	5
HOMSTM001318	63	14	6	3	2	5	14	4	2	3	2	6
HOMSTM001319	63	14	5	9	3	5	3	6	3	7	3	5
HOMSTM001320	63	14	5	6	3	3	3	6	5	7	3	4
HOMSTM001321	63	14	3	6	4	7	3	6	4	6	4	5
HOMSTM001322	63	14	3	8	2	4	3	8	4	4	2	3
HOMSTM001323	63	14	3	5	3	6	3	6	4	6	10	3
HOMSTM001324	63	14	9	3	1	6	7	6	3	8	8	3
HOMSTM001328	62	14	6	8	3	5	6	10	2	6	1	2
HOMSTM001329	62	14	4	4	3	5	4	11	4	5	4	4
HOMSTM001330	62	14	3	5	6	5	2	4	4	4	3	4
HOMSTM001331	62	14	5	9	3	7	4	6	3	3	2	5
HOMSTM001332	62	14	6	8	2	4	6	5	1	9	3	4
HOMSTM001333	62	14	4	8	2	4	2	4	10	2	2	5
HOMSTM001334	62	14	4	3	5	6	3	7	3	9	4	5
HOMSTM001335	62	14	3	7	2	5	2	6	4	6	3	7
HOMSTM001336	62	14	4	7	3	7	6	11	5	3	1	6
HOMSTM001337	62	14	4	6	3	5	6	8	3	5	3	3
HOMSTM001338	62	14	4	9	2	5	4	8	3	6	2	2
HOMSTM001339	62	14	4	4	3	3	4	6	4	8	4	3
HOMSTM001340	62	14	5	9	4	4	5	6	2	5	3	3
HOMSTM001342	62	14	3	4	4	6	7	12	3	6	2	4
HOMSTM001343	62	14	7	9	3	5	4	8	3	3	3	4
HOMSTM001344	62	14	4	6	4	4	14	10	2	4	3	1
HOMSTM001345	62	14	5	8	3	5	3	6	5	4	3	4
HOMSTM001346	62	14	1	3	2	8	3	10	2	3	4	2
HOMSTM001347	62	14	3	5	4	4	5	10	3	7	4	3
HOMSTM001348	62	14	5	11	3	4	3	6	3	7	3	4
HOMSTM001349	62	14	5	6	4	4	4	5	4	7	3	6
HOMSTM001350	62	14	2	3	3	5	4	5	6	5	3	11
HOMSTM001353	61	14	4	5	3	5	7	9	3	6	3	4
HOMSTM001354	61	14	4	6	2	4	4	7	2	8	11	5
HOMSTM001357	61	14	3	7	6	5	3	7	3	8	3	5
HOMSTM001359	61	14	4	5	5	4	2	9	3	5	3	3
HOMSTM001360	61	14	4	6	2	4	2	12	3	6	3	3
HOMSTM001361	61	14	5	9	4	5	2	9	2	5	3	5
HOMSTM001362	61	14	3	6	3	5	3	8	3	6	3	4
HOMSTM001363	61	14	3	5	4	4	4	9	2	6	3	4
HOMSTM001364	61	14	3	5	5	6	6	4	6	2	3	4
HOMSTM001365	61	14	6	9	2	4	7	5	2	4	2	2
HOMSTM001366	61	14	6	8	2	5	4	8	3	7	3	7
HOMSTM001367	61	14	2	2	3	3	5	8	2	7	4	5
HOMSTM001368	61	14	4	6	2	5	5	10	3	3	3	5
HOMSTM001369	61	14	5	7	5	3	4	6	3	4	4	3
HOMSTM001370	61	14	2	5	2	8	3	5	1	11	5	4
HOMSTM001371	61	14	7	14	3	5	3	6	4	5	3	4
HOMSTM001372	61	14	3	4	3	6	4	8	3	8	3	3
HOMSTM001373	61	14	3	5	3	6	4	7	2	8	3	3
HOMSTM001375	61	14	3	6	2	5	9	10	3	3	3	2
HOMSTM001376	61	14	3	5	1	5	4	7	4	5	3	2
HOMSTM001377	61	14	4	7	4	6	3	6	2	6	3	5
HOMSTM001379	61	14	3	6	5	8	5	10	3	5	3	2
HOMSTM001381	61	14	4	8	3	5	3	9	3	5	4	3
HOMSTM001383	60	14	2	5	2	3	5	13	3	5	2	2
HOMSTM001384	60	14	3	6	2	4	3	6	2	5	5	11
HOMSTM001385	60	14	4	4	3	4	5	9	4	4	6	5
HOMSTM001387	60	14	2	4	3	3	4	4	2	4	2	4
HOMSTM001388	60	14	5	7	2	5	4	8	3	7	3	3
HOMSTM001389	60	14	3	9	2	4	13	4	3	3	2	5
HOMSTM001390	60	14	3	5	4	7	4	5	4	5	3	2
HOMSTM001392	60	14	3	5	3	6	5	6	6	4	4	6
HOMSTM001393	60	14	4	6	3	7	4	5	2	4	4	4
HOMSTM001394	60	14	2	2	2	5	8	9	6	7	6	3
HOMSTM001395	60	14	3	6	2	4	3	6	1	5	5	5
HOMSTM001396	60	14	4	6	3	5	3	6	3	6	3	4
HOMSTM001397	60	14	4	5	4	7	3	7	5	7	3	5
HOMSTM001398	60	14	3	5	3	4	6	10	5	3	3	6
HOMSTM001399	60	14	3	5	4	6	3	6	3	5	2	3
HOMSTM001400	60	14	3	5	3	7	4	5	5	6	2	5
HOMSTM001401	60	14	2	4	3	6	4	7	2	4	6	5
HOMSTM001402	60	14	3	7	3	6	2	7	3	3	3	3
HOMSTM001403	60	14	5	7	3	3	6	8	3	5	3	3
HOMSTM001404	60	14	2	5	2	4	4	9	2	4	4	3
HOMSTM001405	60	14	3	5	3	4	2	6	2	5	4	3
HOMSTM001407	60	14	4	6	3	6	3	8	3	10	2	2
HOMSTM001408	60	14	5	7	2	2	4	4	4	6	2	2
HOMSTM001409	60	14	2	3	4	7	3	8	4	7	4	3
HOMSTM001410	60	14	3	4	3	6	2	8	3	7	3	4
HOMSTM001411	60	14	4	3	3	6	6	9	4	7	3	3
HOMSTM001412	60	14	2	4	5	5	5	9	4	7	4	4
HOMSTM001413	60	14	5	7	4	5	4	6	3	3	3	3
HOMSTM001414	60	14	6	7	5	9	6	8	3	3	2	4
HOMSTM001415	60	14	4	7	4	5	8	9	1	6	2	4
HOMSTM001418	59	14	6	8	3	8	4	9	4	5	2	4
HOMSTM001420	59	14	3	5	3	4	3	10	3	7	4	3
HOMSTM001421	59	14	4	3	3	6	3	11	3	7	3	4
HOMSTM001422	59	14	3	4	6	4	3	4	7	4	7	2
HOMSTM001423	59	14	3	8	2	5	3	4	2	4	3	12
HOMSTM001424	59	14	3	6	3	7	4	8	2	7	2	4
HOMSTM001425	59	14	3	8	2	5	2	9	2	6	4	3
HOMSTM001426	59	14	3	6	3	6	3	11	3	5	3	4
HOMSTM001427	59	14	4	8	3	4	4	7	3	3	3	5
HOMSTM001429	59	14	3	8	3	4	3	11	3	4	2	2
HOMSTM001430	59	14	3	4	2	9	7	6	8	3	3	3
HOMSTM001431	59	14	5	5	3	4	5	8	4	4	5	2
HOMSTM001432	59	14	4	3	3	5	5	9	3	8	2	2
HOMSTM001433	59	14	2	6	3	6	2	7	3	7	3	4
HOMSTM001435	59	14	3	4	4	7	4	12	3	4	5	3
HOMSTM001436	59	14	4	5	2	4	5	6	2	8	2	4
HOMSTM001437	59	14	3	5	2	4	5	5	2	3	3	7
HOMSTM001439	59	14	3	4	2	13	6	10	3	2	3	3
HOMSTM001440	59	14	3	7	4	5	3	6	3	4	5	5
HOMSTM001442	59	14	3	5	2	5	4	8	3	4	3	3
HOMSTM001443	59	14	4	5	2	6	3	4	3	8	3	3
HOMSTM001444	59	14	2	4	4	4	5	4	2	6	2	18
HOMSTM001445	58	14	3	6	3	5	7	6	4	3	3	4
HOMSTM001446	58	14	2	3	3	6	8	10	3	5	1	3
HOMSTM001449	58	14	2	6	2	4	4	9	2	10	3	4
HOMSTM001450	58	14	2	2	2	4	1	20	2	1	2	1
HOMSTM001451	58	14	5	7	2	5	5	10	3	5	3	4
HOMSTM001452	58	14	4	6	2	6	3	6	3	5	5	5
HOMSTM001453	58	14	3	6	2	4	6	4	2	4	6	7
HOMSTM001455	58	14	4	8	4	3	3	5	7	6	4	3
HOMSTM001458	58	14	3	6	4	5	4	3	2	4	2	6
HOMSTM001459	58	14	3	5	2	4	12	4	3	5	2	5
HOMSTM001460	58	14	4	7	2	5	4	6	2	5	2	4
HOMSTM001461	58	14	3	5	3	6	3	8	4	6	4	4
HOMSTM001463	58	14	3	5	1	3	4	4	3	7	4	4
HOMSTM001464	58	14	3	4	4	4	3	7	3	5	4	4
HOMSTM001465	58	14	4	8	2	7	8	9	4	7	2	2
HOMSTM001466	58	14	5	5	2	4	3	9	2	5	2	8
HOMSTM001467	58	14	2	6	2	4	3	12	2	7	5	2
HOMSTM001468	58	14	3	5	3	4	2	4	5	4	5	2
HOMSTM001469	58	14	2	3	19	3	2	13	1	5	1	3
HOMSTM001470	58	14	2	8	2	5	3	6	3	6	4	4
HOMSTM001471	58	14	4	5	4	8	5	8	3	4	7	3
HOMSTM001474	57	14	2	2	1	2	4	2	4	2	1	1
HOMSTM001475	57	14	2	3	6	7	2	8	2	10	4	3
HOMSTM001476	57	14	3	5	3	5	4	6	4	7	3	5
HOMSTM001477	57	14	1	2	4	4	4	7	3	8	3	6
HOMSTM001479	57	14	4	3	5	6	4	7	4	2	3	8
HOMSTM001480	57	14	4	10	2	5	5	6	2	5	1	4
HOMSTM001481	57	14	3	4	4	4	4	7	3	6	4	7
HOMSTM001482	57	14	3	5	3	6	3	10	3	7	3	4
HOMSTM001483	57	14	3	5	3	4	10	6	2	5	2	9
HOMSTM001484	57	14	5	8	2	4	3	6	2	3	1	4
HOMSTM001486	57	14	1	4	1	2	2	2	1	4	2	1
HOMSTM001487	57	14	2	4	1	5	13	7	5	3	3	5
HOMSTM001488	57	14	4	5	4	4	3	10	3	4	4	3
HOMSTM001489	57	14	3	5	3	3	7	6	2	5	3	4
HOMSTM001490	57	14	1	1	1	8	4	11	5	2	4	4
HOMSTM001491	57	14	2	7	3	5	3	4	2	8	5	3
HOMSTM001492	57	14	3	6	2	6	3	8	1	6	2	11
HOMSTM001493	57	14	3	6	4	4	5	10	2	4	4	2
HOMSTM001494	57	14	3	6	3	4	3	8	5	5	6	3
HOMSTM001495	57	14	6	7	3	9	4	1	2	7	4	2
HOMSTM001497	57	14	3	7	2	3	4	10	3	2	4	5
HOMSTM001498	57	14	4	8	3	4	4	6	2	11	3	3
HOMSTM001499	57	14	3	5	3	3	7	6	2	3	2	10
HOMSTM001500	57	14	4	7	2	4	4	8	3	3	3	4
HOMSTM001501	57	14	3	4	4	6	6	9	2	5	5	3
HOMSTM001503	57	14	3	5	3	6	5	11	2	4	4	4
HOMSTM001504	57	14	3	6	2	5	3	8	3	6	3	3
HOMSTM001508	56	14	3	5	4	3	3	6	3	3	3	6
HOMSTM001509	56	14	3	6	2	6	5	7	3	4	2	3
HOMSTM001510	56	14	2	4	2	3	8	6	5	6	2	3
HOMSTM001511	56	14	3	3	4	5	5	10	3	7	3	2
HOMSTM001512	56	14	4	3	4	6	2	6	4	7	4	3
HOMSTM001513	56	14	2	3	3	7	5	11	2	6	2	4
HOMSTM001514	56	14	4	5	4	5	4	7	3	4	3	3
HOMSTM001515	56	14	4	6	2	3	5	6	2	5	2	3
HOMSTM001516	56	14	3	5	5	7	3	6	2	6	3	3
HOMSTM001517	56	14	2	4	1	4	12	4	3	5	3	4
HOMSTM001518	56	14	5	9	6	2	2	6	3	4	2	4
HOMSTM001520	56	14	3	4	4	6	3	5	3	4	4	4
HOMSTM001521	56	14	2	3	4	4	5	6	4	5	5	4
HOMSTM001522	56	14	3	6	3	4	7	6	2	4	2	6
HOMSTM001523	56	14	9	5	2	5	5	5	3	5	3	4
HOMSTM001524	56	14	3	4	1	14	5	4	1	3	4	6
HOMSTM001525	56	14	3	5	3	7	4	6	3	4	6	3
HOMSTM001526	56	14	2	6	2	3	5	8	3	4	2	5
HOMSTM001527	56	14	4	6	3	4	2	4	4	3	6	3
HOMSTM001528	56	14	1	4	3	7	5	10	3	5	3	3
HOMSTM001529	56	14	4	6	2	4	5	6	4	4	2	9
HOMSTM001531	56	14	3	3	3	6	3	7	3	4	3	4
HOMSTM001532	56	14	4	8	2	2	3	6	4	8	3	4
HOMSTM001533	56	14	3	9	2	4	4	4	11	3	2	2
HOMSTM001535	56	14	3	6	2	4	2	7	5	6	5	3
HOMSTM001536	56	14	2	6	2	4	4	4	2	12	7	2
HOMSTM001537	56	14	3	4	2	4	5	8	3	7	2	4
HOMSTM001541	55	14	2	1	3	4	3	5	2	7	1	1
HOMSTM001542	55	14	2	3	2	2	2	6	2	2	3	2
HOMSTM001543	55	14	1	1	3	8	3	6	1	3	4	5
HOMSTM001544	55	14	3	4	3	4	6	5	3	7	2	5
HOMSTM001545	55	14	3	5	3	8	3	6	5	4	2	5
HOMSTM001546	55	14	4	8	4	3	3	6	1	5	3	5
HOMSTM001547	55	14	3	4	3	6	4	7	3	5	3	4
HOMSTM001548	55	14	3	5	4	6	4	7	3	4	3	3
HOMSTM001549	55	14	3	6	2	4	4	10	2	3	2	5
HOMSTM001551	55	14	4	8	2	4	4	8	2	7	2	4
HOMSTM001552	55	14	3	3	3	4	3	8	4	3	3	3
HOMSTM001553	55	14	2	2	1	8	10	4	4	5	2	3
HOMSTM001554	55	14	4	6	2	3	2	6	2	4	3	3
HOMSTM001555	55	14	3	7	2	5	3	9	3	4	4	3
HOMSTM001556	55	14	3	7	2	4	5	9	2	5	6	3
HOMSTM001557	55	14	4	15	1	1	2	14	1	4	1	4
HOMSTM001559	55	14	4	5	2	4	3	6	3	3	5	4
HOMSTM001560	55	14	3	3	5	5	4	6	3	6	5	3
HOMSTM001561	55	14	4	6	4	4	4	4	3	8	2	3
HOMSTM001564	55	14	5	7	3	6	4	5	4	2	1	1
HOMSTM001566	55	14	4	5	6	5	2	3	4	5	4	3
HOMSTM001567	55	14	2	4	2	6	6	7	4	5	4	2
HOMSTM001568	55	14	1	1	2	5	1	8	5	11	4	4
HOMSTM001571	54	14	3	10	3	3	3	5	3	4	2	4
HOMSTM001572	54	14	3	7	6	2	4	6	4	3	5	3
HOMSTM001573	54	14	3	4	5	7	4	7	3	9	4	3
HOMSTM001576	54	14	4	7	2	4	2	8	2	4	1	2
HOMSTM001577	54	14	3	3	2	6	7	5	2	7	3	4
HOMSTM001578	54	14	2	4	2	3	4	5	2	5	4	13
HOMSTM001579	54	14	1	2	4	5	4	6	3	8	4	4
HOMSTM001580	54	14	3	2	3	3	4	6	3	6	3	3
HOMSTM001581	54	14	2	4	2	5	3	6	3	5	3	6
HOMSTM001582	54	14	3	4	2	4	2	7	3	4	5	3
HOMSTM001583	54	14	4	5	2	4	3	2	1	5	15	1
HOMSTM001584	54	14	3	4	3	4	8	8	2	4	3	4
HOMSTM001585	54	14	3	5	2	2	7	8	5	4	2	5
HOMSTM001586	54	14	5	5	1	4	4	5	1	4	3	4
HOMSTM001587	54	14	2	2	4	2	17	2	1	9	2	2
HOMSTM001588	54	14	2	4	4	3	2	4	2	8	2	4
HOMSTM001589	54	14	2	5	3	5	3	11	4	5	3	3
HOMSTM001590	54	14	2	3	2	4	3	6	4	4	2	2
HOMSTM001591	54	14	4	5	3	5	4	7	3	3	3	2
HOMSTM001592	54	14	2	4	2	4	4	8	5	5	3	4
HOMSTM001593	54	14	3	4	3	4	5	7	3	4	4	3
HOMSTM001598	53	14	3	5	3	4	3	5	3	7	4	4
HOMSTM001599	53	14	4	5	1	7	9	7	2	2	3	3
HOMSTM001600	53	14	2	4	3	4	4	6	2	4	2	4
HOMSTM001602	53	14	2	3	3	5	3	7	2	7	3	4
HOMSTM001603	53	14	1	2	1	3	2	8	7	12	4	1
HOMSTM001604	53	14	4	6	2	3	2	8	2	4	2	2
HOMSTM001605	53	14	3	6	3	4	3	5	2	3	6	2
HOMSTM001606	53	14	3	4	3	6	3	8	3	4	3	3
HOMSTM001607	53	14	2	2	3	4	6	8	3	8	3	2
HOMSTM001608	53	14	4	9	2	3	4	10	3	5	1	2
HOMSTM001609	53	14	4	5	3	4	2	4	2	9	3	7
HOMSTM001610	53	14	3	5	3	9	2	7	2	7	3	5
HOMSTM001611	53	14	5	5	2	4	3	6	4	4	3	2
HOMSTM001612	53	14	2	2	4	5	6	12	2	3	2	7
HOMSTM001613	53	14	4	8	3	7	4	6	1	2	2	5
HOMSTM001614	53	14	1	3	4	6	7	8	3	4	2	6
HOMSTM001615	53	14	3	5	2	3	2	6	2	8	2	6
HOMSTM001616	53	14	4	9	2	4	4	6	2	5	2	3
HOMSTM001617	53	14	4	11	1	4	3	6	2	5	2	2
HOMSTM001618	53	14	4	4	4	7	2	2	6	3	3	5
HOMSTM001619	53	14	2	2	2	1	4	8	4	4	3	3
HOMSTM001620	53	14	3	5	1	6	3	10	3	5	2	3
HOMSTM001621	53	14	3	6	3	5	6	8	2	4	1	2
HOMSTM001622	53	14	4	4	1	4	3	10	3	4	2	4
HOMSTM001624	53	14	2	3	4	8	5	8	2	4	5	2
HOMSTM001625	53	14	5	3	3	6	5	8	2	5	2	3
HOMSTM001628	53	14	2	4	3	5	3	8	2	10	4	2
HOMSTM001629	53	14	4	5	1	4	4	10	2	4	4	3
HOMSTM001630	53	14	3	6	3	7	2	5	2	6	3	3
HOMSTM001631	53	14	5	7	3	6	2	2	5	1	2	6
HOMSTM001632	53	14	3	4	3	5	3	6	3	3	4	5
HOMSTM001633	53	14	3	3	2	6	4	6	2	3	3	4
HOMSTM001634	53	14	3	10	3	4	5	6	3	5	2	3
HOMSTM001635	53	14	4	8	1	4	5	8	3	7	3	4
HOMSTM001636	53	14	3	7	2	3	3	5	3	6	2	2
HOMSTM001637	53	14	2	2	3	6	5	7	1	6	2	2
HOMSTM001640	52	14	2	2	2	3	3	5	2	2	2	3
HOMSTM001641	52	14	3	7	2	2	2	4	3	5	5	3
HOMSTM001642	52	14	3	3	2	6	4	7	2	6	3	2
HOMSTM001643	52	14	2	3	2	4	6	6	2	6	3	3
HOMSTM001644	52	14	4	3	3	4	3	8	4	6	3	4
HOMSTM001645	52	14	6	11	2	4	3	4	1	5	1	2
HOMSTM001646	52	14	3	5	6	4	2	8	3	3	3	4
HOMSTM001647	52	14	3	4	2	4	1	3	3	5	4	2
HOMSTM001648	52	14	4	8	2	4	4	8	2	2	5	2
HOMSTM001650	52	14	3	3	3	5	3	6	3	6	3	4
HOMSTM001652	52	14	3	3	3	3	3	8	2	6	3	3
HOMSTM001653	52	14	4	5	2	4	3	5	1	11	2	3
HOMSTM001654	52	14	3	6	3	4	4	7	3	6	2	5
HOMSTM001656	52	14	3	3	4	4	3	6	3	4	3	3
HOMSTM001657	52	14	4	6	5	4	4	7	2	3	2	2
HOMSTM001658	52	14	3	4	2	3	4	6	1	8	3	5
HOMSTM001659	52	14	3	6	2	4	3	6	3	4	6	3
HOMSTM001660	52	14	2	7	3	2	10	9	3	2	2	3
HOMSTM001661	52	14	1	3	2	5	7	8	3	1	4	3
HOMSTM001662	52	14	3	4	4	3	6	7	2	5	6	3
HOMSTM001663	52	14	4	5	2	2	8	8	3	7	2	4
HOMSTM001664	52	14	3	5	2	5	3	6	3	6	4	2
HOMSTM001665	52	14	7	4	2	6	3	5	2	4	3	4
HOMSTM001666	52	14	2	6	3	2	4	7	1	6	4	5
HOMSTM001667	52	14	2	2	4	2	3	5	2	10	3	6
HOMSTM001668	52	14	4	5	2	6	2	4	2	2	9	3
HOMSTM001669	52	14	2	3	4	5	2	8	5	6	4	2
HOMSTM001670	52	14	2	6	2	3	4	8	7	4	4	3
HOMSTM001671	52	14	3	5	3	6	5	9	2	5	3	3
HOMSTM001673	52	14	2	2	3	4	5	9	1	4	5	3
HOMSTM001674	52	14	2	3	2	3	3	6	3	4	1	3
HOMSTM001675	52	14	2	4	1	10	2	11	3	1	5	2
HOMSTM001677	51	14	2	3	3	5	4	7	5	5	5	4
HOMSTM001678	51	14	4	4	4	4	3	3	2	6	4	2
HOMSTM001679	51	14	3	4	4	7	3	4	3	4	2	5
HOMSTM001680	51	14	4	6	1	2	5	8	1	1	2	4
HOMSTM001681	51	14	4	8	3	5	1	5	1	4	2	3
HOMSTM001682	51	14	2	7	4	6	4	5	3	6	2	4
HOMSTM001683	51	14	4	5	2	4	3	6	2	4	2	3
HOMSTM001684	51	14	1	2	2	2	2	2	2	2	1	1
HOMSTM001685	51	14	2	4	2	3	3	4	2	5	2	4
HOMSTM001686	51	14	3	5	3	5	4	8	2	2	2	3
HOMSTM001687	51	14	4	5	1	2	3	5	2	3	1	7
HOMSTM001688	51	14	2	5	2	2	5	5	6	5	3	6
HOMSTM001689	51	14	5	7	2	4	4	9	2	3	2	3
HOMSTM001690	51	14	5	6	2	8	6	8	3	4	2	2
HOMSTM001691	51	14	2	3	3	3	3	7	3	3	2	2
HOMSTM001692	51	14	2	5	2	4	4	7	5	3	2	6
HOMSTM001693	51	14	4	6	2	6	2	9	3	3	3	3
HOMSTM001694	51	14	3	5	3	5	9	4	3	3	4	4
HOMSTM001695	51	14	3	7	3	5	2	6	3	4	3	4
HOMSTM001697	51	14	3	5	2	4	3	7	1	5	3	4
HOMSTM001698	51	14	4	5	5	3	3	7	4	5	3	3
HOMSTM001699	51	14	3	2	2	5	4	9	3	5	2	2
HOMSTM001700	51	14	2	3	4	3	4	5	1	4	2	6
HOMSTM001701	51	14	3	5	2	2	5	4	1	3	1	1
HOMSTM001702	51	14	2	3	2	3	2	10	3	2	2	3
HOMSTM001703	51	14	2	7	2	4	4	6	3	2	2	2
HOMSTM001706	51	14	3	4	2	4	3	8	2	6	3	3
HOMSTM001707	51	14	3	4	3	7	2	6	2	2	5	2
HOMSTM001708	51	14	4	5	3	3	3	6	3	8	5	4
HOMSTM001709	51	14	2	4	2	4	2	6	2	6	5	4
HOMSTM001711	51	14	3	7	1	5	3	5	2	8	7	3
HOMSTM001712	51	14	3	6	3	5	2	6	2	4	2	4
HOMSTM001713	51	14	2	7	2	3	3	6	4	6	2	2
HOMSTM001714	51	14	3	3	2	5	3	5	2	7	3	6
HOMSTM001715	51	14	2	3	2	4	5	7	3	5	2	3
HOMSTM001717	50	14	4	4	3	3	2	9	2	3	5	3
HOMSTM001719	50	14	3	4	3	3	4	7	3	6	2	3
HOMSTM001720	50	14	2	4	2	5	4	8	1	5	2	3
HOMSTM001721	50	14	6	6	3	4	2	5	2	5	2	2
HOMSTM001722	50	14	5	9	3	5	2	4	2	6	2	3
HOMSTM001723	50	14	2	5	2	4	2	7	3	6	1	2
HOMSTM001724	50	14	4	6	4	4	2	4	2	3	2	5
HOMSTM001727	50	14	14	3	1	2	5	4	6	1	1	5
HOMSTM001728	50	14	3	2	2	3	4	6	3	4	5	3
HOMSTM001729	50	14	3	4	1	4	11	2	2	3	2	4
HOMSTM001730	50	14	3	3	2	4	2	6	3	5	3	3
HOMSTM001731	50	14	2	3	1	5	3	6	3	7	4	4
HOMSTM001733	50	14	5	3	3	9	3	5	2	3	2	2
HOMSTM001734	50	14	3	3	4	3	5	4	3	4	3	4
HOMSTM001735	50	14	2	5	3	6	4	6	3	7	1	2
HOMSTM001736	50	14	3	4	4	5	3	4	3	3	3	3
HOMSTM001737	50	14	3	3	2	3	3	5	3	4	2	3
HOMSTM001738	50	14	3	5	2	5	3	4	2	5	2	3
HOMSTM001739	50	14	4	5	3	6	4	8	4	3	2	3
HOMSTM001740	50	14	3	5	3	4	6	7	2	2	2	2
HOMSTM001741	50	14	3	6	2	2	3	5	1	5	2	3
HOMSTM001742	50	14	2	7	4	4	3	4	3	2	7	2
HOMSTM001744	50	14	3	2	2	3	4	7	1	3	7	4
HOMSTM001745	50	14	3	7	3	3	2	8	2	3	2	2
HOMSTM001746	50	14	3	5	2	5	4	7	3	7	4	2
HOMSTM001747	50	14	2	5	3	4	5	9	2	2	3	5
HOMSTM001748	50	14	1	3	1	9	2	6	2	5	4	4
HOMSTM001749	50	14	4	7	1	3	4	9	1	5	2	4
HOMSTM001750	50	14	3	4	2	4	2	5	2	7	2	4
HOMSTM001751	50	14	2	5	1	6	3	4	2	2	8	3
HOMSTM001753	50	14	5	7	3	3	6	4	6	4	3	2
HOMSTM001754	50	14	1	1	2	6	5	6	2	5	2	3
HOMSTM001755	50	14	3	5	3	7	2	5	3	3	2	5
HOMSTM001756	50	14	3	5	2	3	3	5	2	3	2	4
HOMSTM001757	50	14	4	7	2	6	3	4	4	5	2	1
HOMSTM001758	50	14	3	8	3	4	2	4	3	1	6	6
HOMSTM001759	50	14	4	4	3	5	4	11	1	6	5	2
HOMSTM001760	50	14	3	3	2	4	2	4	2	6	2	4
HOMSTM001761	50	14	3	4	3	3	9	7	3	2	3	5
HOMSTM001762	50	14	2	6	2	4	3	6	3	3	2	5
HOMSTM001763	50	14	7	9	3	4	2	7	2	4	2	3
HOMSTM001764	50	14	3	6	2	4	5	5	3	5	2	2
HOMSTM001765	50	14	3	6	3	3	2	5	3	4	4	6
HOMSTM001766	50	14	3	3	3	5	3	6	4	4	3	2
HOMSTM001767	50	14	2	5	2	4	2	5	2	5	4	3
HOMSTM001768	50	14	1	1	3	3	7	10	2	5	1	5
HOMSTM001769	50	14	3	3	2	4	10	10	2	3	2	2
HOMSTM001770	50	14	2	3	1	4	4	6	3	3	3	4
HOMSTM001776	49	14	3	3	3	2	2	7	2	2	2	3
HOMSTM001777	49	14	3	6	1	4	8	8	2	2	2	4
HOMSTM001778	49	14	3	4	4	3	5	8	3	3	3	2
HOMSTM001779	49	14	3	3	3	4	5	7	5	4	3	4
HOMSTM001780	49	14	3	3	2	4	4	4	4	6	2	3
HOMSTM001781	49	14	2	3	2	4	3	9	4	4	2	3
HOMSTM001782	49	14	3	6	2	4	2	5	2	6	2	2
HOMSTM001783	49	14	2	4	2	6	2	4	3	5	4	5
HOMSTM001784	49	14	4	7	1	2	3	4	1	2	1	5
HOMSTM001785	49	14	3	4	5	5	2	7	2	4	4	4
HOMSTM001787	49	14	3	4	2	4	4	6	2	6	3	3
HOMSTM001789	49	14	2	3	3	5	2	4	4	7	2	2
HOMSTM001790	49	14	3	5	2	4	4	10	2	4	2	2
HOMSTM001793	49	14	5	6	5	4	3	7	4	6	2	1
HOMSTM001794	49	14	1	1	3	4	4	9	2	3	2	6
HOMSTM001795	49	14	3	4	2	3	4	8	2	5	2	4
HOMSTM001797	49	14	2	3	2	3	5	5	3	4	2	3
HOMSTM001798	49	14	1	3	1	2	3	7	3	7	3	3
HOMSTM001799	49	14	2	3	4	4	3	6	3	5	3	4
HOMSTM001800	49	14	3	6	4	3	3	6	3	8	3	2
HOMSTM001801	49	14	2	4	2	6	3	7	2	6	4	4
HOMSTM001802	49	14	3	1	1	6	2	4	2	7	2	9
HOMSTM001803	49	14	2	5	2	3	3	4	2	4	3	3
HOMSTM001804	49	14	2	3	10	4	11	6	2	2	3	2
HOMSTM001805	49	14	2	3	1	4	14	5	2	3	1	3
HOMSTM001806	49	14	3	5	2	3	2	5	3	6	1	2
HOMSTM001807	49	14	1	2	2	6	2	4	2	5	3	2
HOMSTM001809	49	14	3	5	3	3	5	7	2	3	2	2
HOMSTM001811	49	14	3	3	1	6	4	8	3	3	1	2
HOMSTM001812	49	14	2	4	2	4	5	6	4	5	1	1
HOMSTM001813	49	14	3	2	3	4	6	4	2	6	2	8
HOMSTM001814	49	14	1	1	4	5	3	4	3	7	3	3
HOMSTM001815	49	14	2	6	2	14	2	4	3	2	3	2
HOMSTM001816	49	14	2	5	5	5	4	7	2	5	3	2
HOMSTM001817	49	14	2	4	3	4	3	6	2	5	2	4
HOMSTM001822	48	14	3	3	2	4	5	9	2	4	2	2
HOMSTM001823	48	14	3	5	3	4	2	10	2	3	2	5
HOMSTM001825	48	14	5	4	1	5	9	3	1	3	2	4
HOMSTM001826	48	14	2	3	2	3	5	7	2	8	2	4
HOMSTM001827	48	14	3	9	1	2	2	6	3	4	2	4
HOMSTM001828	48	14	3	4	2	3	6	8	4	3	2	2
HOMSTM001829	48	14	3	6	3	5	2	6	2	2	3	4
HOMSTM001830	48	14	4	1	2	1	1	6	3	4	2	1
HOMSTM001831	48	14	2	4	2	4	12	7	1	5	2	2
HOMSTM001833	48	14	4	6	2	5	2	6	2	4	4	3
HOMSTM001834	48	14	2	4	2	3	4	8	4	7	4	4
HOMSTM001835	48	14	3	3	3	4	3	8	4	4	2	3
HOMSTM001836	48	14	4	7	2	4	3	11	2	2	2	2
HOMSTM001837	48	14	5	6	2	5	3	5	2	5	2	6
HOMSTM001838	48	14	2	5	1	4	3	6	2	5	2	5
HOMSTM001839	48	14	3	5	2	4	2	5	2	5	2	3
HOMSTM001840	48	14	3	5	1	7	3	4	2	7	3	4
HOMSTM001841	48	14	4	5	2	4	6	5	2	8	3	2
HOMSTM001842	48	14	4	4	2	3	5	6	8	4	2	2
HOMSTM001843	48	14	2	3	5	5	3	5	2	3	4	3
HOMSTM001844	48	14	5	5	1	4	3	8	2	5	3	2
HOMSTM001845	48	14	2	3	1	3	5	8	2	3	3	3
HOMSTM001846	48	14	3	7	2	4	4	6	3	3	2	3
HOMSTM001847	48	14	3	8	2	4	5	10	2	3	1	2
HOMSTM001848	48	14	4	5	3	5	4	7	3	3	4	4
HOMSTM001849	48	14	2	8	3	4	2	4	2	5	3	2
HOMSTM001850	48	14	1	1	3	2	2	3	1	1	1	28
HOMSTM001851	48	14	3	9	3	3	2	6	2	4	2	2
HOMSTM001852	48	14	3	4	3	4	3	4	2	2	2	3
HOMSTM001853	48	14	6	7	2	4	6	3	1	1	1	7
HOMSTM001854	48	14	2	7	2	3	3	7	2	3	2	3
HOMSTM001855	48	14	4	5	1	4	6	5	2	4	2	1
HOMSTM001856	48	14	3	6	3	4	2	4	3	6	2	3
HOMSTM001857	48	14	2	4	2	6	3	7	2	6	2	6
HOMSTM001858	48	14	3	5	2	3	7	4	2	6	2	5
HOMSTM001859	48	14	5	8	2	6	3	6	2	2	2	1
HOMSTM001860	48	14	3	3	2	6	4	2	2	4	1	4
HOMSTM001861	48	14	3	4	4	4	4	7	2	4	3	2
HOMSTM001862	48	14	3	3	3	5	2	7	4	8	2	2
HOMSTM001863	48	14	3	2	6	7	3	3	1	5	3	6
HOMSTM001864	48	14	3	6	1	4	3	7	3	5	2	3
HOMSTM001865	48	14	1	1	1	9	2	7	1	2	2	2
HOMSTM001869	47	14	4	3	2	5	3	8	2	5	1	3
HOMSTM001870	47	14	3	3	3	3	2	5	2	4	3	4
HOMSTM001871	47	14	3	3	3	5	4	5	2	5	6	4
HOMSTM001872	47	14	2	7	3	4	2	9	2	3	2	2
HOMSTM001873	47	14	4	9	3	7	2	4	2	3	3	3
HOMSTM001874	47	14	1	1	5	4	3	7	5	4	3	3
HOMSTM001875	47	14	2	4	3	4	6	5	1	6	4	2
HOMSTM001876	47	14	2	4	2	4	2	7	2	3	2	3
HOMSTM001877	47	14	2	4	2	2	3	6	2	10	2	2
HOMSTM001878	47	14	2	6	2	6	4	6	3	3	2	4
HOMSTM001879	47	14	2	5	2	3	2	6	3	4	2	2
HOMSTM001880	47	14	3	7	2	3	2	5	2	7	3	2
HOMSTM001881	47	14	3	5	3	5	3	7	3	6	2	2
HOMSTM001882	47	14	4	8	2	4	4	4	1	5	2	3
HOMSTM001883	47	14	2	3	2	3	2	4	2	8	10	2
HOMSTM001884	47	14	2	5	2	2	3	6	2	3	3	3
HOMSTM001887	47	14	3	3	3	4	3	4	2	6	3	3
HOMSTM001888	47	14	3	5	3	2	2	6	3	4	2	4
HOMSTM001889	47	14	2	2	1	3	5	8	2	4	2	3
HOMSTM001890	47	14	4	5	1	3	3	5	2	5	2	6
HOMSTM001891	47	14	2	2	2	6	2	6	1	5	5	9
HOMSTM001892	47	14	2	2	3	5	3	7	3	4	2	4
HOMSTM001893	47	14	2	3	1	2	1	2	2	3	3	1
HOMSTM001894	47	14	2	3	2	4	3	8	2	3	6	2
HOMSTM001895	47	14	2	2	4	3	3	8	4	4	3	3
HOMSTM001896	47	14	2	2	2	4	5	4	3	3	2	3
HOMSTM001897	47	14	4	7	2	4	3	4	2	4	2	2
HOMSTM001898	47	14	4	8	2	4	2	10	4	4	1	2
HOMSTM001899	47	14	4	4	3	2	3	6	2	5	2	4
HOMSTM001900	47	14	3	6	1	4	7	8	3	5	3	1
HOMSTM001901	47	14	3	4	3	4	3	6	2	4	3	2
HOMSTM001902	47	14	3	7	2	4	3	6	3	3	2	2
HOMSTM001905	47	14	3	4	3	4	4	4	3	6	2	3
HOMSTM001906	47	14	3	5	4	4	3	6	4	3	3	4
HOMSTM001907	47	14	1	4	2	2	5	5	1	4	6	2
HOMSTM001908	47	14	1	2	1	4	1	3	1	1	3	2
HOMSTM001913	46	14	5	5	2	3	2	6	2	6	2	2
HOMSTM001914	46	14	3	7	4	4	3	2	1	3	5	3
HOMSTM001915	46	14	2	4	4	3	3	2	2	4	4	4
HOMSTM001917	46	14	4	7	2	3	6	9	2	5	1	2
HOMSTM001918	46	14	2	5	4	3	4	6	1	8	3	3
HOMSTM001919	46	14	2	5	3	5	3	4	2	4	3	4
HOMSTM001920	46	14	3	3	3	4	4	5	3	2	3	5
HOMSTM001921	46	14	2	4	3	4	4	5	2	3	3	2
HOMSTM001922	46	14	3	5	2	4	2	4	4	4	2	3
HOMSTM001923	46	14	3	4	4	4	4	6	3	5	2	2
HOMSTM001924	46	14	2	4	2	4	9	6	2	3	2	2
HOMSTM001925	46	14	4	5	1	3	2	6	1	4	2	2
HOMSTM001926	46	14	2	4	3	4	3	4	2	6	2	2
HOMSTM001927	46	14	3	3	4	7	3	8	3	1	3	3
HOMSTM001928	46	14	4	6	3	4	5	4	2	10	1	3
HOMSTM001929	46	14	3	6	2	4	1	2	2	7	1	5
HOMSTM001930	46	14	2	5	2	4	2	7	3	5	1	3
HOMSTM001931	46	14	2	2	1	2	10	4	1	4	1	1
HOMSTM001932	46	14	3	5	2	4	5	9	2	5	2	2
HOMSTM001933	46	14	3	5	2	6	4	3	3	4	2	3
HOMSTM001934	46	14	3	6	2	4	2	5	2	5	3	3
HOMSTM001935	46	14	2	3	2	2	2	7	3	2	1	2
HOMSTM001936	46	14	4	4	2	2	2	4	3	3	3	2
HOMSTM001937	46	14	2	4	3	4	3	6	2	3	3	2
HOMSTM001939	46	14	3	6	2	4	2	5	1	6	2	2
HOMSTM001941	46	14	2	4	2	3	3	8	2	4	4	3
HOMSTM001942	46	14	2	3	2	4	2	4	4	6	2	2
HOMSTM001943	46	14	4	4	6	2	2	7	2	2	3	4
HOMSTM001944	46	14	5	7	1	8	2	4	2	1	1	3
HOMSTM001945	46	14	2	4	3	2	2	3	3	1	1	1
HOMSTM001946	46	14	3	3	2	4	3	6	2	2	2	4
HOMSTM001947	46	14	3	4	2	4	3	7	2	6	2	2
HOMSTM001948	46	14	3	4	2	4	4	3	5	5	1	3
HOMSTM001950	46	14	4	8	1	5	3	5	2	2	2	5
HOMSTM001951	46	14	4	2	2	3	3	4	2	3	5	3
HOMSTM001953	46	14	1	3	2	6	4	10	1	5	2	3
HOMSTM001954	46	14	2	4	3	2	2	4	1	11	3	3
HOMSTM001955	46	14	2	3	3	6	3	6	3	5	3	3
HOMSTM001957	46	14	4	4	2	4	2	4	2	5	3	3
HOMSTM001958	46	14	2	3	3	5	4	7	3	4	1	3
HOMSTM001959	46	14	3	5	4	7	3	4	2	3	3	3
HOMSTM001960	46	14	1	2	1	1	27	5	1	2	1	1
HOMSTM001962	46	14	2	2	2	5	3	4	2	5	3	2
HOMSTM001963	46	14	4	4	2	3	3	6	3	2	4	4
HOMSTM001964	46	14	2	4	3	5	3	6	2	4	3	3
HOMSTM001965	46	14	3	3	3	4	3	7	3	1	3	3
HOMSTM001966	46	14	6	8	3	3	3	6	2	6	2	3
HOMSTM001967	46	14	2	2	2	4	6	7	2	5	2	4
HOMSTM001969	46	14	3	3	1	2	3	5	2	3	1	14
HOMSTM001971	46	14	3	6	3	4	6	5	2	5	2	2
HOMSTM001973	45	14	2	3	2	4	4	7	3	4	2	4
HOMSTM001974	45	14	3	5	3	3	4	6	3	1	2	3
HOMSTM001975	45	14	2	14	2	2	2	5	2	3	1	4
HOMSTM001976	45	14	4	5	2	3	2	5	2	3	2	4
HOMSTM001977	45	14	3	2	2	5	9	4	2	5	2	2
HOMSTM001978	45	14	2	5	1	2	4	8	2	5	2	3
HOMSTM001979	45	14	3	3	4	5	5	3	2	3	1	3
HOMSTM001980	45	14	2	3	2	2	8	8	2	3	1	2
HOMSTM001981	45	14	2	2	3	3	4	8	2	4	4	3
HOMSTM001982	45	14	2	5	3	4	3	6	3	3	2	3
HOMSTM001983	45	14	2	4	2	4	2	5	2	5	4	2
HOMSTM001984	45	14	2	3	2	3	2	7	1	4	2	3
HOMSTM001985	45	14	3	5	2	3	3	5	3	5	2	3
HOMSTM001986	45	14	3	6	2	3	4	7	2	2	3	3
HOMSTM001988	45	14	3	5	1	3	4	7	2	3	2	3
HOMSTM001989	45	14	4	9	2	4	3	6	2	3	3	1
HOMSTM001992	45	14	2	2	2	3	3	6	2	4	3	3
HOMSTM001993	45	14	2	4	2	4	4	7	1	7	6	2
HOMSTM001994	45	14	2	3	2	6	2	4	3	5	2	3
HOMSTM001995	45	14	2	3	2	4	4	6	2	6	2	2
HOMSTM001997	45	14	3	5	2	2	5	5	3	6	2	3
HOMSTM001999	45	14	3	5	2	4	4	6	2	3	5	2
HOMSTM002000	45	14	3	3	7	2	4	5	2	3	2	2
HOMSTM002001	45	14	3	6	2	3	3	8	1	3	2	2
HOMSTM002002	45	14	2	5	2	4	3	5	2	4	2	3
HOMSTM002003	45	14	5	7	3	5	5	3	2	3	3	3
HOMSTM002005	45	14	4	3	2	3	2	5	2	4	2	3
HOMSTM002007	45	14	3	4	2	4	4	4	2	5	2	3
HOMSTM002008	45	14	2	3	2	3	3	8	3	5	2	3
HOMSTM002009	45	14	2	4	1	4	5	2	1	13	1	2
HOMSTM002011	45	14	5	1	1	7	4	4	3	1	2	6
HOMSTM002014	45	14	4	6	2	3	2	4	1	4	2	3
HOMSTM002015	45	14	2	4	3	4	3	5	1	2	2	2
HOMSTM002016	45	14	2	4	6	4	2	4	2	4	2	2
HOMSTM002018	45	14	6	5	3	3	2	5	2	3	1	2
HOMSTM002019	45	14	3	3	2	5	2	8	2	1	2	4
HOMSTM002020	45	14	4	4	4	2	2	3	4	3	3	3
HOMSTM002021	45	14	1	1	2	14	3	7	1	2	1	3
HOMSTM002022	45	14	2	4	4	4	3	6	2	3	3	2
HOMSTM002023	45	14	3	3	2	4	1	7	3	4	4	2
HOMSTM002024	45	14	2	4	2	2	3	6	2	4	2	6
HOMSTM002025	45	14	3	4	2	4	3	8	2	4	2	3
HOMSTM002026	45	14	2	4	1	4	5	7	2	4	2	5
HOMSTM002027	45	14	1	1	1	3	3	5	2	2	2	4
HOMSTM002028	45	14	1	1	5	3	6	7	3	4	1	1
HOMSTM002029	45	14	4	5	3	3	2	6	3	4	2	2
HOMSTM002030	45	14	3	4	2	8	3	8	2	3	2	2
HOMSTM002031	45	14	4	6	2	4	5	4	2	6	4	2
HOMSTM002034	44	14	2	6	5	2	2	6	3	2	2	2
HOMSTM002035	44	14	1	2	4	5	6	4	2	4	6	1
HOMSTM002036	44	14	2	6	2	5	3	5	3	1	1	4
HOMSTM002038	44	14	2	4	3	5	2	5	3	8	2	2
HOMSTM002039	44	14	3	4	3	4	5	3	3	4	2	5
HOMSTM002040	44	14	4	3	3	3	2	2	3	7	3	2
HOMSTM002041	44	14	3	5	2	4	4	6	2	2	4	2
HOMSTM002044	44	14	3	6	2	4	4	5	3	4	2	2
HOMSTM002045	44	14	4	5	2	4	1	2	2	12	1	2
HOMSTM002046	44	14	2	6	2	4	3	6	2	3	2	3
HOMSTM002047	44	14	2	4	3	4	2	7	2	3	2	2
HOMSTM002048	44	14	3	3	2	4	2	6	2	6	2	3
HOMSTM002049	44	14	3	5	2	4	3	4	2	4	2	3
HOMSTM002050	44	14	5	7	2	2	2	4	2	3	2	3
HOMSTM002051	44	14	2	2	3	7	2	4	2	2	2	2
HOMSTM002052	44	14	3	4	3	5	3	7	3	3	3	2
HOMSTM002053	44	14	3	6	1	3	2	6	2	3	1	2
HOMSTM002054	44	14	2	3	3	2	2	4	3	5	4	5
HOMSTM002055	44	14	3	4	2	5	2	4	4	4	2	2
HOMSTM002056	44	14	3	3	4	3	3	7	2	5	2	5
HOMSTM002057	44	14	3	6	2	3	4	4	3	2	3	3
HOMSTM002058	44	14	3	4	3	4	3	4	2	4	2	3
HOMSTM002059	44	14	2	3	2	5	4	4	1	2	2	9
HOMSTM002060	44	14	3	6	1	6	2	4	4	3	1	2
HOMSTM002061	44	14	2	2	1	3	7	11	1	2	1	1
HOMSTM002062	44	14	4	3	3	4	2	3	4	3	2	2
HOMSTM002063	44	14	2	2	2	5	8	4	3	4	1	1
HOMSTM002064	44	14	2	3	4	2	3	4	2	4	3	2
HOMSTM002066	44	14	4	6	2	3	3	8	3	5	2	3
HOMSTM002067	44	14	3	4	2	3	3	7	2	5	2	2
HOMSTM002068	44	14	1	2	1	3	3	8	4	4	7	5
HOMSTM002069	44	14	2	4	2	2	2	4	2	5	1	7
HOMSTM002070	44	14	1	2	3	2	3	2	2	18	3	2
HOMSTM002072	44	14	3	5	2	2	2	3	3	6	3	5
HOMSTM002073	44	14	3	5	3	6	3	7	3	2	1	3
HOMSTM002074	44	14	1	2	1	3	3	6	1	5	2	5
HOMSTM002075	44	14	2	7	2	4	3	6	2	3	2	2
HOMSTM002076	44	14	2	3	2	3	5	7	3	5	1	3
HOMSTM002077	44	14	3	6	2	3	3	6	2	3	2	2
HOMSTM002078	44	14	3	6	2	4	3	6	2	3	3	3
HOMSTM002079	44	14	2	3	2	7	4	6	2	3	2	2
HOMSTM002080	44	14	2	3	2	3	12	3	1	3	2	5
HOMSTM002082	44	14	1	1	3	6	4	4	4	3	4	6
HOMSTM002083	44	14	1	3	1	1	11	4	2	2	1	3
HOMSTM002084	44	14	2	3	2	4	7	2	1	3	1	3
HOMSTM002091	43	14	2	3	2	5	2	7	2	4	3	4
HOMSTM002093	43	14	2	3	3	4	2	5	2	4	2	4
HOMSTM002094	43	14	4	1	3	3	6	6	3	4	4	2
HOMSTM002095	43	14	2	4	2	3	2	5	3	4	2	4
HOMSTM002096	43	14	2	4	1	2	8	7	1	3	7	3
HOMSTM002097	43	14	3	7	1	3	3	6	2	4	2	3
HOMSTM002098	43	14	2	2	4	2	3	8	2	4	2	2
HOMSTM002101	43	14	4	3	2	4	3	4	2	5	2	3
HOMSTM002102	43	14	4	4	2	3	3	6	2	2	2	2
HOMSTM002104	43	14	2	3	1	2	3	6	2	4	2	5
HOMSTM002106	43	14	3	3	1	2	2	4	2	3	2	3
HOMSTM002107	43	14	3	3	2	4	4	5	2	7	2	2
HOMSTM002109	43	14	6	3	4	2	5	4	3	3	2	3
HOMSTM002110	43	14	2	3	2	4	2	4	2	9	3	2
HOMSTM002112	43	14	3	4	2	2	4	8	1	2	2	3
HOMSTM002114	43	14	2	4	1	5	4	3	2	3	3	2
HOMSTM002115	43	14	3	2	3	3	3	5	3	5	2	3
HOMSTM002117	43	14	3	5	2	6	2	3	3	7	3	2
HOMSTM002119	43	14	2	2	3	2	2	3	2	3	4	2
HOMSTM002120	43	14	5	6	2	2	2	3	2	4	2	4
HOMSTM002122	43	14	2	4	2	3	2	4	3	7	3	2
HOMSTM002123	43	14	1	2	1	3	2	8	1	2	9	4
HOMSTM002124	43	14	4	8	1	4	4	6	2	5	2	2
HOMSTM002125	43	14	1	1	1	1	1	3	1	2	1	24
HOMSTM002126	43	14	2	4	3	4	3	6	1	4	2	3
HOMSTM002127	43	14	2	4	3	4	2	5	2	7	2	2
HOMSTM002128	43	14	3	9	2	6	2	4	2	3	1	3
HOMSTM002129	43	14	2	5	2	2	6	6	1	4	1	1
HOMSTM002130	43	14	3	4	2	4	5	4	2	3	3	3
HOMSTM002131	43	14	1	1	3	6	13	3	1	6	4	1
HOMSTM002132	43	14	2	5	2	4	2	4	2	8	2	2
HOMSTM002133	43	14	2	4	2	4	3	7	2	3	2	2
HOMSTM002134	43	14	1	2	2	6	1	4	3	9	3	3
HOMSTM002135	43	14	6	4	2	3	2	4	1	5	2	4
HOMSTM002136	43	14	2	5	2	3	3	6	2	4	2	2
HOMSTM002137	43	14	3	6	3	3	3	5	4	1	2	3
HOMSTM002139	43	14	2	3	3	5	4	5	1	3	1	3
HOMSTM002140	43	14	2	2	1	5	3	3	6	3	6	2
HOMSTM002142	43	14	3	4	2	5	3	6	1	6	4	3
HOMSTM002143	43	14	2	2	2	4	4	7	1	2	2	2
HOMSTM002144	43	14	2	3	1	4	5	7	2	4	2	2
HOMSTM002146	43	14	2	6	3	4	3	5	1	5	2	1
HOMSTM002150	42	14	1	2	3	3	5	4	1	2	1	14
HOMSTM002151	42	14	3	3	3	4	3	6	3	3	2	1
HOMSTM002152	42	14	3	2	2	6	2	4	5	4	2	2
HOMSTM002153	42	14	2	4	2	4	3	5	3	3	2	2
HOMSTM002154	42	14	2	3	1	3	2	4	2	8	1	2
HOMSTM002155	42	14	2	3	1	4	2	4	3	5	2	4
HOMSTM002156	42	14	2	2	2	4	7	5	2	5	3	2
HOMSTM002157	42	14	2	4	2	5	3	6	3	4	2	2
HOMSTM002159	42	14	3	4	2	4	2	4	2	4	2	2
HOMSTM002160	42	14	1	2	2	3	7	7	1	4	4	2
HOMSTM002161	42	14	1	1	2	6	6	8	2	2	2	3
HOMSTM002162	42	14	3	5	2	4	2	6	2	1	2	3
HOMSTM002163	42	14	3	3	2	4	5	10	3	3	2	3
HOMSTM002165	42	14	3	6	2	4	2	4	2	4	2	3
HOMSTM002166	42	14	5	6	2	2	2	4	2	5	2	2
HOMSTM002167	42	14	3	5	3	3	2	5	4	1	3	3
HOMSTM002168	42	14	2	4	3	4	6	5	2	5	2	2
HOMSTM002170	42	14	2	7	3	4	3	5	3	1	2	3
HOMSTM002171	42	14	2	3	1	4	3	4	3	3	2	4
HOMSTM002173	42	14	3	6	2	4	2	6	2	1	4	2
HOMSTM002174	42	14	3	4	2	2	3	4	2	2	2	4
HOMSTM002175	42	14	2	3	2	4	4	7	2	4	4	3
HOMSTM002177	42	14	2	4	1	4	8	5	1	6	2	1
HOMSTM002178	42	14	3	4	1	2	1	2	1	4	2	4
HOMSTM002180	42	14	2	3	2	2	2	5	3	5	2	3
HOMSTM002181	42	14	2	2	4	2	1	8	4	3	4	3
HOMSTM002182	42	14	2	2	2	4	2	3	2	7	3	3
HOMSTM002183	42	14	2	2	4	3	3	5	2	3	3	4
HOMSTM002184	42	14	4	4	3	3	2	6	3	5	2	2
HOMSTM002185	42	14	4	8	2	4	4	6	3	2	2	3
HOMSTM002186	42	14	3	4	2	4	2	4	2	3	2	3
HOMSTM002187	42	14	2	3	1	7	3	4	2	5	4	2
HOMSTM002189	42	14	2	4	2	3	2	4	2	3	4	2
HOMSTM002191	42	14	2	2	2	4	2	4	2	6	4	2
HOMSTM002192	42	14	3	2	5	3	2	4	6	1	2	5
HOMSTM002193	42	14	2	4	2	3	4	4	2	4	4	3
HOMSTM002194	42	14	3	5	4	3	2	4	2	3	3	3
HOMSTM002195	42	14	2	3	2	6	2	4	3	7	3	2
HOMSTM002196	42	14	2	4	1	5	4	7	3	5	2	3
HOMSTM002197	42	14	4	7	2	3	3	4	2	3	2	4
HOMSTM002198	42	14	2	3	1	4	4	3	4	7	2	4
HOMSTM002199	42	14	2	5	4	4	2	4	2	3	3	4
HOMSTM002200	42	14	3	5	2	3	2	6	2	3	2	5
HOMSTM002201	42	14	3	5	2	4	3	4	3	3	4	2
HOMSTM002202	42	14	1	2	1	3	4	5	1	4	7	3
HOMSTM002203	42	14	1	2	1	3	16	3	2	2	3	2
HOMSTM002204	42	14	2	4	2	4	3	6	2	3	2	2
HOMSTM002205	42	14	2	6	2	4	3	4	3	2	1	3
HOMSTM002206	42	14	4	2	2	2	2	4	1	3	3	3
HOMSTM002207	42	14	2	5	2	4	2	7	2	4	2	2
HOMSTM002208	42	14	3	4	4	5	3	4	2	4	2	5
HOMSTM002210	42	14	2	3	2	4	4	8	2	4	2	2
HOMSTM002211	41	14	2	5	1	3	2	3	2	8	2	3
HOMSTM002212	41	14	4	2	4	4	3	2	1	3	3	3
HOMSTM002213	41	14	2	3	2	4	3	6	2	4	3	2
HOMSTM002215	41	14	3	4	2	3	9	5	2	4	1	2
HOMSTM002216	41	14	1	1	2	5	4	5	4	3	3	1
HOMSTM002217	41	14	2	3	5	3	3	7	2	3	3	2
HOMSTM002218	41	14	2	2	3	5	4	6	2	3	3	5
HOMSTM002219	41	14	4	8	1	3	2	2	2	6	2	2
HOMSTM002220	41	14	2	8	2	3	2	6	2	4	2	3
HOMSTM002221	41	14	4	3	1	3	5	2	1	3	8	1
HOMSTM002222	41	14	3	6	1	3	2	5	2	1	3	3
HOMSTM002223	41	14	1	4	1	5	2	5	1	3	1	3
HOMSTM002224	41	14	2	2	3	6	2	4	3	5	2	2
HOMSTM002226	41	14	2	4	2	3	3	6	1	6	2	5
HOMSTM002227	41	14	2	5	4	3	2	4	3	5	2	3
HOMSTM002228	41	14	2	3	3	4	3	7	2	4	2	3
HOMSTM002229	41	14	3	6	3	4	4	3	2	3	3	3
HOMSTM002230	41	14	3	6	2	4	3	4	2	3	2	3
HOMSTM002231	41	14	4	4	3	4	2	4	2	5	2	4
HOMSTM002232	41	14	2	5	2	7	3	6	3	3	2	3
HOMSTM002233	41	14	4	4	1	5	1	4	2	6	2	3
HOMSTM002234	41	14	3	6	1	5	3	4	3	2	1	1
HOMSTM002235	41	14	2	3	2	2	4	4	3	3	4	2
HOMSTM002236	41	14	2	1	2	4	4	4	2	8	2	2
HOMSTM002237	41	14	2	5	2	3	2	5	3	2	2	2
HOMSTM002238	41	14	8	7	2	2	2	4	1	4	3	2
HOMSTM002240	41	14	3	5	3	6	2	4	3	3	2	2
HOMSTM002241	41	14	2	3	3	3	3	6	1	2	4	2
HOMSTM002242	41	14	3	4	1	4	2	4	1	3	4	1
HOMSTM002243	41	14	3	4	1	3	3	5	1	3	1	3
HOMSTM002244	41	14	3	6	2	5	3	5	1	2	1	3
HOMSTM002245	41	14	3	3	3	2	3	5	3	4	4	3
HOMSTM002246	41	14	1	2	3	2	3	2	1	2	2	12
HOMSTM002247	41	14	1	1	2	3	4	8	1	4	1	5
HOMSTM002248	41	14	3	3	1	2	1	2	1	7	2	4
HOMSTM002249	41	14	4	4	1	2	6	4	2	2	1	2
HOMSTM002250	41	14	2	6	2	4	7	3	2	3	1	2
HOMSTM002252	41	14	4	6	2	2	6	2	1	5	1	4
HOMSTM002253	41	14	4	5	2	4	2	7	2	2	1	3
HOMSTM002254	41	14	4	7	2	4	3	3	1	2	3	2
HOMSTM002255	41	14	4	6	2	3	2	4	3	2	1	3
HOMSTM002256	41	14	3	6	1	4	1	3	2	5	2	2
HOMSTM002257	41	14	3	3	3	4	2	3	3	5	1	2
HOMSTM002258	41	14	2	3	2	2	2	5	3	3	2	4
HOMSTM002259	41	14	2	3	3	3	3	4	2	4	2	2
HOMSTM002260	41	14	2	4	2	2	4	3	6	5	1	2
HOMSTM002261	41	14	3	3	2	4	2	8	2	3	2	2
HOMSTM002263	41	14	2	3	2	2	2	6	2	2	3	2
HOMSTM002264	41	14	3	7	2	3	3	4	3	3	2	6
HOMSTM002265	41	14	2	4	3	7	2	4	1	5	2	3
HOMSTM002266	41	14	2	2	1	5	1	2	1	4	1	1
HOMSTM002267	41	14	2	3	2	3	2	8	2	6	2	2
HOMSTM002269	41	14	3	6	2	2	4	7	2	2	2	3
HOMSTM002270	41	14	2	3	4	3	2	8	1	6	5	2
HOMSTM002271	41	14	2	3	2	3	4	4	2	5	2	4
HOMSTM002272	41	14	2	4	2	4	1	7	1	5	1	4
HOMSTM002275	40	14	2	4	2	2	2	4	1	4	2	4
HOMSTM002276	40	14	3	5	2	2	3	7	2	5	2	2
HOMSTM002278	40	14	2	3	2	6	3	4	2	4	5	3
HOMSTM002279	40	14	3	4	2	4	4	3	2	4	1	3
HOMSTM002280	40	14	2	5	3	3	2	6	3	5	2	2
HOMSTM002282	40	14	4	4	2	3	6	4	2	6	1	2
HOMSTM002283	40	14	2	3	2	4	3	6	2	4	2	3
HOMSTM002284	40	14	1	3	1	6	2	5	1	4	5	2
HOMSTM002285	40	14	3	4	1	4	2	6	2	3	3	3
HOMSTM002286	40	14	2	2	1	4	1	7	2	4	4	2
HOMSTM002287	40	14	2	4	2	3	3	6	3	4	1	5
HOMSTM002288	40	14	2	2	2	5	3	8	2	1	3	3
HOMSTM002289	40	14	1	2	2	2	8	5	1	2	1	1
HOMSTM002290	40	14	1	3	2	3	2	4	1	6	2	3
HOMSTM002291	40	14	3	3	2	3	6	7	2	1	2	2
HOMSTM002293	40	14	4	7	2	5	2	4	2	2	1	5
HOMSTM002294	40	14	1	1	1	2	1	4	2	2	1	2
HOMSTM002295	40	14	3	3	1	2	4	4	2	5	2	3
HOMSTM002296	40	14	2	2	2	3	5	6	2	6	2	2
HOMSTM002297	40	14	2	6	3	5	2	6	3	3	1	2
HOMSTM002299	40	14	3	6	1	1	1	3	2	3	2	5
HOMSTM002300	40	14	1	1	2	1	2	3	3	2	1	4
HOMSTM002301	40	14	2	4	3	2	2	4	1	4	2	2
HOMSTM002302	40	14	3	3	2	4	4	8	1	2	2	2
HOMSTM002303	40	14	3	4	3	4	3	6	2	6	1	4
HOMSTM002304	40	14	2	4	2	3	3	6	2	4	2	2
HOMSTM002305	40	14	3	7	1	3	2	6	1	3	2	3
HOMSTM002306	40	14	3	3	3	2	2	4	2	6	2	2
HOMSTM002307	40	14	2	5	2	2	3	6	2	4	2	2
HOMSTM002308	40	14	3	3	1	5	2	5	2	6	2	3
HOMSTM002309	40	14	4	4	2	4	3	4	2	4	4	3
HOMSTM002310	40	14	4	5	2	3	2	5	2	2	3	2
HOMSTM002311	40	14	2	2	2	3	2	4	5	6	3	2
HOMSTM002312	40	14	3	4	2	5	2	4	3	4	3	2
HOMSTM002313	40	14	3	5	1	2	2	4	2	6	1	5
HOMSTM002314	40	14	2	3	2	7	2	3	2	6	2	2
HOMSTM002315	40	14	1	6	3	3	1	4	2	5	5	1
HOMSTM002317	40	14	2	4	2	3	3	4	4	4	2	3
HOMSTM002318	40	14	2	3	1	3	2	4	2	5	2	2
HOMSTM002319	40	14	2	4	3	4	2	4	2	4	4	2
HOMSTM002320	40	14	2	3	2	5	2	5	2	4	3	2
HOMSTM002321	40	14	2	2	3	4	2	5	1	7	2	2
HOMSTM002322	40	14	3	4	3	4	2	6	2	3	2	3
HOMSTM002324	40	14	3	4	2	3	2	4	2	4	2	5
HOMSTM002326	40	14	3	5	1	3	2	7	3	2	1	3
HOMSTM002327	40	14	2	4	2	4	3	7	2	5	1	2
HOMSTM002328	40	14	3	6	1	2	2	4	2	4	2	2
HOMSTM002329	40	14	3	3	2	2	2	4	2	5	2	4
HOMSTM002330	40	14	2	3	1	3	3	6	2	4	3	3
HOMSTM002331	40	14	3	4	2	4	3	4	1	5	2	3
HOMSTM002332	40	14	3	6	2	4	2	4	2	3	1	3
HOMSTM002334	40	14	2	4	3	3	3	4	3	2	2	2
HOMSTM002336	40	14	2	5	2	5	1	5	1	6	2	4
HOMSTM002337	40	14	2	4	1	2	3	7	1	3	2	5
HOMSTM002338	40	14	2	2	2	3	1	4	2	3	2	2
HOMSTM002339	40	14	3	4	2	2	2	3	4	4	2	5
HOMSTM002341	40	14	2	2	2	3	3	3	2	6	2	2
HOMSTM002342	40	14	3	5	1	2	2	4	2	2	2	2
HOMSTM002343	40	14	1	2	8	1	2	2	3	3	2	4
HOMSTM002344	40	14	1	3	4	4	2	4	3	4	3	2
HOMSTM002348	39	14	4	5	1	4	3	4	1	7	1	2
HOMSTM002349	39	14	5	7	1	3	2	5	1	1	1	1
HOMSTM002350	39	14	2	1	2	4	1	2	1	2	5	10
HOMSTM002351	39	14	1	3	1	1	1	3	1	1	7	14
HOMSTM002352	39	14	2	3	2	3	2	4	2	3	4	2
HOMSTM002353	39	14	1	1	1	1	9	2	2	1	1	1
HOMSTM002354	39	14	4	4	2	2	3	6	2	2	2	3
HOMSTM002355	39	14	3	3	2	4	4	4	2	2	3	2
HOMSTM002356	39	14	3	2	4	4	1	5	1	2	2	1
HOMSTM002357	39	14	6	4	1	6	1	5	2	4	1	3
HOMSTM002358	39	14	2	4	2	3	3	6	3	3	2	2
HOMSTM002359	39	14	2	5	3	3	3	6	3	6	2	2
HOMSTM002360	39	14	2	2	1	4	2	7	2	7	2	2
HOMSTM002362	39	14	2	4	2	3	2	4	2	7	2	2
HOMSTM002363	39	14	4	4	2	3	2	4	2	3	2	2
HOMSTM002364	39	14	2	2	1	3	3	3	1	4	2	4
HOMSTM002366	39	14	3	3	2	3	3	7	2	2	2	2
HOMSTM002367	39	14	2	2	2	3	2	2	2	5	2	2
HOMSTM002368	39	14	7	11	1	2	1	3	3	1	1	2
HOMSTM002369	39	14	2	5	1	2	2	4	4	1	1	2
HOMSTM002370	39	14	2	5	2	4	4	7	1	6	3	1
HOMSTM002371	39	14	2	4	1	3	2	4	1	3	3	2
HOMSTM002373	39	14	4	5	2	4	2	5	2	4	1	3
HOMSTM002374	39	14	2	4	3	3	4	5	2	2	3	3
HOMSTM002375	39	14	2	2	3	5	2	7	2	2	4	3
HOMSTM002376	39	14	3	4	3	3	4	5	2	3	2	4
HOMSTM002377	39	14	2	4	1	3	2	4	2	5	2	4
HOMSTM002380	39	14	1	3	2	4	2	5	2	6	3	4
HOMSTM002381	39	14	1	4	2	4	2	4	2	4	2	3
HOMSTM002382	39	14	2	5	1	4	5	4	2	1	3	2
HOMSTM002384	39	14	2	2	5	3	2	5	2	3	4	2
HOMSTM002386	39	14	1	3	2	6	3	5	1	3	6	2
HOMSTM002387	39	14	1	3	2	6	4	2	4	2	3	3
HOMSTM002389	39	14	2	4	1	2	2	7	2	3	1	3
HOMSTM002390	39	14	3	2	2	3	3	5	2	4	2	2
HOMSTM002391	39	14	2	4	3	2	2	5	1	4	4	2
HOMSTM002392	39	14	3	4	2	4	5	4	2	2	2	2
HOMSTM002393	39	14	1	1	1	2	10	9	2	5	2	1
HOMSTM002394	39	14	1	1	4	6	2	4	2	3	3	5
HOMSTM002395	39	14	3	5	2	3	5	4	2	3	2	2
HOMSTM002396	39	14	2	3	2	7	3	6	3	4	2	1
HOMSTM002397	39	14	3	3	2	4	3	6	2	2	2	3
HOMSTM002398	39	14	2	7	3	4	1	2	3	2	2	3
HOMSTM002399	39	14	2	3	2	2	3	3	2	5	2	2
HOMSTM002400	39	14	1	2	2	3	4	4	2	4	1	4
HOMSTM002401	39	14	1	1	1	5	3	6	2	4	3	2
HOMSTM002402	39	14	3	4	1	3	2	3	3	7	1	2
HOMSTM002403	39	14	2	3	2	2	2	4	2	12	2	3
HOMSTM002404	39	14	2	3	2	4	5	4	3	2	2	2
HOMSTM002406	39	14	2	3	1	2	1	4	3	5	2	3
HOMSTM002407	39	14	2	4	3	3	2	4	2	6	2	2
HOMSTM002408	39	14	2	3	2	3	3	3	2	5	2	2
HOMSTM002409	39	14	3	6	1	3	3	4	2	3	2	2
HOMSTM002410	39	14	2	5	2	3	2	5	1	3	2	3
HOMSTM002411	39	14	2	3	4	3	2	6	4	3	2	2
HOMSTM002413	39	14	2	3	3	2	4	4	2	2	3	4
HOMSTM002415	39	14	2	3	2	4	2	4	3	6	2	2
HOMSTM002416	39	14	2	5	2	4	1	3	1	4	2	2
HOMSTM002418	39	14	1	2	1	1	1	2	2	3	1	1
HOMSTM002420	39	14	1	1	1	5	3	2	2	7	1	4
HOMSTM002422	39	14	2	2	1	2	2	5	2	5	1	4
HOMSTM002423	39	14	2	4	2	3	2	8	2	4	1	5
HOMSTM002424	39	14	3	4	2	3	2	3	2	3	3	2
HOMSTM002425	39	14	2	2	1	4	2	4	1	6	2	4
HOMSTM002432	38	14	1	1	1	2	2	4	1	6	2	1
HOMSTM002433	38	14	2	3	2	5	2	6	2	4	2	2
HOMSTM002434	38	14	3	2	2	4	4	6	1	2	3	2
HOMSTM002435	38	14	3	2	2	3	2	4	2	3	2	3
HOMSTM002437	38	14	1	3	3	4	2	5	3	3	3	4
HOMSTM002438	38	14	2	3	2	3	2	8	2	5	1	2
HOMSTM002440	38	14	1	1	1	2	13	3	1	9	1	1
HOMSTM002441	38	14	2	3	2	6	2	5	2	2	2	3
HOMSTM002442	38	14	2	4	2	3	1	4	3	4	1	2
HOMSTM002443	38	14	4	4	2	4	1	5	1	1	2	1
HOMSTM002444	38	14	2	2	3	4	2	7	2	2	2	2
HOMSTM002445	38	14	3	6	2	3	1	4	2	5	1	2
HOMSTM002447	38	14	3	7	1	2	2	4	1	1	1	1
HOMSTM002448	38	14	2	3	2	2	3	5	2	4	2	2
HOMSTM002449	38	14	2	4	2	3	2	6	2	4	2	2
HOMSTM002450	38	14	2	3	4	5	2	4	2	3	2	2
HOMSTM002451	38	14	1	4	1	2	2	3	3	2	2	4
HOMSTM002452	38	14	1	2	11	1	2	3	1	3	1	3
HOMSTM002453	38	14	3	5	1	2	1	4	1	2	1	9
HOMSTM002454	38	14	1	2	2	4	2	5	2	4	2	2
HOMSTM002455	38	14	1	2	1	2	11	6	1	2	2	2
HOMSTM002456	38	14	1	1	7	1	1	11	2	2	4	3
HOMSTM002457	38	14	3	4	2	5	1	3	2	3	2	2
HOMSTM002458	38	14	3	3	1	6	2	4	1	4	3	2
HOMSTM002459	38	14	2	4	3	4	2	4	2	6	3	2
HOMSTM002460	38	14	3	3	2	1	3	6	2	1	2	2
HOMSTM002461	38	14	2	3	2	3	3	4	2	4	2	3
HOMSTM002462	38	14	2	2	1	2	3	8	3	5	3	3
HOMSTM002463	38	14	1	2	2	3	2	4	2	6	2	4
HOMSTM002467	38	14	2	3	2	4	2	4	2	3	3	3
HOMSTM002468	38	14	4	3	3	2	3	6	2	5	2	2
HOMSTM002469	38	14	3	4	4	4	2	4	2	1	2	3
HOMSTM002470	38	14	1	1	1	3	3	6	1	6	2	7
HOMSTM002471	38	14	2	5	2	4	2	6	2	4	3	2
HOMSTM002472	38	14	2	2	3	3	2	4	3	3	3	3
HOMSTM002473	38	14	2	2	2	3	5	4	3	2	2	4
HOMSTM002475	38	14	2	3	2	6	5	6	2	2	3	2
HOMSTM002478	38	14	3	3	2	3	2	4	2	4	2	2
HOMSTM002479	38	14	1	2	2	4	3	9	5	1	2	5
HOMSTM002480	38	14	3	5	1	4	2	4	3	7	2	2
HOMSTM002481	38	14	1	1	2	2	1	5	3	1	1	8
HOMSTM002482	38	14	4	4	1	6	2	2	2	1	1	3
HOMSTM002483	38	14	3	5	2	3	2	3	2	5	2	3
HOMSTM002484	38	14	2	5	2	1	5	5	2	3	1	4
HOMSTM002485	38	14	1	6	1	2	3	2	1	2	1	4
HOMSTM002486	38	14	3	4	1	3	2	4	2	3	2	3
HOMSTM002488	38	14	1	1	2	2	4	5	1	1	4	1
HOMSTM002489	38	14	2	3	3	2	3	9	1	1	2	1
HOMSTM002490	38	14	1	1	2	3	3	4	2	4	2	3
HOMSTM002491	38	14	2	4	4	2	2	8	1	3	3	2
HOMSTM002492	38	14	2	3	1	3	3	4	1	3	7	2
HOMSTM002493	38	14	2	5	2	4	1	3	3	4	2	1
HOMSTM002494	38	14	3	4	2	3	2	8	2	3	2	3
HOMSTM002495	38	14	3	2	2	5	4	6	2	4	2	1
HOMSTM002498	38	14	2	4	2	3	3	4	2	4	4	2
HOMSTM002500	38	14	1	1	2	2	4	5	1	11	3	3
HOMSTM002506	37	14	2	4	4	3	2	4	3	3	2	3
HOMSTM002507	37	14	2	5	1	3	2	4	2	2	2	1
HOMSTM002508	37	14	3	3	8	5	3	3	2	2	1	1
HOMSTM002510	37	14	2	3	2	3	2	5	2	3	2	2
HOMSTM002512	37	14	3	2	1	3	3	4	2	5	1	1
HOMSTM002513	37	14	3	3	3	3	4	3	2	2	2	2
HOMSTM002514	37	14	2	6	1	3	1	3	1	1	1	4
HOMSTM002517	37	14	4	4	1	3	6	6	2	3	2	1
HOMSTM002518	37	14	2	6	1	4	4	3	1	4	1	5
HOMSTM002519	37	14	2	2	2	3	5	7	2	2	2	2
HOMSTM002520	37	14	2	4	2	2	3	3	2	4	2	2
HOMSTM002521	37	14	1	2	2	4	5	9	2	2	1	2
HOMSTM002522	37	14	2	2	2	3	2	4	2	3	2	2
HOMSTM002523	37	14	2	6	2	2	2	3	2	1	2	3
HOMSTM002527	37	14	2	4	2	4	2	4	2	4	2	2
HOMSTM002528	37	14	1	3	2	2	3	7	1	1	2	1
HOMSTM002529	37	14	3	1	2	2	2	2	1	2	1	14
HOMSTM002530	37	14	2	5	1	2	2	2	9	2	1	2
HOMSTM002531	37	14	2	5	1	1	7	4	1	6	1	2
HOMSTM002532	37	14	2	2	1	3	4	5	2	3	2	2
HOMSTM002533	37	14	2	3	3	3	3	3	4	1	1	1
HOMSTM002534	37	14	2	3	2	4	2	4	2	5	2	3
HOMSTM002535	37	14	2	3	2	3	3	4	2	3	2	1
HOMSTM002539	37	14	1	1	2	4	1	13	1	5	1	1
HOMSTM002540	37	14	2	3	2	3	4	4	2	3	2	4
HOMSTM002541	37	14	3	5	1	4	1	2	2	6	1	2
HOMSTM002542	37	14	2	3	2	4	1	4	2	2	2	2
HOMSTM002543	37	14	3	2	2	4	2	4	2	3	4	2
HOMSTM002544	37	14	2	2	2	3	1	2	1	14	1	1
HOMSTM002545	37	14	1	1	2	2	4	4	3	8	2	2
HOMSTM002546	37	14	2	5	2	3	2	4	6	3	1	1
HOMSTM002547	37	14	1	3	3	3	2	8	4	2	1	1
HOMSTM002548	37	14	2	3	2	4	3	5	2	2	2	2
HOMSTM002550	37	14	1	1	1	1	14	5	1	2	3	1
HOMSTM002551	37	14	2	4	4	4	1	4	2	3	2	5
HOMSTM002552	37	14	2	5	4	5	2	4	1	2	1	3
HOMSTM002555	37	14	3	4	1	2	2	3	5	1	1	3
HOMSTM002556	37	14	2	4	2	1	4	7	2	3	2	2
HOMSTM002557	37	14	2	2	2	2	10	8	2	2	1	1
HOMSTM002558	37	14	2	2	2	5	2	3	1	4	3	1
HOMSTM002559	37	14	2	2	2	2	2	2	2	4	1	1
HOMSTM002561	37	14	2	5	2	3	3	4	2	2	2	2
HOMSTM002563	37	14	2	6	1	2	2	3	3	2	1	4
HOMSTM002564	37	14	3	4	2	2	2	7	2	3	2	2
HOMSTM002565	37	14	2	3	2	4	3	6	2	3	2	2
HOMSTM002566	37	14	1	1	7	3	1	2	3	2	3	3
HOMSTM002567	37	14	1	2	6	2	4	4	2	1	1	2
HOMSTM002568	37	14	2	4	1	3	2	3	2	3	2	2
HOMSTM002569	37	14	2	3	1	2	7	2	1	2	1	1
HOMSTM002572	37	14	2	4	5	4	2	3	2	4	2	2
HOMSTM002573	37	14	2	3	2	2	3	4	3	3	3	2
HOMSTM002574	37	14	2	3	2	3	2	4	2	5	3	2
HOMSTM002575	37	14	4	7	2	3	2	4	2	2	5	2
HOMSTM002577	37	14	2	5	2	4	2	4	2	3	2	2
HOMSTM002579	37	14	2	1	5	5	2	4	2	4	2	2
HOMSTM002581	37	14	2	4	1	5	3	4	1	2	2	2
HOMSTM002584	37	14	2	5	1	2	4	6	2	3	2	2
HOMSTM002586	37	14	1	4	3	2	5	4	3	2	2	2
HOMSTM002590	36	14	2	3	4	2	2	4	2	5	2	3
HOMSTM002591	36	14	3	3	2	4	2	6	3	3	2	3
HOMSTM002592	36	14	4	3	2	2	1	6	3	2	2	2
HOMSTM002593	36	14	2	6	3	4	2	3	2	4	2	2
HOMSTM002594	36	14	2	3	3	2	2	4	2	3	5	2
HOMSTM002595	36	14	2	3	2	4	3	6	2	2	1	4
HOMSTM002597	36	14	1	7	2	5	2	3	1	7	1	1
HOMSTM002598	36	14	2	4	3	4	2	3	2	3	3	2
HOMSTM002599	36	14	2	5	2	2	3	4	1	2	1	2
HOMSTM002600	36	14	2	4	2	3	2	4	1	5	3	2
HOMSTM002601	36	14	4	7	2	3	2	5	2	2	2	3
HOMSTM002604	36	14	3	2	2	3	2	4	2	1	1	3
HOMSTM002606	36	14	2	2	2	3	2	5	1	2	3	3
HOMSTM002607	36	14	2	2	3	4	3	5	2	3	2	2
HOMSTM002608	36	14	3	4	1	4	2	7	2	2	3	2
HOMSTM002609	36	14	2	2	1	2	2	7	1	1	2	2
HOMSTM002610	36	14	2	3	5	3	2	5	4	4	3	1
HOMSTM002611	36	14	2	2	3	3	2	5	3	3	1	2
HOMSTM002612	36	14	2	3	2	2	3	6	2	3	2	3
HOMSTM002613	36	14	3	2	2	2	2	3	1	2	2	4
HOMSTM002615	36	14	4	5	2	2	1	5	2	4	2	2
HOMSTM002618	36	14	2	4	2	2	4	4	2	5	2	2
HOMSTM002619	36	14	3	3	1	2	4	7	2	4	2	3
HOMSTM002620	36	14	2	3	1	2	1	7	1	6	1	1
HOMSTM002621	36	14	1	1	1	2	7	5	1	2	2	2
HOMSTM002622	36	14	2	2	2	6	2	5	3	2	1	2
HOMSTM002623	36	14	1	2	1	2	2	13	1	2	1	1
HOMSTM002625	36	14	2	2	2	2	4	3	2	2	2	2
HOMSTM002626	36	14	2	3	3	3	2	5	2	4	2	2
HOMSTM002630	36	14	2	2	2	4	2	4	2	4	2	2
HOMSTM002631	36	14	1	1	2	5	3	6	3	5	2	4
HOMSTM002632	36	14	2	3	3	5	2	4	2	4	2	2
HOMSTM002633	36	14	2	3	3	3	2	5	3	4	3	2
HOMSTM002634	36	14	2	3	2	4	3	5	4	3	3	2
HOMSTM002635	36	14	2	4	3	3	2	5	2	2	1	3
HOMSTM002636	36	14	1	2	2	1	3	6	2	5	1	2
HOMSTM002637	36	14	3	6	1	3	3	5	1	1	1	1
HOMSTM002639	36	14	3	4	2	3	2	5	2	2	3	2
HOMSTM002642	36	14	3	8	1	2	4	4	2	2	1	1
HOMSTM002643	36	14	2	3	2	3	2	6	1	1	3	2
HOMSTM002644	36	14	2	1	2	3	4	4	2	4	2	2
HOMSTM002645	36	14	2	3	2	3	2	3	2	4	2	3
HOMSTM002646	36	14	2	3	2	3	2	3	1	3	2	3
HOMSTM002647	36	14	1	1	16	3	1	2	3	1	1	1
HOMSTM002648	36	14	2	3	2	2	5	7	2	1	2	2
HOMSTM002649	36	14	2	3	2	2	3	5	1	3	2	2
HOMSTM002650	36	14	1	2	1	2	8	5	2	2	2	4
HOMSTM002651	36	14	2	2	2	4	4	7	2	2	2	1
HOMSTM002659	35	14	2	3	2	3	3	4	2	3	2	2
HOMSTM002660	35	14	2	4	2	3	2	4	2	3	2	3
HOMSTM002661	35	14	2	3	2	2	1	2	1	1	1	2
HOMSTM002664	35	14	2	2	2	3	2	3	2	3	3	4
HOMSTM002665	35	14	1	3	1	2	2	4	2	5	1	1
HOMSTM002666	35	14	1	3	2	3	9	2	1	4	1	2
HOMSTM002667	35	14	2	4	2	2	2	3	1	6	2	1
HOMSTM002668	35	14	3	3	2	4	2	4	2	2	2	2
HOMSTM002670	35	14	1	2	1	3	3	7	2	3	6	1
HOMSTM002672	35	14	1	1	2	5	3	6	1	1	2	2
HOMSTM002673	35	14	2	2	2	2	2	4	2	7	3	2
HOMSTM002674	35	14	2	2	2	4	3	6	2	2	2	2
HOMSTM002676	35	14	4	1	2	2	3	1	2	1	2	3
HOMSTM002677	35	14	1	4	3	3	2	4	1	2	3	2
HOMSTM002678	35	14	2	3	3	3	2	4	2	1	3	2
HOMSTM002679	35	14	2	4	6	2	1	4	2	2	1	1
HOMSTM002680	35	14	3	3	2	4	4	4	1	6	1	1
HOMSTM002681	35	14	1	2	3	4	2	3	1	3	4	1
HOMSTM002684	35	14	2	3	3	2	2	3	2	3	2	2
HOMSTM002685	35	14	2	2	2	4	2	5	2	4	2	2
HOMSTM002687	35	14	2	5	1	3	1	3	4	3	2	3
HOMSTM002688	35	14	2	3	2	3	2	4	2	5	2	2
HOMSTM002689	35	14	3	3	2	2	2	4	3	1	2	2
HOMSTM002690	35	14	2	4	1	3	2	7	2	4	2	2
HOMSTM002693	35	14	1	3	4	2	3	1	1	6	1	2
HOMSTM002694	35	14	2	3	4	2	4	4	1	3	2	1
HOMSTM002696	35	14	2	2	1	1	4	7	1	5	2	3
HOMSTM002697	35	14	1	3	1	2	3	2	2	3	1	1
HOMSTM002699	35	14	1	3	3	10	1	4	1	4	2	1
HOMSTM002700	35	14	2	3	2	3	4	4	2	5	2	3
HOMSTM002701	35	14	2	3	2	2	2	4	2	4	2	2
HOMSTM002704	35	14	2	4	1	5	4	2	1	2	2	3
HOMSTM002705	35	14	3	2	4	3	5	2	1	2	2	2
HOMSTM002706	35	14	2	2	3	4	4	4	1	3	2	2
HOMSTM002707	35	14	1	4	1	4	3	4	2	1	1	4
HOMSTM002708	35	14	2	3	1	4	2	6	2	3	2	2
HOMSTM002709	35	14	2	3	3	2	3	3	1	3	8	3
HOMSTM002710	35	14	2	2	2	3	2	4	2	1	2	3
HOMSTM002711	35	14	1	4	1	2	3	8	3	1	3	2
HOMSTM002716	35	14	1	2	2	5	1	6	3	4	2	3
HOMSTM002717	35	14	2	2	2	2	4	5	4	3	1	2
HOMSTM002718	35	14	2	4	2	3	2	4	2	2	3	3
HOMSTM002719	35	14	3	3	2	3	2	4	3	2	2	4
HOMSTM002720	35	14	2	1	2	3	1	1	3	1	1	13
HOMSTM002722	35	14	2	3	2	3	2	4	2	3	2	3
HOMSTM002723	35	14	2	1	2	2	2	5	3	5	2	3
HOMSTM002725	35	14	2	4	2	4	2	4	2	5	3	3
HOMSTM002726	35	14	1	1	3	4	4	4	2	6	2	2
HOMSTM002727	35	14	1	2	4	3	3	3	5	3	1	2
HOMSTM002730	34	14	3	5	2	3	1	3	2	2	2	3
HOMSTM002731	34	14	2	4	1	4	2	4	1	4	2	3
HOMSTM002732	34	14	2	4	1	3	6	4	1	4	2	3
HOMSTM002733	34	14	4	5	1	3	1	4	1	4	1	2
HOMSTM002734	34	14	2	4	2	4	5	4	2	1	2	2
HOMSTM002736	34	14	2	3	2	4	2	6	2	2	2	2
HOMSTM002738	34	14	3	4	2	2	4	2	2	3	1	2
HOMSTM002739	34	14	4	7	1	2	4	2	1	1	1	2
HOMSTM002740	34	14	1	2	2	3	2	4	1	3	3	2
HOMSTM002741	34	14	2	3	2	3	5	5	2	4	2	2
HOMSTM002742	34	14	2	4	1	2	4	7	2	2	1	2
HOMSTM002743	34	14	2	2	2	3	2	4	2	2	2	4
HOMSTM002745	34	14	2	2	2	2	2	4	2	4	2	2
HOMSTM002746	34	14	2	3	3	3	2	3	2	3	2	3
HOMSTM002747	34	14	1	2	2	1	3	3	2	5	3	2
HOMSTM002748	34	14	1	1	1	3	1	3	1	14	3	1
HOMSTM002751	34	14	3	3	1	2	3	3	3	1	2	3
HOMSTM002752	34	14	1	1	4	2	1	4	2	5	1	2
HOMSTM002754	34	14	2	3	2	3	3	4	2	1	1	2
HOMSTM002756	34	14	3	3	3	2	5	2	1	1	1	1
HOMSTM002757	34	14	2	2	2	3	2	4	2	4	2	2
HOMSTM002758	34	14	2	3	2	3	2	5	3	4	3	3
HOMSTM002759	34	14	2	2	3	3	3	2	2	2	1	1
HOMSTM002760	34	14	1	2	3	4	3	6	1	4	2	2
HOMSTM002761	34	14	4	7	1	2	3	2	3	3	2	1
HOMSTM002762	34	14	2	3	1	2	1	2	2	3	1	2
HOMSTM002763	34	14	3	4	2	4	2	3	2	2	2	2
HOMSTM002766	34	14	3	4	1	2	4	6	1	3	1	4
HOMSTM002767	34	14	2	3	1	3	3	4	2	2	3	1
HOMSTM002768	34	14	2	2	1	2	2	5	1	2	3	2
HOMSTM002769	34	14	3	2	1	4	2	2	1	4	3	1
HOMSTM002770	34	14	2	3	2	3	3	4	2	3	2	2
HOMSTM002772	34	14	2	2	3	2	2	4	2	3	2	2
HOMSTM002773	34	14	4	6	1	2	3	2	1	2	1	1
HOMSTM002774	34	14	2	3	1	3	2	4	2	4	2	1
HOMSTM002775	34	14	1	3	3	1	3	4	2	2	5	3
HOMSTM002776	34	14	2	5	2	2	2	4	1	4	1	2
HOMSTM002778	34	14	1	2	1	3	1	4	1	4	3	3
HOMSTM002779	34	14	3	3	2	2	3	3	1	8	1	3
HOMSTM002782	34	14	3	3	2	4	2	5	1	1	3	3
HOMSTM002784	34	14	2	5	1	7	3	4	1	2	1	1
HOMSTM002785	34	14	3	3	1	2	2	5	1	5	1	2
HOMSTM002787	34	14	3	4	2	1	2	4	2	2	3	3
HOMSTM002788	34	14	2	3	2	2	2	4	2	3	2	2
HOMSTM002791	34	14	2	1	2	4	3	8	2	4	2	2
HOMSTM002792	34	14	2	4	1	2	3	7	2	1	2	2
HOMSTM002793	34	14	2	2	2	5	3	4	2	2	2	4
HOMSTM002795	34	14	2	2	1	4	2	5	2	3	2	2
HOMSTM002796	34	14	2	4	2	3	2	3	2	4	3	3
HOMSTM002797	34	14	2	4	2	3	2	4	2	3	2	2
HOMSTM002798	34	14	3	4	1	3	2	4	2	4	2	2
HOMSTM002799	34	14	2	2	2	2	2	6	1	2	1	4
HOMSTM002800	34	14	3	3	2	3	2	5	1	3	2	2
HOMSTM002801	34	14	1	1	4	5	2	3	2	6	3	3
HOMSTM002802	34	14	2	3	2	3	2	3	2	3	2	3
HOMSTM002803	34	14	1	2	3	3	2	4	2	3	2	3
HOMSTM002804	34	14	2	4	1	2	3	4	2	1	3	2
HOMSTM002806	34	14	2	3	1	2	1	5	2	3	2	2
HOMSTM002808	34	14	2	2	3	2	1	2	1	5	1	1
HOMSTM002809	34	14	2	4	2	4	2	3	2	4	2	2
HOMSTM002810	34	14	1	3	1	2	5	4	1	5	1	1
HOMSTM002811	34	14	2	5	2	2	2	3	2	4	2	1
HOMSTM002815	34	14	2	4	2	3	2	4	2	3	2	2
HOMSTM002816	34	14	2	2	1	4	3	6	1	5	2	2
HOMSTM002819	34	14	1	2	1	2	3	9	2	2	2	2
HOMSTM002821	34	14	2	2	2	2	2	4	2	6	3	2
HOMSTM002822	34	14	3	2	2	4	2	4	2	1	3	2
HOMSTM002828	33	14	3	8	1	3	1	3	1	2	1	3
HOMSTM002829	33	14	2	2	2	2	6	3	2	2	2	2
HOMSTM002830	33	14	5	5	1	5	2	5	2	1	1	2
HOMSTM002831	33	14	1	2	2	2	5	3	2	4	1	1
HOMSTM002832	33	14	2	2	2	2	3	5	2	1	2	3
HOMSTM002833	33	14	1	1	3	3	3	3	3	1	2	5
HOMSTM002834	33	14	1	1	2	3	2	5	2	6	3	4
HOMSTM002835	33	14	1	1	1	2	3	4	2	2	2	1
HOMSTM002836	33	14	2	6	2	2	1	4	1	5	1	2
HOMSTM002837	33	14	2	3	2	2	4	4	2	2	3	2
HOMSTM002838	33	14	1	1	2	4	4	6	2	2	2	1
HOMSTM002839	33	14	1	1	1	4	1	4	1	2	5	1
HOMSTM002841	33	14	1	3	1	3	1	3	2	3	1	1
HOMSTM002842	33	14	2	3	1	5	5	3	2	2	2	3
HOMSTM002843	33	14	1	3	2	4	2	6	2	4	1	1
HOMSTM002844	33	14	2	4	1	3	1	4	3	3	1	4
HOMSTM002845	33	14	2	2	2	4	2	6	2	2	2	1
HOMSTM002846	33	14	3	4	1	2	5	5	2	1	2	2
HOMSTM002847	33	14	1	2	1	3	4	4	1	1	1	1
HOMSTM002848	33	14	1	5	1	2	2	2	1	6	1	5
HOMSTM002849	33	14	2	5	1	2	2	2	1	3	3	1
HOMSTM002850	33	14	2	3	2	2	3	3	1	4	2	3
HOMSTM002851	33	14	1	1	1	2	3	6	1	8	1	1
HOMSTM002852	33	14	2	4	3	2	1	2	1	2	1	5
HOMSTM002854	33	14	2	3	1	2	1	5	1	6	2	1
HOMSTM002855	33	14	2	2	3	2	2	3	2	3	2	3
HOMSTM002856	33	14	2	3	2	1	2	5	2	3	1	4
HOMSTM002857	33	14	1	1	2	2	4	4	1	2	2	3
HOMSTM002858	33	14	1	3	3	2	6	2	1	1	1	2
HOMSTM002859	33	14	1	2	1	2	4	3	2	2	3	4
HOMSTM002860	33	14	3	4	1	2	2	4	1	1	1	2
HOMSTM002861	33	14	1	1	2	1	5	2	2	1	9	1
HOMSTM002863	33	14	2	4	3	2	3	4	1	2	2	3
HOMSTM002864	33	14	3	2	4	3	1	2	1	4	3	2
HOMSTM002865	33	14	2	2	1	3	2	6	2	2	2	2
HOMSTM002868	33	14	3	5	1	2	1	2	1	2	1	2
HOMSTM002869	33	14	2	2	1	2	5	3	2	4	1	1
HOMSTM002870	33	14	2	3	2	2	2	5	2	2	1	3
HOMSTM002871	33	14	2	3	2	3	2	4	2	2	2	1
HOMSTM002872	33	14	4	4	1	3	2	2	1	2	2	1
HOMSTM002875	33	14	3	4	1	4	2	4	1	1	1	2
HOMSTM002876	33	14	1	1	2	8	2	6	1	1	1	1
HOMSTM002881	33	14	1	2	1	2	4	2	1	2	2	2
HOMSTM002883	33	14	1	2	1	3	5	5	2	2	3	2
HOMSTM002884	33	14	2	6	2	2	2	4	1	2	2	3
HOMSTM002885	33	14	2	5	1	2	2	5	1	2	1	2
HOMSTM002886	33	14	2	2	1	3	2	4	2	3	1	1
HOMSTM002887	33	14	2	2	2	3	2	3	3	2	3	3
HOMSTM002889	33	14	2	2	4	2	3	2	2	3	2	2
HOMSTM002890	33	14	2	2	1	3	1	3	2	2	3	2
HOMSTM002891	33	14	2	4	1	3	1	2	1	1	2	11
HOMSTM002892	33	14	1	3	3	4	2	8	2	3	1	2
HOMSTM002894	33	14	2	2	2	3	1	2	2	6	3	2
HOMSTM002895	33	14	3	3	1	4	5	2	1	4	1	3
HOMSTM002896	33	14	2	4	2	4	2	4	2	3	2	2
HOMSTM002897	33	14	1	2	1	3	3	4	1	5	2	2
HOMSTM002898	33	14	2	2	8	1	3	2	2	2	4	1
HOMSTM002899	33	14	2	2	1	3	7	5	1	2	2	1
HOMSTM002900	33	14	2	4	1	2	2	5	3	1	2	6
HOMSTM002901	33	14	2	1	2	2	1	6	2	2	1	1
HOMSTM002902	33	14	2	4	2	2	3	4	2	3	2	3
HOMSTM002903	33	14	2	2	1	3	3	4	4	2	4	2
HOMSTM002904	33	14	2	5	1	2	2	4	2	5	1	1
HOMSTM002905	33	14	1	1	2	3	1	3	2	5	2	3
HOMSTM002906	33	14	1	2	2	2	2	4	2	1	1	7
HOMSTM002907	33	14	1	2	2	4	3	4	2	3	1	2
HOMSTM002909	33	14	1	1	2	3	2	4	2	2	2	3
HOMSTM002916	32	14	2	4	1	3	3	5	1	1	2	2
HOMSTM002917	32	14	3	3	3	3	1	2	2	4	2	1
HOMSTM002919	32	14	2	4	3	4	2	3	2	1	2	2
HOMSTM002920	32	14	1	1	1	2	2	3	1	4	1	1
HOMSTM002921	32	14	2	3	1	2	2	4	1	2	2	2
HOMSTM002922	32	14	2	3	1	4	4	4	1	1	6	1
HOMSTM002923	32	14	2	2	1	3	2	4	1	4	5	3
HOMSTM002924	32	14	1	1	1	4	7	8	1	1	1	1
HOMSTM002926	32	14	3	4	2	4	2	4	1	3	2	2
HOMSTM002927	32	14	3	4	1	2	1	2	2	1	2	3
HOMSTM002928	32	14	2	2	2	2	2	4	2	2	2	4
HOMSTM002929	32	14	3	4	2	2	2	5	1	3	1	2
HOMSTM002930	32	14	2	5	3	1	4	3	1	2	3	3
HOMSTM002932	32	14	1	4	1	3	4	2	1	5	2	2
HOMSTM002933	32	14	1	3	5	3	1	3	1	2	2	2
HOMSTM002934	32	14	2	2	7	2	4	1	2	3	1	1
HOMSTM002935	32	14	1	2	3	2	1	4	2	3	2	3
HOMSTM002936	32	14	1	2	6	2	2	3	4	4	1	2
HOMSTM002937	32	14	2	2	2	3	2	3	2	3	2	2
HOMSTM002938	32	14	2	5	2	2	3	3	2	3	2	1
HOMSTM002940	32	14	2	6	2	3	2	3	1	5	2	1
HOMSTM002941	32	14	1	3	2	4	2	2	2	4	2	2
HOMSTM002943	32	14	2	3	1	1	3	6	1	4	1	3
HOMSTM002944	32	14	2	2	2	2	2	3	2	3	2	2
HOMSTM002946	32	14	3	4	1	2	2	7	2	4	1	1
HOMSTM002947	32	14	1	2	1	1	4	5	1	3	2	1
HOMSTM002950	32	14	2	2	4	2	3	3	2	2	2	2
HOMSTM002952	32	14	3	4	1	3	3	5	1	3	2	2
HOMSTM002953	32	14	1	1	3	1	8	3	2	2	1	1
HOMSTM002954	32	14	2	3	1	4	2	4	2	2	2	1
HOMSTM002956	32	14	2	4	1	5	2	5	1	1	2	1
HOMSTM002957	32	14	2	3	2	2	3	5	1	1	1	2
HOMSTM002958	32	14	4	2	4	1	2	4	1	2	2	2
HOMSTM002959	32	14	2	9	1	2	2	2	1	4	1	3
HOMSTM002960	32	14	3	3	2	3	2	4	3	1	2	2
HOMSTM002961	32	14	1	1	4	3	1	3	1	1	1	3
HOMSTM002962	32	14	2	3	2	4	3	3	2	2	3	2
HOMSTM002963	32	14	2	1	1	3	1	9	1	3	1	1
HOMSTM002964	32	14	1	2	1	2	1	3	1	7	1	2
HOMSTM002966	32	14	1	1	3	2	3	4	2	4	2	2
HOMSTM002968	32	14	1	1	2	2	3	3	3	2	4	2
HOMSTM002969	32	14	1	1	1	3	7	1	2	5	1	6
HOMSTM002970	32	14	2	2	1	4	3	4	2	3	2	2
HOMSTM002971	32	14	1	1	4	1	1	2	2	3	3	7
HOMSTM002973	32	14	2	3	2	1	2	4	2	4	3	2
HOMSTM002974	32	14	2	2	3	2	2	3	2	4	2	3
HOMSTM002975	32	14	2	5	1	3	1	2	1	2	5	2
HOMSTM002976	32	14	1	2	2	2	2	4	2	5	2	2
HOMSTM002977	32	14	1	2	1	1	7	4	3	3	1	1
HOMSTM002978	32	14	3	5	1	2	2	2	1	1	1	2
HOMSTM002979	32	14	2	1	2	2	3	3	2	4	2	3
HOMSTM002982	32	14	2	5	1	4	3	4	2	4	1	2
HOMSTM002983	32	14	2	3	1	5	2	3	2	3	2	2
HOMSTM002984	32	14	2	2	2	4	3	4	2	3	2	2
HOMSTM002985	32	14	2	3	2	2	2	4	2	2	3	2
HOMSTM002986	32	14	2	3	1	5	2	3	2	1	2	3
HOMSTM002987	32	14	2	2	1	2	2	4	1	2	1	1
HOMSTM002988	32	14	2	3	2	5	2	2	1	4	1	2
HOMSTM002989	32	14	2	4	1	2	4	5	1	5	1	2
HOMSTM002991	32	14	2	2	2	3	2	5	2	2	2	2
HOMSTM002992	32	14	2	3	1	3	4	5	1	1	2	3
HOMSTM002993	32	14	1	4	2	1	1	4	1	3	2	1
HOMSTM002995	32	14	1	2	1	3	1	2	1	4	1	2
HOMSTM002996	32	14	3	4	1	4	3	4	1	1	2	1
HOMSTM002998	32	14	2	3	2	4	1	4	1	2	1	2
HOMSTM003002	32	14	2	2	1	2	2	4	1	4	2	1
HOMSTM003003	32	14	3	2	1	2	6	3	1	5	2	1
HOMSTM003004	32	14	1	1	2	3	2	4	2	3	1	2
HOMSTM003013	31	14	1	1	1	9	1	2	2	2	1	6
HOMSTM003014	31	14	3	3	2	3	2	4	2	2	2	2
HOMSTM003018	31	14	2	6	1	2	3	2	1	3	3	3
HOMSTM003019	31	14	1	5	1	4	2	2	1	1	1	2
HOMSTM003020	31	14	2	2	1	4	2	3	2	3	2	2
HOMSTM003022	31	14	3	4	2	2	1	2	1	3	2	2
HOMSTM003023	31	14	1	2	2	3	5	4	1	2	1	1
HOMSTM003027	31	14	2	4	1	3	2	4	2	2	2	1
HOMSTM003030	31	14	2	2	1	4	6	4	2	1	1	4
HOMSTM003035	31	14	2	4	1	3	2	3	2	3	2	2
HOMSTM003036	31	14	1	2	2	3	3	6	3	1	2	2
HOMSTM003037	31	14	1	2	1	2	2	9	1	4	2	1
HOMSTM003039	31	14	2	5	1	2	2	2	1	1	1	2
HOMSTM003041	31	14	2	3	2	4	1	5	2	4	2	2
HOMSTM003042	31	14	1	1	1	4	2	4	1	4	2	2
HOMSTM003043	31	14	1	3	1	2	5	4	2	3	1	4
HOMSTM003045	31	14	2	2	2	3	2	3	2	3	2	2
HOMSTM003047	31	14	2	2	2	2	2	3	2	3	2	2
HOMSTM003050	31	14	3	2	1	3	2	5	1	1	1	4
HOMSTM003051	31	14	2	5	2	2	4	3	1	1	1	1
HOMSTM003052	31	14	2	2	1	3	3	3	1	3	1	1
HOMSTM003053	31	14	1	2	1	4	2	4	1	2	1	1
HOMSTM003055	31	14	4	3	1	3	3	4	1	1	1	2
HOMSTM003056	31	14	2	1	1	2	1	2	1	2	2	4
HOMSTM003059	31	14	2	2	2	4	2	4	1	4	2	1
HOMSTM003060	31	14	2	3	1	3	2	4	4	2	2	3
HOMSTM003061	31	14	4	5	1	1	1	4	1	2	1	2
HOMSTM003062	31	14	2	2	3	3	2	4	2	2	2	2
HOMSTM003063	31	14	1	1	2	3	5	3	1	4	1	2
HOMSTM003064	31	14	2	4	1	6	1	6	1	2	1	2
HOMSTM003065	31	14	1	2	1	1	2	5	2	2	2	2
HOMSTM003066	31	14	2	4	1	3	3	3	4	3	1	1
HOMSTM003067	31	14	1	2	2	3	2	4	2	3	2	2
HOMSTM003068	31	14	1	1	1	4	4	3	3	3	1	1
HOMSTM003069	31	14	2	1	2	4	2	3	2	7	1	1
HOMSTM003070	31	14	2	2	1	2	1	5	2	4	2	1
HOMSTM003071	31	14	2	5	1	4	3	5	1	2	1	1
HOMSTM003072	31	14	3	2	1	2	3	7	1	4	1	2
HOMSTM003073	31	14	4	6	1	2	3	4	1	2	1	2
HOMSTM003076	31	14	2	6	1	2	2	7	1	1	1	2
HOMSTM003077	31	14	3	3	1	4	1	7	2	3	1	1
HOMSTM003078	31	14	2	3	2	2	3	2	3	3	2	1
HOMSTM003080	31	14	1	2	1	3	4	5	2	3	1	1
HOMSTM003082	31	14	1	4	1	1	4	5	2	3	1	2
HOMSTM003088	31	14	2	3	1	2	2	5	2	1	1	2
HOMSTM003089	31	14	2	4	1	2	2	4	1	5	1	2
HOMSTM003090	31	14	2	2	2	4	2	4	1	2	2	1
HOMSTM003091	31	14	1	2	3	3	2	2	3	1	2	2
HOMSTM003093	31	14	1	3	1	5	3	4	1	1	2	1
HOMSTM003096	31	14	3	3	2	3	2	3	2	3	2	1
HOMSTM003097	31	14	3	3	1	6	1	5	3	1	2	2
HOMSTM003098	31	14	1	1	2	2	1	10	1	4	4	1
HOMSTM003099	31	14	3	5	1	2	2	4	1	2	2	2
HOMSTM003100	31	14	3	5	1	3	1	5	1	2	1	1
HOMSTM003101	31	14	2	5	1	2	1	5	1	3	2	2
HOMSTM003102	31	14	2	3	1	2	2	3	1	2	1	1
HOMSTM003103	31	14	2	2	1	2	3	5	3	2	1	1
HOMSTM003104	31	14	1	2	1	3	5	4	1	1	1	1
HOMSTM003105	31	14	2	2	1	3	2	4	2	3	2	3
HOMSTM003107	31	14	2	2	3	2	2	4	3	1	5	1
HOMSTM003111	31	14	3	5	2	2	3	2	2	3	1	2
HOMSTM003112	31	14	1	3	1	5	2	7	1	2	2	1
HOMSTM003113	31	14	1	2	1	1	1	2	1	6	10	1
HOMSTM003114	31	14	2	3	2	4	3	2	1	2	1	2
HOMSTM003115	31	14	1	1	5	2	1	2	3	3	1	1
HOMSTM003116	31	14	1	1	1	2	1	3	2	9	1	2
HOMSTM003117	31	14	1	2	3	2	1	5	1	2	3	1
HOMSTM003118	31	14	1	3	2	3	4	4	2	1	2	4
HOMSTM003119	31	14	1	2	1	2	6	6	1	5	1	1
HOMSTM003120	31	14	1	1	2	2	2	10	2	1	5	1
HOMSTM003121	31	14	1	1	7	2	1	5	1	2	2	3
HOMSTM003128	30	14	1	2	2	3	4	6	1	2	2	2
HOMSTM003130	30	14	4	10	1	2	1	1	1	2	2	1
HOMSTM003131	30	14	1	3	1	2	9	2	1	4	1	1
HOMSTM003134	30	14	2	4	1	3	2	4	1	3	1	2
HOMSTM003135	30	14	1	2	2	2	3	3	1	1	2	1
HOMSTM003138	30	14	1	1	1	2	2	1	1	4	1	1
HOMSTM003139	30	14	2	3	2	2	3	3	2	1	2	2
HOMSTM003140	30	14	1	1	2	2	2	5	2	1	2	2
HOMSTM003141	30	14	2	2	2	2	2	5	2	2	2	2
HOMSTM003142	30	14	1	1	2	6	1	3	1	1	2	1
HOMSTM003145	30	14	1	2	2	2	2	4	2	2	2	2
HOMSTM003146	30	14	1	2	3	1	1	4	4	1	1	3
HOMSTM003147	30	14	2	2	1	2	3	4	2	2	1	1
HOMSTM003148	30	14	1	2	1	3	9	4	1	2	2	1
HOMSTM003149	30	14	1	1	3	2	4	4	2	1	2	2
HOMSTM003150	30	14	1	2	1	2	4	5	3	3	2	1
HOMSTM003153	30	14	2	6	1	2	2	5	1	2	1	2
HOMSTM003154	30	14	1	2	3	1	1	4	4	1	3	4
HOMSTM003155	30	14	1	2	1	2	3	5	1	2	1	4
HOMSTM003158	30	14	2	5	1	2	1	2	2	2	3	2
HOMSTM003159	30	14	2	2	1	2	1	3	1	1	1	1
HOMSTM003161	30	14	2	3	2	2	2	3	1	1	2	1
HOMSTM003162	30	14	2	1	3	2	2	3	1	1	2	3
HOMSTM003163	30	14	1	2	2	3	2	4	1	2	2	2
HOMSTM003164	30	14	6	2	1	2	1	3	1	1	1	1
HOMSTM003165	30	14	2	2	1	3	2	3	1	3	4	2
HOMSTM003166	30	14	2	4	1	2	2	2	2	2	1	3
HOMSTM003170	30	14	3	2	2	2	2	2	2	3	2	2
HOMSTM003171	30	14	1	1	1	1	1	3	3	4	4	2
HOMSTM003172	30	14	3	3	1	3	2	1	2	4	1	6
HOMSTM003173	30	14	2	4	1	4	2	5	1	1	1	2
HOMSTM003175	30	14	2	3	1	4	1	2	1	3	1	2
HOMSTM003176	30	14	2	2	1	5	1	2	1	4	1	1
HOMSTM003177	30	14	1	2	1	5	2	10	1	2	1	1
HOMSTM003178	30	14	1	3	1	2	1	3	1	6	1	1
HOMSTM003179	30	14	2	1	1	2	3	5	1	3	1	2
HOMSTM003180	30	14	3	2	4	2	2	3	2	3	2	2
HOMSTM003181	30	14	1	2	3	4	3	3	1	3	3	1
HOMSTM003182	30	14	1	1	1	2	3	4	1	2	1	2
HOMSTM003183	30	14	2	4	1	2	3	4	1	1	1	1
HOMSTM003184	30	14	2	4	2	2	2	4	1	2	2	2
HOMSTM003185	30	14	5	4	1	2	4	3	1	1	1	1
HOMSTM003187	30	14	1	3	3	3	1	2	2	6	1	1
HOMSTM003188	30	14	1	2	1	2	2	4	1	2	1	1
HOMSTM003189	30	14	1	2	1	2	3	4	1	2	1	2
HOMSTM003190	30	14	1	2	1	3	1	2	2	4	2	2
HOMSTM003193	30	14	1	2	1	2	1	1	5	2	1	2
HOMSTM003194	30	14	1	2	1	3	2	8	1	2	2	2
HOMSTM003196	30	14	2	2	2	3	3	5	1	2	1	1
HOMSTM003198	30	14	1	2	1	3	2	4	2	5	1	2
HOMSTM003199	30	14	1	4	1	2	4	3	5	1	1	2
HOMSTM003200	30	14	2	1	1	2	3	3	3	2	4	3
HOMSTM003201	30	14	2	2	1	2	1	2	1	1	1	1
HOMSTM003202	30	14	1	2	2	4	3	5	2	2	1	2
HOMSTM003204	30	14	2	4	1	2	6	3	1	1	1	2
HOMSTM003206	30	14	1	2	1	3	4	5	2	3	1	2
HOMSTM003207	30	14	2	4	1	2	2	4	1	1	1	3
HOMSTM003208	30	14	3	4	4	2	2	2	1	2	1	4
HOMSTM003209	30	14	1	1	2	3	2	5	1	4	2	2
HOMSTM003210	30	14	1	2	2	5	1	3	2	3	2	2
HOMSTM003212	30	14	2	4	2	3	2	2	1	4	2	3
HOMSTM003213	30	14	2	3	2	4	2	6	2	1	1	2
HOMSTM003214	30	14	2	3	1	5	2	2	1	5	1	1
HOMSTM003216	30	14	1	2	1	3	1	2	1	3	1	2
HOMSTM003217	30	14	2	2	3	3	2	4	2	1	1	2
HOMSTM003221	30	14	1	2	2	2	3	2	1	2	3	1
HOMSTM003222	30	14	1	2	1	2	4	3	1	4	7	1
HOMSTM003224	30	14	1	2	1	2	1	5	1	4	1	7
HOMSTM003225	30	14	2	2	1	2	2	10	2	1	1	2
HOMSTM003226	30	14	3	4	1	3	1	2	2	2	1	1
HOMSTM003227	30	14	2	2	2	2	2	3	2	2	2	2
HOMSTM003228	30	14	2	2	1	8	1	4	2	3	1	1
HOMSTM003229	30	14	2	2	1	2	2	4	1	4	3	1
HOMSTM003230	30	14	2	3	1	2	1	2	2	3	1	1
HOMSTM003231	30	14	2	6	1	1	2	4	1	1	1	2
HOMSTM003232	30	14	1	2	1	2	1	4	1	4	2	1
HOMSTM003233	30	14	1	2	1	2	1	4	1	3	2	2
HOMSTM003234	30	14	1	2	1	2	1	5	1	2	1	1
HOMSTM003235	30	14	1	2	2	4	2	6	2	2	3	1
HOMSTM003236	30	14	1	2	2	1	2	2	1	7	1	1
HOMSTM003237	30	14	2	2	2	3	1	3	2	2	3	2
HOMSTM003239	30	14	2	5	3	2	1	3	1	2	1	4
HOMSTM003240	30	14	1	1	3	2	2	7	3	3	1	3
HOMSTM003244	29	14	2	3	1	3	3	4	1	1	2	1
HOMSTM003245	29	14	2	5	1	5	1	2	1	2	2	2
HOMSTM003246	29	14	3	4	3	3	2	2	1	1	1	3
HOMSTM003248	29	14	2	2	1	7	1	2	1	2	3	2
HOMSTM003249	29	14	1	2	1	2	1	3	1	3	1	2
HOMSTM003250	29	14	1	1	2	3	4	4	1	3	2	2
HOMSTM003252	29	14	2	1	1	1	2	4	1	2	3	2
HOMSTM003254	29	14	1	1	1	2	1	4	1	2	1	1
HOMSTM003255	29	14	2	5	1	2	2	4	1	2	1	2
HOMSTM003256	29	14	2	3	1	1	1	4	1	4	1	2
HOMSTM003258	29	14	3	5	1	1	6	2	1	2	1	1
HOMSTM003261	29	14	2	2	2	3	1	5	1	1	3	1
HOMSTM003263	29	14	1	3	1	2	1	3	2	4	2	2
HOMSTM003264	29	14	2	3	2	1	1	4	1	2	2	4
HOMSTM003265	29	14	3	2	4	2	1	1	2	7	1	1
HOMSTM003266	29	14	1	3	1	2	1	4	1	2	1	1
HOMSTM003267	29	14	2	2	1	2	2	2	2	2	3	3
HOMSTM003269	29	14	1	2	1	2	2	4	1	4	1	2
HOMSTM003270	29	14	1	1	2	2	2	2	1	5	2	2
HOMSTM003271	29	14	1	1	1	2	4	3	1	3	1	1
HOMSTM003273	29	14	1	1	1	1	4	2	9	1	1	1
HOMSTM003274	29	14	2	2	3	3	5	5	1	1	1	2
HOMSTM003275	29	14	2	1	1	2	3	6	1	2	1	3
HOMSTM003276	29	14	2	3	1	3	2	4	2	1	2	3
HOMSTM003277	29	14	1	2	2	2	3	6	1	3	1	1
HOMSTM003279	29	14	1	2	1	1	2	3	1	4	2	2
HOMSTM003281	29	14	2	1	2	3	1	1	2	1	2	4
HOMSTM003282	29	14	3	1	2	1	2	3	2	3	7	1
HOMSTM003283	29	14	1	2	1	4	8	2	1	3	1	1
HOMSTM003284	29	14	1	1	2	4	1	1	3	3	3	2
HOMSTM003287	29	14	2	6	2	2	3	2	1	3	1	1
HOMSTM003288	29	14	1	3	1	1	3	4	1	1	2	3
HOMSTM003292	29	14	2	4	1	1	1	3	1	4	2	2
HOMSTM003294	29	14	1	1	1	7	1	2	1	4	1	1
HOMSTM003295	29	14	3	6	1	3	1	2	2	1	1	2
HOMSTM003296	29	14	2	3	1	4	3	3	1	2	1	2
HOMSTM003298	29	14	2	1	1	3	2	4	2	2	2	2
HOMSTM003299	29	14	1	1	1	1	1	3	2	11	1	2
HOMSTM003300	29	14	1	1	1	3	6	3	1	6	1	1
HOMSTM003301	29	14	1	2	1	2	2	2	1	2	1	4
HOMSTM003302	29	14	1	2	2	3	6	4	4	1	1	1
HOMSTM003303	29	14	2	1	2	2	2	4	1	3	2	3
HOMSTM003304	29	14	3	2	1	3	4	3	1	1	1	1
HOMSTM003305	29	14	1	3	2	3	2	6	1	3	3	1
HOMSTM003306	29	14	3	2	1	1	1	2	1	2	2	1
HOMSTM003307	29	14	1	2	1	3	3	6	2	2	2	2
HOMSTM003308	29	14	2	1	1	3	3	4	2	3	2	2
HOMSTM003309	29	14	2	5	2	2	2	4	1	1	2	2
HOMSTM003311	29	14	1	1	2	2	3	4	1	2	3	3
HOMSTM003312	29	14	3	3	1	2	1	2	1	2	1	1
HOMSTM003313	29	14	3	5	1	2	3	4	1	2	2	2
HOMSTM003314	29	14	2	1	2	1	4	8	1	1	1	2
HOMSTM003317	29	14	1	2	1	2	2	4	1	1	1	1
HOMSTM003318	29	14	2	2	2	2	2	7	2	2	1	2
HOMSTM003319	29	14	3	5	2	2	3	2	1	2	4	1
HOMSTM003321	29	14	2	3	1	2	1	2	2	2	1	5
HOMSTM003322	29	14	2	4	2	1	1	2	1	2	1	1
HOMSTM003323	29	14	1	2	2	1	3	5	1	4	1	1
HOMSTM003324	29	14	2	3	1	2	3	2	1	2	2	2
HOMSTM003325	29	14	3	3	1	2	2	4	1	1	1	2
HOMSTM003327	29	14	1	2	3	3	1	2	1	2	2	3
HOMSTM003328	29	14	1	3	2	1	1	2	1	7	4	1
HOMSTM003331	29	14	1	2	1	5	2	4	1	1	2	1
HOMSTM003333	29	14	1	2	1	9	1	2	1	3	1	1
HOMSTM003334	29	14	1	2	2	2	1	2	1	3	2	1
HOMSTM003335	29	14	1	2	1	4	2	2	1	3	2	1
HOMSTM003336	29	14	2	4	2	1	5	5	1	1	1	1
HOMSTM003337	29	14	2	1	2	2	3	4	3	3	2	2
HOMSTM003338	29	14	1	2	1	1	1	2	1	3	1	2
HOMSTM003339	29	14	2	3	2	2	2	4	2	2	2	2
HOMSTM003340	29	14	2	2	1	2	2	4	1	3	1	2
HOMSTM003341	29	14	2	4	1	3	1	2	1	2	2	3
HOMSTM003342	29	14	2	4	2	2	2	4	1	2	1	1
HOMSTM003343	29	14	1	2	3	2	2	4	2	2	2	2
HOMSTM003346	29	14	1	2	1	2	2	6	1	2	5	1
HOMSTM003348	29	14	1	2	1	1	2	3	1	7	2	2
HOMSTM003352	29	14	1	2	1	2	3	2	2	8	1	1
HOMSTM003353	29	14	1	2	1	2	5	3	1	2	2	2
HOMSTM003355	29	14	1	2	2	4	1	4	2	1	3	1
HOMSTM003356	29	14	1	4	3	3	1	2	3	3	1	2
HOMSTM003362	28	14	1	2	1	3	1	4	3	2	2	2
HOMSTM003363	28	14	1	2	2	2	1	2	1	10	1	1
HOMSTM003365	28	14	1	2	2	1	6	3	2	1	1	2
HOMSTM003366	28	14	1	4	1	2	1	4	1	5	2	2
HOMSTM003368	28	14	1	2	1	2	2	4	1	3	1	1
HOMSTM003369	28	14	1	1	2	3	4	3	2	4	1	2
HOMSTM003371	28	14	1	2	2	1	2	4	1	2	3	1
HOMSTM003372	28	14	3	3	1	5	3	3	1	3	1	1
HOMSTM003373	28	14	2	1	2	1	1	5	3	2	1	4
HOMSTM003374	28	14	1	3	1	3	2	2	1	5	1	1
HOMSTM003375	28	14	1	1	1	7	3	2	3	1	1	1
HOMSTM003378	28	14	2	2	2	3	2	2	2	2	2	2
HOMSTM003379	28	14	2	1	2	3	2	4	1	2	2	2
HOMSTM003380	28	14	2	2	1	2	1	5	1	4	4	2
HOMSTM003381	28	14	3	5	1	2	2	4	2	2	1	1
HOMSTM003382	28	14	1	1	1	2	1	2	1	3	1	1
HOMSTM003383	28	14	1	2	1	3	5	2	2	2	1	1
HOMSTM003384	28	14	2	3	1	2	2	4	2	4	2	1
HOMSTM003388	28	14	2	3	1	1	2	2	1	3	1	1
HOMSTM003389	28	14	3	5	1	3	1	4	1	3	1	2
HOMSTM003391	28	14	1	2	1	1	3	5	1	1	3	2
HOMSTM003392	28	14	2	3	1	2	2	4	1	2	1	2
HOMSTM003393	28	14	1	1	1	2	2	3	1	4	1	1
HOMSTM003394	28	14	2	3	1	1	1	5	3	2	1	1
HOMSTM003395	28	14	1	2	2	2	1	2	1	5	3	1
HOMSTM003397	28	14	1	2	1	2	5	4	2	2	2	2
HOMSTM003398	28	14	1	1	3	2	2	5	1	2	1	1
HOMSTM003399	28	14	2	3	2	3	1	3	1	1	2	2
HOMSTM003400	28	14	3	3	4	4	1	2	1	2	2	1
HOMSTM003401	28	14	2	3	1	2	3	4	1	3	1	2
HOMSTM003402	28	14	1	1	3	3	5	4	2	2	1	1
HOMSTM003405	28	14	2	2	1	4	1	2	1	2	2	4
HOMSTM003407	28	14	5	3	2	2	1	3	1	4	1	1
HOMSTM003408	28	14	2	2	1	2	2	2	1	2	1	1
HOMSTM003409	28	14	2	2	2	3	1	5	1	3	1	1
HOMSTM003411	28	14	2	1	2	2	1	5	2	3	2	1
HOMSTM003413	28	14	2	3	2	2	2	3	2	1	2	2
HOMSTM003415	28	14	3	3	2	4	2	2	1	2	1	1
HOMSTM003418	28	14	2	3	1	3	2	2	1	1	1	3
HOMSTM003419	28	14	2	2	2	2	2	3	2	2	2	2
HOMSTM003420	28	14	2	3	2	2	2	2	1	1	2	3
HOMSTM003421	28	14	2	3	1	2	1	4	1	2	1	3
HOMSTM003422	28	14	4	3	1	1	1	8	1	2	1	2
HOMSTM003424	28	14	2	3	1	2	2	4	1	3	1	1
HOMSTM003425	28	14	2	2	2	2	2	2	1	3	2	2
HOMSTM003426	28	14	1	2	3	2	1	4	2	3	1	3
HOMSTM003427	28	14	2	4	1	2	1	3	1	1	1	1
HOMSTM003428	28	14	1	1	1	2	1	3	2	2	4	2
HOMSTM003429	28	14	3	2	2	2	1	6	5	1	1	1
HOMSTM003430	28	14	1	2	5	2	1	2	1	2	3	1
HOMSTM003431	28	14	1	1	2	1	1	5	2	3	1	2
HOMSTM003432	28	14	1	1	2	2	1	2	3	4	1	3
HOMSTM003433	28	14	2	4	1	2	2	4	1	1	3	1
HOMSTM003436	28	14	2	3	1	2	1	2	1	2	1	2
HOMSTM003437	28	14	2	3	2	2	5	3	1	3	1	1
HOMSTM003438	28	14	3	4	1	4	1	2	1	2	1	2
HOMSTM003441	28	14	2	2	1	2	1	2	2	5	2	3
HOMSTM003443	28	14	2	5	1	1	5	2	1	1	1	2
HOMSTM003446	28	14	1	3	7	1	1	2	1	3	1	1
HOMSTM003447	28	14	1	2	2	2	2	3	1	4	5	1
HOMSTM003448	28	14	2	2	3	4	1	4	1	2	2	1
HOMSTM003449	28	14	2	5	1	2	2	4	1	3	1	2
HOMSTM003450	28	14	1	2	1	3	2	4	2	2	1	2
HOMSTM003451	28	14	2	5	1	1	1	5	1	2	1	2
HOMSTM003452	28	14	1	2	1	3	3	3	2	3	2	1
HOMSTM003454	28	14	4	2	2	2	1	2	1	2	5	2
HOMSTM003456	28	14	2	2	1	2	2	4	1	2	1	1
HOMSTM003457	28	14	2	1	2	2	3	3	1	2	1	1
HOMSTM003458	28	14	2	4	1	2	2	5	1	2	1	3
HOMSTM003459	28	14	1	1	1	2	1	2	2	2	2	2
HOMSTM003460	28	14	2	1	1	2	1	3	1	8	1	2
HOMSTM003461	28	14	1	3	1	1	2	3	1	7	2	1
HOMSTM003463	28	14	2	5	1	2	3	2	1	2	1	1
HOMSTM003465	28	14	2	2	2	1	2	2	1	3	1	2
HOMSTM003468	28	14	2	7	1	3	3	2	1	2	1	2
HOMSTM003470	28	14	1	3	2	2	4	4	1	1	1	2
HOMSTM003471	28	14	1	2	2	3	4	3	1	5	1	1
HOMSTM003472	28	14	2	4	1	4	1	2	1	4	1	1
HOMSTM003473	28	14	2	2	2	2	2	3	2	1	2	3
HOMSTM003474	28	14	2	2	1	2	2	5	1	5	2	1
HOMSTM003475	28	14	2	3	2	2	2	3	2	3	2	2
HOMSTM003476	28	14	1	3	1	2	2	2	1	6	1	1
HOMSTM003478	28	14	1	1	1	1	1	9	2	3	4	1
HOMSTM003479	28	14	1	2	2	4	1	4	1	3	2	1
HOMSTM003481	28	14	2	2	1	2	3	4	2	1	2	2
HOMSTM003485	28	14	1	2	1	1	3	4	1	4	1	2
HOMSTM003490	28	14	1	1	1	2	2	2	1	5	5	2
HOMSTM003491	28	14	1	1	1	1	2	2	2	1	5	1
HOMSTM003492	28	14	1	2	1	1	2	2	2	2	6	1
HOMSTM003493	28	14	1	2	1	1	1	2	1	2	12	1
HOMSTM003494	28	14	1	1	2	2	3	4	1	3	6	1
HOMSTM003495	28	14	2	3	2	2	1	1	2	3	2	1
HOMSTM003496	28	14	1	2	1	1	3	6	1	4	2	1
HOMSTM003497	28	14	1	2	2	3	1	4	2	6	2	1
HOMSTM003498	28	14	1	2	1	2	3	4	2	2	1	1
HOMSTM003499	28	14	1	2	1	3	2	2	2	1	1	3
HOMSTM003500	28	14	2	3	1	2	1	2	2	4	2	2
HOMSTM003501	28	14	1	1	1	3	7	2	1	4	1	1
HOMSTM003502	28	14	1	2	2	2	2	4	1	3	4	1
HOMSTM003506	27	14	2	3	1	2	2	4	1	2	1	1
HOMSTM003507	27	14	2	2	1	2	1	1	2	4	3	2
HOMSTM003508	27	14	2	3	1	3	1	2	1	4	1	1
HOMSTM003510	27	14	3	3	1	2	2	2	1	1	2	3
HOMSTM003512	27	14	2	3	1	2	2	1	1	3	1	2
HOMSTM003513	27	14	2	3	2	2	1	2	1	2	1	1
HOMSTM003514	27	14	2	2	2	2	2	4	1	2	1	1
HOMSTM003515	27	14	2	5	1	4	1	2	2	2	2	2
HOMSTM003516	27	14	2	4	2	2	1	2	4	2	1	2
HOMSTM003517	27	14	2	6	1	2	1	2	1	2	1	1
HOMSTM003518	27	14	1	4	4	2	1	3	2	2	1	1
HOMSTM003520	27	14	1	3	2	3	2	4	1	5	1	1
HOMSTM003521	27	14	1	2	1	2	2	4	1	2	2	2
HOMSTM003522	27	14	2	3	3	2	2	2	2	1	1	1
HOMSTM003524	27	14	2	4	1	2	1	3	1	3	1	1
HOMSTM003525	27	14	1	2	3	1	2	2	1	1	2	2
HOMSTM003527	27	14	1	2	3	2	1	2	1	5	1	2
HOMSTM003529	27	14	1	1	2	2	2	2	2	2	1	3
HOMSTM003530	27	14	2	3	1	2	1	2	1	2	2	2
HOMSTM003534	27	14	1	4	1	7	1	2	1	2	1	1
HOMSTM003537	27	14	1	1	3	2	2	5	2	2	3	1
HOMSTM003538	27	14	1	2	1	2	2	5	1	2	1	2
HOMSTM003540	27	14	1	2	2	1	2	3	1	5	2	2
HOMSTM003541	27	14	1	1	1	2	1	6	1	4	3	1
HOMSTM003542	27	14	1	3	1	3	3	4	1	4	1	1
HOMSTM003543	27	14	2	4	1	2	2	2	2	1	3	2
HOMSTM003544	27	14	1	1	1	1	5	4	3	1	2	2
HOMSTM003545	27	14	1	3	1	2	1	2	1	5	4	2
HOMSTM003546	27	14	3	5	1	2	1	3	2	3	1	1
HOMSTM003550	27	14	2	1	2	2	2	2	2	2	1	2
HOMSTM003552	27	14	2	4	1	2	2	3	2	2	1	3
HOMSTM003553	27	14	1	1	1	3	1	3	1	1	1	1
HOMSTM003554	27	14	1	1	3	2	1	2	6	2	1	1
HOMSTM003558	27	14	1	2	1	3	2	4	1	5	2	1
HOMSTM003559	27	14	1	1	2	1	1	2	1	1	1	1
HOMSTM003560	27	14	3	3	1	2	2	3	1	3	1	1
HOMSTM003561	27	14	2	2	2	2	2	4	1	3	1	3
HOMSTM003562	27	14	1	3	1	2	2	2	2	3	2	1
HOMSTM003563	27	14	1	1	5	2	3	4	3	2	1	1
HOMSTM003565	27	14	2	3	2	2	3	4	2	1	2	1
HOMSTM003566	27	14	1	3	1	3	4	4	1	2	1	2
HOMSTM003567	27	14	1	1	1	1	2	3	1	2	2	3
HOMSTM003568	27	14	2	4	1	2	1	2	1	7	1	1
HOMSTM003570	27	14	1	2	1	1	1	2	1	4	1	1
HOMSTM003571	27	14	3	3	1	2	2	2	2	4	1	2
HOMSTM003572	27	14	2	4	2	2	2	2	1	2	2	2
HOMSTM003573	27	14	1	3	2	1	3	2	1	5	1	1
HOMSTM003574	27	14	1	1	1	2	4	4	1	1	1	2
HOMSTM003575	27	14	2	2	2	2	1	2	2	2	1	1
HOMSTM003576	27	14	1	2	3	1	2	2	2	3	1	1
HOMSTM003577	27	14	2	2	2	2	2	4	1	2	3	2
HOMSTM003578	27	14	2	2	1	3	2	5	1	3	1	2
HOMSTM003579	27	14	2	1	2	3	3	1	4	1	2	3
HOMSTM003580	27	14	2	4	3	2	1	3	1	2	2	1
HOMSTM003581	27	14	3	1	3	3	2	3	1	3	2	1
HOMSTM003584	27	14	1	5	1	2	3	4	1	3	1	2
HOMSTM003585	27	14	2	2	1	2	2	4	2	1	2	1
HOMSTM003586	27	14	2	2	1	2	1	2	1	2	1	2
HOMSTM003587	27	14	1	1	1	3	2	2	3	3	2	1
HOMSTM003589	27	14	2	3	3	2	1	2	4	2	1	1
HOMSTM003590	27	14	1	2	1	2	1	3	1	3	1	1
HOMSTM003591	27	14	2	3	1	3	1	3	2	1	1	3
HOMSTM003592	27	14	3	6	3	2	1	2	1	2	1	1
HOMSTM003593	27	14	1	2	1	6	2	4	1	3	1	1
HOMSTM003594	27	14	1	2	1	2	1	4	1	1	1	2
HOMSTM003595	27	14	1	1	1	1	2	2	3	2	2	4
HOMSTM003596	27	14	2	2	1	2	2	2	2	3	2	1
HOMSTM003597	27	14	2	3	1	2	1	4	2	2	2	2
HOMSTM003598	27	14	1	1	1	4	1	4	2	3	1	3
HOMSTM003601	27	14	1	2	1	2	2	8	1	2	1	1
HOMSTM003602	27	14	1	2	1	2	1	5	1	2	1	4
HOMSTM003603	27	14	1	1	2	2	1	4	1	8	1	1
HOMSTM003604	27	14	1	2	1	2	1	4	1	2	3	2
HOMSTM003607	27	14	2	3	1	2	2	4	1	2	1	2
HOMSTM003608	27	14	1	2	3	2	1	6	1	3	1	1
HOMSTM003612	27	14	2	2	1	2	1	5	3	3	1	1
HOMSTM003616	27	14	1	2	1	2	2	4	2	1	1	4
HOMSTM003618	27	14	1	2	2	4	4	4	2	2	1	1
HOMSTM003619	27	14	2	3	3	2	1	2	1	1	1	1
HOMSTM003620	27	14	1	2	4	4	3	2	1	2	1	1
HOMSTM003621	27	14	1	1	1	2	1	2	1	5	1	1
HOMSTM003622	27	14	1	1	1	3	1	2	1	1	6	1
HOMSTM003624	27	14	1	3	2	3	2	3	2	3	1	2
HOMSTM003625	27	14	1	3	1	2	2	4	2	2	2	2
HOMSTM003628	27	14	1	2	1	3	2	7	1	3	1	1
HOMSTM003630	27	14	1	2	1	3	3	2	1	7	1	1
HOMSTM003632	27	14	1	1	1	4	2	5	2	3	2	1
HOMSTM003635	27	14	1	2	1	2	2	2	3	2	2	1
HOMSTM003636	27	14	1	2	1	4	1	2	2	2	1	1
HOMSTM003638	27	14	1	2	2	1	1	4	1	6	2	1
HOMSTM003639	27	14	1	1	1	2	1	3	1	3	1	4
HOMSTM003640	27	14	1	2	4	1	2	2	1	3	2	1
HOMSTM003641	27	14	1	2	3	2	4	2	2	2	2	1
HOMSTM003644	27	14	1	3	2	5	1	2	1	2	1	2
HOMSTM003645	27	14	1	2	1	12	1	2	1	1	1	1
HOMSTM003654	26	14	1	5	1	1	1	5	1	2	1	1
HOMSTM003656	26	14	2	2	1	2	3	2	1	2	2	1
HOMSTM003658	26	14	1	2	3	1	1	2	4	1	1	2
HOMSTM003660	26	14	1	2	1	2	2	4	1	2	2	2
HOMSTM003661	26	14	1	3	1	2	1	5	1	1	2	2
HOMSTM003663	26	14	2	4	2	3	2	2	1	1	1	1
HOMSTM003664	26	14	2	3	2	2	1	2	1	2	1	4
HOMSTM003665	26	14	1	1	1	2	2	4	2	2	1	1
HOMSTM003666	26	14	2	3	2	2	1	3	4	1	1	2
HOMSTM003667	26	14	1	1	2	2	1	3	2	2	2	1
HOMSTM003671	26	14	1	2	1	1	2	3	1	4	4	1
HOMSTM003673	26	14	1	2	1	2	3	3	1	4	1	1
HOMSTM003674	26	14	2	5	1	2	4	2	1	1	1	1
HOMSTM003675	26	14	1	2	1	1	2	4	1	2	1	1
HOMSTM003676	26	14	1	3	1	2	1	2	1	8	1	1
HOMSTM003677	26	14	1	1	1	2	1	2	1	6	1	3
HOMSTM003678	26	14	1	1	2	2	1	6	1	2	4	2
HOMSTM003680	26	14	1	5	2	2	1	1	1	3	1	1
HOMSTM003681	26	14	2	3	1	2	1	3	1	2	1	1
HOMSTM003682	26	14	2	3	2	2	3	2	1	2	1	2
HOMSTM003683	26	14	1	1	1	3	3	2	4	2	2	2
HOMSTM003684	26	14	2	3	2	2	1	4	1	2	1	1
HOMSTM003685	26	14	1	2	2	2	1	2	1	3	1	2
HOMSTM003686	26	14	2	2	1	3	1	2	1	2	1	1
HOMSTM003687	26	14	1	2	1	2	1	2	1	8	1	1
HOMSTM003689	26	14	2	3	1	1	1	3	1	4	1	2
HOMSTM003690	26	14	2	4	2	4	1	4	1	1	1	1
HOMSTM003691	26	14	1	3	1	3	2	4	1	4	2	1
HOMSTM003694	26	14	2	1	1	2	1	2	1	1	1	5
HOMSTM003695	26	14	2	4	1	2	2	2	2	3	1	1
HOMSTM003698	26	14	1	2	1	6	1	2	3	2	1	1
HOMSTM003700	26	14	2	3	1	2	1	4	1	3	1	1
HOMSTM003701	26	14	2	3	1	1	1	2	1	1	2	1
HOMSTM003702	26	14	1	3	1	2	1	2	2	2	2	2
HOMSTM003704	26	14	1	1	3	3	1	2	1	3	2	3
HOMSTM003706	26	14	2	1	1	3	2	3	1	1	1	3
HOMSTM003707	26	14	1	2	3	2	1	2	1	4	1	1
HOMSTM003708	26	14	2	3	1	2	3	5	1	1	2	1
HOMSTM003710	26	14	1	5	1	1	1	4	1	5	1	1
HOMSTM003711	26	14	1	2	2	2	2	2	2	2	1	1
HOMSTM003712	26	14	1	4	1	1	1	3	1	3	3	1
HOMSTM003713	26	14	2	1	1	1	2	2	1	5	4	1
HOMSTM003714	26	14	2	4	1	3	2	2	2	1	1	2
HOMSTM003715	26	14	1	2	1	1	1	2	2	4	1	1
HOMSTM003716	26	14	1	4	1	3	1	2	1	3	1	3
HOMSTM003717	26	14	1	2	1	1	1	3	2	3	4	1
HOMSTM003720	26	14	1	2	2	2	2	2	2	1	1	2
HOMSTM003721	26	14	2	1	1	1	1	3	2	3	1	1
HOMSTM003722	26	14	1	2	1	2	3	1	1	2	2	1
HOMSTM003725	26	14	1	3	1	2	2	3	1	2	2	1
HOMSTM003726	26	14	1	1	1	2	1	3	2	3	2	6
HOMSTM003728	26	14	2	2	1	1	2	1	3	3	1	2
HOMSTM003729	26	14	3	4	1	3	1	2	1	2	2	1
HOMSTM003733	26	14	1	1	1	2	4	2	1	2	3	2
HOMSTM003735	26	14	1	2	2	2	2	5	1	2	1	1
HOMSTM003737	26	14	1	3	1	1	2	2	1	2	1	1
HOMSTM003738	26	14	2	2	3	3	1	2	1	2	1	5
HOMSTM003741	26	14	1	2	2	2	1	4	2	3	1	1
HOMSTM003742	26	14	1	1	1	2	2	4	1	3	1	1
HOMSTM003743	26	14	2	3	2	2	3	4	1	3	1	1
HOMSTM003744	26	14	2	2	1	2	2	2	1	3	1	3
HOMSTM003745	26	14	1	2	1	2	2	3	1	2	2	2
HOMSTM003748	26	14	2	3	1	2	1	2	1	2	1	2
HOMSTM003749	26	14	2	1	1	3	1	3	2	4	2	2
HOMSTM003751	26	14	2	1	2	2	1	4	2	5	1	2
HOMSTM003752	26	14	1	2	1	2	2	3	1	2	1	2
HOMSTM003754	26	14	2	2	1	2	2	5	1	2	1	2
HOMSTM003755	26	14	2	3	1	3	3	2	1	2	1	1
HOMSTM003756	26	14	1	1	1	3	2	4	2	3	3	1
HOMSTM003758	26	14	1	3	1	2	3	2	1	2	2	3
HOMSTM003760	26	14	1	2	1	4	2	4	3	3	1	1
HOMSTM003762	26	14	1	1	5	3	2	2	1	1	1	1
HOMSTM003763	26	14	1	2	1	2	3	4	1	3	3	1
HOMSTM003765	26	14	1	1	3	2	1	3	2	3	1	1
HOMSTM003766	26	14	1	2	1	2	2	3	1	5	1	1
HOMSTM003767	26	14	2	3	2	2	1	2	1	4	1	1
HOMSTM003768	26	14	1	2	1	2	2	4	2	5	2	1
HOMSTM003769	26	14	1	3	2	2	1	2	2	3	3	1
HOMSTM003770	26	14	1	1	2	3	1	6	2	2	1	2
HOMSTM003771	26	14	1	2	1	2	1	2	1	3	1	2
HOMSTM003773	26	14	2	3	1	2	2	2	1	3	2	3
HOMSTM003776	26	14	1	1	1	3	4	7	1	2	1	1
HOMSTM003777	26	14	2	2	1	2	1	5	2	1	1	1
HOMSTM003778	26	14	1	1	1	3	1	2	1	9	1	1
HOMSTM003779	26	14	2	4	3	2	2	2	1	4	1	1
HOMSTM003781	26	14	2	3	2	2	1	3	1	2	2	4
HOMSTM003783	26	14	1	1	2	2	2	2	1	2	1	1
HOMSTM003784	26	14	2	4	1	2	1	4	1	1	2	1
HOMSTM003785	26	14	1	2	1	2	1	4	1	2	1	1
HOMSTM003786	26	14	2	3	1	3	2	2	1	3	1	1
HOMSTM003788	26	14	2	3	2	1	1	4	1	2	1	2
HOMSTM003789	26	14	2	3	3	1	1	2	1	2	1	3
HOMSTM003791	26	14	1	2	3	2	1	3	1	2	1	1
HOMSTM003792	26	14	1	1	3	2	5	4	1	2	1	1
HOMSTM003794	26	14	2	3	1	2	2	2	1	3	1	2
HOMSTM003796	26	14	2	3	1	1	2	2	3	3	2	2
HOMSTM003797	26	14	1	1	5	2	2	4	2	2	1	1
HOMSTM003798	26	14	2	2	2	2	1	2	1	2	1	3
HOMSTM003799	26	14	2	3	1	2	2	2	2	4	1	2
HOMSTM003800	26	14	2	3	1	1	3	4	2	2	1	2
HOMSTM003801	26	14	2	2	1	2	2	2	1	4	1	1
HOMSTM003803	26	14	1	3	1	1	3	4	1	4	1	2
HOMSTM003805	26	14	1	3	1	2	1	1	1	2	1	1
HOMSTM003806	26	14	1	1	2	1	1	5	1	2	5	1
HOMSTM003807	26	14	1	1	1	2	3	3	1	2	1	2
HOMSTM003808	26	14	1	3	2	3	2	3	2	1	2	1
HOMSTM003809	26	14	2	4	1	2	2	4	1	2	1	2
HOMSTM003810	26	14	1	2	3	2	1	3	2	4	1	1
HOMSTM003811	26	14	1	4	1	2	3	2	2	2	1	1
HOMSTM003812	26	14	2	3	1	1	2	5	1	3	1	2
HOMSTM003814	26	14	1	2	2	2	3	4	1	3	1	2
HOMSTM003815	26	14	1	2	1	2	4	3	2	2	1	1
HOMSTM003817	26	14	1	2	1	5	2	3	2	2	1	2
HOMSTM003818	26	14	1	2	1	3	1	8	1	2	1	1
HOMSTM003819	26	14	1	2	3	2	1	3	1	5	2	1
HOMSTM003820	26	14	1	1	2	2	2	2	1	3	1	2
HOMSTM003830	25	14	1	3	1	2	2	2	1	4	3	1
HOMSTM003832	25	14	1	2	1	2	1	2	1	4	1	1
HOMSTM003833	25	14	1	3	1	2	1	2	1	1	3	1
HOMSTM003834	25	14	1	2	1	2	1	3	1	8	1	1
HOMSTM003835	25	14	1	2	1	3	1	2	2	1	2	1
HOMSTM003838	25	14	2	3	2	2	1	2	1	3	3	1
HOMSTM003839	25	14	1	1	1	9	1	2	1	2	1	1
HOMSTM003840	25	14	2	3	1	2	1	2	1	1	1	1
HOMSTM003841	25	14	1	3	1	2	2	4	1	2	1	1
HOMSTM003842	25	14	2	2	1	2	3	4	1	2	1	1
HOMSTM003844	25	14	1	2	1	3	1	2	3	2	1	1
HOMSTM003845	25	14	1	1	1	1	1	1	1	3	1	1
HOMSTM003846	25	14	1	3	1	2	1	2	2	3	2	1
HOMSTM003849	25	14	1	2	2	1	5	2	1	1	1	1
HOMSTM003851	25	14	1	2	1	4	3	2	3	1	1	1
HOMSTM003853	25	14	1	2	1	3	2	4	1	3	1	1
HOMSTM003854	25	14	2	4	1	2	2	2	1	1	1	1
HOMSTM003857	25	14	3	2	2	2	1	2	1	2	2	1
HOMSTM003858	25	14	1	1	2	3	1	5	2	3	1	2
HOMSTM003859	25	14	1	2	1	1	3	5	1	2	2	1
HOMSTM003860	25	14	1	3	1	1	2	4	1	3	1	1
HOMSTM003861	25	14	3	2	1	1	1	6	1	2	1	2
HOMSTM003864	25	14	1	1	1	2	1	2	1	2	1	9
HOMSTM003865	25	14	1	2	1	1	2	4	2	5	2	1
HOMSTM003867	25	14	2	4	1	2	1	3	1	3	1	1
HOMSTM003869	25	14	2	1	1	2	1	3	1	1	1	1
HOMSTM003870	25	14	2	1	1	1	4	3	1	2	1	2
HOMSTM003871	25	14	2	3	1	1	2	3	1	3	1	1
HOMSTM003873	25	14	2	2	1	3	3	3	1	1	4	1
HOMSTM003874	25	14	2	2	1	1	2	4	1	2	1	2
HOMSTM003876	25	14	1	2	1	1	3	4	1	1	2	1
HOMSTM003877	25	14	1	2	2	2	1	4	1	4	1	1
HOMSTM003878	25	14	1	1	1	2	1	2	3	4	3	1
HOMSTM003881	25	14	1	1	1	2	2	4	1	3	4	1
HOMSTM003883	25	14	1	1	1	2	1	1	1	2	2	2
HOMSTM003884	25	14	2	3	2	2	2	2	2	1	1	1
HOMSTM003885	25	14	3	2	3	1	1	4	1	4	1	1
HOMSTM003886	25	14	2	3	1	1	6	2	1	2	1	1
HOMSTM003887	25	14	2	2	1	2	4	2	1	3	1	1
HOMSTM003888	25	14	1	1	1	2	2	2	1	1	1	2
HOMSTM003889	25	14	3	3	1	2	1	2	1	2	1	1
HOMSTM003892	25	14	2	4	1	1	3	2	1	2	1	2
HOMSTM003893	25	14	1	3	1	1	3	2	2	2	1	1
HOMSTM003895	25	14	2	2	2	2	1	3	1	3	1	1
HOMSTM003896	25	14	1	5	1	2	3	2	1	1	2	1
HOMSTM003897	25	14	1	3	1	2	1	4	1	2	1	2
HOMSTM003898	25	14	1	1	2	1	1	1	2	5	1	2
HOMSTM003899	25	14	1	4	1	2	1	4	1	2	2	1
HOMSTM003901	25	14	1	3	1	2	3	4	1	3	1	1
HOMSTM003902	25	14	2	4	1	2	1	2	2	3	1	3
HOMSTM003903	25	14	2	2	1	3	2	3	1	2	1	2
HOMSTM003909	25	14	1	2	1	2	1	5	3	2	1	1
HOMSTM003910	25	14	1	2	1	2	3	2	2	2	2	1
HOMSTM003911	25	14	1	3	1	2	1	3	1	4	1	1
HOMSTM003912	25	14	1	1	1	2	1	2	3	4	2	1
HOMSTM003914	25	14	1	1	1	2	3	4	1	3	1	2
HOMSTM003915	25	14	3	3	1	1	1	3	1	3	2	1
HOMSTM003916	25	14	2	3	1	2	2	3	1	2	2	1
HOMSTM003917	25	14	1	1	1	2	1	3	1	4	2	1
HOMSTM003918	25	14	2	2	1	2	2	4	1	1	2	1
HOMSTM003919	25	14	1	2	1	2	1	5	1	2	1	1
HOMSTM003920	25	14	2	2	2	2	1	3	1	3	1	1
HOMSTM003921	25	14	1	1	1	3	3	4	1	2	1	2
HOMSTM003922	25	14	2	2	1	3	1	2	1	2	3	2
HOMSTM003929	25	14	2	1	1	2	3	3	1	3	1	2
HOMSTM003931	25	14	1	2	2	2	2	3	1	2	1	2
HOMSTM003933	25	14	1	1	1	2	2	5	1	4	1	1
HOMSTM003934	25	14	2	3	1	2	1	2	1	3	1	1
HOMSTM003935	25	14	3	1	1	3	1	2	1	2	3	2
HOMSTM003936	25	14	1	3	1	2	1	2	1	1	1	2
HOMSTM003937	25	14	2	5	1	2	2	2	1	1	1	2
HOMSTM003938	25	14	1	2	5	2	2	2	2	2	1	1
HOMSTM003939	25	14	1	1	1	10	1	3	1	1	1	1
HOMSTM003940	25	14	1	3	1	2	1	2	1	3	2	1
HOMSTM003941	25	14	2	2	1	2	3	2	1	2	1	2
HOMSTM003942	25	14	1	2	1	2	1	2	1	4	1	2
HOMSTM003943	25	14	1	1	6	1	1	2	1	2	2	2
HOMSTM003944	25	14	2	2	3	3	1	1	1	3	1	4
HOMSTM003945	25	14	2	4	1	2	2	4	1	2	1	1
HOMSTM003946	25	14	1	2	1	2	1	2	1	3	1	1
HOMSTM003947	25	14	1	1	2	4	4	2	1	1	2	1
HOMSTM003948	25	14	2	2	2	2	1	2	2	4	1	1
HOMSTM003951	25	14	3	4	1	2	1	3	1	2	1	2
HOMSTM003952	25	14	1	1	1	4	1	2	2	3	2	1
HOMSTM003955	25	14	1	2	1	2	1	2	1	3	1	3
HOMSTM003958	25	14	4	3	3	2	2	2	1	2	1	1
HOMSTM003959	25	14	2	2	1	3	1	3	1	2	1	1
HOMSTM003960	25	14	1	3	2	2	1	2	1	1	1	5
HOMSTM003962	25	14	1	1	1	2	1	3	1	2	2	1
HOMSTM003963	25	14	1	1	1	1	1	5	1	4	1	1
HOMSTM003964	25	14	1	1	1	5	2	3	1	1	1	2
HOMSTM003965	25	14	1	1	1	2	1	2	4	3	5	1
HOMSTM003966	25	14	1	2	2	2	1	3	1	3	1	1
HOMSTM003967	25	14	1	1	1	2	1	6	1	4	1	1
HOMSTM003970	25	14	2	2	1	3	2	3	1	2	1	1
HOMSTM003971	25	14	1	2	1	1	4	1	1	3	1	2
HOMSTM003973	25	14	2	4	1	2	1	2	1	2	1	1
HOMSTM003974	25	14	1	1	1	1	7	3	1	4	1	1
HOMSTM003975	25	14	1	3	2	2	1	2	1	3	1	4
HOMSTM003977	25	14	2	2	2	1	1	2	1	1	1	1
HOMSTM003978	25	14	1	1	1	3	1	4	2	2	1	1
HOMSTM003979	25	14	1	3	1	2	2	2	1	2	2	2
HOMSTM003980	25	14	1	2	2	2	1	4	1	1	1	2
HOMSTM003981	25	14	1	1	2	2	2	3	2	3	2	2
HOMSTM003982	25	14	2	3	1	2	2	2	1	1	2	1
HOMSTM003983	25	14	1	1	1	2	2	5	1	3	1	1
HOMSTM003984	25	14	1	3	1	2	2	3	1	3	1	1
HOMSTM003985	25	14	1	2	1	2	2	3	1	4	2	2
HOMSTM003986	25	14	1	2	2	1	2	2	2	3	2	1
HOMSTM003988	25	14	2	2	1	3	1	2	1	5	1	3
HOMSTM003989	25	14	1	2	1	3	1	2	1	4	1	2
HOMSTM003990	25	14	1	2	1	3	3	3	1	3	2	1
HOMSTM003993	25	14	1	2	1	2	3	3	2	3	1	1
HOMSTM003994	25	14	1	4	2	2	1	2	1	2	1	2
HOMSTM003997	25	14	1	1	2	1	3	2	1	4	1	2
HOMSTM003998	25	14	2	2	1	2	1	2	1	2	1	1
HOMSTM004001	25	14	1	2	1	2	2	2	1	3	1	1
HOMSTM004003	25	14	1	2	1	1	2	4	1	3	1	1
HOMSTM004004	25	14	1	1	3	1	2	2	2	2	1	1
HOMSTM004005	25	14	2	2	1	2	1	2	1	5	2	1
HOMSTM004006	25	14	1	2	1	2	1	2	1	7	2	1
HOMSTM004008	25	14	1	2	3	2	3	1	2	3	1	1
HOMSTM004010	25	14	1	2	4	1	1	4	3	2	1	1
HOMSTM004011	25	14	2	2	3	1	1	2	1	2	2	2
HOMSTM004012	25	14	1	1	1	2	7	5	1	1	1	1
HOMSTM004013	25	14	1	2	1	2	2	2	1	5	2	1
HOMSTM004014	25	14	2	4	1	2	1	2	1	2	1	2
HOMSTM004015	25	14	1	1	6	2	2	1	1	2	1	1
HOMSTM004016	25	14	1	3	1	2	1	2	3	1	1	2
HOMSTM004018	25	14	1	1	4	3	1	3	1	3	2	1
HOMSTM004019	25	14	1	2	1	2	1	4	1	5	1	2
HOMSTM004020	25	14	1	3	1	1	2	3	2	1	1	1
HOMSTM004021	25	14	1	3	1	5	1	2	1	3	1	2
HOMSTM004038	24	14	1	4	1	2	2	4	1	2	1	1
HOMSTM004040	24	14	2	2	1	2	1	3	1	2	2	1
HOMSTM004045	24	14	2	3	2	3	2	3	1	1	1	2
HOMSTM004046	24	14	1	2	1	2	1	4	1	3	1	3
HOMSTM004048	24	14	1	2	2	2	1	6	1	1	2	1
HOMSTM004050	24	14	1	2	1	2	2	3	1	3	1	1
HOMSTM004051	24	14	2	4	1	2	2	3	1	2	1	1
HOMSTM004052	24	14	1	3	1	1	2	4	2	1	1	2
HOMSTM004053	24	14	2	2	1	4	1	2	2	2	2	1
HOMSTM004054	24	14	1	2	1	2	2	4	1	2	1	1
HOMSTM004055	24	14	1	2	1	2	2	4	1	3	1	1
HOMSTM004056	24	14	3	3	1	2	1	3	1	2	1	1
HOMSTM004057	24	14	1	1	1	2	1	4	2	2	2	1
HOMSTM004062	24	14	1	2	1	2	2	4	1	2	1	1
HOMSTM004063	24	14	1	6	1	2	1	2	1	2	1	1
HOMSTM004065	24	14	1	1	3	4	1	2	3	1	1	1
HOMSTM004066	24	14	1	2	1	2	1	4	1	5	1	1
HOMSTM004067	24	14	1	4	2	1	1	3	1	1	1	2
HOMSTM004068	24	14	1	1	4	1	4	2	1	2	1	1
HOMSTM004069	24	14	1	1	1	2	3	5	1	1	1	1
HOMSTM004070	24	14	1	1	4	1	1	2	1	2	2	3
HOMSTM004071	24	14	1	3	1	3	1	2	1	2	1	2
HOMSTM004074	24	14	1	3	1	1	2	2	3	2	1	2
HOMSTM004075	24	14	3	3	2	2	1	2	1	3	1	2
HOMSTM004077	24	14	2	2	1	3	1	3	1	2	1	1
HOMSTM004078	24	14	2	1	2	2	2	2	1	5	1	1
HOMSTM004079	24	14	2	4	1	4	1	3	1	1	1	1
HOMSTM004082	24	14	1	2	3	2	1	4	1	1	1	1
HOMSTM004083	24	14	2	3	1	2	1	2	1	2	1	1
HOMSTM004085	24	14	1	1	1	1	2	4	1	3	1	1
HOMSTM004086	24	14	1	2	1	2	3	4	1	2	1	2
HOMSTM004087	24	14	2	2	1	3	1	2	1	3	1	2
HOMSTM004088	24	14	1	2	2	2	1	2	2	2	3	2
HOMSTM004089	24	14	2	2	2	2	1	2	1	2	1	3
HOMSTM004090	24	14	2	2	1	2	3	2	1	2	1	1
HOMSTM004091	24	14	1	2	2	2	2	4	1	4	1	1
HOMSTM004092	24	14	2	1	2	2	1	2	1	2	1	1
HOMSTM004093	24	14	2	3	2	2	3	2	1	2	1	1
HOMSTM004094	24	14	3	1	1	1	4	2	1	1	1	2
HOMSTM004095	24	14	2	3	2	2	2	4	1	2	1	1
HOMSTM004096	24	14	1	2	2	1	1	1	1	4	1	1
HOMSTM004097	24	14	2	1	1	1	1	3	1	4	1	1
HOMSTM004100	24	14	2	3	1	2	2	2	1	2	1	2
HOMSTM004102	24	14	1	1	1	2	1	2	3	2	3	1
HOMSTM004103	24	14	1	2	1	2	1	6	1	2	1	1
HOMSTM004105	24	14	1	1	1	2	1	2	1	4	1	1
HOMSTM004106	24	14	1	4	2	3	1	3	1	1	1	1
HOMSTM004108	24	14	1	3	2	2	1	2	1	1	1	2
HOMSTM004109	24	14	1	2	1	2	2	2	1	3	1	2
HOMSTM004110	24	14	1	1	1	2	1	2	2	1	1	1
HOMSTM004112	24	14	1	1	1	2	1	4	1	1	1	4
HOMSTM004113	24	14	1	1	1	2	1	2	1	2	1	1
HOMSTM004114	24	14	2	2	1	2	2	5	1	2	1	1
HOMSTM004116	24	14	1	1	1	2	1	2	1	5	4	2
HOMSTM004117	24	14	1	1	1	2	2	5	1	2	1	3
HOMSTM004119	24	14	1	1	2	2	4	2	2	1	1	1
HOMSTM004120	24	14	2	2	1	2	2	5	1	2	1	1
HOMSTM004122	24	14	2	1	1	2	1	3	1	1	3	2
HOMSTM004124	24	14	1	1	1	1	3	1	1	7	1	1
HOMSTM004125	24	14	1	2	3	1	1	2	2	3	1	2
HOMSTM004126	24	14	1	1	1	1	3	3	1	3	2	2
HOMSTM004127	24	14	1	2	1	2	1	2	1	2	1	2
HOMSTM004128	24	14	2	4	1	2	1	2	1	2	1	1
HOMSTM004129	24	14	1	1	1	1	1	2	1	1	10	1
HOMSTM004130	24	14	1	2	1	1	2	2	2	6	1	2
HOMSTM004132	24	14	2	2	3	3	1	3	1	2	1	2
HOMSTM004133	24	14	1	1	2	1	2	2	2	1	1	2
HOMSTM004134	24	14	1	2	7	2	1	2	1	1	1	1
HOMSTM004135	24	14	2	1	2	3	1	1	1	6	1	2
HOMSTM004137	24	14	2	3	1	2	1	2	1	3	1	4
HOMSTM004138	24	14	1	4	1	2	1	4	1	3	1	2
HOMSTM004140	24	14	2	2	2	2	2	3	1	2	1	3
HOMSTM004143	24	14	1	2	1	3	1	3	1	3	1	1
HOMSTM004144	24	14	3	1	2	2	1	4	1	3	1	1
HOMSTM004145	24	14	2	2	1	2	2	4	1	1	1	3
HOMSTM004148	24	14	1	2	1	3	2	4	1	1	1	1
HOMSTM004149	24	14	1	3	2	2	2	2	1	5	1	1
HOMSTM004150	24	14	2	4	1	3	1	2	1	1	2	2
HOMSTM004152	24	14	2	5	1	2	2	3	1	1	1	1
HOMSTM004156	24	14	1	1	1	2	1	2	1	4	3	1
HOMSTM004158	24	14	2	2	1	2	1	7	1	1	1	1
HOMSTM004159	24	14	1	2	1	1	1	2	1	6	1	1
HOMSTM004160	24	14	1	1	2	2	1	2	1	5	3	1
HOMSTM004162	24	14	2	2	1	1	1	4	1	2	1	2
HOMSTM004163	24	14	1	2	1	1	2	2	1	2	1	1
HOMSTM004164	24	14	1	3	2	2	1	3	1	2	1	1
HOMSTM004166	24	14	1	2	1	2	2	2	1	3	4	1
HOMSTM004168	24	14	1	1	3	2	1	2	1	1	3	1
HOMSTM004169	24	14	2	2	1	2	2	2	1	2	1	1
HOMSTM004170	24	14	1	2	1	2	1	3	1	1	1	1
HOMSTM004172	24	14	2	3	1	2	1	3	1	1	1	2
HOMSTM004173	24	14	2	4	2	3	1	1	1	1	2	2
HOMSTM004176	24	14	1	2	1	2	1	2	1	1	2	1
HOMSTM004177	24	14	2	3	4	2	1	2	1	1	1	2
HOMSTM004178	24	14	2	3	1	4	1	3	1	2	1	1
HOMSTM004179	24	14	1	2	3	1	2	3	2	2	1	1
HOMSTM004181	24	14	2	8	2	1	1	2	1	1	1	1
HOMSTM004182	24	14	1	2	1	2	2	4	2	2	1	1
HOMSTM004183	24	14	1	1	3	2	5	2	1	2	1	2
HOMSTM004185	24	14	2	2	1	2	1	1	1	1	3	1
HOMSTM004186	24	14	2	3	1	2	1	2	1	3	1	1
HOMSTM004187	24	14	3	2	1	1	1	2	2	2	1	2
HOMSTM004189	24	14	1	3	1	1	1	6	1	2	1	1
HOMSTM004191	24	14	1	2	1	2	2	4	1	2	1	2
HOMSTM004192	24	14	2	5	1	1	1	4	1	2	1	2
HOMSTM004194	24	14	2	4	1	3	1	2	1	2	2	1
HOMSTM004197	24	14	1	2	1	3	1	3	1	2	1	1
HOMSTM004198	24	14	1	2	1	3	3	4	1	1	3	1
HOMSTM004199	24	14	1	2	2	2	1	2	1	1	2	1
HOMSTM004200	24	14	1	2	1	1	1	2	1	8	1	1
HOMSTM004201	24	14	1	1	4	2	2	4	2	1	2	1
HOMSTM004202	24	14	1	3	1	1	4	6	1	1	1	1
HOMSTM004203	24	14	1	3	2	2	1	2	2	3	1	2
HOMSTM004205	24	14	2	3	1	2	1	2	1	2	1	2
HOMSTM004206	24	14	1	1	1	2	2	8	1	1	1	1
HOMSTM004207	24	14	1	4	1	2	1	4	2	2	1	1
HOMSTM004209	24	14	1	3	1	6	1	2	1	2	1	1
HOMSTM004211	24	14	1	1	1	1	3	2	1	3	1	1
HOMSTM004212	24	14	2	2	1	1	1	4	1	2	1	1
HOMSTM004213	24	14	2	1	2	3	3	2	1	3	1	1
HOMSTM004215	24	14	1	2	1	2	3	3	1	1	2	2
HOMSTM004218	24	14	1	1	1	3	3	3	1	2	2	3
HOMSTM004219	24	14	2	2	1	1	1	6	1	3	1	2
HOMSTM004222	24	14	1	3	2	2	2	2	2	1	2	1
HOMSTM004223	24	14	1	1	1	1	1	2	2	4	4	2
HOMSTM004225	24	14	2	1	2	2	2	4	2	2	2	1
HOMSTM004226	24	14	1	2	1	2	1	2	1	3	1	1
HOMSTM004227	24	14	1	4	1	1	2	2	1	1	2	4
HOMSTM004228	24	14	1	2	3	2	3	3	1	1	1	1
HOMSTM004230	24	14	1	1	1	3	1	4	2	1	1	2
HOMSTM004231	24	14	1	2	1	1	3	2	1	1	4	1
HOMSTM004233	24	14	3	3	1	1	4	3	1	2	1	1
HOMSTM004234	24	14	1	2	2	1	1	2	1	4	2	1
HOMSTM004239	24	14	1	3	1	2	1	4	1	3	1	2
HOMSTM004240	24	14	2	3	1	2	1	2	1	3	1	1
HOMSTM004241	24	14	2	2	1	1	1	2	3	3	1	1
HOMSTM004243	24	14	1	1	2	2	1	2	2	2	1	4
HOMSTM004244	24	14	1	1	1	2	1	3	2	4	1	1
HOMSTM004248	24	14	1	2	1	2	4	3	1	4	1	1
HOMSTM004249	24	14	1	2	1	2	3	4	2	2	2	1
HOMSTM004251	24	14	2	2	1	1	1	2	1	2	1	3
HOMSTM004252	24	14	1	1	1	1	4	1	2	2	5	1
HOMSTM004253	24	14	2	3	2	2	3	2	1	2	1	1
HOMSTM004254	24	14	1	3	1	2	1	2	1	2	2	1
HOMSTM004255	24	14	1	2	1	2	1	2	1	2	1	3
HOMSTM004256	24	14	1	2	1	2	2	3	1	2	1	1
HOMSTM004257	24	14	1	2	1	1	2	4	1	4	2	1
HOMSTM004274	23	14	1	5	1	2	1	2	1	3	2	1
HOMSTM004276	23	14	1	3	1	2	2	2	1	3	1	1
HOMSTM004277	23	14	1	1	1	2	1	2	1	4	1	1
HOMSTM004279	23	14	2	1	1	2	3	4	1	1	1	2
HOMSTM004280	23	14	1	1	1	1	2	2	1	2	1	6
HOMSTM004282	23	14	1	4	1	3	1	2	1	2	1	1
HOMSTM004285	23	14	1	3	2	1	1	3	1	1	1	1
HOMSTM004286	23	14	1	2	1	2	3	4	1	2	1	1
HOMSTM004288	23	14	1	2	1	1	1	2	1	2	1	1
HOMSTM004292	23	14	2	3	1	2	2	2	1	3	1	1
HOMSTM004293	23	14	1	1	1	2	3	3	1	1	1	2
HOMSTM004294	23	14	1	3	1	2	1	2	1	5	1	1
HOMSTM004295	23	14	1	1	1	1	1	2	1	3	1	1
HOMSTM004297	23	14	1	1	1	2	2	6	2	1	1	1
HOMSTM004298	23	14	1	2	2	2	2	2	1	1	1	1
HOMSTM004300	23	14	1	2	2	3	2	2	2	1	1	1
HOMSTM004303	23	14	2	3	2	1	1	5	2	1	1	1
HOMSTM004304	23	14	1	1	2	2	3	4	1	2	1	1
HOMSTM004309	23	14	1	2	2	2	1	2	1	2	1	1
HOMSTM004311	23	14	2	2	2	1	2	4	1	2	1	2
HOMSTM004312	23	14	2	3	2	1	1	2	1	3	1	1
HOMSTM004313	23	14	1	1	2	3	1	2	2	2	3	1
HOMSTM004314	23	14	1	2	1	1	1	3	1	1	1	1
HOMSTM004317	23	14	2	3	1	2	1	3	1	1	1	2
HOMSTM004319	23	14	1	2	1	1	1	2	1	4	1	2
HOMSTM004320	23	14	2	1	1	2	3	1	4	1	1	1
HOMSTM004321	23	14	1	2	1	2	3	2	1	3	2	2
HOMSTM004323	23	14	1	1	1	2	1	2	1	3	1	2
HOMSTM004324	23	14	2	2	2	1	2	3	1	1	1	1
HOMSTM004326	23	14	1	2	1	2	1	4	1	2	4	1
HOMSTM004327	23	14	2	2	3	2	1	2	1	2	3	1
HOMSTM004330	23	14	2	2	1	2	1	2	1	3	1	1
HOMSTM004335	23	14	1	1	2	2	2	3	1	3	2	1
HOMSTM004338	23	14	1	1	4	1	1	1	3	3	1	1
HOMSTM004341	23	14	2	2	1	1	4	2	1	3	1	1
HOMSTM004342	23	14	1	2	4	3	1	1	2	1	1	2
HOMSTM004343	23	14	2	3	1	1	2	2	1	3	1	2
HOMSTM004344	23	14	2	2	1	1	1	8	1	1	1	1
HOMSTM004345	23	14	2	2	2	3	2	2	1	1	1	1
HOMSTM004346	23	14	1	1	2	2	1	2	1	2	1	2
HOMSTM004347	23	14	2	4	1	2	1	2	1	2	1	2
HOMSTM004350	23	14	1	3	1	2	3	2	1	1	1	1
HOMSTM004351	23	14	1	2	1	1	2	7	1	1	1	1
HOMSTM004353	23	14	1	3	3	1	1	2	1	1	3	2
HOMSTM004354	23	14	1	2	1	2	1	2	2	2	1	1
HOMSTM004356	23	14	1	3	3	1	2	3	1	1	1	2
HOMSTM004357	23	14	1	3	1	1	1	2	1	7	1	1
HOMSTM004358	23	14	2	2	1	2	1	2	1	1	1	1
HOMSTM004359	23	14	1	3	3	2	1	2	1	2	1	1
HOMSTM004360	23	14	2	2	1	2	1	5	1	2	1	1
HOMSTM004361	23	14	1	1	1	2	1	4	1	2	1	1
HOMSTM004363	23	14	1	1	1	2	1	3	2	2	1	1
HOMSTM004364	23	14	2	2	1	2	2	4	1	1	1	1
HOMSTM004365	23	14	1	1	1	8	1	2	1	2	1	1
HOMSTM004366	23	14	1	1	1	2	3	2	1	2	1	1
HOMSTM004368	23	14	2	3	1	2	1	2	2	3	1	1
HOMSTM004370	23	14	1	2	1	3	2	3	1	2	1	1
HOMSTM004371	23	14	1	2	1	2	1	2	1	3	1	1
HOMSTM004372	23	14	2	2	1	1	1	2	1	4	1	1
HOMSTM004373	23	14	1	3	3	2	1	2	1	1	1	4
HOMSTM004374	23	14	1	1	1	1	1	2	1	2	2	1
HOMSTM004376	23	14	1	1	1	2	1	2	1	2	1	1
HOMSTM004378	23	14	1	1	1	4	1	1	3	1	1	1
HOMSTM004380	23	14	1	3	2	2	1	2	1	1	3	1
HOMSTM004382	23	14	1	2	1	1	2	2	1	3	2	1
HOMSTM004383	23	14	1	1	4	3	1	2	1	1	2	1
HOMSTM004384	23	14	1	2	1	3	1	2	1	2	1	2
HOMSTM004386	23	14	1	3	1	2	2	2	1	1	2	1
HOMSTM004387	23	14	1	2	1	1	1	4	1	2	1	1
HOMSTM004388	23	14	1	1	1	2	2	2	1	3	1	1
HOMSTM004389	23	14	1	2	2	4	1	4	1	2	1	1
HOMSTM004391	23	14	2	2	1	2	3	2	1	3	2	1
HOMSTM004394	23	14	2	2	2	3	1	2	1	1	1	1
HOMSTM004396	23	14	2	2	1	2	1	4	1	3	1	1
HOMSTM004397	23	14	1	1	2	1	1	2	2	6	1	1
HOMSTM004398	23	14	2	3	1	2	1	4	1	1	2	2
HOMSTM004399	23	14	1	2	3	3	3	2	1	1	1	1
HOMSTM004400	23	14	2	1	1	4	2	2	1	3	1	1
HOMSTM004401	23	14	2	3	1	2	1	2	1	4	1	1
HOMSTM004402	23	14	1	2	3	1	1	3	3	1	2	1
HOMSTM004403	23	14	1	4	1	4	2	2	1	1	1	1
HOMSTM004404	23	14	2	3	1	2	2	2	1	2	1	2
HOMSTM004407	23	14	1	1	2	3	2	3	1	2	1	1
HOMSTM004408	23	14	1	3	1	2	2	2	1	3	2	2
HOMSTM004409	23	14	1	3	1	2	1	2	1	2	1	1
HOMSTM004410	23	14	1	3	1	2	1	3	1	2	2	1
HOMSTM004411	23	14	1	1	2	1	1	2	1	2	1	1
HOMSTM004412	23	14	2	2	2	3	1	2	1	2	2	1
HOMSTM004413	23	14	1	2	2	2	1	4	2	1	1	2
HOMSTM004414	23	14	1	3	1	2	1	4	1	2	1	1
HOMSTM004415	23	14	1	1	2	1	2	1	3	3	2	2
HOMSTM004418	23	14	1	2	1	2	1	2	1	3	3	3
HOMSTM004419	23	14	1	1	1	2	2	4	1	1	2	1
HOMSTM004420	23	14	1	1	2	1	1	3	2	2	1	2
HOMSTM004421	23	14	1	3	2	2	2	2	1	3	1	1
HOMSTM004422	23	14	2	2	1	2	1	2	2	2	1	1
HOMSTM004424	23	14	1	1	1	1	1	2	1	6	1	1
HOMSTM004425	23	14	1	2	1	2	1	2	2	5	1	1
HOMSTM004427	23	14	1	1	5	2	2	2	2	2	1	1
HOMSTM004428	23	14	2	2	1	2	1	2	1	3	2	3
HOMSTM004429	23	14	1	1	1	3	1	2	2	1	2	2
HOMSTM004430	23	14	4	3	1	1	2	2	1	2	1	1
HOMSTM004431	23	14	1	1	1	2	1	2	1	1	1	2
HOMSTM004432	23	14	1	2	1	2	2	2	1	2	3	1
HOMSTM004433	23	14	2	3	2	2	1	2	1	2	1	2
HOMSTM004434	23	14	1	2	2	3	1	3	1	1	1	1
HOMSTM004435	23	14	1	1	3	1	1	2	2	3	1	1
HOMSTM004436	23	14	2	2	1	2	1	3	1	2	3	1
HOMSTM004437	23	14	2	5	1	1	1	2	1	2	2	1
HOMSTM004440	23	14	1	2	1	1	1	2	1	6	1	2
HOMSTM004441	23	14	3	2	1	2	1	2	1	2	1	1
HOMSTM004446	23	14	1	3	1	2	1	3	1	2	1	1
HOMSTM004448	23	14	1	2	1	1	2	2	1	2	2	1
HOMSTM004449	23	14	1	1	2	1	2	3	1	2	1	3
HOMSTM004451	23	14	2	2	1	2	2	2	1	4	1	1
HOMSTM004452	23	14	1	3	1	1	2	2	1	2	1	2
HOMSTM004455	23	14	1	1	1	5	1	2	1	3	1	2
HOMSTM004456	23	14	1	1	1	3	2	4	1	3	1	1
HOMSTM004457	23	14	2	6	1	2	1	1	2	2	1	1
HOMSTM004461	23	14	2	2	1	2	3	3	1	2	1	1
HOMSTM004462	23	14	1	2	1	1	1	1	1	7	1	3
HOMSTM004463	23	14	1	1	1	2	1	2	2	2	2	2
HOMSTM004465	23	14	1	2	1	2	1	5	1	2	1	1
HOMSTM004466	23	14	1	1	1	1	1	2	1	6	2	1
HOMSTM004467	23	14	2	2	1	2	2	5	1	1	1	2
HOMSTM004468	23	14	1	1	1	2	2	3	2	4	1	1
HOMSTM004471	23	14	1	1	2	2	4	2	2	2	1	1
HOMSTM004473	23	14	1	2	1	2	3	4	1	1	1	1
HOMSTM004474	23	14	2	4	1	2	1	2	1	2	1	1
HOMSTM004477	23	14	1	2	1	1	3	2	1	3	2	1
HOMSTM004478	23	14	1	1	1	2	1	2	1	3	1	3
HOMSTM004479	23	14	2	2	1	3	1	2	1	1	1	1
HOMSTM004481	23	14	1	1	2	2	2	3	1	1	2	2
HOMSTM004483	23	14	1	1	4	1	1	1	4	1	1	1
HOMSTM004484	23	14	1	2	1	2	2	4	2	1	1	1
HOMSTM004486	23	14	1	1	3	1	5	2	1	2	1	1
HOMSTM004488	23	14	1	2	1	2	1	2	3	1	2	2
HOMSTM004491	23	14	1	2	4	3	1	2	1	1	2	1
HOMSTM004492	23	14	3	1	3	1	1	3	1	2	2	1
HOMSTM004493	23	14	1	1	1	2	2	4	1	1	1	5
HOMSTM004494	23	14	2	1	2	1	1	3	2	4	1	1
HOMSTM004495	23	14	1	2	1	2	1	3	2	4	2	1
HOMSTM004496	23	14	1	2	1	2	1	2	3	3	1	3
HOMSTM004497	23	14	1	2	2	2	4	2	1	2	1	1
HOMSTM004498	23	14	1	1	1	2	1	2	1	2	1	1
HOMSTM004500	23	14	1	1	1	2	1	3	3	4	2	1
HOMSTM004501	23	14	1	2	1	1	1	2	1	2	5	1
HOMSTM004502	23	14	1	2	1	3	1	2	1	2	2	3
HOMSTM004503	23	14	1	2	1	1	1	2	1	3	4	2
HOMSTM004504	23	14	1	2	1	1	1	5	1	2	1	1
HOMSTM004505	23	14	1	1	1	2	1	2	1	3	1	1
HOMSTM004506	23	14	2	4	1	1	1	2	1	4	1	1
HOMSTM004507	23	14	1	1	4	2	1	3	2	2	1	1
HOMSTM004508	23	14	1	1	1	2	2	4	1	1	1	1
HOMSTM004509	23	14	1	3	1	2	1	2	1	2	2	1
HOMSTM004510	23	14	1	1	3	1	1	3	1	1	1	1
HOMSTM004511	23	14	1	3	1	3	4	2	1	1	1	2
HOMSTM004512	23	14	1	3	1	1	2	4	1	2	1	1
HOMSTM004513	23	14	1	1	2	2	1	3	2	2	1	1
HOMSTM004516	23	14	1	1	1	2	1	2	1	3	1	2
HOMSTM004518	23	14	1	3	1	2	1	2	1	2	1	3
HOMSTM004519	23	14	1	2	1	2	2	4	1	3	1	2
HOMSTM004521	23	14	1	4	1	2	1	3	1	2	2	1
HOMSTM004523	23	14	1	1	4	2	1	4	1	3	1	1
HOMSTM004524	23	14	1	1	1	1	2	4	1	3	1	1
HOMSTM004525	23	14	1	2	1	4	2	3	1	1	1	1
HOMSTM004526	23	14	1	2	1	2	3	2	1	4	2	1
HOMSTM004527	23	14	1	1	2	2	2	2	2	2	1	1
HOMSTM004528	23	14	1	2	3	2	2	2	1	1	1	1
HOMSTM004529	23	14	1	2	1	2	1	4	1	4	1	2
HOMSTM004530	23	14	1	1	2	2	1	4	1	1	3	1
HOMSTM004544	22	14	1	2	1	1	1	3	1	4	2	1
HOMSTM004545	22	14	1	2	1	1	1	2	1	2	1	1
HOMSTM004546	22	14	1	1	1	2	2	5	2	2	1	1
HOMSTM004547	22	14	1	2	1	1	3	3	1	1	1	1
HOMSTM004548	22	14	1	2	1	4	1	2	1	1	1	1
HOMSTM004549	22	14	2	3	1	2	2	2	1	1	1	2
HOMSTM004550	22	14	1	1	3	2	4	1	2	2	1	1
HOMSTM004551	22	14	1	1	1	3	1	2	1	3	1	1
HOMSTM004555	22	14	1	1	1	3	1	2	2	1	1	1
HOMSTM004556	22	14	2	3	2	2	1	2	1	1	2	1
HOMSTM004557	22	14	1	4	1	2	1	4	1	2	1	1
HOMSTM004558	22	14	1	3	1	1	3	2	1	2	1	1
HOMSTM004561	22	14	2	2	1	2	2	2	1	2	1	1
HOMSTM004564	22	14	1	2	4	2	1	2	1	1	1	1
HOMSTM004566	22	14	1	2	1	2	1	5	1	2	1	1
HOMSTM004568	22	14	1	2	1	2	1	2	1	2	1	1
HOMSTM004570	22	14	1	1	1	3	1	2	1	1	1	1
HOMSTM004572	22	14	1	1	1	2	1	3	1	2	1	1
HOMSTM004574	22	14	2	2	1	2	2	1	1	5	1	1
HOMSTM004575	22	14	1	2	1	1	1	3	1	2	1	1
HOMSTM004576	22	14	1	2	1	1	2	2	1	4	2	1
HOMSTM004577	22	14	1	1	1	2	2	2	1	2	2	1
HOMSTM004579	22	14	1	1	1	1	2	2	1	3	1	1
HOMSTM004581	22	14	2	2	1	1	3	2	1	1	1	1
HOMSTM004582	22	14	1	2	1	2	1	2	2	2	3	1
HOMSTM004583	22	14	2	3	1	2	1	2	1	2	1	2
HOMSTM004584	22	14	1	3	1	3	1	2	1	4	1	1
HOMSTM004586	22	14	1	4	1	2	1	2	2	2	1	2
HOMSTM004587	22	14	1	3	2	1	1	2	2	1	3	1
HOMSTM004591	22	14	2	1	1	4	1	2	1	3	2	1
HOMSTM004592	22	14	2	5	1	2	1	2	1	2	1	1
HOMSTM004593	22	14	1	2	1	2	2	4	1	2	1	2
HOMSTM004594	22	14	1	1	1	1	4	2	1	3	2	2
HOMSTM004595	22	14	1	3	1	2	1	2	1	2	1	1
HOMSTM004597	22	14	1	1	1	1	1	3	1	1	1	1
HOMSTM004598	22	14	1	2	1	1	2	1	2	1	1	2
HOMSTM004599	22	14	1	3	2	2	2	2	2	1	1	1
HOMSTM004600	22	14	1	2	2	1	2	2	1	4	2	1
HOMSTM004602	22	14	1	1	3	1	1	2	1	5	1	1
HOMSTM004603	22	14	1	1	2	3	1	2	1	2	1	1
HOMSTM004604	22	14	1	2	1	2	2	3	1	3	1	1
HOMSTM004605	22	14	2	4	1	2	1	2	1	2	1	1
HOMSTM004606	22	14	2	2	1	2	2	3	1	1	1	3
HOMSTM004608	22	14	2	3	1	1	1	2	1	2	1	1
HOMSTM004610	22	14	1	3	3	2	1	2	1	2	1	1
HOMSTM004611	22	14	1	2	1	1	1	4	1	4	1	1
HOMSTM004615	22	14	1	1	2	1	2	4	2	2	2	1
HOMSTM004616	22	14	1	3	1	3	2	2	1	2	1	1
HOMSTM004617	22	14	1	2	1	2	2	2	1	1	2	2
HOMSTM004619	22	14	2	2	1	2	1	2	1	3	1	1
HOMSTM004620	22	14	1	1	1	1	1	2	1	1	8	1
HOMSTM004621	22	14	1	1	3	2	1	4	1	2	1	1
HOMSTM004622	22	14	2	2	1	4	1	2	1	2	1	2
HOMSTM004623	22	14	2	3	1	2	1	2	1	1	1	2
HOMSTM004624	22	14	2	3	1	2	1	2	1	3	1	1
HOMSTM004625	22	14	1	2	2	2	1	2	1	1	2	1
HOMSTM004626	22	14	1	1	1	1	4	2	1	2	1	1
HOMSTM004628	22	14	1	1	1	1	2	2	3	2	2	1
HOMSTM004629	22	14	1	1	2	2	1	3	2	1	1	2
HOMSTM004630	22	14	1	1	1	4	3	4	1	1	1	1
HOMSTM004631	22	14	2	2	1	2	1	2	1	2	1	1
HOMSTM004633	22	14	2	2	1	2	3	2	2	2	1	1
HOMSTM004634	22	14	1	1	2	2	1	2	1	2	2	1
HOMSTM004636	22	14	1	2	1	2	3	3	1	2	1	1
HOMSTM004637	22	14	2	2	2	1	1	3	2	1	2	1
HOMSTM004638	22	14	2	2	2	2	1	3	1	3	1	1
HOMSTM004640	22	14	1	3	1	2	1	2	1	1	1	2
HOMSTM004641	22	14	1	2	1	1	4	2	1	2	1	1
HOMSTM004644	22	14	1	1	1	2	1	2	2	2	3	1
HOMSTM004645	22	14	1	1	1	3	1	2	1	2	4	1
HOMSTM004646	22	14	2	2	2	2	1	2	1	1	2	1
HOMSTM004647	22	14	1	2	1	2	1	2	1	3	1	1
HOMSTM004648	22	14	2	3	1	1	1	3	1	3	1	1
HOMSTM004649	22	14	2	2	1	2	1	3	2	2	1	1
HOMSTM004650	22	14	1	2	1	2	2	4	1	2	1	2
HOMSTM004653	22	14	1	1	2	1	1	2	1	6	1	1
HOMSTM004656	22	14	1	1	2	2	1	3	2	2	1	1
HOMSTM004657	22	14	2	1	1	3	4	2	1	1	1	1
HOMSTM004659	22	14	1	1	1	2	4	2	1	4	1	1
HOMSTM004660	22	14	1	1	1	1	1	2	2	3	2	1
HOMSTM004663	22	14	1	2	2	1	1	2	1	6	1	1
HOMSTM004664	22	14	1	3	1	2	1	2	1	5	1	1
HOMSTM004666	22	14	2	1	1	2	5	2	1	2	1	1
HOMSTM004668	22	14	1	2	1	2	1	2	1	3	2	2
HOMSTM004670	22	14	1	3	2	1	1	2	1	2	1	1
HOMSTM004672	22	14	1	2	1	2	1	2	1	3	1	2
HOMSTM004673	22	14	2	3	1	1	1	3	1	2	1	1
HOMSTM004674	22	14	2	2	1	1	1	3	1	1	3	2
HOMSTM004675	22	14	1	2	1	1	1	3	1	2	1	4
HOMSTM004676	22	14	1	1	1	1	1	1	1	2	6	2
HOMSTM004678	22	14	2	4	1	2	1	2	1	2	1	1
HOMSTM004679	22	14	2	3	1	2	1	2	1	3	1	1
HOMSTM004682	22	14	1	2	1	2	1	2	2	2	1	1
HOMSTM004685	22	14	1	1	1	4	1	3	1	4	1	1
HOMSTM004686	22	14	1	1	1	2	1	2	1	2	1	1
HOMSTM004689	22	14	1	2	1	2	1	2	1	2	1	1
HOMSTM004691	22	14	1	1	5	1	1	1	1	2	1	2
HOMSTM004694	22	14	1	1	1	1	1	2	2	1	2	2
HOMSTM004697	22	14	2	2	2	1	1	2	1	2	1	2
HOMSTM004698	22	14	1	1	2	1	2	2	1	4	2	1
HOMSTM004699	22	14	2	1	1	2	1	2	1	1	1	1
HOMSTM004700	22	14	2	1	1	1	4	2	1	4	1	1
HOMSTM004701	22	14	3	2	1	1	1	2	1	1	1	1
HOMSTM004702	22	14	1	2	1	2	1	2	1	2	1	2
HOMSTM004704	22	14	1	2	1	2	3	3	1	3	1	1
HOMSTM004706	22	14	1	2	2	1	1	2	2	3	1	1
HOMSTM004708	22	14	3	2	1	2	2	3	1	2	1	1
HOMSTM004709	22	14	1	2	2	2	1	2	1	2	1	1
HOMSTM004713	22	14	2	1	3	3	2	2	1	2	1	1
HOMSTM004714	22	14	1	1	1	1	2	1	1	3	2	2
HOMSTM004715	22	14	1	1	2	1	1	1	1	3	5	1
HOMSTM004717	22	14	2	2	1	1	2	4	1	2	1	1
HOMSTM004718	22	14	1	2	1	2	1	4	2	2	1	2
HOMSTM004719	22	14	2	1	1	1	1	2	1	3	2	1
HOMSTM004720	22	14	1	2	1	2	1	2	1	3	1	1
HOMSTM004721	22	14	1	2	1	1	2	4	1	3	1	1
HOMSTM004722	22	14	1	2	1	2	2	4	1	3	1	1
HOMSTM004723	22	14	1	1	1	3	2	2	4	2	1	1
HOMSTM004724	22	14	2	4	1	2	1	4	1	1	1	1
HOMSTM004725	22	14	1	1	2	1	1	2	2	2	3	2
HOMSTM004726	22	14	1	3	1	1	1	4	1	4	1	1
HOMSTM004727	22	14	1	1	1	1	1	3	1	2	2	4
HOMSTM004728	22	14	1	1	1	2	3	2	1	2	3	1
HOMSTM004730	22	14	1	1	4	1	3	2	1	3	1	1
HOMSTM004731	22	14	1	2	2	1	1	4	1	3	1	1
HOMSTM004732	22	14	1	1	1	2	2	4	1	2	1	1
HOMSTM004734	22	14	2	3	2	1	1	2	1	1	2	2
HOMSTM004735	22	14	2	3	1	2	1	2	1	4	1	1
HOMSTM004736	22	14	1	1	2	2	1	2	1	3	1	1
HOMSTM004737	22	14	1	1	1	2	1	5	1	1	1	2
HOMSTM004739	22	14	1	2	1	2	2	3	1	4	1	1
HOMSTM004741	22	14	1	1	1	3	1	3	1	1	1	1
HOMSTM004747	22	14	1	1	1	2	2	4	1	1	1	1
HOMSTM004748	22	14	1	2	2	1	2	1	1	1	3	1
HOMSTM004749	22	14	1	1	1	7	1	2	1	2	1	1
HOMSTM004751	22	14	1	1	2	2	2	5	1	2	1	1
HOMSTM004752	22	14	1	2	2	1	3	3	1	3	1	1
HOMSTM004754	22	14	1	2	1	1	3	2	2	2	1	1
HOMSTM004755	22	14	2	3	1	2	3	3	1	1	1	1
HOMSTM004756	22	14	1	2	1	2	1	2	1	2	1	1
HOMSTM004757	22	14	1	2	1	1	1	4	1	1	2	1
HOMSTM004758	22	14	1	2	1	2	1	3	1	2	1	1
HOMSTM004760	22	14	1	1	1	3	1	3	1	2	2	1
HOMSTM004761	22	14	3	1	1	1	2	2	1	1	1	1
HOMSTM004763	22	14	1	2	1	2	1	2	1	2	1	1
HOMSTM004766	22	14	1	1	3	2	1	2	1	3	1	1
HOMSTM004767	22	14	2	2	1	3	2	2	1	2	1	1
HOMSTM004768	22	14	2	2	1	2	2	2	3	2	1	1
HOMSTM004769	22	14	1	1	1	2	1	3	1	2	1	2
HOMSTM004771	22	14	3	3	1	1	1	3	1	2	1	1
HOMSTM004772	22	14	2	2	2	2	1	2	1	1	1	1
HOMSTM004773	22	14	1	2	1	2	1	3	1	3	1	3
HOMSTM004774	22	14	2	3	1	2	1	2	1	3	2	1
HOMSTM004775	22	14	1	1	3	2	1	2	1	2	1	1
HOMSTM004776	22	14	1	1	2	2	2	4	1	2	1	1
HOMSTM004777	22	14	1	1	1	1	1	1	1	3	1	7
HOMSTM004779	22	14	1	1	2	1	1	2	1	3	1	1
HOMSTM004780	22	14	1	2	1	1	1	2	1	3	1	1
HOMSTM004782	22	14	2	2	3	2	1	2	1	2	1	1
HOMSTM004784	22	14	2	2	1	2	2	2	1	2	1	1
HOMSTM004786	22	14	1	3	1	2	2	2	1	3	1	1
HOMSTM004787	22	14	1	1	1	1	1	2	1	2	3	1
HOMSTM004788	22	14	1	2	1	1	1	2	1	2	1	2
HOMSTM004789	22	14	1	2	1	2	1	2	2	3	1	1
HOMSTM004791	22	14	1	1	3	1	1	4	1	4	1	1
HOMSTM004792	22	14	1	2	1	2	1	3	1	2	3	1
HOMSTM004794	22	14	1	2	1	2	1	2	1	2	2	2
HOMSTM004795	22	14	1	2	1	2	1	2	1	3	2	1
HOMSTM004796	22	14	1	2	1	1	1	2	1	5	1	1
HOMSTM004797	22	14	1	2	1	2	3	2	1	1	1	1
HOMSTM004798	22	14	1	2	1	2	1	4	1	1	1	1
HOMSTM004800	22	14	1	1	1	1	2	2	1	3	1	1
HOMSTM004802	22	14	1	2	1	1	4	2	1	2	3	1
HOMSTM004803	22	14	1	3	1	2	1	2	1	4	1	1
HOMSTM004804	22	14	1	1	1	3	1	2	2	3	3	1
HOMSTM004807	22	14	1	3	2	1	3	3	1	2	1	1
HOMSTM004808	22	14	1	2	1	3	3	2	2	2	1	1
HOMSTM004810	22	14	1	3	1	2	1	2	1	1	1	5
HOMSTM004811	22	14	2	3	1	3	1	2	1	2	1	1
HOMSTM004813	22	14	2	2	1	1	1	2	1	1	1	6
HOMSTM004814	22	14	1	1	3	3	1	2	1	2	1	1
HOMSTM004815	22	14	1	3	1	1	1	3	1	4	1	1
HOMSTM004816	22	14	1	2	1	2	1	2	2	5	1	1
HOMSTM004818	22	14	1	2	1	3	2	2	1	1	2	1
HOMSTM004819	22	14	1	1	1	4	1	2	1	2	1	1
HOMSTM004820	22	14	1	1	1	2	3	2	1	1	1	1
HOMSTM004821	22	14	1	2	2	2	1	2	2	2	2	2
HOMSTM004822	22	14	1	1	1	2	2	3	1	3	1	3
HOMSTM004823	22	14	1	2	1	2	1	3	1	3	1	1
HOMSTM004824	22	14	1	2	1	1	1	3	1	2	1	3
HOMSTM004825	22	14	1	2	1	2	2	2	1	1	1	1
HOMSTM004826	22	14	1	2	1	2	1	2	3	2	1	1
HOMSTM004827	22	14	1	1	2	1	5	2	2	2	1	1
HOMSTM004828	22	14	1	2	1	2	1	2	1	3	1	1
HOMSTM004829	22	14	1	3	1	3	1	2	1	2	1	1
HOMSTM004830	22	14	1	3	1	2	1	4	1	1	1	1
HOMSTM004831	22	14	1	2	2	1	2	2	1	2	1	1
HOMSTM004832	22	14	1	2	1	3	1	2	1	4	1	2
HOMSTM004834	22	14	1	2	1	2	1	2	1	4	1	2
HOMSTM004844	21	14	1	2	2	2	1	2	2	1	1	1
HOMSTM004846	21	14	1	1	3	1	1	3	1	2	1	2
HOMSTM004851	21	14	1	2	1	2	1	3	2	2	1	1
HOMSTM004852	21	14	1	2	1	3	1	2	1	4	1	1
HOMSTM004853	21	14	1	1	1	4	1	2	1	2	1	2
HOMSTM004854	21	14	1	1	1	2	1	4	1	2	2	1
HOMSTM004855	21	14	1	1	2	2	1	1	2	3	1	1
HOMSTM004856	21	14	2	1	1	2	1	2	1	2	1	1
HOMSTM004858	21	14	1	1	1	1	1	1	1	2	1	1
HOMSTM004860	21	14	1	2	1	1	1	2	1	2	1	2
HOMSTM004861	21	14	1	2	1	1	1	1	2	2	1	2
HOMSTM004863	21	14	1	2	1	5	1	2	1	1	1	1
HOMSTM004864	21	14	1	2	1	2	1	5	1	1	1	2
HOMSTM004867	21	14	1	1	1	1	2	2	1	3	2	1
HOMSTM004868	21	14	1	2	1	1	2	3	1	2	1	2
HOMSTM004869	21	14	2	3	1	2	1	2	1	2	1	2
HOMSTM004870	21	14	1	2	1	1	2	2	1	4	1	1
HOMSTM004871	21	14	1	3	1	2	1	3	2	1	1	1
HOMSTM004873	21	14	1	2	3	1	1	2	1	2	1	2
HOMSTM004874	21	14	1	2	1	4	1	2	1	3	1	1
HOMSTM004875	21	14	1	2	1	2	1	2	1	2	1	1
HOMSTM004876	21	14	1	1	1	2	1	3	1	3	1	2
HOMSTM004878	21	14	1	1	1	1	1	2	2	2	1	2
HOMSTM004879	21	14	1	3	2	3	2	2	1	1	1	1
HOMSTM004880	21	14	1	1	1	2	1	2	1	2	1	2
HOMSTM004881	21	14	2	2	1	2	1	2	2	1	1	1
HOMSTM004883	21	14	1	1	1	1	1	3	1	2	1	2
HOMSTM004884	21	14	1	1	1	1	2	2	1	2	1	1
HOMSTM004886	21	14	1	1	1	3	2	2	3	1	1	1
HOMSTM004887	21	14	1	2	1	6	1	1	1	2	1	1
HOMSTM004889	21	14	1	1	1	1	1	2	1	1	1	4
HOMSTM004890	21	14	1	2	1	1	1	2	1	2	1	1
HOMSTM004891	21	14	2	2	1	2	3	2	1	1	1	1
HOMSTM004892	21	14	1	1	1	2	1	2	1	3	1	1
HOMSTM004893	21	14	1	3	1	2	1	2	1	3	1	1
HOMSTM004894	21	14	1	1	2	2	1	2	2	1	2	2
HOMSTM004895	21	14	1	4	1	1	1	2	1	2	1	1
HOMSTM004896	21	14	1	1	1	2	3	1	1	3	1	1
HOMSTM004897	21	14	1	2	3	1	1	2	1	2	1	1
HOMSTM004898	21	14	1	1	1	2	1	2	1	3	1	1
HOMSTM004899	21	14	2	1	1	2	2	2	2	1	1	1
HOMSTM004900	21	14	2	2	2	2	1	3	1	2	1	1
HOMSTM004901	21	14	1	2	3	2	1	2	1	2	1	1
HOMSTM004903	21	14	1	1	1	2	1	3	1	2	2	1
HOMSTM004906	21	14	1	2	1	2	1	3	1	2	1	1
HOMSTM004907	21	14	3	3	1	1	1	2	1	2	1	1
HOMSTM004908	21	14	1	2	1	2	1	3	1	4	1	1
HOMSTM004911	21	14	1	2	1	2	2	2	1	3	1	1
HOMSTM004913	21	14	1	1	2	2	1	2	1	3	1	1
HOMSTM004914	21	14	1	4	1	2	1	2	1	2	1	2
HOMSTM004916	21	14	1	1	3	4	1	2	1	1	1	1
HOMSTM004917	21	14	1	2	1	2	1	4	1	2	1	1
HOMSTM004918	21	14	1	2	1	3	2	2	1	2	1	2
HOMSTM004922	21	14	1	2	2	2	1	2	1	1	1	2
HOMSTM004923	21	14	2	4	1	2	1	3	1	1	1	1
HOMSTM004925	21	14	1	1	1	2	1	2	1	1	1	1
HOMSTM004927	21	14	1	2	1	3	3	3	1	1	1	1
HOMSTM004928	21	14	1	2	1	1	5	3	1	1	1	1
HOMSTM004929	21	14	1	2	1	2	2	2	1	1	1	1
HOMSTM004931	21	14	2	1	2	2	1	3	1	2	1	2
HOMSTM004932	21	14	2	2	1	2	1	2	1	2	1	3
HOMSTM004935	21	14	1	4	1	1	2	2	1	2	1	1
HOMSTM004937	21	14	1	5	1	2	1	2	1	1	1	1
HOMSTM004938	21	14	1	2	1	2	3	1	2	3	1	1
HOMSTM004939	21	14	2	2	1	2	1	2	1	2	1	1
HOMSTM004940	21	14	1	1	1	2	1	3	1	4	1	1
HOMSTM004944	21	14	1	1	2	1	1	3	1	3	1	1
HOMSTM004948	21	14	1	1	1	2	1	2	1	6	1	1
HOMSTM004951	21	14	2	2	1	2	1	2	1	1	1	2
HOMSTM004952	21	14	1	2	1	2	2	3	1	2	1	1
HOMSTM004954	21	14	2	2	1	2	1	3	1	2	1	1
HOMSTM004955	21	14	1	1	1	2	1	3	1	1	1	1
HOMSTM004956	21	14	1	2	2	1	1	4	1	1	3	1
HOMSTM004957	21	14	1	1	1	3	1	2	1	2	3	1
HOMSTM004958	21	14	1	1	1	2	1	2	1	2	1	1
HOMSTM004960	21	14	1	3	1	2	1	2	1	4	1	1
HOMSTM004961	21	14	1	2	1	2	2	3	1	3	1	1
HOMSTM004962	21	14	1	2	1	2	2	2	1	2	1	2
HOMSTM004964	21	14	2	4	1	2	1	1	1	2	1	1
HOMSTM004966	21	14	1	2	1	1	1	3	4	2	1	1
HOMSTM004967	21	14	2	2	1	2	1	2	1	3	1	1
HOMSTM004968	21	14	1	1	2	1	1	4	2	1	1	2
HOMSTM004970	21	14	2	2	1	2	1	2	1	3	1	1
HOMSTM004971	21	14	1	1	1	3	2	3	1	2	1	1
HOMSTM004973	21	14	1	1	2	1	1	1	1	1	1	1
HOMSTM004974	21	14	1	1	1	1	3	4	1	2	1	2
HOMSTM004975	21	14	2	2	1	1	1	2	2	2	1	2
HOMSTM004976	21	14	1	4	3	1	1	2	1	1	1	1
HOMSTM004977	21	14	1	1	1	3	1	2	1	1	1	4
HOMSTM004979	21	14	1	1	1	1	3	3	1	3	1	1
HOMSTM004980	21	14	2	2	1	2	1	3	1	3	1	1
HOMSTM004983	21	14	1	1	2	2	1	2	2	3	1	1
HOMSTM004984	21	14	1	1	1	2	1	2	3	2	1	3
HOMSTM004985	21	14	1	2	1	2	2	5	1	1	1	1
HOMSTM004986	21	14	1	1	1	1	1	3	1	2	1	1
HOMSTM004987	21	14	1	1	1	1	1	2	1	2	2	2
HOMSTM004988	21	14	1	1	2	1	1	2	1	1	6	1
HOMSTM004990	21	14	1	1	1	1	1	2	1	4	1	2
HOMSTM004991	21	14	1	1	1	2	2	3	3	1	1	2
HOMSTM004992	21	14	1	2	1	3	1	2	2	2	1	1
HOMSTM004993	21	14	1	2	2	1	1	3	1	1	1	3
HOMSTM004996	21	14	1	1	1	2	3	4	1	1	1	2
HOMSTM004998	21	14	2	3	1	2	1	2	1	2	1	1
HOMSTM005001	21	14	1	1	1	2	1	2	1	1	1	2
HOMSTM005002	21	14	1	1	1	4	1	2	1	2	1	2
HOMSTM005004	21	14	1	1	1	2	2	2	1	3	1	1
HOMSTM005005	21	14	1	2	1	2	1	2	1	3	1	2
HOMSTM005006	21	14	1	2	3	1	1	4	1	1	1	1
HOMSTM005007	21	14	2	2	2	2	1	2	1	1	2	2
HOMSTM005009	21	14	1	2	3	1	2	4	1	1	1	1
HOMSTM005010	21	14	1	1	1	2	2	2	1	3	2	1
HOMSTM005012	21	14	1	2	1	2	1	3	1	2	1	2
HOMSTM005013	21	14	2	4	1	2	1	2	1	1	1	1
HOMSTM005014	21	14	1	2	1	2	1	3	1	1	1	1
HOMSTM005016	21	14	1	2	2	3	1	1	1	2	1	1
HOMSTM005018	21	14	1	1	3	3	1	2	1	1	2	2
HOMSTM005020	21	14	1	2	1	3	1	2	2	2	1	1
HOMSTM005021	21	14	2	2	2	2	2	3	1	1	1	1
HOMSTM005022	21	14	2	2	1	2	1	3	1	1	1	1
HOMSTM005024	21	14	1	1	1	2	1	3	1	2	1	3
HOMSTM005026	21	14	1	2	1	1	1	2	1	1	1	1
HOMSTM005027	21	14	1	2	2	2	1	3	2	2	1	1
HOMSTM005028	21	14	1	1	1	2	3	2	1	3	1	1
HOMSTM005029	21	14	1	2	1	2	1	2	1	4	1	1
HOMSTM005031	21	14	1	1	1	4	1	2	1	4	1	1
HOMSTM005032	21	14	1	1	1	2	1	2	1	2	1	5
HOMSTM005033	21	14	1	1	1	1	3	2	1	3	1	2
HOMSTM005034	21	14	1	1	1	2	2	2	1	2	1	1
HOMSTM005036	21	14	1	2	1	2	1	3	1	2	1	1
HOMSTM005038	21	14	1	2	1	2	1	2	1	2	1	2
HOMSTM005039	21	14	1	1	1	1	1	1	1	1	1	1
HOMSTM005040	21	14	1	2	1	1	1	4	1	2	1	1
HOMSTM005041	21	14	1	3	1	2	1	3	1	1	1	2
HOMSTM005042	21	14	1	1	2	1	1	1	1	4	1	2
HOMSTM005043	21	14	1	1	1	2	1	3	1	2	1	1
HOMSTM005045	21	14	1	1	1	1	1	2	1	2	2	2
HOMSTM005046	21	14	1	1	1	2	1	2	1	5	1	2
HOMSTM005047	21	14	2	2	1	2	3	2	1	1	1	1
HOMSTM005048	21	14	1	2	1	1	1	3	1	3	1	1
HOMSTM005051	21	14	1	1	1	1	4	1	1	2	1	1
HOMSTM005052	21	14	1	2	1	1	1	2	1	2	2	2
HOMSTM005053	21	14	1	5	1	2	1	2	1	1	1	1
HOMSTM005054	21	14	1	2	1	2	1	2	1	2	1	1
HOMSTM005056	21	14	1	2	1	1	2	3	1	3	1	1
HOMSTM005057	21	14	1	2	1	2	1	3	2	2	1	1
HOMSTM005058	21	14	1	4	1	2	1	2	1	2	1	1
HOMSTM005059	21	14	1	2	1	2	1	3	1	4	1	1
HOMSTM005061	21	14	1	1	2	2	2	4	1	1	1	1
HOMSTM005062	21	14	1	1	1	2	1	3	1	1	2	3
HOMSTM005063	21	14	1	2	1	2	1	3	1	2	1	2
HOMSTM005065	21	14	1	2	1	2	1	2	1	2	1	1
HOMSTM005066	21	14	2	2	1	1	1	2	1	5	1	1
HOMSTM005069	21	14	1	2	1	2	2	3	2	1	1	1
HOMSTM005070	21	14	1	2	1	2	1	2	2	2	2	2
HOMSTM005071	21	14	1	1	1	3	2	4	1	2	1	1
HOMSTM005073	21	14	1	2	1	2	1	2	1	1	2	1
HOMSTM005074	21	14	1	2	2	2	2	4	1	1	1	1
HOMSTM005075	21	14	1	1	1	2	1	1	1	6	1	1
HOMSTM005076	21	14	1	1	2	1	2	3	2	3	1	1
HOMSTM005077	21	14	1	1	1	1	1	4	1	4	2	1
HOMSTM005078	21	14	1	2	2	2	1	2	1	3	1	1
HOMSTM005079	21	14	1	3	1	3	1	2	1	2	1	1
HOMSTM005080	21	14	1	2	1	2	1	2	1	2	1	1
HOMSTM005084	21	14	1	2	1	2	1	2	1	3	1	1
HOMSTM005086	21	14	1	2	1	1	1	2	1	4	1	1
HOMSTM005087	21	14	1	1	2	1	1	3	1	2	1	1
HOMSTM005089	21	14	1	2	1	2	2	2	1	3	1	2
HOMSTM005090	21	14	1	3	2	1	1	2	1	3	2	1
HOMSTM005091	21	14	1	2	1	2	1	2	1	4	1	1
HOMSTM005093	21	14	1	3	1	2	1	2	1	2	1	1
HOMSTM005098	21	14	1	1	1	2	1	2	1	3	2	1
HOMSTM005099	21	14	1	2	1	2	1	2	1	2	3	1
HOMSTM005100	21	14	1	1	2	1	1	3	1	2	1	1
HOMSTM005101	21	14	1	1	1	2	2	4	1	2	1	1
HOMSTM005102	21	14	2	1	1	2	1	1	1	4	1	1
HOMSTM005104	21	14	1	3	1	2	1	2	1	1	3	1
HOMSTM005105	21	14	1	3	1	2	1	2	1	2	1	3
HOMSTM005106	21	14	1	3	1	1	2	2	1	2	1	1
HOMSTM005109	21	14	1	3	1	2	2	3	1	2	1	1
HOMSTM005111	21	14	1	1	1	1	1	3	2	3	1	1
HOMSTM005113	21	14	1	2	2	2	1	2	1	3	1	1
HOMSTM005114	21	14	1	3	2	2	1	2	2	2	1	1
HOMSTM005115	21	14	1	1	1	2	1	1	1	3	3	1
HOMSTM005116	21	14	1	3	1	1	2	4	1	1	1	1
HOMSTM005117	21	14	2	3	1	2	1	2	1	1	1	1
HOMSTM005118	21	14	1	2	2	1	1	3	1	2	1	1
HOMSTM005119	21	14	1	1	1	4	1	5	1	1	1	1
HOMSTM005120	21	14	1	2	1	2	1	2	1	2	1	2
HOMSTM005121	21	14	1	2	1	1	1	2	1	2	1	1
HOMSTM005123	21	14	1	2	1	3	3	3	1	1	1	1
HOMSTM005124	21	14	1	2	1	1	2	2	2	1	1	2
HOMSTM005125	21	14	1	2	1	2	2	2	4	1	1	1
HOMSTM005127	21	14	1	2	1	1	1	2	2	3	1	1
HOMSTM005128	21	14	1	2	1	3	1	2	3	2	1	1
HOMSTM005129	21	14	1	3	1	2	1	2	1	2	1	2
HOMSTM005130	21	14	1	2	1	1	1	1	2	2	2	1
HOMSTM005131	21	14	1	1	1	1	2	2	1	2	1	1
HOMSTM005132	21	14	1	2	1	2	1	3	1	3	1	2
HOMSTM005135	21	14	1	3	1	2	2	2	1	2	1	2
HOMSTM005136	21	14	1	1	1	1	1	2	2	3	1	3
HOMSTM005139	21	14	1	1	1	2	1	2	1	3	1	1
HOMSTM005142	21	14	1	2	1	1	1	2	1	2	1	3
HOMSTM005143	21	14	1	3	2	1	1	2	1	4	1	1
HOMSTM005144	21	14	1	1	1	2	4	2	1	2	1	1
HOMSTM005145	21	14	1	1	1	1	2	2	1	4	3	1
HOMSTM005147	21	14	1	2	1	2	3	2	1	2	1	1
HOMSTM005148	21	14	1	1	1	2	1	6	1	1	1	1
HOMSTM005149	21	14	1	1	2	2	1	1	1	1	1	6
HOMSTM005150	21	14	1	2	1	2	1	4	1	3	1	1
HOMSTM005151	21	14	1	2	1	2	1	2	1	1	1	2
HOMSTM005153	21	14	1	2	1	1	3	2	1	2	2	1
HOMSTM005154	21	14	1	1	2	1	1	5	1	1	1	1
HOMSTM005155	21	14	1	1	1	1	1	3	1	2	1	1
HOMSTM005156	21	14	1	2	2	2	1	1	1	3	2	2
HOMSTM005159	21	14	1	1	1	2	1	2	1	2	1	1
HOMSTM005160	21	14	1	2	1	1	3	2	1	4	1	1
HOMSTM005162	21	14	1	1	1	2	1	3	2	3	1	1
HOMSTM005164	21	14	1	1	1	1	1	2	4	2	1	2
HOMSTM005166	21	14	1	3	2	1	1	2	1	1	2	1
HOMSTM005167	21	14	1	2	1	2	2	1	3	2	1	1
HOMSTM005168	21	14	1	1	4	2	1	3	1	2	1	1
HOMSTM005169	21	14	1	2	1	2	1	2	1	3	2	1
HOMSTM005170	21	14	1	1	1	2	1	3	1	3	1	1
HOMSTM005171	21	14	1	2	1	1	2	4	1	2	1	1
HOMSTM005172	21	14	1	3	1	2	1	2	1	2	1	1
HOMSTM005173	21	14	1	1	1	3	1	2	2	4	1	1
HOMSTM005175	21	14	1	1	1	2	1	2	1	4	1	2
HOMSTM005176	21	14	1	2	1	2	1	2	1	5	1	1
HOMSTM005177	21	14	1	2	1	2	1	2	1	1	2	1
HOMSTM005181	21	14	1	2	1	2	2	1	1	4	1	1
HOMSTM005182	21	14	1	1	1	3	3	3	1	1	1	1
HOMSTM005184	21	14	1	1	2	2	1	2	2	3	1	1
HOMSTM005185	21	14	1	1	1	3	2	3	1	2	2	1
HOMSTM005186	21	14	1	2	1	2	1	2	1	3	1	2
HOMSTM005204	20	14	2	1	1	1	1	5	1	1	2	1
HOMSTM005205	20	14	1	2	2	1	1	4	1	2	1	1
HOMSTM005206	20	14	2	3	1	2	1	2	1	2	1	1
HOMSTM005208	20	14	1	1	1	1	1	2	1	3	1	1
HOMSTM005210	20	14	1	4	1	2	1	3	1	1	1	1
HOMSTM005211	20	14	1	2	1	1	1	2	1	2	1	2
HOMSTM005212	20	14	2	1	2	1	1	2	2	2	1	1
HOMSTM005213	20	14	1	1	1	2	3	2	1	2	2	1
HOMSTM005216	20	14	2	1	1	3	1	3	1	1	2	1
HOMSTM005217	20	14	1	2	1	1	1	3	2	3	1	1
HOMSTM005218	20	14	1	1	1	2	1	3	1	2	1	3
HOMSTM005219	20	14	1	2	1	2	1	2	2	2	2	1
HOMSTM005220	20	14	1	1	1	2	3	3	1	1	1	1
HOMSTM005221	20	14	1	1	2	2	1	2	2	2	2	1
HOMSTM005223	20	14	1	1	1	1	4	1	1	2	1	1
HOMSTM005224	20	14	1	1	1	2	1	2	1	1	1	1
HOMSTM005225	20	14	1	2	1	2	1	2	1	4	1	1
HOMSTM005226	20	14	1	1	1	1	2	2	1	4	2	1
HOMSTM005228	20	14	1	2	1	2	1	2	1	2	1	1
HOMSTM005230	20	14	1	2	1	2	1	2	1	2	1	1
HOMSTM005231	20	14	1	1	1	1	1	4	1	1	1	1
HOMSTM005233	20	14	1	2	1	2	1	2	2	2	1	1
HOMSTM005235	20	14	1	1	1	1	2	2	1	4	1	2
HOMSTM005239	20	14	1	1	2	2	1	2	1	3	2	1
HOMSTM005241	20	14	1	1	1	2	1	3	1	4	1	1
HOMSTM005243	20	14	2	4	1	1	2	2	1	1	1	1
HOMSTM005244	20	14	1	1	1	1	3	2	1	4	1	1
HOMSTM005245	20	14	1	1	1	1	2	4	1	3	1	1
HOMSTM005246	20	14	1	2	1	2	1	4	1	2	1	1
HOMSTM005247	20	14	1	1	2	2	1	2	1	2	1	1
HOMSTM005249	20	14	1	2	1	2	1	2	1	3	1	1
HOMSTM005250	20	14	1	2	2	1	1	2	1	3	1	1
HOMSTM005251	20	14	1	1	1	2	1	2	1	5	1	1
HOMSTM005252	20	14	1	1	1	2	2	1	1	1	1	2
HOMSTM005253	20	14	1	1	1	1	1	1	1	1	1	2
HOMSTM005254	20	14	1	2	1	1	1	3	1	3	1	1
HOMSTM005255	20	14	1	2	1	2	1	2	1	3	1	1
HOMSTM005256	20	14	1	1	2	1	1	2	2	2	1	1
HOMSTM005260	20	14	1	3	1	2	2	2	1	2	1	1
HOMSTM005262	20	14	1	2	1	4	1	1	1	3	1	1
HOMSTM005263	20	14	1	1	1	1	1	2	1	1	1	1
HOMSTM005264	20	14	1	2	2	1	2	2	1	2	1	2
HOMSTM005265	20	14	1	1	1	1	1	2	1	1	1	4
HOMSTM005266	20	14	2	2	1	2	2	3	1	1	1	1
HOMSTM005267	20	14	1	1	2	2	1	2	1	2	1	1
HOMSTM005268	20	14	2	2	1	1	3	2	1	1	1	1
HOMSTM005269	20	14	1	1	1	2	2	2	1	1	1	1
HOMSTM005270	20	14	1	2	1	1	1	2	1	2	1	2
HOMSTM005271	20	14	1	3	1	2	1	2	1	2	1	1
HOMSTM005272	20	14	1	2	4	1	1	2	1	1	1	2
HOMSTM005273	20	14	1	2	1	2	1	2	1	2	1	1
HOMSTM005275	20	14	1	1	1	2	1	2	2	4	1	1
HOMSTM005276	20	14	1	1	3	1	2	1	1	1	2	1
HOMSTM005277	20	14	1	1	1	1	6	2	1	1	1	1
HOMSTM005278	20	14	1	3	1	2	1	3	2	1	1	1
HOMSTM005279	20	14	1	1	2	3	1	2	1	2	1	1
HOMSTM005281	20	14	1	2	1	1	1	2	1	1	1	1
HOMSTM005282	20	14	1	3	1	2	2	2	1	2	1	1
HOMSTM005283	20	14	1	2	1	1	1	2	1	1	1	2
HOMSTM005284	20	14	1	2	1	2	1	2	1	3	1	1
HOMSTM005286	20	14	1	4	1	1	1	2	1	1	1	1
HOMSTM005288	20	14	1	2	1	1	1	2	3	1	1	2
HOMSTM005289	20	14	2	2	2	1	1	2	1	3	1	1
HOMSTM005290	20	14	1	1	1	3	2	2	1	1	1	2
HOMSTM005292	20	14	1	1	1	1	1	1	1	2	1	1
HOMSTM005294	20	14	1	2	1	2	1	2	1	2	1	1
HOMSTM005295	20	14	1	1	1	1	2	3	1	2	1	1
HOMSTM005296	20	14	1	1	1	1	3	1	1	2	1	1
HOMSTM005301	20	14	1	2	1	3	1	2	2	1	1	1
HOMSTM005304	20	14	1	1	1	2	2	3	2	1	1	2
HOMSTM005305	20	14	1	2	3	2	2	2	1	1	1	1
HOMSTM005306	20	14	1	2	1	1	1	2	1	1	2	1
HOMSTM005307	20	14	1	2	1	2	1	2	1	2	1	1
HOMSTM005308	20	14	1	3	3	1	1	2	1	2	1	1
HOMSTM005309	20	14	2	1	2	1	1	2	1	2	1	1
HOMSTM005310	20	14	1	1	1	1	1	2	1	1	1	1
HOMSTM005311	20	14	1	1	1	1	4	3	1	1	1	1
HOMSTM005312	20	14	1	1	1	4	1	2	1	2	1	1
HOMSTM005313	20	14	2	2	1	2	1	4	1	1	1	1
HOMSTM005314	20	14	1	1	1	1	1	2	1	2	1	3
HOMSTM005315	20	14	1	1	1	1	3	2	2	3	1	1
HOMSTM005316	20	14	1	1	2	2	1	3	1	1	1	1
HOMSTM005321	20	14	1	1	1	1	1	1	2	1	5	2
HOMSTM005322	20	14	1	4	1	1	1	3	1	1	1	1
HOMSTM005323	20	14	1	1	1	2	3	3	1	1	1	2
HOMSTM005325	20	14	2	2	1	2	1	3	1	1	1	2
HOMSTM005329	20	14	1	3	1	2	1	2	1	1	1	1
HOMSTM005330	20	14	1	2	1	2	2	2	1	1	2	1
HOMSTM005331	20	14	1	1	1	1	4	1	2	1	1	1
HOMSTM005332	20	14	1	1	2	1	1	3	2	1	1	2
HOMSTM005333	20	14	1	1	3	1	1	2	1	2	1	2
HOMSTM005335	20	14	2	2	1	2	1	2	3	1	1	1
HOMSTM005340	20	14	1	2	1	1	2	3	1	2	1	1
HOMSTM005342	20	14	1	1	3	1	1	2	1	1	1	1
HOMSTM005346	20	14	1	2	1	1	2	5	1	1	1	1
HOMSTM005347	20	14	1	1	1	2	1	2	1	3	2	1
HOMSTM005349	20	14	1	1	1	1	1	3	1	3	1	2
HOMSTM005350	20	14	1	2	1	1	1	4	1	1	1	2
HOMSTM005351	20	14	2	4	1	2	1	2	1	1	1	1
HOMSTM005352	20	14	1	1	1	3	1	3	1	1	2	2
HOMSTM005353	20	14	1	1	3	1	2	2	1	3	1	1
HOMSTM005354	20	14	1	2	1	3	1	4	1	1	1	1
HOMSTM005355	20	14	2	1	1	1	2	2	1	3	1	1
HOMSTM005356	20	14	1	3	1	2	1	4	1	1	1	1
HOMSTM005357	20	14	1	1	1	2	1	3	1	1	2	1
HOMSTM005359	20	14	1	3	1	1	1	2	1	2	2	1
HOMSTM005360	20	14	1	1	3	2	2	2	1	1	1	1
HOMSTM005362	20	14	2	2	1	1	1	2	1	2	2	1
HOMSTM005363	20	14	2	1	1	1	1	2	1	2	2	1
HOMSTM005364	20	14	1	1	1	2	1	5	2	1	1	1
HOMSTM005365	20	14	1	1	1	1	3	3	2	1	1	2
HOMSTM005367	20	14	1	2	1	2	2	2	1	2	1	1
HOMSTM005368	20	14	1	2	1	1	4	2	1	1	2	1
HOMSTM005369	20	14	2	3	1	2	1	2	1	1	1	1
HOMSTM005370	20	14	1	2	2	1	1	3	1	1	1	2
HOMSTM005373	20	14	1	2	2	2	2	2	1	1	1	1
HOMSTM005374	20	14	1	1	1	2	1	4	1	3	1	1
HOMSTM005375	20	14	1	1	1	2	1	5	1	1	1	1
HOMSTM005376	20	14	2	2	1	3	1	2	1	1	1	1
HOMSTM005377	20	14	1	2	1	3	1	2	1	2	1	1
HOMSTM005379	20	14	1	3	1	2	1	2	1	2	1	1
HOMSTM005380	20	14	1	1	2	1	1	2	1	3	1	2
HOMSTM005381	20	14	2	1	1	1	1	1	1	2	1	2
HOMSTM005382	20	14	2	1	1	2	1	2	1	2	1	2
HOMSTM005385	20	14	1	1	1	1	1	5	1	2	1	1
HOMSTM005386	20	14	1	2	2	2	1	2	1	1	1	2
HOMSTM005388	20	14	1	1	2	2	1	2	1	4	1	1
HOMSTM005389	20	14	1	2	1	2	1	2	2	2	1	1
HOMSTM005391	20	14	1	2	1	2	1	3	1	2	1	1
HOMSTM005393	20	14	2	2	2	1	2	2	1	2	1	1
HOMSTM005395	20	14	1	1	3	1	2	1	1	4	1	1
HOMSTM005398	20	14	1	1	1	2	1	3	1	2	1	1
HOMSTM005401	20	14	1	2	1	1	1	2	1	4	1	1
HOMSTM005402	20	14	2	2	1	2	1	2	1	2	1	1
HOMSTM005403	20	14	1	3	1	1	1	3	1	2	1	2
HOMSTM005404	20	14	2	2	1	2	1	2	1	1	1	2
HOMSTM005405	20	14	1	2	1	2	1	3	1	1	1	1
HOMSTM005408	20	14	1	2	1	1	1	2	1	1	4	1
HOMSTM005409	20	14	1	1	1	1	1	2	1	5	1	1
HOMSTM005410	20	14	1	2	1	2	1	3	1	2	1	2
HOMSTM005412	20	14	1	1	1	2	1	2	1	1	1	1
HOMSTM005413	20	14	1	3	1	2	1	2	1	2	1	1
HOMSTM005414	20	14	1	1	1	1	2	2	3	3	1	1
HOMSTM005415	20	14	2	2	1	2	1	2	1	1	1	1
HOMSTM005416	20	14	1	2	2	3	1	2	1	1	1	1
HOMSTM005417	20	14	2	1	1	2	1	2	1	2	2	1
HOMSTM005418	20	14	1	1	3	1	1	1	3	1	1	1
HOMSTM005419	20	14	1	3	1	1	1	2	1	3	1	1
HOMSTM005420	20	14	1	2	1	2	1	2	2	3	1	1
HOMSTM005421	20	14	1	2	1	2	1	4	1	1	1	1
HOMSTM005423	20	14	1	1	1	1	2	2	1	2	2	1
HOMSTM005425	20	14	2	3	1	1	1	2	1	2	1	1
HOMSTM005426	20	14	1	1	1	1	2	2	2	3	2	1
HOMSTM005429	20	14	1	2	1	1	1	3	1	2	1	2
HOMSTM005430	20	14	1	1	1	3	1	2	2	2	1	1
HOMSTM005431	20	14	1	1	1	2	3	1	1	3	2	1
HOMSTM005433	20	14	1	1	2	1	2	2	1	3	1	1
HOMSTM005434	20	14	1	3	1	1	1	2	1	2	1	1
HOMSTM005435	20	14	1	2	2	2	1	3	1	1	1	1
HOMSTM005436	20	14	2	3	1	2	1	2	1	1	1	1
HOMSTM005440	20	14	1	2	1	1	2	2	1	2	2	1
HOMSTM005441	20	14	1	2	2	1	1	2	2	3	1	1
HOMSTM005442	20	14	2	1	2	1	1	2	2	1	1	1
HOMSTM005443	20	14	1	3	1	2	1	2	1	2	1	1
HOMSTM005444	20	14	1	1	1	2	1	2	1	3	1	1
HOMSTM005445	20	14	2	1	1	2	2	4	1	1	1	1
HOMSTM005446	20	14	1	2	2	2	1	2	1	1	2	1
HOMSTM005447	20	14	1	1	1	2	1	2	2	2	1	1
HOMSTM005448	20	14	1	1	1	1	5	1	1	1	1	1
HOMSTM005450	20	14	1	3	1	1	1	2	1	2	1	1
HOMSTM005452	20	14	1	2	2	2	1	3	1	2	1	1
HOMSTM005453	20	14	1	1	2	2	2	2	1	2	1	1
HOMSTM005455	20	14	1	3	1	2	1	2	1	2	1	1
HOMSTM005457	20	14	1	1	1	2	1	2	2	2	1	1
HOMSTM005458	20	14	1	1	1	3	2	2	1	1	1	1
HOMSTM005460	20	14	1	2	1	2	1	1	3	3	1	1
HOMSTM005461	20	14	1	1	1	1	1	2	1	4	1	2
HOMSTM005462	20	14	1	2	1	2	1	3	1	3	1	1
HOMSTM005464	20	14	1	3	2	1	1	2	1	2	2	1
HOMSTM005466	20	14	1	1	1	2	1	3	1	4	1	1
HOMSTM005467	20	14	1	1	1	1	3	1	1	3	1	1
HOMSTM005468	20	14	1	2	1	1	1	2	1	3	1	1
HOMSTM005471	20	14	1	2	1	1	4	2	1	1	1	1
HOMSTM005473	20	14	1	1	1	2	1	2	1	1	1	2
HOMSTM005474	20	14	1	2	1	2	1	4	1	2	1	1
HOMSTM005476	20	14	1	1	1	2	1	2	1	3	3	1
HOMSTM005477	20	14	1	1	1	1	4	2	1	2	1	2
HOMSTM005478	20	14	1	1	1	2	3	2	1	3	1	1
HOMSTM005479	20	14	1	1	1	2	1	2	1	4	1	1
HOMSTM005482	20	14	1	2	1	1	1	2	1	1	4	1
HOMSTM005483	20	14	1	3	1	2	1	2	1	1	2	1
HOMSTM005484	20	14	2	3	1	1	1	4	1	1	1	1
HOMSTM005485	20	14	1	1	2	1	1	2	2	3	1	2
HOMSTM005487	20	14	2	2	1	2	1	2	3	1	1	1
HOMSTM005488	20	14	1	1	2	1	1	3	1	2	1	3
HOMSTM005489	20	14	1	2	1	3	1	3	1	2	1	1
HOMSTM005490	20	14	1	1	1	1	1	3	2	3	1	1
HOMSTM005491	20	14	1	2	1	2	1	2	2	2	1	2
HOMSTM005492	20	14	1	2	1	1	1	2	1	1	1	1
HOMSTM005494	20	14	1	2	1	1	2	4	1	1	1	1
HOMSTM005496	20	14	2	2	1	1	1	3	1	2	1	1
HOMSTM005497	20	14	1	1	1	1	1	4	1	2	1	1
HOMSTM005498	20	14	1	1	1	3	4	1	1	1	1	1
HOMSTM005501	20	14	1	2	1	2	1	1	1	2	1	1
HOMSTM005503	20	14	1	2	1	1	2	4	1	1	1	1
HOMSTM005504	20	14	1	1	1	1	2	4	2	1	2	1
HOMSTM005508	20	14	1	2	1	1	1	2	1	4	2	1
HOMSTM005509	20	14	1	3	1	2	1	2	1	1	1	1
HOMSTM005511	20	14	1	1	1	1	2	2	2	3	2	1
HOMSTM005513	20	14	1	1	1	5	2	2	1	1	1	1
HOMSTM005514	20	14	1	3	1	1	1	1	2	2	1	1
HOMSTM005517	20	14	1	2	1	2	1	2	1	2	2	1
HOMSTM005518	20	14	1	2	1	1	1	2	1	1	1	1
HOMSTM005519	20	14	1	2	4	1	2	1	1	2	1	1
HOMSTM005520	20	14	1	2	1	2	1	2	1	3	1	1
HOMSTM005522	20	14	1	2	1	2	1	2	1	2	1	1
HOMSTM005523	20	14	1	1	1	2	1	2	1	1	5	1
HOMSTM005525	20	14	1	2	1	1	1	2	1	5	1	1
HOMSTM005527	20	14	1	2	1	1	2	3	1	1	3	1
HOMSTM005528	20	14	1	2	1	2	2	2	1	2	2	1
HOMSTM005529	20	14	1	1	2	1	1	2	1	3	1	1
HOMSTM005531	20	14	1	1	1	1	1	2	1	2	1	1
HOMSTM005532	20	14	1	1	1	3	1	2	1	2	1	1
HOMSTM005533	20	14	1	2	1	2	1	4	1	1	1	2
HOMSTM005534	20	14	1	2	2	1	1	3	1	2	1	2
HOMSTM005535	20	14	1	1	1	1	1	2	3	3	1	1
HOMSTM005536	20	14	1	2	1	1	1	2	1	3	1	2
HOMSTM005537	20	14	1	2	1	2	1	1	1	2	1	1
HOMSTM005538	20	14	1	1	2	2	1	2	1	2	1	2
HOMSTM005539	20	14	2	3	1	2	1	2	1	1	1	1
HOMSTM005540	20	14	1	2	1	2	1	2	1	2	1	2
HOMSTM005541	20	14	1	1	1	2	1	2	1	2	3	1
HOMSTM005543	20	14	1	1	2	1	1	2	1	3	1	1
HOMSTM005544	20	14	1	3	1	1	1	2	1	4	1	1
HOMSTM005545	20	14	1	2	1	1	1	2	1	2	1	1
HOMSTM005546	20	14	1	2	2	1	2	1	1	2	1	2
HOMSTM005547	20	14	1	2	1	1	1	4	1	1	1	1
HOMSTM005548	20	14	1	2	2	1	1	2	1	3	1	1
HOMSTM005549	20	14	1	2	3	1	1	3	1	2	1	1
HOMSTM005550	20	14	1	1	2	1	1	3	1	2	2	1
HOMSTM005551	20	14	1	2	1	2	1	2	1	2	2	1
HOMSTM005552	20	14	1	2	1	2	1	2	1	1	1	1
HOMSTM005553	20	14	1	2	1	2	1	2	1	4	1	1
HOMSTM005555	20	14	1	1	1	1	2	3	1	2	1	3
HOMSTM005570	19	14	1	2	1	3	1	2	1	1	1	1
HOMSTM005572	19	14	2	2	1	1	1	2	1	2	2	1
HOMSTM005573	19	14	1	1	1	3	1	2	1	1	1	2
HOMSTM005574	19	14	1	2	2	2	2	1	2	1	1	1
HOMSTM005576	19	14	1	2	1	3	1	2	1	2	1	1
HOMSTM005577	19	14	1	1	1	2	2	2	1	1	1	1
HOMSTM005578	19	14	1	1	1	1	2	2	1	2	1	1
HOMSTM005581	19	14	1	1	1	2	1	2	1	2	2	1
HOMSTM005582	19	14	1	1	1	2	1	2	1	1	1	1
HOMSTM005583	19	14	1	1	1	2	1	2	1	4	1	1
HOMSTM005585	19	14	1	2	1	2	1	2	1	2	1	1
HOMSTM005592	19	14	1	1	1	2	1	2	1	1	2	1
HOMSTM005593	19	14	1	2	1	1	1	2	1	2	2	1
HOMSTM005596	19	14	1	1	2	1	1	2	1	1	1	1
HOMSTM005597	19	14	1	2	1	2	2	2	1	2	1	1
HOMSTM005598	19	14	1	3	1	2	1	1	1	1	1	1
HOMSTM005599	19	14	1	1	2	2	1	2	1	2	1	1
HOMSTM005602	19	14	1	1	1	2	1	2	1	3	2	1
HOMSTM005603	19	14	1	1	3	1	1	1	1	2	1	1
HOMSTM005606	19	14	1	1	1	2	1	2	1	2	1	1
HOMSTM005607	19	14	1	1	1	2	1	2	3	2	1	1
HOMSTM005608	19	14	3	1	1	2	1	2	2	1	1	1
HOMSTM005610	19	14	2	3	1	1	1	2	1	1	1	1
HOMSTM005611	19	14	1	2	1	1	1	2	2	2	1	2
HOMSTM005612	19	14	1	1	1	2	1	2	1	2	1	1
HOMSTM005613	19	14	1	1	1	2	2	1	1	1	1	2
HOMSTM005617	19	14	1	2	1	3	1	2	1	2	1	1
HOMSTM005619	19	14	1	3	1	1	1	3	1	2	1	1
HOMSTM005622	19	14	2	2	1	1	1	2	2	2	1	1
HOMSTM005623	19	14	1	1	1	1	1	3	1	2	1	1
HOMSTM005624	19	14	1	2	1	1	1	2	1	3	1	1
HOMSTM005626	19	14	1	2	1	2	1	1	1	3	1	1
HOMSTM005627	19	14	3	3	1	1	1	2	1	1	1	1
HOMSTM005628	19	14	1	2	2	2	1	2	1	2	1	1
HOMSTM005629	19	14	1	1	1	1	1	2	1	1	1	1
HOMSTM005630	19	14	2	2	1	1	1	3	1	2	1	1
HOMSTM005631	19	14	1	2	2	1	1	2	1	1	1	1
HOMSTM005633	19	14	1	3	1	1	1	2	2	2	1	1
HOMSTM005635	19	14	1	2	1	2	1	2	1	2	1	1
HOMSTM005639	19	14	1	1	1	2	1	2	1	2	2	1
HOMSTM005641	19	14	1	2	1	1	2	2	1	2	1	1
HOMSTM005642	19	14	1	3	1	2	2	2	1	1	1	1
HOMSTM005644	19	14	1	2	1	2	1	2	1	1	1	2
HOMSTM005645	19	14	1	1	1	2	1	3	1	3	1	1
HOMSTM005646	19	14	1	2	1	2	1	2	1	2	1	1
HOMSTM005648	19	14	2	2	1	2	1	1	1	2	1	1
HOMSTM005651	19	14	1	2	1	2	1	2	1	2	1	1
HOMSTM005653	19	14	1	3	1	1	1	2	1	2	1	1
HOMSTM005654	19	14	1	2	1	2	1	2	1	2	1	1
HOMSTM005655	19	14	1	1	2	2	1	1	1	1	1	3
HOMSTM005657	19	14	1	1	1	2	1	1	1	3	1	1
HOMSTM005659	19	14	2	2	1	1	2	2	1	1	1	1
HOMSTM005660	19	14	1	1	1	2	2	3	1	2	1	1
HOMSTM005661	19	14	1	1	1	2	2	2	1	1	1	1
HOMSTM005662	19	14	1	1	1	2	1	1	1	3	1	1
HOMSTM005665	19	14	2	1	1	1	1	2	1	3	1	1
HOMSTM005666	19	14	2	1	2	1	1	2	1	1	1	1
HOMSTM005669	19	14	1	1	1	3	1	2	2	1	1	2
HOMSTM005671	19	14	1	1	1	1	1	2	2	3	1	1
HOMSTM005672	19	14	1	2	2	1	2	2	1	2	1	1
HOMSTM005673	19	14	1	1	1	2	1	2	1	3	1	1
HOMSTM005674	19	14	1	2	1	2	1	2	1	2	1	1
HOMSTM005676	19	14	1	1	2	2	1	2	1	1	1	3
HOMSTM005678	19	14	1	1	2	1	1	2	1	2	1	3
HOMSTM005679	19	14	1	1	2	2	1	1	1	2	1	1
HOMSTM005680	19	14	1	2	1	2	1	1	1	3	1	1
HOMSTM005683	19	14	1	1	1	2	2	2	1	3	1	1
HOMSTM005685	19	14	1	1	1	3	1	4	1	1	1	1
HOMSTM005686	19	14	1	1	1	2	1	3	1	2	2	1
HOMSTM005689	19	14	1	2	1	1	1	2	1	3	1	1
HOMSTM005690	19	14	1	2	1	2	1	3	1	1	1	1
HOMSTM005694	19	14	1	3	1	2	1	2	1	2	1	1
HOMSTM005695	19	14	2	3	1	2	1	1	1	2	1	1
HOMSTM005697	19	14	1	2	1	1	3	3	1	1	1	1
HOMSTM005698	19	14	1	1	1	1	2	4	1	2	1	1
HOMSTM005699	19	14	1	2	1	1	1	2	1	3	1	2
HOMSTM005701	19	14	1	1	1	2	1	2	1	3	1	1
HOMSTM005702	19	14	1	1	1	2	1	2	1	3	1	2
HOMSTM005709	19	14	1	2	1	2	1	2	1	1	1	1
HOMSTM005710	19	14	1	3	1	2	1	3	1	1	1	1
HOMSTM005711	19	14	1	1	1	1	1	2	2	1	1	1
HOMSTM005713	19	14	1	2	1	3	1	2	1	2	1	1
HOMSTM005714	19	14	1	1	2	4	1	2	1	1	1	1
HOMSTM005715	19	14	1	1	1	1	2	3	1	1	1	3
HOMSTM005717	19	14	1	1	1	1	1	2	1	4	1	1
HOMSTM005720	19	14	1	2	1	2	1	2	1	1	1	2
HOMSTM005722	19	14	1	1	1	1	3	2	1	1	1	1
HOMSTM005725	19	14	1	1	1	2	1	1	1	1	1	1
HOMSTM005726	19	14	1	1	1	2	2	2	1	2	1	1
HOMSTM005727	19	14	1	1	1	2	2	2	1	1	2	1
HOMSTM005728	19	14	1	1	1	2	1	4	1	2	1	1
HOMSTM005729	19	14	1	1	1	2	1	2	1	2	1	1
HOMSTM005731	19	14	3	2	1	1	1	2	1	1	1	2
HOMSTM005736	19	14	1	1	1	2	1	2	1	3	1	1
HOMSTM005739	19	14	1	3	1	1	2	2	1	2	1	1
HOMSTM005742	19	14	1	1	1	1	2	4	1	2	1	1
HOMSTM005745	19	14	1	2	1	4	1	2	1	1	1	1
HOMSTM005747	19	14	2	2	1	2	1	2	1	1	1	2
HOMSTM005749	19	14	1	2	1	2	1	2	3	1	1	1
HOMSTM005751	19	14	2	2	1	1	4	1	1	1	1	1
HOMSTM005754	19	14	1	1	1	1	2	2	1	2	1	1
HOMSTM005755	19	14	1	2	1	2	1	2	1	1	2	1
HOMSTM005757	19	14	1	1	2	1	1	2	1	4	1	1
HOMSTM005758	19	14	1	1	1	3	1	2	1	2	1	1
HOMSTM005759	19	14	1	2	1	2	1	3	1	1	1	1
HOMSTM005760	19	14	2	1	2	2	1	1	1	3	1	1
HOMSTM005761	19	14	1	1	1	2	2	2	1	3	1	1
HOMSTM005762	19	14	1	1	1	2	2	2	1	1	1	1
HOMSTM005764	19	14	1	1	1	2	1	2	1	2	1	2
HOMSTM005765	19	14	1	2	1	1	1	2	1	3	2	1
HOMSTM005766	19	14	2	2	2	1	1	1	1	1	1	1
HOMSTM005767	19	14	1	2	1	1	1	2	1	1	2	1
HOMSTM005768	19	14	2	1	1	1	1	2	1	2	1	1
HOMSTM005771	19	14	2	2	1	1	2	3	1	1	1	1
HOMSTM005772	19	14	1	2	1	2	1	2	1	2	1	1
HOMSTM005773	19	14	2	1	1	2	1	2	1	1	3	1
HOMSTM005774	19	14	1	3	1	1	1	1	2	3	1	1
HOMSTM005778	19	14	1	1	2	2	1	3	1	1	1	1
HOMSTM005779	19	14	1	1	1	1	1	2	1	1	1	2
HOMSTM005781	19	14	1	1	1	3	1	3	1	2	1	1
HOMSTM005782	19	14	1	1	1	2	1	2	1	2	2	1
HOMSTM005784	19	14	1	1	1	1	3	2	1	1	1	1
HOMSTM005785	19	14	1	2	2	2	1	2	1	1	1	1
HOMSTM005786	19	14	1	1	1	2	1	3	1	2	1	1
HOMSTM005793	19	14	1	1	3	1	1	2	1	3	1	1
HOMSTM005794	19	14	1	3	1	2	1	2	1	1	1	1
HOMSTM005795	19	14	1	1	1	1	2	3	1	3	1	1
HOMSTM005796	19	14	2	3	1	2	1	2	1	1	1	1
HOMSTM005797	19	14	1	1	2	1	1	2	1	2	2	2
HOMSTM005798	19	14	1	2	2	1	1	2	1	3	1	1
HOMSTM005801	19	14	1	1	1	1	2	2	2	1	1	1
HOMSTM005802	19	14	1	2	1	2	1	2	1	2	1	1
HOMSTM005807	19	14	1	2	1	1	1	2	1	2	2	1
HOMSTM005809	19	14	2	1	1	2	1	2	1	2	1	1
HOMSTM005810	19	14	1	1	2	1	3	2	1	2	1	1
HOMSTM005813	19	14	1	1	1	2	1	3	1	3	1	1
HOMSTM005814	19	14	1	1	1	2	1	2	1	3	1	2
HOMSTM005816	19	14	1	2	1	1	1	2	2	3	1	1
HOMSTM005817	19	14	1	2	1	1	1	3	1	2	1	1
HOMSTM005820	19	14	1	1	1	1	1	2	1	3	1	2
HOMSTM005822	19	14	1	1	1	1	1	1	1	5	1	1
HOMSTM005824	19	14	1	1	1	2	1	1	1	3	1	1
HOMSTM005825	19	14	1	2	2	2	1	2	1	2	1	1
HOMSTM005826	19	14	1	1	1	2	1	2	2	1	1	1
HOMSTM005827	19	14	1	2	2	1	1	2	1	1	1	1
HOMSTM005828	19	14	1	1	1	1	1	3	1	2	1	2
HOMSTM005829	19	14	1	2	1	2	2	2	1	2	1	1
HOMSTM005833	19	14	1	1	1	2	1	2	1	3	1	1
HOMSTM005835	19	14	2	1	1	2	1	2	1	1	1	1
HOMSTM005839	19	14	1	2	1	2	1	4	1	1	1	1
HOMSTM005840	19	14	1	2	2	1	2	1	1	1	1	2
HOMSTM005842	19	14	1	1	1	1	1	2	1	4	1	2
HOMSTM005843	19	14	1	2	1	2	1	2	1	3	1	1
HOMSTM005845	19	14	1	1	1	2	3	2	1	2	1	1
HOMSTM005846	19	14	1	1	4	1	2	1	1	2	1	1
HOMSTM005848	19	14	1	1	2	1	1	2	2	2	1	1
HOMSTM005849	19	14	1	1	1	1	1	3	1	1	3	1
HOMSTM005853	19	14	1	1	1	1	4	1	1	1	1	3
HOMSTM005854	19	14	1	1	1	2	1	2	1	2	1	1
HOMSTM005855	19	14	1	1	1	1	2	3	1	2	1	1
HOMSTM005856	19	14	1	1	4	2	1	2	1	1	1	1
HOMSTM005857	19	14	2	1	1	1	1	2	1	4	1	1
HOMSTM005858	19	14	2	3	1	1	1	2	1	2	1	1
HOMSTM005860	19	14	1	1	1	1	1	2	2	2	1	1
HOMSTM005862	19	14	1	2	1	2	1	4	1	1	1	1
HOMSTM005864	19	14	1	1	1	2	1	2	1	2	1	2
HOMSTM005865	19	14	1	1	2	2	1	2	1	1	3	1
HOMSTM005866	19	14	1	1	2	2	1	2	1	2	2	1
HOMSTM005867	19	14	1	2	1	4	1	1	1	1	1	1
HOMSTM005868	19	14	1	3	1	1	3	2	1	1	1	1
HOMSTM005870	19	14	1	3	1	1	1	2	1	3	1	1
HOMSTM005871	19	14	1	2	1	1	1	2	1	2	1	1
HOMSTM005873	19	14	2	3	1	1	3	1	1	1	1	1
HOMSTM005874	19	14	1	3	1	3	1	2	1	1	1	1
HOMSTM005876	19	14	2	2	2	1	1	2	1	2	1	1
HOMSTM005879	19	14	1	1	1	1	1	2	1	1	1	3
HOMSTM005880	19	14	2	1	1	1	2	2	1	2	1	1
HOMSTM005882	19	14	1	1	2	1	1	3	1	3	1	1
HOMSTM005884	19	14	1	1	1	1	2	2	1	2	1	1
HOMSTM005888	19	14	1	1	1	1	1	4	1	2	2	1
HOMSTM005889	19	14	1	2	1	1	1	2	1	3	1	1
HOMSTM005890	19	14	1	1	1	2	1	2	1	3	1	2
HOMSTM005895	19	14	1	1	1	1	3	2	1	2	1	1
HOMSTM005897	19	14	1	2	1	2	1	3	1	1	2	1
HOMSTM005898	19	14	1	1	1	1	2	4	1	2	1	1
HOMSTM005901	19	14	1	1	1	2	1	3	1	1	1	2
HOMSTM005903	19	14	1	1	1	1	1	2	1	2	1	1
HOMSTM005906	19	14	1	1	1	2	2	3	1	2	1	1
HOMSTM005909	19	14	1	1	2	1	1	1	1	2	1	1
HOMSTM005910	19	14	1	2	2	1	1	2	1	2	1	1
HOMSTM005911	19	14	1	2	1	1	1	2	1	4	1	1
HOMSTM005912	19	14	1	1	1	2	1	2	1	2	1	1
HOMSTM005913	19	14	1	2	1	1	1	2	1	4	1	1
HOMSTM005916	19	14	1	1	1	1	1	2	2	4	1	1
HOMSTM005917	19	14	1	1	1	1	1	2	1	3	1	1
HOMSTM005920	19	14	1	2	2	1	1	3	1	1	1	1
HOMSTM005921	19	14	1	1	1	3	2	1	1	1	1	1
HOMSTM005922	19	14	1	1	1	1	1	2	1	2	1	1
HOMSTM005923	19	14	1	1	2	2	1	2	1	3	1	1
HOMSTM005924	19	14	2	1	1	2	2	1	1	1	1	2
HOMSTM005925	19	14	1	2	1	3	1	2	1	2	1	1
HOMSTM005926	19	14	1	1	1	2	1	3	1	2	1	1
HOMSTM005927	19	14	1	1	2	2	1	2	1	2	1	1
HOMSTM005928	19	14	1	2	1	1	1	2	1	1	1	1
HOMSTM005930	19	14	1	1	2	2	2	2	1	1	1	1
HOMSTM005931	19	14	1	2	1	3	1	2	1	2	1	1
HOMSTM005933	19	14	1	1	1	2	1	2	2	3	1	1
HOMSTM005934	19	14	1	1	1	1	1	3	1	4	1	1
HOMSTM005935	19	14	1	2	1	1	1	3	1	1	1	1
HOMSTM005936	19	14	1	2	1	2	1	1	1	1	1	1
HOMSTM005937	19	14	1	1	2	2	1	3	1	1	1	1
HOMSTM005939	19	14	1	1	1	1	1	4	1	2	1	1
HOMSTM005940	19	14	2	1	1	2	2	2	1	2	1	1
HOMSTM005943	19	14	1	2	1	2	1	2	1	2	2	1
HOMSTM005944	19	14	1	1	1	1	3	1	2	2	1	1
HOMSTM005947	19	14	1	3	1	2	1	2	1	1	1	1
HOMSTM005948	19	14	1	1	2	1	1	2	2	1	1	2
HOMSTM005952	19	14	1	2	1	1	1	2	1	3	1	1
HOMSTM005953	19	14	1	1	2	2	1	2	2	2	1	1
HOMSTM005955	19	14	1	1	1	2	1	3	1	3	1	1
HOMSTM005957	19	14	1	2	1	2	1	2	1	2	1	1
HOMSTM005959	19	14	1	1	1	2	2	2	1	2	1	1
HOMSTM005960	19	14	1	2	1	2	1	1	1	2	1	1
HOMSTM005961	19	14	1	2	1	2	1	2	1	1	2	2
HOMSTM005962	19	14	1	2	1	2	1	3	1	1	1	1
HOMSTM005965	19	14	1	2	1	2	2	2	1	2	1	1
HOMSTM005968	19	14	1	1	1	2	2	3	1	2	1	1
HOMSTM005971	19	14	1	1	2	2	1	2	1	2	1	2
HOMSTM005972	19	14	1	2	1	1	2	2	1	3	1	1
HOMSTM005986	18	14	1	1	1	2	1	2	1	1	1	3
HOMSTM005989	18	14	2	1	1	1	1	2	1	2	1	1
HOMSTM005990	18	14	1	1	1	1	1	3	1	1	1	1
HOMSTM005991	18	14	1	1	1	2	1	2	1	3	1	1
HOMSTM005992	18	14	1	1	1	1	1	2	1	2	1	1
HOMSTM005996	18	14	1	1	1	1	1	2	1	2	1	1
HOMSTM005997	18	14	1	1	3	1	1	2	1	2	1	1
HOMSTM005998	18	14	1	1	1	1	2	2	1	1	1	1
HOMSTM006000	18	14	1	2	1	1	1	2	1	2	1	1
HOMSTM006002	18	14	1	1	1	1	1	2	1	4	1	1
HOMSTM006004	18	14	1	1	1	1	1	3	1	2	2	1
HOMSTM006008	18	14	1	2	1	1	1	1	2	1	1	1
HOMSTM006010	18	14	1	2	1	2	1	2	1	2	1	1
HOMSTM006014	18	14	1	1	2	1	1	3	2	1	1	1
HOMSTM006016	18	14	2	2	1	1	1	2	1	2	1	1
HOMSTM006017	18	14	2	2	1	1	1	2	1	1	1	1
HOMSTM006021	18	14	2	2	1	1	1	2	1	2	1	1
HOMSTM006023	18	14	1	2	2	1	1	2	1	2	1	1
HOMSTM006024	18	14	1	2	1	1	2	1	1	1	1	3
HOMSTM006026	18	14	1	2	1	1	1	1	1	3	1	1
HOMSTM006030	18	14	1	2	1	2	1	2	1	2	1	1
HOMSTM006031	18	14	1	2	1	1	1	2	1	2	1	1
HOMSTM006032	18	14	1	1	1	2	1	2	1	2	1	1
HOMSTM006033	18	14	1	2	1	2	1	1	1	2	1	1
HOMSTM006034	18	14	2	2	1	2	1	2	1	1	1	1
HOMSTM006036	18	14	1	2	1	2	1	3	1	1	1	1
HOMSTM006037	18	14	1	1	1	2	1	2	1	1	1	1
HOMSTM006044	18	14	1	2	1	1	1	3	1	1	1	2
HOMSTM006048	18	14	1	1	1	2	1	2	1	3	1	1
HOMSTM006050	18	14	2	2	1	2	1	2	1	1	1	1
HOMSTM006052	18	14	1	1	1	1	2	2	1	1	1	1
HOMSTM006053	18	14	1	2	1	1	1	2	2	2	1	1
HOMSTM006055	18	14	1	1	1	2	1	2	1	3	1	1
HOMSTM006056	18	14	1	1	1	2	1	2	1	3	1	1
HOMSTM006057	18	14	1	2	1	1	2	2	1	1	1	2
HOMSTM006058	18	14	1	2	1	2	1	2	1	1	1	1
HOMSTM006059	18	14	1	1	1	1	1	2	1	1	2	2
HOMSTM006060	18	14	1	1	2	1	2	2	1	2	1	1
HOMSTM006061	18	14	1	2	1	1	1	2	1	2	1	2
HOMSTM006062	18	14	1	2	1	1	3	1	1	2	1	1
HOMSTM006065	18	14	1	1	2	1	1	1	1	4	1	1
HOMSTM006067	18	14	1	1	2	1	1	2	2	2	1	1
HOMSTM006069	18	14	1	1	2	1	1	2	1	1	1	1
HOMSTM006070	18	14	1	1	1	1	1	2	1	1	1	1
HOMSTM006071	18	14	1	2	1	2	1	2	1	1	1	1
HOMSTM006073	18	14	1	1	1	2	1	2	1	3	1	1
HOMSTM006074	18	14	1	2	1	2	1	2	1	2	1	1
HOMSTM006075	18	14	1	1	1	2	2	2	1	2	1	1
HOMSTM006079	18	14	1	1	2	1	1	2	1	1	2	1
HOMSTM006080	18	14	1	1	1	1	1	2	1	4	1	1
HOMSTM006081	18	14	1	3	1	1	1	3	1	1	1	1
HOMSTM006082	18	14	1	1	1	1	1	2	1	3	1	2
HOMSTM006083	18	14	1	1	1	2	1	2	1	2	1	2
HOMSTM006087	18	14	1	2	1	1	1	2	1	1	1	1
HOMSTM006088	18	14	1	1	1	1	1	2	2	2	2	1
HOMSTM006090	18	14	1	1	1	2	1	2	1	3	1	1
HOMSTM006094	18	14	1	1	1	1	2	2	1	3	1	1
HOMSTM006095	18	14	1	2	1	1	1	1	1	2	1	1
HOMSTM006097	18	14	1	1	2	1	1	2	1	1	1	2
HOMSTM006099	18	14	1	1	1	2	1	2	1	3	1	1
HOMSTM006100	18	14	1	2	1	1	1	2	1	1	1	1
HOMSTM006101	18	14	1	1	1	1	1	2	2	1	1	2
HOMSTM006106	18	14	1	1	1	1	1	2	1	4	1	1
HOMSTM006108	18	14	1	1	1	2	1	2	1	1	1	1
HOMSTM006116	18	14	1	1	1	2	1	3	1	2	1	1
HOMSTM006117	18	14	1	2	2	1	1	2	1	2	1	1
HOMSTM006119	18	14	1	1	1	2	2	3	1	1	1	1
HOMSTM006121	18	14	1	3	1	1	2	2	1	1	1	1
HOMSTM006123	18	14	1	1	1	2	1	2	1	1	1	1
HOMSTM006126	18	14	1	1	1	1	1	2	1	1	1	1
HOMSTM006127	18	14	1	2	1	1	1	3	1	2	1	1
HOMSTM006130	18	14	1	1	1	1	1	2	1	2	1	1
HOMSTM006135	18	14	1	1	2	3	1	1	1	2	1	1
HOMSTM006138	18	14	1	1	1	1	2	2	1	1	1	2
HOMSTM006139	18	14	1	1	1	1	1	3	2	1	1	1
HOMSTM006148	18	14	1	1	1	1	1	2	1	2	1	1
HOMSTM006150	18	14	1	2	1	2	1	2	1	1	1	1
HOMSTM006152	18	14	1	2	1	2	1	2	1	1	1	1
HOMSTM006156	18	14	1	1	3	1	1	1	1	3	1	1
HOMSTM006157	18	14	1	1	1	2	1	3	1	1	1	2
HOMSTM006158	18	14	1	1	1	3	1	2	1	2	1	1
HOMSTM006159	18	14	1	1	1	1	1	2	1	3	2	1
HOMSTM006160	18	14	1	2	1	2	1	2	1	1	1	1
HOMSTM006162	18	14	1	1	1	2	1	2	1	2	2	1
HOMSTM006163	18	14	2	2	1	2	1	2	1	1	1	1
HOMSTM006166	18	14	2	1	1	1	1	2	1	1	1	3
HOMSTM006167	18	14	1	1	1	2	1	2	1	2	1	1
HOMSTM006170	18	14	1	1	1	1	1	3	1	2	1	1
HOMSTM006171	18	14	1	1	1	2	1	2	1	2	1	1
HOMSTM006172	18	14	1	1	2	3	1	2	1	1	1	1
HOMSTM006175	18	14	1	2	1	1	1	3	1	2	1	1
HOMSTM006176	18	14	1	1	2	3	1	1	1	2	1	1
HOMSTM006177	18	14	1	2	1	1	1	2	1	2	1	1
HOMSTM006179	18	14	2	1	1	3	1	2	1	1	1	1
HOMSTM006180	18	14	1	1	1	1	1	2	1	2	1	1
HOMSTM006182	18	14	1	2	1	3	1	1	1	2	1	1
HOMSTM006183	18	14	1	1	1	1	1	2	1	2	1	1
HOMSTM006185	18	14	1	1	1	2	2	2	1	2	1	1
HOMSTM006186	18	14	2	3	1	1	1	2	1	1	1	1
HOMSTM006187	18	14	2	1	1	2	2	2	1	1	1	1
HOMSTM006188	18	14	1	1	1	2	3	1	1	2	1	1
HOMSTM006189	18	14	1	1	1	1	2	1	1	2	1	1
HOMSTM006190	18	14	1	2	1	1	1	2	1	2	1	1
HOMSTM006192	18	14	1	1	1	2	1	2	1	1	1	1
HOMSTM006194	18	14	1	3	1	1	1	2	1	2	1	1
HOMSTM006196	18	14	1	2	1	1	1	1	1	1	1	1
HOMSTM006197	18	14	1	2	1	1	1	2	1	2	1	1
HOMSTM006198	18	14	1	1	1	1	2	4	1	1	1	1
HOMSTM006199	18	14	1	2	1	1	1	2	1	1	2	2
HOMSTM006202	18	14	1	2	1	1	1	2	1	3	1	1
HOMSTM006203	18	14	1	2	1	2	1	2	1	2	1	1
HOMSTM006205	18	14	1	2	1	1	1	2	1	1	1	1
HOMSTM006210	18	14	1	2	1	3	1	2	1	1	1	1
HOMSTM006211	18	14	1	1	1	2	1	2	1	1	1	1
HOMSTM006212	18	14	1	1	1	1	1	2	1	4	1	1
HOMSTM006213	18	14	1	1	1	1	1	4	1	1	1	2
HOMSTM006214	18	14	1	2	1	2	1	1	1	2	1	2
HOMSTM006218	18	14	1	1	1	1	1	2	1	1	1	1
HOMSTM006219	18	14	1	1	1	1	1	2	1	1	1	3
HOMSTM006221	18	14	1	2	1	2	1	2	1	2	1	1
HOMSTM006223	18	14	1	2	1	2	1	2	1	2	1	1
HOMSTM006226	18	14	1	1	1	1	1	2	4	1	1	1
HOMSTM006230	18	14	1	2	1	2	1	2	1	2	1	1
HOMSTM006233	18	14	1	1	1	1	1	2	1	1	1	1
HOMSTM006234	18	14	1	1	1	1	1	2	1	3	1	2
HOMSTM006235	18	14	1	1	1	2	1	2	1	3	1	1
HOMSTM006238	18	14	1	2	2	1	1	2	1	2	1	1
HOMSTM006239	18	14	1	1	1	1	2	4	1	1	1	1
HOMSTM006240	18	14	1	2	1	1	1	3	1	2	1	1
HOMSTM006241	18	14	1	1	1	2	3	2	1	1	1	1
HOMSTM006242	18	14	1	1	1	1	1	2	1	2	1	1
HOMSTM006247	18	14	1	2	2	2	1	1	1	2	1	1
HOMSTM006248	18	14	1	2	1	1	2	2	1	2	1	1
HOMSTM006250	18	14	1	1	2	1	1	3	1	1	1	1
HOMSTM006251	18	14	1	1	1	2	1	1	1	1	1	1
HOMSTM006252	18	14	1	1	2	1	2	2	1	1	1	1
HOMSTM006253	18	14	1	2	1	1	1	1	2	3	1	1
HOMSTM006256	18	14	1	1	1	2	1	1	1	2	1	1
HOMSTM006257	18	14	1	1	2	1	4	1	1	1	1	1
HOMSTM006258	18	14	1	2	1	1	1	2	1	1	1	3
HOMSTM006259	18	14	1	1	1	1	2	1	1	2	2	1
HOMSTM006260	18	14	1	1	3	2	1	2	1	1	1	1
HOMSTM006261	18	14	1	2	1	2	1	2	1	1	1	1
HOMSTM006263	18	14	1	2	1	2	1	2	1	1	1	1
HOMSTM006264	18	14	2	2	1	2	1	2	1	1	1	1
HOMSTM006265	18	14	1	1	1	2	1	2	1	1	1	1
HOMSTM006266	18	14	1	2	1	2	1	2	1	1	1	1
HOMSTM006267	18	14	1	2	1	1	1	1	1	1	1	2
HOMSTM006269	18	14	1	1	1	1	1	2	1	2	2	1
HOMSTM006271	18	14	1	1	1	2	1	3	1	1	1	1
HOMSTM006272	18	14	1	1	1	1	1	1	1	4	1	1
HOMSTM006276	18	14	1	1	2	2	1	1	2	2	1	1
HOMSTM006277	18	14	1	1	1	2	1	2	2	1	1	2
HOMSTM006278	18	14	1	1	1	1	1	2	1	3	1	1
HOMSTM006280	18	14	1	1	1	2	1	2	2	1	1	1
HOMSTM006281	18	14	1	2	1	1	1	2	1	2	1	1
HOMSTM006283	18	14	1	3	1	1	1	1	1	2	1	1
HOMSTM006290	18	14	1	2	1	2	1	2	1	1	1	1
HOMSTM006292	18	14	1	4	1	1	1	2	1	1	1	1
HOMSTM006293	18	14	1	1	1	2	1	2	1	3	1	1
HOMSTM006294	18	14	1	1	1	2	1	3	1	2	1	1
HOMSTM006295	18	14	1	1	1	1	1	2	1	2	1	1
HOMSTM006296	18	14	1	1	1	2	1	2	1	1	1	1
HOMSTM006302	18	14	1	1	1	1	1	2	1	1	1	1
HOMSTM006303	18	14	1	3	1	2	1	2	1	1	1	1
HOMSTM006305	18	14	1	2	1	1	2	2	1	1	1	1
HOMSTM006306	18	14	1	1	2	1	1	2	1	2	1	1
HOMSTM006308	18	14	1	1	1	1	1	2	1	3	1	1
HOMSTM006309	18	14	1	2	2	2	1	2	1	1	1	1
HOMSTM006310	18	14	1	1	1	1	1	2	1	1	2	1
HOMSTM006313	18	14	1	2	1	1	1	2	1	2	1	1
HOMSTM006314	18	14	1	1	1	1	1	3	1	1	1	2
HOMSTM006317	18	14	1	1	1	1	3	2	1	1	1	1
HOMSTM006321	18	14	1	1	2	2	1	2	1	2	1	1
HOMSTM006322	18	14	2	2	1	1	1	2	1	1	1	1
HOMSTM006325	18	14	1	1	1	1	1	1	1	1	1	2
HOMSTM006326	18	14	1	1	1	2	1	2	1	2	1	1
HOMSTM006328	18	14	1	1	1	1	2	2	2	1	2	1
HOMSTM006329	18	14	1	1	1	1	1	2	1	3	1	1
HOMSTM006330	18	14	1	1	1	1	3	2	1	1	1	2
HOMSTM006334	18	14	1	1	1	1	1	2	1	3	1	2
HOMSTM006335	18	14	1	2	1	2	1	2	1	2	1	1
HOMSTM006336	18	14	1	1	2	1	2	2	1	1	1	1
HOMSTM006337	18	14	1	3	1	1	1	2	1	2	1	1
HOMSTM006338	18	14	1	1	1	2	2	2	1	2	1	1
HOMSTM006339	18	14	1	2	1	1	1	2	1	2	1	1
HOMSTM006340	18	14	1	1	1	1	1	5	1	1	1	1
HOMSTM006341	18	14	1	1	1	3	1	2	1	1	1	1
HOMSTM006343	18	14	1	1	1	2	1	3	1	1	2	1
HOMSTM006347	18	14	1	2	1	2	1	2	1	2	1	1
HOMSTM006348	18	14	1	2	1	1	1	1	1	4	1	1
HOMSTM006349	18	14	1	2	1	1	1	2	1	3	1	1
HOMSTM006350	18	14	1	2	1	1	1	2	1	1	1	1
HOMSTM006351	18	14	1	1	1	2	1	3	1	2	1	1
HOMSTM006353	18	14	1	1	1	2	1	2	1	2	1	2
HOMSTM006355	18	14	1	1	2	1	1	2	1	2	1	2
HOMSTM006356	18	14	1	2	1	2	1	2	1	2	1	1
HOMSTM006357	18	14	1	2	1	2	1	2	1	2	1	1
HOMSTM006358	18	14	1	1	1	2	1	3	1	1	1	2
HOMSTM006359	18	14	1	2	1	2	1	2	1	2	1	1
HOMSTM006360	18	14	1	1	1	2	1	1	1	3	1	1
HOMSTM006363	18	14	1	1	1	1	1	3	1	1	3	1
HOMSTM006364	18	14	1	2	1	1	1	2	1	2	1	1
HOMSTM006367	18	14	1	1	1	1	3	2	1	1	1	1
HOMSTM006394	17	14	1	1	1	1	1	2	1	2	1	1
HOMSTM006395	17	14	1	1	1	3	1	2	1	1	1	1
HOMSTM006397	17	14	1	1	1	1	1	2	1	3	1	1
HOMSTM006399	17	14	1	2	1	1	1	1	1	2	1	1
HOMSTM006402	17	14	1	1	1	2	1	2	1	1	2	1
HOMSTM006403	17	14	1	2	3	1	1	1	1	1	1	1
HOMSTM006404	17	14	1	2	1	1	1	1	1	3	1	1
HOMSTM006405	17	14	1	1	1	2	2	2	1	1	1	1
HOMSTM006406	17	14	1	1	1	1	1	1	1	3	1	1
HOMSTM006407	17	14	1	1	1	1	2	2	1	1	2	1
HOMSTM006413	17	14	1	1	1	1	2	2	1	1	1	1
HOMSTM006414	17	14	1	1	1	1	1	2	1	3	1	1
HOMSTM006418	17	14	1	1	1	1	2	2	1	1	1	1
HOMSTM006419	17	14	1	1	1	2	1	2	1	1	1	2
HOMSTM006421	17	14	1	1	1	2	1	2	1	2	1	1
HOMSTM006423	17	14	1	1	1	1	2	2	1	2	1	1
HOMSTM006425	17	14	1	1	2	1	1	2	1	2	1	1
HOMSTM006426	17	14	1	1	1	1	1	2	1	2	1	1
HOMSTM006428	17	14	1	1	1	1	2	1	1	2	1	1
HOMSTM006429	17	14	1	2	1	1	1	2	1	2	1	1
HOMSTM006431	17	14	1	2	1	2	1	2	1	1	1	1
HOMSTM006433	17	14	1	2	1	1	1	2	1	2	1	1
HOMSTM006434	17	14	1	1	1	1	1	2	1	1	1	2
HOMSTM006437	17	14	1	1	1	1	2	2	1	2	1	1
HOMSTM006440	17	14	2	1	1	1	1	2	1	2	1	1
HOMSTM006447	17	14	1	1	2	2	1	1	1	2	1	1
HOMSTM006451	17	14	1	1	1	2	1	2	2	1	1	1
HOMSTM006452	17	14	1	1	1	1	1	4	1	1	1	1
HOMSTM006453	17	14	1	1	1	2	2	2	1	1	1	1
HOMSTM006455	17	14	1	1	1	2	1	2	1	1	1	1
HOMSTM006458	17	14	1	1	2	1	1	2	2	1	1	1
HOMSTM006459	17	14	1	1	1	1	1	1	1	3	2	1
HOMSTM006462	17	14	1	1	1	1	1	1	1	3	2	1
HOMSTM006463	17	14	1	1	1	2	1	3	1	1	1	1
HOMSTM006465	17	14	1	1	1	2	1	2	1	2	1	1
HOMSTM006471	17	14	1	1	2	1	1	1	1	1	1	1
HOMSTM006472	17	14	1	1	1	1	1	2	1	3	1	1
HOMSTM006473	17	14	1	2	1	2	1	2	1	1	1	1
HOMSTM006474	17	14	1	2	1	1	1	3	1	1	1	1
HOMSTM006475	17	14	1	2	1	1	1	2	1	1	1	1
HOMSTM006476	17	14	1	1	1	2	1	2	1	1	1	1
HOMSTM006479	17	14	2	1	1	1	2	2	1	1	1	1
HOMSTM006480	17	14	1	1	1	1	1	2	1	1	1	1
HOMSTM006482	17	14	1	2	1	1	1	2	1	2	1	1
HOMSTM006485	17	14	1	1	1	1	2	3	1	1	1	1
HOMSTM006486	17	14	1	1	1	3	1	2	1	1	1	1
HOMSTM006488	17	14	1	2	1	1	1	2	2	1	1	1
HOMSTM006489	17	14	1	2	1	1	1	2	2	1	1	1
HOMSTM006490	17	14	1	1	1	2	2	2	1	1	1	1
HOMSTM006491	17	14	1	1	1	1	1	3	1	1	2	1
HOMSTM006492	17	14	1	1	1	2	1	2	1	1	1	1
HOMSTM006495	17	14	1	1	1	1	1	2	1	1	2	1
HOMSTM006496	17	14	1	1	1	1	1	2	1	3	1	1
HOMSTM006497	17	14	1	1	1	2	1	2	1	2	1	1
HOMSTM006500	17	14	1	1	1	2	1	2	1	1	1	2
HOMSTM006506	17	14	2	2	1	1	1	2	1	1	1	1
HOMSTM006508	17	14	1	2	1	2	1	2	1	1	1	1
HOMSTM006510	17	14	1	1	2	2	1	2	1	1	1	1
HOMSTM006511	17	14	1	1	1	2	1	2	1	2	1	1
HOMSTM006516	17	14	2	1	1	1	1	1	1	1	1	1
HOMSTM006518	17	14	1	1	1	2	1	1	1	1	1	1
HOMSTM006521	17	14	1	2	1	1	1	1	1	2	1	1
HOMSTM006522	17	14	1	1	1	1	1	3	1	2	1	1
HOMSTM006523	17	14	1	1	1	1	1	3	1	2	1	1
HOMSTM006526	17	14	1	1	1	2	1	2	1	1	1	1
HOMSTM006532	17	14	1	1	1	1	1	3	1	2	1	1
HOMSTM006533	17	14	1	1	1	1	1	2	1	2	1	1
HOMSTM006535	17	14	1	1	1	1	1	2	1	1	1	2
HOMSTM006540	17	14	1	1	1	1	1	2	1	1	1	1
HOMSTM006544	17	14	1	1	1	1	1	1	1	2	1	1
HOMSTM006546	17	14	1	1	1	2	2	2	1	1	1	1
HOMSTM006547	17	14	1	1	1	1	1	2	1	2	1	1
HOMSTM006548	17	14	1	1	1	1	1	2	1	3	1	1
HOMSTM006549	17	14	1	1	2	1	1	2	1	1	1	2
HOMSTM006552	17	14	1	1	1	1	1	2	1	1	1	1
HOMSTM006553	17	14	1	1	1	2	1	2	1	2	1	1
HOMSTM006556	17	14	1	1	1	1	1	3	1	2	1	1
HOMSTM006557	17	14	1	2	1	2	1	1	1	2	1	1
HOMSTM006558	17	14	1	1	1	2	1	2	2	1	1	1
HOMSTM006560	17	14	1	1	1	1	1	2	1	2	1	1
HOMSTM006561	17	14	1	1	1	1	1	2	2	1	1	2
HOMSTM006565	17	14	1	1	1	2	1	2	1	2	1	1
HOMSTM006567	17	14	1	1	3	1	1	1	1	2	1	1
HOMSTM006568	17	14	1	2	1	1	1	2	1	1	2	1
HOMSTM006569	17	14	1	1	1	1	1	2	1	2	2	1
HOMSTM006570	17	14	1	1	1	2	2	2	1	1	1	1
HOMSTM006573	17	14	1	2	1	1	1	1	1	2	1	2
HOMSTM006574	17	14	1	2	1	1	1	2	1	2	1	1
HOMSTM006576	17	14	1	1	1	1	1	2	1	2	1	2
HOMSTM006577	17	14	1	2	1	1	1	2	1	1	2	1
HOMSTM006579	17	14	1	1	1	1	1	2	1	1	2	2
HOMSTM006580	17	14	1	1	1	1	1	2	1	2	2	1
HOMSTM006582	17	14	1	1	1	2	1	2	1	1	1	1
HOMSTM006583	17	14	1	1	1	1	1	3	2	1	1	1
HOMSTM006584	17	14	1	1	1	1	1	2	1	2	1	2
HOMSTM006585	17	14	1	1	1	1	1	2	1	2	1	2
HOMSTM006588	17	14	1	1	2	2	1	2	1	1	1	1
HOMSTM006591	17	14	1	1	1	1	1	2	1	3	1	1
HOMSTM006593	17	14	1	1	1	1	1	2	2	2	1	1
HOMSTM006599	17	14	1	1	2	1	1	2	1	1	1	1
HOMSTM006601	17	14	1	1	1	1	1	2	1	2	2	1
HOMSTM006603	17	14	1	1	1	1	1	2	1	1	1	2
HOMSTM006610	17	14	1	2	1	1	1	2	2	1	1	1
HOMSTM006611	17	14	1	1	2	1	1	2	1	1	1	1
HOMSTM006615	17	14	1	1	1	1	3	2	1	1	1	1
HOMSTM006618	17	14	1	1	1	1	1	1	1	1	1	1
HOMSTM006619	17	14	1	1	1	2	1	2	1	1	1	1
HOMSTM006620	17	14	1	1	2	1	1	2	1	2	1	1
HOMSTM006625	17	14	1	1	1	2	1	2	1	1	1	2
HOMSTM006626	17	14	1	1	2	2	1	2	1	1	1	1
HOMSTM006627	17	14	1	1	1	2	1	2	1	1	2	1
HOMSTM006629	17	14	1	2	1	1	1	3	1	1	1	1
HOMSTM006630	17	14	1	1	1	2	1	2	1	2	1	1
HOMSTM006631	17	14	1	1	1	1	1	2	1	1	1	1
HOMSTM006634	17	14	1	1	1	1	1	1	1	1	1	1
HOMSTM006636	17	14	1	1	1	1	1	2	1	2	1	1
HOMSTM006638	17	14	1	1	2	2	1	2	1	1	1	1
HOMSTM006640	17	14	1	1	3	1	1	2	1	1	1	1
HOMSTM006641	17	14	1	2	1	1	1	2	1	2	1	1
HOMSTM006642	17	14	1	1	1	1	1	1	1	1	1	1
HOMSTM006648	17	14	1	1	1	1	1	2	1	1	2	2
HOMSTM006651	17	14	1	1	1	1	1	2	1	3	1	1
HOMSTM006653	17	14	1	1	1	2	1	2	1	2	1	1
HOMSTM006656	17	14	1	1	1	2	1	2	1	1	1	1
HOMSTM006657	17	14	1	1	1	1	1	2	1	3	1	1
HOMSTM006659	17	14	1	1	2	1	1	2	1	2	1	1
HOMSTM006660	17	14	1	2	1	1	1	2	1	2	1	1
HOMSTM006661	17	14	1	1	1	1	1	2	1	2	1	1
HOMSTM006662	17	14	1	3	1	2	1	1	1	1	1	1
HOMSTM006665	17	14	1	2	1	2	1	2	1	1	1	1
HOMSTM006666	17	14	1	1	1	1	1	2	1	3	1	1
HOMSTM006669	17	14	3	1	1	1	1	2	1	1	1	1
HOMSTM006671	17	14	1	1	1	2	1	2	1	1	1	1
HOMSTM006673	17	14	1	1	1	1	1	2	1	2	1	1
HOMSTM006674	17	14	1	1	1	1	1	2	1	2	2	1
HOMSTM006675	17	14	1	1	1	2	1	2	1	1	1	1
HOMSTM006678	17	14	1	1	1	1	1	2	1	2	1	1
HOMSTM006681	17	14	1	1	1	1	1	2	1	3	1	1
HOMSTM006684	17	14	1	1	2	1	1	2	1	1	1	1
HOMSTM006685	17	14	1	2	1	1	1	2	1	2	1	1
HOMSTM006686	17	14	1	2	1	1	1	2	1	2	1	1
HOMSTM006688	17	14	1	1	1	2	1	2	1	2	1	1
HOMSTM006691	17	14	1	1	1	1	1	2	2	2	1	1
HOMSTM006693	17	14	1	1	1	1	1	3	1	1	1	1
HOMSTM006694	17	14	1	1	1	1	1	2	1	1	1	1
HOMSTM006697	17	14	1	1	1	1	1	3	1	1	1	1
HOMSTM006698	17	14	1	1	1	1	1	2	1	1	1	1
HOMSTM006701	17	14	1	1	1	1	2	2	1	2	1	1
HOMSTM006702	17	14	1	1	1	2	1	2	1	1	2	1
HOMSTM006704	17	14	1	1	1	1	1	2	1	2	1	2
HOMSTM006706	17	14	1	1	1	1	1	2	1	2	1	1
HOMSTM006708	17	14	1	1	1	2	1	2	1	1	1	1
HOMSTM006709	17	14	1	1	1	1	1	2	1	2	1	1
HOMSTM006714	17	14	1	1	1	1	1	2	1	2	1	1
HOMSTM006715	17	14	1	1	1	1	1	3	1	2	1	1
HOMSTM006716	17	14	1	1	1	2	1	2	1	1	1	1
HOMSTM006717	17	14	1	2	1	2	1	2	1	1	1	1
HOMSTM006718	17	14	2	1	1	1	1	3	1	1	1	1
HOMSTM006719	17	14	1	1	1	1	2	2	1	1	1	1
HOMSTM006720	17	14	1	1	1	1	1	2	1	1	2	2
HOMSTM006721	17	14	1	1	1	3	1	2	1	1	1	1
HOMSTM006724	17	14	1	2	1	2	1	2	1	1	1	1
HOMSTM006729	17	14	1	1	2	1	1	2	1	1	1	1
HOMSTM006735	17	14	1	2	1	2	1	2	1	1	1	1
HOMSTM006737	17	14	1	1	1	1	1	2	1	2	1	1
HOMSTM006738	17	14	1	1	2	1	3	1	1	1	1	1
HOMSTM006745	17	14	1	1	1	1	1	2	1	3	1	1
HOMSTM006749	17	14	1	1	1	1	1	1	1	1	1	1
HOMSTM006754	17	14	1	1	1	2	1	2	1	2	1	1
HOMSTM006757	17	14	1	2	1	1	2	2	1	1	1	1
HOMSTM006758	17	14	1	1	1	1	3	1	1	2	1	1
HOMSTM006761	17	14	1	1	1	1	2	2	1	2	1	1
HOMSTM006762	17	14	1	1	1	1	1	1	1	4	1	1
HOMSTM006763	17	14	1	2	1	2	1	2	1	1	1	1
HOMSTM006764	17	14	1	1	1	1	1	1	1	2	2	1
HOMSTM006766	17	14	1	2	1	1	1	2	1	2	1	1
HOMSTM006767	17	14	1	2	2	1	1	2	1	1	1	1
HOMSTM006769	17	14	1	1	1	1	2	2	1	1	1	1
HOMSTM006772	17	14	1	2	1	2	1	2	1	1	1	1
HOMSTM006774	17	14	1	2	1	1	1	2	1	1	1	1
HOMSTM006778	17	14	1	2	1	2	1	2	1	1	1	1
HOMSTM006779	17	14	1	1	1	1	2	1	1	2	1	1
HOMSTM006780	17	14	1	3	1	1	1	2	1	1	1	1
HOMSTM006781	17	14	1	2	1	1	1	2	1	2	1	1
HOMSTM006783	17	14	1	2	1	1	1	2	1	2	1	1
HOMSTM006786	17	14	1	1	1	2	1	2	1	2	1	1
HOMSTM006787	17	14	1	1	1	1	1	2	1	2	1	1
HOMSTM006789	17	14	1	1	2	1	3	1	1	1	1	1
HOMSTM006790	17	14	1	1	1	2	1	2	1	2	1	1
HOMSTM006820	16	14	1	1	1	1	1	3	1	1	1	1
HOMSTM006822	16	14	1	1	1	1	1	2	1	2	1	1
HOMSTM006824	16	14	1	1	1	1	1	2	1	1	1	1
HOMSTM006831	16	14	1	1	1	1	2	2	1	1	1	1
HOMSTM006837	16	14	1	1	1	1	1	2	1	1	1	1
HOMSTM006840	16	14	1	1	1	1	1	2	1	2	1	1
HOMSTM006842	16	14	2	1	2	1	1	1	1	1	1	1
HOMSTM006843	16	14	1	1	1	1	1	1	1	2	1	1
HOMSTM006844	16	14	1	2	1	1	1	1	1	2	1	1
HOMSTM006859	16	14	1	1	1	2	1	1	1	1	1	1
HOMSTM006863	16	14	1	2	1	1	1	1	1	1	1	1
HOMSTM006864	16	14	1	2	1	1	1	2	1	1	1	1
HOMSTM006872	16	14	1	1	1	1	1	2	1	2	1	1
HOMSTM006873	16	14	1	1	1	1	2	2	1	1	1	1
HOMSTM006875	16	14	1	1	1	1	1	1	1	2	1	1
HOMSTM006876	16	14	1	1	1	1	1	1	1	2	1	1
HOMSTM006880	16	14	1	1	2	1	1	1	1	1	1	1
HOMSTM006881	16	14	1	1	1	1	1	2	1	1	1	1
HOMSTM006884	16	14	1	1	2	1	1	1	1	2	1	1
HOMSTM006885	16	14	1	1	1	1	2	2	1	1	1	1
HOMSTM006886	16	14	1	1	1	2	1	2	1	1	1	1
HOMSTM006887	16	14	1	1	1	1	1	2	1	1	2	1
HOMSTM006888	16	14	1	1	1	2	1	2	1	1	1	1
HOMSTM006891	16	14	1	1	1	1	1	2	1	2	1	1
HOMSTM006892	16	14	1	2	1	1	1	1	1	2	1	1
HOMSTM006893	16	14	1	1	1	1	1	1	1	1	1	2
HOMSTM006899	16	14	1	1	1	1	1	2	1	2	1	1
HOMSTM006900	16	14	1	1	1	1	1	2	1	1	1	1
HOMSTM006902	16	14	1	1	1	2	1	2	1	1	1	1
HOMSTM006903	16	14	1	2	1	1	1	2	1	1	1	1
HOMSTM006905	16	14	1	1	1	1	1	2	1	2	1	1
HOMSTM006906	16	14	1	1	1	1	1	2	1	1	2	1
HOMSTM006909	16	14	1	1	1	2	1	2	1	1	1	1
HOMSTM006910	16	14	1	1	1	2	1	2	1	1	1	1
HOMSTM006913	16	14	1	1	1	1	1	2	1	1	1	1
HOMSTM006916	16	14	1	1	1	2	1	2	1	1	1	1
HOMSTM006922	16	14	1	1	1	1	1	2	1	2	1	1
HOMSTM006925	16	14	1	1	1	1	1	1	1	3	1	1
HOMSTM006933	16	14	1	1	1	1	1	3	1	1	1	1
HOMSTM006935	16	14	1	1	1	1	1	3	1	1	1	1
HOMSTM006938	16	14	1	1	1	1	1	1	1	3	1	1
HOMSTM006939	16	14	1	1	1	1	1	2	1	2	1	1
HOMSTM006941	16	14	1	1	1	1	1	2	1	2	1	1
HOMSTM006943	16	14	1	1	1	1	1	2	1	2	1	1
HOMSTM006944	16	14	1	1	1	1	1	3	1	1	1	1
HOMSTM006945	16	14	1	1	1	2	2	1	1	1	1	1
HOMSTM006948	16	14	1	1	1	1	1	1	1	3	1	1
HOMSTM006952	16	14	1	1	1	1	1	2	1	2	1	1
HOMSTM006956	16	14	1	1	1	1	1	3	1	1	1	1
HOMSTM006957	16	14	1	1	1	2	1	2	1	1	1	1
HOMSTM006960	16	14	1	2	1	1	1	2	1	1	1	1
HOMSTM006963	16	14	1	1	1	1	1	1	1	1	1	1
HOMSTM006964	16	14	1	1	2	1	1	1	1	2	1	1
HOMSTM006980	16	14	1	1	1	1	1	2	1	2	1	1
HOMSTM006981	16	14	1	1	1	1	1	2	1	2	1	1
HOMSTM006984	16	14	1	1	1	2	1	2	1	1	1	1
HOMSTM006985	16	14	1	1	1	1	1	2	1	1	1	1
HOMSTM006986	16	14	1	2	1	2	1	1	1	1	1	1
HOMSTM006989	16	14	1	2	1	2	1	1	1	1	1	1
HOMSTM006995	16	14	1	1	1	1	1	2	1	1	1	1
HOMSTM006998	16	14	1	1	1	2	1	2	1	1	1	1
HOMSTM006999	16	14	1	1	1	1	1	2	1	2	1	1
HOMSTM007000	16	14	1	1	1	2	1	2	1	1	1	1
HOMSTM007006	16	14	1	1	1	1	1	2	1	2	1	1
HOMSTM007007	16	14	1	1	1	1	2	2	1	1	1	1
HOMSTM007008	16	14	1	1	1	1	1	1	1	3	1	1
HOMSTM007010	16	14	1	1	1	2	1	1	1	2	1	1
HOMSTM007011	16	14	1	1	1	1	1	3	1	1	1	1
HOMSTM007014	16	14	1	1	1	1	1	2	1	1	1	1
HOMSTM007018	16	14	2	1	1	1	1	2	1	1	1	1
HOMSTM007020	16	14	1	1	1	2	1	1	1	1	1	1
HOMSTM007021	16	14	1	1	1	2	1	1	1	1	2	1
HOMSTM007022	16	14	1	1	1	1	1	2	1	1	1	1
HOMSTM007023	16	14	1	2	1	1	1	2	1	1	1	1
HOMSTM007024	16	14	1	2	1	1	1	2	1	1	1	1
HOMSTM007025	16	14	1	2	1	1	1	2	1	1	1	1
HOMSTM007030	16	14	1	1	1	1	1	2	1	1	1	1
HOMSTM007031	16	14	1	1	1	2	1	2	1	1	1	1
HOMSTM007034	16	14	1	1	1	1	1	2	1	2	1	1
HOMSTM007036	16	14	1	1	1	1	1	2	1	1	2	1
HOMSTM007037	16	14	1	2	1	1	1	2	1	1	1	1
HOMSTM007039	16	14	1	1	1	2	1	2	1	1	1	1
HOMSTM007040	16	14	1	1	1	1	1	2	1	2	1	1
HOMSTM007041	16	14	1	1	1	1	1	2	1	1	1	1
HOMSTM007042	16	14	1	1	1	2	2	1	1	1	1	1
HOMSTM007043	16	14	1	1	1	1	1	2	1	1	1	1
HOMSTM007044	16	14	1	1	1	1	1	2	1	2	1	1
HOMSTM007051	16	14	1	1	1	1	1	2	1	2	1	1
HOMSTM007052	16	14	1	1	1	1	2	2	1	1	1	1
HOMSTM007053	16	14	1	1	1	1	1	2	1	2	1	1
HOMSTM007055	16	14	1	1	1	1	1	2	1	1	1	1
HOMSTM007058	16	14	1	1	1	2	1	2	1	1	1	1
HOMSTM007060	16	14	1	2	1	1	1	2	1	1	1	1
HOMSTM007061	16	14	1	1	1	1	1	2	1	2	1	1
HOMSTM007062	16	14	1	2	1	1	1	2	1	1	1	1
HOMSTM007065	16	14	1	2	1	1	1	2	1	1	1	1
HOMSTM007067	16	14	1	1	1	1	1	1	1	3	1	1
HOMSTM007071	16	14	1	1	1	1	1	3	1	1	1	1
HOMSTM007078	16	14	1	1	1	2	1	2	1	1	1	1
HOMSTM007079	16	14	1	1	1	1	1	2	1	1	1	1
HOMSTM007083	16	14	1	1	1	1	1	2	1	1	1	1
HOMSTM007084	16	14	1	1	1	2	1	1	1	2	1	1
HOMSTM007087	16	14	1	1	1	2	1	2	1	1	1	1
HOMSTM007089	16	14	1	1	1	1	1	3	1	1	1	1
HOMSTM007091	16	14	1	1	1	2	1	2	1	1	1	1
HOMSTM007092	16	14	1	1	1	2	1	2	1	1	1	1
HOMSTM007093	16	14	1	1	1	1	1	2	1	2	1	1
HOMSTM007096	16	14	1	1	1	2	1	2	1	1	1	1
HOMSTM007097	16	14	1	2	1	1	1	1	1	1	1	1
HOMSTM007099	16	14	1	1	1	1	1	2	1	1	1	1
HOMSTM007100	16	14	1	1	1	2	1	2	1	1	1	1
HOMSTM007103	16	14	1	1	2	2	1	1	1	1	1	1
HOMSTM007104	16	14	1	1	1	2	1	1	1	1	2	1
HOMSTM007111	16	14	1	1	1	1	2	2	1	1	1	1
HOMSTM007114	16	14	1	1	1	2	1	2	1	1	1	1
HOMSTM007116	16	14	1	1	2	1	1	2	1	1	1	1
HOMSTM007121	16	14	1	1	1	1	1	1	1	1	1	1
HOMSTM007122	16	14	1	1	1	1	1	2	1	2	1	1
HOMSTM007123	16	14	2	1	1	1	1	2	1	1	1	1
HOMSTM007129	16	14	1	1	2	1	1	2	1	1	1	1
HOMSTM007130	16	14	1	1	1	2	1	2	1	1	1	1
HOMSTM007131	16	14	1	2	1	1	1	2	1	1	1	1
HOMSTM007132	16	14	1	1	1	1	1	2	1	2	1	1
HOMSTM007134	16	14	1	1	1	2	2	1	1	1	1	1
HOMSTM007139	16	14	1	1	1	1	2	2	1	1	1	1
HOMSTM007146	16	14	1	2	1	1	1	2	1	1	1	1
HOMSTM007161	16	14	1	3	1	1	1	1	1	1	1	1
HOMSTM007163	16	14	1	2	1	1	1	2	1	1	1	1
HOMSTM007169	16	14	1	1	1	2	1	2	1	1	1	1
HOMSTM007180	16	14	1	1	1	2	1	1	1	1	1	1
HOMSTM007181	16	14	1	1	1	1	1	2	1	1	1	2
HOMSTM007182	16	14	1	1	1	2	1	1	1	2	1	1
HOMSTM007187	16	14	1	1	1	2	1	1	1	2	1	1
HOMSTM007188	16	14	1	1	1	1	1	2	1	1	1	1
HOMSTM007189	16	14	1	1	1	1	3	1	1	1	1	1
HOMSTM007190	16	14	1	1	2	1	1	1	1	1	1	2
HOMSTM007191	16	14	1	1	1	1	1	2	1	2	1	1
HOMSTM007194	16	14	1	2	1	1	1	2	1	1	1	1
HOMSTM007195	16	14	1	1	1	1	1	2	1	1	1	1
HOMSTM007200	16	14	1	1	1	1	1	1	2	1	1	1
HOMSTM007201	16	14	1	2	1	1	1	2	1	1	1	1
HOMSTM007202	16	14	1	1	1	2	1	2	1	1	1	1
HOMSTM007203	16	14	1	1	1	1	1	2	1	2	1	1
HOMSTM007205	16	14	1	1	1	1	1	2	1	1	1	2
HOMSTM007206	16	14	1	1	1	1	1	2	1	2	1	1
HOMSTM007238	15	14	1	1	1	1	1	2	1	1	1	1
HOMSTM007240	15	14	1	1	1	1	1	2	1	1	1	1
HOMSTM007244	15	14	1	2	1	1	1	1	1	1	1	1
HOMSTM007253	15	14	1	1	1	1	1	2	1	1	1	1
HOMSTM007262	15	14	1	1	1	1	1	2	1	1	1	1
HOMSTM007263	15	14	1	1	1	1	1	1	1	1	1	1
HOMSTM007269	15	14	2	1	1	1	1	1	1	1	1	1
HOMSTM007280	15	14	1	1	1	2	1	1	1	1	1	1
HOMSTM007282	15	14	1	1	1	1	1	2	1	1	1	1
HOMSTM007312	15	14	1	1	1	1	1	2	1	1	1	1
HOMSTM007315	15	14	2	1	1	1	1	1	1	1	1	1
HOMSTM007318	15	14	1	1	1	1	1	2	1	1	1	1
HOMSTM007321	15	14	1	1	1	1	2	1	1	1	1	1
HOMSTM007324	15	14	1	1	1	1	1	2	1	1	1	1
HOMSTM007335	15	14	1	1	1	1	1	2	1	1	1	1
HOMSTM007336	15	14	1	1	1	1	1	2	1	1	1	1
HOMSTM007338	15	14	1	2	1	1	1	1	1	1	1	1
HOMSTM007340	15	14	1	1	1	1	1	2	1	1	1	1
HOMSTM007341	15	14	1	1	1	1	1	1	1	1	1	2
HOMSTM007352	15	14	1	1	2	1	1	1	1	1	1	1
HOMSTM007356	15	14	1	1	2	1	1	1	1	1	1	1
HOMSTM007358	15	14	1	1	1	1	1	2	1	1	1	1
HOMSTM007361	15	14	1	1	1	2	1	1	1	1	1	1
HOMSTM007369	15	14	1	1	1	1	1	2	1	1	1	1
HOMSTM007381	15	14	1	1	1	1	1	2	1	1	1	1
HOMSTM007383	15	14	1	1	1	1	1	2	1	1	1	1
HOMSTM007390	15	14	1	1	1	1	1	2	1	1	1	1
HOMSTM007396	15	14	1	1	1	1	1	1	1	1	1	1
HOMSTM007401	15	14	1	1	1	1	1	1	1	2	1	1
HOMSTM007402	15	14	1	1	1	1	1	2	1	1	1	1
HOMSTM007410	15	14	1	1	1	1	1	2	1	1	1	1
HOMSTM007411	15	14	1	1	1	1	1	2	1	1	1	1
HOMSTM007413	15	14	1	1	1	1	1	1	1	1	1	1
HOMSTM007414	15	14	1	1	1	1	1	1	1	1	1	2
HOMSTM007416	15	14	1	1	1	1	1	2	1	1	1	1
HOMSTM007419	15	14	1	1	1	1	1	1	1	2	1	1
HOMSTM007423	15	14	1	1	1	1	1	2	1	1	1	1
HOMSTM007425	15	14	1	1	1	1	1	1	1	2	1	1
HOMSTM007429	15	14	1	1	1	1	1	2	1	1	1	1
HOMSTM007433	15	14	1	1	1	1	1	2	1	1	1	1
HOMSTM007438	15	14	1	1	1	1	1	2	1	1	1	1
HOMSTM007443	15	14	1	1	2	1	1	1	1	1	1	1
HOMSTM007448	15	14	1	1	1	1	1	2	1	1	1	1
HOMSTM007453	15	14	1	1	1	1	1	2	1	1	1	1
HOMSTM007465	15	14	1	1	1	1	1	1	1	2	1	1
HOMSTM007470	15	14	1	1	1	1	1	2	1	1	1	1
HOMSTM007488	15	14	1	1	1	1	1	2	1	1	1	1
HOMSTM007491	15	14	1	1	1	1	1	1	1	1	1	1
HOMSTM007497	15	14	1	1	1	1	1	2	1	1	1	1
HOMSTM007502	15	14	1	1	1	1	1	2	1	1	1	1
HOMSTM007506	15	14	1	1	1	1	1	2	1	1	1	1
HOMSTM007511	15	14	1	1	1	1	1	1	1	1	1	2
HOMSTM007515	15	14	1	1	1	1	1	1	1	1	1	1
HOMSTM007519	15	14	1	1	1	2	1	1	1	1	1	1
HOMSTM007526	15	14	1	1	1	1	1	1	1	1	1	2
HOMSTM007568	14	14	1	1	1	1	1	1	1	1	1	1
HOMSTM007574	14	14	1	1	1	1	1	1	1	1	1	1
HOMSTM007586	14	14	1	1	1	1	1	1	1	1	1	1
HOMSTM007588	14	14	1	1	1	1	1	1	1	1	1	1
HOMSTM007603	14	14	1	1	1	1	1	1	1	1	1	1
HOMSTM007641	14	14	1	1	1	1	1	1	1	1	1	1
HOMSTM007665	14	14	1	1	1	1	1	1	1	1	1	1
HOMSTM007666	14	14	1	1	1	1	1	1	1	1	1	1
HOMSTM007669	14	14	1	1	1	1	1	1	1	1	1	1
HOMSTM007703	14	14	1	1	1	1	1	1	1	1	1	1
HOMSTM007707	14	14	1	1	1	1	1	1	1	1	1	1
HOMSTM007717	14	14	1	1	1	1	1	1	1	1	1	1
HOMSTM007724	14	14	1	1	1	1	1	1	1	1	1	1
HOMSTM007756	14	14	1	1	1	1	1	1	1	1	1	1