Looping from - to:  0 3115
ORTHOSTM000500	1	0.3907985915490159	-7.324284704277903
ORTHOSTM000975	1	0.4148774013426414	-7.524135553603641
ORTHOSTM000807	1	0.416086304730562	-7.540542015772052
ORTHOSTM000696	1	0.43547106038497235	-7.764822392552548
ORTHOSTM000131	1	0.4403777814531737	-9.545600482915402
ORTHOSTM000061	1	0.4443199688720216	-9.839162457962646
ORTHOSTM000938	1	0.45538528152766794	-7.759490397208858
ORTHOSTM000997	1	0.45538528152766794	-7.759490397208858
ORTHOSTM000641	1	0.45547300489505377	-8.495865146017964
ORTHOSTM000146	1	0.4565237454181031	-9.618140203479838
ORTHOSTM000299	1	0.477297151298646	-8.045593639493342
ORTHOSTM000811	1	0.49238439315898214	-7.973569545261939
ORTHOSTM000588	1	0.49632852452595055	-8.195094141200222
ORTHOSTM000596	1	0.5018015248146696	-8.200915642898638
ORTHOSTM001322	1	0.5043494890507147	-7.939539856443215
ORTHOSTM000506	1	0.5195817093569035	-8.588364015686595
ORTHOSTM000111	1	0.5354879873438119	-9.43916536222316
ORTHOSTM000509	1	0.5373100261067615	-8.509593994103472
ORTHOSTM000210	1	0.5410714003110948	-9.467531980733993
ORTHOSTM000333	1	0.5530020105802954	-8.573968389384344
ORTHOSTM000108	1	0.5530388639915943	-9.87681663527566
ORTHOSTM001102	1	0.5579924433732616	-7.96215567880078
ORTHOSTM001515	1	0.5579924433732616	-7.96215567880078
ORTHOSTM001659	1	0.5579924433732616	-7.96215567880078
ORTHOSTM001846	1	0.5579924433732616	-7.96215567880078
ORTHOSTM001104	1	0.5643862645537665	-8.445979713422599
ORTHOSTM001046	1	0.5644292578081682	-8.346057981524469
ORTHOSTM001111	1	0.5644292578081682	-8.346057981524469
ORTHOSTM001300	1	0.5681559255594125	-8.242519280974921
ORTHOSTM001415	1	0.5681559255594125	-8.242519280974921
ORTHOSTM001555	1	0.5681559255594125	-8.242519280974921
ORTHOSTM000386	1	0.5686364894187821	-8.561491854104254
ORTHOSTM000512	1	0.5693383849302764	-8.554554114795028
ORTHOSTM000661	1	0.5741836233682148	-8.353772762759272
ORTHOSTM000951	1	0.577728156772912	-8.729773254366622
ORTHOSTM001076	1	0.5831530327442122	-8.582920325076875
ORTHOSTM000105	1	0.5835845959162905	-10.322880942103765
ORTHOSTM000773	1	0.5871956781691473	-8.434377027117176
ORTHOSTM000147	1	0.587559733206701	-10.489089025662073
ORTHOSTM001566	1	0.5932402035203185	-8.154354393684356
ORTHOSTM000182	1	0.5963302750505529	-9.660599427360523
ORTHOSTM000660	1	0.6037671152188239	-8.246334461069573
ORTHOSTM000578	1	0.6041971883234831	-8.290899436320876
ORTHOSTM000073	1	0.6102945960584435	-10.844723778322283
ORTHOSTM001307	1	0.6108653777794104	-8.650273311225309
ORTHOSTM000083	1	0.6109802221856172	-10.736298570771092
ORTHOSTM000049	1	0.6264649804707303	-11.607424264663688
ORTHOSTM000096	1	0.6387104604534688	-10.942694888846436
ORTHOSTM000352	1	0.6434282036113749	-8.681164433021552
ORTHOSTM000478	1	0.644316429732119	-8.306264885816534
ORTHOSTM001122	1	0.6479606246056799	-8.335696426195915
ORTHOSTM000693	1	0.6524442982962436	-8.794497268244827
ORTHOSTM000384	1	0.6560830018687771	-9.675854292000357
ORTHOSTM000314	1	0.6574892467707392	-8.44587249714984
ORTHOSTM000158	1	0.663510777749222	-10.327432162393754
ORTHOSTM000517	1	0.6644959181602275	-9.101494021121718
ORTHOSTM000092	1	0.6668282828601441	-10.573182526637904
ORTHOSTM000205	1	0.6682042483749754	-10.08838825263269
ORTHOSTM000330	1	0.6709507104835026	-8.836055375356505
ORTHOSTM000264	1	0.6738955185037916	-9.219903098288553
ORTHOSTM000315	1	0.6744354223521011	-9.058946286277795
ORTHOSTM000226	1	0.6899543573566739	-9.637669118102426
ORTHOSTM000787	1	0.6929017693162026	-8.461355814581621
ORTHOSTM001242	1	0.6940747380955345	-8.553628376021358
ORTHOSTM001545	1	0.6940747380955345	-8.553628376021358
ORTHOSTM001577	1	0.6940747380955345	-8.553628376021358
ORTHOSTM001581	1	0.6940747380955345	-8.553628376021358
ORTHOSTM001643	1	0.6940747380955345	-8.553628376021358
ORTHOSTM000265	1	0.6954174876396104	-9.305324453374165
ORTHOSTM000892	1	0.6995294121458887	-8.324763961976782
ORTHOSTM001312	1	0.6995294121458887	-8.324763961976782
ORTHOSTM001614	1	0.6995294121458887	-8.324763961976782
ORTHOSTM000973	1	0.7026126033328918	-8.318465248416436
ORTHOSTM001157	1	0.7026126033328918	-8.318465248416436
ORTHOSTM000375	1	0.7056344498645605	-8.759773318201317
ORTHOSTM001486	1	0.7065206311111959	-8.455589898676836
ORTHOSTM001600	1	0.7065206311111959	-8.455589898676836
ORTHOSTM000165	1	0.7066069008653317	-10.325857508606619
ORTHOSTM000196	1	0.707044415794953	-9.952164733919497
ORTHOSTM000859	1	0.7118608383840822	-8.770400124671635
ORTHOSTM000412	1	0.7123195672036181	-8.686991869293722
ORTHOSTM000313	1	0.7131280147559278	-8.707549789574736
ORTHOSTM000144	1	0.7144626880245265	-9.995066245458844
ORTHOSTM000157	1	0.7155097925198679	-9.662463594396236
ORTHOSTM000441	1	0.7183221293405437	-9.170973963488619
ORTHOSTM000358	1	0.7239719212587398	-9.016196112567458
ORTHOSTM000336	1	0.7296054034974189	-9.240045718982397
ORTHOSTM000188	1	0.7313960594797434	-10.76415350751676
ORTHOSTM000730	1	0.7320072250696376	-8.660293270951824
ORTHOSTM000221	1	0.7350418248151529	-9.917333292258371
ORTHOSTM001091	1	0.7396021312551747	-9.11745507510442
ORTHOSTM000981	1	0.739787943579408	-8.859828664560872
ORTHOSTM000067	1	0.7403250033220301	-11.420533776156613
ORTHOSTM001116	1	0.7433614231392467	-8.56548059288918
ORTHOSTM000992	1	0.7478437775213026	-8.979103945126798
ORTHOSTM000242	1	0.7489159657832275	-10.510823434962674
ORTHOSTM001150	1	0.7499996092550566	-8.889343419954415
ORTHOSTM001237	1	0.7499996092550566	-8.889343419954415
ORTHOSTM001296	1	0.7499996092550566	-8.889343419954415
ORTHOSTM001087	1	0.7516004371681887	-8.863047848316766
ORTHOSTM000425	1	0.7533326965900499	-9.117856408657241
ORTHOSTM001328	1	0.7540080697463045	-8.70648899221726
ORTHOSTM000238	1	0.7562177090918214	-9.359186424731474
ORTHOSTM000262	1	0.756411307974091	-9.692862362287727
ORTHOSTM000276	1	0.7576209292707429	-9.079721011619787
ORTHOSTM000485	1	0.7602370470243385	-8.975561852375186
ORTHOSTM000784	1	0.7614987772154079	-9.057095527331423
ORTHOSTM001090	1	0.762575664210784	-9.246904168958375
ORTHOSTM000365	1	0.7633184544272738	-9.08526073947936
ORTHOSTM000726	1	0.7635291555753322	-8.991410160038471
ORTHOSTM000440	1	0.7638430118533455	-9.354250398577049
ORTHOSTM000316	1	0.763858141656502	-9.604008514685408
ORTHOSTM000310	1	0.7643394156718951	-9.144728909177518
ORTHOSTM000382	1	0.7647024294940112	-9.27817997681433
ORTHOSTM001524	1	0.7648661034823798	-8.753023205828821
ORTHOSTM001339	1	0.7658157289069016	-8.30439772800743
ORTHOSTM001851	1	0.7658157289069016	-8.30439772800743
ORTHOSTM001911	1	0.7658157289069016	-8.30439772800743
ORTHOSTM001950	1	0.7658157289069016	-8.30439772800743
ORTHOSTM002049	1	0.7658157289069016	-8.30439772800743
ORTHOSTM002085	1	0.7658157289069016	-8.30439772800743
ORTHOSTM002112	1	0.7658157289069016	-8.30439772800743
ORTHOSTM002323	1	0.7658157289069016	-8.30439772800743
ORTHOSTM002324	1	0.7658157289069016	-8.30439772800743
ORTHOSTM002420	1	0.7658157289069016	-8.30439772800743
ORTHOSTM002682	1	0.7658157289069016	-8.30439772800743
ORTHOSTM000454	1	0.7677796578298313	-8.96382778108282
ORTHOSTM000950	1	0.7687565098249701	-8.626794842920674
ORTHOSTM000297	1	0.7688965735435859	-9.547561878719138
ORTHOSTM000367	1	0.771244596741773	-10.000092880028348
ORTHOSTM000689	1	0.7723107700003258	-8.950506095945022
ORTHOSTM000183	1	0.7728603484583932	-10.338687330145222
ORTHOSTM000322	1	0.7729432051237138	-9.538753885349323
ORTHOSTM000703	1	0.7764894607721827	-8.627458138871129
ORTHOSTM000983	1	0.7806930023279447	-8.689867924970818
ORTHOSTM000417	1	0.7818062845323006	-9.299705618040026
ORTHOSTM001066	1	0.7824454996890023	-9.1218385434564
ORTHOSTM001187	1	0.7824454996890023	-9.1218385434564
ORTHOSTM001552	1	0.7848352112399506	-9.165950734882502
ORTHOSTM000361	1	0.7859684428009488	-9.718530851449707
ORTHOSTM001125	1	0.7866962187615888	-8.528587876112336
ORTHOSTM000345	1	0.7909444099775397	-9.533887080068693
ORTHOSTM000725	1	0.7919917661951337	-9.338179410651366
ORTHOSTM000864	1	0.7964766133208007	-9.491526689191586
ORTHOSTM001128	1	0.7984050137289801	-8.98945141338684
ORTHOSTM000723	1	0.8016248974197738	-9.843468872159471
ORTHOSTM000277	1	0.8021121664624741	-9.896871409291846
ORTHOSTM001168	1	0.8026913345011417	-8.842098345688802
ORTHOSTM000733	1	0.8028545321148499	-9.140121315972461
ORTHOSTM000719	1	0.8032465723246986	-9.052630065676881
ORTHOSTM000732	1	0.8039958595100889	-8.718824815318108
ORTHOSTM000979	1	0.8039958595100889	-8.718824815318108
ORTHOSTM001095	1	0.8039958595100889	-8.718824815318108
ORTHOSTM001014	1	0.8044237919145665	-9.095278998058111
ORTHOSTM000436	1	0.8045064748456432	-9.488777296550822
ORTHOSTM001335	1	0.8046819305141426	-8.663467148796933
ORTHOSTM001890	1	0.8084422312228597	-8.640368254497451
ORTHOSTM001897	1	0.8084422312228597	-8.640368254497451
ORTHOSTM000763	1	0.8095684256867204	-9.44841476368702
ORTHOSTM000642	1	0.8099758620792885	-9.316058629991682
ORTHOSTM000947	1	0.8126367290094532	-9.251906295217488
ORTHOSTM001814	1	0.8130970333602767	-8.716761929337823
ORTHOSTM000401	1	0.8131929821599706	-9.430758666053114
ORTHOSTM001207	1	0.8143429455128819	-9.191370323864613
ORTHOSTM000499	1	0.8154227904319569	-9.538241303351034
ORTHOSTM000072	1	0.815656905217369	-11.505283574579993
ORTHOSTM000486	1	0.8172104525632962	-9.540402363379815
ORTHOSTM001311	1	0.81833088990158	-9.434160064661787
ORTHOSTM000551	1	0.8183469404061982	-8.965995167225282
ORTHOSTM000179	1	0.8184485481543957	-9.753846525578625
ORTHOSTM000727	1	0.8185607526118729	-9.097341320364148
ORTHOSTM000223	1	0.8186588585411467	-9.997108033783856
ORTHOSTM000042	2	0.8187537527579629	-11.996123042159121
ORTHOSTM000801	1	0.819351686850254	-9.383043849881677
ORTHOSTM001094	1	0.8201937442542918	-8.41335582157388
ORTHOSTM002064	1	0.8207222664582293	-8.303566096398033
ORTHOSTM000783	1	0.8211492862664919	-9.152790857954706
ORTHOSTM000332	1	0.8234467656394839	-9.865501570337582
ORTHOSTM001081	1	0.8236512693288345	-9.624568784847144
ORTHOSTM000377	1	0.824489821943892	-9.652227788184108
ORTHOSTM001310	1	0.8248469638963587	-9.596209983024696
ORTHOSTM001854	1	0.8270925249727361	-8.723076200584073
ORTHOSTM002407	1	0.8270925249727361	-8.723076200584073
ORTHOSTM000891	1	0.8284029094308505	-8.833382203649537
ORTHOSTM001022	1	0.8286017110048922	-8.63777364179744
ORTHOSTM001320	1	0.8286017110048922	-8.63777364179744
ORTHOSTM001434	1	0.8286017110048922	-8.63777364179744
ORTHOSTM001849	1	0.8286017110048922	-8.63777364179744
ORTHOSTM001980	1	0.8286017110048922	-8.63777364179744
ORTHOSTM000416	1	0.8286259637902282	-9.47453208929285
ORTHOSTM002041	1	0.8288468433981527	-9.450702347292042
ORTHOSTM000713	1	0.8288707621968803	-8.994753620924225
ORTHOSTM001019	1	0.8291399963755918	-9.297589098336847
ORTHOSTM001100	1	0.8291399963755918	-9.297589098336847
ORTHOSTM001159	1	0.8291399963755918	-9.297589098336847
ORTHOSTM001933	1	0.8291399963755918	-9.297589098336847
ORTHOSTM000655	1	0.8294007541658633	-9.322681396871564
ORTHOSTM000388	1	0.8302676258454184	-9.618369364232622
ORTHOSTM001148	1	0.8314243016426335	-9.306570861294533
ORTHOSTM001156	1	0.8314243016426335	-9.306570861294533
ORTHOSTM001359	1	0.8314243016426335	-9.306570861294533
ORTHOSTM001372	1	0.8314243016426335	-9.306570861294533
ORTHOSTM001637	1	0.8314243016426335	-9.306570861294533
ORTHOSTM001641	1	0.8314243016426335	-9.306570861294533
ORTHOSTM001651	1	0.8314243016426335	-9.306570861294533
ORTHOSTM001988	1	0.8314243016426335	-9.306570861294533
ORTHOSTM002006	1	0.8314243016426335	-9.306570861294533
ORTHOSTM001826	1	0.8314663016802822	-8.578661389025266
ORTHOSTM001841	1	0.8314663016802822	-8.578661389025266
ORTHOSTM000978	1	0.8317925115960431	-9.187472305511514
ORTHOSTM001222	1	0.8325281023106658	-9.350239295565121
ORTHOSTM000970	1	0.8330866634580775	-9.152425627669233
ORTHOSTM001837	1	0.8330866634580775	-9.152425627669233
ORTHOSTM001981	1	0.8330866634580775	-9.152425627669233
ORTHOSTM001248	1	0.8338554128892518	-8.435466269374505
ORTHOSTM001465	1	0.8338554128892518	-8.435466269374505
ORTHOSTM001794	1	0.8338554128892518	-8.435466269374505
ORTHOSTM001815	1	0.8338554128892518	-8.435466269374505
ORTHOSTM001817	1	0.8338554128892518	-8.435466269374505
ORTHOSTM001820	1	0.8338554128892518	-8.435466269374505
ORTHOSTM001831	1	0.8338554128892518	-8.435466269374505
ORTHOSTM001904	1	0.8338554128892518	-8.435466269374505
ORTHOSTM001918	1	0.8338554128892518	-8.435466269374505
ORTHOSTM002011	1	0.8338554128892518	-8.435466269374505
ORTHOSTM002267	1	0.8338554128892518	-8.435466269374505
ORTHOSTM002294	1	0.8338554128892518	-8.435466269374505
ORTHOSTM002329	1	0.8338554128892518	-8.435466269374505
ORTHOSTM002385	1	0.8338554128892518	-8.435466269374505
ORTHOSTM000482	1	0.8338611891586747	-9.730969725844425
ORTHOSTM001143	1	0.8349831692001214	-9.422183765874312
ORTHOSTM000817	1	0.8351394561256545	-9.727932846862885
ORTHOSTM000820	1	0.8352628163798536	-9.118801420317718
ORTHOSTM001828	1	0.8358876160867162	-9.720681342505411
ORTHOSTM001387	1	0.8359236015597339	-8.781022733593307
ORTHOSTM001546	1	0.8359236015597339	-8.781022733593307
ORTHOSTM001576	1	0.8359236015597339	-8.781022733593307
ORTHOSTM001996	1	0.8359236015597339	-8.781022733593307
ORTHOSTM000887	1	0.8363519945432003	-8.88497960489426
ORTHOSTM001583	1	0.8364642309046771	-9.057615265856418
ORTHOSTM001093	1	0.8365606260138992	-8.919088608445787
ORTHOSTM001514	1	0.8373162396479893	-9.15719751302967
ORTHOSTM001061	1	0.83751683707773	-9.635138470187568
ORTHOSTM000767	1	0.8384016815147234	-8.897328432719025
ORTHOSTM001360	1	0.8387946808416347	-8.77442040413674
ORTHOSTM001580	1	0.8387946808416347	-8.77442040413674
ORTHOSTM001813	1	0.838918179691413	-9.453774193815123
ORTHOSTM000344	1	0.839478570372253	-9.20840982473788
ORTHOSTM000379	1	0.8394912713103828	-9.147796023338561
ORTHOSTM001262	1	0.8400839457490407	-9.491038205145198
ORTHOSTM001661	1	0.8412252421867069	-9.462310370348323
ORTHOSTM000980	1	0.84137284192774	-8.567231812585083
ORTHOSTM001856	1	0.8413779514187584	-9.191770179680226
ORTHOSTM001246	1	0.8418171584310088	-9.06934104161708
ORTHOSTM001809	1	0.8418171584310088	-9.06934104161708
ORTHOSTM000505	1	0.8421072838209956	-9.380522818544769
ORTHOSTM000816	1	0.8425012881837364	-9.404629392545736
ORTHOSTM002023	1	0.8426390584135949	-8.924550297945274
ORTHOSTM000483	1	0.8437217348482788	-9.40602463103757
ORTHOSTM000427	1	0.843878137804985	-9.833057816220261
ORTHOSTM001375	1	0.8439663833318402	-9.078199414054987
ORTHOSTM001664	1	0.8439663833318402	-9.078199414054987
ORTHOSTM000662	1	0.8451566859076182	-9.569043953595893
ORTHOSTM001299	1	0.8453046991792024	-9.164648345633065
ORTHOSTM001938	1	0.8453046991792024	-9.164648345633065
ORTHOSTM002046	1	0.8453046991792024	-9.164648345633065
ORTHOSTM000246	1	0.8457706831383193	-10.123862093561476
ORTHOSTM000560	1	0.8458554720192577	-9.287492381362147
ORTHOSTM001259	1	0.845978933470882	-8.695776829762522
ORTHOSTM001325	1	0.845978933470882	-8.695776829762522
ORTHOSTM001491	1	0.845978933470882	-8.695776829762522
ORTHOSTM001573	1	0.845978933470882	-8.695776829762522
ORTHOSTM001677	1	0.845978933470882	-8.695776829762522
ORTHOSTM001756	1	0.845978933470882	-8.695776829762522
ORTHOSTM002020	1	0.845978933470882	-8.695776829762522
ORTHOSTM002068	1	0.845978933470882	-8.695776829762522
ORTHOSTM000113	1	0.8467510089244673	-10.737737284964412
ORTHOSTM000854	1	0.8470775974378791	-9.478396518484148
ORTHOSTM000164	1	0.8477975234200006	-10.467800051405868
ORTHOSTM002072	1	0.8483824229901566	-9.091293451266225
ORTHOSTM000555	1	0.8494824026018101	-9.558507801587817
ORTHOSTM000798	1	0.8497002804842986	-9.090369615672643
ORTHOSTM000618	1	0.8521329291271288	-9.413055470338108
ORTHOSTM001567	1	0.8525254120428973	-9.448480655863944
ORTHOSTM000959	1	0.8532124548265726	-9.398874275200336
ORTHOSTM000804	1	0.8543046104845502	-9.276863761621954
ORTHOSTM000383	1	0.8551078295840817	-9.373282505131181
ORTHOSTM000710	1	0.8559232677346201	-9.36690391918734
ORTHOSTM000966	1	0.8565055724192441	-9.254624070172847
ORTHOSTM000656	1	0.8566974544436585	-9.133729315562046
ORTHOSTM000885	1	0.8568545833840033	-9.28140651426024
ORTHOSTM001174	1	0.8569968291963405	-9.301151674832498
ORTHOSTM000795	1	0.8571750167248549	-9.504004910862907
ORTHOSTM000976	1	0.857394882976873	-8.774620896272774
ORTHOSTM000873	1	0.8578321299035969	-9.267151800486836
ORTHOSTM001016	1	0.8581261892039966	-9.032618233146135
ORTHOSTM000410	1	0.8582595580872212	-9.538146441090813
ORTHOSTM000329	1	0.858444764775959	-9.643938385747115
ORTHOSTM001878	1	0.8587856037962519	-8.836690021540004
ORTHOSTM001928	1	0.8587856037962519	-8.836690021540004
ORTHOSTM001942	1	0.8587856037962519	-8.836690021540004
ORTHOSTM001954	1	0.8587856037962519	-8.836690021540004
ORTHOSTM001017	1	0.8590039913241974	-9.302685795937807
ORTHOSTM000657	1	0.8590792597410903	-9.488288906811873
ORTHOSTM000414	1	0.8608833326341615	-9.219396686479664
ORTHOSTM001098	1	0.8610884311464834	-9.15386421968355
ORTHOSTM000470	1	0.8614250969569665	-9.523793927714859
ORTHOSTM002310	1	0.8625410964523221	-9.110643743826236
ORTHOSTM000097	1	0.8638232261569347	-10.45938947720031
ORTHOSTM001445	1	0.8639268936315828	-9.575449592126414
ORTHOSTM001861	1	0.8639748867659915	-8.930902046934982
ORTHOSTM001873	1	0.8639748867659915	-8.930902046934982
ORTHOSTM001468	1	0.8652536450423863	-9.470280113174097
ORTHOSTM001512	1	0.8654263225162454	-9.54874158256477
ORTHOSTM000934	1	0.8670353241455787	-9.356534312626737
ORTHOSTM000893	1	0.8670980149609385	-9.14289053731453
ORTHOSTM000705	1	0.8676443018647808	-9.736759716566068
ORTHOSTM001274	1	0.8684126237261929	-9.286201580535701
ORTHOSTM001570	1	0.8694179711984792	-8.888922980412886
ORTHOSTM001264	1	0.8698298521274126	-9.344044850530858
ORTHOSTM001880	1	0.8698298521274126	-9.344044850530858
ORTHOSTM001893	1	0.8698298521274126	-9.344044850530858
ORTHOSTM002113	1	0.8698298521274126	-9.344044850530858
ORTHOSTM002265	1	0.8698298521274126	-9.344044850530858
ORTHOSTM001316	1	0.8701269605852683	-9.223374563108706
ORTHOSTM001341	1	0.8701269605852683	-9.223374563108706
ORTHOSTM000896	1	0.8702619075317131	-9.349010053042635
ORTHOSTM001437	1	0.8705682803039512	-9.355362542797641
ORTHOSTM001304	1	0.8712772035087508	-8.541418201119853
ORTHOSTM000898	1	0.871805611470978	-9.275046864042904
ORTHOSTM001937	1	0.8718067938275701	-9.271568897448804
ORTHOSTM001275	1	0.8718682261013321	-9.141237692625818
ORTHOSTM001252	1	0.8721903685157882	-9.231290504806427
ORTHOSTM002555	1	0.8721903685157882	-9.231290504806427
ORTHOSTM001269	1	0.873135206851929	-8.81391828859749
ORTHOSTM001568	1	0.8734328053422393	-9.198974711151104
ORTHOSTM002331	1	0.8736906670060299	-9.078558541425654
ORTHOSTM002639	1	0.8736906670060299	-9.078558541425654
ORTHOSTM001160	1	0.8743394155115985	-9.334931802397547
ORTHOSTM002051	1	0.8749652214009181	-9.129261856022552
ORTHOSTM002250	1	0.8749652214009181	-9.129261856022552
ORTHOSTM002408	1	0.8749652214009181	-9.129261856022552
ORTHOSTM001120	1	0.8749861254966778	-9.009834567834792
ORTHOSTM001790	1	0.8750807963981375	-9.005450676079558
ORTHOSTM001868	1	0.8750807963981375	-9.005450676079558
ORTHOSTM000629	1	0.8750916626026394	-9.527847668979927
ORTHOSTM001000	1	0.8756215473169435	-9.223356436592912
ORTHOSTM001309	1	0.8757578330637987	-8.93577076611506
ORTHOSTM001533	1	0.8757578330637987	-8.93577076611506
ORTHOSTM002062	1	0.8757578330637987	-8.93577076611506
ORTHOSTM002079	1	0.8757578330637987	-8.93577076611506
ORTHOSTM002269	1	0.8757578330637987	-8.93577076611506
ORTHOSTM002286	1	0.8757578330637987	-8.93577076611506
ORTHOSTM002342	1	0.8757578330637987	-8.93577076611506
ORTHOSTM002399	1	0.8757578330637987	-8.93577076611506
ORTHOSTM002423	1	0.8757578330637987	-8.93577076611506
ORTHOSTM002583	1	0.8757578330637987	-8.93577076611506
ORTHOSTM000476	1	0.8763952051643789	-9.464850401146649
ORTHOSTM001772	1	0.8770880644103247	-9.0441828907909
ORTHOSTM002627	1	0.8776170421527817	-8.86204440390232
ORTHOSTM000150	1	0.8780198666628417	-10.415403507673592
ORTHOSTM001901	1	0.8793200268088449	-9.14016094613615
ORTHOSTM001323	1	0.8795230925818464	-8.955900695368152
ORTHOSTM001383	1	0.8800248372043791	-9.038043167278687
ORTHOSTM002422	1	0.8800418920970515	-9.373751791640448
ORTHOSTM000977	1	0.8800862877870048	-9.311633218865936
ORTHOSTM001123	1	0.8802760482854481	-9.293582295250959
ORTHOSTM001459	1	0.8803348351822458	-9.597235224697334
ORTHOSTM001250	1	0.8807363045037158	-8.720148497008221
ORTHOSTM001845	1	0.8807363045037158	-8.720148497008221
ORTHOSTM002110	1	0.8807363045037158	-8.720148497008221
ORTHOSTM002318	1	0.8807363045037158	-8.720148497008221
ORTHOSTM002437	1	0.8807363045037158	-8.720148497008221
ORTHOSTM002621	1	0.8807363045037158	-8.720148497008221
ORTHOSTM000738	1	0.8817112410133406	-9.294949908404375
ORTHOSTM001147	1	0.8826587225476324	-8.681882955736803
ORTHOSTM000900	1	0.8828737413474804	-9.196872926671244
ORTHOSTM002153	1	0.8837785870600794	-9.360015294955655
ORTHOSTM002952	1	0.884967861207126	-9.367862915437506
ORTHOSTM000654	1	0.88512244193667	-9.13494068568713
ORTHOSTM002396	1	0.88512244193667	-9.13494068568713
ORTHOSTM002402	1	0.88512244193667	-9.13494068568713
ORTHOSTM003415	1	0.8851659972131882	-9.248177157463205
ORTHOSTM001733	1	0.8852277637719074	-9.333372278099173
ORTHOSTM001986	1	0.8852277637719074	-9.333372278099173
ORTHOSTM002000	1	0.8852277637719074	-9.333372278099173
ORTHOSTM002196	1	0.8852277637719074	-9.333372278099173
ORTHOSTM002223	1	0.8852277637719074	-9.333372278099173
ORTHOSTM000982	1	0.8856033369735073	-9.24514422928731
ORTHOSTM001376	1	0.8865412025598466	-9.396529234104408
ORTHOSTM002461	1	0.8875029838829852	-9.270820211500924
ORTHOSTM001446	1	0.88879460132812	-9.005162276563327
ORTHOSTM001255	1	0.8893110313152875	-9.128378810826538
ORTHOSTM001530	1	0.8893110313152875	-9.128378810826538
ORTHOSTM001553	1	0.8893110313152875	-9.128378810826538
ORTHOSTM002623	1	0.8893110313152875	-9.128378810826538
ORTHOSTM002886	1	0.8893110313152875	-9.128378810826538
ORTHOSTM002958	1	0.8893110313152875	-9.128378810826538
ORTHOSTM001823	1	0.8894748749542898	-9.008991733976718
ORTHOSTM002234	1	0.8894748749542898	-9.008991733976718
ORTHOSTM002387	1	0.8894748749542898	-9.008991733976718
ORTHOSTM002810	1	0.8894748749542898	-9.008991733976718
ORTHOSTM002826	1	0.8894748749542898	-9.008991733976718
ORTHOSTM002935	1	0.8894748749542898	-9.008991733976718
ORTHOSTM002966	1	0.8894748749542898	-9.008991733976718
ORTHOSTM002977	1	0.8894748749542898	-9.008991733976718
ORTHOSTM003002	1	0.8894748749542898	-9.008991733976718
ORTHOSTM003213	1	0.8894748749542898	-9.008991733976718
ORTHOSTM003259	1	0.8894748749542898	-9.008991733976718
ORTHOSTM001197	1	0.8904439266818779	-9.046236920714568
ORTHOSTM001431	1	0.8904439266818779	-9.046236920714568
ORTHOSTM001608	1	0.8904439266818779	-9.046236920714568
ORTHOSTM001656	1	0.8904439266818779	-9.046236920714568
ORTHOSTM001724	1	0.8904439266818779	-9.046236920714568
ORTHOSTM001783	1	0.8904439266818779	-9.046236920714568
ORTHOSTM002201	1	0.8904439266818779	-9.046236920714568
ORTHOSTM002203	1	0.8904439266818779	-9.046236920714568
ORTHOSTM002272	1	0.8904439266818779	-9.046236920714568
ORTHOSTM002384	1	0.8904439266818779	-9.046236920714568
ORTHOSTM002672	1	0.8904439266818779	-9.046236920714568
ORTHOSTM002679	1	0.8904439266818779	-9.046236920714568
ORTHOSTM000796	1	0.8906139578523392	-9.290872890033256
ORTHOSTM000969	1	0.8912038267948563	-9.562684319095501
ORTHOSTM002503	1	0.8913397428923565	-9.016567159089655
ORTHOSTM002568	1	0.8913397428923565	-9.016567159089655
ORTHOSTM003059	1	0.8913397428923565	-9.016567159089655
ORTHOSTM003156	1	0.8913397428923565	-9.016567159089655
ORTHOSTM003167	1	0.8913397428923565	-9.016567159089655
ORTHOSTM003227	1	0.8913397428923565	-9.016567159089655
ORTHOSTM003255	1	0.8913397428923565	-9.016567159089655
ORTHOSTM003261	1	0.8913397428923565	-9.016567159089655
ORTHOSTM003293	1	0.8913397428923565	-9.016567159089655
ORTHOSTM003296	1	0.8913397428923565	-9.016567159089655
ORTHOSTM003307	1	0.8913397428923565	-9.016567159089655
ORTHOSTM003404	1	0.8913397428923565	-9.016567159089655
ORTHOSTM000996	1	0.8914585441972287	-9.187284464018527
ORTHOSTM001043	1	0.8914585441972287	-9.187284464018527
ORTHOSTM000519	1	0.8915249668174624	-9.22079595561142
ORTHOSTM000266	1	0.8921395088397089	-10.212830201918827
ORTHOSTM001874	1	0.8926645600335065	-8.983634753467298
ORTHOSTM001887	1	0.8926645600335065	-8.983634753467298
ORTHOSTM002908	1	0.8926645600335065	-8.983634753467298
ORTHOSTM002984	1	0.8926645600335065	-8.983634753467298
ORTHOSTM002251	1	0.8927933663278418	-8.864484477001055
ORTHOSTM002877	1	0.8927933663278418	-8.864484477001055
ORTHOSTM002891	1	0.8927933663278418	-8.864484477001055
ORTHOSTM002948	1	0.8927933663278418	-8.864484477001055
ORTHOSTM003078	1	0.8927933663278418	-8.864484477001055
ORTHOSTM001520	1	0.8945695083873498	-8.72234850375575
ORTHOSTM001531	1	0.8945695083873498	-8.72234850375575
ORTHOSTM001539	1	0.8945695083873498	-8.72234850375575
ORTHOSTM001786	1	0.8945695083873498	-8.72234850375575
ORTHOSTM001858	1	0.8945695083873498	-8.72234850375575
ORTHOSTM001914	1	0.8945695083873498	-8.72234850375575
ORTHOSTM001952	1	0.8945695083873498	-8.72234850375575
ORTHOSTM001955	1	0.8945695083873498	-8.72234850375575
ORTHOSTM002115	1	0.8945695083873498	-8.72234850375575
ORTHOSTM002268	1	0.8945695083873498	-8.72234850375575
ORTHOSTM002303	1	0.8945695083873498	-8.72234850375575
ORTHOSTM002313	1	0.8945695083873498	-8.72234850375575
ORTHOSTM002335	1	0.8945695083873498	-8.72234850375575
ORTHOSTM002336	1	0.8945695083873498	-8.72234850375575
ORTHOSTM002356	1	0.8945695083873498	-8.72234850375575
ORTHOSTM002368	1	0.8945695083873498	-8.72234850375575
ORTHOSTM002369	1	0.8945695083873498	-8.72234850375575
ORTHOSTM002392	1	0.8945695083873498	-8.72234850375575
ORTHOSTM002397	1	0.8945695083873498	-8.72234850375575
ORTHOSTM002401	1	0.8945695083873498	-8.72234850375575
ORTHOSTM002427	1	0.8945695083873498	-8.72234850375575
ORTHOSTM002483	1	0.8945695083873498	-8.72234850375575
ORTHOSTM002504	1	0.8945695083873498	-8.72234850375575
ORTHOSTM002584	1	0.8945695083873498	-8.72234850375575
ORTHOSTM002599	1	0.8945695083873498	-8.72234850375575
ORTHOSTM002611	1	0.8945695083873498	-8.72234850375575
ORTHOSTM002684	1	0.8945695083873498	-8.72234850375575
ORTHOSTM002813	1	0.8945695083873498	-8.72234850375575
ORTHOSTM002836	1	0.8945695083873498	-8.72234850375575
ORTHOSTM002842	1	0.8945695083873498	-8.72234850375575
ORTHOSTM002903	1	0.8945695083873498	-8.72234850375575
ORTHOSTM002914	1	0.8945695083873498	-8.72234850375575
ORTHOSTM002921	1	0.8945695083873498	-8.72234850375575
ORTHOSTM002929	1	0.8945695083873498	-8.72234850375575
ORTHOSTM002938	1	0.8945695083873498	-8.72234850375575
ORTHOSTM002940	1	0.8945695083873498	-8.72234850375575
ORTHOSTM002965	1	0.8945695083873498	-8.72234850375575
ORTHOSTM002976	1	0.8945695083873498	-8.72234850375575
ORTHOSTM002981	1	0.8945695083873498	-8.72234850375575
ORTHOSTM002991	1	0.8945695083873498	-8.72234850375575
ORTHOSTM002993	1	0.8945695083873498	-8.72234850375575
ORTHOSTM003003	1	0.8945695083873498	-8.72234850375575
ORTHOSTM003008	1	0.8945695083873498	-8.72234850375575
ORTHOSTM003075	1	0.8945695083873498	-8.72234850375575
ORTHOSTM003083	1	0.8945695083873498	-8.72234850375575
ORTHOSTM003088	1	0.8945695083873498	-8.72234850375575
ORTHOSTM003105	1	0.8945695083873498	-8.72234850375575
ORTHOSTM003121	1	0.8945695083873498	-8.72234850375575
ORTHOSTM003198	1	0.8945695083873498	-8.72234850375575
ORTHOSTM003211	1	0.8945695083873498	-8.72234850375575
ORTHOSTM003237	1	0.8945695083873498	-8.72234850375575
ORTHOSTM003282	1	0.8945695083873498	-8.72234850375575
ORTHOSTM003295	1	0.8945695083873498	-8.72234850375575
ORTHOSTM003342	1	0.8945695083873498	-8.72234850375575
ORTHOSTM000988	1	0.8954836606616767	-9.059393690479748
ORTHOSTM001198	1	0.899034167639566	-9.380287230477059
ORTHOSTM001236	1	0.899034167639566	-9.380287230477059
ORTHOSTM001324	1	0.899034167639566	-9.380287230477059
ORTHOSTM001418	1	0.899034167639566	-9.380287230477059
ORTHOSTM001534	1	0.899034167639566	-9.380287230477059
ORTHOSTM001544	1	0.899034167639566	-9.380287230477059
ORTHOSTM001582	1	0.899034167639566	-9.380287230477059
ORTHOSTM001824	1	0.899034167639566	-9.380287230477059
ORTHOSTM002191	1	0.899034167639566	-9.380287230477059
ORTHOSTM002264	1	0.899034167639566	-9.380287230477059
ORTHOSTM000095	1	0.9007572513805557	-11.20663180774676
ORTHOSTM001331	1	0.9008861354571099	-8.811731710185498
ORTHOSTM001627	1	0.9008861354571099	-8.811731710185498
ORTHOSTM001778	1	0.9022571500436284	-9.235566169734938
ORTHOSTM002406	1	0.9022571500436284	-9.235566169734938
ORTHOSTM001195	1	0.9023283001389784	-9.054157217228022
ORTHOSTM001489	1	0.9023283001389784	-9.054157217228022
ORTHOSTM001934	1	0.9040948806983445	-8.780312075626934
ORTHOSTM001606	1	0.9051205165428285	-9.066327951281288
ORTHOSTM001079	1	0.9052989370823821	-9.127832427639337
ORTHOSTM001075	1	0.9065900724250098	-9.022646942734617
ORTHOSTM001109	1	0.906843809250547	-8.888420243897015
ORTHOSTM000972	1	0.9094790177997558	-8.923008650117252
ORTHOSTM001549	1	0.9094790177997558	-8.923008650117252
ORTHOSTM001142	1	0.9097284136245973	-8.803571358488792
ORTHOSTM001371	1	0.9097284136245973	-8.803571358488792
ORTHOSTM001562	1	0.9097284136245973	-8.803571358488792
ORTHOSTM000611	1	0.911291588883471	-9.497286875554648
ORTHOSTM000735	1	0.9114418137471443	-9.36999106763067
ORTHOSTM001556	1	0.9125856895725601	-9.21518824365036
ORTHOSTM000080	1	0.9126350209489997	-11.56039489953753
ORTHOSTM001666	1	0.9163394330395157	-9.033032702408097
ORTHOSTM001811	1	0.9176066081773917	-9.11671083134988
ORTHOSTM001059	1	0.9191573464481878	-9.172661420349495
ORTHOSTM001337	1	0.9191573464481878	-9.172661420349495
ORTHOSTM001488	1	0.9201457949415088	-8.973124352169238
ORTHOSTM001493	1	0.9201457949415088	-8.973124352169238
ORTHOSTM001829	1	0.9201457949415088	-8.973124352169238
ORTHOSTM001526	1	0.9203596105727999	-8.855105210570445
ORTHOSTM001910	1	0.9203596105727999	-8.855105210570445
ORTHOSTM000823	1	0.9212239252638479	-8.86927738114002
ORTHOSTM000191	1	0.9213376363715988	-10.581014664923554
ORTHOSTM001105	1	0.9214303666181424	-8.751293261997596
ORTHOSTM000091	1	0.9264762337985706	-11.65766787992415
ORTHOSTM000118	1	0.9285868089954241	-11.374133715764863
ORTHOSTM000563	1	0.9293633025245058	-9.221916723434482
ORTHOSTM001572	1	0.9293633025245058	-9.221916723434482
ORTHOSTM001099	1	0.9295128462197433	-9.718910617125404
ORTHOSTM000586	1	0.9304012809173344	-10.012083533857073
ORTHOSTM000244	1	0.930547788753314	-9.899204288935968
ORTHOSTM000222	1	0.9313444561081038	-10.139048033493939
ORTHOSTM000065	1	0.9358515929479754	-12.227143330024065
ORTHOSTM000558	1	0.9372948897177397	-9.760344415932645
ORTHOSTM000348	1	0.9414955022230639	-9.888137061564946
ORTHOSTM000908	1	0.9420504141227689	-9.841856977170687
ORTHOSTM000479	1	0.9464318267377886	-9.726243704993559
ORTHOSTM000953	1	0.9479758966936407	-9.310010802843443
ORTHOSTM000267	1	0.9503263365460782	-9.910112373273503
ORTHOSTM000126	1	0.955003434340549	-11.465646048879815
ORTHOSTM001201	1	0.9566769834006593	-9.488150766255389
ORTHOSTM000463	1	0.9594144009481418	-9.552042691435858
ORTHOSTM001263	1	0.9660295261099877	-9.566695728042852
ORTHOSTM000136	1	0.967682807545508	-10.94316674307632
ORTHOSTM001485	1	0.9729641632591137	-9.584909512350952
ORTHOSTM001631	1	0.9731871440072516	-9.627876519974981
ORTHOSTM000180	1	0.9732493726754103	-10.98867713261957
ORTHOSTM000743	1	0.9754959561992896	-9.660443179585103
ORTHOSTM000405	1	0.9772211414024768	-9.679052652778916
ORTHOSTM000071	1	0.9772289044333266	-12.012110612226055
ORTHOSTM001882	1	0.9787478953938732	-9.726554647539878
ORTHOSTM000829	1	0.9788927818459026	-9.619740878484414
ORTHOSTM001278	1	0.9798226141494704	-9.523253814257195
ORTHOSTM001603	1	0.9827136532718187	-9.304528782531564
ORTHOSTM002260	1	0.9827136532718187	-9.304528782531564
ORTHOSTM002425	1	0.9827136532718187	-9.304528782531564
ORTHOSTM000899	1	0.984978992885863	-9.09316849655616
ORTHOSTM000207	1	0.9893228342155964	-10.839007320064935
ORTHOSTM000415	1	0.9903102723946804	-9.8213416849962
ORTHOSTM000135	1	0.9913903378195453	-10.675585922361925
ORTHOSTM000930	1	0.9936180276227491	-9.542264528560914
ORTHOSTM001374	1	0.9951971157644232	-9.048907519091271
ORTHOSTM001144	1	0.9998011663130858	-9.63021947956583
ORTHOSTM001327	1	1.0002747056086967	-9.082301784420496
ORTHOSTM001584	1	1.000349812399735	-9.012871387860592
ORTHOSTM001265	1	1.000713273061547	-9.256769511431578
ORTHOSTM000119	1	1.002373809670696	-11.092450810681589
ORTHOSTM001821	1	1.004506033135353	-9.44664951585956
ORTHOSTM001835	1	1.004506033135353	-9.44664951585956
ORTHOSTM002410	1	1.004506033135353	-9.44664951585956
ORTHOSTM002442	1	1.004506033135353	-9.44664951585956
ORTHOSTM002533	1	1.004506033135353	-9.44664951585956
ORTHOSTM000695	1	1.0047913626404057	-9.76011366491477
ORTHOSTM000766	1	1.0084725959359886	-9.779321148251768
ORTHOSTM001393	1	1.0115943299318568	-9.452295637489536
ORTHOSTM001706	1	1.0143639108843236	-9.484454051669175
ORTHOSTM001494	1	1.0160798023059865	-9.208368576472713
ORTHOSTM001519	1	1.0160798023059865	-9.208368576472713
ORTHOSTM001527	1	1.0160798023059865	-9.208368576472713
ORTHOSTM002098	1	1.0160798023059865	-9.208368576472713
ORTHOSTM002312	1	1.0160798023059865	-9.208368576472713
ORTHOSTM002618	1	1.0160798023059865	-9.208368576472713
ORTHOSTM000819	1	1.0165698628873956	-9.38883413642419
ORTHOSTM001869	1	1.0184427040532025	-9.047381726735251
ORTHOSTM001026	1	1.0186625051794507	-9.535228470115076
ORTHOSTM001220	1	1.0194130254604987	-9.622019024643063
ORTHOSTM001287	1	1.0196118422174263	-9.164614363127097
ORTHOSTM001251	1	1.0197963045706842	-9.451068361510094
ORTHOSTM002465	1	1.0197963045706842	-9.451068361510094
ORTHOSTM002513	1	1.0197963045706842	-9.451068361510094
ORTHOSTM000882	1	1.0213795182763543	-9.72319053478473
ORTHOSTM000821	1	1.021809339146575	-9.776337541961913
ORTHOSTM000888	1	1.0240114077126345	-9.32883396142599
ORTHOSTM001516	1	1.0240114077126345	-9.32883396142599
ORTHOSTM000542	1	1.025148287689134	-9.762785834361315
ORTHOSTM001618	1	1.0282854673149324	-9.126981514763903
ORTHOSTM000181	1	1.0291303523049047	-11.094017786389525
ORTHOSTM002365	1	1.0294712137959374	-9.347037269113663
ORTHOSTM001018	1	1.0307509308048404	-9.854877289283133
ORTHOSTM000460	1	1.0314607307999268	-9.75692792613629
ORTHOSTM001653	1	1.035077086255239	-9.363035855119218
ORTHOSTM001812	1	1.0359394151121786	-9.48888815447089
ORTHOSTM001816	1	1.0359394151121786	-9.48888815447089
ORTHOSTM002539	1	1.0359394151121786	-9.48888815447089
ORTHOSTM000173	1	1.0364506966811124	-11.214853750028947
ORTHOSTM002630	1	1.0369363047388653	-9.602707868920112
ORTHOSTM000274	1	1.038466136953519	-10.3959309747106
ORTHOSTM001920	1	1.0390025750890115	-9.539988016252682
ORTHOSTM000480	1	1.0410388223895488	-9.745564919899794
ORTHOSTM001451	1	1.0462004247310788	-9.363059551291471
ORTHOSTM000283	1	1.0494578724602237	-10.634073557056299
ORTHOSTM001333	1	1.050351026783408	-9.378774491777198
ORTHOSTM003101	1	1.0530381673466118	-9.528013007882642
ORTHOSTM000443	1	1.0535457076947226	-10.446791716535497
ORTHOSTM002616	1	1.0538761418053544	-9.134177139554884
ORTHOSTM003414	1	1.0545648372063994	-9.76557352548573
ORTHOSTM003421	1	1.0545648372063994	-9.76557352548573
ORTHOSTM001334	1	1.0557751904113448	-9.156597838088917
ORTHOSTM001913	1	1.0557751904113448	-9.156597838088917
ORTHOSTM001953	1	1.0557751904113448	-9.156597838088917
ORTHOSTM002003	1	1.0557751904113448	-9.156597838088917
ORTHOSTM001330	1	1.060905761738077	-9.114143835218066
ORTHOSTM001612	1	1.0625355672686956	-9.32277055154545
ORTHOSTM000553	1	1.063497272310552	-10.21686791994927
ORTHOSTM001505	1	1.066373956391124	-9.298466119208971
ORTHOSTM001103	1	1.0676043463917926	-10.003036439772105
ORTHOSTM000284	1	1.0691279645291556	-10.531663897320167
ORTHOSTM000381	1	1.0699251552188558	-9.99380230181595
ORTHOSTM000704	1	1.071504066029563	-10.078637971535844
ORTHOSTM000123	1	1.071709675589235	-11.309945029262751
ORTHOSTM001507	1	1.07263843484707	-9.952221265178812
ORTHOSTM001984	1	1.07263843484707	-9.952221265178812
ORTHOSTM002025	1	1.07263843484707	-9.952221265178812
ORTHOSTM002554	1	1.07263843484707	-9.952221265178812
ORTHOSTM001503	1	1.0727850421039589	-9.808537842128038
ORTHOSTM002320	1	1.0727850421039589	-9.808537842128038
ORTHOSTM002354	1	1.0727850421039589	-9.808537842128038
ORTHOSTM002428	1	1.0727850421039589	-9.808537842128038
ORTHOSTM001678	1	1.0735225768642804	-9.575856566905637
ORTHOSTM000955	1	1.0738355252109097	-9.5996706829432
ORTHOSTM001751	1	1.0739296432707153	-10.068911139935837
ORTHOSTM001062	1	1.0742847103863695	-10.278240273037255
ORTHOSTM000409	1	1.0742964563491204	-10.073343837863717
ORTHOSTM002545	1	1.0750897603405782	-9.811324234386596
ORTHOSTM000987	1	1.0753004309705647	-10.36593141284822
ORTHOSTM001318	1	1.0759509501101827	-9.213093511685393
ORTHOSTM000736	1	1.0768352139240884	-9.59736748741271
ORTHOSTM001193	1	1.0771607856579084	-9.903699549643997
ORTHOSTM000199	1	1.0775753623589464	-10.743048489792399
ORTHOSTM002103	1	1.0777003847000142	-9.363734972284266
ORTHOSTM001411	1	1.0788784763591517	-9.766656406254517
ORTHOSTM001610	1	1.0788784763591517	-9.766656406254517
ORTHOSTM000459	1	1.079106661144612	-9.989593488484294
ORTHOSTM002037	1	1.0794060560696717	-9.733537848827142
ORTHOSTM000598	1	1.0800132544917973	-9.939572807298157
ORTHOSTM000869	1	1.0801599197154723	-9.971871008452418
ORTHOSTM000794	1	1.0813157761597296	-9.22350545618705
ORTHOSTM000389	1	1.0833483936499257	-9.772031996660782
ORTHOSTM000130	1	1.0835400036560814	-11.655873126123131
ORTHOSTM000452	1	1.083915545408234	-9.906912043410996
ORTHOSTM001865	1	1.084433496000498	-9.801905028706145
ORTHOSTM002252	1	1.084433496000498	-9.801905028706145
ORTHOSTM002280	1	1.084433496000498	-9.801905028706145
ORTHOSTM002376	1	1.084433496000498	-9.801905028706145
ORTHOSTM002470	1	1.084433496000498	-9.801905028706145
ORTHOSTM002536	1	1.084433496000498	-9.801905028706145
ORTHOSTM001633	1	1.084811155622167	-10.425209038690266
ORTHOSTM001871	1	1.0867451814252407	-9.661186628398514
ORTHOSTM001990	1	1.0867451814252407	-9.661186628398514
ORTHOSTM002370	1	1.0867451814252407	-9.661186628398514
ORTHOSTM001634	1	1.087823596563951	-9.805174781747128
ORTHOSTM000728	1	1.088324069258684	-9.429080514567286
ORTHOSTM000589	1	1.089262120232858	-10.219303113932526
ORTHOSTM002261	1	1.0893285412414127	-9.735001630629615
ORTHOSTM001369	1	1.0906700181266265	-9.804186410369022
ORTHOSTM002462	1	1.0906700181266265	-9.804186410369022
ORTHOSTM002551	1	1.0906700181266265	-9.804186410369022
ORTHOSTM001818	1	1.0908163671471782	-9.598411585344296
ORTHOSTM001769	1	1.091643436111587	-9.5279761356124
ORTHOSTM001997	1	1.0921184511247948	-9.49462380270509
ORTHOSTM002542	1	1.0921184511247948	-9.49462380270509
ORTHOSTM000399	1	1.0924524461820577	-10.252474066623178
ORTHOSTM001158	1	1.0942335783554356	-9.932598916145079
ORTHOSTM000769	1	1.0955231203589697	-9.732711789062343
ORTHOSTM001386	1	1.0957399334764568	-9.489842130442167
ORTHOSTM001921	1	1.0957615996790726	-9.426931027029301
ORTHOSTM000634	1	1.0960103364129334	-9.831461841004778
ORTHOSTM000098	1	1.096089619569308	-12.12738831544344
ORTHOSTM001658	1	1.0964747656986573	-9.566485471625938
ORTHOSTM000585	1	1.0964835226831597	-9.593909232668262
ORTHOSTM002137	1	1.09740208118963	-9.863673883548554
ORTHOSTM000944	1	1.098269769999294	-9.77076651556583
ORTHOSTM000761	1	1.098296246896667	-10.038213514243699
ORTHOSTM000700	1	1.0984011766683852	-9.90008599377595
ORTHOSTM001290	1	1.0990685764056547	-9.856190174454735
ORTHOSTM000554	1	1.0997555197916267	-9.865984542462499
ORTHOSTM002926	1	1.1000731651567637	-9.814216322134778
ORTHOSTM000731	1	1.1006825433336929	-9.976811447488174
ORTHOSTM000729	1	1.100824531782206	-9.737693742016091
ORTHOSTM002391	1	1.1012329577639979	-9.588244564041684
ORTHOSTM002837	1	1.1012329577639979	-9.588244564041684
ORTHOSTM002964	1	1.1013252200880461	-9.48907981900877
ORTHOSTM003015	1	1.101797021771802	-9.7057546079941
ORTHOSTM001758	1	1.1019517246432136	-9.664588999455207
ORTHOSTM000745	1	1.1020328096223952	-9.68381846499491
ORTHOSTM001161	1	1.102169302537453	-9.77778672129379
ORTHOSTM000608	1	1.1022315769833828	-9.951602858142307
ORTHOSTM002632	1	1.1025493358205893	-10.081364886968448
ORTHOSTM000438	1	1.1030496186810177	-10.29952500103518
ORTHOSTM001795	1	1.103178920864999	-9.569518148070893
ORTHOSTM001807	1	1.103178920864999	-9.569518148070893
ORTHOSTM002339	1	1.103178920864999	-9.569518148070893
ORTHOSTM002804	1	1.103178920864999	-9.569518148070893
ORTHOSTM002850	1	1.103178920864999	-9.569518148070893
ORTHOSTM002862	1	1.103178920864999	-9.569518148070893
ORTHOSTM002945	1	1.103178920864999	-9.569518148070893
ORTHOSTM002983	1	1.103178920864999	-9.569518148070893
ORTHOSTM003176	1	1.103178920864999	-9.569518148070893
ORTHOSTM003207	1	1.103178920864999	-9.569518148070893
ORTHOSTM002200	1	1.1032149511604576	-9.741641248465523
ORTHOSTM002685	1	1.1032149511604576	-9.741641248465523
ORTHOSTM003235	1	1.1033510464519025	-9.489952105372431
ORTHOSTM001647	1	1.1033867062474452	-9.84232110012493
ORTHOSTM002245	1	1.1035507277331402	-9.35282658003981
ORTHOSTM002795	1	1.1035507277331402	-9.35282658003981
ORTHOSTM002822	1	1.1035507277331402	-9.35282658003981
ORTHOSTM002953	1	1.1035507277331402	-9.35282658003981
ORTHOSTM000488	1	1.103773586149921	-10.67760464649738
ORTHOSTM002001	1	1.103870390429553	-9.628799212907857
ORTHOSTM000225	1	1.1039645563654938	-11.033358413584441
ORTHOSTM000465	1	1.104247731718277	-10.316754655189394
ORTHOSTM002104	1	1.1046546483540827	-9.707981905176176
ORTHOSTM002489	1	1.1050173581868905	-9.214098753050877
ORTHOSTM002574	1	1.1050173581868905	-9.214098753050877
ORTHOSTM003162	1	1.105057943902684	-9.571659982862382
ORTHOSTM003289	1	1.105057943902684	-9.571659982862382
ORTHOSTM003381	1	1.105057943902684	-9.571659982862382
ORTHOSTM001502	1	1.1052407288140966	-9.42917648091762
ORTHOSTM002083	1	1.1052407288140966	-9.42917648091762
ORTHOSTM002381	1	1.1052407288140966	-9.42917648091762
ORTHOSTM002797	1	1.1052407288140966	-9.42917648091762
ORTHOSTM002861	1	1.1052407288140966	-9.42917648091762
ORTHOSTM003339	1	1.1052407288140966	-9.42917648091762
ORTHOSTM000286	1	1.1054351036209809	-10.338344054978599
ORTHOSTM002596	1	1.105587398890978	-9.353553828138367
ORTHOSTM003203	1	1.105587398890978	-9.353553828138367
ORTHOSTM003228	1	1.105587398890978	-9.353553828138367
ORTHOSTM001205	1	1.1057276329988497	-9.598190603631327
ORTHOSTM001525	1	1.1059386869154653	-9.531086233339012
ORTHOSTM001013	1	1.1059835016482846	-9.56463197231098
ORTHOSTM000471	1	1.1067963106906362	-9.982597684804947
ORTHOSTM001101	1	1.1070449788623702	-9.769710473250662
ORTHOSTM001442	1	1.1072153506025568	-10.096574010364694
ORTHOSTM002415	1	1.1074628901559747	-10.091132575010821
ORTHOSTM004378	1	1.1084354792802733	-9.866556992226672
ORTHOSTM002676	1	1.1087618213841117	-10.085510924766007
ORTHOSTM001053	1	1.1089096001685235	-9.645387711470745
ORTHOSTM003704	1	1.1094484876211375	-9.726166244635214
ORTHOSTM003723	1	1.1094484876211375	-9.726166244635214
ORTHOSTM003743	1	1.1094484876211375	-9.726166244635214
ORTHOSTM002656	1	1.1095255107341826	-9.864287148516038
ORTHOSTM001067	1	1.1102731057772504	-9.381359559416786
ORTHOSTM002275	1	1.1106642498258228	-9.590257747543669
ORTHOSTM002678	1	1.1106642498258228	-9.590257747543669
ORTHOSTM002874	1	1.1106642498258228	-9.590257747543669
ORTHOSTM003595	1	1.1106642498258228	-9.590257747543669
ORTHOSTM003742	1	1.1106642498258228	-9.590257747543669
ORTHOSTM004350	1	1.1106642498258228	-9.590257747543669
ORTHOSTM004357	1	1.1106642498258228	-9.590257747543669
ORTHOSTM004371	1	1.1106642498258228	-9.590257747543669
ORTHOSTM000822	1	1.11082024023665	-9.878542530839786
ORTHOSTM001529	1	1.1111885566752366	-9.534375790462247
ORTHOSTM001569	1	1.1111885566752366	-9.534375790462247
ORTHOSTM000862	1	1.111251247116497	-9.584209363964533
ORTHOSTM001208	1	1.1115783506855246	-10.281137989836646
ORTHOSTM002018	1	1.111609091323748	-9.665370911219167
ORTHOSTM002095	1	1.111609091323748	-9.665370911219167
ORTHOSTM002170	1	1.111609091323748	-9.665370911219167
ORTHOSTM002214	1	1.111609091323748	-9.665370911219167
ORTHOSTM002271	1	1.111609091323748	-9.665370911219167
ORTHOSTM002426	1	1.111609091323748	-9.665370911219167
ORTHOSTM002538	1	1.111609091323748	-9.665370911219167
ORTHOSTM002549	1	1.111609091323748	-9.665370911219167
ORTHOSTM002619	1	1.111609091323748	-9.665370911219167
ORTHOSTM002738	1	1.111609091323748	-9.665370911219167
ORTHOSTM002765	1	1.111609091323748	-9.665370911219167
ORTHOSTM002768	1	1.111609091323748	-9.665370911219167
ORTHOSTM003053	1	1.111609091323748	-9.665370911219167
ORTHOSTM003062	1	1.111609091323748	-9.665370911219167
ORTHOSTM003064	1	1.111609091323748	-9.665370911219167
ORTHOSTM003082	1	1.111609091323748	-9.665370911219167
ORTHOSTM003163	1	1.111609091323748	-9.665370911219167
ORTHOSTM003173	1	1.111609091323748	-9.665370911219167
ORTHOSTM003209	1	1.111609091323748	-9.665370911219167
ORTHOSTM003254	1	1.111609091323748	-9.665370911219167
ORTHOSTM003258	1	1.111609091323748	-9.665370911219167
ORTHOSTM003318	1	1.111609091323748	-9.665370911219167
ORTHOSTM002681	1	1.1117674527898764	-9.902396307150223
ORTHOSTM002720	1	1.1117674527898764	-9.902396307150223
ORTHOSTM002868	1	1.1117674527898764	-9.902396307150223
ORTHOSTM000698	1	1.111884601570354	-9.934393672067088
ORTHOSTM001364	1	1.1119534671488183	-9.689656272086816
ORTHOSTM002168	1	1.1119534671488183	-9.689656272086816
ORTHOSTM002642	1	1.1119534671488183	-9.689656272086816
ORTHOSTM002743	1	1.1119534671488183	-9.689656272086816
ORTHOSTM002749	1	1.1119534671488183	-9.689656272086816
ORTHOSTM003126	1	1.1119534671488183	-9.689656272086816
ORTHOSTM003140	1	1.1119534671488183	-9.689656272086816
ORTHOSTM003158	1	1.1119534671488183	-9.689656272086816
ORTHOSTM002073	1	1.1123093547637237	-9.489079902282004
ORTHOSTM002839	1	1.1123093547637237	-9.489079902282004
ORTHOSTM003321	1	1.1123093547637237	-9.489079902282004
ORTHOSTM003323	1	1.1123093547637237	-9.489079902282004
ORTHOSTM003550	1	1.1123093547637237	-9.489079902282004
ORTHOSTM003617	1	1.1123093547637237	-9.489079902282004
ORTHOSTM003677	1	1.1123093547637237	-9.489079902282004
ORTHOSTM003681	1	1.1123093547637237	-9.489079902282004
ORTHOSTM001925	1	1.1134676728507729	-9.353379562822045
ORTHOSTM002036	1	1.1134676728507729	-9.353379562822045
ORTHOSTM002409	1	1.1134676728507729	-9.353379562822045
ORTHOSTM002783	1	1.1134676728507729	-9.353379562822045
ORTHOSTM002838	1	1.1134676728507729	-9.353379562822045
ORTHOSTM002851	1	1.1134676728507729	-9.353379562822045
ORTHOSTM002870	1	1.1134676728507729	-9.353379562822045
ORTHOSTM002895	1	1.1134676728507729	-9.353379562822045
ORTHOSTM002916	1	1.1134676728507729	-9.353379562822045
ORTHOSTM002917	1	1.1134676728507729	-9.353379562822045
ORTHOSTM002999	1	1.1134676728507729	-9.353379562822045
ORTHOSTM003103	1	1.1134676728507729	-9.353379562822045
ORTHOSTM003143	1	1.1134676728507729	-9.353379562822045
ORTHOSTM003149	1	1.1134676728507729	-9.353379562822045
ORTHOSTM003232	1	1.1134676728507729	-9.353379562822045
ORTHOSTM003314	1	1.1134676728507729	-9.353379562822045
ORTHOSTM003335	1	1.1134676728507729	-9.353379562822045
ORTHOSTM003428	1	1.1134676728507729	-9.353379562822045
ORTHOSTM003563	1	1.1134676728507729	-9.353379562822045
ORTHOSTM003573	1	1.1134676728507729	-9.353379562822045
ORTHOSTM003583	1	1.1134676728507729	-9.353379562822045
ORTHOSTM003587	1	1.1134676728507729	-9.353379562822045
ORTHOSTM003605	1	1.1134676728507729	-9.353379562822045
ORTHOSTM003618	1	1.1134676728507729	-9.353379562822045
ORTHOSTM003621	1	1.1134676728507729	-9.353379562822045
ORTHOSTM003624	1	1.1134676728507729	-9.353379562822045
ORTHOSTM003652	1	1.1134676728507729	-9.353379562822045
ORTHOSTM003653	1	1.1134676728507729	-9.353379562822045
ORTHOSTM003655	1	1.1134676728507729	-9.353379562822045
ORTHOSTM003671	1	1.1134676728507729	-9.353379562822045
ORTHOSTM003676	1	1.1134676728507729	-9.353379562822045
ORTHOSTM003680	1	1.1134676728507729	-9.353379562822045
ORTHOSTM003685	1	1.1134676728507729	-9.353379562822045
ORTHOSTM003712	1	1.1134676728507729	-9.353379562822045
ORTHOSTM003722	1	1.1134676728507729	-9.353379562822045
ORTHOSTM003727	1	1.1134676728507729	-9.353379562822045
ORTHOSTM003735	1	1.1134676728507729	-9.353379562822045
ORTHOSTM003736	1	1.1134676728507729	-9.353379562822045
ORTHOSTM003744	1	1.1134676728507729	-9.353379562822045
ORTHOSTM003746	1	1.1134676728507729	-9.353379562822045
ORTHOSTM003754	1	1.1134676728507729	-9.353379562822045
ORTHOSTM003765	1	1.1134676728507729	-9.353379562822045
ORTHOSTM003767	1	1.1134676728507729	-9.353379562822045
ORTHOSTM003768	1	1.1134676728507729	-9.353379562822045
ORTHOSTM003775	1	1.1134676728507729	-9.353379562822045
ORTHOSTM003779	1	1.1134676728507729	-9.353379562822045
ORTHOSTM003815	1	1.1134676728507729	-9.353379562822045
ORTHOSTM003877	1	1.1134676728507729	-9.353379562822045
ORTHOSTM003979	1	1.1134676728507729	-9.353379562822045
ORTHOSTM004055	1	1.1134676728507729	-9.353379562822045
ORTHOSTM004147	1	1.1134676728507729	-9.353379562822045
ORTHOSTM004153	1	1.1134676728507729	-9.353379562822045
ORTHOSTM004167	1	1.1134676728507729	-9.353379562822045
ORTHOSTM004203	1	1.1134676728507729	-9.353379562822045
ORTHOSTM004225	1	1.1134676728507729	-9.353379562822045
ORTHOSTM004253	1	1.1134676728507729	-9.353379562822045
ORTHOSTM004318	1	1.1134676728507729	-9.353379562822045
ORTHOSTM004390	1	1.1134676728507729	-9.353379562822045
ORTHOSTM002108	1	1.113551295219635	-9.525134692590864
ORTHOSTM002495	1	1.113551295219635	-9.525134692590864
ORTHOSTM002633	1	1.113551295219635	-9.525134692590864
ORTHOSTM002742	1	1.113551295219635	-9.525134692590864
ORTHOSTM002748	1	1.113551295219635	-9.525134692590864
ORTHOSTM002806	1	1.113551295219635	-9.525134692590864
ORTHOSTM002933	1	1.113551295219635	-9.525134692590864
ORTHOSTM003319	1	1.113551295219635	-9.525134692590864
ORTHOSTM003356	1	1.113551295219635	-9.525134692590864
ORTHOSTM001426	1	1.1138363333772994	-10.266995851880278
ORTHOSTM002478	1	1.1139534070586918	-9.491294195268418
ORTHOSTM002527	1	1.1139534070586918	-9.491294195268418
ORTHOSTM003092	1	1.1139534070586918	-9.491294195268418
ORTHOSTM003196	1	1.1139534070586918	-9.491294195268418
ORTHOSTM003490	1	1.1139534070586918	-9.491294195268418
ORTHOSTM003822	1	1.1139534070586918	-9.491294195268418
ORTHOSTM003849	1	1.1139534070586918	-9.491294195268418
ORTHOSTM003860	1	1.1139534070586918	-9.491294195268418
ORTHOSTM003895	1	1.1139534070586918	-9.491294195268418
ORTHOSTM003911	1	1.1139534070586918	-9.491294195268418
ORTHOSTM004052	1	1.1139534070586918	-9.491294195268418
ORTHOSTM004097	1	1.1139534070586918	-9.491294195268418
ORTHOSTM004164	1	1.1139534070586918	-9.491294195268418
ORTHOSTM004237	1	1.1139534070586918	-9.491294195268418
ORTHOSTM001930	1	1.1141600032443721	-9.332938621029573
ORTHOSTM000697	1	1.1147035939176508	-9.845113735004801
ORTHOSTM001630	1	1.1150092002642016	-9.63159013861971
ORTHOSTM002225	1	1.1150092002642016	-9.63159013861971
ORTHOSTM002636	1	1.1150092002642016	-9.63159013861971
ORTHOSTM003189	1	1.1150092002642016	-9.63159013861971
ORTHOSTM003263	1	1.1150092002642016	-9.63159013861971
ORTHOSTM003285	1	1.1150092002642016	-9.63159013861971
ORTHOSTM003349	1	1.1150092002642016	-9.63159013861971
ORTHOSTM003361	1	1.1150092002642016	-9.63159013861971
ORTHOSTM003432	1	1.1150092002642016	-9.63159013861971
ORTHOSTM003918	1	1.1150092002642016	-9.63159013861971
ORTHOSTM003978	1	1.1150092002642016	-9.63159013861971
ORTHOSTM004004	1	1.1150092002642016	-9.63159013861971
ORTHOSTM004015	1	1.1150092002642016	-9.63159013861971
ORTHOSTM004016	1	1.1150092002642016	-9.63159013861971
ORTHOSTM004023	1	1.1150092002642016	-9.63159013861971
ORTHOSTM004106	1	1.1150092002642016	-9.63159013861971
ORTHOSTM004200	1	1.1150092002642016	-9.63159013861971
ORTHOSTM004215	1	1.1150092002642016	-9.63159013861971
ORTHOSTM001537	1	1.1150185219002522	-9.440904289181017
ORTHOSTM001370	1	1.115131118499584	-9.355507562266986
ORTHOSTM001602	1	1.115131118499584	-9.355507562266986
ORTHOSTM001688	1	1.115131118499584	-9.355507562266986
ORTHOSTM002500	1	1.115131118499584	-9.355507562266986
ORTHOSTM002634	1	1.115131118499584	-9.355507562266986
ORTHOSTM002635	1	1.115131118499584	-9.355507562266986
ORTHOSTM003069	1	1.115131118499584	-9.355507562266986
ORTHOSTM003077	1	1.115131118499584	-9.355507562266986
ORTHOSTM003087	1	1.115131118499584	-9.355507562266986
ORTHOSTM003123	1	1.115131118499584	-9.355507562266986
ORTHOSTM003130	1	1.115131118499584	-9.355507562266986
ORTHOSTM003145	1	1.115131118499584	-9.355507562266986
ORTHOSTM003152	1	1.115131118499584	-9.355507562266986
ORTHOSTM003159	1	1.115131118499584	-9.355507562266986
ORTHOSTM003166	1	1.115131118499584	-9.355507562266986
ORTHOSTM003206	1	1.115131118499584	-9.355507562266986
ORTHOSTM003208	1	1.115131118499584	-9.355507562266986
ORTHOSTM003212	1	1.115131118499584	-9.355507562266986
ORTHOSTM003216	1	1.115131118499584	-9.355507562266986
ORTHOSTM003221	1	1.115131118499584	-9.355507562266986
ORTHOSTM003223	1	1.115131118499584	-9.355507562266986
ORTHOSTM003225	1	1.115131118499584	-9.355507562266986
ORTHOSTM003226	1	1.115131118499584	-9.355507562266986
ORTHOSTM003245	1	1.115131118499584	-9.355507562266986
ORTHOSTM003257	1	1.115131118499584	-9.355507562266986
ORTHOSTM003288	1	1.115131118499584	-9.355507562266986
ORTHOSTM003300	1	1.115131118499584	-9.355507562266986
ORTHOSTM003301	1	1.115131118499584	-9.355507562266986
ORTHOSTM003311	1	1.115131118499584	-9.355507562266986
ORTHOSTM003325	1	1.115131118499584	-9.355507562266986
ORTHOSTM003350	1	1.115131118499584	-9.355507562266986
ORTHOSTM003745	1	1.115131118499584	-9.355507562266986
ORTHOSTM003812	1	1.115131118499584	-9.355507562266986
ORTHOSTM003826	1	1.115131118499584	-9.355507562266986
ORTHOSTM003827	1	1.115131118499584	-9.355507562266986
ORTHOSTM003833	1	1.115131118499584	-9.355507562266986
ORTHOSTM003858	1	1.115131118499584	-9.355507562266986
ORTHOSTM003869	1	1.115131118499584	-9.355507562266986
ORTHOSTM003872	1	1.115131118499584	-9.355507562266986
ORTHOSTM003875	1	1.115131118499584	-9.355507562266986
ORTHOSTM003878	1	1.115131118499584	-9.355507562266986
ORTHOSTM003890	1	1.115131118499584	-9.355507562266986
ORTHOSTM003909	1	1.115131118499584	-9.355507562266986
ORTHOSTM003913	1	1.115131118499584	-9.355507562266986
ORTHOSTM003926	1	1.115131118499584	-9.355507562266986
ORTHOSTM003940	1	1.115131118499584	-9.355507562266986
ORTHOSTM003951	1	1.115131118499584	-9.355507562266986
ORTHOSTM003963	1	1.115131118499584	-9.355507562266986
ORTHOSTM003974	1	1.115131118499584	-9.355507562266986
ORTHOSTM003982	1	1.115131118499584	-9.355507562266986
ORTHOSTM004000	1	1.115131118499584	-9.355507562266986
ORTHOSTM004009	1	1.115131118499584	-9.355507562266986
ORTHOSTM004012	1	1.115131118499584	-9.355507562266986
ORTHOSTM004018	1	1.115131118499584	-9.355507562266986
ORTHOSTM004024	1	1.115131118499584	-9.355507562266986
ORTHOSTM004033	1	1.115131118499584	-9.355507562266986
ORTHOSTM004046	1	1.115131118499584	-9.355507562266986
ORTHOSTM004049	1	1.115131118499584	-9.355507562266986
ORTHOSTM004058	1	1.115131118499584	-9.355507562266986
ORTHOSTM004082	1	1.115131118499584	-9.355507562266986
ORTHOSTM004090	1	1.115131118499584	-9.355507562266986
ORTHOSTM004110	1	1.115131118499584	-9.355507562266986
ORTHOSTM004116	1	1.115131118499584	-9.355507562266986
ORTHOSTM004120	1	1.115131118499584	-9.355507562266986
ORTHOSTM004122	1	1.115131118499584	-9.355507562266986
ORTHOSTM004125	1	1.115131118499584	-9.355507562266986
ORTHOSTM004126	1	1.115131118499584	-9.355507562266986
ORTHOSTM004134	1	1.115131118499584	-9.355507562266986
ORTHOSTM004161	1	1.115131118499584	-9.355507562266986
ORTHOSTM004168	1	1.115131118499584	-9.355507562266986
ORTHOSTM004173	1	1.115131118499584	-9.355507562266986
ORTHOSTM004182	1	1.115131118499584	-9.355507562266986
ORTHOSTM004185	1	1.115131118499584	-9.355507562266986
ORTHOSTM004191	1	1.115131118499584	-9.355507562266986
ORTHOSTM004192	1	1.115131118499584	-9.355507562266986
ORTHOSTM004206	1	1.115131118499584	-9.355507562266986
ORTHOSTM004211	1	1.115131118499584	-9.355507562266986
ORTHOSTM004229	1	1.115131118499584	-9.355507562266986
ORTHOSTM004232	1	1.115131118499584	-9.355507562266986
ORTHOSTM004233	1	1.115131118499584	-9.355507562266986
ORTHOSTM004234	1	1.115131118499584	-9.355507562266986
ORTHOSTM004238	1	1.115131118499584	-9.355507562266986
ORTHOSTM004249	1	1.115131118499584	-9.355507562266986
ORTHOSTM004268	1	1.115131118499584	-9.355507562266986
ORTHOSTM004289	1	1.115131118499584	-9.355507562266986
ORTHOSTM004331	1	1.115131118499584	-9.355507562266986
ORTHOSTM004370	1	1.115131118499584	-9.355507562266986
ORTHOSTM001585	1	1.1151553275161263	-9.335422023921362
ORTHOSTM000718	1	1.1153041134300767	-9.990404541683711
ORTHOSTM001917	1	1.1153973347499373	-9.213221670165465
ORTHOSTM002309	1	1.1153973347499373	-9.213221670165465
ORTHOSTM002610	1	1.1153973347499373	-9.213221670165465
ORTHOSTM002699	1	1.1153973347499373	-9.213221670165465
ORTHOSTM002789	1	1.1153973347499373	-9.213221670165465
ORTHOSTM002805	1	1.1153973347499373	-9.213221670165465
ORTHOSTM002840	1	1.1153973347499373	-9.213221670165465
ORTHOSTM002865	1	1.1153973347499373	-9.213221670165465
ORTHOSTM002887	1	1.1153973347499373	-9.213221670165465
ORTHOSTM002936	1	1.1153973347499373	-9.213221670165465
ORTHOSTM002939	1	1.1153973347499373	-9.213221670165465
ORTHOSTM002942	1	1.1153973347499373	-9.213221670165465
ORTHOSTM003273	1	1.1153973347499373	-9.213221670165465
ORTHOSTM003548	1	1.1153973347499373	-9.213221670165465
ORTHOSTM003551	1	1.1153973347499373	-9.213221670165465
ORTHOSTM003555	1	1.1153973347499373	-9.213221670165465
ORTHOSTM003558	1	1.1153973347499373	-9.213221670165465
ORTHOSTM003560	1	1.1153973347499373	-9.213221670165465
ORTHOSTM003582	1	1.1153973347499373	-9.213221670165465
ORTHOSTM003585	1	1.1153973347499373	-9.213221670165465
ORTHOSTM003603	1	1.1153973347499373	-9.213221670165465
ORTHOSTM003604	1	1.1153973347499373	-9.213221670165465
ORTHOSTM003608	1	1.1153973347499373	-9.213221670165465
ORTHOSTM003613	1	1.1153973347499373	-9.213221670165465
ORTHOSTM003622	1	1.1153973347499373	-9.213221670165465
ORTHOSTM003625	1	1.1153973347499373	-9.213221670165465
ORTHOSTM003627	1	1.1153973347499373	-9.213221670165465
ORTHOSTM003629	1	1.1153973347499373	-9.213221670165465
ORTHOSTM003638	1	1.1153973347499373	-9.213221670165465
ORTHOSTM003645	1	1.1153973347499373	-9.213221670165465
ORTHOSTM003661	1	1.1153973347499373	-9.213221670165465
ORTHOSTM003662	1	1.1153973347499373	-9.213221670165465
ORTHOSTM003670	1	1.1153973347499373	-9.213221670165465
ORTHOSTM003674	1	1.1153973347499373	-9.213221670165465
ORTHOSTM003694	1	1.1153973347499373	-9.213221670165465
ORTHOSTM003756	1	1.1153973347499373	-9.213221670165465
ORTHOSTM003757	1	1.1153973347499373	-9.213221670165465
ORTHOSTM003760	1	1.1153973347499373	-9.213221670165465
ORTHOSTM003761	1	1.1153973347499373	-9.213221670165465
ORTHOSTM003770	1	1.1153973347499373	-9.213221670165465
ORTHOSTM003777	1	1.1153973347499373	-9.213221670165465
ORTHOSTM003811	1	1.1153973347499373	-9.213221670165465
ORTHOSTM003820	1	1.1153973347499373	-9.213221670165465
ORTHOSTM003828	1	1.1153973347499373	-9.213221670165465
ORTHOSTM003864	1	1.1153973347499373	-9.213221670165465
ORTHOSTM003865	1	1.1153973347499373	-9.213221670165465
ORTHOSTM003898	1	1.1153973347499373	-9.213221670165465
ORTHOSTM003983	1	1.1153973347499373	-9.213221670165465
ORTHOSTM003985	1	1.1153973347499373	-9.213221670165465
ORTHOSTM004022	1	1.1153973347499373	-9.213221670165465
ORTHOSTM004050	1	1.1153973347499373	-9.213221670165465
ORTHOSTM004104	1	1.1153973347499373	-9.213221670165465
ORTHOSTM004199	1	1.1153973347499373	-9.213221670165465
ORTHOSTM004287	1	1.1153973347499373	-9.213221670165465
ORTHOSTM001373	1	1.1157199541376366	-10.126803087641353
ORTHOSTM001422	1	1.1164787037818593	-9.813598502583673
ORTHOSTM002069	1	1.1164787037818593	-9.813598502583673
ORTHOSTM002134	1	1.1165238326072766	-9.431433855352562
ORTHOSTM000961	1	1.1166805655812964	-9.46708091783887
ORTHOSTM001730	1	1.1168727575031314	-10.182322972393711
ORTHOSTM002587	1	1.1168727575031314	-10.182322972393711
ORTHOSTM000797	1	1.1172141968492197	-9.528673330045725
ORTHOSTM000989	1	1.1172141968492197	-9.528673330045725
ORTHOSTM001749	1	1.1176675204801303	-9.714565509924647
ORTHOSTM001292	1	1.1179319626048299	-9.156956149576251
ORTHOSTM001680	1	1.1179319626048299	-9.156956149576251
ORTHOSTM001561	1	1.1179475736652142	-9.76722556055498
ORTHOSTM000964	1	1.1181051118856453	-9.710895273665207
ORTHOSTM001671	1	1.118299531807002	-9.770612362759941
ORTHOSTM001406	1	1.1183127049415484	-9.97145348059188
ORTHOSTM000998	1	1.1190191206574955	-9.709324618032438
ORTHOSTM000791	1	1.1191768783402556	-9.763393670891077
ORTHOSTM002328	1	1.1200341091311417	-9.412566780978699
ORTHOSTM004338	1	1.120177624870269	-9.868544942884684
ORTHOSTM004375	1	1.120177624870269	-9.868544942884684
ORTHOSTM000949	1	1.1202304626486665	-10.128162281071681
ORTHOSTM000935	1	1.1203959472692788	-9.801173582441542
ORTHOSTM001742	1	1.1203959472692788	-9.801173582441542
ORTHOSTM002212	1	1.1204381548268927	-9.738816210452676
ORTHOSTM001126	1	1.120531977553777	-10.118595198520547
ORTHOSTM000894	1	1.1213827831963858	-9.73048312972594
ORTHOSTM001444	1	1.121590466350577	-9.44751595137447
ORTHOSTM000669	1	1.1217488000741453	-10.116786300017095
ORTHOSTM002061	1	1.121914436600624	-9.43823872373494
ORTHOSTM002076	1	1.121914436600624	-9.43823872373494
ORTHOSTM001838	1	1.1219387636628277	-9.407408663813541
ORTHOSTM001282	1	1.1220439588298181	-9.863088871512744
ORTHOSTM001847	1	1.122287474221126	-9.582692809158935
ORTHOSTM001023	1	1.122650834209949	-10.300018089143068
ORTHOSTM000699	1	1.1228380478901998	-10.029729067779352
ORTHOSTM000547	1	1.1232930921401592	-9.580903107631766
ORTHOSTM001899	1	1.1250333486115272	-9.79566621866069
ORTHOSTM001490	1	1.1250567043848796	-9.593649219796784
ORTHOSTM002814	1	1.1250567043848796	-9.593649219796784
ORTHOSTM004275	1	1.1250567043848796	-9.593649219796784
ORTHOSTM002066	1	1.125192909828698	-9.401338156650388
ORTHOSTM001172	1	1.125372439094012	-9.854624120578878
ORTHOSTM001541	1	1.1255306874828757	-9.30618785144267
ORTHOSTM001853	1	1.1255306874828757	-9.30618785144267
ORTHOSTM001932	1	1.1255306874828757	-9.30618785144267
ORTHOSTM002005	1	1.1255306874828757	-9.30618785144267
ORTHOSTM001203	1	1.1255925073635706	-9.666869837160508
ORTHOSTM000792	1	1.1265522387047182	-10.091960882490836
ORTHOSTM002152	1	1.1266981193707541	-9.825431572972542
ORTHOSTM002523	1	1.1266981193707541	-9.825431572972542
ORTHOSTM002219	1	1.1277063934557192	-9.965366822491761
ORTHOSTM000860	1	1.1278213441696978	-9.854451932505025
ORTHOSTM000597	1	1.1282634482618379	-10.047276275329892
ORTHOSTM001285	1	1.1295861301937615	-9.871687663457692
ORTHOSTM001044	1	1.1296718036419502	-10.046466857294137
ORTHOSTM002248	1	1.1296718036419502	-10.046466857294137
ORTHOSTM000948	1	1.1300083922771773	-10.255869859025731
ORTHOSTM002902	1	1.1301860499562741	-9.830654553391865
ORTHOSTM002419	1	1.1305351993085724	-9.36917429943808
ORTHOSTM000709	1	1.1305577640219877	-9.655987279402005
ORTHOSTM002359	1	1.1314705846710749	-9.326743916880096
ORTHOSTM001291	1	1.1314816870986113	-9.906572767946294
ORTHOSTM001839	1	1.1314816870986113	-9.906572767946294
ORTHOSTM001438	1	1.131731696056759	-9.499565492380611
ORTHOSTM001563	1	1.131731696056759	-9.499565492380611
ORTHOSTM002017	1	1.131731696056759	-9.499565492380611
ORTHOSTM000403	1	1.131880195077091	-10.248210870673208
ORTHOSTM001681	1	1.1323783872516757	-9.369328438183976
ORTHOSTM000636	1	1.1325949837967593	-10.426689354677473
ORTHOSTM000708	1	1.1329420989440837	-9.978694342989654
ORTHOSTM001464	1	1.133046394823337	-9.189383938519965
ORTHOSTM001655	1	1.133046394823337	-9.189383938519965
ORTHOSTM001789	1	1.133046394823337	-9.189383938519965
ORTHOSTM001852	1	1.133046394823337	-9.189383938519965
ORTHOSTM002106	1	1.133046394823337	-9.189383938519965
ORTHOSTM002117	1	1.133046394823337	-9.189383938519965
ORTHOSTM002279	1	1.133046394823337	-9.189383938519965
ORTHOSTM002281	1	1.133046394823337	-9.189383938519965
ORTHOSTM002343	1	1.133046394823337	-9.189383938519965
ORTHOSTM002344	1	1.133046394823337	-9.189383938519965
ORTHOSTM002345	1	1.133046394823337	-9.189383938519965
ORTHOSTM002364	1	1.133046394823337	-9.189383938519965
ORTHOSTM002394	1	1.133046394823337	-9.189383938519965
ORTHOSTM002432	1	1.133046394823337	-9.189383938519965
ORTHOSTM002493	1	1.133046394823337	-9.189383938519965
ORTHOSTM002499	1	1.133046394823337	-9.189383938519965
ORTHOSTM002592	1	1.133046394823337	-9.189383938519965
ORTHOSTM002609	1	1.133046394823337	-9.189383938519965
ORTHOSTM002622	1	1.133046394823337	-9.189383938519965
ORTHOSTM002625	1	1.133046394823337	-9.189383938519965
ORTHOSTM001432	1	1.1332734397113529	-9.808453095960553
ORTHOSTM002304	1	1.1334856336419923	-9.093318564008037
ORTHOSTM002379	1	1.1334856336419923	-9.093318564008037
ORTHOSTM001623	1	1.1343935211363518	-9.608482785646189
ORTHOSTM001669	1	1.1346776443577253	-9.611250825611444
ORTHOSTM002893	1	1.134962453429821	-10.205931871869502
ORTHOSTM002975	1	1.134962453429821	-10.205931871869502
ORTHOSTM002230	1	1.135107164610511	-9.656908059224545
ORTHOSTM002367	1	1.135107164610511	-9.656908059224545
ORTHOSTM002434	1	1.135107164610511	-9.656908059224545
ORTHOSTM002925	1	1.135107164610511	-9.656908059224545
ORTHOSTM002960	1	1.135107164610511	-9.656908059224545
ORTHOSTM003125	1	1.135107164610511	-9.656908059224545
ORTHOSTM003239	1	1.135107164610511	-9.656908059224545
ORTHOSTM001660	1	1.135231505730941	-9.676733051283497
ORTHOSTM001106	1	1.1356125968693327	-10.093364134703322
ORTHOSTM001140	1	1.135933169485949	-9.46549794659554
ORTHOSTM002100	1	1.135933169485949	-9.46549794659554
ORTHOSTM002511	1	1.135933169485949	-9.46549794659554
ORTHOSTM002640	1	1.135933169485949	-9.46549794659554
ORTHOSTM001414	1	1.1375863087289229	-9.966835177908209
ORTHOSTM002273	1	1.1381990964994593	-9.473259728734764
ORTHOSTM002412	1	1.1381990964994593	-9.473259728734764
ORTHOSTM001169	1	1.1390579042137738	-9.701527333384133
ORTHOSTM002398	1	1.139589013868653	-9.829025216949146
ORTHOSTM002705	1	1.139589013868653	-9.829025216949146
ORTHOSTM002706	1	1.139589013868653	-9.829025216949146
ORTHOSTM002773	1	1.139589013868653	-9.829025216949146
ORTHOSTM000070	1	1.139980652162398	-12.266950107972137
ORTHOSTM001070	1	1.1410979571601987	-9.637045916054852
ORTHOSTM001620	1	1.1410979571601987	-9.637045916054852
ORTHOSTM001649	1	1.14196094526998	-9.871588550271778
ORTHOSTM001943	1	1.1427337990147828	-9.687513131581996
ORTHOSTM000197	1	1.1431467871071668	-11.31655512754145
ORTHOSTM000772	1	1.1439414775827086	-10.015573672256354
ORTHOSTM001276	1	1.1450870874889898	-9.712795844347596
ORTHOSTM001338	1	1.1451343984790618	-9.430567054461395
ORTHOSTM002526	1	1.1451343984790618	-9.430567054461395
ORTHOSTM002133	1	1.1465521100740734	-10.010536441559143
ORTHOSTM002974	1	1.1472103412070571	-9.87001868045672
ORTHOSTM003417	1	1.1472103412070571	-9.87001868045672
ORTHOSTM001257	1	1.147218175957133	-9.465008282656793
ORTHOSTM001241	1	1.1482763336407096	-10.014018236559068
ORTHOSTM002071	1	1.1485033965135034	-9.79769136391934
ORTHOSTM002082	1	1.1485033965135034	-9.79769136391934
ORTHOSTM002431	1	1.1485861016547159	-9.804179564451383
ORTHOSTM002918	1	1.1491772722167102	-9.63495778160873
ORTHOSTM002042	1	1.15056554917245	-9.49578428965105
ORTHOSTM002905	1	1.15056554917245	-9.49578428965105
ORTHOSTM003201	1	1.15056554917245	-9.49578428965105
ORTHOSTM002239	1	1.1508304134626541	-9.634031176281814
ORTHOSTM002573	1	1.1508304134626541	-9.634031176281814
ORTHOSTM002638	1	1.1508304134626541	-9.634031176281814
ORTHOSTM003018	1	1.1508304134626541	-9.634031176281814
ORTHOSTM003327	1	1.1508304134626541	-9.634031176281814
ORTHOSTM001560	1	1.1522895330155356	-9.529960470040438
ORTHOSTM001047	1	1.1524898918733821	-9.864494120393937
ORTHOSTM001929	1	1.1562669178079394	-9.573096474280225
ORTHOSTM001002	1	1.1566867496539521	-9.74217403308425
ORTHOSTM001935	1	1.1570753966869816	-9.575788594057347
ORTHOSTM002855	1	1.1570753966869816	-9.575788594057347
ORTHOSTM002890	1	1.1570753966869816	-9.575788594057347
ORTHOSTM002995	1	1.1570753966869816	-9.575788594057347
ORTHOSTM001536	1	1.1572916770727497	-9.706204882080758
ORTHOSTM001737	1	1.1572916770727497	-9.706204882080758
ORTHOSTM002292	1	1.1574846438175899	-9.599613072497712
ORTHOSTM002575	1	1.1574846438175899	-9.599613072497712
ORTHOSTM001225	1	1.1575382663003237	-9.726265765995246
ORTHOSTM001521	1	1.157760397901111	-9.433995101345252
ORTHOSTM001866	1	1.157760397901111	-9.433995101345252
ORTHOSTM001830	1	1.1580478633143054	-9.663930337827553
ORTHOSTM000967	1	1.1585931620415322	-9.723060758952062
ORTHOSTM001332	1	1.163650667932007	-9.527790478392953
ORTHOSTM001319	1	1.165257066395317	-9.409489426652693
ORTHOSTM000058	1	1.1691513089092258	-12.836699133869923
ORTHOSTM000192	1	1.1712883504935625	-11.502682284537883
ORTHOSTM000321	1	1.171372055184651	-10.207820961617374
ORTHOSTM000507	1	1.1804572178389132	-10.64836312740117
ORTHOSTM001379	1	1.1875239246365452	-10.018887102627184
ORTHOSTM000606	1	1.1893065809753176	-9.956418035690001
ORTHOSTM001134	1	1.1904112930201856	-10.222016421723424
ORTHOSTM001146	1	1.1914452630196068	-9.867908020225837
ORTHOSTM003096	1	1.1950107301284532	-9.895676987058614
ORTHOSTM003150	1	1.1950107301284532	-9.895676987058614
ORTHOSTM001743	1	1.1954230861634767	-9.961676130038931
ORTHOSTM001211	1	1.1965083161862906	-10.346258022679429
ORTHOSTM000240	1	1.197723603595784	-11.181695017964152
ORTHOSTM000999	1	1.1985633618983669	-9.792700111993907
ORTHOSTM001498	1	1.1985633618983669	-9.792700111993907
ORTHOSTM002522	1	1.1985633618983669	-9.792700111993907
ORTHOSTM002846	1	1.1985633618983669	-9.792700111993907
ORTHOSTM003011	1	1.1985633618983669	-9.792700111993907
ORTHOSTM003253	1	1.1985633618983669	-9.792700111993907
ORTHOSTM002120	1	1.2001206344806699	-10.07295488092008
ORTHOSTM002283	1	1.2005395420465506	-10.08662631173299
ORTHOSTM002302	1	1.2016896779342943	-9.804394271345323
ORTHOSTM002030	1	1.2040326563792256	-9.792301830461676
ORTHOSTM002514	1	1.2040326563792256	-9.792301830461676
ORTHOSTM002550	1	1.2040326563792256	-9.792301830461676
ORTHOSTM003136	1	1.2040326563792256	-9.792301830461676
ORTHOSTM001613	1	1.2060263287149597	-9.842294897963486
ORTHOSTM001288	1	1.206336797601833	-9.858436122614572
ORTHOSTM001994	1	1.2068774182848572	-10.034011740207154
ORTHOSTM002524	1	1.2068774182848572	-10.034011740207154
ORTHOSTM003045	1	1.2068774182848572	-10.034011740207154
ORTHOSTM003068	1	1.2068774182848572	-10.034011740207154
ORTHOSTM003133	1	1.2068774182848572	-10.034011740207154
ORTHOSTM001726	1	1.207584636092404	-9.801684078431446
ORTHOSTM000963	1	1.2082379534127314	-10.176439854713776
ORTHOSTM001230	1	1.2113937348405557	-10.010454744975148
ORTHOSTM001256	1	1.2120547954005552	-9.620349380433506
ORTHOSTM001551	1	1.2120547954005552	-9.620349380433506
ORTHOSTM001599	1	1.2120547954005552	-9.620349380433506
ORTHOSTM001629	1	1.2120547954005552	-9.620349380433506
ORTHOSTM002063	1	1.2120547954005552	-9.620349380433506
ORTHOSTM001455	1	1.2144544869531384	-9.939267754712406
ORTHOSTM001859	1	1.2144866312215685	-10.202757481516652
ORTHOSTM001436	1	1.2147045156132792	-10.09798484673004
ORTHOSTM002288	1	1.2148932361378106	-9.925833655633069
ORTHOSTM002961	1	1.2148932361378106	-9.925833655633069
ORTHOSTM002518	1	1.2157280266749964	-9.76616528564852
ORTHOSTM000858	1	1.2160801995226385	-10.176131423920655
ORTHOSTM000810	1	1.2166182581286809	-10.170317165377528
ORTHOSTM000777	1	1.2174372400575264	-10.490427408889332
ORTHOSTM000565	1	1.2186557619252802	-10.439019604255622
ORTHOSTM002353	1	1.2193650865596533	-9.707987090395418
ORTHOSTM001382	1	1.220918654691908	-9.858691005873574
ORTHOSTM001989	1	1.220918654691908	-9.858691005873574
ORTHOSTM002055	1	1.220918654691908	-9.858691005873574
ORTHOSTM001855	1	1.2215024105545773	-9.838205863774926
ORTHOSTM002468	1	1.2245471458328465	-9.960354412305385
ORTHOSTM001617	1	1.2255504597866076	-9.588690154512227
ORTHOSTM001879	1	1.2255504597866076	-9.588690154512227
ORTHOSTM001258	1	1.2268820928136668	-9.624329284371496
ORTHOSTM001687	1	1.2268820928136668	-9.624329284371496
ORTHOSTM003031	1	1.227891023062871	-9.9036025946547
ORTHOSTM002089	1	1.2291946816018415	-9.728539634994299
ORTHOSTM002114	1	1.2291946816018415	-9.728539634994299
ORTHOSTM002476	1	1.2291946816018415	-9.728539634994299
ORTHOSTM002477	1	1.2291946816018415	-9.728539634994299
ORTHOSTM002516	1	1.2291946816018415	-9.728539634994299
ORTHOSTM002559	1	1.2291946816018415	-9.728539634994299
ORTHOSTM002598	1	1.2291946816018415	-9.728539634994299
ORTHOSTM002603	1	1.2291946816018415	-9.728539634994299
ORTHOSTM002607	1	1.2291946816018415	-9.728539634994299
ORTHOSTM002608	1	1.2291946816018415	-9.728539634994299
ORTHOSTM002617	1	1.2291946816018415	-9.728539634994299
ORTHOSTM002680	1	1.2291946816018415	-9.728539634994299
ORTHOSTM002896	1	1.2292673573687087	-9.743244940230525
ORTHOSTM003220	1	1.2315202814009223	-9.706029480797119
ORTHOSTM002818	1	1.2321671948068957	-9.781951165645586
ORTHOSTM002844	1	1.2321671948068957	-9.781951165645586
ORTHOSTM002894	1	1.2321671948068957	-9.781951165645586
ORTHOSTM003581	1	1.2321671948068957	-9.781951165645586
ORTHOSTM003697	1	1.2321671948068957	-9.781951165645586
ORTHOSTM001827	1	1.2342054069246515	-10.114581221253363
ORTHOSTM000595	1	1.2344364019016973	-10.448732376911678
ORTHOSTM000759	1	1.2346073265288642	-10.60937755819015
ORTHOSTM002823	1	1.2350409470953687	-9.843995673998494
ORTHOSTM001196	1	1.2369716026817419	-9.90109679725625
ORTHOSTM001689	1	1.2369716026817419	-9.90109679725625
ORTHOSTM002052	1	1.238471898419556	-9.721643612696107
ORTHOSTM000805	1	1.2385968196518222	-10.018867012509222
ORTHOSTM001260	1	1.239463936754944	-9.833692354522872
ORTHOSTM000069	1	1.2407348247949979	-12.813621804081402
ORTHOSTM001947	1	1.24241734628666	-9.460227694592858
ORTHOSTM002024	1	1.24241734628666	-9.460227694592858
ORTHOSTM002096	1	1.24241734628666	-9.460227694592858
ORTHOSTM000082	1	1.2436315492460221	-12.731714999470304
ORTHOSTM000881	1	1.2441086958455787	-9.81834143659394
ORTHOSTM000306	1	1.2445303313130598	-10.687798180117404
ORTHOSTM001389	1	1.2448829002083284	-9.790838273290804
ORTHOSTM001326	1	1.244965432881081	-9.780233546036001
ORTHOSTM000711	1	1.245164710221514	-10.252427206685907
ORTHOSTM001575	1	1.2510787113768447	-9.652679628562774
ORTHOSTM002255	1	1.2510787113768447	-9.652679628562774
ORTHOSTM002330	1	1.2510787113768447	-9.652679628562774
ORTHOSTM002949	1	1.2510787113768447	-9.652679628562774
ORTHOSTM003109	1	1.2510787113768447	-9.652679628562774
ORTHOSTM003249	1	1.2510787113768447	-9.652679628562774
ORTHOSTM000503	1	1.2512416850576937	-10.474746822965498
ORTHOSTM000912	1	1.2520453161090048	-10.061295511418942
ORTHOSTM000253	1	1.252183516836233	-10.866594662286666
ORTHOSTM003067	1	1.2522332124816615	-10.16762778671861
ORTHOSTM003157	1	1.2522332124816615	-10.16762778671861
ORTHOSTM000524	1	1.2522423175891804	-10.459989886591787
ORTHOSTM001192	1	1.2522599505659429	-10.18160896639389
ORTHOSTM002544	1	1.2536830009562265	-10.222357697243607
ORTHOSTM000484	1	1.2552575442483451	-10.361625181261116
ORTHOSTM000435	1	1.2565743061998553	-10.888537012122319
ORTHOSTM002471	1	1.25786192529123	-10.062865162758122
ORTHOSTM002520	1	1.25786192529123	-10.062865162758122
ORTHOSTM003081	1	1.25786192529123	-10.062865162758122
ORTHOSTM003086	1	1.25786192529123	-10.062865162758122
ORTHOSTM001895	1	1.2584699818183185	-10.022457616547339
ORTHOSTM002888	1	1.258521403406304	-9.995254293011369
ORTHOSTM002541	1	1.2598287073238195	-9.991931187707813
ORTHOSTM003630	1	1.2608104007121563	-10.151717978156746
ORTHOSTM000603	1	1.2611737746974656	-10.028357321153994
ORTHOSTM002021	1	1.261793393166242	-9.990863354513923
ORTHOSTM002508	1	1.2628370065970875	-10.37695664878287
ORTHOSTM002556	1	1.2628370065970875	-10.37695664878287
ORTHOSTM002496	1	1.2632577883551444	-9.915015610360923
ORTHOSTM003868	1	1.2632577883551444	-9.915015610360923
ORTHOSTM004066	1	1.2632577883551444	-9.915015610360923
ORTHOSTM004224	1	1.2632577883551444	-9.915015610360923
ORTHOSTM004401	1	1.2632577883551444	-9.915015610360923
ORTHOSTM002015	1	1.2634422402795573	-10.246408767387765
ORTHOSTM000134	1	1.2634807185768506	-12.259270236373968
ORTHOSTM001166	1	1.2636425193801306	-10.057770293816166
ORTHOSTM003345	1	1.2639399242287503	-9.779764806617916
ORTHOSTM004150	1	1.2639399242287503	-9.779764806617916
ORTHOSTM004163	1	1.2639399242287503	-9.779764806617916
ORTHOSTM004174	1	1.2639399242287503	-9.779764806617916
ORTHOSTM004213	1	1.2639399242287503	-9.779764806617916
ORTHOSTM004284	1	1.2639399242287503	-9.779764806617916
ORTHOSTM004367	1	1.2639399242287503	-9.779764806617916
ORTHOSTM002660	1	1.2640548786622796	-10.148422664110242
ORTHOSTM004345	1	1.2640548786622796	-10.148422664110242
ORTHOSTM001112	1	1.264180374534396	-10.445053588175798
ORTHOSTM001875	1	1.2647156906941843	-9.990517504371647
ORTHOSTM002404	1	1.2647156906941843	-9.990517504371647
ORTHOSTM002800	1	1.2647156906941843	-9.990517504371647
ORTHOSTM003131	1	1.2647156906941843	-9.990517504371647
ORTHOSTM003557	1	1.2647156906941843	-9.990517504371647
ORTHOSTM003594	1	1.2647156906941843	-9.990517504371647
ORTHOSTM003678	1	1.2647156906941843	-9.990517504371647
ORTHOSTM003699	1	1.2647156906941843	-9.990517504371647
ORTHOSTM003843	1	1.2647156906941843	-9.990517504371647
ORTHOSTM002007	1	1.2651192569950902	-10.127196479580576
ORTHOSTM003147	1	1.2651192569950902	-10.127196479580576
ORTHOSTM001645	1	1.266026270075025	-9.926824258548303
ORTHOSTM002628	1	1.2661132617948516	-10.095176767805505
ORTHOSTM003619	1	1.2671714974576795	-10.233445610098915
ORTHOSTM001639	1	1.2672044701669614	-10.21856793374581
ORTHOSTM001254	1	1.2677205609146052	-10.072993110622978
ORTHOSTM002962	1	1.267777803548818	-10.010204874826615
ORTHOSTM003001	1	1.267777803548818	-10.010204874826615
ORTHOSTM004507	1	1.267777803548818	-10.010204874826615
ORTHOSTM004523	1	1.267777803548818	-10.010204874826615
ORTHOSTM004542	1	1.267777803548818	-10.010204874826615
ORTHOSTM004643	1	1.267777803548818	-10.010204874826615
ORTHOSTM004673	1	1.267777803548818	-10.010204874826615
ORTHOSTM004682	1	1.267777803548818	-10.010204874826615
ORTHOSTM004715	1	1.267777803548818	-10.010204874826615
ORTHOSTM005445	1	1.267777803548818	-10.010204874826615
ORTHOSTM005482	1	1.267777803548818	-10.010204874826615
ORTHOSTM005514	1	1.267777803548818	-10.010204874826615
ORTHOSTM004388	1	1.2685109474179184	-10.331505719073565
ORTHOSTM002403	1	1.269205851268063	-9.775056073325281
ORTHOSTM002843	1	1.269205851268063	-9.775056073325281
ORTHOSTM003128	1	1.269205851268063	-9.775056073325281
ORTHOSTM003576	1	1.269205851268063	-9.775056073325281
ORTHOSTM003643	1	1.269205851268063	-9.775056073325281
ORTHOSTM003656	1	1.269205851268063	-9.775056073325281
ORTHOSTM003658	1	1.269205851268063	-9.775056073325281
ORTHOSTM003689	1	1.269205851268063	-9.775056073325281
ORTHOSTM003690	1	1.269205851268063	-9.775056073325281
ORTHOSTM003695	1	1.269205851268063	-9.775056073325281
ORTHOSTM003702	1	1.269205851268063	-9.775056073325281
ORTHOSTM003709	1	1.269205851268063	-9.775056073325281
ORTHOSTM003715	1	1.269205851268063	-9.775056073325281
ORTHOSTM003725	1	1.269205851268063	-9.775056073325281
ORTHOSTM003739	1	1.269205851268063	-9.775056073325281
ORTHOSTM004028	1	1.269205851268063	-9.775056073325281
ORTHOSTM004198	1	1.269205851268063	-9.775056073325281
ORTHOSTM004231	1	1.269205851268063	-9.775056073325281
ORTHOSTM004500	1	1.269205851268063	-9.775056073325281
ORTHOSTM004508	1	1.269205851268063	-9.775056073325281
ORTHOSTM004513	1	1.269205851268063	-9.775056073325281
ORTHOSTM004516	1	1.269205851268063	-9.775056073325281
ORTHOSTM004518	1	1.269205851268063	-9.775056073325281
ORTHOSTM004519	1	1.269205851268063	-9.775056073325281
ORTHOSTM004524	1	1.269205851268063	-9.775056073325281
ORTHOSTM004525	1	1.269205851268063	-9.775056073325281
ORTHOSTM004539	1	1.269205851268063	-9.775056073325281
ORTHOSTM004540	1	1.269205851268063	-9.775056073325281
ORTHOSTM004544	1	1.269205851268063	-9.775056073325281
ORTHOSTM004548	1	1.269205851268063	-9.775056073325281
ORTHOSTM004556	1	1.269205851268063	-9.775056073325281
ORTHOSTM004558	1	1.269205851268063	-9.775056073325281
ORTHOSTM004562	1	1.269205851268063	-9.775056073325281
ORTHOSTM004563	1	1.269205851268063	-9.775056073325281
ORTHOSTM004568	1	1.269205851268063	-9.775056073325281
ORTHOSTM004570	1	1.269205851268063	-9.775056073325281
ORTHOSTM004577	1	1.269205851268063	-9.775056073325281
ORTHOSTM004580	1	1.269205851268063	-9.775056073325281
ORTHOSTM004587	1	1.269205851268063	-9.775056073325281
ORTHOSTM004592	1	1.269205851268063	-9.775056073325281
ORTHOSTM004599	1	1.269205851268063	-9.775056073325281
ORTHOSTM004612	1	1.269205851268063	-9.775056073325281
ORTHOSTM004616	1	1.269205851268063	-9.775056073325281
ORTHOSTM004618	1	1.269205851268063	-9.775056073325281
ORTHOSTM004621	1	1.269205851268063	-9.775056073325281
ORTHOSTM004622	1	1.269205851268063	-9.775056073325281
ORTHOSTM004623	1	1.269205851268063	-9.775056073325281
ORTHOSTM004624	1	1.269205851268063	-9.775056073325281
ORTHOSTM004625	1	1.269205851268063	-9.775056073325281
ORTHOSTM004630	1	1.269205851268063	-9.775056073325281
ORTHOSTM004637	1	1.269205851268063	-9.775056073325281
ORTHOSTM004667	1	1.269205851268063	-9.775056073325281
ORTHOSTM004669	1	1.269205851268063	-9.775056073325281
ORTHOSTM004674	1	1.269205851268063	-9.775056073325281
ORTHOSTM004676	1	1.269205851268063	-9.775056073325281
ORTHOSTM004693	1	1.269205851268063	-9.775056073325281
ORTHOSTM004698	1	1.269205851268063	-9.775056073325281
ORTHOSTM004705	1	1.269205851268063	-9.775056073325281
ORTHOSTM004716	1	1.269205851268063	-9.775056073325281
ORTHOSTM004717	1	1.269205851268063	-9.775056073325281
ORTHOSTM004723	1	1.269205851268063	-9.775056073325281
ORTHOSTM004725	1	1.269205851268063	-9.775056073325281
ORTHOSTM004788	1	1.269205851268063	-9.775056073325281
ORTHOSTM004791	1	1.269205851268063	-9.775056073325281
ORTHOSTM004794	1	1.269205851268063	-9.775056073325281
ORTHOSTM004801	1	1.269205851268063	-9.775056073325281
ORTHOSTM004819	1	1.269205851268063	-9.775056073325281
ORTHOSTM004835	1	1.269205851268063	-9.775056073325281
ORTHOSTM004838	1	1.269205851268063	-9.775056073325281
ORTHOSTM004849	1	1.269205851268063	-9.775056073325281
ORTHOSTM004874	1	1.269205851268063	-9.775056073325281
ORTHOSTM004895	1	1.269205851268063	-9.775056073325281
ORTHOSTM004953	1	1.269205851268063	-9.775056073325281
ORTHOSTM004990	1	1.269205851268063	-9.775056073325281
ORTHOSTM005009	1	1.269205851268063	-9.775056073325281
ORTHOSTM005042	1	1.269205851268063	-9.775056073325281
ORTHOSTM005125	1	1.269205851268063	-9.775056073325281
ORTHOSTM005172	1	1.269205851268063	-9.775056073325281
ORTHOSTM005208	1	1.269205851268063	-9.775056073325281
ORTHOSTM005245	1	1.269205851268063	-9.775056073325281
ORTHOSTM005252	1	1.269205851268063	-9.775056073325281
ORTHOSTM005279	1	1.269205851268063	-9.775056073325281
ORTHOSTM005328	1	1.269205851268063	-9.775056073325281
ORTHOSTM005332	1	1.269205851268063	-9.775056073325281
ORTHOSTM005367	1	1.269205851268063	-9.775056073325281
ORTHOSTM005370	1	1.269205851268063	-9.775056073325281
ORTHOSTM005387	1	1.269205851268063	-9.775056073325281
ORTHOSTM005570	1	1.269205851268063	-9.775056073325281
ORTHOSTM005575	1	1.269205851268063	-9.775056073325281
ORTHOSTM002022	1	1.2697676034496903	-9.719449903049227
ORTHOSTM002620	1	1.2697676034496903	-9.719449903049227
ORTHOSTM001194	1	1.2699748014654457	-10.268399178450913
ORTHOSTM002135	1	1.2699748014654457	-10.268399178450913
ORTHOSTM002529	1	1.2701934236098025	-9.773530468131503
ORTHOSTM002548	1	1.2701934236098025	-9.773530468131503
ORTHOSTM002791	1	1.2701934236098025	-9.773530468131503
ORTHOSTM003057	1	1.2701934236098025	-9.773530468131503
ORTHOSTM003111	1	1.2701934236098025	-9.773530468131503
ORTHOSTM003529	1	1.2701934236098025	-9.773530468131503
ORTHOSTM003537	1	1.2701934236098025	-9.773530468131503
ORTHOSTM003762	1	1.2701934236098025	-9.773530468131503
ORTHOSTM003818	1	1.2701934236098025	-9.773530468131503
ORTHOSTM003859	1	1.2701934236098025	-9.773530468131503
ORTHOSTM003871	1	1.2701934236098025	-9.773530468131503
ORTHOSTM003891	1	1.2701934236098025	-9.773530468131503
ORTHOSTM003916	1	1.2701934236098025	-9.773530468131503
ORTHOSTM003919	1	1.2701934236098025	-9.773530468131503
ORTHOSTM003957	1	1.2701934236098025	-9.773530468131503
ORTHOSTM003959	1	1.2701934236098025	-9.773530468131503
ORTHOSTM003967	1	1.2701934236098025	-9.773530468131503
ORTHOSTM003994	1	1.2701934236098025	-9.773530468131503
ORTHOSTM003998	1	1.2701934236098025	-9.773530468131503
ORTHOSTM004005	1	1.2701934236098025	-9.773530468131503
ORTHOSTM004011	1	1.2701934236098025	-9.773530468131503
ORTHOSTM004017	1	1.2701934236098025	-9.773530468131503
ORTHOSTM004044	1	1.2701934236098025	-9.773530468131503
ORTHOSTM004056	1	1.2701934236098025	-9.773530468131503
ORTHOSTM004080	1	1.2701934236098025	-9.773530468131503
ORTHOSTM004130	1	1.2701934236098025	-9.773530468131503
ORTHOSTM004158	1	1.2701934236098025	-9.773530468131503
ORTHOSTM004188	1	1.2701934236098025	-9.773530468131503
ORTHOSTM004239	1	1.2701934236098025	-9.773530468131503
ORTHOSTM004244	1	1.2701934236098025	-9.773530468131503
ORTHOSTM004281	1	1.2701934236098025	-9.773530468131503
ORTHOSTM004285	1	1.2701934236098025	-9.773530468131503
ORTHOSTM004291	1	1.2701934236098025	-9.773530468131503
ORTHOSTM004554	1	1.2701934236098025	-9.773530468131503
ORTHOSTM004776	1	1.2701934236098025	-9.773530468131503
ORTHOSTM004783	1	1.2701934236098025	-9.773530468131503
ORTHOSTM004785	1	1.2701934236098025	-9.773530468131503
ORTHOSTM004789	1	1.2701934236098025	-9.773530468131503
ORTHOSTM004805	1	1.2701934236098025	-9.773530468131503
ORTHOSTM004807	1	1.2701934236098025	-9.773530468131503
ORTHOSTM004811	1	1.2701934236098025	-9.773530468131503
ORTHOSTM004814	1	1.2701934236098025	-9.773530468131503
ORTHOSTM004815	1	1.2701934236098025	-9.773530468131503
ORTHOSTM004817	1	1.2701934236098025	-9.773530468131503
ORTHOSTM004822	1	1.2701934236098025	-9.773530468131503
ORTHOSTM004840	1	1.2701934236098025	-9.773530468131503
ORTHOSTM004854	1	1.2701934236098025	-9.773530468131503
ORTHOSTM004867	1	1.2701934236098025	-9.773530468131503
ORTHOSTM004873	1	1.2701934236098025	-9.773530468131503
ORTHOSTM004881	1	1.2701934236098025	-9.773530468131503
ORTHOSTM004891	1	1.2701934236098025	-9.773530468131503
ORTHOSTM004894	1	1.2701934236098025	-9.773530468131503
ORTHOSTM004898	1	1.2701934236098025	-9.773530468131503
ORTHOSTM004903	1	1.2701934236098025	-9.773530468131503
ORTHOSTM004909	1	1.2701934236098025	-9.773530468131503
ORTHOSTM004914	1	1.2701934236098025	-9.773530468131503
ORTHOSTM004921	1	1.2701934236098025	-9.773530468131503
ORTHOSTM004924	1	1.2701934236098025	-9.773530468131503
ORTHOSTM004931	1	1.2701934236098025	-9.773530468131503
ORTHOSTM004933	1	1.2701934236098025	-9.773530468131503
ORTHOSTM004944	1	1.2701934236098025	-9.773530468131503
ORTHOSTM004946	1	1.2701934236098025	-9.773530468131503
ORTHOSTM004949	1	1.2701934236098025	-9.773530468131503
ORTHOSTM004954	1	1.2701934236098025	-9.773530468131503
ORTHOSTM004961	1	1.2701934236098025	-9.773530468131503
ORTHOSTM004965	1	1.2701934236098025	-9.773530468131503
ORTHOSTM004967	1	1.2701934236098025	-9.773530468131503
ORTHOSTM004968	1	1.2701934236098025	-9.773530468131503
ORTHOSTM004971	1	1.2701934236098025	-9.773530468131503
ORTHOSTM004973	1	1.2701934236098025	-9.773530468131503
ORTHOSTM004982	1	1.2701934236098025	-9.773530468131503
ORTHOSTM005004	1	1.2701934236098025	-9.773530468131503
ORTHOSTM005010	1	1.2701934236098025	-9.773530468131503
ORTHOSTM005014	1	1.2701934236098025	-9.773530468131503
ORTHOSTM005019	1	1.2701934236098025	-9.773530468131503
ORTHOSTM005050	1	1.2701934236098025	-9.773530468131503
ORTHOSTM005053	1	1.2701934236098025	-9.773530468131503
ORTHOSTM005057	1	1.2701934236098025	-9.773530468131503
ORTHOSTM005058	1	1.2701934236098025	-9.773530468131503
ORTHOSTM005072	1	1.2701934236098025	-9.773530468131503
ORTHOSTM005077	1	1.2701934236098025	-9.773530468131503
ORTHOSTM005091	1	1.2701934236098025	-9.773530468131503
ORTHOSTM005095	1	1.2701934236098025	-9.773530468131503
ORTHOSTM005096	1	1.2701934236098025	-9.773530468131503
ORTHOSTM005098	1	1.2701934236098025	-9.773530468131503
ORTHOSTM005099	1	1.2701934236098025	-9.773530468131503
ORTHOSTM005103	1	1.2701934236098025	-9.773530468131503
ORTHOSTM005105	1	1.2701934236098025	-9.773530468131503
ORTHOSTM005106	1	1.2701934236098025	-9.773530468131503
ORTHOSTM005109	1	1.2701934236098025	-9.773530468131503
ORTHOSTM005115	1	1.2701934236098025	-9.773530468131503
ORTHOSTM005118	1	1.2701934236098025	-9.773530468131503
ORTHOSTM005121	1	1.2701934236098025	-9.773530468131503
ORTHOSTM005124	1	1.2701934236098025	-9.773530468131503
ORTHOSTM005128	1	1.2701934236098025	-9.773530468131503
ORTHOSTM005132	1	1.2701934236098025	-9.773530468131503
ORTHOSTM005137	1	1.2701934236098025	-9.773530468131503
ORTHOSTM005139	1	1.2701934236098025	-9.773530468131503
ORTHOSTM005147	1	1.2701934236098025	-9.773530468131503
ORTHOSTM005150	1	1.2701934236098025	-9.773530468131503
ORTHOSTM005156	1	1.2701934236098025	-9.773530468131503
ORTHOSTM005163	1	1.2701934236098025	-9.773530468131503
ORTHOSTM005177	1	1.2701934236098025	-9.773530468131503
ORTHOSTM005180	1	1.2701934236098025	-9.773530468131503
ORTHOSTM005183	1	1.2701934236098025	-9.773530468131503
ORTHOSTM005193	1	1.2701934236098025	-9.773530468131503
ORTHOSTM005195	1	1.2701934236098025	-9.773530468131503
ORTHOSTM005197	1	1.2701934236098025	-9.773530468131503
ORTHOSTM005204	1	1.2701934236098025	-9.773530468131503
ORTHOSTM005205	1	1.2701934236098025	-9.773530468131503
ORTHOSTM005216	1	1.2701934236098025	-9.773530468131503
ORTHOSTM005225	1	1.2701934236098025	-9.773530468131503
ORTHOSTM005231	1	1.2701934236098025	-9.773530468131503
ORTHOSTM005240	1	1.2701934236098025	-9.773530468131503
ORTHOSTM005247	1	1.2701934236098025	-9.773530468131503
ORTHOSTM005255	1	1.2701934236098025	-9.773530468131503
ORTHOSTM005257	1	1.2701934236098025	-9.773530468131503
ORTHOSTM005262	1	1.2701934236098025	-9.773530468131503
ORTHOSTM005264	1	1.2701934236098025	-9.773530468131503
ORTHOSTM005268	1	1.2701934236098025	-9.773530468131503
ORTHOSTM005275	1	1.2701934236098025	-9.773530468131503
ORTHOSTM005276	1	1.2701934236098025	-9.773530468131503
ORTHOSTM005283	1	1.2701934236098025	-9.773530468131503
ORTHOSTM005288	1	1.2701934236098025	-9.773530468131503
ORTHOSTM005293	1	1.2701934236098025	-9.773530468131503
ORTHOSTM005312	1	1.2701934236098025	-9.773530468131503
ORTHOSTM005313	1	1.2701934236098025	-9.773530468131503
ORTHOSTM005315	1	1.2701934236098025	-9.773530468131503
ORTHOSTM005316	1	1.2701934236098025	-9.773530468131503
ORTHOSTM005323	1	1.2701934236098025	-9.773530468131503
ORTHOSTM005325	1	1.2701934236098025	-9.773530468131503
ORTHOSTM005330	1	1.2701934236098025	-9.773530468131503
ORTHOSTM005338	1	1.2701934236098025	-9.773530468131503
ORTHOSTM005341	1	1.2701934236098025	-9.773530468131503
ORTHOSTM005347	1	1.2701934236098025	-9.773530468131503
ORTHOSTM005373	1	1.2701934236098025	-9.773530468131503
ORTHOSTM005375	1	1.2701934236098025	-9.773530468131503
ORTHOSTM005376	1	1.2701934236098025	-9.773530468131503
ORTHOSTM005385	1	1.2701934236098025	-9.773530468131503
ORTHOSTM005386	1	1.2701934236098025	-9.773530468131503
ORTHOSTM005388	1	1.2701934236098025	-9.773530468131503
ORTHOSTM005390	1	1.2701934236098025	-9.773530468131503
ORTHOSTM005394	1	1.2701934236098025	-9.773530468131503
ORTHOSTM005469	1	1.2701934236098025	-9.773530468131503
ORTHOSTM005509	1	1.2701934236098025	-9.773530468131503
ORTHOSTM001020	1	1.2704636868890427	-10.163129401813919
ORTHOSTM001642	1	1.2705821318861104	-10.150066717024735
ORTHOSTM002857	1	1.2708685365823407	-10.147097962884068
ORTHOSTM002897	1	1.2708685365823407	-10.147097962884068
ORTHOSTM003596	1	1.2708685365823407	-10.147097962884068
ORTHOSTM004391	1	1.2708685365823407	-10.147097962884068
ORTHOSTM004505	1	1.2708685365823407	-10.147097962884068
ORTHOSTM004532	1	1.2708685365823407	-10.147097962884068
ORTHOSTM004572	1	1.2708685365823407	-10.147097962884068
ORTHOSTM004578	1	1.2708685365823407	-10.147097962884068
ORTHOSTM004617	1	1.2708685365823407	-10.147097962884068
ORTHOSTM004629	1	1.2708685365823407	-10.147097962884068
ORTHOSTM004631	1	1.2708685365823407	-10.147097962884068
ORTHOSTM004640	1	1.2708685365823407	-10.147097962884068
ORTHOSTM004655	1	1.2708685365823407	-10.147097962884068
ORTHOSTM004677	1	1.2708685365823407	-10.147097962884068
ORTHOSTM005525	1	1.2708685365823407	-10.147097962884068
ORTHOSTM005527	1	1.2708685365823407	-10.147097962884068
ORTHOSTM002457	1	1.2718016522573783	-9.976210902581075
ORTHOSTM002535	1	1.2718221920028072	-9.988764125188608
ORTHOSTM003102	1	1.2718221920028072	-9.988764125188608
ORTHOSTM003315	1	1.2718221920028072	-9.988764125188608
ORTHOSTM003824	1	1.2718221920028072	-9.988764125188608
ORTHOSTM003845	1	1.2718221920028072	-9.988764125188608
ORTHOSTM003883	1	1.2718221920028072	-9.988764125188608
ORTHOSTM003904	1	1.2718221920028072	-9.988764125188608
ORTHOSTM003907	1	1.2718221920028072	-9.988764125188608
ORTHOSTM003927	1	1.2718221920028072	-9.988764125188608
ORTHOSTM004063	1	1.2718221920028072	-9.988764125188608
ORTHOSTM004129	1	1.2718221920028072	-9.988764125188608
ORTHOSTM004202	1	1.2718221920028072	-9.988764125188608
ORTHOSTM002911	1	1.271997398477453	-9.9395053295825
ORTHOSTM002097	1	1.2726512389723463	-10.39008997157503
ORTHOSTM001443	1	1.2729469665063622	-10.297697872265283
ORTHOSTM001336	1	1.2745014518067777	-10.0923921082676
ORTHOSTM002326	1	1.2748854207929905	-9.819853857875865
ORTHOSTM001283	1	1.2749639726262432	-9.795028555727393
ORTHOSTM002421	1	1.2752208912689926	-10.221229466571737
ORTHOSTM002479	1	1.2753179916252184	-9.910349842936194
ORTHOSTM002591	1	1.2753179916252184	-9.910349842936194
ORTHOSTM003041	1	1.2753179916252184	-9.910349842936194
ORTHOSTM003151	1	1.2753179916252184	-9.910349842936194
ORTHOSTM003172	1	1.2753179916252184	-9.910349842936194
ORTHOSTM003190	1	1.2753179916252184	-9.910349842936194
ORTHOSTM003338	1	1.2753179916252184	-9.910349842936194
ORTHOSTM003810	1	1.2753179916252184	-9.910349842936194
ORTHOSTM003821	1	1.2753179916252184	-9.910349842936194
ORTHOSTM003838	1	1.2753179916252184	-9.910349842936194
ORTHOSTM003841	1	1.2753179916252184	-9.910349842936194
ORTHOSTM003933	1	1.2753179916252184	-9.910349842936194
ORTHOSTM003977	1	1.2753179916252184	-9.910349842936194
ORTHOSTM003990	1	1.2753179916252184	-9.910349842936194
ORTHOSTM003999	1	1.2753179916252184	-9.910349842936194
ORTHOSTM004047	1	1.2753179916252184	-9.910349842936194
ORTHOSTM004053	1	1.2753179916252184	-9.910349842936194
ORTHOSTM004086	1	1.2753179916252184	-9.910349842936194
ORTHOSTM004093	1	1.2753179916252184	-9.910349842936194
ORTHOSTM004098	1	1.2753179916252184	-9.910349842936194
ORTHOSTM004119	1	1.2753179916252184	-9.910349842936194
ORTHOSTM004195	1	1.2753179916252184	-9.910349842936194
ORTHOSTM004208	1	1.2753179916252184	-9.910349842936194
ORTHOSTM004219	1	1.2753179916252184	-9.910349842936194
ORTHOSTM004257	1	1.2753179916252184	-9.910349842936194
ORTHOSTM004258	1	1.2753179916252184	-9.910349842936194
ORTHOSTM004269	1	1.2753179916252184	-9.910349842936194
ORTHOSTM004270	1	1.2753179916252184	-9.910349842936194
ORTHOSTM004274	1	1.2753179916252184	-9.910349842936194
ORTHOSTM004509	1	1.2753179916252184	-9.910349842936194
ORTHOSTM004779	1	1.2753179916252184	-9.910349842936194
ORTHOSTM004793	1	1.2753179916252184	-9.910349842936194
ORTHOSTM004795	1	1.2753179916252184	-9.910349842936194
ORTHOSTM004804	1	1.2753179916252184	-9.910349842936194
ORTHOSTM004827	1	1.2753179916252184	-9.910349842936194
ORTHOSTM004829	1	1.2753179916252184	-9.910349842936194
ORTHOSTM004831	1	1.2753179916252184	-9.910349842936194
ORTHOSTM004851	1	1.2753179916252184	-9.910349842936194
ORTHOSTM004859	1	1.2753179916252184	-9.910349842936194
ORTHOSTM004868	1	1.2753179916252184	-9.910349842936194
ORTHOSTM004877	1	1.2753179916252184	-9.910349842936194
ORTHOSTM004889	1	1.2753179916252184	-9.910349842936194
ORTHOSTM004901	1	1.2753179916252184	-9.910349842936194
ORTHOSTM004911	1	1.2753179916252184	-9.910349842936194
ORTHOSTM004929	1	1.2753179916252184	-9.910349842936194
ORTHOSTM004934	1	1.2753179916252184	-9.910349842936194
ORTHOSTM004939	1	1.2753179916252184	-9.910349842936194
ORTHOSTM004940	1	1.2753179916252184	-9.910349842936194
ORTHOSTM004950	1	1.2753179916252184	-9.910349842936194
ORTHOSTM004951	1	1.2753179916252184	-9.910349842936194
ORTHOSTM004956	1	1.2753179916252184	-9.910349842936194
ORTHOSTM004972	1	1.2753179916252184	-9.910349842936194
ORTHOSTM004978	1	1.2753179916252184	-9.910349842936194
ORTHOSTM004981	1	1.2753179916252184	-9.910349842936194
ORTHOSTM004993	1	1.2753179916252184	-9.910349842936194
ORTHOSTM005006	1	1.2753179916252184	-9.910349842936194
ORTHOSTM005007	1	1.2753179916252184	-9.910349842936194
ORTHOSTM005016	1	1.2753179916252184	-9.910349842936194
ORTHOSTM005021	1	1.2753179916252184	-9.910349842936194
ORTHOSTM005022	1	1.2753179916252184	-9.910349842936194
ORTHOSTM005043	1	1.2753179916252184	-9.910349842936194
ORTHOSTM005056	1	1.2753179916252184	-9.910349842936194
ORTHOSTM005061	1	1.2753179916252184	-9.910349842936194
ORTHOSTM005065	1	1.2753179916252184	-9.910349842936194
ORTHOSTM005074	1	1.2753179916252184	-9.910349842936194
ORTHOSTM005076	1	1.2753179916252184	-9.910349842936194
ORTHOSTM005090	1	1.2753179916252184	-9.910349842936194
ORTHOSTM005097	1	1.2753179916252184	-9.910349842936194
ORTHOSTM005100	1	1.2753179916252184	-9.910349842936194
ORTHOSTM005101	1	1.2753179916252184	-9.910349842936194
ORTHOSTM005107	1	1.2753179916252184	-9.910349842936194
ORTHOSTM005113	1	1.2753179916252184	-9.910349842936194
ORTHOSTM005117	1	1.2753179916252184	-9.910349842936194
ORTHOSTM005127	1	1.2753179916252184	-9.910349842936194
ORTHOSTM005133	1	1.2753179916252184	-9.910349842936194
ORTHOSTM005148	1	1.2753179916252184	-9.910349842936194
ORTHOSTM005159	1	1.2753179916252184	-9.910349842936194
ORTHOSTM005168	1	1.2753179916252184	-9.910349842936194
ORTHOSTM005170	1	1.2753179916252184	-9.910349842936194
ORTHOSTM005188	1	1.2753179916252184	-9.910349842936194
ORTHOSTM005189	1	1.2753179916252184	-9.910349842936194
ORTHOSTM005194	1	1.2753179916252184	-9.910349842936194
ORTHOSTM005230	1	1.2753179916252184	-9.910349842936194
ORTHOSTM005237	1	1.2753179916252184	-9.910349842936194
ORTHOSTM005239	1	1.2753179916252184	-9.910349842936194
ORTHOSTM005241	1	1.2753179916252184	-9.910349842936194
ORTHOSTM005246	1	1.2753179916252184	-9.910349842936194
ORTHOSTM005260	1	1.2753179916252184	-9.910349842936194
ORTHOSTM005270	1	1.2753179916252184	-9.910349842936194
ORTHOSTM005271	1	1.2753179916252184	-9.910349842936194
ORTHOSTM005287	1	1.2753179916252184	-9.910349842936194
ORTHOSTM005289	1	1.2753179916252184	-9.910349842936194
ORTHOSTM005290	1	1.2753179916252184	-9.910349842936194
ORTHOSTM005291	1	1.2753179916252184	-9.910349842936194
ORTHOSTM005306	1	1.2753179916252184	-9.910349842936194
ORTHOSTM005320	1	1.2753179916252184	-9.910349842936194
ORTHOSTM005333	1	1.2753179916252184	-9.910349842936194
ORTHOSTM005336	1	1.2753179916252184	-9.910349842936194
ORTHOSTM005344	1	1.2753179916252184	-9.910349842936194
ORTHOSTM005350	1	1.2753179916252184	-9.910349842936194
ORTHOSTM005356	1	1.2753179916252184	-9.910349842936194
ORTHOSTM005377	1	1.2753179916252184	-9.910349842936194
ORTHOSTM005378	1	1.2753179916252184	-9.910349842936194
ORTHOSTM005381	1	1.2753179916252184	-9.910349842936194
ORTHOSTM005389	1	1.2753179916252184	-9.910349842936194
ORTHOSTM005391	1	1.2753179916252184	-9.910349842936194
ORTHOSTM005529	1	1.2753179916252184	-9.910349842936194
ORTHOSTM005530	1	1.2753179916252184	-9.910349842936194
ORTHOSTM005542	1	1.2753179916252184	-9.910349842936194
ORTHOSTM001484	1	1.2754401870411465	-9.764291267672151
ORTHOSTM001646	1	1.27654444911508	-10.35544104221698
ORTHOSTM002494	1	1.27654444911508	-10.35544104221698
ORTHOSTM003174	1	1.27654444911508	-10.35544104221698
ORTHOSTM003200	1	1.27654444911508	-10.35544104221698
ORTHOSTM003262	1	1.27654444911508	-10.35544104221698
ORTHOSTM002956	1	1.276812187709644	-9.886747974708598
ORTHOSTM003265	1	1.277539091243396	-10.218882053372585
ORTHOSTM003266	1	1.277539091243396	-10.218882053372585
ORTHOSTM002254	1	1.2777009295995918	-9.97752176675051
ORTHOSTM002863	1	1.2777009295995918	-9.97752176675051
ORTHOSTM002866	1	1.2777009295995918	-9.97752176675051
ORTHOSTM002889	1	1.2777009295995918	-9.97752176675051
ORTHOSTM001987	1	1.2780823023768573	-10.147614892111445
ORTHOSTM002424	1	1.2784435689681763	-9.608630356490137
ORTHOSTM002460	1	1.2784435689681763	-9.608630356490137
ORTHOSTM002879	1	1.2784435689681763	-9.608630356490137
ORTHOSTM002900	1	1.2784435689681763	-9.608630356490137
ORTHOSTM002930	1	1.2784435689681763	-9.608630356490137
ORTHOSTM002972	1	1.2784435689681763	-9.608630356490137
ORTHOSTM003170	1	1.2784435689681763	-9.608630356490137
ORTHOSTM003246	1	1.2784435689681763	-9.608630356490137
ORTHOSTM002010	1	1.2789463460647472	-9.649961672288411
ORTHOSTM002481	1	1.2789463460647472	-9.649961672288411
ORTHOSTM002590	1	1.2789463460647472	-9.649961672288411
ORTHOSTM003058	1	1.2789463460647472	-9.649961672288411
ORTHOSTM003171	1	1.2789463460647472	-9.649961672288411
ORTHOSTM003219	1	1.2789463460647472	-9.649961672288411
ORTHOSTM003270	1	1.2789463460647472	-9.649961672288411
ORTHOSTM003340	1	1.2789463460647472	-9.649961672288411
ORTHOSTM002183	1	1.279195068682588	-10.683260145565473
ORTHOSTM000038	1	1.2800065240252525	-13.392280937626813
ORTHOSTM001834	1	1.2802573722037751	-10.380132640360692
ORTHOSTM002662	1	1.2802660433505302	-10.474172818184426
ORTHOSTM001011	1	1.280598648374982	-10.129664761130497
ORTHOSTM002959	1	1.2812179851200778	-10.370121180003528
ORTHOSTM002755	1	1.2824781772204774	-10.535583079489204
ORTHOSTM001329	1	1.2825080803528832	-9.95436603665848
ORTHOSTM001384	1	1.2825080803528832	-9.95436603665848
ORTHOSTM001149	1	1.2828438515154468	-9.740587913761422
ORTHOSTM001998	1	1.2828438515154468	-9.740587913761422
ORTHOSTM002065	1	1.2828438515154468	-9.740587913761422
ORTHOSTM002086	1	1.2828438515154468	-9.740587913761422
ORTHOSTM002488	1	1.2828438515154468	-9.740587913761422
ORTHOSTM002569	1	1.2828438515154468	-9.740587913761422
ORTHOSTM002581	1	1.2828438515154468	-9.740587913761422
ORTHOSTM002671	1	1.2828438515154468	-9.740587913761422
ORTHOSTM003048	1	1.2828438515154468	-9.740587913761422
ORTHOSTM003060	1	1.2828438515154468	-9.740587913761422
ORTHOSTM003071	1	1.2828438515154468	-9.740587913761422
ORTHOSTM003084	1	1.2828438515154468	-9.740587913761422
ORTHOSTM003193	1	1.2828438515154468	-9.740587913761422
ORTHOSTM003202	1	1.2828438515154468	-9.740587913761422
ORTHOSTM003234	1	1.2828438515154468	-9.740587913761422
ORTHOSTM003242	1	1.2828438515154468	-9.740587913761422
ORTHOSTM003243	1	1.2828438515154468	-9.740587913761422
ORTHOSTM003277	1	1.2828438515154468	-9.740587913761422
ORTHOSTM003278	1	1.2828438515154468	-9.740587913761422
ORTHOSTM003284	1	1.2828438515154468	-9.740587913761422
ORTHOSTM003299	1	1.2828438515154468	-9.740587913761422
ORTHOSTM003305	1	1.2828438515154468	-9.740587913761422
ORTHOSTM003308	1	1.2828438515154468	-9.740587913761422
ORTHOSTM003316	1	1.2828438515154468	-9.740587913761422
ORTHOSTM003320	1	1.2828438515154468	-9.740587913761422
ORTHOSTM003382	1	1.2833945550062518	-10.367802576457292
ORTHOSTM004301	1	1.2833945550062518	-10.367802576457292
ORTHOSTM000543	1	1.2835509872894262	-10.386732730277686
ORTHOSTM001797	1	1.2835643103449446	-10.077751269775925
ORTHOSTM002994	1	1.2835643103449446	-10.077751269775925
ORTHOSTM003154	1	1.2835643103449446	-10.077751269775925
ORTHOSTM003222	1	1.2835643103449446	-10.077751269775925
ORTHOSTM003455	1	1.2835643103449446	-10.077751269775925
ORTHOSTM003468	1	1.2835643103449446	-10.077751269775925
ORTHOSTM003495	1	1.2835643103449446	-10.077751269775925
ORTHOSTM003502	1	1.2835643103449446	-10.077751269775925
ORTHOSTM003986	1	1.2835643103449446	-10.077751269775925
ORTHOSTM003425	1	1.28391836009684	-10.145183152465926
ORTHOSTM003426	1	1.28391836009684	-10.145183152465926
ORTHOSTM004324	1	1.28391836009684	-10.145183152465926
ORTHOSTM004358	1	1.28391836009684	-10.145183152465926
ORTHOSTM004360	1	1.28391836009684	-10.145183152465926
ORTHOSTM004369	1	1.28391836009684	-10.145183152465926
ORTHOSTM004627	1	1.28391836009684	-10.145183152465926
ORTHOSTM005447	1	1.28391836009684	-10.145183152465926
ORTHOSTM005460	1	1.28391836009684	-10.145183152465926
ORTHOSTM005472	1	1.28391836009684	-10.145183152465926
ORTHOSTM005479	1	1.28391836009684	-10.145183152465926
ORTHOSTM005487	1	1.28391836009684	-10.145183152465926
ORTHOSTM005490	1	1.28391836009684	-10.145183152465926
ORTHOSTM005493	1	1.28391836009684	-10.145183152465926
ORTHOSTM005497	1	1.28391836009684	-10.145183152465926
ORTHOSTM005500	1	1.28391836009684	-10.145183152465926
ORTHOSTM005502	1	1.28391836009684	-10.145183152465926
ORTHOSTM005506	1	1.28391836009684	-10.145183152465926
ORTHOSTM005508	1	1.28391836009684	-10.145183152465926
ORTHOSTM005511	1	1.28391836009684	-10.145183152465926
ORTHOSTM005516	1	1.28391836009684	-10.145183152465926
ORTHOSTM005517	1	1.28391836009684	-10.145183152465926
ORTHOSTM005522	1	1.28391836009684	-10.145183152465926
ORTHOSTM003324	1	1.2841859194580627	-10.256072193495184
ORTHOSTM000788	1	1.2842976179835113	-10.31412904692833
ORTHOSTM004030	1	1.2849079710155855	-10.12531835064746
ORTHOSTM004102	1	1.2849079710155855	-10.12531835064746
ORTHOSTM004218	1	1.2849079710155855	-10.12531835064746
ORTHOSTM004223	1	1.2849079710155855	-10.12531835064746
ORTHOSTM004271	1	1.2849079710155855	-10.12531835064746
ORTHOSTM003498	1	1.2860188657657126	-10.471222210367559
ORTHOSTM004326	1	1.2860188657657126	-10.471222210367559
ORTHOSTM004363	1	1.2860188657657126	-10.471222210367559
ORTHOSTM002159	1	1.286222838191552	-10.448989089608883
ORTHOSTM003395	1	1.286222838191552	-10.448989089608883
ORTHOSTM004400	1	1.28623886769224	-10.277704392847163
ORTHOSTM002357	1	1.2867943531002644	-9.900053078756008
ORTHOSTM001163	1	1.2869539181544802	-10.14342203276373
ORTHOSTM001313	1	1.287017360858927	-10.196424846115479
ORTHOSTM002119	1	1.287017360858927	-10.196424846115479
ORTHOSTM001162	1	1.2870471474465817	-10.392765823661426
ORTHOSTM002686	1	1.2871268581834907	-10.312625670204499
ORTHOSTM003597	1	1.2871268581834907	-10.312625670204499
ORTHOSTM003721	1	1.2871268581834907	-10.312625670204499
ORTHOSTM003724	1	1.2871268581834907	-10.312625670204499
ORTHOSTM004320	1	1.2872751995762926	-10.2757170763254
ORTHOSTM004354	1	1.2872751995762926	-10.2757170763254
ORTHOSTM005446	1	1.2872751995762926	-10.2757170763254
ORTHOSTM005455	1	1.2872751995762926	-10.2757170763254
ORTHOSTM005489	1	1.2872751995762926	-10.2757170763254
ORTHOSTM005492	1	1.2872751995762926	-10.2757170763254
ORTHOSTM005496	1	1.2872751995762926	-10.2757170763254
ORTHOSTM001469	1	1.2874516511517924	-10.236481440603207
ORTHOSTM002727	1	1.2874516511517924	-10.236481440603207
ORTHOSTM003472	1	1.2874516511517924	-10.236481440603207
ORTHOSTM003501	1	1.2874516511517924	-10.236481440603207
ORTHOSTM003506	1	1.2874516511517924	-10.236481440603207
ORTHOSTM004010	1	1.2874516511517924	-10.236481440603207
ORTHOSTM004013	1	1.2874516511517924	-10.236481440603207
ORTHOSTM004123	1	1.2874516511517924	-10.236481440603207
ORTHOSTM004183	1	1.2874516511517924	-10.236481440603207
ORTHOSTM004277	1	1.2874516511517924	-10.236481440603207
ORTHOSTM004279	1	1.2874516511517924	-10.236481440603207
ORTHOSTM002337	1	1.287689453916907	-10.044167910705468
ORTHOSTM001402	1	1.2882381372723866	-10.557237659070216
ORTHOSTM002543	1	1.2883378871917675	-10.100147032667355
ORTHOSTM002577	1	1.2883378871917675	-10.100147032667355
ORTHOSTM002736	1	1.2883378871917675	-10.100147032667355
ORTHOSTM002763	1	1.2883378871917675	-10.100147032667355
ORTHOSTM002764	1	1.2883378871917675	-10.100147032667355
ORTHOSTM003457	1	1.2883378871917675	-10.100147032667355
ORTHOSTM003500	1	1.2883378871917675	-10.100147032667355
ORTHOSTM003505	1	1.2883378871917675	-10.100147032667355
ORTHOSTM003508	1	1.2883378871917675	-10.100147032667355
ORTHOSTM003924	1	1.2883378871917675	-10.100147032667355
ORTHOSTM002532	1	1.288423264988824	-9.908286455466671
ORTHOSTM002466	1	1.288710389004157	-10.040831558788497
ORTHOSTM003830	1	1.288710389004157	-10.040831558788497
ORTHOSTM003962	1	1.288710389004157	-10.040831558788497
ORTHOSTM003973	1	1.288710389004157	-10.040831558788497
ORTHOSTM004236	1	1.288710389004157	-10.040831558788497
ORTHOSTM004322	1	1.288710389004157	-10.040831558788497
ORTHOSTM004768	1	1.288710389004157	-10.040831558788497
ORTHOSTM004774	1	1.288710389004157	-10.040831558788497
ORTHOSTM004856	1	1.288710389004157	-10.040831558788497
ORTHOSTM004959	1	1.288710389004157	-10.040831558788497
ORTHOSTM005033	1	1.288710389004157	-10.040831558788497
ORTHOSTM005190	1	1.288710389004157	-10.040831558788497
ORTHOSTM005266	1	1.288710389004157	-10.040831558788497
ORTHOSTM005319	1	1.288710389004157	-10.040831558788497
ORTHOSTM005359	1	1.288710389004157	-10.040831558788497
ORTHOSTM005577	1	1.288710389004157	-10.040831558788497
ORTHOSTM002452	1	1.2888132121437599	-10.039713770997073
ORTHOSTM001388	1	1.2888963132644589	-10.175776410121646
ORTHOSTM001682	1	1.2888963132644589	-10.175776410121646
ORTHOSTM001776	1	1.2894753768153817	-9.975130610090172
ORTHOSTM002562	1	1.2915137069204374	-9.918131992422342
ORTHOSTM003138	1	1.2915137069204374	-9.918131992422342
ORTHOSTM003005	1	1.2948853680739358	-10.110262583272098
ORTHOSTM002690	1	1.296259502699227	-10.278175902786023
ORTHOSTM002206	1	1.29733130741416	-10.065618068340434
ORTHOSTM003106	1	1.298054825102673	-9.873207943423832
ORTHOSTM003144	1	1.298054825102673	-9.873207943423832
ORTHOSTM003280	1	1.298054825102673	-9.873207943423832
ORTHOSTM003357	1	1.298054825102673	-9.873207943423832
ORTHOSTM002138	1	1.3005433613807373	-10.303844408582613
ORTHOSTM001922	1	1.30320605869801	-9.810374971502847
ORTHOSTM000060	1	1.31018530671539	-13.132470037079717
ORTHOSTM004306	1	1.3159139894181073	-10.497869645875515
ORTHOSTM002703	1	1.3192029593893801	-10.45044801895077
ORTHOSTM002725	1	1.3192029593893801	-10.45044801895077
ORTHOSTM000364	1	1.3192162779566476	-10.576252914424465
ORTHOSTM003107	1	1.3230369742120351	-10.00886420998761
ORTHOSTM000027	2	1.323817509422159	-13.836377542062465
ORTHOSTM002453	1	1.325151139243368	-10.36580868754613
ORTHOSTM004026	1	1.325151139243368	-10.36580868754613
ORTHOSTM002347	1	1.3271230291520086	-10.578142551147055
ORTHOSTM002278	1	1.3276915308870059	-9.883783306247704
ORTHOSTM001808	1	1.3287504901737728	-10.078363612346195
ORTHOSTM002075	1	1.3287504901737728	-10.078363612346195
ORTHOSTM002582	1	1.3287504901737728	-10.078363612346195
ORTHOSTM000940	1	1.3288017438171238	-10.390723942770428
ORTHOSTM002790	1	1.3304616105557756	-10.369194775201482
ORTHOSTM001071	1	1.3308321005457937	-10.37342262339443
ORTHOSTM001979	1	1.3308866208900358	-10.234614546947688
ORTHOSTM001380	1	1.3314983036570942	-10.310550304281039
ORTHOSTM002650	1	1.3327735130707088	-10.633284964328924
ORTHOSTM003370	1	1.3327735130707088	-10.633284964328924
ORTHOSTM002649	1	1.3333119246523142	-10.458729985632196
ORTHOSTM002360	1	1.3338110630824886	-10.201929778169887
ORTHOSTM002815	1	1.3338110630824886	-10.201929778169887
ORTHOSTM001870	1	1.3364712487018773	-10.090213910995015
ORTHOSTM002585	1	1.3385246290525463	-9.877049126372398
ORTHOSTM000929	1	1.3391755565616799	-11.108918733524366
ORTHOSTM000638	1	1.3395618646792689	-10.666619046244634
ORTHOSTM002090	1	1.3436164075975783	-9.94699405420509
ORTHOSTM000690	1	1.3451560612636124	-10.639563390827444
ORTHOSTM000612	1	1.3460186402433705	-10.488499932898135
ORTHOSTM001461	1	1.346129388557792	-10.678491574161034
ORTHOSTM001221	1	1.3464050693021947	-10.651896223586553
ORTHOSTM001240	1	1.3464050693021947	-10.651896223586553
ORTHOSTM000209	1	1.3465588006702438	-11.912595810643866
ORTHOSTM000545	1	1.346794218601425	-11.052387032426525
ORTHOSTM000965	1	1.346845585121725	-10.479641840870112
ORTHOSTM001991	1	1.3472718134642352	-9.934836277354199
ORTHOSTM002067	1	1.3472718134642352	-9.934836277354199
ORTHOSTM002116	1	1.3472718134642352	-9.934836277354199
ORTHOSTM001293	1	1.3490043440187167	-10.536124438927063
ORTHOSTM001791	1	1.3492932575896397	-10.438794274174825
ORTHOSTM000768	1	1.3518162608568156	-10.964721931557262
ORTHOSTM001848	1	1.351914742083384	-10.659784963437973
ORTHOSTM001239	1	1.3523406844020112	-10.66365612515155
ORTHOSTM003800	1	1.353620293917365	-10.023793869497535
ORTHOSTM002361	1	1.3547558257672356	-10.195748458752963
ORTHOSTM000453	1	1.3550297220880392	-10.924964053744358
ORTHOSTM001973	1	1.3558711553038247	-9.958143409095452
ORTHOSTM000035	2	1.3564247759008057	-13.373984890487622
ORTHOSTM003343	1	1.3611869148986453	-10.018452092777373
ORTHOSTM004160	1	1.3611869148986453	-10.018452092777373
ORTHOSTM004176	1	1.3611869148986453	-10.018452092777373
ORTHOSTM004374	1	1.3611869148986453	-10.018452092777373
ORTHOSTM003169	1	1.3622280240222426	-10.179243516331889
ORTHOSTM001640	1	1.3623745433974448	-10.04801133543741
ORTHOSTM000914	1	1.3632366900497055	-10.550791671788684
ORTHOSTM002355	1	1.3644524983853104	-9.907543913531253
ORTHOSTM002436	1	1.3644524983853104	-9.907543913531253
ORTHOSTM001804	1	1.3653280501157767	-10.051802849610919
ORTHOSTM000722	1	1.3655585021988366	-10.339725232467254
ORTHOSTM001992	1	1.366901825850749	-10.311951292499689
ORTHOSTM001729	1	1.3669510990515534	-10.546944599178572
ORTHOSTM001351	1	1.3683609438982405	-10.650748478514629
ORTHOSTM000678	1	1.368428877143894	-10.529579904567646
ORTHOSTM003177	1	1.368844691414777	-10.289214942760093
ORTHOSTM001270	1	1.369843944721159	-10.176014685772847
ORTHOSTM002293	1	1.369843944721159	-10.176014685772847
ORTHOSTM002351	1	1.369843944721159	-10.176014685772847
ORTHOSTM002828	1	1.369843944721159	-10.176014685772847
ORTHOSTM003291	1	1.369843944721159	-10.176014685772847
ORTHOSTM003636	1	1.369843944721159	-10.176014685772847
ORTHOSTM003995	1	1.369843944721159	-10.176014685772847
ORTHOSTM001367	1	1.3723846254460803	-10.28770342158533
ORTHOSTM002579	1	1.3723846254460803	-10.28770342158533
ORTHOSTM001905	1	1.372654486980867	-10.004765509814959
ORTHOSTM002298	1	1.372654486980867	-10.004765509814959
ORTHOSTM001792	1	1.3738317900983108	-10.152453947972258
ORTHOSTM002782	1	1.3738317900983108	-10.152453947972258
ORTHOSTM003139	1	1.3738317900983108	-10.152453947972258
ORTHOSTM003793	1	1.3738317900983108	-10.152453947972258
ORTHOSTM001683	1	1.376894344880285	-10.18282192492157
ORTHOSTM003161	1	1.3846666014801825	-10.423269791569703
ORTHOSTM003400	1	1.3855566256574539	-10.383930026534603
ORTHOSTM004355	1	1.3855566256574539	-10.383930026534603
ORTHOSTM002411	1	1.3856141891166576	-10.348254702063402
ORTHOSTM002856	1	1.3856141891166576	-10.348254702063402
ORTHOSTM003419	1	1.3856141891166576	-10.348254702063402
ORTHOSTM003006	1	1.3879975799331996	-10.323574121871856
ORTHOSTM004409	1	1.3879975799331996	-10.323574121871856
ORTHOSTM000159	1	1.3880248227701064	-12.030693706699498
ORTHOSTM002572	1	1.3884894785582942	-10.110543776981716
ORTHOSTM002597	1	1.3884894785582942	-10.110543776981716
ORTHOSTM003114	1	1.3884894785582942	-10.110543776981716
ORTHOSTM003127	1	1.3884894785582942	-10.110543776981716
ORTHOSTM003180	1	1.3884894785582942	-10.110543776981716
ORTHOSTM003188	1	1.3884894785582942	-10.110543776981716
ORTHOSTM003238	1	1.3884894785582942	-10.110543776981716
ORTHOSTM003272	1	1.3884894785582942	-10.110543776981716
ORTHOSTM003275	1	1.3884894785582942	-10.110543776981716
ORTHOSTM003346	1	1.3884894785582942	-10.110543776981716
ORTHOSTM003097	1	1.3885247166674053	-10.171640683802773
ORTHOSTM003348	1	1.3885247166674053	-10.171640683802773
ORTHOSTM004014	1	1.3885247166674053	-10.171640683802773
ORTHOSTM004141	1	1.3885247166674053	-10.171640683802773
ORTHOSTM004201	1	1.3885247166674053	-10.171640683802773
ORTHOSTM004282	1	1.3885247166674053	-10.171640683802773
ORTHOSTM001420	1	1.3889887271399972	-10.4132567695286
ORTHOSTM001021	1	1.3892429475386376	-10.729411578650481
ORTHOSTM003030	1	1.3896498241052966	-10.3607277001116
ORTHOSTM003313	1	1.3898561711190036	-10.086135750818434
ORTHOSTM004264	1	1.3898561711190036	-10.086135750818434
ORTHOSTM001604	1	1.3902746015691003	-10.115071441780522
ORTHOSTM003274	1	1.3925817304588852	-10.339364442177907
ORTHOSTM000525	1	1.3933714510195367	-10.592612138509786
ORTHOSTM003334	1	1.3934470048048284	-10.413486999069654
ORTHOSTM003996	1	1.3934470048048284	-10.413486999069654
ORTHOSTM001005	1	1.393887068782603	-10.285872090413477
ORTHOSTM000426	1	1.3955182199815577	-11.281136683345784
ORTHOSTM004246	1	1.3955613212200764	-10.281494367583155
ORTHOSTM000429	1	1.3984299936093374	-11.049245045285536
ORTHOSTM001898	1	1.3991846100979928	-10.561788045386233
ORTHOSTM003362	1	1.3998775056008532	-10.097469057808063
ORTHOSTM002053	1	1.4003670404759867	-10.1312558263466
ORTHOSTM002070	1	1.4003670404759867	-10.1312558263466
ORTHOSTM002105	1	1.4003670404759867	-10.1312558263466
ORTHOSTM002521	1	1.4003670404759867	-10.1312558263466
ORTHOSTM001760	1	1.400610116633093	-10.528423999626762
ORTHOSTM001315	1	1.4031404802884186	-10.617821619866596
ORTHOSTM002174	1	1.4042543418975364	-10.60992886052034
ORTHOSTM003076	1	1.4048102993877012	-10.305274830360837
ORTHOSTM003164	1	1.4048102993877012	-10.305274830360837
ORTHOSTM003224	1	1.4048102993877012	-10.305274830360837
ORTHOSTM003886	1	1.4048102993877012	-10.305274830360837
ORTHOSTM003925	1	1.4048102993877012	-10.305274830360837
ORTHOSTM004025	1	1.4048102993877012	-10.305274830360837
ORTHOSTM004032	1	1.4048102993877012	-10.305274830360837
ORTHOSTM004045	1	1.4048102993877012	-10.305274830360837
ORTHOSTM004117	1	1.4048102993877012	-10.305274830360837
ORTHOSTM004127	1	1.4048102993877012	-10.305274830360837
ORTHOSTM004380	1	1.4048102993877012	-10.305274830360837
ORTHOSTM002593	1	1.4048987822230201	-10.21688685807672
ORTHOSTM003352	1	1.4048987822230201	-10.21688685807672
ORTHOSTM003887	1	1.4048987822230201	-10.21688685807672
ORTHOSTM003964	1	1.4048987822230201	-10.21688685807672
ORTHOSTM004107	1	1.4048987822230201	-10.21688685807672
ORTHOSTM004154	1	1.4048987822230201	-10.21688685807672
ORTHOSTM004186	1	1.4048987822230201	-10.21688685807672
ORTHOSTM004382	1	1.4048987822230201	-10.21688685807672
ORTHOSTM000832	1	1.405936529465854	-10.692756379763876
ORTHOSTM003332	1	1.4061794137738814	-10.29628620643539
ORTHOSTM002282	1	1.4109240245002326	-10.201520313377035
ORTHOSTM002629	1	1.4124409966770555	-9.96376087952288
ORTHOSTM002039	1	1.4129619956645465	-10.307899731077118
ORTHOSTM003405	1	1.4132967211837109	-10.471901606449713
ORTHOSTM000263	1	1.4133653184843809	-11.953566985581377
ORTHOSTM002366	1	1.415462724668849	-10.47094492395954
ORTHOSTM004604	1	1.4181185971852153	-10.523710609934284
ORTHOSTM001049	1	1.4198679620965098	-10.696215385451783
ORTHOSTM004240	1	1.4210130012778428	-10.286048929266425
ORTHOSTM004591	1	1.4210130012778428	-10.286048929266425
ORTHOSTM004771	1	1.4210130012778428	-10.286048929266425
ORTHOSTM004872	1	1.4210130012778428	-10.286048929266425
ORTHOSTM004884	1	1.4210130012778428	-10.286048929266425
ORTHOSTM004922	1	1.4210130012778428	-10.286048929266425
ORTHOSTM005008	1	1.4210130012778428	-10.286048929266425
ORTHOSTM005062	1	1.4210130012778428	-10.286048929266425
ORTHOSTM005120	1	1.4210130012778428	-10.286048929266425
ORTHOSTM005129	1	1.4210130012778428	-10.286048929266425
ORTHOSTM005337	1	1.4210130012778428	-10.286048929266425
ORTHOSTM005346	1	1.4210130012778428	-10.286048929266425
ORTHOSTM002019	1	1.4215105607303664	-10.458082046578957
ORTHOSTM002157	1	1.4215105607303664	-10.458082046578957
ORTHOSTM003247	1	1.4220164677708724	-10.426545127734787
ORTHOSTM001366	1	1.4227288516888614	-10.595251027625624
ORTHOSTM003706	1	1.4237401752748573	-10.584375671632404
ORTHOSTM001509	1	1.4243201887467365	-10.347986034336325
ORTHOSTM001601	1	1.42455130363704	-10.321768160000214
ORTHOSTM002175	1	1.424737064267321	-10.641369380087916
ORTHOSTM001894	1	1.4250265599196463	-10.418376112425625
ORTHOSTM004156	1	1.4260564770475483	-10.346820251453256
ORTHOSTM004272	1	1.4260564770475483	-10.346820251453256
ORTHOSTM002652	1	1.4273696066544996	-10.684413454632752
ORTHOSTM000640	1	1.4291023072214484	-10.97736970353781
ORTHOSTM000664	1	1.4315806659943742	-10.936010807977759
ORTHOSTM003614	1	1.431594049872737	-10.38894433929859
ORTHOSTM004384	1	1.431594049872737	-10.38894433929859
ORTHOSTM004351	1	1.4317756051541937	-10.51699576137574
ORTHOSTM005484	1	1.4317756051541937	-10.51699576137574
ORTHOSTM005555	1	1.4317756051541937	-10.51699576137574
ORTHOSTM005566	1	1.4317756051541937	-10.51699576137574
ORTHOSTM003424	1	1.4331969130375115	-10.453753089998056
ORTHOSTM004039	1	1.4336132462958153	-10.151263038499017
ORTHOSTM004283	1	1.4336132462958153	-10.151263038499017
ORTHOSTM004377	1	1.4336132462958153	-10.151263038499017
ORTHOSTM002080	1	1.4347455089885857	-10.449594904079728
ORTHOSTM002490	1	1.4352383951679415	-10.518157022291666
ORTHOSTM000353	1	1.435978551354395	-11.047547446145622
ORTHOSTM002982	1	1.4359786129799395	-10.740753399292123
ORTHOSTM001957	1	1.4376236320512614	-10.298957988679662
ORTHOSTM002563	1	1.4381612526770597	-10.494928491627592
ORTHOSTM004042	1	1.4381612526770597	-10.494928491627592
ORTHOSTM001800	1	1.4384097893532004	-10.670163113219626
ORTHOSTM000879	1	1.4384761827275039	-10.942797426348049
ORTHOSTM002694	1	1.4389521344413447	-10.430736419078272
ORTHOSTM002875	1	1.4392733881031397	-10.342103521672694
ORTHOSTM002923	1	1.4392733881031397	-10.342103521672694
ORTHOSTM004344	1	1.4392733881031397	-10.342103521672694
ORTHOSTM004352	1	1.4392733881031397	-10.342103521672694
ORTHOSTM001995	1	1.4414185453618116	-10.10433497055038
ORTHOSTM002530	1	1.4414185453618116	-10.10433497055038
ORTHOSTM002613	1	1.4414185453618116	-10.10433497055038
ORTHOSTM003240	1	1.4414185453618116	-10.10433497055038
ORTHOSTM003283	1	1.4414185453618116	-10.10433497055038
ORTHOSTM003416	1	1.4414185453618116	-10.10433497055038
ORTHOSTM003889	1	1.4414185453618116	-10.10433497055038
ORTHOSTM003893	1	1.4414185453618116	-10.10433497055038
ORTHOSTM003922	1	1.4414185453618116	-10.10433497055038
ORTHOSTM003929	1	1.4414185453618116	-10.10433497055038
ORTHOSTM003941	1	1.4414185453618116	-10.10433497055038
ORTHOSTM004074	1	1.4414185453618116	-10.10433497055038
ORTHOSTM004088	1	1.4414185453618116	-10.10433497055038
ORTHOSTM004092	1	1.4414185453618116	-10.10433497055038
ORTHOSTM004103	1	1.4414185453618116	-10.10433497055038
ORTHOSTM004131	1	1.4414185453618116	-10.10433497055038
ORTHOSTM004137	1	1.4414185453618116	-10.10433497055038
ORTHOSTM004172	1	1.4414185453618116	-10.10433497055038
ORTHOSTM004181	1	1.4414185453618116	-10.10433497055038
ORTHOSTM004194	1	1.4414185453618116	-10.10433497055038
ORTHOSTM004241	1	1.4414185453618116	-10.10433497055038
ORTHOSTM004245	1	1.4414185453618116	-10.10433497055038
ORTHOSTM004347	1	1.4414185453618116	-10.10433497055038
ORTHOSTM004348	1	1.4414185453618116	-10.10433497055038
ORTHOSTM004356	1	1.4414185453618116	-10.10433497055038
ORTHOSTM000439	1	1.4426326521874087	-10.768171125201881
ORTHOSTM003347	1	1.4430392654296182	-10.623915619738606
ORTHOSTM004362	1	1.444639816998677	-10.382026683442167
ORTHOSTM000245	1	1.4454306328751083	-11.715022510306111
ORTHOSTM003013	1	1.4461663212158538	-10.509026034066517
ORTHOSTM003749	1	1.4461663212158538	-10.509026034066517
ORTHOSTM004407	1	1.4461663212158538	-10.509026034066517
ORTHOSTM004672	1	1.4461663212158538	-10.509026034066517
ORTHOSTM004697	1	1.4461663212158538	-10.509026034066517
ORTHOSTM004718	1	1.4461663212158538	-10.509026034066517
ORTHOSTM005437	1	1.4461663212158538	-10.509026034066517
ORTHOSTM005557	1	1.4461663212158538	-10.509026034066517
ORTHOSTM005565	1	1.4461663212158538	-10.509026034066517
ORTHOSTM005573	1	1.4461663212158538	-10.509026034066517
ORTHOSTM005700	1	1.4461663212158538	-10.509026034066517
ORTHOSTM005705	1	1.4461663212158538	-10.509026034066517
ORTHOSTM005713	1	1.4461663212158538	-10.509026034066517
ORTHOSTM005742	1	1.4461663212158538	-10.509026034066517
ORTHOSTM005746	1	1.4461663212158538	-10.509026034066517
ORTHOSTM005749	1	1.4461663212158538	-10.509026034066517
ORTHOSTM005758	1	1.4461663212158538	-10.509026034066517
ORTHOSTM005760	1	1.4461663212158538	-10.509026034066517
ORTHOSTM005765	1	1.4461663212158538	-10.509026034066517
ORTHOSTM005767	1	1.4461663212158538	-10.509026034066517
ORTHOSTM005787	1	1.4461663212158538	-10.509026034066517
ORTHOSTM005814	1	1.4461663212158538	-10.509026034066517
ORTHOSTM006542	1	1.4461663212158538	-10.509026034066517
ORTHOSTM006703	1	1.4461663212158538	-10.509026034066517
ORTHOSTM006705	1	1.4461663212158538	-10.509026034066517
ORTHOSTM006715	1	1.4461663212158538	-10.509026034066517
ORTHOSTM006725	1	1.4461663212158538	-10.509026034066517
ORTHOSTM006749	1	1.4461663212158538	-10.509026034066517
ORTHOSTM006752	1	1.4461663212158538	-10.509026034066517
ORTHOSTM006756	1	1.4461663212158538	-10.509026034066517
ORTHOSTM006760	1	1.4461663212158538	-10.509026034066517
ORTHOSTM006761	1	1.4461663212158538	-10.509026034066517
ORTHOSTM006765	1	1.4461663212158538	-10.509026034066517
ORTHOSTM006766	1	1.4461663212158538	-10.509026034066517
ORTHOSTM006767	1	1.4461663212158538	-10.509026034066517
ORTHOSTM005551	1	1.4472141746097666	-10.69528382007057
ORTHOSTM002787	1	1.447603530963942	-10.271382110446886
ORTHOSTM003115	1	1.447603530963942	-10.271382110446886
ORTHOSTM004061	1	1.447603530963942	-10.271382110446886
ORTHOSTM004197	1	1.447603530963942	-10.271382110446886
ORTHOSTM004466	1	1.447603530963942	-10.271382110446886
ORTHOSTM004483	1	1.447603530963942	-10.271382110446886
ORTHOSTM004772	1	1.447603530963942	-10.271382110446886
ORTHOSTM004777	1	1.447603530963942	-10.271382110446886
ORTHOSTM004790	1	1.447603530963942	-10.271382110446886
ORTHOSTM004823	1	1.447603530963942	-10.271382110446886
ORTHOSTM004828	1	1.447603530963942	-10.271382110446886
ORTHOSTM004832	1	1.447603530963942	-10.271382110446886
ORTHOSTM004833	1	1.447603530963942	-10.271382110446886
ORTHOSTM004847	1	1.447603530963942	-10.271382110446886
ORTHOSTM004879	1	1.447603530963942	-10.271382110446886
ORTHOSTM004883	1	1.447603530963942	-10.271382110446886
ORTHOSTM004926	1	1.447603530963942	-10.271382110446886
ORTHOSTM004948	1	1.447603530963942	-10.271382110446886
ORTHOSTM004975	1	1.447603530963942	-10.271382110446886
ORTHOSTM005005	1	1.447603530963942	-10.271382110446886
ORTHOSTM005013	1	1.447603530963942	-10.271382110446886
ORTHOSTM005029	1	1.447603530963942	-10.271382110446886
ORTHOSTM005030	1	1.447603530963942	-10.271382110446886
ORTHOSTM005044	1	1.447603530963942	-10.271382110446886
ORTHOSTM005052	1	1.447603530963942	-10.271382110446886
ORTHOSTM005085	1	1.447603530963942	-10.271382110446886
ORTHOSTM005126	1	1.447603530963942	-10.271382110446886
ORTHOSTM005141	1	1.447603530963942	-10.271382110446886
ORTHOSTM005146	1	1.447603530963942	-10.271382110446886
ORTHOSTM005161	1	1.447603530963942	-10.271382110446886
ORTHOSTM005166	1	1.447603530963942	-10.271382110446886
ORTHOSTM005173	1	1.447603530963942	-10.271382110446886
ORTHOSTM005174	1	1.447603530963942	-10.271382110446886
ORTHOSTM005176	1	1.447603530963942	-10.271382110446886
ORTHOSTM005178	1	1.447603530963942	-10.271382110446886
ORTHOSTM005184	1	1.447603530963942	-10.271382110446886
ORTHOSTM005185	1	1.447603530963942	-10.271382110446886
ORTHOSTM005191	1	1.447603530963942	-10.271382110446886
ORTHOSTM005214	1	1.447603530963942	-10.271382110446886
ORTHOSTM005223	1	1.447603530963942	-10.271382110446886
ORTHOSTM005226	1	1.447603530963942	-10.271382110446886
ORTHOSTM005251	1	1.447603530963942	-10.271382110446886
ORTHOSTM005263	1	1.447603530963942	-10.271382110446886
ORTHOSTM005269	1	1.447603530963942	-10.271382110446886
ORTHOSTM005298	1	1.447603530963942	-10.271382110446886
ORTHOSTM005311	1	1.447603530963942	-10.271382110446886
ORTHOSTM005353	1	1.447603530963942	-10.271382110446886
ORTHOSTM005361	1	1.447603530963942	-10.271382110446886
ORTHOSTM005365	1	1.447603530963942	-10.271382110446886
ORTHOSTM005436	1	1.447603530963942	-10.271382110446886
ORTHOSTM005558	1	1.447603530963942	-10.271382110446886
ORTHOSTM005559	1	1.447603530963942	-10.271382110446886
ORTHOSTM005574	1	1.447603530963942	-10.271382110446886
ORTHOSTM005852	1	1.447603530963942	-10.271382110446886
ORTHOSTM005858	1	1.447603530963942	-10.271382110446886
ORTHOSTM005859	1	1.447603530963942	-10.271382110446886
ORTHOSTM005876	1	1.447603530963942	-10.271382110446886
ORTHOSTM005879	1	1.447603530963942	-10.271382110446886
ORTHOSTM005888	1	1.447603530963942	-10.271382110446886
ORTHOSTM005889	1	1.447603530963942	-10.271382110446886
ORTHOSTM005890	1	1.447603530963942	-10.271382110446886
ORTHOSTM005895	1	1.447603530963942	-10.271382110446886
ORTHOSTM005896	1	1.447603530963942	-10.271382110446886
ORTHOSTM005897	1	1.447603530963942	-10.271382110446886
ORTHOSTM005899	1	1.447603530963942	-10.271382110446886
ORTHOSTM005904	1	1.447603530963942	-10.271382110446886
ORTHOSTM005906	1	1.447603530963942	-10.271382110446886
ORTHOSTM005910	1	1.447603530963942	-10.271382110446886
ORTHOSTM005913	1	1.447603530963942	-10.271382110446886
ORTHOSTM005919	1	1.447603530963942	-10.271382110446886
ORTHOSTM005924	1	1.447603530963942	-10.271382110446886
ORTHOSTM005926	1	1.447603530963942	-10.271382110446886
ORTHOSTM005929	1	1.447603530963942	-10.271382110446886
ORTHOSTM005933	1	1.447603530963942	-10.271382110446886
ORTHOSTM005935	1	1.447603530963942	-10.271382110446886
ORTHOSTM005947	1	1.447603530963942	-10.271382110446886
ORTHOSTM005949	1	1.447603530963942	-10.271382110446886
ORTHOSTM005953	1	1.447603530963942	-10.271382110446886
ORTHOSTM005956	1	1.447603530963942	-10.271382110446886
ORTHOSTM005957	1	1.447603530963942	-10.271382110446886
ORTHOSTM005960	1	1.447603530963942	-10.271382110446886
ORTHOSTM005963	1	1.447603530963942	-10.271382110446886
ORTHOSTM005970	1	1.447603530963942	-10.271382110446886
ORTHOSTM005981	1	1.447603530963942	-10.271382110446886
ORTHOSTM005985	1	1.447603530963942	-10.271382110446886
ORTHOSTM005992	1	1.447603530963942	-10.271382110446886
ORTHOSTM005997	1	1.447603530963942	-10.271382110446886
ORTHOSTM006005	1	1.447603530963942	-10.271382110446886
ORTHOSTM006007	1	1.447603530963942	-10.271382110446886
ORTHOSTM006015	1	1.447603530963942	-10.271382110446886
ORTHOSTM006016	1	1.447603530963942	-10.271382110446886
ORTHOSTM006017	1	1.447603530963942	-10.271382110446886
ORTHOSTM006030	1	1.447603530963942	-10.271382110446886
ORTHOSTM006032	1	1.447603530963942	-10.271382110446886
ORTHOSTM006038	1	1.447603530963942	-10.271382110446886
ORTHOSTM006039	1	1.447603530963942	-10.271382110446886
ORTHOSTM006043	1	1.447603530963942	-10.271382110446886
ORTHOSTM006044	1	1.447603530963942	-10.271382110446886
ORTHOSTM006047	1	1.447603530963942	-10.271382110446886
ORTHOSTM006049	1	1.447603530963942	-10.271382110446886
ORTHOSTM006050	1	1.447603530963942	-10.271382110446886
ORTHOSTM006054	1	1.447603530963942	-10.271382110446886
ORTHOSTM006059	1	1.447603530963942	-10.271382110446886
ORTHOSTM006061	1	1.447603530963942	-10.271382110446886
ORTHOSTM006066	1	1.447603530963942	-10.271382110446886
ORTHOSTM006067	1	1.447603530963942	-10.271382110446886
ORTHOSTM006071	1	1.447603530963942	-10.271382110446886
ORTHOSTM006072	1	1.447603530963942	-10.271382110446886
ORTHOSTM006073	1	1.447603530963942	-10.271382110446886
ORTHOSTM006077	1	1.447603530963942	-10.271382110446886
ORTHOSTM006081	1	1.447603530963942	-10.271382110446886
ORTHOSTM006082	1	1.447603530963942	-10.271382110446886
ORTHOSTM006086	1	1.447603530963942	-10.271382110446886
ORTHOSTM006087	1	1.447603530963942	-10.271382110446886
ORTHOSTM006089	1	1.447603530963942	-10.271382110446886
ORTHOSTM006090	1	1.447603530963942	-10.271382110446886
ORTHOSTM006092	1	1.447603530963942	-10.271382110446886
ORTHOSTM006094	1	1.447603530963942	-10.271382110446886
ORTHOSTM006100	1	1.447603530963942	-10.271382110446886
ORTHOSTM006105	1	1.447603530963942	-10.271382110446886
ORTHOSTM006107	1	1.447603530963942	-10.271382110446886
ORTHOSTM006109	1	1.447603530963942	-10.271382110446886
ORTHOSTM006119	1	1.447603530963942	-10.271382110446886
ORTHOSTM006125	1	1.447603530963942	-10.271382110446886
ORTHOSTM006127	1	1.447603530963942	-10.271382110446886
ORTHOSTM006130	1	1.447603530963942	-10.271382110446886
ORTHOSTM006133	1	1.447603530963942	-10.271382110446886
ORTHOSTM006134	1	1.447603530963942	-10.271382110446886
ORTHOSTM006136	1	1.447603530963942	-10.271382110446886
ORTHOSTM006137	1	1.447603530963942	-10.271382110446886
ORTHOSTM006139	1	1.447603530963942	-10.271382110446886
ORTHOSTM006142	1	1.447603530963942	-10.271382110446886
ORTHOSTM006143	1	1.447603530963942	-10.271382110446886
ORTHOSTM006145	1	1.447603530963942	-10.271382110446886
ORTHOSTM006146	1	1.447603530963942	-10.271382110446886
ORTHOSTM006147	1	1.447603530963942	-10.271382110446886
ORTHOSTM006148	1	1.447603530963942	-10.271382110446886
ORTHOSTM006149	1	1.447603530963942	-10.271382110446886
ORTHOSTM006160	1	1.447603530963942	-10.271382110446886
ORTHOSTM006166	1	1.447603530963942	-10.271382110446886
ORTHOSTM006167	1	1.447603530963942	-10.271382110446886
ORTHOSTM006168	1	1.447603530963942	-10.271382110446886
ORTHOSTM006169	1	1.447603530963942	-10.271382110446886
ORTHOSTM006174	1	1.447603530963942	-10.271382110446886
ORTHOSTM006175	1	1.447603530963942	-10.271382110446886
ORTHOSTM006178	1	1.447603530963942	-10.271382110446886
ORTHOSTM006179	1	1.447603530963942	-10.271382110446886
ORTHOSTM006189	1	1.447603530963942	-10.271382110446886
ORTHOSTM006194	1	1.447603530963942	-10.271382110446886
ORTHOSTM006196	1	1.447603530963942	-10.271382110446886
ORTHOSTM006197	1	1.447603530963942	-10.271382110446886
ORTHOSTM006198	1	1.447603530963942	-10.271382110446886
ORTHOSTM006205	1	1.447603530963942	-10.271382110446886
ORTHOSTM006206	1	1.447603530963942	-10.271382110446886
ORTHOSTM006207	1	1.447603530963942	-10.271382110446886
ORTHOSTM006208	1	1.447603530963942	-10.271382110446886
ORTHOSTM006209	1	1.447603530963942	-10.271382110446886
ORTHOSTM006213	1	1.447603530963942	-10.271382110446886
ORTHOSTM006214	1	1.447603530963942	-10.271382110446886
ORTHOSTM006215	1	1.447603530963942	-10.271382110446886
ORTHOSTM006216	1	1.447603530963942	-10.271382110446886
ORTHOSTM006219	1	1.447603530963942	-10.271382110446886
ORTHOSTM006224	1	1.447603530963942	-10.271382110446886
ORTHOSTM006227	1	1.447603530963942	-10.271382110446886
ORTHOSTM006231	1	1.447603530963942	-10.271382110446886
ORTHOSTM006232	1	1.447603530963942	-10.271382110446886
ORTHOSTM006233	1	1.447603530963942	-10.271382110446886
ORTHOSTM006236	1	1.447603530963942	-10.271382110446886
ORTHOSTM006238	1	1.447603530963942	-10.271382110446886
ORTHOSTM006242	1	1.447603530963942	-10.271382110446886
ORTHOSTM006249	1	1.447603530963942	-10.271382110446886
ORTHOSTM006250	1	1.447603530963942	-10.271382110446886
ORTHOSTM006258	1	1.447603530963942	-10.271382110446886
ORTHOSTM006264	1	1.447603530963942	-10.271382110446886
ORTHOSTM006269	1	1.447603530963942	-10.271382110446886
ORTHOSTM006271	1	1.447603530963942	-10.271382110446886
ORTHOSTM006274	1	1.447603530963942	-10.271382110446886
ORTHOSTM006275	1	1.447603530963942	-10.271382110446886
ORTHOSTM006281	1	1.447603530963942	-10.271382110446886
ORTHOSTM006284	1	1.447603530963942	-10.271382110446886
ORTHOSTM006289	1	1.447603530963942	-10.271382110446886
ORTHOSTM006293	1	1.447603530963942	-10.271382110446886
ORTHOSTM006294	1	1.447603530963942	-10.271382110446886
ORTHOSTM006301	1	1.447603530963942	-10.271382110446886
ORTHOSTM006302	1	1.447603530963942	-10.271382110446886
ORTHOSTM006304	1	1.447603530963942	-10.271382110446886
ORTHOSTM006307	1	1.447603530963942	-10.271382110446886
ORTHOSTM006308	1	1.447603530963942	-10.271382110446886
ORTHOSTM006312	1	1.447603530963942	-10.271382110446886
ORTHOSTM006314	1	1.447603530963942	-10.271382110446886
ORTHOSTM006315	1	1.447603530963942	-10.271382110446886
ORTHOSTM006316	1	1.447603530963942	-10.271382110446886
ORTHOSTM006326	1	1.447603530963942	-10.271382110446886
ORTHOSTM006329	1	1.447603530963942	-10.271382110446886
ORTHOSTM006331	1	1.447603530963942	-10.271382110446886
ORTHOSTM006332	1	1.447603530963942	-10.271382110446886
ORTHOSTM006334	1	1.447603530963942	-10.271382110446886
ORTHOSTM006339	1	1.447603530963942	-10.271382110446886
ORTHOSTM006340	1	1.447603530963942	-10.271382110446886
ORTHOSTM006344	1	1.447603530963942	-10.271382110446886
ORTHOSTM006348	1	1.447603530963942	-10.271382110446886
ORTHOSTM006354	1	1.447603530963942	-10.271382110446886
ORTHOSTM006355	1	1.447603530963942	-10.271382110446886
ORTHOSTM006358	1	1.447603530963942	-10.271382110446886
ORTHOSTM006360	1	1.447603530963942	-10.271382110446886
ORTHOSTM006361	1	1.447603530963942	-10.271382110446886
ORTHOSTM006365	1	1.447603530963942	-10.271382110446886
ORTHOSTM006370	1	1.447603530963942	-10.271382110446886
ORTHOSTM006377	1	1.447603530963942	-10.271382110446886
ORTHOSTM006378	1	1.447603530963942	-10.271382110446886
ORTHOSTM006383	1	1.447603530963942	-10.271382110446886
ORTHOSTM006386	1	1.447603530963942	-10.271382110446886
ORTHOSTM006388	1	1.447603530963942	-10.271382110446886
ORTHOSTM006389	1	1.447603530963942	-10.271382110446886
ORTHOSTM006391	1	1.447603530963942	-10.271382110446886
ORTHOSTM006394	1	1.447603530963942	-10.271382110446886
ORTHOSTM006395	1	1.447603530963942	-10.271382110446886
ORTHOSTM006398	1	1.447603530963942	-10.271382110446886
ORTHOSTM006401	1	1.447603530963942	-10.271382110446886
ORTHOSTM006410	1	1.447603530963942	-10.271382110446886
ORTHOSTM006413	1	1.447603530963942	-10.271382110446886
ORTHOSTM006416	1	1.447603530963942	-10.271382110446886
ORTHOSTM006422	1	1.447603530963942	-10.271382110446886
ORTHOSTM006424	1	1.447603530963942	-10.271382110446886
ORTHOSTM006425	1	1.447603530963942	-10.271382110446886
ORTHOSTM006427	1	1.447603530963942	-10.271382110446886
ORTHOSTM006434	1	1.447603530963942	-10.271382110446886
ORTHOSTM006706	1	1.447603530963942	-10.271382110446886
ORTHOSTM006707	1	1.447603530963942	-10.271382110446886
ORTHOSTM006720	1	1.447603530963942	-10.271382110446886
ORTHOSTM006726	1	1.447603530963942	-10.271382110446886
ORTHOSTM006733	1	1.447603530963942	-10.271382110446886
ORTHOSTM006736	1	1.447603530963942	-10.271382110446886
ORTHOSTM006737	1	1.447603530963942	-10.271382110446886
ORTHOSTM006740	1	1.447603530963942	-10.271382110446886
ORTHOSTM006741	1	1.447603530963942	-10.271382110446886
ORTHOSTM006751	1	1.447603530963942	-10.271382110446886
ORTHOSTM006763	1	1.447603530963942	-10.271382110446886
ORTHOSTM006764	1	1.447603530963942	-10.271382110446886
ORTHOSTM006769	1	1.447603530963942	-10.271382110446886
ORTHOSTM006772	1	1.447603530963942	-10.271382110446886
ORTHOSTM006773	1	1.447603530963942	-10.271382110446886
ORTHOSTM003439	1	1.4485272297427807	-10.647902424251535
ORTHOSTM001705	1	1.4485883990358632	-10.789052513314026
ORTHOSTM001297	1	1.4485890002382762	-10.66990065761329
ORTHOSTM000040	1	1.450013596071314	-14.417150609647976
ORTHOSTM000011	3	1.450062981587349	-18.249971081280457
ORTHOSTM000234	1	1.450134268969714	-11.762155705578136
ORTHOSTM000349	1	1.4501778358467496	-11.621802024558736
ORTHOSTM000021	3	1.4502135264341818	-17.97714946617433
ORTHOSTM000004	5	1.4502301739525447	-21.73414525254062
ORTHOSTM000032	1	1.450269857206595	-14.986243334522136
ORTHOSTM000206	1	1.4502972347654346	-12.14164862748847
ORTHOSTM000057	2	1.4503192156784517	-14.791888599789834
ORTHOSTM000079	1	1.4503906485815212	-15.369197369839885
ORTHOSTM000020	2	1.4503952149828028	-21.29326238161971
ORTHOSTM000243	1	1.45040772489495	-12.598482961395373
ORTHOSTM000132	2	1.4504112711307515	-14.05988204278407
ORTHOSTM000099	1	1.450414449212865	-15.623344617832437
ORTHOSTM000120	1	1.4504174097396036	-13.348955580128228
ORTHOSTM000413	1	1.450423496268433	-11.418086696864734
ORTHOSTM001362	1	1.4504306271407568	-11.132240829044234
ORTHOSTM000544	1	1.4504313816175003	-11.60161904361082
ORTHOSTM000577	1	1.4504328676082812	-11.396654607517062
ORTHOSTM000288	1	1.4504524531772962	-11.914646468362262
ORTHOSTM000319	1	1.4504555464144553	-12.148625023706348
ORTHOSTM001650	1	1.4504598786935037	-10.876169058431055
ORTHOSTM001217	1	1.4504845418227683	-11.180366392895795
ORTHOSTM002180	1	1.4504845418227683	-11.180366392895795
ORTHOSTM000014	2	1.4504950877079212	-23.79111929058707
ORTHOSTM004310	1	1.4504974133866595	-10.863928711552681
ORTHOSTM000815	1	1.4505059026877447	-11.149366573704892
ORTHOSTM003431	1	1.4505117830044092	-11.126827639411166
ORTHOSTM003241	1	1.4505165353940606	-10.705993964834391
ORTHOSTM003298	1	1.4505165353940606	-10.705993964834391
ORTHOSTM003814	1	1.4505165353940606	-10.705993964834391
ORTHOSTM003888	1	1.4505165353940606	-10.705993964834391
ORTHOSTM003942	1	1.4505165353940606	-10.705993964834391
ORTHOSTM004064	1	1.4505165353940606	-10.705993964834391
ORTHOSTM000171	1	1.450517615137608	-13.184230754528617
ORTHOSTM000007	1	1.4505212378936085	-21.741262519295173
ORTHOSTM001535	1	1.4505240592944004	-11.228254020425105
ORTHOSTM000025	3	1.4505269136976868	-22.424731688438033
ORTHOSTM000249	1	1.4505307618038084	-13.539444768456919
ORTHOSTM002448	1	1.4505383028912207	-11.215091757637083
ORTHOSTM002688	1	1.450539493645903	-11.037307565430396
ORTHOSTM002035	1	1.450540609179024	-10.812755253750398
ORTHOSTM001710	1	1.4505408586988682	-10.824500062202631
ORTHOSTM001558	1	1.4505409233395008	-10.951569939587753
ORTHOSTM004408	1	1.4505426128121681	-11.171776716238545
ORTHOSTM000831	1	1.4505429806178034	-11.184548852534512
ORTHOSTM004248	1	1.4505441616344303	-10.65659893635582
ORTHOSTM002519	1	1.4505458031484038	-10.633484237027606
ORTHOSTM000826	1	1.450545873273074	-11.452388615715611
ORTHOSTM001591	1	1.4505491428504318	-11.017275585324485
ORTHOSTM001479	1	1.4505493242401062	-10.826971897010413
ORTHOSTM001397	1	1.4505500070626942	-10.97990779858824
ORTHOSTM000633	1	1.4505506890176447	-11.554356707575614
ORTHOSTM004552	1	1.4505517160288501	-10.728118719349144
ORTHOSTM004615	1	1.4505517160288501	-10.728118719349144
ORTHOSTM004385	1	1.4505558918965191	-10.854575516317885
ORTHOSTM005418	1	1.4505558918965191	-10.854575516317885
ORTHOSTM004068	1	1.4505610165317642	-10.799825021601727
ORTHOSTM004303	1	1.4505622781893839	-10.722317344446951
ORTHOSTM005400	1	1.4505622781893839	-10.722317344446951
ORTHOSTM005403	1	1.4505622781893839	-10.722317344446951
ORTHOSTM005410	1	1.4505622781893839	-10.722317344446951
ORTHOSTM005414	1	1.4505622781893839	-10.722317344446951
ORTHOSTM005421	1	1.4505622781893839	-10.722317344446951
ORTHOSTM005422	1	1.4505622781893839	-10.722317344446951
ORTHOSTM001596	1	1.4505634338729783	-10.980224733478044
ORTHOSTM003371	1	1.4505654701830606	-11.326052190230593
ORTHOSTM003443	1	1.4505731658324705	-11.242374151557678
ORTHOSTM003449	1	1.4505734529300454	-10.953144094036517
ORTHOSTM003294	1	1.450574097274091	-10.48245637289018
ORTHOSTM003912	1	1.450574097274091	-10.48245637289018
ORTHOSTM005000	1	1.450574097274091	-10.48245637289018
ORTHOSTM005026	1	1.450574097274091	-10.48245637289018
ORTHOSTM005037	1	1.450574097274091	-10.48245637289018
ORTHOSTM005104	1	1.450574097274091	-10.48245637289018
ORTHOSTM005110	1	1.450574097274091	-10.48245637289018
ORTHOSTM005200	1	1.450574097274091	-10.48245637289018
ORTHOSTM005211	1	1.450574097274091	-10.48245637289018
ORTHOSTM005221	1	1.450574097274091	-10.48245637289018
ORTHOSTM005222	1	1.450574097274091	-10.48245637289018
ORTHOSTM005232	1	1.450574097274091	-10.48245637289018
ORTHOSTM005243	1	1.450574097274091	-10.48245637289018
ORTHOSTM005248	1	1.450574097274091	-10.48245637289018
ORTHOSTM005372	1	1.450574097274091	-10.48245637289018
ORTHOSTM005393	1	1.450574097274091	-10.48245637289018
ORTHOSTM005396	1	1.450574097274091	-10.48245637289018
ORTHOSTM002766	1	1.4505781661820891	-11.081342859997585
ORTHOSTM004359	1	1.450579678491839	-10.82094176812257
ORTHOSTM004430	1	1.450579678491839	-10.82094176812257
ORTHOSTM005458	1	1.450579678491839	-10.82094176812257
ORTHOSTM005505	1	1.450579678491839	-10.82094176812257
ORTHOSTM004429	1	1.4505803264568526	-10.800587538561741
ORTHOSTM005488	1	1.4505803264568526	-10.800587538561741
ORTHOSTM004399	1	1.450581122169878	-10.760887711054465
ORTHOSTM006669	1	1.450581122169878	-10.760887711054465
ORTHOSTM006676	1	1.450581122169878	-10.760887711054465
ORTHOSTM006679	1	1.450581122169878	-10.760887711054465
ORTHOSTM006680	1	1.450581122169878	-10.760887711054465
ORTHOSTM006723	1	1.450581122169878	-10.760887711054465
ORTHOSTM006739	1	1.450581122169878	-10.760887711054465
ORTHOSTM006768	1	1.450581122169878	-10.760887711054465
ORTHOSTM006775	1	1.450581122169878	-10.760887711054465
ORTHOSTM004406	1	1.4505816472777822	-11.044601226296257
ORTHOSTM001974	1	1.4505823207089743	-10.525117110454836
ORTHOSTM000174	1	1.4505856652097402	-13.30180925346932
ORTHOSTM002149	1	1.450586017641786	-11.287977315802399
ORTHOSTM004321	1	1.4505861424737827	-10.635862480971024
ORTHOSTM004462	1	1.4505861424737827	-10.635862480971024
ORTHOSTM005424	1	1.4505861424737827	-10.635862480971024
ORTHOSTM005544	1	1.4505861424737827	-10.635862480971024
ORTHOSTM006599	1	1.4505861424737827	-10.635862480971024
ORTHOSTM006600	1	1.4505861424737827	-10.635862480971024
ORTHOSTM006601	1	1.4505861424737827	-10.635862480971024
ORTHOSTM006602	1	1.4505861424737827	-10.635862480971024
ORTHOSTM006606	1	1.4505861424737827	-10.635862480971024
ORTHOSTM006607	1	1.4505861424737827	-10.635862480971024
ORTHOSTM006608	1	1.4505861424737827	-10.635862480971024
ORTHOSTM006611	1	1.4505861424737827	-10.635862480971024
ORTHOSTM006615	1	1.4505861424737827	-10.635862480971024
ORTHOSTM006617	1	1.4505861424737827	-10.635862480971024
ORTHOSTM006618	1	1.4505861424737827	-10.635862480971024
ORTHOSTM006620	1	1.4505861424737827	-10.635862480971024
ORTHOSTM006621	1	1.4505861424737827	-10.635862480971024
ORTHOSTM006624	1	1.4505861424737827	-10.635862480971024
ORTHOSTM006627	1	1.4505861424737827	-10.635862480971024
ORTHOSTM006628	1	1.4505861424737827	-10.635862480971024
ORTHOSTM006632	1	1.4505861424737827	-10.635862480971024
ORTHOSTM006634	1	1.4505861424737827	-10.635862480971024
ORTHOSTM006635	1	1.4505861424737827	-10.635862480971024
ORTHOSTM006638	1	1.4505861424737827	-10.635862480971024
ORTHOSTM006640	1	1.4505861424737827	-10.635862480971024
ORTHOSTM006641	1	1.4505861424737827	-10.635862480971024
ORTHOSTM006642	1	1.4505861424737827	-10.635862480971024
ORTHOSTM006643	1	1.4505861424737827	-10.635862480971024
ORTHOSTM006644	1	1.4505861424737827	-10.635862480971024
ORTHOSTM006645	1	1.4505861424737827	-10.635862480971024
ORTHOSTM006647	1	1.4505861424737827	-10.635862480971024
ORTHOSTM006648	1	1.4505861424737827	-10.635862480971024
ORTHOSTM006649	1	1.4505861424737827	-10.635862480971024
ORTHOSTM006652	1	1.4505861424737827	-10.635862480971024
ORTHOSTM006653	1	1.4505861424737827	-10.635862480971024
ORTHOSTM006654	1	1.4505861424737827	-10.635862480971024
ORTHOSTM006656	1	1.4505861424737827	-10.635862480971024
ORTHOSTM006657	1	1.4505861424737827	-10.635862480971024
ORTHOSTM006658	1	1.4505861424737827	-10.635862480971024
ORTHOSTM006659	1	1.4505861424737827	-10.635862480971024
ORTHOSTM006661	1	1.4505861424737827	-10.635862480971024
ORTHOSTM006662	1	1.4505861424737827	-10.635862480971024
ORTHOSTM006704	1	1.4505861424737827	-10.635862480971024
ORTHOSTM006713	1	1.4505861424737827	-10.635862480971024
ORTHOSTM006721	1	1.4505861424737827	-10.635862480971024
ORTHOSTM002761	1	1.450587320713173	-10.961343551790572
ORTHOSTM003861	1	1.450589679249848	-10.764067419559002
ORTHOSTM004383	1	1.4505901253735582	-10.914167838075441
ORTHOSTM002735	1	1.4505910197997174	-10.588837053639333
ORTHOSTM002750	1	1.4505910197997174	-10.588837053639333
ORTHOSTM003497	1	1.4505910197997174	-10.588837053639333
ORTHOSTM004212	1	1.4505910197997174	-10.588837053639333
ORTHOSTM004897	1	1.4505910197997174	-10.588837053639333
ORTHOSTM005086	1	1.4505910197997174	-10.588837053639333
ORTHOSTM003412	1	1.4505923761160198	-10.50354018711782
ORTHOSTM004471	1	1.4505923761160198	-10.50354018711782
ORTHOSTM005430	1	1.4505923761160198	-10.50354018711782
ORTHOSTM005440	1	1.4505923761160198	-10.50354018711782
ORTHOSTM005443	1	1.4505923761160198	-10.50354018711782
ORTHOSTM005474	1	1.4505923761160198	-10.50354018711782
ORTHOSTM005476	1	1.4505923761160198	-10.50354018711782
ORTHOSTM005491	1	1.4505923761160198	-10.50354018711782
ORTHOSTM005512	1	1.4505923761160198	-10.50354018711782
ORTHOSTM005513	1	1.4505923761160198	-10.50354018711782
ORTHOSTM005519	1	1.4505923761160198	-10.50354018711782
ORTHOSTM005523	1	1.4505923761160198	-10.50354018711782
ORTHOSTM006499	1	1.4505923761160198	-10.50354018711782
ORTHOSTM006502	1	1.4505923761160198	-10.50354018711782
ORTHOSTM006513	1	1.4505923761160198	-10.50354018711782
ORTHOSTM006515	1	1.4505923761160198	-10.50354018711782
ORTHOSTM006516	1	1.4505923761160198	-10.50354018711782
ORTHOSTM006517	1	1.4505923761160198	-10.50354018711782
ORTHOSTM006518	1	1.4505923761160198	-10.50354018711782
ORTHOSTM006521	1	1.4505923761160198	-10.50354018711782
ORTHOSTM006523	1	1.4505923761160198	-10.50354018711782
ORTHOSTM006526	1	1.4505923761160198	-10.50354018711782
ORTHOSTM006528	1	1.4505923761160198	-10.50354018711782
ORTHOSTM006530	1	1.4505923761160198	-10.50354018711782
ORTHOSTM006535	1	1.4505923761160198	-10.50354018711782
ORTHOSTM006536	1	1.4505923761160198	-10.50354018711782
ORTHOSTM006538	1	1.4505923761160198	-10.50354018711782
ORTHOSTM006543	1	1.4505923761160198	-10.50354018711782
ORTHOSTM006546	1	1.4505923761160198	-10.50354018711782
ORTHOSTM006550	1	1.4505923761160198	-10.50354018711782
ORTHOSTM006555	1	1.4505923761160198	-10.50354018711782
ORTHOSTM006561	1	1.4505923761160198	-10.50354018711782
ORTHOSTM006564	1	1.4505923761160198	-10.50354018711782
ORTHOSTM006568	1	1.4505923761160198	-10.50354018711782
ORTHOSTM006574	1	1.4505923761160198	-10.50354018711782
ORTHOSTM006575	1	1.4505923761160198	-10.50354018711782
ORTHOSTM006577	1	1.4505923761160198	-10.50354018711782
ORTHOSTM006580	1	1.4505923761160198	-10.50354018711782
ORTHOSTM006581	1	1.4505923761160198	-10.50354018711782
ORTHOSTM006582	1	1.4505923761160198	-10.50354018711782
ORTHOSTM006583	1	1.4505923761160198	-10.50354018711782
ORTHOSTM006585	1	1.4505923761160198	-10.50354018711782
ORTHOSTM006586	1	1.4505923761160198	-10.50354018711782
ORTHOSTM006587	1	1.4505923761160198	-10.50354018711782
ORTHOSTM006589	1	1.4505923761160198	-10.50354018711782
ORTHOSTM006590	1	1.4505923761160198	-10.50354018711782
ORTHOSTM006592	1	1.4505923761160198	-10.50354018711782
ORTHOSTM006593	1	1.4505923761160198	-10.50354018711782
ORTHOSTM006594	1	1.4505923761160198	-10.50354018711782
ORTHOSTM006714	1	1.4505923761160198	-10.50354018711782
ORTHOSTM006717	1	1.4505923761160198	-10.50354018711782
ORTHOSTM006729	1	1.4505923761160198	-10.50354018711782
ORTHOSTM006734	1	1.4505923761160198	-10.50354018711782
ORTHOSTM006745	1	1.4505923761160198	-10.50354018711782
ORTHOSTM006755	1	1.4505923761160198	-10.50354018711782
ORTHOSTM006759	1	1.4505923761160198	-10.50354018711782
ORTHOSTM006774	1	1.4505923761160198	-10.50354018711782
ORTHOSTM001690	1	1.450594181080663	-10.94302500651796
ORTHOSTM005556	1	1.450596235886293	-10.988162853099903
ORTHOSTM006684	1	1.450596235886293	-10.988162853099903
ORTHOSTM000166	1	1.4505963078058606	-15.268429671535424
ORTHOSTM003183	1	1.4505987592223284	-10.643973579239944
ORTHOSTM003984	1	1.4505987592223284	-10.643973579239944
ORTHOSTM004216	1	1.4505987592223284	-10.643973579239944
ORTHOSTM004796	1	1.4505987592223284	-10.643973579239944
ORTHOSTM005017	1	1.4505987592223284	-10.643973579239944
ORTHOSTM005031	1	1.4505987592223284	-10.643973579239944
ORTHOSTM005227	1	1.4505987592223284	-10.643973579239944
ORTHOSTM005261	1	1.4505987592223284	-10.643973579239944
ORTHOSTM005274	1	1.4505987592223284	-10.643973579239944
ORTHOSTM005380	1	1.4505987592223284	-10.643973579239944
ORTHOSTM001675	1	1.4506008632523077	-10.530511632951875
ORTHOSTM002553	1	1.4506008632523077	-10.530511632951875
ORTHOSTM003790	1	1.450605251368755	-10.949005207363347
ORTHOSTM003478	1	1.4506055909756845	-11.252615888989563
ORTHOSTM002777	1	1.450614871340037	-10.941352864140658
ORTHOSTM004336	1	1.450614871340037	-10.941352864140658
ORTHOSTM002696	1	1.4506170453108937	-11.160294910427488
ORTHOSTM003329	1	1.450617133301806	-10.588713134019747
ORTHOSTM002449	1	1.4506172893292835	-10.61661447696331
ORTHOSTM003787	1	1.4506242567516838	-10.703024967438568
ORTHOSTM004379	1	1.450626383270101	-10.844880161613647
ORTHOSTM004297	1	1.4506264014681622	-11.191753468207375
ORTHOSTM005412	1	1.4506264014681622	-11.191753468207375
ORTHOSTM006435	1	1.4506264014681622	-11.191753468207375
ORTHOSTM006440	1	1.4506264014681622	-11.191753468207375
ORTHOSTM006444	1	1.4506264014681622	-11.191753468207375
ORTHOSTM006446	1	1.4506264014681622	-11.191753468207375
ORTHOSTM006452	1	1.4506264014681622	-11.191753468207375
ORTHOSTM006453	1	1.4506264014681622	-11.191753468207375
ORTHOSTM006454	1	1.4506264014681622	-11.191753468207375
ORTHOSTM006461	1	1.4506264014681622	-11.191753468207375
ORTHOSTM006466	1	1.4506264014681622	-11.191753468207375
ORTHOSTM006474	1	1.4506264014681622	-11.191753468207375
ORTHOSTM006476	1	1.4506264014681622	-11.191753468207375
ORTHOSTM006708	1	1.4506264014681622	-11.191753468207375
ORTHOSTM006746	1	1.4506264014681622	-11.191753468207375
ORTHOSTM006754	1	1.4506264014681622	-11.191753468207375
ORTHOSTM003374	1	1.4506264750024	-10.809005369246153
ORTHOSTM002909	1	1.4506279161013833	-10.55770863440972
ORTHOSTM004594	1	1.4506307280803068	-10.733840399686727
ORTHOSTM004638	1	1.4506307280803068	-10.733840399686727
ORTHOSTM000334	1	1.4506318672837082	-11.971731379918248
ORTHOSTM005399	1	1.4506338501621332	-11.478589627013257
ORTHOSTM005420	1	1.4506338501621332	-11.478589627013257
ORTHOSTM003786	1	1.4506346331458837	-10.858481048955754
ORTHOSTM005536	1	1.4506346331458837	-10.858481048955754
ORTHOSTM005572	1	1.4506346331458837	-10.858481048955754
ORTHOSTM000359	1	1.4506367448457886	-12.475959648866295
ORTHOSTM001977	1	1.4506369653944644	-10.374234240580831
ORTHOSTM002531	1	1.45063743312618	-10.596447890549566
ORTHOSTM000592	1	1.4506384823118588	-12.390016192288568
ORTHOSTM000154	1	1.4506396166784639	-14.039871009580692
ORTHOSTM003481	1	1.4506408235006685	-11.29011916295335
ORTHOSTM005582	1	1.4506408235006685	-11.29011916295335
ORTHOSTM006712	1	1.4506408235006685	-11.29011916295335
ORTHOSTM006728	1	1.4506408235006685	-11.29011916295335
ORTHOSTM003799	1	1.4506421683389712	-10.86457815282441
ORTHOSTM002612	1	1.450642263220552	-10.359865523691166
ORTHOSTM003236	1	1.4506427154581427	-10.429477660714902
ORTHOSTM002142	1	1.4506449916884547	-12.322464223412723
ORTHOSTM000971	1	1.4506454914309967	-12.33215318771815
ORTHOSTM003029	1	1.4506469094465952	-10.300544242748503
ORTHOSTM001471	1	1.4506477820646086	-10.311767231695242
ORTHOSTM003073	1	1.4506477820646086	-10.311767231695242
ORTHOSTM003074	1	1.4506477820646086	-10.311767231695242
ORTHOSTM003181	1	1.4506477820646086	-10.311767231695242
ORTHOSTM003229	1	1.4506477820646086	-10.311767231695242
ORTHOSTM003781	1	1.450648355808775	-10.496024902063331
ORTHOSTM004252	1	1.450648355808775	-10.496024902063331
ORTHOSTM004741	1	1.450648355808775	-10.496024902063331
ORTHOSTM004843	1	1.450648355808775	-10.496024902063331
ORTHOSTM005250	1	1.450648355808775	-10.496024902063331
ORTHOSTM005272	1	1.450648355808775	-10.496024902063331
ORTHOSTM005384	1	1.450648355808775	-10.496024902063331
ORTHOSTM002338	1	1.45064991522208	-10.837544798329489
ORTHOSTM002698	1	1.4506512880607345	-10.972665468147792
ORTHOSTM004469	1	1.4506512880607345	-10.972665468147792
ORTHOSTM004481	1	1.4506512880607345	-10.972665468147792
ORTHOSTM005439	1	1.4506512880607345	-10.972665468147792
ORTHOSTM005441	1	1.4506512880607345	-10.972665468147792
ORTHOSTM005547	1	1.4506512880607345	-10.972665468147792
ORTHOSTM005576	1	1.4506512880607345	-10.972665468147792
ORTHOSTM005579	1	1.4506512880607345	-10.972665468147792
ORTHOSTM005648	1	1.4506512880607345	-10.972665468147792
ORTHOSTM005656	1	1.4506512880607345	-10.972665468147792
ORTHOSTM006481	1	1.4506512880607345	-10.972665468147792
ORTHOSTM006485	1	1.4506512880607345	-10.972665468147792
ORTHOSTM006487	1	1.4506512880607345	-10.972665468147792
ORTHOSTM006667	1	1.4506512880607345	-10.972665468147792
ORTHOSTM006668	1	1.4506512880607345	-10.972665468147792
ORTHOSTM006690	1	1.4506512880607345	-10.972665468147792
ORTHOSTM006691	1	1.4506512880607345	-10.972665468147792
ORTHOSTM006692	1	1.4506512880607345	-10.972665468147792
ORTHOSTM006695	1	1.4506512880607345	-10.972665468147792
ORTHOSTM006696	1	1.4506512880607345	-10.972665468147792
ORTHOSTM006710	1	1.4506512880607345	-10.972665468147792
ORTHOSTM006719	1	1.4506512880607345	-10.972665468147792
ORTHOSTM006722	1	1.4506512880607345	-10.972665468147792
ORTHOSTM006731	1	1.4506512880607345	-10.972665468147792
ORTHOSTM006735	1	1.4506512880607345	-10.972665468147792
ORTHOSTM006747	1	1.4506512880607345	-10.972665468147792
ORTHOSTM006750	1	1.4506512880607345	-10.972665468147792
ORTHOSTM006757	1	1.4506512880607345	-10.972665468147792
ORTHOSTM006758	1	1.4506512880607345	-10.972665468147792
ORTHOSTM006762	1	1.4506512880607345	-10.972665468147792
ORTHOSTM006770	1	1.4506512880607345	-10.972665468147792
ORTHOSTM006771	1	1.4506512880607345	-10.972665468147792
ORTHOSTM006776	1	1.4506512880607345	-10.972665468147792
ORTHOSTM006778	1	1.4506512880607345	-10.972665468147792
ORTHOSTM006838	1	1.4506512880607345	-10.972665468147792
ORTHOSTM007704	1	1.4506512880607345	-10.972665468147792
ORTHOSTM007735	1	1.4506512880607345	-10.972665468147792
ORTHOSTM007738	1	1.4506512880607345	-10.972665468147792
ORTHOSTM007739	1	1.4506512880607345	-10.972665468147792
ORTHOSTM007740	1	1.4506512880607345	-10.972665468147792
ORTHOSTM007741	1	1.4506512880607345	-10.972665468147792
ORTHOSTM007742	1	1.4506512880607345	-10.972665468147792
ORTHOSTM007743	1	1.4506512880607345	-10.972665468147792
ORTHOSTM007745	1	1.4506512880607345	-10.972665468147792
ORTHOSTM007747	1	1.4506512880607345	-10.972665468147792
ORTHOSTM007748	1	1.4506512880607345	-10.972665468147792
ORTHOSTM007749	1	1.4506512880607345	-10.972665468147792
ORTHOSTM007752	1	1.4506512880607345	-10.972665468147792
ORTHOSTM007753	1	1.4506512880607345	-10.972665468147792
ORTHOSTM007755	1	1.4506512880607345	-10.972665468147792
ORTHOSTM007756	1	1.4506512880607345	-10.972665468147792
ORTHOSTM007757	1	1.4506512880607345	-10.972665468147792
ORTHOSTM007759	1	1.4506512880607345	-10.972665468147792
ORTHOSTM007760	1	1.4506512880607345	-10.972665468147792
ORTHOSTM007761	1	1.4506512880607345	-10.972665468147792
ORTHOSTM007762	1	1.4506512880607345	-10.972665468147792
ORTHOSTM007763	1	1.4506512880607345	-10.972665468147792
ORTHOSTM007765	1	1.4506512880607345	-10.972665468147792
ORTHOSTM007767	1	1.4506512880607345	-10.972665468147792
ORTHOSTM007768	1	1.4506512880607345	-10.972665468147792
ORTHOSTM007769	1	1.4506512880607345	-10.972665468147792
ORTHOSTM007770	1	1.4506512880607345	-10.972665468147792
ORTHOSTM007771	1	1.4506512880607345	-10.972665468147792
ORTHOSTM007772	1	1.4506512880607345	-10.972665468147792
ORTHOSTM007773	1	1.4506512880607345	-10.972665468147792
ORTHOSTM007774	1	1.4506512880607345	-10.972665468147792
ORTHOSTM007775	1	1.4506512880607345	-10.972665468147792
ORTHOSTM007777	1	1.4506512880607345	-10.972665468147792
ORTHOSTM007778	1	1.4506512880607345	-10.972665468147792
ORTHOSTM007779	1	1.4506512880607345	-10.972665468147792
ORTHOSTM007780	1	1.4506512880607345	-10.972665468147792
ORTHOSTM007782	1	1.4506512880607345	-10.972665468147792
ORTHOSTM007784	1	1.4506512880607345	-10.972665468147792
ORTHOSTM007785	1	1.4506512880607345	-10.972665468147792
ORTHOSTM007786	1	1.4506512880607345	-10.972665468147792
ORTHOSTM007788	1	1.4506512880607345	-10.972665468147792
ORTHOSTM007789	1	1.4506512880607345	-10.972665468147792
ORTHOSTM007790	1	1.4506512880607345	-10.972665468147792
ORTHOSTM007791	1	1.4506512880607345	-10.972665468147792
ORTHOSTM007792	1	1.4506512880607345	-10.972665468147792
ORTHOSTM007794	1	1.4506512880607345	-10.972665468147792
ORTHOSTM007795	1	1.4506512880607345	-10.972665468147792
ORTHOSTM007796	1	1.4506512880607345	-10.972665468147792
ORTHOSTM007798	1	1.4506512880607345	-10.972665468147792
ORTHOSTM007799	1	1.4506512880607345	-10.972665468147792
ORTHOSTM007800	1	1.4506512880607345	-10.972665468147792
ORTHOSTM007801	1	1.4506512880607345	-10.972665468147792
ORTHOSTM007802	1	1.4506512880607345	-10.972665468147792
ORTHOSTM007803	1	1.4506512880607345	-10.972665468147792
ORTHOSTM007805	1	1.4506512880607345	-10.972665468147792
ORTHOSTM007806	1	1.4506512880607345	-10.972665468147792
ORTHOSTM007807	1	1.4506512880607345	-10.972665468147792
ORTHOSTM007808	1	1.4506512880607345	-10.972665468147792
ORTHOSTM007809	1	1.4506512880607345	-10.972665468147792
ORTHOSTM007811	1	1.4506512880607345	-10.972665468147792
ORTHOSTM007813	1	1.4506512880607345	-10.972665468147792
ORTHOSTM007814	1	1.4506512880607345	-10.972665468147792
ORTHOSTM007815	1	1.4506512880607345	-10.972665468147792
ORTHOSTM007816	1	1.4506512880607345	-10.972665468147792
ORTHOSTM007818	1	1.4506512880607345	-10.972665468147792
ORTHOSTM007819	1	1.4506512880607345	-10.972665468147792
ORTHOSTM007820	1	1.4506512880607345	-10.972665468147792
ORTHOSTM007822	1	1.4506512880607345	-10.972665468147792
ORTHOSTM007823	1	1.4506512880607345	-10.972665468147792
ORTHOSTM007824	1	1.4506512880607345	-10.972665468147792
ORTHOSTM007825	1	1.4506512880607345	-10.972665468147792
ORTHOSTM007826	1	1.4506512880607345	-10.972665468147792
ORTHOSTM007828	1	1.4506512880607345	-10.972665468147792
ORTHOSTM007829	1	1.4506512880607345	-10.972665468147792
ORTHOSTM007830	1	1.4506512880607345	-10.972665468147792
ORTHOSTM007831	1	1.4506512880607345	-10.972665468147792
ORTHOSTM007832	1	1.4506512880607345	-10.972665468147792
ORTHOSTM007833	1	1.4506512880607345	-10.972665468147792
ORTHOSTM007834	1	1.4506512880607345	-10.972665468147792
ORTHOSTM007835	1	1.4506512880607345	-10.972665468147792
ORTHOSTM007836	1	1.4506512880607345	-10.972665468147792
ORTHOSTM007837	1	1.4506512880607345	-10.972665468147792
ORTHOSTM007838	1	1.4506512880607345	-10.972665468147792
ORTHOSTM007839	1	1.4506512880607345	-10.972665468147792
ORTHOSTM007840	1	1.4506512880607345	-10.972665468147792
ORTHOSTM007841	1	1.4506512880607345	-10.972665468147792
ORTHOSTM007843	1	1.4506512880607345	-10.972665468147792
ORTHOSTM007844	1	1.4506512880607345	-10.972665468147792
ORTHOSTM007845	1	1.4506512880607345	-10.972665468147792
ORTHOSTM007846	1	1.4506512880607345	-10.972665468147792
ORTHOSTM007847	1	1.4506512880607345	-10.972665468147792
ORTHOSTM007848	1	1.4506512880607345	-10.972665468147792
ORTHOSTM007849	1	1.4506512880607345	-10.972665468147792
ORTHOSTM007850	1	1.4506512880607345	-10.972665468147792
ORTHOSTM007851	1	1.4506512880607345	-10.972665468147792
ORTHOSTM007852	1	1.4506512880607345	-10.972665468147792
ORTHOSTM007853	1	1.4506512880607345	-10.972665468147792
ORTHOSTM007854	1	1.4506512880607345	-10.972665468147792
ORTHOSTM007855	1	1.4506512880607345	-10.972665468147792
ORTHOSTM007856	1	1.4506512880607345	-10.972665468147792
ORTHOSTM007857	1	1.4506512880607345	-10.972665468147792
ORTHOSTM007858	1	1.4506512880607345	-10.972665468147792
ORTHOSTM007860	1	1.4506512880607345	-10.972665468147792
ORTHOSTM007862	1	1.4506512880607345	-10.972665468147792
ORTHOSTM007863	1	1.4506512880607345	-10.972665468147792
ORTHOSTM007864	1	1.4506512880607345	-10.972665468147792
ORTHOSTM007865	1	1.4506512880607345	-10.972665468147792
ORTHOSTM007866	1	1.4506512880607345	-10.972665468147792
ORTHOSTM007867	1	1.4506512880607345	-10.972665468147792
ORTHOSTM007869	1	1.4506512880607345	-10.972665468147792
ORTHOSTM007870	1	1.4506512880607345	-10.972665468147792
ORTHOSTM007871	1	1.4506512880607345	-10.972665468147792
ORTHOSTM007873	1	1.4506512880607345	-10.972665468147792
ORTHOSTM007874	1	1.4506512880607345	-10.972665468147792
ORTHOSTM007876	1	1.4506512880607345	-10.972665468147792
ORTHOSTM007877	1	1.4506512880607345	-10.972665468147792
ORTHOSTM007878	1	1.4506512880607345	-10.972665468147792
ORTHOSTM007879	1	1.4506512880607345	-10.972665468147792
ORTHOSTM007880	1	1.4506512880607345	-10.972665468147792
ORTHOSTM007881	1	1.4506512880607345	-10.972665468147792
ORTHOSTM007883	1	1.4506512880607345	-10.972665468147792
ORTHOSTM007885	1	1.4506512880607345	-10.972665468147792
ORTHOSTM007886	1	1.4506512880607345	-10.972665468147792
ORTHOSTM007888	1	1.4506512880607345	-10.972665468147792
ORTHOSTM007889	1	1.4506512880607345	-10.972665468147792
ORTHOSTM007890	1	1.4506512880607345	-10.972665468147792
ORTHOSTM007891	1	1.4506512880607345	-10.972665468147792
ORTHOSTM007892	1	1.4506512880607345	-10.972665468147792
ORTHOSTM007893	1	1.4506512880607345	-10.972665468147792
ORTHOSTM007894	1	1.4506512880607345	-10.972665468147792
ORTHOSTM007895	1	1.4506512880607345	-10.972665468147792
ORTHOSTM007896	1	1.4506512880607345	-10.972665468147792
ORTHOSTM007897	1	1.4506512880607345	-10.972665468147792
ORTHOSTM007898	1	1.4506512880607345	-10.972665468147792
ORTHOSTM007899	1	1.4506512880607345	-10.972665468147792
ORTHOSTM007900	1	1.4506512880607345	-10.972665468147792
ORTHOSTM007901	1	1.4506512880607345	-10.972665468147792
ORTHOSTM007902	1	1.4506512880607345	-10.972665468147792
ORTHOSTM007903	1	1.4506512880607345	-10.972665468147792
ORTHOSTM007904	1	1.4506512880607345	-10.972665468147792
ORTHOSTM007905	1	1.4506512880607345	-10.972665468147792
ORTHOSTM007907	1	1.4506512880607345	-10.972665468147792
ORTHOSTM007908	1	1.4506512880607345	-10.972665468147792
ORTHOSTM007910	1	1.4506512880607345	-10.972665468147792
ORTHOSTM007912	1	1.4506512880607345	-10.972665468147792
ORTHOSTM007913	1	1.4506512880607345	-10.972665468147792
ORTHOSTM007914	1	1.4506512880607345	-10.972665468147792
ORTHOSTM007916	1	1.4506512880607345	-10.972665468147792
ORTHOSTM007917	1	1.4506512880607345	-10.972665468147792
ORTHOSTM007919	1	1.4506512880607345	-10.972665468147792
ORTHOSTM007920	1	1.4506512880607345	-10.972665468147792
ORTHOSTM007921	1	1.4506512880607345	-10.972665468147792
ORTHOSTM007922	1	1.4506512880607345	-10.972665468147792
ORTHOSTM007923	1	1.4506512880607345	-10.972665468147792
ORTHOSTM007926	1	1.4506512880607345	-10.972665468147792
ORTHOSTM007927	1	1.4506512880607345	-10.972665468147792
ORTHOSTM007928	1	1.4506512880607345	-10.972665468147792
ORTHOSTM007929	1	1.4506512880607345	-10.972665468147792
ORTHOSTM007930	1	1.4506512880607345	-10.972665468147792
ORTHOSTM007931	1	1.4506512880607345	-10.972665468147792
ORTHOSTM007932	1	1.4506512880607345	-10.972665468147792
ORTHOSTM007934	1	1.4506512880607345	-10.972665468147792
ORTHOSTM003407	1	1.4506513207227378	-11.131524175259283
ORTHOSTM001766	1	1.4506521337798104	-11.092431546626822
ORTHOSTM000754	1	1.4506523133115328	-11.09680885209243
ORTHOSTM004372	1	1.4506524738251285	-10.593554422812483
ORTHOSTM002146	1	1.4506546869972599	-10.790057026369315
ORTHOSTM003450	1	1.4506560091977503	-11.72952586616477
ORTHOSTM003486	1	1.4506580136499365	-11.721846326979065
ORTHOSTM003403	1	1.4506586887030477	-10.46619025122286
ORTHOSTM004330	1	1.4506586887030477	-10.46619025122286
ORTHOSTM004332	1	1.4506586887030477	-10.46619025122286
ORTHOSTM004364	1	1.4506586887030477	-10.46619025122286
ORTHOSTM002101	1	1.450659349502223	-10.521403022811418
ORTHOSTM003250	1	1.450659349502223	-10.521403022811418
ORTHOSTM005578	1	1.4506603820602797	-11.04864982128347
ORTHOSTM002668	1	1.4506611291357703	-10.815252757643615
ORTHOSTM003393	1	1.4506611291357703	-10.815252757643615
ORTHOSTM004353	1	1.4506611291357703	-10.815252757643615
ORTHOSTM003186	1	1.450661769089223	-10.421229992914691
ORTHOSTM003256	1	1.450661769089223	-10.421229992914691
ORTHOSTM003098	1	1.4506643588758652	-10.473315064930713
ORTHOSTM003233	1	1.4506643588758652	-10.473315064930713
ORTHOSTM003388	1	1.450665105683595	-11.412638298349924
ORTHOSTM003788	1	1.4506661357130963	-11.695108532688257
ORTHOSTM005539	1	1.4506665925632989	-10.919912865371023
ORTHOSTM002236	1	1.4506666252535043	-11.089293961173903
ORTHOSTM002217	1	1.4506700007607878	-10.873668913163002
ORTHOSTM004040	1	1.4506700007607878	-10.873668913163002
ORTHOSTM004334	1	1.45067010643445	-10.790476498912458
ORTHOSTM005503	1	1.45067010643445	-10.790476498912458
ORTHOSTM002702	1	1.4506773144386313	-11.514444273778723
ORTHOSTM003806	1	1.4506782878804942	-10.559498577506135
ORTHOSTM004111	1	1.4506782878804942	-10.559498577506135
ORTHOSTM004766	1	1.4506782878804942	-10.559498577506135
ORTHOSTM005199	1	1.4506782878804942	-10.559498577506135
ORTHOSTM005265	1	1.4506782878804942	-10.559498577506135
ORTHOSTM005321	1	1.4506782878804942	-10.559498577506135
ORTHOSTM005360	1	1.4506782878804942	-10.559498577506135
ORTHOSTM005567	1	1.4506782878804942	-10.559498577506135
ORTHOSTM003372	1	1.450679059581124	-11.338097361732522
ORTHOSTM000734	1	1.4506810410325488	-11.356521687124744
ORTHOSTM001361	1	1.4506831211744533	-10.155060605220068
ORTHOSTM000044	2	1.4506831924304555	-14.20223637943908
ORTHOSTM004402	1	1.4506861044785209	-11.197465866746281
ORTHOSTM004748	1	1.4506861044785209	-11.197465866746281
ORTHOSTM006732	1	1.4506861044785209	-11.197465866746281
ORTHOSTM006743	1	1.4506861044785209	-11.197465866746281
ORTHOSTM006744	1	1.4506861044785209	-11.197465866746281
ORTHOSTM002670	1	1.4506862340352713	-10.595999776407075
ORTHOSTM004298	1	1.4506882982272615	-11.02134898602337
ORTHOSTM004302	1	1.4506882982272615	-11.02134898602337
ORTHOSTM004309	1	1.4506882982272615	-11.02134898602337
ORTHOSTM004325	1	1.4506882982272615	-11.02134898602337
ORTHOSTM004349	1	1.4506882982272615	-11.02134898602337
ORTHOSTM002229	1	1.450688533637481	-11.304220748080283
ORTHOSTM003376	1	1.450688533637481	-11.304220748080283
ORTHOSTM003385	1	1.450688533637481	-11.304220748080283
ORTHOSTM002643	1	1.4506936193556483	-10.36766214680384
ORTHOSTM002691	1	1.4506936193556483	-10.36766214680384
ORTHOSTM002580	1	1.4506993078657837	-10.288242475720377
ORTHOSTM005541	1	1.450705159199499	-10.852867028454705
ORTHOSTM005580	1	1.4507093471670451	-11.430010872770126
ORTHOSTM004319	1	1.4507094702717724	-10.805821080034887
ORTHOSTM004342	1	1.4507094702717724	-10.805821080034887
ORTHOSTM005444	1	1.4507094702717724	-10.805821080034887
ORTHOSTM005448	1	1.4507094702717724	-10.805821080034887
ORTHOSTM005449	1	1.4507094702717724	-10.805821080034887
ORTHOSTM005463	1	1.4507094702717724	-10.805821080034887
ORTHOSTM005464	1	1.4507094702717724	-10.805821080034887
ORTHOSTM005465	1	1.4507094702717724	-10.805821080034887
ORTHOSTM005468	1	1.4507094702717724	-10.805821080034887
ORTHOSTM005470	1	1.4507094702717724	-10.805821080034887
ORTHOSTM005475	1	1.4507094702717724	-10.805821080034887
ORTHOSTM005481	1	1.4507094702717724	-10.805821080034887
ORTHOSTM005486	1	1.4507094702717724	-10.805821080034887
ORTHOSTM005499	1	1.4507094702717724	-10.805821080034887
ORTHOSTM005501	1	1.4507094702717724	-10.805821080034887
ORTHOSTM005504	1	1.4507094702717724	-10.805821080034887
ORTHOSTM005510	1	1.4507094702717724	-10.805821080034887
ORTHOSTM005518	1	1.4507094702717724	-10.805821080034887
ORTHOSTM005520	1	1.4507094702717724	-10.805821080034887
ORTHOSTM002653	1	1.4507106503066676	-11.200183475161738
ORTHOSTM004464	1	1.4507120049988433	-11.260839175265158
ORTHOSTM005568	1	1.4507120049988433	-11.260839175265158
ORTHOSTM005842	1	1.4507120049988433	-11.260839175265158
ORTHOSTM006711	1	1.4507120049988433	-11.260839175265158
ORTHOSTM006742	1	1.4507120049988433	-11.260839175265158
ORTHOSTM006748	1	1.4507120049988433	-11.260839175265158
ORTHOSTM006753	1	1.4507120049988433	-11.260839175265158
ORTHOSTM006777	1	1.4507120049988433	-11.260839175265158
ORTHOSTM001674	1	1.4507180383838876	-10.551127650020923
ORTHOSTM005581	1	1.4507216922926596	-11.474382690464049
ORTHOSTM002515	1	1.4507222824939163	-11.064479502513104
ORTHOSTM003401	1	1.4507300753763046	-10.989898279923997
ORTHOSTM003418	1	1.4507300753763046	-10.989898279923997
ORTHOSTM000616	1	1.4507367524478025	-12.902205812807606
ORTHOSTM002689	1	1.4507367886291813	-10.666547702762104
ORTHOSTM001358	1	1.4507451684778434	-10.667257096501732
ORTHOSTM001135	1	1.450752688258569	-11.54532467139231
ORTHOSTM000746	1	1.4507754921170966	-11.501861202129685
ORTHOSTM000530	1	1.4507873512461396	-12.17252382617525
ORTHOSTM000033	1	1.45080955069241	-13.86965802237519
ORTHOSTM000008	3	1.4508200454188047	-16.552016862436417
ORTHOSTM000074	1	1.4508466167014051	-13.318822804658314
ORTHOSTM000030	2	1.4508511381065257	-15.089454467177198
ORTHOSTM000051	1	1.4508525110199901	-13.66195954814828
ORTHOSTM000028	2	1.4509143012042838	-15.694425905389052
ORTHOSTM000019	2	1.4509191825005532	-15.999313874870609
ORTHOSTM000023	3	1.4509690019512058	-15.995600680730949
ORTHOSTM000037	2	1.450976003628534	-15.238879917069777
ORTHOSTM000018	2	1.4509796422179457	-16.814682645052272
ORTHOSTM000151	1	1.4509891703697941	-12.504511198362819
ORTHOSTM000016	2	1.4509951269882193	-17.856196554446765