ORTHO000593_1	2	0.324203203711904	-18.820783576613945	1.0
ORTHO000652_2	1	0.3309827726142619	-18.306241162967524	1.0
ORTHO001318	1	0.3357718963929106	-17.512381226408866	1.0
ORTHO000806_1	1	0.35511744524866823	-18.15609335384357	1.0
ORTHO000675	1	0.3553540967108966	-22.658438543622623	1.0
ORTHO000919	1	0.35637601159494353	-20.86974533954881	1.0
ORTHO002539	2	0.36035958324074974	-16.071084344612743	1.0
ORTHO001129	1	0.3672944375057921	-18.744413018273406	1.0
ORTHO001056	1	0.3687069157840073	-20.094967737467165	1.0
ORTHO002268	1	0.3704019069807138	-18.81609860072219	1.0
ORTHO000975	2	0.371463194248762	-19.777989545442992	1.0
ORTHO000580_1	1	0.37282074163451645	-18.91622557596747	1.0
ORTHO003126	2	0.3731342286182254	-15.650098318198358	1.0
ORTHO001338	1	0.37364844718154344	-18.920641620331907	1.0
ORTHO002830	1	0.37371707453783976	-16.877207102687436	1.0
ORTHO000789_1	1	0.37503412078531495	-18.455800251941895	1.0
ORTHO001948	3	0.3753102926132095	-17.28707891700746	1.0
ORTHO003309	1	0.3770452901439035	-16.769617108881263	1.0
ORTHO002083	1	0.37708528390528284	-18.511919304900204	1.0
ORTHO000848	1	0.3778673180219303	-20.185265860906448	1.0
ORTHO000957	1	0.3789163552714781	-20.07634353034227	1.0
ORTHO000745	1	0.37943528701168017	-20.78760524372406	1.0
ORTHO002657	2	0.3795307080048597	-18.314481634990134	1.0
ORTHO000792	1	0.3800183174720259	-21.712106378703847	1.0
ORTHO002728	1	0.3803642082357721	-17.065893587354157	1.0
ORTHO001255	2	0.3808129960414803	-20.281385966237167	1.0
ORTHO000679	2	0.3808980493062976	-22.66820200425752	1.0
ORTHO000336_1	1	0.3810782736014922	-25.126321101854135	1.0
ORTHO001019	1	0.3813676562456488	-20.33190589535238	1.0
ORTHO001837	1	0.3831677855712302	-19.00446847587373	1.0
ORTHO000877	1	0.38404750654951253	-21.99937836313515	1.0
ORTHO000757	1	0.3844258238099757	-21.856609695248416	1.0
ORTHO000992	1	0.38595936576108125	-20.286728360062405	1.0
ORTHO001708	1	0.38810066332684245	-18.630105818192593	1.0
ORTHO002220	2	0.3887963244053907	-17.49843683962351	1.0
ORTHO000658_1	1	0.3896773825887886	-21.769176162428487	1.0
ORTHO000511	1	0.3908207245581307	-23.339532855827102	1.0
ORTHO000265_3	1	0.3916836765816137	-16.768274258869283	1.0
ORTHO001110_1	1	0.3916860310970009	-15.936034738458444	1.0
ORTHO003256	1	0.3925987376792271	-16.23598360565071	1.0
ORTHO003140	1	0.393095276236652	-16.8304838252941	1.0
ORTHO001961	3	0.3936771687365484	-16.807462779537932	1.0
ORTHO004049	1	0.3937900493224001	-15.845778441940501	1.0
ORTHO001490	1	0.39383787934569114	-19.80820419352586	1.0
ORTHO001956	1	0.3940320905918031	-18.238332112049616	1.0
ORTHO000329_3	1	0.3942914550108299	-17.379083365697312	1.0
ORTHO002062	1	0.3948072691629666	-18.84660255627062	1.0
ORTHO001953	2	0.39537376313102907	-18.150430714055027	1.0
ORTHO001679	1	0.3962075226487006	-19.516536403876646	1.0
ORTHO000958	1	0.3971616387964214	-21.346579294207398	1.0
ORTHO005336	1	0.39772462544120607	-15.693998023380056	1.0
ORTHO001132_1	1	0.39807190784978247	-20.052300561581973	1.0
ORTHO003868	1	0.3992904243510467	-15.53676416981327	1.0
ORTHO002550	1	0.400144835587308	-16.303846501452032	1.0
ORTHO000616_1	1	0.4002216976378789	-20.33540315298833	1.0
ORTHO002089	1	0.40200148862516577	-17.94194567808127	1.0
ORTHO001292	1	0.40241891023021414	-20.529226637696343	1.0
ORTHO002710	1	0.40288390387806366	-17.493482110408316	1.0
ORTHO000493	2	0.40422928200021624	-26.465839600027483	1.0
ORTHO000996	1	0.40427842511233836	-22.222531674265458	1.0
ORTHO002060	1	0.4053656214595211	-18.390711339059884	1.0
ORTHO001483	1	0.4055503314421728	-20.639294685640714	1.0
ORTHO002720	2	0.40565704421234655	-17.71548222631898	1.0
ORTHO002253	1	0.40589489043704735	-19.316569229365996	1.0
ORTHO004040	1	0.4062329105697604	-16.503252058795866	1.0
ORTHO001199	1	0.40704998978123225	-20.56559116318936	1.0
ORTHO000971	1	0.40765802721894767	-20.482679864090684	1.0
ORTHO001263	2	0.4077576097364513	-20.559083833294697	1.0
ORTHO000786	1	0.40789521432805154	-22.161710609150333	1.0
ORTHO002651	3	0.40795415108480104	-17.466376281477945	1.0
ORTHO002059	2	0.40862610470914396	-17.23499181610804	1.0
ORTHO002365	2	0.40881748533300916	-17.37896745985746	1.0
ORTHO002007	1	0.40953936266802743	-18.722941276367337	1.0
ORTHO000761	1	0.40992505820879865	-23.129113994596793	1.0
ORTHO004151	1	0.4100538794408952	-16.40171890879575	1.0
ORTHO003167	1	0.41022033686316656	-17.692530475936696	1.0
ORTHO005646	1	0.4104244963360426	-15.07045431140596	1.0
ORTHO005000	1	0.4106202772686369	-15.752636491855533	1.0
ORTHO004526	1	0.4107854111564442	-15.684735209835639	1.0
ORTHO001651	2	0.41114713604077985	-18.183452889016113	1.0
ORTHO000887_1	2	0.41227002599893037	-16.598402596539895	1.0
ORTHO002641	2	0.41248846656104404	-16.781127172477532	1.0
ORTHO003690	1	0.4126728226098335	-16.267604177129783	1.0
ORTHO003523	1	0.41360382104683113	-16.60093607328093	1.0
ORTHO000888_3	1	0.41417264277369625	-18.150873774233926	1.0
ORTHO002028	1	0.4146131707464107	-19.65474579899825	1.0
ORTHO004126	2	0.4150573999428041	-16.19575228074261	1.0
ORTHO002727	1	0.41552381214901335	-17.66161831524023	1.0
ORTHO001313	1	0.4159664253475039	-18.824795658222317	1.0
ORTHO002429	2	0.4171235772720906	-18.117659705658042	1.0
ORTHO000303_2	2	0.41722273758425765	-16.525643102616133	1.0
ORTHO002840	1	0.4178895039572067	-17.260504322816693	1.0
ORTHO002802	1	0.4182520974273173	-19.454734936117074	1.0
ORTHO002746	2	0.41867027503410037	-17.49283931799395	1.0
ORTHO000273_1	2	0.41868924330480606	-19.674784919780613	1.0
ORTHO003385	1	0.418961876267399	-18.459686943569785	1.0
ORTHO003271	1	0.41920377447880863	-18.756584028124816	1.0
ORTHO003030	2	0.41963257345390276	-16.689118317261215	1.0
ORTHO001850	1	0.420192403900025	-19.486967702623208	1.0
ORTHO001493	1	0.4202949366687806	-20.664893762813463	1.0
ORTHO003889	1	0.4203119777805772	-16.563864943470417	1.0
ORTHO001476	1	0.4210046728244632	-22.085079299640782	1.0
ORTHO000457	1	0.4217921555234926	-25.887525743949055	1.0
ORTHO002951	3	0.42215503717216724	-16.486495523030523	1.0
ORTHO001614	1	0.4229740971625209	-20.670039879276203	1.0
ORTHO000847	1	0.42345239171420007	-20.985485188972646	1.0
ORTHO000273_2	1	0.42450213772324386	-20.76407208125826	1.0
ORTHO002512	2	0.4246436644898126	-18.776772282430677	1.0
ORTHO000331_3	1	0.4247090586677071	-17.492429542937657	1.0
ORTHO002967	1	0.4250980650856966	-19.73826583939328	1.0
ORTHO003481	1	0.4252037067426951	-18.14106677102173	1.0
ORTHO000263_1	1	0.4253344766168915	-19.468441104403915	1.0
ORTHO002551	1	0.42541527640979204	-17.44196965087398	1.0
ORTHO003162	1	0.4256569092678427	-18.074744688746765	1.0
ORTHO002595	1	0.4263888157206618	-18.972086113630194	1.0
ORTHO001700	1	0.4269535106630602	-21.146021928821416	1.0
ORTHO004534	1	0.4269861569361863	-16.073038285826005	1.0
ORTHO002863	1	0.42708431303311495	-16.575204963941584	1.0
ORTHO001936	2	0.4273552140213709	-18.544625025504004	1.0
ORTHO004785	1	0.42763621211553443	-16.330764996235445	1.0
ORTHO001888	1	0.42786314003615344	-18.962565850283454	1.0
ORTHO003194	1	0.4279379390410661	-18.149596707964886	1.0
ORTHO001030	2	0.4284958495019806	-22.145833253113864	1.0
ORTHO002385	1	0.42852488932661376	-17.805127183237104	1.0
ORTHO003353	1	0.4290878723929466	-18.034420718530356	1.0
ORTHO002334	1	0.42934712053734997	-19.353946875647196	1.0
ORTHO001658	1	0.42954905455329784	-20.66824752443134	1.0
ORTHO002910	1	0.42971455537172604	-18.86495880156867	1.0
ORTHO001504	1	0.43011243170541213	-19.871300969522576	1.0
ORTHO003443	1	0.43054609275856576	-17.168775141586025	1.0
ORTHO001753	2	0.43104111380068694	-18.372489846379697	1.0
ORTHO003887	1	0.4311877296615055	-17.22145733017298	1.0
ORTHO000800	1	0.43159435983616734	-22.613278556475493	1.0
ORTHO002971	1	0.43228891630834904	-18.63596923175271	1.0
ORTHO002911	1	0.4323881022973954	-18.613444403963964	1.0
ORTHO000688_2	2	0.4325643269519915	-17.750547821618305	1.0
ORTHO001538	1	0.43259015261653727	-20.530289150303982	1.0
ORTHO000532_1	1	0.43261686292758306	-20.660146029235907	1.0
ORTHO000406_2	1	0.43271606745069185	-18.49025742235213	1.0
ORTHO002627	1	0.43301015218069044	-19.157529987071612	1.0
ORTHO003317	1	0.43334798533195146	-17.96467871145312	1.0
ORTHO000817	1	0.4333504764060735	-22.674341483131006	1.0
ORTHO005193	1	0.43353611078447213	-17.200627698223112	1.0
ORTHO000994	1	0.43412123743604863	-23.01698505445403	1.0
ORTHO003629	1	0.4342022475961689	-18.661042340574138	1.0
ORTHO000609	1	0.4349158772209651	-26.18260134864947	1.0
ORTHO001397	1	0.43509559025802	-20.549304079492313	1.0
ORTHO001691	1	0.4357281656569976	-21.82015377654275	1.0
ORTHO002206	1	0.43627729073641874	-19.52684165848463	1.0
ORTHO001229	1	0.4363138316990598	-20.90138025457356	1.0
ORTHO003682	1	0.4363583731197326	-16.357054209086062	1.0
ORTHO003874	1	0.4367512009554982	-16.32523270103296	1.0
ORTHO001373	1	0.4368728274453262	-19.862421713228347	1.0
ORTHO003415	1	0.43711320858118724	-17.28907100032904	1.0
ORTHO001087	1	0.4373938375052104	-20.81074030259862	1.0
ORTHO003862	1	0.43757800098803923	-15.935147649918873	1.0
ORTHO000766_1	1	0.43796005471748933	-20.377150554608093	1.0
ORTHO003866	1	0.4384022851372544	-18.262624836369337	1.0
ORTHO005130	1	0.4389018959028303	-15.46491987416246	1.0
ORTHO002973	1	0.43938776739230206	-18.69118059128083	1.0
ORTHO005049	1	0.4395051518278102	-16.233262643314518	1.0
ORTHO005872	1	0.43976572118480306	-15.558826325522418	1.0
ORTHO001010	1	0.4397763967540186	-20.47893722080797	1.0
ORTHO004824	1	0.43997466294752907	-16.189146378572257	1.0
ORTHO000804	2	0.4401386057554951	-23.796182542006175	1.0
ORTHO000393_1	1	0.44052380530271784	-23.225533718079493	1.0
ORTHO004195	1	0.4406825127439464	-17.572002220708526	1.0
ORTHO001344	1	0.4408474053349592	-22.302135535239476	1.0
ORTHO000694_3	1	0.4410254148723607	-18.907428777554777	1.0
ORTHO004003	1	0.44136792330646685	-17.938139011041837	1.0
ORTHO000331_2	1	0.44138866190710696	-20.625895827277887	1.0
ORTHO001168	1	0.4413936007685388	-21.559423429863624	1.0
ORTHO000414_2	1	0.4417179709052089	-16.19832788511947	1.0
ORTHO004505	1	0.44209138862970077	-17.019803433126725	1.0
ORTHO003871	2	0.4424119216731998	-15.594307333122353	1.0
ORTHO003392	1	0.44266933601431013	-17.11975940507954	1.0
ORTHO003864	1	0.4430835756226659	-16.707172820624326	1.0
ORTHO000803_2	1	0.4431974347718576	-17.346435099087635	1.0
ORTHO002586	1	0.44331562551367226	-17.837309888938066	1.0
ORTHO003707	2	0.44334233650228105	-16.22422465147806	1.0
ORTHO001244	1	0.44342146340761157	-22.72484223363755	1.0
ORTHO003239	2	0.44356518100520126	-17.090384990316885	1.0
ORTHO003349	2	0.4438739055004201	-16.57195951662975	1.0
ORTHO000910	1	0.443911360021676	-22.4177031860038	1.0
ORTHO000983	2	0.44429697715529715	-22.97605706373332	1.0
ORTHO003273	1	0.4443783559022493	-18.086333290972835	1.0
ORTHO002825	1	0.4445170243734224	-18.18649738116266	1.0
ORTHO000963	1	0.44465028054591454	-22.273764261262222	1.0
ORTHO002743	1	0.4447882778399562	-18.612446467156293	1.0
ORTHO002790	1	0.44551068490898227	-18.361227320285042	1.0
ORTHO001624	1	0.44560975474338155	-20.477484023977212	1.0
ORTHO000552_2	1	0.44591792122230406	-21.862396872649768	1.0
ORTHO000570_1	1	0.44596512470655864	-17.285816691835556	1.0
ORTHO001042	1	0.44604833825650775	-22.26353905216059	1.0
ORTHO003290	1	0.44613147532334535	-18.21574818712622	1.0
ORTHO005298	1	0.44616456775245317	-15.480914592478834	1.0
ORTHO000827_1	1	0.4462325194579954	-19.7105254488047	1.0
ORTHO003220	1	0.4463703465605365	-18.769612876428656	1.0
ORTHO003037	1	0.44642695647445463	-18.926101336235828	1.0
ORTHO001384	1	0.4468667828492777	-23.62249824760587	1.0
ORTHO003144	1	0.44709538570047286	-16.91515516568188	1.0
ORTHO001661	1	0.4472123759103443	-20.9714202607075	1.0
ORTHO002679	1	0.44808783131894475	-19.629871853781204	1.0
ORTHO001000	2	0.44846188283743027	-23.660843443968332	1.0
ORTHO000502_1	1	0.44867712039845603	-19.802665148387135	1.0
ORTHO003082	1	0.44874693923814013	-17.95412405667108	1.0
ORTHO001794	1	0.4488445963595479	-20.005614465604612	1.0
ORTHO000403	1	0.44896003597722617	-27.297545584822082	1.0
ORTHO002521	1	0.4490646226071457	-18.63214484408248	1.0
ORTHO002831	1	0.4491274118564776	-18.53193686400838	1.0
ORTHO002316	2	0.449249257789936	-18.362835269596864	1.0
ORTHO002210	1	0.4494994427533641	-18.746398140068436	1.0
ORTHO000917	1	0.4495567577577073	-25.46693152549441	1.0
ORTHO003865	1	0.44962164165205615	-17.01063844683628	1.0
ORTHO001415	1	0.4500964412969532	-22.62802127647902	1.0
ORTHO000254_2	1	0.4503193461674108	-22.706122921402994	1.0
ORTHO001335	1	0.45057725482629235	-22.61912699337076	1.0
ORTHO002127	1	0.45072665367180287	-19.87743651501536	1.0
ORTHO004389	1	0.45095163482621775	-18.404937046589396	1.0
ORTHO003382	2	0.4510588892926994	-18.047006351913783	1.0
ORTHO002145	1	0.45129062235817874	-19.25552666893183	1.0
ORTHO004339	1	0.45133831063954505	-17.423649210273876	1.0
ORTHO002860	1	0.4515509080812371	-18.501149742726316	1.0
ORTHO001696	1	0.45180435572910893	-21.490959061977	1.0
ORTHO004403	1	0.45256032567184545	-17.565323168483904	1.0
ORTHO005034	1	0.45275866409485865	-15.775225834053828	1.0
ORTHO003891	1	0.4528841065438308	-16.619394519782357	1.0
ORTHO004214	1	0.4530758617117395	-16.60553566077704	1.0
ORTHO001811	1	0.45319847084998816	-19.309306326423524	1.0
ORTHO003770	1	0.4533464101696979	-18.936280823116974	1.0
ORTHO005057	1	0.4535848444913294	-15.94931867260919	1.0
ORTHO005067	1	0.4535848444913294	-15.94931867260919	1.0
ORTHO002624	1	0.4540348641794915	-17.73008123356877	1.0
ORTHO006000	1	0.45430059309359105	-16.532610186841413	1.0
ORTHO005980	1	0.4548233071529241	-16.424900589634888	1.0
ORTHO001939	1	0.45497825293979016	-17.860635885729103	1.0
ORTHO002025	1	0.4551475518200726	-19.148896840037047	1.0
ORTHO002031	1	0.45536828854369066	-20.073739572484747	1.0
ORTHO002009	1	0.4555840378799581	-21.439331226886818	1.0
ORTHO004755	1	0.45582365441761974	-17.315255927216963	1.0
ORTHO003004	1	0.4559147560537483	-19.429236452354164	1.0
ORTHO000829_2	1	0.4560710114191121	-16.61179064245171	1.0
ORTHO002844	2	0.45628936564500067	-17.26133243078477	1.0
ORTHO003491	2	0.45635781543274256	-17.50487568990574	1.0
ORTHO002585	1	0.45662125245366014	-18.583891282430404	1.0
ORTHO003892	1	0.45704226856205044	-17.229216206326182	1.0
ORTHO003023	1	0.45718676429535005	-18.835813188017177	1.0
ORTHO003647	1	0.45744392165973613	-17.60284319099337	1.0
ORTHO000733	1	0.45764425735743725	-23.339078819651164	1.0
ORTHO002157	1	0.45765603970183916	-18.849492534329727	1.0
ORTHO004075	2	0.4581020327723221	-17.028727269663015	1.0
ORTHO001561	1	0.45843220130967566	-20.077440068150416	1.0
ORTHO004799	1	0.4584399873241761	-16.82587412190077	1.0
ORTHO001181	2	0.4585218936463381	-21.334186669392214	1.0
ORTHO003534	1	0.45958757772625325	-18.34185988276298	1.0
ORTHO003843	1	0.4598133096742394	-18.313159518719043	1.0
ORTHO001055	1	0.4602258775654821	-22.74397216085459	1.0
ORTHO003007	1	0.4603531622208854	-19.447172726569104	1.0
ORTHO000486_2	1	0.46037876261681765	-22.052059481743427	1.0
ORTHO000626_2	1	0.4603876480605237	-18.80041415622699	1.0
ORTHO003951	1	0.46051894174180763	-17.810872476580112	1.0
ORTHO004347	1	0.46061429935273085	-17.92828410817809	1.0
ORTHO001842	1	0.4607496753627923	-20.23749793872253	1.0
ORTHO003075	1	0.46090981085721383	-18.98212800892735	1.0
ORTHO001822	1	0.46106544622119855	-21.121530677920543	1.0
ORTHO003639	1	0.4610969940274434	-17.941928193654206	1.0
ORTHO004026	1	0.4612130344395979	-17.842838616787077	1.0
ORTHO001770	1	0.4613425626014156	-21.39403574087673	1.0
ORTHO003233	1	0.4615071021826447	-18.480449857566995	1.0
ORTHO004421	1	0.46158026780720696	-16.186915891017208	1.0
ORTHO002930	1	0.4618843830658578	-17.744732634969786	1.0
ORTHO002621	1	0.4625130274163185	-18.730523053975393	1.0
ORTHO003691	1	0.4627817966944652	-18.629570855960143	1.0
ORTHO001215	2	0.4628878896702551	-21.279223580277204	1.0
ORTHO000586_2	1	0.4632006238297063	-19.532427028530307	1.0
ORTHO004065	1	0.4634441200587259	-17.476112082011678	1.0
ORTHO002290	1	0.4635932432644271	-21.274274716395183	1.0
ORTHO004404	1	0.4636583248303287	-16.5714487833467	1.0
ORTHO004511	1	0.4638968687675481	-16.923352172951674	1.0
ORTHO002433	1	0.46397052778284487	-20.37487569342963	1.0
ORTHO004208	1	0.46470842811462537	-17.339577358136122	1.0
ORTHO003350	1	0.46505973819848434	-18.742043119264366	1.0
ORTHO001922	1	0.4653799022152364	-19.083589756044876	1.0
ORTHO004294	1	0.46567200091262706	-18.556012293981627	1.0
ORTHO001291	2	0.4659293036003644	-22.02409350559648	1.0
ORTHO001518	1	0.4659732858680446	-20.83803754703058	1.0
ORTHO002410	1	0.4660498661913174	-19.104120249229606	1.0
ORTHO002773	1	0.4663922042608927	-18.19196374828465	1.0
ORTHO001801	1	0.46698357968250415	-20.04347124055677	1.0
ORTHO000883	1	0.46761332717111387	-23.003562950104065	1.0
ORTHO001877	1	0.46811360479190167	-19.81950069416085	1.0
ORTHO002701	1	0.46845925761312057	-19.017062160725434	1.0
ORTHO002995	1	0.4686300299633475	-18.433308205752216	1.0
ORTHO001605	1	0.4689832247305809	-20.280009131211607	1.0
ORTHO005496	1	0.4690112624968437	-16.31449323702574	1.0
ORTHO003287	1	0.46905116472318625	-17.711207977102475	1.0
ORTHO003695	2	0.4690866771101239	-17.09280620793674	1.0
ORTHO001969	1	0.4690894767681576	-19.298719443513207	1.0
ORTHO000450_1	1	0.4692169455304735	-23.283123534412933	1.0
ORTHO001362	1	0.46981292877144865	-22.162787444833263	1.0
ORTHO003858	1	0.4699907334670767	-16.8343100812892	1.0
ORTHO004630	1	0.4700922816603767	-17.94297679666623	1.0
ORTHO000368_1	1	0.47019792941390565	-17.469705064023128	1.0
ORTHO004501	1	0.47033548478411064	-16.61954748765226	1.0
ORTHO005322	2	0.4705358267945832	-16.29039395915611	1.0
ORTHO003533	1	0.47066434463215384	-18.52016312593259	1.0
ORTHO005692	1	0.4708416399940522	-17.174660203433245	1.0
ORTHO000988	1	0.4709788227031741	-22.027302350610643	1.0
ORTHO004066	2	0.47098430526040397	-16.96807763654995	1.0
ORTHO003138	1	0.4711510307184592	-18.616178044647317	1.0
ORTHO004699	1	0.4712828297256208	-17.62279483923604	1.0
ORTHO001981	1	0.4714815824693649	-21.940337877934567	1.0
ORTHO003410	1	0.47155501894807755	-20.604624982641088	1.0
ORTHO002076	1	0.4716157987065311	-19.749837076780544	1.0
ORTHO001294	1	0.47172037651750476	-21.155003892734914	1.0
ORTHO004834	1	0.47177733404232874	-17.900304869585725	1.0
ORTHO000893	1	0.471889209536835	-21.92519926111124	1.0
ORTHO003793	1	0.471990319020047	-18.924833509420875	1.0
ORTHO002039	1	0.4719965919645332	-19.839349394165396	1.0
ORTHO004371	1	0.4726055914061403	-17.825175915978445	1.0
ORTHO001938	1	0.47281394449255976	-21.464223061467465	1.0
ORTHO002744	1	0.4728488668425262	-18.959894095691457	1.0
ORTHO001996	1	0.4732553024288045	-19.482478139761888	1.0
ORTHO003696	1	0.4733680159803016	-16.610507064256907	1.0
ORTHO004508	1	0.473419383790107	-17.779880988219723	1.0
ORTHO000878	1	0.47358886846794007	-22.266489341615085	1.0
ORTHO000516_2	1	0.47418466851687635	-20.79241858831594	1.0
ORTHO002981	1	0.4743734052064013	-17.885536735000617	1.0
ORTHO001038	1	0.47455094276685006	-23.680354916725314	1.0
ORTHO003466	1	0.47520536968697985	-18.911816799872387	1.0
ORTHO003501	1	0.4752138095397383	-18.874152176091997	1.0
ORTHO004292	1	0.47540454867766296	-18.386778372308054	1.0
ORTHO003201	1	0.4756165878686705	-18.559898814983594	1.0
ORTHO000764_1	1	0.47589674521725894	-17.666439373067792	1.0
ORTHO001390	1	0.4759971476649516	-22.86359485205367	1.0
ORTHO001083	1	0.4762295481827734	-22.286227788932564	1.0
ORTHO001688	1	0.4768068448503946	-21.948032285946883	1.0
ORTHO005333	1	0.47688007865429555	-17.29936475345349	1.0
ORTHO003405	1	0.47703611124004835	-18.523821507356104	1.0
ORTHO002450	1	0.4770485084469908	-18.515915019595276	1.0
ORTHO001630	1	0.47737464399772567	-20.906852647449778	1.0
ORTHO003436	1	0.47747986718445296	-18.090154743721495	1.0
ORTHO002510	1	0.47750738453308955	-18.61763469645564	1.0
ORTHO000737	1	0.4775717063823489	-25.001280339977157	1.0
ORTHO005324	1	0.4777015815707115	-16.27577654093742	1.0
ORTHO005301	1	0.4778857966054206	-17.065267504916534	1.0
ORTHO000276_1	1	0.4780162783691019	-25.689675372300215	1.0
ORTHO004478	1	0.4780436701320972	-18.749330235702875	1.0
ORTHO001174_1	1	0.47809906971095556	-20.19344317893273	1.0
ORTHO000864_1	1	0.4781273446103748	-20.158146160094685	1.0
ORTHO004741	1	0.4782389093891018	-18.29034789069952	1.0
ORTHO003252	1	0.47824150363950274	-18.466449411685165	1.0
ORTHO003964	1	0.47841887446026554	-17.891121827339685	1.0
ORTHO006213	1	0.47874842350363805	-16.533468878816873	1.0
ORTHO003084	1	0.47903550890717234	-21.702894712023234	1.0
ORTHO001204_2	1	0.4791893323364608	-17.90081040751245	1.0
ORTHO000665	1	0.4792057771766518	-25.38238041135432	1.0
ORTHO000754_1	1	0.47952925233855875	-19.452196557894933	1.0
ORTHO005454	1	0.47979746181692073	-17.70616468216635	1.0
ORTHO005634	1	0.4800749769952168	-18.391050259763105	1.0
ORTHO002891	1	0.4800849715826418	-18.017907818817136	1.0
ORTHO000717_1	1	0.48046601564558156	-20.282380849385596	1.0
ORTHO002542	1	0.4806326113947644	-18.49213327823265	1.0
ORTHO004373	1	0.4806610417539148	-17.679926098275697	1.0
ORTHO002304	1	0.48104254210770997	-18.680434019958398	1.0
ORTHO004334	1	0.4810968317904674	-18.39486612343236	1.0
ORTHO000788	1	0.4811487300534806	-24.511438112695455	1.0
ORTHO000632_2	2	0.481160364584708	-22.351516790165572	1.0
ORTHO002607	1	0.4812663837848041	-19.88654141565756	1.0
ORTHO003477	1	0.48150546142394673	-17.737216596443684	1.0
ORTHO002711	1	0.481567088198733	-19.457935664746717	1.0
ORTHO001013	1	0.4816993108453671	-23.838556635508272	1.0
ORTHO004105	1	0.48184180273964633	-17.74091384245698	1.0
ORTHO000560	1	0.4821249400924227	-25.50796217825048	1.0
ORTHO003680	1	0.48218873434605586	-21.391899113395016	1.0
ORTHO002517	2	0.48327812421700017	-20.60193015578858	1.0
ORTHO000663	2	0.4833034594432147	-24.17912690471171	1.0
ORTHO000742	1	0.4835629869990786	-25.133158613248835	1.0
ORTHO003788	1	0.4837546849301636	-18.335763166297873	1.0
ORTHO005957	1	0.4840137000954149	-16.322686397614994	1.0
ORTHO004782	1	0.4843004634940197	-16.818415304417304	1.0
ORTHO003699	1	0.4843115540227713	-18.501466665962287	1.0
ORTHO001704	1	0.48436392814550183	-21.081525726855727	1.0
ORTHO003072	1	0.48452750112827236	-19.21857096078155	1.0
ORTHO004476	1	0.484653799989356	-16.715736269774286	1.0
ORTHO003282	1	0.48477777628614405	-18.780390326311828	1.0
ORTHO004886	1	0.4848126515895239	-16.73037392456177	1.0
ORTHO000648_1	1	0.48482246674741336	-21.518234580072775	1.0
ORTHO001587_1	1	0.48488821944562244	-17.377467102562733	1.0
ORTHO003121	1	0.48499908492449834	-18.54724590460354	1.0
ORTHO005427	1	0.4850453180056934	-18.51077564655629	1.0
ORTHO005984	1	0.4850603281998117	-16.98628363905309	1.0
ORTHO002606	1	0.4850801354363263	-20.929923001087225	1.0
ORTHO003399	1	0.48512494663803085	-18.2636297231631	1.0
ORTHO002732	1	0.48517247787689605	-19.840186728127723	1.0
ORTHO003997	1	0.4854098210988944	-18.848009417663537	1.0
ORTHO004270	1	0.4854960222528215	-17.3531220221398	1.0
ORTHO003380	2	0.48549698162491356	-19.48278581760698	1.0
ORTHO001641	1	0.485513497961443	-19.914245557417484	1.0
ORTHO001043	1	0.48573206822123416	-21.83377986017491	1.0
ORTHO003285	1	0.48593844111539436	-18.475115304307288	1.0
ORTHO000712	1	0.48609273738318604	-23.69302867721288	1.0
ORTHO004269	1	0.48614700808208056	-18.353808696586825	1.0
ORTHO001141	1	0.48628394632745736	-20.984131276075395	1.0
ORTHO002006	1	0.48645200961954854	-22.124035033941777	1.0
ORTHO004963	1	0.4864746749591222	-18.648183486061612	1.0
ORTHO003032	1	0.48657718722197335	-18.389308169517765	1.0
ORTHO002933	1	0.4869492158943402	-18.772393357581844	1.0
ORTHO004173	1	0.4871059753880921	-18.92744415035001	1.0
ORTHO001994	1	0.4872643398551848	-21.10454829878448	1.0
ORTHO002926	1	0.4873004141608877	-18.42843125506356	1.0
ORTHO001609	1	0.48736655271283374	-22.390736647999635	1.0
ORTHO000424	1	0.48738051258130105	-27.234083904717473	1.0
ORTHO002301	1	0.48781932167060515	-20.436018302250936	1.0
ORTHO000388_1	2	0.48794729937366776	-26.98724254659913	1.0
ORTHO001125_1	1	0.4883425504382871	-18.260800737620624	1.0
ORTHO000929_1	1	0.48835250540932457	-19.567218506097067	1.0
ORTHO002470	1	0.4888281450826028	-19.702512815482965	1.0
ORTHO002492	1	0.48894071543987583	-19.519914375632798	1.0
ORTHO003544	1	0.4890202033267872	-18.67849074457172	1.0
ORTHO003596	1	0.4890508697107629	-18.445657828349574	1.0
ORTHO003725	1	0.4890792180363666	-19.73896630518333	1.0
ORTHO000939	1	0.4891810526145287	-22.57278410854284	1.0
ORTHO000945_1	1	0.48928338138238253	-20.58437625355055	1.0
ORTHO002376	1	0.48928942317608726	-19.303026423683423	1.0
ORTHO004159	1	0.4894274269670245	-21.203465734846134	1.0
ORTHO003743	1	0.4895353196966133	-18.766462893925553	1.0
ORTHO002299	1	0.4895545698837838	-21.74110783930831	1.0
ORTHO002932	1	0.4895559138936952	-18.567561589669545	1.0
ORTHO003104	1	0.4896711978887085	-18.56697425723938	1.0
ORTHO003854	1	0.48985627550002864	-17.57161004525763	1.0
ORTHO001814	1	0.49004472404680893	-20.17330179070571	1.0
ORTHO000503	1	0.49013256414071793	-26.877684263239992	1.0
ORTHO001058	1	0.4903609348760653	-22.023365620012097	1.0
ORTHO000435_1	1	0.49053926204546094	-20.322910312801483	1.0
ORTHO000279_1	1	0.4906791503353717	-18.762297470436888	1.0
ORTHO002912	1	0.49075294755515736	-19.734133857891255	1.0
ORTHO003210	1	0.49081918372268224	-18.93461872691355	1.0
ORTHO004194	1	0.4910134751771152	-18.67220503114248	1.0
ORTHO000281_2	1	0.49105579213673994	-23.641451062994197	1.0
ORTHO004724	1	0.49121183867335627	-18.35622042651451	1.0
ORTHO000268_2	1	0.49128561993424685	-19.067683177443776	1.0
ORTHO004327	1	0.491295512885363	-18.494043239559467	1.0
ORTHO003166	1	0.4913556039578831	-20.311848271434027	1.0
ORTHO004013	1	0.491531739386686	-18.23426761920115	1.0
ORTHO006361	1	0.4915628776630074	-16.256401360198254	1.0
ORTHO001081	1	0.4917096746563186	-22.66056702019117	1.0
ORTHO001564	1	0.49178018234378285	-20.425532309469226	1.0
ORTHO004428	1	0.4918312896906337	-17.379514506777227	1.0
ORTHO004786	1	0.49190565832815264	-17.660816940424645	1.0
ORTHO002497	1	0.49192933132236405	-21.008901728600136	1.0
ORTHO003373	1	0.4919434038390884	-20.164313763984772	1.0
ORTHO005287	1	0.4921067557234938	-17.323077154023984	1.0
ORTHO000351_2	1	0.4922176078590422	-18.61540494144827	1.0
ORTHO002837	1	0.49225047773890007	-20.319571700461733	1.0
ORTHO001459	1	0.4922548222807368	-21.662283461333175	1.0
ORTHO004289	1	0.4922904767953617	-18.653960205133064	1.0
ORTHO005668	1	0.4923613758667838	-16.595054167312064	1.0
ORTHO005069	1	0.49238017266976464	-18.582763573968574	1.0
ORTHO000592_1	1	0.49247792523886497	-21.64885093245479	1.0
ORTHO006499	1	0.4925134963142727	-17.05118762174963	1.0
ORTHO002010	1	0.49255427667467777	-19.316533372661635	1.0
ORTHO006433	1	0.49275698767427784	-16.60838451835427	1.0
ORTHO006479	1	0.49275698767427784	-16.60838451835427	1.0
ORTHO004309	1	0.4930207717127733	-18.617902210411444	1.0
ORTHO003238	2	0.4931182214281561	-19.459720216920196	1.0
ORTHO001719	2	0.493144431217218	-20.998678529845396	1.0
ORTHO004300	1	0.4932232334909246	-18.589413813527273	1.0
ORTHO003401	1	0.49331618020268675	-19.794331467930135	1.0
ORTHO004390	1	0.49338058490212483	-19.80702517291681	1.0
ORTHO001540	1	0.4935237562282096	-22.197853546026593	1.0
ORTHO002209	1	0.49352606767923457	-19.473423879487733	1.0
ORTHO006586	1	0.4937112272613908	-17.03450246900151	1.0
ORTHO003821	1	0.49392235398483636	-19.844066451589363	1.0
ORTHO000290_2	1	0.49419984669417305	-22.12422837443364	1.0
ORTHO002934	1	0.4944143908143593	-18.83749099826037	1.0
ORTHO002807	1	0.4945142596668865	-19.106834799452162	1.0
ORTHO001862	1	0.49452629747900656	-21.447079425303347	1.0
ORTHO002700	1	0.4953252626635911	-21.57236338105747	1.0
ORTHO001712	1	0.4954100820364664	-21.716291083879717	1.0
ORTHO001930	1	0.495691796914612	-21.757740724088986	1.0
ORTHO000835	1	0.4957901588835107	-24.589496931975955	1.0
ORTHO001250	1	0.4958144481255213	-23.194936285020855	1.0
ORTHO001398	1	0.49584949936749523	-22.645357345465204	1.0
ORTHO001627	1	0.4959600736913337	-21.377427921634848	1.0
ORTHO000866_1	1	0.49600726817258944	-20.40946559205077	1.0
ORTHO002923	1	0.4965560752820603	-18.067294222076914	1.0
ORTHO004818	1	0.4966870647982061	-18.1526095552561	1.0
ORTHO004164	1	0.4967387705739332	-18.41110603996056	1.0
ORTHO006311	1	0.49678796436656786	-15.99623780038386	1.0
ORTHO003919	1	0.4971501205888968	-18.822266287949613	1.0
ORTHO003581	1	0.49715581149305355	-20.158513203718424	1.0
ORTHO004081	1	0.4972987543262591	-19.708640387173975	1.0
ORTHO001167	1	0.49768295101577736	-22.728256958798838	1.0
ORTHO006380	1	0.4976926933517624	-16.229893413695702	1.0
ORTHO003184	1	0.4977285185372549	-19.86258527073882	1.0
ORTHO004635	1	0.4978574160540702	-21.50455619922845	1.0
ORTHO003441	1	0.49787590352937977	-18.545244060637604	1.0
ORTHO004619	1	0.49793572438460676	-17.80916853675606	1.0
ORTHO001508	1	0.49795123247385015	-22.600442698081707	1.0
ORTHO002000	1	0.4979512563487948	-20.54074252861251	1.0
ORTHO003268	1	0.4981169530289034	-17.977754690619093	1.0
ORTHO000747	1	0.49818170821092006	-24.56945800890908	1.0
ORTHO006016	1	0.4984950993265656	-16.955706329988878	1.0
ORTHO005318	1	0.4985332959672842	-16.65849434479147	1.0
ORTHO001358_2	1	0.4987218924953805	-17.046046813648807	1.0
ORTHO003083	1	0.4989002611556245	-19.518614781850292	1.0
ORTHO000769	2	0.49893754962877473	-23.1364769897401	1.0
ORTHO001311_2	1	0.4989780756775916	-20.124779830849437	1.0
ORTHO003011	2	0.4990074829314745	-19.923063092180456	1.0
ORTHO006320	1	0.49906257739850907	-16.825765516337075	1.0
ORTHO002423	1	0.49910306092210477	-21.57617838693827	1.0
ORTHO000419_3	1	0.499109832930711	-19.551373545117865	1.0
ORTHO003152	1	0.4991149408788779	-19.892349110268142	1.0
ORTHO004729	1	0.499599776948773	-18.65321018856598	1.0
ORTHO005805	1	0.4998475299946052	-16.908990561745107	1.0
ORTHO004753	1	0.4998987288532626	-18.54677059163499	1.0
ORTHO004823	1	0.4999502026245241	-17.250094870017698	1.0
ORTHO001757_1	1	0.5000694821832641	-19.06057054829715	1.0
ORTHO001402	1	0.5001151536780888	-22.57226475652697	1.0
ORTHO003408	1	0.500265687686982	-18.16675101943043	1.0
ORTHO000548_2	1	0.5002662923841242	-18.51264599388245	1.0
ORTHO001243	1	0.5005158583513957	-23.49459155394822	1.0
ORTHO001569	1	0.5005192822556097	-20.666703125482382	1.0
ORTHO002320	1	0.5008145431534339	-20.038747474639873	1.0
ORTHO002498	1	0.5008470253663013	-20.166015473999376	1.0
ORTHO004132	1	0.5008645232390676	-18.81397980200912	1.0
ORTHO003386	1	0.5009854179129349	-19.249826023628703	1.0
ORTHO002296	2	0.5011388381420441	-19.50579949787922	1.0
ORTHO001253	1	0.5013047648436699	-24.222883568345175	1.0
ORTHO001583	1	0.5013096819307165	-22.21935996664924	1.0
ORTHO002544	1	0.5013288196905	-21.043605751258355	1.0
ORTHO002153	2	0.5017019215226584	-20.828124510536295	1.0
ORTHO001482	1	0.5017951910056292	-22.912568181076864	1.0
ORTHO001885	1	0.5019793311948918	-20.19512395925614	1.0
ORTHO001579	1	0.5020038980293048	-22.130326239406944	1.0
ORTHO004304	1	0.5024318228905998	-18.2452342822714	1.0
ORTHO002581	1	0.5026063435088406	-19.463773143711183	1.0
ORTHO002072	1	0.502749782013361	-20.698740041941473	1.0
ORTHO003546	1	0.5028275911683348	-17.498544305010093	1.0
ORTHO001903	1	0.5028308810733156	-20.45280487661616	1.0
ORTHO003495	1	0.5028326637025028	-20.41434692825276	1.0
ORTHO005002	1	0.5028357771975392	-16.738050979580375	1.0
ORTHO000381_1	1	0.5028411928205682	-19.83430098866219	1.0
ORTHO001589	1	0.502882920896213	-20.978961525318088	1.0
ORTHO003990	1	0.502948840891972	-17.88507976281037	1.0
ORTHO005083	1	0.5031757623743246	-17.074604961779876	1.0
ORTHO001382	1	0.503284342267918	-21.708756934274565	1.0
ORTHO005520	1	0.5033432167615557	-17.39743136782207	1.0
ORTHO002703	1	0.5034046059795886	-20.743873620679107	1.0
ORTHO002372	1	0.5034316371606866	-20.700393359680735	1.0
ORTHO002996	1	0.5038256398916066	-18.604237820412237	1.0
ORTHO005009	1	0.5040188567657513	-17.30249191575961	1.0
ORTHO004073	1	0.5041349901093733	-17.909449499289778	1.0
ORTHO002687	1	0.5041694960633235	-19.87465067771866	1.0
ORTHO002375	1	0.5043808277459922	-19.825205046920207	1.0
ORTHO002669	1	0.5048117014147233	-20.051393969356834	1.0
ORTHO000903_1	1	0.5048247637931381	-19.610843556209375	1.0
ORTHO005007	1	0.5049386337301862	-19.781101641320944	1.0
ORTHO003446	1	0.5052727461614492	-18.60657707592733	1.0
ORTHO001180	1	0.5054383040374438	-24.131285577071335	1.0
ORTHO004875	1	0.505494573982344	-19.554673625016218	1.0
ORTHO002739	1	0.5055191191476277	-19.697982462601086	1.0
ORTHO002502	1	0.5056402249872071	-21.36101343858416	1.0
ORTHO005061	1	0.5056527366451172	-18.577077764044603	1.0
ORTHO003634	1	0.5056626568665687	-18.101178796895503	1.0
ORTHO000911	1	0.5058518059390192	-24.838109292038414	1.0
ORTHO003937	1	0.5059041585437848	-18.39046918769932	1.0
ORTHO001520	1	0.5059070220441915	-24.27774829841791	1.0
ORTHO006137	1	0.5061384655903136	-19.024166509690644	1.0
ORTHO003361	1	0.5061938475307446	-19.34505980156476	1.0
ORTHO000475_1	1	0.5062710449999491	-24.689728691951586	1.0
ORTHO003554	1	0.5063867267463934	-17.88043107804379	1.0
ORTHO002656	1	0.5064914560752708	-21.628324852078777	1.0
ORTHO002895	1	0.5068902590621902	-20.18694433978838	1.0
ORTHO003113	1	0.5069668958065253	-19.285872386154985	1.0
ORTHO002574	1	0.5070476900861305	-23.36387897606751	1.0
ORTHO004473	1	0.5072395494769838	-18.904373380474848	1.0
ORTHO002808	1	0.5078056236412309	-19.84855872149101	1.0
ORTHO004961	1	0.5079720504829731	-18.533637564886973	1.0
ORTHO000669_1	1	0.5083884861287192	-21.989127494855598	1.0
ORTHO004455	1	0.5084467150750951	-19.343138329946107	1.0
ORTHO000872_1	1	0.5085690001743833	-21.3533558016745	1.0
ORTHO004161	1	0.5087359862571083	-17.47214034719779	1.0
ORTHO001223	1	0.5088882270366916	-22.87403766562889	1.0
ORTHO000554_2	1	0.5089319305788124	-19.89702817763566	1.0
ORTHO003589	2	0.5090445073735489	-19.77119736611104	1.0
ORTHO001496	1	0.5091899280665491	-22.97055559873576	1.0
ORTHO001727	1	0.5095737087389164	-20.34789168581475	1.0
ORTHO002684	1	0.5098394011962676	-20.497019602641135	1.0
ORTHO003957	1	0.5099126308553069	-18.82553304884528	1.0
ORTHO002284	1	0.5102157055275913	-19.369490865679168	1.0
ORTHO001012_1	1	0.5104449214756832	-20.555909505686003	1.0
ORTHO001295_1	1	0.5105330152150661	-18.443308878313587	1.0
ORTHO003219	1	0.51054379918874	-21.397424992075052	1.0
ORTHO004830	1	0.5106271739334775	-17.57815802904534	1.0
ORTHO002936	1	0.5107801425928106	-18.249555256105378	1.0
ORTHO003118	1	0.5107969160109821	-20.671919027879724	1.0
ORTHO003760	1	0.5108071025612931	-19.772709391961996	1.0
ORTHO002366	1	0.510970496290707	-19.91289188409384	1.0
ORTHO000646	1	0.5109813163628146	-25.635959593145827	1.0
ORTHO005297	1	0.5110524908850642	-17.831968229739815	1.0
ORTHO004301	1	0.5111286100874902	-18.92607139879815	1.0
ORTHO002812	1	0.5112368566241361	-18.83112283083759	1.0
ORTHO005098	1	0.5112422696303196	-17.904355964874522	1.0
ORTHO002983	1	0.5112829017883955	-19.891142716608535	1.0
ORTHO003163	1	0.5114625951367273	-19.528119395010222	1.0
ORTHO004043	1	0.5114721650246807	-19.350242995523967	1.0
ORTHO003339	2	0.5118328478676892	-18.88756350341312	1.0
ORTHO004216	1	0.5119389165479246	-18.31726620198504	1.0
ORTHO001805	1	0.5120201404999148	-22.143586515916596	1.0
ORTHO001213	1	0.512025721326411	-24.135511468390714	1.0
ORTHO004902	1	0.5120797757984109	-18.63811898402562	1.0
ORTHO002061	2	0.5121460626687137	-22.01580912515291	1.0
ORTHO004351	1	0.5121955715353357	-17.448158612777338	1.0
ORTHO001928	1	0.5122733577019503	-19.107544105102228	1.0
ORTHO002941	2	0.5123463866786314	-20.947359853708075	1.0
ORTHO003520	2	0.5124477795102563	-17.590182575451824	1.0
ORTHO002900	1	0.512582262878218	-20.657821668448744	1.0
ORTHO001029_1	1	0.5129341700718669	-21.581778797601473	1.0
ORTHO003657	1	0.5130883257790898	-19.553416249270448	1.0
ORTHO001123	1	0.5131636932163204	-23.55950146021714	1.0
ORTHO001525	1	0.5133725715263837	-22.28670775343509	1.0
ORTHO003437	1	0.5134615371613565	-19.738827696365878	1.0
ORTHO001480	1	0.5134741337317734	-22.283046740962178	1.0
ORTHO002216	1	0.5134915936870371	-20.307004436143316	1.0
ORTHO000604_1	1	0.5135363054481008	-23.12278768696921	1.0
ORTHO004249	2	0.5138609032864286	-20.029566961489543	1.0
ORTHO000933	1	0.5140036368346879	-23.228032203581932	1.0
ORTHO001907	1	0.5142324940246843	-20.15468980888188	1.0
ORTHO000670_2	2	0.5143182531548705	-22.901994478574633	1.0
ORTHO003896	1	0.514766846025592	-20.813458938660435	1.0
ORTHO001352	1	0.5147681308047276	-24.021627213587035	1.0
ORTHO003451	1	0.5147976034473487	-21.543790711428212	1.0
ORTHO003142	1	0.5151883024604108	-20.694729045993974	1.0
ORTHO005338	1	0.5152759087207338	-19.983168508142715	1.0
ORTHO000325_1	2	0.5154458325997617	-23.248573574528066	1.0
ORTHO000263_2	1	0.5154606012833427	-19.32783664471806	1.0
ORTHO000907	2	0.5158010839204215	-25.241660978065937	1.0
ORTHO000829_1	2	0.5158505823683543	-17.942758057889577	1.0
ORTHO004745	1	0.5159728774527667	-19.360592404177076	1.0
ORTHO004274	1	0.5159976635654777	-19.16322333604323	1.0
ORTHO000351_1	1	0.516242236952454	-21.689486130381823	1.0
ORTHO004804	1	0.5167928168115875	-17.363937247921196	1.0
ORTHO001734	1	0.5168246969594874	-21.60257856543865	1.0
ORTHO000941_3	1	0.5170416190049122	-20.49724084487284	1.0
ORTHO005003	1	0.5170552533323196	-16.948424107481703	1.0
ORTHO003067	1	0.5171178142255755	-19.721877475813987	1.0
ORTHO004077	1	0.5172310992654682	-18.09541801957	1.0
ORTHO001028	1	0.5173731580571331	-23.19834426605382	1.0
ORTHO005827	1	0.5174992781199496	-17.873543344390995	1.0
ORTHO004315	1	0.5176923175070615	-18.654180195284614	1.0
ORTHO004346	1	0.5179015574425553	-18.505453073550974	1.0
ORTHO003069	1	0.5179493568712965	-19.903007083992847	1.0
ORTHO003182	1	0.5181311287116264	-22.625687200237813	1.0
ORTHO001009_1	2	0.5181481371474229	-20.791817229745963	1.0
ORTHO003228	1	0.518319301835044	-21.288159928722912	1.0
ORTHO000420_2	1	0.5183596552893194	-22.18844552100034	1.0
ORTHO004688	1	0.5184002371845632	-19.015867883480293	1.0
ORTHO002370	1	0.5184323324219392	-20.657970970600143	1.0
ORTHO005021	1	0.5184662203008202	-17.204333767680673	1.0
ORTHO004433	1	0.518500297049261	-18.65757023837711	1.0
ORTHO001615	1	0.5187991435851103	-20.765484140463812	1.0
ORTHO003850	1	0.5188089883444147	-20.753158554164578	1.0
ORTHO002561	1	0.5193077278959609	-19.6870660965303	1.0
ORTHO006459	1	0.5193200817305709	-19.854431901192157	1.0
ORTHO004676	1	0.5195375996850368	-19.487845675236304	1.0
ORTHO003780	1	0.5196839195292635	-19.01529284555868	1.0
ORTHO003527	1	0.5197026239563711	-23.241216601394886	1.0
ORTHO000991	1	0.5197385725132779	-23.081525529001226	1.0
ORTHO004924	1	0.5197695062843487	-19.096212834086913	1.0
ORTHO000662_2	1	0.5197907425850491	-19.1909317494613	1.0
ORTHO001235	1	0.519971261110554	-24.83912903788586	1.0
ORTHO000320_1	1	0.5200157572096148	-17.789197393228346	1.0
ORTHO005140	1	0.5202323930842735	-18.60133259866989	1.0
ORTHO003280	1	0.5202352431700894	-18.333196074359925	1.0
ORTHO000678_1	1	0.5202822967916804	-21.89013966176259	1.0
ORTHO005402	1	0.5203363385361265	-19.633455866081828	1.0
ORTHO005064	1	0.5203699861768201	-18.462367256208232	1.0
ORTHO005488	1	0.5204374421565505	-19.16547819129848	1.0
ORTHO001600	1	0.5204477416549644	-22.443155841708734	1.0
ORTHO005167	1	0.5207313231155868	-18.683213054052356	1.0
ORTHO004987	1	0.5209267026041603	-18.142530853714945	1.0
ORTHO002040	1	0.5209486683593989	-21.934011745031714	1.0
ORTHO002513	1	0.5209853813332872	-20.463807286920094	1.0
ORTHO003959	1	0.5209921840382757	-19.32018356152541	1.0
ORTHO000420_1	2	0.5210854083539428	-23.08667692575199	1.0
ORTHO001360	1	0.5212022921473609	-23.41293291832183	1.0
ORTHO000779_1	1	0.5213429007439665	-21.048570052783585	1.0
ORTHO004749	1	0.5216159127154627	-17.340902029303944	1.0
ORTHO003646	1	0.5216594355049304	-20.456635880068845	1.0
ORTHO003755	1	0.5217823435205352	-19.327476253307708	1.0
ORTHO003764	1	0.5219171459616002	-20.28137008964803	1.0
ORTHO003500	1	0.5220407352387578	-18.57423489658619	1.0
ORTHO001838	1	0.5222123927755589	-21.362910454765355	1.0
ORTHO002315	2	0.5223514582099381	-21.73325719651469	1.0
ORTHO004764	1	0.5223554152032969	-19.550211621413585	1.0
ORTHO001259	1	0.5225503204139265	-21.30466345517003	1.0
ORTHO002395	2	0.522899606806117	-21.687472677251638	1.0
ORTHO004121	1	0.5232511231227462	-22.620285718609026	1.0
ORTHO000913	1	0.523281073215869	-24.537316734240974	1.0
ORTHO004535	1	0.5233160667772101	-18.244270712202354	1.0
ORTHO004046	1	0.523503956488253	-18.86138597807471	1.0
ORTHO005630	1	0.5237055564870472	-17.144197115681184	1.0
ORTHO001791	2	0.5242192380045368	-20.852118666918937	1.0
ORTHO006150	1	0.5246277718297698	-17.117754704498616	1.0
ORTHO003403	1	0.5247063314248721	-19.4738275162432	1.0
ORTHO005412	1	0.5247746951031828	-19.37984267134471	1.0
ORTHO002803	1	0.5248449276165554	-19.551764934406926	1.0
ORTHO001165	1	0.5250254390511109	-24.50670829026983	1.0
ORTHO003404	1	0.52510911035884	-18.68956659205163	1.0
ORTHO002080	1	0.5251814271297033	-22.651403419810126	1.0
ORTHO002434	1	0.5253438404981581	-20.148115383564896	1.0
ORTHO000499_1	1	0.5254238963225526	-21.290023196791594	1.0
ORTHO005015	1	0.5254357017058277	-20.728630764729004	1.0
ORTHO001031	1	0.5254419326424781	-22.74014359266631	1.0
ORTHO004128	1	0.5257234665712591	-20.136181296866383	1.0
ORTHO003237	1	0.5257483631224996	-19.897460474286095	1.0
ORTHO002108	1	0.525749776381313	-19.858005741884597	1.0
ORTHO002406	1	0.5257572827718002	-20.670825035130996	1.0
ORTHO005024	1	0.5257903236875898	-17.6874501792423	1.0
ORTHO000925_1	1	0.5260191165657951	-18.597567498256627	1.0
ORTHO005650	1	0.526213422775824	-19.710266427304283	1.0
ORTHO003419	1	0.5263763579837295	-19.05044194266694	1.0
ORTHO006496	1	0.5263894173303487	-18.198283113183418	1.0
ORTHO004926	1	0.5264290833313623	-17.735588791512104	1.0
ORTHO001761	1	0.5265024438671937	-23.52800024780024	1.0
ORTHO003498	1	0.5265476391335118	-19.509145541729303	1.0
ORTHO001270_1	1	0.5265498456639811	-20.133419810219873	1.0
ORTHO001339	1	0.5266186330129513	-24.610916823261004	1.0
ORTHO003461	1	0.5267781674215866	-21.49234269488872	1.0
ORTHO003155	1	0.5270643798229141	-20.07858442163978	1.0
ORTHO002590	1	0.5271010446147983	-20.13669053526293	1.0
ORTHO005556	1	0.5271056033183005	-19.331003776785586	1.0
ORTHO000497_1	1	0.5271322605548547	-24.24214193663966	1.0
ORTHO001848	1	0.5271507071020443	-21.11195971519917	1.0
ORTHO004207	1	0.5271657352389326	-19.021781372671363	1.0
ORTHO005831	1	0.5272163327457541	-17.68024334807726	1.0
ORTHO003881	1	0.5273444073860011	-19.25543774985875	1.0
ORTHO001741	1	0.52761489373929	-22.6841136310132	1.0
ORTHO001241	1	0.5277700275155688	-23.779583931335072	1.0
ORTHO001412	1	0.5278398771259141	-22.359575797339478	1.0
ORTHO003314	1	0.5283314781350845	-19.057177553632037	1.0
ORTHO003355	1	0.5284544920091603	-20.537707313768955	1.0
ORTHO004437	1	0.5285215998732736	-22.036113756962127	1.0
ORTHO004522	1	0.5286291652046029	-20.054480975514863	1.0
ORTHO003506	1	0.5289287216201172	-19.95701018259236	1.0
ORTHO002612	2	0.529070524734367	-20.714207862034385	1.0
ORTHO004504	1	0.5293781652501128	-19.906481631453993	1.0
ORTHO003320	1	0.5297903406245098	-22.28005384895474	1.0
ORTHO004087	1	0.5298917754314386	-20.4839573464049	1.0
ORTHO003504	1	0.5300207206250415	-22.021002790231098	1.0
ORTHO006696	1	0.5301934879716051	-16.720652926017685	1.0
ORTHO006887	1	0.5301934879716051	-16.720652926017685	1.0
ORTHO001218	2	0.530212495561794	-23.728347410069738	1.0
ORTHO000561	1	0.5302326697911343	-26.52005937141242	1.0
ORTHO004502	1	0.5302487139783608	-18.111320144978368	1.0
ORTHO002950	1	0.5304974480801226	-20.636691504572575	1.0
ORTHO006006	1	0.5306330591775584	-16.872968576992	1.0
ORTHO000527_1	1	0.5306968395977306	-17.4302726558737	1.0
ORTHO000441_3	1	0.5308047943774433	-17.79945486654407	1.0
ORTHO003748	1	0.5309002422509205	-19.58795582337959	1.0
ORTHO004306	1	0.5310858693080752	-18.241669401945877	1.0
ORTHO006693	1	0.531120702548951	-16.930738524226264	1.0
ORTHO007004	1	0.531120702548951	-16.930738524226264	1.0
ORTHO002130	1	0.5311753786341582	-21.953020422904096	1.0
ORTHO005209	1	0.5312322792126879	-17.833389831741922	1.0
ORTHO001634	1	0.5312577964273668	-21.252936189218996	1.0
ORTHO005311	1	0.5313120399243167	-17.15031434306095	1.0
ORTHO005978	1	0.5313660296167259	-17.146033730425817	1.0
ORTHO003068	1	0.531388771272353	-19.537968996954355	1.0
ORTHO006832	1	0.5316666126988723	-17.071411940980287	1.0
ORTHO000760_2	1	0.5317206226763529	-17.62759414437934	1.0
ORTHO001553	1	0.5317608147371692	-23.070892622272783	1.0
ORTHO003611	1	0.5317884979516997	-20.579580847030556	1.0
ORTHO004876	1	0.5318463527456768	-17.687825676429533	1.0
ORTHO006149	1	0.5318693190438297	-17.759535409085288	1.0
ORTHO006162	1	0.5319698934097514	-17.338681676062865	1.0
ORTHO001157	1	0.5319769100055284	-23.67022033212466	1.0
ORTHO002225	1	0.5320369084630275	-22.396917100148737	1.0
ORTHO003652	1	0.5320534958856589	-19.79709604707169	1.0
ORTHO001769	1	0.5320680376967704	-23.900731362007388	1.0
ORTHO004499	1	0.532105832459104	-18.209220167531218	1.0
ORTHO006975	1	0.5322725813729045	-17.730371358971965	1.0
ORTHO003939	1	0.5323279045089648	-19.923462314159814	1.0
ORTHO003024	1	0.5323597808320297	-20.22638311338421	1.0
ORTHO006515	1	0.5323777063253216	-17.66454758640474	1.0
ORTHO006602	1	0.53241629003702	-17.47362279829994	1.0
ORTHO005960	1	0.5325670933552471	-17.850744925297356	1.0
ORTHO002266	1	0.5327208059951745	-21.419162355381495	1.0
ORTHO005286	1	0.5327733031347476	-18.232423088433226	1.0
ORTHO001080_1	1	0.5328158335852273	-19.96251409322358	1.0
ORTHO003034	1	0.5328318314097971	-20.651834281701152	1.0
ORTHO002033	1	0.5328547899556775	-19.911918256504507	1.0
ORTHO006880	1	0.5328923720541545	-17.924221696513907	1.0
ORTHO003411	1	0.5329325587278028	-20.28007100029482	1.0
ORTHO000322_3	1	0.5330399221381801	-24.461231214295534	1.0
ORTHO006671	1	0.533041708001213	-17.642744143387237	1.0
ORTHO000464_1	1	0.5330453773106791	-24.731393780520445	1.0
ORTHO001542	1	0.5331065773041614	-23.15103626756161	1.0
ORTHO006905	1	0.5333642191696849	-17.956393930162044	1.0
ORTHO000871	1	0.5334890834740045	-25.85578886086965	1.0
ORTHO000327_1	2	0.533492409772915	-29.50901888179575	1.0
ORTHO005074	1	0.5335015159775145	-18.4163721586842	1.0
ORTHO006594	1	0.5336460648865231	-19.6801802128103	1.0
ORTHO002362	1	0.5337973900212704	-20.931477671030603	1.0
ORTHO002354	1	0.5338828199359728	-19.68286615490596	1.0
ORTHO004138	1	0.5339325396384482	-18.264138097589704	1.0
ORTHO006457	1	0.5340870705917573	-17.857145922290993	1.0
ORTHO006700	1	0.5340914282848837	-18.471109476511078	1.0
ORTHO005622	1	0.5342481184613226	-18.219282758283956	1.0
ORTHO006101	1	0.5343067782676297	-18.34280866236382	1.0
ORTHO004694	1	0.5343565646664957	-19.216558051260602	1.0
ORTHO001524	1	0.5345828227075343	-23.359921104377754	1.0
ORTHO002002	1	0.5346211653196066	-20.544315375106173	1.0
ORTHO000454_2	1	0.5346399128380429	-21.791267125453967	1.0
ORTHO005971	1	0.5346630327712646	-18.2887276240842	1.0
ORTHO004737	1	0.5347979389058216	-19.69551343829802	1.0
ORTHO001315_1	1	0.5348318455803073	-19.262202574206647	1.0
ORTHO002601	1	0.5348908124850047	-19.460542820026877	1.0
ORTHO004498	1	0.5349835131795412	-17.86303446682819	1.0
ORTHO002077	1	0.5350191926722555	-21.861077151761734	1.0
ORTHO005970	1	0.535097401602495	-18.42334805334599	1.0
ORTHO004412	1	0.5351246893896277	-18.680830398077113	1.0
ORTHO000586_1	1	0.5351547169476347	-21.066363073001774	1.0
ORTHO002147	2	0.5351579545721166	-22.62649617773827	1.0
ORTHO001526	1	0.535178326647123	-22.227253033065644	1.0
ORTHO000359_1	1	0.5354883086366655	-19.86886046229743	1.0
ORTHO000387_1	2	0.5354890660010687	-27.87475862537331	1.0
ORTHO003279	1	0.5356276902768381	-19.948030311641862	1.0
ORTHO001573	2	0.53564295019516	-23.122644537889794	1.0
ORTHO001068_1	2	0.5358357092081947	-20.27934036778573	1.0
ORTHO006079	1	0.5359437751292255	-19.649799311317466	1.0
ORTHO003882	1	0.5359580980805541	-17.919863968262362	1.0
ORTHO001847	1	0.5360612046681834	-20.359322143024446	1.0
ORTHO003761	1	0.5360864923970652	-20.802581116864193	1.0
ORTHO001411	2	0.5361560361646701	-24.107363556880067	1.0
ORTHO000948_1	1	0.5367446271838151	-19.088211653541162	1.0
ORTHO002633	1	0.5369368295754572	-19.64724072273381	1.0
ORTHO003503	1	0.537026255640773	-19.60489617850375	1.0
ORTHO002383	1	0.5370816215945798	-20.275638657312772	1.0
ORTHO001675	1	0.5371072953786964	-23.1053534282381	1.0
ORTHO002719	1	0.5372688658567916	-22.69682715676228	1.0
ORTHO001539	1	0.5374899053347786	-22.33043108195003	1.0
ORTHO001020_1	2	0.5376527998129382	-20.298597786645725	1.0
ORTHO001462	2	0.5376588420038292	-22.29173918600928	1.0
ORTHO003886	1	0.5376853931717325	-18.15521115100997	1.0
ORTHO001690	1	0.5377197808365878	-24.10241473877946	1.0
ORTHO004523	1	0.5377928114185809	-18.177082284832842	1.0
ORTHO002241	1	0.5379848887867833	-21.194574429045016	1.0
ORTHO002673	1	0.5380890459484733	-18.680751128626085	1.0
ORTHO004452	1	0.5381215530846215	-21.153872306757783	1.0
ORTHO006688	1	0.5385379211077748	-17.03180961586103	1.0
ORTHO000270_1	1	0.5385556142961004	-28.609899949695247	1.0
ORTHO000886	2	0.538563540260348	-25.65717427548987	1.0
ORTHO000845_2	1	0.5386934331563684	-21.592165323003382	1.0
ORTHO004084	1	0.5386965981454648	-18.345059500151905	1.0
ORTHO001768	1	0.5387971931382006	-22.502710913766535	1.0
ORTHO007024	1	0.5388171810112147	-17.52634228678944	1.0
ORTHO003994	2	0.5388621290871672	-18.870277022991235	1.0
ORTHO003828	1	0.5390502265467915	-19.388982082608543	1.0
ORTHO006894	1	0.5390779374373551	-18.176774207791688	1.0
ORTHO003132	2	0.5391206850861029	-20.31765989312544	1.0
ORTHO004919	1	0.5391520188570819	-19.81615432011855	1.0
ORTHO004090	1	0.5392121261526435	-19.830087580201667	1.0
ORTHO004800	1	0.5392555219434827	-19.000817892506664	1.0
ORTHO003583	1	0.5392707332749577	-19.315681588251046	1.0
ORTHO006313	1	0.539327226682167	-18.16057995881901	1.0
ORTHO002852	1	0.5393525350486508	-19.835061059324445	1.0
ORTHO001585	1	0.539359199050964	-21.93233805019279	1.0
ORTHO003822	1	0.5394483200146893	-19.229768208482145	1.0
ORTHO001289	1	0.5395333380004161	-21.81538989507116	1.0
ORTHO004833	1	0.5395630483384225	-18.785846664632075	1.0
ORTHO001545	1	0.5395801500488654	-21.96345094292658	1.0
ORTHO005588	2	0.5395847768864287	-19.35049628977259	1.0
ORTHO002518	1	0.5396239662466552	-21.334307815523914	1.0
ORTHO004275	1	0.5396264502434146	-18.847140620487725	1.0
ORTHO001278	1	0.5397215607512997	-22.781133090730478	1.0
ORTHO001073_2	1	0.5398374132089372	-18.21491904708378	1.0
ORTHO000734	1	0.5398820741399953	-25.599537460635347	1.0
ORTHO001484	2	0.5399033661460149	-22.502223380761997	1.0
ORTHO001492	1	0.5399177760037518	-22.89687644420816	1.0
ORTHO004668	1	0.5399286863693661	-20.883149153566148	1.0
ORTHO001792	1	0.5399378286273849	-21.78141065156528	1.0
ORTHO000255_2	1	0.5399742718953852	-24.407175360199737	1.0
ORTHO003815	1	0.5400925263115702	-20.921638078389382	1.0
ORTHO006900	1	0.5402257588200507	-18.500501059705847	1.0
ORTHO001195	1	0.5402792459639044	-24.04029970925256	1.0
ORTHO001809	1	0.5402830409553615	-21.12168059588127	1.0
ORTHO004362	1	0.5403006621722486	-18.672200780941488	1.0
ORTHO002471	1	0.5404305869402268	-19.954823182318332	1.0
ORTHO005126	1	0.5404396964550726	-19.154682707868286	1.0
ORTHO000529_1	1	0.5404581981768632	-26.355141457490294	1.0
ORTHO000727	2	0.5405036213569002	-25.439401857871164	1.0
ORTHO003950	1	0.5405084142323245	-19.268847636672575	1.0
ORTHO004238	1	0.5405793798027685	-19.152499414197358	1.0
ORTHO001687	1	0.5405930295103698	-22.86904736388515	1.0
ORTHO001740	1	0.5406252908227708	-21.4764565479277	1.0
ORTHO002938	1	0.5409672144649748	-22.259991410632804	1.0
ORTHO005022	1	0.5410109693987449	-18.364897086953754	1.0
ORTHO001707	1	0.5410656571013062	-23.154328236145748	1.0
ORTHO003745	1	0.5412499704859842	-19.73345433886431	1.0
ORTHO000464_2	1	0.5414327139780529	-20.705938544697183	1.0
ORTHO000279_2	1	0.5416404751797501	-22.35359283471187	1.0
ORTHO000543_2	1	0.541768534807623	-20.7463648228455	1.0
ORTHO002475	1	0.5421050446574851	-22.389990233185067	1.0
ORTHO000480	1	0.5422530024242663	-28.823263039949204	1.0
ORTHO002694	1	0.5422967750827006	-21.536252055105873	1.0
ORTHO004361	1	0.5423388860280258	-18.804330127351747	1.0
ORTHO005320	1	0.5424593748323143	-20.342000639086216	1.0
ORTHO002804	1	0.5424905210638847	-19.911908980344275	1.0
ORTHO004649	1	0.542554792433605	-19.49778071031573	1.0
ORTHO001366_1	1	0.5429133064428926	-18.87096850292538	1.0
ORTHO002443	1	0.5431635610354506	-20.704939825341363	1.0
ORTHO004358	1	0.5432038872454205	-21.44214443744176	1.0
ORTHO002088	1	0.5433787096988038	-23.466819219328013	1.0
ORTHO001763	1	0.5435091895546894	-21.16025355718847	1.0
ORTHO003543	1	0.5435448470410014	-19.930897366537987	1.0
ORTHO004906	1	0.5436056959684564	-20.834553323453132	1.0
ORTHO001631	1	0.5437854969015736	-22.291124701387222	1.0
ORTHO002942	1	0.5441998817595597	-21.458591667464574	1.0
ORTHO003102	1	0.5442434187288641	-19.57941681395571	1.0
ORTHO001689	1	0.5443759822607908	-23.44212535741649	1.0
ORTHO005326	1	0.5444553339572626	-17.75812245716697	1.0
ORTHO002101_1	1	0.5444926937330165	-20.199655991148134	1.0
ORTHO000682_2	1	0.5445480357985618	-19.3369107138196	1.0
ORTHO002678	2	0.5445509431068982	-22.082050338599036	1.0
ORTHO002142	1	0.5447746363299234	-20.66485191931358	1.0
ORTHO001086_1	1	0.5448214901728744	-19.871598444576435	1.0
ORTHO000394_2	1	0.5448337705536341	-24.302972853762764	1.0
ORTHO000739	2	0.5448860928507484	-27.18016480040559	1.0
ORTHO002597	1	0.5449499307025011	-19.183839117853083	1.0
ORTHO004656	1	0.5452880820704387	-18.12799334375508	1.0
ORTHO003924	1	0.5453172512109593	-18.849973666796817	1.0
ORTHO002946	1	0.5454385576252199	-20.28321078745383	1.0
ORTHO000985	1	0.5456854635505651	-24.332964109294647	1.0
ORTHO005614	1	0.5457990472344054	-18.52902669127777	1.0
ORTHO004743	1	0.5459900434905698	-18.611214473894393	1.0
ORTHO001980	1	0.5462790951860983	-22.709132722065565	1.0
ORTHO001766	1	0.5463957714412119	-22.09352380372649	1.0
ORTHO000836	1	0.5464131052552412	-26.99650119154202	1.0
ORTHO001716	1	0.546435827216963	-22.776625138272458	1.0
ORTHO001085	1	0.5465102557248536	-23.44214989012638	1.0
ORTHO004034	2	0.5465206262558763	-20.731796525486033	1.0
ORTHO002786	1	0.5467050952240073	-20.228101257871483	1.0
ORTHO005137	1	0.5467127154643029	-17.689265354685748	1.0
ORTHO004832	1	0.5468999055928154	-18.662823921124804	1.0
ORTHO004872	1	0.5469426938854595	-20.07797399919395	1.0
ORTHO000647	1	0.5469851806389564	-25.40404707255892	1.0
ORTHO003028	1	0.54724923028197	-19.581140359793643	1.0
ORTHO003841	1	0.5472685506783125	-21.314506809775	1.0
ORTHO004076	1	0.5473720349426076	-19.51413611128931	1.0
ORTHO003791	1	0.5474513814154632	-18.54896514244597	1.0
ORTHO003107	1	0.5475007738765985	-20.49367777935769	1.0
ORTHO000678_2	1	0.5475858413728032	-19.345167535768702	1.0
ORTHO004396	1	0.5476030493302608	-19.21513090690405	1.0
ORTHO004190	1	0.5477233747251513	-21.080397092173214	1.0
ORTHO002726	1	0.5478821590535345	-20.32152784437543	1.0
ORTHO002276	1	0.5479803098464104	-22.395207493311027	1.0
ORTHO000314_1	1	0.5480117821938616	-22.014536895936256	1.0
ORTHO005237	1	0.5481963856847949	-18.410603972240864	1.0
ORTHO001528	1	0.548285124365051	-22.890176007239074	1.0
ORTHO004731	1	0.5483838495397643	-18.936992141940777	1.0
ORTHO002360	1	0.5483984416987818	-21.500261821439942	1.0
ORTHO003594	1	0.5484590382490575	-21.84710779660769	1.0
ORTHO003988	1	0.5484657684327501	-19.339192300660667	1.0
ORTHO002452	1	0.5487195560773728	-19.892038017947538	1.0
ORTHO003188	1	0.5487255654880066	-20.194297931991557	1.0
ORTHO000955_1	1	0.5488269332977131	-20.220679436512967	1.0
ORTHO002702	1	0.5490933649483355	-22.78222133147105	1.0
ORTHO000935	1	0.5491137499057522	-24.93324752065209	1.0
ORTHO001461	1	0.5491146865673049	-22.27565146350911	1.0
ORTHO002738	1	0.5493058844802192	-19.582709640975878	1.0
ORTHO004021	1	0.5494456414481806	-19.22065589460965	1.0
ORTHO000960	1	0.549957849120641	-24.19147816157019	1.0
ORTHO002152	1	0.5501635547875271	-22.099698383245755	1.0
ORTHO006524	1	0.5503439109987377	-17.723250867012776	1.0
ORTHO000573	1	0.550593021301002	-27.52663650764303	1.0
ORTHO001104_1	2	0.5506000668928999	-21.288551058814615	1.0
ORTHO000696_1	1	0.5508622926199963	-24.167707620059247	1.0
ORTHO002014	1	0.5510371087344763	-22.622016122834754	1.0
ORTHO002073	1	0.5515504274753655	-20.14692855596232	1.0
ORTHO005051	1	0.551610882841021	-18.22056969905131	1.0
ORTHO001389	2	0.5516351299735761	-23.170458593243506	1.0
ORTHO003052	1	0.5516383637510319	-22.59304872667781	1.0
ORTHO005065	1	0.5517780411453448	-17.932677841698826	1.0
ORTHO004772	1	0.5521106998365924	-17.774795933400636	1.0
ORTHO000490_2	1	0.5523273953263005	-22.458434267733022	1.0
ORTHO000490_1	1	0.5523518796070854	-23.428518572869717	1.0
ORTHO003150	1	0.552387471885508	-20.401746248411435	1.0
ORTHO001523	1	0.5524702889240897	-22.2752831886594	1.0
ORTHO003674	1	0.5526138888373807	-21.04959591805871	1.0
ORTHO004859	1	0.5528530020620165	-19.013749940724765	1.0
ORTHO002815	1	0.5529966704312912	-21.19871637975823	1.0
ORTHO001171	1	0.5530024153705412	-23.540720449582146	1.0
ORTHO000542	1	0.5530312222921112	-27.053401404831888	1.0
ORTHO000765_2	1	0.5530467546258726	-21.711858004363158	1.0
ORTHO003312	1	0.5532970962779873	-22.124736695860307	1.0
ORTHO001772	1	0.5533715039487658	-21.97048888188903	1.0
ORTHO002785	1	0.5533954786457284	-20.129576450543365	1.0
ORTHO001715	1	0.5535145570728557	-22.65154546005498	1.0
ORTHO003480	1	0.5536008281481563	-19.817590251681363	1.0
ORTHO001354_1	2	0.5537413953453342	-18.402478831364117	1.0
ORTHO005756	1	0.5537578575505684	-19.22873075701176	1.0
ORTHO001333	1	0.5538469045692255	-21.526328082795036	1.0
ORTHO005440	1	0.5540128721242281	-18.822542184130903	1.0
ORTHO001839	1	0.5540658895360094	-21.487986398945772	1.0
ORTHO002180	1	0.5543646417667352	-21.44273541509122	1.0
ORTHO005224	1	0.5545599178207541	-19.303676767799015	1.0
ORTHO003860	1	0.5545864661412964	-20.42424563052373	1.0
ORTHO005684	1	0.5546253370937212	-19.015082626018657	1.0
ORTHO002723	1	0.5546642295558284	-22.5960200194595	1.0
ORTHO002289	1	0.5548437317219634	-21.10440854176096	1.0
ORTHO005658	1	0.5549952729950326	-18.454028810449568	1.0
ORTHO006492	1	0.5550355771850884	-18.778495853740644	1.0
ORTHO001522	1	0.5552828499048936	-23.05785031221558	1.0
ORTHO002329	1	0.5553629569466806	-21.677736150852954	1.0
ORTHO000584_2	1	0.5553884092666546	-20.92071386591498	1.0
ORTHO002522	1	0.5554259640947522	-20.83292964365204	1.0
ORTHO003457	1	0.555434471410045	-23.040221917115772	1.0
ORTHO000701	1	0.5554737207101804	-26.508882661877067	1.0
ORTHO002102	1	0.555496873954944	-21.146967842034037	1.0
ORTHO004985	1	0.5555533264708663	-19.034608435660513	1.0
ORTHO000885_1	1	0.5556110704710695	-19.51056784416974	1.0
ORTHO001264	2	0.5556244113426037	-23.476029356270235	1.0
ORTHO004048	1	0.5556280204930464	-18.76979928922689	1.0
ORTHO003029	1	0.5556665135773412	-22.195959791416737	1.0
ORTHO003857	1	0.5558585664776299	-18.542000867954524	1.0
ORTHO005159	1	0.555898263389169	-19.07256236795273	1.0
ORTHO005524	1	0.5559296164870593	-19.424208168418524	1.0
ORTHO004356	1	0.5559746664160428	-19.525524145802763	1.0
ORTHO002753	1	0.5560141523565031	-20.385354521325816	1.0
ORTHO002068	1	0.5561488699125909	-22.00401151724035	1.0
ORTHO003656	1	0.5561831951423919	-19.87797572297304	1.0
ORTHO001002	2	0.5562213360480365	-25.102818050556493	1.0
ORTHO001571	1	0.5567465274078427	-21.948289219623142	1.0
ORTHO003992	1	0.5567722552618463	-19.686559733457223	1.0
ORTHO003846	1	0.5568756396535275	-19.18287796740834	1.0
ORTHO003898	1	0.5569902071957056	-24.137399380533836	1.0
ORTHO003114	2	0.5570012841017407	-19.547132261813026	1.0
ORTHO000623	1	0.5572311096926186	-25.93869751712237	1.0
ORTHO001258	1	0.5574391116162809	-23.23709899923515	1.0
ORTHO005259	1	0.5574501140596391	-19.84721334202358	1.0
ORTHO002706	1	0.5574858926073374	-20.6525235245287	1.0
ORTHO004684	1	0.5575316874753887	-20.071356115165383	1.0
ORTHO003893	1	0.5575806487210865	-20.461950366413188	1.0
ORTHO004080	1	0.5576043857067025	-20.18746144206843	1.0
ORTHO003948	1	0.557849139197961	-18.36870770085395	1.0
ORTHO000967	1	0.557980645066389	-26.587354441574423	1.0
ORTHO000303_1	1	0.5582188260074837	-22.62504210237082	1.0
ORTHO001501	1	0.5585409655460678	-24.078592333138474	1.0
ORTHO000716	1	0.5585912500360626	-26.893549711397732	1.0
ORTHO002954	1	0.5586578485595941	-23.216284266809186	1.0
ORTHO001863	1	0.5587300128363059	-22.368446880372918	1.0
ORTHO004336	1	0.558759420363577	-20.139480362671957	1.0
ORTHO005935	1	0.5590146878352025	-19.309737299716815	1.0
ORTHO000842_1	1	0.5590506115412415	-22.99541636081262	1.0
ORTHO002800	1	0.5591835463304626	-21.53984430298446	1.0
ORTHO004226	1	0.5592641175314143	-20.96519338186195	1.0
ORTHO002892	1	0.5592919827300961	-21.911117588244718	1.0
ORTHO000756	1	0.5595629093749149	-25.151617035370574	1.0
ORTHO003105	1	0.5596850351284718	-23.907719647225715	1.0
ORTHO000956	1	0.5600780995667267	-25.297275783036216	1.0
ORTHO003649	1	0.5602039565871842	-20.198732638975677	1.0
ORTHO004031	1	0.5602628004802351	-19.735199432730884	1.0
ORTHO001260	1	0.5603064993562046	-23.53193530531574	1.0
ORTHO000258_2	1	0.5603112748217476	-20.163161813574906	1.0
ORTHO003687	1	0.5604925161622936	-21.503145863430934	1.0
ORTHO001568	2	0.5606314140260215	-23.24408361112495	1.0
ORTHO000987	1	0.5607257176761918	-24.99793445995092	1.0
ORTHO002213	1	0.5607836822846787	-22.84221551821645	1.0
ORTHO002445	1	0.5608693235866524	-22.769202575860238	1.0
ORTHO000715_3	1	0.5609099057442879	-21.657787529314927	1.0
ORTHO005947	1	0.5609368378180191	-19.040498482660855	1.0
ORTHO003660	1	0.5611455527241203	-20.061824599232146	1.0
ORTHO006166	1	0.561145655034733	-20.165993779908078	1.0
ORTHO006746	1	0.5613770323129691	-18.74518594595787	1.0
ORTHO000455_2	1	0.5615668185140171	-19.62489764925957	1.0
ORTHO000288_2	1	0.5616944466565799	-22.616277879080545	1.0
ORTHO006835	1	0.5621907933769161	-18.695881330168493	1.0
ORTHO004849	1	0.5624891278860809	-20.848277843995675	1.0
ORTHO004115	1	0.5628094719434807	-19.86557045256067	1.0
ORTHO004880	1	0.5629908674670114	-20.072100394443854	1.0
ORTHO003409	1	0.5630304847106825	-19.86350146117962	1.0
ORTHO001262	1	0.5631143589040265	-24.50615392600185	1.0
ORTHO005396	1	0.5631650484064835	-19.63946286284235	1.0
ORTHO001399	1	0.5631687339279493	-23.858329081714512	1.0
ORTHO003459	1	0.5631881248493671	-19.94594230633439	1.0
ORTHO001393_1	1	0.5632986171383108	-19.524472245783056	1.0
ORTHO001166_1	1	0.5633580718166812	-22.27210958474944	1.0
ORTHO003574	1	0.5635048261951701	-22.3976621366777	1.0
ORTHO000525_1	1	0.5635173332493526	-22.03676485654143	1.0
ORTHO002222	1	0.563603859286624	-22.63263051920593	1.0
ORTHO006837	1	0.5637802053157404	-19.68681260764828	1.0
ORTHO002781	1	0.5637879699018424	-23.07560533835736	1.0
ORTHO001041	1	0.5639097418965457	-25.809426204949624	1.0
ORTHO005966	1	0.5640262704652403	-17.614343537644892	1.0
ORTHO000656_1	1	0.5641189702385452	-23.0237080616603	1.0
ORTHO004562	1	0.5641667026505909	-22.52182816511565	1.0
ORTHO001154	2	0.5644320565090897	-23.895810242027743	1.0
ORTHO000852	2	0.5644443161633427	-26.176973586243793	1.0
ORTHO003223	1	0.5651058624512351	-19.491537112954244	1.0
ORTHO003278	1	0.5651966141618395	-20.622282588042765	1.0
ORTHO006193	1	0.5652786098387864	-18.10379519271057	1.0
ORTHO004552	1	0.5653044828903633	-18.269273209083522	1.0
ORTHO004765	1	0.5654160582280189	-20.579247468178366	1.0
ORTHO000990	1	0.5654841257153254	-23.79615008296668	1.0
ORTHO003335	2	0.5655048380059824	-21.971461831458	1.0
ORTHO002356	2	0.5656674926266763	-22.041526503929123	1.0
ORTHO005890	1	0.5656768172277913	-18.66585370542147	1.0
ORTHO003368	1	0.5657105972155575	-21.815932822391428	1.0
ORTHO005640	1	0.5658021265072091	-17.74173181464438	1.0
ORTHO001929	1	0.5658522925170648	-23.243908951913543	1.0
ORTHO005997	1	0.5659386601654002	-17.965046967700932	1.0
ORTHO001343	1	0.5660130447105862	-26.788027222401084	1.0
ORTHO003229	1	0.5661479656019355	-22.362022399921518	1.0
ORTHO005447	1	0.5661690438975739	-19.212702459368355	1.0
ORTHO005449	1	0.5661693899999056	-19.14676445202288	1.0
ORTHO001151	1	0.5662255712709773	-22.62775466453888	1.0
ORTHO000394_1	1	0.5662311969726793	-22.48824735524401	1.0
ORTHO005128	1	0.5663341207686204	-20.691777736922795	1.0
ORTHO005328	1	0.5663497198257705	-18.914520834674896	1.0
ORTHO006906	1	0.5663645441655909	-17.78241200712049	1.0
ORTHO002834	1	0.5665202240327499	-21.129416347438486	1.0
ORTHO003414	1	0.5666086534480088	-22.393026356105416	1.0
ORTHO004682	1	0.5667003848574816	-19.246115387642487	1.0
ORTHO005705	1	0.5669670513037959	-18.161044582982477	1.0
ORTHO003900	1	0.5670996446837961	-20.73924471936757	1.0
ORTHO006709	1	0.5671197169161072	-20.423978000584043	1.0
ORTHO005282	1	0.5671245402854023	-18.284801808542234	1.0
ORTHO002548	1	0.5671633157518715	-20.842397344665937	1.0
ORTHO004424	1	0.567188010253554	-18.856910852762415	1.0
ORTHO002778	1	0.5672118510062828	-22.374297346667152	1.0
ORTHO006140	1	0.5675450246649175	-18.386031297913018	1.0
ORTHO002322	1	0.5677686987445835	-20.552384150080094	1.0
ORTHO004866	1	0.5678080918291623	-19.879695733672648	1.0
ORTHO004495	1	0.5678151326806491	-19.616490660654193	1.0
ORTHO000746_1	1	0.5678235591254068	-23.177190086341703	1.0
ORTHO000667	1	0.5678615446579451	-26.687521943122753	1.0
ORTHO001365	2	0.5678860501954822	-22.698597200385375	1.0
ORTHO004496	1	0.5679812452697938	-20.32082967893634	1.0
ORTHO006895	1	0.5680217114995383	-17.984271215793676	1.0
ORTHO000952	1	0.568107685536743	-24.12422243892786	1.0
ORTHO006278	2	0.5681214766548214	-18.326123734935383	1.0
ORTHO003044	1	0.5682087155279946	-19.94875608971347	1.0
ORTHO004417	1	0.5682573368408859	-19.139770228159406	1.0
ORTHO002696	1	0.5683273681980121	-22.093430461517077	1.0
ORTHO003582	1	0.568353306517821	-20.465173239388804	1.0
ORTHO004028	1	0.5683876032330916	-18.409579962928355	1.0
ORTHO005523	1	0.5684020982523659	-20.405343799526793	1.0
ORTHO001280_1	1	0.5686972527385964	-21.997536769090935	1.0
ORTHO005334	1	0.5687456986038977	-18.986511891748407	1.0
ORTHO005529	1	0.5688435367721777	-19.973989044227658	1.0
ORTHO006210	1	0.5688511010649716	-18.50477996591293	1.0
ORTHO004938	2	0.5688624879363617	-19.84198295283126	1.0
ORTHO001026	1	0.5689078332514717	-25.74300558945657	1.0
ORTHO004050	1	0.5690351952864213	-21.424494066234313	1.0
ORTHO000254_3	1	0.5691825170999806	-22.704422719030443	1.0
ORTHO001487	1	0.569258349998838	-23.13340084802296	1.0
ORTHO003763	1	0.5693137091941071	-21.768908777383754	1.0
ORTHO005315	1	0.5693809236033294	-18.615342110518714	1.0
ORTHO006199	1	0.569491883168018	-19.304420754858864	1.0
ORTHO004580	1	0.5697783818329083	-18.973403714943437	1.0
ORTHO007147	1	0.5697884667645373	-18.5459764261559	1.0
ORTHO000867	1	0.5697958839855048	-27.39482492603934	1.0
ORTHO004687	1	0.5698176780321096	-19.837152682885048	1.0
ORTHO004681	1	0.5698795553256715	-19.154446302368815	1.0
ORTHO002531	1	0.5698803817852528	-22.820626136573416	1.0
ORTHO001902	1	0.5698868757427152	-22.487423327013175	1.0
ORTHO003226	1	0.5700663533572562	-20.23191922455948	1.0
ORTHO006010	1	0.5701270368557763	-19.03025819005087	1.0
ORTHO006580	1	0.5702290490592714	-18.621640721692856	1.0
ORTHO002914	1	0.5703762649653253	-20.35010910169697	1.0
ORTHO004848	1	0.570498184313381	-18.791070650145564	1.0
ORTHO000320_2	1	0.5705208014603246	-22.860629437634607	1.0
ORTHO005090	1	0.5705419470920509	-19.38097263061562	1.0
ORTHO005014	1	0.5705550824711402	-18.792647741263174	1.0
ORTHO004652	1	0.5705791942903485	-21.977449083841325	1.0
ORTHO004821	1	0.5706318651420111	-19.875567250236298	1.0
ORTHO006020	1	0.5708122865428182	-19.93372784851169	1.0
ORTHO003590	1	0.5710322120340433	-19.037301828196323	1.0
ORTHO005836	1	0.571066281120663	-18.57144925111177	1.0
ORTHO003338	1	0.5711880414435047	-21.288388300962193	1.0
ORTHO003819	1	0.5712947428181944	-20.618695840987126	1.0
ORTHO001970	1	0.5713478350597626	-21.055705646385938	1.0
ORTHO001584	1	0.5715239706602739	-23.824399134954856	1.0
ORTHO003390	1	0.5715323577007936	-21.58758207481673	1.0
ORTHO002787	1	0.5715913226374272	-21.339379325507675	1.0
ORTHO003366	1	0.5716913647924431	-19.79811781192787	1.0
ORTHO002190	1	0.5717440954771081	-22.407303428106975	1.0
ORTHO006935	1	0.5718112634006673	-20.69304801186561	1.0
ORTHO003263	1	0.5718894860103739	-19.562234513744695	1.0
ORTHO004518	1	0.5719495413748145	-20.45841148143921	1.0
ORTHO004180	1	0.5720014477234279	-22.833692160803736	1.0
ORTHO002937	1	0.5720703069246499	-20.36398907318133	1.0
ORTHO005438	1	0.5720870291085359	-20.674609539130152	1.0
ORTHO003632	1	0.5721326836343037	-20.25307283221278	1.0
ORTHO004368	1	0.5721838955436693	-20.586297589487046	1.0
ORTHO006315	1	0.5726014633712811	-17.596469532928378	1.0
ORTHO005025	1	0.5726093209597761	-20.400471779050477	1.0
ORTHO003529	1	0.5729287683731227	-22.936652435782204	1.0
ORTHO006529	1	0.5732047688611753	-18.36948938530769	1.0
ORTHO002593	2	0.5732437130766247	-22.500329292038213	1.0
ORTHO005962	1	0.5732744652525861	-20.457749827509623	1.0
ORTHO001478_1	1	0.5732949373828283	-21.347003802900513	1.0
ORTHO001353	1	0.5734862012033718	-23.53463152697175	1.0
ORTHO000809	1	0.5735219671607437	-25.746467822343533	1.0
ORTHO001800	1	0.5735501105088887	-21.661807050393346	1.0
ORTHO000375_3	1	0.5736769048717277	-22.354613501795004	1.0
ORTHO000940	1	0.5736847376790137	-24.696646015486536	1.0
ORTHO000938	1	0.5737872903773215	-23.757770915960215	1.0
ORTHO003453	1	0.5738040026052436	-20.490316636626975	1.0
ORTHO002943	1	0.5738097804705681	-21.220156744730183	1.0
ORTHO004509	1	0.5738728440411502	-19.103359269930042	1.0
ORTHO006365	1	0.573875516476756	-17.798360525252523	1.0
ORTHO001261	1	0.5739725636439793	-24.900363081667056	1.0
ORTHO007416	1	0.5740546347769372	-18.850227946250918	1.0
ORTHO005631	1	0.5740728602600175	-17.996601305618903	1.0
ORTHO001754	1	0.5740910883397672	-21.63597698615059	1.0
ORTHO001440	1	0.5741131419736206	-23.087028115702815	1.0
ORTHO007127	1	0.5741260688497027	-18.173422658418964	1.0
ORTHO004239	1	0.5741492001102634	-21.014000153703417	1.0
ORTHO006353	1	0.5741545714715763	-17.757743465147247	1.0
ORTHO003879	1	0.5742771680453234	-19.35149673834761	1.0
ORTHO005256	1	0.5744416859689333	-18.666594691063416	1.0
ORTHO002982	1	0.5747332028177842	-20.433250708087474	1.0
ORTHO002763	1	0.5747547599183744	-20.240093587680697	1.0
ORTHO003445	2	0.5747759302315367	-20.835868496655277	1.0
ORTHO002186	1	0.5748856106655685	-21.725768630034615	1.0
ORTHO004223	1	0.5750156561928281	-20.552240210403426	1.0
ORTHO004640	1	0.5750632717939048	-20.046472122085156	1.0
ORTHO003009	1	0.5750638382686681	-21.421999689672216	1.0
ORTHO001309	1	0.5751395048647313	-24.837199723131686	1.0
ORTHO003845	1	0.5751474649563795	-19.114587615904263	1.0
ORTHO001304	1	0.5751511629088436	-23.27298730361153	1.0
ORTHO003354	1	0.5751896245587034	-20.35051893135488	1.0
ORTHO007366	1	0.575192778160432	-18.47914355961844	1.0
ORTHO005551	1	0.5752216028891334	-18.78604059133981	1.0
ORTHO002903	1	0.5752280640764972	-20.548357594495613	1.0
ORTHO002649	1	0.575245629864979	-20.290104278168275	1.0
ORTHO005124	1	0.5752594645118303	-18.86467078160984	1.0
ORTHO002277	1	0.5753783024396472	-22.51973800494143	1.0
ORTHO000256_2	1	0.5753934556192397	-26.209682008564243	1.0
ORTHO001082_2	1	0.5754011001794396	-21.591491928180876	1.0
ORTHO005697	1	0.5756306418363271	-18.277606316803947	1.0
ORTHO005814	1	0.5756412895799301	-18.741280301918753	1.0
ORTHO004297	1	0.5756523749043145	-19.116757205644834	1.0
ORTHO001163	1	0.5756843916187442	-25.38853472575163	1.0
ORTHO007286	1	0.5757403703263907	-18.99975287380277	1.0
ORTHO002969	1	0.575861268185862	-22.411661540231652	1.0
ORTHO003729	1	0.5759078053697547	-19.731606707890123	1.0
ORTHO000258_1	2	0.5760276693316413	-27.041432244785664	1.0
ORTHO004767	1	0.5760567985255389	-21.33724809331422	1.0
ORTHO004055	1	0.5761087818371744	-21.829365144247404	1.0
ORTHO006735	1	0.5761263633561525	-18.652751820571208	1.0
ORTHO006156	1	0.5761826556199339	-19.255838879494913	1.0
ORTHO007125	1	0.5762214399186744	-19.369520104350215	1.0
ORTHO001454_1	1	0.5763205313068875	-19.02762183498698	1.0
ORTHO006333	1	0.5764126060333119	-19.200057252553933	1.0
ORTHO000626_1	1	0.5764462196223821	-21.335312135506562	1.0
ORTHO002019	1	0.5764826246866926	-22.364428028358226	1.0
ORTHO005303	1	0.5764930377250491	-18.41266264471752	1.0
ORTHO004006	1	0.5766027092815252	-20.904497076530212	1.0
ORTHO006957	1	0.5766221216633955	-18.716465887927317	1.0
ORTHO004827	1	0.5766227133668326	-19.51587782957567	1.0
ORTHO005156	1	0.576626096206688	-21.754669533890603	1.0
ORTHO007510	1	0.5766611882388393	-18.25251470759311	1.0
ORTHO007409	1	0.5766914848286996	-19.37666332430032	1.0
ORTHO004532	1	0.5767340990578935	-19.202888116420915	1.0
ORTHO002473	1	0.5767538208138873	-21.44442646337697	1.0
ORTHO003494	2	0.5768274005968138	-19.70310034253511	1.0
ORTHO006461	1	0.5770496444066054	-18.50789402846916	1.0
ORTHO004746	1	0.5772144374814353	-19.857097014162754	1.0
ORTHO000435_3	1	0.5772219649129512	-22.006986560225286	1.0
ORTHO003217	1	0.5775410557014946	-19.457137178050537	1.0
ORTHO004829	1	0.5776169078528867	-21.468826473188418	1.0
ORTHO001891	1	0.5778407902542363	-23.851949490389792	1.0
ORTHO000693	1	0.5778836881281293	-25.40916526232418	1.0
ORTHO005859	1	0.5779158406956805	-19.237244715936328	1.0
ORTHO001945	1	0.5779409526530821	-20.991664375414032	1.0
ORTHO002449	1	0.5779990598383944	-21.80233531093891	1.0
ORTHO007431	1	0.5781048833435124	-17.344162883161236	1.0
ORTHO000257_2	1	0.5781383752038856	-25.907301827200552	1.0
ORTHO001580_1	1	0.5782229977748027	-19.429508635334113	1.0
ORTHO003993	1	0.578368076278109	-20.65798954355398	1.0
ORTHO003452	1	0.5784537560071673	-20.47774108099371	1.0
ORTHO007421	1	0.5785022882179622	-20.186085717827137	1.0
ORTHO000432	1	0.5785588003021845	-29.513225332232288	1.0
ORTHO003251	1	0.578592520966355	-21.25184903935212	1.0
ORTHO006460	1	0.578860403256315	-19.9682397612363	1.0
ORTHO004781	1	0.5788829622644601	-18.569296929546415	1.0
ORTHO003842	1	0.5788982766153651	-20.429405623469652	1.0
ORTHO002905	1	0.5790397747378297	-22.13078962408741	1.0
ORTHO007303	1	0.5790768712704025	-17.480243459403926	1.0
ORTHO000352_1	1	0.5790869554924739	-26.490920043173034	1.0
ORTHO007445	1	0.5791292045070209	-19.34301207227957	1.0
ORTHO007181	1	0.5791797437591856	-17.485979975907682	1.0
ORTHO007375	1	0.5791797437591856	-17.485979975907682	1.0
ORTHO005750	1	0.5792590708191903	-19.776215906596324	1.0
ORTHO002865	1	0.579363189953462	-20.258937113966876	1.0
ORTHO002698	2	0.5793838044353986	-23.90172434610533	1.0
ORTHO005994	1	0.5794570534676832	-20.672807686950293	1.0
ORTHO001239_1	1	0.5796824378443848	-20.934491136701773	1.0
ORTHO000845_1	2	0.5797350462981853	-20.30371243312463	1.0
ORTHO000668_1	1	0.5797615838001708	-25.062786347458076	1.0
ORTHO007275	1	0.5797860119061689	-17.604241473633916	1.0
ORTHO002963	1	0.5798199531647192	-20.705554698236185	1.0
ORTHO006245	1	0.5798478269450006	-20.080825573396567	1.0
ORTHO001549	1	0.5799687159695974	-23.82216610752463	1.0
ORTHO001456	1	0.5799918376790872	-25.280058547208643	1.0
ORTHO003493	1	0.58001942154039	-21.143736909004144	1.0
ORTHO007503	1	0.5801654553746083	-20.425075424751846	1.0
ORTHO005781	1	0.5801693657406926	-19.98580061816343	1.0
ORTHO001156	1	0.5802038600544027	-27.639499840825977	1.0
ORTHO006374	1	0.5802143420898428	-17.662646267813813	1.0
ORTHO002824	1	0.580288333132644	-22.853641607548052	1.0
ORTHO005444	1	0.5802960604814336	-21.03108660886371	1.0
ORTHO000899	1	0.5803288996336025	-25.203569932814958	1.0
ORTHO005832	1	0.5803638448467506	-18.76746638381635	1.0
ORTHO006394	1	0.5804118504422546	-18.33372461123011	1.0
ORTHO004258	1	0.5804469084496927	-21.302418352499974	1.0
ORTHO004512	1	0.580514842924304	-20.67078523864379	1.0
ORTHO001162	1	0.5805392186165866	-23.325246482017352	1.0
ORTHO003786	1	0.5807270630714275	-21.42761371848479	1.0
ORTHO001014_1	1	0.5807535521242477	-22.07873476316802	1.0
ORTHO002530	1	0.5808471717132005	-21.28280348850024	1.0
ORTHO007270	1	0.5810476882009794	-17.767886974293674	1.0
ORTHO007273	1	0.5810476882009794	-17.767886974293674	1.0
ORTHO005100	1	0.5810763411683673	-19.671287028219705	1.0
ORTHO007142	1	0.5810935613666259	-18.288791564327138	1.0
ORTHO004673	1	0.5811650655995941	-19.698743910940735	1.0
ORTHO005670	1	0.581165887262207	-20.94278645202697	1.0
ORTHO002384	2	0.581244526571116	-23.570326754750653	1.0
ORTHO005131	1	0.5812911245527279	-18.22136239354085	1.0
ORTHO000448_1	2	0.5813043009709455	-25.19019367358643	1.0
ORTHO001449	2	0.5814153304905753	-23.663834782678407	1.0
ORTHO003535	1	0.581505918923824	-19.496944486612996	1.0
ORTHO002565	1	0.5817519922263916	-20.918315124636237	1.0
ORTHO002524	1	0.5818398287919868	-22.83251339996984	1.0
ORTHO006390	1	0.581896885451732	-17.97232919110187	1.0
ORTHO001212	2	0.5819166691250867	-24.37332831871455	1.0
ORTHO000392_1	1	0.581978729964515	-22.83044163711646	1.0
ORTHO007293	1	0.5820058078978405	-17.814305986952018	1.0
ORTHO000487_2	1	0.5820985678684288	-21.972127780001788	1.0
ORTHO004233	1	0.5821385406840086	-21.659360501690323	1.0
ORTHO007119	1	0.5821886974638488	-19.89195056439288	1.0
ORTHO002466	1	0.5822856021280636	-21.61253029456064	1.0
ORTHO007367	1	0.5822967690799801	-18.945643981471513	1.0
ORTHO005276	1	0.5823010437211141	-21.441268333898886	1.0
ORTHO006142	1	0.5823033472325373	-18.10180378705392	1.0
ORTHO007324	1	0.5823898333447285	-17.98372579321422	1.0
ORTHO005518	1	0.5823952557253119	-19.84423835974765	1.0
ORTHO004293	1	0.582487245642887	-21.583314812799042	1.0
ORTHO000819_1	1	0.5825505354897802	-22.590124129511008	1.0
ORTHO003274	2	0.582617091167627	-20.505966995206965	1.0
ORTHO007145	1	0.5826404929536082	-19.377924271378905	1.0
ORTHO005883	1	0.5826990474542489	-19.634444176332224	1.0
ORTHO002533	1	0.5827002557183356	-21.258623216400647	1.0
ORTHO005054	1	0.5827398039374581	-19.97072698898585	1.0
ORTHO007413	1	0.5827876020516948	-19.396100482448396	1.0
ORTHO003620	1	0.5827959069453683	-19.56870052923346	1.0
ORTHO004909	1	0.5828394687587978	-20.504536375615764	1.0
ORTHO000740_1	1	0.5828733935906892	-23.392667856008377	1.0
ORTHO003834	2	0.5828872755058799	-19.94361911575305	1.0
ORTHO006331	1	0.5829121483204746	-18.532010655291895	1.0
ORTHO003243	2	0.5829419111219521	-20.14739360273823	1.0
ORTHO004660	1	0.5829457426739016	-20.554772637945813	1.0
ORTHO007157	1	0.5829626385395799	-19.47305284598546	1.0
ORTHO005671	1	0.5829913302238857	-18.780373897355272	1.0
ORTHO003486	1	0.582999255570614	-19.493177667087682	1.0
ORTHO004678	1	0.5830548362938204	-19.906298747507233	1.0
ORTHO000832	2	0.5831380753338553	-26.759748114373114	1.0
ORTHO007404	1	0.5831990559206829	-19.68812279448592	1.0
ORTHO002143	2	0.5832394942591579	-22.663928541817288	1.0
ORTHO001470	2	0.5832972726599714	-24.297907885217956	1.0
ORTHO004710	2	0.5833089034179981	-19.404104948580933	1.0
ORTHO002975	1	0.5833222111475639	-20.474678279422562	1.0
ORTHO001964	1	0.5833348859424156	-22.682664838135917	1.0
ORTHO003372	1	0.5833734044312667	-24.926351471310326	1.0
ORTHO001442	1	0.5834827218511374	-24.835160717037304	1.0
ORTHO005134	1	0.5834965960723169	-21.552778156260924	1.0
ORTHO007443	1	0.583497697481555	-18.58318144937703	1.0
ORTHO007292	1	0.583522157882494	-18.711957196650342	1.0
ORTHO002172	1	0.5835271534269559	-23.258435417746696	1.0
ORTHO006012	1	0.5835607782891539	-18.964049391594678	1.0
ORTHO003667	2	0.5835912825411811	-20.06079524777347	1.0
ORTHO000296	2	0.5837054258859901	-30.867820397864115	1.0
ORTHO002380	1	0.5837135803431038	-20.148600536201478	1.0
ORTHO002036	1	0.5837339587619755	-21.92139460712633	1.0
ORTHO006452	1	0.5837867172007559	-19.016781225965662	1.0
ORTHO004323	1	0.5838162744668012	-19.165159608556504	1.0
ORTHO001232	1	0.5838557942694508	-26.510463447301508	1.0
ORTHO003977	1	0.5838960444738681	-20.404049810087763	1.0
ORTHO001136	1	0.5839020887199653	-24.938207676982355	1.0
ORTHO007298	1	0.5840102745707454	-19.723860716039237	1.0
ORTHO007201	1	0.5840178683703465	-18.958200393004905	1.0
ORTHO003701	1	0.5840438962242931	-19.064412981208093	1.0
ORTHO000930	1	0.5840801625179349	-25.314725639708147	1.0
ORTHO005317	1	0.5840827478077885	-18.407505673804877	1.0
ORTHO004353	1	0.5842215029365477	-21.026183169340726	1.0
ORTHO005513	1	0.5842814918705251	-21.63241937995131	1.0
ORTHO002230	1	0.5844015901676629	-21.354429978003196	1.0
ORTHO004319	1	0.5844123899866341	-18.846870084884742	1.0
ORTHO000819_2	1	0.5844262962414362	-21.720471794256017	1.0
ORTHO002227	1	0.5844774878097118	-21.769306869675738	1.0
ORTHO003025	1	0.5847692908772751	-20.767619582268672	1.0
ORTHO004797	1	0.5847887644115342	-19.27644220198519	1.0
ORTHO003005	1	0.5848324335145181	-21.8685093526407	1.0
ORTHO006545	1	0.584847333997846	-18.45632259102741	1.0
ORTHO000363_1	2	0.5849107678622177	-23.56591479466322	1.0
ORTHO001185	1	0.5849247432298225	-23.354156794181492	1.0
ORTHO005028	1	0.5850468039469792	-20.028128632442684	1.0
ORTHO000441_2	1	0.585082154572444	-21.439551318267412	1.0
ORTHO007380	1	0.5851141868290627	-19.373612752648004	1.0
ORTHO004537	1	0.5851608272314276	-19.314079494774877	1.0
ORTHO002872	1	0.5852175969192066	-21.3791811449641	1.0
ORTHO003336	1	0.5852298365272268	-19.361810625771074	1.0
ORTHO000732	1	0.585421116322379	-26.796976814953847	1.0
ORTHO001895	2	0.5854494404997069	-22.765603448186145	1.0
ORTHO004751	1	0.5855431850072504	-20.113917221465154	1.0
ORTHO005059	2	0.5855809559140139	-22.099091664270706	1.0
ORTHO001403	1	0.5856617776808992	-23.34240963969994	1.0
ORTHO005494	1	0.5857724186645488	-18.66622088170048	1.0
ORTHO003970	1	0.5860715428434966	-22.35864066597652	1.0
ORTHO002855	1	0.5862094120885782	-21.32695796109731	1.0
ORTHO003945	1	0.5862553638677356	-21.72141383787217	1.0
ORTHO001975	1	0.5862560380501998	-23.48839101834559	1.0
ORTHO001533	1	0.5863647998876077	-24.197342835345083	1.0
ORTHO003318	1	0.5863792321472827	-20.05124398582495	1.0
ORTHO002291	1	0.5864544333358125	-24.577388852851612	1.0
ORTHO004771	1	0.5864777741105115	-19.698489017635676	1.0
ORTHO000374_2	1	0.586702568923674	-21.777347560284493	1.0
ORTHO000428	1	0.586761706433485	-28.54510733828446	1.0
ORTHO000269_1	1	0.5867894939877802	-25.84052913267751	1.0
ORTHO001184_1	1	0.5867927621201903	-22.197080621818674	1.0
ORTHO004431	1	0.5868231136531366	-20.419849373440677	1.0
ORTHO002997	1	0.5869419564732684	-21.17201658698235	1.0
ORTHO002396	2	0.5869569020330578	-20.635870467141345	1.0
ORTHO004598	1	0.5870114826959466	-20.045401781590922	1.0
ORTHO004145	1	0.5870363459477254	-21.81865453326932	1.0
ORTHO002462	1	0.5870563782809787	-21.673274350860506	1.0
ORTHO004722	1	0.5871119879468563	-20.682249991671917	1.0
ORTHO000500_2	1	0.5873389339531561	-24.56834952712584	1.0
ORTHO002709	1	0.5874262795734868	-23.429884508080832	1.0
ORTHO003196	1	0.5874596954069667	-21.366527528644383	1.0
ORTHO002321	1	0.5874696895368055	-21.738058517348893	1.0
ORTHO001024	2	0.5876587458174645	-24.15620977840179	1.0
ORTHO001827	1	0.5877317647367412	-23.31278417489347	1.0
ORTHO005093	1	0.5877467785351534	-19.925330664027125	1.0
ORTHO000583	1	0.5877817853520749	-28.028066931404627	1.0
ORTHO002563	1	0.5878606052046131	-21.65676763878202	1.0
ORTHO003462	1	0.5880124341520973	-22.56326104399988	1.0
ORTHO006096	1	0.5880516524085212	-19.689930732859498	1.0
ORTHO000976	2	0.5881177468534359	-27.601645425119692	1.0
ORTHO002506	1	0.5881683321908082	-22.18962129348066	1.0
ORTHO005715	1	0.5882712738402911	-18.535960293575755	1.0
ORTHO001951	1	0.5882772372356279	-24.632591462977917	1.0
ORTHO002176	1	0.5885915982192569	-21.4345108260994	1.0
ORTHO001818	1	0.5886168378790654	-23.45538564288676	1.0
ORTHO003071	1	0.5886543912524786	-22.55841596683747	1.0
ORTHO001103	1	0.5889332502994133	-25.17967885494039	1.0
ORTHO002976	1	0.5890226930875161	-22.225613716069105	1.0
ORTHO004058	1	0.589100921554645	-19.49247198296589	1.0
ORTHO002751	2	0.5892598774884766	-20.34141280636124	1.0
ORTHO005351	1	0.5892742596647511	-19.52590816806523	1.0
ORTHO002648	1	0.5893266145053401	-21.522984300356267	1.0
ORTHO000587	1	0.5893279974957422	-28.01788903104535	1.0
ORTHO002922	1	0.5893430842726959	-21.37863944405113	1.0
ORTHO003883	1	0.5894587619136646	-21.777191543872416	1.0
ORTHO005113	1	0.5895326314815781	-19.29796920821774	1.0
ORTHO002158	1	0.5896976009576613	-23.99802846059797	1.0
ORTHO001434	2	0.589773152810786	-23.301630047094935	1.0
ORTHO003297	1	0.5899093546434412	-22.459588043764512	1.0
ORTHO002832	1	0.589978490135829	-21.054570611705525	1.0
ORTHO003101	1	0.5901682161950592	-21.46019464209776	1.0
ORTHO001079	1	0.5901982256987715	-23.78928854586655	1.0
ORTHO004284	1	0.5904396662021294	-20.72860537031231	1.0
ORTHO001562	1	0.5904724603703058	-22.468658712399083	1.0
ORTHO003979	1	0.5906247525921213	-20.667503620312672	1.0
ORTHO004456	1	0.5908320982429202	-19.21476698567549	1.0
ORTHO001477	1	0.5909175419583249	-23.6131510362309	1.0
ORTHO003149	1	0.5909184704134238	-23.257397805815906	1.0
ORTHO001844	1	0.5909580153515717	-23.038512375829267	1.0
ORTHO002540	1	0.5909643468958844	-21.021753925395426	1.0
ORTHO000839_1	1	0.5910241705984414	-22.09428671828355	1.0
ORTHO000414_1	1	0.5910933476608432	-25.531487117696354	1.0
ORTHO003768	1	0.5912588723154492	-20.559851066165365	1.0
ORTHO000937_1	1	0.5913794272818972	-21.290717598314746	1.0
ORTHO005274	1	0.5915424585956693	-19.055443816798505	1.0
ORTHO005158	1	0.5915568026409175	-19.626108098682685	1.0
ORTHO001662	2	0.591580082122718	-22.232101707391877	1.0
ORTHO003117	1	0.5917190084839886	-22.380890621236222	1.0
ORTHO005478	1	0.591896472493096	-21.109148749267533	1.0
ORTHO001130_1	1	0.5919590025221995	-25.11966388669127	1.0
ORTHO004716	2	0.5920725648205992	-18.588763026314734	1.0
ORTHO001034	1	0.5921218056977335	-25.628589790395992	1.0
ORTHO005706	1	0.592134389029911	-21.53418383231384	1.0
ORTHO003015	2	0.5921894065833724	-20.449651981256665	1.0
ORTHO000451_2	1	0.5923389517710709	-23.289642998402257	1.0
ORTHO001102	1	0.5924878857625208	-24.464778260582904	1.0
ORTHO002018	1	0.5925894657335199	-21.964267780317527	1.0
ORTHO004955	1	0.5927338106008493	-19.35586269388245	1.0
ORTHO002048	1	0.5928099500394377	-22.38343825658745	1.0
ORTHO004011	1	0.5928476886313884	-20.497711491448808	1.0
ORTHO002387	1	0.5929643927066041	-23.757487198200565	1.0
ORTHO001810	1	0.5930497660273955	-23.384852919021338	1.0
ORTHO003921	1	0.5930551941168781	-21.524646474977335	1.0
ORTHO002151	1	0.5931563348987012	-21.704616010111252	1.0
ORTHO001274_1	1	0.5932587411297099	-21.171115121082394	1.0
ORTHO003635	1	0.5932845729526577	-22.458339720612035	1.0
ORTHO002989	1	0.593309767899788	-23.267843336332163	1.0
ORTHO004316	1	0.593724164550886	-21.000235714308968	1.0
ORTHO002459	1	0.5938006071573041	-23.410742937048497	1.0
ORTHO003954	1	0.5938648483962471	-20.834146968283584	1.0
ORTHO004093	1	0.5940944232315256	-19.521276361785308	1.0
ORTHO007158	1	0.5940954749304795	-17.79796363479366	1.0
ORTHO003094	1	0.5941365566657185	-22.18181387921439	1.0
ORTHO000924	1	0.5941590093786023	-25.199728279931453	1.0
ORTHO003276	1	0.5945553342749214	-21.204700368813892	1.0
ORTHO000283_1	2	0.5945951541785509	-28.150964982303684	1.0
ORTHO003241	1	0.594612185659817	-22.93799341081892	1.0
ORTHO001880	1	0.5946595551504799	-22.393427338314847	1.0
ORTHO003976	1	0.5948656747515702	-22.000598337923687	1.0
ORTHO004108	1	0.5949538650417993	-20.335190368856576	1.0
ORTHO005270	1	0.5949698105063074	-20.305080190747866	1.0
ORTHO001977	1	0.5950821372090331	-21.40333884607984	1.0
ORTHO004780	1	0.5951941833929704	-20.375487077326472	1.0
ORTHO003528	1	0.5952007504629061	-21.77536152898613	1.0
ORTHO000550	1	0.5952296035365879	-27.810791900442528	1.0
ORTHO004222	2	0.5952616004374106	-20.610833922169412	1.0
ORTHO007422	1	0.5953078753316324	-18.002762560024703	1.0
ORTHO005466	1	0.5953171233913679	-19.16684942827243	1.0
ORTHO004352	1	0.5954001538392469	-19.150308269904507	1.0
ORTHO002224	1	0.5954253530591046	-21.632574871405854	1.0
ORTHO002629	1	0.5955693720577727	-20.878696447725382	1.0
ORTHO001084	1	0.5958007037058071	-24.30154271601941	1.0
ORTHO003986	1	0.595835036828662	-20.89530968060647	1.0
ORTHO000955_2	1	0.5958720441468334	-22.332789292282442	1.0
ORTHO000304_1	2	0.5958763211690619	-23.81558706554599	1.0
ORTHO003671	1	0.5959967007812322	-20.898510520306786	1.0
ORTHO004435	1	0.59601043690439	-21.80768903339557	1.0
ORTHO000870	1	0.5961780738446242	-27.600863549319897	1.0
ORTHO005868	1	0.5962250504826284	-20.635167352031637	1.0
ORTHO004485	1	0.5964229963785344	-20.347211501041315	1.0
ORTHO002249	1	0.5964551824405655	-20.810582570737377	1.0
ORTHO001133_1	1	0.5964743236281069	-21.202588714774492	1.0
ORTHO003637	1	0.5967396141858512	-20.57271978075002	1.0
ORTHO004759	1	0.5968436257936699	-21.02393026327212	1.0
ORTHO002442	1	0.5968456953434611	-23.90125745952483	1.0
ORTHO002357	1	0.5968682080971963	-21.08787640774479	1.0
ORTHO001656	1	0.5969338488388248	-24.56472803555571	1.0
ORTHO001359	1	0.5969596664864356	-23.842358977262503	1.0
ORTHO003984	1	0.5970897192054948	-22.174255305133524	1.0
ORTHO006015	1	0.5972282091144884	-20.455229388726256	1.0
ORTHO001551	1	0.5973315605251999	-24.702319889295442	1.0
ORTHO004735	2	0.5973854204304513	-19.05306107211775	1.0
ORTHO000438	1	0.5974111859193018	-31.636838520806332	1.0
ORTHO002327	1	0.5974118633083811	-21.266838775987278	1.0
ORTHO001892	1	0.597578867345397	-22.64790748406845	1.0
ORTHO005053	1	0.5976023803339274	-19.14049965350605	1.0
ORTHO001188	1	0.5976431364603282	-25.21874711179492	1.0
ORTHO004766	2	0.5976875585915714	-21.128478233626275	1.0
ORTHO000790	1	0.5977687119474765	-27.24357094466953	1.0
ORTHO005066	1	0.5978743097718552	-20.46983645320896	1.0
ORTHO001671	1	0.5979722950988859	-22.747397774336736	1.0
ORTHO001303	1	0.5980337542824858	-23.411543964459003	1.0
ORTHO005118	1	0.598086544276749	-19.112392684820634	1.0
ORTHO003598	1	0.5981275410010808	-20.31570893480473	1.0
ORTHO004590	1	0.5982637435602991	-19.807663533451194	1.0
ORTHO003488	2	0.5982745651728799	-20.229216032480387	1.0
ORTHO004142	1	0.5983078332535638	-20.149505899905286	1.0
ORTHO002705	1	0.5983819867299637	-20.501336242440953	1.0
ORTHO006004	1	0.59851517707453	-18.663025148862324	1.0
ORTHO005307	1	0.5987109845987987	-19.516904508471182	1.0
ORTHO000468_2	1	0.598737797960531	-21.462384966446933	1.0
ORTHO004893	1	0.5988332342579149	-22.12389805288998	1.0
ORTHO001957	1	0.5988470984087467	-23.468883206323532	1.0
ORTHO000369_1	1	0.598869441885584	-21.47437640233086	1.0
ORTHO003365	1	0.5989668771476934	-20.596622186440477	1.0
ORTHO003727	1	0.5993018592817404	-26.41872930627608	1.0
ORTHO004744	1	0.5993024392325679	-19.914970442414532	1.0
ORTHO002207	1	0.5993038443765899	-24.393196577575164	1.0
ORTHO001923	1	0.5994763973177589	-21.912145166137623	1.0
ORTHO000564_1	1	0.5994867071030094	-23.20263966778536	1.0
ORTHO004632	1	0.5996413503104765	-20.255316395283764	1.0
ORTHO002690	1	0.5996640231737059	-22.732768675433277	1.0
ORTHO004199	1	0.599709972399846	-19.937492560454533	1.0
ORTHO005016	1	0.5997259440150835	-19.91654448873245	1.0
ORTHO003638	1	0.5997842846537008	-20.116624950166845	1.0
ORTHO005477	1	0.5997870912632857	-19.14775492574388	1.0
ORTHO003324	1	0.6001266856981048	-22.379644749769305	1.0
ORTHO001035	1	0.6001345285710982	-26.274558786976133	1.0
ORTHO000803_1	1	0.6001644592813705	-21.61730948845726	1.0
ORTHO004225	1	0.6002069715376889	-21.422596128779855	1.0
ORTHO000997	1	0.6002342721406397	-27.617404547199495	1.0
ORTHO006119	1	0.600274798177143	-21.212215296445628	1.0
ORTHO001267	2	0.6004574590957	-24.349686407196675	1.0
ORTHO005409	1	0.6005321493797133	-20.323021398714975	1.0
ORTHO003642	2	0.6005652308733817	-22.554782374341073	1.0
ORTHO002527	1	0.6005984295556154	-21.60433638651001	1.0
ORTHO000395_1	2	0.6006206479740981	-27.98590292548655	1.0
ORTHO005397	1	0.6007620742539347	-18.325695095471392	1.0
ORTHO003708	1	0.6009030894436568	-20.41987344264139	1.0
ORTHO005999	1	0.6009031997781658	-19.17186303237001	1.0
ORTHO005732	1	0.6009705958168212	-19.40864694520673	1.0
ORTHO001532	1	0.6010763632854461	-24.91882491723849	1.0
ORTHO001797	1	0.6011419133236289	-22.639644416904016	1.0
ORTHO004008	1	0.601208821280544	-20.784148503838743	1.0
ORTHO003849	1	0.6012535212051023	-20.498951616728398	1.0
ORTHO001300	1	0.6012787332147994	-24.94768674630279	1.0
ORTHO003525	1	0.6013365822326012	-22.982243990275965	1.0
ORTHO001879	1	0.6014292946290383	-24.17778445000531	1.0
ORTHO001565	1	0.6014518319824236	-23.725558323355028	1.0
ORTHO000854	1	0.6014824779945609	-26.8106761675383	1.0
ORTHO004519	1	0.6016427757102527	-21.737791028106855	1.0
ORTHO001506	1	0.6017553806647414	-23.874868346570032	1.0
ORTHO001820	2	0.6018312041132445	-24.221002453869435	1.0
ORTHO002029	1	0.6018860067128544	-22.756222172001756	1.0
ORTHO001368	2	0.6019223778173306	-23.90854537985292	1.0
ORTHO000791	1	0.6019486220931635	-26.6632632539418	1.0
ORTHO004551	1	0.6020770754121929	-19.673097768471195	1.0
ORTHO004290	1	0.6020855118319799	-19.157729025982594	1.0
ORTHO000578	1	0.6021385587770098	-26.4996911709829	1.0
ORTHO001592	1	0.6022182514572803	-23.818913127018398	1.0
ORTHO005824	1	0.6022919814072353	-18.210292473503802	1.0
ORTHO000440_1	1	0.6026218665818075	-24.040001152224708	1.0
ORTHO000361_2	1	0.6027590722569509	-24.533950722559542	1.0
ORTHO005357	1	0.6027784978978373	-18.772145352017173	1.0
ORTHO006719	1	0.6028140717411683	-18.93429775639427	1.0
ORTHO001832	2	0.602944279941059	-21.56980069506269	1.0
ORTHO004989	1	0.6030035986587863	-20.195972693649473	1.0
ORTHO006463	2	0.6030502711470404	-18.254806324349243	1.0
ORTHO005945	1	0.6030815720804338	-18.513534111301812	1.0
ORTHO001471	1	0.6030955344428751	-24.653658462284042	1.0
ORTHO002294	1	0.6032121994122476	-24.04477450763063	1.0
ORTHO005936	1	0.60327121919223	-18.97791563507382	1.0
ORTHO003540	1	0.6034643759131992	-19.195683561339518	1.0
ORTHO005659	1	0.603472448718926	-20.164329108996743	1.0
ORTHO002085	1	0.6036316756548751	-23.125784267072376	1.0
ORTHO000288_3	1	0.6036696966944043	-21.575618285264998	1.0
ORTHO004042	1	0.6037160851032534	-20.729987038110316	1.0
ORTHO002113	1	0.603748286053743	-24.607708897997206	1.0
ORTHO003508	1	0.6039554994099261	-21.521468613012274	1.0
ORTHO000475_2	1	0.6040048972753194	-19.142059791504487	1.0
ORTHO002306	1	0.6041018975307716	-23.580172711944662	1.0
ORTHO002194	2	0.6041071597881458	-21.11913751797078	1.0
ORTHO004527	1	0.6041300035421531	-21.623037859317797	1.0
ORTHO004789	1	0.6042666276165021	-20.199741106024963	1.0
ORTHO001050_2	1	0.6043080804291233	-22.104712069825514	1.0
ORTHO002876	2	0.6043142563943955	-23.79786992280594	1.0
ORTHO004606	1	0.6045140884651846	-20.628496353957612	1.0
ORTHO003232	1	0.6045888339518735	-24.160213365935054	1.0
ORTHO004385	1	0.6047369729253064	-22.246152899639718	1.0
ORTHO005500	1	0.6048769827216101	-19.040122143696124	1.0
ORTHO004268	1	0.6049954402108384	-21.905151070866182	1.0
ORTHO000478	1	0.6050702974456487	-28.232055912424464	1.0
ORTHO004063	1	0.605197472038758	-20.910155789681355	1.0
ORTHO002991	1	0.6051990927544826	-21.75744840362727	1.0
ORTHO006523	1	0.6052703423918849	-19.291221114137205	1.0
ORTHO003485	1	0.605273493961303	-21.064916341605283	1.0
ORTHO005627	1	0.6053217786022027	-18.705291229079602	1.0
ORTHO006346	1	0.6053482707953982	-19.781998433122517	1.0
ORTHO001817	1	0.6053494122031693	-23.257875004080603	1.0
ORTHO003967	1	0.605392106036215	-20.881259090598437	1.0
ORTHO002573	1	0.605407979027674	-22.474316642065766	1.0
ORTHO000344_1	1	0.605517503994738	-25.841938930018344	1.0
ORTHO001436	1	0.6056359673712582	-24.82327321448402	1.0
ORTHO004921	1	0.6056510532054679	-21.75293647326004	1.0
ORTHO002547	1	0.6056705987481165	-21.85627529505874	1.0
ORTHO004693	1	0.6058048163552834	-19.747803844158298	1.0
ORTHO002707	2	0.6059464051793332	-22.16452273842691	1.0
ORTHO001432	1	0.6061393155864748	-24.810268047619953	1.0
ORTHO005701	1	0.6061673740107635	-21.508399466490552	1.0
ORTHO007183	1	0.6061770241421515	-21.768670314522847	1.0
ORTHO000920_1	1	0.6062998097187043	-20.43357036579977	1.0
ORTHO003722	1	0.6065154321998887	-22.10042405385271	1.0
ORTHO001179	2	0.6066325091485139	-25.17209276690552	1.0
ORTHO003917	1	0.6066953301972676	-20.55066495249789	1.0
ORTHO001319	1	0.6067104032928732	-24.763080044070808	1.0
ORTHO001428	1	0.6067775279441553	-26.074409097307818	1.0
ORTHO000995_1	1	0.606792101546405	-22.460996534128686	1.0
ORTHO003364	1	0.6068690377097643	-21.352685135569054	1.0
ORTHO001138_2	1	0.6068944356955117	-19.270932999804838	1.0
ORTHO003818	1	0.6069115490852328	-24.5317937430851	1.0
ORTHO004529	1	0.6069202663681004	-19.62639513220624	1.0
ORTHO005027	1	0.6069494700524904	-19.70399183302822	1.0
ORTHO002889	1	0.6070036029716079	-21.607120313454995	1.0
ORTHO002350	1	0.6070408023602728	-21.148879303441532	1.0
ORTHO004602	1	0.6070642604161101	-20.157141737678824	1.0
ORTHO004528	1	0.6070957655041266	-21.307668934943248	1.0
ORTHO005539	1	0.6071523541931697	-20.28258592707126	1.0
ORTHO000369_2	1	0.6072122673864303	-24.699873408821464	1.0
ORTHO004870	1	0.6072149077793103	-20.99990444679917	1.0
ORTHO006927	1	0.607237530838529	-19.84174237720171	1.0
ORTHO004711	2	0.6072474171474809	-19.406199347975406	1.0
ORTHO005923	2	0.6075029842888676	-18.97946970281532	1.0
ORTHO000382_3	1	0.6075337951641937	-22.10292418217835	1.0
ORTHO002221	1	0.6075500018187612	-23.9550440678395	1.0
ORTHO007639	1	0.6075540063241078	-19.580161860037233	1.0
ORTHO001245	1	0.6075731133075024	-23.724820703149767	1.0
ORTHO004704	1	0.6076956456829624	-19.258937106600495	1.0
ORTHO007620	1	0.6077599556889236	-20.115120003674996	1.0
ORTHO000282_1	1	0.6078465177144146	-27.86548610344714	1.0
ORTHO001003	2	0.607976982291704	-25.580748827288325	1.0
ORTHO005323	1	0.6080521389391018	-20.070745109454904	1.0
ORTHO002140	1	0.6080623068227813	-23.952984004933935	1.0
ORTHO002045	1	0.6080879625703971	-22.794745419620774	1.0
ORTHO003447	1	0.6082198372846602	-21.76588083136515	1.0
ORTHO000654_3	2	0.6082217208385496	-19.593554111092725	1.0
ORTHO001500	1	0.6082705837562259	-23.862136440567006	1.0
ORTHO004779	1	0.6082718131543621	-19.87588303362993	1.0
ORTHO005598	2	0.6085474683578646	-19.04221711246938	1.0
ORTHO004165	1	0.6086224259960353	-20.837441480553917	1.0
ORTHO000762	1	0.6086663989627346	-25.265877592835636	1.0
ORTHO005041	1	0.6087317162800886	-20.14051756496934	1.0
ORTHO004846	2	0.6089033135597198	-22.46755055868738	1.0
ORTHO002437	1	0.6090333841550715	-23.371983195228978	1.0
ORTHO001405	2	0.6090522759095708	-24.039817101671883	1.0
ORTHO002672	1	0.6091089505420043	-21.936018475287533	1.0
ORTHO005976	1	0.6091095658679971	-18.798919008655705	1.0
ORTHO004742	1	0.6091161796391192	-21.248209918271286	1.0
ORTHO000880	1	0.6091282240188548	-26.125189701155808	1.0
ORTHO006294	1	0.609147783805624	-20.14031830484024	1.0
ORTHO001158	1	0.6093596366468537	-24.531810999071315	1.0
ORTHO002034	1	0.6093779693568544	-23.74964342187846	1.0
ORTHO001612	1	0.6094587100081135	-23.907362423884067	1.0
ORTHO001713	1	0.6096105668816496	-24.293292761721872	1.0
ORTHO001574	2	0.6096254024550886	-23.02118523516772	1.0
ORTHO003200	1	0.6096499829749215	-20.651969484317007	1.0
ORTHO003796	1	0.6097799121549756	-21.223776574909678	1.0
ORTHO004019	2	0.6097996814541966	-20.735182158686722	1.0
ORTHO006943	1	0.6098615831554636	-19.781067035418275	1.0
ORTHO006830	1	0.6098788138118183	-19.739462341612224	1.0
ORTHO007429	1	0.6099106581719952	-21.086188283725658	1.0
ORTHO006021	1	0.6099280889011041	-20.639459992947916	1.0
ORTHO002494	1	0.6099743154921534	-23.336553410967664	1.0
ORTHO001841	1	0.6100094224258819	-24.41171778231823	1.0
ORTHO007868	1	0.6100327137971592	-19.881230660532278	1.0
ORTHO004957	1	0.6100834963941344	-21.165983690364495	1.0
ORTHO007827	1	0.6100844920604398	-19.491539733713243	1.0
ORTHO001796	2	0.6101000571873306	-22.83573586840486	1.0
ORTHO005191	1	0.6101648462388302	-20.08722427868586	1.0
ORTHO001642	1	0.6103109503196653	-23.977216167711454	1.0
ORTHO002715	1	0.6104646952229864	-20.74451755163321	1.0
ORTHO005143	1	0.6106515115948795	-21.816017125195827	1.0
ORTHO002880	1	0.6107887064334039	-22.508787896818607	1.0
ORTHO001489_1	1	0.610831361933225	-21.628458810346356	1.0
ORTHO003369	1	0.6108570345557921	-22.91757113409594	1.0
ORTHO002165	2	0.610993767543176	-22.527701791636915	1.0
ORTHO005679	1	0.6110318267413761	-21.362058843596156	1.0
ORTHO003218	1	0.6110645697923758	-21.998550532270016	1.0
ORTHO004847	1	0.6112362873093033	-21.55093578424755	1.0
ORTHO005977	1	0.6114065954044946	-20.633497912284895	1.0
ORTHO003651	1	0.6114138386374933	-20.60881656773494	1.0
ORTHO006758	1	0.6114845048385875	-20.141719135737144	1.0
ORTHO005244	2	0.6114940487227705	-20.002157902788447	1.0
ORTHO003820	1	0.6115397399540768	-21.567958088069396	1.0
ORTHO004131	1	0.6116706294156905	-19.429836294549265	1.0
ORTHO004858	1	0.6117134358944726	-24.359961442779834	1.0
ORTHO004815	1	0.6118550521030757	-20.254036474508663	1.0
ORTHO007580	1	0.6119522364538497	-21.32021567142502	1.0
ORTHO005749	1	0.6119800898956733	-20.054558829938944	1.0
ORTHO006125	1	0.6120280089642074	-20.49160221105471	1.0
ORTHO001676	1	0.612141269682399	-25.384592664741362	1.0
ORTHO001144	2	0.6122258556883728	-27.879089372662413	1.0
ORTHO000651_1	1	0.612249768315736	-23.81178630592753	1.0
ORTHO006123	1	0.6122548959291984	-22.247957610918395	1.0
ORTHO004587	1	0.6122577741649416	-19.584760531872746	1.0
ORTHO005655	1	0.6123785819482572	-20.744870147402573	1.0
ORTHO003603	1	0.612388461866459	-23.00346431167623	1.0
ORTHO000653_1	1	0.6124199965696174	-29.059495863774245	1.0
ORTHO005527	1	0.6124227298046186	-21.479022917881604	1.0
ORTHO003852	1	0.6124363191825573	-19.575440570646233	1.0
ORTHO003356	1	0.6125289835941714	-20.97337704430076	1.0
ORTHO005809	1	0.6125557341577824	-23.231161765587743	1.0
ORTHO003110	1	0.6126643223330308	-22.535018344019015	1.0
ORTHO006455	1	0.6126767326544248	-19.589499864935583	1.0
ORTHO004561	1	0.6127774532964514	-19.27118736947202	1.0
ORTHO003360	1	0.6128492638755122	-22.159226065767662	1.0
ORTHO004418	1	0.6129271887498672	-21.671085821988655	1.0
ORTHO002051	1	0.6129831887835875	-21.883628060706954	1.0
ORTHO007192	1	0.6130371895417086	-20.870179966472925	1.0
ORTHO001073_1	1	0.6130393530544649	-20.328047293880303	1.0
ORTHO004200	1	0.6130560116002475	-21.380958857609507	1.0
ORTHO006192	1	0.6132030527903856	-18.899837581503792	1.0
ORTHO004628	1	0.6132408447521025	-20.68607103504943	1.0
ORTHO004589	1	0.6132608053661964	-20.949276915503543	1.0
ORTHO005019	1	0.6133319956002643	-21.02015763505148	1.0
ORTHO004064	1	0.6133445977268378	-20.515179145807206	1.0
ORTHO001237	1	0.613477199770017	-24.718719654646574	1.0
ORTHO001835	1	0.6134938838054801	-23.77376023457081	1.0
ORTHO003599	1	0.6135536821288061	-20.65927865006352	1.0
ORTHO004686	1	0.6135835610547276	-20.61799147111768	1.0
ORTHO002549	1	0.613593613067193	-22.808988068201135	1.0
ORTHO001751	1	0.6137095847678011	-24.67822932254319	1.0
ORTHO005359	2	0.6138639140245874	-19.032872269768646	1.0
ORTHO004286	1	0.6139282712212423	-20.341412465986156	1.0
ORTHO000444_1	1	0.6141257117839524	-26.33040224980317	1.0
ORTHO001643	1	0.6141671289146302	-22.331135524433495	1.0
ORTHO002874	1	0.6141806875104158	-22.03728931487343	1.0
ORTHO000299	3	0.6143920576518352	-30.676547677775616	1.0
ORTHO007446	1	0.6144820173098832	-19.651300889995312	1.0
ORTHO001655	1	0.6145205792957205	-23.206457049494343	1.0
ORTHO003747	1	0.6145270783207724	-20.187886064053878	1.0
ORTHO003586	1	0.6145628034868242	-23.6712122603925	1.0
ORTHO005095	1	0.6147537689391787	-20.37830040017971	1.0
ORTHO004489	1	0.614811772774726	-20.29498539420195	1.0
ORTHO002708	1	0.6148490093040405	-23.203859191205776	1.0
ORTHO004263	1	0.6148927389315082	-21.449105133639275	1.0
ORTHO002944	1	0.6149297821333662	-21.58412031251009	1.0
ORTHO000564_2	1	0.6151323289181229	-20.913740874089786	1.0
ORTHO003991	1	0.6151778480144352	-21.841502395095993	1.0
ORTHO005511	1	0.6152501447254383	-20.321912503147455	1.0
ORTHO006930	1	0.6152827717600642	-18.114353540991406	1.0
ORTHO004295	1	0.6153064264092274	-22.105352050603734	1.0
ORTHO004394	1	0.6153465917766464	-20.666840757119378	1.0
ORTHO004350	1	0.6153656719572358	-22.929864746383082	1.0
ORTHO003628	1	0.6154419404810034	-21.91175850772242	1.0
ORTHO005115	1	0.6155675050443731	-22.705925958026047	1.0
ORTHO002131	1	0.615595995104816	-23.81371236101208	1.0
ORTHO004470	2	0.6156210451942611	-19.87497628115554	1.0
ORTHO001886	1	0.6156563609737951	-25.46043677958372	1.0
ORTHO007442	1	0.6158053062357894	-21.13884079127555	1.0
ORTHO007468	1	0.615867930400568	-19.787162493306376	1.0
ORTHO004220	1	0.6158839718226555	-21.107756880187186	1.0
ORTHO004696	1	0.6159622953123947	-20.40995046735865	1.0
ORTHO003358	1	0.6161616349081908	-20.231956720987643	1.0
ORTHO003433	1	0.6161732379374246	-21.26567180704218	1.0
ORTHO003785	1	0.6162069437424058	-21.89303747513125	1.0
ORTHO006697	1	0.6162554231817285	-18.259518580081128	1.0
ORTHO004097	1	0.6162719485198802	-23.764733398324935	1.0
ORTHO000392_3	1	0.6162831053015191	-20.965976969897266	1.0
ORTHO002566	1	0.6162932380129824	-21.62473304680948	1.0
ORTHO006711	1	0.6165350183228505	-18.276501684064876	1.0
ORTHO004988	1	0.6165614679954133	-22.11446508800091	1.0
ORTHO004004	1	0.6165708265674972	-21.81769151803023	1.0
ORTHO000363_2	2	0.6166105424400602	-24.181410440010517	1.0
ORTHO000408_1	2	0.616611208894481	-25.46879618794838	1.0
ORTHO005423	1	0.6166677020298262	-20.878875690549535	1.0
ORTHO005142	1	0.6166920737966517	-23.59452391097049	1.0
ORTHO002431	2	0.6166977038116216	-22.430856389804124	1.0
ORTHO001443	2	0.6169367112266113	-23.571706462599675	1.0
ORTHO006879	1	0.6170226978486217	-19.682137814867772	1.0
ORTHO003643	1	0.6170415268344699	-21.32609851298052	1.0
ORTHO003400	1	0.6170647664512356	-21.4000817558647	1.0
ORTHO001883	2	0.6171984927693392	-22.3513551815405	1.0
ORTHO003340	1	0.6172042054069264	-21.38250000138222	1.0
ORTHO006717	1	0.6173029382880981	-19.061246383813288	1.0
ORTHO004775	1	0.6173684573720513	-19.938190552256362	1.0
ORTHO002523	1	0.6175069584741145	-21.029007495089033	1.0
ORTHO002351	1	0.6175169234466087	-21.342013503281155	1.0
ORTHO004500	1	0.6175821652598296	-22.206212973347093	1.0
ORTHO001282_1	1	0.617618778697134	-20.80909647069688	1.0
ORTHO004607	1	0.6176860208899951	-18.808283232855	1.0
ORTHO000507_3	2	0.6177500813473513	-20.837986206944883	1.0
ORTHO000572_1	1	0.6177981145064639	-20.280641411831077	1.0
ORTHO001312	1	0.6178198933513185	-25.223810081589072	1.0
ORTHO007637	1	0.6179923068836957	-19.371256127437352	1.0
ORTHO006434	1	0.6180043078808263	-21.297413274208324	1.0
ORTHO006789	1	0.6180363563998453	-18.482261018085328	1.0
ORTHO006753	1	0.6181311663665408	-18.451331067645267	1.0
ORTHO004205	1	0.61818647945307	-21.588414303784983	1.0
ORTHO006739	1	0.6181965061884169	-18.45709371624386	1.0
ORTHO006874	1	0.6182456878783951	-18.47658223569517	1.0
ORTHO002685	1	0.6182687376555966	-23.972361421834638	1.0
ORTHO007261	1	0.6183378735564135	-19.89472431041023	1.0
ORTHO006934	1	0.6183383036782575	-19.428255929271273	1.0
ORTHO000706_1	1	0.6184257616044244	-22.417453336857143	1.0
ORTHO006148	1	0.6184355490158905	-20.356355608931686	1.0
ORTHO005825	1	0.6184873144472627	-21.218626622884766	1.0
ORTHO006705	1	0.6185661086338794	-18.472521468313836	1.0
ORTHO000906_1	1	0.618727892913247	-21.700197430932235	1.0
ORTHO007512	1	0.618826393440026	-22.58984574587788	1.0
ORTHO006197	1	0.6188266127220587	-20.079016811152854	1.0
ORTHO003640	1	0.6188515557318056	-22.020774745434586	1.0
ORTHO005116	1	0.6189980199064113	-20.78150492110607	1.0
ORTHO006525	1	0.6190039659482848	-18.61438163624063	1.0
ORTHO005590	2	0.6191416384243401	-18.578634845030656	1.0
ORTHO007927	1	0.619183188760301	-19.14759845617498	1.0
ORTHO002682	1	0.6192088314939115	-22.449942389734204	1.0
ORTHO004994	1	0.6193677437807571	-20.672933078474138	1.0
ORTHO002846	2	0.6193842764039337	-23.461466895971924	1.0
ORTHO005909	1	0.61938496125764	-19.51845558660853	1.0
ORTHO001414	1	0.6193979719420846	-24.340298737965284	1.0
ORTHO000592_2	1	0.619442713409533	-20.759897370801486	1.0
ORTHO007377	1	0.619491132430128	-18.82093663448948	1.0
ORTHO005056	1	0.6194984012499215	-18.985275248198793	1.0
ORTHO007385	1	0.6195162540848004	-19.2846040421227	1.0
ORTHO007437	1	0.6195162540848004	-19.2846040421227	1.0
ORTHO007807	1	0.6196053030949247	-18.54555912059098	1.0
ORTHO006337	1	0.6196323294463849	-19.507613934374998	1.0
ORTHO007997	1	0.6196365935461925	-19.039050370073788	1.0
ORTHO007912	1	0.6196401986616503	-19.009224478156753	1.0
ORTHO002614	2	0.6196489263932762	-21.319836660810214	1.0
ORTHO006127	1	0.6197870149150702	-19.18030523041684	1.0
ORTHO006980	1	0.6197988309435797	-19.280457491399318	1.0
ORTHO000522	1	0.6198230933255204	-27.79620336526046	1.0
ORTHO005483	1	0.6198930942344456	-19.53955444140012	1.0
ORTHO005393	1	0.6199846374087167	-23.097115083673902	1.0
ORTHO003890	1	0.6199922092273039	-20.614728887316062	1.0
ORTHO005163	1	0.6200917571717779	-20.327451877692553	1.0
ORTHO003724	1	0.6201623504782116	-20.837690701334658	1.0
ORTHO003817	1	0.6202237977594741	-22.713170353577436	1.0
ORTHO006829	1	0.6202344733031351	-18.63885209144109	1.0
ORTHO006744	1	0.620365404167322	-19.65205016734813	1.0
ORTHO001507	1	0.6203695760951072	-25.25611401048482	1.0
ORTHO006381	1	0.6204310639049458	-21.090768533320524	1.0
ORTHO006106	1	0.6204394436483592	-18.896771577710652	1.0
ORTHO006541	1	0.6205501258398529	-20.895068254763217	1.0
ORTHO000926_2	1	0.6206021283269717	-22.607286730457062	1.0
ORTHO003644	1	0.6206153652510784	-20.527868663679754	1.0
ORTHO007821	1	0.6206156859091881	-19.68253230877957	1.0
ORTHO006469	1	0.6206386579274894	-20.267865777916313	1.0
ORTHO006865	1	0.6207290226604165	-19.99253083931567	1.0
ORTHO003092	1	0.6207722106403557	-25.06934697549706	1.0
ORTHO005998	1	0.6208988071516159	-18.888442219483174	1.0
ORTHO007845	1	0.620946693850938	-18.61916092522117	1.0
ORTHO006692	1	0.6209625134953448	-19.72754736465707	1.0
ORTHO007596	1	0.6209891570974484	-19.218627637215615	1.0
ORTHO000965	1	0.6210047554141358	-25.456271357926635	1.0
ORTHO006834	1	0.6210680767067341	-18.908342832771705	1.0
ORTHO005892	1	0.6211038926128678	-20.18324453183044	1.0
ORTHO007848	1	0.6211755794277232	-20.15479113174137	1.0
ORTHO003330	1	0.6211975088367524	-23.25476321022051	1.0
ORTHO007591	1	0.6212321186517902	-19.581824449164408	1.0
ORTHO006929	1	0.6212986835132207	-19.499865880822387	1.0
ORTHO007737	1	0.6213179120433967	-20.248048249615902	1.0
ORTHO003407	1	0.6213321463206499	-22.051492990853028	1.0
ORTHO000749	1	0.6213685048092162	-26.798497845456	1.0
ORTHO000799_1	1	0.6214674622716276	-22.430155696922675	1.0
ORTHO004438	1	0.6214713410491769	-21.042219725229113	1.0
ORTHO007316	1	0.6215295282155554	-19.086938381521325	1.0
ORTHO003367	1	0.6216643467811066	-21.446699235960367	1.0
ORTHO006896	1	0.6216789192574703	-19.78125003108347	1.0
ORTHO007608	1	0.6217274601385318	-20.27480973740531	1.0
ORTHO004068	1	0.6217514944313626	-22.22031111214036	1.0
ORTHO007862	1	0.6217955657042037	-20.17259232000442	1.0
ORTHO005442	1	0.6218992603647852	-19.63465597749346	1.0
ORTHO000393_2	1	0.6218993971046449	-19.122575729680495	1.0
ORTHO003062	1	0.621956974255123	-22.87741827866117	1.0
ORTHO004469	2	0.6219675128641088	-21.446245594198217	1.0
ORTHO007842	1	0.6220495211411766	-18.8900953292567	1.0
ORTHO003027	2	0.6220765580429445	-21.405217514773792	1.0
ORTHO007016	1	0.6220989001662356	-19.824072191222122	1.0
ORTHO007584	1	0.6221004213881511	-19.740900872774457	1.0
ORTHO007630	1	0.6222130017261722	-20.706220865471508	1.0
ORTHO000904	1	0.6222151885087552	-26.337237205594338	1.0
ORTHO005857	1	0.6222357435545596	-21.899241462132455	1.0
ORTHO005404	1	0.622345441848054	-19.51840042596523	1.0
ORTHO006568	1	0.6224138713581374	-21.324779547374998	1.0
ORTHO005281	1	0.6224249478904091	-19.750748280279335	1.0
ORTHO001197	1	0.6225184584647834	-24.763473024629544	1.0
ORTHO001386	1	0.6225221886422201	-24.04709898729764	1.0
ORTHO001717	1	0.6225299512655393	-24.097609699424858	1.0
ORTHO005986	1	0.6226986530779206	-19.994294805925815	1.0
ORTHO002697	1	0.6227387240791563	-22.22054896094221	1.0
ORTHO008014	1	0.6227497901550126	-20.40920957367946	1.0
ORTHO000783_2	1	0.6227617365023648	-19.101588790158168	1.0
ORTHO005316	1	0.6228506245152134	-23.38767559681219	1.0
ORTHO007833	1	0.622873689629333	-20.444939892558146	1.0
ORTHO005160	1	0.6228958374528705	-19.672555760313344	1.0
ORTHO004047	1	0.6228971267552189	-20.302284516856737	1.0
ORTHO007752	1	0.6229602486755978	-19.73390095278601	1.0
ORTHO005889	1	0.6229683563007226	-20.231706849332976	1.0
ORTHO003686	1	0.6230333536728517	-20.02908919883198	1.0
ORTHO006122	1	0.6230362775692426	-19.948607564625682	1.0
ORTHO006948	1	0.6230445059896509	-19.87338663418275	1.0
ORTHO007884	1	0.6230966772401838	-20.072968040582555	1.0
ORTHO001491_1	1	0.6231588595622182	-22.251970560041777	1.0
ORTHO008004	1	0.6232052680714817	-19.466492014611045	1.0
ORTHO004777	1	0.6232268165466409	-19.729099400352734	1.0
ORTHO002998	1	0.6232638511237278	-22.46893349738731	1.0
ORTHO006349	1	0.6232785631639186	-19.691810578687626	1.0
ORTHO005162	2	0.623341648063279	-21.04821348421703	1.0
ORTHO003483	1	0.6234073563825001	-21.21054331996007	1.0
ORTHO005305	1	0.6234132270963683	-20.29238990493938	1.0
ORTHO001626	1	0.6234273822661874	-23.849119125588224	1.0
ORTHO007603	1	0.6234320809420352	-20.786391534185622	1.0
ORTHO005747	1	0.6234477556400863	-21.021509586758736	1.0
ORTHO006853	1	0.6234530370113616	-19.94287146162609	1.0
ORTHO000500_1	1	0.6234849042440639	-25.771998807479847	1.0
ORTHO004153	1	0.623493398556355	-22.070533083248595	1.0
ORTHO005469	1	0.6235612333254937	-20.768611105739176	1.0
ORTHO004363	1	0.6235796429737896	-22.19127863702799	1.0
ORTHO002964	1	0.6236657279453209	-22.490944739730544	1.0
ORTHO007897	1	0.6236677913592209	-20.02509063786084	1.0
ORTHO005395	1	0.6236704495753166	-22.832989523755636	1.0
ORTHO000309_3	1	0.6236711879203911	-19.794731458530737	1.0
ORTHO006191	1	0.6236818819156112	-19.68545946750892	1.0
ORTHO000833_1	1	0.6237311203065978	-22.07976145621974	1.0
ORTHO000692_1	1	0.6237380003138104	-23.953700430823478	1.0
ORTHO007652	1	0.6237622466396994	-18.193191835875943	1.0
ORTHO004820	1	0.6238221303020006	-19.746254189127917	1.0
ORTHO007809	1	0.6238620916678798	-19.519862841409598	1.0
ORTHO007766	1	0.6238683370766249	-18.21321435328267	1.0
ORTHO007803	1	0.6238683370766249	-18.21321435328267	1.0
ORTHO007857	1	0.6238683370766249	-18.21321435328267	1.0
ORTHO003065	1	0.6238894477008775	-21.277422641328975	1.0
ORTHO005635	1	0.6239272182839843	-19.647755365592595	1.0
ORTHO005723	1	0.6239589955169416	-21.572693974623977	1.0
ORTHO004791	1	0.6239975433568759	-20.959714041051054	1.0
ORTHO006813	1	0.6241284384170003	-20.097000730269283	1.0
ORTHO007775	1	0.6242054636652865	-19.389744117017685	1.0
ORTHO004235	1	0.6242249371257714	-23.113150044902177	1.0
ORTHO002974	1	0.6242615691070905	-24.622944844245563	1.0
ORTHO005942	1	0.6242952647355117	-20.31469562533268	1.0
ORTHO007910	1	0.6243349441757413	-19.773852648350864	1.0
ORTHO002377	1	0.6243460573784207	-22.170083590231695	1.0
ORTHO007849	1	0.624456151858612	-20.464115975430392	1.0
ORTHO005649	1	0.624560753014599	-19.246857482740438	1.0
ORTHO002827	1	0.6245794440302487	-21.37604880583395	1.0
ORTHO006544	1	0.6245936116389035	-20.679539976603298	1.0
ORTHO006913	1	0.6246338727376409	-21.733356409737354	1.0
ORTHO007654	1	0.6246847405701113	-19.730432271102927	1.0
ORTHO002438	1	0.6248754961200659	-24.224233533952138	1.0
ORTHO007875	1	0.6248839632207172	-18.358354929572933	1.0
ORTHO007873	1	0.624930982000887	-20.299010045671743	1.0
ORTHO005760	1	0.6249521288564527	-19.357884212385336	1.0
ORTHO001138_1	1	0.6251009886891751	-20.085332633990184	1.0
ORTHO001694	1	0.6251331515871643	-23.395471112761363	1.0
ORTHO005198	1	0.6251626499968281	-20.281769192131154	1.0
ORTHO002331	1	0.625194556480524	-22.918351279983657	1.0
ORTHO000906_2	1	0.625194864791161	-19.754036583243348	1.0
ORTHO003706	1	0.6252004045900108	-19.413854744964457	1.0
ORTHO004308	1	0.6252027725794072	-19.019795698782872	1.0
ORTHO001464	1	0.6252455987545386	-23.48504087299092	1.0
ORTHO002636	1	0.6252511640216384	-20.90040960505896	1.0
ORTHO007777	1	0.6252710712133175	-18.35496748520013	1.0
ORTHO007876	1	0.6252710712133175	-18.35496748520013	1.0
ORTHO007922	1	0.6252710712133175	-18.35496748520013	1.0
ORTHO003363	2	0.6253084740119019	-21.4801396204349	1.0
ORTHO006534	1	0.6253495407902875	-19.945843517434632	1.0
ORTHO003040	1	0.6253525665322565	-19.546303459491238	1.0
ORTHO003122	1	0.6253718501265036	-21.33660876770248	1.0
ORTHO002776	1	0.625399252864499	-23.60647110976571	1.0
ORTHO001137	1	0.6254729986299614	-26.300609065921826	1.0
ORTHO001173_1	1	0.6254951647069938	-20.914543317564128	1.0
ORTHO001632	1	0.6255785432265837	-25.44854947741299	1.0
ORTHO005972	1	0.6257466647064136	-21.02135384419895	1.0
ORTHO001109	1	0.6258643411486353	-27.543895270566153	1.0
ORTHO000335_2	1	0.625873826978668	-24.24535817641785	1.0
ORTHO007405	1	0.6259570062562534	-22.100998885850096	1.0
ORTHO007832	1	0.6260030605251965	-21.001022947220164	1.0
ORTHO003304	1	0.6260294224085925	-22.165784543772816	1.0
ORTHO002239	1	0.6260484936744827	-22.988765296502795	1.0
ORTHO005811	1	0.6260535150775719	-20.067217851936928	1.0
ORTHO001529	1	0.6260675593272971	-24.522776294289066	1.0
ORTHO004838	1	0.6260862020216346	-23.16414398174898	1.0
ORTHO004914	1	0.62615862129307	-20.8379822166405	1.0
ORTHO004163	1	0.6261657857549864	-21.29206443196282	1.0
ORTHO000254_1	1	0.6263778503761319	-21.19832362172085	1.0
ORTHO006056	1	0.6264596763784775	-19.78631187169644	1.0
ORTHO005084	1	0.6265073062745002	-20.720161916996737	1.0
ORTHO007748	1	0.6266085905873162	-19.066068597113617	1.0
ORTHO003323	1	0.6266130927961676	-22.110602213260606	1.0
ORTHO006742	1	0.6267026830205245	-19.984977971828084	1.0
ORTHO007860	1	0.6267198990277736	-19.08601873977712	1.0
ORTHO005812	1	0.6268108836469303	-20.54137789131722	1.0
ORTHO000662_1	1	0.6268876741159478	-24.291484739721398	1.0
ORTHO001912	1	0.6269774667971306	-24.03280313124579	1.0
ORTHO007879	1	0.6270735983891867	-18.652986967931145	1.0
ORTHO005955	1	0.6271221315261623	-19.74678671194577	1.0
ORTHO006876	1	0.6272573155221783	-19.30508040104575	1.0
ORTHO004133	1	0.6273565454438329	-21.733854457426162	1.0
ORTHO005645	1	0.6273612072748936	-21.087324164599647	1.0
ORTHO005543	1	0.6273646398466267	-20.654558376598718	1.0
ORTHO005963	1	0.6274237323166442	-22.539140359522698	1.0
ORTHO001778	1	0.6274649776334511	-25.38714849571251	1.0
ORTHO001148	1	0.6275073717656456	-26.94713505708738	1.0
ORTHO003212	1	0.6277872248072733	-22.75651298009307	1.0
ORTHO007774	1	0.6277938339832096	-19.938234717855366	1.0
ORTHO004158	1	0.6278893216619945	-23.05506410051189	1.0
ORTHO000869_2	1	0.6278954605126276	-26.70566757463728	1.0
ORTHO005161	1	0.6279361008603841	-21.214369994752712	1.0
ORTHO005439	1	0.6279783044556411	-20.95036301377579	1.0
ORTHO006503	1	0.6280170738355605	-18.888664050317832	1.0
ORTHO000728_2	1	0.6280487230520745	-22.727186531189005	1.0
ORTHO000892_2	1	0.6280545474864974	-24.063910289532455	1.0
ORTHO005407	1	0.6281071438257237	-19.70855253319557	1.0
ORTHO003141	1	0.6282964297994377	-21.502670285473513	1.0
ORTHO006979	1	0.6283496497987557	-18.683887486651354	1.0
ORTHO004878	1	0.6283991950646831	-21.558155169420182	1.0
ORTHO000838	1	0.6284472832154203	-27.38459454895449	1.0
ORTHO004490	1	0.6285662712348101	-19.359170177099422	1.0
ORTHO003840	1	0.6286295571816025	-20.554854269901007	1.0
ORTHO001307	1	0.628644435762869	-22.943768284958924	1.0
ORTHO003448	1	0.6287174007885439	-22.81987655724313	1.0
ORTHO002109	1	0.6287345802725955	-21.783252303330446	1.0
ORTHO003289	1	0.6287454899498546	-21.685252475577386	1.0
ORTHO004959	1	0.6287538830682863	-22.944023297591176	1.0
ORTHO000571	1	0.6288640234521949	-29.037812143783984	1.0
ORTHO001246	1	0.6290943190123179	-25.082485907679338	1.0
ORTHO002818	1	0.6291523597114389	-22.509797435792038	1.0
ORTHO005218	1	0.6293500345802415	-23.136381794856412	1.0
ORTHO001355	1	0.6293916848800553	-24.864081047746872	1.0
ORTHO004331	1	0.6294142699954888	-20.651844907988917	1.0
ORTHO005280	1	0.6294159724728755	-19.83132289236471	1.0
ORTHO004600	1	0.6294260192292201	-21.618166873785924	1.0
ORTHO001266_2	1	0.6295035113757673	-25.283192946740364	1.0
ORTHO001431_1	1	0.6297385921671855	-23.210892919731567	1.0
ORTHO007729	1	0.6297420646349825	-19.791649567919407	1.0
ORTHO003362	1	0.6297537151999691	-25.179996068228483	1.0
ORTHO003597	1	0.6298897690278856	-23.135382589278656	1.0
ORTHO000648_2	1	0.6300425436391011	-19.524048504074393	1.0
ORTHO004137	1	0.6301984780193992	-23.32439683376443	1.0
ORTHO003595	1	0.6302367039254082	-22.65281559395478	1.0
ORTHO002256	1	0.6302589221544251	-22.14513618363647	1.0
ORTHO004439	1	0.630271695329754	-23.634199598341485	1.0
ORTHO005821	1	0.6303736354182281	-19.92775752683361	1.0
ORTHO004201	1	0.6303935917622943	-20.44598662358512	1.0
ORTHO004837	1	0.6304613013000414	-20.188421001034072	1.0
ORTHO005644	1	0.6304749289582879	-19.212595446208095	1.0
ORTHO000257_1	1	0.6305001563060864	-26.406871439175802	1.0
ORTHO000286_1	2	0.6305898940136492	-29.306743783495623	1.0
ORTHO007996	1	0.630623208786964	-20.674919012767496	1.0
ORTHO002935	1	0.6306564895296181	-22.064527103208533	1.0
ORTHO006035	1	0.630698674701655	-20.32964866519662	1.0
ORTHO004219	2	0.6307376919209349	-20.58983424521517	1.0
ORTHO006027	1	0.6307608443489239	-19.454554909376284	1.0
ORTHO001147	2	0.6307778813392209	-26.04929687198742	1.0
ORTHO005284	1	0.6307906074847248	-19.54980427107792	1.0
ORTHO002986	1	0.6308111320732183	-23.17228649454014	1.0
ORTHO004776	1	0.6308866259272344	-21.781323616351013	1.0
ORTHO003730	1	0.6309593138584495	-20.765912641108002	1.0
ORTHO001813	1	0.6310622292635063	-22.322601927785882	1.0
ORTHO004592	1	0.6311034005815352	-20.40544675229622	1.0
ORTHO003824	1	0.6313323663340005	-21.194545087825695	1.0
ORTHO000942	1	0.6314005879205355	-26.968946272428145	1.0
ORTHO002082	1	0.631471717465953	-23.71934154884461	1.0
ORTHO004586	1	0.6317056939936133	-23.190065953912896	1.0
ORTHO004447	1	0.6318327465341569	-20.617879976949503	1.0
ORTHO002323	1	0.6318384568220379	-21.814621637484784	1.0
ORTHO004302	1	0.6319143277956261	-19.710263026409496	1.0
ORTHO000714_2	1	0.6319575809977441	-21.615597041517486	1.0
ORTHO004282	1	0.631968550820494	-21.86461478970175	1.0
ORTHO003894	1	0.6320338983263254	-20.771432163184315	1.0
ORTHO002552	1	0.6322009737035122	-21.991368860766528	1.0
ORTHO004491	1	0.6322340614693771	-22.012670033392666	1.0
ORTHO002446	1	0.632244677168509	-23.18679007441102	1.0
ORTHO003688	1	0.632533445169915	-21.995286210590194	1.0
ORTHO003033	1	0.6327785495239685	-21.730894434498975	1.0
ORTHO004472	1	0.6328102912379815	-20.65513262879885	1.0
ORTHO002947	2	0.6328543527341527	-21.771174624805987	1.0
ORTHO002254	1	0.6329049317911254	-22.650044070141664	1.0
ORTHO000672	1	0.6331409086489935	-28.63909734322173	1.0
ORTHO006031	1	0.6332057277283015	-19.849292819142317	1.0
ORTHO000547_2	1	0.6332329025366769	-23.17226459795741	1.0
ORTHO004007	1	0.6332759846504149	-21.94408380793647	1.0
ORTHO000676	1	0.6333089277518487	-27.718525576756132	1.0
ORTHO000488_2	1	0.6333835699881146	-26.439542837561685	1.0
ORTHO005624	1	0.6336358528771577	-22.267523597689504	1.0
ORTHO003006	1	0.6336600390342807	-21.485750491581825	1.0
ORTHO001139	1	0.6339135350622954	-25.777599582962857	1.0
ORTHO002799	1	0.6340587273808935	-20.942492097027984	1.0
ORTHO007874	1	0.6342032951725075	-19.201003033527066	1.0
ORTHO000265_4	1	0.6342547210849929	-23.67439959134644	1.0
ORTHO001206_1	1	0.6343013530521918	-22.488524166110953	1.0
ORTHO003741	1	0.6344601014708897	-21.774132365212633	1.0
ORTHO001409	2	0.6345411248485501	-26.365591066583274	1.0
ORTHO007742	1	0.6346728419061135	-19.125753075997935	1.0
ORTHO001498	1	0.6347631072802361	-23.746418374162108	1.0
ORTHO003063	1	0.6347640341706081	-21.54813056561836	1.0
ORTHO005497	1	0.6349972387921912	-21.5920434112053	1.0
ORTHO004279	1	0.6350344915442505	-21.100576061811594	1.0
ORTHO005757	1	0.6351556952960313	-21.680114834410425	1.0
ORTHO002454	1	0.6352520816945147	-21.157649101897455	1.0
ORTHO003066	1	0.6353983103553402	-23.66566343795639	1.0
ORTHO001758	2	0.6354199365317599	-23.282399573062516	1.0
ORTHO003460	1	0.6355316496578176	-21.850518989049842	1.0
ORTHO002255	1	0.6356904988506541	-25.274453785944313	1.0
ORTHO003800	1	0.635869879830187	-20.09888536756742	1.0
ORTHO005475	2	0.6359188555470591	-20.987513797012546	1.0
ORTHO005672	1	0.635927116966753	-20.3649616897871	1.0
ORTHO000610_1	1	0.6359999792330648	-24.774948557921242	1.0
ORTHO004243	1	0.6360141559728634	-22.043426709034158	1.0
ORTHO001065_1	1	0.6361679463519978	-24.153645071861856	1.0
ORTHO004094	1	0.6361784323348721	-22.51238741622222	1.0
ORTHO003195	2	0.6363133430299757	-22.442570426664822	1.0
ORTHO003130	2	0.6363583482539156	-21.509049027665053	1.0
ORTHO003880	1	0.6365326460503855	-25.597018765150008	1.0
ORTHO006017	1	0.6365803130468245	-21.508189739350133	1.0
ORTHO004449	1	0.6366018773462082	-25.139112765406484	1.0
ORTHO005079	1	0.6366484513217676	-23.273777807388406	1.0
ORTHO002004	1	0.6366813215854611	-22.44759731178349	1.0
ORTHO001201	2	0.6366919259409174	-25.223169078264107	1.0
ORTHO001588	1	0.6367719530699912	-23.488204634286056	1.0
ORTHO003585	1	0.6369681857604793	-24.806278811383326	1.0
ORTHO005164	1	0.6370912572930489	-20.348989690642806	1.0
ORTHO001804	1	0.6372825482588801	-24.278466322957804	1.0
ORTHO001160_1	1	0.6373461054902428	-25.00823929783364	1.0
ORTHO005901	1	0.6373785996515596	-20.753621779477328	1.0
ORTHO003164	1	0.6374007902352223	-22.798307807256897	1.0
ORTHO001955	1	0.6374488909267816	-21.851596170703747	1.0
ORTHO005961	1	0.6374802182757304	-19.448975048680484	1.0
ORTHO002695	1	0.6374803316578063	-25.450692713907074	1.0
ORTHO006168	1	0.6375340030663358	-20.708448933213948	1.0
ORTHO004018	1	0.6376655725287081	-21.22998667842403	1.0
ORTHO001767	1	0.6379278742870558	-25.868725406338633	1.0
ORTHO002217	2	0.6379327957705138	-23.166295873048767	1.0
ORTHO003169	1	0.6380751118720198	-21.770902851639	1.0
ORTHO000589_1	1	0.6381107015898334	-26.562211124679894	1.0
ORTHO004051	1	0.6381582301622747	-23.525457770792215	1.0
ORTHO004934	1	0.6381826380127053	-21.48406050448971	1.0
ORTHO001604	1	0.638233759285606	-24.78459268230886	1.0
ORTHO002378	2	0.6383506190426248	-23.186994617709452	1.0
ORTHO006387	1	0.6385580732778592	-22.320971867074086	1.0
ORTHO002379	1	0.6386030271766413	-22.276650492581258	1.0
ORTHO007115	1	0.638779206622436	-19.344758548527768	1.0
ORTHO000545_3	2	0.6388085813221777	-25.79547064524812	1.0
ORTHO003778	2	0.6389515850690315	-22.234805348975293	1.0
ORTHO005571	1	0.6389789425859408	-19.698409538870443	1.0
ORTHO000787	1	0.6390938222011946	-27.4966860295881	1.0
ORTHO005804	1	0.6393735524185626	-19.84124055245817	1.0
ORTHO004383	1	0.6394842806524629	-23.621533448492958	1.0
ORTHO006432	1	0.6395277647646268	-19.769512790691408	1.0
ORTHO003872	1	0.6395806023381138	-23.856316797681128	1.0
ORTHO001845	1	0.6397028024782307	-23.02682141586428	1.0
ORTHO004941	1	0.6398924097425381	-21.112884647173452	1.0
ORTHO002869	1	0.6398927399297021	-21.824745399972937	1.0
ORTHO007000	1	0.639927290393302	-20.216969785141327	1.0
ORTHO000715_1	1	0.6399609740589184	-20.438679735962122	1.0
ORTHO000381_2	1	0.6401384884600745	-22.990019915628512	1.0
ORTHO003509	1	0.640172005969133	-24.21959301201223	1.0
ORTHO001145	2	0.640204943612692	-26.01559763767098	1.0
ORTHO002252	1	0.6402338803238019	-24.254637182844558	1.0
ORTHO004768	1	0.6402991169233868	-22.410369044286483	1.0
ORTHO002836	1	0.6403276678069411	-20.689018802171002	1.0
ORTHO006372	1	0.6404200902784994	-18.873459532186345	1.0
ORTHO001534	1	0.6406187888750549	-24.990331747267433	1.0
ORTHO004082	1	0.6406274555266299	-22.069133469301057	1.0
ORTHO005914	1	0.64063962706314	-21.79909016402646	1.0
ORTHO004174	1	0.6407105097681118	-23.590120075633727	1.0
ORTHO001128_2	1	0.6408504409929007	-20.991943809102334	1.0
ORTHO007372	1	0.6408697594605762	-18.72266897836785	1.0
ORTHO005703	1	0.6409034488644467	-19.286809279007436	1.0
ORTHO002602	1	0.6409996848432697	-22.924631819243125	1.0
ORTHO002580	2	0.6410569436515382	-23.036462310573782	1.0
ORTHO001544	2	0.6411455938642665	-24.673995348189678	1.0
ORTHO004144	1	0.6412451416062593	-21.32440894868142	1.0
ORTHO004819	1	0.6412964256145661	-20.7024978310629	1.0
ORTHO001036	1	0.6413009899859469	-26.676537079155764	1.0
ORTHO006596	1	0.6413474676384138	-20.806157085749376	1.0
ORTHO005651	1	0.6415045176882236	-19.57268890796748	1.0
ORTHO003718	1	0.6416086486660768	-22.182588315304805	1.0
ORTHO004802	1	0.6419425652396389	-20.61968746026722	1.0
ORTHO005008	1	0.6420183927657089	-20.426841016100727	1.0
ORTHO004123	1	0.6420362551993515	-22.65972149529531	1.0
ORTHO006566	1	0.6422309373753107	-23.155742479743072	1.0
ORTHO002749	1	0.6422512260526573	-22.012561229727574	1.0
ORTHO005657	1	0.6423093744760835	-20.211061555187964	1.0
ORTHO002487	1	0.6423273114208586	-23.36268375683662	1.0
ORTHO004429	1	0.6424964262122296	-20.80464225883422	1.0
ORTHO002691	1	0.6425234541248376	-22.619081717810282	1.0
ORTHO003547	1	0.6426644270802362	-20.62966783494911	1.0
ORTHO003378	2	0.642672066307454	-24.613883950250152	1.0
ORTHO000401_1	1	0.6426773743098674	-23.812853393144806	1.0
ORTHO003387	1	0.6429079645278407	-22.438324380478075	1.0
ORTHO002791	2	0.6431218360779208	-21.692797960897582	1.0
ORTHO002769	1	0.6433108485207277	-23.93956056799507	1.0
ORTHO004825	1	0.6433791726492569	-19.786477772829585	1.0
ORTHO001723	1	0.6434210387690187	-23.022153116315256	1.0
ORTHO004074	1	0.6434497885506568	-20.828082551388988	1.0
ORTHO000451_3	1	0.6434673359220756	-23.344532325318013	1.0
ORTHO005510	1	0.6435183727288738	-22.45476071846408	1.0
ORTHO001965	1	0.6436568446503901	-23.858664974520476	1.0
ORTHO001272	1	0.6438400247349292	-25.2777239734931	1.0
ORTHO005794	1	0.6439970107332849	-20.069026331535742	1.0
ORTHO005044	1	0.6440975376863397	-19.83971864314696	1.0
ORTHO004916	1	0.6441115112556436	-20.292792364370897	1.0
ORTHO001861	1	0.644212346502941	-23.621013697739563	1.0
ORTHO002179	2	0.6442593961638249	-23.256181135840396	1.0
ORTHO003569	1	0.6442711671272845	-19.787961789302873	1.0
ORTHO005421	1	0.6442802372769048	-21.698021670954553	1.0
ORTHO002226	1	0.6443602955179488	-23.226411694255287	1.0
ORTHO002509	1	0.6444379815271709	-21.764750053350703	1.0
ORTHO004337	1	0.6445523341125728	-22.643759095027942	1.0
ORTHO002735	1	0.6445606264485989	-22.50038494973384	1.0
ORTHO006547	1	0.6446447550863071	-19.730839538304103	1.0
ORTHO003703	1	0.6446643135538841	-21.58216986004697	1.0
ORTHO005119	1	0.644895388312425	-19.682616889717625	1.0
ORTHO003709	1	0.6449559106952935	-23.36805854847244	1.0
ORTHO003621	1	0.6449783473038999	-21.24963999056934	1.0
ORTHO005654	1	0.6450287577699113	-19.96563861229565	1.0
ORTHO003397	1	0.6450468833472952	-23.087898267229228	1.0
ORTHO004860	1	0.6450469456355269	-19.402557657752467	1.0
ORTHO006332	1	0.6451060825356589	-20.44262764725326	1.0
ORTHO006458	1	0.6451200650878927	-23.93694805767902	1.0
ORTHO006173	1	0.6452625965856039	-19.584625850310914	1.0
ORTHO004748	1	0.6453319161665315	-19.821209571485436	1.0
ORTHO005542	2	0.6454085545119562	-20.303492938036516	1.0
ORTHO000944	1	0.6454138899268698	-26.112055511700927	1.0
ORTHO006099	1	0.6454721689835767	-19.969798991698582	1.0
ORTHO004620	1	0.645496055560031	-22.966476323529104	1.0
ORTHO004763	1	0.6455396740137148	-20.158556202552646	1.0
ORTHO006665	1	0.6455735646745668	-20.046133745222	1.0
ORTHO003856	1	0.6456164705424531	-20.527583223614087	1.0
ORTHO000470_1	1	0.6456230082668054	-25.884561868095112	1.0
ORTHO002338	1	0.6457307303135412	-22.963910394772796	1.0
ORTHO004793	1	0.6457835179765488	-21.32075493979523	1.0
ORTHO000621_1	1	0.6458098675017588	-25.30935442643119	1.0
ORTHO004521	1	0.6458196715940718	-21.420278506893478	1.0
ORTHO002008	2	0.645909091166499	-23.738774686477342	1.0
ORTHO006950	1	0.6460680721031801	-21.41353362091632	1.0
ORTHO004365	1	0.6461565025256532	-21.426239706957382	1.0
ORTHO005648	1	0.6463259626930503	-21.42837953653657	1.0
ORTHO001150	1	0.6463330273880881	-26.375341891067755	1.0
ORTHO004803	1	0.6463516632153262	-20.809026753816774	1.0
ORTHO004840	1	0.6465178704219608	-21.787819529647194	1.0
ORTHO001152_1	1	0.6465196499018165	-24.48642062104379	1.0
ORTHO000398_2	1	0.6465359884481152	-26.09950665898191	1.0
ORTHO003799	2	0.6466067554528933	-20.31859742969884	1.0
ORTHO002042	1	0.646872395230772	-23.38325030424667	1.0
ORTHO004122	1	0.6468852133891672	-23.120424389858563	1.0
ORTHO001236_2	1	0.6470061624122496	-22.812905064621447	1.0
ORTHO001217	1	0.6470467434993518	-23.907385380662735	1.0
ORTHO001935	1	0.6470586202558769	-23.426448842113732	1.0
ORTHO005544	1	0.6471687978137244	-21.379046479366956	1.0
ORTHO003139	1	0.6472147392664719	-22.083019114869007	1.0
ORTHO003677	1	0.6472979040850451	-21.993791388871575	1.0
ORTHO003265	1	0.6473155827223691	-22.78955212118746	1.0
ORTHO005121	2	0.6473834757124737	-20.045356887616904	1.0
ORTHO003659	1	0.6474713283368277	-22.228216946579142	1.0
ORTHO004954	1	0.6475844847141926	-21.0743378687197	1.0
ORTHO004384	1	0.6476165163518837	-22.15244717987698	1.0
ORTHO001756	2	0.6477013590791509	-23.53252771037451	1.0
ORTHO002647	1	0.6477302315092854	-23.883716657576333	1.0
ORTHO006456	1	0.6477501127329781	-22.385201879646004	1.0
ORTHO006033	1	0.6477842971313172	-20.9479229915189	1.0
ORTHO006575	1	0.6478513926332359	-22.931186658567555	1.0
ORTHO005043	1	0.6480570644846104	-20.568526942039842	1.0
ORTHO006967	1	0.64813876875146	-20.255792919452563	1.0
ORTHO004141	1	0.6481675059434787	-20.95451780169841	1.0
ORTHO002829	1	0.6482746260274155	-21.344609435306104	1.0
ORTHO001954	1	0.6483029808208902	-23.614527496359216	1.0
ORTHO000714_1	1	0.6483286341411095	-23.61839594337515	1.0
ORTHO004487	1	0.6484139973000381	-21.015422412308677	1.0
ORTHO002677	1	0.648467315931435	-22.354898058494246	1.0
ORTHO001466	1	0.648473428995308	-24.826471162843916	1.0
ORTHO006701	1	0.6485306893211431	-21.96341046718925	1.0
ORTHO002400	1	0.6485717437905143	-21.815689508274474	1.0
ORTHO002090	1	0.6485796887593437	-25.12630846856902	1.0
ORTHO005822	1	0.6485840478719219	-21.53426866732686	1.0
ORTHO001417	1	0.6486274405745098	-24.57156340337284	1.0
ORTHO000376_2	2	0.6487184791822291	-24.616931568258735	1.0
ORTHO005296	1	0.6487670501044547	-19.128986952422387	1.0
ORTHO003675	1	0.6488073367584386	-22.07977175046039	1.0
ORTHO001090	1	0.648901419967543	-25.9281503448542	1.0
ORTHO000534	1	0.6489603788659726	-29.431155981229367	1.0
ORTHO006588	1	0.6490656577315106	-19.57785249028489	1.0
ORTHO002046	1	0.6491373751491933	-23.45891591465749	1.0
ORTHO003809	1	0.6492712569890614	-20.811166775506994	1.0
ORTHO005979	1	0.6493120012321484	-20.343501199628108	1.0
ORTHO003109	1	0.6493168941163143	-22.46623335393365	1.0
ORTHO006154	1	0.6493657157403215	-21.684775122011928	1.0
ORTHO000813	2	0.6493799128745155	-26.965471313853644	1.0
ORTHO007019	1	0.6494034413571412	-21.090996992355254	1.0
ORTHO001873	1	0.649480652274584	-22.241176462716677	1.0
ORTHO007797	1	0.6495480288895599	-23.276753612151968	1.0
ORTHO006677	1	0.6495500682533549	-19.10802615927411	1.0
ORTHO000953	1	0.6495731847708834	-27.995885621840944	1.0
ORTHO001191	2	0.6495793822649566	-26.883451257362122	1.0
ORTHO001469	1	0.6496024376108652	-26.019168652108156	1.0
ORTHO004256	2	0.6496860718680827	-23.965598899794845	1.0
ORTHO005376	1	0.6496937439942022	-22.255041592076438	1.0
ORTHO004654	1	0.6497175857686889	-22.500874115965384	1.0
ORTHO004370	1	0.6497279872331276	-23.13639131279849	1.0
ORTHO004671	1	0.6497716628142051	-20.530908646936222	1.0
ORTHO001629	1	0.6498864999517121	-24.457926528213783	1.0
ORTHO001342_1	1	0.6499301336950858	-22.24304259338085	1.0
ORTHO002344	1	0.6499649081631005	-21.81268756673281	1.0
ORTHO006130	1	0.6499896833448138	-21.768998688651894	1.0
ORTHO004627	1	0.6501174850317145	-22.675117408488195	1.0
ORTHO000477_1	1	0.6501205462403331	-23.557702405226898	1.0
ORTHO003383_1	1	0.6501507522446337	-21.095002247538833	1.0
ORTHO006382	1	0.6502908584679994	-20.624359435748868	1.0
ORTHO005785	1	0.6503793599405429	-21.538022429254767	1.0
ORTHO002543	1	0.6504058685897023	-24.252369211842705	1.0
ORTHO004549	1	0.6505155229744024	-20.73663054413096	1.0
ORTHO001023	1	0.6505400927899674	-27.22110568423722	1.0
ORTHO006220	1	0.6505886477864888	-20.46061809790457	1.0
ORTHO001904	1	0.65060815403498	-23.22607398413759	1.0
ORTHO001840	1	0.6506311478811677	-23.11922717187147	1.0
ORTHO002041	1	0.650715630012251	-23.947176671498777	1.0
ORTHO000567_1	1	0.6507451445569881	-24.90078883608478	1.0
ORTHO001018	2	0.6508240557268551	-26.672018029099974	1.0
ORTHO005273	1	0.6509309295715958	-21.18238080530745	1.0
ORTHO002748	1	0.6509617462405894	-20.882848396023522	1.0
ORTHO005995	1	0.6510656796916329	-22.167333004069302	1.0
ORTHO004506	1	0.6512966787339544	-19.662318055370587	1.0
ORTHO006695	1	0.6513272806644564	-20.789180864799686	1.0
ORTHO005752	1	0.6513649562395205	-22.682559745246976	1.0
ORTHO000481_1	1	0.651422028063063	-29.31817380593384	1.0
ORTHO005702	1	0.651498089001752	-19.854718030383687	1.0
ORTHO001325_2	2	0.6515362389985668	-23.14720510391508	1.0
ORTHO005758	1	0.6516417516362543	-19.342246879508785	1.0
ORTHO003158	2	0.6516436623877611	-24.221502050711468	1.0
ORTHO004089	1	0.651718744323917	-21.546581183707175	1.0
ORTHO003000	2	0.6517412586787276	-22.833673273573503	1.0
ORTHO005387	1	0.6517502619327442	-21.608807895002293	1.0
ORTHO001563	1	0.6518230795517426	-25.30063458705852	1.0
ORTHO000406_1	1	0.6518793315520265	-25.611116322472423	1.0
ORTHO002948	1	0.6519921391061602	-23.205717069666022	1.0
ORTHO002169	1	0.6519954327738399	-22.93877340723096	1.0
ORTHO007499	1	0.6520518928415068	-20.988685835881014	1.0
ORTHO000487_1	1	0.6521160616459123	-24.597241846051162	1.0
ORTHO005574	1	0.6521181791341175	-21.381433769734297	1.0
ORTHO002916	1	0.652142786814677	-25.320108739687363	1.0
ORTHO003853	1	0.6522473303444934	-23.361603660638565	1.0
ORTHO002463	1	0.6522937809830461	-22.934489939350893	1.0
ORTHO000920_2	1	0.6523396335461759	-23.169458157385307	1.0
ORTHO003645	1	0.6524143814800304	-20.90733313223096	1.0
ORTHO001521	1	0.6526212390842995	-24.148089667471677	1.0
ORTHO000590_1	2	0.6526677642443042	-25.416277387735434	1.0
ORTHO008033	1	0.6527082016888685	-19.333303239776782	1.0
ORTHO004419	1	0.6527233672582713	-21.010648394192323	1.0
ORTHO001710	1	0.6527240664507044	-24.412346252222733	1.0
ORTHO004559	1	0.6529169727240313	-21.774355835953212	1.0
ORTHO004543	1	0.6529593797514449	-20.821300547761414	1.0
ORTHO000591_1	2	0.6530828362168776	-21.954331151450432	1.0
ORTHO001830	1	0.653135226140232	-25.185969540189536	1.0
ORTHO005699	1	0.6531531802441971	-21.004026586313408	1.0
ORTHO004231	1	0.6531642703601921	-22.712016785309462	1.0
ORTHO000601	2	0.6532180040617752	-29.48634758735157	1.0
ORTHO004787	1	0.6532690120048542	-20.47402620765822	1.0
ORTHO003564	1	0.6532696621721601	-21.476957893336007	1.0
ORTHO002105	1	0.6533545828619258	-21.956332142826245	1.0
ORTHO000402_1	1	0.6533614564040477	-28.766830290237863	1.0
ORTHO001249	2	0.6534971271988994	-24.504604577464026	1.0
ORTHO005146	1	0.6535385196818734	-25.233926689841432	1.0
ORTHO000959	1	0.6535918716494332	-26.058175088300437	1.0
ORTHO003134	2	0.6536150122676423	-22.102695235029746	1.0
ORTHO005826	1	0.6538058067062164	-21.008409408171612	1.0
ORTHO003421	1	0.6539422942190865	-20.971315472512963	1.0
ORTHO006205	1	0.653966479170096	-21.781111772484394	1.0
ORTHO001220_1	1	0.6542014129658975	-23.50421781184713	1.0
ORTHO001093	1	0.6542365773935381	-26.743647734507146	1.0
ORTHO005616	1	0.6543029959176193	-20.71134220229075	1.0
ORTHO003413	1	0.6544299475153726	-24.109701987627915	1.0
ORTHO003762	1	0.6544519981649899	-21.059342364932377	1.0
ORTHO001541	1	0.654465694530749	-24.554701948151088	1.0
ORTHO003877	1	0.6544884334281791	-21.62941423982012	1.0
ORTHO005424	1	0.6545551403133905	-21.135886780385665	1.0
ORTHO003422	1	0.6546492827717103	-23.219259995078396	1.0
ORTHO003702	1	0.6546638485769155	-21.940611637069384	1.0
ORTHO001426	1	0.6547102166855404	-24.784577291157436	1.0
ORTHO006659	1	0.6547494019548948	-21.062341003392092	1.0
ORTHO003487	1	0.6549766516296219	-21.129090658916788	1.0
ORTHO005499	1	0.6552955059087919	-21.752762079308496	1.0
ORTHO003870	1	0.6553936597638396	-22.149752771172356	1.0
ORTHO000402_2	1	0.6554156779671704	-22.18708964752957	1.0
ORTHO001254	1	0.6554242449497583	-25.44455844602056	1.0
ORTHO003490	1	0.6554664703583278	-21.74178923249985	1.0
ORTHO003221	1	0.6554740257100968	-21.206973236342993	1.0
ORTHO005285	1	0.6554864371656175	-21.249830285828374	1.0
ORTHO001610	1	0.6555277429039548	-25.355085911337408	1.0
ORTHO004758	1	0.6555894913806604	-20.127653737749608	1.0
ORTHO003207	1	0.6557293400200317	-21.55989949110674	1.0
ORTHO006081	1	0.6557495567122782	-21.39334782094817	1.0
ORTHO001488	1	0.655784420260997	-26.184876684721797	1.0
ORTHO002925	1	0.6558799072100856	-22.96773364735329	1.0
ORTHO003714	1	0.6559406647240277	-20.565949211659124	1.0
ORTHO005847	1	0.6559553074707684	-21.448708955248605	1.0
ORTHO003261	1	0.655995119827501	-21.659164591618556	1.0
ORTHO002909	1	0.656028294719284	-22.999884885738037	1.0
ORTHO003203	1	0.6561000079017143	-21.69982734744061	1.0
ORTHO003668	1	0.6561318852051564	-25.13129799025129	1.0
ORTHO001064_2	1	0.6562763193307055	-24.31547534917348	1.0
ORTHO003803	1	0.6562825573116623	-22.468699034777778	1.0
ORTHO006322	1	0.6564392677049987	-20.69116266097674	1.0
ORTHO007169	1	0.6564535751778651	-18.96764181910602	1.0
ORTHO001503	1	0.6566903956874285	-26.275719831683116	1.0
ORTHO006893	1	0.6567337051013782	-19.831079689657567	1.0
ORTHO002409	1	0.6567747624937936	-24.875705602607912	1.0
ORTHO002650	1	0.6568376049790835	-22.199785494608903	1.0
ORTHO002987	1	0.6569051430450717	-22.437507525005977	1.0
ORTHO000463_2	1	0.6569126210119685	-26.832871978563922	1.0
ORTHO004311	1	0.6570057304862928	-20.981866668092053	1.0
ORTHO005463	1	0.6570647774581302	-22.195243730811423	1.0
ORTHO001242_2	1	0.6570934126801392	-19.055000012948625	1.0
ORTHO005271	1	0.6572738749266827	-21.016860817110665	1.0
ORTHO005462	1	0.657364579440517	-21.157448213300682	1.0
ORTHO003901	1	0.657371206016287	-22.006158890241288	1.0
ORTHO003823	1	0.6573829185445401	-22.12649532417214	1.0
ORTHO005803	1	0.6574207689709669	-21.796120066876487	1.0
ORTHO003417	1	0.6576153038593102	-21.962581583396492	1.0
ORTHO003003	1	0.657664098246249	-22.598725981415782	1.0
ORTHO002496	1	0.6578091861528677	-22.971454350206276	1.0
ORTHO005674	1	0.65782114218348	-19.33890952735365	1.0
ORTHO002302	1	0.6578317129720739	-21.49742081788343	1.0
ORTHO003043	1	0.6578603781887298	-22.201099942955626	1.0
ORTHO005774	1	0.6578626106998228	-22.983883277183114	1.0
ORTHO001328_1	1	0.6579028817033329	-21.15008854452375	1.0
ORTHO001919	1	0.6580446505775591	-24.145561362978768	1.0
ORTHO004092	1	0.658310880139092	-20.611511519356924	1.0
ORTHO003258	1	0.6583270752282583	-20.48903254958027	1.0
ORTHO001735	1	0.6583849192963519	-23.460862732362415	1.0
ORTHO006348	1	0.6584426554561318	-19.574304667663014	1.0
ORTHO005549	1	0.658476957930466	-20.058245599582914	1.0
ORTHO007175	1	0.6585277051001042	-20.197783368748176	1.0
ORTHO002591	1	0.6586354562011537	-22.36158171857955	1.0
ORTHO006531	1	0.6586457635416155	-19.162850503389375	1.0
ORTHO000602_1	1	0.6586721015307174	-28.603056254734433	1.0
ORTHO005578	1	0.6586953721767711	-21.93218782436139	1.0
ORTHO006871	1	0.6587046935692642	-19.412556557786164	1.0
ORTHO001406	2	0.6588041407552861	-23.844552274762908	1.0
ORTHO007131	1	0.6588085841497925	-19.59605805403851	1.0
ORTHO003381	2	0.6588373003545793	-22.8617138469604	1.0
ORTHO004451	1	0.6588551756757192	-24.32102732800991	1.0
ORTHO007356	1	0.6589629391755603	-19.841940564493346	1.0
ORTHO005165	1	0.6590565817616466	-22.640995068046212	1.0
ORTHO007198	1	0.6592978521409418	-19.350627785615345	1.0
ORTHO003438	1	0.6593710421129871	-22.85663451359315	1.0
ORTHO005666	1	0.6594759827715919	-19.60212173638772	1.0
ORTHO005905	1	0.6595962193488013	-20.404316785307767	1.0
ORTHO003684	1	0.6596017168854804	-20.692620883155183	1.0
ORTHO004965	1	0.6596191786510798	-24.460732802481065	1.0
ORTHO007381	1	0.6596393834861444	-19.661729802555385	1.0
ORTHO005582	1	0.6597463888092449	-20.203285704493446	1.0
ORTHO003348	1	0.6597733551390738	-22.68547809297318	1.0
ORTHO002605	2	0.6599290390341174	-23.51340798909762	1.0
ORTHO005253	2	0.659977261499268	-20.125185559719053	1.0
ORTHO005722	1	0.6601123861001925	-19.71693632678168	1.0
ORTHO006908	1	0.6603825952974388	-19.927833026830967	1.0
ORTHO006301	1	0.6604177539768642	-20.61445391462848	1.0
ORTHO000949_2	1	0.6604646072156707	-21.2854200772368	1.0
ORTHO004230	1	0.6605080918812567	-22.00543711920901	1.0
ORTHO006546	1	0.6605254392522827	-20.68625208707392	1.0
ORTHO000399_1	2	0.660605718091682	-28.80563869774323	1.0
ORTHO003222	2	0.660615263988318	-22.10808029940917	1.0
ORTHO006251	1	0.6606644427853333	-20.551545847087574	1.0
ORTHO004864	1	0.6607197483977111	-20.213240309042284	1.0
ORTHO006756	1	0.6607523973045754	-21.52572460443028	1.0
ORTHO003059	1	0.6608222465965099	-22.57605941438314	1.0
ORTHO007168	1	0.6608798517660824	-20.660827549768435	1.0
ORTHO002155	1	0.6609103225995864	-22.43481987682553	1.0
ORTHO006367	1	0.660980459678456	-20.338504924310516	1.0
ORTHO002374	1	0.6609926715666049	-23.03922387465165	1.0
ORTHO003402	1	0.661011351662123	-22.565222171236393	1.0
ORTHO005460	1	0.6610949966265655	-22.247754182329878	1.0
ORTHO005192	1	0.6611475813699201	-22.33622801604709	1.0
ORTHO007793	1	0.6613331008077984	-19.950437038691383	1.0
ORTHO001743	1	0.661389836655298	-24.732949964540037	1.0
ORTHO006675	1	0.6614135119475089	-19.55546550627972	1.0
ORTHO002784	1	0.6614181958786065	-22.505703481111528	1.0
ORTHO007199	1	0.6614438846827096	-20.11380909382818	1.0
ORTHO005434	1	0.6615501798055932	-22.78864983159732	1.0
ORTHO006462	1	0.6615891204964688	-21.508450075090124	1.0
ORTHO006937	1	0.6616584969555368	-20.786124970759275	1.0
ORTHO005445	1	0.661703509002114	-21.261487197938653	1.0
ORTHO005763	1	0.6617867225221787	-20.888384418262223	1.0
ORTHO008163	1	0.6618198960852913	-21.239878561765774	1.0
ORTHO007855	1	0.661853478990131	-20.538476954451117	1.0
ORTHO007365	1	0.6618690579446379	-19.60382069671258	1.0
ORTHO002671	1	0.6618896739887761	-21.869385095155472	1.0
ORTHO008322	1	0.6619477557850681	-21.40213291788706	1.0
ORTHO006752	1	0.6619501012139987	-20.724813190226367	1.0
ORTHO006371	1	0.6619539168513731	-20.665906710674278	1.0
ORTHO001349	1	0.6619545482147432	-24.34973026540443	1.0
ORTHO006624	1	0.6619766327597202	-20.66564819658977	1.0
ORTHO005231	1	0.6619999236849043	-21.806713103455753	1.0
ORTHO006303	1	0.6620312083864188	-19.689073062000897	1.0
ORTHO007281	1	0.6620358157318579	-20.323469550018014	1.0
ORTHO008109	1	0.6621283687406838	-21.890261553167402	1.0
ORTHO001380	1	0.6621812771229266	-24.681369383595293	1.0
ORTHO002965	1	0.6621824481920782	-23.32880309666092	1.0
ORTHO001143	1	0.6622167054799374	-24.441825079555226	1.0
ORTHO000512_1	2	0.6622581073037505	-24.77485255751482	1.0
ORTHO005050	1	0.662308279169729	-22.15863140474851	1.0
ORTHO007644	1	0.6624808445974627	-22.206553084969123	1.0
ORTHO005004	1	0.6625202001106374	-20.3495771934951	1.0
ORTHO003151	2	0.6625419881938452	-23.351962044537895	1.0
ORTHO003605	1	0.6625897334720194	-22.700520662661162	1.0
ORTHO000489	1	0.6626153347432832	-29.089030255305126	1.0
ORTHO008144	1	0.662669010083518	-21.137799332492506	1.0
ORTHO003507	1	0.6627428641105414	-22.09590463500554	1.0
ORTHO002805	1	0.6628263544867343	-22.60497400020442	1.0
ORTHO005330	1	0.6628450445970433	-20.48407888866531	1.0
ORTHO006153	1	0.6629154108086507	-21.748061997137118	1.0
ORTHO006918	1	0.6629189163868187	-22.034547766194102	1.0
ORTHO005430	1	0.6629313026756025	-22.819966803677428	1.0
ORTHO007850	1	0.6629462012780426	-21.569716068376174	1.0
ORTHO005170	1	0.6629623454052497	-24.1835469846079	1.0
ORTHO006674	1	0.6630321421565155	-22.50173273398803	1.0
ORTHO001789	1	0.6630994255979799	-23.646551523329755	1.0
ORTHO001636	1	0.6631495487045016	-24.57281233177639	1.0
ORTHO006007	1	0.6631767034529268	-20.845535737712062	1.0
ORTHO004568	1	0.6632013558584168	-21.171657269442193	1.0
ORTHO005358	1	0.6632578598108595	-21.513133911818954	1.0
ORTHO000494_2	1	0.6633027405087031	-24.239308275147366	1.0
ORTHO007438	1	0.663344052055089	-19.01295608780396	1.0
ORTHO001108	2	0.6633474017723426	-26.00214317066708	1.0
ORTHO006134	1	0.6633970943717539	-22.170219697896627	1.0
ORTHO006178	1	0.6634922277758529	-20.62573826395871	1.0
ORTHO006254	1	0.6635130691629487	-22.343143741110143	1.0
ORTHO002260	1	0.6635584358432045	-24.216897992467928	1.0
ORTHO006727	1	0.6635879957571864	-21.67696287924291	1.0
ORTHO007627	1	0.663654355930782	-20.010524315345478	1.0
ORTHO005484	1	0.6636594679038835	-21.41055319254347	1.0
ORTHO001750	1	0.6636760618035737	-23.698460111838656	1.0
ORTHO001517	2	0.6637071267983327	-25.020384291816995	1.0
ORTHO004698	1	0.6638140800522324	-22.74615817154795	1.0
ORTHO000862	1	0.6638502611689453	-26.600455443540866	1.0
ORTHO005068	1	0.6639353771480254	-19.793280726547838	1.0
ORTHO004975	2	0.6641158838544398	-22.158227172543114	1.0
ORTHO008535	1	0.6641468920399013	-20.264918843203024	1.0
ORTHO006042	1	0.6641749023170969	-20.45892491812892	1.0
ORTHO004733	1	0.6641777422965162	-20.499412956952987	1.0
ORTHO006861	1	0.664225505046298	-21.990159649353487	1.0
ORTHO003662	2	0.6642593915810903	-22.978934179095614	1.0
ORTHO001927	1	0.6642669763914553	-23.90461816936916	1.0
ORTHO005222	1	0.6643363298641818	-22.80501207423885	1.0
ORTHO005928	1	0.6643823648220599	-21.94050828730909	1.0
ORTHO004240	2	0.6643891268791043	-23.041521432508198	1.0
ORTHO006569	1	0.6644434795283318	-19.613193996413813	1.0
ORTHO000766_2	1	0.6645188031940131	-22.36121683016728	1.0
ORTHO008307	1	0.6645369862577719	-20.640622319384512	1.0
ORTHO003983	1	0.6645432694069846	-25.63660834452478	1.0
ORTHO001711	2	0.6646819906652203	-24.829693910811358	1.0
ORTHO006358	1	0.6647187538395769	-20.704231915510523	1.0
ORTHO008180	1	0.6648210365032611	-21.166903380426934	1.0
ORTHO004915	1	0.6648481670833071	-21.267082524168497	1.0
ORTHO003021	2	0.6648941437531487	-21.198321353393236	1.0
ORTHO001321	1	0.6649785320106801	-25.94677386975967	1.0
ORTHO007412	1	0.6649914096090306	-20.44907415201626	1.0
ORTHO003250	1	0.6649963922944925	-22.342274266075727	1.0
ORTHO002182	1	0.6649991217193378	-23.113299049511628	1.0
ORTHO008146	1	0.6650212006052151	-20.40435526043613	1.0
ORTHO006494	1	0.6650415665873597	-20.404223700521563	1.0
ORTHO007335	1	0.6650545653861014	-19.1155436252072	1.0
ORTHO002267	1	0.6650980364704953	-24.54520008885522	1.0
ORTHO006689	1	0.6651463471019375	-21.765650687886254	1.0
ORTHO001730	1	0.6651636554843499	-23.805108238832716	1.0
ORTHO006237	1	0.6652148496764796	-22.993442457321628	1.0
ORTHO002401	1	0.6652153093207164	-22.297035361233508	1.0
ORTHO004801	1	0.6652614145675257	-23.22852234967726	1.0
ORTHO008554	1	0.6654132189976615	-20.241141041438667	1.0
ORTHO001924_1	1	0.6654561233206094	-22.24324534027484	1.0
ORTHO005070	1	0.6654953684105418	-20.524197545638764	1.0
ORTHO005023	1	0.6655142875673155	-22.033579309834824	1.0
ORTHO008553	1	0.6655467096015996	-22.922995904851728	1.0
ORTHO007831	1	0.6655830023426235	-20.20634629004724	1.0
ORTHO001917	1	0.6656004582865627	-25.365358096528848	1.0
ORTHO005132	1	0.6656555950144543	-21.270161953549554	1.0
ORTHO001091_3	1	0.6657679732464925	-22.118468408648845	1.0
ORTHO002193	1	0.6657815278382717	-22.522732648214163	1.0
ORTHO005265	1	0.6657885890870188	-24.740641003923407	1.0
ORTHO007484	1	0.6659067912263444	-22.347576849993175	1.0
ORTHO004454	1	0.6659117612876202	-20.331651518511546	1.0
ORTHO004321	1	0.6659426003780604	-21.380413484530873	1.0
ORTHO000974	1	0.6660052236967064	-26.767857769807875	1.0
ORTHO001514	1	0.6660184333353277	-25.603580533956368	1.0
ORTHO004773	1	0.6660230629384821	-21.703211876200182	1.0
ORTHO006304	1	0.6660271678331411	-20.97282123449212	1.0
ORTHO000537	1	0.6660383863212159	-29.071890034006763	1.0
ORTHO008432	1	0.6660578906102392	-20.972574856951454	1.0
ORTHO003934	1	0.6661260692369003	-24.69171873882689	1.0
ORTHO007441	1	0.6661488367456756	-22.79488561904837	1.0
ORTHO000463_1	1	0.6661805757793074	-29.706611949593146	1.0
ORTHO008112	1	0.6662341446863292	-20.967596557765972	1.0
ORTHO007305	1	0.6662537092434407	-20.858747658352005	1.0
ORTHO005537	1	0.6662822327145276	-20.469800019035223	1.0
ORTHO002862	1	0.666337042502326	-25.264089543444268	1.0
ORTHO005893	1	0.6663818953649931	-20.957577549650313	1.0
ORTHO007140	1	0.6664076956052599	-22.090517882990568	1.0
ORTHO003159	1	0.6664435855997274	-20.69751401818645	1.0
ORTHO008150	1	0.666446330510642	-19.250978233710992	1.0
ORTHO008182	1	0.666446330510642	-19.250978233710992	1.0
ORTHO006184	1	0.6665233452109025	-20.643001703927908	1.0
ORTHO001033	1	0.6665331687896068	-26.798112777096417	1.0
ORTHO008325	1	0.6665683461334015	-20.260182580889836	1.0
ORTHO003026	1	0.666582768843875	-23.174324260822594	1.0
ORTHO001603	1	0.6665924135360101	-23.20001258893229	1.0
ORTHO008024	1	0.6665981605469249	-20.580670586544265	1.0
ORTHO008167	1	0.6666004363784386	-19.751651634645135	1.0
ORTHO007166	1	0.6666130108092562	-19.62975296023998	1.0
ORTHO002328	1	0.6666568296487889	-24.191907460288053	1.0
ORTHO008274	1	0.6667974152711768	-20.1230541843603	1.0
ORTHO008429	1	0.666884818643132	-20.547855927177224	1.0
ORTHO008501	1	0.6668977087382358	-21.59194154787075	1.0
ORTHO006164	1	0.6669954558519317	-23.6554971032819	1.0
ORTHO000928	1	0.6670111567024867	-27.30306887653749	1.0
ORTHO005742	1	0.6670644631475058	-21.86799634842923	1.0
ORTHO005246	2	0.6671498539609979	-20.46698097797513	1.0
ORTHO003204	1	0.6671801752635441	-22.30834332662647	1.0
ORTHO001846	1	0.6673242324495685	-24.36674067044275	1.0
ORTHO003711	1	0.6673407119722533	-22.302765600852894	1.0
ORTHO003499	2	0.6674600566756002	-23.861998118461482	1.0
ORTHO002898	1	0.6675229449653179	-23.239096985832703	1.0
ORTHO005755	1	0.6675366562924359	-20.756223198693576	1.0
ORTHO003962	1	0.6675574084445434	-23.061928423282975	1.0
ORTHO001732_1	1	0.6675928721008768	-21.02296292195255	1.0
ORTHO008401	1	0.6676017820630844	-19.95278743201434	1.0
ORTHO005060	1	0.6676989736635406	-22.995615711382555	1.0
ORTHO007089	1	0.6677168196568812	-20.202414231187234	1.0
ORTHO006715	1	0.6677430253143162	-22.71138635914998	1.0
ORTHO008154	1	0.6677600734624849	-20.103685545633116	1.0
ORTHO003014	2	0.6677824314762542	-22.323786327182532	1.0
ORTHO003779	1	0.6678474824367095	-23.12406800615874	1.0
ORTHO005045	1	0.6678779454371427	-21.13705695612521	1.0
ORTHO004625	1	0.6679992317749334	-21.160897394243992	1.0
ORTHO008169	1	0.6680176808623609	-20.470793457753935	1.0
ORTHO002620	1	0.6680692214707914	-22.01358952219763	1.0
ORTHO008102	1	0.6680896066577643	-19.549289585032987	1.0
ORTHO005480	1	0.6681218391184512	-21.058366577118573	1.0
ORTHO007866	1	0.6682008347973646	-21.075724078871797	1.0
ORTHO007326	1	0.6682068306954548	-22.808814435283818	1.0
ORTHO008352	1	0.6682366105433767	-20.411421535948282	1.0
ORTHO006875	1	0.668241879222295	-21.83758830749476	1.0
ORTHO008327	1	0.6682566859639818	-20.348871446310856	1.0
ORTHO006855	1	0.6684104022381846	-22.89986266827803	1.0
ORTHO007156	1	0.6684220843880646	-20.114003769818694	1.0
ORTHO007309	1	0.6684655390796101	-19.92804655204366	1.0
ORTHO001011	1	0.6684778082318548	-27.02936170806203	1.0
ORTHO001458	1	0.6684989362841929	-25.2678005261956	1.0
ORTHO008444	1	0.6685028877102469	-19.741719507717104	1.0
ORTHO006473	1	0.6685109965266858	-21.24572571800394	1.0
ORTHO000723	1	0.6685381078779419	-27.070262923488677	1.0
ORTHO003316	1	0.668539564557807	-23.5867394037789	1.0
ORTHO002364	1	0.6685830175323204	-24.250174751453955	1.0
ORTHO002408	1	0.6686515915108306	-21.96760213766296	1.0
ORTHO007638	1	0.6686572787969802	-20.298761939777815	1.0
ORTHO008381	1	0.6686600712929891	-19.755728248102695	1.0
ORTHO001664	2	0.6686827471730171	-23.990976411599892	1.0
ORTHO008549	1	0.6687480353914391	-22.117433880773472	1.0
ORTHO005592	2	0.6687601665317756	-22.576661044571654	1.0
ORTHO004149	1	0.6688032041003815	-21.590809709247832	1.0
ORTHO005743	1	0.6688335287240331	-20.288465451601972	1.0
ORTHO007230	1	0.6688343925236692	-22.022919105469764	1.0
ORTHO004118	1	0.6688350885180343	-20.96767706334946	1.0
ORTHO008271	1	0.6689058424436839	-20.596820961307873	1.0
ORTHO003143	1	0.6689456746135196	-22.77948106418176	1.0
ORTHO008350	1	0.6689599560018351	-19.841425719128342	1.0
ORTHO000268_1	1	0.6690194574885066	-26.73288222870899	1.0
ORTHO006067	1	0.6690597383671459	-23.530003914882723	1.0
ORTHO008269	1	0.6692632795499075	-21.63449978800851	1.0
ORTHO008564	1	0.6692827439956474	-19.687414575720542	1.0
ORTHO002507	1	0.6692906317279277	-23.35338406724621	1.0
ORTHO003875	1	0.6693020132045505	-20.19084471667143	1.0
ORTHO008320	1	0.6693887126550069	-20.949186094759064	1.0
ORTHO008448	1	0.669414191162262	-21.28173903796247	1.0
ORTHO003283	1	0.6694787948878053	-21.68990616453453	1.0
ORTHO003795	2	0.6695255583845816	-22.202524478569376	1.0
ORTHO006120	1	0.6695683649679298	-21.03130374534233	1.0
ORTHO001918	1	0.6695763955716902	-24.781978446146713	1.0
ORTHO005710	1	0.6697068551525854	-21.901815726577503	1.0
ORTHO005241	1	0.6697325812291727	-23.028871271473356	1.0
ORTHO002270	1	0.6697669200159109	-25.59691449095239	1.0
ORTHO000760_1	1	0.6698133434677043	-22.912317345953905	1.0
ORTHO008388	1	0.6698207348000108	-20.82569013409664	1.0
ORTHO004104	1	0.6698375956761702	-22.88238309115766	1.0
ORTHO002625	1	0.6699016496014422	-22.954162391342244	1.0
ORTHO007939	1	0.6699110877111719	-22.950217898089093	1.0
ORTHO005678	1	0.6699215638956001	-19.926425777602734	1.0
ORTHO004422	1	0.6699391539511501	-22.411534823437066	1.0
ORTHO005094	1	0.6699533942335897	-22.316490630606456	1.0
ORTHO000736	1	0.6700677780025205	-26.6049064433699	1.0
ORTHO008437	1	0.6701315659813281	-20.73590872361989	1.0
ORTHO007867	1	0.6702023479124473	-21.255247008775505	1.0
ORTHO003837	2	0.670247775183265	-21.85579085548755	1.0
ORTHO004762	1	0.6702666191514189	-21.12418985550178	1.0
ORTHO008495	1	0.6702954748343788	-21.300395190115452	1.0
ORTHO003482	1	0.670310152380344	-21.890858906344302	1.0
ORTHO004245	1	0.6703275407198159	-22.91977682337905	1.0
ORTHO008368	1	0.6703453469043925	-19.590215002970687	1.0
ORTHO002797	1	0.670456608421379	-22.253539128223434	1.0
ORTHO005801	1	0.6706516286311163	-20.88114669953354	1.0
ORTHO006577	1	0.6706955256837815	-20.232745613483807	1.0
ORTHO004931	1	0.6707484201442252	-22.503526887418474	1.0
ORTHO008376	1	0.6707780222729404	-23.134827911579738	1.0
ORTHO005559	1	0.6708483592216383	-21.9240783203218	1.0
ORTHO003904	1	0.6708941450503081	-23.52254917996032	1.0
ORTHO004794	1	0.670929240364812	-21.732900512744337	1.0
ORTHO006435	1	0.6709530559219862	-20.305435040459134	1.0
ORTHO005368	1	0.6710423696705877	-20.161094311797882	1.0
ORTHO006726	1	0.671126791485001	-20.88241032101855	1.0
ORTHO002801	1	0.6712021267082139	-21.58486969166824	1.0
ORTHO002285	1	0.6713518048165167	-22.54455840343219	1.0
ORTHO005770	1	0.6713997646066029	-20.83193062931746	1.0
ORTHO008386	1	0.6714585346151402	-20.616453471302556	1.0
ORTHO004127	1	0.671475374868482	-21.98675652741537	1.0
ORTHO008117	1	0.6714780204760523	-19.47957938702926	1.0
ORTHO008542	1	0.6714917643532016	-20.729656209877028	1.0
ORTHO007151	1	0.6715445495095668	-19.020962853522068	1.0
ORTHO006203	1	0.671575410484984	-21.003091301637486	1.0
ORTHO003310	1	0.6716045615195866	-22.779944173704358	1.0
ORTHO007220	1	0.6716834403618276	-20.36063026962786	1.0
ORTHO008259	1	0.6718138102651798	-19.79331998164369	1.0
ORTHO001940	1	0.6718375260459802	-22.330344155411005	1.0
ORTHO005314	1	0.671864436455903	-20.545489757521146	1.0
ORTHO004355	1	0.6718859349236197	-21.30622051558208	1.0
ORTHO008147	1	0.671914632182601	-19.012283911819555	1.0
ORTHO008392	1	0.671914632182601	-19.012283911819555	1.0
ORTHO003946	1	0.6719160227085108	-22.410465929574222	1.0
ORTHO001596	1	0.6720913615781341	-22.978891008027116	1.0
ORTHO001161_2	1	0.6721588891645753	-20.814228092618123	1.0
ORTHO007149	1	0.6721589269064311	-20.359208890616557	1.0
ORTHO006823	1	0.6721764604964017	-21.564417872317946	1.0
ORTHO004891	1	0.6722529663565092	-21.124462571500892	1.0
ORTHO006425	1	0.6722622833518702	-20.434902271382104	1.0
ORTHO006310	1	0.6722822404421483	-20.877068124318555	1.0
ORTHO003602	2	0.6723399060201557	-22.761754528338688	1.0
ORTHO008390	1	0.6723671705155887	-20.642323966570235	1.0
ORTHO006230	1	0.6724308578665531	-20.868961207832758	1.0
ORTHO008290	1	0.6725205333148612	-19.0276904124523	1.0
ORTHO008292	1	0.6725205333148612	-19.0276904124523	1.0
ORTHO008298	1	0.6725205333148612	-19.0276904124523	1.0
ORTHO008341	1	0.6725205333148612	-19.0276904124523	1.0
ORTHO008367	1	0.6725205333148612	-19.0276904124523	1.0
ORTHO008393	1	0.6725205333148612	-19.0276904124523	1.0
ORTHO008398	1	0.6725205333148612	-19.0276904124523	1.0
ORTHO008451	1	0.6725205333148612	-19.0276904124523	1.0
ORTHO007189	1	0.6725573454144859	-19.843556575059495	1.0
ORTHO008260	1	0.6726074397408371	-22.328540475861182	1.0
ORTHO004052	2	0.6726152153055562	-22.019103701398546	1.0
ORTHO006833	1	0.6726529473717657	-21.51457864310763	1.0
ORTHO007506	1	0.6727384271058886	-19.90176318424786	1.0
ORTHO006102	1	0.672777680917867	-20.790531982836796	1.0
ORTHO006653	2	0.6728036765778305	-22.425469964882343	1.0
ORTHO002407	1	0.6728505594314745	-24.481732718890544	1.0
ORTHO007361	1	0.6729323717004646	-19.222263293882392	1.0
ORTHO006323	2	0.6730315848771287	-20.37141485424478	1.0
ORTHO001340	1	0.6730485954024781	-25.703042203268865	1.0
ORTHO001316	1	0.6732313335161046	-24.734222320177427	1.0
ORTHO007347	1	0.6732652583054702	-21.109014874201765	1.0
ORTHO008440	1	0.6735445384084326	-19.60946168771923	1.0
ORTHO007508	1	0.6735803831245046	-19.530647898408272	1.0
ORTHO007134	1	0.6736170579731807	-19.40501025341825	1.0
ORTHO008032	1	0.6736282944070752	-21.321879119494792	1.0
ORTHO007062	1	0.6736682946912175	-19.52893190718709	1.0
ORTHO008312	1	0.6736853360738989	-21.207060229547277	1.0
ORTHO008302	1	0.6738175261131143	-19.172815224116558	1.0
ORTHO008332	1	0.6738175261131143	-19.172815224116558	1.0
ORTHO007602	1	0.6738333596451572	-21.222300788342313	1.0
ORTHO008365	1	0.6738578491047119	-19.570372500036015	1.0
ORTHO008330	1	0.6738584699393435	-19.63666625487012	1.0
ORTHO006567	1	0.6738903020741459	-21.637331731406558	1.0
ORTHO007129	1	0.6739067280290679	-19.617734577586702	1.0
ORTHO004691	1	0.6739675662568876	-23.5121761562376	1.0
ORTHO005112	1	0.6740059868631627	-19.945106850116645	1.0
ORTHO006104	1	0.6740683665472339	-20.035297544450252	1.0
ORTHO008171	1	0.6741043838044385	-20.106773604094244	1.0
ORTHO007130	1	0.6741347325519886	-20.990446231958522	1.0
ORTHO000501_1	1	0.6741822341565624	-28.7672154654744	1.0
ORTHO006540	1	0.6742146379684343	-21.351149547979727	1.0
ORTHO008278	1	0.674241191610541	-20.454367057467483	1.0
ORTHO001176	1	0.6744101799625669	-25.33950145704599	1.0
ORTHO005639	1	0.6745917433551558	-20.238760121845985	1.0
ORTHO008538	1	0.6745934108290934	-20.337047433060153	1.0
ORTHO004770	1	0.6748072858299728	-21.049308573791475	1.0
ORTHO005939	1	0.6748228799325495	-21.585971070694047	1.0
ORTHO001381	1	0.6748350989011266	-26.48267999525808	1.0
ORTHO006521	1	0.6748738078233598	-20.50389840564993	1.0
ORTHO005569	1	0.6749914105760476	-21.580001385581266	1.0
ORTHO002780	1	0.6750004058334441	-25.410747115475765	1.0
ORTHO007107	1	0.6750142836350963	-21.644438708306396	1.0
ORTHO004283	1	0.6750467671495999	-23.853723333485963	1.0
ORTHO006921	1	0.6750943046662644	-21.110771320737715	1.0
ORTHO003556	1	0.6750958197260397	-21.60091502718134	1.0
ORTHO001061	2	0.6751281083655167	-26.508543785508014	1.0
ORTHO002355	1	0.6752417207989195	-25.808909532119237	1.0
ORTHO008375	1	0.67528121856681	-20.959060365236184	1.0
ORTHO003625	1	0.6752911821392698	-21.993548446112012	1.0
ORTHO004060	1	0.6753511271163878	-23.16518972158003	1.0
ORTHO006960	1	0.6753533763442133	-20.519215455679326	1.0
ORTHO005148	1	0.6753593683010423	-22.84369804861012	1.0
ORTHO008135	1	0.6754659666181684	-19.88204630068737	1.0
ORTHO008282	1	0.6754948200492329	-20.86072310827106	1.0
ORTHO008396	1	0.6755178514992064	-20.34584331102455	1.0
ORTHO006915	1	0.6755830318443862	-20.115819291392977	1.0
ORTHO001739	1	0.6756038320655022	-24.367461142565134	1.0
ORTHO007470	1	0.6756439021687554	-20.231757684449352	1.0
ORTHO001978	1	0.6756448294646358	-26.045700523747772	1.0
ORTHO007473	1	0.6756708027746523	-20.030366244791495	1.0
ORTHO005603	1	0.675704900925516	-21.92604805735209	1.0
ORTHO007991	1	0.6759660755117924	-19.787420515024124	1.0
ORTHO006790	1	0.6759887011973819	-19.985165344270914	1.0
ORTHO007173	1	0.6759962877099106	-19.468766097433466	1.0
ORTHO006581	1	0.6760104908075898	-21.768937888891543	1.0
ORTHO007352	1	0.676016229838356	-20.037366902586655	1.0
ORTHO003394	2	0.6760754207764235	-24.011651279154343	1.0
ORTHO007331	1	0.6760757119308325	-19.472148001345886	1.0
ORTHO008314	1	0.6761028271104687	-19.897354423790695	1.0
ORTHO006997	1	0.67613743873929	-19.70400013174721	1.0
ORTHO003914	1	0.6761941311075418	-21.041432521501438	1.0
ORTHO002847	1	0.6762150971942784	-22.67984077949687	1.0
ORTHO008459	1	0.6762255635334977	-20.56344153967858	1.0
ORTHO002783	1	0.6762878030208374	-22.907437591947623	1.0
ORTHO003454	1	0.6763101969675759	-23.09671058334192	1.0
ORTHO008400	1	0.6763306896640099	-19.330747999478643	1.0
ORTHO004835	1	0.676347210606417	-22.569443252800475	1.0
ORTHO001784_2	1	0.6764342193797659	-22.7831183044889	1.0
ORTHO006776	1	0.6764485640470058	-19.63084174767226	1.0
ORTHO008324	1	0.6764568132049762	-19.96886640858589	1.0
ORTHO000326_2	1	0.6764582650384893	-30.39472638420984	1.0
ORTHO008397	1	0.6765000021097978	-20.3664239411012	1.0
ORTHO004044	1	0.6765220776839906	-24.07971861429344	1.0
ORTHO001210_2	1	0.6766399137168753	-21.145310781807897	1.0
ORTHO006467	1	0.6768078014040461	-19.93217836500481	1.0
ORTHO001051	1	0.6768590008086334	-25.834355405821885	1.0
ORTHO008268	1	0.6768883414439975	-19.932327294699846	1.0
ORTHO007396	1	0.6769239459256603	-20.531648055172035	1.0
ORTHO002198	1	0.6769741371523519	-26.960586535432366	1.0
ORTHO002421	1	0.6769788957313564	-24.252751318418863	1.0
ORTHO004170	1	0.6770021794360784	-24.140716834740346	1.0
ORTHO008174	1	0.6770389376626196	-20.962687371409732	1.0
ORTHO005171	1	0.6770885116437498	-23.04416179828855	1.0
ORTHO005625	1	0.6771126863602919	-19.859143584858607	1.0
ORTHO008333	1	0.6771284907773101	-20.704519724038924	1.0
ORTHO001006	1	0.6771656938235362	-26.268609523465948	1.0
ORTHO003960	1	0.6772193331627809	-24.476898214759913	1.0
ORTHO000619_2	2	0.6772771447227521	-26.73651982992737	1.0
ORTHO004936	1	0.6773163863601057	-21.84082374769251	1.0
ORTHO006485	1	0.6773167346869772	-20.19032938714054	1.0
ORTHO007393	1	0.6773454531172867	-19.882124879167392	1.0
ORTHO003742	1	0.6773610400500537	-24.37019244667904	1.0
ORTHO004359	1	0.6773747532448096	-21.97393536721781	1.0
ORTHO008296	1	0.6774707652119282	-20.042455116516933	1.0
ORTHO002196	1	0.677707278328658	-23.361784994589602	1.0
ORTHO008329	1	0.677748882536088	-19.601947954395737	1.0
ORTHO001146_1	1	0.6779784116834597	-21.784683494696086	1.0
ORTHO002184	1	0.6780370130596703	-22.92749490912576	1.0
ORTHO008315	1	0.6781085873130915	-20.093036507736226	1.0
ORTHO007343	1	0.6781826874686651	-20.64848210279973	1.0
ORTHO005152	2	0.6783116831234158	-22.773438331065787	1.0
ORTHO007294	1	0.6784401198724472	-20.263322196928538	1.0
ORTHO005932	1	0.6784418438721855	-20.667132567672745	1.0
ORTHO006076	1	0.6784738178695491	-19.789783165492633	1.0
ORTHO006306	1	0.6786130056793545	-19.606562566018283	1.0
ORTHO001433	1	0.6786691452068168	-24.26469761085546	1.0
ORTHO005818	1	0.6787359140043753	-21.94098502245841	1.0
ORTHO004322	1	0.6787981254887618	-22.673703530928737	1.0
ORTHO006325	1	0.6788343333159412	-19.81449695055425	1.0
ORTHO008520	1	0.6788485881221568	-20.375177542894363	1.0
ORTHO001172_1	2	0.6789203098972415	-24.17459499337118	1.0
ORTHO000995_2	1	0.6789237576088074	-23.143366359134987	1.0
ORTHO006326	1	0.6789403031251464	-20.792727792694784	1.0
ORTHO007235	1	0.6789748512411722	-20.148140011857674	1.0
ORTHO003839	1	0.6789947608892076	-24.157494748054848	1.0
ORTHO002742	1	0.6790548722543722	-23.084875784409135	1.0
ORTHO006445	1	0.6791295542083847	-21.9060650653814	1.0
ORTHO003145	1	0.6791397957738222	-22.366626657829144	1.0
ORTHO003650	1	0.6792785305099334	-22.307538775160804	1.0
ORTHO003020	2	0.6792816882634233	-24.71770968807195	1.0
ORTHO005694	1	0.679339028030471	-22.745435793364457	1.0
ORTHO003492	1	0.6793664320072185	-23.08218465329833	1.0
ORTHO008430	1	0.6793885835309431	-19.816175632892705	1.0
ORTHO004116	1	0.6794265010196856	-22.70790962957209	1.0
ORTHO003180	1	0.6796506460081276	-24.06723375614279	1.0
ORTHO006483	1	0.6797311795633132	-24.309975665145927	1.0
ORTHO001092_3	1	0.6797530136762833	-21.944980983547293	1.0
ORTHO008311	1	0.6799727040331123	-21.57872127701769	1.0
ORTHO005664	1	0.6799901062772585	-21.684986170901933	1.0
ORTHO006263	1	0.6802162687208347	-21.8576240447181	1.0
ORTHO003095	1	0.6803186814272342	-22.57303431395909	1.0
ORTHO006909	1	0.6804843960955695	-21.184570428241475	1.0
ORTHO006854	1	0.6805210394177359	-19.53085946321298	1.0
ORTHO004983	1	0.6805356416849968	-22.09277477111278	1.0
ORTHO002992	1	0.680538271410198	-23.107328895949653	1.0
ORTHO001324	2	0.6805965720543966	-25.259276773087684	1.0
ORTHO004591	1	0.6808622232975685	-21.68736544714769	1.0
ORTHO005120	1	0.6808770585114536	-21.955145327052783	1.0
ORTHO002884	1	0.6810172380945501	-24.82240970871059	1.0
ORTHO005150	2	0.6810712028440455	-23.82510027502844	1.0
ORTHO004071	1	0.6810757417280349	-20.679077119915544	1.0
ORTHO003923	1	0.681101803480025	-23.566225925405682	1.0
ORTHO006351	1	0.6812380713878059	-24.509545676990072	1.0
ORTHO005730	1	0.6812675791136618	-20.01890024926889	1.0
ORTHO006246	1	0.6813123613478026	-22.83100060383465	1.0
ORTHO001202	2	0.681327792784604	-27.174541348357746	1.0
ORTHO000923_2	1	0.6813399289912868	-22.06440363147238	1.0
ORTHO003106	1	0.6814197109115425	-23.529825111856088	1.0
ORTHO001774	1	0.6814674973839637	-25.057505334592076	1.0
ORTHO004254	2	0.6814783699427593	-20.337943667450244	1.0
ORTHO005641	1	0.6815102367698422	-21.474755462069194	1.0
ORTHO006174	1	0.6816757071479772	-20.547862093815652	1.0
ORTHO001189	2	0.681719777972795	-26.23510413117824	1.0
ORTHO006368	1	0.6817890660907207	-21.51301905264486	1.0
ORTHO003175	1	0.6818246125511184	-23.877012777865836	1.0
ORTHO006409	1	0.6819268512128207	-20.67228739232887	1.0
ORTHO003610	1	0.6822087791116469	-22.473377092775834	1.0
ORTHO001866	1	0.6823772675202375	-24.293168342797053	1.0
ORTHO001991	1	0.6823841968147175	-26.153713591519665	1.0
ORTHO001790	2	0.6825779405801747	-24.93082264280488	1.0
ORTHO005432	1	0.6826875413167998	-20.63979721006354	1.0
ORTHO006519	1	0.6826932108613422	-23.605563538186775	1.0
ORTHO005363	1	0.6828875597372375	-22.85411281095482	1.0
ORTHO002250	1	0.6829950436746957	-23.894224648607093	1.0
ORTHO001559	1	0.6830384403320667	-25.691496732704056	1.0
ORTHO005930	1	0.6830680237896098	-20.568088222948276	1.0
ORTHO001943	1	0.6831282018094078	-22.677990401397448	1.0
ORTHO003615	1	0.6832125873555213	-21.37179665374677	1.0
ORTHO007269	1	0.6833154066868666	-21.860074085898614	1.0
ORTHO007430	1	0.6833582442085533	-22.10090419972917	1.0
ORTHO001046_1	1	0.6835032927911959	-25.69741080925184	1.0
ORTHO001170	1	0.6835133235620782	-26.50766645404809	1.0
ORTHO001481	1	0.6836423823374171	-27.99904101226893	1.0
ORTHO002259	1	0.6836521796762322	-25.880716264917933	1.0
ORTHO003767	1	0.6836583142338691	-25.055060754031278	1.0
ORTHO002188	1	0.6836764120707833	-22.566296081473123	1.0
ORTHO004054	1	0.6838111271516594	-19.971939502947713	1.0
ORTHO001182	1	0.6838161510367101	-27.19589050982697	1.0
ORTHO006373	1	0.6839002663862779	-22.47854276974462	1.0
ORTHO001864	1	0.6839411523895861	-25.469581781934274	1.0
ORTHO006681	1	0.6839465034232576	-20.951766720169168	1.0
ORTHO005482	1	0.6839911974729925	-23.230850364620945	1.0
ORTHO007852	1	0.6840844410163636	-21.12750976345653	1.0
ORTHO002219	1	0.6841281120393782	-23.41906614380431	1.0
ORTHO000635	1	0.684206603489674	-29.738163194945606	1.0
ORTHO007036	2	0.6842264180791323	-21.762010442126684	1.0
ORTHO003607	1	0.6843648044999416	-24.796875521985424	1.0
ORTHO005754	1	0.6844482872239653	-22.78847480220056	1.0
ORTHO004769	1	0.6844805630005038	-19.953087249627014	1.0
ORTHO000343_2	2	0.6844962568621787	-29.685668633462377	1.0
ORTHO000782	1	0.6846237530825766	-27.635422705169102	1.0
ORTHO004605	1	0.6846609259592338	-24.298664620247603	1.0
ORTHO003980	1	0.6847254553190419	-24.175881338150653	1.0
ORTHO006158	1	0.6848149991027954	-19.98829807885633	1.0
ORTHO004734	1	0.6848441563491987	-21.960278509005164	1.0
ORTHO001554	1	0.6848516117416111	-26.02394026616218	1.0
ORTHO002984_1	1	0.684905617211259	-23.090746140472294	1.0
ORTHO004106	1	0.6849098988854269	-24.705198609417213	1.0
ORTHO006087	1	0.6849312504395733	-22.897749156933	1.0
ORTHO004147	1	0.6850165097895881	-23.51793571491135	1.0
ORTHO000515_2	1	0.6851882799550434	-24.359314560602293	1.0
ORTHO005820	1	0.6852393616244071	-20.350942975761107	1.0
ORTHO004285	1	0.6853111937722896	-24.0933753017467	1.0
ORTHO005661	1	0.6853194314125574	-21.601539583145048	1.0
ORTHO006704	1	0.6853813199197333	-23.692283551480415	1.0
ORTHO000627_2	1	0.6854144534865582	-24.408088480825956	1.0
ORTHO002369	1	0.6854446905504175	-24.006589086814166	1.0
ORTHO001288	2	0.6854997596177496	-25.93257030895466	1.0
ORTHO004739	1	0.6855407409913883	-21.655754699134132	1.0
ORTHO004434	1	0.6855535832451497	-21.33698038247356	1.0
ORTHO007291	1	0.6856243630821872	-20.845245123384505	1.0
ORTHO005968	1	0.6856729563350038	-21.32991077339779	1.0
ORTHO006338	1	0.685710404305175	-20.701856811550222	1.0
ORTHO007020	1	0.6859318403324721	-20.675748047611293	1.0
ORTHO001914	1	0.6860001093467009	-23.886689840682028	1.0
ORTHO001920	1	0.6860219718645251	-24.54144135401025	1.0
ORTHO005773	1	0.6860565769064462	-22.993772331789373	1.0
ORTHO005411	1	0.6862450034232092	-22.3402814333854	1.0
ORTHO004996	1	0.6862864588170098	-21.42926816037168	1.0
ORTHO004822	2	0.6862994035588001	-23.13072981659074	1.0
ORTHO000466_2	1	0.6863924177783542	-22.890568249170155	1.0
ORTHO001874	1	0.6864038349251399	-23.759641816738224	1.0
ORTHO004574	1	0.6864813649189931	-22.8372522486192	1.0
ORTHO005216	1	0.6865034005050614	-23.855166075271793	1.0
ORTHO002467	1	0.6865558922780316	-22.68899650788039	1.0
ORTHO007659	1	0.6868082398500343	-20.70929153488637	1.0
ORTHO000781_1	1	0.6868109747455675	-29.20254449311593	1.0
ORTHO006023	1	0.686820874935501	-23.460279854710638	1.0
ORTHO004154	1	0.6868621616181653	-22.79328812074024	1.0
ORTHO005169	1	0.6869371410738585	-23.146579915574996	1.0
ORTHO005876	1	0.6870215922112621	-22.700326224188437	1.0
ORTHO002686	1	0.6870465961452997	-22.874993703756655	1.0
ORTHO007432	1	0.6870942015606307	-19.806316969363124	1.0
ORTHO005005	1	0.6872965453154339	-21.419254357072717	1.0
ORTHO003484	1	0.6874222253598471	-24.96563412889516	1.0
ORTHO006343	1	0.6874899778637494	-23.927731233753946	1.0
ORTHO006506	1	0.6876377645556762	-24.25312638724226	1.0
ORTHO004657	1	0.6876739378503851	-23.021289830783722	1.0
ORTHO001486_3	1	0.6878489750963732	-19.95718262958369	1.0
ORTHO005344	1	0.6878712151930341	-21.463373737694365	1.0
ORTHO003524	1	0.6880638187213903	-23.32964003838143	1.0
ORTHO003187	2	0.6882338651198793	-26.040652015217162	1.0
ORTHO004685	1	0.6883153242739859	-21.475316128943433	1.0
ORTHO005611	1	0.6884110658007626	-20.401358053679523	1.0
ORTHO004427	1	0.6885046910139142	-23.815179263958367	1.0
ORTHO000703_1	1	0.6885489179051477	-23.404112038498866	1.0
ORTHO006085	1	0.6886237959952349	-21.968795725291564	1.0
ORTHO005299	1	0.6886482058341409	-20.395908730869067	1.0
ORTHO001901	1	0.6886552563150435	-24.081357883751032	1.0
ORTHO001937	1	0.6888220488944292	-23.5705648831203	1.0
ORTHO001044	2	0.6888718741572284	-26.30008559605808	1.0
ORTHO007005	1	0.6888809895295891	-20.723894970112006	1.0
ORTHO003969	1	0.688898178217261	-25.674957119366297	1.0
ORTHO002674	1	0.6889416268905781	-23.010587179542917	1.0
ORTHO000499_2	1	0.6889510536081139	-24.298582704001284	1.0
ORTHO004573	1	0.688993290368667	-21.372901186775533	1.0
ORTHO004366	1	0.6889986691985162	-21.999409474508326	1.0
ORTHO005886	1	0.6891040423994421	-20.56535902259207	1.0
ORTHO005946	2	0.6891063930851296	-21.43607740075219	1.0
ORTHO004752	1	0.6891676957894978	-21.82019726538814	1.0
ORTHO006973	1	0.6892045261739266	-21.95424047830222	1.0
ORTHO002262	1	0.6892543384772536	-25.455298016561102	1.0
ORTHO006236	1	0.6893038852626697	-21.574526170022438	1.0
ORTHO005472	1	0.6893547364638258	-20.891831683914603	1.0
ORTHO002628	1	0.6893563645746024	-22.250439421684113	1.0
ORTHO006111	1	0.6893779334045048	-20.617227233936404	1.0
ORTHO005849	1	0.6893967108865383	-20.338675207646425	1.0
ORTHO004484	1	0.6894040603590402	-20.94452583760246	1.0
ORTHO007351	2	0.6894440267229835	-21.206876917468936	1.0
ORTHO003759	1	0.6895148335090365	-23.0750599614836	1.0
ORTHO000408_2	1	0.6895564368236408	-23.43630058993246	1.0
ORTHO003712	1	0.6896311713577217	-24.75379089549099	1.0
ORTHO001733	1	0.689686595966056	-25.502853601340313	1.0
ORTHO005720	1	0.6897802237614851	-20.74277417607737	1.0
ORTHO002228	1	0.6898051796198502	-24.878486649361175	1.0
ORTHO003766	1	0.6898604726396516	-24.082699518386356	1.0
ORTHO001747	1	0.6898960211490347	-25.230375992631497	1.0
ORTHO007641	1	0.6899894023454496	-19.637777065811708	1.0
ORTHO001659	2	0.6900632195464667	-24.352711120480222	1.0
ORTHO002483	1	0.6900709787624825	-24.930883989330113	1.0
ORTHO005599	2	0.6901115025557342	-21.363211197638186	1.0
ORTHO004070	1	0.690192874565153	-20.76239978245959	1.0
ORTHO001860	1	0.690198584158394	-25.341558880523507	1.0
ORTHO006886	1	0.6902058035268773	-20.90112743837001	1.0
ORTHO004728	1	0.6903251577967173	-20.858167159803575	1.0
ORTHO004953	1	0.6903556413575178	-21.907973832968732	1.0
ORTHO007003	1	0.690365198854185	-23.344975436569722	1.0
ORTHO004560	1	0.690701223635353	-21.229748562716637	1.0
ORTHO001755	1	0.6907467124070333	-25.41750601499941	1.0
ORTHO006520	1	0.6908112680184059	-22.66590682777866	1.0
ORTHO004209	1	0.6909202103457905	-21.76503528725802	1.0
ORTHO005154	1	0.6909768806681247	-23.7883011561974	1.0
ORTHO001357	1	0.6909902220650803	-26.546223216372965	1.0
ORTHO006816	1	0.6910683069014761	-20.485428728933318	1.0
ORTHO007035	1	0.6911007704275981	-20.313745313776124	1.0
ORTHO004212	1	0.6912481164674045	-22.197914987729984	1.0
ORTHO006920	1	0.6913536228922122	-21.215478140634996	1.0
ORTHO007194	1	0.6914073917415653	-21.227493174431302	1.0
ORTHO001495	2	0.6914578529149257	-24.59629026846732	1.0
ORTHO005441	1	0.6915297088804114	-24.11149143663249	1.0
ORTHO003765	1	0.6915887782156674	-23.699743448124128	1.0
ORTHO004023	1	0.691639488092473	-21.970302455916507	1.0
ORTHO008837	1	0.6916905364863613	-21.364189240156076	1.0
ORTHO004481	1	0.6917876075513182	-22.072033477998374	1.0
ORTHO002363	1	0.691804521921697	-23.837606465164534	1.0
ORTHO005652	1	0.6918068439297387	-22.732745581343497	1.0
ORTHO007598	1	0.6919583338814365	-21.141544572324648	1.0
ORTHO005548	1	0.6919888470864348	-20.40733550207046	1.0
ORTHO004015	1	0.6919968834456829	-22.481859815662034	1.0
ORTHO008894	1	0.6920829200816646	-20.412641555306557	1.0
ORTHO008934	1	0.6920829200816646	-20.412641555306557	1.0
ORTHO008183	1	0.6922096103463746	-23.035095311805392	1.0
ORTHO008788	1	0.6922396876975521	-20.384667473237208	1.0
ORTHO008804	1	0.6922396876975521	-20.384667473237208	1.0
ORTHO008841	1	0.6922396876975521	-20.384667473237208	1.0
ORTHO008886	1	0.6922396876975521	-20.384667473237208	1.0
ORTHO005521	1	0.6922542933661101	-21.80886923431063	1.0
ORTHO004024	1	0.6922592744726263	-21.590346925101045	1.0
ORTHO008767	1	0.6923194848717348	-19.974791846874663	1.0
ORTHO002893	1	0.6925591895708642	-25.468096442557464	1.0
ORTHO004318	1	0.6926267784035115	-22.617373297455764	1.0
ORTHO007589	1	0.692716026298577	-20.448407081944534	1.0
ORTHO006318	1	0.692737430009741	-21.298651478409543	1.0
ORTHO002399	1	0.6928387368012127	-24.64559997558985	1.0
ORTHO000615	1	0.6931083795426497	-27.74406373488276	1.0
ORTHO006477	1	0.693126970588892	-21.71468528624006	1.0
ORTHO006872	1	0.6932034190378135	-20.484869641434937	1.0
ORTHO003913	1	0.6932205158889309	-23.7096850488123	1.0
ORTHO008443	1	0.6932978145992283	-23.06327622444469	1.0
ORTHO004674	1	0.6935293184526096	-24.553982241121343	1.0
ORTHO000396_2	1	0.6935762760311427	-26.187634669856102	1.0
ORTHO005813	1	0.6935862959316497	-22.836708568540626	1.0
ORTHO004701	1	0.6936174991892651	-21.717652960767587	1.0
ORTHO005685	1	0.6937696992546714	-21.84508195576755	1.0
ORTHO006129	1	0.6938022557558717	-22.085115445292427	1.0
ORTHO007439	1	0.6938294292626462	-21.53264194096461	1.0
ORTHO002637	1	0.6938524598476297	-23.484594184658093	1.0
ORTHO002258	1	0.693931027329699	-24.97262231929462	1.0
ORTHO006404	1	0.6939342493818058	-22.737266769252756	1.0
ORTHO004669	1	0.6939508137704049	-22.416175838951165	1.0
ORTHO000320_3	1	0.6940898414863614	-23.283667438490003	1.0
ORTHO001910	1	0.6941496434772816	-25.451168000641747	1.0
ORTHO005538	1	0.6941911822047996	-22.400429140844235	1.0
ORTHO005861	1	0.6942418764910965	-22.02921461680651	1.0
ORTHO002439	1	0.6942988822084136	-23.59859802885246	1.0
ORTHO002806	1	0.6942996096827756	-23.573612751194617	1.0
ORTHO002211	1	0.6943651826589248	-24.61528647924112	1.0
ORTHO006710	1	0.6945323571439709	-21.23074338626117	1.0
ORTHO001226	1	0.6945381377395006	-28.095210505175054	1.0
ORTHO004730	1	0.6946883350565766	-21.78246053763159	1.0
ORTHO002352	1	0.6947581870141903	-26.15166604997666	1.0
ORTHO005704	1	0.6947896388103412	-21.740646679890084	1.0
ORTHO004841	1	0.6948594831611699	-21.32279434938125	1.0
ORTHO004152	1	0.6948702475647722	-22.976205467117037	1.0
ORTHO001509	1	0.6948818643573436	-25.37376002530067	1.0
ORTHO004193	1	0.6948941641728218	-23.542808167985825	1.0
ORTHO001008	1	0.6949618892694929	-26.792780310988146	1.0
ORTHO000866_2	1	0.6949867746409377	-23.455322393194923	1.0
ORTHO005039	1	0.6950708483707508	-21.60406286370978	1.0
ORTHO004977	1	0.6950960488620885	-21.42641925116706	1.0
ORTHO001037	1	0.6951393150965981	-27.15565728627834	1.0
ORTHO004714	2	0.6953209635138191	-22.012297723643673	1.0
ORTHO005863	1	0.6953380429917384	-20.786479600617632	1.0
ORTHO002491	1	0.6954132096023503	-23.499696778125276	1.0
ORTHO003792	1	0.6954363936640496	-24.046299916911792	1.0
ORTHO003653	1	0.6954795042981514	-23.45741949375203	1.0
ORTHO006478	1	0.6954922601729776	-23.78018015043475	1.0
ORTHO006721	1	0.6955184340425198	-21.292914303910788	1.0
ORTHO002600	1	0.6955238702793566	-23.499120912579247	1.0
ORTHO001736	1	0.695614503043911	-27.365679940064954	1.0
ORTHO006273	1	0.6956469639484577	-21.118879434476543	1.0
ORTHO008143	1	0.6957123862388755	-24.584503178651932	1.0
ORTHO007657	1	0.6957307237626892	-20.68276199248415	1.0
ORTHO000636	1	0.6958864872796428	-29.01809212155407	1.0
ORTHO001742	2	0.6959037283610691	-25.664715359654355	1.0
ORTHO005347	1	0.6959090588566524	-21.045138202608864	1.0
ORTHO004596	1	0.6960145024830808	-21.266601322693116	1.0
ORTHO006839	1	0.6960659769608986	-21.912643609799815	1.0
ORTHO003054	1	0.6960820557438262	-22.105539100623968	1.0
ORTHO003384	2	0.6961203040374102	-22.25972263157534	1.0
ORTHO002619	1	0.6961856968194426	-25.06537850279797	1.0
ORTHO000726_3	1	0.6961921921957557	-23.335092749466295	1.0
ORTHO001114	1	0.6962062496982735	-25.326289055598256	1.0
ORTHO008857	1	0.6962351528161275	-22.310087336591533	1.0
ORTHO005784	1	0.6962386945767791	-24.208158590358664	1.0
ORTHO005078	1	0.6962879835629574	-22.59448857866035	1.0
ORTHO004103	1	0.6964530994149687	-21.427953634000314	1.0
ORTHO006075	1	0.6966412961766094	-20.962524302574387	1.0
ORTHO006161	1	0.6967403359386363	-21.951438909466138	1.0
ORTHO004970	2	0.6967882706054859	-22.182878511883494	1.0
ORTHO006728	1	0.6968224452406029	-20.456438471357657	1.0
ORTHO003555	1	0.6968298970252569	-25.532876561932873	1.0
ORTHO000314_2	1	0.6968449882836082	-22.491619167350496	1.0
ORTHO004981	1	0.6968821487717385	-22.054527005141402	1.0
ORTHO006207	1	0.6969177757938547	-20.62351482655869	1.0
ORTHO001781	1	0.697173000062914	-24.85474546683225	1.0
ORTHO002899	2	0.6971890402904335	-24.051040522844463	1.0
ORTHO003575	1	0.6972520302365111	-25.292121517333605	1.0
ORTHO005867	1	0.697253280381692	-21.297752282198754	1.0
ORTHO000936	1	0.6973686814478692	-28.014197651297962	1.0
ORTHO005953	1	0.6974807928241684	-22.26546634942988	1.0
ORTHO007502	1	0.6975686026747723	-22.37328632027447	1.0
ORTHO005810	1	0.6976520610628446	-21.974266021463475	1.0
ORTHO000649	1	0.6976680353500709	-28.424896221509126	1.0
ORTHO006926	2	0.6976742382974925	-19.892956633179526	1.0
ORTHO007986	1	0.6977931889241472	-20.310641667575236	1.0
ORTHO000548_1	1	0.6980105296406643	-28.078607807338614	1.0
ORTHO005761	1	0.6980245570800789	-22.34434867335997	1.0
ORTHO006092	1	0.6980886761091832	-22.390442960379488	1.0
ORTHO006590	1	0.6981513174523398	-21.91658268058864	1.0
ORTHO008945	1	0.6982045304875242	-21.493105043676074	1.0
ORTHO008876	1	0.6982848203719008	-21.89061519928444	1.0
ORTHO002789	1	0.6983469467366314	-23.07294949169077	1.0
ORTHO005864	1	0.6984075860653081	-24.354223750434162	1.0
ORTHO004879	1	0.6984385443568595	-24.34755519674584	1.0
ORTHO007440	1	0.6985064947821551	-20.777580540936615	1.0
ORTHO006954	1	0.6985145116078617	-22.9127379128609	1.0
ORTHO004241	1	0.6985540393813074	-22.830371337051574	1.0
ORTHO002373	1	0.698594394396243	-22.624897272402496	1.0
ORTHO007810	1	0.6986298747212649	-20.249347777834355	1.0
ORTHO006722	1	0.6987060423543423	-19.627087436076565	1.0
ORTHO002078	1	0.6987151178679841	-24.99794349802985	1.0
ORTHO000640	1	0.6987768604220348	-29.48394226923258	1.0
ORTHO007642	1	0.6988246715017875	-23.43462591668138	1.0
ORTHO001327	2	0.698999018544175	-25.395188273144438	1.0
ORTHO000753_1	1	0.6990166395596901	-22.45382900878647	1.0
ORTHO001926	1	0.6991126902762257	-23.948586403531177	1.0
ORTHO000430	1	0.699148553836194	-30.25630052857936	1.0
ORTHO005240	1	0.6992152924292131	-22.817330701279168	1.0
ORTHO006172	1	0.6992153696608635	-21.358107397422682	1.0
ORTHO006736	1	0.6992615979029008	-20.945625528172098	1.0
ORTHO002504	1	0.6993530994658425	-24.069459185936743	1.0
ORTHO004856	1	0.6993541998152811	-22.868159811445306	1.0
ORTHO006221	1	0.6994085511663675	-24.287126567581407	1.0
ORTHO006103	1	0.6994129896490818	-19.93102887573506	1.0
ORTHO005433	1	0.699557908943322	-22.807764769837103	1.0
ORTHO004679	1	0.6995978867657646	-22.051053118100675	1.0
ORTHO000479_1	2	0.6996071084391621	-26.704269486095566	1.0
ORTHO007546	2	0.6996774657202957	-20.012013265073023	1.0
ORTHO001234	1	0.699743310477137	-25.13102067929803	1.0
ORTHO005502	1	0.6998526502972798	-23.634900224199928	1.0
ORTHO001330	2	0.6998645109635858	-26.91956830838552	1.0
ORTHO004083	1	0.6998744890080039	-24.22670164466317	1.0
ORTHO004885	1	0.6999054775001741	-24.333156121133673	1.0
ORTHO006718	1	0.6999087930135007	-20.38151855924235	1.0
ORTHO000319_1	1	0.699943498281936	-28.62026462371898	1.0
ORTHO008007	1	0.7000004052842983	-19.858306499459715	1.0
ORTHO001576_2	1	0.7000295255483823	-22.910718610950568	1.0
ORTHO002945	1	0.7001453490294192	-23.962573299591583	1.0
ORTHO007500	1	0.7001577214323295	-23.21894796551209	1.0
ORTHO007550	2	0.7002401163824598	-22.333649149822186	1.0
ORTHO000461_2	2	0.7002475664797972	-27.278377185175213	1.0
ORTHO008105	1	0.7002592170451414	-22.810423846403342	1.0
ORTHO006563	1	0.7003129584252221	-24.665031430033274	1.0
ORTHO000374_1	1	0.7003479338731646	-28.715526104608816	1.0
ORTHO002416	1	0.7003734821079735	-23.936542561351803	1.0
ORTHO006145	1	0.7004331726784939	-24.667838195791678	1.0
ORTHO003884	1	0.7005085181877587	-23.840791496252997	1.0
ORTHO000918_3	1	0.7005690382120408	-21.418946322562757	1.0
ORTHO006993	1	0.7005911902329741	-19.92553144335198	1.0
ORTHO006881	1	0.7006226387020773	-21.14703214820737	1.0
ORTHO006904	1	0.7007126133647174	-21.103186015812	1.0
ORTHO003783	1	0.7007504191916372	-22.20369805645176	1.0
ORTHO004593	1	0.7009196303523207	-23.32035981616354	1.0
ORTHO007519	1	0.7009754825465272	-20.336581627562474	1.0
ORTHO001467	1	0.7010259972955105	-25.587028951512846	1.0
ORTHO003396	1	0.7011006805379887	-22.534927869170648	1.0
ORTHO005413	1	0.7012012344560052	-20.915570543250436	1.0
ORTHO005902	1	0.7012444344101624	-20.786052732730543	1.0
ORTHO007815	1	0.7013427660669306	-19.777732371870176	1.0
ORTHO007906	1	0.7013427660669306	-19.777732371870176	1.0
ORTHO003255	1	0.7014607080412949	-24.10818224635143	1.0
ORTHO004572	1	0.701475281631703	-21.85675411779964	1.0
ORTHO004839	1	0.7015216162493104	-21.788035357796645	1.0
ORTHO002359	1	0.7015550497567645	-26.52893237140661	1.0
ORTHO006211	1	0.7015782194429293	-23.41739234319152	1.0
ORTHO006572	1	0.701661381566905	-22.214418464022685	1.0
ORTHO003953	2	0.701698657367757	-23.942224687000326	1.0
ORTHO006942	1	0.7017050896807298	-19.943743102909938	1.0
ORTHO003832	4	0.7017083337129796	-20.903096268999267	1.0
ORTHO005173	1	0.7017693563476761	-21.8541372677794	1.0
ORTHO002546	1	0.7018422070605199	-26.00718811180262	1.0
ORTHO002128	1	0.7019275650937994	-24.641815621931134	1.0
ORTHO005691	1	0.701929204856033	-21.893590686704467	1.0
ORTHO007968	1	0.7019306735024924	-20.277860638882405	1.0
ORTHO005012	1	0.7020543422582323	-23.654056497992602	1.0
ORTHO003216	1	0.7020976980215443	-22.891737484450726	1.0
ORTHO004072	1	0.7021367459127762	-21.40654782553037	1.0
ORTHO007896	2	0.7021640234957555	-19.60484473453758	1.0
ORTHO008173	1	0.7022201786684685	-21.9218315093952	1.0
ORTHO006290	1	0.7022700006102031	-22.52925618434328	1.0
ORTHO000576	1	0.7023301964646799	-32.86016635928299	1.0
ORTHO000795	2	0.7023939429789886	-27.92787092825584	1.0
ORTHO004990	1	0.7024511742694306	-22.77649372868497	1.0
ORTHO006061	1	0.7025545011326821	-22.173303904109382	1.0
ORTHO008018	1	0.702567550840289	-19.89691260726231	1.0
ORTHO001271	2	0.7025730776291349	-26.050111691256472	1.0
ORTHO004221	1	0.702600415374226	-21.329910984561685	1.0
ORTHO004991	1	0.702618567802723	-21.91975592228938	1.0
ORTHO004629	1	0.7026835155555794	-23.02174510131421	1.0
ORTHO000466_1	1	0.7027306354028535	-25.041779823683445	1.0
ORTHO003161	1	0.7027453959349088	-25.511267854485123	1.0
ORTHO002699	1	0.7028515325775903	-25.889729562356077	1.0
ORTHO006951	1	0.7028572325397515	-20.374208188657413	1.0
ORTHO003670	1	0.7031036385716527	-22.79205062891838	1.0
ORTHO006141	1	0.7031544966960415	-24.491129759288985	1.0
ORTHO005607	1	0.7031778615612042	-21.33382117521831	1.0
ORTHO003306	1	0.7032951209925583	-23.04419004033476	1.0
ORTHO003001	1	0.7033156573005369	-23.72747605589083	1.0
ORTHO006165	1	0.703351369464007	-23.266967710136612	1.0
ORTHO005775	1	0.7033744579151169	-21.732524768244783	1.0
ORTHO007006	1	0.7034197115161045	-22.201442266798637	1.0
ORTHO006764	1	0.703488609546233	-20.780792928528623	1.0
ORTHO006932	1	0.7035103504036482	-21.002493720401205	1.0
ORTHO004124	1	0.7036324124315699	-23.293049426680348	1.0
ORTHO007225	1	0.7036450945688293	-22.828784456652073	1.0
ORTHO006436	1	0.7036820359737656	-20.816029015012205	1.0
ORTHO004623	1	0.703686169886048	-23.856752987949605	1.0
ORTHO005139	1	0.7038181693995791	-21.04968406591539	1.0
ORTHO005581	1	0.7038781935455725	-22.69233900902727	1.0
ORTHO007197	1	0.7038872350021314	-22.317148530011224	1.0
ORTHO007475	1	0.7039097293784999	-22.13869392184438	1.0
ORTHO000292_3	2	0.7039562134621601	-29.771676248311522	1.0
ORTHO006335	1	0.7039709376177689	-21.386444551018347	1.0
ORTHO002571	1	0.7040191911824797	-22.70738597521129	1.0
ORTHO002055	1	0.7040742705421383	-24.14439907003695	1.0
ORTHO004426	1	0.7041085947700167	-22.227612619282823	1.0
ORTHO004524	1	0.7041551975817021	-23.761832353682642	1.0
ORTHO003334	1	0.7041674284174595	-22.096876571066694	1.0
ORTHO006945	1	0.7041946687758422	-20.20908487292136	1.0
ORTHO005168	1	0.7043422739184463	-20.500311384147043	1.0
ORTHO005954	1	0.704452670830894	-22.258847496237603	1.0
ORTHO006564	1	0.7044732958811273	-23.54208307430571	1.0
ORTHO006755	1	0.7045332728277819	-22.50567146562308	1.0
ORTHO005075	1	0.7045612536433227	-21.748934882427832	1.0
ORTHO005312	1	0.7046862295471336	-24.044689109558835	1.0
ORTHO003810	1	0.7046897051399974	-22.384527059554674	1.0
ORTHO006757	1	0.7047386683126368	-20.981034977275375	1.0
ORTHO003146	1	0.7047398743726228	-25.68956377373747	1.0
ORTHO001670	2	0.7049382615959995	-24.49837096335697	1.0
ORTHO005913	1	0.7049703259153048	-21.061834411291	1.0
ORTHO004388	1	0.7049803646121968	-21.07315374973473	1.0
ORTHO002519	1	0.7050971851228661	-24.783438227129547	1.0
ORTHO005390	1	0.7052747510502406	-23.423205194709496	1.0
ORTHO005122	1	0.7052968558246326	-25.99538051713462	1.0
ORTHO007474	1	0.705330476553913	-21.12824196947852	1.0
ORTHO002173	1	0.7056600653954039	-24.7412788159131	1.0
ORTHO001906	1	0.7057313540922925	-24.519782389791008	1.0
ORTHO006175	1	0.7057371259492072	-21.218309282718906	1.0
ORTHO005257	1	0.7058028836042578	-23.93970204405098	1.0
ORTHO003613	1	0.705922062238954	-24.268173441130408	1.0
ORTHO008267	1	0.70599688085286	-22.803729867403725	1.0
ORTHO007045	1	0.7060191975040706	-21.66504445167334	1.0
ORTHO007888	1	0.7060812123846244	-19.632694791676933	1.0
ORTHO007903	1	0.7060812123846244	-19.632694791676933	1.0
ORTHO006754	1	0.7060917196452913	-21.687272295224098	1.0
ORTHO006491	1	0.7062190047184308	-22.408401679642054	1.0
ORTHO000837_2	1	0.7062304495604742	-24.669262189327913	1.0
ORTHO000643_2	1	0.7062510679132441	-24.90340670897433	1.0
ORTHO005260	1	0.7063709351478744	-23.655811555578893	1.0
ORTHO008020	1	0.7063869075604711	-20.874370211778487	1.0
ORTHO005577	1	0.7064175447743813	-21.947816975279363	1.0
ORTHO006860	1	0.7065948272393693	-20.712304084358887	1.0
ORTHO001371	1	0.7066072996939639	-26.48866201927312	1.0
ORTHO006216	1	0.7066271993316011	-20.74689669650852	1.0
ORTHO006235	1	0.706868672318204	-20.752236467851265	1.0
ORTHO003847	1	0.7069164665531672	-25.22987467122287	1.0
ORTHO005490	2	0.7069380796461993	-22.5849788740605	1.0
ORTHO003474	1	0.7069722253029678	-24.73408082158372	1.0
ORTHO004391	1	0.7069901941639353	-22.502770128751457	1.0
ORTHO007176	1	0.7071148825552688	-22.95873796339798	1.0
ORTHO007496	1	0.7071567797525482	-22.977567361127093	1.0
ORTHO006965	1	0.7071616365789203	-21.85117005074635	1.0
ORTHO005283	1	0.7071629944081746	-22.813964091803985	1.0
ORTHO006261	1	0.707176631330641	-22.671823071586182	1.0
ORTHO002838	1	0.7071852698740456	-23.161241374717946	1.0
ORTHO007487	1	0.7072482578884638	-25.09771234772676	1.0
ORTHO005552	1	0.707262941259323	-21.213524072981457	1.0
ORTHO006819	1	0.7074003479022788	-21.87972733501215	1.0
ORTHO002448	1	0.7074066029527597	-24.107521902924205	1.0
ORTHO001394_1	1	0.707410716048426	-22.347363713419107	1.0
ORTHO009052	1	0.7074204127214407	-24.209749356858005	1.0
ORTHO000627_1	2	0.707444975480991	-23.31515164667552	1.0
ORTHO003050	1	0.7074618519473734	-24.97076805105594	1.0
ORTHO000897	1	0.7075279244188895	-29.103891670849585	1.0
ORTHO006892	1	0.7075546421845471	-20.560404205562257	1.0
ORTHO007030	1	0.7075546421845471	-20.560404205562257	1.0
ORTHO006267	1	0.7075977675653998	-21.992473383386397	1.0
ORTHO006539	1	0.7076028068864982	-20.92136354928475	1.0
ORTHO001240	1	0.7076190749937378	-26.425281924039187	1.0
ORTHO004925	1	0.707633113963898	-21.48292824840456	1.0
ORTHO007846	1	0.7076572966586784	-19.804541553531706	1.0
ORTHO001242_1	1	0.7076938915697062	-20.99964196911792	1.0
ORTHO007078	1	0.7076993978617646	-21.2561013378949	1.0
ORTHO004738	1	0.7077184635137919	-22.028838154027607	1.0
ORTHO005020	1	0.7077502461774721	-22.22732335150947	1.0
ORTHO003797	1	0.7077553959596604	-22.3860977430551	1.0
ORTHO004547	1	0.7077874545894999	-23.294887003805893	1.0
ORTHO002347	1	0.707800393234051	-24.666341805629802	1.0
ORTHO005967	1	0.7078714933094943	-19.84424950033259	1.0
ORTHO002567	1	0.707951966857532	-26.372025718168043	1.0
ORTHO002854	1	0.7079684758940572	-23.144972379115526	1.0
ORTHO000391_2	1	0.7080019254775645	-23.11797882690954	1.0
ORTHO007820	1	0.7080029332655059	-20.95694479716912	1.0
ORTHO003744	1	0.7081859295175092	-23.555880914266947	1.0
ORTHO008035	1	0.7082154936847497	-20.59555707941286	1.0
ORTHO007886	1	0.7082294346551147	-19.80099132928026	1.0
ORTHO000313_1	1	0.7082500381052957	-29.270831463328875	1.0
ORTHO005489	1	0.7083115868020557	-21.927340938669523	1.0
ORTHO003190	1	0.7083272981397105	-22.926924935294	1.0
ORTHO005185	1	0.7083523186885639	-22.030875830888736	1.0
ORTHO004364	1	0.7083821705979871	-23.86315269833322	1.0
ORTHO001871	1	0.7084584371543667	-26.133820769074013	1.0
ORTHO000344_2	1	0.7084684571814971	-30.41272073179383	1.0
ORTHO002811	1	0.7085402013784841	-23.41045267464566	1.0
ORTHO002053	1	0.7086689489999594	-25.871824059275774	1.0
ORTHO006690	1	0.7087484832935106	-23.216984457828538	1.0
ORTHO008512	1	0.7089967243087605	-22.357486326940396	1.0
ORTHO002704	1	0.709202242777717	-24.37140702063168	1.0
ORTHO004110	1	0.7092026782023398	-21.695354992072875	1.0
ORTHO005431	1	0.7092172514615747	-22.501867158106915	1.0
ORTHO004237	1	0.7092185543832886	-23.07008222372685	1.0
ORTHO006582	1	0.7092676622266624	-21.143065733831108	1.0
ORTHO005406	1	0.7093099470810341	-21.820532742872654	1.0
ORTHO002166	1	0.7093821144786757	-23.63855794300497	1.0
ORTHO000407	2	0.7095083088347034	-32.345275776744266	1.0
ORTHO003224	1	0.7095608133025498	-25.597229446335973	1.0
ORTHO004553	1	0.709628986665395	-25.669415624755413	1.0
ORTHO001039_1	1	0.7096723529200069	-23.43328437585996	1.0
ORTHO008492	1	0.7096750009870523	-22.307963187561448	1.0
ORTHO005768	1	0.7096782324374952	-22.064877807549166	1.0
ORTHO006453	1	0.7097808770812523	-23.25891496060365	1.0
ORTHO007785	1	0.7098041109626583	-19.945874821120697	1.0
ORTHO007824	1	0.7098041109626583	-19.945874821120697	1.0
ORTHO002820	2	0.7098370952725448	-23.74484345830816	1.0
ORTHO002047_2	1	0.7098459924202725	-20.837444324992397	1.0
ORTHO006110	1	0.7102188762613026	-22.318286627032922	1.0
ORTHO008357	1	0.7103062865460342	-20.66664352876441	1.0
ORTHO003771	1	0.7103153238365587	-23.88702678103976	1.0
ORTHO001788	1	0.7103580143269397	-24.922368052528835	1.0
ORTHO003227	1	0.710464551884429	-22.658276429472952	1.0
ORTHO007782	1	0.710520677902305	-22.367379931852653	1.0
ORTHO004272	1	0.7105927755005924	-22.71507469664623	1.0
ORTHO004850	1	0.710596325409236	-24.36610269381065	1.0
ORTHO008438	1	0.7106208695106864	-20.56356224914043	1.0
ORTHO006001	1	0.7106414406091233	-21.119781089538623	1.0
ORTHO005417	1	0.7107383868176326	-22.117165527329597	1.0
ORTHO001765	1	0.7107643476639262	-24.108831834573607	1.0
ORTHO004281	1	0.7108155787808149	-21.891184389405787	1.0
ORTHO002300	1	0.710851295237191	-24.287517408354287	1.0
ORTHO006615	1	0.7108680061701544	-22.207777920724364	1.0
ORTHO007648	1	0.7109500237785948	-22.747598245569286	1.0
ORTHO007330	1	0.7109502205182705	-24.871090213936153	1.0
ORTHO001869	1	0.710971655729215	-24.768960486622017	1.0
ORTHO004303	1	0.7110463123549794	-21.15095189854923	1.0
ORTHO002661	2	0.7111144048543612	-23.00949675228687	1.0
ORTHO000543_1	1	0.7111825209625028	-25.436022546276284	1.0
ORTHO006464	1	0.711193012522029	-23.9465904644598	1.0
ORTHO003156	2	0.7114974177070166	-22.732000592914797	1.0
ORTHO000551_1	1	0.7115298461908787	-20.92140513759226	1.0
ORTHO004947	1	0.7116092417132545	-23.17508117929671	1.0
ORTHO007800	1	0.711623511481843	-22.247231969450635	1.0
ORTHO006336	1	0.711701154542747	-21.814911045502697	1.0
ORTHO005912	1	0.7117028071775513	-23.71957516924973	1.0
ORTHO002515	1	0.7117155393992438	-22.992228603967362	1.0
ORTHO006094	1	0.7117199916420847	-22.38398579389693	1.0
ORTHO007611	1	0.7117273775401368	-20.518645150635912	1.0
ORTHO007314	1	0.7118035336658645	-22.71425137710657	1.0
ORTHO003952	1	0.7118040632715831	-21.979166141738858	1.0
ORTHO006297	1	0.7118294809217842	-20.633154696634623	1.0
ORTHO005709	1	0.7118813924087709	-20.684765007483197	1.0
ORTHO003111	1	0.7118981256119338	-23.864279892285495	1.0
ORTHO000655	1	0.7120253067465182	-29.13410425287886	1.0
ORTHO007649	1	0.7120865014379716	-22.32806858116465	1.0
ORTHO001396	1	0.7121313146215797	-24.972196322212813	1.0
ORTHO004917	1	0.712180422047119	-21.879988408336	1.0
ORTHO008628	1	0.7122281365003644	-23.70530589995522	1.0
ORTHO000358_1	1	0.7122652452795215	-29.68190883658855	1.0
ORTHO007936	1	0.7122950893330756	-22.361820812843842	1.0
ORTHO000943_2	1	0.7123666177893406	-23.38440448878129	1.0
ORTHO007902	1	0.7124118746322506	-20.09831540797159	1.0
ORTHO006866	1	0.7124900178689312	-23.17910483686468	1.0
ORTHO001350	2	0.7127520750572645	-26.084917037506376	1.0
ORTHO008669	1	0.7128001768460935	-21.402703952313573	1.0
ORTHO008668	1	0.7128761101657872	-21.653761849308292	1.0
ORTHO008920	1	0.7130105374152729	-23.43033200087851	1.0
ORTHO008305	1	0.7130162293639468	-21.593346211210665	1.0
ORTHO003177	1	0.7130325607074408	-24.10994639360773	1.0
ORTHO005533	1	0.7130434399031255	-22.827925242506456	1.0
ORTHO000837_1	1	0.7131311264129916	-23.50572773983648	1.0
ORTHO004599	1	0.7131566962508123	-22.786391218735798	1.0
ORTHO000604_2	1	0.7131780841367418	-23.97304170634872	1.0
ORTHO008625	1	0.7132231627595593	-22.782632160637682	1.0
ORTHO008951	1	0.7132825810769909	-22.76362924307143	1.0
ORTHO008995	1	0.7132827683572219	-22.70778993245522	1.0
ORTHO002333	1	0.7132838473318769	-24.547415382890108	1.0
ORTHO006684	1	0.7132941389465799	-22.59848282855542	1.0
ORTHO004053	1	0.7133058763503483	-22.764320511356853	1.0
ORTHO004335	1	0.7133629181566369	-23.584458200316007	1.0
ORTHO004125	1	0.7133654741794856	-24.965122617097816	1.0
ORTHO007962	1	0.7133999596074199	-22.020144304910513	1.0
ORTHO006734	1	0.7136339499153929	-19.757434411299563	1.0
ORTHO002464	1	0.7137114593583982	-24.858037487713588	1.0
ORTHO009537	1	0.7137510417648221	-22.733806811319514	1.0
ORTHO004533	1	0.7138406837592656	-26.766168893032336	1.0
ORTHO006408	1	0.7138526277631512	-21.455481608397534	1.0
ORTHO004726	1	0.7138628767503356	-22.873401027023426	1.0
ORTHO003751	2	0.7138902736727766	-21.86273863388258	1.0
ORTHO009023	1	0.7139150240467947	-21.824473719971504	1.0
ORTHO001219_2	1	0.7139259949297622	-23.4919089532632	1.0
ORTHO009027	1	0.7140181878680555	-22.187712029865793	1.0
ORTHO006329	1	0.7140798157230717	-22.490023512491128	1.0
ORTHO006086	1	0.714103190460198	-23.138994188387016	1.0
ORTHO007387	1	0.7141606886285189	-22.375931908448244	1.0
ORTHO006214	1	0.7141724004571767	-20.88828959499207	1.0
ORTHO001821	1	0.7143113762237445	-23.818565655405553	1.0
ORTHO006732	1	0.7143770031851838	-21.35740831986093	1.0
ORTHO006509	1	0.7144074472478741	-20.809375282185115	1.0
ORTHO006714	1	0.7145204469650938	-23.416767656789606	1.0
ORTHO002890	2	0.7147353293027228	-24.476222013057697	1.0
ORTHO002123	1	0.714830781710735	-24.91207715873043	1.0
ORTHO005275	1	0.7148430524345541	-21.485089714237066	1.0
ORTHO000508	1	0.7148648091724024	-29.11574933564023	1.0
ORTHO007579	1	0.7149412634439897	-20.57766108150542	1.0
ORTHO006138	1	0.714942053001679	-23.499666129005046	1.0
ORTHO006822	1	0.7149451351187363	-24.63485321064891	1.0
ORTHO001608_1	1	0.7149738147945373	-22.662896548599264	1.0
ORTHO002052	1	0.7151292593066025	-23.914564083780316	1.0
ORTHO006885	1	0.7152004806694188	-19.858659698997638	1.0
ORTHO001072	1	0.7152007042989231	-27.615472357782476	1.0
ORTHO005895	1	0.7152221915192232	-22.490078033676465	1.0
ORTHO006959	1	0.7152519314201358	-21.02925269988781	1.0
ORTHO002197	1	0.7152545404661169	-26.6929418144838	1.0
ORTHO008300	1	0.715295139122004	-21.140170278990343	1.0
ORTHO004774	1	0.7153479675357416	-21.087530451670926	1.0
ORTHO003344	1	0.7155456367209088	-23.12864184143002	1.0
ORTHO004899	1	0.7155468210854418	-22.27847006092808	1.0
ORTHO006053	1	0.7155472350486081	-21.504108049173915	1.0
ORTHO003521	2	0.7155681485081311	-25.94249777586272	1.0
ORTHO007758	1	0.7156136397724925	-19.81168830796901	1.0
ORTHO006815	1	0.7156145027760935	-23.950589551342958	1.0
ORTHO007826	1	0.7156348752366667	-21.641213450055893	1.0
ORTHO006799	1	0.7156439954439922	-20.60462804116277	1.0
ORTHO003154	1	0.7156608949710895	-25.265116420379663	1.0
ORTHO008115	1	0.7156831339981118	-22.55383214485389	1.0
ORTHO004723	1	0.7156881372418805	-23.550414932295872	1.0
ORTHO008799	1	0.7157511933011838	-21.308659465832495	1.0
ORTHO005558	1	0.7158010521954574	-22.258943967161017	1.0
ORTHO002477	1	0.7158032570763775	-25.01980957041073	1.0
ORTHO003876	1	0.7159380643674814	-21.962277462573006	1.0
ORTHO008882	1	0.7159673838812186	-22.101419319629965	1.0
ORTHO006036	1	0.7160020520081528	-24.774901950579252	1.0
ORTHO008377	1	0.7160068015116808	-22.699783289609986	1.0
ORTHO005304	1	0.7160182965870845	-23.32498644343513	1.0
ORTHO007363	1	0.7160326273514205	-20.787174418416058	1.0
ORTHO005063	1	0.7160354067030927	-21.087112074205113	1.0
ORTHO005798	1	0.7160411616027019	-24.148867871174378	1.0
ORTHO008748	1	0.7160486155251541	-20.943369449196588	1.0
ORTHO008942	1	0.7160510052646226	-21.60360039758342	1.0
ORTHO006395	1	0.7160744333114832	-21.523474121460968	1.0
ORTHO008614	1	0.7161226852292452	-21.425114736409107	1.0
ORTHO003940	1	0.7162201639425486	-21.542419660014776	1.0
ORTHO008842	1	0.7162707422730369	-21.146466631632737	1.0
ORTHO005707	1	0.7162741601988362	-24.44892126696525	1.0
ORTHO009662	1	0.7163204384368708	-21.54813433412606	1.0
ORTHO005983	1	0.7163270523604756	-22.083337784840467	1.0
ORTHO006009	1	0.716384564554782	-21.99046293759271	1.0
ORTHO008899	1	0.716385185760445	-20.84023659668844	1.0
ORTHO007612	1	0.7163894061423308	-21.9794055808668	1.0
ORTHO008747	1	0.7164061904436467	-21.262410959712785	1.0
ORTHO003073	1	0.7164178931885	-24.71932483875822	1.0
ORTHO002994	1	0.716425361577251	-25.041293865003862	1.0
ORTHO001200	1	0.7164278048497166	-25.978990442821562	1.0
ORTHO006505	1	0.7164297771372257	-23.032290321416042	1.0
ORTHO007971	1	0.716439251788107	-20.618061456650974	1.0
ORTHO002610	1	0.7164921824722255	-24.167765758429862	1.0
ORTHO008673	1	0.716500735449351	-20.366330035371632	1.0
ORTHO006552	1	0.716580483127858	-23.801165834034563	1.0
ORTHO004259	1	0.716618606759612	-22.165574802390534	1.0
ORTHO005091	2	0.7166992483174018	-21.386261853325003	1.0
ORTHO006968	1	0.7167483528128622	-20.129796211712844	1.0
ORTHO007599	1	0.7167671208738928	-22.621378090543153	1.0
ORTHO002626	2	0.7167996056021498	-24.971844672418552	1.0
ORTHO008897	1	0.7168077507093815	-20.579557496643503	1.0
ORTHO008632	1	0.7168145046104837	-20.263202250422435	1.0
ORTHO008819	1	0.7168301095364287	-22.06131583515461	1.0
ORTHO007829	1	0.7168701957302201	-20.321148693259467	1.0
ORTHO009012	1	0.7168788810874893	-20.85934503615854	1.0
ORTHO008863	1	0.7169165853522522	-20.519973893431587	1.0
ORTHO004854	1	0.7169291560862594	-24.16587222006002	1.0
ORTHO009094	1	0.7169318406768509	-20.878528247285562	1.0
ORTHO003129_1	1	0.7169318807032071	-22.46629214704931	1.0
ORTHO007791	1	0.7169338243066024	-20.523757391517428	1.0
ORTHO002949	1	0.7169564501634978	-23.693114578593587	1.0
ORTHO009322	1	0.7169587816142791	-21.945475242959986	1.0
ORTHO008869	1	0.7170174515928304	-21.061334777154062	1.0
ORTHO007917	1	0.7170349949272741	-19.822581145607806	1.0
ORTHO003097	1	0.7170428726826639	-23.409368166908042	1.0
ORTHO008961	1	0.7170493127308724	-21.13314149665192	1.0
ORTHO008646	1	0.7170853410705259	-21.99719661723085	1.0
ORTHO001332	1	0.7171093284122021	-24.7002639698222	1.0
ORTHO004881	1	0.7171096502659788	-21.954825552489662	1.0
ORTHO002608	1	0.7171127550947131	-24.95013882263074	1.0
ORTHO003225	1	0.7171315659577171	-24.50477037976936	1.0
ORTHO000774	1	0.7171338664448388	-26.78119453096748	1.0
ORTHO005904	1	0.7171421085118375	-21.242630811467304	1.0
ORTHO005325	1	0.7171535449733747	-22.058800018277687	1.0
ORTHO008838	1	0.717180065777597	-22.273422143375004	1.0
ORTHO001531	1	0.7172162290653279	-26.102806545139888	1.0
ORTHO003269	1	0.7172244447042535	-21.98046622831453	1.0
ORTHO007949	1	0.7172338029063071	-21.50408375266051	1.0
ORTHO002150	1	0.7172446890412422	-25.655284383014518	1.0
ORTHO009658	1	0.7173277784866303	-20.976875510210213	1.0
ORTHO008878	1	0.7173744961850829	-20.751023006889106	1.0
ORTHO008026	1	0.7173966307760782	-20.85557758913022	1.0
ORTHO008643	1	0.7174899449247458	-20.605475869736978	1.0
ORTHO008749	1	0.7174941923130093	-19.813514908880002	1.0
ORTHO008764	1	0.7174941923130093	-19.813514908880002	1.0
ORTHO008768	1	0.7174941923130093	-19.813514908880002	1.0
ORTHO008769	1	0.7174941923130093	-19.813514908880002	1.0
ORTHO008822	1	0.7174941923130093	-19.813514908880002	1.0
ORTHO008832	1	0.7174941923130093	-19.813514908880002	1.0
ORTHO008840	1	0.7174941923130093	-19.813514908880002	1.0
ORTHO008847	1	0.7174941923130093	-19.813514908880002	1.0
ORTHO008851	1	0.7174941923130093	-19.813514908880002	1.0
ORTHO008853	1	0.7174941923130093	-19.813514908880002	1.0
ORTHO008915	1	0.7174941923130093	-19.813514908880002	1.0
ORTHO007663	1	0.7174961594356034	-20.501266169151524	1.0
ORTHO005956	1	0.7174991831036255	-23.21068572192873	1.0
ORTHO008783	1	0.7175496099027768	-20.59382306602368	1.0
ORTHO008845	1	0.7175496099027768	-20.59382306602368	1.0
ORTHO008959	1	0.7175496099027768	-20.59382306602368	1.0
ORTHO008807	1	0.7175562188501201	-20.27746556471515	1.0
ORTHO008874	1	0.7175562188501201	-20.27746556471515	1.0
ORTHO008888	1	0.7175562188501201	-20.27746556471515	1.0
ORTHO008929	1	0.7175562188501201	-20.27746556471515	1.0
ORTHO007822	1	0.7175815015456387	-19.98155057281106	1.0
ORTHO000330_1	1	0.7176494536651729	-29.664939059530408	1.0
ORTHO007787	1	0.7176852281504076	-21.030091248701723	1.0
ORTHO005293	1	0.7177100738888075	-23.30806632383847	1.0
ORTHO008651	1	0.717729933585818	-20.038405629229295	1.0
ORTHO008671	1	0.717729933585818	-20.038405629229295	1.0
ORTHO009040	1	0.717729933585818	-20.038405629229295	1.0
ORTHO003133	2	0.7177768830502144	-24.984422279517645	1.0
ORTHO008635	1	0.7177848862874123	-20.94786336354592	1.0
ORTHO009098	1	0.7177854943079464	-20.818716800620034	1.0
ORTHO006805	1	0.7178650271178088	-21.962481363503734	1.0
ORTHO001548	1	0.7179136865654557	-24.460185207222157	1.0
ORTHO008889	1	0.7179151394771299	-19.967157091324868	1.0
ORTHO008439	1	0.7179161267804267	-21.645909477609596	1.0
ORTHO008629	1	0.7179234477024132	-21.7554226218196	1.0
ORTHO000984_2	1	0.7179283454889601	-24.378914469660742	1.0
ORTHO008787	1	0.7179652926083919	-21.72781334366045	1.0
ORTHO007590	1	0.7180124730834373	-21.029001250811767	1.0
ORTHO006731	1	0.7180353699469257	-20.54818635755548	1.0
ORTHO004853	1	0.7180644505102711	-23.41784946759555	1.0
ORTHO007828	1	0.7180846853451411	-20.946171872909815	1.0
ORTHO008262	1	0.7181326700441454	-21.523288131064465	1.0
ORTHO000536_1	1	0.7181349725609655	-21.259477223969146	1.0
ORTHO008627	1	0.7181561752970134	-20.908837501075205	1.0
ORTHO007799	1	0.7181622895391593	-20.83255834287366	1.0
ORTHO008674	1	0.7181688429277437	-21.66389781961283	1.0
ORTHO000395_2	1	0.7182972210186725	-20.962904299485103	1.0
ORTHO000905_1	1	0.7183321123706702	-24.766125210370234	1.0
ORTHO008836	1	0.7183644985847134	-20.9901366180979	1.0
ORTHO005816	1	0.7184170140612418	-23.52342040342704	1.0
ORTHO008918	1	0.7184297961569074	-21.120621356473784	1.0
ORTHO008753	1	0.7184605679896848	-20.498228501531703	1.0
ORTHO009016	1	0.7184793188771064	-20.05265879430512	1.0
ORTHO009037	1	0.7184793188771064	-20.05265879430512	1.0
ORTHO009049	1	0.7184793188771064	-20.05265879430512	1.0
ORTHO007890	1	0.7185700631054953	-20.418968238168855	1.0
ORTHO007344	1	0.7185731884166954	-21.676115195357877	1.0
ORTHO003545	1	0.7186002932239653	-24.29649685353707	1.0
ORTHO002023_1	1	0.7186121193316795	-21.305727624304634	1.0
ORTHO004134	1	0.7187411902035226	-21.271498279871924	1.0
ORTHO005587	3	0.7187833131146674	-21.05847040574332	1.0
ORTHO001416	1	0.718801305520811	-28.494336930050007	1.0
ORTHO008956	1	0.7188322108173897	-20.866917249576264	1.0
ORTHO002474	1	0.7188363534155117	-22.516590184045885	1.0
ORTHO008910	1	0.7188482125075314	-20.52556995384071	1.0
ORTHO008930	1	0.7188482125075314	-20.52556995384071	1.0
ORTHO003147	1	0.7188701001409232	-22.56067323397191	1.0
ORTHO008860	1	0.7188843481285917	-23.09977348682201	1.0
ORTHO008756	1	0.7189109636353957	-20.92308440214584	1.0
ORTHO008005	1	0.7189271356361581	-20.248608285270937	1.0
ORTHO007753	1	0.7189393051707095	-21.17412840697822	1.0
ORTHO005536	1	0.7189397229994685	-22.065555612482875	1.0
ORTHO009005	1	0.7189726525899977	-21.66162646184158	1.0
ORTHO007153	1	0.7189858149529919	-21.127137231834443	1.0
ORTHO007823	1	0.7189926241813367	-20.006666053105565	1.0
ORTHO004784	1	0.7190605423756476	-22.064828863962138	1.0
ORTHO006763	1	0.719123140732582	-21.251453579351985	1.0
ORTHO008835	1	0.719171028196268	-20.422421257058954	1.0
ORTHO008906	1	0.719171028196268	-20.422421257058954	1.0
ORTHO003119	1	0.7192085633586517	-21.947210657157157	1.0
ORTHO008885	1	0.7192101223348905	-20.548738102777033	1.0
ORTHO004460	2	0.7192186271210219	-20.959556858640468	1.0
ORTHO007788	1	0.7192694829276529	-21.273631467567103	1.0
ORTHO006686	1	0.7192829642729701	-22.13944324198839	1.0
ORTHO002065	1	0.7193087736849281	-23.213405481333524	1.0
ORTHO007786	1	0.7193376761824272	-20.515843944142098	1.0
ORTHO002622	1	0.7193817444720465	-24.60963733448896	1.0
ORTHO007806	1	0.7194226548202253	-20.90299765873883	1.0
ORTHO004057	1	0.7194285465028445	-23.161065681184983	1.0
ORTHO005840	1	0.7194943067394777	-23.400546451228205	1.0
ORTHO003205	1	0.7194993843548002	-22.769335177923974	1.0
ORTHO008798	1	0.7195331354336292	-20.112129542386263	1.0
ORTHO007937	1	0.7195381876154193	-20.99639321755478	1.0
ORTHO005929	1	0.7195476307241631	-21.77340717449646	1.0
ORTHO007932	1	0.7196784392131216	-20.27171036321533	1.0
ORTHO008949	1	0.719695211051839	-21.964509553236546	1.0
ORTHO007723	1	0.7197125291406128	-20.41656786840287	1.0
ORTHO009026	1	0.7197189360535272	-20.170288320619072	1.0
ORTHO007594	1	0.7197823709787422	-20.90359234840702	1.0
ORTHO008408	1	0.7198666117734933	-21.19094251017989	1.0
ORTHO009051	1	0.7198681167719966	-20.76473425976698	1.0
ORTHO007856	1	0.7198686525089466	-21.23266129211278	1.0
ORTHO007798	1	0.7198836463570795	-22.76638520695875	1.0
ORTHO008817	1	0.719888617886448	-21.11928090718465	1.0
ORTHO008023	1	0.7198958263420268	-20.929369687634335	1.0
ORTHO007219	1	0.7199019532818424	-20.625815215864687	1.0
ORTHO009103	1	0.7199291817457403	-20.354858485297484	1.0
ORTHO008754	1	0.7199334925221114	-23.159002974226283	1.0
ORTHO000879	1	0.7199525093649042	-26.140426267034595	1.0
ORTHO009046	1	0.7200490490857439	-21.009258256050533	1.0
ORTHO003641	1	0.7200709636705367	-25.998486727920174	1.0
ORTHO008657	1	0.7200894474743014	-21.717861620128968	1.0
ORTHO006844	1	0.7200974753813923	-21.346914338183677	1.0
ORTHO007755	1	0.7201044218707034	-20.38488680868328	1.0
ORTHO000937_2	1	0.7201124623443529	-20.19763848370327	1.0
ORTHO009003	1	0.7201124623443529	-20.19763848370327	1.0
ORTHO009042	1	0.7201124623443529	-20.19763848370327	1.0
ORTHO008416	1	0.7201401013216726	-20.428150043956574	1.0
ORTHO008449	1	0.7201401013216726	-20.428150043956574	1.0
ORTHO005797	1	0.7201518005623133	-22.826526544011895	1.0
ORTHO009025	1	0.720152074347361	-20.64484963212215	1.0
ORTHO007632	1	0.7201869792576093	-20.70360930489135	1.0
ORTHO009009	1	0.7201900761365351	-20.661591905412145	1.0
ORTHO008270	1	0.7202064952473878	-20.892107712963647	1.0
ORTHO004930	1	0.7202147392841506	-22.26481599085463	1.0
ORTHO004531	1	0.7202214546739031	-23.01747005721879	1.0
ORTHO008811	1	0.7202831719788392	-21.123504727872557	1.0
ORTHO008619	1	0.7204144225610009	-20.86981993921764	1.0
ORTHO007905	1	0.7204258039020438	-20.56455599153179	1.0
ORTHO007374	1	0.720435830697415	-20.9867178411656	1.0
ORTHO008927	1	0.7204736450598168	-21.176208211135894	1.0
ORTHO008858	1	0.7205051210426863	-23.379209916949645	1.0
ORTHO006152	1	0.7205293104248078	-22.479926943003402	1.0
ORTHO007764	1	0.7205328880904195	-22.210076050891203	1.0
ORTHO007871	1	0.7205418178884276	-20.91414063475985	1.0
ORTHO008676	1	0.7205661247727385	-21.55840289092391	1.0
ORTHO002156	1	0.7206031194276198	-25.421143104304914	1.0
ORTHO001967	1	0.7206765244511117	-24.044270915399235	1.0
ORTHO008626	1	0.7207181510635662	-22.039864382099452	1.0
ORTHO007844	1	0.7207365306546459	-20.856978198930886	1.0
ORTHO005776	2	0.7207631967194722	-21.241939088087854	1.0
ORTHO005662	1	0.7207883160010105	-24.49023568515821	1.0
ORTHO008770	1	0.7207969477674802	-21.146009248416767	1.0
ORTHO002545	1	0.7208437919110963	-24.30248226465518	1.0
ORTHO005790	1	0.7208682911448315	-22.9184969228656	1.0
ORTHO008615	1	0.7208740432842118	-22.29844926129204	1.0
ORTHO004611	1	0.7209561468267668	-25.564704433473082	1.0
ORTHO007746	1	0.7209648266704384	-20.16347074213789	1.0
ORTHO007759	1	0.7209648266704384	-20.16347074213789	1.0
ORTHO006889	1	0.7209684207578723	-20.64921781767262	1.0
ORTHO006706	1	0.7210470646355647	-21.998345413531606	1.0
ORTHO006768	1	0.7210706735057925	-20.57231014886495	1.0
ORTHO003008	1	0.721072260623663	-25.179055509613157	1.0
ORTHO001993	1	0.7210780177532831	-24.463026526543054	1.0
ORTHO008834	1	0.7210951139971877	-20.298879561151164	1.0
ORTHO006762	1	0.7211598157362931	-22.063583860335058	1.0
ORTHO002508	1	0.7211599055110255	-24.784098490647885	1.0
ORTHO000833_2	1	0.7211734988551846	-21.338786410706405	1.0
ORTHO008663	1	0.7211972119549633	-21.502166618727713	1.0
ORTHO006206	1	0.7212150719429538	-21.646680547762738	1.0
ORTHO006573	1	0.7212192473733953	-23.762899060433515	1.0
ORTHO008781	1	0.7212347213674083	-22.553538359865932	1.0
ORTHO005609	1	0.7212751754183017	-22.2561478139234	1.0
ORTHO004976	1	0.7213013567197625	-24.863961339016893	1.0
ORTHO000532_2	1	0.7213130839879256	-25.26657342720508	1.0
ORTHO002594_1	1	0.7213482825042573	-22.302157451343234	1.0
ORTHO008043	1	0.721433300866189	-22.20266552479162	1.0
ORTHO001447_2	1	0.7214348912625286	-20.951504762045243	1.0
ORTHO006330	1	0.7215124051531656	-20.641791381137732	1.0
ORTHO008623	1	0.7215294844702878	-21.796638265532266	1.0
ORTHO000789_2	1	0.7215310943271044	-23.955520834860216	1.0
ORTHO007651	1	0.7215559725033842	-22.993498282448808	1.0
ORTHO008640	1	0.7215560179072478	-21.92273447117949	1.0
ORTHO008793	1	0.7216312989052595	-23.034712334009082	1.0
ORTHO006761	1	0.7217343605752428	-21.68786898333228	1.0
ORTHO008630	1	0.7218345057439086	-22.104339657790604	1.0
ORTHO003018	2	0.7219756822041905	-23.96407744052154	1.0
ORTHO008820	1	0.7220835927185492	-21.8052387622533	1.0
ORTHO008660	1	0.7221521696773024	-21.018893959679517	1.0
ORTHO008027	1	0.7222192460472606	-21.39627100729831	1.0
ORTHO004232	1	0.7222220647883438	-24.17978567616182	1.0
ORTHO007924	1	0.7222528562005519	-20.646212393768224	1.0
ORTHO005842	1	0.7222733112123731	-23.692799366855112	1.0
ORTHO008751	1	0.7223021127063164	-23.299045699809987	1.0
ORTHO005688	1	0.7223052415201641	-20.45753753980393	1.0
ORTHO001567	1	0.7223054101930333	-27.691244322122515	1.0
ORTHO007789	1	0.722337165388924	-20.87395819230035	1.0
ORTHO006155	1	0.7224108833336594	-22.610531762009497	1.0
ORTHO000584_1	1	0.722447379095964	-26.534183297696494	1.0
ORTHO002050	1	0.7224585019817312	-25.974757843894384	1.0
ORTHO006639	1	0.7224638061216868	-22.062880583666818	1.0
ORTHO009067	1	0.7224870292542299	-20.801924581046073	1.0
ORTHO007615	1	0.7226232931591503	-20.887743599317144	1.0
ORTHO007647	1	0.7226491653347671	-21.811646287916076	1.0
ORTHO005410	2	0.7226700981937083	-23.92850733503381	1.0
ORTHO005941	1	0.7226968416852783	-21.516812640310206	1.0
ORTHO004542	1	0.7228005913645288	-22.081813434179324	1.0
ORTHO007808	1	0.7228463472969872	-20.33466160568562	1.0
ORTHO008933	1	0.7228584820615276	-22.473913507668055	1.0
ORTHO007560	1	0.7229146702297876	-22.646291753414935	1.0
ORTHO008685	1	0.7229185124768737	-21.02908222462511	1.0
ORTHO008917	1	0.722943703054125	-21.99774358528862	1.0
ORTHO009044	1	0.7229641279471476	-20.607860760658625	1.0
ORTHO004265	1	0.7229814916294226	-22.433872885244202	1.0
ORTHO006745	1	0.7230245686421486	-21.223339369716072	1.0
ORTHO000900_1	1	0.7230541701967619	-23.49661053948551	1.0
ORTHO008661	1	0.723089836599356	-21.393192193833432	1.0
ORTHO000322_2	1	0.7231117345211933	-21.472676936309256	1.0
ORTHO000839_2	1	0.7231346692513568	-21.659025147370013	1.0
ORTHO007933	1	0.7231508347606612	-21.639425843929754	1.0
ORTHO002043	1	0.7231780163730409	-24.320574696739136	1.0
ORTHO009015	1	0.7232523589231897	-20.92592406447304	1.0
ORTHO009036	1	0.7232523589231897	-20.92592406447304	1.0
ORTHO005381	1	0.7232601162016681	-23.313780570689563	1.0
ORTHO008667	1	0.7232814668691095	-22.3950854944207	1.0
ORTHO000277_2	2	0.7233204404798048	-28.38968736525017	1.0
ORTHO007626	1	0.7233794620183975	-21.053369687076046	1.0
ORTHO003981	1	0.7235044737232826	-23.81065560138134	1.0
ORTHO008967	1	0.7235130940654044	-21.440548498668267	1.0
ORTHO004550	1	0.7235919198704022	-21.53247641510056	1.0
ORTHO003086	1	0.7236029154026081	-22.41133479596068	1.0
ORTHO009073	1	0.7236215559929879	-22.423839543995626	1.0
ORTHO002822	2	0.7236919252078778	-24.498276072774786	1.0
ORTHO001657	2	0.7237113780149538	-25.396477937183402	1.0
ORTHO007864	1	0.7239743302372855	-21.765210971603867	1.0
ORTHO009076	1	0.7239852187510676	-21.399278715497793	1.0
ORTHO006511	1	0.7240089144649581	-20.562563976327155	1.0
ORTHO004016	1	0.7240570293190791	-24.34758261681545	1.0
ORTHO001510	1	0.7241615390370306	-28.32981027121835	1.0
ORTHO001120_1	1	0.7241929500961612	-23.23868147323879	1.0
ORTHO001021_1	1	0.7242148975302037	-25.087567629833647	1.0
ORTHO004432	1	0.7242200409708812	-21.2173082574563	1.0
ORTHO001175	2	0.7242216091092774	-27.00203108315047	1.0
ORTHO005109	1	0.724244946467603	-21.232187326863656	1.0
ORTHO006411	1	0.7242862505154557	-20.462762124783904	1.0
ORTHO006919	1	0.7243014555896595	-21.749192483274317	1.0
ORTHO006778	1	0.7243097423543949	-23.264156484887504	1.0
ORTHO006859	1	0.7243364260608073	-21.18976176344602	1.0
ORTHO007817	1	0.7243732299459564	-20.30221838450928	1.0
ORTHO007801	1	0.724436543839554	-22.833519474576566	1.0
ORTHO003614	1	0.7244447839464536	-24.012675311659088	1.0
ORTHO007908	1	0.7244523628668001	-19.806883916828934	1.0
ORTHO007311	1	0.7244617243756918	-20.85096128245354	1.0
ORTHO007930	1	0.7245686442432715	-21.41888405710377	1.0
ORTHO003343	1	0.7245926247626591	-23.710533797445134	1.0
ORTHO009058	1	0.7247271151507602	-21.844532681651813	1.0
ORTHO005456	1	0.7247299081384189	-24.37907697979547	1.0
ORTHO007760	1	0.7248075119397213	-21.41303766689051	1.0
ORTHO008966	1	0.7248496324131184	-21.11272864538147	1.0
ORTHO005793	1	0.7248551240500991	-24.177894517628555	1.0
ORTHO008609	1	0.7248791178392365	-22.599094384966346	1.0
ORTHO004025	1	0.7249285447995109	-22.364527785070266	1.0
ORTHO007200	1	0.7250260251871783	-21.85379047441065	1.0
ORTHO008791	1	0.7250267395009694	-21.72461892475692	1.0
ORTHO004260	1	0.7250706054825892	-25.265913127036477	1.0
ORTHO007853	1	0.7251388754174916	-21.98942338397122	1.0
ORTHO004247	2	0.7251868707117175	-23.01464335379315	1.0
ORTHO007091	2	0.7252254501402602	-19.79555313514865	1.0
ORTHO007944	1	0.7253503359240353	-22.65820399943722	1.0
ORTHO000322_1	1	0.7253759729031654	-23.204472474305984	1.0
ORTHO001581	1	0.7254663932616867	-30.74556986381701	1.0
ORTHO001925	1	0.7255041916027355	-26.837268120716534	1.0
ORTHO007605	1	0.7255106420060989	-21.812327682339802	1.0
ORTHO008755	1	0.7255539012611205	-23.56181194326724	1.0
ORTHO001828	2	0.7255932771051988	-24.54516100530887	1.0
ORTHO001375	1	0.7256153041864751	-27.722970490854603	1.0
ORTHO002074	2	0.7256319842794636	-25.012607291295627	1.0
ORTHO001550	2	0.7256621452089215	-26.106328346453985	1.0
ORTHO008028	1	0.725814779209318	-21.992129694692654	1.0
ORTHO001238	1	0.7258866600339858	-27.398846620745076	1.0
ORTHO007323	2	0.7258952342895159	-20.517413701348744	1.0
ORTHO005828	1	0.7259947314097976	-21.015863810280823	1.0
ORTHO001133_2	1	0.7260587289555432	-21.077138438415115	1.0
ORTHO004883	2	0.7263378909234041	-22.289973560497593	1.0
ORTHO009072	1	0.7263663406799925	-23.414503312547232	1.0
ORTHO005230	1	0.7264578254052294	-23.005531190104296	1.0
ORTHO002689	1	0.7265324415841528	-25.920451368968745	1.0
ORTHO007263	1	0.7265864699554914	-22.265358012490115	1.0
ORTHO007796	1	0.7266036602637955	-22.14781630735464	1.0
ORTHO000755	2	0.7266821402920521	-29.611922569192092	1.0
ORTHO005911	1	0.7268347203530129	-21.530741670708775	1.0
ORTHO007135	1	0.7268401988172492	-20.76646067985088	1.0
ORTHO002444	1	0.7268643581793355	-25.089906530863143	1.0
ORTHO001098	1	0.7269088510772088	-28.4512002037091	1.0
ORTHO003571	1	0.726911380738113	-22.649195532119954	1.0
ORTHO008649	1	0.726939677855973	-21.689217471356844	1.0
ORTHO003230	1	0.7271312263791765	-25.52635295938266	1.0
ORTHO005660	1	0.7271977377124146	-22.37319819860346	1.0
ORTHO000751_1	1	0.7272031257533313	-26.07933020113926	1.0
ORTHO002741	1	0.7272268886032242	-23.60281175380063	1.0
ORTHO006743	1	0.727332548850054	-24.15840854935637	1.0
ORTHO003548	1	0.7273579526032868	-22.692511125348314	1.0
ORTHO005667	1	0.7273711478278231	-24.742640232359467	1.0
ORTHO000472_1	1	0.7274515559613767	-30.00185307431073	1.0
ORTHO004014	1	0.7275056791883446	-23.63044741260109	1.0
ORTHO007593	1	0.7275472966697007	-21.946650261110737	1.0
ORTHO007771	1	0.7275595221285025	-22.094122899802933	1.0
ORTHO007783	1	0.727589267983864	-21.885802244161322	1.0
ORTHO002859	1	0.7276347155499395	-25.713410130843126	1.0
ORTHO001516	1	0.7278323119221626	-26.49002799555432	1.0
ORTHO003801	2	0.7278499490184396	-24.72899762054434	1.0
ORTHO002645	1	0.7278921316458431	-24.196252058561114	1.0
ORTHO005819	1	0.7279349982508891	-21.443167077868537	1.0
ORTHO004298	1	0.7280709419411552	-23.370609992379656	1.0
ORTHO006091	1	0.7281302841527479	-22.23817428735954	1.0
ORTHO007196	1	0.728136084922283	-20.883933513471824	1.0
ORTHO006078	1	0.7281852482032006	-25.542549981394696	1.0
ORTHO004179	1	0.7284850569145753	-23.512442219545765	1.0
ORTHO007028	1	0.7285316027909741	-21.165990701782277	1.0
ORTHO001203_1	1	0.7285396314503944	-23.040345280163976	1.0
ORTHO002413	1	0.7285915626384311	-23.67498791127145	1.0
ORTHO002988	1	0.7286148061084681	-24.402678431821816	1.0
ORTHO002676	1	0.7286587587645766	-23.3756435076674	1.0
ORTHO002842	1	0.7286674878643362	-23.812734137707086	1.0
ORTHO003910	1	0.728678700190881	-24.453064307146434	1.0
ORTHO005916	1	0.7287418905193418	-21.91553307485289	1.0
ORTHO006038	1	0.7287508683354521	-20.46958356868024	1.0
ORTHO005952	1	0.7288937264843024	-22.03272132311052	1.0
ORTHO000680	1	0.7291821069409662	-29.916992569141083	1.0
ORTHO005796	1	0.7292187427628725	-22.079641458805334	1.0
ORTHO003927	1	0.7292257577629421	-24.942202932466014	1.0
ORTHO004972	2	0.7292896382997228	-20.867709802777608	1.0
ORTHO005339	1	0.7293043155970415	-22.259267297306575	1.0
ORTHO003873	1	0.7294263876854654	-23.725590378570843	1.0
ORTHO002788	1	0.7294556028870457	-24.211742099666818	1.0
ORTHO003943	1	0.7294674023688181	-22.944937915286385	1.0
ORTHO002066	1	0.7295779537361069	-25.958189246043545	1.0
ORTHO004114	1	0.729628292416435	-23.71918002041681	1.0
ORTHO003088	1	0.7296493791587645	-22.46747615566389	1.0
ORTHO001853	2	0.7296736453394995	-25.203236166021213	1.0
ORTHO007628	1	0.7297938539982181	-22.996172270784662	1.0
ORTHO005153	1	0.7298049925805608	-22.70699148439079	1.0
ORTHO001865	1	0.7298449657063721	-24.75101562552471	1.0
ORTHO004017	1	0.7302561136668658	-23.726723218490914	1.0
ORTHO006128	1	0.7304105389144466	-20.590983500721343	1.0
ORTHO005519	1	0.7304640790525836	-22.320228688958142	1.0
ORTHO003016	2	0.7305302147684947	-23.091470316295705	1.0
ORTHO006029	1	0.7306777788591843	-21.74162637935993	1.0
ORTHO006454	1	0.7306797892911856	-20.600015480601574	1.0
ORTHO007678	1	0.7306956116461317	-22.035945121565387	1.0
ORTHO000517	2	0.7308428371667359	-31.191715344430833	1.0
ORTHO006516	1	0.7308848877729579	-24.852146686791556	1.0
ORTHO003790	1	0.7309109690998191	-22.23785932059445	1.0
ORTHO005493	1	0.7309299634417287	-22.770542599887744	1.0
ORTHO005229	1	0.7310575626006435	-22.499513776812673	1.0
ORTHO003902	1	0.7310917611712718	-24.104451092671145	1.0
ORTHO002049	1	0.7311174159182737	-25.547454573646142	1.0
ORTHO005759	1	0.7313377617216543	-21.81522239311364	1.0
ORTHO004653	1	0.731400041841626	-22.447216037919496	1.0
ORTHO005565	1	0.7316655931900236	-22.760517763632617	1.0
ORTHO006938	1	0.7317032866812575	-20.834238768168625	1.0
ORTHO005378	1	0.7317618668315532	-21.85325107182963	1.0
ORTHO006133	1	0.7318099050121564	-21.091740417531508	1.0
ORTHO006604	1	0.7318601880302466	-23.653800778521088	1.0
ORTHO005414	1	0.7318972407373932	-22.021804634463606	1.0
ORTHO004614	1	0.7320709042456983	-23.70798883198033	1.0
ORTHO006342	1	0.7320819184983957	-22.532071112948213	1.0
ORTHO008658	1	0.7321050151475195	-22.595559602170873	1.0
ORTHO006147	1	0.7321248846500209	-22.409944635584075	1.0
ORTHO006422	1	0.7322894954252376	-21.164887820587936	1.0
ORTHO003814	1	0.7323203107248922	-21.939142155330444	1.0
ORTHO002465	1	0.7323878076883155	-24.633299136557	1.0
ORTHO005806	1	0.7325600133710303	-20.87498350831232	1.0
ORTHO005735	1	0.732741097984559	-22.739053545969515	1.0
ORTHO000776	2	0.7328360189362022	-30.010431794603182	1.0
ORTHO001142_1	1	0.732846332180411	-24.773884016725912	1.0
ORTHO002298	1	0.7328579571257458	-23.638759867527494	1.0
ORTHO002482	1	0.7329103683250392	-23.81567962388239	1.0
ORTHO000440_2	1	0.7329112187859976	-28.755400266328827	1.0
ORTHO000824	1	0.7329581609791507	-29.416601107412067	1.0
ORTHO000814	2	0.7332312795977874	-28.215806826944785	1.0
ORTHO000527_2	1	0.7332667178082782	-25.7134976206874	1.0
ORTHO005379	1	0.7334813816812638	-21.424071931913467	1.0
ORTHO005829	1	0.7335626677553454	-21.683011182204808	1.0
ORTHO007299	1	0.7335732190894378	-21.753299784253837	1.0
ORTHO002579	1	0.7336307248154248	-24.641110967836404	1.0
ORTHO003470	1	0.7336389308681144	-23.03165740935019	1.0
ORTHO005626	1	0.7337498048841956	-22.97376709250747	1.0
ORTHO002873	1	0.7337722321848495	-24.290211163272218	1.0
ORTHO004088	1	0.7337924819699265	-23.307168614214316	1.0
ORTHO006179	1	0.7340642623177894	-21.37578729325532	1.0
ORTHO006551	2	0.7341046044799422	-21.515325772224564	1.0
ORTHO003398	1	0.7341863099384646	-23.598102216612144	1.0
ORTHO006514	1	0.7342906417774244	-20.419553249058456	1.0
ORTHO006364	1	0.7343933655584965	-23.46677809064373	1.0
ORTHO005145	1	0.7344264385414692	-23.952226006405933	1.0
ORTHO003522	2	0.7344326550230398	-25.407024770856637	1.0
ORTHO000423	1	0.7345595972102396	-31.914938560990734	1.0
ORTHO000961	1	0.7346768822355332	-28.99607513302973	1.0
ORTHO004477	1	0.7347919948277322	-23.67137546877346	1.0
ORTHO006501	1	0.7348333551778273	-21.248460736517096	1.0
ORTHO003965	1	0.7348587780914181	-27.423667159075368	1.0
ORTHO006286	1	0.7349052246097709	-26.75157731612701	1.0
ORTHO003051	1	0.7350889322505416	-23.025655782257324	1.0
ORTHO005545	1	0.7351674064141983	-23.774412512112775	1.0
ORTHO005073	1	0.7352054348059905	-26.240204863876766	1.0
ORTHO000811_1	1	0.7352820209552611	-23.852602349437333	1.0
ORTHO003772	1	0.7354810916631764	-24.18837147788238	1.0
ORTHO002623	2	0.7356305919851226	-24.684137720529403	1.0
ORTHO006284	2	0.7358742231068899	-21.720111674173012	1.0
ORTHO005570	2	0.7360080376530626	-24.844788812417406	1.0
ORTHO005047	1	0.7360274344757005	-26.73720280228511	1.0
ORTHO000617	2	0.7360342420669853	-29.721463858029104	1.0
ORTHO007476	1	0.7361033106317905	-23.022754280126453	1.0
ORTHO005965	1	0.7363921878488673	-21.797339228043736	1.0
ORTHO005786	1	0.7366154150090115	-23.631828104907196	1.0
ORTHO006877	1	0.7366959599126411	-22.223866030111832	1.0
ORTHO001749	2	0.7367334519994069	-26.72840964224388	1.0
ORTHO005117	1	0.7367866634091726	-25.291642916133085	1.0
ORTHO005910	1	0.7370074082357939	-23.721895398283454	1.0
ORTHO002640	1	0.7370504219571702	-26.45139403182346	1.0
ORTHO006747	1	0.737144426643161	-24.223103975595052	1.0
ORTHO006631	1	0.7373214636829986	-21.835344600722525	1.0
ORTHO005765	1	0.7373332298800901	-25.073551505644122	1.0
ORTHO005767	1	0.7373796266757499	-21.66040122706185	1.0
ORTHO006537	1	0.7375098720602182	-24.207298810705147	1.0
ORTHO002461	1	0.7375128918584465	-24.25500752654353	1.0
ORTHO001161_1	1	0.7375251790896563	-22.246304664233957	1.0
ORTHO003458	1	0.7375618127589018	-21.66057642085259	1.0
ORTHO005249	2	0.7376758031101892	-22.276991646011787	1.0
ORTHO001899	1	0.7379265733034365	-25.98704192936492	1.0
ORTHO000539_1	1	0.7380084703641525	-22.762151356113534	1.0
ORTHO005144	1	0.7381005514425117	-23.661392182418396	1.0
ORTHO005202	1	0.7381737196078922	-22.635654619371774	1.0
ORTHO004035	2	0.7381805711637176	-22.311730616218092	1.0
ORTHO000309_2	1	0.7381987466198704	-27.969771791586357	1.0
ORTHO001621	2	0.7383511688327459	-25.28752177241414	1.0
ORTHO006678	1	0.7383720313779639	-23.530004526801513	1.0
ORTHO005177	1	0.738391557386988	-21.659992184724377	1.0
ORTHO002611	1	0.7384526105922801	-23.413899914742757	1.0
ORTHO004250	2	0.7385103421074324	-21.582202388246994	1.0
ORTHO006328	1	0.7385329532866621	-21.811971447559934	1.0
ORTHO004929	1	0.7385517328195057	-22.414793427941802	1.0
ORTHO005985	1	0.7385760250827381	-21.918769619163314	1.0
ORTHO008019	1	0.7386519921469729	-20.763372402814902	1.0
ORTHO002966	1	0.7386806344407206	-23.62752640645169	1.0
ORTHO002813	2	0.7387677623367159	-23.309938113581598	1.0
ORTHO004277	1	0.7388681426726659	-22.700562889237492	1.0
ORTHO002667	1	0.7390263264624166	-23.302460500655013	1.0
ORTHO004624	2	0.7390332298604483	-21.29647056948646	1.0
ORTHO004378	1	0.739070567784125	-23.936675761975184	1.0
ORTHO005465	1	0.7391527352836001	-23.633395379011215	1.0
ORTHO003531	1	0.7392222141139401	-25.690217965967754	1.0
ORTHO002843	1	0.7392311362846179	-22.281175115465878	1.0
ORTHO003041	1	0.7392619947179501	-24.952483802403705	1.0
ORTHO005515	1	0.7393592370353343	-22.17586038606904	1.0
ORTHO005470	1	0.7394013032367224	-26.238414450838754	1.0
ORTHO003627	1	0.7394868757937649	-22.424947928200794	1.0
ORTHO006773	1	0.7396714464840968	-21.949981789822278	1.0
ORTHO007507	1	0.7397645568465806	-20.841913454136936	1.0
ORTHO006964	1	0.7399057861239232	-21.99542954568237	1.0
ORTHO001208	2	0.7399438366849617	-27.756196478182048	1.0
ORTHO000827_2	1	0.7401044462489472	-24.29888381699896	1.0
ORTHO005291	1	0.7402111861726872	-24.04320915779644	1.0
ORTHO005561	1	0.7403235213430921	-23.267761757866538	1.0
ORTHO007180	1	0.7405246524791688	-20.698698155154368	1.0
ORTHO004140	1	0.7405627015298649	-22.19104888591262	1.0
ORTHO000946	2	0.7406997309086039	-27.22686909913107	1.0
ORTHO003705	1	0.7407269183247271	-23.58558283819922	1.0
ORTHO005873	1	0.7407336654735471	-23.755337039439635	1.0
ORTHO006994	1	0.7407519517033698	-21.04463983910556	1.0
ORTHO005503	1	0.740773770666643	-28.207218337328527	1.0
ORTHO002148	2	0.7408834351532079	-24.682298241713667	1.0
ORTHO005989	1	0.7409349507853931	-23.786107275881346	1.0
ORTHO007179	1	0.7409586787755579	-23.615568772575887	1.0
ORTHO005268	1	0.741028483479581	-21.746708827159633	1.0
ORTHO006185	1	0.7411634142709026	-22.337556346737585	1.0
ORTHO004689	1	0.7413663789401452	-24.02862762179807	1.0
ORTHO005727	1	0.7417571751392142	-20.92505180160671	1.0
ORTHO000703_2	1	0.741803134010654	-23.4254688599384	1.0
ORTHO008530	2	0.7418113758849338	-21.44205033035668	1.0
ORTHO004631	1	0.7419462535176907	-23.029541890525216	1.0
ORTHO008417	1	0.742046285508675	-25.347110711421095	1.0
ORTHO005792	1	0.7420564704972474	-22.510233736067075	1.0
ORTHO004267	1	0.7422658479990509	-25.213611636877413	1.0
ORTHO004213	1	0.7422797544554999	-22.76700411155247	1.0
ORTHO006376	1	0.7425260951869255	-25.06641568824949	1.0
ORTHO006923	1	0.7426099386307232	-24.17165167174221	1.0
ORTHO001251	1	0.7426180832625502	-27.618588210542622	1.0
ORTHO005940	1	0.7428214361707565	-23.053981306659928	1.0
ORTHO005038	1	0.7428439544369785	-23.02355263299443	1.0
ORTHO004032	1	0.7429314235031916	-24.924151927509246	1.0
ORTHO003247	1	0.743080756542808	-24.067446612457907	1.0
ORTHO007257	1	0.7430856706961676	-20.32602434297419	1.0
ORTHO000591_2	1	0.7431002245572879	-27.646891988756312	1.0
ORTHO005595	2	0.7432697991612319	-21.997251424993102	1.0
ORTHO004950	1	0.7434587638867294	-24.177325433691276	1.0
ORTHO005564	2	0.7435951489197637	-23.556435418677303	1.0
ORTHO006424	1	0.7436171322687821	-22.146942754805547	1.0
ORTHO003591	1	0.7437186006697862	-22.81850530592759	1.0
ORTHO000901	1	0.7438938803885621	-28.18312657410941	1.0
ORTHO005319	1	0.7439138874539589	-24.623102477733998	1.0
ORTHO006028	1	0.7440109186034259	-24.5947176031122	1.0
ORTHO006090	1	0.7441417337384656	-23.367166460441886	1.0
ORTHO003341	1	0.7442279568390799	-23.1964045567962	1.0
ORTHO003592	1	0.7444142471729236	-24.314156705148147	1.0
ORTHO005133	1	0.7444637586672503	-22.53288170013696	1.0
ORTHO006733	1	0.7444865941566482	-22.396555634897446	1.0
ORTHO006553	1	0.7444920124342704	-23.755710896768782	1.0
ORTHO004792	1	0.7445029148815249	-24.056094472962208	1.0
ORTHO006897	1	0.744515470542607	-21.762838667011522	1.0
ORTHO003679	2	0.7447415183416641	-23.314658779232357	1.0
ORTHO007957	1	0.7447724430707496	-23.998126332648997	1.0
ORTHO005753	1	0.7448070721306681	-25.35901374915219	1.0
ORTHO006468	1	0.7448937761992767	-22.010370339133594	1.0
ORTHO007419	1	0.7448990755949917	-20.79145983672052	1.0
ORTHO007382	1	0.7449079226831805	-20.497399788915978	1.0
ORTHO005272	1	0.7450238654047034	-25.50258882058356	1.0
ORTHO003091	1	0.7450947031883284	-26.009388818400627	1.0
ORTHO001725	1	0.7450995564578194	-25.777776135078394	1.0
ORTHO003513	3	0.7451812943881961	-22.298410247072933	1.0
ORTHO005332	1	0.7451945685691518	-23.384956013793207	1.0
ORTHO006498	1	0.7452160874566459	-23.249596752806273	1.0
ORTHO003388	1	0.7452722487973661	-25.25802171634709	1.0
ORTHO003468	1	0.7453299008688515	-23.710387991726595	1.0
ORTHO003496	1	0.7454503072132538	-25.971516821587254	1.0
ORTHO005783	1	0.7454605273347062	-20.625420579197133	1.0
ORTHO004595	1	0.7456542966928439	-24.703424394840425	1.0
ORTHO008496	2	0.7456927233526774	-21.74773695224096	1.0
ORTHO006321	2	0.745758744990478	-20.56865347235166	1.0
ORTHO000419_2	1	0.7457749126328331	-22.55779135955808	1.0
ORTHO003329	1	0.7458005299058242	-24.20830885529271	1.0
ORTHO003476	1	0.7459551560348564	-23.439036073779622	1.0
ORTHO001388	1	0.7459600788104933	-27.572181539675974	1.0
ORTHO005035	1	0.7459603911611139	-20.769965935177293	1.0
ORTHO000815	1	0.7459679005434259	-30.629347437369013	1.0
ORTHO006507	1	0.7459758038542282	-23.206998293523434	1.0
ORTHO001062	2	0.7459949887848665	-28.010151234715963	1.0
ORTHO002864	1	0.7460770758811274	-24.879235821638773	1.0
ORTHO002420	1	0.7461170898798211	-24.52505243295227	1.0
ORTHO005212	1	0.7461497680464426	-22.828393255969665	1.0
ORTHO005843	1	0.746193049283322	-22.778594581490854	1.0
ORTHO004857	1	0.7462416812234179	-21.563512040843648	1.0
ORTHO004299	1	0.7462840138766913	-22.071135669382166	1.0
ORTHO003985	1	0.7463145442158788	-24.518938639269308	1.0
ORTHO006634	1	0.7463758578408769	-21.784657216733066	1.0
ORTHO000825	2	0.7464798591589875	-29.164183549053366	1.0
ORTHO001887	1	0.7465137841427262	-26.520066231396807	1.0
ORTHO007479	1	0.7465538561813336	-20.632953463999907	1.0
ORTHO008481	1	0.7466201888198273	-21.21909132504172	1.0
ORTHO007008	1	0.7467495053221612	-23.89692421130742	1.0
ORTHO006252	1	0.7468090443957884	-24.30142064273761	1.0
ORTHO005724	1	0.746910778341648	-23.36410877650031	1.0
ORTHO007302	1	0.7469434802208197	-20.719310001976606	1.0
ORTHO007354	1	0.7470589135026888	-21.170356158222514	1.0
ORTHO008168	1	0.7470778967983842	-20.623669437046132	1.0
ORTHO003808	1	0.7470821052729282	-24.307323375119427	1.0
ORTHO001795_2	1	0.7470833684632756	-24.36779907397279	1.0
ORTHO002248	1	0.7471121324217453	-26.485831053283444	1.0
ORTHO004234	1	0.7471880574892462	-25.421612258115875	1.0
ORTHO004548	1	0.7472507282647781	-24.350553104208814	1.0
ORTHO008527	1	0.7473197493775167	-21.42125012311816	1.0
ORTHO003128	2	0.7474110751533728	-21.770488014883036	1.0
ORTHO003530	1	0.747414818906116	-22.68317888156471	1.0
ORTHO007383	1	0.7474845886880311	-21.134401092234473	1.0
ORTHO007342	1	0.7475042892887059	-22.00703097168253	1.0
ORTHO002558	1	0.7475151103024628	-24.454136822671646	1.0
ORTHO000970	2	0.7475155261945028	-28.072233753793686	1.0
ORTHO008411	2	0.747660763996361	-20.793601138953257	1.0
ORTHO006670	1	0.7477981862866923	-22.252104828623047	1.0
ORTHO002345	1	0.7478645482414623	-24.197433520545523	1.0
ORTHO004332	1	0.7479954317805989	-25.71707046738798	1.0
ORTHO006603	1	0.7480813467262656	-21.536208794079485	1.0
ORTHO005263	1	0.7481686882894127	-22.385971921616775	1.0
ORTHO006729	1	0.7481963738716649	-21.220602779550422	1.0
ORTHO002476	1	0.7482467413930769	-25.15507983994382	1.0
ORTHO001363	1	0.7482766678584765	-27.576087422882114	1.0
ORTHO001126	2	0.7482813511389681	-25.72194153142907	1.0
ORTHO001786	1	0.748296977832932	-25.864149061940893	1.0
ORTHO002044	1	0.7483580059739429	-26.16312892121594	1.0
ORTHO004278	1	0.748615111247386	-24.40202510325691	1.0
ORTHO006891	1	0.7486163729328816	-21.608956199118847	1.0
ORTHO003131	2	0.7486687197772494	-23.861539492998233	1.0
ORTHO006327	1	0.7487596920512991	-21.722377754043542	1.0
ORTHO007346	1	0.7488216881417351	-20.8786390326914	1.0
ORTHO002100_1	1	0.7489003670125908	-24.195736444812212	1.0
ORTHO007106	2	0.7489843483616966	-20.889894500165468	1.0
ORTHO002282	1	0.7491294745816178	-26.358996170448055	1.0
ORTHO006072	1	0.7491397808199294	-22.077331686912977	1.0
ORTHO004448	1	0.7491829393877565	-22.964570043377975	1.0
ORTHO000525_3	1	0.7491960120447173	-23.43715341470103	1.0
ORTHO002183	1	0.7492430755858972	-25.38945102267246	1.0
ORTHO007490	1	0.7492670212282402	-20.79119960353812	1.0
ORTHO008015	1	0.7492692335390527	-21.00891417074576	1.0
ORTHO004095	1	0.7493543105297882	-22.614545319583286	1.0
ORTHO003746	1	0.7493547037775107	-25.231016869711397	1.0
ORTHO000796	2	0.7493965933988617	-29.17420713891823	1.0
ORTHO007228	1	0.7495570779094956	-22.618500110349533	1.0
ORTHO003568	1	0.749801355157061	-23.675870625534124	1.0
ORTHO000622_1	2	0.7498508139432902	-23.702069793378815	1.0
ORTHO000849	1	0.7500030344896347	-28.17192518844769	1.0
ORTHO006426	1	0.750115746975641	-21.86636451428596	1.0
ORTHO005507	1	0.7501875838792353	-21.458984292447806	1.0
ORTHO002295	1	0.7502909352538113	-25.994626118347	1.0
ORTHO008152	1	0.7503297736305945	-22.13882688346207	1.0
ORTHO002956	1	0.7503648821874846	-23.864067030129675	1.0
ORTHO008504	1	0.7505510102641004	-22.855408859611963	1.0
ORTHO008524	1	0.7506110387997179	-21.279784820419607	1.0
ORTHO007167	1	0.7506257733251666	-23.682607564065663	1.0
ORTHO001799	1	0.7506467900264227	-24.918240410134818	1.0
ORTHO005987	1	0.750686932622379	-21.753687280902085	1.0
ORTHO002572	1	0.7507338499070478	-26.83675790387572	1.0
ORTHO005080	1	0.7507933036580468	-26.35933633197117	1.0
ORTHO004218	1	0.7509976539385357	-22.388094475153157	1.0
ORTHO008083	2	0.7510077789170244	-20.610356569957666	1.0
ORTHO000884	1	0.7510792432706235	-27.656718129129683	1.0
ORTHO002659	1	0.7511712721130992	-25.463279742321305	1.0
ORTHO006863	1	0.7511718293332388	-21.39907080858663	1.0
ORTHO005636	1	0.7511897432117883	-24.815150837313677	1.0
ORTHO003450	1	0.7512498422588788	-22.87867611496859	1.0
ORTHO008404	1	0.7513246964023019	-21.27601265223214	1.0
ORTHO009074	1	0.751346999853162	-23.509069218451604	1.0
ORTHO003669	1	0.7514406417477804	-22.46640213730971	1.0
ORTHO005877	1	0.7514440255327023	-23.673455612908594	1.0
ORTHO008276	1	0.7514688490497113	-20.810718627667544	1.0
ORTHO007353	2	0.751564019784453	-22.399806316894445	1.0
ORTHO005835	1	0.7515818865739704	-23.114565681384338	1.0
ORTHO001606	2	0.7517010764714067	-24.288072499957693	1.0
ORTHO004062	1	0.7517045022480756	-21.725297159340897	1.0
ORTHO003013	3	0.7517244412171346	-21.86945962574487	1.0
ORTHO006291	1	0.7518219861300048	-21.320778855393506	1.0
ORTHO006518	1	0.7518958807880749	-21.602276455798254	1.0
ORTHO002160	1	0.751909558634776	-24.714592572168236	1.0
ORTHO000274_1	2	0.7519249328076923	-32.10159898299951	1.0
ORTHO004157	2	0.7519676758391711	-22.307586978760714	1.0
ORTHO006415	1	0.7520295854075703	-22.922005052338477	1.0
ORTHO006655	2	0.7520712390892801	-22.875224334846642	1.0
ORTHO005481	1	0.7521643853755043	-26.26931381699635	1.0
ORTHO007616	1	0.7522453567013255	-22.62263201369875	1.0
ORTHO003514	2	0.752314262747139	-23.584289337725192	1.0
ORTHO008406	1	0.7523399847486933	-23.672801253777624	1.0
ORTHO000355_3	1	0.7524103927493402	-26.1346398603937	1.0
ORTHO007143	1	0.7524356024996296	-23.63047615998228	1.0
ORTHO008476	1	0.7524737287744977	-22.052413545803834	1.0
ORTHO006870	1	0.7525291903469442	-22.69200717777271	1.0
ORTHO002959	2	0.7527654503807304	-25.305251173621972	1.0
ORTHO006074	1	0.7527709086184566	-22.71216324847518	1.0
ORTHO001701	1	0.7528346403419458	-26.018960169417717	1.0
ORTHO003435	1	0.7528414770891035	-24.45520226142079	1.0
ORTHO008534	1	0.7528943450848375	-22.258503014455002	1.0
ORTHO003830	2	0.7529499184661793	-24.246389622147554	1.0
ORTHO007148	1	0.7529642573876751	-22.801967326041837	1.0
ORTHO008960	1	0.7530282980786186	-22.703221083214462	1.0
ORTHO004059	1	0.7530299667099404	-26.487831885209886	1.0
ORTHO006554	1	0.7530779423380406	-21.974404923704892	1.0
ORTHO006341	1	0.7531702696560235	-21.557240375273402	1.0
ORTHO004314	1	0.7532883128404283	-24.037614010773865	1.0
ORTHO004721	1	0.7533141990414948	-22.195153635164676	1.0
ORTHO008785	1	0.7533219104027833	-23.714796748060095	1.0
ORTHO004579	1	0.7533599722295757	-23.429087970499715	1.0
ORTHO005948	1	0.7534365409829467	-21.897313516788614	1.0
ORTHO003215	1	0.7535999006534773	-24.73280539653206	1.0
ORTHO006450	1	0.7536357591631148	-20.507140368165853	1.0
ORTHO006698	1	0.7539503411556204	-23.01442512506201	1.0
ORTHO005166	1	0.7540032061708257	-21.195110817831694	1.0
ORTHO001779	1	0.7540367909894955	-24.53828521999157	1.0
ORTHO004882	1	0.7540708067216435	-28.030428575449218	1.0
ORTHO005306	2	0.7541958982988104	-25.45432647417891	1.0
ORTHO007150	1	0.7545718577329192	-22.865540845003306	1.0
ORTHO002167	1	0.7546491789138965	-24.498782640224473	1.0
ORTHO007117	2	0.7547122346535102	-22.83494340765274	1.0
ORTHO005605	1	0.7547134663074244	-23.776719569951883	1.0
ORTHO003733	1	0.7547627754561528	-22.684545103024057	1.0
ORTHO006831	1	0.7547910609942369	-22.444662876498555	1.0
ORTHO005213	1	0.754877787327974	-22.963986930219036	1.0
ORTHO004563	2	0.7548924109508806	-23.137987614496513	1.0
ORTHO006592	1	0.7549014686575689	-22.14723795715648	1.0
ORTHO008170	1	0.7549409701368873	-21.01247914118441	1.0
ORTHO001463	1	0.7549485163028958	-25.32289693370907	1.0
ORTHO008308	1	0.7550420691852054	-22.448212664557108	1.0
ORTHO005695	1	0.7550487806467802	-24.972300511469033	1.0
ORTHO002368	1	0.7550493082944065	-24.0700546785293	1.0
ORTHO007282	1	0.7551490673417596	-21.137073211280686	1.0
ORTHO005663	1	0.7551672948569784	-22.5584516155505	1.0
ORTHO007493	1	0.7553720975297914	-22.974704721672826	1.0
ORTHO007138	1	0.7554009329099018	-24.00500593164709	1.0
ORTHO003516	2	0.755523433305242	-22.801316700367728	1.0
ORTHO001059	1	0.755754553828058	-27.252940107997844	1.0
ORTHO003812	2	0.75586877522438	-23.47168728703397	1.0
ORTHO005155	1	0.7559792693850791	-25.279159778440167	1.0
ORTHO008181	1	0.756012450810468	-20.78783719578757	1.0
ORTHO004085	1	0.7561704589624595	-25.31226205303863	1.0
ORTHO008080	2	0.7561728972783042	-21.506421914570694	1.0
ORTHO007406	1	0.7561896096145282	-21.85956352524488	1.0
ORTHO003601	1	0.7561957329681143	-27.192114614774464	1.0
ORTHO008446	1	0.7563447805623481	-22.534816925135672	1.0
ORTHO007682	1	0.7563519509947779	-22.71311562078786	1.0
ORTHO003826	1	0.7563835936155626	-24.52169869060955	1.0
ORTHO008382	1	0.7563842962163738	-20.711075484804944	1.0
ORTHO006116	1	0.7564352415124961	-24.262274746006987	1.0
ORTHO004446	2	0.7564651917151808	-21.899890099226024	1.0
ORTHO005385	1	0.7566178800998736	-24.88833015259454	1.0
ORTHO007754	1	0.7566704714613408	-21.642316345613946	1.0
ORTHO007128	1	0.7567838334543397	-22.441867865862008	1.0
ORTHO002841	2	0.7568397094711422	-24.269039606259106	1.0
ORTHO006062	1	0.756937922433927	-22.40624465602117	1.0
ORTHO005815	1	0.7570118605649502	-24.453793278136413	1.0
ORTHO008164	1	0.757013640645639	-23.280696759935513	1.0
ORTHO000263_3	1	0.7571967552817115	-26.675027361662668	1.0
ORTHO004136	1	0.7572529196724574	-25.76052199810653	1.0
ORTHO004312	1	0.7572531520468394	-21.556726077500922	1.0
ORTHO008354	1	0.7572545248415122	-21.215985743445557	1.0
ORTHO008243	1	0.7572609081976417	-21.42572382123025	1.0
ORTHO002215	1	0.7575214566164478	-24.58889294552476	1.0
ORTHO001395	1	0.7575668605599503	-25.559531907255533	1.0
ORTHO001413	1	0.7575851401175384	-27.30074107500632	1.0
ORTHO008421	1	0.7575948354002319	-21.18773350621847	1.0
ORTHO003908	1	0.757624158944021	-23.183628987279306	1.0
ORTHO000468_1	1	0.7578806933531628	-22.35251396817088	1.0
ORTHO008248	1	0.7578978341960504	-20.85716600219635	1.0
ORTHO005327	1	0.7580277443024835	-22.820299005963342	1.0
ORTHO001230	2	0.7580701123350508	-27.14250280819238	1.0
ORTHO004672	1	0.7581637269628693	-24.014730677326018	1.0
ORTHO003588	1	0.7581969397858439	-23.71046458966438	1.0
ORTHO007392	1	0.758246899854424	-22.23342500842336	1.0
ORTHO003925	2	0.758273853317689	-23.65970816589552	1.0
ORTHO005302	1	0.7582849890329811	-25.98800957975625	1.0
ORTHO003471	1	0.758292533320197	-22.588453125051515	1.0
ORTHO001916	1	0.7584028586462879	-26.179905693750438	1.0
ORTHO005762	1	0.7584516800421783	-23.506971537407082	1.0
ORTHO008111	1	0.7584627744117505	-21.812000237672137	1.0
ORTHO006418	1	0.7584830560947899	-22.85487345778299	1.0
ORTHO007144	1	0.7585191718603341	-22.023248900157725	1.0
ORTHO004942	1	0.7585940074690373	-22.051250187756363	1.0
ORTHO008313	1	0.7586223406692783	-21.984017452023426	1.0
ORTHO005573	1	0.7587602412391623	-23.033633790617976	1.0
ORTHO004968	2	0.7588580867735295	-25.74333034524408	1.0
ORTHO002835	1	0.7588859031305499	-23.830425787485378	1.0
ORTHO007341	1	0.7588980139668168	-22.983821019044104	1.0
ORTHO007099	2	0.7589476703935706	-23.07846950512911	1.0
ORTHO007170	1	0.7589669017969519	-21.101790825475696	1.0
ORTHO008491	1	0.7590246082824691	-20.941009439681228	1.0
ORTHO004204	1	0.7590980307248381	-24.066347610768673	1.0
ORTHO008436	1	0.7591043300363972	-21.38847108403801	1.0
ORTHO000309_1	2	0.7592564099874762	-27.413708761291353	1.0
ORTHO007979	1	0.7593608954405793	-23.803487763127414	1.0
ORTHO009021	1	0.7593980770994645	-22.157021590908286	1.0
ORTHO001745	1	0.7595384672864011	-25.243318320325628	1.0
ORTHO000331_1	1	0.7596359437087264	-23.6283025893566	1.0
ORTHO001134	1	0.7596713556802709	-27.778974167024472	1.0
ORTHO006490	1	0.7598043908208085	-24.98597790697446	1.0
ORTHO001053	1	0.7598287592806977	-28.412829358244455	1.0
ORTHO004612	1	0.7598549582494866	-24.71145803566262	1.0
ORTHO004719	1	0.7598578401290702	-23.395209769967348	1.0
ORTHO008108	1	0.7599103410597039	-23.0477620285856	1.0
ORTHO007471	1	0.7599375894950522	-20.939119053380022	1.0
ORTHO002404	1	0.7599916069679385	-25.84017715670614	1.0
ORTHO005030	1	0.7600247251798978	-21.565699151413774	1.0
ORTHO001014_2	1	0.7600341023984524	-23.24733107491397	1.0
ORTHO004998	1	0.7601200344788783	-22.04050662643703	1.0
ORTHO001552	1	0.7601440637501363	-26.70398889427703	1.0
ORTHO000572_3	1	0.7602151709734754	-23.49749350265654	1.0
ORTHO006250	1	0.7602448648339288	-22.81030339603925	1.0
ORTHO005341	1	0.7603601275729319	-22.599341967365454	1.0
ORTHO000325_3	1	0.7603888355295512	-23.915810296806885	1.0
ORTHO004638	1	0.7604168352650106	-23.22536815668455	1.0
ORTHO005349	1	0.7604489465974302	-23.73721987921815	1.0
ORTHO008139	1	0.7605020665157396	-21.527904451868675	1.0
ORTHO003619	1	0.7605168804602932	-23.645999957235887	1.0
ORTHO002665	1	0.7605833094553415	-22.649846398488634	1.0
ORTHO001849	1	0.7606033431758242	-24.912426006990167	1.0
ORTHO007239	1	0.7606355266305481	-23.420500091339466	1.0
ORTHO001124	1	0.7606502588203385	-25.63932538967704	1.0
ORTHO003281	1	0.7606555034255692	-24.032536536655062	1.0
ORTHO005789	1	0.7606840731842593	-26.366847559310138	1.0
ORTHO008126	1	0.7607073642009312	-24.295706707729508	1.0
ORTHO007258	1	0.7607272977067159	-21.851627743694046	1.0
ORTHO001354_2	1	0.7607439769684932	-21.647482217075336	1.0
ORTHO006253	1	0.7607583497376104	-23.239457641733665	1.0
ORTHO006699	1	0.7608096152440629	-22.21234653766383	1.0
ORTHO006748	1	0.7608913333041253	-21.908148079604164	1.0
ORTHO007313	1	0.7609955682054509	-23.14660145733952	1.0
ORTHO003264	1	0.761002281018859	-23.204996389326592	1.0
ORTHO001776	1	0.7610576554740505	-27.693107937399546	1.0
ORTHO007427	1	0.7612124657447386	-20.62432285658633	1.0
ORTHO000908_1	1	0.7612265025048535	-25.156561155569268	1.0
ORTHO006638	1	0.7612445899096904	-25.301078641422688	1.0
ORTHO000861	1	0.7613323501150626	-28.42193387773513	1.0
ORTHO009630	1	0.7614899944735581	-23.022565868875304	1.0
ORTHO008359	1	0.7615268187174238	-20.500514016267278	1.0
ORTHO006400	1	0.7615718031374444	-22.335015699388094	1.0
ORTHO007389	1	0.7615884001138472	-23.94403259734301	1.0
ORTHO007187	1	0.7616047412828216	-22.163217533954388	1.0
ORTHO002236	3	0.7616996808102133	-25.258574707530418	1.0
ORTHO008176	1	0.7617063854046493	-21.508735091420057	1.0
ORTHO007395	1	0.7617220878842189	-20.613196753132797	1.0
ORTHO004479	1	0.7617884043788463	-25.68983802703623	1.0
ORTHO003035	1	0.7618129373541658	-26.774704347648633	1.0
ORTHO006375	1	0.7618972903395108	-21.058210554402855	1.0
ORTHO008550	1	0.7619329228379912	-21.788006313647067	1.0
ORTHO007364	1	0.7619364855448868	-22.624932786285417	1.0
ORTHO001572	1	0.7620528566540131	-25.842061831503766	1.0
ORTHO007694	1	0.7621141820590804	-22.958161066021795	1.0
ORTHO007624	1	0.7621694130174045	-21.882976283870605	1.0
ORTHO007216	1	0.7621770647390439	-22.44604628432216	1.0
ORTHO000998	1	0.7622276882151267	-29.47556760267873	1.0
ORTHO005426	1	0.7622492679169731	-21.52870098308232	1.0
ORTHO000611	2	0.7623465927734777	-30.72819750339726	1.0
ORTHO002340	1	0.7623631092294637	-24.61961708022207	1.0
ORTHO000801_1	1	0.762377596999078	-24.815665734291517	1.0
ORTHO000279_3	1	0.7624213949814548	-22.910255729927545	1.0
ORTHO006209	1	0.7624397168468201	-24.073244977306636	1.0
ORTHO006480	1	0.7624493343291899	-21.299782340048907	1.0
ORTHO004974	2	0.7625272882196754	-23.92793330714779	1.0
ORTHO002814	1	0.7625603335290781	-24.284978530992102	1.0
ORTHO002851	1	0.7626873956093551	-23.937204355761775	1.0
ORTHO008236	1	0.7627035487310212	-21.781013219922052	1.0
ORTHO004135	1	0.7627150601875619	-24.905017140092855	1.0
ORTHO007288	1	0.7627481087985061	-21.734360952956244	1.0
ORTHO007139	1	0.7627508279921611	-23.09295455162676	1.0
ORTHO004493	1	0.7628967473183864	-22.100124511564477	1.0
ORTHO000555	1	0.7629600725731854	-31.275198718626385	1.0
ORTHO008355	1	0.7629655976210438	-23.736324073689396	1.0
ORTHO008323	1	0.7629911344117128	-21.136763099336537	1.0
ORTHO008351	1	0.7629911344117128	-21.136763099336537	1.0
ORTHO008413	1	0.7629911344117128	-21.136763099336537	1.0
ORTHO002575	1	0.762991317991432	-25.00687783855804	1.0
ORTHO002159	1	0.7630049501682131	-26.38643289878282	1.0
ORTHO003479	1	0.7630642965994263	-23.56070940347775	1.0
ORTHO006627	1	0.7630646483358257	-21.816151602846485	1.0
ORTHO006239	1	0.7632438704487668	-23.016054480776916	1.0
ORTHO007337	1	0.7632484165824138	-20.827963080150646	1.0
ORTHO007940	1	0.7632490816684327	-24.625903859972844	1.0
ORTHO008374	1	0.7632747286694431	-20.569187910177593	1.0
ORTHO008153	1	0.7633156180540915	-21.050910292309332	1.0
ORTHO003517	2	0.7633227697803979	-23.626439867824647	1.0
ORTHO008340	1	0.7633777356945115	-21.106072543620158	1.0
ORTHO001513	1	0.7633849837474171	-27.55495605425805	1.0
ORTHO009621	1	0.763456293312878	-22.303531201983496	1.0
ORTHO008470	1	0.7634667668101549	-22.174456577021964	1.0
ORTHO002441	2	0.7634888480280865	-23.110420529699102	1.0
ORTHO008445	1	0.7634993599426331	-21.079815705733022	1.0
ORTHO008119	1	0.7635946558483453	-21.78962250065903	1.0
ORTHO005189	1	0.763601619085519	-24.78968531523176	1.0
ORTHO008099	1	0.763603264198553	-22.00854660744426	1.0
ORTHO007839	1	0.7636149173511054	-21.972641471821586	1.0
ORTHO007410	1	0.7636236346531238	-20.62974243387103	1.0
ORTHO004425	1	0.763731717254205	-24.326774777959102	1.0
ORTHO005708	1	0.763742370375899	-23.46116494612344	1.0
ORTHO000368_2	1	0.7638585177989501	-23.13440447508183	1.0
ORTHO008342	1	0.7638724319881003	-21.383666378099917	1.0
ORTHO007617	1	0.7638787269918733	-21.44556077838822	1.0
ORTHO000377_3	1	0.7639308538248347	-29.402282090956977	1.0
ORTHO000288_1	1	0.7640243757592022	-21.711830014241304	1.0
ORTHO009367	1	0.764086529621857	-22.076971728786678	1.0
ORTHO003242	2	0.7641066268874961	-24.49747474378993	1.0
ORTHO009378	1	0.7641122141333518	-21.886499925324642	1.0
ORTHO004995	1	0.7641347741990704	-20.989365284980824	1.0
ORTHO008159	1	0.7641552084908478	-21.588498914706467	1.0
ORTHO008805	1	0.7641583187360037	-22.485213461668327	1.0
ORTHO009204	1	0.7641597980433139	-22.049487920834487	1.0
ORTHO008277	1	0.7641691975162741	-20.620350166439824	1.0
ORTHO009449	1	0.7641775769383471	-21.58535414762342	1.0
ORTHO003930	1	0.7642047872391631	-27.618152849736195	1.0
ORTHO009589	1	0.7642750655404543	-21.540699160626907	1.0
ORTHO009599	1	0.7642996393650855	-21.941233930213972	1.0
ORTHO008328	1	0.7643021746474048	-22.205119459036517	1.0
ORTHO009176	1	0.7643083129644935	-21.93170914459433	1.0
ORTHO009216	1	0.7643141946096563	-21.74477755883073	1.0
ORTHO009193	1	0.7643142487336698	-21.61522059679194	1.0
ORTHO007451	1	0.7643622202898759	-21.644726888747687	1.0
ORTHO008261	1	0.7643926843384137	-21.557661562365475	1.0
ORTHO008118	1	0.7644205189539746	-21.428635125571436	1.0
ORTHO008545	1	0.7644275964433171	-23.533084798086655	1.0
ORTHO006495	1	0.7644336758822031	-21.343852839368164	1.0
ORTHO008345	1	0.7644476422587324	-21.481557058258517	1.0
ORTHO009456	1	0.7644696726740147	-22.898274067069348	1.0
ORTHO009478	1	0.7644983090594035	-21.903687926791147	1.0
ORTHO009482	1	0.7644983090594035	-21.903687926791147	1.0
ORTHO009475	1	0.7645182872147446	-21.587123082132326	1.0
ORTHO009323	1	0.7645296982977285	-22.168110260016398	1.0
ORTHO008778	1	0.7645600848794181	-22.190189677281506	1.0
ORTHO007280	1	0.7645767346131545	-22.252012185729004	1.0
ORTHO001709	2	0.7646014718049329	-26.962398399814795	1.0
ORTHO009212	1	0.7646132934250028	-24.11472455200281	1.0
ORTHO005907	1	0.7646428766773472	-23.317438274162246	1.0
ORTHO008373	1	0.7647130974802538	-22.046876979738943	1.0
ORTHO009460	1	0.7647138405898096	-22.560005085379604	1.0
ORTHO003664	2	0.7647546752753112	-21.886146494817357	1.0
ORTHO009379	1	0.764784971047951	-22.456836829635755	1.0
ORTHO003148	1	0.764795295295986	-24.768462711374177	1.0
ORTHO008318	1	0.7648008786705797	-23.308992533810166	1.0
ORTHO007478	1	0.7648086168954469	-23.476271323003072	1.0
ORTHO008419	1	0.7648103134571773	-22.090079368027432	1.0
ORTHO009686	1	0.7648176894542467	-22.074536791292502	1.0
ORTHO009336	1	0.7648542324778475	-22.195716355388303	1.0
ORTHO001282_2	1	0.7649132898418984	-21.28155333714598	1.0
ORTHO008275	1	0.76492986531165	-20.690100203185118	1.0
ORTHO008339	1	0.7649333622716962	-21.137680831654592	1.0
ORTHO008090	1	0.7649613157196835	-21.415220694601192	1.0
ORTHO009486	1	0.7649648048479564	-21.548073347978555	1.0
ORTHO002771	1	0.7649694004402366	-24.08619745916585	1.0
ORTHO004246	1	0.7649735931437764	-26.062093521927686	1.0
ORTHO000887_2	1	0.7649877255657482	-24.3068533469204	1.0
ORTHO006535	1	0.76499843064407	-24.746300352179574	1.0
ORTHO009308	1	0.7650224513790034	-21.916875532004735	1.0
ORTHO009310	1	0.7650224513790034	-21.916875532004735	1.0
ORTHO009393	1	0.7650224513790034	-21.916875532004735	1.0
ORTHO009438	1	0.7650224513790034	-21.916875532004735	1.0
ORTHO000391_1	1	0.7650652968947034	-22.776384453459674	1.0
ORTHO009430	1	0.7650727223136086	-21.88924087415079	1.0
ORTHO009219	1	0.7650771275049193	-22.398555420238264	1.0
ORTHO009632	1	0.7650851239361891	-23.380552757743605	1.0
ORTHO009398	1	0.7650938804231177	-21.29395298621957	1.0
ORTHO009299	1	0.7651082883433065	-21.1643137007591	1.0
ORTHO009366	1	0.7651082883433065	-21.1643137007591	1.0
ORTHO008415	1	0.7651260510826456	-21.04211322846711	1.0
ORTHO003120	1	0.7651266022309162	-25.045541407541045	1.0
ORTHO009498	1	0.7652241332716938	-21.36391556167804	1.0
ORTHO009428	1	0.765233212462132	-21.58799743506317	1.0
ORTHO009171	1	0.7652766987849596	-23.769332098417316	1.0
ORTHO009454	1	0.7652824799366075	-21.477682811217026	1.0
ORTHO007982	1	0.7652846285322767	-22.159299553948166	1.0
ORTHO007390	1	0.7652957255310665	-23.553639658542906	1.0
ORTHO009616	1	0.7652961429105486	-23.835915775606384	1.0
ORTHO009401	1	0.7652990590798706	-21.13628792193571	1.0
ORTHO009406	1	0.7652990590798706	-21.13628792193571	1.0
ORTHO009425	1	0.7652990590798706	-21.13628792193571	1.0
ORTHO009585	1	0.7653018350440496	-22.11637001303858	1.0
ORTHO009496	1	0.7653026190683618	-21.49010056174333	1.0
ORTHO008427	1	0.7653101111586162	-21.350589246443757	1.0
ORTHO009390	1	0.7653215454350384	-21.246477679344256	1.0
ORTHO007193	1	0.7653360116380694	-21.54804412788356	1.0
ORTHO007433	1	0.7653873549605339	-22.13162286026908	1.0
ORTHO009345	1	0.7653880548322106	-21.916794378187628	1.0
ORTHO009403	1	0.7653880548322106	-21.916794378187628	1.0
ORTHO006051	1	0.7653980073493235	-23.66027207549563	1.0
ORTHO009332	1	0.7654079502408626	-21.60022668707461	1.0
ORTHO006901	1	0.7654183339783158	-21.427959314851556	1.0
ORTHO009316	1	0.7654214028024362	-21.420236686567673	1.0
ORTHO003949	1	0.765477998489452	-22.65985242916624	1.0
ORTHO009607	1	0.765501230855662	-22.159955802111526	1.0
ORTHO009628	1	0.765501230855662	-22.159955802111526	1.0
ORTHO009195	1	0.7655195793547752	-21.567927114345405	1.0
ORTHO008321	1	0.7655495282435237	-20.732096332928393	1.0
ORTHO009213	1	0.7655969417151874	-22.401870403002647	1.0
ORTHO009446	1	0.7656270226113329	-21.417817154550065	1.0
ORTHO009199	1	0.7656293532530152	-21.362597151062584	1.0
ORTHO009318	1	0.7656524125482476	-21.277429256671482	1.0
ORTHO009344	1	0.7656769321460293	-21.349190116345778	1.0
ORTHO009311	1	0.7656827625519742	-21.03269776185269	1.0
ORTHO009397	1	0.7656827625519742	-21.03269776185269	1.0
ORTHO009417	1	0.7656827625519742	-21.03269776185269	1.0
ORTHO009432	1	0.7656827625519742	-21.03269776185269	1.0
ORTHO009471	1	0.7656827625519742	-21.03269776185269	1.0
ORTHO007622	1	0.7656828329510996	-23.885793331089456	1.0
ORTHO008293	1	0.7656901604532499	-23.617254115975015	1.0
ORTHO009328	1	0.765692837995444	-20.966105012483474	1.0
ORTHO009297	1	0.7656959907923601	-21.105565413223314	1.0
ORTHO009370	1	0.7656959907923601	-21.105565413223314	1.0
ORTHO009443	1	0.7656959907923601	-21.105565413223314	1.0
ORTHO008370	1	0.7657152033807496	-20.8679836262107	1.0
ORTHO009450	1	0.7657789287195136	-21.72067445510075	1.0
ORTHO009324	1	0.765787848731928	-21.886072379968343	1.0
ORTHO002204	1	0.7657935430129398	-27.983942958600025	1.0
ORTHO009558	1	0.7657981826223144	-21.379350196805802	1.0
ORTHO006543	1	0.7658165482526751	-21.546562961811922	1.0
ORTHO009303	1	0.7658185516056758	-21.290290118140256	1.0
ORTHO009411	1	0.7658185516056758	-21.290290118140256	1.0
ORTHO007436	1	0.7658386413715711	-22.114199487420194	1.0
ORTHO007448	1	0.7658498086734968	-20.96280800845276	1.0
ORTHO009192	1	0.7658567684069912	-22.75036678397695	1.0
ORTHO001007_1	1	0.7659236554489496	-28.2047343575724	1.0
ORTHO007792	1	0.7659595674962136	-22.130008583537673	1.0
ORTHO005681	1	0.7659623307419	-22.76451442606162	1.0
ORTHO009468	1	0.7659896508675245	-21.631237179016367	1.0
ORTHO008670	1	0.7660306006369003	-23.647039101587094	1.0
ORTHO007765	1	0.7660652281042789	-25.73159391613915	1.0
ORTHO009205	1	0.766070569623753	-24.739837542732957	1.0
ORTHO007256	1	0.766072804570787	-21.29689063688685	1.0
ORTHO001394_2	1	0.7661082374720632	-20.722684112012647	1.0
ORTHO009287	1	0.7661082374720632	-20.722684112012647	1.0
ORTHO009489	1	0.7661082374720632	-20.722684112012647	1.0
ORTHO009355	1	0.7661984258351027	-23.31256254952414	1.0
ORTHO007455	1	0.7662018432810266	-21.48804262473843	1.0
ORTHO006878	1	0.7662107761145578	-22.650861147637407	1.0
ORTHO008508	1	0.7662372139256035	-20.817509487519537	1.0
ORTHO008514	1	0.7662372139256035	-20.817509487519537	1.0
ORTHO009389	1	0.766251314283235	-21.63106109606981	1.0
ORTHO009402	1	0.766251314283235	-21.63106109606981	1.0
ORTHO008266	1	0.7662730011714753	-22.904914679983882	1.0
ORTHO009180	1	0.7663253817542429	-22.882350865972413	1.0
ORTHO000514_1	1	0.766325481616313	-30.23332507163352	1.0
ORTHO004342	1	0.7663289645649884	-26.62392453835425	1.0
ORTHO009567	1	0.7664075987394404	-21.62335150424935	1.0
ORTHO006472	1	0.7664076264907788	-23.78107650988144	1.0
ORTHO009684	1	0.7664228025949412	-20.94903622006434	1.0
ORTHO009329	1	0.7664463802652801	-21.11695637292052	1.0
ORTHO009557	1	0.7664967448652826	-21.571439299838286	1.0
ORTHO009577	1	0.7665280197349663	-21.37569038049089	1.0
ORTHO008525	1	0.7665488531820055	-22.886849593179345	1.0
ORTHO001913_1	1	0.7665951803353065	-24.823362572770296	1.0
ORTHO003108	1	0.7665991367238216	-25.946047258924114	1.0
ORTHO009484	1	0.7666026318521718	-23.58976874165838	1.0
ORTHO009416	1	0.7666390900802811	-21.527464818657077	1.0
ORTHO008502	1	0.7666546144453923	-21.637522531283874	1.0
ORTHO008394	1	0.7667501994155719	-21.123240685892416	1.0
ORTHO005495	1	0.766757175572666	-23.717093781566916	1.0
ORTHO009538	1	0.7668001543282273	-20.808096615394486	1.0
ORTHO009539	1	0.7668001543282273	-20.808096615394486	1.0
ORTHO009540	1	0.7668001543282273	-20.808096615394486	1.0
ORTHO009550	1	0.7668001543282273	-20.808096615394486	1.0
ORTHO009561	1	0.7668001543282273	-20.808096615394486	1.0
ORTHO009571	1	0.7668001543282273	-20.808096615394486	1.0
ORTHO009584	1	0.7668001543282273	-20.808096615394486	1.0
ORTHO009609	1	0.7668001543282273	-20.808096615394486	1.0
ORTHO009612	1	0.7668001543282273	-20.808096615394486	1.0
ORTHO009623	1	0.7668001543282273	-20.808096615394486	1.0
ORTHO009631	1	0.7668001543282273	-20.808096615394486	1.0
ORTHO007334	1	0.7668056074603757	-21.386710976819767	1.0
ORTHO008244	1	0.7668206417602613	-20.977659804294618	1.0
ORTHO008165	1	0.7668254617994312	-22.03017581096815	1.0
ORTHO009457	1	0.7668275713248521	-21.92398071836032	1.0
ORTHO009578	1	0.7668918476752778	-21.588609542361823	1.0
ORTHO009608	1	0.7669106837996345	-21.272107917601495	1.0
ORTHO009664	1	0.7669106837996345	-21.272107917601495	1.0
ORTHO002242	1	0.7669178171346049	-25.003927141071042	1.0
ORTHO000371	2	0.7669772815225153	-32.69760401364919	1.0
ORTHO009452	1	0.7669884900741883	-22.27157872074109	1.0
ORTHO009570	1	0.7670108495736825	-21.5187381649375	1.0
ORTHO007061	1	0.7670784162039351	-22.02502871231964	1.0
ORTHO008289	1	0.7670830245535143	-22.275309321616625	1.0
ORTHO003061	1	0.767112995184609	-24.169816237010078	1.0
ORTHO007339	1	0.7671253911562673	-21.536082106022437	1.0
ORTHO009381	1	0.7671286741850911	-22.49848714725159	1.0
ORTHO009512	1	0.7671344233999392	-23.347020198933567	1.0
ORTHO007059	1	0.7671348204141075	-21.20833435444323	1.0
ORTHO001473	1	0.7671552028922228	-26.74713244995728	1.0
ORTHO007259	1	0.7671678568150805	-22.518212406538034	1.0
ORTHO007022	1	0.767188104178569	-22.79908928672686	1.0
ORTHO004229	1	0.7671960306492792	-25.38393914691228	1.0
ORTHO004486	1	0.7672690735530006	-23.268692888456822	1.0
ORTHO007714	1	0.767291670606876	-22.210445972109394	1.0
ORTHO008091	1	0.7673215960722156	-21.154182191201915	1.0
ORTHO009312	1	0.7673234216212385	-21.407552070092223	1.0
ORTHO007532	1	0.7673324881356385	-26.69330788184822	1.0
ORTHO009562	1	0.7673642801117407	-21.678446892994632	1.0
ORTHO007772	1	0.7673752527199995	-23.325690566896697	1.0
ORTHO009341	1	0.7673827408231719	-21.744966930068795	1.0
ORTHO009404	1	0.7673827408231719	-21.744966930068795	1.0
ORTHO009373	1	0.7674223557506008	-22.54326646471457	1.0
ORTHO009202	1	0.7674760946103621	-22.562823598411896	1.0
ORTHO009459	1	0.7674803281812888	-22.52891448830008	1.0
ORTHO002418_1	1	0.7675155927989985	-22.34996320044691	1.0
ORTHO008106	1	0.767573097729172	-22.11142537475167	1.0
ORTHO003998	1	0.7676013953684894	-23.2885579458177	1.0
ORTHO009347	1	0.7677115252449657	-23.537885880896845	1.0
ORTHO009207	1	0.7677354705024171	-21.9713386813751	1.0
ORTHO009467	1	0.7677547579584374	-21.957939645870724	1.0
ORTHO004690	1	0.7679098978451185	-23.531544822870618	1.0
ORTHO009293	1	0.7679138391067237	-22.945584227268366	1.0
ORTHO008546	1	0.7679394440844978	-22.27481677572281	1.0
ORTHO000435_2	1	0.7679699416657915	-23.014319286026506	1.0
ORTHO002436	1	0.7680368390655795	-26.01028398805824	1.0
ORTHO008052	1	0.7681142551298971	-21.083353702960054	1.0
ORTHO002038	1	0.7681776938322161	-25.221285388997075	1.0
ORTHO000256_1	1	0.7681872047169556	-21.264852598996697	1.0
ORTHO009480	1	0.7681872047169556	-21.264852598996697	1.0
ORTHO003681	1	0.7682372259613678	-23.57581588924977	1.0
ORTHO001884	2	0.7682862313499419	-23.44161432874124	1.0
ORTHO008237	1	0.768301900642834	-21.169743462295706	1.0
ORTHO009181	1	0.7683275566989913	-23.331284402704252	1.0
ORTHO007492	1	0.7683387617073936	-21.81401846218148	1.0
ORTHO001653_2	1	0.7683419673748373	-22.503718127104083	1.0
ORTHO009560	1	0.7684024326734966	-21.768126694869324	1.0
ORTHO008447	1	0.7684129955941686	-22.03774484337086	1.0
ORTHO009339	1	0.7684161682070122	-22.981782594234723	1.0
ORTHO003758	1	0.7684416139085435	-23.559841798457448	1.0
ORTHO007376	1	0.7684643052354861	-21.87362956300077	1.0
ORTHO008265	1	0.7684989585455987	-21.60996182224483	1.0
ORTHO008326	1	0.7685037201027323	-21.902234353869307	1.0
ORTHO009544	1	0.7685251155033856	-21.520460975346097	1.0
ORTHO007033	1	0.7685580088069541	-21.23328737616722	1.0
ORTHO000806_2	1	0.7685754739458268	-21.750745135512418	1.0
ORTHO008113	1	0.7685776662186804	-22.760134860978823	1.0
ORTHO005097	1	0.7686094421413184	-22.190070427048376	1.0
ORTHO006344	1	0.7686473913570703	-21.789681348847935	1.0
ORTHO007133	1	0.7686916373503747	-22.028537544049176	1.0
ORTHO008473	1	0.7687122743552007	-21.878269596285076	1.0
ORTHO009420	1	0.7687163140843992	-22.790605588831532	1.0
ORTHO007869	1	0.7687300510732008	-21.654602357629155	1.0
ORTHO009313	1	0.7688080800850029	-22.28540668032135	1.0
ORTHO007025	1	0.7688320085287004	-23.507000077406975	1.0
ORTHO009572	1	0.7688963635653677	-21.733374149001442	1.0
ORTHO009434	1	0.7689149811583657	-22.660029767358605	1.0
ORTHO009614	1	0.7689167495059819	-21.489738865491823	1.0
ORTHO008299	1	0.768940667001471	-21.773465637243355	1.0
ORTHO008442	1	0.7689924117581638	-22.15058040305014	1.0
ORTHO006737	1	0.7690020891748865	-22.92179988614149	1.0
ORTHO007854	1	0.769010562912058	-21.50197357608382	1.0
ORTHO009342	1	0.7690321699363898	-23.000872277828798	1.0
ORTHO008433	1	0.769048352917187	-21.86122524286695	1.0
ORTHO009463	1	0.7690589562495148	-25.34169539770055	1.0
ORTHO008758	1	0.7690639330501269	-21.970008483776155	1.0
ORTHO001290	1	0.7690646938288133	-27.88907660565678	1.0
ORTHO007104	1	0.7690687513750202	-22.396547036642996	1.0
ORTHO003941	1	0.7690700009192313	-23.161063462838438	1.0
ORTHO006316	1	0.7690828028136926	-21.66021861351489	1.0
ORTHO006910	1	0.7691192990330699	-23.06229218200955	1.0
ORTHO008911	1	0.7691813631917114	-21.595535359846433	1.0
ORTHO005725	1	0.7692149937824402	-24.3334682551536	1.0
ORTHO007635	1	0.7692733332647358	-21.955677329577483	1.0
ORTHO005540	1	0.7692779563653814	-23.191532278861942	1.0
ORTHO005187	1	0.7692966563511775	-24.443443757663996	1.0
ORTHO008356	1	0.7693260250089722	-21.371258961246678	1.0
ORTHO009671	1	0.7693358191873064	-21.106898595333337	1.0
ORTHO008122	1	0.7693952330600548	-23.078638977244047	1.0
ORTHO009641	1	0.7694533364857564	-24.970628136230317	1.0
ORTHO009593	1	0.7695135891510533	-22.015257801473748	1.0
ORTHO008213	1	0.7695902912542946	-22.61768323270923	1.0
ORTHO001306	1	0.7696227346793759	-26.251965224928075	1.0
ORTHO000547_1	1	0.7697711346941156	-27.322277110673042	1.0
ORTHO009327	1	0.76978395049468	-23.139720029263383	1.0
ORTHO005102	1	0.7697962718803455	-27.03047836442064	1.0
ORTHO004675	1	0.7698338606584562	-23.470599621536927	1.0
ORTHO005579	1	0.7698438126540442	-25.37444734433669	1.0
ORTHO008531	1	0.7699599556038265	-21.54558277712848	1.0
ORTHO008190	1	0.7699828990016491	-22.735393887652684	1.0
ORTHO005294	1	0.7700133400241641	-24.312549346003934	1.0
ORTHO008953	1	0.7700399435488391	-22.293454662534852	1.0
ORTHO008120	1	0.7700502628804925	-21.852088333177598	1.0
ORTHO004621	1	0.7700806183532932	-26.722977933957043	1.0
ORTHO004248	2	0.7701094632021782	-26.384551994583692	1.0
ORTHO004740	1	0.7701235315996842	-24.68078918546643	1.0
ORTHO007154	1	0.7701514969836626	-21.678279374579585	1.0
ORTHO008338	1	0.7701593035535753	-24.155308376938564	1.0
ORTHO006574	1	0.770160587651371	-22.622549019924683	1.0
ORTHO008420	1	0.7702345447378143	-22.997760450700838	1.0
ORTHO008455	1	0.770245843066072	-21.929155304429052	1.0
ORTHO005337	1	0.7702985502033286	-23.434166034051085	1.0
ORTHO008158	1	0.770344563305128	-22.048193258257513	1.0
ORTHO008560	1	0.7703848803013609	-21.23562852026793	1.0
ORTHO000644	1	0.7704008277784793	-29.898530793024587	1.0
ORTHO009185	1	0.7704210512242998	-23.980949586760726	1.0
ORTHO005791	1	0.7704264777183958	-24.336231845473332	1.0
ORTHO006827	1	0.7704410162334283	-22.759911665572844	1.0
ORTHO007398	1	0.7704513245436728	-22.14481296651516	1.0
ORTHO005629	1	0.7704900615177909	-22.10148066320139	1.0
ORTHO000318_3	1	0.7705184847230833	-22.89909695347859	1.0
ORTHO009350	1	0.7705331705182601	-22.84290219592495	1.0
ORTHO009576	1	0.7705425274515149	-21.536169469443653	1.0
ORTHO006309	1	0.7705549652647213	-21.6404674954445	1.0
ORTHO003573	1	0.7705712492030556	-23.848359515607292	1.0
ORTHO009586	1	0.7705876277717605	-22.478692580291558	1.0
ORTHO006917	1	0.7706617563733376	-23.232878999322295	1.0
ORTHO008101	1	0.7706743816944768	-22.331720849853888	1.0
ORTHO008306	1	0.7706759106226801	-21.410982561447984	1.0
ORTHO005123	1	0.7706963604267284	-22.077010848906294	1.0
ORTHO003958	1	0.7707041545456517	-23.593694361744042	1.0
ORTHO008297	1	0.770709322283092	-21.05439304298425	1.0
ORTHO008410	1	0.7707094751863018	-22.128096636741134	1.0
ORTHO008142	1	0.7707103359256857	-22.45339586927083	1.0
ORTHO007702	1	0.770726043088479	-21.42007322187334	1.0
ORTHO007190	1	0.7707389461580204	-22.90776730797496	1.0
ORTHO001586	2	0.7707767167216504	-27.32300846245073	1.0
ORTHO009507	1	0.7708300792251871	-21.91974114762816	1.0
ORTHO007210	1	0.7709337312115874	-21.871332618523954	1.0
ORTHO006108	1	0.7709612281438107	-21.574878938280033	1.0
ORTHO009427	1	0.770996653113732	-23.216940193344065	1.0
ORTHO007274	1	0.7710065948958934	-22.16681949108576	1.0
ORTHO007340	1	0.771024802604458	-21.453172431151597	1.0
ORTHO006471	1	0.7710715145824962	-25.06642801479808	1.0
ORTHO005568	1	0.7712666925832826	-22.029253453626822	1.0
ORTHO006841	1	0.7713196903439291	-24.634528087250324	1.0
ORTHO007601	1	0.7713427508341485	-20.869435856248565	1.0
ORTHO007043	1	0.7713448746153866	-23.409156565903494	1.0
ORTHO009473	1	0.7713453557797463	-23.466954445398887	1.0
ORTHO008286	1	0.7714053768174695	-22.705825987923884	1.0
ORTHO007450	1	0.771472670001585	-22.09658565371387	1.0
ORTHO005377	1	0.7714762663765444	-21.665833917759723	1.0
ORTHO006262	1	0.7715151908107873	-23.58478412930764	1.0
ORTHO007386	1	0.771535997868128	-22.161527505434574	1.0
ORTHO009595	1	0.7715572741450104	-22.13909251781962	1.0
ORTHO008483	1	0.7715621174530481	-22.917845420462672	1.0
ORTHO009321	1	0.7715920586193203	-22.299906712797426	1.0
ORTHO007007	1	0.771627084654044	-23.715528316646942	1.0
ORTHO009376	1	0.7717067340049157	-23.745757041527565	1.0
ORTHO008000	1	0.7717144654713204	-22.926907371750048	1.0
ORTHO009218	1	0.7717294937019576	-22.923055895657612	1.0
ORTHO002839	1	0.7717418423503892	-24.836828761233992	1.0
ORTHO004494	1	0.7717548121920598	-26.029188745817503	1.0
ORTHO007266	1	0.7717595417182374	-22.19392614786534	1.0
ORTHO008310	1	0.7718813286111574	-22.840119381976795	1.0
ORTHO008107	1	0.7719089987154869	-22.521869633369057	1.0
ORTHO006442	1	0.7719343033015442	-21.965890686250734	1.0
ORTHO008383	1	0.77193772839688	-23.319806931149795	1.0
ORTHO008110	1	0.7719459142609225	-22.862923724650283	1.0
ORTHO009546	1	0.7719685454849435	-21.699528691162996	1.0
ORTHO006389	1	0.7719979228175593	-21.64827811359737	1.0
ORTHO006121	1	0.772264318511616	-21.562098868299156	1.0
ORTHO002003	1	0.7723126504815215	-25.73781738188685	1.0
ORTHO007368	1	0.7724586880915022	-21.595329918802786	1.0
ORTHO005055	1	0.7724919985213842	-21.435793270964215	1.0
ORTHO005851	1	0.772494375830073	-22.70453880268945	1.0
ORTHO004585	1	0.7725321189754851	-22.828296818234357	1.0
ORTHO004497	1	0.7725581851952582	-24.456640950755364	1.0
ORTHO005013	1	0.772578043148367	-22.382886645336168	1.0
ORTHO008283	1	0.772599317336708	-21.995610951635825	1.0
ORTHO005656	1	0.7726048618717725	-23.793089577169216	1.0
ORTHO006820	1	0.7726561201726847	-23.17966878726391	1.0
ORTHO009565	1	0.7727010575207882	-21.81445997481426	1.0
ORTHO007872	1	0.7727106289854639	-22.5190757827617	1.0
ORTHO009665	1	0.7727492845887493	-21.825536692506635	1.0
ORTHO005110	1	0.7728351281956064	-24.11534641825377	1.0
ORTHO001248	1	0.772864527532137	-27.656211725940445	1.0
ORTHO005807	1	0.7729336417729665	-24.566879531923224	1.0
ORTHO007941	1	0.7729659652072236	-23.84843695562079	1.0
ORTHO005331	1	0.7730353325409929	-25.242663980669466	1.0
ORTHO009488	1	0.7730428615143605	-22.320393494847625	1.0
ORTHO002556	1	0.7730761941610583	-25.01025661922397	1.0
ORTHO004002	1	0.7731360442347559	-25.372897128104714	1.0
ORTHO009638	1	0.7733696845339536	-23.387223559080066	1.0
ORTHO002577	1	0.7734215302887969	-27.062745672295762	1.0
ORTHO009298	1	0.7734589800584099	-24.655775711842242	1.0
ORTHO009483	1	0.7734954177298482	-24.28690358695941	1.0
ORTHO002810	2	0.7736562837657933	-25.376423944526085	1.0
ORTHO007653	1	0.7737409757759873	-22.216723239802796	1.0
ORTHO007276	1	0.7737864086503803	-22.410790491052264	1.0
ORTHO005200	1	0.7738420763806432	-24.1707502448414	1.0
ORTHO001611	1	0.7738516532634512	-26.38230653325978	1.0
ORTHO000841	1	0.77386763774739	-30.70960040045247	1.0
ORTHO007509	1	0.7738904734138198	-21.81769556111572	1.0
ORTHO001009_2	1	0.7739567957205694	-22.252603500105764	1.0
ORTHO004443	1	0.7740351232936854	-25.513574057799644	1.0
ORTHO008391	1	0.7740736744555982	-22.359877708504847	1.0
ORTHO009020	1	0.7740840381720795	-22.099202297830818	1.0
ORTHO009624	1	0.7740887470712705	-22.97702997549715	1.0
ORTHO009383	1	0.7741131403347173	-23.64020794729663	1.0
ORTHO004468	2	0.7741696705640121	-25.031181524602754	1.0
ORTHO009510	1	0.774175588303136	-22.93345158180553	1.0
ORTHO007238	1	0.7742906109602394	-23.195707434559093	1.0
ORTHO003922	1	0.7743157607791414	-22.286803816935468	1.0
ORTHO002968	1	0.774352225226347	-23.15590858230807	1.0
ORTHO007703	1	0.7743590147191671	-23.13319098038561	1.0
ORTHO009579	1	0.774401834672941	-22.50783747579126	1.0
ORTHO009453	1	0.7744286698713003	-23.56063224254764	1.0
ORTHO007467	1	0.7744898535989168	-22.66353969488351	1.0
ORTHO003074	1	0.7745339254740479	-26.117181272717193	1.0
ORTHO004330	1	0.7745768572003091	-23.46516439172922	1.0
ORTHO005687	1	0.7745910471383654	-22.350716413081905	1.0
ORTHO009633	1	0.7746073268555929	-23.30345795679025	1.0
ORTHO008348	1	0.7746747314398513	-22.367226473631693	1.0
ORTHO008239	1	0.7746754820368947	-22.12525350066374	1.0
ORTHO009681	1	0.7747953372075306	-21.83909288787758	1.0
ORTHO007378	1	0.7748381866087699	-23.241278070780567	1.0
ORTHO004474	1	0.774845023837556	-24.174747322269347	1.0
ORTHO002274	1	0.7749483583603652	-24.9532545323678	1.0
ORTHO005408	1	0.7749739363501443	-23.109969791626376	1.0
ORTHO007161	1	0.7750103052485069	-23.882668519551192	1.0
ORTHO002012	1	0.7750490957588394	-26.46042348562109	1.0
ORTHO008875	1	0.7750579793096408	-22.59793201487711	1.0
ORTHO003333	1	0.7751546725509196	-24.02546537521779	1.0
ORTHO006702	1	0.7751808285161985	-24.117833807474266	1.0
ORTHO006691	1	0.7752046253784837	-23.82293853845801	1.0
ORTHO004750	1	0.7752055603509208	-22.88503269239212	1.0
ORTHO007177	1	0.775221083561474	-23.713206155145155	1.0
ORTHO007108	1	0.7752336930594693	-22.52131805580581	1.0
ORTHO001205	2	0.7754544376921854	-27.33284752086276	1.0
ORTHO009399	1	0.7755417008663704	-22.968402336366015	1.0
ORTHO009413	1	0.7755881375363547	-22.19819644520682	1.0
ORTHO005300	1	0.7756008659136484	-22.76252567573639	1.0
ORTHO007401	1	0.775632180631313	-21.929813209491638	1.0
ORTHO003136	1	0.7756786551024327	-24.11180105661952	1.0
ORTHO009338	1	0.7757082553847396	-23.336695122868512	1.0
ORTHO007660	1	0.7757665926776975	-23.448695649234097	1.0
ORTHO003987	1	0.7758538474749525	-24.264016681107908	1.0
ORTHO001974_1	1	0.7758852295169749	-23.053491522851058	1.0
ORTHO005514	1	0.7758877642006007	-23.659362954560944	1.0
ORTHO002599	1	0.7759856121188825	-24.869436627453208	1.0
ORTHO005949	1	0.7760043265519231	-23.412372577741166	1.0
ORTHO004520	1	0.7760395907728099	-24.20244676497879	1.0
ORTHO004695	1	0.7760718516859368	-25.013575740951985	1.0
ORTHO005802	1	0.7760795593087593	-22.701988332839285	1.0
ORTHO006911	1	0.7762326355392094	-23.993481452052155	1.0
ORTHO001601	2	0.7763717585605103	-25.877237816577665	1.0
ORTHO007893	1	0.7764200829575252	-24.273838751227235	1.0
ORTHO009503	1	0.7764393580196361	-22.783065329204806	1.0
ORTHO004411	1	0.7767206682470341	-22.744277885162536	1.0
ORTHO006319	1	0.7769372093091619	-26.19933409690468	1.0
ORTHO000863	2	0.776943739336294	-28.246275935943455	1.0
ORTHO006095	1	0.7769891103310083	-22.95756755317213	1.0
ORTHO007391	1	0.7770724730239341	-22.971587586811008	1.0
ORTHO006999	1	0.7770732038823376	-22.399423444007994	1.0
ORTHO001705	1	0.7771635177358089	-27.944599075321925	1.0
ORTHO008272	1	0.7771668628411821	-22.456523126460002	1.0
ORTHO008360	1	0.7771756205580203	-26.14696917557549	1.0
ORTHO005969	1	0.7771836779751082	-22.305430027542375	1.0
ORTHO006924	1	0.7773151802102994	-21.361465289042368	1.0
ORTHO006135	1	0.7773281181743971	-26.272581374437852	1.0
ORTHO007640	1	0.7774464902409237	-23.69057391870878	1.0
ORTHO008060	1	0.7774489767257451	-22.160487412259283	1.0
ORTHO004317	1	0.7774610955335713	-26.084672271753	1.0
ORTHO005799	1	0.7774675394328773	-23.67540610159295	1.0
ORTHO005451	1	0.7775370893681522	-23.545662948669385	1.0
ORTHO009667	1	0.7775637841199783	-25.05977900051084	1.0
ORTHO008523	1	0.7775962917495421	-23.752679782130162	1.0
ORTHO003096	2	0.7776125697096842	-23.900800003957027	1.0
ORTHO003624	1	0.7776242364745706	-22.869076258763435	1.0
ORTHO001944	1	0.7777733232283472	-24.65451602279662	1.0
ORTHO002251	1	0.7777737998365168	-24.66401340859931	1.0
ORTHO005147	2	0.7778217098111686	-21.645571395430974	1.0
ORTHO006976	1	0.7779290097428596	-22.76442769627713	1.0
ORTHO007946	1	0.7780251342704682	-21.88245842279305	1.0
ORTHO006201	1	0.778046871223255	-21.342308423646497	1.0
ORTHO001602	1	0.7780697259605167	-26.906513558140514	1.0
ORTHO001890	1	0.7780744823901199	-27.368529198507552	1.0
ORTHO006912	1	0.7782489206208631	-21.866264946119635	1.0
ORTHO002386	1	0.778285920556762	-26.41645690320229	1.0
ORTHO004215	1	0.7783583469807382	-24.690257489207188	1.0
ORTHO007915	1	0.7783704899751415	-22.182100867854068	1.0
ORTHO002526	1	0.7785279353754441	-25.496860815945073	1.0
ORTHO007417	1	0.7786348447024888	-22.939586836736858	1.0
ORTHO004732	1	0.778687981317221	-23.462403513284137	1.0
ORTHO001582	2	0.7787082760853575	-26.246662897242096	1.0
ORTHO007114	1	0.7787257608026832	-23.407393063891703	1.0
ORTHO002133	1	0.7787787561630579	-25.719018821464104	1.0
ORTHO007491	1	0.7787865405837634	-26.645202878691467	1.0
ORTHO006668	1	0.7787923806889121	-22.363669452982418	1.0
ORTHO009670	1	0.7789875127423153	-22.698378728973	1.0
ORTHO001633	1	0.7790283315163455	-26.942804123275945	1.0
ORTHO001113	1	0.7792765317864906	-28.827244732551645	1.0
ORTHO003262	1	0.7792824758727644	-25.916591931264698	1.0
ORTHO002897	1	0.7793310988824941	-24.510608377063857	1.0
ORTHO007411	1	0.7793756004012198	-22.964863066922632	1.0
ORTHO007105	1	0.7794460723925904	-22.461141404139376	1.0
ORTHO009019	1	0.7794543468587888	-21.704811485771476	1.0
ORTHO000565_1	2	0.7796620865435173	-28.786102536416966	1.0
ORTHO005457	1	0.7796951845186985	-23.048274341957534	1.0
ORTHO005026	1	0.7797429874179028	-23.704397887883562	1.0
ORTHO007332	1	0.7797952591100785	-23.679960706519584	1.0
ORTHO005988	1	0.7800117729842553	-24.730455291384832	1.0
ORTHO006198	1	0.7800465051930223	-23.69575120288994	1.0
ORTHO007002	1	0.7801000950263094	-24.00270924808485	1.0
ORTHO003777	1	0.7803255213830551	-23.63111382694751	1.0
ORTHO005125	1	0.7804311112714578	-24.40395262540826	1.0
ORTHO005329	1	0.7805538434090098	-22.68015993132425	1.0
ORTHO005964	1	0.7805672617717689	-22.179677306670957	1.0
ORTHO002005	2	0.7805914484327575	-24.926533671075248	1.0
ORTHO006508	1	0.78075215021762	-24.878243277567233	1.0
ORTHO006073	1	0.7808788108310627	-23.34082675792434	1.0
ORTHO006227	1	0.7809596468806363	-23.8469512344811	1.0
ORTHO000488_1	1	0.7811102576501645	-25.991626927655712	1.0
ORTHO005505	1	0.7812494801404651	-22.962516286920458	1.0
ORTHO005621	1	0.7812595728552624	-24.57617260507535	1.0
ORTHO001665	2	0.7813295799972722	-25.99098473248115	1.0
ORTHO004554	1	0.7814871144817117	-24.3377388887819	1.0
ORTHO002414	1	0.7817152889336483	-28.716796656083435	1.0
ORTHO006340	1	0.7817249039400345	-23.692868702608756	1.0
ORTHO006845	1	0.7817607578944473	-23.061993416689774	1.0
ORTHO003692	1	0.7817759863572042	-26.189366865106305	1.0
ORTHO006817	1	0.7817959034881165	-22.892931722265775	1.0
ORTHO001196	1	0.7819008711020794	-27.231212585508352	1.0
ORTHO005058	1	0.7821937178387709	-23.599131789059545	1.0
ORTHO003587	1	0.782228496608287	-27.54977962017699	1.0
ORTHO007951	1	0.7822737544575921	-21.36277783377684	1.0
ORTHO009079	1	0.7824345674912224	-23.70651869561136	1.0
ORTHO005352	1	0.782485754542437	-21.681165738416123	1.0
ORTHO002664	1	0.7825476979835297	-23.122339238330856	1.0
ORTHO006798	1	0.7826245110154714	-22.232223280004575	1.0
ORTHO006204	1	0.7827269697697992	-24.606257273159354	1.0
ORTHO001435	1	0.7827423364561054	-26.573395874976192	1.0
ORTHO005461	1	0.7827517326097251	-21.444017357404867	1.0
ORTHO001117	2	0.7828033349604588	-28.715452804602343	1.0
ORTHO001485	2	0.7828582485762987	-26.9026836790537	1.0
ORTHO001666_1	1	0.7829238517905536	-23.42330670747123	1.0
ORTHO003558	1	0.7830507605322656	-25.52342762966864	1.0
ORTHO005772	1	0.7831139558696446	-23.828474684237797	1.0
ORTHO005557	1	0.7831707795738185	-22.788642575682807	1.0
ORTHO001071	1	0.7833576977843306	-26.507479976193245	1.0
ORTHO004457	1	0.7834455798483073	-22.37204899211741	1.0
ORTHO008384	1	0.7835197588018133	-25.058494762372508	1.0
ORTHO001219_1	1	0.7835541548008773	-22.530898913956868	1.0
ORTHO006317	1	0.7836056886835275	-23.615454647038288	1.0
ORTHO004096	1	0.7836492984220215	-23.820543928094388	1.0
ORTHO008013	1	0.7836556390268955	-22.67555627834772	1.0
ORTHO000744	2	0.7837222356920563	-29.72673051883139	1.0
ORTHO007191	1	0.7838856284622833	-23.661543677697875	1.0
ORTHO007310	1	0.7839762327509524	-23.607655026536264	1.0
ORTHO002529	1	0.7839879982727953	-24.321499100381267	1.0
ORTHO004978	1	0.7840815882333919	-22.719638570482264	1.0
ORTHO006398	1	0.7841715241697608	-23.246092079456922	1.0
ORTHO006981	1	0.784255716527417	-22.928062842343195	1.0
ORTHO005342	1	0.7842813240455233	-25.262961180591816	1.0
ORTHO007795	1	0.7842928275926895	-24.831764719055165	1.0
ORTHO005232	1	0.7843342748091611	-23.535477036244245	1.0
ORTHO004291	1	0.784417608439457	-23.026142460695457	1.0
ORTHO004129	1	0.7845193950286132	-22.80865627256941	1.0
ORTHO005887	1	0.784545927577207	-23.479918764502298	1.0
ORTHO007122	1	0.7845516373593974	-22.33536020021768	1.0
ORTHO008541	1	0.7846495262434288	-23.91195383092126	1.0
ORTHO007711	1	0.7847364210884042	-23.170818038072692	1.0
ORTHO001798	1	0.7847406326514377	-25.135500317479778	1.0
ORTHO004865	1	0.7847756683639576	-23.25170662954957	1.0
ORTHO001946	1	0.7849054802430865	-26.579610739275342	1.0
ORTHO003920	1	0.7849359059973867	-23.578497412669975	1.0
ORTHO001921	1	0.7850105692528169	-27.5124538743868	1.0
ORTHO005673	1	0.7850127499658754	-25.426930204367522	1.0
ORTHO004187	1	0.7850639367390969	-23.25998610736616	1.0
ORTHO004029	1	0.7851218204372888	-24.858836019295715	1.0
ORTHO008184	1	0.7851376660191115	-21.805209169347087	1.0
ORTHO002341	1	0.7851731280610004	-25.09010086615135	1.0
ORTHO008943	2	0.7853240525437651	-23.212489553029755	1.0
ORTHO001692	1	0.7853405224511392	-27.136012451127698	1.0
ORTHO000314_3	1	0.7853693421825797	-24.278619717642705	1.0
ORTHO005250	2	0.7853824475229756	-21.00533212719028	1.0
ORTHO006591	1	0.7854160836990726	-24.553384864394122	1.0
ORTHO000645_2	1	0.7854430132349444	-27.94669596605013	1.0
ORTHO003666	2	0.7855058827614365	-25.204204951914086	1.0
ORTHO008912	2	0.7855591456185772	-22.74842082890477	1.0
ORTHO005046	1	0.7855617092623384	-22.016457257108257	1.0
ORTHO008935	1	0.7856153715969748	-24.051056387098328	1.0
ORTHO008794	1	0.7856452201090414	-23.2427288492088	1.0
ORTHO003270	1	0.785770990440269	-23.455258079139266	1.0
ORTHO000793	1	0.7861664285033341	-28.85001644668299	1.0
ORTHO005834	1	0.7862862768408587	-24.763577831284614	1.0
ORTHO006512	1	0.7863117255782169	-22.570877536160317	1.0
ORTHO003099	1	0.786317622196944	-24.030398899366425	1.0
ORTHO001530	1	0.7865958077126444	-28.53442385438825	1.0
ORTHO009000	1	0.7866187449854009	-22.006967424911867	1.0
ORTHO000925_2	1	0.7866211405135034	-23.98763979703205	1.0
ORTHO007472	1	0.7866244726751629	-23.166211054007494	1.0
ORTHO005267	1	0.7866784149378702	-22.427722846820416	1.0
ORTHO005092	1	0.7866845235796716	-24.73918408828802	1.0
ORTHO002770	1	0.7867010131771006	-25.015376264657824	1.0
ORTHO005769	1	0.7867566665621918	-23.198606400105202	1.0
ORTHO004182	1	0.7868478405310977	-24.531809544702686	1.0
ORTHO003291	1	0.7869124461925647	-25.46359344616456	1.0
ORTHO004305	1	0.7869510588721691	-24.171178062355676	1.0
ORTHO006597	1	0.7870309960980016	-26.0209142811962	1.0
ORTHO007012	2	0.7870786397183813	-22.72289430448908	1.0
ORTHO005619	1	0.7872559008079109	-23.327605854116953	1.0
ORTHO006055	1	0.7874064263068051	-21.34940543549629	1.0
ORTHO005467	1	0.7878413896929959	-24.731752615446567	1.0
ORTHO008913	1	0.7881167358696485	-23.196345006185517	1.0
ORTHO004581	1	0.7882898720063184	-21.968188478921107	1.0
ORTHO008287	1	0.788384149354972	-23.24596075345586	1.0
ORTHO004541	1	0.7885357112325982	-23.91099565943834	1.0
ORTHO008089	1	0.7886193599142441	-22.324309441674018	1.0
ORTHO006953	1	0.7886615976109913	-24.311795872276626	1.0
ORTHO003253	1	0.7886915331602216	-25.014068290774052	1.0
ORTHO005563	1	0.788699011338145	-22.832661269957867	1.0
ORTHO005389	1	0.7887285787977838	-22.33578305116096	1.0
ORTHO002668	1	0.7887498953220013	-26.980826164651265	1.0
ORTHO001425	1	0.7888853298569329	-29.480447898434832	1.0
ORTHO002332	1	0.7889860666098396	-25.2840533195053	1.0
ORTHO003211	1	0.7890986360177936	-24.752886906821097	1.0
ORTHO004450	2	0.7891304703231093	-23.760199732137043	1.0
ORTHO007312	1	0.7891334652594855	-23.053634737000475	1.0
ORTHO005576	1	0.7891981590407116	-24.89442737048554	1.0
ORTHO007650	1	0.7892600437633162	-24.064230458203557	1.0
ORTHO008041	1	0.7894944714054429	-24.048681157308483	1.0
ORTHO006955	1	0.7896812202181542	-25.612089683478295	1.0
ORTHO008257	1	0.789930326591982	-23.61987074792181	1.0
ORTHO007132	1	0.7899457236855659	-22.874368272496802	1.0
ORTHO007664	1	0.7899662038049574	-23.278403598014513	1.0
ORTHO007482	2	0.7901168197703293	-21.495127878654273	1.0
ORTHO003472	1	0.7901522283273026	-24.91909730125525	1.0
ORTHO001881	1	0.790323412636785	-26.24613253663755	1.0
ORTHO007779	1	0.79033450486117	-21.868393558665367	1.0
ORTHO007515	1	0.790365317006459	-22.840488353724655	1.0
ORTHO006355	1	0.7903679768092978	-24.725468480980116	1.0
ORTHO007784	1	0.7904397125095236	-21.685233775223743	1.0
ORTHO005453	1	0.7904477454953336	-24.969390600230845	1.0
ORTHO008511	1	0.7904594185081403	-25.949428401936057	1.0
ORTHO005104	1	0.7905429889801818	-22.877524985084346	1.0
ORTHO008484	1	0.7905669892919485	-22.754020380645297	1.0
ORTHO000671_3	1	0.7905689408838562	-24.46119358664279	1.0
ORTHO005567	1	0.7906651206306032	-23.798640318348422	1.0
ORTHO005504	1	0.790781663142731	-23.85926836641983	1.0
ORTHO006795	1	0.7908484436848076	-22.25237598639431	1.0
ORTHO000392_2	2	0.791088502650493	-23.948373480933522	1.0
ORTHO004155	1	0.7911473719617433	-25.169008039937967	1.0
ORTHO007081	1	0.7911758545236065	-24.571804819651557	1.0
ORTHO002171	1	0.7914633717688455	-26.210859442140315	1.0
ORTHO007977	1	0.7916113807221502	-23.860109947329146	1.0
ORTHO001140	1	0.7919830175043971	-26.898290098586003	1.0
ORTHO007564	1	0.7919898688950767	-22.586679058609	1.0
ORTHO005188	1	0.7920246183358232	-24.71747041315153	1.0
ORTHO008434	1	0.792097257312836	-26.288666786012698	1.0
ORTHO004393	1	0.7921153368241864	-27.396292432117228	1.0
ORTHO000290_1	2	0.7923264770179028	-24.4498713694713	1.0
ORTHO007767	1	0.7923827274687121	-24.170462800780847	1.0
ORTHO006305	1	0.7924448651994304	-22.436706253558988	1.0
ORTHO004999	1	0.7925417982761482	-25.475717331969474	1.0
ORTHO005642	1	0.7925501879156196	-23.868346655373546	1.0
ORTHO004645	1	0.7925657080123562	-24.88061622342952	1.0
ORTHO005981	1	0.7927186216414134	-21.66815429289401	1.0
ORTHO006429	1	0.7927703206015595	-22.228107696076293	1.0
ORTHO004381	2	0.7929755840167757	-23.440162004237997	1.0
ORTHO006608	1	0.7933306106152361	-23.204896987338348	1.0
ORTHO003412	1	0.7933863719370338	-24.93334150633183	1.0
ORTHO006440	1	0.7933922140106691	-23.73973937246847	1.0
ORTHO005841	1	0.7936347571440743	-23.369286951886046	1.0
ORTHO002569	1	0.7938542591785342	-26.481235535533205	1.0
ORTHO003272	1	0.7938951187432838	-23.34578033583304	1.0
ORTHO006232	1	0.7939065950624351	-24.75520669762914	1.0
ORTHO006658	1	0.7939207557116141	-23.905720114512665	1.0
ORTHO007730	1	0.7939299169802195	-21.67974240571528	1.0
ORTHO003275	1	0.7940673103634496	-24.631398952854468	1.0
ORTHO001336	1	0.794107488175489	-27.282163677176676	1.0
ORTHO005254	2	0.7941858423246136	-22.945235907656713	1.0
ORTHO007974	1	0.7942826634732214	-21.696435660976306	1.0
ORTHO006139	1	0.7943605782037219	-26.826905109754318	1.0
ORTHO001454_2	1	0.7944685685633545	-27.16565364283786	1.0
ORTHO000923_1	2	0.7945886477161932	-25.841650409734125	1.0
ORTHO006843	1	0.7946367998806925	-21.31427627763538	1.0
ORTHO006231	1	0.7947484349492399	-23.492426732155394	1.0
ORTHO003933	1	0.7948631968693183	-25.894145707811504	1.0
ORTHO002731	1	0.7949280176784622	-24.597303564318455	1.0
ORTHO002906	2	0.7949447227731242	-24.599363273295534	1.0
ORTHO004102	1	0.7951273166671912	-24.71901414458415	1.0
ORTHO001702	2	0.7951644300255811	-25.533234777930907	1.0
ORTHO007265	1	0.7951781055766243	-26.32822256140078	1.0
ORTHO002714	1	0.7952534909035884	-23.433444343298515	1.0
ORTHO006939	1	0.7952659269418754	-22.112958184419654	1.0
ORTHO003424	1	0.7952893120742532	-25.62880910070293	1.0
ORTHO002985	2	0.795327936649625	-23.90354365472898	1.0
ORTHO005335	1	0.7953789169934122	-24.483197090377875	1.0
ORTHO003859	1	0.7953796901150527	-25.537844052045365	1.0
ORTHO008121	1	0.7953875169583383	-23.680105716566114	1.0
ORTHO002505	2	0.7953918474776196	-26.40304977074161	1.0
ORTHO004843	1	0.7954433993875965	-28.896268275797212	1.0
ORTHO000441_1	1	0.7954602030991514	-24.89401303364729	1.0
ORTHO007961	1	0.7954926090916808	-21.22874605330637	1.0
ORTHO001872_1	1	0.7954930545831231	-25.25997183463247	1.0
ORTHO008247	1	0.7955537532817497	-24.52795275573316	1.0
ORTHO007749	1	0.7955904246836512	-23.196967867069347	1.0
ORTHO004571	2	0.7956172866472562	-22.81302635062689	1.0
ORTHO003972	1	0.7957797558849692	-24.105310525432746	1.0
ORTHO001726	1	0.7957822500708913	-25.63379643290644	1.0
ORTHO004667	1	0.795934909780741	-26.730273057634555	1.0
ORTHO005950	1	0.795935944490356	-22.401106988779535	1.0
ORTHO005647	2	0.7959994172942784	-22.280195314230504	1.0
ORTHO001077	1	0.7960708681683071	-27.998926587431022	1.0
ORTHO001049	1	0.7961287666993199	-29.419676055814744	1.0
ORTHO006694	1	0.796181208327206	-22.501708568833156	1.0
ORTHO007495	1	0.7962607438813253	-22.19046147287747	1.0
ORTHO008227	1	0.7962784479788098	-22.988487924549496	1.0
ORTHO007816	1	0.7962855264748854	-21.408836806475954	1.0
ORTHO007034	1	0.7963195280505109	-23.349669511282997	1.0
ORTHO001654	1	0.7964069148104347	-24.87417368344918	1.0
ORTHO000772	1	0.7965181477534469	-30.454341834168677	1.0
ORTHO001446	2	0.7965511387805438	-26.50185319987533	1.0
ORTHO003899	1	0.7966308516176634	-23.99665503833809	1.0
ORTHO006093	1	0.7967206836685174	-25.302105014797252	1.0
ORTHO003903	1	0.7968313553140013	-22.67815174601611	1.0
ORTHO002596	1	0.7968434268763008	-24.70664969935872	1.0
ORTHO003423	1	0.7969770412690598	-25.077817158080745	1.0
ORTHO007328	1	0.7969854796123658	-21.76613087052998	1.0
ORTHO004320	1	0.7969865482343829	-24.21432842005766	1.0
ORTHO005420	1	0.7969883694302774	-22.32792461959445	1.0
ORTHO005690	1	0.796997509007132	-22.40851038615957	1.0
ORTHO007557	2	0.7969987015124989	-23.06248838001252	1.0
ORTHO006089	1	0.7971107428333175	-25.097495191971976	1.0
ORTHO005860	2	0.7971477684298902	-23.49829165923367	1.0
ORTHO007851	1	0.797192523084656	-21.44426511591644	1.0
ORTHO003112	1	0.7971954029586957	-24.841441590648618	1.0
ORTHO002990	1	0.7972906296262866	-25.566876352999856	1.0
ORTHO005700	1	0.7973985763504939	-25.235251504400438	1.0
ORTHO003805	1	0.7974105835238569	-23.915489111959918	1.0
ORTHO002961	1	0.7974176986728901	-23.111463906024362	1.0
ORTHO008414	1	0.7974637450745222	-23.860761935191157	1.0
ORTHO002075	1	0.7975778222032452	-25.199108209685804	1.0
ORTHO007925	1	0.797600984371615	-23.224762508071915	1.0
ORTHO004604	1	0.7976456230032164	-21.49316131954252	1.0
ORTHO007881	1	0.7976874316093042	-21.928401007808034	1.0
ORTHO007064	1	0.7976878562594973	-22.981743243472376	1.0
ORTHO008199	1	0.7976907956317612	-23.29958669851337	1.0
ORTHO008011	1	0.7977054735258523	-21.38135128682089	1.0
ORTHO006502	1	0.797737400316751	-21.587129754258072	1.0
ORTHO005234	2	0.797801286553293	-23.420034957266747	1.0
ORTHO001714	1	0.7979204042163093	-27.46290507850706	1.0
ORTHO004783	1	0.797987342040694	-27.273141341831078	1.0
ORTHO000319_2	2	0.7981251763005685	-22.671726475488974	1.0
ORTHO003907	1	0.7981454998028876	-26.121548204379124	1.0
ORTHO005226	1	0.7988199893202957	-24.21662918962604	1.0
ORTHO001613	1	0.7988232273535446	-26.856410953064533	1.0
ORTHO000375_2	1	0.7989000514481631	-24.874564091058364	1.0
ORTHO001060_2	2	0.7989744744822305	-23.443086797478085	1.0
ORTHO002382	1	0.7990741001808	-26.18814971203928	1.0
ORTHO006869	1	0.799090471247189	-23.186501346305494	1.0
ORTHO007124	1	0.799174082446333	-25.88793441396427	1.0
ORTHO007953	1	0.7991934609298342	-22.663289985786584	1.0
ORTHO006489	1	0.7992815736580196	-24.404543354444307	1.0
ORTHO002326	1	0.7993368755069606	-26.62064260252481	1.0
ORTHO004148	1	0.7994026503301834	-23.326077538024546	1.0
ORTHO004807	1	0.7994789070919414	-23.24750869941759	1.0
ORTHO007408	1	0.7995607043035667	-22.59852376694838	1.0
ORTHO008435	1	0.799580797388067	-24.97869661000313	1.0
ORTHO002894	1	0.7997488951290631	-25.749174059759856	1.0
ORTHO006493	2	0.7997517008897302	-21.85799706948954	1.0
ORTHO002849	1	0.7998046244538186	-24.62865648893812	1.0
ORTHO006362	1	0.799862378232631	-22.382600990720228	1.0
ORTHO001889	1	0.7999055764314026	-27.42416922613395	1.0
ORTHO005114	1	0.7999117907269564	-23.682208386956983	1.0
ORTHO004160	1	0.8000416376591609	-24.05292470344623	1.0
ORTHO001535_1	1	0.8001034190022586	-26.801037499766373	1.0
ORTHO008870	1	0.8002134490492773	-22.74514648708717	1.0
ORTHO006868	1	0.8003352175488166	-23.626597997558743	1.0
ORTHO006118	1	0.8003410022867856	-23.729475438074733	1.0
ORTHO005958	1	0.8003773255307632	-23.10301818046791	1.0
ORTHO001372	1	0.8004182728195738	-25.526269765782967	1.0
ORTHO004986	1	0.8004427476433177	-23.473426490881995	1.0
ORTHO004683	1	0.800549187226882	-24.782886520082243	1.0
ORTHO002201	1	0.8005500591274377	-26.618880916649786	1.0
ORTHO003622	1	0.8006809076114033	-27.930001493759917	1.0
ORTHO001949	1	0.8007890752533218	-27.797686350900726	1.0
ORTHO008760	1	0.800857840133472	-22.773673866650068	1.0
ORTHO009108	1	0.8009577632696953	-22.10375371420082	1.0
ORTHO007241	1	0.8010240726432405	-22.709722995297533	1.0
ORTHO007465	1	0.8010400503034381	-22.15738037837939	1.0
ORTHO008505	1	0.8010453267161586	-23.72627146958481	1.0
ORTHO006786	1	0.801253672963545	-22.314354936558342	1.0
ORTHO008821	1	0.8012802093784563	-23.572766467116256	1.0
ORTHO004852	1	0.801415152660634	-23.6424478613887	1.0
ORTHO006781	1	0.8014370036949543	-22.077803911079645	1.0
ORTHO007834	1	0.8017021386922583	-24.130012432071762	1.0
ORTHO006770	1	0.801833157344474	-22.23081989702841	1.0
ORTHO004276	1	0.8019423085906247	-23.902529966564757	1.0
ORTHO008482	1	0.8021626623983644	-22.335741723732482	1.0
ORTHO006583	1	0.8023623097531305	-27.35248640687896	1.0
ORTHO004398	1	0.8024379042184455	-24.995478679850653	1.0
ORTHO007260	1	0.8024441940591757	-23.509321138205877	1.0
ORTHO007211	1	0.8026361542615246	-23.677265586137377	1.0
ORTHO004633	1	0.8027266416543292	-22.993375581703678	1.0
ORTHO009110	1	0.8028310077520756	-22.375577619559735	1.0
ORTHO002079	1	0.8028755138643472	-25.655292707586657	1.0
ORTHO001699	2	0.8028877961247549	-27.117151688709427	1.0
ORTHO006759	1	0.8028913622667493	-22.7124819435672	1.0
ORTHO003189	1	0.8030690283853147	-22.52502713290229	1.0
ORTHO008937	1	0.8030755543550082	-24.316714880577127	1.0
ORTHO008565	1	0.8031575822879297	-21.978748072896845	1.0
ORTHO008096	1	0.8032623808130823	-23.489141020229315	1.0
ORTHO008887	1	0.8033944241993933	-21.911310243512073	1.0
ORTHO007776	1	0.8034216704186934	-22.236013931905692	1.0
ORTHO008337	1	0.8035030582637515	-23.148068725053953	1.0
ORTHO004677	1	0.8035141269803567	-24.685681437748027	1.0
ORTHO004877	1	0.803658881378679	-25.308152092189328	1.0
ORTHO008996	1	0.8036645676520776	-22.487428177529555	1.0
ORTHO006441	1	0.8037759114598665	-24.600707894758617	1.0
ORTHO007956	1	0.8037974502678005	-24.611491231395078	1.0
ORTHO008738	1	0.8038479512530036	-21.693024408900826	1.0
ORTHO006287	1	0.8039909809885897	-24.673860803478192	1.0
ORTHO004045	1	0.8041449491039249	-24.0502901779125	1.0
ORTHO005309	1	0.8042722764616749	-24.11051367322837	1.0
ORTHO008757	1	0.8042838794731383	-21.589079771036143	1.0
ORTHO008992	1	0.804373131020574	-21.625298599321766	1.0
ORTHO007731	1	0.8045221911227544	-23.375385641448066	1.0
ORTHO002560	1	0.8045250795514471	-24.74573350245076	1.0
ORTHO004333	1	0.8045368096327237	-24.64189771090243	1.0
ORTHO006708	2	0.8045618828186082	-22.33809398041349	1.0
ORTHO005575	1	0.8047306041545988	-27.11932397371786	1.0
ORTHO007110	1	0.8047776650092406	-22.900242149188717	1.0
ORTHO007969	1	0.8047789219909325	-23.14254699575281	1.0
ORTHO005696	1	0.8047912345817145	-21.375779262052717	1.0
ORTHO008993	1	0.8047972794253676	-22.584048764822814	1.0
ORTHO002126	1	0.8048753550601578	-26.37945578968274	1.0
ORTHO007625	1	0.8051213358842679	-24.359876735645937	1.0
ORTHO009395	1	0.8051222840473753	-25.00912166103844	1.0
ORTHO007998	1	0.8051225447864407	-22.575038698769074	1.0
ORTHO008431	1	0.8051635677320471	-24.116081896843546	1.0
ORTHO006526	1	0.8051903351765258	-21.849117171571166	1.0
ORTHO007057	1	0.8053734170426096	-23.593372329725344	1.0
ORTHO008765	1	0.805390840640636	-22.64532094603261	1.0
ORTHO003737	1	0.8055095335266352	-25.35833116817129	1.0
ORTHO007587	1	0.8055197955510358	-22.808610232088085	1.0
ORTHO006307	1	0.8055247169825935	-25.300277893303463	1.0
ORTHO004923	1	0.805689151632186	-28.752469585488143	1.0
ORTHO009114	1	0.805899570512436	-21.88874084049379	1.0
ORTHO008100	1	0.8059341835820819	-26.033489335076094	1.0
ORTHO003199	1	0.8060489415822989	-25.065300936890555	1.0
ORTHO004648	1	0.8060523863439267	-24.438960610658494	1.0
ORTHO007403	1	0.8060559834984186	-23.115376854060962	1.0
ORTHO006998	1	0.8060560430706778	-22.214714833070204	1.0
ORTHO009619	1	0.8060994445558495	-25.634588556795293	1.0
ORTHO002819	1	0.8061080084190476	-25.836846845814744	1.0
ORTHO002246	1	0.8061165785743278	-27.977556844631568	1.0
ORTHO007697	1	0.8062191602384104	-22.816173985436567	1.0
ORTHO000972	1	0.8063249382637497	-26.934836953090837	1.0
ORTHO000639	3	0.8063354492668124	-30.90645877177313	1.0
ORTHO006992	1	0.8064046986393697	-22.525170305846235	1.0
ORTHO008908	1	0.8065476779299956	-21.756963605173944	1.0
ORTHO005951	1	0.8066045713485089	-23.57120200774835	1.0
ORTHO003325	1	0.8066778060852244	-23.7595555585368	1.0
ORTHO003698	1	0.8067236379179618	-23.922494689021374	1.0
ORTHO005479	1	0.8067977888470383	-23.859148683734198	1.0
ORTHO001392	2	0.8069758197627953	-26.117326110490747	1.0
ORTHO003636	1	0.8070360296909346	-25.17387514701612	1.0
ORTHO007525	1	0.8072500528763983	-22.38799591125456	1.0
ORTHO005726	1	0.8073468573165549	-24.643095123842393	1.0
ORTHO006649	2	0.8073720162157937	-22.41079062372551	1.0
ORTHO007614	1	0.8073829863526187	-24.524146829043495	1.0
ORTHO001265_2	1	0.8073927537935477	-24.346695622478144	1.0
ORTHO003202	1	0.8074159051398291	-24.62946735041565	1.0
ORTHO007494	1	0.8075197279865368	-23.034130187753963	1.0
ORTHO000275_1	1	0.8075296624644406	-31.952790653579903	1.0
ORTHO003213	1	0.8077663530338571	-27.83430853051327	1.0
ORTHO002886	1	0.8078313733576487	-26.680373751924115	1.0
ORTHO004546	1	0.8078396850063191	-22.996198208358738	1.0
ORTHO008664	1	0.8078478712182902	-24.075271610658714	1.0
ORTHO003739	1	0.807916313852259	-23.20384129548246	1.0
ORTHO002178	1	0.8079447760731145	-26.551028038728177	1.0
ORTHO001952	1	0.8079630766500007	-25.029756397315545	1.0
ORTHO008732	1	0.8079929284902824	-23.515386675363658	1.0
ORTHO000477_2	1	0.8079943484651556	-22.54072475770452	1.0
ORTHO008901	1	0.8080186326723076	-23.349204033241268	1.0
ORTHO007992	1	0.8080399426539097	-25.337485687860124	1.0
ORTHO005036	1	0.8080563988426364	-25.670258595501476	1.0
ORTHO007859	1	0.8080668197110988	-23.106930584071687	1.0
ORTHO007882	1	0.808067737859669	-22.815408642350654	1.0
ORTHO006888	1	0.8080858772441075	-22.989910239952234	1.0
ORTHO001648	1	0.808252054153167	-26.561705178231815	1.0
ORTHO006538	1	0.8082613258119017	-25.05266743023538	1.0
ORTHO006558	1	0.8082733294980419	-23.58942177159663	1.0
ORTHO006059	1	0.8082809431593306	-23.816903327311042	1.0
ORTHO005129	1	0.8083225504061128	-26.04002571890128	1.0
ORTHO000915	1	0.8084496130337236	-28.6733836359641	1.0
ORTHO009096	1	0.8084591247984371	-21.68687827775901	1.0
ORTHO008025	1	0.8084885468363447	-22.836678739645293	1.0
ORTHO001146_2	1	0.8085433467332775	-25.00436794018406	1.0
ORTHO009634	1	0.8086006369390812	-23.682706216408732	1.0
ORTHO006931	1	0.8087228696309933	-22.093508996494688	1.0
ORTHO005361	1	0.8087234660493552	-24.306262483735594	1.0
ORTHO000391_3	1	0.8087762438316405	-25.66669272448332	1.0
ORTHO008493	1	0.8088611747729038	-22.774641713397425	1.0
ORTHO001852	2	0.8089273213882847	-27.619244258721224	1.0
ORTHO003127	4	0.8089379807232424	-23.074297390226292	1.0
ORTHO008987	1	0.8089895062014479	-22.02713309344107	1.0
ORTHO005245	2	0.8090012639405539	-21.882076464988238	1.0
ORTHO001173_2	1	0.8090105788521763	-23.51731093462242	1.0
ORTHO002403	1	0.8090340135220685	-27.327452130296027	1.0
ORTHO006504	1	0.8091375594947439	-23.91731438795964	1.0
ORTHO002554	1	0.8091807482035078	-25.850279970005563	1.0
ORTHO004569	2	0.8091946702901325	-22.39254642067688	1.0
ORTHO004933	1	0.8092902020359336	-23.68621305016656	1.0
ORTHO006026	1	0.8093457448422215	-24.145756181211524	1.0
ORTHO007287	1	0.8093766084862917	-24.047746635262296	1.0
ORTHO003989	1	0.8093816565158672	-23.1158706596754	1.0
ORTHO007756	1	0.8093837261607449	-21.819459786307096	1.0
ORTHO004262	1	0.8093905759001204	-25.554779455064953	1.0
ORTHO004613	1	0.8095607590782109	-25.296711128276552	1.0
ORTHO007985	1	0.809571909959305	-21.95719027495295	1.0
ORTHO009197	1	0.8096503712823492	-24.103854821349994	1.0
ORTHO006774	1	0.8096743956764395	-22.207421154328934	1.0
ORTHO002293	2	0.8096825271907921	-26.219822762615035	1.0
ORTHO004210	1	0.809737201641128	-25.143089649539426	1.0
ORTHO007708	1	0.8098695376057786	-22.307244437054386	1.0
ORTHO006584	1	0.8099062134354761	-23.534628648708768	1.0
ORTHO007920	1	0.8099550592755461	-21.295721039658744	1.0
ORTHO000565_2	1	0.8099975157699114	-25.160971819601023	1.0
ORTHO002455	1	0.8100373836770141	-24.445176700852418	1.0
ORTHO008975	1	0.810162394805929	-23.473192573484095	1.0
ORTHO000828	1	0.8101698625523168	-28.26139026345471	1.0
ORTHO005450	1	0.8102126718630986	-22.878218255772016	1.0
ORTHO007321	1	0.8102539544210383	-23.740146292790605	1.0
ORTHO004984	1	0.8102663088000809	-22.26861212636657	1.0
ORTHO009859	1	0.810276644708815	-26.0263808697502	1.0
ORTHO007031	1	0.8102962433646812	-22.262814150783473	1.0
ORTHO008036	1	0.8103619726341257	-23.842395355137665	1.0
ORTHO000699	2	0.8104756597749202	-30.790926800991166	1.0
ORTHO005686	2	0.8105699466962591	-24.09217112462172	1.0
ORTHO006105	1	0.8106871276409178	-23.808271590901178	1.0
ORTHO003579	1	0.8107185840137855	-25.882203001786163	1.0
ORTHO006682	1	0.8108328473337295	-22.56858514548571	1.0
ORTHO009070	1	0.8108445909083798	-24.206963140650018	1.0
ORTHO003135_1	1	0.8108851403332644	-25.360345603602063	1.0
ORTHO003774	1	0.8109411997067124	-26.37034335465693	1.0
ORTHO007769	1	0.8110802267832516	-23.866652163975328	1.0
ORTHO009815	1	0.8110866584408092	-25.409058903505	1.0
ORTHO003685	1	0.8111449677203888	-23.869769173433788	1.0
ORTHO001537_2	1	0.8111510472966089	-23.0940002374811	1.0
ORTHO009102	1	0.8111616912725346	-24.66048791342235	1.0
ORTHO004727	1	0.8111629149138257	-23.071996312499902	1.0
ORTHO008902	1	0.8112694974193788	-22.280947283989505	1.0
ORTHO004287	1	0.8112926141070576	-26.686308394154427	1.0
ORTHO009063	1	0.811295252908065	-25.278487930958836	1.0
ORTHO000590_2	1	0.8113528184895193	-23.19827277538492	1.0
ORTHO007123	1	0.8115352569251306	-23.646994995057018	1.0
ORTHO005392	1	0.8115357005545353	-24.051362710167066	1.0
ORTHO008919	1	0.8115957581229379	-21.827217590997527	1.0
ORTHO008740	1	0.811816847242788	-21.79911722246847	1.0
ORTHO006814	1	0.8118204031497726	-22.573141082007105	1.0
ORTHO003434	1	0.8118234212530522	-24.853061269712875	1.0
ORTHO008743	1	0.8118842881073715	-25.700934990854048	1.0
ORTHO003580	1	0.8119024643264552	-24.731288136221497	1.0
ORTHO007388	1	0.8119128767252166	-25.056902975968704	1.0
ORTHO001070_2	2	0.8119664580694521	-24.05794363839461	1.0
ORTHO008984	1	0.8119699087010775	-22.273216188560927	1.0
ORTHO006683	1	0.8119783165151971	-23.041597143862525	1.0
ORTHO003078	1	0.8120072060950846	-27.0214238126168	1.0
ORTHO008775	1	0.8120385326185979	-22.642047752847397	1.0
ORTHO008883	1	0.8121501656576567	-23.24613326934696	1.0
ORTHO009188	1	0.8121531978612903	-23.965497543144686	1.0
ORTHO005380	1	0.812259629914366	-22.900606485970357	1.0
ORTHO004969	2	0.8122801934841772	-24.447649015333795	1.0
ORTHO003836	2	0.812437905103988	-23.3374335525936	1.0
ORTHO003048	1	0.8124638740359976	-24.37721907704291	1.0
ORTHO008867	1	0.8126031814908764	-22.32658738265891	1.0
ORTHO004010	1	0.8126197425929929	-23.826918869611323	1.0
ORTHO008659	1	0.8126622374664592	-21.922791357989556	1.0
ORTHO007898	1	0.8126629201605929	-26.149283371070506	1.0
ORTHO008717	1	0.8126841504512698	-22.28649069327541	1.0
ORTHO008948	1	0.8127045095784042	-23.893948980307094	1.0
ORTHO007674	1	0.8127524314200357	-25.42476994971668	1.0
ORTHO010064	1	0.8128409531950782	-25.23472663595034	1.0
ORTHO006549	1	0.812852207631761	-23.258600026051255	1.0
ORTHO006446	1	0.8128754866338143	-23.489366364576554	1.0
ORTHO008950	1	0.8129035854365326	-22.466253929204527	1.0
ORTHO010119	1	0.8129460880579017	-25.06947237985306	1.0
ORTHO007865	1	0.813031516684065	-23.3896036987965	1.0
ORTHO004189	1	0.8130633905880866	-23.237056759739218	1.0
ORTHO006354	1	0.8130807082010704	-22.79836237556007	1.0
ORTHO003721	1	0.8131114049134424	-23.70330514324014	1.0
ORTHO008868	1	0.8131264874247862	-22.649653232828495	1.0
ORTHO007883	1	0.8131377188726998	-22.620771298072544	1.0
ORTHO008779	1	0.8132604743065567	-23.62701479894085	1.0
ORTHO008957	1	0.8132768537650567	-21.447431874969794	1.0
ORTHO006680	1	0.813294444686957	-22.25561714676348	1.0
ORTHO007830	1	0.8133959694267054	-21.466888156698275	1.0
ORTHO007964	1	0.8134399681046168	-21.54242139096272	1.0
ORTHO008855	1	0.8134582979294208	-23.633710804323712	1.0
ORTHO007577	1	0.8135515886315479	-22.686130895832214	1.0
ORTHO007569	1	0.8135639402572721	-22.059213070818075	1.0
ORTHO007989	1	0.8136145543094989	-22.93921333451539	1.0
ORTHO007588	1	0.8136173838154643	-23.888249257396463	1.0
ORTHO007814	1	0.8136185554852449	-23.29911475197166	1.0
ORTHO003999	2	0.8136244693797773	-23.70200455810706	1.0
ORTHO010130	1	0.8136343089995327	-25.169890771140327	1.0
ORTHO007780	1	0.8136474968249986	-24.681937734054422	1.0
ORTHO004414	1	0.8137933277432516	-26.921248770438734	1.0
ORTHO009100	1	0.8137942186814651	-23.947389911052216	1.0
ORTHO008746	1	0.8139116354892889	-23.688195748498927	1.0
ORTHO007706	1	0.8139516972290007	-22.888279879598453	1.0
ORTHO000346_3	1	0.8139843005008249	-25.601239846275746	1.0
ORTHO008655	1	0.8139962911346172	-22.684352116145806	1.0
ORTHO004176	2	0.814067741171434	-22.99186663472002	1.0
ORTHO006548	1	0.8141153700082544	-22.722428855811664	1.0
ORTHO007533	1	0.8141655112343924	-21.690899405017873	1.0
ORTHO008983	1	0.8142208023699551	-22.313446478681925	1.0
ORTHO008890	1	0.8142553049871556	-22.44197352397695	1.0
ORTHO008701	1	0.8143505479513808	-23.024210717387515	1.0
ORTHO000580_2	1	0.8143604233290455	-23.61737050374402	1.0
ORTHO009742	1	0.8143646157364135	-24.043503831625706	1.0
ORTHO008672	1	0.8143751073487407	-22.243988616105955	1.0
ORTHO008844	1	0.8143885594136334	-22.47049691975763	1.0
ORTHO009055	1	0.8144201611241555	-23.233111077522015	1.0
ORTHO008905	1	0.8144516250293211	-22.01970679725939	1.0
ORTHO008962	1	0.8145408794742824	-22.69652400405694	1.0
ORTHO004958	1	0.814679958382758	-26.060128110850656	1.0
ORTHO008116	1	0.8146879064595473	-22.782441288645057	1.0
ORTHO009041	1	0.8147265477243736	-23.178144121475253	1.0
ORTHO006672	1	0.8147362176678217	-25.008667952198333	1.0
ORTHO003557	1	0.8147576499403009	-24.61764970660259	1.0
ORTHO008814	1	0.8147653368835863	-21.4516505256271	1.0
ORTHO008891	1	0.8148696951562902	-21.923112263490758	1.0
ORTHO008782	1	0.8148981837537175	-22.232304488272828	1.0
ORTHO008639	1	0.8149000356344003	-22.924922361808598	1.0
ORTHO008879	1	0.8149613159397842	-23.331270208328693	1.0
ORTHO008030	1	0.8149725384660175	-23.016041365933145	1.0
ORTHO000570_2	1	0.8150201101994099	-28.291474017781077	1.0
ORTHO004966	1	0.8150275295393048	-22.556883893401622	1.0
ORTHO005455	1	0.8150323495319185	-25.781520540251243	1.0
ORTHO007943	1	0.8151030548089006	-24.242942212649957	1.0
ORTHO008601	1	0.8151044694988412	-22.843997632496922	1.0
ORTHO006738	1	0.8151283077303051	-24.26695267341348	1.0
ORTHO007613	1	0.8152433002115633	-24.045927067309005	1.0
ORTHO006616	2	0.8153030318735466	-22.59939957283191	1.0
ORTHO006946	1	0.8153617830092189	-22.355372518496814	1.0
ORTHO006410	1	0.8153646259973631	-22.732498994136463	1.0
ORTHO004949	1	0.8153947667354708	-24.514723578320513	1.0
ORTHO008745	1	0.8154277643082294	-22.468207816656584	1.0
ORTHO009809	1	0.815515913201447	-23.484927654659543	1.0
ORTHO008759	1	0.8155311584716424	-23.661488109895554	1.0
ORTHO005927	1	0.8155456113050148	-28.33981098741275	1.0
ORTHO007087	1	0.8155843949589633	-26.446536435076485	1.0
ORTHO009949	1	0.8155991600500265	-23.623606029241728	1.0
ORTHO007843	1	0.8156618327166506	-22.876083033232042	1.0
ORTHO008772	1	0.8156671194340634	-22.993622508501645	1.0
ORTHO009834	1	0.8157240607374088	-23.875665280336413	1.0
ORTHO009028	1	0.8157285994146409	-22.47401940074918	1.0
ORTHO003375	2	0.815751674267726	-25.297930555412915	1.0
ORTHO007692	1	0.8157695226636237	-21.685574404390042	1.0
ORTHO001620	2	0.8157730998191343	-27.789270794631168	1.0
ORTHO010088	1	0.8159282981187203	-24.271104022977084	1.0
ORTHO005174	1	0.8159548877846542	-23.850914649321787	1.0
ORTHO004376	1	0.8159569817134095	-25.323633006518918	1.0
ORTHO005584	2	0.8160284837802098	-22.749045786895447	1.0
ORTHO010105	1	0.8160328908314032	-24.456380423981756	1.0
ORTHO008216	1	0.816039259374594	-23.264143727393648	1.0
ORTHO009048	1	0.8161287583449315	-23.684704435936084	1.0
ORTHO009030	1	0.8161363372704454	-24.090165461449462	1.0
ORTHO008624	1	0.8161467474346663	-25.517385288668272	1.0
ORTHO009816	1	0.8161764538105474	-23.989222851348607	1.0
ORTHO004253	2	0.8161996463537292	-24.202733823938296	1.0
ORTHO010083	1	0.8162104783691276	-23.647698762342745	1.0
ORTHO003012	2	0.8162319242455793	-25.386671943511118	1.0
ORTHO008652	1	0.8162413882716811	-22.818585223245908	1.0
ORTHO010067	1	0.8162524850385824	-23.492363434089878	1.0
ORTHO009729	1	0.8162986123830477	-22.84956619937679	1.0
ORTHO009008	1	0.8163013751276623	-22.16340484908662	1.0
ORTHO008008	1	0.8163143406482175	-25.147686455089346	1.0
ORTHO008718	1	0.8163244507623484	-23.781711843588205	1.0
ORTHO003700	1	0.8164265065993758	-27.55914373291425	1.0
ORTHO009936	1	0.816450196903484	-23.107366360849376	1.0
ORTHO009786	1	0.816501364318482	-23.18269973289182	1.0
ORTHO008428	1	0.81650630512038	-24.766413682294058	1.0
ORTHO007914	1	0.8165238096130064	-22.625899237567047	1.0
ORTHO008958	1	0.8165661749308919	-22.548626550262313	1.0
ORTHO009983	1	0.8165757569255758	-23.31761708607595	1.0
ORTHO005683	1	0.8165805368876853	-24.389140486979787	1.0
ORTHO009858	1	0.8165855741597223	-23.353906337545556	1.0
ORTHO009937	1	0.8165855741597223	-23.353906337545556	1.0
ORTHO008692	1	0.8166070292639321	-21.95355347563984	1.0
ORTHO008697	1	0.8166070292639321	-21.95355347563984	1.0
ORTHO009970	1	0.8166125657025421	-23.215251838439947	1.0
ORTHO005906	1	0.8166653314450966	-24.330338532357136	1.0
ORTHO002458	1	0.8166741507280605	-25.314435439125	1.0
ORTHO008637	1	0.8166797637458825	-23.0312497959519	1.0
ORTHO009909	1	0.8167218014739916	-22.61286135306665	1.0
ORTHO007741	1	0.816726735288581	-23.18692579258049	1.0
ORTHO005386	1	0.8167388541596615	-23.405898218652716	1.0
ORTHO004588	1	0.8167396196836009	-23.677961649917332	1.0
ORTHO009832	1	0.8167547695611757	-22.984397213345677	1.0
ORTHO009837	1	0.816758585223237	-22.66777246369891	1.0
ORTHO010100	1	0.8167686877521069	-22.601016591976613	1.0
ORTHO009976	1	0.8167718409809478	-22.642959029127734	1.0
ORTHO010051	1	0.8167729221457315	-22.93583434208783	1.0
ORTHO009899	1	0.8167927849547458	-22.326247448176805	1.0
ORTHO009902	1	0.8167927849547458	-22.326247448176805	1.0
ORTHO009918	1	0.8167927849547458	-22.326247448176805	1.0
ORTHO009943	1	0.8167927849547458	-22.326247448176805	1.0
ORTHO009940	1	0.8168011222714373	-22.399146842732186	1.0
ORTHO009660	1	0.8168704198263892	-22.884977347003442	1.0
ORTHO001607	1	0.8168819113127392	-28.05019587034289	1.0
ORTHO007990	1	0.8169423225301049	-21.666156764230568	1.0
ORTHO009923	1	0.8169438330507692	-22.723520473241518	1.0
ORTHO009810	1	0.8169440990706192	-22.797711211183405	1.0
ORTHO009860	1	0.8169440990706192	-22.797711211183405	1.0
ORTHO009905	1	0.8169440990706192	-22.797711211183405	1.0
ORTHO008848	1	0.8169517722254287	-22.71299888680257	1.0
ORTHO002212	2	0.8169612848432722	-23.890907589713294	1.0
ORTHO009958	1	0.8170048992558624	-22.770051753544045	1.0
ORTHO007631	1	0.8170063992859419	-22.42178796453432	1.0
ORTHO006399	1	0.8170219191496375	-22.98239713649874	1.0
ORTHO009857	1	0.8170401762669094	-22.044779855773275	1.0
ORTHO009864	1	0.8170401762669094	-22.044779855773275	1.0
ORTHO008584	1	0.8170659401803293	-24.683636595642792	1.0
ORTHO007643	1	0.8171456292259666	-23.988727681628955	1.0
ORTHO007762	1	0.8171476464581154	-24.385195946460403	1.0
ORTHO003567	1	0.8171584081327795	-27.6299554491691	1.0
ORTHO007571	1	0.8171612023140535	-21.669756538906142	1.0
ORTHO002218	1	0.8171668334949552	-26.39018412919315	1.0
ORTHO004831	1	0.8171675625938356	-24.207927918539145	1.0
ORTHO009737	1	0.8171895897127034	-22.715069005757744	1.0
ORTHO008921	1	0.8171964938048032	-22.899534123256725	1.0
ORTHO010014	1	0.8172042801900163	-22.870723258940508	1.0
ORTHO009946	1	0.8172080988042332	-22.467447826270313	1.0
ORTHO008900	1	0.8172168253422062	-22.6833974439117	1.0
ORTHO009938	1	0.8172316325241934	-22.538901463585	1.0
ORTHO010059	1	0.8172316325241934	-22.538901463585	1.0
ORTHO009971	1	0.8172453547994382	-22.15551808157298	1.0
ORTHO004646	1	0.8172627840889845	-25.05203968140723	1.0
ORTHO009886	1	0.8172705777196126	-22.016678993644955	1.0
ORTHO009972	1	0.8172705777196126	-22.016678993644955	1.0
ORTHO010090	1	0.8172817835192043	-23.617429368734435	1.0
ORTHO009854	1	0.8173152272274965	-22.74035271652553	1.0
ORTHO007489	1	0.8173406425163632	-25.14301445132178	1.0
ORTHO009749	1	0.8173542777091831	-23.025506886709785	1.0
ORTHO009891	1	0.8173678865346896	-22.785439150068065	1.0
ORTHO006202	1	0.8173694677642568	-23.034133031057692	1.0
ORTHO007994	1	0.8173753675240525	-22.60871847881945	1.0
ORTHO007026	1	0.8173925292473659	-22.61875638346275	1.0
ORTHO010015	1	0.8173995350646152	-23.082258863694282	1.0
ORTHO008559	1	0.8174587802961699	-22.584235849419276	1.0
ORTHO008790	1	0.8174913802016491	-23.49385469612849	1.0
ORTHO009849	1	0.8175085929435952	-22.625120061575746	1.0
ORTHO008691	1	0.8175323712576399	-21.529177310685114	1.0
ORTHO009676	1	0.8175620308499958	-23.160043155171802	1.0
ORTHO010068	1	0.8175780057012263	-23.049368188202234	1.0
ORTHO009053	1	0.817638326616825	-22.29991457059438	1.0
ORTHO001695	1	0.8176782489510905	-26.003171249667023	1.0
ORTHO010038	1	0.817696527841825	-22.167089761679442	1.0
ORTHO006347	1	0.8176970693176209	-23.14764201342827	1.0
ORTHO005643	1	0.8176979486035982	-21.678872959038628	1.0
ORTHO010028	1	0.8177186753032785	-22.55329129590634	1.0
ORTHO009901	1	0.8177281651172962	-22.229248697448952	1.0
ORTHO010147	1	0.8177281651172962	-22.229248697448952	1.0
ORTHO009062	1	0.817757912482126	-23.153252362751967	1.0
ORTHO010019	1	0.8177786781027104	-22.8830239910244	1.0
ORTHO002271	1	0.8177837363095901	-27.063935348132453	1.0
ORTHO010076	1	0.8177931978278339	-23.011493035263317	1.0
ORTHO008839	1	0.817804542141526	-22.258795126226445	1.0
ORTHO010096	1	0.8178199657918676	-23.25666432651985	1.0
ORTHO010097	1	0.8178749616971503	-22.13008762467161	1.0
ORTHO010046	1	0.817885942534126	-22.926738212829683	1.0
ORTHO008457	1	0.8178965119914027	-26.62981419244751	1.0
ORTHO006846	1	0.817953875376866	-23.569571700393787	1.0
ORTHO007740	1	0.8179649072005138	-23.933204743180553	1.0
ORTHO005011	1	0.8179678470896239	-25.481239326939942	1.0
ORTHO009927	1	0.8179923964318546	-23.179734003057522	1.0
ORTHO010156	1	0.8180007849904201	-22.30744314728364	1.0
ORTHO003076	1	0.8180734572253697	-26.399156445892384	1.0
ORTHO009356	1	0.8180747902905815	-23.69161933504203	1.0
ORTHO010035	1	0.8181303060519343	-22.101965869844268	1.0
ORTHO010066	1	0.8181303060519343	-22.101965869844268	1.0
ORTHO010070	1	0.8181303060519343	-22.101965869844268	1.0
ORTHO010073	1	0.8181303060519343	-22.101965869844268	1.0
ORTHO003425	1	0.8181316264736677	-23.446296782675507	1.0
ORTHO008319	1	0.8181469041899683	-23.47506017103083	1.0
ORTHO010078	1	0.8181597810086837	-22.306436227499923	1.0
ORTHO007790	1	0.818170969117458	-22.600075088090353	1.0
ORTHO009878	1	0.8181931714292924	-26.13454358403571	1.0
ORTHO007290	1	0.818194293073983	-23.275147444133797	1.0
ORTHO006084	1	0.8182386651694954	-25.993580780413417	1.0
ORTHO001080_2	1	0.8182547472079856	-24.701709097835746	1.0
ORTHO004009	1	0.818259666685003	-23.441425431702985	1.0
ORTHO010089	1	0.8182664674305287	-22.793711976359834	1.0
ORTHO010023	1	0.8182707757099605	-22.882626077328574	1.0
ORTHO009962	1	0.8182741655097503	-22.252758908809994	1.0
ORTHO010099	1	0.8182954809392747	-23.61528702444681	1.0
ORTHO008686	1	0.8183098626968334	-21.61542045868432	1.0
ORTHO004012	2	0.8183174012437742	-23.398015228972977	1.0
ORTHO009090	1	0.818397435395348	-21.69800642457722	1.0
ORTHO009908	1	0.8184366990684647	-23.745221561901175	1.0
ORTHO009921	1	0.818436852592856	-23.767723585688035	1.0
ORTHO008395	1	0.8184377116919908	-22.604968062689835	1.0
ORTHO008650	1	0.8184662576395063	-23.027312733487012	1.0
ORTHO000282_2	1	0.818499946294853	-27.054630169668993	1.0
ORTHO010039	1	0.8185366766892072	-22.44988169639036	1.0
ORTHO010012	1	0.8185446942716136	-22.243107632299804	1.0
ORTHO009746	1	0.81855125013771	-22.53425262455651	1.0
ORTHO010029	1	0.8185818074448685	-21.93116330509245	1.0
ORTHO010011	1	0.8185877440243569	-21.997917152041502	1.0
ORTHO010027	1	0.8185877440243569	-21.997917152041502	1.0
ORTHO010072	1	0.8185877440243569	-21.997917152041502	1.0
ORTHO007529	1	0.8186494407420295	-22.403900384594003	1.0
ORTHO008123	1	0.8187200650734622	-25.84592769046585	1.0
ORTHO009912	1	0.8187743924377617	-21.943115311945668	1.0
ORTHO009881	1	0.8187748583035731	-22.25636350425289	1.0
ORTHO009844	1	0.818788162502877	-23.26652573676049	1.0
ORTHO003749	1	0.818793746906036	-24.061496911002642	1.0
ORTHO000349_1	1	0.8188151595171863	-30.36170397348155	1.0
ORTHO008922	1	0.8188169553960802	-22.13974854442703	1.0
ORTHO001105	1	0.8189139143841534	-28.177562695179418	1.0
ORTHO008815	1	0.818932344447482	-22.36258717159561	1.0
ORTHO009047	1	0.818932344447482	-22.36258717159561	1.0
ORTHO009861	1	0.8189527756788207	-23.58873633267263	1.0
ORTHO008621	1	0.8190170831173474	-25.191959657059204	1.0
ORTHO008909	1	0.819047091758337	-24.006339265705588	1.0
ORTHO006966	1	0.8190620709489612	-22.164636884335145	1.0
ORTHO010142	1	0.819072871784252	-21.688290082340984	1.0
ORTHO010143	1	0.819072871784252	-21.688290082340984	1.0
ORTHO010152	1	0.819072871784252	-21.688290082340984	1.0
ORTHO010153	1	0.819072871784252	-21.688290082340984	1.0
ORTHO010160	1	0.819072871784252	-21.688290082340984	1.0
ORTHO010162	1	0.819072871784252	-21.688290082340984	1.0
ORTHO010165	1	0.819072871784252	-21.688290082340984	1.0
ORTHO008665	1	0.8192062242882463	-22.612761038398844	1.0
ORTHO010126	1	0.8192349726379343	-22.15231533932166	1.0
ORTHO005354	1	0.8192502996628378	-23.62903139437351	1.0
ORTHO009855	1	0.8192675987530046	-23.40355034840404	1.0
ORTHO000706_2	1	0.8193063261592147	-23.212168442499276	1.0
ORTHO009825	1	0.819307724677449	-23.82509320965319	1.0
ORTHO008402	1	0.8193103291426117	-24.08199344897534	1.0
ORTHO002489	1	0.8193513182324599	-24.449604575195217	1.0
ORTHO002114	1	0.8193514286372857	-25.238193907883886	1.0
ORTHO010098	1	0.8193626960935264	-23.61033360312167	1.0
ORTHO007679	1	0.8193871445681895	-22.65590527537892	1.0
ORTHO001911	1	0.8194016805132712	-26.552627453539394	1.0
ORTHO009872	1	0.8194736667742657	-23.33947879124346	1.0
ORTHO008031	1	0.8194937740903981	-25.298427052445938	1.0
ORTHO009359	1	0.8195712080613752	-23.66249397223019	1.0
ORTHO008923	1	0.8195714634248629	-22.71276186387025	1.0
ORTHO010048	1	0.8196219898364205	-22.02842071675827	1.0
ORTHO010086	1	0.8196219898364205	-22.02842071675827	1.0
ORTHO009831	1	0.8196513526848861	-24.063654725309142	1.0
ORTHO009911	1	0.8197390479478294	-24.421771402726108	1.0
ORTHO001527	1	0.8197456480838707	-29.42765502826908	1.0
ORTHO008789	1	0.8199044640014614	-21.948884606867484	1.0
ORTHO009106	1	0.8199044640014614	-21.948884606867484	1.0
ORTHO010069	1	0.8199921338663269	-23.531780357210394	1.0
ORTHO006626	1	0.8200357617524284	-24.05340697565669	1.0
ORTHO007696	1	0.8201460639469168	-22.789374011292782	1.0
ORTHO006377	1	0.8201497341210585	-27.026056689417217	1.0
ORTHO008399	1	0.820152069967042	-24.119769025217785	1.0
ORTHO001775_2	1	0.8202429079326504	-23.072039244423785	1.0
ORTHO000382_2	1	0.8202648763083333	-22.292068758067455	1.0
ORTHO009060	1	0.8203283015458889	-22.80776362645168	1.0
ORTHO010080	1	0.820355780023138	-25.105078209610202	1.0
ORTHO007813	1	0.8204321638354015	-22.22829596675096	1.0
ORTHO006984	1	0.8205121488081432	-22.048043773232962	1.0
ORTHO009846	1	0.8205401726048268	-23.502883336138076	1.0
ORTHO006532	1	0.8205678826874513	-26.865830721144743	1.0
ORTHO005516	1	0.8205850697624237	-24.3415297182349	1.0
ORTHO004946	1	0.8205905243414505	-25.50995258898245	1.0
ORTHO009006	1	0.8206362566827937	-24.99902318920533	1.0
ORTHO009910	1	0.8206724477833228	-23.68019373268347	1.0
ORTHO007761	1	0.8206968239096963	-22.475895532742953	1.0
ORTHO007812	1	0.8207061357612125	-22.171057314864218	1.0
ORTHO010055	1	0.8207766423189325	-23.313064257287362	1.0
ORTHO002490	1	0.8207832897391513	-27.133640338729393	1.0
ORTHO010081	1	0.8207895200108556	-23.033034639605308	1.0
ORTHO009915	1	0.8208001110337997	-23.597037724338605	1.0
ORTHO004594	2	0.8208126593225035	-27.86066566035191	1.0
ORTHO009099	1	0.8208179656735861	-25.652752624178383	1.0
ORTHO000290_3	1	0.820913265442797	-24.09322699131818	1.0
ORTHO000856	1	0.8209167888830919	-30.630446048378342	1.0
ORTHO009010	1	0.8209267362691395	-22.498219796414844	1.0
ORTHO002972	1	0.8209675555438751	-26.918740633879274	1.0
ORTHO009841	1	0.8209829522244568	-23.751935839189038	1.0
ORTHO006013	1	0.8210216917385814	-23.154819470296882	1.0
ORTHO006474	1	0.8210790601931746	-24.82374905132835	1.0
ORTHO005992	1	0.8211808759092107	-22.862891427095096	1.0
ORTHO008843	1	0.8211944630483693	-23.76946350596599	1.0
ORTHO007526	1	0.8212571926254368	-22.882579361279493	1.0
ORTHO007744	1	0.821259115786852	-22.279227231844622	1.0
ORTHO000921	2	0.8213983025594355	-27.195308613322936	1.0
ORTHO001193	1	0.8214462265077094	-29.34634260277786	1.0
ORTHO008725	1	0.8215091826903318	-22.61643462996947	1.0
ORTHO009973	1	0.8215328273868534	-23.254574159905523	1.0
ORTHO007065	1	0.8215378494657354	-24.43798935941964	1.0
ORTHO009836	1	0.8216068993787541	-24.854179968003223	1.0
ORTHO009974	1	0.8216133834645883	-23.29909406700982	1.0
ORTHO008726	1	0.821657386895496	-23.10593200169422	1.0
ORTHO006019	1	0.8217237500231586	-27.70113120417079	1.0
ORTHO001177_1	1	0.8217294397199604	-25.086528645999646	1.0
ORTHO000358_2	2	0.8217437507944444	-25.477613451896993	1.0
ORTHO010043	1	0.8217685053873215	-22.741001466902148	1.0
ORTHO010155	1	0.8217850051627853	-22.74438632662591	1.0
ORTHO004869	1	0.8218861874315021	-25.672917866212117	1.0
ORTHO006024	1	0.821941889780461	-22.737658984720678	1.0
ORTHO008877	1	0.8219608382564111	-23.08447164798075	1.0
ORTHO007993	1	0.821972753020106	-24.176867329777163	1.0
ORTHO008281	1	0.8219822198322727	-22.872228301223515	1.0
ORTHO003526	1	0.8220487905076731	-24.68049235125622	1.0
ORTHO007544	1	0.8220907082726407	-23.854114940507383	1.0
ORTHO008830	1	0.8221684573219586	-22.630127858963533	1.0
ORTHO008864	1	0.8221684573219586	-22.630127858963533	1.0
ORTHO005308	1	0.8222006107403814	-23.57844503408058	1.0
ORTHO006784	1	0.8222156565530221	-24.995107890297298	1.0
ORTHO004375	1	0.8222433413566497	-25.78078487664568	1.0
ORTHO005288	1	0.8223450531894423	-25.169967156810152	1.0
ORTHO008861	1	0.8223499268770219	-23.368333697061033	1.0
ORTHO000581	2	0.8223764758474954	-30.516264790557624	1.0
ORTHO000318_5	1	0.8223876551020877	-23.047821626314366	1.0
ORTHO003257	1	0.8224109859048415	-24.53449686769451	1.0
ORTHO004530	1	0.8224391760290168	-22.147753319115406	1.0
ORTHO004467	2	0.8224525387765911	-26.086387323437705	1.0
ORTHO007223	1	0.8224613160518499	-22.065776433508727	1.0
ORTHO008932	1	0.8224719845342191	-23.086373728020458	1.0
ORTHO009932	1	0.822493021129161	-25.459787773715043	1.0
ORTHO008303	1	0.8224984634426883	-22.245958318208938	1.0
ORTHO002568	1	0.8227136696446703	-26.76510571389217	1.0
ORTHO005040	1	0.8227233909061815	-23.18670694042343	1.0
ORTHO010084	1	0.8228731691673605	-23.193594445188193	1.0
ORTHO010149	1	0.8228764043375882	-22.92286566560968	1.0
ORTHO003617	1	0.8228823148739527	-24.515537824990467	1.0
ORTHO009894	1	0.8229554416033676	-22.939450040289543	1.0
ORTHO008786	1	0.822958719851333	-23.637775881605734	1.0
ORTHO009952	1	0.8230004201610376	-23.434205002927612	1.0
ORTHO007773	1	0.8230133227219734	-24.936736557394788	1.0
ORTHO002144	1	0.8230258406708817	-24.04174332013833	1.0
ORTHO006986	1	0.823064387168828	-21.82303626899401	1.0
ORTHO005562	1	0.823069495397814	-28.972449185966017	1.0
ORTHO007592	1	0.8230701720887458	-24.175226143376594	1.0
ORTHO009979	1	0.8230770414768807	-22.896265074390307	1.0
ORTHO007880	1	0.8230917490950921	-24.38323651724997	1.0
ORTHO007712	1	0.8231001293455776	-22.375986997989937	1.0
ORTHO005676	1	0.8231132642144652	-24.235045106815868	1.0
ORTHO009981	1	0.8231332354682627	-23.360305702001394	1.0
ORTHO010113	1	0.8231371668768993	-22.861663766452157	1.0
ORTHO010115	1	0.8231378223940767	-23.088961383116605	1.0
ORTHO004790	1	0.8231466750344679	-24.150993750562495	1.0
ORTHO009947	1	0.8232324810225928	-23.9598230876896	1.0
ORTHO006487	1	0.8232664389470106	-22.63240059611793	1.0
ORTHO005882	1	0.82327232731783	-27.334651995897843	1.0
ORTHO003347	1	0.8233057094356109	-27.63273779839814	1.0
ORTHO010054	1	0.8233125220612014	-23.272556055101575	1.0
ORTHO007945	1	0.8233256094104021	-23.315413574679457	1.0
ORTHO006570	1	0.8233301224031708	-22.527070844668852	1.0
ORTHO008800	1	0.8233569695244833	-24.721622359259932	1.0
ORTHO006720	1	0.8233682219399214	-23.978079188902015	1.0
ORTHO004964	1	0.8233775084744093	-25.267521939718073	1.0
ORTHO007073	1	0.8234827143916316	-24.000993904891455	1.0
ORTHO002056	1	0.8235795394667655	-26.43913403087174	1.0
ORTHO008695	1	0.8235894354678149	-23.07043084217516	1.0
ORTHO007567	1	0.8235927869094052	-22.757249015515683	1.0
ORTHO009056	1	0.8235968723471333	-22.97224001269574	1.0
ORTHO009913	1	0.8237138869946141	-22.737472130376215	1.0
ORTHO004462	2	0.8237144806447882	-23.757927554919796	1.0
ORTHO000429_1	2	0.8237591350210229	-30.736155184793436	1.0
ORTHO003618	1	0.8238000205235257	-23.616036768396604	1.0
ORTHO005823	1	0.8238258910635794	-23.18450696404127	1.0
ORTHO008954	1	0.8238292271882299	-24.433520970378577	1.0
ORTHO008862	1	0.8238460279936725	-24.420296166110933	1.0
ORTHO007400	1	0.8239571501906491	-22.3696040911859	1.0
ORTHO009031	1	0.8240218907262277	-23.62120678823314	1.0
ORTHO009930	1	0.8240348252579655	-23.540103011167396	1.0
ORTHO010057	1	0.8241417814456424	-24.08468444446106	1.0
ORTHO008379	1	0.8241702037382039	-24.20089523431953	1.0
ORTHO008480	1	0.8242370769551723	-21.945371256936095	1.0
ORTHO005608	1	0.8242729224077188	-23.677176595834226	1.0
ORTHO001718	1	0.8242959576803032	-26.761436806640106	1.0
ORTHO008487	1	0.8242983635054025	-22.59594921160678	1.0
ORTHO007369	1	0.8243715504689813	-22.503587860163304	1.0
ORTHO001764	1	0.8244397080435683	-27.63477038891684	1.0
ORTHO002317	2	0.8244584109095987	-25.558346745116623	1.0
ORTHO009097	1	0.8245791937651438	-22.558551781652803	1.0
ORTHO009013	1	0.8246120884402938	-23.675374576560948	1.0
ORTHO004440	1	0.82463353196905	-24.504892872067245	1.0
ORTHO009034	1	0.8246404000226838	-23.29250296714146	1.0
ORTHO007942	1	0.8246624176508648	-24.30711558919266	1.0
ORTHO006486	1	0.824726716696198	-22.493731591647318	1.0
ORTHO007530	1	0.824752695758905	-26.57117279672965	1.0
ORTHO004101	1	0.8248151819266714	-24.06721705045411	1.0
ORTHO003467	1	0.8248413614585068	-24.11812847475882	1.0
ORTHO009907	1	0.8248571893186604	-23.584302690078925	1.0
ORTHO008316	1	0.8249697972752893	-23.218708487437844	1.0
ORTHO009824	1	0.8249768707724071	-25.72381202847938	1.0
ORTHO010063	1	0.8249886282458117	-23.103247416614177	1.0
ORTHO007542	1	0.8251104962902122	-24.051704594315172	1.0
ORTHO006112	1	0.8251675364165554	-26.156341441993494	1.0
ORTHO004296	1	0.825222119340637	-25.109898758639986	1.0
ORTHO004236	1	0.8252994844182054	-24.883178284126583	1.0
ORTHO007578	1	0.8253205782074641	-22.632038931479872	1.0
ORTHO009050	1	0.8253244774433923	-24.97558161434851	1.0
ORTHO007233	1	0.8254813778869231	-24.432325273628948	1.0
ORTHO009043	1	0.8255062187447039	-23.146493924064252	1.0
ORTHO010158	1	0.8255377419318519	-22.54842645851432	1.0
ORTHO009004	1	0.8255716385419551	-22.7761076620442	1.0
ORTHO002857	1	0.8256316381431525	-26.226787230211794	1.0
ORTHO001882	2	0.82563537072839	-26.55370363956635	1.0
ORTHO001896_1	1	0.8256422468164895	-25.7518875664385	1.0
ORTHO008633	1	0.8258447823565677	-25.532008434906732	1.0
ORTHO008039	1	0.8258472863064792	-22.869013573655668	1.0
ORTHO001286_1	1	0.8259198073126427	-25.344778203192448	1.0
ORTHO008774	1	0.8259465858167414	-22.942304010322466	1.0
ORTHO009365	1	0.8260113524242221	-26.38192372591108	1.0
ORTHO003123	2	0.8260459178006372	-27.14547985509298	1.0
ORTHO008570	1	0.8262200404435754	-23.049879848810853	1.0
ORTHO003769	1	0.8262400840770004	-29.25884541802557	1.0
ORTHO002086	1	0.8264871048525148	-27.137617952386652	1.0
ORTHO005370	1	0.8264986086408798	-25.841210759754503	1.0
ORTHO008380	1	0.8265188673445887	-23.094850581214036	1.0
ORTHO000502_2	1	0.8265600600773856	-24.999251645820273	1.0
ORTHO001347_1	1	0.8266105435101084	-27.287478163903454	1.0
ORTHO009485	1	0.8266836572371852	-24.644375408081117	1.0
ORTHO010037	1	0.8267054448877875	-24.922937240720255	1.0
ORTHO001116	2	0.8267362838608017	-28.158574248235297	1.0
ORTHO010163	1	0.8268429883749379	-24.014434917747675	1.0
ORTHO008940	1	0.8268481319015989	-24.571907548697045	1.0
ORTHO007699	1	0.8268519479682952	-23.62323772935457	1.0
ORTHO007379	1	0.8269378642025546	-26.07364138646558	1.0
ORTHO005593	2	0.8270251884206203	-21.8036401359301	1.0
ORTHO009064	1	0.827038196380027	-23.39713197372386	1.0
ORTHO003266	1	0.8270923197603411	-24.160130585377747	1.0
ORTHO003428	1	0.8271213341313993	-24.258392007382916	1.0
ORTHO004778	1	0.827122646459465	-26.663701907366274	1.0
ORTHO004940	2	0.8272376509300909	-23.714578639380676	1.0
ORTHO007841	1	0.8274054170474328	-22.928046951462385	1.0
ORTHO000697_1	1	0.8274355184837616	-23.06367515629741	1.0
ORTHO007877	1	0.8274797337021608	-25.20198282197657	1.0
ORTHO006679	1	0.8275306461736616	-25.287753221647815	1.0
ORTHO006995	1	0.8275498133816723	-24.512713310164177	1.0
ORTHO000625_1	1	0.8276155368530745	-26.367721283984235	1.0
ORTHO007600	1	0.8278063159746933	-23.37460904331818	1.0
ORTHO005589	3	0.8278292873539783	-23.425146654142864	1.0
ORTHO001299	1	0.82786060221313	-26.543969848559072	1.0
ORTHO005766	1	0.8279294224529741	-23.76381831976024	1.0
ORTHO009077	1	0.8280357236672812	-23.379217120336264	1.0
ORTHO006936	1	0.8280515203661779	-22.736886196422073	1.0
ORTHO002112	1	0.8280887676512342	-26.31018752939574	1.0
ORTHO008093	1	0.8282283546361223	-22.86956988219103	1.0
ORTHO002244	1	0.8282574392974559	-24.802402790062214	1.0
ORTHO006391	1	0.8282765020237968	-22.594605053177432	1.0
ORTHO006098	1	0.8282835588521436	-23.63372093516317	1.0
ORTHO005258	1	0.8284061350642004	-23.33327033284635	1.0
ORTHO003541	1	0.8284377427477162	-24.920519633942945	1.0
ORTHO007861	1	0.8286576196843501	-26.10503593371261	1.0
ORTHO008214	1	0.8286630699184678	-24.48570120992315	1.0
ORTHO008149	1	0.8286699531524426	-24.471115624098093	1.0
ORTHO002032	1	0.8287373578982429	-28.01120437072012	1.0
ORTHO005698	1	0.8287804206914866	-23.634960324198726	1.0
ORTHO007745	1	0.8288887669609308	-24.314961154918414	1.0
ORTHO009408	1	0.8289666251068956	-23.58505837135807	1.0
ORTHO006856	1	0.8290093089104491	-24.79414738834777	1.0
ORTHO006858	1	0.8290991407700663	-23.884024607017825	1.0
ORTHO008802	1	0.8291434709055273	-24.463718403959465	1.0
ORTHO000962	1	0.8292491563700627	-27.509956779766945	1.0
ORTHO010164	1	0.8293203352099074	-23.055549447399994	1.0
ORTHO000474	2	0.8293597504107532	-32.31167073865	1.0
ORTHO008012	1	0.8294910859883987	-22.334041783642448	1.0
ORTHO007116	1	0.8295211144718736	-23.282145318095395	1.0
ORTHO003315	1	0.8295392694675439	-23.750088324549424	1.0
ORTHO008353	1	0.8296030744222106	-23.815899671548525	1.0
ORTHO006849	1	0.8296376418944452	-24.161095809858576	1.0
ORTHO005175	1	0.8296421372755509	-24.364603501974912	1.0
ORTHO003439	1	0.8297065328980087	-26.805689160847514	1.0
ORTHO002733	2	0.8297104626012242	-25.277737082231177	1.0
ORTHO002121	2	0.8297355574579779	-25.927381536483345	1.0
ORTHO007836	1	0.8297468373470009	-24.692822927488148	1.0
ORTHO008944	1	0.8298029163948671	-23.987831737530133	1.0
ORTHO010112	1	0.8298785853786884	-23.658092135345104	1.0
ORTHO007975	1	0.8298855621558406	-23.391315973330087	1.0
ORTHO002203	1	0.8299836893588005	-26.76798083972619	1.0
ORTHO001233	1	0.8300697526251337	-27.770642668744472	1.0
ORTHO005262	1	0.8302353189979575	-27.9728766082034	1.0
ORTHO009360	1	0.8302574291168987	-23.524510862432855	1.0
ORTHO004416	1	0.830317228663947	-24.22696216100475	1.0
ORTHO003961	1	0.8303245629529556	-23.477546477866376	1.0
ORTHO008211	1	0.8303878198745308	-23.176915082494016	1.0
ORTHO010106	1	0.8304061053255613	-23.276155532225193	1.0
ORTHO004067	1	0.8309451195139284	-24.92472450140054	1.0
ORTHO007453	1	0.8309542637640167	-23.229175168642982	1.0
ORTHO004005	1	0.8310315001410074	-26.2814157320728	1.0
ORTHO003750	1	0.83116812282638	-24.2495169358262	1.0
ORTHO008998	1	0.8313102348232065	-23.42209269946682	1.0
ORTHO008683	1	0.8313214564228824	-28.082634725658437	1.0
ORTHO009435	1	0.8313442162480821	-22.836781993975205	1.0
ORTHO004884	1	0.8315996057884183	-26.539757528208177	1.0
ORTHO008191	1	0.8318356923473332	-24.70113490740029	1.0
ORTHO004544	1	0.8318490270686781	-25.69179198093436	1.0
ORTHO005975	2	0.8319456392028304	-24.161262457228418	1.0
ORTHO005888	1	0.8322198364880893	-26.22817708182202	1.0
ORTHO008273	1	0.8322412465249717	-24.14064153811208	1.0
ORTHO000753_2	1	0.8322532886346647	-24.191059032694188	1.0
ORTHO005106	1	0.8323001668596414	-22.351825931525237	1.0
ORTHO007488	1	0.832308184813596	-23.38546795056703	1.0
ORTHO006041	1	0.8323859139720924	-25.050028555636278	1.0
ORTHO001465	1	0.8327109703394273	-27.86296470147303	1.0
ORTHO006182	1	0.8330866376651307	-23.98860428732819	1.0
ORTHO005029	1	0.8332361770989527	-23.95066946061605	1.0
ORTHO005817	1	0.8333085521383407	-23.381535010762413	1.0
ORTHO005924	2	0.8334359649962805	-22.411756450221354	1.0
ORTHO007322	1	0.8334434591308075	-23.57374140672594	1.0
ORTHO004896	1	0.8334639411118032	-24.39690284920094	1.0
ORTHO005210	2	0.8335202011717289	-22.83460581339651	1.0
ORTHO004061	1	0.8335702191839793	-27.012220745898087	1.0
ORTHO007318	1	0.833756710504536	-23.262540860506054	1.0
ORTHO006298	1	0.8338103490099283	-23.63271902911619	1.0
ORTHO005974	1	0.8339908912730312	-24.622346355220362	1.0
ORTHO005993	1	0.8341200952012935	-24.25087830155701	1.0
ORTHO000807_1	1	0.8342372978027933	-26.076327231769632	1.0
ORTHO007113	1	0.834261493002035	-24.11779723546225	1.0
ORTHO000914	2	0.8344054615891366	-30.594830290925515	1.0
ORTHO007449	1	0.8344814401975759	-23.177347361089836	1.0
ORTHO002767	1	0.834615130225741	-26.858826500577937	1.0
ORTHO005838	1	0.8347197650549573	-24.897931879993624	1.0
ORTHO008145	1	0.8347980969976787	-24.69801159180062	1.0
ORTHO002257	1	0.8349276853009936	-26.180520235985043	1.0
ORTHO007837	1	0.8349977592315353	-25.167641867215213	1.0
ORTHO008016	1	0.8350271936970648	-26.926306814538012	1.0
ORTHO007981	1	0.835108528735595	-25.007629519269337	1.0
ORTHO002630	1	0.8351781170406161	-29.14667829848943	1.0
ORTHO002084	1	0.8352971500917702	-26.712601682167385	1.0
ORTHO004708	2	0.8355743028944691	-23.90066662255676	1.0
ORTHO006589	1	0.8356804738612045	-23.41146244732291	1.0
ORTHO006223	1	0.8357401398348534	-28.60175678027467	1.0
ORTHO004874	1	0.8358373966563233	-24.971429727795723	1.0
ORTHO004022	1	0.8359755779060241	-26.553025054596386	1.0
ORTHO004720	1	0.8360555575811257	-24.312651785436678	1.0
ORTHO003752	1	0.836094852372567	-28.38149364347288	1.0
ORTHO006481	1	0.836134537478869	-24.294372095573863	1.0
ORTHO002058_1	1	0.8362058770948705	-27.044767741163874	1.0
ORTHO008366	1	0.8362137279811321	-22.97221571700875	1.0
ORTHO007921	1	0.8363316372630527	-23.91881122492701	1.0
ORTHO002273	1	0.8363327938467007	-26.870449036496584	1.0
ORTHO006132	1	0.8366119799065573	-23.82536088938203	1.0
ORTHO005618	1	0.8366369541994861	-25.455318555837625	1.0
ORTHO007469	1	0.836693905132936	-24.141066718429006	1.0
ORTHO005141	1	0.836697192087856	-22.708901572918485	1.0
ORTHO000843	1	0.8367247049607106	-28.235838037333135	1.0
ORTHO005716	1	0.8367387309371208	-23.226020849414837	1.0
ORTHO000551_3	1	0.8367422192131716	-25.191433073785852	1.0
ORTHO002654	1	0.8371267066297754	-26.827130366257986	1.0
ORTHO004962	1	0.8372027390706053	-24.99062422656944	1.0
ORTHO009514	1	0.83730138353596	-24.39982599833909	1.0
ORTHO000885_2	1	0.8373500670805173	-23.802710907670992	1.0
ORTHO007306	2	0.8374025854454916	-22.46790806768131	1.0
ORTHO003370	1	0.8375455946663607	-27.371482009598523	1.0
ORTHO009374	1	0.8375800444819447	-22.611986000691857	1.0
ORTHO000278_2	1	0.8377816442341143	-26.092031183491653	1.0
ORTHO006248	1	0.8378806143018985	-24.223345712986575	1.0
ORTHO006940	1	0.837943924854539	-24.510767112610115	1.0
ORTHO004056	1	0.838530306754195	-24.000254096014498	1.0
ORTHO001256_2	1	0.8387977041476861	-24.78663177955568	1.0
ORTHO001444	1	0.8388891760529172	-30.073822338780005	1.0
ORTHO003549	1	0.8389451429467645	-23.65660554332544	1.0
ORTHO006725	1	0.8390238054437079	-24.43229816191776	1.0
ORTHO004918	1	0.8391453823563788	-25.016594096752986	1.0
ORTHO006449	1	0.8392566484284482	-23.07754703724138	1.0
ORTHO002381	2	0.8393057437347266	-25.642695690348642	1.0
ORTHO004828	1	0.8394717328893357	-24.791107059137502	1.0
ORTHO009148	2	0.8395192349239816	-24.424063179015228	1.0
ORTHO000820	1	0.839563154202608	-29.87208591802513	1.0
ORTHO005446	1	0.8396716554946861	-25.213868223696053	1.0
ORTHO006673	1	0.8397071557931998	-25.528882123873064	1.0
ORTHO008880	1	0.8398369822130419	-27.455035441684558	1.0
ORTHO004756	1	0.8398390625522705	-25.98573232497649	1.0
ORTHO007160	1	0.8398542136242816	-24.68462050405108	1.0
ORTHO006438	1	0.8399097663028275	-22.374145877501793	1.0
ORTHO003731	1	0.839917052736793	-25.744987406291557	1.0
ORTHO005487	1	0.840008943964778	-24.66957637933389	1.0
ORTHO001536	2	0.8400095274167516	-26.723427717814474	1.0
ORTHO004181	1	0.8400114283737783	-24.944290895848592	1.0
ORTHO010079	1	0.8401999141764042	-24.096881849553007	1.0
ORTHO000568	2	0.8402402271675184	-29.447541576779827	1.0
ORTHO009806	1	0.8407647449672767	-23.24288933767883	1.0
ORTHO005346	1	0.8407798583481156	-23.33519344172552	1.0
ORTHO009941	1	0.8409932057919959	-23.214808362395683	1.0
ORTHO009863	1	0.8410670214922626	-22.962781499456966	1.0
ORTHO008761	1	0.8410848115710826	-22.58453913572864	1.0
ORTHO009961	1	0.8410990808479275	-23.421891346103898	1.0
ORTHO009904	1	0.841139450800907	-22.820691733640324	1.0
ORTHO005920	2	0.8411443446508649	-22.43222364336173	1.0
ORTHO009799	1	0.841201085215391	-22.681510667595283	1.0
ORTHO007051	1	0.8412018486715702	-25.128857720751306	1.0
ORTHO010087	1	0.84122426020657	-23.24247390577973	1.0
ORTHO001452	2	0.8412273401590175	-26.490216171751552	1.0
ORTHO000874	1	0.8413100963634328	-26.774840884614548	1.0
ORTHO009917	1	0.8413686338582506	-22.792609876071033	1.0
ORTHO000285_1	1	0.8413768847656724	-28.153761348396824	1.0
ORTHO005458	1	0.8414159351939909	-23.134827932413735	1.0
ORTHO009893	1	0.841446358932632	-23.42733681047881	1.0
ORTHO008460	1	0.8415440592381067	-23.422868821936742	1.0
ORTHO009880	1	0.8415554299036179	-22.487732732807846	1.0
ORTHO000315_2	1	0.8415925545919541	-25.759521886366716	1.0
ORTHO001979	1	0.8415972500644898	-26.079723265388605	1.0
ORTHO004557	1	0.8418254067985436	-23.61864918155335	1.0
ORTHO007362	1	0.8418517489703239	-21.78639316799007	1.0
ORTHO008468	1	0.8419427497776838	-22.500789207418944	1.0
ORTHO002952	1	0.841955454115323	-26.403814358968624	1.0
ORTHO006225	1	0.842101860898052	-25.0406890704669	1.0
ORTHO002195	1	0.8421870182933758	-28.54342010426881	1.0
ORTHO002402	1	0.8422102112166274	-27.660072220256186	1.0
ORTHO003570	1	0.8422158022754879	-24.992666135641606	1.0
ORTHO008426	1	0.8424445496155267	-24.873765968105896	1.0
ORTHO006821	1	0.8424963376180348	-27.034759338843134	1.0
ORTHO004379	1	0.842725069493635	-25.92426632765905	1.0
ORTHO009867	1	0.8427318937962653	-21.915988711907676	1.0
ORTHO008766	1	0.8428550657653097	-22.20859406861525	1.0
ORTHO008160	1	0.8429064098656016	-26.89055239581503	1.0
ORTHO004636	1	0.842926912838587	-23.869305943239883	1.0
ORTHO008606	1	0.8429891303746958	-21.58839566541005	1.0
ORTHO000554_1	1	0.8430304258893981	-28.32813529867897	1.0
ORTHO005921	2	0.8430466429139165	-23.364025596831645	1.0
ORTHO003754	1	0.8431029110924853	-24.71641507814596	1.0
ORTHO001857	1	0.843123030320399	-26.924294673453424	1.0
ORTHO002054	1	0.843398150215853	-27.321315600964258	1.0
ORTHO002424	1	0.8435647896360212	-28.76560328971831	1.0
ORTHO006898	1	0.8436764861878329	-26.311743347925603	1.0
ORTHO007249	1	0.8438533155183215	-23.381770503247587	1.0
ORTHO005870	1	0.8438719188356772	-24.126664744693116	1.0
ORTHO005745	1	0.8440147838777602	-24.446968772313475	1.0
ORTHO000840_1	2	0.8440433957209734	-26.433653270132716	1.0
ORTHO008532	1	0.8441129940210691	-22.918488691344113	1.0
ORTHO002174	1	0.8442437199360882	-25.053627264250174	1.0
ORTHO007662	1	0.8444028516566219	-23.950879983701967	1.0
ORTHO004556	1	0.8444155090497764	-26.948097673592677	1.0
ORTHO002713	1	0.844464098864267	-28.3560477200634	1.0
ORTHO008422	1	0.8444827518052648	-23.231598694439388	1.0
ORTHO008577	1	0.8445711908611843	-22.87137839347899	1.0
ORTHO005615	1	0.8446932452656112	-24.445441299274083	1.0
ORTHO006412	1	0.8447171510888245	-24.19061998310002	1.0
ORTHO004617	1	0.8447602132279388	-23.06391883479395	1.0
ORTHO004001	1	0.8448080871444046	-27.247910755980232	1.0
ORTHO007271	1	0.8449724723412025	-23.972850496676816	1.0
ORTHO005290	1	0.8450749261089922	-27.42843697726563	1.0
ORTHO002721	2	0.8451442005049066	-26.819487430444596	1.0
ORTHO009092	1	0.8453971387258966	-21.929746516128173	1.0
ORTHO002030	1	0.8454391880220136	-27.073985761391477	1.0
ORTHO009461	2	0.8455131638062066	-24.18517616577724	1.0
ORTHO008693	1	0.8456103433285367	-24.987892524053553	1.0
ORTHO006944	1	0.8461805593414257	-26.37465592923222	1.0
ORTHO007010	1	0.8461811950958088	-23.314625729085492	1.0
ORTHO003776	1	0.8464108956777585	-26.198946862604224	1.0
ORTHO002888	1	0.8464691821761775	-25.330370139842493	1.0
ORTHO006312	1	0.8465079922728331	-23.029165087779752	1.0
ORTHO003947	1	0.8465082133218806	-23.886831976645535	1.0
ORTHO001746_1	1	0.8466050827750934	-22.463469105199167	1.0
ORTHO007904	1	0.846670838500816	-24.130094960024568	1.0
ORTHO008478	1	0.8468151432495346	-24.940018292896347	1.0
ORTHO006163	1	0.8470791816723254	-28.260776443402676	1.0
ORTHO006777	1	0.8471010758705403	-24.409523796265493	1.0
ORTHO001198	1	0.847135104223304	-26.670708683951098	1.0
ORTHO007152	2	0.8472173869419588	-24.969670866335917	1.0
ORTHO004928	1	0.8472235825240527	-24.919299006600173	1.0
ORTHO000748	1	0.8473313557593662	-29.245948495711204	1.0
ORTHO007227	1	0.84740463167991	-22.578174035958714	1.0
ORTHO007428	1	0.8474851626385438	-23.79974517442582	1.0
ORTHO000973	1	0.8475822292171987	-28.581560121574416	1.0
ORTHO000507_1	1	0.8476212671343489	-27.353671047412647	1.0
ORTHO001400_2	1	0.847638263030748	-24.11719103925149	1.0
ORTHO003710	1	0.8477574952242015	-25.35466586180379	1.0
ORTHO000853_1	1	0.8477934183173715	-25.249105888442507	1.0
ORTHO006619	1	0.8478977390378951	-22.87450944464375	1.0
ORTHO007250	1	0.8479917562771343	-22.501415715121862	1.0
ORTHO006579	1	0.8481027447010332	-24.101446312086072	1.0
ORTHO005733	1	0.8481419526282125	-23.203843054939973	1.0
ORTHO007066	1	0.8482637322614166	-23.66965982234644	1.0
ORTHO001547	2	0.8484322661455447	-29.03195641869297	1.0
ORTHO003079	1	0.8485475783803148	-25.034102832792787	1.0
ORTHO003171	1	0.8485586008292745	-24.94394743049918	1.0
ORTHO007359	1	0.8486233039577085	-22.6311106696885	1.0
ORTHO005208	1	0.848859222604124	-27.73485588493769	1.0
ORTHO002234	2	0.8488859494720759	-26.76849803279898	1.0
ORTHO006642	1	0.8490288772189882	-24.74135483543895	1.0
ORTHO003351	2	0.8492679448775877	-24.19795866319238	1.0
ORTHO007458	1	0.8492737311734836	-25.232313914381383	1.0
ORTHO008125	1	0.8493821996386479	-24.053006901149097	1.0
ORTHO001210_1	1	0.8494835133810742	-24.30691674368759	1.0
ORTHO004117	2	0.8494983820869515	-25.14737198646756	1.0
ORTHO003938	2	0.8498703120394501	-24.05341334385859	1.0
ORTHO007118	1	0.8498886685920655	-25.47292059495092	1.0
ORTHO009415	1	0.8499724994330587	-23.656051394717963	1.0
ORTHO009419	1	0.8500048274224956	-23.966873117093538	1.0
ORTHO008561	1	0.8500106801268366	-23.711113763191968	1.0
ORTHO002587	1	0.8500332005719119	-24.713629731068433	1.0
ORTHO000256_3	1	0.8500428035504326	-25.42226013222859	1.0
ORTHO006961	1	0.850098627242548	-23.21956491645533	1.0
ORTHO002405	1	0.8501927902678241	-25.801285567530943	1.0
ORTHO001878	1	0.8502135513625882	-26.79332630117395	1.0
ORTHO009407	1	0.8502207558174928	-23.104454968453936	1.0
ORTHO004280	1	0.8502436176665099	-26.256332685939654	1.0
ORTHO009203	1	0.8503800577855596	-23.606054018527477	1.0
ORTHO005415	1	0.8505018577689335	-26.424500768647462	1.0
ORTHO009462	1	0.8505549979923256	-23.7470409816876	1.0
ORTHO007074	1	0.8505572711544195	-24.049844781571057	1.0
ORTHO008022	1	0.8506101682192201	-25.293236452054344	1.0
ORTHO004156	1	0.8506212515000124	-23.491239028150332	1.0
ORTHO004576	1	0.8506487142879008	-24.497449194275916	1.0
ORTHO000350_2	1	0.8506763185349868	-22.976359030146114	1.0
ORTHO002281	1	0.8506831394489182	-26.416958157423537	1.0
ORTHO000485_1	1	0.8508340098318925	-28.784461348324932	1.0
ORTHO005052	1	0.8508498516142781	-22.594207539806668	1.0
ORTHO005086	1	0.8508748956109999	-23.909771158880975	1.0
ORTHO004310	1	0.8510309091266315	-23.923314768199273	1.0
ORTHO009470	1	0.8510840819848227	-23.31160868293109	1.0
ORTHO008148	1	0.8512047911606445	-23.889408380960358	1.0
ORTHO006990	1	0.851379787639333	-23.614894967786523	1.0
ORTHO003090	1	0.8515344448767136	-25.12760118608376	1.0
ORTHO009175	1	0.8516392266772633	-23.546582480752118	1.0
ORTHO005550	1	0.8516505929510719	-23.257084328022334	1.0
ORTHO003551	1	0.8516893162453143	-23.352262986017077	1.0
ORTHO002999	1	0.8517459216757701	-28.24920208589266	1.0
ORTHO007240	1	0.8517823674857483	-22.740987198311426	1.0
ORTHO007735	1	0.8518470536390035	-27.27590630058204	1.0
ORTHO008187	1	0.8519138159104572	-22.758655139269248	1.0
ORTHO009210	1	0.8519591576736332	-23.37316588038983	1.0
ORTHO006883	1	0.8521612437963376	-23.087047944843306	1.0
ORTHO009380	2	0.8524157771051323	-23.021649238180444	1.0
ORTHO005534	1	0.8525145531684637	-25.172965363232116	1.0
ORTHO008263	1	0.85252170254052	-22.932914596471	1.0
ORTHO009552	1	0.852561389915143	-23.418403430665084	1.0
ORTHO006392	1	0.852784101466616	-23.101526540230005	1.0
ORTHO005437	1	0.8527947571370076	-24.139400819025422	1.0
ORTHO006167	1	0.8528520265151093	-24.589491397791477	1.0
ORTHO006259	1	0.8529388029490635	-26.6860818839023	1.0
ORTHO005111	1	0.8529507373397431	-26.363234587353055	1.0
ORTHO002782	1	0.8529642808329857	-24.551790565048677	1.0
ORTHO007505	1	0.8529946518833075	-24.456030459791904	1.0
ORTHO005736	1	0.8530479318684009	-25.027077386389184	1.0
ORTHO004326	1	0.8531761384782777	-25.54764710693208	1.0
ORTHO008462	1	0.8532476633664643	-23.879949768252054	1.0
ORTHO007164	1	0.853519896698926	-22.58853403795196	1.0
ORTHO007038	1	0.8535375887791543	-26.535269133455426	1.0
ORTHO004480	1	0.8535889634070979	-25.237561972324524	1.0
ORTHO009201	1	0.8536622830218697	-23.17148253191831	1.0
ORTHO009331	1	0.853748170141204	-23.72412345993299	1.0
ORTHO002447	1	0.8537584645577255	-26.418759984143147	1.0
ORTHO006983	1	0.8537944669477261	-22.33750296466052	1.0
ORTHO003855	1	0.853867701252195	-27.991029596529874	1.0
ORTHO009620	1	0.8539480032805082	-23.71936545448657	1.0
ORTHO008727	1	0.8539683778659386	-24.24827795162546	1.0
ORTHO000775	1	0.8542019173111575	-32.094523174420615	1.0
ORTHO001737	2	0.8542310474297932	-26.124992753219324	1.0
ORTHO003829	1	0.8542775156612834	-25.74409090367439	1.0
ORTHO008472	1	0.8544218959354504	-23.265283190114957	1.0
ORTHO009602	1	0.8544407587120503	-22.900992918405887	1.0
ORTHO009573	1	0.8544600629030837	-22.584267151845076	1.0
ORTHO006862	1	0.8545551423697662	-25.537910275776895	1.0
ORTHO001793	1	0.8546665877598136	-26.43025056705244	1.0
ORTHO000709	1	0.854697075956309	-31.30754892266495	1.0
ORTHO003056	1	0.854743879708672	-24.885612915692935	1.0
ORTHO009353	1	0.8547860924706441	-24.411870345398206	1.0
ORTHO002745	1	0.8548215822794815	-23.958977728241415	1.0
ORTHO005856	1	0.8548238944514068	-23.507097579756326	1.0
ORTHO005637	1	0.8548285766189028	-26.272111041610636	1.0
ORTHO007255	1	0.8548400204309682	-22.746634214415366	1.0
ORTHO009391	1	0.8548631716062854	-23.41894389775457	1.0
ORTHO005525	1	0.8548732910167127	-24.731093239978136	1.0
ORTHO005721	1	0.8549497561187189	-25.345697680064774	1.0
ORTHO009524	1	0.855017304228045	-24.125818643909327	1.0
ORTHO009661	2	0.8551335657461104	-22.46115940001734	1.0
ORTHO009423	1	0.8553142689912782	-23.589724467917332	1.0
ORTHO009622	1	0.855314681110134	-24.735819117100437	1.0
ORTHO007015	1	0.8555444197801342	-22.962176876213945	1.0
ORTHO005367	1	0.8555797302910714	-27.976579807106454	1.0
ORTHO000563	1	0.8556005472112551	-31.495152981647053	1.0
ORTHO009527	1	0.8556077551794269	-23.145217215526895	1.0
ORTHO007671	1	0.8557063554398741	-24.414983481521688	1.0
ORTHO003465	1	0.8557746849595534	-23.925567024795175	1.0
ORTHO006988	1	0.8558058055421627	-26.85415685683574	1.0
ORTHO009526	1	0.8558475891190769	-23.584439176055664	1.0
ORTHO001999	1	0.8559690359736443	-29.978560252476306	1.0
ORTHO004540	1	0.8559786816939293	-23.872174190005627	1.0
ORTHO002336	1	0.8560566399921044	-27.765168500448237	1.0
ORTHO007863	1	0.8561210194635642	-26.791380376864453	1.0
ORTHO009382	1	0.8561670933315909	-24.264660168894288	1.0
ORTHO007162	1	0.8562549874638754	-24.74642767284872	1.0
ORTHO009687	1	0.8562950939905002	-24.17966807874201	1.0
ORTHO009654	1	0.8563605313970354	-23.299845766395645	1.0
ORTHO006264	1	0.856370860538621	-23.73129532799195	1.0
ORTHO001894	2	0.8564019759372736	-26.594332687727753	1.0
ORTHO009172	1	0.8564448622303957	-23.73055829994694	1.0
ORTHO008003	1	0.856505014626472	-23.741901028349485	1.0
ORTHO005398	1	0.8567016162827481	-25.455176480906037	1.0
ORTHO004971	2	0.8567464193059537	-25.0414080906989	1.0
ORTHO007184	1	0.8568070879216867	-24.152360225506175	1.0
ORTHO001438_1	1	0.8569113266979951	-23.926002776409533	1.0
ORTHO009523	1	0.8570295267561854	-24.465692665719576	1.0
ORTHO009511	1	0.8570379193083534	-23.473758075532572	1.0
ORTHO010021	1	0.8570483752467578	-26.247143776231567	1.0
ORTHO006003	1	0.857159095498933	-24.246020491495095	1.0
ORTHO007688	1	0.8573568617589706	-23.681344777993306	1.0
ORTHO005340	1	0.857358856087966	-23.41507682416035	1.0
ORTHO006241	1	0.8574524655786205	-23.114079008857594	1.0
ORTHO009495	1	0.8574708979518094	-23.88901585816583	1.0
ORTHO006497	1	0.8576972641144683	-24.18659417580429	1.0
ORTHO009282	1	0.8577089021515153	-24.35815647796119	1.0
ORTHO004430	1	0.8577850710675508	-26.250554082887987	1.0
ORTHO006180	1	0.8578000646997167	-25.051073924824927	1.0
ORTHO008389	1	0.8580175106461196	-26.0998873640419	1.0
ORTHO006219	1	0.8580677357968853	-24.045306560386162	1.0
ORTHO007338	1	0.8580704566445551	-23.422132007834264	1.0
ORTHO007623	1	0.8580780436593349	-25.930193147535544	1.0
ORTHO008209	1	0.8583086965212576	-23.571822052691136	1.0
ORTHO000535	1	0.8583502991270883	-34.173418541079556	1.0
ORTHO009273	1	0.8584817954124992	-25.086114666986916	1.0
ORTHO008334	1	0.8585273119891714	-24.10066847993086	1.0
ORTHO000436_1	1	0.8585752584420423	-28.128499976504198	1.0
ORTHO008343	1	0.8586113558009417	-22.743687683352245	1.0
ORTHO008218	1	0.8586783231198946	-24.20784172591363	1.0
ORTHO000673	1	0.8586891395264742	-33.05479796809908	1.0
ORTHO002589	1	0.8586973520286878	-25.20916288800085	1.0
ORTHO000947	1	0.8587252900778946	-30.342808998580544	1.0
ORTHO005266	1	0.8587286097867459	-24.83205810385073	1.0
ORTHO007165	1	0.8588740866436994	-24.579782310428406	1.0
ORTHO002901	1	0.8588747071241631	-25.97166253882293	1.0
ORTHO002553	1	0.85895178020119	-26.62684444639449	1.0
ORTHO008737	1	0.8589866182111576	-23.28373507701593	1.0
ORTHO008510	1	0.8590802876149644	-23.978536390299634	1.0
ORTHO009444	1	0.8591220577754648	-24.164623508741816	1.0
ORTHO007966	1	0.8591620328421682	-25.96918246608581	1.0
ORTHO008230	1	0.8591906305917612	-23.1238619297322	1.0
ORTHO010049	1	0.8592494566642198	-25.120556062415915	1.0
ORTHO006851	1	0.8593107750172764	-25.060339578704497	1.0
ORTHO008418	1	0.8593620726370461	-24.882820460152836	1.0
ORTHO003442	1	0.8594433391019776	-24.604506204700247	1.0
ORTHO007680	1	0.8597082910175632	-24.099595586204156	1.0
ORTHO007171	1	0.8597662345683738	-24.1744163280149	1.0
ORTHO007069	1	0.8598628845708763	-24.237456514807686	1.0
ORTHO008131	1	0.8600354070415536	-26.203484123316123	1.0
ORTHO006807	1	0.8600432058238863	-24.230765552029702	1.0
ORTHO005037	1	0.860049469384839	-26.48664906535075	1.0
ORTHO001283_1	1	0.8601104148477672	-27.85468453506746	1.0
ORTHO010020	1	0.8601359364207761	-26.316268924402774	1.0
ORTHO004442	1	0.8601401077468226	-24.644487275300296	1.0
ORTHO009418	1	0.8602055458680224	-22.953722391613397	1.0
ORTHO005610	1	0.8603517283711383	-23.536434284592026	1.0
ORTHO007646	1	0.8605395147293411	-23.781887220723434	1.0
ORTHO004736	1	0.8605616021057083	-29.484152296603718	1.0
ORTHO008403	1	0.8606291499094768	-22.5554552176343	1.0
ORTHO000846_3	1	0.8607700617213007	-23.090895505874986	1.0
ORTHO006974	1	0.8609168073202386	-24.99328763016206	1.0
ORTHO002688	1	0.8610224709852201	-28.51492180367962	1.0
ORTHO004387	1	0.8610498589681784	-24.18395591758567	1.0
ORTHO007141	1	0.8610567003334682	-24.400748427713054	1.0
ORTHO003536	1	0.8610843767519815	-25.597508242335447	1.0
ORTHO008347	1	0.8611149260631565	-24.327171900357804	1.0
ORTHO006818	1	0.8611378915411014	-24.694074529408756	1.0
ORTHO007037	1	0.8611418279085707	-25.80078459960212	1.0
ORTHO009280	1	0.8612034592059898	-23.764818532799907	1.0
ORTHO005429	1	0.8612158781227323	-27.692201785610024	1.0
ORTHO009209	1	0.8612411721574765	-24.340993554505054	1.0
ORTHO006640	1	0.861271497996037	-25.19778541273894	1.0
ORTHO009354	1	0.8614586180182486	-24.351518057596	1.0
ORTHO010031	1	0.861529125679527	-24.05283626781843	1.0
ORTHO009592	1	0.8616629697241049	-23.047796518731573	1.0
ORTHO010060	1	0.8616640038023392	-25.18350811860158	1.0
ORTHO008240	1	0.8617428231319854	-24.11265897266934	1.0
ORTHO001771	1	0.8619252911077441	-26.884824904764205	1.0
ORTHO008526	1	0.8619582538484164	-23.304729042818046	1.0
ORTHO008361	1	0.8619700780156107	-25.190333398885716	1.0
ORTHO010402	1	0.8620088467945836	-25.67624526081529	1.0
ORTHO006299	1	0.8621382843598253	-24.203510134216316	1.0
ORTHO005728	1	0.8621898915674352	-25.23048240671307	1.0
ORTHO008471	1	0.8622136064972366	-23.11334773053747	1.0
ORTHO006271	1	0.8622203329973035	-24.325467107801675	1.0
ORTHO002013	1	0.8622486938602002	-26.29259011774765	1.0
ORTHO010196	1	0.8623432325958692	-26.311866247675184	1.0
ORTHO009179	1	0.8623907565063511	-24.11757097119306	1.0
ORTHO006828	1	0.8624625453997861	-25.174422911376098	1.0
ORTHO005594	2	0.8624809207718905	-24.40336521582128	1.0
ORTHO001064_1	1	0.8625078366352714	-27.75000330898557	1.0
ORTHO007070	1	0.8625325166735477	-24.996163453770723	1.0
ORTHO008551	1	0.8625847612087548	-26.91962384803586	1.0
ORTHO004626	1	0.8626205224531909	-27.063028451236708	1.0
ORTHO000695_1	1	0.8626687654157819	-26.656569328636884	1.0
ORTHO003550	2	0.8627947000392	-24.25588894299325	1.0
ORTHO008808	1	0.8628174016616236	-25.00045739482407	1.0
ORTHO008217	1	0.8629041198358531	-23.689111090156153	1.0
ORTHO000631	2	0.863010345302171	-31.537391318667755	1.0
ORTHO001932_1	1	0.8630393868706843	-24.088165959124385	1.0
ORTHO004255	2	0.8630828632763962	-26.09140802706056	1.0
ORTHO000533_1	1	0.8631139097128976	-23.756785611987333	1.0
ORTHO010551	1	0.8631840800054583	-25.808275117471243	1.0
ORTHO006136	1	0.8632081488495287	-26.725575827405688	1.0
ORTHO008994	1	0.8632151448339702	-24.822336625441867	1.0
ORTHO009105	1	0.8632467839282664	-24.43872457109081	1.0
ORTHO002432	1	0.8632985561734887	-24.357665112785458	1.0
ORTHO007215	1	0.8634706926849095	-22.4882342796646	1.0
ORTHO007520	2	0.8635216461819061	-23.086166757295352	1.0
ORTHO005498	1	0.8635405169880721	-23.47767961554549	1.0
ORTHO009330	1	0.8636074105720232	-22.998216190513773	1.0
ORTHO008816	1	0.8636250726133394	-24.378183819950788	1.0
ORTHO008522	1	0.863674786544312	-22.97007108213919	1.0
ORTHO000978	1	0.8638699497859471	-28.330257908350312	1.0
ORTHO003935	1	0.8638836236132562	-24.93863325920584	1.0
ORTHO009357	1	0.8639444335897913	-23.557702370396928	1.0
ORTHO010556	1	0.8640513280142035	-24.0083895157008	1.0
ORTHO000572_2	1	0.8641236883331384	-24.748935301112606	1.0
ORTHO005931	1	0.8641250037375493	-25.480704060447547	1.0
ORTHO009085	1	0.8641309231382426	-23.630664561028098	1.0
ORTHO008363	1	0.8643159883873587	-23.184685485939692	1.0
ORTHO005233	1	0.8643229024262781	-25.74095801902012	1.0
ORTHO002871	1	0.8644739684419346	-25.712734924644913	1.0
ORTHO009217	1	0.8644849461204236	-24.55979579183842	1.0
ORTHO008132	1	0.8644892604437519	-25.62315913137465	1.0
ORTHO006513	1	0.8645664691398055	-27.58816302090026	1.0
ORTHO010559	1	0.8646049138682211	-24.106985909455883	1.0
ORTHO008947	1	0.8646360454841076	-25.484976029913014	1.0
ORTHO004608	1	0.8646591133900247	-23.150007896681025	1.0
ORTHO006256	1	0.8646886724927851	-23.665064063531208	1.0
ORTHO010557	1	0.8646998217948944	-23.92141902401753	1.0
ORTHO010300	1	0.8647350321540545	-24.926575706902376	1.0
ORTHO006302	1	0.8647728500244283	-23.94681149878096	1.0
ORTHO009613	1	0.86481935700911	-26.269162170002428	1.0
ORTHO008587	1	0.8648433551148006	-25.47997646693372	1.0
ORTHO009288	1	0.8648468290633498	-25.750772502269474	1.0
ORTHO008371	1	0.8648519884647612	-22.976767927218912	1.0
ORTHO007661	1	0.8648741565054544	-23.873866689202647	1.0
ORTHO005566	1	0.8649551741855359	-24.404280524231083	1.0
ORTHO007301	1	0.8650093307076088	-24.464299849138232	1.0
ORTHO001032	2	0.8650450903668613	-29.28774460998983	1.0
ORTHO007373	1	0.8651292907565695	-24.87616370860155	1.0
ORTHO007111	1	0.8651564581862805	-24.82518908204117	1.0
ORTHO009563	1	0.8651992253193556	-23.06754105404299	1.0
ORTHO007027	1	0.8652138506768435	-23.719613138679335	1.0
ORTHO010587	1	0.8652864562333292	-24.706015484121718	1.0
ORTHO009559	1	0.8653883157028239	-23.278617900794796	1.0
ORTHO009281	1	0.8654648231515165	-23.561176378187778	1.0
ORTHO008479	1	0.8654700801250276	-23.361663670056593	1.0
ORTHO004288	1	0.8654818684145529	-26.508298638086078	1.0
ORTHO009206	1	0.8655386659144276	-23.956669029524367	1.0
ORTHO005850	1	0.8655666999653471	-26.54120762636053	1.0
ORTHO005085	1	0.8655727056417168	-24.595935825945084	1.0
ORTHO008450	1	0.8655893517940076	-24.650497671199783	1.0
ORTHO007481	1	0.8655900385786968	-24.002691585735352	1.0
ORTHO010477	1	0.8656042081630179	-25.0974809792034	1.0
ORTHO009566	1	0.8656235606057067	-24.700355543185673	1.0
ORTHO005448	1	0.8656417816623873	-22.768959302253503	1.0
ORTHO002104	1	0.8656684842576066	-26.202007416602612	1.0
ORTHO002662	1	0.8657250660027139	-26.490385501981677	1.0
ORTHO007960	1	0.8658257051318652	-24.722604229443704	1.0
ORTHO009014	1	0.8658703769994788	-24.290049805116514	1.0
ORTHO010223	1	0.865893586454319	-23.817694526045806	1.0
ORTHO003996	1	0.8659134511694444	-26.611828297895258	1.0
ORTHO008387	1	0.8659164184657065	-23.902795259237745	1.0
ORTHO001831	1	0.8659279467343669	-27.927150648493832	1.0
ORTHO009545	1	0.8661752821150583	-25.454031376212907	1.0
ORTHO010472	1	0.8661852264302339	-24.295641419469117	1.0
ORTHO007014	1	0.8661877272014956	-24.91535411843915	1.0
ORTHO008067	1	0.8661881958811484	-23.880959215934716	1.0
ORTHO010493	1	0.8662479140668796	-24.149495498701512	1.0
ORTHO009348	1	0.8663732355184222	-25.774525577405278	1.0
ORTHO010462	1	0.8664086849988396	-24.553045051786878	1.0
ORTHO009549	1	0.8664935538248134	-23.135522628984745	1.0
ORTHO007300	1	0.8665701491938178	-24.044209366349673	1.0
ORTHO010540	1	0.8665901230182379	-24.7796633446636	1.0
ORTHO005219	1	0.8666134254773793	-25.13053137964395	1.0
ORTHO003782	1	0.8666389786424488	-24.228406228861232	1.0
ORTHO009657	1	0.8666502568718424	-22.992451525235605	1.0
ORTHO009536	1	0.8666813952189568	-23.01749416439001	1.0
ORTHO006800	1	0.8666998823398165	-24.304429784142314	1.0
ORTHO010476	1	0.8667543521539176	-25.191219698353414	1.0
ORTHO002457	1	0.8668396504433429	-26.47295528061492	1.0
ORTHO010558	1	0.8668689698713568	-26.581757242116176	1.0
ORTHO006647	1	0.8669610423158389	-27.028799978404667	1.0
ORTHO010424	1	0.8670433850372528	-24.702324775983676	1.0
ORTHO008506	1	0.8671574072589079	-23.389966620468844	1.0
ORTHO009068	1	0.8671945114200338	-24.706479108981842	1.0
ORTHO009291	1	0.8672453027159905	-25.377870391715184	1.0
ORTHO001843	1	0.8672558036387342	-28.098853925869715	1.0
ORTHO009476	1	0.8672969835278797	-23.829471127903787	1.0
ORTHO009296	1	0.8673467127111889	-23.915420472089004	1.0
ORTHO009229	1	0.8674114877682287	-24.074924462418128	1.0
ORTHO009673	1	0.8674174070956008	-24.700699895657895	1.0
ORTHO010494	1	0.8674181683957003	-25.72488664375291	1.0
ORTHO001407	3	0.8674346270579767	-26.711923135966366	1.0
ORTHO003600	1	0.8674804296317761	-24.438647577754633	1.0
ORTHO010598	1	0.8674819709486279	-24.064251985202468	1.0
ORTHO004166	2	0.8675068423423848	-25.081502230830775	1.0
ORTHO008127	1	0.8675292097236644	-28.001173202782574	1.0
ORTHO007751	1	0.8675777747092188	-24.817807888454784	1.0
ORTHO003694	1	0.8676545211775529	-29.362766841360294	1.0
ORTHO010574	1	0.8677073064048912	-23.295745683000227	1.0
ORTHO010570	1	0.8677515036651281	-22.954246664245932	1.0
ORTHO010595	1	0.8677515036651281	-22.954246664245932	1.0
ORTHO002978	1	0.8677685037576534	-27.62793768896705	1.0
ORTHO010216	1	0.8679279429754138	-25.319622635980355	1.0
ORTHO002850	1	0.8680751638633595	-23.925386373114	1.0
ORTHO009666	1	0.8681827752204154	-23.95394275264835	1.0
ORTHO009301	1	0.8682423780212052	-23.346237897375136	1.0
ORTHO010339	1	0.8682504743855957	-25.217850235362373	1.0
ORTHO010575	1	0.8682765381766979	-23.16649895050525	1.0
ORTHO010590	1	0.8682765381766979	-23.16649895050525	1.0
ORTHO010596	1	0.8682765381766979	-23.16649895050525	1.0
ORTHO010599	1	0.8682765381766979	-23.16649895050525	1.0
ORTHO010572	1	0.8682954982596565	-22.849741189583764	1.0
ORTHO010577	1	0.8682954982596565	-22.849741189583764	1.0
ORTHO010584	1	0.8682954982596565	-22.849741189583764	1.0
ORTHO007308	1	0.8683101119363972	-25.648714808211242	1.0
ORTHO010459	1	0.8684032972385036	-23.521553942909467	1.0
ORTHO009487	1	0.868532966521779	-23.972263385232125	1.0
ORTHO009319	1	0.8685492937268916	-22.913146092275138	1.0
ORTHO008467	1	0.8685772473722958	-23.482598182444665	1.0
ORTHO009522	1	0.8686332304843701	-24.465188621496846	1.0
ORTHO007928	1	0.8686737663717569	-24.038223908881058	1.0
ORTHO007838	1	0.8686858790818741	-23.146762937647672	1.0
ORTHO009325	1	0.8686994978947911	-23.193953820146326	1.0
ORTHO003715	1	0.8687289039514449	-23.68957160709839	1.0
ORTHO000382_1	1	0.8688048781991144	-26.318243540181623	1.0
ORTHO010525	1	0.8688339850626529	-25.238740967641	1.0
ORTHO006080	1	0.8689031805532885	-29.096098136190538	1.0
ORTHO007009	1	0.8689270800275023	-23.559518327728608	1.0
ORTHO010573	1	0.8689388125727682	-23.13634122941546	1.0
ORTHO010580	1	0.8689388125727682	-23.13634122941546	1.0
ORTHO010585	1	0.8689388125727682	-23.13634122941546	1.0
ORTHO007950	1	0.8689767691124829	-22.866392978174396	1.0
ORTHO010430	1	0.868994509558701	-26.85646405975516	1.0
ORTHO006279	2	0.8690589863070427	-24.06551424761213	1.0
ORTHO009173	1	0.8690957897017138	-24.397447952371035	1.0
ORTHO007414	1	0.8692598782301479	-24.06076235017452	1.0
ORTHO004973	2	0.8692824656056038	-24.17205235544709	1.0
ORTHO000641_1	2	0.869289620140732	-27.402248876130606	1.0
ORTHO008463	1	0.8693620298293192	-23.209130275893564	1.0
ORTHO009935	1	0.8693715843454232	-25.88913744225044	1.0
ORTHO009680	1	0.86938824166329	-23.653666872549955	1.0
ORTHO007543	1	0.8693918411587835	-25.907444186887226	1.0
ORTHO009340	1	0.869455077066077	-24.461012498179567	1.0
ORTHO009128	1	0.8695091170085801	-24.771072953154984	1.0
ORTHO004577	1	0.8695197816438726	-22.856964198524732	1.0
ORTHO009451	1	0.869653181209498	-23.523728750362302	1.0
ORTHO002240	1	0.8696721521319617	-26.41815559403459	1.0
ORTHO008509	1	0.8696881029127549	-22.563986758092458	1.0
ORTHO009466	1	0.869701638571031	-22.797680341312372	1.0
ORTHO008291	1	0.8697539453732955	-24.36606443041464	1.0
ORTHO007245	1	0.8698291316909138	-22.89790441836046	1.0
ORTHO001441	1	0.8698861229580125	-29.391891313584466	1.0
ORTHO009283	1	0.8699327160438205	-26.191506190577325	1.0
ORTHO001566	1	0.8699550000946424	-27.310516657902397	1.0
ORTHO010416	1	0.8700270286829622	-24.76656007665396	1.0
ORTHO006632	1	0.8700285674770243	-23.764740917488197	1.0
ORTHO008280	1	0.8700300848587387	-25.547450638591478	1.0
ORTHO005777	1	0.870057213781231	-27.253733053269542	1.0
ORTHO010496	1	0.8700910044810134	-23.273224757876097	1.0
ORTHO009605	1	0.8700994259716539	-23.562611961291587	1.0
ORTHO006334	1	0.8700997739834287	-25.931822654911365	1.0
ORTHO001174_2	1	0.8701125578675831	-24.786817713270345	1.0
ORTHO009683	1	0.8701210558302878	-23.96802832741164	1.0
ORTHO010464	1	0.8701389276566025	-24.911656007982575	1.0
ORTHO006208	1	0.8701437990084075	-23.41512586430509	1.0
ORTHO004937	1	0.8701515697082168	-24.44278862178546	1.0
ORTHO010203	1	0.8701754762225247	-24.475869663038033	1.0
ORTHO008513	1	0.8702001124919934	-23.1612404767503	1.0
ORTHO009278	1	0.8702045903751167	-27.284093921239933	1.0
ORTHO010377	1	0.8702196181177259	-26.30692237723454	1.0
ORTHO010299	1	0.8702303439531706	-24.726152149892506	1.0
ORTHO010350	1	0.8702303439531706	-24.726152149892506	1.0
ORTHO001644	1	0.870258369219823	-29.671315173124786	1.0
ORTHO009351	1	0.8702639797643118	-25.765776837274597	1.0
ORTHO006488	1	0.8702663493256236	-23.213821132956188	1.0
ORTHO006555	1	0.8703060999934372	-23.749104853698956	1.0
ORTHO008317	1	0.8703731692591052	-23.125939419012877	1.0
ORTHO010404	1	0.8703988469198701	-24.338634834061516	1.0
ORTHO010498	1	0.8704020967180636	-25.22441534033588	1.0
ORTHO003538	1	0.8704434233455658	-25.860408979904125	1.0
ORTHO007891	1	0.8704551433708402	-25.345981337473834	1.0
ORTHO009384	1	0.8705063126848374	-22.981744609687915	1.0
ORTHO008056	1	0.8705598822982857	-24.131913333698762	1.0
ORTHO009289	1	0.8705648496270808	-23.72857975790983	1.0
ORTHO010408	1	0.8706408193396086	-25.200172974062767	1.0
ORTHO003002	1	0.8706850744290121	-27.839127739885544	1.0
ORTHO007984	1	0.8707575496070228	-24.03029910367968	1.0
ORTHO009343	1	0.8707702595213487	-23.82367612256615	1.0
ORTHO010423	1	0.8708205433443845	-23.65754351184195	1.0
ORTHO010363	1	0.8708390176176585	-24.9824182743141	1.0
ORTHO005580	1	0.8708964896647367	-25.01394963950388	1.0
ORTHO009368	1	0.8709231650218144	-24.324528167983665	1.0
ORTHO010403	1	0.8709238227399895	-24.373562819771433	1.0
ORTHO010473	1	0.8709422378949421	-24.797573695033698	1.0
ORTHO001966	1	0.8709710652289858	-27.5693500766066	1.0
ORTHO007733	1	0.8709908938181489	-24.86969187392436	1.0
ORTHO010419	1	0.8710451833023791	-24.511110231680867	1.0
ORTHO004475	1	0.8710591225000793	-27.326964394955354	1.0
ORTHO009256	1	0.871073055866289	-22.814251138673	1.0
ORTHO010329	1	0.8710921272979186	-24.48846959106475	1.0
ORTHO006922	1	0.8711468936734929	-23.184225584828148	1.0
ORTHO010420	1	0.8711514521291592	-24.182412504222658	1.0
ORTHO009497	1	0.8711937293055911	-23.03403247125159	1.0
ORTHO010489	1	0.8711992663581286	-25.126617156799753	1.0
ORTHO010488	1	0.871204603779109	-25.01498421573402	1.0
ORTHO009604	1	0.871207900128072	-23.96125957604939	1.0
ORTHO001118_2	1	0.8712188714533542	-24.36872891153197	1.0
ORTHO010306	1	0.8712190622573506	-24.33418600448811	1.0
ORTHO010394	1	0.8712198903414785	-23.819935507921656	1.0
ORTHO010381	1	0.8712417560105773	-24.381543890595797	1.0
ORTHO009232	1	0.871244447122772	-25.071498683872726	1.0
ORTHO009856	1	0.8712610997540533	-24.364762811180565	1.0
ORTHO009588	1	0.8712787241428029	-23.845863070754252	1.0
ORTHO010282	1	0.8712841718167044	-23.93356539121453	1.0
ORTHO006933	1	0.8713220950914673	-22.956706455995803	1.0
ORTHO009177	1	0.8713459325133945	-27.046797943425233	1.0
ORTHO009594	1	0.871356797514224	-22.772791222780224	1.0
ORTHO005780	1	0.8713695160772463	-24.701022526945277	1.0
ORTHO010303	1	0.8713721447053633	-23.951105812032377	1.0
ORTHO009655	1	0.8713794045413037	-24.12262106362046	1.0
ORTHO010406	1	0.8713822175745027	-23.695581753919527	1.0
ORTHO006740	1	0.871433265257811	-24.277061060710295	1.0
ORTHO010287	1	0.8714449444023739	-26.44910422634681	1.0
ORTHO010470	1	0.8714451186838991	-24.585885379285948	1.0
ORTHO009251	1	0.8715882928422078	-25.802176406148476	1.0
ORTHO008358	1	0.8716544168801903	-23.210234033460722	1.0
ORTHO007901	1	0.8717212271051433	-25.62163780320098	1.0
ORTHO010305	1	0.8717330250087126	-24.032285901083778	1.0
ORTHO006724	1	0.8717483224335473	-24.1510759428735	1.0
ORTHO010337	1	0.8717631677936836	-24.736915631028456	1.0
ORTHO010323	1	0.8717808644234998	-24.49017055557241	1.0
ORTHO001460_2	1	0.8718105431726214	-23.89114873420274	1.0
ORTHO010378	1	0.8718237207471903	-23.733161353262854	1.0
ORTHO008136	1	0.8718831072245852	-23.247545155919692	1.0
ORTHO010328	1	0.8719033316620153	-23.65832318523371	1.0
ORTHO007693	1	0.871924398692989	-23.93908889805189	1.0
ORTHO010284	1	0.8719269502293057	-24.097995672524707	1.0
ORTHO004637	1	0.8719323530812143	-26.42313849508204	1.0
ORTHO010372	1	0.872013349729486	-23.95990786113687	1.0
ORTHO005795	1	0.8720690176355358	-25.39502790143298	1.0
ORTHO010341	1	0.8721136802366207	-24.347476429249465	1.0
ORTHO010356	1	0.8721289390127698	-23.988114108961234	1.0
ORTHO010583	1	0.8721338980104099	-23.54037271296053	1.0
ORTHO010279	1	0.8721666302412979	-23.7810829275898	1.0
ORTHO005184	1	0.8721703003582022	-27.88164050039575	1.0
ORTHO004956	1	0.8722219015763054	-23.80537325555797	1.0
ORTHO010344	1	0.8722234380473358	-23.932801609744864	1.0
ORTHO006466	1	0.8723121609562858	-25.866881767058743	1.0
ORTHO010421	1	0.8723775411848417	-23.63293540660942	1.0
ORTHO010393	1	0.8723924567938125	-23.49518758212648	1.0
ORTHO002729	1	0.8723925592172771	-25.457129169005437	1.0
ORTHO010278	1	0.8724031415542549	-23.11149929012643	1.0
ORTHO010310	1	0.8724131906314786	-23.178332203433598	1.0
ORTHO006293	1	0.872442634141298	-25.779481069961662	1.0
ORTHO009601	1	0.8724723066410512	-23.83831122047241	1.0
ORTHO010331	1	0.8725566769735126	-24.28626077785608	1.0
ORTHO010218	1	0.8725597373366122	-24.12223829720058	1.0
ORTHO010600	1	0.8725759342376882	-23.877647789396708	1.0
ORTHO007056	1	0.872579589938755	-25.95095832263853	1.0
ORTHO010467	1	0.8726021229628677	-23.39630447707936	1.0
ORTHO008797	1	0.8726657702555665	-25.054463901313994	1.0
ORTHO000496	1	0.8726849660863042	-32.51628012317614	1.0
ORTHO009352	1	0.8727022439500483	-24.35839081389837	1.0
ORTHO010342	1	0.8727482422489203	-26.482733199468814	1.0
ORTHO007304	1	0.8728557489410591	-22.382873762908066	1.0
ORTHO006661	1	0.8729037548845158	-23.14188629284171	1.0
ORTHO010522	1	0.8729294352377913	-23.99299344705054	1.0
ORTHO010516	1	0.872931913154197	-23.32905689979164	1.0
ORTHO010589	1	0.8729385649322446	-23.609302456306864	1.0
ORTHO010529	1	0.872948453063692	-23.67622589847056	1.0
ORTHO010582	1	0.872948453063692	-23.67622589847056	1.0
ORTHO008515	1	0.8730113716380261	-23.685779480982703	1.0
ORTHO010468	1	0.8730180247827296	-24.361848640860458	1.0
ORTHO010486	1	0.8730180247827296	-24.361848640860458	1.0
ORTHO010503	1	0.8730370104989732	-24.045080911249464	1.0
ORTHO010592	1	0.8730451299160636	-23.465018787105215	1.0
ORTHO010286	1	0.8730526292776526	-23.630829600408063	1.0
ORTHO010475	1	0.8730741204571508	-24.037351518057346	1.0
ORTHO010400	1	0.8730843777524416	-23.517756440915736	1.0
ORTHO010547	1	0.8731321292440918	-24.277035456345036	1.0
ORTHO010550	1	0.8731599834265769	-24.316136989286143	1.0
ORTHO008189	1	0.8731640644129036	-23.088887874324932	1.0
ORTHO009652	1	0.8731815152026399	-23.102097593964082	1.0
ORTHO010567	1	0.8731941150460364	-23.422142726601667	1.0
ORTHO010308	1	0.8732546883946322	-23.990131703442408	1.0
ORTHO010388	1	0.8732546883946322	-23.990131703442408	1.0
ORTHO001660	2	0.8732704087951114	-27.26033653202224	1.0
ORTHO007329	1	0.8733618921991213	-22.415529817722476	1.0
ORTHO001419_1	1	0.873365498182637	-26.163093421721623	1.0
ORTHO009554	1	0.8733757225424051	-23.55940088297768	1.0
ORTHO010469	1	0.8734007996373382	-23.39247871818654	1.0
ORTHO010465	1	0.873466347444817	-23.263475681242614	1.0
ORTHO010508	1	0.873466347444817	-23.263475681242614	1.0
ORTHO010483	1	0.8734708816995895	-23.336307074138492	1.0
ORTHO008254	1	0.8734997565808126	-22.99942310430597	1.0
ORTHO010591	1	0.8735021488286577	-23.367035390748267	1.0
ORTHO000347_3	2	0.8735343344729591	-25.625599331782876	1.0
ORTHO009123	1	0.8735722762656658	-25.001327917668156	1.0
ORTHO010578	1	0.8735910264448126	-23.735891789885464	1.0
ORTHO010586	1	0.8735910264448126	-23.735891789885464	1.0
ORTHO010318	1	0.8736225477158371	-23.663129433653783	1.0
ORTHO010579	1	0.873664380663574	-23.708206973850842	1.0
ORTHO002754	1	0.8736840565042793	-27.809367923558504	1.0
ORTHO010506	1	0.8737053984732049	-24.901780933993887	1.0
ORTHO009134	1	0.873723691516315	-24.577052937954857	1.0
ORTHO010463	1	0.8737363711755418	-23.147231708618023	1.0
ORTHO009465	1	0.8738868394404906	-24.02686320251863	1.0
ORTHO010485	1	0.873959633817129	-23.408886019178357	1.0
ORTHO010315	1	0.8740002421056562	-24.750647829070225	1.0
ORTHO007970	1	0.8740228427345303	-24.8869316301466	1.0
ORTHO010594	1	0.8741564951054268	-24.97778901708939	1.0
ORTHO010324	1	0.8741706181701845	-25.03465635754623	1.0
ORTHO010317	1	0.8741765193296612	-25.231196330635015	1.0
ORTHO010345	1	0.8741885543878594	-23.104098185626388	1.0
ORTHO010453	1	0.8742126000555398	-23.735132615154665	1.0
ORTHO009504	1	0.8742161233578873	-24.988153829816838	1.0
ORTHO010375	1	0.8742327190344501	-23.176821666345262	1.0
ORTHO010418	1	0.87424095125705	-24.764933946211283	1.0
ORTHO005425	1	0.8742791827423099	-25.178603783726597	1.0
ORTHO008464	1	0.8743008938583099	-23.583216291078674	1.0
ORTHO006200	1	0.8743787318881537	-24.022424319876674	1.0
ORTHO008724	1	0.8744650223961175	-23.978286961019712	1.0
ORTHO007568	1	0.8744697119783902	-25.209514700529898	1.0
ORTHO005452	1	0.8744703463056465	-26.772885082897446	1.0
ORTHO006565	1	0.8744752237401174	-23.51336622714067	1.0
ORTHO009194	1	0.8744942416729322	-24.165405125851482	1.0
ORTHO010336	1	0.8745430373909149	-24.989357952084067	1.0
ORTHO005922	2	0.8746420632777238	-24.337351771995994	1.0
ORTHO001004	1	0.874650597835819	-30.86800325035945	1.0
ORTHO002272	1	0.874706814144226	-26.326765056658946	1.0
ORTHO010546	1	0.8747681597146207	-23.246903307458318	1.0
ORTHO010523	1	0.8747832839586469	-23.538609221044425	1.0
ORTHO000401_2	1	0.874787221139685	-25.76170607489164	1.0
ORTHO006014	1	0.8748088700923529	-25.27518097932477	1.0
ORTHO003047	1	0.8748466892131199	-26.955841611413707	1.0
ORTHO005220	1	0.8748750502958766	-26.44214829380768	1.0
ORTHO007101	1	0.8749626481814281	-23.190762854199107	1.0
ORTHO009093	1	0.8749835732657983	-24.770753096461853	1.0
ORTHO007063	1	0.8749894861603729	-24.107049856803346	1.0
ORTHO002823	2	0.8751190239095451	-27.126116555989267	1.0
ORTHO002896	1	0.8751316797119949	-27.635681035592373	1.0
ORTHO009104	1	0.8751398442621645	-24.981089527675916	1.0
ORTHO009135	1	0.8752312883983012	-23.820231692171657	1.0
ORTHO010502	1	0.8752756861258575	-25.7458545448177	1.0
ORTHO004709	2	0.8752997101562763	-26.37410829082447	1.0
ORTHO005991	1	0.8753009160619409	-23.46056787482795	1.0
ORTHO010478	1	0.8753085935215963	-24.785965865273738	1.0
ORTHO006956	1	0.8753339369285593	-26.082250803135455	1.0
ORTHO005072	1	0.8753463739217647	-25.03568054649165	1.0
ORTHO001337_2	1	0.875375486026844	-24.5797322787646	1.0
ORTHO009543	1	0.8754195988714898	-22.67684804674193	1.0
ORTHO009553	1	0.8755440750540591	-23.382715966226925	1.0
ORTHO009186	1	0.8755713906560442	-25.207583394989722	1.0
ORTHO009170	1	0.8756286657117738	-24.64804657662978	1.0
ORTHO009617	1	0.8756537437967845	-26.70836264872477	1.0
ORTHO005506	1	0.8756650474410721	-25.904324135542726	1.0
ORTHO004826	1	0.8757702278351461	-25.262525427168523	1.0
ORTHO010228	1	0.8757755784213977	-25.379721438873123	1.0
ORTHO002913	1	0.875776914721954	-27.735812259899237	1.0
ORTHO009610	1	0.8757838974399629	-24.198340125548214	1.0
ORTHO010553	1	0.8758934487665184	-23.62270910091341	1.0
ORTHO010354	1	0.8758964875289936	-26.02528779806883	1.0
ORTHO010454	1	0.875940390686626	-24.32813454532113	1.0
ORTHO002325	1	0.8759997263650686	-27.59667098532346	1.0
ORTHO007900	1	0.8760177067721249	-22.69909749603736	1.0
ORTHO009249	1	0.8761538741229007	-25.430345815432457	1.0
ORTHO010527	1	0.876190148539437	-25.723724093355916	1.0
ORTHO001762	1	0.8762297529579062	-26.752686993422177	1.0
ORTHO008688	1	0.8763368172400152	-23.800742979387277	1.0
ORTHO010569	1	0.8763530512237033	-23.565143163795355	1.0
ORTHO001346	1	0.876386907703318	-29.461217525431145	1.0
ORTHO000697_3	2	0.8764058659258475	-25.881198448190613	1.0
ORTHO003313_1	2	0.8764226414457589	-25.86138060840734	1.0
ORTHO005419	1	0.8765426465735802	-24.1225138721492	1.0
ORTHO009320	1	0.8765960517780591	-25.271875832422626	1.0
ORTHO010383	1	0.8766177701257128	-25.82105853639105	1.0
ORTHO010466	1	0.8766438400424612	-24.19145365608229	1.0
ORTHO009363	1	0.8766912773380827	-23.20659175310573	1.0
ORTHO005996	1	0.876772293847498	-24.538556076979194	1.0
ORTHO007072	1	0.8767796519117326	-26.190608805583242	1.0
ORTHO009292	1	0.8768861953506123	-23.65391501147664	1.0
ORTHO009362	1	0.8768861953506123	-23.65391501147664	1.0
ORTHO009469	1	0.8768861953506123	-23.65391501147664	1.0
ORTHO010397	1	0.8769449471815604	-24.712857703597486	1.0
ORTHO008192	1	0.8771170024222481	-25.72243618273959	1.0
ORTHO009198	1	0.8771981476116896	-24.876481717791354	1.0
ORTHO006836	1	0.8772890145171637	-23.600776535570496	1.0
ORTHO008161	1	0.8772949433195933	-25.93034988076135	1.0
ORTHO003697	1	0.877402657360917	-24.173198037551135	1.0
ORTHO010334	1	0.8774629019195433	-24.104443341226787	1.0
ORTHO009639	1	0.8775398468769934	-24.862910407179758	1.0
ORTHO010510	1	0.8775975795124198	-23.890135586674074	1.0
ORTHO009266	1	0.8776058729912518	-23.73388450642687	1.0
ORTHO010387	1	0.8778181258037968	-24.189742856225052	1.0
ORTHO005944	1	0.8778927916255509	-24.963219641425226	1.0
ORTHO009137	1	0.8779835557145942	-22.89837375963884	1.0
ORTHO003518	2	0.8781182891477461	-25.982176731827142	1.0
ORTHO006806	1	0.8781245000559382	-23.23189118501302	1.0
ORTHO009139	1	0.8781503376453853	-24.449171500742924	1.0
ORTHO006884	1	0.8782009476181002	-24.557918335396703	1.0
ORTHO007911	1	0.8782874960869894	-23.917734440391737	1.0
ORTHO007958	1	0.8783158727858911	-23.901141295851037	1.0
ORTHO001972	1	0.8784471457840052	-26.878538771636638	1.0
ORTHO007794	1	0.8784523313500283	-22.95456824885694	1.0
ORTHO009534	1	0.87845449964656	-23.52663276253971	1.0
ORTHO001537_1	1	0.8785438042102279	-23.044842177307395	1.0
ORTHO005778	1	0.8785449087899043	-26.04351776358251	1.0
ORTHO002792	1	0.8785718321281417	-26.267155397278355	1.0
ORTHO003844	1	0.8786208131404063	-23.683762752241655	1.0
ORTHO009535	1	0.8786470765479084	-24.611763784525117	1.0
ORTHO009122	1	0.8786851711294973	-23.23774113902388	1.0
ORTHO004913	1	0.8787346776557305	-24.591174854257478	1.0
ORTHO006769	1	0.8788560658233696	-23.218839124906484	1.0
ORTHO010311	1	0.8788785436054093	-24.729097791852965	1.0
ORTHO009405	1	0.8789275326602776	-23.824334929292935	1.0
ORTHO000436_2	1	0.8789553239630874	-27.973724715119143	1.0
ORTHO009388	1	0.8789960627408657	-23.725189902247983	1.0
ORTHO009369	1	0.8791751893988238	-23.420318851746874	1.0
ORTHO007207	1	0.8791829371365155	-23.23243406300297	1.0
ORTHO002247	1	0.8791904955174341	-27.06015553829573	1.0
ORTHO001515	1	0.8793313652016065	-27.857737473476238	1.0
ORTHO002116	1	0.8794616245627086	-27.146882061497244	1.0
ORTHO009508	1	0.8795565523349312	-24.773148057216765	1.0
ORTHO006651	2	0.8800133694597995	-25.510312295730632	1.0
ORTHO009656	1	0.880039301510824	-25.447193074939065	1.0
ORTHO002430	1	0.880041007523395	-29.056851195435236	1.0
ORTHO003719	1	0.8801306734702226	-27.601717985506543	1.0
ORTHO000512_2	1	0.8801596501206903	-24.823723525975858	1.0
ORTHO009260	1	0.8801977200376713	-25.239689603768774	1.0
ORTHO009668	1	0.880241500711053	-23.572409682403393	1.0
ORTHO005938	1	0.8803650184013599	-23.915927662954086	1.0
ORTHO001266_1	1	0.8803973541922466	-27.214229349854364	1.0
ORTHO006517	1	0.8805078168630034	-27.139666574579035	1.0
ORTHO004747	1	0.8805587055434059	-24.33957533345334	1.0
ORTHO010352	1	0.8805764278208559	-25.183382087445096	1.0
ORTHO008884	1	0.8808772371497476	-24.592336851053577	1.0
ORTHO010571	1	0.8810454019832661	-24.79838655112929	1.0
ORTHO007725	1	0.8810892754262283	-24.539157920762975	1.0
ORTHO003798	1	0.8811127738125893	-27.260263750121187	1.0
ORTHO004000	1	0.8812762447558028	-25.92595024050127	1.0
ORTHO006008	1	0.8814016755101559	-25.03877029918116	1.0
ORTHO004788	2	0.88143883315109	-25.120863702603074	1.0
ORTHO008162	1	0.8815289845401953	-27.09123558557915	1.0
ORTHO007929	2	0.8816819181167692	-23.690778515271052	1.0
ORTHO001900	2	0.8816969433029924	-27.73736173716944	1.0
ORTHO010505	1	0.8818424953982372	-23.980508541429455	1.0
ORTHO000642_2	1	0.8819419897660762	-28.571924063058653	1.0
ORTHO007452	1	0.8820362323972064	-24.896303931680603	1.0
ORTHO003631	1	0.8820448891129911	-27.762383729213834	1.0
ORTHO002537_2	1	0.8820718752583313	-23.997475300055083	1.0
ORTHO010534	1	0.8821040814334158	-24.515574545827807	1.0
ORTHO002313	2	0.8821415440061738	-27.85498646033109	1.0
ORTHO007296	1	0.8821673889590266	-24.75955985931368	1.0
ORTHO010370	1	0.8822651085916259	-24.662068412779135	1.0
ORTHO000255_3	1	0.8823318877382362	-28.332167658768952	1.0
ORTHO002472	2	0.882367238818763	-26.61052007149314	1.0
ORTHO003655	1	0.8825332912723265	-26.012571173673706	1.0
ORTHO009591	1	0.8826433077269908	-24.27644836501959	1.0
ORTHO003895	1	0.8826592160938713	-27.75128434226477	1.0
ORTHO006151	1	0.8828437131226996	-24.170541224555322	1.0
ORTHO010581	1	0.8828533334971209	-24.22101318187473	1.0
ORTHO002456	1	0.8828587472646043	-28.27465595208981	1.0
ORTHO007112	1	0.8829708667840154	-23.878449427548396	1.0
ORTHO001348	2	0.8830390461822549	-27.54843526802691	1.0
ORTHO002736	1	0.8830661180388802	-31.538377175297665	1.0
ORTHO008991	1	0.8831543967497859	-23.339055588586366	1.0
ORTHO003475	1	0.8833440656407274	-27.242319557299076	1.0
ORTHO004086	1	0.8833511399664549	-24.40609044949099	1.0
ORTHO001039_2	1	0.8834290881668492	-25.51692028099422	1.0
ORTHO009304	1	0.883850775022526	-24.91861613896217	1.0
ORTHO005422	1	0.8838878380712217	-27.19812008875244	1.0
ORTHO003713	1	0.8840135519715829	-29.836402620456013	1.0
ORTHO000881	1	0.8840192091874982	-30.834373108289036	1.0
ORTHO003626	1	0.8840502408358485	-26.67101335568319	1.0
ORTHO000799_2	1	0.8840532979260152	-25.106681512746523	1.0
ORTHO007205	1	0.8840830268408627	-24.832815966179055	1.0
ORTHO003609	2	0.8841612500863999	-25.55184388116651	1.0
ORTHO004927	1	0.8842618884509069	-25.750081585061874	1.0
ORTHO010298	1	0.8845431275550533	-25.452209876071738	1.0
ORTHO002388	1	0.8845568123840605	-27.62662042601261	1.0
ORTHO006978	1	0.8847531959207523	-24.393632195613915	1.0
ORTHO006296	1	0.8848083225235648	-23.802348730722453	1.0
ORTHO005731	1	0.8849247551951034	-25.599810119988483	1.0
ORTHO008517	1	0.8849319927121272	-25.137960820585896	1.0
ORTHO008618	1	0.8850183692423109	-23.89851328962181	1.0
ORTHO003426	1	0.8850311049861722	-23.815138595496027	1.0
ORTHO010417	1	0.8851059761002746	-25.165561056224757	1.0
ORTHO004659	1	0.8853169816148674	-27.251422695853332	1.0
ORTHO001474	1	0.8855492335171627	-29.605545205900857	1.0
ORTHO005712	1	0.8855714254492454	-23.869502081505495	1.0
ORTHO006070	1	0.8855856201109932	-24.600298980668434	1.0
ORTHO004761	2	0.8856503532686146	-23.63640293372355	1.0
ORTHO001875_1	1	0.8857504008736329	-26.735955495408906	1.0
ORTHO003326	1	0.8858077315080414	-27.408301595280154	1.0
ORTHO004338	1	0.8858850936627599	-27.348950979757948	1.0
ORTHO002875	1	0.8859496149861757	-25.181871549737348	1.0
ORTHO006578	1	0.8859937931762408	-23.965255437118866	1.0
ORTHO007665	1	0.8859948591161734	-23.85974768703412	1.0
ORTHO008946	1	0.8860228174456524	-24.068444809258242	1.0
ORTHO005485	1	0.8861420464662837	-27.44966866134141	1.0
ORTHO003704	1	0.8861516421759388	-25.03520435098268	1.0
ORTHO005764	1	0.8862046261295625	-26.041033343947973	1.0
ORTHO003416	1	0.8862812394240246	-25.361078691486824	1.0
ORTHO007521	1	0.8866907949684447	-23.448489970024177	1.0
ORTHO001502_1	1	0.8867551111845636	-27.5593548244929	1.0
ORTHO003321	2	0.8869057210073927	-25.189744979733554	1.0
ORTHO007244	1	0.886915178490918	-24.222420660128016	1.0
ORTHO006295	1	0.886972682544658	-25.191382919566003	1.0
ORTHO009944	1	0.8870030655774913	-25.12798203204925	1.0
ORTHO000443	1	0.8871290381051726	-34.62835396016592	1.0
ORTHO001204_1	1	0.887155712393021	-25.905485547398133	1.0
ORTHO004851	2	0.8873315174417594	-23.19999435979	1.0
ORTHO008222	1	0.8873461889313327	-25.81897856267249	1.0
ORTHO001870	1	0.8874112530936127	-28.937958006732426	1.0
ORTHO001131_1	1	0.8874189267223154	-23.83650996508688	1.0
ORTHO009437	1	0.887489726577241	-27.302734469509833	1.0
ORTHO006635	1	0.8875222317364845	-26.7665482444931	1.0
ORTHO007899	1	0.8875582998127112	-22.886666859167626	1.0
ORTHO007955	1	0.8876045160126271	-22.771209804063023	1.0
ORTHO007802	1	0.8876655152470805	-23.997304803954187	1.0
ORTHO001950	1	0.8878168537364641	-27.121754783533767	1.0
ORTHO004227	1	0.8879714384100947	-26.963285532423853	1.0
ORTHO007029	1	0.8880240681939511	-25.839145860651044	1.0
ORTHO007889	1	0.8880260881016564	-27.259508557647607	1.0
ORTHO002759	1	0.8881235606946896	-25.875789154620684	1.0
ORTHO001855	1	0.8882129934514238	-28.236214309613118	1.0
ORTHO004513	1	0.8882711397477348	-28.823109895391212	1.0
ORTHO006802	1	0.8886706361237549	-23.396516204458937	1.0
ORTHO004943	1	0.8888657165558739	-24.301333224866777	1.0
ORTHO004980	1	0.8890187189791808	-26.82117214962506	1.0
ORTHO006430	1	0.8897258143551973	-25.61604866992911	1.0
ORTHO001505	1	0.889840180724881	-28.469866816578772	1.0
ORTHO006857	1	0.8898685301094625	-24.412654414903365	1.0
ORTHO006899	1	0.8901069533050293	-24.778391241046865	1.0
ORTHO003794	1	0.8902015938922333	-25.295132280515706	1.0
ORTHO000684_1	1	0.890282939809235	-29.88760732030195	1.0
ORTHO005172	1	0.8908053040120905	-23.274509484919474	1.0
ORTHO007283	1	0.8908532527039419	-23.69522362727611	1.0
ORTHO007163	1	0.8909111777808897	-24.787425538217903	1.0
ORTHO003905	1	0.8910669662141826	-25.492096101141048	1.0
ORTHO008497	1	0.891123859971039	-24.225515084312782	1.0
ORTHO002634	1	0.8911887841105505	-28.95987466708645	1.0
ORTHO001337_1	1	0.8913614190053493	-25.84302945490087	1.0
ORTHO006559	1	0.8914794817213588	-24.243544149447516	1.0
ORTHO008537	1	0.8914926393609588	-24.36209223183656	1.0
ORTHO005680	1	0.891566008284605	-24.714147943691707	1.0
ORTHO004367	1	0.8916017692088876	-24.822070950883795	1.0
ORTHO007253	1	0.8916314931370714	-25.377277938729932	1.0
ORTHO008279	1	0.8919875060301641	-25.56371433240125	1.0
ORTHO003249	1	0.8920223622299206	-24.682146052230166	1.0
ORTHO003802	1	0.8920737439171591	-24.524182614601422	1.0
ORTHO003418	1	0.8921118940385976	-24.53497044319751	1.0
ORTHO009826	1	0.8921945053451777	-26.237467881654354	1.0
ORTHO005239	1	0.892211747224702	-27.982394159133243	1.0
ORTHO008698	1	0.8922751658070287	-24.36646239008998	1.0
ORTHO003208	1	0.8924583974023791	-24.6994730819915	1.0
ORTHO006170	1	0.8925504177442001	-24.23377522445933	1.0
ORTHO005031	1	0.8925533592392602	-24.24953393478868	1.0
ORTHO000359_3	1	0.8925667719100873	-27.43439379174006	1.0
ORTHO001331	1	0.8929331756591329	-28.59843989867595	1.0
ORTHO007619	1	0.893077444561696	-25.08333918143404	1.0
ORTHO001775_1	1	0.893079574283216	-25.38717540047169	1.0
ORTHO001802	1	0.8931801030437259	-28.132874544658378	1.0
ORTHO005717	1	0.8931981494728264	-26.323236375473414	1.0
ORTHO001310	1	0.8932458581584001	-30.02240011819462	1.0
ORTHO003878	1	0.8932552557522044	-27.20109480904525	1.0
ORTHO008974	1	0.8932736802715822	-23.23390771174355	1.0
ORTHO007454	1	0.8932886838493997	-28.380960228808082	1.0
ORTHO002243	1	0.8932990058010205	-27.376792387522645	1.0
ORTHO009582	1	0.8933227704201324	-25.291843771685155	1.0
ORTHO005006	1	0.8933586172223411	-24.217732984570052	1.0
ORTHO003552	2	0.8934447016436646	-24.740908333758554	1.0
ORTHO008989	1	0.893578100683095	-24.569510005459154	1.0
ORTHO007040	2	0.8936008959276323	-23.746262727294056	1.0
ORTHO004867	1	0.8936842882122523	-27.502762788326834	1.0
ORTHO006780	1	0.8937481028558525	-29.18766714537001	1.0
ORTHO009829	1	0.8940158181020671	-26.146881222549734	1.0
ORTHO003519	2	0.8940838353299313	-28.407413719025325	1.0
ORTHO006664	1	0.8941219478531016	-25.98577005781271	1.0
ORTHO007204	1	0.8942076653671222	-23.57972598255908	1.0
ORTHO006801	1	0.8943042197948247	-24.121986989555428	1.0
ORTHO002828	1	0.8943863479344126	-26.546206066934776	1.0
ORTHO008021	2	0.8944749794953976	-24.84836811037592	1.0
ORTHO009843	1	0.8946259131912059	-25.363485718697778	1.0
ORTHO005400	1	0.8946985312248736	-24.244985731878124	1.0
ORTHO006500	1	0.8948674552811493	-26.46379270216983	1.0
ORTHO001222_1	1	0.8949452268116996	-24.524935939330454	1.0
ORTHO009337	1	0.8951973175026395	-24.53088326896515	1.0
ORTHO008092	1	0.8953146840333935	-24.553587680771518	1.0
ORTHO008590	2	0.8953589197779442	-24.069895257167232	1.0
ORTHO008068	2	0.8954314655632093	-25.41214897933939	1.0
ORTHO000927	1	0.8954351874396945	-30.29850121353388	1.0
ORTHO008818	1	0.8954531408242136	-25.66396997713655	1.0
ORTHO008730	1	0.8955123886024338	-23.156389069693155	1.0
ORTHO007770	1	0.8956413457163848	-24.270068343740054	1.0
ORTHO007878	1	0.8957051737273203	-25.018088847699733	1.0
ORTHO002488	1	0.8957550608793134	-26.521312886291657	1.0
ORTHO005613	1	0.895769457132435	-26.92165726679304	1.0
ORTHO009113	1	0.8958234188001998	-24.920382248414978	1.0
ORTHO007701	1	0.8958531583589479	-25.330783903187804	1.0
ORTHO006660	1	0.8961681760630864	-23.8917559765133	1.0
ORTHO003115	1	0.8962357988532655	-26.594029296523168	1.0
ORTHO009710	2	0.8962665267444565	-24.70800081938143	1.0
ORTHO009865	1	0.8964013217669539	-24.571310913201025	1.0
ORTHO007041	1	0.896449313838689	-25.25895423310395	1.0
ORTHO001236_1	1	0.8966138659604493	-28.322050975446665	1.0
ORTHO006258	1	0.896682607673087	-24.374108294934448	1.0
ORTHO008563	1	0.8967048778407422	-23.934170394332778	1.0
ORTHO006171	1	0.8967453346932472	-28.49939475676613	1.0
ORTHO005925	2	0.8967487500872741	-23.194115774359318	1.0
ORTHO001608_2	1	0.8968354338774669	-25.0400446509284	1.0
ORTHO007675	1	0.896863374562047	-25.86009580997603	1.0
ORTHO008641	1	0.8969206109960421	-25.185393844221323	1.0
ORTHO004357	1	0.8969618853093811	-24.95097319484143	1.0
ORTHO005018	1	0.8970438235121544	-25.14839634993437	1.0
ORTHO004889	1	0.8971429029039235	-25.33486054066598	1.0
ORTHO005136	1	0.8972130332190751	-27.903545695408805	1.0
ORTHO007522	1	0.8972244797125712	-24.412406212628184	1.0
ORTHO006996	1	0.8973388464319272	-25.45472306193199	1.0
ORTHO006058	1	0.8973399942617316	-28.325438189146308	1.0
ORTHO007222	1	0.8973770610674987	-28.850262426015203	1.0
ORTHO008604	1	0.8974127711110915	-25.211692556918162	1.0
ORTHO008409	1	0.8975230519799268	-24.556908519286818	1.0
ORTHO007980	1	0.8976623981935683	-24.5218149483127	1.0
ORTHO007552	2	0.8976632515878432	-23.36264791960558	1.0
ORTHO010042	2	0.8978403419206015	-25.428362870495143	1.0
ORTHO007285	1	0.897919409953515	-25.669915250674133	1.0
ORTHO006971	1	0.8979461176927309	-26.56129320986246	1.0
ORTHO006607	1	0.8979891826158989	-25.09474205956793	1.0
ORTHO009721	1	0.898002865885834	-26.57026562269393	1.0
ORTHO008461	1	0.8980059727307614	-25.50197872678577	1.0
ORTHO004901	1	0.8981885898830955	-25.885249482801036	1.0
ORTHO001408_2	1	0.8982640288273976	-25.227271751268276	1.0
ORTHO004539	1	0.8982965914322691	-24.279170319912655	1.0
ORTHO002245	1	0.8983384908420426	-25.562815386984024	1.0
ORTHO003539	1	0.8983805221377986	-29.00491278936885	1.0
ORTHO009801	1	0.8984783960732063	-24.85786748921134	1.0
ORTHO006270	1	0.8986340431352801	-24.850626106783967	1.0
ORTHO007054	2	0.8987485056580723	-25.259434623498237	1.0
ORTHO002774	1	0.8988739279411183	-28.15811198811638	1.0
ORTHO005620	1	0.8988771523647467	-23.510265341514586	1.0
ORTHO006282	1	0.8991045651527673	-28.85562473031625	1.0
ORTHO006949	1	0.8991431837804765	-26.13948647502669	1.0
ORTHO001678	1	0.8991695353452932	-28.326298832901927	1.0
ORTHO000681	1	0.8991846632466679	-29.67432567183368	1.0
ORTHO004197	2	0.899244402785188	-31.32868546516475	1.0
ORTHO006385	1	0.8992534686743986	-23.955603323296625	1.0
ORTHO009542	1	0.8993017461851881	-26.40566603735999	1.0
ORTHO004647	1	0.8994974300533295	-25.457320940033362	1.0
ORTHO004444	1	0.8995255733142754	-26.353684042383254	1.0
ORTHO009708	2	0.899850472587841	-25.58989661937567	1.0
ORTHO002110	1	0.8998619208944505	-26.05560842728054	1.0
ORTHO007947	1	0.8998628260103054	-23.43120688375115	1.0
ORTHO008925	1	0.899915089986232	-24.20265039158165	1.0
ORTHO004091	1	0.8999569823331275	-24.72553946253263	1.0
ORTHO001748	1	0.9003250185932012	-28.64730606207908	1.0
ORTHO006465	1	0.9004136699098056	-26.85594344654631	1.0
ORTHO008364	1	0.9004145849029487	-24.583846972169518	1.0
ORTHO006782	1	0.9004447956637285	-23.78620968458774	1.0
ORTHO002233	1	0.9005366113871517	-27.706057547518736	1.0
ORTHO008441	1	0.9006230484388298	-27.771732230734624	1.0
ORTHO007384	1	0.9008442511749232	-27.669057265716095	1.0
ORTHO000259_2	1	0.9008761709973307	-24.22568866365446	1.0
ORTHO002658	1	0.9008924335581966	-27.089459205876484	1.0
ORTHO008931	1	0.9009398123492101	-25.053612048582934	1.0
ORTHO010092	1	0.9009571059283902	-26.393649688617653	1.0
ORTHO004897	1	0.9010315524961101	-25.148882535774533	1.0
ORTHO008094	1	0.9012756024463462	-26.370595585706035	1.0
ORTHO008104	1	0.9014874120410212	-27.082776776665902	1.0
ORTHO003288	1	0.9015161985419008	-25.168151768203472	1.0
ORTHO009424	1	0.9016956015299722	-25.018643281983536	1.0
ORTHO004873	1	0.9018475336686804	-23.908553038243774	1.0
ORTHO008544	1	0.9018510657148217	-26.969488718354583	1.0
ORTHO004162	1	0.9018864427647877	-23.505504448861483	1.0
ORTHO000981	2	0.901919952018463	-29.85487515747706	1.0
ORTHO006234	1	0.9020148632565289	-25.91607794285634	1.0
ORTHO009521	1	0.9020474895121555	-25.061702118588038	1.0
ORTHO010007	1	0.9020861709726096	-25.03451681933123	1.0
ORTHO008336	1	0.9022540728338505	-25.140517494355464	1.0
ORTHO009112	1	0.9023285614291836	-23.974508335014647	1.0
ORTHO008825	1	0.9023693404451234	-23.921328275976467	1.0
ORTHO001782_1	1	0.9024635563331563	-27.244158637244407	1.0
ORTHO009032	1	0.9025112545504378	-24.434730889616315	1.0
ORTHO009980	1	0.9025401016311355	-26.590672390581148	1.0
ORTHO009788	1	0.9025794700210064	-24.12249255941797	1.0
ORTHO008592	2	0.9026171686645126	-25.810077686724373	1.0
ORTHO004415	1	0.9026536411640047	-25.568697061967644	1.0
ORTHO008924	1	0.9026779482612255	-26.298002571172997	1.0
ORTHO000945_2	1	0.9027552192567176	-25.057504218375485	1.0
ORTHO008063	1	0.9029225077988992	-26.46692193991766	1.0
ORTHO007049	1	0.9031146347856361	-28.24589019743469	1.0
ORTHO007934	1	0.9031509909190513	-24.095913834856535	1.0
ORTHO005082	1	0.9031532331604051	-27.088005056183572	1.0
ORTHO010392	1	0.9032162398967208	-27.547473138785467	1.0
ORTHO006550	1	0.9032497303943072	-25.11941870075344	1.0
ORTHO003968	1	0.9033127220038776	-26.663415272892443	1.0
ORTHO007202	1	0.903339524883919	-23.72602508232611	1.0
ORTHO007537	1	0.9033440813173148	-25.680810002177825	1.0
ORTHO006796	1	0.903450074849983	-24.32809238325306	1.0
ORTHO008810	1	0.9034579921717507	-25.11755620750178	1.0
ORTHO007541	2	0.9034965052859655	-26.248709739880347	1.0
ORTHO008285	1	0.9035775419588375	-25.61167887396909	1.0
ORTHO003740	1	0.9035855055445496	-25.376160578725727	1.0
ORTHO007825	1	0.9038816218038449	-26.348512037877214	1.0
ORTHO005833	1	0.9039908050326592	-26.016056112015114	1.0
ORTHO005554	1	0.9039958122332348	-25.351338967429953	1.0
ORTHO009933	1	0.904094079348457	-25.353329527378346	1.0
ORTHO002481	1	0.9041962013712493	-26.641406427687393	1.0
ORTHO005088	1	0.9043306114402573	-27.011281347357134	1.0
ORTHO009255	1	0.9043615451084401	-25.70586195594757	1.0
ORTHO005862	1	0.9043961688207626	-26.080458821004555	1.0
ORTHO010154	1	0.9045965684806899	-24.464832853232316	1.0
ORTHO004898	1	0.9046502845103336	-24.51638631522884	1.0
ORTHO008750	1	0.9047441498591103	-24.131378022633925	1.0
ORTHO005214	2	0.90499396593011	-23.985522405416805	1.0
ORTHO007713	1	0.905008771273427	-24.074255699537343	1.0
ORTHO008965	1	0.9051197080703641	-25.930911292265904	1.0
ORTHO005612	1	0.9053558100198414	-24.850365240416153	1.0
ORTHO002453	2	0.9054157453137016	-26.967473946044073	1.0
ORTHO008824	1	0.9055020541244572	-23.628499197388688	1.0
ORTHO008795	1	0.9055083215632169	-24.09509574744068	1.0
ORTHO006676	1	0.9055719464207522	-25.5979013844527	1.0
ORTHO007634	1	0.9055909259161736	-26.968483631324574	1.0
ORTHO000411	1	0.9056013225165214	-33.01600675257431	1.0
ORTHO010151	1	0.9056494593937936	-23.98410447227349	1.0
ORTHO005360	1	0.9056956537393491	-25.18776077243897	1.0
ORTHO006873	1	0.9062190020223494	-24.262366651153478	1.0
ORTHO004224	1	0.9062671799290698	-26.7987099635227	1.0
ORTHO007097	2	0.9065374206327774	-24.377009504415074	1.0
ORTHO007570	1	0.9066062650966584	-22.907313339462977	1.0
ORTHO005669	1	0.906627031482335	-26.722668145257792	1.0
ORTHO007658	2	0.9067101910602243	-24.508479154737174	1.0
ORTHO007988	1	0.9068244534696108	-24.045540080790943	1.0
ORTHO009115	1	0.9068872668826469	-26.7583144015974	1.0
ORTHO008976	1	0.907152891295315	-23.216589381617563	1.0
ORTHO005638	1	0.9072632214174934	-25.10096080173295	1.0
ORTHO005869	1	0.9073580641302711	-24.197840290973684	1.0
ORTHO010626	1	0.907494881323865	-25.43222964216691	1.0
ORTHO001816	1	0.9075228011849742	-27.02665185320494	1.0
ORTHO004146	1	0.9075824245835642	-27.063601223910243	1.0
ORTHO009838	1	0.9076045201689246	-25.334308115026328	1.0
ORTHO009095	1	0.9076253436752468	-24.46468785622219	1.0
ORTHO000337_2	1	0.9076587958221995	-24.1288703009211	1.0
ORTHO009636	1	0.9076751472720145	-28.01815222493625	1.0
ORTHO007672	1	0.907682724810602	-25.259652246760684	1.0
ORTHO010005	1	0.9076957649537016	-26.36421618326017	1.0
ORTHO008114	1	0.9077068366770996	-27.274736963380107	1.0
ORTHO006618	1	0.9077711410531494	-24.812547637344544	1.0
ORTHO008872	1	0.907922047571071	-25.06174393759974	1.0
ORTHO006864	1	0.9079568434578138	-23.91331468894296	1.0
ORTHO008494	1	0.9080712523866311	-25.191114333888155	1.0
ORTHO007732	1	0.9080915752391284	-23.946153969171142	1.0
ORTHO002106	1	0.9081554041058998	-25.77323073907846	1.0
ORTHO009732	1	0.9084005215183137	-26.667719728244002	1.0
ORTHO009349	1	0.9084131020117339	-25.20206689613319	1.0
ORTHO008647	1	0.9084397665174503	-26.512536005078527	1.0
ORTHO007098	2	0.9084525085487056	-24.15213090100813	1.0
ORTHO008684	1	0.9088736308012896	-24.815622643754796	1.0
ORTHO010036	1	0.9089520174352715	-23.82306987023016	1.0
ORTHO004307	2	0.9091049820509339	-24.001395167927544	1.0
ORTHO010047	1	0.9091073821016478	-25.077011548998346	1.0
ORTHO010796	1	0.9091408206132753	-26.912145667426646	1.0
ORTHO006393	1	0.9091413320793964	-24.825805851854444	1.0
ORTHO007858	1	0.9091802314411528	-28.411868229556582	1.0
ORTHO010870	1	0.9092417327731398	-25.865945352413554	1.0
ORTHO004707	2	0.9093243476668275	-23.493200162293	1.0
ORTHO008903	1	0.9093271841419268	-23.643432523835248	1.0
ORTHO007545	1	0.9094143288739232	-27.70269851517892	1.0
ORTHO003966	1	0.9094453868516542	-25.517873819419286	1.0
ORTHO005933	2	0.9094646980122928	-24.459478127968	1.0
ORTHO008812	1	0.9095320046748958	-25.31119442011743	1.0
ORTHO009061	1	0.909558056960329	-23.637763513627927	1.0
ORTHO007747	1	0.9096039783991281	-23.276538772272417	1.0
ORTHO007916	1	0.9096242219175744	-24.498652781998413	1.0
ORTHO006215	1	0.9096627546472799	-23.18450873468029	1.0
ORTHO010390	1	0.9097672091459602	-26.865160818650143	1.0
ORTHO006810	1	0.9097969650602165	-27.83886047456369	1.0
ORTHO001511	2	0.9099466818321083	-28.275419083584055	1.0
ORTHO006022	1	0.9100609371694601	-27.146346490039754	1.0
ORTHO003827	1	0.910143271397264	-28.81281628631857	1.0
ORTHO002655	1	0.9102824141821885	-29.430041672990665	1.0
ORTHO008744	1	0.9102839848422074	-26.134439277340192	1.0
ORTHO007728	1	0.9103130374299286	-23.526006317129376	1.0
ORTHO003593	1	0.910408409102112	-24.461454660894844	1.0
ORTHO010799	1	0.9104279721895973	-26.22190520696037	1.0
ORTHO009823	1	0.9104334800942802	-25.72730872875118	1.0
ORTHO008238	1	0.9105100650351687	-24.3883451653536	1.0
ORTHO003848	1	0.9106124136622596	-26.17076877150663	1.0
ORTHO010157	1	0.9107533001793048	-23.88145311097511	1.0
ORTHO009785	1	0.9108225993442092	-24.68171369641826	1.0
ORTHO005653	1	0.9108333769761444	-27.877099548950888	1.0
ORTHO008963	1	0.9110086040587737	-24.08595640258747	1.0
ORTHO006536	1	0.9111320317627718	-27.058305456305163	1.0
ORTHO008605	1	0.9111748462598641	-26.33900955681039	1.0
ORTHO007999	1	0.9111942377861635	-23.121417804622695	1.0
ORTHO000751_2	1	0.9113682509574662	-27.80339767782159	1.0
ORTHO010515	1	0.9115257340129771	-26.002044824708786	1.0
ORTHO000524	1	0.911528378527907	-33.27107257740786	1.0
ORTHO009107	1	0.91158300336006	-23.88235283850274	1.0
ORTHO001990	1	0.9116401975478365	-28.688549097984506	1.0
ORTHO010001	1	0.9117277091472319	-24.747457796268353	1.0
ORTHO009744	1	0.9117731447293098	-24.84324997028174	1.0
ORTHO009960	1	0.9117988622824212	-26.251331769666898	1.0
ORTHO010117	1	0.9118408247386361	-23.828830351565408	1.0
ORTHO008971	1	0.9118634532829905	-23.636131049974015	1.0
ORTHO010148	1	0.9118800830585801	-23.609534563297185	1.0
ORTHO000694_2	1	0.9119884003762664	-23.77418167000825	1.0
ORTHO009883	1	0.912077826255514	-24.1497568153956	1.0
ORTHO000285_2	1	0.9121394004611788	-28.33735604723291	1.0
ORTHO002037	1	0.9121969225027567	-27.994304107842257	1.0
ORTHO006787	1	0.9122229184136798	-25.52473801148007	1.0
ORTHO006808	1	0.9122358263635872	-24.42639342349733	1.0
ORTHO006982	1	0.912259519183966	-24.20020007349721	1.0
ORTHO008762	1	0.9122692677411781	-24.48627541725604	1.0
ORTHO002337	1	0.9122947947365753	-29.62767639393833	1.0
ORTHO009784	1	0.9123214656719284	-24.263347514288487	1.0
ORTHO008893	1	0.9123800474123168	-24.385260023640747	1.0
ORTHO009925	1	0.9123913267268591	-24.23524744060904	1.0
ORTHO001228_1	1	0.9124358736875844	-31.049592748467603	1.0
ORTHO008589	1	0.9124910954034515	-23.877373979850503	1.0
ORTHO010746	1	0.9125272096830782	-26.196131148125637	1.0
ORTHO006741	1	0.9125526071850811	-27.484024675667538	1.0
ORTHO007566	1	0.9125763947437191	-23.26408375480082	1.0
ORTHO007284	1	0.9126820720828354	-25.480282788169504	1.0
ORTHO009963	1	0.9127004810150282	-24.683613225997096	1.0
ORTHO009493	1	0.9127754891993101	-26.197649718852357	1.0
ORTHO009011	1	0.9129023189012699	-26.294961784859595	1.0
ORTHO002269	1	0.9129247156263643	-28.14096823238837	1.0
ORTHO008938	1	0.912929759804315	-23.9525399398247	1.0
ORTHO008295	1	0.9130323906425897	-26.63483322935851	1.0
ORTHO006054	1	0.9130413411044275	-24.98750625887504	1.0
ORTHO010033	1	0.9130665373148945	-24.52572521812002	1.0
ORTHO005468	1	0.9130814974499895	-26.30022774871084	1.0
ORTHO009789	1	0.9131079311144394	-24.892845348866413	1.0
ORTHO008058	1	0.9131162040365779	-25.046504145870948	1.0
ORTHO009080	1	0.9131194338712244	-26.35639755960467	1.0
ORTHO010065	1	0.9132657246951973	-25.55120915088096	1.0
ORTHO000277_1	1	0.913387590528458	-27.782241942677963	1.0
ORTHO007715	1	0.9134068767563227	-24.578959779614614	1.0
ORTHO009741	1	0.9134121054332714	-25.79272386206114	1.0
ORTHO007959	1	0.9135127695814522	-23.984764569030393	1.0
ORTHO005937	1	0.9135320093188962	-26.80165304904415	1.0
ORTHO008728	1	0.9135441489634408	-26.47703173863339	1.0
ORTHO003039	1	0.9137122790223148	-28.731475394453287	1.0
ORTHO009953	1	0.913754142639281	-25.78810126357763	1.0
ORTHO000909_1	1	0.9137994228051886	-27.72383719441162	1.0
ORTHO009862	1	0.9138903589163889	-24.555298594163357	1.0
ORTHO008002	1	0.913901456113468	-24.666001410010637	1.0
ORTHO008466	1	0.9139019641461643	-27.068934980117877	1.0
ORTHO009993	1	0.9139284491442332	-24.58672252207021	1.0
ORTHO010002	1	0.9140247206588835	-24.415875705226664	1.0
ORTHO002162	2	0.9140587920705937	-27.13603120089114	1.0
ORTHO007835	1	0.9140618557268049	-24.2325998010867	1.0
ORTHO010095	1	0.9141620587093472	-25.968359546357412	1.0
ORTHO007195	1	0.9141753397410303	-25.112298424496082	1.0
ORTHO010565	1	0.9142434290056778	-24.633594307464705	1.0
ORTHO009745	1	0.914254377825794	-24.804738407267738	1.0
ORTHO010003	1	0.9144827460109819	-23.634036365208633	1.0
ORTHO007013	1	0.9145617444208433	-24.021492384188434	1.0
ORTHO008611	1	0.9145987148268612	-24.73612679175663	1.0
ORTHO009989	1	0.9146813426970912	-24.800916842071718	1.0
ORTHO008469	1	0.9147619670806735	-24.337381183164936	1.0
ORTHO008829	1	0.9148083505066306	-24.97231244391463	1.0
ORTHO009805	1	0.9150632990274803	-27.502509231190807	1.0
ORTHO010715	1	0.9150676542030192	-26.036993713756228	1.0
ORTHO010727	1	0.9150878793230429	-27.88521372080968	1.0
ORTHO009762	1	0.9151316766325214	-25.041722380270937	1.0
ORTHO009760	1	0.915139711432874	-24.89317998254032	1.0
ORTHO008006	1	0.9152900698860155	-25.934947709505586	1.0
ORTHO009987	1	0.9152972522093256	-24.695994215785785	1.0
ORTHO004078	1	0.9153326502241639	-24.34354585845413	1.0
ORTHO006222	1	0.9153415156846241	-25.860330760049873	1.0
ORTHO007691	1	0.9153964373373475	-24.229293120017303	1.0
ORTHO009770	1	0.9154027966521715	-25.503563415511994	1.0
ORTHO008833	1	0.91541364359511	-24.478522175547738	1.0
ORTHO002631	2	0.9154177614479293	-26.352871033487144	1.0
ORTHO008826	1	0.9154215556239378	-25.679334682468806	1.0
ORTHO010621	1	0.9154462084037571	-26.245270348561633	1.0
ORTHO007669	1	0.9154498671390409	-25.00799360426843	1.0
ORTHO006510	1	0.9154688467279504	-24.942591664795103	1.0
ORTHO009797	1	0.915486467234444	-24.51751201047656	1.0
ORTHO010127	1	0.9154968651631837	-27.072893617481363	1.0
ORTHO008210	1	0.915507381447848	-26.393653606959674	1.0
ORTHO010887	1	0.9155179773167085	-26.531840085994663	1.0
ORTHO000951	1	0.9155299002501617	-28.997594184461203	1.0
ORTHO009066	1	0.9155371443922139	-23.780943167479002	1.0
ORTHO008720	1	0.9155689463227644	-24.208338456510873	1.0
ORTHO009835	1	0.9155780878988489	-24.929860328186738	1.0
ORTHO007231	1	0.9156190414957327	-26.93795194344048	1.0
ORTHO010166	1	0.9157060053441558	-25.459154606024832	1.0
ORTHO000492_2	2	0.915751871751445	-25.22686690015545	1.0
ORTHO008556	1	0.9157628781629028	-24.45368276198701	1.0
ORTHO008741	1	0.9158578256323113	-23.670484362624133	1.0
ORTHO009022	1	0.9158614906725029	-24.91534162715485	1.0
ORTHO007621	1	0.9159010332845987	-26.00793050800041	1.0
ORTHO010145	1	0.9159421143308905	-24.683300018630273	1.0
ORTHO009763	1	0.9159931814012023	-24.766141592451532	1.0
ORTHO003665	2	0.9160626268338605	-24.29007241986101	1.0
ORTHO008074	1	0.9160899229467986	-26.697800086090435	1.0
ORTHO009796	1	0.9160900579605216	-24.34954613317184	1.0
ORTHO009791	1	0.9161517907389198	-24.11193276365372	1.0
ORTHO009778	1	0.916159423094434	-24.511636553704996	1.0
ORTHO005382	1	0.9161769138847983	-26.610053229230473	1.0
ORTHO005206	1	0.9162126961913305	-26.99850692606508	1.0
ORTHO008516	1	0.9162208623556309	-25.99587791331164	1.0
ORTHO004107	1	0.9163960762825811	-25.91184643000511	1.0
ORTHO009795	1	0.9164244601000371	-28.12597873210139	1.0
ORTHO005418	1	0.9164310085232504	-26.56865708527567	1.0
ORTHO008803	1	0.9164457401252101	-24.102846926288	1.0
ORTHO003260	1	0.9164932882714061	-25.864910227556862	1.0
ORTHO007513	1	0.9166515777143378	-24.227303599302594	1.0
ORTHO009903	1	0.916754364626073	-26.669291890859228	1.0
ORTHO010129	1	0.9167571378384738	-23.988072905993334	1.0
ORTHO009813	1	0.9167833219348268	-24.71706783501485	1.0
ORTHO010024	1	0.9168000610368098	-26.136205751662985	1.0
ORTHO008986	1	0.9168090670038438	-24.206237352287797	1.0
ORTHO009777	1	0.9169098217878381	-24.426379859079837	1.0
ORTHO006224	1	0.9169294645659453	-25.589105006081272	1.0
ORTHO004655	1	0.9170849497486477	-28.05814424729777	1.0
ORTHO006772	1	0.9172141369939378	-26.938628851870394	1.0
ORTHO009968	1	0.9173510614248518	-24.425480624126365	1.0
ORTHO009869	1	0.9173737871339538	-27.382297855608613	1.0
ORTHO009091	1	0.9173779025454661	-24.837615710532962	1.0
ORTHO008735	1	0.917425179516465	-28.245191796108735	1.0
ORTHO009982	1	0.9174679270706957	-24.821969284341723	1.0
ORTHO007604	1	0.9174813940928832	-24.920110638449817	1.0
ORTHO008680	1	0.9176537736697673	-24.968322822039262	1.0
ORTHO009991	1	0.9176907668421208	-23.799833672863667	1.0
ORTHO010622	1	0.9177066157085916	-25.71144978870969	1.0
ORTHO010830	1	0.9177346777401822	-25.45474596888909	1.0
ORTHO000506_2	1	0.9177971196039667	-26.914277478546975	1.0
ORTHO010683	1	0.9178003426495118	-25.888800531392082	1.0
ORTHO007995	1	0.9178264845222402	-23.992871716088676	1.0
ORTHO009887	1	0.9178427417945357	-24.872411886124258	1.0
ORTHO001491_2	1	0.9179414312151988	-24.998235944961365	1.0
ORTHO010635	1	0.918030224670327	-26.428942195908192	1.0
ORTHO008827	1	0.9180386058784915	-24.769078974959697	1.0
ORTHO001732_2	1	0.918099749939563	-25.84777592042127	1.0
ORTHO000949_1	1	0.9181159354307911	-26.67259718053826	1.0
ORTHO010843	1	0.9181298054385891	-26.197482198211546	1.0
ORTHO010703	1	0.9181746007585169	-25.56650535541596	1.0
ORTHO001693	1	0.9182295643135634	-27.121558715649265	1.0
ORTHO008194	1	0.9182732812930058	-26.776436440893573	1.0
ORTHO008540	1	0.9182764093887692	-24.0871319335959	1.0
ORTHO010807	1	0.9182857309053002	-25.730460138050514	1.0
ORTHO008707	1	0.9183385080039322	-26.162183933320765	1.0
ORTHO010629	1	0.9183597121886814	-25.634879182772853	1.0
ORTHO010849	1	0.9183887674790121	-25.697003498631048	1.0
ORTHO010044	1	0.9183923210587762	-25.0400253714946	1.0
ORTHO010709	1	0.918430833383432	-25.392373534782788	1.0
ORTHO002202	2	0.9184641326475924	-28.385697854945867	1.0
ORTHO010740	1	0.9184671201191538	-24.657350286654083	1.0
ORTHO008607	1	0.9185094632303263	-23.686143778601135	1.0
ORTHO002275	1	0.9185516002330285	-26.669833455757693	1.0
ORTHO010853	1	0.9185633249951443	-26.01140944336905	1.0
ORTHO010748	1	0.9185809398135184	-25.762828864154308	1.0
ORTHO010827	1	0.9185814878985842	-26.038148949579924	1.0
ORTHO009882	1	0.9186119985221936	-26.634510595902213	1.0
ORTHO009733	1	0.9187009680908771	-25.566136813863537	1.0
ORTHO004842	1	0.9187193078488745	-25.208597934051063	1.0
ORTHO010137	1	0.9187288960780781	-25.168284844235643	1.0
ORTHO009386	1	0.9187567202476363	-27.815281579502926	1.0
ORTHO010818	1	0.9187621229934956	-25.848979905177444	1.0
ORTHO010823	1	0.9188148304867144	-24.884759116346377	1.0
ORTHO010738	1	0.918817281630945	-24.628950018525416	1.0
ORTHO010848	1	0.918883566997134	-24.859967225314577	1.0
ORTHO010812	1	0.9189473054230245	-25.600834751704227	1.0
ORTHO010767	1	0.9189840736918038	-25.938081444196325	1.0
ORTHO010805	1	0.918986173662446	-25.580533868465785	1.0
ORTHO002097_1	1	0.9189877498003703	-25.283854465174613	1.0
ORTHO010801	1	0.9189877498003703	-25.283854465174613	1.0
ORTHO010056	1	0.9189886278142076	-24.23286909669153	1.0
ORTHO009818	1	0.9189992983165756	-27.153773273044745	1.0
ORTHO010832	1	0.9190906971861853	-24.83200842305689	1.0
ORTHO010821	1	0.9191338096759097	-24.539984729020283	1.0
ORTHO008907	1	0.9192788435938568	-24.90424262471041	1.0
ORTHO010885	1	0.9193094658944808	-25.141816272741906	1.0
ORTHO004703	1	0.9193134182269949	-26.949015886617477	1.0
ORTHO010836	1	0.9193416949477907	-25.468144826475832	1.0
ORTHO010837	1	0.9193460198412013	-25.86410314945825	1.0
ORTHO010834	1	0.9194004342427207	-25.046847148896077	1.0
ORTHO000950_1	1	0.9194013984810482	-25.337172131705803	1.0
ORTHO010810	1	0.9194017022505577	-24.662909913537575	1.0
ORTHO010892	1	0.9194566649730485	-24.259039318125858	1.0
ORTHO002653	1	0.9194627931844331	-27.255971605808995	1.0
ORTHO010793	1	0.9194668898497008	-25.232064237672375	1.0
ORTHO010842	1	0.9194755775249324	-25.420832652766034	1.0
ORTHO001681	1	0.9195180137410789	-26.77736758766294	1.0
ORTHO010817	1	0.9195372900521487	-25.238755282902655	1.0
ORTHO008666	1	0.9195496566417772	-25.41657511483543	1.0
ORTHO009934	1	0.9195661641547467	-26.207950644927273	1.0
ORTHO010900	1	0.9195889795180588	-24.975118052455652	1.0
ORTHO010123	1	0.9197097409179745	-24.61118546427927	1.0
ORTHO004150	1	0.9197394314451891	-27.59830400167599	1.0
ORTHO004069	1	0.9197810105213093	-26.376457438103753	1.0
ORTHO010815	1	0.9198030337801585	-25.37232654442651	1.0
ORTHO003157	1	0.9198060139368421	-25.891479544874457	1.0
ORTHO004482	1	0.9198413306124418	-24.117061678233636	1.0
ORTHO010010	1	0.9198451041867802	-24.142120884808218	1.0
ORTHO002081	1	0.9198702356034391	-27.668832296378216	1.0
ORTHO002097_2	1	0.9198831402556349	-24.67175016360697	1.0
ORTHO003456	1	0.9199884943945223	-25.458348471890563	1.0
ORTHO009804	1	0.9200455932047957	-25.724448041621127	1.0
ORTHO009714	1	0.9200601671877384	-23.57096105715069	1.0
ORTHO010850	1	0.9200766018702617	-24.329903732552264	1.0
ORTHO010905	1	0.9200766018702617	-24.329903732552264	1.0
ORTHO010846	1	0.9200988447080395	-25.16611947825053	1.0
ORTHO010040	1	0.9201431510221811	-25.466211348273237	1.0
ORTHO005677	1	0.9201614322526713	-23.169958194608434	1.0
ORTHO009988	1	0.920171057592797	-26.39879935592429	1.0
ORTHO003720	1	0.9201803423404737	-27.876899203764683	1.0
ORTHO010903	1	0.9202100033586716	-24.803082192099495	1.0
ORTHO009922	1	0.9202149916991694	-26.219096199506133	1.0
ORTHO000989	1	0.9202158232692321	-30.614712659462786	1.0
ORTHO010852	1	0.9202369341268714	-25.57643320292583	1.0
ORTHO010762	1	0.9202909404094118	-24.341919928862634	1.0
ORTHO010844	1	0.9203608530785108	-25.078124554464942	1.0
ORTHO008981	1	0.9203761289814659	-24.83353205332123	1.0
ORTHO010091	1	0.9204226249747098	-24.424099044379325	1.0
ORTHO008636	1	0.9204504072448936	-28.184312279433446	1.0
ORTHO010717	1	0.9204932527478307	-24.944316621367054	1.0
ORTHO008990	1	0.9204996033055657	-25.23977147329785	1.0
ORTHO010806	1	0.9206036584463285	-25.985125607790856	1.0
ORTHO009024	1	0.9206240259949088	-27.37408463730091	1.0
ORTHO007722	1	0.9206500855884368	-24.022978710438927	1.0
ORTHO010766	1	0.920656130482871	-28.128996310115056	1.0
ORTHO010888	1	0.9206706246514993	-24.875686547495025	1.0
ORTHO010890	1	0.9206795394321796	-24.405114898172005	1.0
ORTHO010896	1	0.9206795394321796	-24.405114898172005	1.0
ORTHO003863	2	0.9206935799675121	-23.85424671884495	1.0
ORTHO010636	1	0.92070844605686	-25.37479916346946	1.0
ORTHO010867	1	0.9207119234978146	-25.886312620964183	1.0
ORTHO010886	1	0.9207200824985626	-24.088130811476127	1.0
ORTHO006713	1	0.9207350271307819	-24.987897097473052	1.0
ORTHO010904	1	0.9207474247292944	-24.764262353804796	1.0
ORTHO008588	1	0.9208008949920734	-25.704713929316643	1.0
ORTHO005436	1	0.9208176379886522	-27.236607425637615	1.0
ORTHO010828	1	0.9208519568694119	-25.424570327347322	1.0
ORTHO010798	1	0.9208714128500426	-24.47137006410681	1.0
ORTHO010118	1	0.9208820574766001	-24.430481966280674	1.0
ORTHO010714	1	0.9209049354190757	-25.216539589683048	1.0
ORTHO010131	1	0.9209307532897847	-23.676588785899327	1.0
ORTHO008773	1	0.9209877835797797	-23.926734587427735	1.0
ORTHO010835	1	0.9210454439093261	-25.52571990023326	1.0
ORTHO010121	1	0.9210496588240162	-26.921685407719924	1.0
ORTHO010764	1	0.9210567317552046	-26.070481863579396	1.0
ORTHO010891	1	0.9210913579071869	-24.309443439990865	1.0
ORTHO010869	1	0.9211175469529878	-25.21541741692785	1.0
ORTHO005366	1	0.9211310478634956	-27.80337358303277	1.0
ORTHO010698	1	0.9211545492080274	-25.659309111557413	1.0
ORTHO001703	1	0.9211774699479333	-28.735198803441012	1.0
ORTHO006826	1	0.9211982254098274	-26.30611517778451	1.0
ORTHO010906	1	0.9212147842938445	-24.225095456337232	1.0
ORTHO009812	1	0.9212604300522413	-24.979086164451683	1.0
ORTHO010889	1	0.921318246301654	-24.300134014880403	1.0
ORTHO009492	1	0.9213450021751651	-27.993244404019517	1.0
ORTHO009807	1	0.9213610880990272	-27.273720921201726	1.0
ORTHO010894	1	0.9213651289999655	-23.988825810929733	1.0
ORTHO000383	1	0.9213693999671858	-33.42120398292043	1.0
ORTHO008602	1	0.921379147139831	-24.74436469054162	1.0
ORTHO007174	1	0.9214290439710395	-25.659829329186785	1.0
ORTHO010792	1	0.921473240317659	-24.701387445792115	1.0
ORTHO010789	1	0.9215609880734247	-24.426814406199767	1.0
ORTHO003235	1	0.9217212010046594	-27.387133278391303	1.0
ORTHO010868	1	0.9218322802506564	-24.910927726829847	1.0
ORTHO007232	1	0.921874176057498	-28.79154623438012	1.0
ORTHO010899	1	0.9219368671497207	-24.220388757266427	1.0
ORTHO002015	2	0.9219678277331002	-26.572492145304363	1.0
ORTHO010719	1	0.92198434472057	-27.43386193307383	1.0
ORTHO000485_2	1	0.9219890851568227	-30.040092155505203	1.0
ORTHO008973	1	0.9220255118678434	-25.098154763845155	1.0
ORTHO008050	1	0.9220559619405578	-25.276086059789822	1.0
ORTHO009033	1	0.9221155212069266	-24.00020468058448	1.0
ORTHO003753	1	0.922137534623916	-27.469367181682955	1.0
ORTHO009726	1	0.9222561890758656	-25.395308901358685	1.0
ORTHO004202	1	0.9223501269427596	-26.762247802639237	1.0
ORTHO009779	1	0.9224455679496983	-24.75764191262065	1.0
ORTHO008603	1	0.9226544092215553	-24.260845828638317	1.0
ORTHO009700	1	0.9227044484307882	-25.374490467258685	1.0
ORTHO009703	1	0.922763160227173	-25.042730756452144	1.0
ORTHO010122	1	0.922792430298553	-25.998827747858687	1.0
ORTHO010763	1	0.9228077243117395	-25.97181779573805	1.0
ORTHO009833	1	0.9228311016118107	-26.814737138781826	1.0
ORTHO000311	1	0.923000138825894	-34.83224616949583	1.0
ORTHO010460	1	0.9230661853655334	-26.12203389600942	1.0
ORTHO010150	1	0.9230714026154382	-24.44111063614611	1.0
ORTHO006378	1	0.9231736770061717	-24.36302716695723	1.0
ORTHO008780	1	0.9231742047688007	-25.577493030237683	1.0
ORTHO001393_2	1	0.9233631170594995	-25.76543650578336	1.0
ORTHO010731	1	0.9234237154672542	-26.183797864183454	1.0
ORTHO009644	1	0.9234801844426109	-27.29449720076847	1.0
ORTHO010009	1	0.9235472314587292	-25.99877071669181	1.0
ORTHO009920	1	0.9235641531449544	-24.42689076465529	1.0
ORTHO001135_1	1	0.9235808110616521	-24.701465592834076	1.0
ORTHO009701	1	0.9236452988156238	-24.6980360433791	1.0
ORTHO004939	1	0.9238371904773545	-26.05141146933946	1.0
ORTHO007295	1	0.9238550171551352	-25.899148955462593	1.0
ORTHO010754	1	0.923879591986392	-25.26152024477652	1.0
ORTHO009969	1	0.9241003135823085	-26.041309849674978	1.0
ORTHO009772	1	0.9241229791131221	-25.735850714729743	1.0
ORTHO009305	1	0.9242280711922827	-26.623645548070066	1.0
ORTHO009830	1	0.9243252277731475	-25.126150989094672	1.0
ORTHO004261	1	0.9244737121477246	-25.48397440379467	1.0
ORTHO010697	1	0.9246244692268419	-27.16326640869379	1.0
ORTHO003537	1	0.9246299783688795	-25.04264406355582	1.0
ORTHO010833	1	0.9247006206615219	-25.577091091193747	1.0
ORTHO008871	1	0.924728525655653	-23.797165125383987	1.0
ORTHO008215	1	0.9247539713965613	-25.930595582798784	1.0
ORTHO007254	1	0.9248266668267617	-24.46225899358313	1.0
ORTHO006049	1	0.9248555209458792	-24.656894161942493	1.0
ORTHO010030	1	0.9249110200751214	-25.638881806773256	1.0
ORTHO010758	1	0.9250704978126641	-24.244901265935166	1.0
ORTHO006406	1	0.9251026723031605	-27.13844486104235	1.0
ORTHO010116	1	0.9251062250850832	-25.014617022896285	1.0
ORTHO006571	1	0.925111479132376	-24.587598016909364	1.0
ORTHO001187	1	0.9251273595919541	-30.75281796268794	1.0
ORTHO004483	1	0.9251319512429071	-26.308668148682294	1.0
ORTHO005787	1	0.925167251649723	-26.838949255481705	1.0
ORTHO001988	1	0.9251977279466486	-29.730972436884056	1.0
ORTHO010873	1	0.9252125927537672	-25.984976344441375	1.0
ORTHO007264	1	0.9252413724523494	-28.059732493251794	1.0
ORTHO010774	1	0.9252482420959233	-27.909762012168912	1.0
ORTHO010744	1	0.9252992372635712	-24.98333686519972	1.0
ORTHO009754	1	0.9253381043007783	-25.708247841427966	1.0
ORTHO010825	1	0.9253881321802666	-25.351045796474292	1.0
ORTHO009996	1	0.9255682305462376	-24.78774070311283	1.0
ORTHO010016	1	0.9255924132258099	-26.001852724717235	1.0
ORTHO009295	1	0.9256535690782265	-25.695037527302283	1.0
ORTHO009018	1	0.9256901556609063	-25.074450905406692	1.0
ORTHO005247	2	0.9257854720325805	-27.482887014211588	1.0
ORTHO009001	1	0.9258026958662424	-27.332644307821656	1.0
ORTHO010884	1	0.9259965658703061	-26.26657622862767	1.0
ORTHO010141	1	0.9260943002130669	-25.772387439023202	1.0
ORTHO009556	1	0.9261478719728498	-25.362098450117106	1.0
ORTHO008713	1	0.9261983787457011	-25.90170446287253	1.0
ORTHO006212	1	0.9262059925132116	-27.1999265788261	1.0
ORTHO010910	1	0.9262314595875217	-25.26506736453956	1.0
ORTHO010907	1	0.9262524946721267	-25.584713091866416	1.0
ORTHO006595	1	0.9262948667116363	-25.07964258413137	1.0
ORTHO001326	2	0.9263289790479444	-28.49911710961737	1.0
ORTHO004680	1	0.9264829229918176	-25.978675273650044	1.0
ORTHO007096	2	0.9265667972842625	-24.736582154885856	1.0
ORTHO009808	1	0.926623026619019	-25.454591075885833	1.0
ORTHO008188	1	0.9267660030542526	-27.733771031686366	1.0
ORTHO009977	1	0.9268705109531188	-24.871940223091343	1.0
ORTHO004244	1	0.9269354271290168	-26.22702967890565	1.0
ORTHO009773	1	0.9271063169957954	-25.204894917881454	1.0
ORTHO007565	1	0.9271860844268218	-26.135394623231463	1.0
ORTHO008722	1	0.9274461889656073	-24.69019365422332	1.0
ORTHO009118	1	0.9276140387783377	-27.729984622461817	1.0
ORTHO000356	2	0.9277513943657056	-34.80147144420051	1.0
ORTHO006255	1	0.9277806559554327	-24.727371787594738	1.0
ORTHO003055	2	0.9279287644105347	-28.18897236033648	1.0
ORTHO009800	1	0.9280149607063314	-24.917427705046407	1.0
ORTHO009965	1	0.9280923103195787	-26.109968407796007	1.0
ORTHO009007	1	0.9281001606057234	-25.147019044185424	1.0
ORTHO008049	1	0.9281489722650509	-25.948209742169116	1.0
ORTHO005225	1	0.9281575497970839	-24.90348483043597	1.0
ORTHO009472	1	0.9282827594166735	-24.618844038482138	1.0
ORTHO006637	1	0.9283002291152548	-24.715710580401982	1.0
ORTHO002528	1	0.928308620444844	-27.66806632615899	1.0
ORTHO004369	1	0.9285693781091102	-27.327013376027253	1.0
ORTHO009580	1	0.9286117718749057	-26.448768862349144	1.0
ORTHO010638	1	0.9286293714653285	-25.595246563308137	1.0
ORTHO010795	1	0.9286293714653285	-25.595246563308137	1.0
ORTHO002795	1	0.9289116941409551	-26.354998563157174	1.0
ORTHO006621	1	0.9289273941509523	-25.64426514095296	1.0
ORTHO010111	1	0.9289825184518882	-25.903918921930913	1.0
ORTHO008936	1	0.9289965937851844	-23.92591456803765	1.0
ORTHO007926	1	0.9290209735402337	-23.97795810238238	1.0
ORTHO000352_2	1	0.9290217949951646	-26.018123728791746	1.0
ORTHO009959	1	0.929118690930348	-25.128736168356742	1.0
ORTHO009663	2	0.9291843728938439	-24.57252484317142	1.0
ORTHO008895	1	0.9291859875680276	-25.754154421910613	1.0
ORTHO009464	1	0.9291963003292283	-26.45444275631321	1.0
ORTHO006265	2	0.9292609459262359	-25.78923506958539	1.0
ORTHO002693	2	0.9293135969231222	-27.808118917137637	1.0
ORTHO010901	1	0.9293910428139159	-25.661531276321316	1.0
ORTHO010146	1	0.9296825509931799	-27.114930396705848	1.0
ORTHO010724	1	0.9298784896399114	-25.0648072777262	1.0
ORTHO008694	1	0.92998966763356	-24.921916966584806	1.0
ORTHO004168	1	0.9300592152520785	-25.182385282597085	1.0
ORTHO010677	1	0.9300610382859447	-24.684408890611195	1.0
ORTHO010716	1	0.9304260850283945	-25.162890960357558	1.0
ORTHO009611	1	0.9304368467614474	-27.124168497524654	1.0
ORTHO000323_1	1	0.9304698710761049	-31.100936156538683	1.0
ORTHO009263	1	0.9305056196501921	-24.153717005004545	1.0
ORTHO010872	1	0.9305687851415816	-25.732115661955614	1.0
ORTHO008499	1	0.9305933365770497	-24.866276505105017	1.0
ORTHO009385	1	0.9307767728647682	-24.920610594263678	1.0
ORTHO009939	1	0.9309190599176156	-26.70580031648801	1.0
ORTHO006533	1	0.9309253170399451	-25.91598930003649	1.0
ORTHO007221	1	0.9311427497169237	-25.217141308084308	1.0
ORTHO005196	1	0.9312058865724969	-26.29788819156296	1.0
ORTHO009839	1	0.9312133354034606	-27.109365468462915	1.0
ORTHO005718	1	0.9312352654870781	-26.735125142299957	1.0
ORTHO001345_1	1	0.9312480633444986	-26.539164298993732	1.0
ORTHO009412	1	0.9313094893514184	-25.24773180033953	1.0
ORTHO009029	1	0.931386631138458	-26.086893097296024	1.0
ORTHO000692_2	1	0.9315126271057391	-26.591452526844993	1.0
ORTHO004641	1	0.9316076664417973	-24.574127695587617	1.0
ORTHO002724	1	0.9316758119329779	-26.33203680933975	1.0
ORTHO009798	1	0.9316914213147717	-24.796318358735384	1.0
ORTHO003137	1	0.9319249297187191	-26.7110203424077	1.0
ORTHO007058	1	0.9321480253158125	-25.54397867734976	1.0
ORTHO001947	1	0.932274176888634	-28.09054096525673	1.0
ORTHO007610	1	0.9323101621190295	-25.064323236471566	1.0
ORTHO000600	2	0.9323778254290215	-32.3986116414418	1.0
ORTHO005255	2	0.9324530176605573	-28.978469962407768	1.0
ORTHO006420	1	0.9324978442893597	-26.088533728247356	1.0
ORTHO005675	1	0.9326077014501247	-25.35478268043286	1.0
ORTHO003542	1	0.932694063519012	-27.94687789416192	1.0
ORTHO010052	1	0.9328392022351799	-24.800154341138832	1.0
ORTHO008197	1	0.9328558874042115	-25.544252384005127	1.0
ORTHO001958	2	0.9329402946591394	-26.713188524900584	1.0
ORTHO003956	1	0.9329911552757044	-27.390467337331632	1.0
ORTHO008576	1	0.9330067869211597	-26.937069101469117	1.0
ORTHO008939	1	0.9330622840752172	-26.25459624061968	1.0
ORTHO007407	1	0.9331572055272169	-24.23100547810535	1.0
ORTHO010017	1	0.933270601041954	-26.25667826682237	1.0
ORTHO001447_1	1	0.9332758141762049	-26.482356679481477	1.0
ORTHO000337_3	2	0.9333841037620592	-24.76018061873847	1.0
ORTHO005089	1	0.9336039058692669	-24.494963068575373	1.0
ORTHO006451	1	0.9337200866397615	-27.64196967683037	1.0
ORTHO009590	1	0.9337204211391917	-25.36385857629559	1.0
ORTHO008137	1	0.9339055512806138	-24.74972355368294	1.0
ORTHO001131_2	1	0.9339116322913967	-25.799619015395514	1.0
ORTHO008831	1	0.9339463090174304	-27.76928804179292	1.0
ORTHO002868	1	0.9339620961474097	-27.52075676770405	1.0
ORTHO008521	1	0.9339705342578936	-26.046090140300457	1.0
ORTHO009596	1	0.9340306565248184	-24.878468649491197	1.0
ORTHO005353	1	0.9342417028535833	-26.91066566192596	1.0
ORTHO009627	1	0.9343006860064754	-24.066055979680996	1.0
ORTHO002747	1	0.9348360569548343	-24.24349553261373	1.0
ORTHO009783	1	0.9350509101739164	-25.65824504216912	1.0
ORTHO002398	1	0.9350953148813457	-26.78419294267116	1.0
ORTHO005982	1	0.9353231838024219	-26.178685319395942	1.0
ORTHO007068	1	0.935515184977787	-28.215867134935795	1.0
ORTHO008486	1	0.9355822624926369	-24.762162669491175	1.0
ORTHO010075	1	0.9355962912579666	-26.4021872338841	1.0
ORTHO008865	1	0.9357478091872538	-25.392612928836368	1.0
ORTHO000846_2	1	0.935855417878027	-25.498131865648325	1.0
ORTHO006522	1	0.9361474569680485	-25.32634611890861	1.0
ORTHO005899	1	0.9361821917949136	-25.222343422683274	1.0
ORTHO001283_2	1	0.9362856562294726	-26.857182999884635	1.0
ORTHO005227	2	0.936363777356975	-26.214746923476774	1.0
ORTHO006357	1	0.9364333169929332	-25.383808255002748	1.0
ORTHO008078	2	0.936587809110714	-24.870842258919605	1.0
ORTHO009929	1	0.9366931393523519	-25.20191180863874	1.0
ORTHO002163	2	0.9370503769808479	-26.056234588196038	1.0
ORTHO004464	2	0.9370956373249162	-25.17095483200556	1.0
ORTHO008017	1	0.9373298319374205	-29.093172949742108	1.0
ORTHO005203	1	0.9381538784067387	-26.007336917302588	1.0
ORTHO000315_1	2	0.9381957265783984	-29.33206879022394	1.0
ORTHO009515	1	0.9382205802973669	-24.238156596474095	1.0
ORTHO007277	1	0.9382900230031331	-26.425981403134795	1.0
ORTHO008175	1	0.9384660080849487	-26.41328664309958	1.0
ORTHO006350	1	0.9385965106221891	-25.879165109010447	1.0
ORTHO007080	1	0.9386041414028689	-27.295443889369576	1.0
ORTHO003168	1	0.9386539354587532	-27.226326818669964	1.0
ORTHO002725	1	0.9388757346943872	-25.831419438085668	1.0
ORTHO008977	1	0.9389253785531702	-24.914638952890048	1.0
ORTHO007345	1	0.9393313157920932	-26.738377131434337	1.0
ORTHO009659	1	0.9393858883381594	-24.478843018559513	1.0
ORTHO003359	1	0.9396562792267122	-26.9249865999055	1.0
ORTHO007023	1	0.9396735311383387	-23.914113427501512	1.0
ORTHO006663	1	0.9399031890187267	-27.570961803317253	1.0
ORTHO009568	1	0.9400502286825043	-24.412418119325686	1.0
ORTHO003654	1	0.9401060848039915	-28.19695638954322	1.0
ORTHO002390	2	0.9402278878221313	-26.03047853888654	1.0
ORTHO000350_1	2	0.9402674395573322	-31.92270778506255	1.0
ORTHO008856	1	0.9403394971569216	-26.587027181884647	1.0
ORTHO005604	2	0.9404216222961174	-26.04494721648895	1.0
ORTHO008335	1	0.9405402484142893	-25.916655710963454	1.0
ORTHO005405	1	0.940712919882679	-27.156545218548814	1.0
ORTHO008519	1	0.9411470675357806	-27.55782395478223	1.0
ORTHO008859	1	0.9412353534281853	-25.663586220710325	1.0
ORTHO009679	1	0.9415006447878494	-24.515139997976473	1.0
ORTHO004670	2	0.941895890450354	-26.016952432029335	1.0
ORTHO005486	1	0.9419089479771107	-26.085914852969097	1.0
ORTHO006249	1	0.9420408653993244	-25.710931378216408	1.0
ORTHO010532	1	0.9421269484293292	-26.650838134187122	1.0
ORTHO003049	1	0.942201293401591	-27.5066291637706	1.0
ORTHO006292	1	0.9423324581484841	-25.999538232271995	1.0
ORTHO008264	1	0.9426155722783093	-27.54857865368554	1.0
ORTHO004039	2	0.9432140792746997	-25.53589943656269	1.0
ORTHO005844	1	0.943367131156829	-26.182550006110375	1.0
ORTHO002132	2	0.9438572102331519	-29.324473119365713	1.0
ORTHO000359_2	1	0.943857299846527	-29.090867245220746	1.0
ORTHO003455	1	0.9443303036164489	-26.254855146226465	1.0
ORTHO008151	1	0.9443575791278508	-27.463744126832275	1.0
ORTHO005596	2	0.9443889719568712	-26.482531487778946	1.0
ORTHO000690	1	0.9445589723071149	-31.662873808888875	1.0
ORTHO009226	1	0.9445712827742055	-25.52195089293275	1.0
ORTHO002016	1	0.944665401663791	-29.493080883473755	1.0
ORTHO005217	1	0.9450272819521063	-26.06071294453383	1.0
ORTHO006034	1	0.9455017693559051	-25.3710642318357	1.0
ORTHO007575	1	0.9455762652047297	-25.878150433411676	1.0
ORTHO003806	2	0.9457499709274174	-26.356168095608513	1.0
ORTHO002666	1	0.9457777184592121	-26.085491837714446	1.0
ORTHO003955	1	0.9458543579804347	-26.86569335466765	1.0
ORTHO007333	1	0.9460498865177983	-24.99236446986526	1.0
ORTHO008301	2	0.9461769612823628	-24.481166243804395	1.0
ORTHO010386	1	0.9465481498176834	-25.380673316469377	1.0
ORTHO008536	1	0.9466482918443515	-24.33214560574243	1.0
ORTHO009167	1	0.9468356695907245	-25.06411225705668	1.0
ORTHO005788	1	0.9468487138307272	-28.04368847496711	1.0
ORTHO007358	1	0.9469002492692157	-24.35385449203966	1.0
ORTHO008235	1	0.9470075940119699	-25.710248317981545	1.0
ORTHO000498_1	2	0.9470371788932065	-31.243590599776322	1.0
ORTHO009246	1	0.9470660190757892	-29.76554652777036	1.0
ORTHO007576	1	0.9474093436370492	-28.79476423288027	1.0
ORTHO002064	2	0.9474093657667071	-27.756473866140453	1.0
ORTHO005372	1	0.9478426983735041	-26.861256686325078	1.0
ORTHO003444	1	0.9479547735665239	-28.456916897526085	1.0
ORTHO004871	1	0.9480645364902349	-29.426796816175777	1.0
ORTHO007555	2	0.9482000983384966	-25.02199825558295	1.0
ORTHO004651	1	0.9485808215182896	-28.44595183462238	1.0
ORTHO000539_3	1	0.948656224497462	-26.57907509317425	1.0
ORTHO009682	1	0.9488917624011158	-26.75458363939596	1.0
ORTHO006476	2	0.9489973467706746	-28.131884377918826	1.0
ORTHO005600	2	0.949037756714253	-24.41964778013819	1.0
ORTHO007517	1	0.9492298950674969	-27.504297663358635	1.0
ORTHO009458	2	0.9494220205252267	-24.818762734273967	1.0
ORTHO006195	1	0.9494262922274571	-25.25056700788911	1.0
ORTHO009581	1	0.9497902602732299	-26.19525940823096	1.0
ORTHO008195	1	0.9498106977851599	-24.459932641977847	1.0
ORTHO009147	2	0.950085636732763	-26.818688393847935	1.0
ORTHO006088	1	0.950431870759769	-26.989634013750297	1.0
ORTHO004718	1	0.9505892943686252	-25.478065972574434	1.0
ORTHO005751	1	0.9506103323149115	-23.86705820249606	1.0
ORTHO000738	1	0.9507822877828639	-31.682743184801893	1.0
ORTHO005375	1	0.9509570241728699	-25.073439112753483	1.0
ORTHO005399	1	0.95136109075979	-25.20889845637374	1.0
ORTHO009674	1	0.9518151563633359	-26.060703539862207	1.0
ORTHO009615	1	0.9518889594142119	-26.791963196498997	1.0
ORTHO003562	1	0.9519325551716427	-26.74484151041044	1.0
ORTHO009059	1	0.952216126395153	-26.030292488765216	1.0
ORTHO003608	1	0.9522415936241623	-26.983046977738432	1.0
ORTHO007486	1	0.9522718667748613	-25.914526473109362	1.0
ORTHO009245	1	0.9522749772359238	-25.65536545107435	1.0
ORTHO006610	1	0.9523297128473226	-24.989602602123487	1.0
ORTHO009346	1	0.9523562565509912	-25.104449990040994	1.0
ORTHO008568	1	0.9524962384296	-26.651131092895387	1.0
ORTHO003995	1	0.9525258565030231	-27.802656649706872	1.0
ORTHO003577	1	0.952609345551792	-27.112582160862914	1.0
ORTHO009603	1	0.9526447626979359	-25.710861219106	1.0
ORTHO007636	1	0.9526863993136001	-25.67415569794207	1.0
ORTHO002287	1	0.9529075877380387	-28.24290299308754	1.0
ORTHO002632	1	0.9531237209980282	-29.57050269642171	1.0
ORTHO002146_1	1	0.9531341395683457	-25.395117578422724	1.0
ORTHO008072	1	0.9531605037873195	-24.41427298060724	1.0
ORTHO005001	1	0.9534208307477428	-26.06187406908222	1.0
ORTHO003284	2	0.9537364211002523	-27.101355285370598	1.0
ORTHO003784	1	0.9537399546617062	-28.42844412777536	1.0
ORTHO000357_1	2	0.9539091386581706	-33.08947308869901	1.0
ORTHO008850	1	0.9541682455937057	-26.318052728795756	1.0
ORTHO009685	1	0.9542969930297971	-24.73573490304026	1.0
ORTHO004997	2	0.9543673280298467	-25.0569307004232	1.0
ORTHO001060_1	3	0.9545840454421516	-27.47600647136421	1.0
ORTHO009227	1	0.9546936478206147	-26.203941847046472	1.0
ORTHO002069	1	0.9546978862578324	-26.689775805773685	1.0
ORTHO008038	1	0.9548424342592534	-25.82228260723259	1.0
ORTHO002536	2	0.9549654105938656	-27.28594251956275	1.0
ORTHO006363	1	0.9550679561991602	-26.022685627534354	1.0
ORTHO009520	1	0.9552637564372595	-24.179509139553534	1.0
ORTHO002931	1	0.9553195704596505	-30.244862307466573	1.0
ORTHO010379	1	0.9555370414477831	-26.192347679656056	1.0
ORTHO009069	1	0.9556218917775148	-25.725204190585522	1.0
ORTHO008489	1	0.9557364443974856	-24.903434526720147	1.0
ORTHO009315	1	0.9558456545917563	-26.218399538433413	1.0
ORTHO004904	1	0.955918272880535	-26.10996653322126	1.0
ORTHO005474	1	0.9560649528659965	-27.559404398539773	1.0
ORTHO007655	1	0.9560822697804531	-26.903063791134624	1.0
ORTHO008595	2	0.9561952077662469	-27.440147816781185	1.0
ORTHO000999	1	0.9562021594103336	-28.464673071167674	1.0
ORTHO010061	1	0.956352631193635	-27.413308594426564	1.0
ORTHO002493	1	0.9563941349945498	-25.814913042105818	1.0
ORTHO010178	2	0.9564249526860782	-27.03668158537852	1.0
ORTHO002798	1	0.9566638513706572	-27.60182421280807	1.0
ORTHO003038	1	0.9570629386609879	-27.02341088378664	1.0
ORTHO002570	2	0.9570758367532718	-25.897091308985285	1.0
ORTHO007456	1	0.9574706301178311	-25.148895819312248	1.0
ORTHO001295_2	2	0.9575170956462425	-25.75869581753693	1.0
ORTHO008567	1	0.9576453651705542	-27.31639575563622	1.0
ORTHO004538	1	0.9576656088351942	-26.745414326639864	1.0
ORTHO008064	1	0.9577984570426349	-24.623863647778734	1.0
ORTHO009054	1	0.9579163152746927	-25.74447608189255	1.0
ORTHO003176	1	0.9579706440824669	-27.302290641998475	1.0
ORTHO009152	2	0.9580468499559284	-24.616333961651986	1.0
ORTHO010294	1	0.9581580932011972	-25.320154596779158	1.0
ORTHO008557	1	0.9583024040356597	-24.601105943563216	1.0
ORTHO004798	1	0.9583298095205498	-25.224527621164164	1.0
ORTHO006646	1	0.9583789268487941	-27.669341318049987	1.0
ORTHO004436	1	0.9584677333734819	-28.343019605598606	1.0
ORTHO002977	1	0.9586634827360101	-27.708794665150567	1.0
ORTHO004402	1	0.9587416336164134	-24.973038576096496	1.0
ORTHO007394	1	0.9587541837664758	-27.41777825219577	1.0
ORTHO005364	1	0.9587631611179762	-24.592132181873403	1.0
ORTHO008294	1	0.9587978608720662	-25.069384225488793	1.0
ORTHO002772	1	0.9588184478851411	-27.557860669485052	1.0
ORTHO000416_3	1	0.9589406925549577	-31.38373530031602	1.0
ORTHO009387	1	0.9592889668002909	-25.70055623475361	1.0
ORTHO010588	1	0.9593402300515325	-24.9101369642963	1.0
ORTHO007327	1	0.9593964975207007	-24.8143013489304	1.0
ORTHO001829	1	0.9594370629878286	-31.1149962975732	1.0
ORTHO006242	1	0.959520932693093	-25.270202199405478	1.0
ORTHO006419	1	0.9595323368541051	-25.373400141039173	1.0
ORTHO009045	1	0.9597057556451256	-25.211695628055978	1.0
ORTHO009598	1	0.9597487961854743	-28.37518735780158	1.0
ORTHO010104	1	0.9599300275766665	-26.143003813662435	1.0
ORTHO009439	1	0.959932038316871	-25.982799611271336	1.0
ORTHO010511	1	0.9600113318994357	-25.835026962318675	1.0
ORTHO008047	1	0.9602193684284134	-25.874826540972972	1.0
ORTHO001905	2	0.9603209891218463	-26.30389231972825	1.0
ORTHO010458	2	0.9603903629316557	-25.57215288664889	1.0
ORTHO006630	1	0.9603970977575645	-27.051468933768273	1.0
ORTHO008599	1	0.9605335946454652	-26.72294284759313	1.0
ORTHO001591	2	0.9606008812000624	-27.561253171216087	1.0
ORTHO010184	2	0.960603331421636	-26.30024628658816	1.0
ORTHO010450	1	0.960632640531205	-27.2396780639061	1.0
ORTHO009625	2	0.9607759370361871	-28.187963193805732	1.0
ORTHO001153	1	0.9607829826147255	-29.335216535004268	1.0
ORTHO010346	1	0.9608043293741938	-25.954764676340954	1.0
ORTHO010277	1	0.9611531646027195	-27.628449020835433	1.0
ORTHO010445	1	0.9611875358075717	-25.423311382055516	1.0
ORTHO003332	1	0.961347429157283	-28.435087933957792	1.0
ORTHO004348	1	0.9614279390104634	-26.132666432022667	1.0
ORTHO001854	2	0.9614944498115855	-27.740664859662004	1.0
ORTHO010274	1	0.9616342013424249	-25.119037904726827	1.0
ORTHO008082	2	0.9618802841343674	-28.261366396597467	1.0
ORTHO004805	2	0.9620704191577981	-24.540827781390977	1.0
ORTHO008474	1	0.9622510854208088	-25.603682514969904	1.0
ORTHO010288	1	0.9622611881198374	-26.57309315438358	1.0
ORTHO010249	1	0.9622740928790023	-27.97006836974485	1.0
ORTHO002740	1	0.9624445570004344	-25.502854563587785	1.0
ORTHO008204	1	0.9624554521345251	-25.797928193103903	1.0
ORTHO001635	1	0.9624651005997786	-27.727193004069218	1.0
ORTHO008069	1	0.9625928369491638	-26.015778948649434	1.0
ORTHO010491	1	0.9627166868004137	-26.08463809564096	1.0
ORTHO000539_2	1	0.9627655720401997	-25.047282979194325	1.0
ORTHO009254	1	0.962771115154421	-26.119426294737217	1.0
ORTHO009547	1	0.9628868477785947	-26.274580256776588	1.0
ORTHO009583	1	0.9629986902562939	-26.453225939799886	1.0
ORTHO008062	1	0.9630463768896871	-25.27851894994847	1.0
ORTHO010499	1	0.9630918908354275	-25.6433754115935	1.0
ORTHO009433	1	0.9633979189573348	-27.53771065775791	1.0
ORTHO000345_3	2	0.9635610283210495	-31.73789013070096	1.0
ORTHO002192	2	0.9637750210588016	-27.171710206072007	1.0
ORTHO001419_2	1	0.9638387039563034	-26.988627365243918	1.0
ORTHO010205	1	0.964382519501734	-27.161639361373034	1.0
ORTHO010597	1	0.9646191404274072	-25.110668170254456	1.0
ORTHO010519	1	0.9646310362088031	-26.508556322687543	1.0
ORTHO010181	2	0.9646350716025097	-25.089228911492565	1.0
ORTHO009919	1	0.9648898114826037	-29.5412014281699	1.0
ORTHO010437	1	0.9649163874298073	-26.01285295506202	1.0
ORTHO005371	1	0.9651262580470475	-30.863536362078197	1.0
ORTHO010422	1	0.965206265177552	-26.660810525778185	1.0
ORTHO009672	2	0.9652826831861656	-24.876390765121634	1.0
ORTHO009587	1	0.965411350545569	-26.8723031821023	1.0
ORTHO008616	1	0.9654477516447745	-28.141406821609635	1.0
ORTHO010364	1	0.9654631121900838	-26.171537917017453	1.0
ORTHO010490	1	0.9655545054061222	-25.39574700970969	1.0
ORTHO010258	1	0.9656099508205259	-26.002426339682575	1.0
ORTHO010457	1	0.9656967153085497	-26.312081441874096	1.0
ORTHO004615	1	0.9657455572683933	-26.51806314520922	1.0
ORTHO004868	1	0.9657528078529345	-26.65236182877771	1.0
ORTHO009455	1	0.9658142221294139	-26.39370550143332	1.0
ORTHO008715	1	0.9658628142321009	-28.023691850238855	1.0
ORTHO001646	1	0.9659247221139484	-31.42697410033524	1.0
ORTHO009141	1	0.9659634084334606	-26.654227577437343	1.0
ORTHO006050	1	0.965969695375302	-24.733294671187018	1.0
ORTHO002752	1	0.966103357064069	-29.12760013461086	1.0
ORTHO009650	1	0.9661429684061928	-25.351029575332138	1.0
ORTHO004033	2	0.9662706792593223	-25.60103647189317	1.0
ORTHO003100	1	0.9662726429165395	-25.329377039340876	1.0
ORTHO010396	1	0.9663618112863911	-27.121578609222798	1.0
ORTHO003661	1	0.9664174820772484	-25.25668776618413	1.0
ORTHO002063	1	0.9664916157223329	-29.253515229307194	1.0
ORTHO002534	1	0.9666505653844455	-28.442296886184092	1.0
ORTHO010495	1	0.9667615236461798	-26.865702118339478	1.0
ORTHO003259	1	0.9668407675957545	-26.013626852531075	1.0
ORTHO010447	1	0.9668569941530396	-26.751660170419804	1.0
ORTHO004030	1	0.9671819684022394	-26.27746565207861	1.0
ORTHO008578	1	0.9674538118131073	-26.68446995999472	1.0
ORTHO010461	1	0.9676970331004315	-25.97955485400212	1.0
ORTHO003838	2	0.9677492116946624	-25.95163657787161	1.0
ORTHO009165	1	0.9678190319283074	-25.42933247360095	1.0
ORTHO010507	1	0.9678320161406433	-25.655727416329288	1.0
ORTHO007053	1	0.9680952349649238	-25.20691026829738	1.0
ORTHO004343	1	0.9681213919414571	-26.00600563997261	1.0
ORTHO006977	1	0.9682508271794181	-25.43404723434704	1.0
ORTHO010319	1	0.9683268687934571	-26.616672784347053	1.0
ORTHO001997	1	0.9683722633295933	-28.293509819942646	1.0
ORTHO004228	1	0.9685090124937212	-25.175562848405956	1.0
ORTHO007203	1	0.9685504832438576	-27.59918803229057	1.0
ORTHO010554	1	0.9687298430441836	-25.61808047815942	1.0
ORTHO010429	1	0.968761467658198	-26.32294405670592	1.0
ORTHO010451	1	0.9687653241731299	-25.83159767432101	1.0
ORTHO009646	1	0.9688084545918838	-25.449436715346366	1.0
ORTHO007425	1	0.9688129814924971	-25.837369316332857	1.0
ORTHO010276	1	0.9688417246196073	-24.923914941946922	1.0
ORTHO008172	1	0.9689400659361873	-28.319886750787965	1.0
ORTHO000284_3	1	0.9690816821998117	-26.359370351640734	1.0
ORTHO001017	1	0.9691783699007784	-27.565979567944716	1.0
ORTHO004922	2	0.9692098037648549	-26.20724361877321	1.0
ORTHO010562	1	0.9692112445995766	-25.284910372737777	1.0
ORTHO010484	1	0.9693446923402097	-26.175145965226452	1.0
ORTHO010071	1	0.9695396054456503	-28.11808038688188	1.0
ORTHO010561	1	0.9695960999822678	-24.85766298277752	1.0
ORTHO004616	1	0.9696998057755232	-27.51707986449547	1.0
ORTHO001227	1	0.9697430145299494	-29.069902613389473	1.0
ORTHO001570	1	0.9698917460139597	-29.342758111353174	1.0
ORTHO009228	1	0.9700825491350069	-28.948037444542756	1.0
ORTHO011154	1	0.9701346600487376	-27.165352169558687	1.0
ORTHO011189	1	0.9702157428917492	-26.30825656533747	1.0
ORTHO011188	1	0.9702643913567524	-26.44210930118723	1.0
ORTHO009130	1	0.9705011945228534	-28.150724563034878	1.0
ORTHO009129	1	0.9706397408478508	-25.506298945503406	1.0
ORTHO008288	1	0.9708054854021975	-27.992485501158306	1.0
ORTHO010389	1	0.971283677553789	-27.1971172324644	1.0
ORTHO008477	1	0.9713605623757529	-25.57763857899728	1.0
ORTHO005401	1	0.9715378222898018	-25.747155914406857	1.0
ORTHO008385	1	0.9717828720632852	-27.668964404522388	1.0
ORTHO008009	1	0.9718076571619072	-27.862924875157194	1.0
ORTHO003869	1	0.9718968347762046	-29.04698613233193	1.0
ORTHO003191	1	0.9719192870791561	-27.53729714306859	1.0
ORTHO006069	1	0.9719603995323743	-26.57254395376362	1.0
ORTHO009127	1	0.9719862064608802	-26.182292320217208	1.0
ORTHO010455	1	0.9721319038109961	-26.546559699519765	1.0
ORTHO010533	1	0.9722473766729682	-25.79814152971567	1.0
ORTHO011105	1	0.9722912068356474	-27.677529038215308	1.0
ORTHO010552	1	0.9722988087514045	-27.547052941201994	1.0
ORTHO010384	1	0.9724561126602603	-26.192155349606193	1.0
ORTHO011091	1	0.9726943194193497	-27.40034794127387	1.0
ORTHO010399	1	0.972707684048475	-27.80118291680785	1.0
ORTHO011163	1	0.9727608677984824	-27.44194510768663	1.0
ORTHO008225	1	0.9728553752267695	-25.746161290125837	1.0
ORTHO010222	1	0.9728645017405082	-26.213604677169336	1.0
ORTHO008156	1	0.972970814147844	-25.821373491760966	1.0
ORTHO008200	1	0.9730617117239009	-27.380883163895824	1.0
ORTHO009698	1	0.973342377057649	-25.793758154660697	1.0
ORTHO010144	1	0.9734113539442649	-27.506550087811224	1.0
ORTHO001580_2	1	0.9734464286446537	-26.56267295010534	1.0
ORTHO002425	1	0.973502744447846	-30.30198974770217	1.0
ORTHO004503	1	0.9735561746172287	-28.297256256185584	1.0
ORTHO003093	1	0.9735958963285462	-29.070001227560898	1.0
ORTHO011190	1	0.9736408586462918	-26.58600780715865	1.0
ORTHO011090	1	0.9736817266694843	-25.652894749836285	1.0
ORTHO010438	1	0.9738214141683407	-26.091060978192154	1.0
ORTHO010560	1	0.9739962582241214	-25.284539516258306	1.0
ORTHO009505	2	0.9742034118078321	-27.127265521328315	1.0
ORTHO001445	1	0.9742411014597461	-29.94162111726644	1.0
ORTHO006587	1	0.9742649073816487	-28.195279898994734	1.0
ORTHO002094	2	0.9743050701467996	-28.084422455330653	1.0
ORTHO008369	1	0.9743300134366506	-27.548317775133327	1.0
ORTHO010340	1	0.9743397213773345	-26.53224205359479	1.0
ORTHO009306	1	0.9743409584529654	-25.673545413238575	1.0
ORTHO006475	1	0.9744014783332419	-27.41528428041847	1.0
ORTHO000444_2	1	0.9745187636590512	-26.74586089664494	1.0
ORTHO010094	1	0.9747226878121218	-26.524620952124092	1.0
ORTHO009421	1	0.9748671994856231	-25.827473232576423	1.0
ORTHO008198	1	0.9749987542468807	-25.733012605186108	1.0
ORTHO009326	1	0.9750063916423592	-27.037953366854676	1.0
ORTHO008234	1	0.9750131099548639	-26.280046311204316	1.0
ORTHO010134	1	0.975070561067159	-25.57308718038572	1.0
ORTHO009038	1	0.9753583076447021	-27.169658436533116	1.0
ORTHO011194	1	0.9753603568926369	-26.089797829486063	1.0
ORTHO006039	1	0.9753713877824598	-26.685144042144092	1.0
ORTHO011093	1	0.9754379673493684	-27.555699944434508	1.0
ORTHO010427	1	0.9754721731252726	-26.332278836030834	1.0
ORTHO010728	1	0.9755124666500682	-26.6994695653086	1.0
ORTHO007931	1	0.9755589468980322	-27.091862407117187	1.0
ORTHO011155	1	0.9756744952294985	-26.32046462670791	1.0
ORTHO010442	1	0.9756980651575731	-26.747909389545836	1.0
ORTHO007562	1	0.9757307814950416	-26.25301321999245	1.0
ORTHO002511	1	0.9758721035433591	-26.653045519139525	1.0
ORTHO005693	1	0.9761163395046177	-28.70308962642072	1.0
ORTHO008583	1	0.9763012939046787	-27.208702738712546	1.0
ORTHO010443	1	0.9763281877076024	-25.967447812690118	1.0
ORTHO011192	1	0.97640655106505	-26.399641540328382	1.0
ORTHO001448	1	0.9764492274901576	-28.04271053375688	1.0
ORTHO011199	1	0.9764723854403138	-26.44974904019923	1.0
ORTHO010898	1	0.9765633312832743	-27.243055692778302	1.0
ORTHO010530	1	0.9766142883529042	-27.047348492005064	1.0
ORTHO010093	1	0.9767452433717662	-26.10009224197905	1.0
ORTHO011177	1	0.9767990725860275	-26.28286028278824	1.0
ORTHO011008	1	0.9768134429232176	-27.886375658309976	1.0
ORTHO006244	1	0.9768418288622799	-25.253713427951894	1.0
ORTHO011162	1	0.9769889577365908	-26.092575468236458	1.0
ORTHO010436	1	0.9769976909516299	-26.317680633192843	1.0
ORTHO010343	1	0.9772012456955975	-25.48930081955159	1.0
ORTHO011161	1	0.9772089293785405	-26.1314120876499	1.0
ORTHO009648	1	0.9773004096255652	-25.82320707552657	1.0
ORTHO011062	1	0.9773211146027353	-29.003041249907415	1.0
ORTHO007983	1	0.977370245851851	-26.588270457953808	1.0
ORTHO009364	1	0.9774277140504583	-25.966646511459277	1.0
ORTHO008529	1	0.9776639801433326	-25.43745772331855	1.0
ORTHO009242	1	0.9777167563706235	-25.032746221389854	1.0
ORTHO011185	1	0.9777780748564983	-27.390742085358692	1.0
ORTHO009530	1	0.977862854602296	-26.48190092773265	1.0
ORTHO006716	1	0.9778757770699978	-26.552877659456378	1.0
ORTHO006065	1	0.9780743996648115	-26.53230216495478	1.0
ORTHO002722	2	0.9780767384860801	-27.46437678275818	1.0
ORTHO004702	2	0.9782148539419923	-26.230707780304403	1.0
ORTHO005252	2	0.9782535513303469	-24.11350663278699	1.0
ORTHO010237	1	0.978326169286048	-26.92968258107705	1.0
ORTHO011066	1	0.9783809380812677	-26.89658675262619	1.0
ORTHO010514	1	0.97838910143739	-26.658114777190555	1.0
ORTHO010537	1	0.9785460851398998	-27.031423196882184	1.0
ORTHO011197	1	0.9786805931401253	-26.97140021659931	1.0
ORTHO004935	1	0.9787923169928615	-25.742768743972324	1.0
ORTHO006561	1	0.97885835496406	-26.766875530087358	1.0
ORTHO011024	1	0.9789197917519382	-27.6779336669556	1.0
ORTHO003693	1	0.979027361752845	-26.871077554584996	1.0
ORTHO008242	1	0.9790842851271254	-27.09088660003456	1.0
ORTHO000265_5	1	0.9791079020130942	-25.32947286367108	1.0
ORTHO008166	1	0.9791282612250953	-25.4199645878742	1.0
ORTHO011132	1	0.9791325532340247	-27.388788276121765	1.0
ORTHO010292	1	0.9791516587305417	-25.52815713721549	1.0
ORTHO011180	1	0.9792482979678105	-25.673596922924975	1.0
ORTHO010512	1	0.9793238606709327	-25.61112335505766	1.0
ORTHO003185	1	0.9793668883906179	-27.499374337290266	1.0
ORTHO003781	2	0.9793839589992231	-27.494981280416535	1.0
ORTHO011048	1	0.9793911415402674	-27.156064849566935	1.0
ORTHO011054	1	0.979413014283406	-27.89764168839268	1.0
ORTHO010347	1	0.9794345772956832	-26.168830499343684	1.0
ORTHO011113	1	0.9794840675502234	-27.08420992683699	1.0
ORTHO006183	1	0.979495334254646	-28.980496160537406	1.0
ORTHO011101	1	0.9795994454445701	-27.10203653594372	1.0
ORTHO010201	1	0.979612521158875	-26.50392657546033	1.0
ORTHO009574	1	0.9796569893951084	-25.27573429933706	1.0
ORTHO011027	1	0.9796710418852206	-26.856056045175958	1.0
ORTHO010191	1	0.9796931344635222	-25.88540437328733	1.0
ORTHO006902	1	0.9796960480882613	-25.917603519873687	1.0
ORTHO007042	1	0.9797895806516702	-25.443701893349864	1.0
ORTHO010401	1	0.9798191682874071	-27.159133976621977	1.0
ORTHO003345	1	0.9799990176345031	-29.930300513666747	1.0
ORTHO010410	1	0.9800696327832835	-26.651151359089024	1.0
ORTHO008591	2	0.9801550066477595	-26.047857698851953	1.0
ORTHO011135	1	0.9801764669326848	-26.96056018166783	1.0
ORTHO010327	1	0.9802343200560086	-26.439891334215947	1.0
ORTHO001206_2	1	0.9802541842040163	-26.40089320537309	1.0
ORTHO010238	1	0.9803026688461537	-26.823788453320343	1.0
ORTHO010992	1	0.9803348522187939	-27.029844379931664	1.0
ORTHO011017	1	0.9803741556442224	-26.24770981989115	1.0
ORTHO011089	1	0.9804152694057321	-27.26277647581439	1.0
ORTHO010032	1	0.9804205700636195	-28.981777204028916	1.0
ORTHO007572	1	0.9804697197315312	-25.257911270991354	1.0
ORTHO003234	1	0.9805755116760957	-27.030235560517305	1.0
ORTHO011111	1	0.9806503674314663	-26.84097393936864	1.0
ORTHO002919	2	0.9806678200002839	-26.878754064775336	1.0
ORTHO011182	1	0.9807339426026066	-26.975177071951883	1.0
ORTHO010501	1	0.9807656766184473	-25.630594259781407	1.0
ORTHO010409	1	0.980935715004038	-28.054052371677024	1.0
ORTHO006447	1	0.9809576232733995	-27.6285638595376	1.0
ORTHO001437	1	0.9809673856560914	-29.59543729489667	1.0
ORTHO011057	1	0.9811077527290624	-26.76685379912089	1.0
ORTHO011156	1	0.9811086764567997	-27.719519227094803	1.0
ORTHO009409	1	0.9811138123369433	-27.291112433121558	1.0
ORTHO009759	1	0.9813024504135568	-28.60941579195967	1.0
ORTHO011103	1	0.98131847568589	-27.172710319100254	1.0
ORTHO010348	1	0.9813485496217154	-25.694402933063163	1.0
ORTHO010360	1	0.9813510305326214	-25.910212857503584	1.0
ORTHO011083	1	0.9813588863717073	-26.8555907337004	1.0
ORTHO006229	1	0.9813875388194173	-25.43276087050916	1.0
ORTHO010338	1	0.9814759072473288	-27.451860890189977	1.0
ORTHO011127	1	0.9815349150805687	-26.22973266219144	1.0
ORTHO000286_2	1	0.9815965013448508	-27.806674364316816	1.0
ORTHO009223	1	0.9816136836094981	-25.277878621168014	1.0
ORTHO000900_2	1	0.981637681650671	-27.702053657206562	1.0
ORTHO007155	1	0.9816681694379897	-27.06046699484155	1.0
ORTHO005269	1	0.9817014612644365	-28.0418291490418	1.0
ORTHO011184	1	0.9817351908106879	-26.33246698557505	1.0
ORTHO011126	1	0.981750319956877	-26.152640399764724	1.0
ORTHO010545	1	0.9817696292404334	-26.444563805725657	1.0
ORTHO005891	1	0.9817936138466768	-26.7678180462295	1.0
ORTHO011117	1	0.9818617765410953	-26.202357986037924	1.0
ORTHO011122	1	0.9818791608053155	-26.37809708406616	1.0
ORTHO002024	2	0.9819359208192975	-27.51159863658133	1.0
ORTHO011099	1	0.9819365570118264	-26.64072528171676	1.0
ORTHO011109	1	0.981957044213916	-26.326751776971253	1.0
ORTHO011098	1	0.9820660054952498	-26.671111557071836	1.0
ORTHO011176	1	0.9822066726218607	-25.818995547403084	1.0
ORTHO010355	1	0.9822158713966399	-28.13407649381417	1.0
ORTHO011106	1	0.9823492312337271	-25.968739652467377	1.0
ORTHO011096	1	0.9824286137976393	-26.131072747656635	1.0
ORTHO011130	1	0.9824655672019043	-26.202804734877176	1.0
ORTHO011181	1	0.9825232412911943	-27.77082682392792	1.0
ORTHO004372	1	0.9825629003993392	-27.03733294886204	1.0
ORTHO006803	1	0.9825957434482097	-25.443908633592144	1.0
ORTHO010233	1	0.9826193777645034	-24.757210806538794	1.0
ORTHO000656_2	1	0.9826310352119753	-27.724346141221073	1.0
ORTHO010983	1	0.9826412379340937	-26.53595806073933	1.0
ORTHO011044	1	0.9826516274892223	-25.82907969997097	1.0
ORTHO011196	1	0.9827205304116142	-26.3965683044403	1.0
ORTHO010531	1	0.982967582386466	-26.31806979030794	1.0
ORTHO007885	1	0.9829759096898201	-27.628992118318816	1.0
ORTHO003103	1	0.9830958154480048	-26.592392910901026	1.0
ORTHO005062	1	0.9831786516305062	-28.66832913845235	1.0
ORTHO011000	1	0.9832169987466153	-26.22367452623821	1.0
ORTHO010504	1	0.983257522234798	-26.36465499150486	1.0
ORTHO008533	1	0.9832861370654254	-27.72652694242777	1.0
ORTHO005251	2	0.9834969081175544	-29.731676438038875	1.0
ORTHO010481	1	0.9835610423574775	-26.087694438155214	1.0
ORTHO009548	1	0.9838396370113017	-25.093071122430636	1.0
ORTHO011035	1	0.9838804113673518	-26.516022940614338	1.0
ORTHO010576	1	0.983904740023278	-25.337663288354708	1.0
ORTHO011191	1	0.9839153859679411	-25.853843898785275	1.0
ORTHO000777_1	1	0.9840456955919714	-27.862401054509505	1.0
ORTHO010988	1	0.9841055556935114	-26.753790424348583	1.0
ORTHO007987	1	0.984124120070043	-28.004619267423678	1.0
ORTHO010934	1	0.9841894639324087	-26.187782095913075	1.0
ORTHO005295	1	0.984508557875536	-29.392686056255123	1.0
ORTHO011179	1	0.984513216871803	-25.774708866207426	1.0
ORTHO007077	1	0.9846092786620205	-26.56074727209399	1.0
ORTHO010989	1	0.9846217596579921	-25.979895917376247	1.0
ORTHO011198	1	0.9846235414100304	-25.40367599824112	1.0
ORTHO008518	1	0.9846381060392625	-27.114865995396126	1.0
ORTHO005737	1	0.9848178364369059	-26.80291347167387	1.0
ORTHO005264	1	0.9848272675168721	-26.121470769701606	1.0
ORTHO011193	1	0.9848364722362603	-25.41339409825696	1.0
ORTHO011459	1	0.9849859146560048	-28.066806021933967	1.0
ORTHO006276	2	0.9850742686923343	-25.602276861915016	1.0
ORTHO002927	1	0.9852259347181327	-27.55043199111058	1.0
ORTHO001876	2	0.9852560213520263	-29.269948163119395	1.0
ORTHO005205	1	0.9852681403569211	-26.252022299113136	1.0
ORTHO003406	1	0.9852988690413088	-28.14387395126427	1.0
ORTHO009720	1	0.985376173343443	-26.58514817975033	1.0
ORTHO010197	1	0.9854698525230344	-27.235276106423765	1.0
ORTHO009166	1	0.9856969381412335	-27.03854085550886	1.0
ORTHO002958	1	0.9858502091425477	-31.402591313077426	1.0
ORTHO000284_1	1	0.9860085457155059	-32.191721892110664	1.0
ORTHO008952	1	0.9863556642737116	-27.36289467623505	1.0
ORTHO011178	1	0.9864163033154473	-25.051682600627956	1.0
ORTHO011385	1	0.986519705205591	-29.062687940003773	1.0
ORTHO001653_1	1	0.9866951665504736	-27.220444121673545	1.0
ORTHO001257	1	0.986852544219669	-29.13209935216401	1.0
ORTHO009875	1	0.987218560788367	-26.450559850137697	1.0
ORTHO009740	1	0.98725675981751	-26.56442800735988	1.0
ORTHO010541	1	0.987457467616374	-27.92313745744033	1.0
ORTHO001460_1	1	0.9875583359743706	-26.345760711637393	1.0
ORTHO011469	1	0.9875638421363822	-27.218919982916844	1.0
ORTHO009575	1	0.9875741611185945	-25.936207110161416	1.0
ORTHO007092	2	0.9876557122748112	-25.905287372062332	1.0
ORTHO009651	1	0.9876619657711715	-25.92171376302244	1.0
ORTHO008138	1	0.9878027403557598	-28.202975174610984	1.0
ORTHO011460	1	0.9878375463313129	-26.75332117440042	1.0
ORTHO009840	1	0.9880878891937462	-26.77155599835444	1.0
ORTHO006117	1	0.9882066090782731	-30.049496440455066	1.0
ORTHO009277	1	0.9883170524182711	-26.033413338102893	1.0
ORTHO000713	2	0.9887044151273681	-31.993786070871973	1.0
ORTHO005321	1	0.9887737645871953	-25.85002516105901	1.0
ORTHO006407	1	0.9887855474884376	-27.18666146448856	1.0
ORTHO008034	1	0.9890350942569316	-26.916499204657214	1.0
ORTHO009551	1	0.9890854504051654	-26.669642553359846	1.0
ORTHO006643	1	0.9891005787017301	-25.799621826870002	1.0
ORTHO009606	1	0.9891735331983367	-26.230329695979783	1.0
ORTHO010004	1	0.9891827775323833	-27.816316865031318	1.0
ORTHO009564	1	0.9892108712152482	-26.558403104593847	1.0
ORTHO008488	1	0.9893937659148598	-25.314065570109808	1.0
ORTHO009597	1	0.9896705979080058	-26.472544116273816	1.0
ORTHO006622	1	0.9897389486966612	-26.084617727122883	1.0
ORTHO007757	1	0.9897642675771184	-28.653169958830436	1.0
ORTHO000494_3	1	0.9898388386109057	-26.774374605736458	1.0
ORTHO003116	1	0.9902723033835302	-30.212432531324687	1.0
ORTHO010528	1	0.9910759988819952	-26.232187215305007	1.0
ORTHO004264	1	0.9912936913593099	-26.866487497072352	1.0
ORTHO001120_2	1	0.9914711347050188	-25.973890225315102	1.0
ORTHO002750	1	0.9915483033355712	-28.249172074964765	1.0
ORTHO002878	1	0.9915858306931111	-28.67986737891488	1.0
ORTHO006405	1	0.9916011208361527	-26.183894036485416	1.0
ORTHO010124	1	0.9916451826655496	-27.73516927207814	1.0
ORTHO007973	1	0.9916695113090251	-26.41957164571977	1.0
ORTHO004271	2	0.9916862958286309	-24.797950883485157	1.0
ORTHO009276	1	0.9918169886338198	-27.299899389195822	1.0
ORTHO011003	1	0.9919379458460297	-28.074808537877228	1.0
ORTHO009491	1	0.9919553443888663	-29.425393623183158	1.0
ORTHO009897	1	0.9921113587583713	-27.18215801961854	1.0
ORTHO005808	1	0.9922041054667262	-28.355175605708943	1.0
ORTHO006636	1	0.9922057153443206	-27.60605731746193	1.0
ORTHO010077	1	0.9922134411522088	-25.895797238905324	1.0
ORTHO009569	1	0.9922700452030097	-25.692867121165413	1.0
ORTHO001186	1	0.9922837513169586	-29.404971995306806	1.0
ORTHO002118	1	0.9927953978675396	-26.722216692877257	1.0
ORTHO003064	1	0.9931145575108984	-28.47375153027525	1.0
ORTHO002324	1	0.9933946673344209	-32.086316599418566	1.0
ORTHO001374	1	0.9937432297499168	-31.29382936201534	1.0
ORTHO001858	2	0.994149344437468	-29.9638614882174	1.0
ORTHO004894	1	0.9941520189780487	-26.546340590306702	1.0
ORTHO002026	1	0.9942660126805719	-30.118420896631658	1.0
ORTHO008555	1	0.9946391558971139	-27.56672222007193	1.0
ORTHO002514	1	0.9946939832296862	-30.403625878558476	1.0
ORTHO002122	1	0.9947097131806976	-28.950884289482744	1.0
ORTHO000661	2	0.9952155203122912	-31.96097142358378	1.0
ORTHO008458	1	0.9955193682402492	-28.285588426747854	1.0
ORTHO007317	1	0.9955457888232829	-26.973254869924588	1.0
ORTHO006991	1	0.9956357237315693	-24.879606243668313	1.0
ORTHO000460	2	0.9958371565971089	-32.9295138987219	1.0
ORTHO008133	1	0.9958378534696546	-25.536612166274686	1.0
ORTHO010820	1	0.9960468923414847	-27.174707878747764	1.0
ORTHO003804	1	0.9961004573173287	-27.49735300629288	1.0
ORTHO007948	1	0.9961611630074669	-25.116250198938893	1.0
ORTHO005880	1	0.9962570377538227	-26.467489801014604	1.0
ORTHO003165	1	0.9963714920028409	-27.500086043503035	1.0
ORTHO010851	1	0.9970139285584272	-28.355884593137596	1.0
ORTHO002718	1	0.9971135536229551	-30.811122681930694	1.0
ORTHO002777	1	0.9971631020934816	-31.649490866000168	1.0
ORTHO008988	1	0.9971820044270454	-26.865773875764518	1.0
ORTHO010359	1	0.9973316266118013	-27.017618112977043	1.0
ORTHO010367	1	0.9976072851903718	-25.854539139050555	1.0
ORTHO004945	1	0.9978672257273848	-25.62979372392873	1.0
ORTHO004382	1	0.9981245301759436	-27.520412878794687	1.0
ORTHO005896	1	0.9981251093043463	-27.143770707171303	1.0
ORTHO006289	1	0.998205500534637	-26.09147898314527	1.0
ORTHO008196	1	0.9986679811275759	-26.487800074218605	1.0
ORTHO006082	1	0.9987054967104873	-28.62953627487675	1.0
ORTHO005149	1	0.998706092984114	-25.976317073459274	1.0
ORTHO000551_2	1	0.9991535010148956	-27.556131299418627	1.0
ORTHO001760	2	0.9992108791474079	-28.982962034843066	1.0
ORTHO006824	1	0.9993680316992293	-25.36286606800584	1.0
ORTHO001214	1	0.999522785534671	-32.86458569391477	1.0
ORTHO010824	1	0.9998391486084919	-26.995003749865575	1.0
ORTHO000567_2	1	0.9999390559967416	-27.003976020221405	1.0
ORTHO004175	1	1.0002152362967915	-31.098361647689917	1.0
ORTHO002598	1	1.0005416193515804	-29.759731015481865	1.0
ORTHO001677	1	1.000703684644245	-29.883417079564985	1.0
ORTHO002856	1	1.0008834985115858	-27.106367750346806	1.0
ORTHO000875_2	1	1.0010928349902493	-28.756438927860206	1.0
ORTHO002939	1	1.0011317671123863	-30.351544584822232	1.0
ORTHO000376_1	1	1.0012484964228074	-27.549256175156273	1.0
ORTHO009945	1	1.0016989138063614	-26.23820437917764	1.0
ORTHO006620	1	1.0017830388455549	-26.500157641955205	1.0
ORTHO001815_2	1	1.0020865878097946	-28.29809745673371	1.0
ORTHO008037	1	1.002524928224438	-26.10656858139934	1.0
ORTHO005848	1	1.0028050435375562	-28.291148632392144	1.0
ORTHO002887	1	1.0031377887771835	-27.995292143976346	1.0
ORTHO008980	1	1.0032984153111735	-27.26012774805765	1.0
ORTHO010881	1	1.0035576227445997	-29.01069983420305	1.0
ORTHO003319	1	1.0039883997879282	-26.068495242458912	1.0
ORTHO004760	1	1.0039925457336287	-26.162210286701285	1.0
ORTHO007705	1	1.0043856018413326	-26.92553881227092	1.0
ORTHO006115	2	1.004947137110635	-25.352778956986715	1.0
ORTHO000397	1	1.0049903285092112	-34.835614213135266	1.0
ORTHO006243	1	1.005142377957925	-25.991173171961204	1.0
ORTHO009876	1	1.0054227003115497	-26.107691733913345	1.0
ORTHO002559	1	1.0054487778267513	-33.31403405991612	1.0
ORTHO010189	1	1.005523430239883	-28.56857629553603	1.0
ORTHO002730	1	1.0055835979310646	-30.518814195149243	1.0
ORTHO003231	2	1.0056677420656643	-26.998101867541347	1.0
ORTHO009704	2	1.0057924991162908	-28.31903564060579	1.0
ORTHO004944	1	1.0058261421121781	-28.334401596525556	1.0
ORTHO008346	1	1.0058986258731237	-27.580334335888857	1.0
ORTHO010110	1	1.0063468455188225	-27.05319608316913	1.0
ORTHO001908	1	1.0063773823240605	-27.362047881398173	1.0
ORTHO002129	1	1.006557064225118	-29.882593835986995	1.0
ORTHO010114	1	1.0066955339439216	-28.19306675073086	1.0
ORTHO008706	1	1.006729430021457	-26.710985070539103	1.0
ORTHO003497	1	1.0067610560414468	-27.338288398754894	1.0
ORTHO000889_2	1	1.0067805077837952	-27.799099004026917	1.0
ORTHO005369	1	1.0068332615836617	-26.954944211435638	1.0
ORTHO009285	1	1.0068406799448937	-27.22497069670802	1.0
ORTHO003420	1	1.0070164642836745	-28.64628846108176	1.0
ORTHO007935	1	1.0072207595042455	-26.206185841679797	1.0
ORTHO006669	1	1.0075552052222554	-25.388565013482097	1.0
ORTHO000628	1	1.0079725857479063	-33.71839011804695	1.0
ORTHO002371	1	1.008153141114709	-31.054504187365044	1.0
ORTHO006666	1	1.0082527489651947	-27.778557003607744	1.0
ORTHO000448_2	2	1.008343676982232	-29.44380258193362	1.0
ORTHO007709	1	1.0083784595682048	-27.032721147825466	1.0
ORTHO008690	1	1.008556791709928	-28.900099073472134	1.0
ORTHO009709	2	1.0087677167500182	-27.299946475184697	1.0
ORTHO001915	1	1.0089201485964285	-26.946906647734455	1.0
ORTHO010479	1	1.00903129181313	-29.401778301793968	1.0
ORTHO002866	1	1.0090610132752555	-31.016754993522923	1.0
ORTHO007595	1	1.0092437551585456	-27.263770646279994	1.0
ORTHO007418	1	1.0092577879852787	-26.36440803028623	1.0
ORTHO009518	1	1.0092696598442918	-26.943100506088317	1.0
ORTHO008498	1	1.0095297161186303	-27.505267441866554	1.0
ORTHO006838	1	1.0095801961161976	-27.868231955984697	1.0
ORTHO001638	1	1.0101187252504271	-30.461784950640833	1.0
ORTHO007582	1	1.0101279737694062	-26.69631306819128	1.0
ORTHO000622_2	1	1.0105431655537311	-27.284062477037626	1.0
ORTHO009847	2	1.0106888210267833	-26.120444990615475	1.0
ORTHO006794	1	1.0108763965974483	-24.66844330409541	1.0
ORTHO005151	1	1.0109717253586048	-26.178850493483903	1.0
ORTHO003561	1	1.011008119523496	-26.4837375822979	1.0
ORTHO005714	1	1.0111764317212215	-26.051393575952726	1.0
ORTHO005522	1	1.0112562370566969	-27.660482136317082	1.0
ORTHO003717	1	1.0113335557133005	-28.314630870431046	1.0
ORTHO000621_2	1	1.0115538363508072	-25.834397936220206	1.0
ORTHO002675	1	1.0116041940253446	-30.39572936711213	1.0
ORTHO007483	1	1.011630944503573	-27.14542873124973	1.0
ORTHO005042	1	1.0120112610387253	-30.009179864746848	1.0
ORTHO010610	2	1.0120410089328382	-26.44572414077705	1.0
ORTHO008721	1	1.0123343537951164	-26.286050017912235	1.0
ORTHO000468_3	1	1.0124796648016654	-29.002684056986624	1.0
ORTHO008711	1	1.0125783536516046	-26.588683043770384	1.0
ORTHO008699	1	1.0125931900910377	-26.773878443074803	1.0
ORTHO004211	1	1.012633820342532	-26.00652127876933	1.0
ORTHO007267	1	1.0129272749548341	-27.06538153597601	1.0
ORTHO000433_1	1	1.0129637976980577	-26.182026104577755	1.0
ORTHO008084	2	1.0131523261335684	-25.408170927748017	1.0
ORTHO009780	1	1.0132113904518303	-25.59952826254329	1.0
ORTHO007214	1	1.0133464980506064	-26.00407945570506	1.0
ORTHO010808	1	1.0134465160566954	-26.498727444861956	1.0
ORTHO000688_1	1	1.0139220743476824	-26.195490406394466	1.0
ORTHO006030	1	1.0140151759960476	-26.064264228238358	1.0
ORTHO003305	1	1.0140442230336117	-26.706797955880013	1.0
ORTHO006272	1	1.01408821926804	-27.54476391666996	1.0
ORTHO006431	1	1.01436757055899	-26.375551976497903	1.0
ORTHO000660	1	1.0150761076424233	-32.81355553439484	1.0
ORTHO008985	1	1.0151022117694428	-27.757283430478843	1.0
ORTHO004890	1	1.0152509798057174	-27.88242026858551	1.0
ORTHO009755	1	1.0154201046532203	-30.54292658780978	1.0
ORTHO004979	1	1.0155424987357409	-27.616854127763908	1.0
ORTHO000272_2	1	1.0157195421985699	-27.803635609849056	1.0
ORTHO010161	1	1.015912301752933	-27.864081269288743	1.0
ORTHO000434	1	1.015912330256163	-33.200866289924114	1.0
ORTHO000968	2	1.0162529420807895	-30.05991820096745	1.0
ORTHO005591	2	1.016310856216519	-26.708546479932323	1.0
ORTHO006703	1	1.0168191665429744	-26.273124065142262	1.0
ORTHO010159	1	1.0168280271226573	-25.874300403627107	1.0
ORTHO004757	2	1.0169242358590154	-24.59555050436556	1.0
ORTHO010022	1	1.0173339372089345	-26.36501340387372	1.0
ORTHO007357	1	1.0173341080232172	-27.06213322613412	1.0
ORTHO009702	1	1.0175923340978266	-28.163383966629375	1.0
ORTHO003606	1	1.0176437728413685	-27.871826854056483	1.0
ORTHO005183	1	1.01764555646666	-27.464617417769745	1.0
ORTHO008569	1	1.018345290969794	-27.128129503185754	1.0
ORTHO003926	1	1.018719372860273	-28.809494368487524	1.0
ORTHO006952	1	1.0192591949568774	-28.15249347838688	1.0
ORTHO005845	1	1.0194524745479323	-27.563255474429464	1.0
ORTHO005547	1	1.0195861998786753	-27.112663776212337	1.0
ORTHO006766	1	1.0196369783788453	-27.259174243837744	1.0
ORTHO010120	1	1.0197841438461082	-25.706811382938735	1.0
ORTHO003449	2	1.019914447158699	-31.030094361212726	1.0
ORTHO003245	2	1.0202533000660947	-29.020107297856153	1.0
ORTHO005138	1	1.0204542045574407	-28.857933381958624	1.0
ORTHO005356	1	1.020686557890905	-25.916148906303224	1.0
ORTHO002576_1	1	1.020765631677468	-26.300804983576693	1.0
ORTHO007538	1	1.021287209731829	-28.33346861565268	1.0
ORTHO010911	1	1.021400973933477	-27.734223530933207	1.0
ORTHO003942	1	1.0215469462754287	-26.443051219053313	1.0
ORTHO001305_2	1	1.0215634932629636	-28.787324967092832	1.0
ORTHO004903	1	1.0217685141408785	-26.987267677828388	1.0
ORTHO009750	1	1.021976068268386	-25.919291367952624	1.0
ORTHO008579	1	1.022109290311395	-26.91061611596332	1.0
ORTHO002087	1	1.0222902394655393	-29.54997453260416	1.0
ORTHO008475	1	1.0222982191668133	-28.968386068044524	1.0
ORTHO007695	1	1.0223988670583928	-28.052735038968578	1.0
ORTHO009942	1	1.0224319183576063	-25.959386293787077	1.0
ORTHO005560	1	1.0227317389948527	-29.161414767199652	1.0
ORTHO002833	1	1.0227816657025628	-28.002991790020054	1.0
ORTHO002460	1	1.0228842738822066	-28.36243982712516	1.0
ORTHO002292	1	1.0229631122140184	-29.027036584296432	1.0
ORTHO009900	1	1.023250758311131	-28.44751398752683	1.0
ORTHO009990	1	1.0236477401348785	-26.929400842105473	1.0
ORTHO005048	1	1.0238671792815612	-27.896062416262787	1.0
ORTHO002011	2	1.0238726369408473	-30.627360523364956	1.0
ORTHO010675	1	1.0239497249641	-27.859000407146862	1.0
ORTHO010705	1	1.02406560339981	-27.898718190595606	1.0
ORTHO009158	1	1.0246032835482837	-26.798552296958004	1.0
ORTHO002342_2	1	1.024667656446968	-28.17858450360658	1.0
ORTHO002940	1	1.0249441645198425	-25.562436904199735	1.0
ORTHO007236	1	1.0249501641946233	-26.939197022873085	1.0
ORTHO005238	1	1.0251341973014279	-27.763941765699776	1.0
ORTHO004027	1	1.0251988234525318	-25.729669108276667	1.0
ORTHO001285	1	1.02531407206804	-32.1079352113539	1.0
ORTHO002953	1	1.0253713003142957	-31.236857313928247	1.0
ORTHO006600	1	1.0255921279714755	-26.945191383993876	1.0
ORTHO004344	1	1.0258044721626653	-29.145461163624606	1.0
ORTHO000718	1	1.0259338443825536	-31.865241147025895	1.0
ORTHO010811	1	1.0260405125439636	-29.123314316383187	1.0
ORTHO007178	1	1.026161253226433	-27.25944331086441	1.0
ORTHO007963	1	1.0261986432069907	-25.191526033392048	1.0
ORTHO009220	1	1.0262139756682709	-27.83198134352719	1.0
ORTHO005096	1	1.0266470917439712	-25.87901262449109	1.0
ORTHO010518	1	1.0266471543157194	-28.63743448231314	1.0
ORTHO000533_2	1	1.0267768272796605	-30.410918122290923	1.0
ORTHO009998	1	1.027228534860982	-26.68557120612086	1.0
ORTHO002761	1	1.0272972878746243	-29.302755542149928	1.0
ORTHO010782	1	1.027357541715877	-27.89157961893235	1.0
ORTHO009884	1	1.0274300996538928	-29.18942227389703	1.0
ORTHO010759	1	1.0276815915587942	-27.67623480182317	1.0
ORTHO009994	1	1.0277548165251844	-26.22521603635794	1.0
ORTHO003502	1	1.0279395433215366	-28.309868354556514	1.0
ORTHO009768	1	1.0279678816711588	-28.083136735643027	1.0
ORTHO009111	1	1.0281546134022699	-27.020576543328424	1.0
ORTHO010669	1	1.0283224093173808	-26.85452201839379	1.0
ORTHO009693	1	1.028357682985245	-27.682621374156792	1.0
ORTHO001807	2	1.0284230003695138	-29.39834359527565	1.0
ORTHO004423	1	1.0285055659502411	-27.191836881320942	1.0
ORTHO009696	1	1.0285361811371523	-27.022708911626836	1.0
ORTHO002177	1	1.029068825886581	-28.31974891746126	1.0
ORTHO010861	1	1.0291966603286533	-26.569926804130414	1.0
ORTHO001015	2	1.0293850743969115	-28.3667786130153	1.0
ORTHO000455_1	1	1.0294552165282491	-28.36115090323354	1.0
ORTHO010841	1	1.029680908006863	-27.47541099550193	1.0
ORTHO010840	1	1.029762505862756	-28.02413509956578	1.0
ORTHO000447	1	1.0298221289561535	-33.3125094478103	1.0
ORTHO010780	1	1.029885336507542	-27.487714641812804	1.0
ORTHO010909	1	1.0299059764586262	-26.198704250947248	1.0
ORTHO010760	1	1.029963023946612	-28.169852082287345	1.0
ORTHO007463	1	1.0301659571819055	-26.664531343082405	1.0
ORTHO010874	1	1.030597091988959	-26.99829652450609	1.0
ORTHO009335	1	1.030657045086649	-25.72611126384425	1.0
ORTHO008140	1	1.0307592225404947	-28.179080008396745	1.0
ORTHO009669	1	1.0307652846289959	-29.08326161811744	1.0
ORTHO010026	1	1.0308384338928713	-28.714900449430605	1.0
ORTHO009892	1	1.0309009911602944	-27.141650128653776	1.0
ORTHO005509	1	1.0309080019445298	-27.33682043352887	1.0
ORTHO009790	1	1.0312102077110088	-26.439430053128696	1.0
ORTHO008736	1	1.0312769807107467	-26.097830768210738	1.0
ORTHO008571	1	1.031281735720292	-26.430876504012467	1.0
ORTHO010373	1	1.0312845445828915	-27.56585952672669	1.0
ORTHO009997	1	1.0319463676361968	-26.036803077335783	1.0
ORTHO009752	1	1.0320815177498908	-29.42324925172586	1.0
ORTHO000750	2	1.032169774870442	-32.62354050231127	1.0
ORTHO008716	2	1.0323129273777887	-27.305798279262486	1.0
ORTHO001275	1	1.0324946317431059	-30.86341210525841	1.0
ORTHO010680	1	1.032602827287965	-26.36725441816955	1.0
ORTHO008208	1	1.0327834166363423	-27.082362503685008	1.0
ORTHO010632	1	1.0328187941507723	-26.34334684422826	1.0
ORTHO009519	1	1.0328476698915325	-28.93445582086625	1.0
ORTHO010765	1	1.0329863254802536	-28.108042294758196	1.0
ORTHO010013	1	1.0330705713905466	-29.57103651498799	1.0
ORTHO010784	1	1.0331477705183305	-26.67954326638642	1.0
ORTHO010665	1	1.0333311420874383	-27.138516076466544	1.0
ORTHO011461	1	1.0334344781798595	-29.43327954361103	1.0
ORTHO009736	1	1.033454108145099	-26.681106217582073	1.0
ORTHO004360	2	1.0335066197975378	-28.276246233819013	1.0
ORTHO010732	1	1.0335355900506442	-27.485777557152733	1.0
ORTHO009697	1	1.0338154851860077	-29.207293824955418	1.0
ORTHO010263	1	1.0340026684309955	-28.24879928456742	1.0
ORTHO009116	1	1.0342543178034411	-28.206022912943034	1.0
ORTHO009692	1	1.0342778323953108	-25.914562264856215	1.0
ORTHO010107	1	1.0345833848741237	-29.249857214031067	1.0
ORTHO003604	1	1.0346297526818382	-27.016203395713394	1.0
ORTHO010025	1	1.0346804725584886	-26.13695288140427	1.0
ORTHO010653	1	1.0348172496241062	-26.847036218027096	1.0
ORTHO009653	1	1.0350868301481027	-26.040106401355615	1.0
ORTHO011387	1	1.0351663724724443	-27.97393264525565	1.0
ORTHO010658	1	1.0352380843997577	-27.196338142747184	1.0
ORTHO003214	1	1.0352783844247178	-27.37795360616806	1.0
ORTHO010876	1	1.0353062176252235	-26.827759105208234	1.0
ORTHO001418	2	1.0354114579780864	-31.290368328634333	1.0
ORTHO010880	1	1.0354732801592759	-28.193479397912945	1.0
ORTHO011463	1	1.0356324233092717	-28.12028573038075	1.0
ORTHO010854	1	1.0356625920199196	-27.315124371430137	1.0
ORTHO011464	1	1.035698299215605	-28.52672296300516	1.0
ORTHO005900	1	1.0360002931833026	-28.490849856048875	1.0
ORTHO011380	1	1.036015705316289	-27.300632736715297	1.0
ORTHO009766	1	1.0361013796938892	-26.039441997775217	1.0
ORTHO006157	1	1.0361447017896304	-28.172542723567496	1.0
ORTHO003560	1	1.03614866538539	-28.069681999696442	1.0
ORTHO011402	1	1.0361867810673202	-27.114621438069765	1.0
ORTHO010652	1	1.0362016108744745	-27.029286830801972	1.0
ORTHO009716	1	1.0364948062602088	-28.10239186835056	1.0
ORTHO011471	1	1.0365016923951138	-27.12910186870442	1.0
ORTHO011470	1	1.0366403276970835	-27.474849184354184	1.0
ORTHO010050	1	1.0367587206264173	-27.722763497469074	1.0
ORTHO009877	1	1.0367953142591175	-28.77071317524397	1.0
ORTHO011455	1	1.0368522680024155	-27.642340358024438	1.0
ORTHO011467	1	1.0369529475789294	-28.139563148782997	1.0
ORTHO010655	1	1.0369538018691213	-26.255269824704573	1.0
ORTHO007573	1	1.036965819757461	-29.909865356102646	1.0
ORTHO011458	1	1.0370134041717067	-27.671778149837227	1.0
ORTHO011433	1	1.0370876652742687	-28.91749701315154	1.0
ORTHO011389	1	1.0370971119355452	-27.623526150485397	1.0
ORTHO006614	1	1.0371351458513358	-27.142462909933116	1.0
ORTHO011407	1	1.0371557795053117	-27.45915589700753	1.0
ORTHO010879	1	1.0373350944161506	-26.27952572744689	1.0
ORTHO004725	1	1.0374796455713882	-28.091024481700472	1.0
ORTHO010819	1	1.0375587247232807	-27.137743761488615	1.0
ORTHO011468	1	1.037564212135499	-27.095818087802535	1.0
ORTHO011361	1	1.0376659266141954	-27.284173432359385	1.0
ORTHO009793	1	1.0376900177832613	-26.508808794541	1.0
ORTHO010736	1	1.0378999403361953	-27.670999652422434	1.0
ORTHO010684	1	1.037921426205711	-27.210164212245683	1.0
ORTHO011462	1	1.037922712876195	-27.078127261411474	1.0
ORTHO011450	1	1.0380070743994523	-28.191001504750478	1.0
ORTHO006083	1	1.0382103159859244	-29.35611143441694	1.0
ORTHO011396	1	1.038226773548447	-27.622532780690772	1.0
ORTHO011454	1	1.038269170325866	-27.62089543177968	1.0
ORTHO011397	1	1.0382923980480696	-27.461323447885572	1.0
ORTHO011472	1	1.0383083224414327	-26.730681514675894	1.0
ORTHO011384	1	1.0383353869611769	-27.775507478148334	1.0
ORTHO011436	1	1.0383366526728217	-28.00834489528059	1.0
ORTHO002280	1	1.0383476550083328	-29.43350024285856	1.0
ORTHO002562	1	1.0384123865625392	-30.926554198033074	1.0
ORTHO007447	1	1.038564119353401	-26.28228786145129	1.0
ORTHO004420	2	1.0386329596809225	-27.50064094709445	1.0
ORTHO011322	1	1.0387439960470919	-27.791386164518435	1.0
ORTHO011465	1	1.038906952766228	-26.509552545524382	1.0
ORTHO006037	1	1.0389126097454544	-27.211532029916967	1.0
ORTHO010285	1	1.039347635978241	-27.086633207657673	1.0
ORTHO011449	1	1.0396376972533914	-27.598763052803093	1.0
ORTHO000704	3	1.0396483574687096	-33.659856508778724	1.0
ORTHO011431	1	1.039651390522893	-27.539574887960516	1.0
ORTHO001941_2	1	1.0397491669874939	-27.092630721231767	1.0
ORTHO008423	1	1.0397946994151952	-28.405049230286846	1.0
ORTHO008678	1	1.0401119085686568	-26.872662926074838	1.0
ORTHO011451	1	1.0401681699298444	-26.76860423342558	1.0
ORTHO006628	1	1.0402174813714913	-28.435496920184587	1.0
ORTHO001276	1	1.0405554060993227	-31.42646395664065	1.0
ORTHO002232	1	1.0407943869613616	-30.47459043227199	1.0
ORTHO010500	1	1.041112489746568	-27.564556304379813	1.0
ORTHO004525	1	1.0413970703656243	-28.389319301384973	1.0
ORTHO007083	1	1.0414893032228478	-28.6509453623754	1.0
ORTHO010839	1	1.041550040978325	-29.08721167283101	1.0
ORTHO011231	1	1.0416254732294676	-26.5501370412957	1.0
ORTHO005572	1	1.0419220990871259	-27.250670597587778	1.0
ORTHO010603	1	1.0421162704031346	-27.833378922453957	1.0
ORTHO006046	1	1.0421329137346225	-28.573330505346327	1.0
ORTHO011413	1	1.042138536423963	-27.137422604157834	1.0
ORTHO001438_2	1	1.0421830511323595	-27.706334673928605	1.0
ORTHO001674	1	1.0426013085736978	-29.114797352488512	1.0
ORTHO002555	1	1.0426942233930734	-29.498174417205554	1.0
ORTHO007325	1	1.0428072674633357	-27.368158205850527	1.0
ORTHO003173	1	1.0435452980965771	-28.51762954852589	1.0
ORTHO011441	1	1.04395851408284	-28.23065837834875	1.0
ORTHO007208	1	1.044065967331583	-26.87276314959332	1.0
ORTHO005491	1	1.0441208228035856	-28.39151413677667	1.0
ORTHO002541	1	1.044424593268557	-29.529003463957345	1.0
ORTHO002760	2	1.0449428026975742	-28.948009740852683	1.0
ORTHO005837	1	1.0450347285024542	-28.32663559081966	1.0
ORTHO009694	1	1.0450568786542023	-27.164352929746467	1.0
ORTHO009677	1	1.045077602333349	-26.53807742581668	1.0
ORTHO001364	1	1.0451926162436362	-31.24901800560124	1.0
ORTHO000431_2	2	1.0452164749867638	-29.091257957955598	1.0
ORTHO008552	1	1.0453318303051296	-29.36135031581007	1.0
ORTHO004564	1	1.0453879760786173	-27.12516990237726	1.0
ORTHO008528	1	1.0454811333193994	-27.953106600786136	1.0
ORTHO005391	2	1.0456148401172227	-26.240513727226002	1.0
ORTHO000612	2	1.045623263525082	-31.564330468826093	1.0
ORTHO000357_2	1	1.0457033115457035	-28.109765055654723	1.0
ORTHO006052	1	1.0459120480345752	-26.705581743804508	1.0
ORTHO010826	1	1.0460122377744532	-28.504116227264568	1.0
ORTHO008873	1	1.04637274878457	-29.44615370262126	1.0
ORTHO008594	2	1.0463952811872894	-27.556982583864823	1.0
ORTHO011456	1	1.0467280555435785	-28.622745087113945	1.0
ORTHO004650	1	1.0484936943479661	-29.723456637937076	1.0
ORTHO003198	1	1.0484993115096746	-32.42680995938649	1.0
ORTHO006285	2	1.0487642244046806	-25.841034108401022	1.0
ORTHO010866	1	1.0489684940470647	-27.436542991443766	1.0
ORTHO010871	1	1.0494145754119786	-27.1472586224321	1.0
ORTHO008250	1	1.049433914783572	-28.3163062799439	1.0
ORTHO000536_2	1	1.0501149557829126	-27.81843588209731	1.0
ORTHO010135	1	1.050207746053	-26.3216442151493	1.0
ORTHO003464	1	1.0502621445487508	-27.319984213396346	1.0
ORTHO006599	1	1.0507740473806861	-30.23567008142179	1.0
ORTHO000521	2	1.0512950002031554	-36.11399806687202	1.0
ORTHO010474	1	1.0515744890669467	-27.2138831484931	1.0
ORTHO008223	1	1.0516070061778737	-27.003931397642962	1.0
ORTHO002915	2	1.051672174630837	-27.351145122291403	1.0
ORTHO004377	2	1.051693206886781	-30.959647479666202	1.0
ORTHO004445	1	1.052168757664786	-26.440267768521704	1.0
ORTHO004892	1	1.052973017410698	-27.584324169279437	1.0
ORTHO002022	1	1.0531159183852759	-28.550580629264513	1.0
ORTHO003352	2	1.0531376929710177	-26.544459737938695	1.0
ORTHO002469	1	1.0533141035336115	-27.02135248393247	1.0
ORTHO009231	1	1.0534306460173906	-27.62991129790881	1.0
ORTHO009119	2	1.0534731346457438	-28.92377527782962	1.0
ORTHO004570	1	1.0540430039594386	-30.491898303329187	1.0
ORTHO003153	1	1.054363443980351	-30.612210781472992	1.0
ORTHO003346	1	1.0544790445450793	-28.256857765076056	1.0
ORTHO004399	2	1.0545960890056942	-27.319444616122087	1.0
ORTHO003584	1	1.054974885324483	-27.856158697719646	1.0
ORTHO000758	3	1.055031049978381	-33.73500899460579	1.0
ORTHO000785	1	1.0550398560123802	-31.7196331609267	1.0
ORTHO010041	1	1.0552489732627601	-29.36613984786979	1.0
ORTHO006723	1	1.056078663443785	-27.165608269494925	1.0
ORTHO004191	1	1.05614498444646	-26.94230137030845	1.0
ORTHO008129	1	1.0562540199735155	-28.17191644926731	1.0
ORTHO009525	1	1.0563174705846072	-26.959736014798946	1.0
ORTHO003429	1	1.0563844114823049	-28.675620060709374	1.0
ORTHO003478	1	1.056741681236544	-30.385993368896347	1.0
ORTHO004111	1	1.0570547440631513	-24.98734119443254	1.0
ORTHO009002	1	1.05706718928084	-28.138847224220306	1.0
ORTHO003089	1	1.0570897853440628	-27.546578323956165	1.0
ORTHO004555	1	1.0571656803994645	-27.43409994689113	1.0
ORTHO009159	1	1.0573585306304203	-27.951426530622417	1.0
ORTHO002793	1	1.057545947753783	-30.97515669340019	1.0
ORTHO008252	1	1.0575984889155674	-26.25165770589263	1.0
ORTHO004453	1	1.0576824942041692	-28.054428624561925	1.0
ORTHO004461	2	1.0580550085460683	-25.339669321533794	1.0
ORTHO006730	1	1.0584137625671293	-29.94215375887875	1.0
ORTHO004516	1	1.0587583119301847	-28.52649637801614	1.0
ORTHO003833	2	1.058823785282905	-29.068869708698628	1.0
ORTHO003469	1	1.0595539218080432	-29.099256142269184	1.0
ORTHO009084	1	1.0598450317206092	-26.766558907027676	1.0
ORTHO008231	1	1.0611313117039747	-29.893534313753488	1.0
ORTHO010446	1	1.0616375261171442	-26.730905759281267	1.0
ORTHO001164	1	1.0617398742985684	-30.421034002687506	1.0
ORTHO002692	1	1.0626063984235872	-28.019667510581726	1.0
ORTHO004406	1	1.0631480584450894	-27.22668817238171	1.0
ORTHO005471	1	1.063290573246498	-27.88241762517465	1.0
ORTHO001177_2	1	1.0634498515373734	-28.955387236608768	1.0
ORTHO010366	1	1.063766430282438	-28.575731483475877	1.0
ORTHO000498_2	1	1.0641100226822175	-27.264268063048494	1.0
ORTHO010480	1	1.0642736954962448	-27.887905089906454	1.0
ORTHO001273	1	1.064666004404235	-32.60218663990564	1.0
ORTHO004020	1	1.064765506857512	-27.455582739306557	1.0
ORTHO003300	1	1.0652018799228844	-32.275049618952984	1.0
ORTHO006557	1	1.0663391014096355	-25.809443683025595	1.0
ORTHO007032	1	1.067157255654882	-30.203465149649432	1.0
ORTHO007574	1	1.0671985431603017	-29.24365177927418	1.0
ORTHO009392	1	1.0673420581019297	-27.991642651396166	1.0
ORTHO006275	3	1.0674180915420723	-27.625865639137313	1.0
ORTHO002962	1	1.067491075859482	-27.011851739374077	1.0
ORTHO006011	1	1.0677672049755873	-25.606873134985687	1.0
ORTHO011186	1	1.0680041730520293	-27.633136061494923	1.0
ORTHO007497	1	1.0680051035528255	-30.06608374034505	1.0
ORTHO009629	2	1.0680286985896377	-28.58211252607098	1.0
ORTHO000386	2	1.0680570445866044	-32.37369240701121	1.0
ORTHO008575	1	1.068060036846625	-28.655394241508194	1.0
ORTHO007719	1	1.0683761524406177	-26.93294838403779	1.0
ORTHO001096	1	1.0684856984628628	-32.15742386117617	1.0
ORTHO003553	1	1.0686569280777707	-29.72252455850433	1.0
ORTHO005348	1	1.068677598270118	-27.895995184479172	1.0
ORTHO005746	1	1.069135287796988	-28.32498357221496	1.0
ORTHO003124	3	1.0691579847430859	-26.69577563255608	1.0
ORTHO002867	1	1.0691616639336228	-30.836226367701443	1.0
ORTHO003912	1	1.0691764662355905	-31.930320935105918	1.0
ORTHO007561	1	1.0693943617313317	-29.52967142174217	1.0
ORTHO002883	1	1.069747033686418	-30.55245008093154	1.0
ORTHO002885	1	1.069949624707097	-29.684103424560814	1.0
ORTHO009234	1	1.07011353531376	-27.62106716655237	1.0
ORTHO004795	1	1.0705748332648133	-28.838490102070967	1.0
ORTHO002303	1	1.0709221832036084	-28.773583174072936	1.0
ORTHO005101	1	1.070941103504605	-28.274442372386687	1.0
ORTHO010593	1	1.0709606237081903	-27.730579095332583	1.0
ORTHO009528	1	1.0709636231136948	-28.087630927929766	1.0
ORTHO007084	1	1.0710414767451102	-28.615467865816868	1.0
ORTHO004514	1	1.0712277106012247	-29.002542437310918	1.0
ORTHO011172	2	1.071299552022715	-28.03692131400954	1.0
ORTHO002615	2	1.0713504400652407	-27.721901031046713	1.0
ORTHO006585	1	1.071366723282975	-26.08573281837104	1.0
ORTHO000442_2	2	1.0721723289619218	-28.24703600255851	1.0
ORTHO009490	1	1.0724920895158057	-28.425316717621598	1.0
ORTHO007687	1	1.0725359260299685	-27.09027038370915	1.0
ORTHO006593	1	1.0725371389264475	-29.065429904491246	1.0
ORTHO004345	1	1.0726287919907982	-30.684175580897396	1.0
ORTHO008065	2	1.0730656280700521	-26.25029211794583	1.0
ORTHO011005	1	1.073110567341619	-28.77328533317009	1.0
ORTHO009145	2	1.07354642489064	-27.79734814765596	1.0
ORTHO010930	2	1.074333088944951	-27.714356327088765	1.0
ORTHO000654_2	1	1.074392417844874	-27.294478373442374	1.0
ORTHO007972	1	1.0745211055859076	-27.97707943656681	1.0
ORTHO008226	1	1.074618353937349	-27.880082811678832	1.0
ORTHO010260	1	1.0746806736874224	-26.60193025102737	1.0
ORTHO009275	1	1.074813239928691	-29.394646992681864	1.0
ORTHO010133	1	1.075203690984014	-29.622412810611305	1.0
ORTHO009087	1	1.0758458663064354	-27.161744238168264	1.0
ORTHO001334	1	1.0759178410315178	-31.841943085438405	1.0
ORTHO010441	1	1.076033217165586	-26.79802372496792	1.0
ORTHO010439	1	1.0764497345030268	-27.023229137502785	1.0
ORTHO010521	1	1.0768402207850964	-29.71384281398859	1.0
ORTHO002343	1	1.0770793619868826	-29.157598004394526	1.0
ORTHO002099	2	1.0781495511799133	-28.420921262224006	1.0
ORTHO009516	1	1.0793302275089347	-28.44584824301395	1.0
ORTHO010270	1	1.0796761791530487	-28.319608379512534	1.0
ORTHO004905	2	1.0796856755958009	-28.35255122489932	1.0
ORTHO002683	1	1.079746701515001	-28.99573958786988	1.0
ORTHO000683	1	1.0799640029694197	-32.49724814674411	1.0
ORTHO010296	1	1.0800872298110025	-30.025795931396463	1.0
ORTHO006114	1	1.0801733176732207	-27.423250472875683	1.0
ORTHO000830	2	1.0803416211882855	-31.23423745254202	1.0
ORTHO011072	1	1.080424451923936	-27.57356742850864	1.0
ORTHO010365	1	1.0807058694172307	-28.110858345853714	1.0
ORTHO011691	1	1.0808411426536009	-29.886194776744087	1.0
ORTHO006339	1	1.0809955865146619	-29.127016834792055	1.0
ORTHO010257	1	1.081134707907171	-28.798723602089737	1.0
ORTHO006187	1	1.0815469302904588	-27.846465865640525	1.0
ORTHO001047	1	1.0817119552286336	-30.795852009025033	1.0
ORTHO007685	1	1.0817606926321797	-28.29140305883732	1.0
ORTHO011707	1	1.0820068745676978	-29.630183659780776	1.0
ORTHO008130	1	1.0821053311436883	-27.296478950600477	1.0
ORTHO001472	1	1.0824698783862812	-30.748661589746966	1.0
ORTHO011693	1	1.0826196908260994	-28.412233317321398	1.0
ORTHO011701	1	1.0828135074148504	-29.3753861206051	1.0
ORTHO003322	1	1.0828163810095093	-28.22746194222813	1.0
ORTHO009117	1	1.0830703431615498	-28.476832230569443	1.0
ORTHO011696	1	1.0831992261797072	-28.50532444030297	1.0
ORTHO007217	1	1.0837873965911464	-28.120714141908127	1.0
ORTHO005915	1	1.084348645729157	-27.279044998704585	1.0
ORTHO006809	1	1.08497694813363	-30.989007219019516	1.0
ORTHO007609	1	1.085376669808764	-29.13887768179415	1.0
ORTHO011708	1	1.085641441066643	-28.551117178664953	1.0
ORTHO011715	1	1.0856817513163195	-27.67862968915568	1.0
ORTHO001684	1	1.085957072114138	-28.86416172711244	1.0
ORTHO011016	1	1.0860167271859626	-28.73323358801544	1.0
ORTHO010492	1	1.0861290661004255	-28.701067008095936	1.0
ORTHO001867	1	1.0861408113714213	-27.666861179567217	1.0
ORTHO011175	1	1.0861915913681337	-28.083762704145308	1.0
ORTHO010440	1	1.0863287467279281	-27.805760075787806	1.0
ORTHO006068	1	1.0869337108296813	-31.302402471181033	1.0
ORTHO009138	1	1.0874107451219377	-28.197258645208766	1.0
ORTHO004700	1	1.0880971545629783	-26.622467486983556	1.0
ORTHO002093	3	1.0881411149114188	-27.614903041461066	1.0
ORTHO002499	1	1.088174176459499	-30.905441167369148	1.0
ORTHO004380	1	1.0882019182851694	-30.338460419775544	1.0
ORTHO006654	2	1.0882333443088341	-28.042248125274824	1.0
ORTHO004622	1	1.089142077888736	-32.22981706480776	1.0
ORTHO004413	1	1.0892541112984895	-28.343785061412675	1.0
ORTHO002644	1	1.089286097095105	-26.58704400304599	1.0
ORTHO011069	1	1.0894486434156108	-27.373812887920767	1.0
ORTHO003060	1	1.0894498659732903	-29.79350576592872	1.0
ORTHO010482	1	1.0900732915670128	-27.423248827476918	1.0
ORTHO011073	1	1.090090111295791	-27.904050004355742	1.0
ORTHO010045	1	1.090373024503481	-27.813599803030524	1.0
ORTHO001721	3	1.0904655579747229	-30.153557140669967	1.0
ORTHO011070	1	1.090568503629471	-29.342725900656745	1.0
ORTHO009751	1	1.0909433241078572	-29.529022705013766	1.0
ORTHO011171	1	1.091035612963097	-28.619959846082654	1.0
ORTHO004036	2	1.092067600409009	-26.592138615887887	1.0
ORTHO002609	1	1.092104567768649	-28.57061022371708	1.0
ORTHO010958	1	1.0921752445626718	-29.107436022692085	1.0
ORTHO011187	1	1.092714890948036	-28.55881404540575	1.0
ORTHO001942	2	1.0928549458753112	-30.375837581518077	1.0
ORTHO010953	1	1.0935193576196471	-28.186452938039192	1.0
ORTHO002920	2	1.0935727911591415	-27.255542901078762	1.0
ORTHO008081	2	1.0935732085911187	-28.35580297989332	1.0
ORTHO002924	1	1.0936287018239623	-33.42956059181769	1.0
ORTHO003070	1	1.0937355022730895	-28.854656093448174	1.0
ORTHO006783	1	1.093776493953895	-29.713661288792785	1.0
ORTHO010170	1	1.0944990447836138	-27.224717957520028	1.0
ORTHO007093	2	1.0945065211653913	-27.101684875957087	1.0
ORTHO006530	1	1.094652765434796	-26.037279317125773	1.0
ORTHO010548	1	1.094901420035209	-27.507716812084226	1.0
ORTHO011084	1	1.0951101445487736	-29.251888529872225	1.0
ORTHO001252	1	1.095148763232254	-31.742382725509774	1.0
ORTHO010999	1	1.0951604927102896	-28.256111873892443	1.0
ORTHO002516	2	1.0957137768019098	-28.730819826018184	1.0
ORTHO011166	1	1.0958130005204958	-27.827502441156465	1.0
ORTHO011142	1	1.0959297370897072	-28.537361560642044	1.0
ORTHO011700	1	1.0959918204208452	-29.63277129789212	1.0
ORTHO009133	1	1.096570462943833	-28.210293189160303	1.0
ORTHO010923	1	1.096671281513444	-30.15558392980886	1.0
ORTHO008233	1	1.0968340286518108	-30.51324690265959	1.0
ORTHO011143	1	1.0969162050269388	-27.830523859380097	1.0
ORTHO005228	1	1.0970234538461192	-27.3470582517083	1.0
ORTHO008972	1	1.0975780545347813	-28.551821490836776	1.0
ORTHO011703	1	1.0979623734331316	-29.355317198465862	1.0
ORTHO001746_2	1	1.0981670499624485	-29.22499332066143	1.0
ORTHO010269	1	1.0982152290400167	-30.317106616835282	1.0
ORTHO009017	1	1.0984582228048632	-28.269976544608408	1.0
ORTHO009264	1	1.098598584979588	-27.717046500273465	1.0
ORTHO001680	1	1.098646570781343	-29.33651105770853	1.0
ORTHO006528	2	1.0987770773409418	-28.882382665154356	1.0
ORTHO011699	1	1.0988548879334004	-28.8128931724689	1.0
ORTHO008001	1	1.0992521091704073	-30.314431353303647	1.0
ORTHO011195	1	1.099321560384108	-28.573275639703034	1.0
ORTHO010918	1	1.1005602788831261	-29.38049689823095	1.0
ORTHO002616	1	1.1006498288116557	-29.959342377388865	1.0
ORTHO004863	1	1.101227665249599	-29.663939693508382	1.0
ORTHO003246	2	1.101627135862404	-27.39174854004508	1.0
ORTHO001183	1	1.1018320901685439	-30.1213791764501	1.0
ORTHO009109	1	1.1018820232078368	-28.26937597861928	1.0
ORTHO010915	1	1.1020160110908426	-29.043678109900934	1.0
ORTHO010778	1	1.1020855864426475	-28.46206152004061	1.0
ORTHO006667	1	1.1021319262534834	-28.11420150331338	1.0
ORTHO010082	1	1.1025677307325923	-29.775414337768762	1.0
ORTHO007466	1	1.102571594626148	-29.098953650732195	1.0
ORTHO000506_1	1	1.1027804541592494	-29.032995100066216	1.0
ORTHO011151	1	1.1028394897936507	-29.439422211339565	1.0
ORTHO002070	1	1.1035306590567613	-30.996261419875328	1.0
ORTHO001225_2	1	1.1041768079067447	-29.18104606157954	1.0
ORTHO001351	2	1.104666670272476	-32.04185128612268	1.0
ORTHO011006	1	1.1052607625631328	-29.908575195190963	1.0
ORTHO004341	1	1.1061807044889964	-27.521646641290697	1.0
ORTHO007095	2	1.1062693006046382	-28.241145841610063	1.0
ORTHO003192	1	1.1064502642968586	-31.051420937701632	1.0
ORTHO007724	1	1.1065855308052583	-31.041848314939593	1.0
ORTHO001225_1	1	1.1073093169535557	-30.052933498058106	1.0
ORTHO001048	1	1.1076201292501315	-32.28486195040478	1.0
ORTHO000376_3	1	1.1085448566987772	-27.922007175470025	1.0
ORTHO007553	2	1.109093371505471	-27.13260011975773	1.0
ORTHO007397	2	1.1092694366522733	-27.62385587234585	1.0
ORTHO002603	1	1.1094201430989754	-31.045399696226546	1.0
ORTHO007075	1	1.1095830371264577	-29.549670611602924	1.0
ORTHO002161	2	1.1098947377322308	-31.082809373119378	1.0
ORTHO003825	2	1.1101487160414734	-28.925631752406556	1.0
ORTHO004713	2	1.1101752401613998	-27.87862255093439	1.0
ORTHO000300_2	1	1.1106051193660293	-31.103121946089868	1.0
ORTHO001322	3	1.1108464505602114	-31.58964972851313	1.0
ORTHO000777_3	1	1.1110102839874803	-30.163327512930938	1.0
ORTHO001998	2	1.1113689222339143	-30.490422259383188	1.0
ORTHO011104	1	1.111938399776711	-28.238229769017234	1.0
ORTHO001650_1	1	1.1121329692191273	-29.64953700948186	1.0
ORTHO010935	1	1.1123548402726853	-28.10049000122943	1.0
ORTHO002766	1	1.1127632834789443	-34.12895519468009	1.0
ORTHO010369	1	1.112887141712127	-28.667898344336002	1.0
ORTHO002349	1	1.113253800198283	-30.0647450484601	1.0
ORTHO004618	1	1.1139502797529113	-29.41285899994748	1.0
ORTHO008700	1	1.115567075266573	-28.96515232527156	1.0
ORTHO001169	1	1.1158195509848372	-31.186502082314902	1.0
ORTHO000579	1	1.1162730979609772	-33.790907137281614	1.0
ORTHO001851	2	1.1176437856895847	-32.702073303503795	1.0
ORTHO004143	1	1.1187324060920252	-26.90857756986934	1.0
ORTHO002358	1	1.1194338333929266	-29.168535444580225	1.0
ORTHO006417	1	1.1195592904306153	-29.2468850040947	1.0
ORTHO000515_1	2	1.1198253436571493	-29.051259539106518	1.0
ORTHO007511	1	1.1201913079206856	-30.127953730382043	1.0
ORTHO000399_2	1	1.1202204863648104	-28.45316287714514	1.0
ORTHO010781	1	1.1204088217881782	-28.68665085920221	1.0
ORTHO006144	2	1.121093445431011	-27.191369583855224	1.0
ORTHO008207	1	1.1211142019379856	-28.793490080758705	1.0
ORTHO007781	1	1.1215751881501326	-29.492211430217854	1.0
ORTHO002393	2	1.122262371543817	-27.104435438910624	1.0
ORTHO006987	1	1.1234922264663638	-29.765749459355376	1.0
ORTHO004079	1	1.1238101442939084	-28.622821111478224	1.0
ORTHO002970	1	1.1240207363257233	-29.66693527017411	1.0
ORTHO003077	1	1.1247535447157981	-31.14478599628112	1.0
ORTHO006190	1	1.1249504110869613	-28.53378636729522	1.0
ORTHO002468	1	1.1249531017809322	-30.88308547340982	1.0
ORTHO008982	1	1.124993866607506	-29.621722809574187	1.0
ORTHO000778	2	1.12573041829083	-30.893723932189037	1.0
ORTHO003936	1	1.1264781272313382	-29.730473471928708	1.0
ORTHO010543	1	1.1272729788051845	-29.806843612385858	1.0
ORTHO004441	1	1.1278689642065005	-30.533276996900387	1.0
ORTHO000304_2	1	1.128148736625327	-34.34181656303614	1.0
ORTHO000834	1	1.1282064013543753	-33.091603250902075	1.0
ORTHO003098	1	1.1285590200853879	-28.843217366381054	1.0
ORTHO009767	1	1.1287017178962522	-28.909462886205738	1.0
ORTHO009711	2	1.128963395832789	-31.013316455045743	1.0
ORTHO003432	1	1.1292974364807793	-30.430455539636228	1.0
ORTHO006788	1	1.1296538130962164	-28.81167001708781	1.0
ORTHO003389	1	1.1311719065190768	-27.38580847224283	1.0
ORTHO000982	3	1.1318695204060625	-33.43755516482878	1.0
ORTHO003427	1	1.131953824123282	-31.081905807041533	1.0
ORTHO000575	1	1.132007586899015	-34.22652584878934	1.0
ORTHO011375	1	1.1321104846307448	-28.88706349294968	1.0
ORTHO001909	1	1.1321405918567196	-30.454959200579133	1.0
ORTHO009792	1	1.1323720195508802	-28.966321931345185	1.0
ORTHO002335	1	1.134042966728735	-32.16897165817892	1.0
ORTHO007050	1	1.1349526448759715	-29.97313961308879	1.0
ORTHO002223	1	1.1373261775098673	-29.160177981272213	1.0
ORTHO003813	1	1.1373271312491962	-29.82065089281453	1.0
ORTHO004041	1	1.137789987399074	-29.673059635022245	1.0
ORTHO002419	1	1.1384191370445846	-31.06953443331757	1.0
ORTHO007102	1	1.1389272304747788	-28.04178339036176	1.0
ORTHO010897	1	1.1395690536524388	-28.624227134806656	1.0
ORTHO009985	1	1.1399335669232222	-28.274735705454372	1.0
ORTHO008709	1	1.1405727336739278	-29.05770962724215	1.0
ORTHO010101	1	1.1409608825267665	-29.324378479852268	1.0
ORTHO004178	1	1.1412349284267047	-27.372047997335464	1.0
ORTHO009445	1	1.1413950850072414	-29.9211535252913	1.0
ORTHO001308	1	1.1416506172761716	-32.713410983124255	1.0
ORTHO010777	1	1.1418362689713126	-30.430757746677852	1.0
ORTHO010785	1	1.1422185935931277	-28.417537800296213	1.0
ORTHO005033	2	1.142757868082698	-29.146891332043207	1.0
ORTHO000272_1	4	1.1428313065566553	-33.931855082143805	1.0
ORTHO010252	1	1.142918964037641	-29.700907121003283	1.0
ORTHO001231	2	1.1432684877524237	-30.431399719182053	1.0
ORTHO010779	1	1.143896698855579	-28.80911141880523	1.0
ORTHO000375_1	1	1.1441948903590589	-29.440723667363812	1.0
ORTHO005186	1	1.1445326506576692	-28.85572610912588	1.0
ORTHO004813	1	1.1445331901941376	-29.226690397715572	1.0
ORTHO004951	1	1.1452003078118023	-27.686964243427802	1.0
ORTHO010125	1	1.1452967902187774	-28.236736678656605	1.0
ORTHO010902	1	1.1457777477472468	-30.851261981616986	1.0
ORTHO011426	1	1.1462766098943002	-28.630551811845137	1.0
ORTHO005388	1	1.146340862323458	-27.92171666288833	1.0
ORTHO005585	2	1.147482291936377	-31.11275836127776	1.0
ORTHO009121	1	1.1476184347939742	-29.499461333572086	1.0
ORTHO001099	1	1.1477141058879208	-31.365780831243512	1.0
ORTHO010750	1	1.147745380724349	-30.189028942979256	1.0
ORTHO007516	1	1.1489315986524316	-30.17638156029874	1.0
ORTHO009999	1	1.148999710852268	-29.398686346861297	1.0
ORTHO010659	1	1.1491450485170596	-28.985064622771752	1.0
ORTHO004844	1	1.149712796433677	-28.783362213349317	1.0
ORTHO011371	1	1.1498150743801638	-28.755865466727105	1.0
ORTHO011427	1	1.1499057474924366	-28.551428686331548	1.0
ORTHO007103	1	1.149990208717746	-30.880223047423158	1.0
ORTHO002796	1	1.150306526016804	-30.318844144156635	1.0
ORTHO003928	1	1.151290140905616	-32.3318432269936	1.0
ORTHO010919	1	1.1515897482279838	-28.74210149660498	1.0
ORTHO011275	1	1.152251122391021	-29.131154620067335	1.0
ORTHO001119	2	1.1528322418258414	-32.723385207488455	1.0
ORTHO008573	1	1.1535191144234533	-31.20345422865448	1.0
ORTHO011367	1	1.1536371050664151	-28.60553075576591	1.0
ORTHO001097_2	1	1.1543054326220483	-30.529469318082572	1.0
ORTHO002928	1	1.1544927364065973	-34.14558120554902	1.0
ORTHO011259	1	1.1552520876041839	-29.524128732040687	1.0
ORTHO011221	1	1.155661236324244	-29.40237233104926	1.0
ORTHO009156	2	1.1557726755019517	-29.192849485298577	1.0
ORTHO011425	1	1.1563202379916528	-28.68974964909638	1.0
ORTHO003982	1	1.156652985696129	-28.518949050723435	1.0
ORTHO001370	1	1.1568221900358666	-31.68096337139439	1.0
ORTHO001578	1	1.157251030761273	-31.924738765084353	1.0
ORTHO010809	1	1.1572752423919757	-29.508272408188024	1.0
ORTHO011150	1	1.1588455621863736	-29.798819619928846	1.0
ORTHO011445	1	1.1591209861478793	-29.71157776701841	1.0
ORTHO003393	1	1.1594473237568705	-30.09891446428841	1.0
ORTHO003576	1	1.159934620160049	-29.578802003806054	1.0
ORTHO002716	1	1.1627266278972752	-30.02157692940864	1.0
ORTHO000312_2	1	1.1628360918010443	-30.286570514113595	1.0
ORTHO001669	2	1.1631657459644398	-34.17847539805463	1.0
ORTHO010908	1	1.1633583452697978	-29.794135471326214	1.0
ORTHO001451	3	1.1633970886179226	-31.039957620433064	1.0
ORTHO001649	2	1.16421527808313	-32.630823373169896	1.0
ORTHO002617	1	1.1645307501911073	-30.924347354522776	1.0
ORTHO004186	2	1.1648062410321645	-29.836997118361893	1.0
ORTHO002134	1	1.1653775985068164	-32.73024539364752	1.0
ORTHO008572	2	1.1655561089069264	-28.981436465295683	1.0
ORTHO010657	1	1.1666516347649385	-30.45787352858024	1.0
ORTHO000771	2	1.1685303013303345	-31.695953411041174	1.0
ORTHO000625_2	1	1.1686521107914714	-32.26305328494894	1.0
ORTHO004112	1	1.1686798769895599	-28.02741125408769	1.0
ORTHO002907	1	1.1687227418531145	-30.23368728638521	1.0
ORTHO005178	1	1.169198779211918	-29.76321450867104	1.0
ORTHO011149	1	1.1696655388009578	-29.754268532808528	1.0
ORTHO003311	1	1.171070547161815	-31.325228172267366	1.0
ORTHO001207	1	1.1718805572763595	-31.901271368321854	1.0
ORTHO009689	1	1.1721613339683035	-28.902856331637533	1.0
ORTHO001976	1	1.1724844716539318	-31.993423634173585	1.0
ORTHO004643	1	1.172722596473494	-32.238333221615505	1.0
ORTHO002278	2	1.1730785259388914	-28.805497015817586	1.0
ORTHO003327	1	1.1742766966990046	-28.90209671287769	1.0
ORTHO010656	1	1.1750013012066047	-29.22734666210357	1.0
ORTHO010654	1	1.1753569288471752	-28.739259334308727	1.0
ORTHO000948_2	1	1.175649520602967	-29.871312928286113	1.0
ORTHO003081	1	1.175673816461802	-29.547040858643975	1.0
ORTHO003286	1	1.1756905339151575	-31.500556817517662	1.0
ORTHO006189	1	1.176063061852602	-29.960859396529887	1.0
ORTHO004817	1	1.1765350879425782	-28.50607639597774	1.0
ORTHO005416	1	1.1771231247863134	-30.72382423871943	1.0
ORTHO010264	1	1.1782534983854402	-30.20600658996984	1.0
ORTHO002525	1	1.1790927817464603	-31.505048600027614	1.0
ORTHO003295	1	1.179193836118576	-27.990170448974446	1.0
ORTHO000297	1	1.1798588525301137	-37.84594474465812	1.0
ORTHO002092	1	1.1799953167983446	-30.518068810976533	1.0
ORTHO001989	2	1.180000012548323	-31.301362397065386	1.0
ORTHO002816	1	1.180717510569609	-28.14108129782349	1.0
ORTHO002208	3	1.181780392470206	-27.931878978973455	1.0
ORTHO002717	1	1.1823987580202688	-31.70840912868141	1.0
ORTHO001808	1	1.182644163487224	-29.96200168418572	1.0
ORTHO001305_1	1	1.1828305328710786	-30.604824229395078	1.0
ORTHO005713	2	1.1829213143982618	-31.028939649125356	1.0
ORTHO001590_1	1	1.184077779666585	-31.012579732567026	1.0
ORTHO001317	1	1.184380981135138	-32.823576951702044	1.0
ORTHO007350	2	1.1855774157883467	-31.93983196194321	1.0
ORTHO000259_1	2	1.186829255646881	-36.72571217772578	1.0
ORTHO010448	1	1.186946786772057	-31.356201594987443	1.0
ORTHO001453	2	1.1874059570012274	-32.6494325206548	1.0
ORTHO004400	1	1.1884287576040837	-27.788896342415686	1.0
ORTHO005926	2	1.18895435014486	-28.931064255234016	1.0
ORTHO006969	1	1.189132817618104	-29.49773685999782	1.0
ORTHO001329	1	1.1891578222836836	-31.756860710527356	1.0
ORTHO003010	4	1.1895461076198135	-28.007381470577915	1.0
ORTHO003430	1	1.1896260231392635	-28.745654574914496	1.0
ORTHO000770	1	1.189681530060143	-33.16931718369377	1.0
ORTHO009238	1	1.18979795096438	-31.630365875912986	1.0
ORTHO011164	1	1.1898053914347386	-30.637277606482645	1.0
ORTHO004609	1	1.1900952908420979	-30.67992479945826	1.0
ORTHO002520	1	1.1915146124216247	-33.29560641643001	1.0
ORTHO001377	1	1.191558306292177	-33.98597178198138	1.0
ORTHO004401	2	1.192167072290453	-31.023925737527506	1.0
ORTHO004855	1	1.192413333036604	-28.91940331504718	1.0
ORTHO002164	2	1.1931078046240826	-28.166619712165787	1.0
ORTHO001439	1	1.1938336367754248	-30.157722303933618	1.0
ORTHO011071	1	1.1945273862916828	-30.372365822587025	1.0
ORTHO003301	1	1.194580164310025	-32.18195622008805	1.0
ORTHO001067	1	1.195125405431637	-32.00599885355815	1.0
ORTHO001685	1	1.1951444129754072	-32.065186309397774	1.0
ORTHO008705	1	1.1951829705902897	-31.428044426278596	1.0
ORTHO004458	2	1.1953483032283305	-32.00176010622139	1.0
ORTHO006760	1	1.1965015690050151	-28.364592332897175	1.0
ORTHO002091	4	1.196516140851878	-29.238725933621435	1.0
ORTHO011078	1	1.1967587075732307	-29.53363202553699	1.0
ORTHO010168	2	1.1972534835058901	-31.429829438847804	1.0
ORTHO003851	1	1.1976111168836303	-28.665656702961286	1.0
ORTHO007109	1	1.1985741675448491	-28.630043666157146	1.0
ORTHO007371	1	1.199402584828534	-30.181979775909692	1.0
ORTHO000453	2	1.1998246955310898	-36.121480738098334	1.0
ORTHO002311	2	1.2004524736892757	-31.81298716981146	1.0
ORTHO004203	1	1.2008373790035494	-30.27349913969504	1.0
ORTHO010877	1	1.2012745452844393	-30.35083840961816	1.0
ORTHO005310	1	1.2056306235317762	-30.666430598021172	1.0
ORTHO000415	1	1.2057421280342873	-34.671993810986585	1.0
ORTHO005597	2	1.2064480380339568	-30.52868996659849	1.0
ORTHO009649	2	1.2077100784995998	-31.51016993880162	1.0
ORTHO009555	1	1.2082525176114025	-28.97338798566863	1.0
ORTHO000855	1	1.2101346788282936	-33.641777027803954	1.0
ORTHO000301_2	1	1.2109542463990244	-35.41190973707085	1.0
ORTHO002330	1	1.2111056207416888	-30.532334013501586	1.0
ORTHO001987	1	1.2116528383724872	-32.40805070468805	1.0
ORTHO001155	1	1.2117161888652468	-34.260316374252504	1.0
ORTHO007710	1	1.212814544740194	-29.74103808943146	1.0
ORTHO011165	1	1.2133080529475346	-31.280163716065186	1.0
ORTHO002908	1	1.213384025656047	-31.322306176587695	1.0
ORTHO006109	1	1.2148130124898184	-29.449195067053648	1.0
ORTHO000546	1	1.2152140884797447	-36.138375387967905	1.0
ORTHO011167	1	1.2152302605853693	-30.451258289596172	1.0
ORTHO000894	1	1.2155694218894095	-31.619598081118184	1.0
ORTHO010262	1	1.2165022673555779	-29.828382738059894	1.0
ORTHO000950_2	1	1.217163803576247	-29.674432062582007	1.0
ORTHO004845	1	1.2174531548494094	-31.906635159771522	1.0
ORTHO001825	1	1.2188801304397783	-29.473263046248782	1.0
ORTHO000302_1	1	1.2206884063097956	-37.64492927644801	1.0
ORTHO001720	2	1.2222840278610256	-33.27845406770071	1.0
ORTHO000844	2	1.222950216375387	-31.995387962072364	1.0
ORTHO003973	1	1.2232100212907318	-30.731954636728883	1.0
ORTHO000360_1	3	1.2236652126806742	-33.62138612843443	1.0
ORTHO000902	1	1.2251742523749922	-32.453747499348744	1.0
ORTHO006414	1	1.22529455650445	-31.92932104131483	1.0
ORTHO001094	1	1.2255550303868292	-33.552709220457615	1.0
ORTHO005343	1	1.2258267626475308	-30.66274490373094	1.0
ORTHO007052	2	1.2265621899194612	-28.407187514217572	1.0
ORTHO002027	2	1.226816581385147	-33.82294857430291	1.0
ORTHO005190	1	1.2278434320123288	-31.478742336790148	1.0
ORTHO002107	1	1.2278656971652677	-32.338764692092695	1.0
ORTHO003683	1	1.2279531044975727	-29.550708078569286	1.0
ORTHO000278_1	1	1.2292897805767435	-36.48303755136958	1.0
ORTHO006048	1	1.2311954740753943	-31.299280603450786	1.0
ORTHO000698	1	1.2340561081380712	-36.687853043640516	1.0
ORTHO009144	3	1.236289510575441	-29.71802911620293	1.0
ORTHO002670	1	1.2387934964617624	-33.47939069693062	1.0
ORTHO005601	2	1.2389352252593793	-28.377252691252657	1.0
ORTHO004037	2	1.2410231893042503	-29.3064837331398	1.0
ORTHO009853	1	1.2410259972090198	-30.896433430010436	1.0
ORTHO004712	4	1.2472816188290126	-30.21715206130563	1.0
ORTHO001216	1	1.2473220314776385	-31.597903851824203	1.0
ORTHO003277	1	1.2475408773367767	-29.853952074351774	1.0
ORTHO000637	1	1.24895171360626	-34.54492642326684	1.0
ORTHO001269_1	2	1.249383660248827	-31.009809118331276	1.0
ORTHO005383	1	1.2517026263922983	-31.63957716701991	1.0
ORTHO002288	1	1.253043541759809	-33.390407829169504	1.0
ORTHO009274	1	1.2538460813778673	-29.835860106005804	1.0
ORTHO004466	2	1.2543761436469567	-29.69545617534601	1.0
ORTHO000462	2	1.2549870541272374	-35.52909952815678	1.0
ORTHO000624	1	1.2554615389359105	-35.585376921651275	1.0
ORTHO001356	1	1.2618498297879934	-32.197565483229106	1.0
ORTHO000425	1	1.2629733785413473	-34.75808474527837	1.0
ORTHO001706	1	1.26445316473492	-33.48345430873404	1.0
ORTHO010860	1	1.2648933257683932	-31.341748123584637	1.0
ORTHO001744	2	1.2677755823889023	-31.275839709456992	1.0
ORTHO001759	2	1.2680634619459759	-34.75551602065765	1.0
ORTHO002411	1	1.2705043757600283	-29.225490440536596	1.0
ORTHO002538	1	1.27115819606311	-31.8604661180381	1.0
ORTHO002124	1	1.2717018622309917	-32.47196107315613	1.0
ORTHO000312_1	1	1.274232021415854	-35.6542939839283	1.0
ORTHO001868	1	1.274704566192502	-31.314476701019608	1.0
ORTHO002635	1	1.2753275370556763	-32.25849099772457	1.0
ORTHO002663	1	1.2755184159284707	-32.27810069390371	1.0
ORTHO000465	1	1.2759109327612272	-36.7980738373673	1.0
ORTHO005973	1	1.2781784766515194	-31.58838839477731	1.0
ORTHO003663	1	1.2877286350683146	-32.37490404501147	1.0
ORTHO005081	1	1.2952926422035698	-30.665715727874897	1.0
ORTHO000544	2	1.2981246602952534	-36.22043233656024	1.0
ORTHO000882	2	1.3018427387648357	-34.36895477515555	1.0
ORTHO000851	1	1.3040532261918303	-32.489192138836884	1.0
ORTHO001897	2	1.305682763269978	-30.293459417435184	1.0
ORTHO001823	1	1.3074807988194066	-30.081261769292603	1.0
ORTHO000687	1	1.3085541676197308	-36.644206762956834	1.0
ORTHO000332	3	1.3126785858182566	-37.09914762128522	1.0
ORTHO002826	1	1.3154182763033242	-32.462935561176224	1.0
ORTHO003789	1	1.3162621485447852	-33.490513008873215	1.0
ORTHO000417	1	1.3194377982223933	-37.652662386611155	1.0
ORTHO005108	1	1.3206488782177055	-32.10388516528884	1.0
ORTHO002279	1	1.3219410758414665	-30.954632160911256	1.0
ORTHO001427	1	1.3219738940324948	-32.58116883843671	1.0
ORTHO003929	1	1.3227269518260165	-32.25124514547277	1.0
ORTHO001293_1	1	1.323858915857859	-34.34085816581235	1.0
ORTHO001063	5	1.324393934183821	-33.513479983095856	1.0
ORTHO000993	1	1.3248958763226113	-36.11953969661559	1.0
ORTHO000686	3	1.3257159099312787	-34.5292088258609	1.0
ORTHO001122	1	1.3271636102582367	-33.892423236367684	1.0
ORTHO006925	1	1.3321318694694924	-32.896481528875434	1.0
ORTHO004982	1	1.3394590595109583	-34.22866393574818	1.0
ORTHO002305	2	1.3398534657398773	-31.69525793926336	1.0
ORTHO002185	1	1.3422553320608954	-31.717754330780107	1.0
ORTHO003512	4	1.3447648030759276	-30.626573027464723	1.0
ORTHO001497	1	1.3479994381551528	-32.15833870962266	1.0
ORTHO000831	2	1.3487989608704716	-35.22437793002439	1.0
ORTHO001668	2	1.349438753062846	-34.01926258727306	1.0
ORTHO002904	1	1.3508473357664648	-31.20880318388792	1.0
ORTHO000857	1	1.3542820671260893	-33.75435223643663	1.0
ORTHO000850	1	1.3581623189906133	-34.12461481188171	1.0
ORTHO001089	1	1.3608700686327875	-34.59849514150146	1.0
ORTHO000876	2	1.3609109576959113	-32.31269718940474	1.0
ORTHO003440	2	1.3626729496382783	-30.561005966708308	1.0
ORTHO001287	1	1.362966179093932	-32.72748113404693	1.0
ORTHO004120	1	1.3632441096554166	-31.770912891444997	1.0
ORTHO003633	1	1.363633701997722	-34.519413682404476	1.0
ORTHO001457	1	1.3648232445374682	-35.3971842754752	1.0
ORTHO005532	1	1.3651135343293952	-31.612311084627358	1.0
ORTHO000875_1	1	1.3722528141684134	-31.25509459160136	1.0
ORTHO000812	4	1.372445164888381	-33.80299724908233	1.0
ORTHO002238	1	1.3732072879819945	-31.849012216684727	1.0
ORTHO000426	1	1.376090535973255	-37.09964919361799	1.0
ORTHO001387	2	1.3822549627043315	-33.72852758611342	1.0
ORTHO009082	1	1.3888393466379796	-32.85424662626309	1.0
ORTHO004888	1	1.3901885907361875	-33.28412978973361	1.0
ORTHO007237	1	1.3908767795860575	-32.405824408669744	1.0
ORTHO003835	3	1.393402339464519	-29.165081861160214	1.0
ORTHO004459	5	1.3935696296992262	-29.869004426726605	1.0
ORTHO003046	1	1.396262057209016	-36.898097923968706	1.0
ORTHO008224	1	1.39724030805266	-32.87513961105593	1.0
ORTHO000620	7	1.4001887897155785	-32.84295321165036	1.0
ORTHO001095	1	1.4002211538536047	-36.10333750452596	1.0
ORTHO000418	1	1.4028718060261933	-37.717127152834344	1.0
ORTHO002265	1	1.4071448119011654	-35.86902276702562	1.0
ORTHO005875	1	1.408157768628092	-33.83887552261451	1.0
ORTHO005846	1	1.4123724474947261	-30.79543363699134	1.0
ORTHO000527_3	1	1.412948835059906	-33.115028424607466	1.0
ORTHO002001	2	1.4142063033736942	-33.44703382073662	1.0
ORTHO000606	3	1.4199534867980672	-36.67231178261161	1.0
ORTHO002861	1	1.4257091180716521	-33.83026822442454	1.0
ORTHO000549	1	1.4318205484027098	-36.29108892452648	1.0
ORTHO004862	1	1.4320037803383463	-32.00587938852536	1.0
ORTHO004119	1	1.4338435947253125	-34.04467903998276	1.0
ORTHO000618_1	1	1.434256005619713	-34.371793500438876	1.0
ORTHO002765	2	1.4384934283236281	-33.83557797214582	1.0
ORTHO000767	2	1.4497182651031555	-34.01429706855194	1.0
ORTHO001045	1	1.4544443019509061	-36.10333295297454	1.0
ORTHO000458	1	1.4564315096439877	-38.3210397683866	1.0
ORTHO001962	2	1.4659165091823432	-35.11785557239626	1.0
ORTHO001361	2	1.4738702185118924	-37.403474662609646	1.0
ORTHO000469	2	1.4960639917231509	-36.988998432416594	1.0
ORTHO002921	2	1.499059974134163	-32.39898682209265	1.0
ORTHO000538	2	1.5015123932611656	-37.01195565649575	1.0
ORTHO002882	1	1.502429621413483	-32.58794912760403	1.0
ORTHO000400	1	1.5060359091715099	-40.75112233523797	1.0
ORTHO001652	1	1.5130373292812709	-34.72805241697431	1.0
ORTHO000338	2	1.5204674346577478	-38.41328450138896	1.0
ORTHO001787	2	1.5212895712210561	-34.78502180023611	1.0
ORTHO000559	1	1.524696430342482	-39.52428347592087	1.0
ORTHO009089	1	1.5294415102686958	-35.69441163670978	1.0
ORTHO000509	2	1.5325831708726334	-36.408665780460666	1.0
ORTHO007689	1	1.5335454604855672	-34.160037325523234	1.0
ORTHO002017	1	1.541794819545823	-37.12725190038684	1.0
ORTHO001423	1	1.5458222235501942	-36.53027504441752	1.0
ORTHO005236	1	1.548166326725994	-33.87934557452034	1.0
ORTHO001101_1	1	1.5537113276470405	-38.611073860934944	1.0
ORTHO003302	2	1.5576033801883902	-36.67139627703405	1.0
ORTHO000865	3	1.566647501403865	-36.34149904410179	1.0
ORTHO000337_1	1	1.5674580165407357	-34.38645872864674	1.0
ORTHO000922	1	1.572208252619191	-35.58182227259558	1.0
ORTHO001617	2	1.572666285171512	-35.27262916502195	1.0
ORTHO000492_1	1	1.5747110517139544	-34.694914412560045	1.0
ORTHO000431_1	2	1.5786784726105692	-34.2556235401902	1.0
ORTHO001001	1	1.5868743491019521	-36.56099514401517	1.0
ORTHO003975	1	1.5889632279779786	-33.23819534012519	1.0
ORTHO001149	1	1.5890245341892892	-34.66283604176671	1.0
ORTHO000722	1	1.5899834410464275	-37.81068845483838	1.0
ORTHO001057_1	2	1.5976031505884256	-35.361855232503885	1.0
ORTHO000986	2	1.602980559556807	-36.147943908631504	1.0
ORTHO000719	2	1.6142544797398146	-36.85750625308353	1.0
ORTHO001040	1	1.6235733059727961	-36.6681159748834	1.0
ORTHO002394	2	1.6269592885250581	-37.26222944580996	1.0
ORTHO000735	2	1.6280026949561888	-37.72383862390063	1.0
ORTHO000780	1	1.632469128538545	-35.91762091138769	1.0
ORTHO001616	2	1.637609853368307	-35.20964406586448	1.0
ORTHO000454_1	2	1.6547334207503666	-34.50093666796575	1.0
ORTHO000664	1	1.6614156645048737	-39.792364316596455	1.0
ORTHO001667	2	1.6652438637864417	-34.3971568443236	1.0
ORTHO000531	1	1.6707806501688014	-39.49028305135211	1.0
ORTHO001519	1	1.6909872317570565	-37.089099475209615	1.0
ORTHO000526	1	1.6933076749845979	-40.4094868335497	1.0
ORTHO000505	2	1.706308377789715	-40.90951336950983	0.999
ORTHO000328	2	1.7122341795465275	-39.31164841256967	1.0
ORTHO001401	2	1.7126558149611708	-36.88022680078228	1.0
ORTHO003736	1	1.7146032273862462	-36.30332043678388	1.0
ORTHO001594	1	1.7172106299125938	-37.776611811294856	1.0
ORTHO000267	2	1.738696487446622	-41.45913028769306	1.0
ORTHO000752	1	1.7405159414010551	-37.67380437131664	1.0
ORTHO000891	2	1.7416256592447117	-37.818196361165626	1.0
ORTHO001450	2	1.7605015500882313	-33.917616870711406	1.0
ORTHO001893	8	1.7657561531590225	-34.65361794380381	1.0
ORTHO000553	2	1.7685524980877083	-37.51541676801954	1.0
ORTHO000763	3	1.7961630303530656	-37.2584477221682	1.0
ORTHO000333	2	1.7961813371950102	-38.82573595692126	1.0
ORTHO000708	3	1.8127685041218893	-37.168427610057776	1.0
ORTHO001027	1	1.8479334851603473	-39.276700762239834	1.0
ORTHO001284	2	1.867031525995478	-36.85680849312842	1.0
ORTHO001543	2	1.887055427051046	-33.34656421229309	1.0
ORTHO000588	2	1.9010345171680272	-40.6102405961131	1.0
ORTHO000365	3	1.9107953722242392	-40.03399958212928	1.0
ORTHO000353_1	3	1.9240802835598045	-41.37878467414108	1.0
ORTHO000530	2	1.926854892533767	-41.321685948594464	1.0
ORTHO000271	2	1.9309761271112973	-39.0400954485373	1.0
ORTHO001115	4	1.9321831905564224	-40.436806259982625	1.0
ORTHO000685	3	1.9328684538228085	-40.841494662411016	1.0
ORTHO000596	2	1.9507177058359246	-39.28559297646884	1.0
ORTHO000566	2	1.9550238576899261	-41.103572840279355	1.0
ORTHO000289	4	1.9816555150500956	-40.74741242789864	1.0
ORTHO000439	2	1.9823218110278629	-39.860093379645356	1.0
ORTHO000964	2	1.9862819982233717	-37.09223906432907	1.0
ORTHO000306	3	1.9872528426494995	-43.939843248978804	1.0
ORTHO001314	2	1.9988886044883782	-38.59805523809014	1.0
ORTHO000308	2	2.0143990094126227	-41.76714495185928	1.0
ORTHO000574	2	2.115957611958801	-39.481118458334166	1.0
ORTHO000307	2	2.121319053790587	-43.23593689548227	0.999
ORTHO000342	2	2.1215890699748146	-43.36191841662696	1.0
ORTHO000389	4	2.137435698506181	-41.03921032998917	1.0
ORTHO000540_2	3	2.162213206495542	-40.93134392322961	1.0
ORTHO000452	2	2.166547621869727	-42.63388334960854	1.0
ORTHO000366	5	2.2104118766951015	-41.13662672907097	1.0
ORTHO000759	2	2.220216348659168	-41.30749897160175	1.0
ORTHO000413	4	2.252359687122582	-41.94400593873106	1.0
ORTHO000495	2	2.2860024619940846	-41.73872020617978	1.0
ORTHO000934	2	2.29356024045063	-39.916543724345935	1.0
ORTHO000264	3	2.3291707062540543	-43.52707946405195	0.999
ORTHO000321	2	2.4183855621278614	-42.53010410207168	1.0
ORTHO000518	3	2.6059725645301492	-45.12185730804737	1.0
ORTHO000379	2	2.6454373379729224	-42.958181981878106	1.0
ORTHO000456	2	2.7292598487163655	-45.87974044398937	1.0
ORTHO001376	2	2.7386652660122355	-41.857142341971866	1.0
ORTHO000298	4	2.7617888295869437	-45.9320333148677	1.0
ORTHO000305	2	2.9283400153577817	-44.60605186956186	1.0
ORTHO000295	4	2.9623389418450006	-45.16744653138023	1.0
ORTHO000354	4	2.975661520627227	-45.99538218114035	1.0
ORTHO000261	2	2.9946177418846696	-45.72243055424495	1.0
ORTHO000633	4	3.0792280658501285	-46.35127414858455	1.0
ORTHO000262	5	3.2120203649351393	-47.3172033879582	1.0
ORTHO000409_1	2	3.26698501227737	-47.39154176361323	0.999
ORTHO000291	2	3.300907531347802	-52.5814214276686	0.993
ORTHO000339	3	4.178697876516187	-49.136737630074634	0.999
