Sotub01g007460.1.1	Sotub11g010830.1.1	6.1351	295.9	982.1	0.0326	0.2601	7.9691	-2847.034471	
Sotub01g007470.1.1	Sotub11g010870.1.1	1.9567	86.1	330.9	0.2057	0.3628	1.7640	-953.270483	
Sotub01g007500.1.1	Sotub11g025050.1.1	50.0000	297.1	1025.9	0.0080	0.5746	72.2441	-3250.026425	
Sotub01g007600.1.1	Sotub06g030010.1.1	50.0000	266.7	927.3	0.0063	0.4575	73.0152	-2831.549268	
Sotub01g007720.1.1	Sotub06g030030.1.1	4.1081	245.3	825.7	0.0721	0.3470	4.8111	-2472.715226	
Sotub01g007720.1.1	Sotub11g026310.1.1	50.0000	239.7	798.3	0.0088	0.6155	70.1192	-2602.495184	
Sotub01g007730.1.1	Sotub06g030050.1.1	3.3516	149.4	471.6	0.3380	0.7594	2.2468	-1552.207406	
Sotub01g007730.1.1	Sotub11g025240.1.1	6.9336	155.5	543.5	0.0863	0.6889	7.9831	-1702.579494	
Sotub01g007810.1.1	Sotub06g030080.1.1	3.9045	242.5	822.5	0.0636	0.2989	4.7021	-2442.586477	
Sotub01g007810.1.1	Sotub11g026360.1.1	9.0733	196.7	745.3	0.0765	0.8592	11.2260	-2407.476549	
Sotub01g007890.1.1	Sotub11g025320.1.1	5.0255	159.3	440.7	0.0734	0.3847	5.2445	-1412.590188	
Sotub01g008000.1.1	Sotub11g025380.1.1	7.0550	259.2	838.8	0.0290	0.2644	9.1075	-2456.521603	
Sotub01g018580.1.1	Sotub01g013960.1.1	0.1793	334.4	1234.6	0.5877	0.0520	0.0885	-2513.751476	
Sotub01g018590.1.1	Sotub01g013950.1.1	0.1847	282.7	1058.3	0.5166	0.0514	0.0995	-2180.842310	
Sotub01g018600.1.1	Sotub01g013940.1.1	0.1156	617.2	1620.8	0.2570	0.0214	0.0835	-3421.631998	
Sotub01g020550.1.1	Sotub05g027310.1.1	1.4168	118.6	331.4	0.2700	0.2757	1.0211	-990.880226	
Sotub01g020560.1.1	Sotub05g027280.1.1	19.2983	214.9	730.1	0.0093	0.2554	27.4157	-2100.283408	
Sotub01g020760.1.1	Sotub05g027270.1.1	0.4598	341.1	1050.9	0.0366	0.0205	0.5621	-2329.414184	
Sotub01g020890.1.1	Sotub05g027260.1.1	1.3274	92.0	412.0	0.1444	0.2125	1.4723	-1060.527280	
Sotub01g020920.1.1	Sotub05g027220.1.1	1.0255	105.7	356.3	0.1927	0.1745	0.9058	-932.116361	
Sotub01g020930.1.1	Sotub05g027210.1.1	0.7862	411.5	1361.5	0.2154	0.1420	0.6593	-3527.744993	
Sotub01g023380.1.1	Sotub01g038780.1.1	2.1720	258.3	875.7	0.0837	0.2072	2.4759	-2443.723423	
Sotub01g023400.1.1	Sotub01g038740.1.1	50.0000	193.6	742.4	0.0045	0.3529	79.2093	-2207.076155	
Sotub01g023410.1.1	Sotub01g038630.1.1	11.7206	223.6	706.4	0.0168	0.2599	15.4261	-2076.617583	
Sotub01g023500.1.1	Sotub01g038580.1.1	20.0641	192.3	638.7	0.0217	0.5841	26.9621	-2056.333485	
Sotub01g023570.1.1	Sotub01g038410.1.1	3.1119	148.1	490.9	0.0550	0.2083	3.7861	-1393.804656	
Sotub01g023600.1.1	Sotub01g038400.1.1	5.9322	312.3	998.7	0.1088	0.6701	6.1574	-3263.689570	
Sotub01g023610.1.1	Sotub01g024110.1.1	50.0000	264.2	869.8	0.0153	1.0421	68.1091	-2957.564718	
Sotub01g023630.1.1	Sotub01g038370.1.1	2.5032	256.2	901.8	0.1354	0.3459	2.5541	-2668.276710	
Sotub01g023680.1.1	Sotub01g024170.1.1	50.0000	223.7	856.3	0.0065	0.5098	78.5075	-2657.673088	
Sotub01g023840.1.1	Sotub01g038180.1.1	1.7761	148.3	430.7	0.0096	0.0216	2.2494	-1024.732568	
Sotub01g030800.1.1	Sotub03g014850.1.1	50.0000	297.0	1020.0	0.0065	0.4722	72.2917	-3212.228491	
Sotub01g030800.1.1	Sotub06g013540.1.1	50.0000	303.9	1013.1	0.0066	0.4650	70.6746	-3195.668190	
Sotub01g030870.1.1	Sotub03g014990.1.1	2.7031	186.8	635.2	0.1394	0.3750	2.6896	-1927.924775	
Sotub01g030890.1.1	Sotub03g015000.1.1	2.6526	247.7	796.3	0.2370	0.5012	2.1151	-2564.633755	
Sotub01g030940.1.1	Sotub03g015070.1.1	2.0966	125.1	498.9	0.1024	0.2535	2.4754	-1375.055167	
Sotub01g031070.1.1	Sotub08g005830.1.1	1.9801	430.0	1367.0	0.0812	0.1780	2.1924	-3833.710210	
Sotub01g031070.1.1	Sotub08g026250.1.1	2.3026	420.9	1376.1	0.0623	0.1697	2.7224	-3801.515132	
Sotub01g031110.1.1	Sotub08g026190.1.1	10.1277	192.5	500.5	0.1137	1.0667	9.3806	-1830.340784	
Sotub01g031120.1.1	Sotub08g026170.1.1	1.8726	359.7	1314.3	0.0607	0.1442	2.3778	-3467.043169	
Sotub01g031170.1.1	Sotub08g026140.1.1	3.2541	99.9	356.1	0.0682	0.2717	3.9837	-996.785494	
Sotub01g031220.1.1	Sotub08g026060.1.1	10.9588	236.1	633.9	0.0303	0.3775	12.4471	-2075.969205	
Sotub01g031250.1.1	Sotub06g009220.1.1	4.4578	200.4	714.6	0.1022	0.5083	4.9722	-2236.662607	
Sotub01g031260.1.1	Sotub03g007090.1.1	5.2268	266.9	792.1	0.0646	0.3747	5.7999	-2555.887814	
Sotub01g031260.1.1	Sotub05g021870.1.1	50.0000	252.3	797.7	0.0134	0.8899	66.5356	-2771.937426	
Sotub01g031270.1.1	Sotub05g022010.1.1	0.6667	356.0	1045.0	0.1008	0.0680	0.6749	-2562.637220	
Sotub01g031680.1.1	Sotub05g022220.1.1	0.6417	118.8	451.2	0.1469	0.0968	0.6587	-1061.265909	
Sotub01g031710.1.1	Sotub05g022160.1.1	0.6724	172.8	553.2	0.1536	0.0970	0.6313	-1380.543997	
Sotub01g031930.1.1	Sotub03g015320.1.1	2.2817	302.8	975.2	0.1056	0.2529	2.3952	-2860.913307	
Sotub01g031950.1.1	Sotub03g015340.1.1	6.0411	134.7	390.3	0.0357	0.2538	7.1154	-1145.007770	
Sotub01g032060.1.1	Sotub03g015380.1.1	3.6932	253.2	784.8	0.1537	0.5254	3.4186	-2564.228705	
Sotub01g032060.1.1	Sotub05g025710.1.1	7.4513	241.3	805.7	0.1338	0.9964	7.4488	-2733.235960	
Sotub01g032090.1.1	Sotub05g025730.1.1	7.6889	356.7	1050.3	0.0583	0.5032	8.6287	-3466.285963	
Sotub01g032220.1.1	Sotub03g015590.1.1	3.2359	378.0	1029.0	0.1229	0.3698	3.0080	-3286.460624	
Sotub01g032290.1.1	Sotub03g015720.1.1	50.0000	147.8	446.2	0.0097	0.6319	65.0897	-1447.151967	
Sotub01g032330.1.1	Sotub05g025900.1.1	50.0000	184.7	643.3	0.0249	1.7147	68.7377	-2183.562660	
Sotub01g032380.1.1	Sotub03g012260.1.1	2.1396	280.6	961.4	0.1093	0.2510	2.2968	-2766.108305	
Sotub01g032550.1.1	Sotub08g017060.1.1	6.4606	300.1	1013.9	0.2861	1.3720	4.7947	-3476.715688	
Sotub01g032580.1.1	Sotub10g010080.1.1	1.5846	122.7	357.3	0.1715	0.2364	1.3783	-1037.316479	
Sotub01g032620.1.1	Sotub10g010060.1.1	1.1806	108.8	335.2	0.1231	0.1433	1.1641	-920.364967	
Sotub01g032640.1.1	Sotub03g012620.1.1	16.9406	160.1	457.9	0.0073	0.1553	21.3580	-1303.252076	
Sotub01g032640.1.1	Sotub10g010050.1.1	0.7436	170.1	447.9	0.1367	0.0905	0.6623	-1176.179934	
Sotub01g032680.1.1	Sotub05g022460.1.1	3.3219	156.6	569.4	0.0481	0.2101	4.3703	-1536.519844	
Sotub01g032700.1.1	Sotub05g022440.1.1	1.0676	191.7	585.3	0.2536	0.2062	0.8129	-1660.049054	
Sotub01g032770.1.1	Sotub05g022470.1.1	0.7052	213.9	677.1	0.1928	0.1172	0.6080	-1726.844605	
Sotub01g032770.1.1	Sotub08g016770.1.1	50.0000	194.4	678.6	0.0107	0.7704	72.1389	-2233.184686	
Sotub01g032850.1.1	Sotub10g010010.1.1	0.6021	120.0	366.0	0.0902	0.0575	0.6376	-875.632435	
Sotub01g032850.1.1	Sotub12g024140.1.1	50.0000	96.5	335.5	0.0166	1.1707	70.5532	-1136.710243	
Sotub01g032850.1.1	Sotub12g024140.1.1	50.0000	96.5	335.5	0.0166	1.1707	70.5532	-1136.710243	
Sotub01g032900.1.1	Sotub05g022500.1.1	0.8136	225.6	803.4	0.1717	0.1318	0.7677	-2010.492028	
Sotub01g032900.1.1	Sotub05g022500.1.1	0.8136	225.6	803.4	0.1717	0.1318	0.7677	-2010.492028	
Sotub01g032910.1.1	Sotub05g022510.1.1	0.9367	293.5	906.5	0.2521	0.1810	0.7177	-2464.508168	
Sotub01g032910.1.1	Sotub05g022510.1.1	0.9367	293.5	906.5	0.2521	0.1810	0.7177	-2464.508168	
Sotub01g032920.1.1	Sotub10g009980.1.1	0.6803	230.9	654.1	0.2800	0.1357	0.4847	-1748.710234	
Sotub01g032930.1.1	Sotub08g016460.1.1	50.0000	133.4	496.6	0.0111	0.8363	75.5809	-1635.876895	
Sotub01g032940.1.1	Sotub03g013730.1.1	1.1396	105.7	317.3	0.0178	0.0257	1.4438	-758.790580	
Sotub01g032940.1.1	Sotub05g022520.1.1	0.4647	104.2	318.8	0.0464	0.0255	0.5507	-724.644254	
Sotub01g032940.1.1	Sotub05g022520.1.1	0.4647	104.2	318.8	0.0464	0.0255	0.5507	-724.644254	
Sotub01g032940.1.1	Sotub10g009940.1.1	0.4875	125.0	298.0	0.0338	0.0172	0.5089	-695.634049	
Sotub01g032940.1.1	Sotub12g024200.1.1	1.6092	108.4	314.6	0.0129	0.0260	2.0181	-762.909781	
Sotub01g032940.1.1	Sotub12g024200.1.1	1.6092	108.4	314.6	0.0129	0.0260	2.0181	-762.909781	
Sotub01g032950.1.1	Sotub03g013720.1.1	50.0000	87.6	362.4	0.0098	0.8047	82.3324	-1139.922379	
Sotub01g032960.1.1	Sotub03g013690.1.1	2.6226	309.7	872.3	0.1004	0.2611	2.6009	-2652.740587	
Sotub01g033020.1.1	Sotub10g009850.1.1	0.4882	256.9	673.1	0.1528	0.0643	0.4207	-1674.282203	
Sotub01g033030.1.1	Sotub05g022560.1.1	0.8698	315.1	1010.9	0.0892	0.0846	0.9488	-2547.659956
Sotub01g033140.1.1	Sotub03g013560.1.1	2.3096	121.5	379.5	0.0474	0.1311	2.7657	-1006.899599	
Sotub01g033140.1.1	Sotub12g024310.1.1	1.7638	123.9	380.1	0.0721	0.1411	1.9581	-1029.243049	
Sotub01g033250.1.1	Sotub03g013410.1.1	27.2760	198.1	590.9	0.0194	0.6651	34.2303	-2003.746748	
Sotub01g033330.1.1	Sotub03g013370.1.1	1.7480	183.9	689.1	0.1124	0.2187	1.9464	-1895.513527	
Sotub01g033370.1.1	Sotub03g013340.1.1	3.2099	274.9	949.1	0.1578	0.4867	3.0836	-2959.620036	
Sotub01g033430.1.1	Sotub03g013310.1.1	2.4178	295.3	1030.7	0.0708	0.2054	2.9026	-2862.380288	
Sotub01g035800.1.1	Sotub01g021720.1.1	2.4854	417.7	1139.3	0.0493	0.1341	2.7224	-3236.586126	
Sotub01g035860.1.1	Sotub01g021780.1.1	3.2793	86.3	285.7	0.1211	0.4074	3.3647	-870.806479	
Sotub01g038180.1.1	Sotub01g023840.1.1	1.7761	148.3	430.7	0.0096	0.0216	2.2494	-1024.732568	
Sotub01g038370.1.1	Sotub01g023630.1.1	2.5032	256.2	901.8	0.1354	0.3459	2.5541	-2668.276710	
Sotub01g038400.1.1	Sotub01g023600.1.1	5.9322	312.3	998.7	0.1088	0.6701	6.1574	-3263.689570	
Sotub01g038410.1.1	Sotub01g023570.1.1	3.1119	148.1	490.9	0.0550	0.2083	3.7861	-1393.804656	
Sotub01g038580.1.1	Sotub01g023500.1.1	20.0641	192.3	638.7	0.0217	0.5841	26.9621	-2056.333485	
Sotub01g038630.1.1	Sotub01g023410.1.1	11.7206	223.6	706.4	0.0168	0.2599	15.4261	-2076.617583	
Sotub01g038740.1.1	Sotub01g023400.1.1	50.0000	193.6	742.4	0.0045	0.3529	79.2093	-2207.076155	
Sotub01g038780.1.1	Sotub01g023380.1.1	2.1720	258.3	875.7	0.0837	0.2072	2.4759	-2443.723423	
Sotub01g044850.1.1	Sotub02g011570.1.1	2.2033	155.7	546.3	0.1383	0.3083	2.2293	-1570.101795	
Sotub01g044850.1.1	Sotub02g011570.1.1	2.2033	155.7	546.3	0.1383	0.3083	2.2293	-1570.101795	
Sotub01g044850.1.1	Sotub12g026760.1.1	2.9887	201.3	716.7	0.0923	0.3157	3.4189	-2035.302904	
Sotub01g044860.1.1	Sotub10g016740.1.1	1.1622	146.0	403.0	0.2263	0.2029	0.8966	-1114.062731	
Sotub01g044860.1.1	Sotub10g016740.1.1	1.1622	146.0	403.0	0.2263	0.2029	0.8966	-1114.062731	
Sotub01g044870.1.1	Sotub02g031480.1.1	2.8222	306.8	1040.2	0.0717	0.2383	3.3219	-2966.673356	
Sotub01g044880.1.1	Sotub02g031520.1.1	4.4698	217.7	790.3	0.0423	0.2532	5.9786	-2256.267681	
Sotub01g044880.1.1	Sotub07g014980.1.1	50.0000	238.1	739.9	0.0090	0.6025	66.5907	-2438.686769	
Sotub01g044880.1.1	Sotub12g026780.1.1	3.5627	90.0	357.0	0.0408	0.2073	5.0753	-963.875576	
Sotub01g044880.1.1	Sotub12g026780.1.1	3.5627	90.0	357.0	0.0408	0.2073	5.0753	-963.875576	
Sotub01g044890.1.1	Sotub12g026840.1.1	6.1558	295.4	841.6	0.0693	0.4570	6.5955	-2727.845334	
Sotub01g044890.1.1	Sotub12g026840.1.1	6.1558	295.4	841.6	0.0693	0.4570	6.5955	-2727.845334	
Sotub01g044920.1.1	Sotub06g007010.1.1	1.4549	117.4	377.6	0.4626	0.3802	0.8219	-1135.798717	
Sotub01g044960.1.1	Sotub02g011660.1.1	5.2189	197.4	678.6	0.0449	0.3004	6.6880	-2014.994070	
Sotub01g044960.1.1	Sotub02g011660.1.1	5.2189	197.4	678.6	0.0449	0.3004	6.6880	-2014.994070	
Sotub01g044960.1.1	Sotub02g031580.1.1	17.0813	192.6	683.4	0.0121	0.2996	24.8340	-2013.069203	
Sotub01g045010.1.1	Sotub02g011670.1.1	50.0000	169.8	505.2	0.0041	0.2715	65.4456	-1545.532141	
Sotub01g045010.1.1	Sotub02g011670.1.1	50.0000	169.8	505.2	0.0041	0.2715	65.4456	-1545.532141	
Sotub01g045010.1.1	Sotub02g031610.1.1	5.1732	169.5	505.5	0.0428	0.2608	6.0881	-1531.113188	
Sotub01g045020.1.1	Sotub12g026870.1.1	3.2413	413.8	1389.2	0.0323	0.1371	4.2478	-3706.343186	
Sotub01g045020.1.1	Sotub12g026870.1.1	3.2413	413.8	1389.2	0.0323	0.1371	4.2478	-3706.343186	
Sotub01g045060.1.1	Sotub02g031720.1.1	4.5413	130.8	424.2	0.0101	0.0630	6.2177	-1047.982615	
Sotub01g045060.1.1	Sotub10g016810.1.1	0.6323	125.0	430.0	0.0556	0.0437	0.7857	-979.557551	
Sotub01g045060.1.1	Sotub10g016810.1.1	0.6323	125.0	430.0	0.0556	0.0437	0.7857	-979.557551	
Sotub01g045080.1.1	Sotub10g016820.1.1	1.1130	437.4	1470.6	0.4032	0.2770	0.6870	-4130.853536	
Sotub01g045080.1.1	Sotub10g016820.1.1	1.1130	437.4	1470.6	0.4032	0.2770	0.6870	-4130.853536	
Sotub01g045160.1.1	Sotub02g031840.1.1	50.0000	121.7	484.3	0.0111	0.8836	79.4949	-1563.064557
Sotub01g045160.1.1	Sotub02g032880.1.1	50.0000	226.9	829.1	0.0112	0.8334	74.5268	-2739.729375	
Sotub01g045160.1.1	Sotub06g007310.1.1	32.2515	165.8	596.2	0.0167	0.7797	46.5927	-1951.057130	
Sotub01g045160.1.1	Sotub07g015020.1.1	8.5133	215.7	816.3	0.0649	0.7075	10.8995	-2615.216225	
Sotub01g045160.1.1	Sotub07g016060.1.1	50.0000	225.2	797.8	0.0110	0.8017	72.8595	-2636.898488	
Sotub01g045160.1.1	Sotub12g026900.1.1	50.0000	226.6	832.4	0.0113	0.8479	74.7780	-2732.621616	
Sotub01g045160.1.1	Sotub12g026900.1.1	50.0000	226.6	832.4	0.0113	0.8479	74.7780	-2732.621616	
Sotub01g045170.1.1	Sotub10g016850.1.1	0.7441	376.9	1165.1	0.3302	0.1658	0.5022	-3084.248594	
Sotub01g045170.1.1	Sotub10g016850.1.1	0.7441	376.9	1165.1	0.3302	0.1658	0.5022	-3084.248594	
Sotub01g045240.1.1	Sotub10g016870.1.1	0.9211	228.4	725.6	0.2057	0.1595	0.7756	-1936.717978	
Sotub01g045240.1.1	Sotub10g016870.1.1	0.9211	228.4	725.6	0.2057	0.1595	0.7756	-1936.717978	
Sotub01g045270.1.1	Sotub10g016890.1.1	1.1946	131.6	435.4	0.5153	0.3268	0.6342	-1263.333519	
Sotub01g045270.1.1	Sotub10g016890.1.1	1.1946	131.6	435.4	0.5153	0.3268	0.6342	-1263.333519	
Sotub01g045280.1.1	Sotub10g016900.1.1	0.5868	189.0	609.0	0.2400	0.1118	0.4657	-1506.937948	
Sotub01g045280.1.1	Sotub10g016900.1.1	0.5868	189.0	609.0	0.2400	0.1118	0.4657	-1506.937948	
Sotub01g045290.1.1	Sotub02g032130.1.1	3.0970	98.0	349.0	0.3152	0.6993	2.2185	-1120.125329	
Sotub01g045360.1.1	Sotub02g011740.1.1	11.8942	235.4	922.6	0.0612	0.9624	15.7304	-3006.447942	
Sotub01g045360.1.1	Sotub02g032750.1.1	50.0000	239.9	921.1	0.0149	1.1369	76.2792	-3047.757103	
Sotub01g045360.1.1	Sotub07g015450.1.1	22.5222	215.0	916.0	0.0280	0.9880	35.2852	-2917.351145	
Sotub01g045370.1.1	Sotub02g011720.1.1	29.7109	103.2	364.8	0.0086	0.3740	43.5917	-1079.872043	
Sotub01g045380.1.1	Sotub10g016920.1.1	1.4973	126.4	422.6	0.2049	0.2636	1.2866	-1229.555072	
Sotub01g045450.1.1	Sotub02g011800.1.1	50.0000	195.0	678.0	0.0113	0.8118	71.7980	-2219.806261	
Sotub01g045470.1.1	Sotub02g032460.1.1	3.4233	223.3	838.7	0.1340	0.4838	3.6101	-2534.906890	
Sotub01g045490.1.1	Sotub02g032400.1.1	2.9247	224.5	720.5	0.0897	0.2857	3.1862	-2149.545368	
Sotub01g045510.1.1	Sotub02g032390.1.1	1.6033	94.0	389.0	0.0638	0.1385	2.1722	-961.799095	
Sotub01g045740.1.1	Sotub02g032250.1.1	2.2491	244.7	772.3	0.0989	0.2350	2.3747	-2224.389469	
Sotub01g045920.1.1	Sotub02g012030.1.1	11.5585	97.5	337.5	0.0284	0.4446	15.6450	-1040.553905	
Sotub01g046210.1.1	Sotub05g025250.1.1	10.9547	249.5	806.5	0.0686	0.8680	12.6511	-2746.698806	
Sotub01g046230.1.1	Sotub05g025390.1.1	6.7672	173.8	651.2	0.1086	0.8263	7.6101	-2095.181019	
Sotub01g046410.1.1	Sotub02g032840.1.1	4.2524	162.6	545.4	0.0662	0.3344	5.0511	-1618.983247	
Sotub01g046420.1.1	Sotub02g032850.1.1	3.8735	259.2	934.8	0.0639	0.3089	4.8330	-2728.028265	
Sotub01g046490.1.1	Sotub02g012160.1.1	2.2358	148.1	409.9	0.0877	0.1982	2.2600	-1199.766150	
Sotub01g046580.1.1	Sotub02g012280.1.1	2.7007	279.9	935.1	0.1708	0.4249	2.4882	-2888.436939	
Sotub01g046580.1.1	Sotub02g032990.1.1	3.2579	288.7	941.3	0.1106	0.3761	3.4006	-2895.716176	
Sotub01g046670.1.1	Sotub02g012380.1.1	2.3936	136.2	475.8	0.2122	0.4369	2.0587	-1462.896458	
Sotub01g046670.1.1	Sotub02g033080.1.1	3.4511	127.7	481.3	0.0990	0.3953	3.9948	-1446.787409	
Sotub01g046910.1.1	Sotub02g010440.1.1	3.9931	210.2	860.8	0.0646	0.3465	5.3629	-2493.011580	
Sotub01g046910.1.1	Sotub02g028520.1.1	3.5574	216.1	833.9	0.0983	0.4105	4.1777	-2510.970224	
Sotub01g047030.1.1	Sotub02g028390.1.1	9.2006	122.5	318.5	0.0229	0.2384	10.4242	-964.048030	
Sotub01g047090.1.1	Sotub02g028330.1.1	2.6085	163.9	487.1	0.1601	0.3748	2.3403	-1528.088113	
Sotub01g047280.1.1	Sotub12g027400.1.1	50.0000	113.1	375.9	0.0201	1.3556	67.5448	-1283.400049	
Sotub01g047570.1.1	Sotub10g018100.1.1	1.0515	91.9	400.1	0.2794	0.2365	0.8467	-1038.948719	
Sotub01g047620.1.1	Sotub10g018090.1.1	0.8795	429.9	1538.1	0.1780	0.1460	0.8198	-3939.860080	
Sotub01g047700.1.1	Sotub10g018080.1.1	0.9556	278.6	783.4	0.2488	0.1778	0.7144	-2197.795330	
Sotub01g047720.1.1	Sotub10g018070.1.1	0.6858	285.4	893.6	0.1323	0.0883	0.6678	-2220.712293	
Sotub01g048880.1.1	Sotub10g017290.1.1	1.5733	114.2	542.8	0.1818	0.2942	1.6183	-1455.629455	
Sotub01g048910.1.1	Sotub10g017330.1.1	0.7355	1093.1	3391.9	0.1119	0.0836	0.7466	-8506.545921	
Sotub01g048930.1.1	Sotub10g017340.1.1	1.2214	122.8	393.2	0.1201	0.1484	1.2358	-1051.755274	
Sotub01g048970.1.1	Sotub10g017350.1.1	0.4921	135.2	455.8	0.0354	0.0227	0.6404	-1001.485416	
Sotub01g048980.1.1	Sotub10g017540.1.1	50.0000	220.4	841.6	0.0106	0.8199	77.1643	-2725.430799	
Sotub01g049780.1.1	Sotub01g040930.1.1	50.0000	205.1	640.9	0.0136	0.8983	65.9397	-2181.197133	
Sotub01g049890.1.1	Sotub01g041050.1.1	5.4792	233.1	822.9	0.1434	0.7876	5.4937	-2718.919255	
Sotub02g008230.1.1	Sotub02g016170.1.1	50.0000	132.3	608.7	0.0090	0.8033	89.6448	-1854.654723	
Sotub02g008310.1.1	Sotub02g016340.1.1	16.3942	185.8	651.2	0.0343	0.7540	21.9714	-2104.504125	
Sotub02g009410.1.1	Sotub04g035960.1.1	50.0000	240.1	821.9	0.0052	0.3784	72.4090	-2522.643467	
Sotub02g009410.1.1	Sotub11g005400.1.1	50.0000	251.7	804.3	0.0116	0.7790	67.4246	-2729.918829	
Sotub02g009460.1.1	Sotub04g035880.1.1	3.9092	228.8	686.2	0.1038	0.4125	3.9738	-2152.645583	
Sotub02g009460.1.1	Sotub12g027870.1.1	3.1463	225.4	710.6	0.1193	0.3776	3.1644	-2176.844802	
Sotub02g009490.1.1	Sotub01g049520.1.1	3.0104	331.5	865.5	0.0824	0.2458	2.9820	-2641.200886	
Sotub02g009520.1.1	Sotub11g005530.1.1	50.0000	123.5	560.5	0.0090	0.7989	88.6828	-1744.476174	
Sotub02g009550.1.1	Sotub12g027650.1.1	6.4694	258.1	830.9	0.0424	0.3392	8.0072	-2540.947752	
Sotub02g009590.1.1	Sotub01g017760.1.1	7.2864	141.6	671.4	0.1439	1.1927	8.2900	-2096.496296
Sotub02g009690.1.1	Sotub02g005280.1.1	3.8661	195.8	731.2	0.1264	0.5240	4.1446	-2235.129586	
Sotub02g009710.1.1	Sotub01g048690.1.1	2.5332	430.4	1438.6	0.0903	0.2542	2.8167	-4171.773796	
Sotub02g009750.1.1	Sotub01g048840.1.1	2.8757	266.3	792.7	0.0763	0.2371	3.1063	-2333.959826	
Sotub02g009790.1.1	Sotub01g017620.1.1	50.0000	280.1	979.9	0.0109	0.7844	72.2297	-3200.612415	
Sotub02g009800.1.1	Sotub01g048970.1.1	1.2391	142.8	448.2	0.0359	0.0552	1.5364	-1093.613958	
Sotub02g009800.1.1	Sotub10g017350.1.1	1.3669	140.9	450.1	0.0393	0.0667	1.6982	-1121.830115	
Sotub02g009820.1.1	Sotub04g035120.1.1	3.2346	300.5	1034.5	0.0851	0.3153	3.7045	-3076.040111	
Sotub02g009950.1.1	Sotub02g005200.1.1	50.0000	136.4	421.6	0.0333	2.0607	61.8269	-1439.794360	
Sotub02g009990.1.1	Sotub01g047830.1.1	2.7176	370.7	1363.3	0.1504	0.4102	2.7285	-4137.553295	
Sotub02g009990.1.1	Sotub01g047830.1.1	2.7176	370.7	1363.3	0.1504	0.4102	2.7285	-4137.553295	
Sotub02g010010.1.1	Sotub01g047810.1.1	1.2595	272.6	789.4	0.0282	0.0426	1.5123	-1961.488649	
Sotub02g010010.1.1	Sotub01g047810.1.1	1.2595	272.6	789.4	0.0282	0.0426	1.5123	-1961.488649	
Sotub02g010010.1.1	Sotub10g017770.1.1	1.6475	172.5	481.5	0.0732	0.1266	1.7289	-1333.156561	
Sotub02g010040.1.1	Sotub01g047740.1.1	3.1150	164.6	549.4	0.2037	0.5462	2.6810	-1769.843281	
Sotub02g010040.1.1	Sotub01g047740.1.1	3.1150	164.6	549.4	0.2037	0.5462	2.6810	-1769.843281	
Sotub02g010050.1.1	Sotub01g047570.1.1	2.7638	95.7	438.3	0.1169	0.3912	3.3479	-1237.598467	
Sotub02g010240.1.1	Sotub01g047460.1.1	44.8786	283.1	1024.9	0.0108	0.7176	66.5081	-3305.904026	
Sotub02g011070.1.1	Sotub08g025840.1.1	37.5414	218.3	774.7	0.0174	0.9326	53.6200	-2595.563369	
Sotub02g011180.1.1	Sotub04g028760.1.1	2.0489	164.0	715.0	0.1818	0.3713	2.0418	-2018.490583	
Sotub02g011290.1.1	Sotub08g025460.1.1	9.6623	293.7	969.3	0.0382	0.4700	12.3002	-3068.098990	
Sotub02g011570.1.1	Sotub01g044850.1.1	2.2033	155.7	546.3	0.1383	0.3083	2.2293	-1570.101795	
Sotub02g011660.1.1	Sotub01g044960.1.1	5.2189	197.4	678.6	0.0449	0.3004	6.6880	-2014.994070	
Sotub02g011670.1.1	Sotub01g045010.1.1	50.0000	169.8	505.2	0.0041	0.2715	65.4456	-1545.532141	
Sotub02g013020.1.1	Sotub05g010090.1.1	22.3866	150.7	398.3	0.0112	0.2963	26.3949	-1247.985800	
Sotub02g013050.1.1	Sotub05g010070.1.1	3.5808	243.9	824.1	0.0534	0.2365	4.4283	-2334.262220	
Sotub02g013070.1.1	Sotub05g009960.1.1	6.4270	145.4	535.6	0.0430	0.3722	8.6640	-1588.080550	
Sotub02g013270.1.1	Sotub05g011130.1.1	4.4375	180.2	503.8	0.0664	0.3144	4.7351	-1548.482802	
Sotub02g013290.1.1	Sotub01g017790.1.1	2.6322	102.7	470.3	0.2106	0.5249	2.4924	-1369.661297	
Sotub02g013290.1.1	Sotub05g011150.1.1	2.6249	107.0	511.0	0.2279	0.5514	2.4197	-1478.206778	
Sotub02g013310.1.1	Sotub05g011270.1.1	5.3447	179.0	688.0	0.0781	0.5184	6.6353	-2089.000917	
Sotub02g013330.1.1	Sotub01g017610.1.1	3.5287	269.2	930.8	0.0955	0.3764	3.9426	-2831.781881	
Sotub02g013340.1.1	Sotub01g017570.1.1	1.8075	206.7	621.3	0.0703	0.1400	1.9925	-1712.448359	
Sotub02g013350.1.1	Sotub01g017560.1.1	3.9896	180.2	635.8	0.0269	0.1479	5.5000	-1668.753600	
Sotub02g013380.1.1	Sotub05g011590.1.1	2.2631	141.3	521.7	0.1268	0.3057	2.4114	-1496.921952	
Sotub02g013430.1.1	Sotub04g026250.1.1	50.0000	180.6	767.4	0.0087	0.7307	84.3974	-2402.050010	
Sotub02g013430.1.1	Sotub04g026250.1.1	50.0000	180.6	767.4	0.0087	0.7307	84.3974	-2402.050010	
Sotub02g013430.1.1	Sotub05g011860.1.1	50.0000	170.6	765.4	0.0042	0.3808	89.7259	-2217.156735	
Sotub02g013440.1.1	Sotub05g011890.1.1	2.4604	112.9	361.1	0.0930	0.2468	2.6533	-1052.643190	
Sotub02g013650.1.1	Sotub03g027450.1.1	2.1645	64.5	238.5	0.0646	0.1768	2.7374	-622.340360	
Sotub02g013650.1.1	Sotub05g012800.1.1	4.9094	73.6	229.4	0.0181	0.1156	6.3776	-592.561798	
Sotub02g013790.1.1	Sotub05g013130.1.1	2.0049	180.1	590.9	0.1765	0.3197	1.8116	-1757.159592	
Sotub02g013820.1.1	Sotub05g013350.1.1	50.0000	203.3	786.7	0.0116	0.9031	77.6534	-2558.839097	
Sotub02g014070.1.1	Sotub03g005320.1.1	0.7024	151.8	478.2	0.3411	0.1598	0.4684	-1251.869379	
Sotub02g014070.1.1	Sotub05g015420.1.1	1.7157	331.0	1112.0	0.0856	0.1657	1.9366	-3010.817541	
Sotub02g014070.1.1	Sotub05g015420.1.1	1.7157	331.0	1112.0	0.0856	0.1657	1.9366	-3010.817541	
Sotub02g014110.1.1	Sotub03g024040.1.1	2.5324	91.7	295.3	0.1174	0.3035	2.5862	-869.086977	
Sotub02g014140.1.1	Sotub03g005240.1.1	1.0971	303.4	869.6	0.1527	0.1501	0.9834	-2385.923826	
Sotub02g014170.1.1	Sotub03g023850.1.1	2.7127	346.6	1192.4	0.1125	0.3256	2.8950	-3531.477279	
Sotub02g015150.1.1	Sotub02g006170.1.1	3.2103	122.8	420.2	0.2338	0.6147	2.6288	-1335.568273	
Sotub02g015190.1.1	Sotub02g006180.1.1	6.0495	90.0	378.0	0.0522	0.4487	8.6024	-1069.646612	
Sotub02g015380.1.1	Sotub02g006200.1.1	1.3815	170.7	549.3	0.1064	0.1540	1.4468	-1498.356934	
Sotub02g015490.1.1	Sotub02g006220.1.1	2.1315	93.0	369.0	0.0500	0.1473	2.9441	-937.306259	
Sotub02g015850.1.1	Sotub02g007880.1.1	0.7279	407.0	1216.0	0.2177	0.1276	0.5863	-3169.496556	
Sotub02g015860.1.1	Sotub02g007860.1.1	0.7399	545.4	1659.6	0.1788	0.1155	0.6458	-4264.561595	
Sotub02g015870.1.1	Sotub02g007840.1.1	1.2560	185.3	573.7	0.1117	0.1423	1.2743	-1568.759522	
Sotub02g016220.1.1	Sotub02g007580.1.1	0.8144	209.0	742.0	0.1429	0.1171	0.8195	-1868.363026	
Sotub02g016270.1.1	Sotub02g007630.1.1	2.0616	239.9	762.1	0.3433	0.4714	1.3729	-2382.047073	
Sotub02g016280.1.1	Sotub02g007670.1.1	2.1903	87.3	293.7	0.1129	0.2606	2.3091	-849.128452	
Sotub02g018290.1.1	Sotub01g030340.1.1	4.8786	197.6	636.4	0.2108	0.8616	4.0881	-2159.944839	
Sotub02g018720.1.1	Sotub10g008360.1.1	2.0752	538.1	1912.9	0.0537	0.1421	2.6455	-5072.080439	
Sotub02g019290.1.1	Sotub11g017370.1.1	15.4905	276.1	1031.9	0.0377	0.8083	21.4427	-3319.550453	
Sotub02g019390.1.1	Sotub12g006890.1.1	2.9628	164.4	576.6	0.1001	0.3298	3.2951	-1707.616566	
Sotub02g019700.1.1	Sotub11g017460.1.1	3.8217	80.0	241.0	0.0721	0.3029	4.2003	-721.322952	
Sotub02g019710.1.1	Sotub11g017470.1.1	50.0000	87.2	311.8	0.0075	0.5604	74.2859	-954.989818	
Sotub02g022150.1.1	Sotub07g020210.1.1	3.0034	331.2	1090.8	0.0707	0.2464	3.4864	-3148.722123	
Sotub02g022220.1.1	Sotub07g020330.1.1	3.7036	184.5	574.5	0.0478	0.2115	4.4198	-1661.332037	
Sotub02g022260.1.1	Sotub07g020470.1.1	3.0959	138.4	593.6	0.1042	0.3930	3.7730	-1724.352954	
Sotub02g022380.1.1	Sotub07g020560.1.1	3.3012	138.7	452.3	0.0644	0.2497	3.8757	-1318.398875	
Sotub02g023430.1.1	Sotub10g006310.1.1	0.7855	88.5	304.5	0.4768	0.2099	0.4403	-792.267878	
Sotub02g023450.1.1	Sotub10g006320.1.1	1.0130	230.5	786.5	0.0778	0.0915	1.1773	-1939.804981	
Sotub02g023460.1.1	Sotub10g006340.1.1	1.4430	123.2	374.8	0.1753	0.2222	1.2679	-1066.760935	
Sotub02g023550.1.1	Sotub10g006530.1.1	0.8969	205.3	577.7	0.1754	0.1339	0.7635	-1572.397543	
Sotub02g023600.1.1	Sotub10g006520.1.1	0.6616	232.5	832.5	0.1233	0.0864	0.7007	-1987.934430	
Sotub02g023650.1.1	Sotub02g008780.1.1	2.6399	364.4	1048.6	0.0721	0.2036	2.8262	-3033.033240	
Sotub02g023700.1.1	Sotub02g008720.1.1	0.8169	177.9	527.1	0.2306	0.1478	0.6411	-1407.025840	
Sotub02g023700.1.1	Sotub02g008720.1.1	0.8169	177.9	527.1	0.2306	0.1478	0.6411	-1407.025840	
Sotub02g023810.1.1	Sotub02g008660.1.1	0.6654	334.7	994.3	0.0818	0.0579	0.7086	-2437.493640	
Sotub02g023810.1.1	Sotub02g008660.1.1	0.6654	334.7	994.3	0.0818	0.0579	0.7086	-2437.493640	
Sotub02g024000.1.1	Sotub02g008620.1.1	0.8995	169.1	490.9	0.2051	0.1504	0.7333	-1327.891950	
Sotub02g024000.1.1	Sotub02g008620.1.1	0.8995	169.1	490.9	0.2051	0.1504	0.7333	-1327.891950	
Sotub02g024010.1.1	Sotub02g008610.1.1	0.5627	369.8	1094.2	0.1344	0.0714	0.5313	-2682.974589	
Sotub02g024010.1.1	Sotub02g008610.1.1	0.5627	369.8	1094.2	0.1344	0.0714	0.5313	-2682.974589	
Sotub02g024020.1.1	Sotub02g008600.1.1	1.2458	304.8	889.2	0.2393	0.2293	0.9578	-2559.498896	
Sotub02g024020.1.1	Sotub02g008600.1.1	1.2458	304.8	889.2	0.2393	0.2293	0.9578	-2559.498896	
Sotub02g024080.1.1	Sotub01g017830.1.1	22.1655	132.3	485.7	0.0202	0.6499	32.1352	-1545.590693	
Sotub02g024100.1.1	Sotub02g008390.1.1	0.8749	229.9	691.1	0.3669	0.2038	0.5556	-1923.311125	
Sotub02g024150.1.1	Sotub02g008380.1.1	0.7095	523.3	1453.7	0.1905	0.1113	0.5843	-3809.543328	
Sotub02g024300.1.1	Sotub02g008310.1.1	0.8649	173.7	666.3	0.0617	0.0696	1.1274	-1555.316367	
Sotub02g024300.1.1	Sotub02g008310.1.1	0.8649	173.7	666.3	0.0617	0.0696	1.1274	-1555.316367	
Sotub02g024300.1.1	Sotub02g016340.1.1	18.0350	179.8	660.2	0.0304	0.7683	25.2597	-2105.341706	
Sotub02g024310.1.1	Sotub02g008300.1.1	0.5870	448.3	1444.7	0.1339	0.0773	0.5771	-3431.437655	
Sotub02g024310.1.1	Sotub02g008300.1.1	0.5870	448.3	1444.7	0.1339	0.0773	0.5771	-3431.437655	
Sotub02g024340.1.1	Sotub02g016310.1.1	3.2443	120.1	464.9	0.0871	0.3430	3.9385	-1344.523927	
Sotub02g024370.1.1	Sotub02g008270.1.1	0.7416	228.6	800.4	0.2375	0.1443	0.6076	-2049.864132	
Sotub02g024380.1.1	Sotub02g008230.1.1	2.0451	129.9	605.1	0.2647	0.4573	1.7276	-1725.880970	
Sotub02g024380.1.1	Sotub02g008230.1.1	2.0451	129.9	605.1	0.2647	0.4573	1.7276	-1725.880970	
Sotub02g024380.1.1	Sotub02g016170.1.1	50.0000	137.6	579.4	0.0081	0.6810	83.9605	-1770.658761	
Sotub02g024400.1.1	Sotub10g006120.1.1	36.2421	245.9	801.1	0.0196	0.9492	48.3475	-2729.507146	
Sotub02g024460.1.1	Sotub02g008160.1.1	50.0000	394.3	1210.7	0.0067	0.4479	66.4588	-3911.786018	
Sotub02g024460.1.1	Sotub07g016720.1.1	50.0000	377.2	1191.8	0.0062	0.4224	67.9880	-3786.507350	
Sotub02g024490.1.1	Sotub02g008210.1.1	0.5602	152.4	432.6	0.0901	0.0514	0.5708	-1044.002756	
Sotub02g024500.1.1	Sotub07g016680.1.1	3.8067	344.6	1080.4	0.0506	0.2292	4.5284	-3132.853907	
Sotub02g024550.1.1	Sotub02g008200.1.1	1.2931	348.0	1194.0	0.4024	0.3228	0.8023	-3445.815196	
Sotub02g024550.1.1	Sotub02g008200.1.1	1.2931	348.0	1194.0	0.4024	0.3228	0.8023	-3445.815196	
Sotub02g024560.1.1	Sotub02g008180.1.1	1.5626	167.4	519.6	0.1451	0.2138	1.4737	-1485.972728	
Sotub02g024560.1.1	Sotub02g008180.1.1	1.5626	167.4	519.6	0.1451	0.2138	1.4737	-1485.972728	
Sotub02g024920.1.1	Sotub02g005940.1.1	3.4002	240.3	770.7	0.1115	0.3915	3.5132	-2362.595409	
Sotub02g024940.1.1	Sotub02g005920.1.1	0.6117	300.7	752.3	0.2221	0.1019	0.4589	-1986.857148	
Sotub02g024960.1.1	Sotub02g005830.1.1	0.6206	302.4	1011.6	0.1959	0.1064	0.5430	-2512.441655	
Sotub02g025210.1.1	Sotub02g012190.1.1	24.5238	255.2	920.8	0.0153	0.5461	35.6961	-2890.387308	
Sotub02g025400.1.1	Sotub02g011910.1.1	6.7408	313.2	1057.8	0.1109	0.7935	7.1556	-3486.810051	
Sotub02g025520.1.1	Sotub02g011740.1.1	37.2014	299.1	1029.9	0.0131	0.6921	52.7140	-3352.620759	
Sotub02g025630.1.1	Sotub04g036300.1.1	50.0000	208.4	589.6	0.0029	0.1813	63.2955	-1728.745110	
Sotub02g025740.1.1	Sotub02g007230.1.1	0.9098	152.5	534.5	0.1630	0.1417	0.8695	-1384.461247	
Sotub02g025740.1.1	Sotub02g007230.1.1	0.9098	152.5	534.5	0.1630	0.1417	0.8695	-1384.461247	
Sotub02g025770.1.1	Sotub04g036180.1.1	1.9224	536.9	1452.1	0.1089	0.1996	1.8340	-4294.079280	
Sotub02g025780.1.1	Sotub04g036170.1.1	50.0000	131.8	315.2	0.0056	0.3111	55.7630	-1047.542429	
Sotub02g025790.1.1	Sotub02g007200.1.1	0.6207	318.2	902.8	0.1367	0.0782	0.5721	-2267.642019	
Sotub02g025790.1.1	Sotub02g007200.1.1	0.6207	318.2	902.8	0.1367	0.0782	0.5721	-2267.642019	
Sotub02g025830.1.1	Sotub04g036100.1.1	2.0616	127.3	370.7	0.0891	0.1903	2.1349	-1043.312040	
Sotub02g025840.1.1	Sotub04g036090.1.1	2.9088	357.3	1148.7	0.0877	0.2797	3.1878	-3395.873000	
Sotub02g025870.1.1	Sotub02g007190.1.1	0.6693	249.6	761.4	0.1559	0.0955	0.6124	-1937.523068	
Sotub02g025870.1.1	Sotub02g007190.1.1	0.6693	249.6	761.4	0.1559	0.0955	0.6124	-1937.523068	
Sotub02g025870.1.1	Sotub04g036080.1.1	7.4229	253.0	755.0	0.0267	0.2436	9.1320	-2251.867700	
Sotub02g025930.1.1	Sotub02g009330.1.1	1.0341	195.9	650.1	0.2025	0.1803	0.8902	-1725.448768	
Sotub02g025930.1.1	Sotub02g009330.1.1	1.0341	195.9	650.1	0.2025	0.1803	0.8902	-1725.448768	
Sotub02g025960.1.1	Sotub02g009350.1.1	0.6507	349.9	1078.1	0.2109	0.1132	0.5366	-2714.992895
Sotub02g025970.1.1	Sotub02g009370.1.1	0.5823	295.2	964.8	0.1334	0.0770	0.5769	-2324.281023	
Sotub02g025970.1.1	Sotub02g009370.1.1	0.5823	295.2	964.8	0.1334	0.0770	0.5769	-2324.281023	
Sotub02g026080.1.1	Sotub02g009390.1.1	0.8893	135.2	374.8	0.4507	0.2240	0.4971	-1063.046204	
Sotub02g026080.1.1	Sotub02g009390.1.1	0.8893	135.2	374.8	0.4507	0.2240	0.4971	-1063.046204	
Sotub02g026130.1.1	Sotub02g009420.1.1	0.5253	82.1	262.9	0.1730	0.0819	0.4735	-633.088224	
Sotub02g026140.1.1	Sotub04g035910.1.1	1.7165	312.0	1155.0	0.0299	0.0724	2.4224	-2838.712513	
Sotub02g026140.1.1	Sotub04g035910.1.1	1.7165	312.0	1155.0	0.0299	0.0724	2.4224	-2838.712513	
Sotub02g026140.1.1	Sotub12g027890.1.1	2.4669	302.8	1164.2	0.0458	0.1552	3.3874	-3097.494871	
Sotub02g026150.1.1	Sotub02g009450.1.1	0.9817	331.3	916.7	0.2663	0.1890	0.7096	-2601.661325	
Sotub02g026170.1.1	Sotub02g009460.1.1	1.4871	218.9	717.1	0.2009	0.2568	1.2784	-2052.472921	
Sotub02g026170.1.1	Sotub02g009460.1.1	1.4871	218.9	717.1	0.2009	0.2568	1.2784	-2052.472921	
Sotub02g026170.1.1	Sotub04g035880.1.1	3.4568	236.1	720.9	0.0944	0.3423	3.6250	-2223.982121	
Sotub02g026170.1.1	Sotub04g035880.1.1	3.4568	236.1	720.9	0.0944	0.3423	3.6250	-2223.982121	
Sotub02g026170.1.1	Sotub12g027870.1.1	2.7292	235.1	742.9	0.1193	0.3278	2.7484	-2249.797198	
Sotub02g026280.1.1	Sotub02g009500.1.1	2.2289	158.9	546.1	0.1376	0.3079	2.2378	-1602.093678	
Sotub02g026280.1.1	Sotub02g009500.1.1	2.2289	158.9	546.1	0.1376	0.3079	2.2378	-1602.093678	
Sotub02g026330.1.1	Sotub11g005500.1.1	50.0000	284.5	978.5	0.0157	1.1006	70.1948	-3258.061394	
Sotub02g026340.1.1	Sotub01g049450.1.1	5.0915	155.1	558.9	0.1232	0.6667	5.4098	-1781.717512	
Sotub02g026340.1.1	Sotub01g049450.1.1	5.0915	155.1	558.9	0.1232	0.6667	5.4098	-1781.717512	
Sotub02g026340.1.1	Sotub04g035710.1.1	50.0000	142.4	589.6	0.0088	0.7256	82.6706	-1809.332028	
Sotub02g026340.1.1	Sotub04g035710.1.1	50.0000	142.4	589.6	0.0088	0.7256	82.6706	-1809.332028	
Sotub02g026510.1.1	Sotub02g009540.1.1	0.6677	250.0	755.0	0.3795	0.1582	0.4170	-2002.839111	
Sotub02g026510.1.1	Sotub02g009540.1.1	0.6677	250.0	755.0	0.3795	0.1582	0.4170	-2002.839111	
Sotub02g026520.1.1	Sotub01g049380.1.1	4.7664	211.0	755.0	0.1075	0.5647	5.2543	-2411.545964	
Sotub02g026520.1.1	Sotub01g049380.1.1	4.7664	211.0	755.0	0.1075	0.5647	5.2543	-2411.545964	
Sotub02g026530.1.1	Sotub01g049330.1.1	3.4851	228.3	809.7	0.2631	0.7189	2.7323	-2612.745413	
Sotub02g026560.1.1	Sotub04g035440.1.1	2.2513	142.5	424.5	0.0919	0.2154	2.3435	-1240.566968	
Sotub02g026560.1.1	Sotub04g035440.1.1	2.2513	142.5	424.5	0.0919	0.2154	2.3435	-1240.566968	
Sotub02g026610.1.1	Sotub01g049270.1.1	1.9131	261.4	830.6	0.0944	0.1935	2.0494	-2331.836293	
Sotub02g026610.1.1	Sotub02g009550.1.1	0.6581	267.9	839.1	0.2096	0.1147	0.5472	-2124.462873	
Sotub02g026610.1.1	Sotub12g027650.1.1	3.7162	252.3	836.7	0.0796	0.3369	4.2298	-2529.940195	
Sotub02g026640.1.1	Sotub02g009610.1.1	0.5787	398.5	1266.5	0.1092	0.0653	0.5983	-3013.633838	
Sotub02g026640.1.1	Sotub02g009610.1.1	0.5787	398.5	1266.5	0.1092	0.0653	0.5983	-3013.633838	
Sotub02g026680.1.1	Sotub04g035320.1.1	2.0427	169.5	550.5	0.0598	0.1448	2.4227	-1492.739467	
Sotub02g026680.1.1	Sotub04g035320.1.1	2.0427	169.5	550.5	0.0598	0.1448	2.4227	-1492.739467	
Sotub02g026700.1.1	Sotub01g017740.1.1	5.9918	237.0	825.0	0.1172	0.7450	6.3570	-2744.914752	
Sotub02g026700.1.1	Sotub10g017540.1.1	5.8244	230.4	837.6	0.1652	0.9289	5.6225	-2781.080011	
Sotub02g026700.1.1	Sotub11g005860.1.1	50.0000	149.2	447.8	0.0110	0.7075	64.5554	-1506.786613	
Sotub02g026770.1.1	Sotub04g035250.1.1	5.4875	203.8	720.2	0.0282	0.2128	7.5404	-1987.731812	
Sotub02g026770.1.1	Sotub04g035250.1.1	5.4875	203.8	720.2	0.0282	0.2128	7.5404	-1987.731812	
Sotub02g026770.1.1	Sotub12g027550.1.1	4.1366	209.0	715.0	0.0403	0.2160	5.3576	-2009.243601	
Sotub02g026800.1.1	Sotub01g049070.1.1	5.9875	206.8	564.2	0.0303	0.2080	6.8732	-1683.929904	
Sotub02g026800.1.1	Sotub01g049070.1.1	5.9875	206.8	564.2	0.0303	0.2080	6.8732	-1683.929904	
Sotub02g026800.1.1	Sotub06g012350.1.1	11.7453	212.7	558.3	0.0166	0.2256	13.5976	-1698.489138	
Sotub02g026810.1.1	Sotub02g009830.1.1	1.2054	106.7	367.3	0.1859	0.2023	1.0882	-1004.248627	
Sotub02g026810.1.1	Sotub02g009830.1.1	1.2054	106.7	367.3	0.1859	0.2023	1.0882	-1004.248627	
Sotub02g026850.1.1	Sotub02g009820.1.1	0.7465	294.6	1040.4	0.2051	0.1341	0.6539	-2632.854588	
Sotub02g026850.1.1	Sotub02g009820.1.1	0.7465	294.6	1040.4	0.2051	0.1341	0.6539	-2632.854588	
Sotub02g026850.1.1	Sotub04g035120.1.1	2.4203	301.8	1033.2	0.1100	0.2851	2.5925	-3027.763221	
Sotub02g026850.1.1	Sotub04g035120.1.1	2.4203	301.8	1033.2	0.1100	0.2851	2.5925	-3027.763221	
Sotub02g026860.1.1	Sotub01g049010.1.1	2.6620	95.0	322.0	0.0641	0.2052	3.2001	-909.581194	
Sotub02g026860.1.1	Sotub01g049010.1.1	2.6620	95.0	322.0	0.0641	0.2052	3.2001	-909.581194	
Sotub02g026890.1.1	Sotub01g048970.1.1	1.0687	138.1	452.9	0.0265	0.0372	1.4027	-1064.704208	
Sotub02g026890.1.1	Sotub01g048970.1.1	1.0687	138.1	452.9	0.0265	0.0372	1.4027	-1064.704208	
Sotub02g026890.1.1	Sotub02g009800.1.1	0.3454	152.6	438.4	0.0555	0.0213	0.3847	-974.236605	
Sotub02g026890.1.1	Sotub02g009800.1.1	0.3454	152.6	438.4	0.0555	0.0213	0.3847	-974.236605	
Sotub02g026890.1.1	Sotub10g017350.1.1	1.2241	139.8	451.2	0.0314	0.0491	1.5665	-1093.197955	
Sotub02g026930.1.1	Sotub01g048890.1.1	2.3540	168.2	521.8	0.0303	0.0892	2.9423	-1359.925874	
Sotub02g026930.1.1	Sotub01g048890.1.1	2.3540	168.2	521.8	0.0303	0.0892	2.9423	-1359.925874	
Sotub02g027010.1.1	Sotub01g048840.1.1	3.8753	262.3	796.7	0.0621	0.2725	4.3875	-2379.344420	
Sotub02g027010.1.1	Sotub01g048840.1.1	3.8753	262.3	796.7	0.0621	0.2725	4.3875	-2379.344420	
Sotub02g027010.1.1	Sotub02g009750.1.1	1.0197	275.0	784.0	0.2029	0.1683	0.8292	-2199.035369	
Sotub02g027010.1.1	Sotub02g009750.1.1	1.0197	275.0	784.0	0.2029	0.1683	0.8292	-2199.035369	
Sotub02g027100.1.1	Sotub01g048730.1.1	50.0000	160.6	484.4	0.0053	0.3518	65.8810	-1544.177896	
Sotub02g027100.1.1	Sotub01g048730.1.1	50.0000	160.6	484.4	0.0053	0.3518	65.8810	-1544.177896	
Sotub02g027130.1.1	Sotub06g011960.1.1	50.0000	266.8	942.2	0.0197	1.3942	70.5927	-3169.975607	
Sotub02g027160.1.1	Sotub02g009720.1.1	0.6499	253.8	814.2	0.1043	0.0712	0.6832	-1968.955774	
Sotub02g027160.1.1	Sotub02g009720.1.1	0.6499	253.8	814.2	0.1043	0.0712	0.6832	-1968.955774	
Sotub02g027170.1.1	Sotub01g048690.1.1	3.3569	424.0	1481.0	0.0546	0.2305	4.2223	-4222.513494	
Sotub02g027170.1.1	Sotub01g048690.1.1	3.3569	424.0	1481.0	0.0546	0.2305	4.2223	-4222.513494	
Sotub02g027170.1.1	Sotub02g009710.1.1	0.9355	458.7	1413.3	0.1748	0.1446	0.8272	-3770.033333	
Sotub02g027170.1.1	Sotub02g009710.1.1	0.9355	458.7	1413.3	0.1748	0.1446	0.8272	-3770.033333	
Sotub02g027180.1.1	Sotub02g009690.1.1	3.5148	174.7	728.3	0.1206	0.4860	4.0295	-2144.162239	
Sotub02g027180.1.1	Sotub02g009690.1.1	3.5148	174.7	728.3	0.1206	0.4860	4.0295	-2144.162239	
Sotub02g027320.1.1	Sotub04g034680.1.1	2.3254	334.7	1084.3	0.0986	0.2456	2.4905	-3119.781405	
Sotub02g027470.1.1	Sotub01g047920.1.1	2.8235	173.0	541.0	0.2055	0.4860	2.3646	-1711.589457	
Sotub02g027470.1.1	Sotub01g047920.1.1	2.8235	173.0	541.0	0.2055	0.4860	2.3646	-1711.589457	
Sotub02g027470.1.1	Sotub04g034550.1.1	4.6757	181.3	535.7	0.0765	0.3845	5.0288	-1685.120512	
Sotub02g027520.1.1	Sotub04g034470.1.1	2.5700	135.3	359.7	0.0037	0.0114	3.1039	-845.755728	
Sotub02g027530.1.1	Sotub02g030330.1.1	50.0000	232.8	736.2	0.0096	0.6482	67.3203	-2489.544468	
Sotub02g027530.1.1	Sotub11g013010.1.1	16.0173	194.1	654.9	0.0530	1.0506	19.8044	-2246.203387	
Sotub02g027560.1.1	Sotub01g047830.1.1	2.1006	435.0	1524.0	0.1743	0.3412	1.9579	-4550.365832	
Sotub02g027560.1.1	Sotub01g047830.1.1	2.1006	435.0	1524.0	0.1743	0.3412	1.9579	-4550.365832	
Sotub02g027560.1.1	Sotub01g047830.1.1	2.1006	435.0	1524.0	0.1743	0.3412	1.9579	-4550.365832	
Sotub02g027560.1.1	Sotub02g009990.1.1	1.2504	362.7	1365.3	0.2605	0.2612	1.0025	-3827.353154	
Sotub02g027560.1.1	Sotub02g009990.1.1	1.2504	362.7	1365.3	0.2605	0.2612	1.0025	-3827.353154	
Sotub02g027560.1.1	Sotub02g009990.1.1	1.2504	362.7	1365.3	0.2605	0.2612	1.0025	-3827.353154	
Sotub02g027560.1.1	Sotub02g030270.1.1	50.0000	412.3	1489.7	0.0159	1.1526	72.7180	-5008.933887	
Sotub02g027560.1.1	Sotub04g034440.1.1	2.3121	436.1	1522.9	0.2076	0.4167	2.0069	-4664.361979	
Sotub02g027590.1.1	Sotub01g047820.1.1	7.5738	114.9	395.1	0.0259	0.2666	10.2854	-1136.509884	
Sotub02g027590.1.1	Sotub01g047820.1.1	7.5738	114.9	395.1	0.0259	0.2666	10.2854	-1136.509884	
Sotub02g027590.1.1	Sotub01g047820.1.1	7.5738	114.9	395.1	0.0259	0.2666	10.2854	-1136.509884	
Sotub02g027600.1.1	Sotub01g047810.1.1	1.4331	286.9	775.1	0.0219	0.0365	1.6695	-1958.433977	
Sotub02g027600.1.1	Sotub01g047810.1.1	1.4331	286.9	775.1	0.0219	0.0365	1.6695	-1958.433977	
Sotub02g027600.1.1	Sotub01g047810.1.1	1.4331	286.9	775.1	0.0219	0.0365	1.6695	-1958.433977	
Sotub02g027600.1.1	Sotub02g010010.1.1	0.4881	293.2	768.8	0.1113	0.0508	0.4562	-1883.516639	
Sotub02g027600.1.1	Sotub02g010010.1.1	0.4881	293.2	768.8	0.1113	0.0508	0.4562	-1883.516639	
Sotub02g027600.1.1	Sotub02g010010.1.1	0.4881	293.2	768.8	0.1113	0.0508	0.4562	-1883.516639	
Sotub02g027600.1.1	Sotub10g017770.1.1	2.1352	171.8	482.2	0.0610	0.1412	2.3131	-1359.342687	
Sotub02g027630.1.1	Sotub02g010030.1.1	0.9451	343.4	1177.6	0.3322	0.2167	0.6522	-3164.807877	
Sotub02g027630.1.1	Sotub02g010030.1.1	0.9451	343.4	1177.6	0.3322	0.2167	0.6522	-3164.807877	
Sotub02g027630.1.1	Sotub02g010030.1.1	0.9451	343.4	1177.6	0.3322	0.2167	0.6522	-3164.807877	
Sotub02g027680.1.1	Sotub01g047750.1.1	2.4453	146.2	483.8	0.0712	0.2024	2.8432	-1368.099127	
Sotub02g027680.1.1	Sotub01g047750.1.1	2.4453	146.2	483.8	0.0712	0.2024	2.8432	-1368.099127	
Sotub02g027680.1.1	Sotub01g047750.1.1	2.4453	146.2	483.8	0.0712	0.2024	2.8432	-1368.099127	
Sotub02g027680.1.1	Sotub10g017830.1.1	2.7789	148.5	481.5	0.0440	0.1514	3.4399	-1317.995610	
Sotub02g027690.1.1	Sotub11g013110.1.1	6.7541	91.7	376.3	0.0481	0.4613	9.5957	-1107.545556	
Sotub02g027710.1.1	Sotub01g047740.1.1	3.3597	183.6	560.4	0.2168	0.5920	2.7305	-1859.706235	
Sotub02g027710.1.1	Sotub01g047740.1.1	3.3597	183.6	560.4	0.2168	0.5920	2.7305	-1859.706235	
Sotub02g027710.1.1	Sotub01g047740.1.1	3.3597	183.6	560.4	0.2168	0.5920	2.7305	-1859.706235	
Sotub02g027710.1.1	Sotub02g010040.1.1	1.8509	178.8	547.2	0.3932	0.4471	1.1368	-1732.428620	
Sotub02g027710.1.1	Sotub02g010040.1.1	1.8509	178.8	547.2	0.3932	0.4471	1.1368	-1732.428620	
Sotub02g027710.1.1	Sotub02g010040.1.1	1.8509	178.8	547.2	0.3932	0.4471	1.1368	-1732.428620	
Sotub02g027730.1.1	Sotub04g034400.1.1	50.0000	184.9	607.1	0.0104	0.7210	69.0392	-2048.856844	
Sotub02g027730.1.1	Sotub10g017850.1.1	50.0000	173.4	540.6	0.0170	1.1066	65.1763	-1897.534598	
Sotub02g027750.1.1	Sotub02g030090.1.1	6.8420	101.7	366.3	0.0765	0.6295	8.2299	-1136.934457	
Sotub02g027750.1.1	Sotub04g034390.1.1	2.6643	110.5	366.5	0.1028	0.2938	2.8585	-1044.396309	
Sotub02g027800.1.1	Sotub01g047570.1.1	2.8502	114.6	419.4	0.1344	0.3987	2.9669	-1258.461130	
Sotub02g027800.1.1	Sotub01g047570.1.1	2.8502	114.6	419.4	0.1344	0.3987	2.9669	-1258.461130	
Sotub02g027800.1.1	Sotub02g010050.1.1	1.0579	126.2	413.8	0.1222	0.1316	1.0772	-1062.488111	
Sotub02g027800.1.1	Sotub02g010050.1.1	1.0579	126.2	413.8	0.1222	0.1316	1.0772	-1062.488111	
Sotub02g027800.1.1	Sotub02g010050.1.1	1.0579	126.2	413.8	0.1222	0.1316	1.0772	-1062.488111	
Sotub02g027800.1.1	Sotub04g034360.1.1	2.7602	125.0	412.0	0.0752	0.2382	3.1665	-1184.472582	
Sotub02g027840.1.1	Sotub01g047450.1.1	1.7679	485.3	1605.7	0.0851	0.1687	1.9812	-4394.144691	
Sotub02g027840.1.1	Sotub01g047450.1.1	1.7679	485.3	1605.7	0.0851	0.1687	1.9812	-4394.144691	
Sotub02g027840.1.1	Sotub04g034240.1.1	2.2132	476.5	1596.5	0.0769	0.1963	2.5516	-4461.537276	
Sotub02g027840.1.1	Sotub11g013340.1.1	6.4764	470.8	1602.2	0.0499	0.4052	8.1263	-4932.289096	
Sotub02g027880.1.1	Sotub04g034210.1.1	1.6477	132.2	350.8	0.0312	0.0578	1.8532	-892.663606	
Sotub02g027900.1.1	Sotub02g010080.1.1	0.8341	241.9	709.1	0.1342	0.1053	0.7844	-1860.446505	
Sotub02g027900.1.1	Sotub02g010080.1.1	0.8341	241.9	709.1	0.1342	0.1053	0.7844	-1860.446505	
Sotub02g027900.1.1	Sotub02g010080.1.1	0.8341	241.9	709.1	0.1342	0.1053	0.7844	-1860.446505	
Sotub02g027900.1.1	Sotub04g034160.1.1	6.3735	211.1	739.9	0.0369	0.3131	8.4742	-2203.891960	
Sotub02g027960.1.1	Sotub01g047460.1.1	50.0000	256.9	958.1	0.0095	0.7195	76.1357	-3065.757595	
Sotub02g027960.1.1	Sotub04g034230.1.1	5.2334	264.3	959.7	0.1518	0.7906	5.2084	-3122.567809	
Sotub02g027960.1.1	Sotub11g013470.1.1	5.6725	261.3	959.7	0.1191	0.7322	6.1461	-3095.691682	
Sotub02g028000.1.1	Sotub04g034130.1.1	3.5692	227.3	831.7	0.0203	0.1049	5.1582	-2135.802126	
Sotub02g028030.1.1	Sotub02g010150.1.1	7.2484	299.1	942.9	0.0391	0.3490	8.9331	-2876.753982	
Sotub02g028030.1.1	Sotub02g010150.1.1	7.2484	299.1	942.9	0.0391	0.3490	8.9331	-2876.753982	
Sotub02g028030.1.1	Sotub02g010150.1.1	7.2484	299.1	942.9	0.0391	0.3490	8.9331	-2876.753982	
Sotub02g028030.1.1	Sotub04g034090.1.1	4.1425	246.7	806.3	0.0644	0.3135	4.8700	-2355.075598	
Sotub02g028080.1.1	Sotub02g029720.1.1	50.0000	197.3	609.7	0.0110	0.7260	65.9252	-2044.616843	
Sotub02g028080.1.1	Sotub04g034060.1.1	40.9936	181.1	625.9	0.0078	0.4632	59.3016	-1940.309994	
Sotub02g028090.1.1	Sotub04g034040.1.1	14.1741	169.4	517.6	0.0431	0.7301	16.9325	-1746.746735	
Sotub02g028100.1.1	Sotub02g010170.1.1	1.3779	140.6	330.4	0.2219	0.2244	1.0113	-988.465850	
Sotub02g028100.1.1	Sotub02g010170.1.1	1.3779	140.6	330.4	0.2219	0.2244	1.0113	-988.465850	
Sotub02g028100.1.1	Sotub02g010170.1.1	1.3779	140.6	330.4	0.2219	0.2244	1.0113	-988.465850	
Sotub02g028120.1.1	Sotub02g010200.1.1	1.1358	220.6	733.4	0.0843	0.1078	1.2791	-1858.953983	
Sotub02g028120.1.1	Sotub02g010200.1.1	1.1358	220.6	733.4	0.0843	0.1078	1.2791	-1858.953983	
Sotub02g028120.1.1	Sotub02g010200.1.1	1.1358	220.6	733.4	0.0843	0.1078	1.2791	-1858.953983	
Sotub02g028130.1.1	Sotub04g034020.1.1	1.6988	173.8	639.2	0.1141	0.2129	1.8661	-1740.106739	
Sotub02g028190.1.1	Sotub04g034000.1.1	3.2634	287.2	1077.8	0.1561	0.5088	3.2602	-3294.130847	
Sotub02g028200.1.1	Sotub02g010210.1.1	0.5221	203.1	594.9	0.1431	0.0689	0.4819	-1447.998350	
Sotub02g028200.1.1	Sotub02g010210.1.1	0.5221	203.1	594.9	0.1431	0.0689	0.4819	-1447.998350	
Sotub02g028200.1.1	Sotub02g010210.1.1	0.5221	203.1	594.9	0.1431	0.0689	0.4819	-1447.998350	
Sotub02g028200.1.1	Sotub04g033970.1.1	1.9304	201.7	596.3	0.0692	0.1462	2.1137	-1666.338794	
Sotub02g028220.1.1	Sotub02g010220.1.1	0.9034	204.8	593.2	0.3395	0.2008	0.5917	-1653.151027	
Sotub02g028220.1.1	Sotub02g010220.1.1	0.9034	204.8	593.2	0.3395	0.2008	0.5917	-1653.151027	
Sotub02g028220.1.1	Sotub02g010220.1.1	0.9034	204.8	593.2	0.3395	0.2008	0.5917	-1653.151027	
Sotub02g028240.1.1	Sotub01g047170.1.1	27.9516	148.2	412.8	0.1030	2.8231	27.4061	-1446.776013	
Sotub02g028260.1.1	Sotub02g010270.1.1	0.6536	338.6	1050.4	0.0901	0.0629	0.6986	-2561.847327	
Sotub02g028260.1.1	Sotub02g010270.1.1	0.6536	338.6	1050.4	0.0901	0.0629	0.6986	-2561.847327	
Sotub02g028280.1.1	Sotub02g010290.1.1	0.6411	303.7	854.3	0.2014	0.1047	0.5202	-2226.123826	
Sotub02g028280.1.1	Sotub02g010290.1.1	0.6411	303.7	854.3	0.2014	0.1047	0.5202	-2226.123826	
Sotub02g028330.1.1	Sotub01g047090.1.1	2.6085	163.9	487.1	0.1601	0.3748	2.3403	-1528.088113	
Sotub02g028390.1.1	Sotub01g047030.1.1	9.2006	122.5	318.5	0.0229	0.2384	10.4242	-964.048030	
Sotub02g028510.1.1	Sotub02g010450.1.1	1.2659	164.9	588.1	0.3730	0.3084	0.8270	-1675.751432	
Sotub02g028510.1.1	Sotub02g010450.1.1	1.2659	164.9	588.1	0.3730	0.3084	0.8270	-1675.751432	
Sotub02g028520.1.1	Sotub01g046910.1.1	3.5574	216.1	833.9	0.0983	0.4105	4.1777	-2510.970224	
Sotub02g028520.1.1	Sotub02g010440.1.1	1.5153	233.3	816.7	0.2684	0.3146	1.1720	-2395.290949	
Sotub02g028520.1.1	Sotub02g010440.1.1	1.5153	233.3	816.7	0.2684	0.3146	1.1720	-2395.290949	
Sotub02g028550.1.1	Sotub02g010390.1.1	0.8243	463.7	1537.3	0.1641	0.1260	0.7680	-3946.194858	
Sotub02g028550.1.1	Sotub02g010390.1.1	0.8243	463.7	1537.3	0.1641	0.1260	0.7680	-3946.194858	
Sotub02g028670.1.1	Sotub12g027280.1.1	2.2028	157.2	475.8	0.2180	0.3883	1.7814	-1469.999479	
Sotub02g028680.1.1	Sotub02g010510.1.1	1.1798	268.7	805.3	0.2556	0.2275	0.8900	-2295.818258	
Sotub02g028680.1.1	Sotub02g010510.1.1	1.1798	268.7	805.3	0.2556	0.2275	0.8900	-2295.818258	
Sotub02g028700.1.1	Sotub02g010520.1.1	0.5371	368.3	1239.7	0.1585	0.0808	0.5097	-2945.166619	
Sotub02g028700.1.1	Sotub02g010520.1.1	0.5371	368.3	1239.7	0.1585	0.0808	0.5097	-2945.166619	
Sotub02g028710.1.1	Sotub02g010540.1.1	1.1967	317.8	921.2	0.2179	0.2077	0.9531	-2626.289824	
Sotub02g028710.1.1	Sotub02g010540.1.1	1.1967	317.8	921.2	0.2179	0.2077	0.9531	-2626.289824	
Sotub02g028740.1.1	Sotub02g010550.1.1	0.7669	166.5	607.5	0.2204	0.1452	0.6586	-1517.723198	
Sotub02g028740.1.1	Sotub02g010550.1.1	0.7669	166.5	607.5	0.2204	0.1452	0.6586	-1517.723198	
Sotub02g028770.1.1	Sotub02g010580.1.1	0.6698	442.1	1375.9	0.1566	0.0967	0.6173	-3433.590160	
Sotub02g028770.1.1	Sotub02g010580.1.1	0.6698	442.1	1375.9	0.1566	0.0967	0.6173	-3433.590160	
Sotub02g028780.1.1	Sotub02g010590.1.1	50.0000	208.4	694.6	0.0039	0.2801	71.2796	-2019.876526	
Sotub02g028780.1.1	Sotub02g010590.1.1	50.0000	208.4	694.6	0.0039	0.2801	71.2796	-2019.876526	
Sotub02g028790.1.1	Sotub02g010640.1.1	0.7228	376.9	988.1	0.1469	0.0925	0.6301	-2590.039317	
Sotub02g028790.1.1	Sotub02g010640.1.1	0.7228	376.9	988.1	0.1469	0.0925	0.6301	-2590.039317	
Sotub02g028810.1.1	Sotub12g027200.1.1	2.1695	101.5	318.5	0.0543	0.1389	2.5568	-862.039795	
Sotub02g028880.1.1	Sotub02g010650.1.1	1.7158	101.1	420.9	0.1765	0.3005	1.7024	-1153.296203	
Sotub02g028930.1.1	Sotub02g010730.1.1	0.4798	370.8	1234.2	0.0273	0.0173	0.6347	-2652.017410
Sotub02g028990.1.1	Sotub02g010810.1.1	0.5590	283.7	793.3	0.1050	0.0574	0.5468	-1917.585715	
Sotub02g029020.1.1	Sotub02g010830.1.1	1.1612	314.8	1107.2	0.0354	0.0550	1.5551	-2616.224076	
Sotub02g029110.1.1	Sotub02g010840.1.1	0.4237	129.8	410.2	0.0894	0.0410	0.4582	-936.856532	
Sotub02g029200.1.1	Sotub02g010870.1.1	0.7126	216.8	644.2	0.2203	0.1256	0.5701	-1679.586160	
Sotub02g029240.1.1	Sotub02g010930.1.1	0.9283	306.0	936.0	0.1950	0.1534	0.7868	-2522.840285	
Sotub02g029270.1.1	Sotub02g010940.1.1	1.4025	138.9	518.1	0.2038	0.2560	1.2561	-1431.206425	
Sotub02g029450.1.1	Sotub02g011070.1.1	11.8363	225.2	824.8	0.0688	1.0109	14.6906	-2747.923717	
Sotub02g029630.1.1	Sotub05g009220.1.1	2.6872	382.9	1024.1	0.1526	0.3567	2.3376	-3256.444903	
Sotub02g029690.1.1	Sotub05g009250.1.1	4.4803	147.7	386.3	0.0212	0.1085	5.1142	-1044.955425	
Sotub02g029710.1.1	Sotub05g009270.1.1	0.8594	97.3	343.7	0.0144	0.0178	1.2349	-756.422808	
Sotub02g029960.1.1	Sotub02g011030.1.1	1.3020	198.5	545.5	0.1513	0.1739	1.1490	-1528.591051	
Sotub02g029970.1.1	Sotub02g011050.1.1	0.7973	278.4	795.6	0.1878	0.1253	0.6672	-2125.357530	
Sotub02g030010.1.1	Sotub02g011070.1.1	0.7614	222.7	845.3	0.1650	0.1235	0.7484	-2097.282887	
Sotub02g030010.1.1	Sotub08g025840.1.1	6.9539	221.0	772.0	0.1303	0.9326	7.1574	-2600.817709	
Sotub02g030060.1.1	Sotub02g011100.1.1	0.7801	102.0	378.0	0.1857	0.1346	0.7248	-958.387241	
Sotub02g030100.1.1	Sotub04g028830.1.1	1.5785	311.9	1035.1	0.0531	0.1026	1.9321	-2682.655264	
Sotub02g030130.1.1	Sotub02g011210.1.1	1.3731	177.3	485.7	0.1909	0.2145	1.1237	-1443.756407	
Sotub02g030160.1.1	Sotub02g011200.1.1	0.7365	122.6	411.4	0.1897	0.1239	0.6534	-1023.040138	
Sotub02g030200.1.1	Sotub02g011180.1.1	1.2558	176.2	726.8	0.2205	0.2477	1.1232	-1933.550243	
Sotub02g030200.1.1	Sotub04g028760.1.1	2.3497	151.4	730.6	0.1288	0.3625	2.8132	-2009.112815	
Sotub02g030220.1.1	Sotub04g028740.1.1	3.0393	511.3	1546.7	0.0916	0.2925	3.1928	-4758.532729	
Sotub02g030270.1.1	Sotub08g025500.1.1	50.0000	399.9	1517.1	0.0152	1.1479	75.5457	-5039.077150	
Sotub02g030330.1.1	Sotub08g025470.1.1	50.0000	212.4	750.6	0.0099	0.7198	73.0055	-2480.020588	
Sotub02g030410.1.1	Sotub01g043940.1.1	11.5318	186.0	645.0	0.0323	0.4982	15.4453	-2018.057284	
Sotub02g030410.1.1	Sotub01g043940.1.1	11.5318	186.0	645.0	0.0323	0.4982	15.4453	-2018.057284	
Sotub02g030420.1.1	Sotub02g011280.1.1	1.4446	154.3	505.7	0.1929	0.2434	1.2619	-1448.883124	
Sotub02g030480.1.1	Sotub02g011290.1.1	0.7962	299.7	975.3	0.0804	0.0720	0.8948	-2372.040220	
Sotub02g030480.1.1	Sotub02g011290.1.1	0.7962	299.7	975.3	0.0804	0.0720	0.8948	-2372.040220	
Sotub02g030480.1.1	Sotub08g025460.1.1	10.0522	307.1	967.9	0.0411	0.5062	12.3159	-3131.808189	
Sotub02g030490.1.1	Sotub01g043760.1.1	1.9632	196.8	556.2	0.1128	0.2142	1.8982	-1643.896410	
Sotub02g030510.1.1	Sotub01g043750.1.1	1.9843	297.3	905.7	0.1232	0.2398	1.9459	-2666.865504	
Sotub02g030580.1.1	Sotub05g020270.1.1	50.0000	150.0	492.0	0.0136	0.9297	68.2726	-1535.495792	
Sotub02g030590.1.1	Sotub05g020280.1.1	50.0000	71.5	279.5	0.0047	0.3779	80.2966	-795.062311	
Sotub02g030640.1.1	Sotub02g011340.1.1	0.9986	193.2	811.8	0.2051	0.1907	0.9300	-2027.482000	
Sotub02g030640.1.1	Sotub02g011340.1.1	0.9986	193.2	811.8	0.2051	0.1907	0.9300	-2027.482000	
Sotub02g030750.1.1	Sotub08g025130.1.1	50.0000	300.1	1022.9	0.0091	0.6467	71.2673	-3306.096434	
Sotub02g030830.1.1	Sotub02g011390.1.1	0.4355	127.1	415.9	0.0403	0.0221	0.5478	-920.060059	
Sotub02g030830.1.1	Sotub02g011390.1.1	0.4355	127.1	415.9	0.0403	0.0221	0.5478	-920.060059	
Sotub02g030910.1.1	Sotub02g011420.1.1	0.4732	149.6	468.4	0.0932	0.0470	0.5043	-1077.883585	
Sotub02g030910.1.1	Sotub02g011420.1.1	0.4732	149.6	468.4	0.0932	0.0470	0.5043	-1077.883585	
Sotub02g030950.1.1	Sotub02g011440.1.1	0.5780	731.7	2052.3	0.1058	0.0598	0.5654	-5025.984300	
Sotub02g030950.1.1	Sotub02g011440.1.1	0.5780	731.7	2052.3	0.1058	0.0598	0.5654	-5025.984300	
Sotub02g031010.1.1	Sotub02g011450.1.1	1.0012	302.8	825.2	0.1261	0.1167	0.9251	-2270.942375	
Sotub02g031010.1.1	Sotub02g011450.1.1	1.0012	302.8	825.2	0.1261	0.1167	0.9251	-2270.942375	
Sotub02g031040.1.1	Sotub01g044380.1.1	3.7049	145.8	418.2	0.0622	0.2521	4.0532	-1295.545148	
Sotub02g031110.1.1	Sotub02g011470.1.1	3.2471	203.3	744.7	0.0122	0.0588	4.8314	-1767.667042	
Sotub02g031170.1.1	Sotub02g011530.1.1	0.5669	190.0	527.0	0.1454	0.0739	0.5081	-1324.378333	
Sotub02g031210.1.1	Sotub01g044470.1.1	2.9885	245.0	808.0	0.0530	0.1932	3.6438	-2270.625369	
Sotub02g031220.1.1	Sotub02g011540.1.1	0.9199	206.0	592.0	0.0861	0.0820	0.9524	-1515.499972	
Sotub02g031290.1.1	Sotub01g044550.1.1	2.5727	96.6	347.4	0.0286	0.1020	3.5737	-882.981475	
Sotub02g031450.1.1	Sotub01g044850.1.1	2.2969	182.1	735.9	0.1273	0.3244	2.5486	-2064.838665	
Sotub02g031480.1.1	Sotub01g044870.1.1	2.8222	306.8	1040.2	0.0717	0.2383	3.3219	-2966.673356	
Sotub02g031520.1.1	Sotub01g044880.1.1	4.4698	217.7	790.3	0.0423	0.2532	5.9786	-2256.267681	
Sotub02g031520.1.1	Sotub12g026780.1.1	2.0787	102.0	345.0	0.1207	0.2603	2.1563	-973.396850	
Sotub02g031530.1.1	Sotub02g011640.1.1	2.8887	96.2	413.8	0.1065	0.3728	3.5006	-1168.948974	
Sotub02g031580.1.1	Sotub01g044960.1.1	17.0813	192.6	683.4	0.0121	0.2996	24.8340	-2013.069203	
Sotub02g031580.1.1	Sotub02g011660.1.1	1.1074	184.8	691.2	0.0535	0.0781	1.4579	-1677.179084	
Sotub02g031610.1.1	Sotub01g045010.1.1	5.1732	169.5	505.5	0.0428	0.2608	6.0881	-1531.113188	
Sotub02g031610.1.1	Sotub02g011670.1.1	0.6827	191.9	483.1	0.2267	0.1155	0.5096	-1310.826142	
Sotub02g031630.1.1	Sotub02g011680.1.1	0.9829	242.5	837.5	0.1649	0.1533	0.9297	-2216.984657	
Sotub02g031720.1.1	Sotub01g045060.1.1	4.5413	130.8	424.2	0.0101	0.0630	6.2177	-1047.982615	
Sotub02g031840.1.1	Sotub12g026900.1.1	50.0000	126.8	464.2	0.0103	0.7733	74.8644	-1513.244031
Sotub02g031920.1.1	Sotub12g026950.1.1	2.8963	291.1	1103.9	0.1228	0.3875	3.1566	-3249.841017	
Sotub02g032130.1.1	Sotub01g045290.1.1	3.0970	98.0	349.0	0.3152	0.6993	2.2185	-1120.125329	
Sotub02g032180.1.1	Sotub02g011820.1.1	13.9361	98.8	339.2	0.0180	0.3482	19.3890	-1003.525808	
Sotub02g032350.1.1	Sotub02g011790.1.1	0.7641	220.1	526.9	0.0970	0.0680	0.7015	-1403.183930	
Sotub02g032350.1.1	Sotub02g011790.1.1	0.7641	220.1	526.9	0.0970	0.0680	0.7015	-1403.183930	
Sotub02g032370.1.1	Sotub02g011800.1.1	0.4511	210.0	672.0	0.0697	0.0360	0.5165	-1491.389510	
Sotub02g032370.1.1	Sotub02g011800.1.1	0.4511	210.0	672.0	0.0697	0.0360	0.5165	-1491.389510	
Sotub02g032370.1.1	Sotub05g024900.1.1	5.5457	190.6	688.4	0.1378	0.7846	5.6919	-2215.990466	
Sotub02g032370.1.1	Sotub07g015270.1.1	50.0000	188.6	693.4	0.0105	0.7892	75.0266	-2217.493612	
Sotub02g032390.1.1	Sotub01g045510.1.1	1.6033	94.0	389.0	0.0638	0.1385	2.1722	-961.799095	
Sotub02g032400.1.1	Sotub01g045490.1.1	2.9247	224.5	720.5	0.0897	0.2857	3.1862	-2149.545368	
Sotub02g032400.1.1	Sotub02g011690.1.1	11.9201	195.3	737.7	0.0355	0.5946	16.7350	-2337.273461	
Sotub02g032400.1.1	Sotub05g024920.1.1	8.4968	200.5	729.5	0.0407	0.4660	11.4424	-2265.569664	
Sotub02g032430.1.1	Sotub02g011840.1.1	0.8054	190.2	649.8	0.1149	0.0979	0.8515	-1630.621435	
Sotub02g032430.1.1	Sotub02g011840.1.1	0.8054	190.2	649.8	0.1149	0.0979	0.8515	-1630.621435	
Sotub02g032450.1.1	Sotub02g011850.1.1	2.1158	106.9	334.1	0.0783	0.1830	2.3382	-938.199000	
Sotub02g032450.1.1	Sotub02g011850.1.1	2.1158	106.9	334.1	0.0783	0.1830	2.3382	-938.199000	
Sotub02g032460.1.1	Sotub01g045470.1.1	3.4233	223.3	838.7	0.1340	0.4838	3.6101	-2534.906890	
Sotub02g032620.1.1	Sotub02g011890.1.1	0.6366	371.9	1212.1	0.1429	0.0881	0.6166	-2961.207134	
Sotub02g032620.1.1	Sotub02g011890.1.1	0.6366	371.9	1212.1	0.1429	0.0881	0.6166	-2961.207134	
Sotub02g032630.1.1	Sotub02g011910.1.1	2.0410	331.4	1039.6	0.1749	0.3179	1.8172	-3141.432382	
Sotub02g032630.1.1	Sotub02g011910.1.1	2.0410	331.4	1039.6	0.1749	0.3179	1.8172	-3141.432382	
Sotub02g032660.1.1	Sotub02g011900.1.1	0.8164	145.5	430.5	0.3105	0.1743	0.5615	-1163.151720	
Sotub02g032660.1.1	Sotub02g011900.1.1	0.8164	145.5	430.5	0.3105	0.1743	0.5615	-1163.151720	
Sotub02g032750.1.1	Sotub01g045360.1.1	50.0000	239.9	921.1	0.0149	1.1369	76.2792	-3047.757103	
Sotub02g032750.1.1	Sotub02g011740.1.1	50.0000	299.7	1020.3	0.0122	0.8599	70.4882	-3408.650177	
Sotub02g032750.1.1	Sotub02g012190.1.1	6.4976	289.3	1039.7	0.0969	0.7151	7.3800	-3378.976391	
Sotub02g032750.1.1	Sotub07g015450.1.1	23.9244	274.9	994.1	0.0241	0.8163	33.8610	-3243.883218	
Sotub02g032840.1.1	Sotub01g046410.1.1	4.2524	162.6	545.4	0.0662	0.3344	5.0511	-1618.983247	
Sotub02g032850.1.1	Sotub01g046420.1.1	3.8735	259.2	934.8	0.0639	0.3089	4.8330	-2728.028265	
Sotub02g032880.1.1	Sotub02g012340.1.1	50.0000	216.7	734.3	0.0150	1.0422	69.6236	-2505.206256	
Sotub02g032880.1.1	Sotub07g016060.1.1	23.6258	232.5	799.5	0.0238	0.7682	32.3109	-2658.171385	
Sotub02g032940.1.1	Sotub02g012180.1.1	0.4188	262.8	724.2	0.0971	0.0401	0.4136	-1710.574620	
Sotub02g032940.1.1	Sotub02g012180.1.1	0.4188	262.8	724.2	0.0971	0.0401	0.4136	-1710.574620	
Sotub02g032970.1.1	Sotub02g012200.1.1	1.0829	131.2	309.8	0.3909	0.2466	0.6309	-937.328478	
Sotub02g032970.1.1	Sotub02g012200.1.1	1.0829	131.2	309.8	0.3909	0.2466	0.6309	-937.328478	
Sotub02g032970.1.1	Sotub05g025640.1.1	50.0000	117.1	323.9	0.0099	0.6023	61.0925	-1087.764007	
Sotub02g032980.1.1	Sotub02g012210.1.1	1.6505	104.7	312.3	0.1214	0.1954	1.6090	-885.622771	
Sotub02g032980.1.1	Sotub02g012210.1.1	1.6505	104.7	312.3	0.1214	0.1954	1.6090	-885.622771	
Sotub02g032990.1.1	Sotub01g046580.1.1	3.2579	288.7	941.3	0.1106	0.3761	3.4006	-2895.716176	
Sotub02g032990.1.1	Sotub02g012280.1.1	0.6826	321.5	980.5	0.2956	0.1433	0.4846	-2552.486017	
Sotub02g032990.1.1	Sotub02g012280.1.1	0.6826	321.5	980.5	0.2956	0.1433	0.4846	-2552.486017	
Sotub02g033020.1.1	Sotub02g012310.1.1	2.0603	339.1	1214.9	0.2746	0.4356	1.5866	-3695.926465	
Sotub02g033020.1.1	Sotub02g012310.1.1	2.0603	339.1	1214.9	0.2746	0.4356	1.5866	-3695.926465	
Sotub02g033070.1.1	Sotub02g012370.1.1	1.8867	211.7	778.3	0.0660	0.1562	2.3667	-2058.156115	
Sotub02g033070.1.1	Sotub02g012370.1.1	1.8867	211.7	778.3	0.0660	0.1562	2.3667	-2058.156115	
Sotub02g033080.1.1	Sotub01g046670.1.1	3.4511	127.7	481.3	0.0990	0.3953	3.9948	-1446.787409	
Sotub02g033080.1.1	Sotub02g012380.1.1	0.8195	136.3	478.7	0.1159	0.1015	0.8758	-1187.439205	
Sotub02g033080.1.1	Sotub02g012380.1.1	0.8195	136.3	478.7	0.1159	0.1015	0.8758	-1187.439205	
Sotub02g033110.1.1	Sotub02g012390.1.1	1.8389	172.9	496.1	0.4405	0.4615	1.0476	-1608.109183	
Sotub02g033230.1.1	Sotub02g012440.1.1	4.1434	219.4	860.6	0.0873	0.4421	5.0654	-2555.947487	
Sotub02g033390.1.1	Sotub01g046910.1.1	50.0000	213.6	848.4	0.0082	0.6558	80.2466	-2672.019789	
Sotub02g033480.1.1	Sotub02g012510.1.1	1.7626	151.7	523.3	0.3238	0.3998	1.2348	-1530.019464	
Sotub02g033480.1.1	Sotub02g012510.1.1	1.7626	151.7	523.3	0.3238	0.3998	1.2348	-1530.019464	
Sotub02g033500.1.1	Sotub02g012540.1.1	0.6060	352.8	937.2	0.1371	0.0742	0.5414	-2353.370618	
Sotub02g033500.1.1	Sotub02g012540.1.1	0.6060	352.8	937.2	0.1371	0.0742	0.5414	-2353.370618	
Sotub02g033560.1.1	Sotub05g006520.1.1	1.6576	509.1	1632.9	0.0764	0.1426	1.8673	-4410.133125	
Sotub02g033580.1.1	Sotub02g012560.1.1	0.6668	197.2	630.8	0.1439	0.0920	0.6391	-1566.251940	
Sotub02g033580.1.1	Sotub02g012560.1.1	0.6668	197.2	630.8	0.1439	0.0920	0.6391	-1566.251940	
Sotub02g033580.1.1	Sotub05g006500.1.1	3.4631	211.8	781.2	0.0652	0.2843	4.3629	-2243.704467	
Sotub02g033600.1.1	Sotub05g006290.1.1	50.0000	150.1	419.9	0.0122	0.7453	61.2260	-1432.141455	
Sotub02g033640.1.1	Sotub02g012580.1.1	0.6618	120.3	407.7	0.3178	0.1481	0.4661	-1016.979998	
Sotub02g033640.1.1	Sotub02g012580.1.1	0.6618	120.3	407.7	0.3178	0.1481	0.4661	-1016.979998	
Sotub02g033640.1.1	Sotub02g012580.1.1	0.6618	120.3	407.7	0.3178	0.1481	0.4661	-1016.979998	
Sotub02g033640.1.1	Sotub05g006020.1.1	8.5640	106.9	424.1	0.0381	0.4692	12.3172	-1260.834061	
Sotub02g033670.1.1	Sotub02g012590.1.1	1.3561	99.9	377.1	0.1383	0.1961	1.4184	-1022.022625	
Sotub02g033670.1.1	Sotub02g012590.1.1	1.3561	99.9	377.1	0.1383	0.1961	1.4184	-1022.022625	
Sotub02g033670.1.1	Sotub02g012590.1.1	1.3561	99.9	377.1	0.1383	0.1961	1.4184	-1022.022625	
Sotub02g033670.1.1	Sotub05g006010.1.1	2.5430	87.3	389.7	0.0780	0.2679	3.4343	-1076.442953	
Sotub02g033720.1.1	Sotub02g012600.1.1	0.6782	210.8	839.2	0.0396	0.0385	0.9729	-1853.573239	
Sotub02g033720.1.1	Sotub02g012600.1.1	0.6782	210.8	839.2	0.0396	0.0385	0.9729	-1853.573239	
Sotub02g033720.1.1	Sotub02g012600.1.1	0.6782	210.8	839.2	0.0396	0.0385	0.9729	-1853.573239	
Sotub02g033720.1.1	Sotub05g005970.1.1	1.6082	230.9	819.1	0.0357	0.0772	2.1634	-2023.680041	
Sotub02g033730.1.1	Sotub02g012610.1.1	1.0006	268.5	1015.5	0.1272	0.1370	1.0772	-2540.778844	
Sotub02g033730.1.1	Sotub02g012610.1.1	1.0006	268.5	1015.5	0.1272	0.1370	1.0772	-2540.778844	
Sotub02g033730.1.1	Sotub02g012610.1.1	1.0006	268.5	1015.5	0.1272	0.1370	1.0772	-2540.778844	
Sotub02g033770.1.1	Sotub02g012620.1.1	3.6007	314.1	975.9	0.0580	0.2422	4.1762	-2885.761822	
Sotub02g033770.1.1	Sotub02g012620.1.1	3.6007	314.1	975.9	0.0580	0.2422	4.1762	-2885.761822	
Sotub02g033770.1.1	Sotub02g012620.1.1	3.6007	314.1	975.9	0.0580	0.2422	4.1762	-2885.761822	
Sotub02g033810.1.1	Sotub12g017700.1.1	50.0000	228.2	833.8	0.0097	0.7243	74.9330	-2726.800314	
Sotub02g033880.1.1	Sotub05g005850.1.1	50.0000	168.7	596.3	0.0028	0.2095	74.8516	-1644.797253	
Sotub02g033910.1.1	Sotub02g012660.1.1	3.0287	112.8	505.2	0.2163	0.6076	2.8089	-1523.708415	
Sotub02g033910.1.1	Sotub02g012660.1.1	3.0287	112.8	505.2	0.2163	0.6076	2.8089	-1523.708415	
Sotub02g033910.1.1	Sotub02g012660.1.1	3.0287	112.8	505.2	0.2163	0.6076	2.8089	-1523.708415	
Sotub02g033940.1.1	Sotub02g012690.1.1	0.9049	251.0	802.0	0.3985	0.2218	0.5566	-2192.592842	
Sotub02g033940.1.1	Sotub02g012690.1.1	0.9049	251.0	802.0	0.3985	0.2218	0.5566	-2192.592842	
Sotub02g033940.1.1	Sotub02g012690.1.1	0.9049	251.0	802.0	0.3985	0.2218	0.5566	-2192.592842	
Sotub02g033960.1.1	Sotub02g012740.1.1	0.5669	277.4	739.6	0.0794	0.0454	0.5717	-1795.001145	
Sotub02g034180.1.1	Sotub05g005560.1.1	2.3357	396.7	1190.3	0.0685	0.1770	2.5839	-3430.311452	
Sotub02g034190.1.1	Sotub02g012920.1.1	0.4809	228.2	668.8	0.0518	0.0283	0.5470	-1536.360852	
Sotub02g034220.1.1	Sotub04g005050.1.1	3.3053	209.6	909.4	0.2471	0.7015	2.8386	-2756.445540	
Sotub02g034220.1.1	Sotub05g005550.1.1	4.9953	175.5	829.5	0.1193	0.7275	6.0974	-2460.718910	
Sotub02g034240.1.1	Sotub04g005090.1.1	4.9860	289.7	1015.3	0.1415	0.7082	5.0051	-3254.160892	
Sotub02g034240.1.1	Sotub05g005410.1.1	16.9311	284.9	1029.1	0.0272	0.6440	23.7019	-3272.054906	
Sotub02g034250.1.1	Sotub02g012900.1.1	0.5025	367.7	1129.3	0.1160	0.0583	0.5029	-2684.903852	
Sotub02g034310.1.1	Sotub05g005490.1.1	2.4804	196.5	577.5	0.1554	0.3474	2.2357	-1809.125246	
Sotub02g034320.1.1	Sotub10g007010.1.1	3.9248	444.7	1292.3	0.1136	0.4364	3.8421	-4186.971898	
Sotub02g034350.1.1	Sotub05g005370.1.1	9.6943	238.3	784.7	0.0818	0.8940	10.9288	-2643.025844	
Sotub02g034350.1.1	Sotub05g025790.1.1	5.7602	111.3	428.7	0.1265	0.7924	6.2641	-1377.114424	
Sotub02g034440.1.1	Sotub01g032240.1.1	15.2067	283.3	1039.7	0.0376	0.7813	20.8018	-3351.436235	
Sotub02g034440.1.1	Sotub04g005090.1.1	10.4355	271.0	1025.0	0.0464	0.6563	14.1532	-3218.285643	
Sotub02g034440.1.1	Sotub05g005410.1.1	50.0000	271.6	1045.4	0.0100	0.7796	77.8035	-3327.499432	
Sotub02g034440.1.1	Sotub10g006940.1.1	15.0129	268.1	1045.9	0.0352	0.7594	21.5620	-3326.854280	
Sotub02g034510.1.1	Sotub05g005280.1.1	6.2888	108.8	407.2	0.0837	0.6337	7.5728	-1303.935740	
Sotub02g034530.1.1	Sotub02g012880.1.1	0.6784	233.5	810.5	0.2309	0.1296	0.5613	-2017.268372	
Sotub02g034530.1.1	Sotub02g012880.1.1	0.6784	233.5	810.5	0.2309	0.1296	0.5613	-2017.268372	
Sotub02g034530.1.1	Sotub05g005270.1.1	2.4387	224.7	819.3	0.1024	0.2815	2.7501	-2337.733275	
Sotub02g034540.1.1	Sotub02g012860.1.1	1.2521	242.2	837.8	0.2982	0.2732	0.9160	-2326.104677	
Sotub02g034540.1.1	Sotub02g012860.1.1	1.2521	242.2	837.8	0.2982	0.2732	0.9160	-2326.104677	
Sotub02g034560.1.1	Sotub02g012850.1.1	0.6021	1057.8	3124.2	0.1733	0.0910	0.5248	-7835.081442	
Sotub02g034560.1.1	Sotub02g012850.1.1	0.6021	1057.8	3124.2	0.1733	0.0910	0.5248	-7835.081442	
Sotub02g034560.1.1	Sotub04g005180.1.1	2.0095	1015.0	3167.0	0.1055	0.2190	2.0764	-9107.479286	
Sotub02g034600.1.1	Sotub02g012990.1.1	1.5304	226.3	742.7	0.1563	0.2256	1.4435	-1978.516581	
Sotub02g034600.1.1	Sotub02g012990.1.1	1.5304	226.3	742.7	0.1563	0.2256	1.4435	-1978.516581	
Sotub02g034650.1.1	Sotub02g013000.1.1	0.7175	173.9	564.1	0.1479	0.1015	0.6860	-1421.379105	
Sotub02g034650.1.1	Sotub02g013000.1.1	0.7175	173.9	564.1	0.1479	0.1015	0.6860	-1421.379105	
Sotub02g034670.1.1	Sotub05g010160.1.1	3.6413	138.1	572.9	0.1268	0.5192	4.0956	-1733.700040	
Sotub02g034680.1.1	Sotub05g010110.1.1	50.0000	121.0	629.0	0.0071	0.7096	99.6103	-1840.342723	
Sotub02g034680.1.1	Sotub10g006640.1.1	50.0000	127.2	631.8	0.0070	0.6741	96.1262	-1874.023309	
Sotub02g034690.1.1	Sotub05g005020.1.1	11.1178	285.2	1046.8	0.0407	0.6124	15.0596	-3315.735708	
Sotub02g034690.1.1	Sotub05g010140.1.1	15.9268	245.8	1026.2	0.0489	1.1151	22.8197	-3294.956835	
Sotub02g034690.1.1	Sotub07g006820.1.1	50.0000	282.1	1031.9	0.0109	0.8119	74.6601	-3365.052152	
Sotub02g034690.1.1	Sotub10g006570.1.1	50.0000	282.9	1046.1	0.0106	0.8005	75.3431	-3388.537101	
Sotub02g034700.1.1	Sotub02g013020.1.1	6.7838	150.0	384.0	0.0288	0.2157	7.5003	-1164.120772	
Sotub02g034700.1.1	Sotub02g013020.1.1	6.7838	150.0	384.0	0.0288	0.2157	7.5003	-1164.120772	
Sotub02g034700.1.1	Sotub05g010090.1.1	5.3249	145.0	389.0	0.0575	0.3258	5.6643	-1218.748437	
Sotub02g034740.1.1	Sotub02g013050.1.1	0.8792	235.1	835.9	0.1480	0.1295	0.8746	-2085.635035	
Sotub02g034740.1.1	Sotub02g013050.1.1	0.8792	235.1	835.9	0.1480	0.1295	0.8746	-2085.635035	
Sotub02g034740.1.1	Sotub05g010070.1.1	5.1308	260.0	919.0	0.0359	0.2470	6.8811	-2601.142179	
Sotub02g034760.1.1	Sotub05g010040.1.1	1.6462	162.1	539.9	0.0699	0.1347	1.9275	-1426.143924	
Sotub02g034770.1.1	Sotub02g013060.1.1	1.7226	116.8	375.2	0.1296	0.2213	1.7075	-1034.224864	
Sotub02g034770.1.1	Sotub02g013060.1.1	1.7226	116.8	375.2	0.1296	0.2213	1.7075	-1034.224864	
Sotub02g034790.1.1	Sotub02g013070.1.1	1.1264	174.3	515.7	0.2245	0.2005	0.8932	-1436.656639	
Sotub02g034790.1.1	Sotub02g013070.1.1	1.1264	174.3	515.7	0.2245	0.2005	0.8932	-1436.656639	
Sotub02g034790.1.1	Sotub05g009960.1.1	3.1420	145.8	532.2	0.1278	0.4244	3.3210	-1595.843305	
Sotub02g034800.1.1	Sotub07g007050.1.1	9.7189	628.8	1807.2	0.0382	0.4315	11.3096	-5861.595304	
Sotub02g034810.1.1	Sotub02g013090.1.1	1.0048	125.2	495.8	0.2800	0.2206	0.7878	-1305.469669	
Sotub02g034810.1.1	Sotub02g013090.1.1	1.0048	125.2	495.8	0.2800	0.2206	0.7878	-1305.469669	
Sotub02g034870.1.1	Sotub02g013210.1.1	50.0000	216.0	732.0	0.0104	0.7353	70.6552	-2331.112824	
Sotub02g034880.1.1	Sotub02g013160.1.1	1.2927	111.9	335.1	0.3043	0.2741	0.9007	-978.764089
Sotub02g034880.1.1	Sotub02g013160.1.1	1.2927	111.9	335.1	0.3043	0.2741	0.9007	-978.764089
Sotub02g034900.1.1	Sotub02g013200.1.1	2.4303	134.0	586.0	0.2657	0.5350	2.0133	-1720.061827	
Sotub02g035000.1.1	Sotub02g013280.1.1	2.5093	133.0	410.0	0.1677	0.3775	2.2510	-1253.914163	
Sotub02g035010.1.1	Sotub02g013290.1.1	1.6375	107.5	501.5	0.1872	0.3090	1.6509	-1379.035454	
Sotub02g035010.1.1	Sotub05g011150.1.1	3.1713	133.4	526.6	0.1746	0.5404	3.0961	-1611.671779	
Sotub02g035020.1.1	Sotub05g011210.1.1	50.0000	209.1	678.9	0.0052	0.3595	69.5988	-2119.127667	
Sotub02g035090.1.1	Sotub05g011250.1.1	3.4381	72.7	272.3	0.2374	0.6836	2.8791	-861.623395	
Sotub02g035100.1.1	Sotub02g013300.1.1	0.4877	101.0	328.0	0.0603	0.0348	0.5772	-743.976630	
Sotub02g035120.1.1	Sotub02g013320.1.1	0.8599	127.0	374.0	0.1505	0.1179	0.7834	-988.642652	
Sotub02g035180.1.1	Sotub02g013330.1.1	2.3407	278.2	921.8	0.1252	0.2979	2.3784	-2747.621947	
Sotub02g035260.1.1	Sotub02g019290.1.1	28.2312	302.3	1002.7	0.0228	0.8595	37.7749	-3363.896485	
Sotub02g035260.1.1	Sotub04g026030.1.1	4.5695	316.9	994.1	0.1573	0.6637	4.2187	-3325.772535	
Sotub02g035260.1.1	Sotub04g026030.1.1	4.5695	316.9	994.1	0.1573	0.6637	4.2187	-3325.772535	
Sotub02g035260.1.1	Sotub05g011580.1.1	50.0000	292.8	1036.2	0.0081	0.5924	73.5459	-3320.123915	
Sotub02g035290.1.1	Sotub02g013380.1.1	0.8976	145.5	517.5	0.1589	0.1384	0.8712	-1322.384432	
Sotub02g035290.1.1	Sotub05g011590.1.1	10.6653	151.0	512.0	0.0211	0.3081	14.5675	-1499.979967	
Sotub02g035390.1.1	Sotub02g013410.1.1	0.8727	114.1	428.9	0.1368	0.1251	0.9144	-1058.327370	
Sotub02g035400.1.1	Sotub05g011740.1.1	2.2024	232.8	808.2	0.1272	0.2897	2.2767	-2336.548885	
Sotub02g035410.1.1	Sotub02g013430.1.1	1.1525	166.8	769.2	0.2217	0.2363	1.0659	-2014.170082	
Sotub02g035410.1.1	Sotub02g018810.1.1	5.9408	169.5	655.5	0.3487	1.4312	4.1043	-2188.755586	
Sotub02g035410.1.1	Sotub04g026250.1.1	12.5874	194.4	750.6	0.0473	0.8152	17.2508	-2442.605841	
Sotub02g035410.1.1	Sotub04g026250.1.1	12.5874	194.4	750.6	0.0473	0.8152	17.2508	-2442.605841	
Sotub02g035410.1.1	Sotub05g011860.1.1	5.7773	197.0	748.0	0.0479	0.3742	7.8154	-2234.680671	
Sotub02g035430.1.1	Sotub04g026270.1.1	50.0000	265.9	946.1	0.0073	0.5402	74.0374	-3004.819885	
Sotub02g035430.1.1	Sotub04g026270.1.1	50.0000	265.9	946.1	0.0073	0.5402	74.0374	-3004.819885	
Sotub02g035470.1.1	Sotub02g013440.1.1	1.1058	108.6	383.4	0.3993	0.2767	0.6930	-1060.882601	
Sotub02g035470.1.1	Sotub05g011890.1.1	2.7690	102.5	371.5	0.1412	0.3986	2.8229	-1119.637003	
Sotub02g035500.1.1	Sotub05g011920.1.1	2.3196	229.1	760.9	0.1186	0.2844	2.3967	-2248.653261	
Sotub02g035570.1.1	Sotub05g012540.1.1	4.3611	366.0	1161.0	0.2570	0.8586	3.3414	-3926.873504	
Sotub02g035580.1.1	Sotub02g013550.1.1	1.6224	86.6	360.4	0.2805	0.3613	1.2880	-1034.645832	
Sotub02g035580.1.1	Sotub02g018750.1.1	1.5403	98.5	375.5	0.3561	0.3732	1.0481	-1081.057422	
Sotub02g035670.1.1	Sotub02g018650.1.1	11.8871	257.4	837.6	0.0622	0.8717	14.0201	-2835.950199	
Sotub02g035670.1.1	Sotub03g027220.1.1	6.4461	275.6	810.4	0.0421	0.3170	7.5336	-2544.247838	
Sotub02g035680.1.1	Sotub04g026530.1.1	50.0000	223.2	709.8	0.0108	0.7301	67.3615	-2413.437316	
Sotub02g035810.1.1	Sotub05g012730.1.1	4.3953	222.5	620.5	0.1452	0.5736	3.9511	-2073.090912	
Sotub02g035870.1.1	Sotub02g013650.1.1	0.6859	57.7	245.3	0.0319	0.0337	1.0567	-525.424529	
Sotub02g035870.1.1	Sotub03g027450.1.1	2.3139	58.5	244.5	0.0522	0.1712	3.2815	-617.726268	
Sotub02g035870.1.1	Sotub05g012800.1.1	5.5609	71.9	231.1	0.0132	0.0988	7.4988	-573.768751	
Sotub02g035890.1.1	Sotub05g012820.1.1	5.7622	222.6	839.4	0.1510	0.8816	5.8381	-2748.141021	
Sotub02g035900.1.1	Sotub05g012860.1.1	2.8066	560.2	1617.8	0.0455	0.1464	3.2142	-4529.561165	
Sotub02g035910.1.1	Sotub03g027470.1.1	2.7162	441.7	1397.3	0.0938	0.2727	2.9068	-4178.160217	
Sotub02g035920.1.1	Sotub03g027530.1.1	50.0000	224.6	693.4	0.0041	0.2783	67.2494	-2097.598788	
Sotub02g035920.1.1	Sotub05g012900.1.1	50.0000	219.1	698.9	0.0037	0.2572	69.0020	-2062.379122	
Sotub02g035930.1.1	Sotub02g018290.1.1	6.6777	93.2	320.8	0.0745	0.5865	7.8713	-1023.512857	
Sotub02g035930.1.1	Sotub05g012960.1.1	3.6550	132.3	425.7	0.1045	0.4018	3.8469	-1320.755297	
Sotub02g035950.1.1	Sotub02g013730.1.1	0.8373	147.3	470.7	0.2374	0.1581	0.6658	-1257.512826	
Sotub02g035970.1.1	Sotub02g018000.1.1	11.3930	170.3	477.7	0.0486	0.6178	12.7173	-1618.424267	
Sotub02g035970.1.1	Sotub03g027590.1.1	3.5431	182.3	474.7	0.1604	0.4816	3.0027	-1585.889199	
Sotub02g036050.1.1	Sotub03g027710.1.1	6.3424	214.8	667.2	0.0743	0.5240	7.0522	-2173.759403	
Sotub02g036070.1.1	Sotub02g013760.1.1	1.0926	164.5	609.5	0.1000	0.1251	1.2504	-1533.682517	
Sotub02g036080.1.1	Sotub03g027740.1.1	2.6139	418.3	1339.7	0.0736	0.2181	2.9632	-3805.394934	
Sotub02g036100.1.1	Sotub02g013790.1.1	1.0433	187.4	589.6	0.2686	0.2099	0.7814	-1633.676783	
Sotub02g036100.1.1	Sotub05g013130.1.1	2.0630	189.9	587.1	0.1174	0.2423	2.0641	-1709.969392	
Sotub02g036110.1.1	Sotub03g027770.1.1	13.6544	180.1	524.9	0.0271	0.4480	16.5094	-1693.725851	
Sotub02g036250.1.1	Sotub03g027810.1.1	6.1467	262.0	929.0	0.1413	0.8767	6.2052	-3075.645783	
Sotub02g036310.1.1	Sotub02g013820.1.1	50.0000	219.4	830.6	0.0082	0.6311	77.3801	-2638.612377	
Sotub02g036310.1.1	Sotub05g013350.1.1	50.0000	224.5	780.5	0.0126	0.8982	71.4932	-2597.139025	
Sotub02g036510.1.1	Sotub02g013870.1.1	0.7839	305.4	945.6	0.2010	0.1326	0.6597	-2500.631407	
Sotub02g036520.1.1	Sotub02g013880.1.1	0.8442	223.9	712.1	0.2881	0.1769	0.6140	-1881.738171	
Sotub02g036920.1.1	Sotub02g014010.1.1	0.7735	214.0	653.0	0.2225	0.1384	0.6221	-1671.346025	
Sotub02g036940.1.1	Sotub05g015340.1.1	50.0000	114.3	515.7	0.0045	0.4091	90.0374	-1472.391667	
Sotub02g036960.1.1	Sotub02g014050.1.1	0.9908	107.1	336.9	0.2413	0.1879	0.7783	-899.097813	
Sotub02g036980.1.1	Sotub03g005330.1.1	0.7658	302.4	861.6	0.0564	0.0477	0.8466	-2097.544311	
Sotub02g036980.1.1	Sotub05g015390.1.1	3.5499	285.9	878.1	0.0503	0.2098	4.1735	-2538.067373	
Sotub02g036980.1.1	Sotub05g015390.1.1	3.5499	285.9	878.1	0.0503	0.2098	4.1735	-2538.067373	
Sotub02g036990.1.1	Sotub02g014070.1.1	0.4926	360.3	1082.7	0.2112	0.0850	0.4024	-2640.122041	
Sotub02g036990.1.1	Sotub03g005320.1.1	0.6828	155.0	469.0	0.3606	0.1580	0.4382	-1230.361050	
Sotub02g036990.1.1	Sotub05g015420.1.1	2.2350	351.0	1080.0	0.0676	0.1700	2.5146	-2989.113776	
Sotub02g036990.1.1	Sotub05g015420.1.1	2.2350	351.0	1080.0	0.0676	0.1700	2.5146	-2989.113776	
Sotub02g037000.1.1	Sotub02g014080.1.1	0.6935	536.3	1647.7	0.1781	0.1084	0.6085	-4166.396644	
Sotub02g037030.1.1	Sotub02g014090.1.1	1.3666	212.4	798.6	0.4459	0.3612	0.8100	-2283.577692	
Sotub02g037040.1.1	Sotub03g005310.1.1	0.6852	417.8	1478.2	0.2030	0.1225	0.6033	-3682.495482	
Sotub02g037040.1.1	Sotub05g015560.1.1	3.9304	433.1	1462.9	0.0695	0.3230	4.6444	-4365.126186	
Sotub02g037040.1.1	Sotub05g015560.1.1	3.9304	433.1	1462.9	0.0695	0.3230	4.6444	-4365.126186	
Sotub02g037050.1.1	Sotub05g015570.1.1	8.1200	309.9	938.1	0.0242	0.2456	10.1577	-2738.359118	
Sotub02g037050.1.1	Sotub05g015570.1.1	8.1200	309.9	938.1	0.0242	0.2456	10.1577	-2738.359118	
Sotub02g037070.1.1	Sotub03g024050.1.1	3.7699	459.0	1656.0	0.0884	0.3881	4.3899	-4973.371439	
Sotub02g037080.1.1	Sotub02g014110.1.1	1.1188	83.1	297.9	0.1855	0.1905	1.0269	-780.765236	
Sotub02g037080.1.1	Sotub03g024040.1.1	4.1801	101.6	279.4	0.0807	0.3450	4.2750	-865.622905	
Sotub02g037160.1.1	Sotub02g014130.1.1	0.8207	243.5	743.5	0.3137	0.1777	0.5664	-2027.350382	
Sotub02g037170.1.1	Sotub03g005280.1.1	0.9956	645.6	2270.4	0.3570	0.2373	0.6645	-6143.777783	
Sotub02g037180.1.1	Sotub03g005270.1.1	1.0185	141.7	377.3	0.1740	0.1478	0.8497	-1060.898216	
Sotub02g037220.1.1	Sotub03g005250.1.1	1.2923	142.6	451.4	0.2946	0.2735	0.9284	-1300.098277	
Sotub02g037230.1.1	Sotub02g014140.1.1	1.0017	291.8	887.2	0.2459	0.1898	0.7720	-2475.494265	
Sotub02g037230.1.1	Sotub03g005240.1.1	1.1357	271.4	901.6	0.1907	0.1910	1.0016	-2473.306003	
Sotub02g037250.1.1	Sotub02g014150.1.1	0.7103	617.1	1569.9	0.1776	0.1026	0.5780	-4195.492550	
Sotub02g037320.1.1	Sotub02g014190.1.1	0.7453	167.0	583.0	0.2029	0.1325	0.6530	-1472.861303	
Sotub02g037330.1.1	Sotub02g014200.1.1	0.8122	117.5	368.5	0.1373	0.1075	0.7828	-933.577058	
Sotub02g037380.1.1	Sotub02g014210.1.1	0.7617	419.0	1162.0	0.0965	0.0729	0.7558	-2929.566583	
Sotub02g037430.1.1	Sotub02g014250.1.1	1.5719	99.6	317.4	0.3784	0.3763	0.9946	-947.625056	
Sotub02g037490.1.1	Sotub02g014280.1.1	2.0075	137.0	478.0	0.1640	0.3133	1.9104	-1409.296439	
Sotub03g005240.1.1	Sotub02g037230.1.1	1.1357	271.4	901.6	0.1907	0.1910	1.0016	-2473.306003	
Sotub03g005250.1.1	Sotub02g037220.1.1	1.2923	142.6	451.4	0.2946	0.2735	0.9284	-1300.098277	
Sotub03g005270.1.1	Sotub02g037180.1.1	1.0185	141.7	377.3	0.1740	0.1478	0.8497	-1060.898216	
Sotub03g005280.1.1	Sotub02g037170.1.1	0.9956	645.6	2270.4	0.3570	0.2373	0.6645	-6143.777783	
Sotub03g005310.1.1	Sotub02g037040.1.1	0.6852	417.8	1478.2	0.2030	0.1225	0.6033	-3682.495482	
Sotub03g005310.1.1	Sotub05g015560.1.1	3.1521	436.6	1459.4	0.0861	0.3052	3.5430	-4344.038531	
Sotub03g005320.1.1	Sotub02g036990.1.1	0.6828	155.0	469.0	0.3606	0.1580	0.4382	-1230.361050	
Sotub03g005320.1.1	Sotub05g015420.1.1	1.9327	148.5	472.5	0.1261	0.2424	1.9227	-1352.125414	
Sotub03g005330.1.1	Sotub02g036980.1.1	0.7658	302.4	861.6	0.0564	0.0477	0.8466	-2097.544311	
Sotub03g005330.1.1	Sotub05g015390.1.1	2.9076	266.3	897.7	0.0584	0.2067	3.5398	-2523.597008	
Sotub03g005340.1.1	Sotub02g036900.1.1	0.8351	181.3	610.7	0.1314	0.1108	0.8430	-1534.422459	
Sotub03g005820.1.1	Sotub06g034360.1.1	3.5472	123.0	507.0	0.1361	0.5281	3.8789	-1504.197806	
Sotub03g006220.1.1	Sotub02g018210.1.1	0.8647	239.7	846.3	0.2251	0.1638	0.7275	-2193.328290	
Sotub03g006250.1.1	Sotub02g018230.1.1	1.3215	141.7	437.3	0.1078	0.1457	1.3508	-1162.234147	
Sotub03g006260.1.1	Sotub01g030290.1.1	50.0000	402.0	1218.0	0.0110	0.7160	64.9993	-4100.897669	
Sotub03g006280.1.1	Sotub01g030340.1.1	50.0000	214.4	751.6	0.0137	0.9814	71.6690	-2523.159757	
Sotub03g006280.1.1	Sotub02g018290.1.1	2.7255	199.0	644.0	0.2428	0.5233	2.1553	-2067.753952	
Sotub03g006320.1.1	Sotub02g018530.1.1	2.8499	146.9	381.1	0.1629	0.3911	2.3999	-1231.798121	
Sotub03g006330.1.1	Sotub02g018570.1.1	0.7257	268.4	673.6	0.1060	0.0711	0.6706	-1750.402276	
Sotub03g006340.1.1	Sotub02g018580.1.1	0.6140	156.2	578.8	0.1660	0.0990	0.5963	-1380.783543	
Sotub03g006350.1.1	Sotub02g018610.1.1	0.8142	294.3	1163.7	0.1522	0.1277	0.8395	-2841.561564	
Sotub03g007500.1.1	Sotub02g020990.1.1	0.6219	250.4	856.6	0.1589	0.0943	0.5937	-2072.038958	
Sotub03g007520.1.1	Sotub02g021000.1.1	1.7613	193.9	655.1	0.1044	0.1984	1.9006	-1799.505377	
Sotub03g007540.1.1	Sotub02g021030.1.1	0.5124	298.6	949.4	0.1092	0.0579	0.5299	-2236.066872	
Sotub03g007570.1.1	Sotub02g021310.1.1	1.1659	291.1	836.9	0.1359	0.1472	1.0827	-2294.355675	
Sotub03g007600.1.1	Sotub02g021360.1.1	0.9343	206.7	741.3	0.3565	0.2235	0.6269	-2014.019470	
Sotub03g007600.1.1	Sotub02g024590.1.1	11.2152	87.9	308.1	0.0589	0.8216	13.9554	-1013.606037	
Sotub03g007610.1.1	Sotub02g021370.1.1	0.8887	230.2	654.8	0.2175	0.1530	0.7035	-1751.523947	
Sotub03g007620.1.1	Sotub02g021460.1.1	0.5493	347.7	1380.3	0.0805	0.0555	0.6895	-3049.176300	
Sotub03g007670.1.1	Sotub02g021590.1.1	0.8430	141.8	410.2	0.1478	0.1133	0.7663	-1068.206136	
Sotub03g007710.1.1	Sotub02g021980.1.1	1.9394	211.5	616.5	0.1722	0.2902	1.6852	-1869.229934	
Sotub03g007720.1.1	Sotub02g022000.1.1	0.8208	292.4	958.6	0.2831	0.1719	0.6070	-2539.292503	
Sotub03g007750.1.1	Sotub02g022210.1.1	0.9800	142.9	430.1	0.0700	0.0757	1.0823	-1071.510795	
Sotub03g007780.1.1	Sotub02g022380.1.1	0.9197	151.1	469.9	0.0844	0.0842	0.9982	-1183.776753	
Sotub03g007790.1.1	Sotub02g022410.1.1	2.1703	67.9	292.1	0.0763	0.2202	2.8873	-738.746001	
Sotub03g007790.1.1	Sotub02g024340.1.1	5.0012	78.3	281.7	0.0718	0.4375	6.0899	-828.921971	
Sotub03g007800.1.1	Sotub02g022470.1.1	1.2265	250.6	841.4	0.1882	0.2055	1.0916	-2324.538979	
Sotub03g007840.1.1	Sotub02g022480.1.1	2.6007	224.7	663.3	0.1528	0.3608	2.3611	-2066.569547	
Sotub03g007860.1.1	Sotub02g022520.1.1	2.9542	178.5	604.5	0.1333	0.3968	2.9763	-1865.404633	
Sotub03g007860.1.1	Sotub02g024160.1.1	14.4915	188.4	570.6	0.0534	0.8948	16.7521	-1964.391694	
Sotub03g008080.1.1	Sotub02g023950.1.1	0.6016	130.3	424.7	0.0988	0.0638	0.6460	-1014.808704	
Sotub03g008090.1.1	Sotub02g008660.1.1	0.6530	325.5	1003.5	0.1286	0.0818	0.6363	-2495.561331	
Sotub03g008090.1.1	Sotub02g023810.1.1	0.7071	340.5	997.5	0.1234	0.0839	0.6802	-2528.438523	
Sotub03g008140.1.1	Sotub02g008740.1.1	0.6551	175.4	649.6	0.0981	0.0739	0.7534	-1493.929782	
Sotub03g008150.1.1	Sotub02g023670.1.1	0.6586	266.8	897.2	0.1856	0.1095	0.5897	-2248.172533	
Sotub03g008170.1.1	Sotub02g023620.1.1	0.6047	292.3	1066.7	0.0626	0.0478	0.7629	-2381.647523	
Sotub03g008180.1.1	Sotub10g006510.1.1	1.5124	266.2	906.8	0.3744	0.3655	0.9763	-2643.329407	
Sotub03g008190.1.1	Sotub02g023600.1.1	0.6372	219.7	848.3	0.1120	0.0807	0.7209	-1994.580732	
Sotub03g008190.1.1	Sotub10g006520.1.1	0.6467	243.7	821.3	0.1383	0.0889	0.6426	-2004.390123	
Sotub03g008210.1.1	Sotub02g023470.1.1	1.0957	305.0	1189.0	0.1385	0.1609	1.1617	-3051.303860	
Sotub03g008260.1.1	Sotub02g023460.1.1	0.5824	139.1	358.9	0.0566	0.0343	0.6065	-865.169467	
Sotub03g008260.1.1	Sotub10g006340.1.1	1.2487	124.2	373.8	0.2608	0.2439	0.9350	-1078.826996	
Sotub03g008270.1.1	Sotub02g023450.1.1	0.7658	240.7	776.3	0.0918	0.0764	0.8322	-1884.706461	
Sotub03g008270.1.1	Sotub10g006320.1.1	0.9115	234.2	782.8	0.0715	0.0761	1.0647	-1906.417334	
Sotub03g008300.1.1	Sotub02g023370.1.1	1.2815	250.3	739.7	0.2872	0.2625	0.9138	-2175.829712	
Sotub03g008310.1.1	Sotub02g023350.1.1	1.0857	161.9	669.1	0.1117	0.1420	1.2706	-1644.086343	
Sotub03g008340.1.1	Sotub02g024290.1.1	1.3052	135.1	380.9	0.2660	0.2526	0.9496	-1131.122790	
Sotub03g008350.1.1	Sotub02g024320.1.1	1.0189	180.9	536.1	0.0851	0.0915	1.0749	-1401.329155	
Sotub03g008360.1.1	Sotub02g024350.1.1	0.8397	232.6	835.4	0.1610	0.1311	0.8144	-2059.545410	
Sotub03g008370.1.1	Sotub02g024440.1.1	0.7127	297.0	936.0	0.1237	0.0878	0.7096	-2333.557614
Sotub03g008380.1.1	Sotub07g016720.1.1	50.0000	320.8	1101.2	0.0056	0.4032	72.4970	-3387.503033	
Sotub03g008410.1.1	Sotub02g024500.1.1	0.6900	352.7	1066.3	0.1181	0.0805	0.6819	-2648.277223	
Sotub03g008410.1.1	Sotub07g016680.1.1	8.4077	360.7	1058.3	0.0246	0.2529	10.2843	-3160.670472	
Sotub03g008460.1.1	Sotub02g024530.1.1	4.6703	656.4	2229.6	0.1543	0.6930	4.4908	-7237.891721
Sotub03g008580.1.1	Sotub02g008160.1.1	2.4964	392.6	1206.4	0.0862	0.2310	2.6796	-3519.086264	
Sotub03g008620.1.1	Sotub02g024590.1.1	50.0000	89.5	297.5	0.0151	1.0365	68.6057	-1011.091433
Sotub03g008660.1.1	Sotub02g025620.1.1	1.2004	246.9	695.1	0.0480	0.0646	1.3447	-1764.822867	
Sotub03g008670.1.1	Sotub02g025630.1.1	1.3181	197.0	610.0	0.0976	0.1349	1.3822	-1646.321745	
Sotub03g008670.1.1	Sotub04g036300.1.1	50.0000	197.7	597.3	0.0033	0.2169	66.3546	-1769.670825	
Sotub03g008700.1.1	Sotub02g025770.1.1	0.6905	532.9	1456.1	0.1609	0.0960	0.5967	-3798.815553	
Sotub03g008700.1.1	Sotub04g036180.1.1	1.9766	554.1	1434.9	0.1010	0.1894	1.8746	-4264.322148	
Sotub03g008720.1.1	Sotub02g025780.1.1	2.4495	123.9	314.1	0.1386	0.2961	2.1361	-999.896913	
Sotub03g008720.1.1	Sotub04g036170.1.1	50.0000	126.7	308.3	0.0078	0.4383	56.1363	-1059.768564	
Sotub03g008770.1.1	Sotub02g009330.1.1	1.1305	165.8	680.2	0.1241	0.1581	1.2742	-1703.752222	
Sotub03g008770.1.1	Sotub02g009330.1.1	1.1305	165.8	680.2	0.1241	0.1581	1.2742	-1703.752222	
Sotub03g008770.1.1	Sotub02g025930.1.1	0.8272	191.0	679.0	0.1054	0.0963	0.9137	-1620.691281	
Sotub03g008780.1.1	Sotub02g025990.1.1	0.9986	189.8	665.2	0.2584	0.2033	0.7869	-1762.439607	
Sotub03g008790.1.1	Sotub02g026050.1.1	0.9952	522.4	1688.6	0.3772	0.2386	0.6327	-4689.397290	
Sotub03g008820.1.1	Sotub02g009400.1.1	0.5919	160.0	539.0	0.2635	0.1203	0.4567	-1327.826831	
Sotub03g008830.1.1	Sotub02g009410.1.1	0.8779	251.8	810.2	0.2235	0.1604	0.7180	-2177.636564	
Sotub03g008830.1.1	Sotub02g009410.1.1	0.8779	251.8	810.2	0.2235	0.1604	0.7180	-2177.636564	
Sotub03g008830.1.1	Sotub04g035960.1.1	50.0000	240.1	824.9	0.0058	0.4200	72.4768	-2557.971116	
Sotub03g008830.1.1	Sotub04g035960.1.1	50.0000	240.1	824.9	0.0058	0.4200	72.4768	-2557.971116	
Sotub03g008830.1.1	Sotub11g005400.1.1	50.0000	240.4	818.6	0.0110	0.7801	70.7612	-2742.103696	
Sotub03g008840.1.1	Sotub02g026150.1.1	0.6789	332.8	915.2	0.1783	0.1015	0.5694	-2374.145749	
Sotub03g008860.1.1	Sotub02g026160.1.1	0.7765	315.0	906.0	0.3798	0.1821	0.4795	-2465.331482	
Sotub03g008870.1.1	Sotub02g009460.1.1	1.1987	227.4	708.6	0.3110	0.2597	0.8352	-2015.962149	
Sotub03g008870.1.1	Sotub02g026170.1.1	0.9179	222.9	755.1	0.1642	0.1417	0.8625	-1968.606875	
Sotub03g008870.1.1	Sotub04g035880.1.1	3.0829	233.9	723.1	0.0987	0.3179	3.2216	-2191.557008	
Sotub03g008870.1.1	Sotub04g035880.1.1	3.0829	233.9	723.1	0.0987	0.3179	3.2216	-2191.557008	
Sotub03g008870.1.1	Sotub12g027870.1.1	2.5317	235.7	742.3	0.1310	0.3247	2.4793	-2233.113373	
Sotub03g008880.1.1	Sotub02g026220.1.1	0.8716	382.6	1228.4	0.1538	0.1260	0.8188	-3176.180415	
Sotub03g008920.1.1	Sotub01g049450.1.1	5.6962	165.7	572.3	0.1323	0.7681	5.8051	-1863.956344	
Sotub03g008920.1.1	Sotub02g026340.1.1	50.0000	159.5	590.5	0.0091	0.6889	75.8059	-1835.482108	
Sotub03g008920.1.1	Sotub04g035710.1.1	16.1849	154.5	598.5	0.0351	0.8135	23.1481	-1883.436464	
Sotub03g008920.1.1	Sotub04g035710.1.1	16.1849	154.5	598.5	0.0351	0.8135	23.1481	-1883.436464	
Sotub03g008960.1.1	Sotub02g026680.1.1	0.6046	151.9	523.1	0.1208	0.0764	0.6325	-1253.983229	
Sotub03g008960.1.1	Sotub04g035320.1.1	3.7549	153.0	519.0	0.0306	0.1524	4.9802	-1396.899729	
Sotub03g008960.1.1	Sotub04g035320.1.1	3.7549	153.0	519.0	0.0306	0.1524	4.9802	-1396.899729	
Sotub03g008970.1.1	Sotub02g026690.1.1	0.7210	180.9	533.1	0.1170	0.0825	0.7052	-1326.964461	
Sotub03g008980.1.1	Sotub02g026710.1.1	0.5646	244.6	823.4	0.0828	0.0532	0.6427	-1921.587446	
Sotub03g009000.1.1	Sotub02g026740.1.1	5.7893	106.7	364.3	0.0813	0.5420	6.6650	-1155.837092	
Sotub03g009030.1.1	Sotub02g026830.1.1	0.6143	227.7	684.3	0.1910	0.0995	0.5210	-1717.119673	
Sotub03g009040.1.1	Sotub02g026840.1.1	0.9695	202.7	625.3	0.2389	0.1815	0.7599	-1716.091002	
Sotub03g009050.1.1	Sotub02g026870.1.1	0.4864	569.9	1797.1	0.0824	0.0440	0.5345	-4138.874610	
Sotub03g009070.1.1	Sotub01g048970.1.1	1.0297	135.7	455.3	0.0348	0.0466	1.3383	-1077.147185	
Sotub03g009070.1.1	Sotub02g009800.1.1	0.4387	158.2	432.8	0.0283	0.0144	0.5072	-972.636604	
Sotub03g009070.1.1	Sotub02g026890.1.1	0.4074	146.2	444.8	0.0379	0.0186	0.4922	-978.466827	
Sotub03g009070.1.1	Sotub10g017350.1.1	1.1924	139.2	451.8	0.0414	0.0615	1.4877	-1109.296677	
Sotub03g009090.1.1	Sotub02g027030.1.1	1.0312	189.9	665.1	0.1741	0.1674	0.9613	-1739.986631	
Sotub03g009110.1.1	Sotub02g027070.1.1	0.7644	128.2	294.8	0.1295	0.0839	0.6478	-790.184108	
Sotub03g009140.1.1	Sotub01g048730.1.1	50.0000	154.8	448.2	0.0040	0.2588	64.1809	-1381.527780	
Sotub03g009140.1.1	Sotub02g027100.1.1	14.0557	162.6	431.4	0.0210	0.3405	16.2105	-1411.306333	
Sotub03g009150.1.1	Sotub02g027150.1.1	2.3893	119.7	300.3	0.0722	0.1709	2.3658	-818.996051	
Sotub03g009160.1.1	Sotub01g048690.1.1	2.8962	437.5	1473.5	0.0681	0.2335	3.4302	-4249.028169	
Sotub03g009160.1.1	Sotub02g009710.1.1	1.0718	468.3	1409.7	0.1619	0.1560	0.9632	-3845.757082	
Sotub03g009160.1.1	Sotub02g027170.1.1	1.0621	468.8	1445.2	0.0949	0.1061	1.1183	-3784.856005	
Sotub03g009180.1.1	Sotub01g017300.1.1	50.0000	56.9	291.1	0.0098	0.9533	96.9969	-896.718648
Sotub03g009200.1.1	Sotub02g009860.1.1	0.5244	118.5	379.5	0.1066	0.0584	0.5477	-868.767051	
Sotub03g009220.1.1	Sotub02g027200.1.1	0.4345	194.9	687.1	0.0449	0.0254	0.5659	-1469.303671	
Sotub03g009230.1.1	Sotub02g027270.1.1	1.1872	117.7	413.3	0.2001	0.2098	1.0484	-1100.747990	
Sotub03g009260.1.1	Sotub02g027330.1.1	0.5491	222.1	731.9	0.1938	0.0930	0.4798	-1726.113604	
Sotub03g009310.1.1	Sotub02g027530.1.1	1.4511	242.0	730.0	0.2667	0.2871	1.0765	-2196.209013	
Sotub03g009310.1.1	Sotub02g027730.1.1	50.0000	193.3	646.7	0.0134	0.9262	69.3173	-2216.694014	
Sotub03g009310.1.1	Sotub02g030330.1.1	7.8575	236.5	732.5	0.0793	0.6830	8.6166	-2491.034265	
Sotub03g009310.1.1	Sotub11g013010.1.1	8.7145	190.9	658.1	0.1206	1.1004	9.1271	-2251.852953	
Sotub03g009320.1.1	Sotub02g027580.1.1	1.1375	94.4	310.6	0.1096	0.1311	1.1953	-807.838787	
Sotub03g009340.1.1	Sotub02g010030.1.1	3.6569	289.9	1225.1	0.4836	1.0122	2.0929	-3913.329463	
Sotub03g009340.1.1	Sotub02g010030.1.1	3.6569	289.9	1225.1	0.4836	1.0122	2.0929	-3913.329463	
Sotub03g009340.1.1	Sotub02g010030.1.1	3.6569	289.9	1225.1	0.4836	1.0122	2.0929	-3913.329463	
Sotub03g009340.1.1	Sotub02g027630.1.1	3.8480	290.5	1212.5	0.3723	0.9674	2.5984	-3872.305877	
Sotub03g009350.1.1	Sotub02g027650.1.1	0.9248	204.1	608.9	0.2382	0.1710	0.7178	-1656.549840
Sotub03g009360.1.1	Sotub02g027670.1.1	0.9670	172.4	490.6	0.3634	0.2215	0.6094	-1389.751473	
Sotub03g009370.1.1	Sotub01g047740.1.1	50.0000	163.2	541.8	0.0080	0.5635	70.1109	-1773.942194	
Sotub03g009370.1.1	Sotub01g047740.1.1	50.0000	163.2	541.8	0.0080	0.5635	70.1109	-1773.942194	
Sotub03g009370.1.1	Sotub02g010040.1.1	2.0294	162.8	530.2	0.3566	0.4751	1.3322	-1685.290346	
Sotub03g009370.1.1	Sotub02g010040.1.1	2.0294	162.8	530.2	0.3566	0.4751	1.3322	-1685.290346	
Sotub03g009370.1.1	Sotub02g010040.1.1	2.0294	162.8	530.2	0.3566	0.4751	1.3322	-1685.290346	
Sotub03g009370.1.1	Sotub02g027710.1.1	2.0229	181.4	535.6	0.2959	0.4209	1.4225	-1716.050902	
Sotub03g009380.1.1	Sotub01g047570.1.1	50.0000	90.3	452.7	0.0190	1.7407	91.4714	-1383.707273
Sotub03g009380.1.1	Sotub02g010050.1.1	1.6257	90.6	452.4	0.1754	0.3037	1.7313	-1158.452021
Sotub03g009380.1.1	Sotub02g010050.1.1	1.6257	90.6	452.4	0.1754	0.3037	1.7313	-1158.452021
Sotub03g009380.1.1	Sotub02g027800.1.1	2.1229	103.4	427.6	0.1581	0.3473	2.1970	-1181.743742
Sotub03g009380.1.1	Sotub04g034360.1.1	10.1236	92.9	453.1	0.1004	1.3368	13.3148	-1397.724479
Sotub03g009400.1.1	Sotub02g010080.1.1	1.1915	223.6	727.4	0.1233	0.1487	1.2055	-1943.508639	
Sotub03g009400.1.1	Sotub02g010080.1.1	1.1915	223.6	727.4	0.1233	0.1487	1.2055	-1943.508639	
Sotub03g009400.1.1	Sotub02g010080.1.1	1.1915	223.6	727.4	0.1233	0.1487	1.2055	-1943.508639	
Sotub03g009400.1.1	Sotub02g027900.1.1	1.2286	226.6	724.4	0.1440	0.1695	1.1767	-1992.405828	
Sotub03g009400.1.1	Sotub04g034160.1.1	2.5190	192.2	758.8	0.1139	0.3265	2.8659	-2169.212142	
Sotub03g009470.1.1	Sotub02g028060.1.1	0.5361	146.0	436.0	0.0492	0.0306	0.6212	-1018.691892	
Sotub03g009490.1.1	Sotub02g010150.1.1	0.9508	313.7	931.3	0.1440	0.1269	0.8811	-2450.916822	
Sotub03g009490.1.1	Sotub02g010150.1.1	0.9508	313.7	931.3	0.1440	0.1269	0.8811	-2450.916822	
Sotub03g009490.1.1	Sotub02g010150.1.1	0.9508	313.7	931.3	0.1440	0.1269	0.8811	-2450.916822	
Sotub03g009490.1.1	Sotub02g028030.1.1	50.0000	290.2	951.8	0.0049	0.3415	70.2161	-2865.368783	
Sotub03g009490.1.1	Sotub04g034090.1.1	20.7154	250.7	805.3	0.0123	0.3429	27.9796	-2391.047675	
Sotub03g009660.1.1	Sotub02g028090.1.1	1.3734	173.3	513.7	0.3124	0.2943	0.9423	-1529.689823	
Sotub03g009660.1.1	Sotub04g034040.1.1	3.2149	174.6	512.4	0.3565	0.7346	2.0607	-1734.720972	
Sotub03g009700.1.1	Sotub04g033920.1.1	4.4407	215.5	690.5	0.0546	0.2892	5.2961	-2039.190847	
Sotub03g009710.1.1	Sotub02g010290.1.1	0.6902	318.5	851.5	0.1564	0.0932	0.5959	-2232.215922	
Sotub03g009710.1.1	Sotub02g010290.1.1	0.6902	318.5	851.5	0.1564	0.0932	0.5959	-2232.215922	
Sotub03g009710.1.1	Sotub02g028280.1.1	0.6586	315.5	845.5	0.1809	0.0984	0.5440	-2215.661438	
Sotub03g009720.1.1	Sotub02g010310.1.1	2.7438	120.2	503.8	0.2539	0.5840	2.3002	-1517.144230	
Sotub03g010180.1.1	Sotub02g031540.1.1	0.5810	216.6	695.4	0.1276	0.0738	0.5784	-1675.169036	
Sotub03g010210.1.1	Sotub02g031520.1.1	1.1075	252.1	755.9	0.1972	0.1829	0.9276	-2081.120528	
Sotub03g010220.1.1	Sotub02g031470.1.1	0.8906	123.1	500.9	0.1116	0.1155	1.0351	-1218.524467	
Sotub03g010330.1.1	Sotub02g031410.1.1	50.0000	226.0	788.0	0.0128	0.9176	71.5882	-2642.913806	
Sotub03g010350.1.1	Sotub02g031140.1.1	1.2485	511.2	1495.8	0.0783	0.1040	1.3294	-3971.900170	
Sotub03g010360.1.1	Sotub02g031110.1.1	0.3850	205.4	742.6	0.0340	0.0179	0.5274	-1555.676931	
Sotub03g010400.1.1	Sotub02g031070.1.1	0.9615	222.1	728.9	0.0996	0.1030	1.0341	-1857.905179	
Sotub03g010450.1.1	Sotub02g030970.1.1	0.7579	206.1	591.9	0.1720	0.1126	0.6548	-1535.938987	
Sotub03g011540.1.1	Sotub02g033090.1.1	2.1011	206.7	594.3	0.0459	0.1101	2.3978	-1604.778167	
Sotub03g011570.1.1	Sotub02g033110.1.1	2.1816	157.0	497.0	0.3573	0.5079	1.4215	-1604.180072	
Sotub03g011630.1.1	Sotub02g033150.1.1	0.9073	322.5	1069.5	0.2456	0.1767	0.7195	-2784.404178	
Sotub03g011730.1.1	Sotub02g033210.1.1	2.1057	423.7	1526.3	0.1144	0.2617	2.2874	-4298.462942	
Sotub03g011770.1.1	Sotub02g033230.1.1	6.1085	237.6	842.4	0.0530	0.4131	7.7918	-2544.495049	
Sotub03g011810.1.1	Sotub02g033340.1.1	0.9592	154.5	670.5	0.2198	0.1920	0.8738	-1630.488363	
Sotub03g012740.1.1	Sotub01g033680.1.1	2.6120	270.7	860.3	0.1216	0.3190	2.6240	-2617.904169	
Sotub03g012780.1.1	Sotub01g033640.1.1	2.4880	246.2	707.8	0.2162	0.4285	1.9818	-2257.106787	
Sotub03g012800.1.1	Sotub06g015950.1.1	1.0589	138.9	413.1	0.3323	0.2345	0.7055	-1168.013439	
Sotub03g012910.1.1	Sotub01g033560.1.1	4.2959	126.0	519.0	0.3110	0.9995	3.2136	-1641.332670	
Sotub03g012910.1.1	Sotub01g033560.1.1	4.2959	126.0	519.0	0.3110	0.9995	3.2136	-1641.332670	
Sotub03g012940.1.1	Sotub06g015960.1.1	0.9697	468.0	1578.0	0.2916	0.2078	0.7125	-4312.824239	
Sotub03g012990.1.1	Sotub06g016000.1.1	0.7701	131.3	438.7	0.1084	0.0887	0.8179	-1064.097024	
Sotub03g013000.1.1	Sotub06g016020.1.1	0.5349	564.9	1730.1	0.0954	0.0535	0.5606	-4085.934985	
Sotub03g013060.1.1	Sotub01g033540.1.1	5.1739	261.4	890.6	0.1383	0.7143	5.1664	-2918.833464	
Sotub03g013060.1.1	Sotub01g033540.1.1	5.1739	261.4	890.6	0.1383	0.7143	5.1664	-2918.833464	
Sotub03g013140.1.1	Sotub06g016030.1.1	1.0637	292.6	895.4	0.3384	0.2393	0.7073	-2540.588143	
Sotub03g013160.1.1	Sotub06g016070.1.1	7.4910	176.8	579.2	0.0838	0.7019	8.3763	-1931.434568	
Sotub03g013230.1.1	Sotub01g033460.1.1	1.5587	180.9	680.1	0.0343	0.0750	2.1908	-1671.942787	
Sotub03g013230.1.1	Sotub01g033460.1.1	1.5587	180.9	680.1	0.0343	0.0750	2.1908	-1671.942787	
Sotub03g013230.1.1	Sotub01g033460.1.1	1.5587	180.9	680.1	0.0343	0.0750	2.1908	-1671.942787	
Sotub03g013230.1.1	Sotub06g016080.1.1	0.4276	207.5	650.5	0.0870	0.0403	0.4629	-1486.900146	
Sotub03g013280.1.1	Sotub06g016090.1.1	0.8041	156.9	482.1	0.1310	0.1020	0.7783	-1223.635514	
Sotub03g013310.1.1	Sotub01g033430.1.1	2.4178	295.3	1030.7	0.0708	0.2054	2.9026	-2862.380288	
Sotub03g013320.1.1	Sotub06g016100.1.1	0.8192	237.5	689.5	0.1348	0.1032	0.7661	-1808.740303	
Sotub03g013340.1.1	Sotub01g033370.1.1	3.2099	274.9	949.1	0.1578	0.4867	3.0836	-2959.620036	
Sotub03g013350.1.1	Sotub06g016120.1.1	1.5748	90.3	326.7	0.2270	0.3021	1.3309	-927.258768	
Sotub03g013370.1.1	Sotub01g033330.1.1	1.7480	183.9	689.1	0.1124	0.2187	1.9464	-1895.513527	
Sotub03g013410.1.1	Sotub01g033250.1.1	27.2760	198.1	590.9	0.0194	0.6651	34.2303	-2003.746748	
Sotub03g013490.1.1	Sotub06g016130.1.1	1.6956	188.1	543.9	0.2349	0.3077	1.3101	-1637.746228	
Sotub03g013510.1.1	Sotub01g033210.1.1	2.6026	159.6	470.4	0.0384	0.1182	3.0765	-1297.141211	
Sotub03g013510.1.1	Sotub06g016150.1.1	0.5744	111.5	314.5	0.1329	0.0707	0.5321	-785.386248	
Sotub03g013560.1.1	Sotub01g033140.1.1	2.3096	121.5	379.5	0.0474	0.1311	2.7657	-1006.899599	
Sotub03g013620.1.1	Sotub01g033130.1.1	50.0000	282.1	1028.9	0.0092	0.6863	74.9489	-3299.098848	
Sotub03g013650.1.1	Sotub01g033080.1.1	3.8789	128.6	519.4	0.1731	0.6637	3.8347	-1598.999123	
Sotub03g013690.1.1	Sotub01g032960.1.1	2.6226	309.7	872.3	0.1004	0.2611	2.6009	-2652.740587	
Sotub03g013720.1.1	Sotub01g032950.1.1	50.0000	87.6	362.4	0.0098	0.8047	82.3324	-1139.922379	
Sotub03g013730.1.1	Sotub01g032940.1.1	1.1396	105.7	317.3	0.0178	0.0257	1.4438	-758.790580	
Sotub03g013860.1.1	Sotub02g030940.1.1	0.6460	223.1	598.9	0.1058	0.0654	0.6179	-1515.016111	
Sotub03g013890.1.1	Sotub02g030860.1.1	1.0194	108.1	353.9	0.2291	0.1901	0.8298	-972.676883	
Sotub03g013900.1.1	Sotub02g030830.1.1	0.5806	122.1	420.9	0.0886	0.0584	0.6592	-990.084213	
Sotub03g013910.1.1	Sotub02g030760.1.1	0.5461	420.2	1316.8	0.1510	0.0771	0.5108	-3173.158946	
Sotub03g013930.1.1	Sotub02g030730.1.1	0.7733	244.8	736.2	0.2053	0.1311	0.6386	-1959.712294	
Sotub03g014000.1.1	Sotub02g030710.1.1	27.1190	100.1	367.9	0.0077	0.3166	41.0794	-1059.428833	
Sotub03g014010.1.1	Sotub02g030660.1.1	1.2651	121.9	358.1	0.1329	0.1587	1.1944	-987.504900	
Sotub03g014260.1.1	Sotub02g030350.1.1	8.4385	308.0	1012.0	0.0583	0.5900	10.1169	-3313.928012	
Sotub03g014850.1.1	Sotub01g030800.1.1	50.0000	297.0	1020.0	0.0065	0.4722	72.2917	-3212.228491	
Sotub03g014850.1.1	Sotub06g013540.1.1	0.7298	322.4	994.6	0.0849	0.0669	0.7875	-2429.471898	
Sotub03g014860.1.1	Sotub06g013560.1.1	50.0000	201.3	623.7	0.0094	0.6241	66.3792	-2051.412297	
Sotub03g014990.1.1	Sotub01g030870.1.1	2.7031	186.8	635.2	0.1394	0.3750	2.6896	-1927.924775	
Sotub03g015000.1.1	Sotub01g030890.1.1	2.6526	247.7	796.3	0.2370	0.5012	2.1151	-2564.633755	
Sotub03g015040.1.1	Sotub06g013610.1.1	0.7972	177.4	584.6	0.1751	0.1268	0.7238	-1491.886577	
Sotub03g015060.1.1	Sotub06g013620.1.1	1.4924	341.1	1068.9	0.0600	0.1038	1.7309	-2786.220139	
Sotub03g015070.1.1	Sotub01g030940.1.1	2.0966	125.1	498.9	0.1024	0.2535	2.4754	-1375.055167	
Sotub03g015320.1.1	Sotub01g031930.1.1	2.2817	302.8	975.2	0.1056	0.2529	2.3952	-2860.913307	
Sotub03g015340.1.1	Sotub01g031950.1.1	6.0411	134.7	390.3	0.0357	0.2538	7.1154	-1145.007770	
Sotub03g015380.1.1	Sotub01g032060.1.1	3.6932	253.2	784.8	0.1537	0.5254	3.4186	-2564.228705	
Sotub03g015590.1.1	Sotub01g032220.1.1	3.2359	378.0	1029.0	0.1229	0.3698	3.0080	-3286.460624	
Sotub03g015720.1.1	Sotub01g032290.1.1	50.0000	147.8	446.2	0.0097	0.6319	65.0897	-1447.151967	
Sotub03g017420.1.1	Sotub08g008540.1.1	50.0000	307.4	985.6	0.0027	0.1882	69.4947	-2789.554027	
Sotub03g017690.1.1	Sotub08g022010.1.1	44.8037	372.0	1185.0	0.0103	0.6234	60.5269	-3912.563040	
Sotub03g017700.1.1	Sotub08g008680.1.1	1.5526	540.8	1565.2	0.0296	0.0549	1.8564	-3977.712296	
Sotub03g017700.1.1	Sotub08g021990.1.1	1.5779	532.2	1570.8	0.0306	0.0583	1.9063	-3996.080750	
Sotub03g017740.1.1	Sotub08g008730.1.1	2.9838	339.7	1217.3	0.1536	0.4516	2.9401	-3764.694236	
Sotub03g017750.1.1	Sotub08g021810.1.1	8.7739	99.7	344.3	0.0088	0.1110	12.6446	-889.817352	
Sotub03g017760.1.1	Sotub08g021770.1.1	2.3342	188.0	529.0	0.0634	0.1597	2.5183	-1474.421301	
Sotub03g017770.1.1	Sotub08g021720.1.1	3.0260	154.1	580.9	0.0961	0.3393	3.5322	-1691.916230	
Sotub03g019230.1.1	Sotub02g009790.1.1	6.9308	167.6	534.4	0.0841	0.6419	7.6316	-1747.246340	
Sotub03g024810.1.1	Sotub06g027010.1.1	0.9137	274.2	928.8	0.2044	0.1614	0.7896	-2468.360899	
Sotub03g024830.1.1	Sotub02g013320.1.1	2.9996	84.6	305.4	0.1079	0.3579	3.3174	-911.590281	
Sotub03g024830.1.1	Sotub02g013320.1.1	2.9996	84.6	305.4	0.1079	0.3579	3.3174	-911.590281	
Sotub03g024830.1.1	Sotub02g035120.1.1	7.1503	83.2	294.8	0.0343	0.3311	9.6528	-874.083729	
Sotub03g024830.1.1	Sotub02g035120.1.1	7.1503	83.2	294.8	0.0343	0.3311	9.6528	-874.083729	
Sotub03g024840.1.1	Sotub02g013310.1.1	11.4942	247.8	904.2	0.0316	0.5040	15.9732	-2777.968226	
Sotub03g024840.1.1	Sotub02g013310.1.1	11.4942	247.8	904.2	0.0316	0.5040	15.9732	-2777.968226	
Sotub03g024840.1.1	Sotub06g026980.1.1	1.7835	258.3	971.7	0.3033	0.4010	1.3221	-2804.725709	
Sotub03g024850.1.1	Sotub02g013300.1.1	2.8308	79.2	349.8	0.0083	0.0409	4.9303	-790.775301	
Sotub03g024850.1.1	Sotub02g013300.1.1	2.8308	79.2	349.8	0.0083	0.0409	4.9303	-790.775301	
Sotub03g024850.1.1	Sotub02g035100.1.1	1.5243	84.9	344.1	0.0095	0.0236	2.4721	-762.022232	
Sotub03g024850.1.1	Sotub02g035100.1.1	1.5243	84.9	344.1	0.0095	0.0236	2.4721	-762.022232	
Sotub03g024850.1.1	Sotub06g026970.1.1	0.6514	82.4	346.6	0.0483	0.0454	0.9391	-769.264105	
Sotub03g024860.1.1	Sotub06g026960.1.1	1.1192	227.1	678.9	0.3998	0.2711	0.6781	-1947.246299	
Sotub03g024870.1.1	Sotub06g026930.1.1	0.8860	81.9	260.1	0.3581	0.2066	0.5770	-703.562393	
Sotub03g024890.1.1	Sotub06g026920.1.1	1.1120	641.4	2151.6	0.4195	0.2813	0.6705	-6135.011833	
Sotub03g024930.1.1	Sotub02g035030.1.1	2.2889	139.8	451.2	0.2028	0.3953	1.9492	-1389.248452	
Sotub03g024930.1.1	Sotub02g035030.1.1	2.2889	139.8	451.2	0.2028	0.3953	1.9492	-1389.248452	
Sotub03g025050.1.1	Sotub06g029610.1.1	1.5450	129.7	677.3	0.1068	0.2196	2.0568	-1710.271490	
Sotub03g025090.1.1	Sotub06g029570.1.1	2.0930	103.4	502.6	0.1418	0.3431	2.4203	-1362.008176	
Sotub03g025140.1.1	Sotub06g029550.1.1	1.1388	191.3	678.7	0.1648	0.1795	1.0895	-1777.174039	
Sotub03g025440.1.1	Sotub03g026650.1.1	50.0000	217.2	823.8	0.0113	0.8667	76.5793	-2687.402151	
Sotub03g025440.1.1	Sotub08g013940.1.1	50.0000	217.4	832.6	0.0120	0.9268	76.9367	-2716.655409	
Sotub03g025490.1.1	Sotub08g013900.1.1	50.0000	199.3	727.7	0.0149	1.0948	73.5250	-2438.723522	
Sotub03g025610.1.1	Sotub08g013870.1.1	7.7289	112.7	412.3	0.1240	1.0240	8.2579	-1372.480783	
Sotub03g025640.1.1	Sotub03g026980.1.1	12.0049	235.4	829.6	0.0770	1.0967	14.2374	-2742.933562	
Sotub03g025650.1.1	Sotub06g029490.1.1	0.9740	215.7	723.3	0.3310	0.2217	0.6698	-1955.508292	
Sotub03g025660.1.1	Sotub06g029470.1.1	1.0204	162.5	590.5	0.1005	0.1160	1.1546	-1489.961537	
Sotub03g025720.1.1	Sotub05g014160.1.1	9.2141	94.6	304.4	0.0293	0.3467	11.8334	-908.222385	
Sotub03g025720.1.1	Sotub06g029410.1.1	0.7146	99.4	299.6	0.1420	0.0951	0.6695	-760.452830	
Sotub03g025770.1.1	Sotub06g029370.1.1	0.9502	260.6	906.4	0.1512	0.1405	0.9294	-2354.533640	
Sotub03g025840.1.1	Sotub06g029320.1.1	1.0662	142.3	454.7	0.2947	0.2263	0.7679	-1257.286999	
Sotub03g025910.1.1	Sotub05g014340.1.1	22.8475	344.7	1017.3	0.0260	0.7278	27.9456	-3423.326126	
Sotub03g026090.1.1	Sotub06g029280.1.1	1.0755	149.9	483.1	0.1785	0.1715	0.9612	-1305.275486	
Sotub03g026100.1.1	Sotub06g029270.1.1	0.7317	289.3	982.7	0.0500	0.0458	0.9168	-2255.939925	
Sotub03g026110.1.1	Sotub06g029260.1.1	0.4983	203.0	760.0	0.0893	0.0527	0.5905	-1709.047556	
Sotub03g026190.1.1	Sotub05g014630.1.1	3.1751	174.5	587.5	0.2335	0.6042	2.5873	-1892.615837	
Sotub03g026200.1.1	Sotub05g014700.1.1	1.6006	253.7	811.3	0.0862	0.1513	1.7560	-2213.127518	
Sotub03g026650.1.1	Sotub01g017550.1.1	50.0000	237.3	803.7	0.0115	0.8126	70.3680	-2699.571086	
Sotub03g026650.1.1	Sotub07g023380.1.1	50.0000	246.3	797.7	0.0113	0.7732	68.1378	-2673.625622	
Sotub03g026730.1.1	Sotub02g013510.1.1	50.0000	229.6	895.4	0.0072	0.5725	79.4219	-2770.194116	
Sotub03g026730.1.1	Sotub07g023360.1.1	50.0000	230.7	891.3	0.0087	0.6818	78.4272	-2825.554756	
Sotub03g026740.1.1	Sotub01g017560.1.1	14.0968	189.7	626.3	0.0073	0.1447	19.7310	-1667.352225	
Sotub03g026740.1.1	Sotub02g013350.1.1	5.6686	186.3	668.7	0.0088	0.0740	8.4061	-1636.208782	
Sotub03g026740.1.1	Sotub06g027090.1.1	0.4703	219.8	635.2	0.0898	0.0435	0.4841	-1486.539684	
Sotub03g026750.1.1	Sotub01g017570.1.1	4.3750	100.4	316.6	0.1081	0.4882	4.5165	-1005.917091	
Sotub03g026750.1.1	Sotub02g013340.1.1	8.1424	100.0	317.0	0.0561	0.5388	9.6056	-1012.371820	
Sotub03g026810.1.1	Sotub06g027180.1.1	2.7874	339.1	1205.9	0.1176	0.3510	2.9854	-3599.087162	
Sotub03g026860.1.1	Sotub06g027190.1.1	0.6824	417.6	1448.4	0.1307	0.0914	0.6993	-3516.016238	
Sotub03g026940.1.1	Sotub06g027220.1.1	1.0158	383.9	1299.1	0.2556	0.2035	0.7959	-3508.868665	
Sotub03g026970.1.1	Sotub06g027260.1.1	0.9236	109.3	346.7	0.1793	0.1468	0.8188	-938.006098	
Sotub03g027000.1.1	Sotub06g027290.1.1	3.1001	180.3	713.7	0.4290	0.8147	1.8990	-2241.487327	
Sotub03g027040.1.1	Sotub06g027310.1.1	0.7041	162.6	524.4	0.3067	0.1529	0.4985	-1358.174455	
Sotub03g027220.1.1	Sotub02g035670.1.1	6.4461	275.6	810.4	0.0421	0.3170	7.5336	-2544.247838	
Sotub03g027450.1.1	Sotub02g035870.1.1	2.3139	58.5	244.5	0.0522	0.1712	3.2815	-617.726268	
Sotub03g027530.1.1	Sotub02g035920.1.1	50.0000	224.6	693.4	0.0041	0.2783	67.2494	-2097.598788	
Sotub03g027590.1.1	Sotub02g035970.1.1	3.5431	182.3	474.7	0.1604	0.4816	3.0027	-1585.889199	
Sotub03g027710.1.1	Sotub02g036050.1.1	6.3424	214.8	667.2	0.0743	0.5240	7.0522	-2173.759403	
Sotub03g027740.1.1	Sotub02g036080.1.1	2.6139	418.3	1339.7	0.0736	0.2181	2.9632	-3805.394934	
Sotub03g027770.1.1	Sotub02g036110.1.1	13.6544	180.1	524.9	0.0271	0.4480	16.5094	-1693.725851	
Sotub03g028190.1.1	Sotub02g012510.1.1	6.7981	138.5	548.5	0.0699	0.6151	8.8017	-1661.921569	
Sotub03g028190.1.1	Sotub02g033480.1.1	7.7427	147.2	530.8	0.0739	0.6939	9.3882	-1661.158148	
Sotub03g028190.1.1	Sotub02g033480.1.1	7.7427	147.2	530.8	0.0739	0.6939	9.3882	-1661.158148	
Sotub03g028230.1.1	Sotub05g006470.1.1	12.4718	128.1	342.9	0.0368	0.5127	13.9177	-1130.541618	
Sotub03g028240.1.1	Sotub05g006480.1.1	5.1394	299.6	828.4	0.0991	0.5019	5.0623	-2751.706468	
Sotub03g028260.1.1	Sotub05g006360.1.1	3.9731	214.6	721.4	0.1373	0.5425	3.9524	-2279.206438	
Sotub03g028270.1.1	Sotub12g017330.1.1	0.6346	311.6	1029.4	0.0907	0.0635	0.7004	-2439.172634	
Sotub03g028280.1.1	Sotub12g017340.1.1	0.7709	135.8	374.2	0.1871	0.1192	0.6369	-971.029391	
Sotub03g028340.1.1	Sotub05g006160.1.1	3.8592	179.6	705.4	0.1120	0.4930	4.4033	-2117.300568	
Sotub03g028360.1.1	Sotub05g006030.1.1	3.7124	155.4	498.6	0.1065	0.4134	3.8820	-1525.842727	
Sotub03g028370.1.1	Sotub02g012590.1.1	2.0705	106.1	370.9	0.0726	0.1796	2.4741	-1007.379204	
Sotub03g028370.1.1	Sotub02g012590.1.1	2.0705	106.1	370.9	0.0726	0.1796	2.4741	-1007.379204	
Sotub03g028370.1.1	Sotub02g012590.1.1	2.0705	106.1	370.9	0.0726	0.1796	2.4741	-1007.379204	
Sotub03g028370.1.1	Sotub02g033670.1.1	2.1592	89.3	387.7	0.0817	0.2317	2.8374	-1055.272446	
Sotub03g028370.1.1	Sotub02g033670.1.1	2.1592	89.3	387.7	0.0817	0.2317	2.8374	-1055.272446	
Sotub03g028370.1.1	Sotub05g006010.1.1	1.7935	86.4	390.6	0.0656	0.1671	2.5464	-998.125035	
Sotub03g028390.1.1	Sotub05g006000.1.1	3.2879	107.0	430.0	0.1739	0.5629	3.2371	-1343.531845	
Sotub03g028400.1.1	Sotub02g012600.1.1	1.4803	227.2	822.8	0.0440	0.0865	1.9666	-2043.270379	
Sotub03g028400.1.1	Sotub02g012600.1.1	1.4803	227.2	822.8	0.0440	0.0865	1.9666	-2043.270379	
Sotub03g028400.1.1	Sotub02g012600.1.1	1.4803	227.2	822.8	0.0440	0.0865	1.9666	-2043.270379	
Sotub03g028400.1.1	Sotub02g033720.1.1	1.7091	224.6	825.4	0.0347	0.0820	2.3618	-2030.413560	
Sotub03g028400.1.1	Sotub02g033720.1.1	1.7091	224.6	825.4	0.0347	0.0820	2.3618	-2030.413560	
Sotub03g028400.1.1	Sotub05g005970.1.1	1.3528	234.6	815.4	0.0336	0.0607	1.8077	-1979.235865	
Sotub03g028410.1.1	Sotub02g012620.1.1	18.8860	301.3	904.7	0.0113	0.2760	24.3708	-2739.508882	
Sotub03g028410.1.1	Sotub02g012620.1.1	18.8860	301.3	904.7	0.0113	0.2760	24.3708	-2739.508882	
Sotub03g028410.1.1	Sotub02g033770.1.1	2.1744	289.6	916.4	0.1135	0.2520	2.2207	-2698.112775	
Sotub03g028410.1.1	Sotub02g033770.1.1	2.1744	289.6	916.4	0.1135	0.2520	2.2207	-2698.112775	
Sotub03g028440.1.1	Sotub05g006430.1.1	50.0000	293.0	937.0	0.0231	1.5039	65.1517	-3200.564260	
Sotub03g028510.1.1	Sotub02g012650.1.1	2.6412	120.3	395.7	0.1059	0.2965	2.8001	-1151.777221	
Sotub03g028510.1.1	Sotub02g012650.1.1	2.6412	120.3	395.7	0.1059	0.2965	2.8001	-1151.777221	
Sotub03g028510.1.1	Sotub02g012650.1.1	2.6412	120.3	395.7	0.1059	0.2965	2.8001	-1151.777221	
Sotub03g028520.1.1	Sotub02g033890.1.1	9.0779	461.8	1332.2	0.0553	0.5609	10.1361	-4431.571967	
Sotub03g028520.1.1	Sotub02g033890.1.1	9.0779	461.8	1332.2	0.0553	0.5609	10.1361	-4431.571967	
Sotub03g028610.1.1	Sotub02g034080.1.1	3.2086	422.0	1357.0	0.1563	0.4689	3.0007	-4275.837161	
Sotub03g028610.1.1	Sotub02g034080.1.1	3.2086	422.0	1357.0	0.1563	0.4689	3.0007	-4275.837161	
Sotub03g028640.1.1	Sotub05g005790.1.1	3.0752	208.1	742.9	0.2629	0.6353	2.4166	-2345.211201	
Sotub03g028860.1.1	Sotub02g034190.1.1	2.3570	219.5	677.5	0.0187	0.0568	3.0345	-1692.012765	
Sotub03g028860.1.1	Sotub02g034190.1.1	2.3570	219.5	677.5	0.0187	0.0568	3.0345	-1692.012765	
Sotub03g028910.1.1	Sotub10g007150.1.1	38.5064	193.0	569.0	0.0189	0.9094	47.9962	-1981.328043
Sotub03g028940.1.1	Sotub02g034220.1.1	6.0608	180.5	890.5	0.0968	0.7856	8.1131	-2640.601230	
Sotub03g028940.1.1	Sotub02g034220.1.1	6.0608	180.5	890.5	0.0968	0.7856	8.1131	-2640.601230	
Sotub03g028940.1.1	Sotub04g005050.1.1	5.9994	191.3	963.7	0.0540	0.5123	9.4914	-2740.731530	
Sotub03g028940.1.1	Sotub05g005550.1.1	5.2539	162.8	878.2	0.0671	0.5517	8.2236	-2472.189297	
Sotub03g028970.1.1	Sotub05g005520.1.1	4.3858	177.8	614.2	0.0610	0.3279	5.3786	-1813.198170	
Sotub03g028990.1.1	Sotub05g005500.1.1	5.7858	341.5	1206.5	0.0604	0.4354	7.2045	-3711.613753	
Sotub03g029030.1.1	Sotub02g034300.1.1	4.3985	306.5	956.5	0.3264	0.9769	2.9931	-3253.795687	
Sotub03g029030.1.1	Sotub02g034300.1.1	4.3985	306.5	956.5	0.3264	0.9769	2.9931	-3253.795687	
Sotub03g029050.1.1	Sotub01g032240.1.1	50.0000	285.4	1022.6	0.0104	0.7692	73.6272	-3324.583730	
Sotub03g029050.1.1	Sotub02g034440.1.1	5.2474	258.5	1031.5	0.1037	0.6403	6.1744	-3210.018346	
Sotub03g029050.1.1	Sotub02g034440.1.1	5.2474	258.5	1031.5	0.1037	0.6403	6.1744	-3210.018346	
Sotub03g029050.1.1	Sotub02g036340.1.1	50.0000	303.1	1004.9	0.0113	0.7865	69.3219	-3316.628762	
Sotub03g029050.1.1	Sotub04g005090.1.1	50.0000	276.0	1005.0	0.0092	0.6861	74.8459	-3194.696503	
Sotub03g029050.1.1	Sotub05g005410.1.1	7.4081	275.6	1011.4	0.0865	0.7571	8.7518	-3240.590701	
Sotub03g029050.1.1	Sotub09g028680.1.1	10.5419	271.1	1027.9	0.0507	0.7164	14.1190	-3291.012996	
Sotub03g029050.1.1	Sotub10g006940.1.1	50.0000	271.0	1025.0	0.0101	0.7768	76.7597	-3291.584724	
Sotub03g029050.1.1	Sotub11g020950.1.1	50.0000	217.2	787.8	0.0081	0.6090	74.9171	-2480.003957	
Sotub03g029090.1.1	Sotub09g028920.1.1	50.0000	161.6	576.4	0.0119	0.8683	73.0044	-1905.266032	
Sotub03g029120.1.1	Sotub05g005350.1.1	2.4472	120.4	386.6	0.0699	0.1960	2.8057	-1092.174398	
Sotub03g029140.1.1	Sotub02g034520.1.1	1.7692	207.9	671.1	0.0650	0.1340	2.0612	-1813.705764	
Sotub03g029140.1.1	Sotub02g034520.1.1	1.7692	207.9	671.1	0.0650	0.1340	2.0612	-1813.705764	
Sotub03g029150.1.1	Sotub07g006560.1.1	3.8701	337.8	1126.2	0.1472	0.5521	3.7504	-3641.030327	
Sotub03g029190.1.1	Sotub02g012870.1.1	1.5465	203.7	672.3	0.0712	0.1278	1.7954	-1791.701403	
Sotub03g029190.1.1	Sotub07g006610.1.1	50.0000	188.7	639.3	0.0076	0.5431	71.2812	-2046.413915	
Sotub03g029190.1.1	Sotub11g021080.1.1	4.7913	186.0	696.0	0.0915	0.5161	5.6430	-2166.529415	
Sotub03g029200.1.1	Sotub01g032060.1.1	50.0000	239.0	808.0	0.0123	0.8646	70.0761	-2738.923374	
Sotub03g029200.1.1	Sotub05g025710.1.1	50.0000	229.0	842.0	0.0104	0.7820	75.0680	-2740.009233	
Sotub03g029200.1.1	Sotub10g006920.1.1	5.2973	213.4	791.6	0.1676	0.8592	5.1283	-2598.188440	
Sotub03g029200.1.1	Sotub11g021090.1.1	50.0000	220.4	823.6	0.0096	0.7287	76.2130	-2690.861544	
Sotub03g029230.1.1	Sotub05g005140.1.1	3.0513	253.6	931.4	0.0450	0.1837	4.0786	-2511.392718	
Sotub03g029240.1.1	Sotub05g005110.1.1	3.7850	164.4	489.6	0.0390	0.1754	4.4958	-1382.092038	
Sotub03g029270.1.1	Sotub01g031980.1.1	5.9670	286.8	1012.2	0.1268	0.7889	6.2238	-3303.817405	
Sotub03g029270.1.1	Sotub02g034690.1.1	7.5048	296.4	1008.6	0.0748	0.6566	8.7801	-3271.997834	
Sotub03g029270.1.1	Sotub02g034690.1.1	7.5048	296.4	1008.6	0.0748	0.6566	8.7801	-3271.997834	
Sotub03g029270.1.1	Sotub02g036530.1.1	23.3799	288.5	1004.5	0.0252	0.8095	32.1111	-3317.093645	
Sotub03g029270.1.1	Sotub09g029230.1.1	28.4335	284.8	1011.2	0.0147	0.6032	40.9827	-3217.973464	
Sotub03g029270.1.1	Sotub10g006940.1.1	50.0000	283.8	1009.2	0.0103	0.7523	73.2605	-3294.657016	
Sotub03g029340.1.1	Sotub02g034680.1.1	50.0000	143.2	618.8	0.0044	0.3813	87.0108	-1763.428014	
Sotub03g029340.1.1	Sotub02g034680.1.1	50.0000	143.2	618.8	0.0044	0.3813	87.0108	-1763.428014	
Sotub03g029340.1.1	Sotub05g010110.1.1	50.0000	131.0	619.0	0.0083	0.7619	91.7896	-1859.041562	
Sotub03g029340.1.1	Sotub10g006640.1.1	50.0000	138.1	620.9	0.0070	0.6189	88.7871	-1862.260403	
Sotub03g029370.1.1	Sotub02g034760.1.1	3.0711	160.4	529.6	0.0478	0.1817	3.8044	-1487.126681	
Sotub03g029370.1.1	Sotub02g034760.1.1	3.0711	160.4	529.6	0.0478	0.1817	3.8044	-1487.126681	
Sotub03g029370.1.1	Sotub05g010040.1.1	2.5155	150.3	551.7	0.0535	0.1752	3.2732	-1490.042870	
Sotub03g029420.1.1	Sotub02g013070.1.1	4.8133	163.1	508.9	0.0535	0.3028	5.6645	-1530.297681	
Sotub03g029420.1.1	Sotub02g034790.1.1	3.9794	170.7	498.3	0.0884	0.3651	4.1318	-1536.434352	
Sotub03g029420.1.1	Sotub02g034790.1.1	3.9794	170.7	498.3	0.0884	0.3651	4.1318	-1536.434352	
Sotub03g029420.1.1	Sotub05g009960.1.1	3.2232	152.7	516.3	0.1291	0.4229	3.2764	-1569.928465	
Sotub03g029470.1.1	Sotub10g006570.1.1	50.0000	273.1	1055.9	0.0105	0.8169	77.9515	-3410.276192	
Sotub03g029540.1.1	Sotub02g034900.1.1	3.2870	145.5	559.5	0.1418	0.4872	3.4356	-1699.866125	
Sotub03g029540.1.1	Sotub02g034900.1.1	3.2870	145.5	559.5	0.1418	0.4872	3.4356	-1699.866125	
Sotub03g029590.1.1	Sotub05g010520.1.1	1.8998	302.0	934.0	0.0578	0.1272	2.1985	-2480.259518	
Sotub03g029600.1.1	Sotub05g010530.1.1	3.9826	233.1	813.9	0.1769	0.6520	3.6860	-2589.022910	
Sotub03g029780.1.1	Sotub05g010820.1.1	6.0892	145.0	617.0	0.0732	0.5954	8.1347	-1885.508905	
Sotub03g031330.1.1	Sotub06g025530.1.1	1.3409	408.5	1169.5	0.0454	0.0693	1.5280	-2984.438404	
Sotub03g031340.1.1	Sotub06g025540.1.1	0.7364	213.8	614.2	0.1790	0.1124	0.6278	-1592.666841	
Sotub03g031420.1.1	Sotub06g025580.1.1	0.8814	531.5	1682.5	0.1815	0.1411	0.7772	-4444.833122	
Sotub03g031470.1.1	Sotub06g025560.1.1	0.8990	326.2	999.8	0.1741	0.1383	0.7944	-2639.687535	
Sotub03g031520.1.1	Sotub06g025690.1.1	50.0000	221.1	807.9	0.0082	0.6153	75.3198	-2527.125162	
Sotub03g031540.1.1	Sotub06g025630.1.1	0.9687	200.7	612.3	0.1442	0.1310	0.9085	-1608.278035	
Sotub03g031560.1.1	Sotub06g025640.1.1	1.6957	133.6	448.4	0.1859	0.2818	1.5160	-1314.811198	
Sotub03g031590.1.1	Sotub06g025680.1.1	0.9814	168.9	518.1	0.1230	0.1188	0.9661	-1357.651535	
Sotub03g031630.1.1	Sotub06g025710.1.1	50.0000	64.5	313.5	0.0065	0.6168	94.6807	-918.226102	
Sotub03g032510.1.1	Sotub06g025890.1.1	0.9381	213.6	719.4	0.0359	0.0437	1.2184	-1693.018498	
Sotub03g032580.1.1	Sotub06g025900.1.1	1.0373	267.4	707.6	0.2789	0.2023	0.7254	-2062.198574	
Sotub03g032650.1.1	Sotub06g025920.1.1	0.4915	279.4	821.6	0.0958	0.0482	0.5037	-1938.358035	
Sotub03g032870.1.1	Sotub07g008160.1.1	8.1599	212.9	756.1	0.0542	0.5628	10.3830	-2425.617141	
Sotub03g033020.1.1	Sotub06g025770.1.1	0.9891	140.3	381.7	0.2934	0.2001	0.6821	-1109.142719	
Sotub03g033210.1.1	Sotub06g026130.1.1	1.2759	321.9	896.1	0.2024	0.2083	1.0293	-2642.212624	
Sotub03g033320.1.1	Sotub06g026160.1.1	3.1130	136.5	541.5	0.2052	0.5830	2.8414	-1626.180798	
Sotub03g033380.1.1	Sotub06g026180.1.1	3.1861	100.2	271.8	0.1156	0.3469	3.0008	-876.830708	
Sotub03g033410.1.1	Sotub06g026200.1.1	1.4217	262.1	766.9	0.4337	0.3556	0.8200	-2377.802446	
Sotub03g034720.1.1	Sotub12g022990.1.1	0.6324	410.6	1107.4	0.1965	0.1001	0.5093	-2862.817277	
Sotub03g034750.1.1	Sotub12g022980.1.1	1.6153	123.9	422.1	0.2269	0.3037	1.3385	-1209.830693	
Sotub03g034860.1.1	Sotub12g022950.1.1	0.4917	150.0	495.0	0.0850	0.0468	0.5503	-1120.003266	
Sotub03g034950.1.1	Sotub12g023140.1.1	0.3702	231.8	818.2	0.0442	0.0214	0.4835	-1746.154454	
Sotub03g035000.1.1	Sotub12g028400.1.1	3.8232	162.0	546.0	0.0476	0.2285	4.7992	-1533.800350	
Sotub03g035010.1.1	Sotub12g028390.1.1	50.0000	151.4	472.6	0.0029	0.1981	68.0738	-1341.160459	
Sotub03g035050.1.1	Sotub12g028380.1.1	2.7084	196.9	583.1	0.0612	0.1852	3.0276	-1633.175626	
Sotub03g035070.1.1	Sotub12g023220.1.1	1.3349	156.9	395.1	0.0383	0.0547	1.4277	-1043.645372	
Sotub03g035170.1.1	Sotub08g012700.1.1	6.1292	111.0	405.0	0.0563	0.4440	7.8796	-1240.626344	
Sotub03g035180.1.1	Sotub08g012680.1.1	5.1045	255.6	935.4	0.0690	0.4370	6.3302	-2846.216183
Sotub03g035250.1.1	Sotub08g012640.1.1	50.0000	177.4	575.6	0.0032	0.2233	70.0088	-1593.573455	
Sotub03g035290.1.1	Sotub08g012610.1.1	4.1946	227.3	984.7	0.1419	0.6553	4.6168	-3010.724529	
Sotub03g035320.1.1	Sotub03g020060.1.1	12.2626	208.2	727.8	0.0705	1.0398	14.7428	-2370.866552
Sotub03g035340.1.1	Sotub03g020020.1.1	13.0654	167.5	480.5	0.0559	0.8114	14.5191	-1671.840328	
Sotub03g035340.1.1	Sotub07g014340.1.1	5.4711	255.0	816.0	0.0460	0.3069	6.6772	-2481.568727	
Sotub03g035340.1.1	Sotub12g023600.1.1	31.0404	228.7	836.3	0.0157	0.7153	45.5670	-2721.680088	
Sotub03g035360.1.1	Sotub12g022760.1.1	0.6222	551.0	1708.0	0.1337	0.0804	0.6011	-4151.462408	
Sotub03g035370.1.1	Sotub07g014330.1.1	2.3634	189.6	623.4	0.0520	0.1501	2.8842	-1679.331720	
Sotub03g035380.1.1	Sotub12g022750.1.1	0.6514	419.9	1251.1	0.1097	0.0714	0.6513	-3078.292753	
Sotub03g035400.1.1	Sotub07g014260.1.1	1.8031	478.1	1606.9	0.0999	0.1960	1.9625	-4449.705975	
Sotub03g035400.1.1	Sotub12g022740.1.1	0.5622	487.7	1609.3	0.1805	0.0911	0.5050	-3892.126478	
Sotub03g035440.1.1	Sotub05g008130.1.1	6.0066	139.1	499.9	0.0537	0.4139	7.7077	-1508.768286	
Sotub03g035450.1.1	Sotub07g014060.1.1	22.8729	129.4	410.6	0.0092	0.2846	30.9063	-1226.484994	
Sotub03g035680.1.1	Sotub05g008290.1.1	15.7966	236.1	795.9	0.0186	0.4036	21.6578	-2469.478139	
Sotub03g035750.1.1	Sotub05g008400.1.1	4.9451	88.9	298.1	0.5147	1.3549	2.6326	-1010.956403
Sotub03g035750.1.1	Sotub07g013770.1.1	40.2456	219.2	719.8	0.0131	0.7205	55.0897	-2400.948331	
Sotub03g035850.1.1	Sotub08g015920.1.1	50.0000	308.9	1029.1	0.0153	1.0512	68.6874	-3439.019038	
Sotub03g035890.1.1	Sotub12g009670.1.1	3.4298	366.3	1112.7	0.0461	0.1867	4.0491	-3134.490681	
Sotub03g035970.1.1	Sotub12g009580.1.1	2.0962	429.6	1307.4	0.0629	0.1492	2.3713	-3623.126019	
Sotub03g036050.1.1	Sotub08g016200.1.1	1.4828	614.2	1854.8	0.0624	0.1043	1.6720	-4928.370623	
Sotub03g036100.1.1	Sotub08g016210.1.1	50.0000	192.3	560.7	0.0077	0.4929	63.8352	-1862.158754	
Sotub03g036230.1.1	Sotub12g009200.1.1	8.3927	252.6	818.4	0.0296	0.3200	10.8249	-2500.247856	
Sotub03g036340.1.1	Sotub12g009240.1.1	3.4034	315.2	1142.8	0.0763	0.3135	4.1109	-3312.308191	
Sotub03g036400.1.1	Sotub12g009300.1.1	3.7029	389.3	1230.7	0.0921	0.3664	3.9783	-3787.273228	
Sotub03g036530.1.1	Sotub12g009310.1.1	1.6531	108.3	395.7	0.1133	0.2055	1.8136	-1079.948942	
Sotub04g006030.1.1	Sotub02g029850.1.1	1.6258	80.5	342.5	0.1260	0.2336	1.8543	-894.307502	
Sotub04g006080.1.1	Sotub05g009380.1.1	1.1667	142.6	598.4	0.0389	0.0676	1.7373	-1328.700173	
Sotub04g006100.1.1	Sotub05g009340.1.1	0.8323	190.0	512.0	0.1912	0.1293	0.6764	-1390.455596	
Sotub04g006120.1.1	Sotub02g029740.1.1	5.2275	75.0	285.0	0.0325	0.2423	7.4479	-771.070923	
Sotub04g006160.1.1	Sotub02g029710.1.1	1.2156	94.4	346.6	0.0131	0.0236	1.8066	-768.339317	
Sotub04g006160.1.1	Sotub05g009270.1.1	0.3856	99.9	341.1	0.0225	0.0119	0.5266	-706.436835	
Sotub04g006170.1.1	Sotub02g029630.1.1	50.0000	359.1	1041.9	0.0078	0.4955	63.5896	-3394.944713	
Sotub04g006170.1.1	Sotub05g009220.1.1	50.0000	358.1	1048.9	0.0070	0.4515	64.1541	-3371.280226	
Sotub04g006220.1.1	Sotub05g009150.1.1	0.6200	326.6	951.4	0.1342	0.0780	0.5815	-2369.736398	
Sotub04g006230.1.1	Sotub03g032430.1.1	1.9700	465.1	1514.9	0.0647	0.1493	2.3090	-4128.172872	
Sotub04g006270.1.1	Sotub02g029530.1.1	16.6956	323.3	1062.7	0.0301	0.6544	21.7071	-3489.529078	
Sotub04g006270.1.1	Sotub03g032390.1.1	4.0678	310.3	1075.7	0.0964	0.4376	4.5392	-3281.026827	
Sotub04g006280.1.1	Sotub03g032370.1.1	2.2007	350.1	1044.9	0.1351	0.2814	2.0829	-3168.974141	
Sotub04g006400.1.1	Sotub02g029380.1.1	4.6045	183.8	689.2	0.0639	0.3758	5.8803	-2077.505012	
Sotub04g007850.1.1	Sotub01g017620.1.1	5.1562	98.7	339.3	0.2282	0.9755	4.2749	-1145.894365	
Sotub04g007910.1.1	Sotub01g017550.1.1	50.0000	218.3	753.7	0.0092	0.6597	71.9228	-2482.506124	
Sotub04g008330.1.1	Sotub01g017350.1.1	6.7929	81.1	236.9	0.4617	1.7453	3.7801	-838.836630	
Sotub04g008490.1.1	Sotub01g017260.1.1	0.8582	163.0	506.0	0.1976	0.1438	0.7276	-1336.373301	
Sotub04g008550.1.1	Sotub04g005380.1.1	0.0340	168.7	380.3	0.4327	0.0081	0.0187	-749.662969	
Sotub04g008560.1.1	Sotub04g005370.1.1	0.1450	276.6	1001.4	0.3416	0.0341	0.0999	-1970.024870	
Sotub04g009140.1.1	Sotub04g005090.1.1	50.0000	281.7	1023.3	0.0082	0.6161	74.9619	-3221.523557	
Sotub04g010260.1.1	Sotub06g005280.1.1	9.9002	135.1	461.9	0.0447	0.5651	12.6511	-1483.636959	
Sotub04g010260.1.1	Sotub06g032250.1.1	8.7325	136.1	460.9	0.0533	0.5768	10.8166	-1484.806664	
Sotub04g010400.1.1	Sotub06g005090.1.1	1.6432	413.1	1389.9	0.1248	0.2101	1.6838	-3907.611451	
Sotub04g010400.1.1	Sotub06g032150.1.1	1.7266	409.2	1381.8	0.1138	0.2071	1.8197	-3874.177430	
Sotub04g010440.1.1	Sotub06g005080.1.1	50.0000	121.2	415.8	0.0047	0.3413	72.6600	-1253.302054	
Sotub04g010470.1.1	Sotub06g005020.1.1	7.9030	118.6	346.4	0.0272	0.2598	9.5672	-1036.693085	
Sotub04g010470.1.1	Sotub06g032090.1.1	8.3497	115.5	349.5	0.0230	0.2407	10.4782	-1033.316898	
Sotub04g010490.1.1	Sotub06g005000.1.1	3.8598	423.1	1397.9	0.1119	0.4524	4.0430	-4378.913421	
Sotub04g010490.1.1	Sotub06g032080.1.1	3.4507	428.2	1407.8	0.1435	0.4808	3.3508	-4442.167152	
Sotub04g011290.1.1	Sotub05g023890.1.1	1.5445	135.9	461.1	0.1143	0.1863	1.6296	-1253.265503	
Sotub04g011440.1.1	Sotub04g029300.1.1	4.3276	579.7	1904.3	0.1196	0.5308	4.4378	-5993.667510	
Sotub04g011460.1.1	Sotub04g029200.1.1	50.0000	137.3	540.7	0.0155	1.2039	77.5340	-1786.873392	
Sotub04g011650.1.1	Sotub05g026970.1.1	0.4678	430.7	1264.3	0.0860	0.0421	0.4899	-2957.738635	
Sotub04g011820.1.1	Sotub05g027000.1.1	0.6645	140.1	546.9	0.0747	0.0628	0.8410	-1268.005558	
Sotub04g011860.1.1	Sotub05g027040.1.1	0.4677	122.9	513.1	0.1079	0.0600	0.5561	-1122.156405	
Sotub04g011980.1.1	Sotub05g027090.1.1	1.0266	343.1	946.9	0.3553	0.2308	0.6496	-2774.328729	
Sotub04g012550.1.1	Sotub06g019390.1.1	50.0000	121.7	403.3	0.0075	0.5288	70.1545	-1232.966343	
Sotub04g012560.1.1	Sotub06g019380.1.1	3.8621	64.7	268.3	0.0957	0.4540	4.7421	-794.463191	
Sotub04g012750.1.1	Sotub06g019310.1.1	50.0000	117.1	620.9	0.0098	0.9818	99.8164	-1876.153890	
Sotub04g012770.1.1	Sotub06g019300.1.1	0.4655	69.2	233.8	0.2788	0.0975	0.3498	-533.764977	
Sotub04g020250.1.1	Sotub04g014470.1.1	1.3551	141.2	473.8	0.1967	0.2331	1.1850	-1321.833342	
Sotub04g020260.1.1	Sotub04g014390.1.1	50.0000	76.3	289.7	0.0044	0.3444	78.6072	-833.957569	
Sotub04g020590.1.1	Sotub04g014040.1.1	5.1977	200.4	801.6	0.1007	0.6218	6.1769	-2442.914044	
Sotub04g022730.1.1	Sotub02g030580.1.1	50.0000	159.7	563.3	0.0089	0.6485	73.1654	-1746.059985	
Sotub04g022730.1.1	Sotub06g019390.1.1	6.5428	113.9	411.1	0.0538	0.4526	8.4166	-1234.420451	
Sotub04g022740.1.1	Sotub02g030590.1.1	50.0000	69.3	242.7	0.0045	0.3336	73.8538	-692.248383	
Sotub04g022740.1.1	Sotub06g019380.1.1	50.0000	69.7	233.3	0.0067	0.4783	70.8737	-726.086656	
Sotub04g023010.1.1	Sotub02g030790.1.1	10.3459	120.7	401.3	0.2510	2.0407	8.1303	-1386.352419	
Sotub04g023100.1.1	Sotub06g019020.1.1	50.0000	136.2	508.8	0.0113	0.8573	75.7270	-1649.756359	
Sotub04g023410.1.1	Sotub01g041670.1.1	3.0235	177.8	602.2	0.1500	0.4398	2.9319	-1848.908607	
Sotub04g023440.1.1	Sotub01g041680.1.1	5.4052	242.8	894.2	0.0453	0.3276	7.2320	-2641.392701	
Sotub04g023460.1.1	Sotub01g041690.1.1	1.4868	288.0	882.0	0.0677	0.1129	1.6675	-2386.573566	
Sotub04g023800.1.1	Sotub04g023270.1.1	0.3226	174.2	605.8	0.5063	0.0883	0.1744	-1351.444452	
Sotub04g023810.1.1	Sotub04g023280.1.1	0.0772	192.8	590.2	0.1094	0.0086	0.0782	-1131.978910	
Sotub04g025480.1.1	Sotub04g011040.1.1	0.3902	501.5	1922.5	0.0561	0.0290	0.5174	-4080.818528	
Sotub04g025490.1.1	Sotub04g011030.1.1	5.7332	85.0	365.0	0.0815	0.6107	7.4925	-1090.870119	
Sotub04g025500.1.1	Sotub04g011020.1.1	0.5501	322.4	1003.6	0.0872	0.0517	0.5931	-2334.982442	
Sotub04g025520.1.1	Sotub04g011010.1.1	0.7130	233.9	765.1	0.2408	0.1367	0.5679	-1991.916999	
Sotub04g025880.1.1	Sotub04g010510.1.1	6.9155	279.1	1097.9	0.0627	0.5723	9.1207	-3360.268933	
Sotub04g026030.1.1	Sotub02g035260.1.1	4.5695	316.9	994.1	0.1573	0.6637	4.2187	-3325.772535	
Sotub04g026250.1.1	Sotub02g035410.1.1	12.5874	194.4	750.6	0.0473	0.8152	17.2508	-2442.605841	
Sotub04g026270.1.1	Sotub02g035430.1.1	50.0000	265.9	946.1	0.0073	0.5402	74.0374	-3004.819885	
Sotub04g026530.1.1	Sotub02g035680.1.1	50.0000	223.2	709.8	0.0108	0.7301	67.3615	-2413.437316	
Sotub04g027710.1.1	Sotub08g014090.1.1	50.0000	203.0	769.0	0.0086	0.6652	77.2843	-2470.250308	
Sotub04g027760.1.1	Sotub08g013950.1.1	6.8504	77.2	351.8	0.0365	0.3971	10.8734	-980.129518	
Sotub04g027960.1.1	Sotub08g013970.1.1	50.0000	156.5	470.5	0.0102	0.6623	64.7800	-1601.343705	
Sotub04g028730.1.1	Sotub01g043580.1.1	3.0966	359.7	1173.3	0.0461	0.1764	3.8236	-3271.455181	
Sotub04g028730.1.1	Sotub01g043580.1.1	3.0966	359.7	1173.3	0.0461	0.1764	3.8236	-3271.455181	
Sotub04g028740.1.1	Sotub02g030220.1.1	3.0393	511.3	1546.7	0.0916	0.2925	3.1928	-4758.532729	
Sotub04g028760.1.1	Sotub02g030200.1.1	2.3497	151.4	730.6	0.1288	0.3625	2.8132	-2009.112815	
Sotub04g028790.1.1	Sotub01g043520.1.1	1.4113	98.9	450.1	0.1265	0.2097	1.6577	-1171.143634	
Sotub04g028790.1.1	Sotub01g043520.1.1	1.4113	98.9	450.1	0.1265	0.2097	1.6577	-1171.143634	
Sotub04g028830.1.1	Sotub02g030100.1.1	1.5785	311.9	1035.1	0.0531	0.1026	1.9321	-2682.655264	
Sotub04g028840.1.1	Sotub01g043430.1.1	1.8420	276.7	773.3	0.0670	0.1315	1.9625	-2166.368532	
Sotub04g028840.1.1	Sotub01g043430.1.1	1.8420	276.7	773.3	0.0670	0.1315	1.9625	-2166.368532	
Sotub04g029110.1.1	Sotub01g043230.1.1	5.0037	165.7	530.3	0.0898	0.4886	5.4427	-1692.187036	
Sotub04g029110.1.1	Sotub01g043230.1.1	5.0037	165.7	530.3	0.0898	0.4886	5.4427	-1692.187036	
Sotub04g029370.1.1	Sotub01g042950.1.1	1.7310	100.2	376.8	0.1982	0.3119	1.5741	-1059.343758	
Sotub04g029370.1.1	Sotub01g042950.1.1	1.7310	100.2	376.8	0.1982	0.3119	1.5741	-1059.343758	
Sotub04g029380.1.1	Sotub01g042940.1.1	3.9652	203.2	780.8	0.1241	0.5378	4.3344	-2433.462115	
Sotub04g029380.1.1	Sotub01g042940.1.1	3.9652	203.2	780.8	0.1241	0.5378	4.3344	-2433.462115	
Sotub04g029490.1.1	Sotub01g042860.1.1	3.7973	245.8	783.2	0.1265	0.4778	3.7762	-2402.259016	
Sotub04g029490.1.1	Sotub01g042860.1.1	3.7973	245.8	783.2	0.1265	0.4778	3.7762	-2402.259016	
Sotub04g029620.1.1	Sotub01g042830.1.1	3.3714	176.1	684.9	0.2094	0.6343	3.0283	-2129.355337	
Sotub04g029620.1.1	Sotub01g042830.1.1	3.3714	176.1	684.9	0.2094	0.6343	3.0283	-2129.355337	
Sotub04g029920.1.1	Sotub02g030330.1.1	50.0000	202.8	763.2	0.0075	0.5814	77.2196	-2434.021386	
Sotub04g029950.1.1	Sotub02g030350.1.1	1.9720	318.2	1001.8	0.0143	0.0374	2.6095	-2421.142248	
Sotub04g029950.1.1	Sotub02g030350.1.1	1.9720	318.2	1001.8	0.0143	0.0374	2.6095	-2421.142248	
Sotub04g029980.1.1	Sotub01g044050.1.1	2.2144	354.8	1007.2	0.0916	0.2060	2.2486	-2945.892349	
Sotub04g030040.1.1	Sotub01g043960.1.1	3.5433	312.0	822.0	0.0811	0.2868	3.5372	-2611.021348	
Sotub04g030130.1.1	Sotub02g011280.1.1	2.9896	139.1	517.9	0.1728	0.4948	2.8643	-1581.410576	
Sotub04g030130.1.1	Sotub02g011280.1.1	2.9896	139.1	517.9	0.1728	0.4948	2.8643	-1581.410576	
Sotub04g030130.1.1	Sotub02g030420.1.1	2.7024	145.1	535.9	0.1887	0.4701	2.4911	-1629.971112	
Sotub04g030130.1.1	Sotub02g030420.1.1	2.7024	145.1	535.9	0.1887	0.4701	2.4911	-1629.971112	
Sotub04g030140.1.1	Sotub02g030460.1.1	32.3613	168.2	623.8	0.0060	0.2980	49.6977	-1787.886780	
Sotub04g030140.1.1	Sotub02g030460.1.1	32.3613	168.2	623.8	0.0060	0.2980	49.6977	-1787.886780	
Sotub04g030180.1.1	Sotub02g030470.1.1	4.3852	143.6	582.4	0.1082	0.5556	5.1358	-1787.687871	
Sotub04g030180.1.1	Sotub02g030470.1.1	4.3852	143.6	582.4	0.1082	0.5556	5.1358	-1787.687871	
Sotub04g030190.1.1	Sotub01g012000.1.1	50.0000	135.1	464.9	0.0102	0.7317	71.5195	-1521.125607	
Sotub04g030190.1.1	Sotub01g012000.1.1	50.0000	135.1	464.9	0.0102	0.7317	71.5195	-1521.125607	
Sotub04g030190.1.1	Sotub01g043690.1.1	15.8667	126.0	438.0	0.0295	0.6338	21.4666	-1412.761591	
Sotub04g030350.1.1	Sotub02g011290.1.1	50.0000	298.6	976.4	0.0025	0.1792	70.5749	-2679.090245	
Sotub04g030350.1.1	Sotub02g011290.1.1	50.0000	298.6	976.4	0.0025	0.1792	70.5749	-2679.090245	
Sotub04g030350.1.1	Sotub02g011290.1.1	50.0000	298.6	976.4	0.0025	0.1792	70.5749	-2679.090245	
Sotub04g030350.1.1	Sotub02g030480.1.1	50.0000	315.1	974.9	0.0029	0.1949	67.6305	-2753.096749	
Sotub04g030350.1.1	Sotub02g030480.1.1	50.0000	315.1	974.9	0.0029	0.1949	67.6305	-2753.096749	
Sotub04g030360.1.1	Sotub02g030490.1.1	3.3872	188.1	567.9	0.0530	0.2072	3.9125	-1653.157391	
Sotub04g030360.1.1	Sotub02g030490.1.1	3.3872	188.1	567.9	0.0530	0.2072	3.9125	-1653.157391	
Sotub04g030380.1.1	Sotub02g011310.1.1	2.0051	312.7	926.3	0.1026	0.2084	2.0308	-2713.070261	
Sotub04g030380.1.1	Sotub02g011310.1.1	2.0051	312.7	926.3	0.1026	0.2084	2.0308	-2713.070261	
Sotub04g030380.1.1	Sotub02g011310.1.1	2.0051	312.7	926.3	0.1026	0.2084	2.0308	-2713.070261	
Sotub04g030430.1.1	Sotub02g030530.1.1	3.3692	202.1	808.9	0.0631	0.2828	4.4851	-2279.011522	
Sotub04g030430.1.1	Sotub02g030530.1.1	3.3692	202.1	808.9	0.0631	0.2828	4.4851	-2279.011522	
Sotub04g030450.1.1	Sotub02g030550.1.1	2.7938	233.3	675.7	0.2563	0.5338	2.0823	-2238.771933	
Sotub04g030450.1.1	Sotub02g030550.1.1	2.7938	233.3	675.7	0.2563	0.5338	2.0823	-2238.771933	
Sotub04g030460.1.1	Sotub02g011320.1.1	4.9226	142.4	643.6	0.1368	0.7655	5.5973	-1949.367341	
Sotub04g030460.1.1	Sotub02g011320.1.1	4.9226	142.4	643.6	0.1368	0.7655	5.5973	-1949.367341	
Sotub04g030460.1.1	Sotub02g011320.1.1	4.9226	142.4	643.6	0.1368	0.7655	5.5973	-1949.367341	
Sotub04g030520.1.1	Sotub02g011340.1.1	4.5583	191.0	814.0	0.0664	0.4140	6.2321	-2273.237100	
Sotub04g030520.1.1	Sotub02g011340.1.1	4.5583	191.0	814.0	0.0664	0.4140	6.2321	-2273.237100	
Sotub04g030520.1.1	Sotub02g011340.1.1	4.5583	191.0	814.0	0.0664	0.4140	6.2321	-2273.237100	
Sotub04g030520.1.1	Sotub02g030640.1.1	3.7738	200.5	804.5	0.0655	0.3271	4.9925	-2228.408068	
Sotub04g030520.1.1	Sotub02g030640.1.1	3.7738	200.5	804.5	0.0655	0.3271	4.9925	-2228.408068	
Sotub04g030720.1.1	Sotub01g044150.1.1	2.4952	391.3	1138.7	0.1567	0.3499	2.2336	-3548.321945	
Sotub04g030870.1.1	Sotub02g011440.1.1	2.2992	704.2	2079.8	0.0480	0.1273	2.6536	-5635.377683	
Sotub04g030970.1.1	Sotub01g044330.1.1	4.0396	118.2	562.8	0.1212	0.5961	4.9184	-1663.686405	
Sotub04g030970.1.1	Sotub01g044330.1.1	4.0396	118.2	562.8	0.1212	0.5961	4.9184	-1663.686405	
Sotub04g031000.1.1	Sotub01g044360.1.1	3.9945	101.1	363.9	0.0834	0.3929	4.7086	-1111.959536	
Sotub04g031000.1.1	Sotub01g044360.1.1	3.9945	101.1	363.9	0.0834	0.3929	4.7086	-1111.959536	
Sotub04g031010.1.1	Sotub01g044380.1.1	5.2851	137.1	408.9	0.0707	0.4099	5.7944	-1335.852081	
Sotub04g031010.1.1	Sotub01g044380.1.1	5.2851	137.1	408.9	0.0707	0.4099	5.7944	-1335.852081	
Sotub04g031010.1.1	Sotub02g031040.1.1	3.1900	128.3	390.7	0.1281	0.3964	3.0946	-1257.502648	
Sotub04g031010.1.1	Sotub02g031040.1.1	3.1900	128.3	390.7	0.1281	0.3964	3.0946	-1257.502648	
Sotub04g031020.1.1	Sotub01g044390.1.1	3.6561	355.7	1126.3	0.0949	0.3706	3.9040	-3511.016919	
Sotub04g031020.1.1	Sotub01g044390.1.1	3.6561	355.7	1126.3	0.0949	0.3706	3.9040	-3511.016919	
Sotub04g031100.1.1	Sotub02g031140.1.1	4.0412	528.4	1478.6	0.0482	0.2174	4.5078	-4423.034443	
Sotub04g031100.1.1	Sotub02g031140.1.1	4.0412	528.4	1478.6	0.0482	0.2174	4.5078	-4423.034443	
Sotub04g031100.1.1	Sotub09g015520.1.1	50.0000	513.5	1490.5	0.0078	0.4953	63.6019	-4923.429013	
Sotub04g031120.1.1	Sotub09g015490.1.1	11.8756	207.3	758.7	0.0501	0.7814	15.5831	-2486.160524	
Sotub04g031160.1.1	Sotub02g031250.1.1	3.1885	355.9	1312.1	0.1073	0.3830	3.5690	-3809.511700	
Sotub04g031160.1.1	Sotub02g031250.1.1	3.1885	355.9	1312.1	0.1073	0.3830	3.5690	-3809.511700	
Sotub04g031170.1.1	Sotub01g044510.1.1	1.5182	271.9	838.1	0.0537	0.0951	1.7727	-2209.178184	
Sotub04g031200.1.1	Sotub02g031270.1.1	3.7159	318.6	926.4	0.0323	0.1431	4.4236	-2598.730628	
Sotub04g031200.1.1	Sotub02g031270.1.1	3.7159	318.6	926.4	0.0323	0.1431	4.4236	-2598.730628	
Sotub04g031260.1.1	Sotub09g015260.1.1	3.2276	208.5	799.5	0.3413	0.7689	2.2528	-2546.874370
Sotub04g031360.1.1	Sotub02g031380.1.1	2.5826	205.8	670.2	0.1102	0.2971	2.6971	-1977.526687	
Sotub04g031370.1.1	Sotub02g031410.1.1	50.0000	228.7	737.3	0.0155	1.0367	67.0414	-2518.013277	
Sotub04g031370.1.1	Sotub02g031410.1.1	50.0000	228.7	737.3	0.0155	1.0367	67.0414	-2518.013277	
Sotub04g031370.1.1	Sotub03g010330.1.1	50.0000	202.5	808.5	0.0105	0.8350	79.8608	-2583.338825	
Sotub04g031380.1.1	Sotub02g031400.1.1	50.0000	148.1	553.9	0.0062	0.4766	77.2387	-1729.543523	
Sotub04g031420.1.1	Sotub01g044850.1.1	2.0616	186.1	731.9	0.1679	0.3428	2.0420	-2070.044177	
Sotub04g031420.1.1	Sotub02g011570.1.1	2.9155	167.1	567.9	0.1219	0.3685	3.0224	-1705.272377	
Sotub04g031420.1.1	Sotub02g011570.1.1	2.9155	167.1	567.9	0.1219	0.3685	3.0224	-1705.272377	
Sotub04g031420.1.1	Sotub02g031450.1.1	6.1770	203.2	747.8	0.0466	0.3835	8.2250	-2208.227841	
Sotub04g031420.1.1	Sotub12g026760.1.1	1.2604	216.4	734.6	0.1934	0.2155	1.1146	-1989.542809	
Sotub04g031440.1.1	Sotub02g031470.1.1	33.4698	135.7	488.3	0.0034	0.1712	50.6800	-1301.491938	
Sotub04g031440.1.1	Sotub03g010220.1.1	10.9531	142.4	481.6	0.0132	0.2027	15.3103	-1334.232846	
Sotub04g031460.1.1	Sotub02g031490.1.1	2.5331	138.6	380.4	0.0764	0.1998	2.6139	-1118.456642	
Sotub04g031490.1.1	Sotub01g044880.1.1	50.0000	226.1	787.9	0.0039	0.2849	73.7430	-2313.898704	
Sotub04g031490.1.1	Sotub02g031520.1.1	4.9679	237.7	767.3	0.0531	0.3172	5.9776	-2309.218095	
Sotub04g031490.1.1	Sotub02g031520.1.1	4.9679	237.7	767.3	0.0531	0.3172	5.9776	-2309.218095	
Sotub04g031490.1.1	Sotub03g010210.1.1	44.9843	237.6	776.4	0.0049	0.3103	62.9805	-2325.310639	
Sotub04g031490.1.1	Sotub07g014980.1.1	50.0000	246.7	728.3	0.0091	0.5858	64.1525	-2424.329859	
Sotub04g031490.1.1	Sotub12g026780.1.1	1.1162	104.6	342.4	0.1582	0.1657	1.0476	-909.310810	
Sotub04g031490.1.1	Sotub12g026780.1.1	1.1162	104.6	342.4	0.1582	0.1657	1.0476	-909.310810	
Sotub04g031500.1.1	Sotub02g011640.1.1	11.4995	93.8	419.2	0.0223	0.4247	19.0699	-1201.280177	
Sotub04g031500.1.1	Sotub02g011640.1.1	11.4995	93.8	419.2	0.0223	0.4247	19.0699	-1201.280177	
Sotub04g031500.1.1	Sotub02g031530.1.1	4.5385	97.0	413.0	0.0596	0.3779	6.3432	-1179.752961	
Sotub04g031500.1.1	Sotub02g031530.1.1	4.5385	97.0	413.0	0.0596	0.3779	6.3432	-1179.752961	
Sotub04g031510.1.1	Sotub01g044950.1.1	2.7800	178.5	583.5	0.1076	0.3149	2.9266	-1727.494347	
Sotub04g031560.1.1	Sotub03g010170.1.1	1.3800	92.3	336.7	0.0346	0.0657	1.8990	-816.982614	
Sotub04g031560.1.1	Sotub12g026830.1.1	0.7289	93.4	335.6	0.0950	0.0790	0.8319	-812.293003	
Sotub04g031560.1.1	Sotub12g026830.1.1	0.7289	93.4	335.6	0.0950	0.0790	0.8319	-812.293003	
Sotub04g031610.1.1	Sotub06g007150.1.1	12.3838	115.0	575.0	0.0439	0.8917	20.3126	-1761.210130	
Sotub04g031620.1.1	Sotub12g026890.1.1	1.2518	145.2	433.8	0.1745	0.1908	1.0935	-1210.028179	
Sotub04g031620.1.1	Sotub12g026890.1.1	1.2518	145.2	433.8	0.1745	0.1908	1.0935	-1210.028179	
Sotub04g031640.1.1	Sotub01g045160.1.1	50.0000	230.1	825.9	0.0115	0.8472	73.4520	-2717.882684	
Sotub04g031640.1.1	Sotub02g031840.1.1	50.0000	126.0	480.0	0.0111	0.8517	76.9064	-1553.307380
Sotub04g031640.1.1	Sotub02g032880.1.1	50.0000	235.5	829.5	0.0108	0.7851	72.6114	-2743.807394	
Sotub04g031640.1.1	Sotub06g007310.1.1	50.0000	156.0	615.0	0.0111	0.8728	78.9361	-1981.982211	
Sotub04g031640.1.1	Sotub07g015020.1.1	5.8219	221.0	820.0	0.1172	0.7464	6.3715	-2655.811409	
Sotub04g031640.1.1	Sotub07g016060.1.1	50.0000	224.5	807.5	0.0093	0.6932	74.1375	-2612.156384	
Sotub04g031640.1.1	Sotub12g026900.1.1	0.8851	229.5	838.5	0.1611	0.1393	0.8642	-2132.141939	
Sotub04g031640.1.1	Sotub12g026900.1.1	0.8851	229.5	838.5	0.1611	0.1393	0.8642	-2132.141939	
Sotub04g031650.1.1	Sotub07g015030.1.1	50.0000	224.6	864.4	0.0055	0.4365	79.1234	-2620.208753	
Sotub04g031650.1.1	Sotub12g026910.1.1	50.0000	242.2	846.8	0.0035	0.2569	74.0417	-2438.781481	
Sotub04g031650.1.1	Sotub12g026910.1.1	50.0000	242.2	846.8	0.0035	0.2569	74.0417	-2438.781481	
Sotub04g031690.1.1	Sotub02g031860.1.1	2.3617	197.1	630.9	0.0802	0.2109	2.6313	-1820.256495	
Sotub04g031690.1.1	Sotub02g031860.1.1	2.3617	197.1	630.9	0.0802	0.2109	2.6313	-1820.256495	
Sotub04g031740.1.1	Sotub02g031920.1.1	2.9164	267.9	962.1	0.1337	0.4031	3.0154	-2902.035371	
Sotub04g031740.1.1	Sotub02g031920.1.1	2.9164	267.9	962.1	0.1337	0.4031	3.0154	-2902.035371	
Sotub04g031740.1.1	Sotub12g026950.1.1	1.2607	239.7	990.3	0.1474	0.1975	1.3402	-2553.593475	
Sotub04g031740.1.1	Sotub12g026950.1.1	1.2607	239.7	990.3	0.1474	0.1975	1.3402	-2553.593475	
Sotub04g031750.1.1	Sotub02g011710.1.1	3.1412	269.2	822.8	0.1476	0.4321	2.9265	-2622.862019	
Sotub04g031750.1.1	Sotub02g031960.1.1	3.0344	277.1	814.9	0.1399	0.3952	2.8243	-2591.729034	
Sotub04g031750.1.1	Sotub02g031960.1.1	3.0344	277.1	814.9	0.1399	0.3952	2.8243	-2591.729034	
Sotub04g031780.1.1	Sotub01g045240.1.1	2.6611	203.7	759.3	0.0998	0.3049	3.0564	-2205.825656	
Sotub04g031780.1.1	Sotub10g016870.1.1	3.8023	196.4	757.6	0.0658	0.3229	4.9110	-2211.979818	
Sotub04g031780.1.1	Sotub10g016870.1.1	3.8023	196.4	757.6	0.0658	0.3229	4.9110	-2211.979818	
Sotub04g031840.1.1	Sotub12g026980.1.1	0.6947	287.8	990.2	0.1231	0.0889	0.7224	-2395.883245	
Sotub04g031870.1.1	Sotub07g015800.1.1	5.5708	247.8	1039.2	0.1080	0.7170	6.6384	-3219.053620	
Sotub04g031940.1.1	Sotub01g045420.1.1	3.7128	372.7	1460.3	0.0378	0.2002	5.3027	-3928.135334	
Sotub04g032160.1.1	Sotub07g015450.1.1	13.7898	165.2	668.8	0.1031	1.6882	16.3676	-2195.190642	
Sotub04g032230.1.1	Sotub07g015310.1.1	1.1934	210.8	722.2	0.2679	0.2459	0.9180	-1987.898439	
Sotub04g032260.1.1	Sotub01g045750.1.1	6.5091	181.6	679.4	0.0571	0.4841	8.4745	-2063.486454	
Sotub04g032280.1.1	Sotub02g032180.1.1	50.0000	92.0	346.0	0.0042	0.3268	78.0972	-995.476524	
Sotub04g032480.1.1	Sotub01g045730.1.1	2.2634	239.8	819.2	0.0911	0.2315	2.5409	-2312.486177	
Sotub04g032500.1.1	Sotub01g045660.1.1	3.0173	250.8	904.2	0.0917	0.3191	3.4808	-2663.920340	
Sotub04g032510.1.1	Sotub02g032270.1.1	2.5719	380.3	1290.7	0.1337	0.3465	2.5910	-3887.069595	
Sotub04g032520.1.1	Sotub01g045640.1.1	35.3781	162.5	659.5	0.0098	0.5622	57.3563	-2009.722290	
Sotub04g032580.1.1	Sotub02g011840.1.1	2.4056	178.1	658.9	0.0783	0.2288	2.9228	-1850.880135	
Sotub04g032850.1.1	Sotub02g011910.1.1	50.0000	334.0	1040.0	0.0119	0.7897	66.0944	-3523.500829	
Sotub04g032850.1.1	Sotub02g032630.1.1	9.0593	331.7	1042.3	0.0853	0.8418	9.8641	-3543.211532	
Sotub04g032940.1.1	Sotub01g046210.1.1	50.0000	256.4	799.6	0.0150	0.9820	65.5870	-2772.235213	
Sotub04g032940.1.1	Sotub02g032880.1.1	50.0000	245.3	816.7	0.0138	0.9538	68.9868	-2778.211151	
Sotub04g032940.1.1	Sotub05g025250.1.1	18.4580	247.1	805.9	0.0385	0.8976	23.2904	-2741.857644	
Sotub04g032950.1.1	Sotub01g046420.1.1	7.3765	242.9	939.1	0.0307	0.3285	10.6937	-2732.806745	
Sotub04g032950.1.1	Sotub02g032850.1.1	5.3378	247.7	931.3	0.0377	0.2798	7.4162	-2665.795149	
Sotub04g032980.1.1	Sotub01g046460.1.1	20.8479	342.4	1040.6	0.0161	0.4306	26.7635	-3325.910959	
Sotub04g033040.1.1	Sotub01g046590.1.1	3.0835	323.2	1221.8	0.0753	0.2880	3.8246	-3469.806317	
Sotub04g033100.1.1	Sotub02g033030.1.1	1.5442	197.4	669.6	0.0643	0.1193	1.8557	-1759.773945	
Sotub04g033110.1.1	Sotub01g046380.1.1	50.0000	277.4	1063.6	0.0132	1.0134	76.6757	-3398.519778	
Sotub04g033120.1.1	Sotub02g012370.1.1	2.5775	225.5	764.5	0.0568	0.1797	3.1627	-2088.907736	
Sotub04g033120.1.1	Sotub02g033070.1.1	20.8889	219.9	764.1	0.0064	0.1947	30.4758	-2126.272149	
Sotub04g033130.1.1	Sotub02g033090.1.1	3.2642	207.9	593.1	0.0613	0.2186	3.5680	-1737.223227	
Sotub04g033140.1.1	Sotub01g046700.1.1	5.1678	252.8	773.2	0.0451	0.2772	6.1424	-2298.548713	
Sotub04g033180.1.1	Sotub02g033110.1.1	50.0000	158.2	498.8	0.0079	0.5338	67.5408	-1645.651308	
Sotub04g033230.1.1	Sotub02g028820.1.1	50.0000	261.8	797.2	0.0038	0.2549	66.6510	-2353.267544	
Sotub04g033230.1.1	Sotub02g028820.1.1	50.0000	261.8	797.2	0.0038	0.2549	66.6510	-2353.267544	
Sotub04g033240.1.1	Sotub02g028810.1.1	1.4800	91.6	328.4	0.0758	0.1349	1.7786	-858.442735	
Sotub04g033240.1.1	Sotub02g028810.1.1	1.4800	91.6	328.4	0.0758	0.1349	1.7786	-858.442735	
Sotub04g033240.1.1	Sotub12g027200.1.1	0.4469	101.2	318.8	0.0777	0.0386	0.4968	-722.033887	
Sotub04g033250.1.1	Sotub02g010630.1.1	3.2951	216.5	671.5	0.0575	0.2200	3.8224	-1957.565074	
Sotub04g033250.1.1	Sotub12g027210.1.1	0.7253	222.5	665.5	0.0744	0.0587	0.7892	-1614.081617	
Sotub04g033290.1.1	Sotub02g010590.1.1	5.5263	206.0	694.0	0.0739	0.4759	6.4437	-2156.385057	
Sotub04g033290.1.1	Sotub02g028780.1.1	50.0000	294.5	836.5	0.0087	0.5442	62.4660	-2792.409386	
Sotub04g033290.1.1	Sotub02g028780.1.1	50.0000	294.5	836.5	0.0087	0.5442	62.4660	-2792.409386	
Sotub04g033310.1.1	Sotub01g046770.1.1	8.3076	151.6	478.4	0.0291	0.3064	10.5383	-1463.610158	
Sotub04g033310.1.1	Sotub12g027230.1.1	1.1431	144.5	479.5	0.2612	0.2302	0.8814	-1357.044193	
Sotub04g033380.1.1	Sotub12g027260.1.1	0.7268	179.0	535.0	0.1528	0.1014	0.6634	-1362.076617	
Sotub04g033400.1.1	Sotub02g010540.1.1	5.6981	297.2	941.8	0.0754	0.4819	6.3913	-3013.937136	
Sotub04g033400.1.1	Sotub02g028710.1.1	5.2135	293.4	945.6	0.0744	0.4402	5.9195	-2977.519804	
Sotub04g033400.1.1	Sotub02g028710.1.1	5.2135	293.4	945.6	0.0744	0.4402	5.9195	-2977.519804	
Sotub04g033450.1.1	Sotub02g028670.1.1	1.8571	153.9	479.1	0.2589	0.3650	1.4098	-1474.574623	
Sotub04g033450.1.1	Sotub02g028670.1.1	1.8571	153.9	479.1	0.2589	0.3650	1.4098	-1474.574623	
Sotub04g033450.1.1	Sotub12g027280.1.1	0.9082	152.7	480.3	0.2873	0.1894	0.6593	-1304.164084	
Sotub04g033480.1.1	Sotub02g028620.1.1	7.3851	254.2	843.8	0.0305	0.2942	9.6573	-2490.633464	
Sotub04g033480.1.1	Sotub02g028620.1.1	7.3851	254.2	843.8	0.0305	0.2942	9.6573	-2490.633464	
Sotub04g033560.1.1	Sotub01g046950.1.1	3.6984	252.1	707.9	0.0547	0.2225	4.0703	-2137.541898	
Sotub04g033600.1.1	Sotub02g028460.1.1	4.7167	122.0	358.0	0.0309	0.1751	5.6702	-993.891291	
Sotub04g033600.1.1	Sotub02g028460.1.1	4.7167	122.0	358.0	0.0309	0.1751	5.6702	-993.891291	
Sotub04g033610.1.1	Sotub01g047000.1.1	2.8103	182.6	639.4	0.0949	0.3004	3.1646	-1883.059050	
Sotub04g033820.1.1	Sotub02g028320.1.1	2.0063	366.5	971.5	0.1037	0.1986	1.9152	-2856.949497	
Sotub04g033820.1.1	Sotub02g028320.1.1	2.0063	366.5	971.5	0.1037	0.1986	1.9152	-2856.949497	
Sotub04g033820.1.1	Sotub12g027360.1.1	0.6624	372.1	968.9	0.1296	0.0771	0.5950	-2475.641055	
Sotub04g033850.1.1	Sotub02g028310.1.1	50.0000	72.3	317.7	0.0041	0.3648	88.3223	-891.728800	
Sotub04g033850.1.1	Sotub02g028310.1.1	50.0000	72.3	317.7	0.0041	0.3648	88.3223	-891.728800	
Sotub04g033890.1.1	Sotub01g047160.1.1	8.5262	186.5	707.5	0.0203	0.2565	12.6510	-1964.486897	
Sotub04g033970.1.1	Sotub02g010210.1.1	1.4097	188.4	609.6	0.0774	0.1232	1.5920	-1627.254755	
Sotub04g033970.1.1	Sotub02g028200.1.1	1.9304	201.7	596.3	0.0692	0.1462	2.1137	-1666.338794	
Sotub04g033990.1.1	Sotub12g027380.1.1	0.6514	188.2	483.8	0.0707	0.0464	0.6561	-1209.522435	
Sotub04g034000.1.1	Sotub02g028190.1.1	3.2634	287.2	1077.8	0.1561	0.5088	3.2602	-3294.130847	
Sotub04g034010.1.1	Sotub12g027390.1.1	0.6917	264.0	744.0	0.1045	0.0711	0.6800	-1866.714019	
Sotub04g034020.1.1	Sotub02g028130.1.1	1.6988	173.8	639.2	0.1141	0.2129	1.8661	-1740.106739	
Sotub04g034040.1.1	Sotub02g028090.1.1	14.1741	169.4	517.6	0.0431	0.7301	16.9325	-1746.746735	
Sotub04g034060.1.1	Sotub02g028080.1.1	40.9936	181.1	625.9	0.0078	0.4632	59.3016	-1940.309994	
Sotub04g034090.1.1	Sotub02g010150.1.1	41.7693	262.8	793.2	0.0055	0.3054	55.0189	-2362.040730	
Sotub04g034090.1.1	Sotub02g028030.1.1	4.1425	246.7	806.3	0.0644	0.3135	4.8700	-2355.075598	
Sotub04g034100.1.1	Sotub01g047280.1.1	7.8542	215.5	651.5	0.0478	0.4399	9.2034	-2070.676673	
Sotub04g034100.1.1	Sotub01g047280.1.1	7.8542	215.5	651.5	0.0478	0.4399	9.2034	-2070.676673	
Sotub04g034100.1.1	Sotub12g027400.1.1	2.8215	106.5	388.5	0.2027	0.5094	2.5135	-1190.193401	
Sotub04g034130.1.1	Sotub02g028000.1.1	3.5692	227.3	831.7	0.0203	0.1049	5.1582	-2135.802126	
Sotub04g034140.1.1	Sotub01g047320.1.1	2.0551	73.6	346.4	0.1016	0.2687	2.6444	-908.343179	
Sotub04g034140.1.1	Sotub01g047320.1.1	2.0551	73.6	346.4	0.1016	0.2687	2.6444	-908.343179	
Sotub04g034150.1.1	Sotub12g027410.1.1	50.0000	155.7	534.3	0.0191	1.3232	69.3383	-1772.711719	
Sotub04g034160.1.1	Sotub02g010080.1.1	7.3017	208.2	742.8	0.0299	0.3001	10.0449	-2175.007547	
Sotub04g034160.1.1	Sotub02g027900.1.1	6.3735	211.1	739.9	0.0369	0.3131	8.4742	-2203.891960	
Sotub04g034180.1.1	Sotub01g047430.1.1	3.6835	228.4	920.6	0.2087	0.7002	3.3548	-2878.450392	
Sotub04g034180.1.1	Sotub01g047430.1.1	3.6835	228.4	920.6	0.2087	0.7002	3.3548	-2878.450392	
Sotub04g034210.1.1	Sotub02g027880.1.1	1.6477	132.2	350.8	0.0312	0.0578	1.8532	-892.663606	
Sotub04g034230.1.1	Sotub01g047460.1.1	12.5180	282.3	1031.7	0.0429	0.7204	16.7917	-3303.778323	
Sotub04g034230.1.1	Sotub01g047460.1.1	12.5180	282.3	1031.7	0.0429	0.7204	16.7917	-3303.778323	
Sotub04g034230.1.1	Sotub02g027960.1.1	5.2334	264.3	959.7	0.1518	0.7906	5.2084	-3122.567809	
Sotub04g034240.1.1	Sotub01g047450.1.1	2.1804	473.0	1591.0	0.0862	0.2120	2.4584	-4480.225519	
Sotub04g034240.1.1	Sotub01g047450.1.1	2.1804	473.0	1591.0	0.0862	0.2120	2.4584	-4480.225519	
Sotub04g034240.1.1	Sotub02g027840.1.1	2.2132	476.5	1596.5	0.0769	0.1963	2.5516	-4461.537276	
Sotub04g034240.1.1	Sotub11g013340.1.1	15.6358	460.8	1585.2	0.0194	0.4217	21.6903	-4875.878907	
Sotub04g034280.1.1	Sotub01g047540.1.1	12.2240	222.6	761.4	0.0426	0.6695	15.7197	-2478.364886	
Sotub04g034280.1.1	Sotub01g047540.1.1	12.2240	222.6	761.4	0.0426	0.6695	15.7197	-2478.364886	
Sotub04g034310.1.1	Sotub01g047500.1.1	2.4563	269.2	993.8	0.0676	0.2077	3.0747	-2707.238151	
Sotub04g034310.1.1	Sotub01g047500.1.1	2.4563	269.2	993.8	0.0676	0.2077	3.0747	-2707.238151	
Sotub04g034360.1.1	Sotub01g047570.1.1	2.6835	104.1	426.9	0.1196	0.3660	3.0606	-1229.339217	
Sotub04g034360.1.1	Sotub01g047570.1.1	2.6835	104.1	426.9	0.1196	0.3660	3.0606	-1229.339217	
Sotub04g034360.1.1	Sotub02g010050.1.1	2.7276	109.5	427.5	0.0701	0.2453	3.5012	-1176.213141	
Sotub04g034360.1.1	Sotub02g027800.1.1	2.7602	125.0	412.0	0.0752	0.2382	3.1665	-1184.472582	
Sotub04g034360.1.1	Sotub10g018100.1.1	3.8323	98.1	390.9	0.0779	0.3785	4.8611	-1144.060458	
Sotub04g034390.1.1	Sotub02g027750.1.1	2.6643	110.5	366.5	0.1028	0.2938	2.8585	-1044.396309	
Sotub04g034400.1.1	Sotub02g027730.1.1	50.0000	184.9	607.1	0.0104	0.7210	69.0392	-2048.856844	
Sotub04g034410.1.1	Sotub01g047610.1.1	2.4333	83.9	456.1	0.0982	0.3344	3.4046	-1199.872622	
Sotub04g034410.1.1	Sotub01g047610.1.1	2.4333	83.9	456.1	0.0982	0.3344	3.4046	-1199.872622	
Sotub04g034440.1.1	Sotub01g047620.1.1	50.0000	424.8	1537.2	0.0140	1.0269	73.2568	-5096.288508	
Sotub04g034440.1.1	Sotub01g047830.1.1	2.7687	437.1	1530.9	0.1788	0.4568	2.5552	-4732.928059	
Sotub04g034440.1.1	Sotub01g047830.1.1	2.7687	437.1	1530.9	0.1788	0.4568	2.5552	-4732.928059	
Sotub04g034440.1.1	Sotub01g047830.1.1	2.7687	437.1	1530.9	0.1788	0.4568	2.5552	-4732.928059	
Sotub04g034440.1.1	Sotub02g009990.1.1	4.6326	378.5	1355.5	0.0844	0.4587	5.4318	-4188.571394	
Sotub04g034440.1.1	Sotub02g027560.1.1	2.3121	436.1	1522.9	0.2076	0.4167	2.0069	-4664.361979	
Sotub04g034440.1.1	Sotub10g018090.1.1	50.0000	414.0	1536.0	0.0135	1.0088	74.7606	-5059.972051	
Sotub04g034470.1.1	Sotub02g027520.1.1	2.5700	135.3	359.7	0.0037	0.0114	3.1039	-845.755728	
Sotub04g034550.1.1	Sotub01g047920.1.1	4.7008	176.3	537.7	0.0525	0.2872	5.4704	-1627.686817	
Sotub04g034550.1.1	Sotub01g047920.1.1	4.7008	176.3	537.7	0.0525	0.2872	5.4704	-1627.686817	
Sotub04g034550.1.1	Sotub02g027470.1.1	4.6757	181.3	535.7	0.0765	0.3845	5.0288	-1685.120512	
Sotub04g034560.1.1	Sotub01g047930.1.1	4.3001	202.7	637.3	0.0813	0.3846	4.7312	-1982.257960	
Sotub04g034560.1.1	Sotub01g047930.1.1	4.3001	202.7	637.3	0.0813	0.3846	4.7312	-1982.257960	
Sotub04g034680.1.1	Sotub01g047780.1.1	50.0000	307.6	1111.4	0.0075	0.5630	74.8583	-3498.896572	
Sotub04g034680.1.1	Sotub02g027320.1.1	2.3254	334.7	1084.3	0.0986	0.2456	2.4905	-3119.781405	
Sotub04g034930.1.1	Sotub02g027100.1.1	3.9148	160.0	485.0	0.0907	0.3743	4.1260	-1553.417653	
Sotub04g034950.1.1	Sotub06g012010.1.1	50.0000	389.9	1275.1	0.0069	0.4814	69.5974	-3967.070349
Sotub04g035120.1.1	Sotub02g026850.1.1	2.4203	301.8	1033.2	0.1100	0.2851	2.5925	-3027.763221	
Sotub04g035130.1.1	Sotub12g027540.1.1	1.4415	157.1	571.9	0.1247	0.1913	1.5334	-1503.089600	
Sotub04g035250.1.1	Sotub02g026770.1.1	5.4875	203.8	720.2	0.0282	0.2128	7.5404	-1987.731812	
Sotub04g035250.1.1	Sotub12g027550.1.1	0.9929	206.2	729.8	0.1692	0.1590	0.9397	-1898.245984	
Sotub04g035260.1.1	Sotub12g027570.1.1	1.0118	152.0	568.0	0.2176	0.1918	0.8812	-1466.110752	
Sotub04g035320.1.1	Sotub02g026680.1.1	2.0427	169.5	550.5	0.0598	0.1448	2.4227	-1492.739467	
Sotub04g035340.1.1	Sotub04g006700.1.1	40.7716	270.2	950.8	0.0277	1.5478	55.9603	-3172.656362	
Sotub04g035340.1.1	Sotub06g012580.1.1	24.8978	102.3	413.7	0.0291	1.0909	37.4596	-1314.252957	
Sotub04g035350.1.1	Sotub12g027620.1.1	3.7232	120.2	575.8	0.0638	0.3512	5.5028	-1566.631766	
Sotub04g035380.1.1	Sotub12g027630.1.1	0.7296	332.9	900.1	0.1873	0.1120	0.5980	-2365.719149	
Sotub04g035390.1.1	Sotub02g026640.1.1	2.1826	383.1	1281.9	0.0590	0.1558	2.6404	-3493.942261	
Sotub04g035430.1.1	Sotub12g027660.1.1	0.8660	525.4	1730.6	0.1725	0.1364	0.7904	-4468.006399
Sotub04g035440.1.1	Sotub02g026560.1.1	2.2513	142.5	424.5	0.0919	0.2154	2.3435	-1240.566968	
Sotub04g035520.1.1	Sotub12g027700.1.1	0.9131	399.5	1190.5	0.1908	0.1473	0.7723	-3239.078589	
Sotub04g035590.1.1	Sotub12g027760.1.1	0.7629	239.5	753.5	0.2226	0.1381	0.6201	-1957.173986	
Sotub04g035660.1.1	Sotub12g027790.1.1	1.3129	134.3	531.7	0.0666	0.1144	1.7168	-1314.981374	
Sotub04g035670.1.1	Sotub04g006290.1.1	50.0000	271.8	913.2	0.0135	0.9394	69.5119	-3076.040292	
Sotub04g035710.1.1	Sotub03g008920.1.1	16.1849	154.5	598.5	0.0351	0.8135	23.1481	-1883.436464	
Sotub04g035720.1.1	Sotub12g027810.1.1	1.3878	307.6	958.4	0.1847	0.2232	1.2084	-2799.790498	
Sotub04g035730.1.1	Sotub12g027850.1.1	0.9743	292.0	842.0	0.1463	0.1298	0.8870	-2217.061552	
Sotub04g035880.1.1	Sotub03g008870.1.1	3.0829	233.9	723.1	0.0987	0.3179	3.2216	-2191.557008	
Sotub04g035880.1.1	Sotub12g027870.1.1	0.9703	245.4	711.6	0.2822	0.1957	0.6937	-1993.378309	
Sotub04g035890.1.1	Sotub04g006000.1.1	27.6485	266.1	819.9	0.0133	0.4819	36.1283	-2662.604289	
Sotub04g035890.1.1	Sotub12g027880.1.1	1.0686	252.6	839.4	0.1065	0.1212	1.1372	-2168.593952	
Sotub04g035900.1.1	Sotub01g049930.1.1	3.7929	171.1	539.9	0.2829	0.7853	2.7755	-1811.915579	
Sotub04g035910.1.1	Sotub12g027890.1.1	0.9790	314.7	1152.3	0.1309	0.1346	1.0283	-2970.263548	
Sotub04g035940.1.1	Sotub01g049920.1.1	2.9247	473.6	1632.4	0.1191	0.3661	3.0734	-4963.584104	
Sotub04g035960.1.1	Sotub01g049890.1.1	50.0000	243.2	818.8	0.0056	0.3967	71.4505	-2533.633679	
Sotub04g035960.1.1	Sotub03g008830.1.1	50.0000	240.1	824.9	0.0058	0.4200	72.4768	-2557.971116	
Sotub04g035960.1.1	Sotub04g005680.1.1	8.1965	218.4	834.6	0.0815	0.8184	10.0449	-2687.859292	
Sotub04g036080.1.1	Sotub02g007190.1.1	6.2102	254.5	753.5	0.0306	0.2304	7.5179	-2238.679686	
Sotub04g036080.1.1	Sotub02g025870.1.1	7.4229	253.0	755.0	0.0267	0.2436	9.1320	-2251.867700	
Sotub04g036090.1.1	Sotub01g049860.1.1	2.9783	385.6	1123.4	0.1111	0.3261	2.9348	-3497.204273	
Sotub04g036090.1.1	Sotub02g025840.1.1	2.9088	357.3	1148.7	0.0877	0.2797	3.1878	-3395.873000	
Sotub04g036100.1.1	Sotub02g025830.1.1	2.0616	127.3	370.7	0.0891	0.1903	2.1349	-1043.312040	
Sotub04g036170.1.1	Sotub02g025780.1.1	50.0000	131.8	315.2	0.0056	0.3111	55.7630	-1047.542429	
Sotub04g036170.1.1	Sotub03g008720.1.1	50.0000	126.7	308.3	0.0078	0.4383	56.1363	-1059.768564	
Sotub04g036180.1.1	Sotub01g049820.1.1	3.4100	200.2	504.8	0.0523	0.1851	3.5367	-1476.622694	
Sotub04g036180.1.1	Sotub02g025770.1.1	1.9224	536.9	1452.1	0.1089	0.1996	1.8340	-4294.079280	
Sotub04g036180.1.1	Sotub03g008700.1.1	1.9766	554.1	1434.9	0.1010	0.1894	1.8746	-4264.322148	
Sotub04g036300.1.1	Sotub02g025630.1.1	50.0000	208.4	589.6	0.0029	0.1813	63.2955	-1728.745110	
Sotub04g036300.1.1	Sotub03g008670.1.1	50.0000	197.7	597.3	0.0033	0.2169	66.3546	-1769.670825	
Sotub04g036360.1.1	Sotub03g008640.1.1	3.0672	293.0	829.0	0.1959	0.4934	2.5190	-2729.326045	
Sotub04g036400.1.1	Sotub02g025520.1.1	10.5103	299.6	1041.4	0.0535	0.7074	13.2235	-3408.166301	
Sotub04g036400.1.1	Sotub04g005440.1.1	18.5755	315.5	1001.5	0.0357	0.8298	23.2140	-3396.081339	
Sotub05g005070.1.1	Sotub01g018670.1.1	0.7757	188.7	690.3	0.1783	0.1300	0.7290	-1731.110972	
Sotub05g005080.1.1	Sotub01g018660.1.1	0.9874	136.1	481.9	0.1553	0.1497	0.9642	-1243.741223	
Sotub05g005080.1.1	Sotub04g005190.1.1	0.7608	134.5	483.5	0.1866	0.1302	0.6974	-1209.359785	
Sotub05g005090.1.1	Sotub01g018650.1.1	0.6174	268.2	835.8	0.1120	0.0703	0.6279	-2041.393293	
Sotub05g005220.1.1	Sotub04g005150.1.1	2.5701	239.8	621.2	0.3704	0.5814	1.5697	-2073.242598	
Sotub05g005270.1.1	Sotub02g034530.1.1	2.4387	224.7	819.3	0.1024	0.2815	2.7501	-2337.733275	
Sotub05g005280.1.1	Sotub02g034510.1.1	6.2888	108.8	407.2	0.0837	0.6337	7.5728	-1303.935740	
Sotub05g005350.1.1	Sotub03g029120.1.1	2.4472	120.4	386.6	0.0699	0.1960	2.8057	-1092.174398	
Sotub05g005370.1.1	Sotub02g034350.1.1	9.6943	238.3	784.7	0.0818	0.8940	10.9288	-2643.025844	
Sotub05g005390.1.1	Sotub04g005120.1.1	1.1193	732.0	2280.0	0.4281	0.2817	0.6580	-6565.244948	
Sotub05g005390.1.1	Sotub04g005120.1.1	1.1193	732.0	2280.0	0.4281	0.2817	0.6580	-6565.244948	
Sotub05g005410.1.1	Sotub02g034440.1.1	50.0000	271.6	1045.4	0.0100	0.7796	77.8035	-3327.499432	
Sotub05g005410.1.1	Sotub04g005090.1.1	50.0000	271.3	1021.7	0.0096	0.7385	76.6571	-3238.639833	
Sotub05g005430.1.1	Sotub04g005110.1.1	0.5051	124.9	394.1	0.0525	0.0315	0.6005	-895.474190	
Sotub05g005430.1.1	Sotub04g005110.1.1	0.5051	124.9	394.1	0.0525	0.0315	0.6005	-895.474190	
Sotub05g005490.1.1	Sotub02g034310.1.1	2.4804	196.5	577.5	0.1554	0.3474	2.2357	-1809.125246	
Sotub05g005500.1.1	Sotub03g028990.1.1	5.7858	341.5	1206.5	0.0604	0.4354	7.2045	-3711.613753	
Sotub05g005520.1.1	Sotub03g028970.1.1	4.3858	177.8	614.2	0.0610	0.3279	5.3786	-1813.198170	
Sotub05g005550.1.1	Sotub01g020120.1.1	1.3030	197.1	876.9	0.1988	0.2496	1.2559	-2287.341459	
Sotub05g005550.1.1	Sotub02g034220.1.1	4.9953	175.5	829.5	0.1193	0.7275	6.0974	-2460.718910	
Sotub05g005550.1.1	Sotub03g028940.1.1	5.2539	162.8	878.2	0.0671	0.5517	8.2236	-2472.189297	
Sotub05g005550.1.1	Sotub04g005050.1.1	0.9721	205.1	883.9	0.1818	0.1754	0.9647	-2192.024238	
Sotub05g005550.1.1	Sotub04g005050.1.1	0.9721	205.1	883.9	0.1818	0.1754	0.9647	-2192.024238	
Sotub05g005560.1.1	Sotub02g034180.1.1	2.3357	396.7	1190.3	0.0685	0.1770	2.5839	-3430.311452	
Sotub05g005600.1.1	Sotub01g020070.1.1	0.6077	327.6	989.4	0.1401	0.0802	0.5722	-2453.959505	
Sotub05g005600.1.1	Sotub04g005040.1.1	0.6397	336.5	980.5	0.1553	0.0892	0.5745	-2480.143464	
Sotub05g005630.1.1	Sotub01g020050.1.1	0.5013	176.0	571.0	0.0748	0.0427	0.5708	-1296.798682	
Sotub05g005850.1.1	Sotub02g033880.1.1	50.0000	168.7	596.3	0.0028	0.2095	74.8516	-1644.797253	
Sotub05g005890.1.1	Sotub12g017820.1.1	50.0000	102.5	323.5	0.0159	1.0486	65.9681	-1097.122371
Sotub05g005970.1.1	Sotub02g012600.1.1	1.5945	231.8	818.2	0.0397	0.0838	2.1118	-2044.318242	
Sotub05g005970.1.1	Sotub02g012600.1.1	1.5945	231.8	818.2	0.0397	0.0838	2.1118	-2044.318242	
Sotub05g005970.1.1	Sotub02g033720.1.1	1.6082	230.9	819.1	0.0357	0.0772	2.1634	-2023.680041	
Sotub05g005970.1.1	Sotub03g028400.1.1	1.3528	234.6	815.4	0.0336	0.0607	1.8077	-1979.235865	
Sotub05g006000.1.1	Sotub03g028390.1.1	3.2879	107.0	430.0	0.1739	0.5629	3.2371	-1343.531845	
Sotub05g006010.1.1	Sotub02g012590.1.1	2.4349	97.9	379.1	0.0619	0.1973	3.1891	-1025.079512	
Sotub05g006010.1.1	Sotub02g012590.1.1	2.4349	97.9	379.1	0.0619	0.1973	3.1891	-1025.079512	
Sotub05g006010.1.1	Sotub02g033670.1.1	2.5430	87.3	389.7	0.0780	0.2679	3.4343	-1076.442953	
Sotub05g006010.1.1	Sotub03g028370.1.1	1.7935	86.4	390.6	0.0656	0.1671	2.5464	-998.125035	
Sotub05g006020.1.1	Sotub02g012580.1.1	19.2568	102.0	423.0	0.0160	0.4948	30.9780	-1261.619966	
Sotub05g006020.1.1	Sotub02g012580.1.1	19.2568	102.0	423.0	0.0160	0.4948	30.9780	-1261.619966	
Sotub05g006020.1.1	Sotub02g033640.1.1	8.5640	106.9	424.1	0.0381	0.4692	12.3172	-1260.834061	
Sotub05g006030.1.1	Sotub03g028360.1.1	3.7124	155.4	498.6	0.1065	0.4134	3.8820	-1525.842727	
Sotub05g006360.1.1	Sotub03g028260.1.1	3.9731	214.6	721.4	0.1373	0.5425	3.9524	-2279.206438	
Sotub05g006470.1.1	Sotub06g022810.1.1	4.1825	120.5	350.5	0.2254	0.7419	3.2912	-1158.463149	
Sotub05g006500.1.1	Sotub02g033580.1.1	3.4631	211.8	781.2	0.0652	0.2843	4.3629	-2243.704467	
Sotub05g006520.1.1	Sotub02g033560.1.1	1.6576	509.1	1632.9	0.0764	0.1426	1.8673	-4410.133125	
Sotub05g006560.1.1	Sotub06g022750.1.1	50.0000	274.0	914.0	0.0103	0.7206	69.8655	-3022.107123	
Sotub05g006560.1.1	Sotub11g019870.1.1	4.5711	123.4	434.6	0.2252	0.8653	3.8416	-1412.170250	
Sotub05g006630.1.1	Sotub02g033470.1.1	50.0000	97.6	361.4	0.0034	0.2597	77.4130	-1023.140745	
Sotub05g006760.1.1	Sotub06g022570.1.1	7.3099	202.6	802.4	0.1068	0.9070	8.4937	-2617.463979	
Sotub05g006810.1.1	Sotub11g019640.1.1	12.7980	133.3	574.7	0.0356	0.6998	19.6427	-1755.577580	
Sotub05g007110.1.1	Sotub06g022240.1.1	21.4903	222.3	812.7	0.0276	0.8358	30.2902	-2650.119460	
Sotub05g007280.1.1	Sotub06g026220.1.1	3.4992	131.1	495.9	0.0916	0.3794	4.1438	-1457.784741	
Sotub05g007310.1.1	Sotub06g026210.1.1	3.5818	188.3	681.7	0.1207	0.4633	3.8388	-2078.801812	
Sotub05g007320.1.1	Sotub03g033410.1.1	4.5412	263.3	774.7	0.1776	0.6961	3.9192	-2649.286879	
Sotub05g007320.1.1	Sotub06g026200.1.1	2.8523	322.1	1012.9	0.2088	0.4966	2.3785	-3245.585792	
Sotub05g007320.1.1	Sotub06g026200.1.1	2.8523	322.1	1012.9	0.2088	0.4966	2.3785	-3245.585792	
Sotub05g007430.1.1	Sotub06g026130.1.1	50.0000	301.2	877.8	0.0134	0.8414	62.7965	-3105.338184	
Sotub05g007430.1.1	Sotub06g026130.1.1	50.0000	301.2	877.8	0.0134	0.8414	62.7965	-3105.338184	
Sotub05g007450.1.1	Sotub03g033310.1.1	1.8729	352.9	1018.1	0.1217	0.2184	1.7951	-2955.947747	
Sotub05g007620.1.1	Sotub03g033210.1.1	2.3852	310.8	907.2	0.1610	0.3412	2.1197	-2879.046360	
Sotub05g007620.1.1	Sotub06g026130.1.1	2.9451	314.6	903.4	0.1341	0.3679	2.7444	-2903.204975	
Sotub05g007720.1.1	Sotub06g026100.1.1	2.6301	386.3	1161.7	0.0169	0.0565	3.3436	-2916.433642	
Sotub05g007730.1.1	Sotub03g033160.1.1	4.5102	335.8	1098.2	0.0645	0.3422	5.3006	-3261.592953	
Sotub05g007800.1.1	Sotub03g033130.1.1	7.2205	126.5	338.5	0.0526	0.4079	7.7582	-1096.988165	
Sotub05g008050.1.1	Sotub03g033020.1.1	4.0742	138.0	369.0	0.1189	0.4501	3.7864	-1239.360998	
Sotub05g008090.1.1	Sotub03g033060.1.1	3.7204	137.2	453.8	0.1229	0.4668	3.7988	-1455.246013	
Sotub05g008110.1.1	Sotub03g033070.1.1	7.3049	206.3	819.7	0.0456	0.4678	10.2492	-2453.389805	
Sotub05g008190.1.1	Sotub03g032900.1.1	3.3595	141.8	548.2	0.1563	0.5308	3.3960	-1649.673538	
Sotub05g008270.1.1	Sotub03g032830.1.1	3.2793	162.9	617.1	0.0208	0.1009	4.8526	-1569.769560	
Sotub05g008290.1.1	Sotub03g032790.1.1	49.2254	232.6	802.4	0.0055	0.3952	71.6595	-2464.622160	
Sotub05g008340.1.1	Sotub03g032750.1.1	3.9558	212.9	750.1	0.0601	0.2957	4.9221	-2200.833269	
Sotub05g009090.1.1	Sotub04g006240.1.1	1.3518	74.8	267.2	0.1608	0.2104	1.3081	-739.960698	
Sotub05g009150.1.1	Sotub04g006220.1.1	0.6200	326.6	951.4	0.1342	0.0780	0.5815	-2369.736398	
Sotub05g009220.1.1	Sotub02g029630.1.1	2.6872	382.9	1024.1	0.1526	0.3567	2.3376	-3256.444903	
Sotub05g009220.1.1	Sotub04g006170.1.1	50.0000	358.1	1048.9	0.0070	0.4515	64.1541	-3371.280226	
Sotub05g009250.1.1	Sotub02g029690.1.1	4.4803	147.7	386.3	0.0212	0.1085	5.1142	-1044.955425	
Sotub05g009270.1.1	Sotub02g029710.1.1	0.8594	97.3	343.7	0.0144	0.0178	1.2349	-756.422808	
Sotub05g009270.1.1	Sotub04g006160.1.1	0.3856	99.9	341.1	0.0225	0.0119	0.5266	-706.436835	
Sotub05g009340.1.1	Sotub04g006100.1.1	0.8323	190.0	512.0	0.1912	0.1293	0.6764	-1390.455596	
Sotub05g009380.1.1	Sotub04g006080.1.1	1.1667	142.6	598.4	0.0389	0.0676	1.7373	-1328.700173	
Sotub05g009510.1.1	Sotub04g006000.1.1	0.6130	285.0	801.0	0.1789	0.0927	0.5181	-2047.702729	
Sotub05g009550.1.1	Sotub04g005990.1.1	0.6780	1110.9	3647.1	0.2723	0.1392	0.5110	-9331.206457	
Sotub05g009630.1.1	Sotub04g005980.1.1	1.2747	215.2	645.8	0.2388	0.2365	0.9904	-1849.286027	
Sotub05g009730.1.1	Sotub04g005960.1.1	1.1412	373.0	1124.0	0.0398	0.0543	1.3631	-2769.681696	
Sotub05g009810.1.1	Sotub04g005940.1.1	0.4821	257.9	795.1	0.1438	0.0654	0.4547	-1885.375831	
Sotub05g009960.1.1	Sotub02g034790.1.1	3.1420	145.8	532.2	0.1278	0.4244	3.3210	-1595.843305	
Sotub05g010040.1.1	Sotub02g034760.1.1	1.6462	162.1	539.9	0.0699	0.1347	1.9275	-1426.143924	
Sotub05g010070.1.1	Sotub02g034740.1.1	5.1308	260.0	919.0	0.0359	0.2470	6.8811	-2601.142179	
Sotub05g010090.1.1	Sotub02g034700.1.1	5.3249	145.0	389.0	0.0575	0.3258	5.6643	-1218.748437	
Sotub05g010140.1.1	Sotub02g034690.1.1	15.9268	245.8	1026.2	0.0489	1.1151	22.8197	-3294.956835	
Sotub05g010160.1.1	Sotub02g034670.1.1	3.6413	138.1	572.9	0.1268	0.5192	4.0956	-1733.700040	
Sotub05g010330.1.1	Sotub06g026720.1.1	4.9568	149.1	606.9	0.1532	0.7904	5.1601	-1897.392520	
Sotub05g010520.1.1	Sotub03g029590.1.1	1.8998	302.0	934.0	0.0578	0.1272	2.1985	-2480.259518	
Sotub05g010520.1.1	Sotub06g026860.1.1	1.4704	298.5	1018.5	0.0751	0.1293	1.7213	-2666.223132	
Sotub05g010530.1.1	Sotub03g029600.1.1	3.9826	233.1	813.9	0.1769	0.6520	3.6860	-2589.022910	
Sotub05g010530.1.1	Sotub06g026870.1.1	6.5794	225.0	822.0	0.0768	0.6123	7.9685	-2569.196983	
Sotub05g010820.1.1	Sotub03g029780.1.1	6.0892	145.0	617.0	0.0732	0.5954	8.1347	-1885.508905	
Sotub05g011010.1.1	Sotub03g029810.1.1	2.4950	69.0	279.0	0.0594	0.2008	3.3821	-745.765565	
Sotub05g011020.1.1	Sotub03g029820.1.1	2.6142	244.6	784.4	0.1098	0.2977	2.7109	-2313.234352	
Sotub05g011150.1.1	Sotub01g017790.1.1	1.8813	118.9	454.1	0.2927	0.4177	1.4272	-1328.967264	
Sotub05g011210.1.1	Sotub01g017740.1.1	0.8839	240.6	818.4	0.1269	0.1150	0.9057	-2112.259565	
Sotub05g011360.1.1	Sotub04g005460.1.1	1.3822	401.5	1209.5	0.1470	0.1883	1.2814	-3458.906933	
Sotub05g011370.1.1	Sotub03g026620.1.1	50.0000	420.7	1181.3	0.0134	0.8192	61.1582	-4114.727615	
Sotub05g011370.1.1	Sotub04g005470.1.1	1.0185	432.8	1157.2	0.1306	0.1208	0.9243	-3188.149520	
Sotub05g011390.1.1	Sotub03g026690.1.1	50.0000	112.5	541.5	0.0051	0.4858	94.5152	-1574.678487	
Sotub05g011390.1.1	Sotub04g005480.1.1	1.8627	106.8	532.2	0.2228	0.3922	1.7605	-1451.678174	
Sotub05g011560.1.1	Sotub06g027140.1.1	34.5819	106.9	397.1	0.0027	0.1474	53.8015	-1035.971825	
Sotub05g011580.1.1	Sotub02g035260.1.1	50.0000	292.8	1036.2	0.0081	0.5924	73.5459	-3320.123915	
Sotub05g011580.1.1	Sotub04g026030.1.1	50.0000	281.1	1023.9	0.0086	0.6474	75.0149	-3265.608339	
Sotub05g011590.1.1	Sotub02g035290.1.1	10.6653	151.0	512.0	0.0211	0.3081	14.5675	-1499.979967	
Sotub05g011680.1.1	Sotub03g026810.1.1	3.3049	346.3	1204.7	0.0964	0.3561	3.6955	-3612.273606	
Sotub05g011680.1.1	Sotub06g027180.1.1	3.1303	431.9	1548.1	0.0740	0.2797	3.7810	-4471.948650	
Sotub05g011720.1.1	Sotub03g026860.1.1	2.2446	404.1	1467.9	0.0806	0.2161	2.6809	-4051.626051	
Sotub05g011720.1.1	Sotub06g027190.1.1	2.3177	405.1	1460.9	0.0736	0.2069	2.8126	-4012.135447	
Sotub05g011740.1.1	Sotub02g035400.1.1	2.2024	232.8	808.2	0.1272	0.2897	2.2767	-2336.548885	
Sotub05g011840.1.1	Sotub01g006330.1.1	4.1626	194.1	693.9	0.0198	0.1175	5.9280	-1806.466349	
Sotub05g011860.1.1	Sotub02g035410.1.1	5.7773	197.0	748.0	0.0479	0.3742	7.8154	-2234.680671	
Sotub05g011860.1.1	Sotub04g026250.1.1	5.0041	199.7	748.3	0.1712	0.8257	4.8239	-2450.002158	
Sotub05g011880.1.1	Sotub03g027020.1.1	3.8094	417.2	1331.8	0.1414	0.5186	3.6681	-4328.067307	
Sotub05g011890.1.1	Sotub02g035470.1.1	2.7690	102.5	371.5	0.1412	0.3986	2.8229	-1119.637003	
Sotub05g011920.1.1	Sotub02g035500.1.1	2.3196	229.1	760.9	0.1186	0.2844	2.3967	-2248.653261	
Sotub05g011970.1.1	Sotub01g006190.1.1	50.0000	262.2	940.8	0.0098	0.7235	73.8692	-3070.122983	
Sotub05g012000.1.1	Sotub03g027060.1.1	2.6699	149.9	489.1	0.0693	0.2145	3.0943	-1390.389039	
Sotub05g012210.1.1	Sotub01g005860.1.1	2.5335	111.5	332.5	0.3761	0.5962	1.5851	-1092.473571	
Sotub05g012220.1.1	Sotub03g027200.1.1	2.5594	232.4	826.6	0.1176	0.3224	2.7407	-2428.291794	
Sotub05g012230.1.1	Sotub02g035650.1.1	2.6745	143.9	426.1	0.2227	0.4740	2.1282	-1394.534724	
Sotub05g012300.1.1	Sotub02g035680.1.1	3.1216	244.5	694.5	0.1043	0.3215	3.0827	-2179.608086	
Sotub05g012310.1.1	Sotub01g005670.1.1	50.0000	197.9	693.1	0.0057	0.4187	73.5669	-2114.595475	
Sotub05g012460.1.1	Sotub02g035740.1.1	3.3016	119.5	393.5	0.1072	0.3744	3.4920	-1203.096539	
Sotub05g012510.1.1	Sotub03g027380.1.1	2.8344	106.5	343.5	0.1267	0.3591	2.8346	-1038.823146	
Sotub05g012530.1.1	Sotub03g027390.1.1	1.9718	413.9	1119.1	0.0683	0.1404	2.0549	-3173.872595	
Sotub05g012680.1.1	Sotub01g005520.1.1	50.0000	159.1	563.9	0.0105	0.7631	73.0215	-1834.633948	
Sotub05g012680.1.1	Sotub02g035930.1.1	50.0000	139.9	451.1	0.0115	0.7790	67.8857	-1521.185108	
Sotub05g012720.1.1	Sotub04g015260.1.1	1.6508	261.4	791.6	0.2855	0.3394	1.1889	-2396.437823	
Sotub05g012730.1.1	Sotub02g035810.1.1	4.3953	222.5	620.5	0.1452	0.5736	3.9511	-2073.090912	
Sotub05g012800.1.1	Sotub02g035870.1.1	5.5609	71.9	231.1	0.0132	0.0988	7.4988	-573.768751	
Sotub05g012800.1.1	Sotub03g027450.1.1	1.5279	58.6	244.4	0.0797	0.1576	1.9767	-602.750072	
Sotub05g012800.1.1	Sotub03g027450.1.1	1.5279	58.6	244.4	0.0797	0.1576	1.9767	-602.750072	
Sotub05g012810.1.1	Sotub04g015310.1.1	0.5479	610.7	1837.3	0.1771	0.0846	0.4776	-4507.292438	
Sotub05g012820.1.1	Sotub02g035890.1.1	5.7622	222.6	839.4	0.1510	0.8816	5.8381	-2748.141021	
Sotub05g012840.1.1	Sotub01g005320.1.1	10.6768	553.6	1897.4	0.0156	0.2329	14.9578	-5436.324986	
Sotub05g012840.1.1	Sotub04g015360.1.1	0.5381	542.3	1908.7	0.0961	0.0582	0.6058	-4377.750600	
Sotub05g012860.1.1	Sotub02g035900.1.1	2.8066	560.2	1617.8	0.0455	0.1464	3.2142	-4529.561165	
Sotub05g012860.1.1	Sotub04g015390.1.1	0.6097	544.1	1633.9	0.1766	0.0939	0.5316	-4076.971521	
Sotub05g012900.1.1	Sotub02g035920.1.1	50.0000	219.1	698.9	0.0037	0.2572	69.0020	-2062.379122	
Sotub05g012900.1.1	Sotub03g027530.1.1	1.3261	216.2	734.8	0.0751	0.1163	1.5492	-1908.113887	
Sotub05g012900.1.1	Sotub03g027530.1.1	1.3261	216.2	734.8	0.0751	0.1163	1.5492	-1908.113887	
Sotub05g012930.1.1	Sotub01g005440.1.1	9.7232	150.3	674.7	0.0262	0.4170	15.9150	-1924.431335	
Sotub05g012960.1.1	Sotub02g035930.1.1	3.6550	132.3	425.7	0.1045	0.4018	3.8469	-1320.755297	
Sotub05g013130.1.1	Sotub02g036100.1.1	2.0630	189.9	587.1	0.1174	0.2423	2.0641	-1709.969392	
Sotub05g013170.1.1	Sotub03g027640.1.1	36.1620	458.0	1360.0	0.0094	0.4387	46.5404	-4359.695196	
Sotub05g013170.1.1	Sotub03g027640.1.1	36.1620	458.0	1360.0	0.0094	0.4387	46.5404	-4359.695196	
Sotub05g013350.1.1	Sotub02g036310.1.1	50.0000	224.5	780.5	0.0126	0.8982	71.4932	-2597.139025	
Sotub05g014150.1.1	Sotub01g008250.1.1	0.5893	150.1	437.9	0.2487	0.1109	0.4460	-1121.943940	
Sotub05g014250.1.1	Sotub01g008220.1.1	0.6044	343.7	1054.3	0.1132	0.0688	0.6083	-2585.043939	
Sotub05g014270.1.1	Sotub01g008210.1.1	1.1388	220.1	790.9	0.1829	0.1924	1.0523	-2138.843742	
Sotub05g014810.1.1	Sotub04g012550.1.1	6.9734	92.1	273.9	0.0245	0.2114	8.6121	-762.072804	
Sotub05g014810.1.1	Sotub04g022730.1.1	10.4881	97.7	268.3	0.0141	0.1776	12.6037	-744.510277	
Sotub05g014810.1.1	Sotub06g019390.1.1	4.4094	93.9	272.1	0.0452	0.2288	5.0635	-786.603062	
Sotub05g014820.1.1	Sotub04g012560.1.1	50.0000	85.5	313.5	0.0064	0.4873	75.9763	-941.510566	
Sotub05g014820.1.1	Sotub04g022740.1.1	50.0000	73.6	238.4	0.0065	0.4505	69.1720	-718.344522	
Sotub05g014820.1.1	Sotub06g019380.1.1	5.2969	73.0	260.0	0.0835	0.5183	6.2098	-805.092486	
Sotub05g014860.1.1	Sotub03g023240.1.1	2.8368	494.2	1560.8	0.1729	0.4398	2.5431	-4935.928257	
Sotub05g014890.1.1	Sotub03g023270.1.1	3.9788	245.7	852.3	0.1101	0.4722	4.2887	-2643.775655	
Sotub05g015020.1.1	Sotub03g023320.1.1	12.3381	220.2	778.8	0.0126	0.2258	17.8620	-2182.307303	
Sotub05g015080.1.1	Sotub03g023350.1.1	6.3126	239.5	957.5	0.0125	0.1249	10.0181	-2406.151800	
Sotub05g015110.1.1	Sotub03g023450.1.1	1.9889	198.9	515.1	0.1535	0.2614	1.7030	-1604.329186	
Sotub05g015190.1.1	Sotub03g023510.1.1	50.0000	241.9	772.1	0.0208	1.3630	65.5134	-2694.226169	
Sotub05g015210.1.1	Sotub03g023610.1.1	2.2138	170.8	561.2	0.1445	0.3098	2.1446	-1653.886940	
Sotub05g015220.1.1	Sotub03g023530.1.1	9.6688	238.1	814.9	0.0739	0.8406	11.3786	-2716.064376	
Sotub05g015220.1.1	Sotub04g012950.1.1	50.0000	243.2	821.8	0.0112	0.7874	70.3384	-2748.148575	
Sotub05g015220.1.1	Sotub04g023100.1.1	50.0000	230.6	828.4	0.0113	0.8285	73.5565	-2721.101944	
Sotub05g015220.1.1	Sotub06g019020.1.1	50.0000	144.8	512.2	0.0119	0.8636	72.5753	-1688.690361	
Sotub05g015340.1.1	Sotub02g036940.1.1	50.0000	114.3	515.7	0.0045	0.4091	90.0374	-1472.391667	
Sotub05g015390.1.1	Sotub02g036980.1.1	3.5499	285.9	878.1	0.0503	0.2098	4.1735	-2538.067373	
Sotub05g015420.1.1	Sotub02g036990.1.1	2.2350	351.0	1080.0	0.0676	0.1700	2.5146	-2989.113776	
Sotub05g015560.1.1	Sotub02g037040.1.1	3.9304	433.1	1462.9	0.0695	0.3230	4.6444	-4365.126186	
Sotub05g015570.1.1	Sotub02g037050.1.1	8.1200	309.9	938.1	0.0242	0.2456	10.1577	-2738.359118	
Sotub05g016240.1.1	Sotub02g009980.1.1	0.8313	131.4	462.6	0.2311	0.1596	0.6908	-1186.392679	
Sotub05g016340.1.1	Sotub02g009950.1.1	50.0000	127.9	463.1	0.0046	0.3488	75.7407	-1354.951755	
Sotub05g018470.1.1	Sotub09g011640.1.1	6.8824	346.6	1252.4	0.0459	0.4165	9.0789	-3774.585753	
Sotub05g018810.1.1	Sotub09g012210.1.1	50.0000	224.6	693.4	0.0098	0.6462	66.1260	-2294.897718	
Sotub05g018890.1.1	Sotub08g014720.1.1	0.4524	86.9	360.1	0.8056	0.1440	0.1788	-828.798397	
Sotub05g018900.1.1	Sotub09g012260.1.1	6.4362	68.8	273.2	0.2744	1.4003	5.1041	-906.402822	
Sotub05g020270.1.1	Sotub04g022730.1.1	16.2123	133.4	508.6	0.0410	0.9226	22.4915	-1578.495779	
Sotub05g020560.1.1	Sotub04g022830.1.1	4.3972	213.4	788.6	0.2844	0.9544	3.3553	-2606.096081	
Sotub05g020810.1.1	Sotub04g023100.1.1	9.0696	210.3	821.7	0.0734	0.8460	11.5318	-2639.343017	
Sotub05g021420.1.1	Sotub12g011910.1.1	1.2543	111.6	401.4	0.0968	0.1380	1.4260	-1040.423834	
Sotub05g021460.1.1	Sotub12g011930.1.1	1.2521	68.2	375.8	0.2928	0.3044	1.0396	-939.348758	
Sotub05g021500.1.1	Sotub03g010370.1.1	50.0000	152.2	558.8	0.0059	0.4512	76.1895	-1723.736530	
Sotub05g021510.1.1	Sotub03g010400.1.1	31.5273	217.1	730.9	0.0157	0.6857	43.5826	-2380.513291	
Sotub05g021510.1.1	Sotub12g011940.1.1	6.7929	205.6	739.4	0.0214	0.2067	9.6637	-2015.728142	
Sotub05g021590.1.1	Sotub03g010450.1.1	3.4089	181.6	616.4	0.1226	0.4322	3.5258	-1900.896123	
Sotub05g022100.1.1	Sotub01g031740.1.1	0.7275	62.9	282.1	0.1352	0.1120	0.8282	-640.641503	
Sotub05g022140.1.1	Sotub01g031720.1.1	1.8065	149.9	582.1	0.2491	0.3724	1.4948	-1721.246844	
Sotub05g022160.1.1	Sotub01g031710.1.1	0.6724	172.8	553.2	0.1536	0.0970	0.6313	-1380.543997	
Sotub05g022220.1.1	Sotub01g031680.1.1	0.6417	118.8	451.2	0.1469	0.0968	0.6587	-1061.265909	
Sotub05g022310.1.1	Sotub01g032370.1.1	1.3184	224.3	783.7	0.2975	0.2881	0.9683	-2265.432721	
Sotub05g022320.1.1	Sotub01g032380.1.1	0.6428	291.1	950.9	0.1408	0.0882	0.6261	-2329.059636	
Sotub05g022420.1.1	Sotub01g032530.1.1	0.9839	340.0	1097.0	0.2949	0.2095	0.7103	-2980.971544	
Sotub05g022500.1.1	Sotub01g032900.1.1	0.8136	225.6	803.4	0.1717	0.1318	0.7677	-2010.492028	
Sotub05g022510.1.1	Sotub01g032910.1.1	0.9367	293.5	906.5	0.2521	0.1810	0.7177	-2464.508168	
Sotub05g022520.1.1	Sotub01g032940.1.1	0.4647	104.2	318.8	0.0464	0.0255	0.5507	-724.644254	
Sotub05g022520.1.1	Sotub12g024200.1.1	3.2478	96.8	326.2	0.0053	0.0248	4.6454	-763.974237	
Sotub05g022700.1.1	Sotub01g033340.1.1	0.6053	822.9	2666.1	0.1738	0.0951	0.5473	-6545.471776	
Sotub05g022730.1.1	Sotub01g033410.1.1	0.4548	403.4	1399.6	0.0514	0.0295	0.5751	-3069.051015	
Sotub05g022740.1.1	Sotub01g033430.1.1	0.6298	312.1	1010.9	0.1282	0.0806	0.6289	-2453.018084	
Sotub05g022750.1.1	Sotub01g033460.1.1	0.4905	200.9	681.1	0.0819	0.0460	0.5618	-1561.255033	
Sotub05g022770.1.1	Sotub01g033490.1.1	0.8075	334.9	1018.1	0.1961	0.1336	0.6814	-2672.437675	
Sotub05g022790.1.1	Sotub01g033520.1.1	1.6346	109.9	406.1	0.4009	0.4133	1.0310	-1175.297275	
Sotub05g022840.1.1	Sotub01g033590.1.1	0.6815	187.6	568.4	0.2154	0.1193	0.5539	-1456.587152	
Sotub05g023030.1.1	Sotub01g029620.1.1	50.0000	86.4	297.6	0.0081	0.5867	72.0311	-954.148752	
Sotub05g023120.1.1	Sotub01g029730.1.1	0.6631	240.9	788.1	0.1171	0.0799	0.6826	-1911.168188	
Sotub05g023130.1.1	Sotub01g029740.1.1	1.8599	139.0	401.0	0.2744	0.3689	1.3442	-1248.236980	
Sotub05g023530.1.1	Sotub04g011610.1.1	4.5806	55.5	370.5	0.0571	0.4848	8.4892	-959.435515	
Sotub05g023590.1.1	Sotub04g011590.1.1	0.6549	254.6	813.4	0.1020	0.0704	0.6908	-1965.612184	
Sotub05g023630.1.1	Sotub04g011460.1.1	50.0000	246.4	866.6	0.0140	1.0046	71.7392	-2886.871994	
Sotub05g023740.1.1	Sotub04g011500.1.1	0.9997	348.0	1476.0	0.1758	0.1759	1.0007	-3680.780242	
Sotub05g023790.1.1	Sotub04g011440.1.1	1.4014	555.1	1928.9	0.2468	0.2777	1.1252	-5368.914384	
Sotub05g023870.1.1	Sotub04g011310.1.1	1.4364	92.7	276.3	0.1398	0.1881	1.3453	-790.696345	
Sotub05g023890.1.1	Sotub04g011290.1.1	1.5445	135.9	461.1	0.1143	0.1863	1.6296	-1253.265503	
Sotub05g023930.1.1	Sotub01g042580.1.1	1.9248	520.6	1621.4	0.1102	0.2165	1.9657	-4656.704996	
Sotub05g023990.1.1	Sotub01g042460.1.1	2.2168	375.7	1205.3	0.0964	0.2290	2.3752	-3406.823531	
Sotub05g023990.1.1	Sotub04g028270.1.1	6.9660	324.4	1136.6	0.3822	1.7087	4.4705	-3883.695483	
Sotub05g024120.1.1	Sotub04g011190.1.1	50.0000	145.4	439.6	0.0111	0.7209	64.8655	-1484.332765	
Sotub05g024260.1.1	Sotub04g011050.1.1	50.0000	203.6	768.4	0.0112	0.8517	76.3585	-2504.891969	
Sotub05g024500.1.1	Sotub04g020970.1.1	1.8307	101.9	357.1	0.1489	0.2690	1.8058	-1009.340983	
Sotub05g024510.1.1	Sotub04g020940.1.1	1.4802	204.4	740.6	0.2550	0.3024	1.1857	-2071.644878	
Sotub05g024520.1.1	Sotub04g020880.1.1	1.1904	169.4	676.6	0.2310	0.2381	1.0308	-1815.111472	
Sotub05g024530.1.1	Sotub04g020860.1.1	2.1467	151.0	608.0	0.1432	0.3267	2.2812	-1702.499823	
Sotub05g024540.1.1	Sotub04g020750.1.1	0.9482	374.4	1065.6	0.1303	0.1155	0.8867	-2852.374836	
Sotub05g024610.1.1	Sotub04g020660.1.1	0.8760	205.9	724.1	0.2552	0.1774	0.6951	-1884.002178	
Sotub05g024960.1.1	Sotub06g010970.1.1	1.0348	360.8	923.2	0.2011	0.1630	0.8105	-2606.097276	
Sotub05g024970.1.1	Sotub06g011010.1.1	0.5166	181.5	619.5	0.1153	0.0629	0.5454	-1410.706604	
Sotub05g024980.1.1	Sotub06g011070.1.1	16.3585	591.7	1619.3	0.0457	0.8282	18.1077	-5668.643559	
Sotub05g025010.1.1	Sotub06g011140.1.1	2.5011	183.6	782.4	0.1791	0.4456	2.4875	-2301.259057	
Sotub05g025010.1.1	Sotub09g016680.1.1	4.0663	184.4	775.6	0.0730	0.3940	5.4007	-2283.291833	
Sotub05g025090.1.1	Sotub06g011200.1.1	1.6143	228.4	818.6	0.1723	0.2627	1.5251	-2313.223071	
Sotub05g025090.1.1	Sotub10g018780.1.1	3.6538	214.8	832.2	0.1683	0.6047	3.5934	-2570.553340	
Sotub05g025090.1.1	Sotub10g023380.1.1	50.0000	220.0	809.0	0.0070	0.5297	76.0123	-2529.960879	
Sotub05g025130.1.1	Sotub06g011270.1.1	0.6185	151.0	542.0	0.0757	0.0563	0.7443	-1244.122102	
Sotub05g025140.1.1	Sotub06g011280.1.1	0.6906	343.0	1046.0	0.1898	0.1121	0.5904	-2675.657954	
Sotub05g025160.1.1	Sotub06g011290.1.1	0.6504	322.3	994.7	0.1489	0.0904	0.6070	-2498.358908	
Sotub05g025530.1.1	Sotub03g018970.1.1	1.0441	251.2	855.8	0.0892	0.1049	1.1763	-2152.457079	
Sotub05g025540.1.1	Sotub03g018980.1.1	3.2649	198.3	614.7	0.1301	0.4136	3.1792	-1932.193451	
Sotub05g025670.1.1	Sotub05g025160.1.1	50.0000	308.3	1008.7	0.0067	0.4681	69.6670	-3214.532237	
Sotub05g025680.1.1	Sotub05g025180.1.1	9.9390	184.6	586.4	0.0693	0.7859	11.3385	-1966.875453	
Sotub05g025710.1.1	Sotub03g019110.1.1	50.0000	230.5	837.5	0.0106	0.7881	74.3700	-2722.266084	
Sotub05g025710.1.1	Sotub05g025250.1.1	50.0000	230.7	831.3	0.0134	0.9797	73.2058	-2752.314143	
Sotub05g025710.1.1	Sotub12g030730.1.1	9.6846	208.8	787.2	0.0707	0.8598	12.1564	-2557.541690	
Sotub05g025970.1.1	Sotub12g031040.1.1	0.5390	399.9	1100.1	0.0792	0.0438	0.5533	-2621.049909	
Sotub05g025990.1.1	Sotub12g031060.1.1	11.1193	100.6	415.4	0.0585	0.8954	15.3107	-1290.024671	
Sotub05g026080.1.1	Sotub01g018070.1.1	0.7224	772.3	2560.7	0.1328	0.0958	0.7216	-6316.396728	
Sotub05g026090.1.1	Sotub01g018060.1.1	0.5979	431.6	1233.4	0.1134	0.0658	0.5807	-3029.696577	
Sotub05g026090.1.1	Sotub12g031220.1.1	0.6515	444.1	1220.9	0.1106	0.0691	0.6243	-3059.959876	
Sotub05g026100.1.1	Sotub01g017940.1.1	8.5605	289.0	884.0	0.0532	0.5302	9.9590	-2868.399130	
Sotub05g026200.1.1	Sotub09g027230.1.1	0.5554	425.4	1272.6	0.0976	0.0558	0.5720	-2986.214589	
Sotub05g026220.1.1	Sotub09g027290.1.1	0.8179	289.0	920.0	0.2313	0.1519	0.6568	-2454.783870	
Sotub05g026230.1.1	Sotub09g027310.1.1	1.4885	143.3	474.7	0.2410	0.2867	1.1897	-1401.238916	
Sotub05g026310.1.1	Sotub09g027860.1.1	0.7957	256.6	808.4	0.0467	0.0448	0.9596	-1942.548313	
Sotub05g026310.1.1	Sotub09g027860.1.1	0.7957	256.6	808.4	0.0467	0.0448	0.9596	-1942.548313	
Sotub05g026310.1.1	Sotub12g029760.1.1	1.3192	225.2	704.8	0.1379	0.1749	1.2683	-1917.562540	
Sotub05g026440.1.1	Sotub12g029950.1.1	3.5826	95.6	300.4	0.1680	0.5440	3.2372	-946.307511	
Sotub05g026460.1.1	Sotub09g028030.1.1	2.5242	116.4	420.6	0.2790	0.5393	1.9330	-1285.488407	
Sotub05g026460.1.1	Sotub09g028030.1.1	2.5242	116.4	420.6	0.2790	0.5393	1.9330	-1285.488407	
Sotub05g026460.1.1	Sotub12g029930.1.1	50.0000	111.8	425.2	0.0091	0.7080	77.3824	-1306.290039	
Sotub05g026520.1.1	Sotub09g028270.1.1	0.5650	759.3	2210.7	0.0800	0.0478	0.5975	-5265.245986	
Sotub05g026520.1.1	Sotub09g028270.1.1	0.5650	759.3	2210.7	0.0800	0.0478	0.5975	-5265.245986	
Sotub05g026530.1.1	Sotub09g028280.1.1	1.3080	116.2	603.8	0.2374	0.2871	1.2095	-1526.477179	
Sotub05g026530.1.1	Sotub09g028280.1.1	1.3080	116.2	603.8	0.2374	0.2871	1.2095	-1526.477179	
Sotub05g026540.1.1	Sotub09g028260.1.1	0.5662	153.8	461.2	0.0224	0.0158	0.7069	-1051.263504	
Sotub05g026540.1.1	Sotub12g030060.1.1	0.5495	155.5	459.5	0.0128	0.0090	0.6981	-1033.585753	
Sotub05g026550.1.1	Sotub09g028250.1.1	1.9412	161.8	744.2	0.1914	0.3688	1.9272	-2038.013216	
Sotub05g026550.1.1	Sotub12g030070.1.1	1.2004	166.6	736.4	0.2201	0.2420	1.0991	-1892.653636	
Sotub05g026600.1.1	Sotub12g030150.1.1	50.0000	263.9	999.1	0.0087	0.6746	77.2002	-3218.850420	
Sotub05g026650.1.1	Sotub12g030230.1.1	1.2401	389.3	1515.7	0.5140	0.3464	0.6740	-4210.138990	
Sotub05g026670.1.1	Sotub12g030240.1.1	8.3519	308.1	930.9	0.0112	0.1212	10.8288	-2507.130491	
Sotub05g026690.1.1	Sotub12g030250.1.1	0.6662	284.2	1053.8	0.0387	0.0354	0.9142	-2355.689590	
Sotub05g026700.1.1	Sotub12g030350.1.1	1.2510	273.2	794.8	0.2308	0.2251	0.9753	-2278.458103	
Sotub05g027190.1.1	Sotub12g031510.1.1	0.4010	276.6	881.4	0.1551	0.0581	0.3745	-2030.015140	
Sotub05g027210.1.1	Sotub01g020930.1.1	0.7862	411.5	1361.5	0.2154	0.1420	0.6593	-3527.744993	
Sotub05g027210.1.1	Sotub12g031490.1.1	0.7723	397.5	1342.5	0.2110	0.1388	0.6580	-3464.798874	
Sotub05g027220.1.1	Sotub01g020920.1.1	1.0255	105.7	356.3	0.1927	0.1745	0.9058	-932.116361	
Sotub05g027220.1.1	Sotub12g031470.1.1	0.8452	79.8	385.2	0.2170	0.1740	0.8018	-918.564609	
Sotub05g027260.1.1	Sotub01g020890.1.1	1.3274	92.0	412.0	0.1444	0.2125	1.4723	-1060.527280	
Sotub05g027270.1.1	Sotub12g031420.1.1	0.4513	353.9	1038.1	0.0435	0.0228	0.5247	-2328.533379	
Sotub05g027280.1.1	Sotub01g020560.1.1	19.2983	214.9	730.1	0.0093	0.2554	27.4157	-2100.283408	
Sotub05g027280.1.1	Sotub12g031390.1.1	18.7990	210.8	728.2	0.0076	0.2055	27.2019	-2012.937522	
Sotub05g027310.1.1	Sotub01g020550.1.1	1.4168	118.6	331.4	0.2700	0.2757	1.0211	-990.880226	
Sotub05g027320.1.1	Sotub01g020470.1.1	1.4417	160.4	496.6	0.1013	0.1518	1.4980	-1358.916989	
Sotub05g027330.1.1	Sotub01g020430.1.1	0.6264	613.6	1864.4	0.1617	0.0914	0.5654	-4667.989990	
Sotub05g027340.1.1	Sotub12g031350.1.1	50.0000	93.0	372.0	0.0048	0.3933	81.7228	-1042.832903	
Sotub05g027350.1.1	Sotub12g031330.1.1	1.0807	185.3	600.7	0.3251	0.2419	0.7439	-1684.253947	
Sotub05g027390.1.1	Sotub06g032080.1.1	2.9158	456.3	1493.7	0.1902	0.4868	2.5599	-4708.827221	
Sotub05g027400.1.1	Sotub06g032030.1.1	4.2201	209.6	750.4	0.1065	0.4966	4.6640	-2206.687756	
Sotub05g027420.1.1	Sotub06g032020.1.1	3.9266	240.2	716.8	0.0913	0.3742	4.0988	-2253.730203	
Sotub05g027490.1.1	Sotub04g010120.1.1	0.7750	126.5	416.5	0.0759	0.0673	0.8871	-1013.377868	
Sotub05g027490.1.1	Sotub06g031940.1.1	1.3332	121.2	415.8	0.0369	0.0646	1.7480	-1008.404248	
Sotub05g027570.1.1	Sotub04g010200.1.1	1.3193	174.0	393.0	0.1190	0.1344	1.1296	-1149.328675	
Sotub05g027580.1.1	Sotub06g031860.1.1	2.7060	339.8	1010.2	0.2074	0.4598	2.2165	-3259.983874	
Sotub05g027610.1.1	Sotub04g010220.1.1	0.6011	162.4	485.6	0.0594	0.0403	0.6792	-1149.138620	
Sotub05g027690.1.1	Sotub04g010270.1.1	0.4432	715.3	2338.7	0.0856	0.0422	0.4928	-5306.276499	
Sotub05g027840.1.1	Sotub06g031530.1.1	3.7799	147.6	419.4	0.0993	0.3750	3.7748	-1327.135711	
Sotub05g027900.1.1	Sotub06g031510.1.1	4.8061	427.9	1333.1	0.1051	0.5222	4.9662	-4317.846026	
Sotub05g027900.1.1	Sotub09g005800.1.1	4.2537	435.9	1376.1	0.1051	0.4651	4.4261	-4355.929611	
Sotub05g027910.1.1	Sotub06g031500.1.1	21.0230	373.0	1169.0	0.0174	0.4781	27.4712	-3733.582642	
Sotub05g027910.1.1	Sotub09g005850.1.1	9.4693	357.4	1199.6	0.0418	0.5043	12.0577	-3787.434507	
Sotub05g027930.1.1	Sotub09g005870.1.1	3.1110	211.9	805.1	0.1368	0.4479	3.2752	-2355.539282	
Sotub05g027960.1.1	Sotub04g009760.1.1	1.6947	431.1	1164.9	0.0526	0.0963	1.8312	-3191.799128	
Sotub05g027990.1.1	Sotub09g006030.1.1	50.0000	222.9	629.1	0.0055	0.3422	62.7384	-1991.070754	
Sotub05g028050.1.1	Sotub04g009870.1.1	0.5834	324.9	989.1	0.1180	0.0683	0.5786	-2390.579543	
Sotub05g028080.1.1	Sotub04g009900.1.1	1.0718	173.0	493.0	0.3049	0.2244	0.7360	-1411.046698	
Sotub05g028100.1.1	Sotub06g017240.1.1	50.0000	100.3	529.7	0.0040	0.4145	102.4895	-1450.068039	
Sotub05g028120.1.1	Sotub06g017230.1.1	5.4600	149.0	481.0	0.0429	0.2899	6.7605	-1449.565102	
Sotub05g028130.1.1	Sotub06g017220.1.1	3.6387	193.9	694.1	0.0111	0.0595	5.3417	-1676.523951	
Sotub05g028930.1.1	Sotub04g020440.1.1	1.0622	101.5	396.5	0.0838	0.1097	1.3084	-988.673730	
Sotub05g028940.1.1	Sotub04g020420.1.1	2.2646	94.7	400.3	0.3735	0.5714	1.5299	-1174.502351	
Sotub05g028950.1.1	Sotub04g020380.1.1	0.6287	182.1	519.9	0.0727	0.0486	0.6689	-1229.606191	
Sotub05g028980.1.1	Sotub04g020140.1.1	0.8008	296.9	921.1	0.1887	0.1303	0.6907	-2387.214907	
Sotub05g028990.1.1	Sotub04g020100.1.1	0.8664	317.5	1053.5	0.2899	0.1843	0.6357	-2826.379816	
Sotub05g029060.1.1	Sotub04g019970.1.1	50.0000	103.1	301.9	0.0092	0.5866	63.7413	-1006.885295	
Sotub06g006120.1.1	Sotub03g020740.1.1	2.2818	393.4	1310.6	0.1142	0.2726	2.3863	-3803.190772	
Sotub06g006190.1.1	Sotub03g020800.1.1	50.0000	223.5	865.5	0.0085	0.6712	78.6236	-2745.474730	
Sotub06g007100.1.1	Sotub09g019460.1.1	0.4753	253.0	890.0	0.0828	0.0459	0.5543	-2028.861378	
Sotub06g007110.1.1	Sotub09g019480.1.1	0.7672	255.0	1026.0	0.1401	0.1151	0.8216	-2479.417652	
Sotub06g007120.1.1	Sotub09g019510.1.1	0.8041	191.3	549.7	0.1434	0.1054	0.7353	-1446.689579	
Sotub06g007150.1.1	Sotub09g019530.1.1	1.8112	121.2	628.8	0.1723	0.3399	1.9730	-1709.338280	
Sotub06g007570.1.1	Sotub01g023170.1.1	50.0000	160.4	532.6	0.0089	0.6246	69.9418	-1731.185139	
Sotub06g007620.1.1	Sotub01g023380.1.1	50.0000	243.6	884.4	0.0107	0.7941	74.3044	-2862.574653	
Sotub06g007620.1.1	Sotub01g038780.1.1	13.6104	238.0	890.0	0.0418	0.7778	18.5935	-2838.385881	
Sotub06g007740.1.1	Sotub01g024040.1.1	50.0000	212.8	705.2	0.0129	0.8889	68.9625	-2395.281934	
Sotub06g007880.1.1	Sotub01g023620.1.1	4.4687	221.7	849.3	0.1969	0.8076	4.1021	-2741.519107	
Sotub06g007880.1.1	Sotub01g032330.1.1	50.0000	187.8	706.2	0.0215	1.5809	73.3992	-2349.349991	
Sotub06g007900.1.1	Sotub01g023630.1.1	1.0123	235.2	922.8	0.2814	0.2222	0.7896	-2443.323679	
Sotub06g007900.1.1	Sotub01g038370.1.1	2.6792	255.1	902.9	0.1601	0.4143	2.5873	-2719.689710	
Sotub06g007910.1.1	Sotub01g023650.1.1	0.9047	308.4	975.6	0.2896	0.1898	0.6552	-2637.557643	
Sotub06g007950.1.1	Sotub01g023790.1.1	0.6119	561.2	1766.8	0.1717	0.0943	0.5493	-4360.356190	
Sotub06g007960.1.1	Sotub01g023840.1.1	0.9807	115.2	463.8	0.0054	0.0087	1.6074	-981.605058	
Sotub06g007960.1.1	Sotub01g038180.1.1	2.8600	131.5	447.5	0.0067	0.0276	4.1050	-1044.279478	
Sotub06g007970.1.1	Sotub01g023870.1.1	1.3224	389.1	1350.9	0.1109	0.1579	1.4231	-3615.420843	
Sotub06g007980.1.1	Sotub01g023880.1.1	0.5589	74.8	234.2	0.0621	0.0400	0.6442	-526.429343	
Sotub06g008000.1.1	Sotub01g023920.1.1	44.1950	110.3	621.7	0.0050	0.4784	95.0324	-1709.590211	
Sotub06g008050.1.1	Sotub01g036760.1.1	50.0000	328.5	1216.5	0.0086	0.6543	75.9647	-3911.012026	
Sotub06g008060.1.1	Sotub01g032380.1.1	50.0000	281.0	961.0	0.0063	0.4543	72.1208	-3018.934975	
Sotub06g008260.1.1	Sotub01g032550.1.1	50.0000	273.2	1073.8	0.0117	0.9184	78.5526	-3440.526892	
Sotub06g008370.1.1	Sotub01g036370.1.1	3.3195	273.6	929.4	0.2022	0.5832	2.8843	-2997.784515	
Sotub06g008660.1.1	Sotub01g036040.1.1	13.6567	232.8	754.2	0.0552	0.9039	16.3695	-2561.599097	
Sotub06g008680.1.1	Sotub01g036020.1.1	2.0293	246.4	776.6	0.0679	0.1570	2.3131	-2115.448136	
Sotub06g008720.1.1	Sotub01g035800.1.1	2.5431	417.1	1124.9	0.0785	0.2030	2.5862	-3361.584225	
Sotub06g009380.1.1	Sotub01g030220.1.1	3.3011	125.8	429.2	0.2254	0.6185	2.7442	-1362.778196	
Sotub06g009390.1.1	Sotub01g030180.1.1	2.4940	211.4	718.6	0.1228	0.3169	2.5803	-2113.767893	
Sotub06g011130.1.1	Sotub09g016670.1.1	16.5985	141.8	410.2	0.0126	0.2623	20.7724	-1227.363911	
Sotub06g011130.1.1	Sotub10g018720.1.1	14.4638	141.2	410.8	0.0125	0.2281	18.1783	-1190.952516	
Sotub06g011140.1.1	Sotub09g016680.1.1	4.2392	181.0	785.0	0.1109	0.5647	5.0929	-2379.461182	
Sotub06g011190.1.1	Sotub10g018800.1.1	43.7582	133.6	409.4	0.0036	0.2094	58.6543	-1210.172918	
Sotub06g011200.1.1	Sotub10g018780.1.1	3.3184	240.1	848.9	0.2037	0.5941	2.9163	-2694.353614	
Sotub06g011200.1.1	Sotub10g023380.1.1	2.9289	249.6	821.4	0.2057	0.5138	2.4981	-2626.574345	
Sotub06g012430.1.1	Sotub03g013510.1.1	50.0000	127.1	412.9	0.0042	0.2935	69.8613	-1255.359788	
Sotub06g012540.1.1	Sotub03g013620.1.1	9.2013	81.4	341.6	0.0743	0.9026	12.1488	-1077.294450	
Sotub06g012580.1.1	Sotub03g013660.1.1	4.7191	115.9	457.1	0.2079	0.8883	4.2730	-1438.294548	
Sotub06g012890.1.1	Sotub06g009130.1.1	13.7311	217.1	709.9	0.0425	0.7292	17.1602	-2370.530613	
Sotub06g013540.1.1	Sotub03g014850.1.1	0.7298	322.4	994.6	0.0849	0.0669	0.7875	-2429.471898	
Sotub06g013610.1.1	Sotub03g015040.1.1	0.7972	177.4	584.6	0.1751	0.1268	0.7238	-1491.886577	
Sotub06g013620.1.1	Sotub03g015060.1.1	1.4924	341.1	1068.9	0.0600	0.1038	1.7309	-2786.220139	
Sotub06g013630.1.1	Sotub03g015110.1.1	50.0000	132.0	396.0	0.0083	0.5407	65.0589	-1290.235431	
Sotub06g013640.1.1	Sotub03g015170.1.1	0.7060	197.3	540.7	0.2729	0.1374	0.5036	-1440.020705	
Sotub06g014410.1.1	Sotub10g023560.1.1	4.3508	169.7	535.3	0.0412	0.2196	5.3323	-1535.015837	
Sotub06g014520.1.1	Sotub10g023680.1.1	50.0000	86.4	333.6	0.0164	1.2472	76.2075	-1105.971127	
Sotub06g014950.1.1	Sotub03g018470.1.1	0.6498	332.1	1098.9	0.0508	0.0406	0.7991	-2553.749505	
Sotub06g014960.1.1	Sotub03g018480.1.1	0.9042	768.9	2438.1	0.3286	0.2023	0.6157	-6557.882310	
Sotub06g015010.1.1	Sotub03g018550.1.1	0.7669	157.9	460.1	0.1869	0.1210	0.6477	-1200.327872	
Sotub06g015870.1.1	Sotub03g015410.1.1	0.5919	231.1	815.9	0.2208	0.1109	0.5023	-1988.246279	
Sotub06g015880.1.1	Sotub03g015470.1.1	0.5672	213.7	662.3	0.1277	0.0709	0.5552	-1606.330103	
Sotub06g015950.1.1	Sotub03g012800.1.1	1.0589	138.9	413.1	0.3323	0.2345	0.7055	-1168.013439	
Sotub06g015960.1.1	Sotub03g012940.1.1	0.9697	468.0	1578.0	0.2916	0.2078	0.7125	-4312.824239	
Sotub06g016000.1.1	Sotub03g012990.1.1	0.7701	131.3	438.7	0.1084	0.0887	0.8179	-1064.097024	
Sotub06g016020.1.1	Sotub03g013000.1.1	0.5349	564.9	1730.1	0.0954	0.0535	0.5606	-4085.934985	
Sotub06g016030.1.1	Sotub03g013140.1.1	1.0637	292.6	895.4	0.3384	0.2393	0.7073	-2540.588143	
Sotub06g016070.1.1	Sotub03g013160.1.1	7.4910	176.8	579.2	0.0838	0.7019	8.3763	-1931.434568	
Sotub06g016080.1.1	Sotub01g033460.1.1	1.9237	195.5	668.5	0.0343	0.0870	2.5365	-1703.040144	
Sotub06g016080.1.1	Sotub03g013230.1.1	0.4276	207.5	650.5	0.0870	0.0403	0.4629	-1486.900146	
Sotub06g016090.1.1	Sotub03g013280.1.1	0.8041	156.9	482.1	0.1310	0.1020	0.7783	-1223.635514	
Sotub06g016100.1.1	Sotub03g013320.1.1	0.8192	237.5	689.5	0.1348	0.1032	0.7661	-1808.740303	
Sotub06g016120.1.1	Sotub03g013350.1.1	1.5748	90.3	326.7	0.2270	0.3021	1.3309	-927.258768	
Sotub06g016130.1.1	Sotub03g013490.1.1	1.6956	188.1	543.9	0.2349	0.3077	1.3101	-1637.746228	
Sotub06g016150.1.1	Sotub03g013510.1.1	0.5744	111.5	314.5	0.1329	0.0707	0.5321	-785.386248	
Sotub06g016160.1.1	Sotub03g013590.1.1	0.5171	263.5	786.5	0.1332	0.0655	0.4916	-1905.200817	
Sotub06g016220.1.1	Sotub03g013720.1.1	2.8550	115.0	335.0	0.3470	0.6426	1.8517	-1126.933022	
Sotub06g016260.1.1	Sotub03g013740.1.1	0.9313	161.3	489.7	0.1709	0.1410	0.8250	-1311.480191	
Sotub06g016270.1.1	Sotub03g013770.1.1	0.9863	164.5	477.5	0.2629	0.1913	0.7277	-1344.365707	
Sotub06g016300.1.1	Sotub03g012560.1.1	0.8663	267.4	800.6	0.1938	0.1415	0.7299	-2156.037393	
Sotub06g016320.1.1	Sotub03g012590.1.1	1.0232	287.5	828.5	0.1956	0.1656	0.8468	-2289.642757	
Sotub06g016330.1.1	Sotub03g012620.1.1	0.8063	169.6	445.4	0.1326	0.0959	0.7227	-1171.828199	
Sotub06g016340.1.1	Sotub03g012020.1.1	0.7615	291.1	815.9	0.2542	0.1433	0.5637	-2168.455197	
Sotub06g016350.1.1	Sotub03g012030.1.1	0.7073	122.4	396.6	0.0414	0.0365	0.8811	-914.307634	
Sotub06g016360.1.1	Sotub03g012150.1.1	0.7923	239.7	723.3	0.2019	0.1331	0.6593	-1853.323307	
Sotub06g016380.1.1	Sotub03g012200.1.1	1.3714	98.6	318.4	0.2316	0.2562	1.1061	-885.264492	
Sotub06g016410.1.1	Sotub03g012220.1.1	0.4984	112.2	316.8	0.0051	0.0032	0.6260	-682.121398	
Sotub06g016420.1.1	Sotub03g012270.1.1	1.3994	145.9	430.1	0.2110	0.2396	1.1355	-1261.544129	
Sotub06g016500.1.1	Sotub03g012120.1.1	4.5215	443.1	1269.9	0.0838	0.3936	4.6985	-4060.570202	
Sotub06g016530.1.1	Sotub03g012640.1.1	1.9322	104.1	498.9	0.2765	0.4436	1.6042	-1413.881409	
Sotub06g016550.1.1	Sotub03g012670.1.1	2.0504	175.6	520.4	0.1387	0.2663	1.9200	-1550.155485	
Sotub06g016560.1.1	Sotub03g012680.1.1	0.8511	405.4	1235.6	0.2863	0.1756	0.6132	-3399.206301	
Sotub06g016600.1.1	Sotub03g012740.1.1	1.2935	278.8	837.2	0.1331	0.1641	1.2329	-2324.879264	
Sotub06g017220.1.1	Sotub05g028130.1.1	3.6387	193.9	694.1	0.0111	0.0595	5.3417	-1676.523951	
Sotub06g017230.1.1	Sotub05g028120.1.1	5.4600	149.0	481.0	0.0429	0.2899	6.7605	-1449.565102	
Sotub06g017240.1.1	Sotub05g028100.1.1	50.0000	100.3	529.7	0.0040	0.4145	102.4895	-1450.068039	
Sotub06g018120.1.1	Sotub01g018930.1.1	0.3927	163.1	460.9	0.5182	0.1053	0.2032	-1138.607864	
Sotub06g018140.1.1	Sotub01g018960.1.1	0.4143	124.5	337.5	0.4884	0.1077	0.2205	-831.748192	
Sotub06g018220.1.1	Sotub01g022510.1.1	1.5225	123.1	383.9	0.1863	0.2463	1.3224	-1134.430232	
Sotub06g018230.1.1	Sotub01g022490.1.1	0.9845	230.1	768.9	0.3123	0.2177	0.6972	-2126.562200	
Sotub06g018240.1.1	Sotub01g022480.1.1	0.7326	176.3	546.7	0.1307	0.0932	0.7127	-1377.171277	
Sotub06g018290.1.1	Sotub01g021410.1.1	0.4232	151.7	583.3	0.0807	0.0421	0.5216	-1257.271773	
Sotub06g018300.1.1	Sotub01g021430.1.1	0.7521	201.3	710.7	0.1938	0.1307	0.6744	-1797.433424	
Sotub06g018310.1.1	Sotub01g021440.1.1	0.5306	427.4	1597.6	0.0556	0.0386	0.6939	-3530.161784	
Sotub06g021540.1.1	Sotub03g035750.1.1	50.0000	186.3	557.7	0.0409	2.4247	59.2929	-1967.079330	
Sotub06g021540.1.1	Sotub05g008400.1.1	11.0069	99.8	296.2	0.0972	1.0977	11.2954	-1020.900783
Sotub06g021540.1.1	Sotub07g013770.1.1	50.0000	166.8	613.2	0.0257	1.8319	71.2221	-2078.020815	
Sotub06g021550.1.1	Sotub03g035740.1.1	2.3928	121.7	373.3	0.1252	0.2934	2.3436	-1122.779853	
Sotub06g021570.1.1	Sotub03g035680.1.1	0.7760	232.7	805.3	0.2608	0.1582	0.6064	-2092.129099	
Sotub06g021570.1.1	Sotub05g008290.1.1	50.0000	238.5	796.5	0.0057	0.4079	70.9594	-2472.060946	
Sotub06g021590.1.1	Sotub03g035610.1.1	0.8071	141.2	467.8	0.0394	0.0404	1.0266	-1088.749396	
Sotub06g021600.1.1	Sotub03g035570.1.1	1.4631	99.9	371.1	0.3787	0.3618	0.9553	-1072.502949	
Sotub06g021610.1.1	Sotub03g035560.1.1	0.5727	344.9	1095.1	0.0870	0.0543	0.6245	-2577.667341	
Sotub06g021620.1.1	Sotub03g035510.1.1	1.4077	192.4	599.6	0.0944	0.1409	1.4923	-1612.575371	
Sotub06g021660.1.1	Sotub03g035400.1.1	0.5337	472.7	1627.3	0.1519	0.0788	0.5190	-3854.810318	
Sotub06g021660.1.1	Sotub07g014260.1.1	2.0577	488.9	1596.1	0.0942	0.2108	2.2372	-4487.996842	
Sotub06g021660.1.1	Sotub12g022740.1.1	0.5680	491.7	1605.3	0.1567	0.0837	0.5342	-3869.500764	
Sotub06g021670.1.1	Sotub03g035380.1.1	0.5902	427.8	1273.2	0.0899	0.0555	0.6171	-3066.562280	
Sotub06g021670.1.1	Sotub12g022750.1.1	0.5929	412.1	1258.9	0.1374	0.0776	0.5644	-3086.504519	
Sotub06g021680.1.1	Sotub03g035350.1.1	0.7389	395.6	1149.4	0.1321	0.0918	0.6951	-2949.683472	
Sotub06g021690.1.1	Sotub05g008010.1.1	50.0000	249.4	914.6	0.0081	0.6153	75.5428	-2843.839591	
Sotub06g021730.1.1	Sotub03g035290.1.1	1.8235	256.2	967.8	0.2803	0.3953	1.4105	-2868.433617	
Sotub06g021730.1.1	Sotub08g012610.1.1	3.4246	218.6	993.4	0.1756	0.6182	3.5199	-2986.167312	
Sotub06g021750.1.1	Sotub03g035250.1.1	1.1774	187.9	580.1	0.2414	0.2219	0.9192	-1586.915442	
Sotub06g021750.1.1	Sotub08g012640.1.1	5.1026	182.1	570.9	0.0474	0.2902	6.1244	-1636.370620	
Sotub06g021770.1.1	Sotub03g035220.1.1	1.7578	118.0	467.0	0.5035	0.4887	0.9706	-1365.156626	
Sotub06g021790.1.1	Sotub03g035200.1.1	0.6230	217.6	667.4	0.1543	0.0885	0.5733	-1640.615254	
Sotub06g021830.1.1	Sotub03g035130.1.1	0.6607	911.2	2688.8	0.2029	0.1104	0.5442	-6918.163939
Sotub06g021840.1.1	Sotub03g035120.1.1	0.4403	274.4	970.6	0.0965	0.0479	0.4964	-2186.064178	
Sotub06g021850.1.1	Sotub12g028350.1.1	1.7826	286.3	913.7	0.0157	0.0373	2.3713	-2194.008715	
Sotub06g021860.1.1	Sotub03g035100.1.1	0.5200	318.0	978.0	0.0897	0.0496	0.5537	-2296.463260	
Sotub06g021870.1.1	Sotub03g020250.1.1	50.0000	198.9	683.1	0.0112	0.7946	71.1938	-2281.753563	
Sotub06g021870.1.1	Sotub12g028370.1.1	2.9093	200.2	720.8	0.0806	0.2788	3.4570	-2090.550974	
Sotub06g021880.1.1	Sotub03g035020.1.1	0.6844	367.7	1177.3	0.0515	0.0424	0.8230	-2764.970802	
Sotub06g021890.1.1	Sotub03g035000.1.1	1.0260	177.7	536.3	0.3248	0.2254	0.6940	-1470.215544	
Sotub06g021890.1.1	Sotub12g028400.1.1	6.7838	172.6	538.4	0.0143	0.1272	8.9157	-1426.183163	
Sotub06g021910.1.1	Sotub03g034970.1.1	0.7023	438.2	1490.8	0.1645	0.1087	0.6608	-3675.828964	
Sotub06g021920.1.1	Sotub12g028470.1.1	50.0000	190.5	664.5	0.0056	0.4083	73.3801	-2040.766595	
Sotub06g021930.1.1	Sotub03g034930.1.1	0.7585	171.9	482.1	0.2355	0.1364	0.5793	-1267.754270	
Sotub06g021980.1.1	Sotub03g020570.1.1	50.0000	489.3	1505.7	0.0125	0.8154	65.4427	-5138.909667	
Sotub06g021990.1.1	Sotub03g034660.1.1	0.8523	64.5	262.5	0.0958	0.0993	1.0364	-628.433456	
Sotub06g022030.1.1	Sotub03g034730.1.1	0.9122	391.6	1243.4	0.0915	0.0900	0.9837	-3173.785720	
Sotub06g022050.1.1	Sotub03g034760.1.1	0.7000	83.5	291.5	0.1313	0.0944	0.7188	-696.609756	
Sotub06g022080.1.1	Sotub03g034860.1.1	0.4409	144.5	500.5	0.1057	0.0508	0.4802	-1127.547584	
Sotub06g022080.1.1	Sotub12g022950.1.1	0.3879	151.9	493.1	0.0651	0.0295	0.4534	-1078.514220	
Sotub06g022100.1.1	Sotub03g034910.1.1	1.6823	323.4	1191.6	0.4916	0.4594	0.9344	-3572.247193	
Sotub06g022120.1.1	Sotub03g034470.1.1	1.5639	103.1	346.9	0.3380	0.3598	1.0646	-1037.379243	
Sotub06g022150.1.1	Sotub03g034370.1.1	0.6338	365.7	1032.3	0.1794	0.0962	0.5362	-2645.189250	
Sotub06g022160.1.1	Sotub03g034320.1.1	0.5419	160.3	469.7	0.1180	0.0623	0.5276	-1144.033548	
Sotub06g022170.1.1	Sotub03g034300.1.1	2.4567	108.3	332.7	0.2158	0.4327	2.0056	-1054.942283	
Sotub06g022180.1.1	Sotub03g034250.1.1	0.5479	133.0	389.0	0.1044	0.0573	0.5491	-910.244109	
Sotub06g022200.1.1	Sotub03g034240.1.1	0.5086	244.4	850.6	0.0131	0.0095	0.7264	-1796.585693	
Sotub06g022240.1.1	Sotub03g034230.1.1	1.2816	230.3	798.7	0.1916	0.2198	1.1467	-2212.142481	
Sotub06g022600.1.1	Sotub11g019710.1.1	50.0000	260.4	840.6	0.0100	0.6817	68.2588	-2796.381274	
Sotub06g022750.1.1	Sotub11g019870.1.1	50.0000	119.3	435.7	0.0120	0.8932	74.2436	-1413.173702	
Sotub06g022880.1.1	Sotub03g035820.1.1	1.1858	293.7	993.3	0.4597	0.3117	0.6780	-2818.988992	
Sotub06g022890.1.1	Sotub03g035860.1.1	1.7777	119.1	429.9	0.1768	0.2948	1.6672	-1225.049727	
Sotub06g022950.1.1	Sotub12g009680.1.1	7.5016	222.9	704.1	0.0351	0.3284	9.3615	-2136.985237	
Sotub06g022960.1.1	Sotub03g035890.1.1	0.6782	387.3	1094.7	0.1355	0.0847	0.6255	-2765.742998	
Sotub06g022960.1.1	Sotub12g009670.1.1	3.5374	390.4	1088.6	0.0498	0.1952	3.9225	-3175.809640	
Sotub06g023020.1.1	Sotub03g036040.1.1	0.9561	76.6	352.4	0.1619	0.1657	1.0231	-847.091435	
Sotub06g023030.1.1	Sotub03g036150.1.1	1.8149	125.6	360.4	0.2146	0.3109	1.4487	-1109.828574	
Sotub06g023050.1.1	Sotub03g036560.1.1	1.1396	217.9	514.1	0.1382	0.1330	0.9624	-1449.428487	
Sotub06g023070.1.1	Sotub03g036490.1.1	1.1403	138.0	552.0	0.3162	0.2653	0.8392	-1496.580657	
Sotub06g023080.1.1	Sotub03g036390.1.1	0.9934	112.6	337.4	0.0921	0.0955	1.0374	-877.720433	
Sotub06g023080.1.1	Sotub03g036390.1.1	0.9934	112.6	337.4	0.0921	0.0955	1.0374	-877.720433	
Sotub06g023140.1.1	Sotub03g036340.1.1	0.9971	300.8	1022.2	0.1940	0.1709	0.8810	-2704.517614	
Sotub06g023140.1.1	Sotub03g036340.1.1	0.9971	300.8	1022.2	0.1940	0.1709	0.8810	-2704.517614	
Sotub06g023140.1.1	Sotub12g009240.1.1	3.2002	294.6	1079.4	0.0794	0.3060	3.8535	-3122.420895	
Sotub06g023160.1.1	Sotub03g036200.1.1	4.7136	149.6	486.4	0.3138	1.0375	3.3058	-1642.434897	
Sotub06g023230.1.1	Sotub03g036770.1.1	0.9354	298.8	1012.2	0.2753	0.1949	0.7079	-2648.532408	
Sotub06g023230.1.1	Sotub03g036770.1.1	0.9354	298.8	1012.2	0.2753	0.1949	0.7079	-2648.532408	
Sotub06g023260.1.1	Sotub03g036720.1.1	1.2092	274.3	787.7	0.2152	0.2075	0.9645	-2290.503000	
Sotub06g023260.1.1	Sotub03g036720.1.1	1.2092	274.3	787.7	0.2152	0.2075	0.9645	-2290.503000	
Sotub06g023300.1.1	Sotub03g036700.1.1	0.5795	649.7	2038.3	0.1369	0.0765	0.5591	-4941.609296	
Sotub06g023300.1.1	Sotub03g036700.1.1	0.5795	649.7	2038.3	0.1369	0.0765	0.5591	-4941.609296	
Sotub06g023360.1.1	Sotub03g033480.1.1	0.9523	206.3	639.7	0.1401	0.1272	0.9075	-1708.706240	
Sotub06g023460.1.1	Sotub03g033570.1.1	0.5892	418.0	1109.0	0.1915	0.0911	0.4758	-2860.129618	
Sotub06g023470.1.1	Sotub03g033600.1.1	0.7648	498.4	1415.6	0.1171	0.0860	0.7347	-3620.238770	
Sotub06g023480.1.1	Sotub03g033620.1.1	1.1773	265.1	817.9	0.1076	0.1295	1.2038	-2209.903901	
Sotub06g023500.1.1	Sotub03g033640.1.1	1.2543	271.4	862.6	0.1614	0.1864	1.1546	-2395.820986	
Sotub06g023500.1.1	Sotub12g010440.1.1	2.9038	284.3	849.7	0.1014	0.3006	2.9626	-2588.138215	
Sotub06g023520.1.1	Sotub12g010450.1.1	2.0262	185.9	498.1	0.1109	0.2124	1.9160	-1491.245430	
Sotub06g023600.1.1	Sotub03g029950.1.1	1.0781	264.8	872.2	0.2455	0.2095	0.8531	-2392.903788	
Sotub06g023630.1.1	Sotub03g030070.1.1	0.6809	361.6	1312.4	0.0987	0.0764	0.7735	-3115.685757	
Sotub06g023670.1.1	Sotub03g030130.1.1	3.4158	230.3	687.7	0.3077	0.7279	2.3653	-2184.512247	
Sotub06g023680.1.1	Sotub03g030190.1.1	1.0989	214.2	640.8	0.1906	0.1775	0.9311	-1784.447974	
Sotub06g023710.1.1	Sotub03g030230.1.1	0.8838	175.6	553.4	0.2351	0.1651	0.7025	-1472.204375	
Sotub06g023730.1.1	Sotub03g030980.1.1	7.5776	127.6	337.4	0.0417	0.3455	8.2917	-1071.867712	
Sotub06g023770.1.1	Sotub03g030940.1.1	0.2747	86.8	285.2	0.0809	0.0251	0.3101	-578.869032	
Sotub06g023800.1.1	Sotub03g030900.1.1	0.4869	304.4	892.6	0.0548	0.0302	0.5498	-2033.232553	
Sotub06g023820.1.1	Sotub03g030770.1.1	2.6845	115.9	433.1	0.1374	0.3848	2.8010	-1282.707066	
Sotub06g023830.1.1	Sotub03g030790.1.1	0.4336	352.6	1102.4	0.0874	0.0409	0.4684	-2497.024371	
Sotub06g023850.1.1	Sotub03g030750.1.1	1.2636	110.4	276.6	0.1337	0.1479	1.1058	-797.652698	
Sotub06g023870.1.1	Sotub03g030610.1.1	5.4599	75.7	317.3	0.0538	0.4150	7.7121	-929.462102	
Sotub06g023890.1.1	Sotub03g030580.1.1	0.9766	127.6	469.4	0.1776	0.1636	0.9211	-1228.005994	
Sotub06g023900.1.1	Sotub03g030540.1.1	2.9787	103.7	343.3	0.1606	0.4488	2.7945	-1083.377239	
Sotub06g023910.1.1	Sotub03g030530.1.1	0.6992	181.6	526.4	0.1200	0.0809	0.6740	-1311.789262	
Sotub06g023920.1.1	Sotub03g030480.1.1	0.9597	141.6	635.4	0.0349	0.0530	1.5172	-1391.221329	
Sotub06g024850.1.1	Sotub03g030550.1.1	2.5957	152.8	498.2	0.1993	0.4453	2.2342	-1551.488362	
Sotub06g024860.1.1	Sotub03g030610.1.1	2.3193	82.1	310.9	0.1891	0.4078	2.1565	-900.779264	
Sotub06g024910.1.1	Sotub03g030710.1.1	4.4430	325.7	1075.3	0.0365	0.2075	5.6861	-2993.464849	
Sotub06g024920.1.1	Sotub03g030740.1.1	3.5224	354.1	1052.9	0.0960	0.3485	3.6293	-3281.262214	
Sotub06g025360.1.1	Sotub03g031150.1.1	0.9747	355.9	1099.1	0.3042	0.2084	0.6849	-3080.411700	
Sotub06g025370.1.1	Sotub03g031160.1.1	1.1268	251.1	945.9	0.1537	0.1743	1.1341	-2486.862398	
Sotub06g025380.1.1	Sotub03g031170.1.1	0.6671	261.5	734.5	0.2913	0.1357	0.4658	-1960.263625	
Sotub06g025390.1.1	Sotub03g031180.1.1	1.0343	152.3	585.7	0.2215	0.1998	0.9021	-1533.867714	
Sotub06g025430.1.1	Sotub03g031250.1.1	0.9513	208.2	673.8	0.1961	0.1612	0.8219	-1811.905445	
Sotub06g025440.1.1	Sotub03g031270.1.1	0.6392	167.3	522.7	0.1232	0.0782	0.6346	-1285.049794	
Sotub06g025450.1.1	Sotub03g031280.1.1	0.6565	240.0	723.0	0.2469	0.1243	0.5036	-1852.489774	
Sotub06g025530.1.1	Sotub03g031330.1.1	1.3409	408.5	1169.5	0.0454	0.0693	1.5280	-2984.438404	
Sotub06g025540.1.1	Sotub03g031340.1.1	0.7364	213.8	614.2	0.1790	0.1124	0.6278	-1592.666841	
Sotub06g025560.1.1	Sotub03g031470.1.1	0.8990	326.2	999.8	0.1741	0.1383	0.7944	-2639.687535	
Sotub06g025580.1.1	Sotub03g031420.1.1	0.8814	531.5	1682.5	0.1815	0.1411	0.7772	-4444.833122	
Sotub06g025600.1.1	Sotub03g031490.1.1	0.8688	123.8	323.2	0.4688	0.2204	0.4702	-903.212925	
Sotub06g025620.1.1	Sotub03g031530.1.1	0.7744	212.8	696.2	0.1092	0.0887	0.8123	-1723.419383	
Sotub06g025630.1.1	Sotub03g031540.1.1	0.9687	200.7	612.3	0.1442	0.1310	0.9085	-1608.278035	
Sotub06g025640.1.1	Sotub03g031560.1.1	1.6957	133.6	448.4	0.1859	0.2818	1.5160	-1314.811198	
Sotub06g025680.1.1	Sotub03g031590.1.1	0.9814	168.9	518.1	0.1230	0.1188	0.9661	-1357.651535	
Sotub06g025690.1.1	Sotub03g031520.1.1	50.0000	221.1	807.9	0.0082	0.6153	75.3198	-2527.125162	
Sotub06g025710.1.1	Sotub03g031630.1.1	50.0000	64.5	313.5	0.0065	0.6168	94.6807	-918.226102	
Sotub06g025720.1.1	Sotub03g031640.1.1	0.6542	423.3	1307.7	0.2013	0.1107	0.5499	-3321.764705
Sotub06g025750.1.1	Sotub03g033130.1.1	1.6606	123.5	365.5	0.1816	0.2589	1.4258	-1079.646953	
Sotub06g025770.1.1	Sotub03g033020.1.1	0.9891	140.3	381.7	0.2934	0.2001	0.6821	-1109.142719	
Sotub06g025880.1.1	Sotub03g032480.1.1	0.7014	327.1	1037.9	0.1150	0.0822	0.7147	-2491.642378
Sotub06g025890.1.1	Sotub03g032510.1.1	0.9381	213.6	719.4	0.0359	0.0437	1.2184	-1693.018498	
Sotub06g025900.1.1	Sotub03g032580.1.1	1.0373	267.4	707.6	0.2789	0.2023	0.7254	-2062.198574	
Sotub06g025920.1.1	Sotub03g032650.1.1	0.4915	279.4	821.6	0.0958	0.0482	0.5037	-1938.358035	
Sotub06g025930.1.1	Sotub03g032340.1.1	0.8472	186.1	533.9	0.2054	0.1412	0.6874	-1439.958654	
Sotub06g025980.1.1	Sotub03g032240.1.1	0.6676	350.4	1107.6	0.1657	0.1007	0.6077	-2740.431581	
Sotub06g025990.1.1	Sotub03g032210.1.1	0.7419	123.2	368.8	0.2596	0.1443	0.5557	-974.502475	
Sotub06g026000.1.1	Sotub03g031970.1.1	1.2165	124.2	388.8	0.3529	0.2809	0.7958	-1108.112635	
Sotub06g026010.1.1	Sotub03g031960.1.1	0.4850	310.2	958.8	0.0632	0.0350	0.5534	-2198.657774	
Sotub06g026020.1.1	Sotub03g031950.1.1	1.2574	213.9	731.1	0.1312	0.1678	1.2784	-1973.724943	
Sotub06g026030.1.1	Sotub03g031900.1.1	0.9401	109.8	412.2	0.1502	0.1431	0.9526	-1040.329881	
Sotub06g026050.1.1	Sotub03g031820.1.1	0.6221	307.0	965.0	0.1372	0.0824	0.6003	-2355.112242	
Sotub06g026060.1.1	Sotub03g031740.1.1	1.2677	310.3	1030.7	0.2095	0.2256	1.0768	-2905.591818	
Sotub06g026130.1.1	Sotub03g033210.1.1	1.2759	321.9	896.1	0.2024	0.2083	1.0293	-2642.212624	
Sotub06g026160.1.1	Sotub03g033320.1.1	3.1130	136.5	541.5	0.2052	0.5830	2.8414	-1626.180798	
Sotub06g026180.1.1	Sotub03g033380.1.1	3.1861	100.2	271.8	0.1156	0.3469	3.0008	-876.830708	
Sotub06g026200.1.1	Sotub03g033410.1.1	1.4217	262.1	766.9	0.4337	0.3556	0.8200	-2377.802446	
Sotub06g026220.1.1	Sotub03g027830.1.1	1.4991	147.0	480.0	0.1667	0.2301	1.3800	-1362.073326	
Sotub06g026240.1.1	Sotub03g027930.1.1	1.5632	185.6	585.4	0.2401	0.2958	1.2316	-1717.149517	
Sotub06g026260.1.1	Sotub03g028120.1.1	0.6496	268.8	730.2	0.0649	0.0444	0.6842	-1779.659944	
Sotub06g026280.1.1	Sotub03g028260.1.1	1.0314	230.7	705.3	0.3127	0.2230	0.7131	-1975.696108	
Sotub06g026280.1.1	Sotub05g006360.1.1	3.8004	218.7	717.3	0.1645	0.5793	3.5218	-2301.404123	
Sotub06g026290.1.1	Sotub03g028270.1.1	0.6426	315.8	1034.2	0.0871	0.0620	0.7124	-2451.290756	
Sotub06g026290.1.1	Sotub12g017330.1.1	0.6028	320.1	1020.9	0.1276	0.0763	0.5982	-2453.232198	
Sotub06g026320.1.1	Sotub03g028330.1.1	0.7591	239.3	654.7	0.1578	0.1042	0.6602	-1704.241364	
Sotub06g026350.1.1	Sotub03g028360.1.1	0.9595	155.7	498.3	0.2121	0.1697	0.8002	-1333.660023	
Sotub06g026350.1.1	Sotub05g006030.1.1	3.6910	148.6	496.4	0.1077	0.4231	3.9275	-1517.586232	
Sotub06g026360.1.1	Sotub02g012590.1.1	1.6013	101.5	375.5	0.0941	0.1751	1.8601	-1001.038502	
Sotub06g026360.1.1	Sotub02g012590.1.1	1.6013	101.5	375.5	0.0941	0.1751	1.8601	-1001.038502	
Sotub06g026360.1.1	Sotub02g033670.1.1	1.9203	82.7	394.3	0.1066	0.2609	2.4471	-1067.813137	
Sotub06g026360.1.1	Sotub03g028370.1.1	0.7128	98.2	378.8	0.0736	0.0662	0.8991	-871.686724	
Sotub06g026360.1.1	Sotub05g006010.1.1	2.3010	96.0	381.0	0.0459	0.1480	3.2233	-983.831174	
Sotub06g026400.1.1	Sotub02g012650.1.1	2.6767	118.2	397.8	0.0946	0.2796	2.9547	-1144.616955	
Sotub06g026400.1.1	Sotub02g012650.1.1	2.6767	118.2	397.8	0.0946	0.2796	2.9547	-1144.616955	
Sotub06g026400.1.1	Sotub03g028510.1.1	0.4425	118.2	397.8	0.1654	0.0684	0.4136	-910.265034	
Sotub06g026410.1.1	Sotub03g028540.1.1	3.0302	120.9	587.1	0.3150	0.7366	2.3383	-1741.180136	
Sotub06g026460.1.1	Sotub03g028750.1.1	1.0756	1174.7	3733.3	0.4642	0.2809	0.6052	-10599.700494	
Sotub06g026510.1.1	Sotub02g034190.1.1	1.7274	221.7	675.3	0.0340	0.0717	2.1110	-1713.875429	
Sotub06g026510.1.1	Sotub03g028860.1.1	0.4880	229.9	667.1	0.0753	0.0392	0.5208	-1562.581397	
Sotub06g026520.1.1	Sotub03g028920.1.1	1.1331	275.9	885.1	0.3906	0.2755	0.7055	-2455.286296	
Sotub06g026570.1.1	Sotub03g028970.1.1	0.9025	181.1	610.9	0.1798	0.1472	0.8189	-1594.114035	
Sotub06g026570.1.1	Sotub05g005520.1.1	6.2316	180.3	611.7	0.0447	0.3544	7.9216	-1826.138177	
Sotub06g026580.1.1	Sotub03g028990.1.1	0.8089	386.0	1165.0	0.3258	0.1780	0.5463	-3161.445236	
Sotub06g026580.1.1	Sotub05g005500.1.1	4.3203	337.4	1210.6	0.0795	0.4086	5.1407	-3673.775265	
Sotub06g026610.1.1	Sotub01g032330.1.1	50.0000	170.3	690.7	0.0228	1.7595	77.1076	-2261.073269	
Sotub06g026610.1.1	Sotub02g036310.1.1	50.0000	232.4	775.6	0.0120	0.8346	69.5121	-2589.387100	
Sotub06g026610.1.1	Sotub05g025900.1.1	29.1928	219.4	749.6	0.0194	0.7814	40.3126	-2474.843460	
Sotub06g026610.1.1	Sotub09g028640.1.1	50.0000	234.3	737.7	0.0125	0.8295	66.5395	-2515.462773	
Sotub06g026610.1.1	Sotub10g006920.1.1	50.0000	216.7	749.3	0.0128	0.9121	71.1391	-2491.784686	
Sotub06g026620.1.1	Sotub02g034300.1.1	5.4561	290.6	972.4	0.2277	1.0216	4.4855	-3254.652527	
Sotub06g026620.1.1	Sotub03g029030.1.1	1.4189	312.4	950.6	0.5229	0.3859	0.7380	-2880.538287	
Sotub06g026630.1.1	Sotub03g029070.1.1	1.3981	345.0	1122.0	0.6005	0.4030	0.6711	-3367.935610	
Sotub06g026650.1.1	Sotub02g017300.1.1	7.1580	229.1	736.9	0.1074	0.8033	7.4761	-2526.573853	
Sotub06g026650.1.1	Sotub03g029090.1.1	2.5738	220.3	742.7	0.2263	0.4814	2.1273	-2362.243402	
Sotub06g026650.1.1	Sotub09g028920.1.1	50.0000	171.7	569.3	0.0137	0.9455	68.8021	-1930.894813	
Sotub06g026660.1.1	Sotub03g029150.1.1	0.6370	216.7	608.3	0.1687	0.0926	0.5486	-1565.214170	
Sotub06g026660.1.1	Sotub07g006560.1.1	3.0796	206.0	616.0	0.0710	0.2399	3.3786	-1826.941194	
Sotub06g026680.1.1	Sotub03g029180.1.1	1.2451	266.6	708.4	0.2298	0.2166	0.9423	-2050.944753	
Sotub06g026690.1.1	Sotub03g029250.1.1	0.8753	296.7	924.3	0.3801	0.2089	0.5498	-2543.277875	
Sotub06g026710.1.1	Sotub02g034710.1.1	6.4072	97.5	394.5	0.0765	0.6294	8.2299	-1209.138292	
Sotub06g026720.1.1	Sotub02g034680.1.1	50.0000	143.0	619.0	0.0046	0.4038	87.0779	-1795.816198	
Sotub06g026720.1.1	Sotub03g029340.1.1	1.5682	142.2	619.8	0.3193	0.3740	1.1712	-1748.257304	
Sotub06g026720.1.1	Sotub05g010110.1.1	50.0000	132.1	617.9	0.0077	0.7036	91.3246	-1853.313709	
Sotub06g026720.1.1	Sotub10g006640.1.1	50.0000	142.3	616.7	0.0076	0.6557	86.0699	-1883.212327	
Sotub06g026730.1.1	Sotub03g029360.1.1	0.8586	128.1	450.9	0.2453	0.1703	0.6941	-1166.230488	
Sotub06g026740.1.1	Sotub02g017160.1.1	20.8602	190.6	547.4	0.0337	0.8272	24.5426	-1923.265792	
Sotub06g026740.1.1	Sotub03g029380.1.1	0.6867	190.7	547.3	0.0760	0.0553	0.7274	-1364.809324	
Sotub06g026750.1.1	Sotub03g029410.1.1	1.5519	100.0	386.0	0.3940	0.3929	0.9972	-1070.085561	
Sotub06g026760.1.1	Sotub02g013070.1.1	3.9534	166.3	517.7	0.0936	0.3931	4.1976	-1603.251209	
Sotub06g026760.1.1	Sotub02g034790.1.1	3.5635	168.1	512.9	0.1476	0.4897	3.3183	-1624.619034	
Sotub06g026760.1.1	Sotub03g029420.1.1	0.8380	167.2	510.8	0.3023	0.1780	0.5889	-1371.124748	
Sotub06g026760.1.1	Sotub05g009960.1.1	3.4907	154.1	526.9	0.1469	0.5027	3.4224	-1628.733798	
Sotub06g026770.1.1	Sotub03g029480.1.1	50.0000	67.9	259.1	0.0163	1.2300	75.6145	-848.030393	
Sotub06g026780.1.1	Sotub03g029490.1.1	0.6669	182.7	522.3	0.2335	0.1201	0.5144	-1350.589080	
Sotub06g026840.1.1	Sotub02g013200.1.1	3.9905	128.3	603.7	0.1303	0.6131	4.7039	-1782.655952	
Sotub06g026840.1.1	Sotub02g034900.1.1	4.3110	133.1	586.9	0.1129	0.5857	5.1896	-1758.542661	
Sotub06g026840.1.1	Sotub03g029540.1.1	2.1782	137.8	579.2	0.3243	0.5184	1.5986	-1724.107193	
Sotub06g026860.1.1	Sotub03g029590.1.1	0.5523	300.2	935.8	0.1546	0.0791	0.5115	-2247.778162	
Sotub06g026860.1.1	Sotub05g010520.1.1	1.4704	298.5	1018.5	0.0751	0.1293	1.7213	-2666.223132	
Sotub06g026870.1.1	Sotub03g029600.1.1	0.9046	258.0	789.0	0.3141	0.1960	0.6241	-2170.615945	
Sotub06g026870.1.1	Sotub05g010530.1.1	6.5794	225.0	822.0	0.0768	0.6123	7.9685	-2569.196983	
Sotub06g026880.1.1	Sotub03g029610.1.1	0.8215	138.8	482.2	0.1917	0.1410	0.7354	-1198.225201	
Sotub06g026890.1.1	Sotub03g029700.1.1	2.6801	98.5	315.5	0.3504	0.6199	1.7690	-1021.733562	
Sotub06g026900.1.1	Sotub03g029780.1.1	1.3547	192.9	602.1	0.1089	0.1512	1.3891	-1654.179752	
Sotub06g026900.1.1	Sotub05g010820.1.1	5.1354	135.5	626.5	0.0771	0.5471	7.0950	-1860.861353	
Sotub06g026920.1.1	Sotub03g024890.1.1	1.1120	641.4	2151.6	0.4195	0.2813	0.6705	-6135.011833	
Sotub06g026930.1.1	Sotub03g024870.1.1	0.8860	81.9	260.1	0.3581	0.2066	0.5770	-703.562393	
Sotub06g026960.1.1	Sotub03g024860.1.1	1.1192	227.1	678.9	0.3998	0.2711	0.6781	-1947.246299	
Sotub06g026970.1.1	Sotub02g013300.1.1	4.1228	78.2	350.8	0.0105	0.0755	7.2010	-837.406221	
Sotub06g026970.1.1	Sotub03g024850.1.1	0.6514	82.4	346.6	0.0483	0.0454	0.9391	-769.264105	
Sotub06g026980.1.1	Sotub02g013310.1.1	9.9115	247.3	889.7	0.0429	0.5641	13.1609	-2757.618811	
Sotub06g026980.1.1	Sotub03g024840.1.1	1.7835	258.3	971.7	0.3033	0.4010	1.3221	-2804.725709	
Sotub06g027010.1.1	Sotub03g024810.1.1	0.9137	274.2	928.8	0.2044	0.1614	0.7896	-2468.360899	
Sotub06g027090.1.1	Sotub03g026740.1.1	0.4703	219.8	635.2	0.0898	0.0435	0.4841	-1486.539684	
Sotub06g027120.1.1	Sotub03g026620.1.1	2.1714	399.3	1133.7	0.1273	0.2599	2.0411	-3402.365574	
Sotub06g027130.1.1	Sotub03g026600.1.1	0.5892	699.6	2063.4	0.0934	0.0568	0.6081	-4998.326273	
Sotub06g027180.1.1	Sotub03g026810.1.1	2.7874	339.1	1205.9	0.1176	0.3510	2.9854	-3599.087162	
Sotub06g027190.1.1	Sotub03g026860.1.1	0.6824	417.6	1448.4	0.1307	0.0914	0.6993	-3516.016238	
Sotub06g027220.1.1	Sotub03g026940.1.1	1.0158	383.9	1299.1	0.2556	0.2035	0.7959	-3508.868665	
Sotub06g027260.1.1	Sotub03g026970.1.1	0.9236	109.3	346.7	0.1793	0.1468	0.8188	-938.006098	
Sotub06g027290.1.1	Sotub03g027000.1.1	3.1001	180.3	713.7	0.4290	0.8147	1.8990	-2241.487327	
Sotub06g027310.1.1	Sotub03g027040.1.1	0.7041	162.6	524.4	0.3067	0.1529	0.4985	-1358.174455	
Sotub06g027360.1.1	Sotub03g027360.1.1	0.8298	116.2	408.8	0.0677	0.0684	1.0092	-975.453199	
Sotub06g027370.1.1	Sotub03g027380.1.1	1.1681	101.9	363.1	0.2856	0.2515	0.8806	-1010.946038	
Sotub06g027380.1.1	Sotub03g027390.1.1	0.5336	421.9	1111.1	0.1563	0.0715	0.4578	-2791.532326	
Sotub06g027900.1.1	Sotub03g017130.1.1	1.9128	143.3	480.7	0.2069	0.3391	1.6389	-1396.992509	
Sotub06g027920.1.1	Sotub03g017140.1.1	1.5983	165.3	596.7	0.2849	0.3449	1.2108	-1763.258050	
Sotub06g027950.1.1	Sotub03g017180.1.1	0.5657	104.3	315.7	0.0498	0.0329	0.6600	-717.360212	
Sotub06g027980.1.1	Sotub03g017260.1.1	0.8124	145.8	508.2	0.1140	0.0991	0.8692	-1255.580573	
Sotub06g028000.1.1	Sotub03g017320.1.1	0.9210	381.9	1262.1	0.2750	0.1904	0.6924	-3452.865366	
Sotub06g028060.1.1	Sotub03g017360.1.1	0.7003	231.2	794.8	0.1743	0.1129	0.6477	-1967.902267	
Sotub06g028140.1.1	Sotub03g017420.1.1	0.5046	305.6	1002.4	0.0892	0.0497	0.5570	-2336.999089	
Sotub06g028140.1.1	Sotub08g008540.1.1	5.8276	302.2	990.8	0.0242	0.1866	7.6999	-2792.545028	
Sotub06g028150.1.1	Sotub03g017430.1.1	0.8271	378.8	1406.2	0.2492	0.1682	0.6749	-3610.222687	
Sotub06g028180.1.1	Sotub03g017480.1.1	0.6938	350.7	1002.3	0.2752	0.1374	0.4994	-2675.533198	
Sotub06g028200.1.1	Sotub03g017760.1.1	0.6375	166.8	466.2	0.3198	0.1362	0.4258	-1218.748955	
Sotub06g028200.1.1	Sotub08g021770.1.1	1.9680	152.7	480.3	0.0794	0.1728	2.1761	-1318.668763	
Sotub06g028210.1.1	Sotub08g021760.1.1	1.9979	195.4	605.6	0.1476	0.2765	1.8731	-1796.582963	
Sotub06g028220.1.1	Sotub03g017770.1.1	0.8596	172.7	559.3	0.2609	0.1717	0.6581	-1469.070254	
Sotub06g028220.1.1	Sotub08g021720.1.1	3.8653	157.1	592.9	0.0805	0.3798	4.7166	-1751.322213	
Sotub06g028230.1.1	Sotub03g017820.1.1	1.5010	231.1	668.9	0.1631	0.2158	1.3237	-1933.165800	
Sotub06g028240.1.1	Sotub03g017860.1.1	0.8828	537.1	1844.9	0.2708	0.1831	0.6761	-4749.088360	
Sotub06g028250.1.1	Sotub03g017910.1.1	0.6832	157.6	505.4	0.1867	0.1119	0.5991	-1272.760020	
Sotub06g028260.1.1	Sotub03g018020.1.1	0.6789	293.4	945.6	0.1827	0.1099	0.6014	-2383.012466	
Sotub06g028270.1.1	Sotub03g018080.1.1	1.9432	180.6	542.4	0.0780	0.1639	2.1005	-1411.696965	
Sotub06g028300.1.1	Sotub03g018140.1.1	1.2177	280.1	748.9	0.1790	0.1806	1.0085	-2148.487656	
Sotub06g028310.1.1	Sotub03g018210.1.1	1.1557	311.3	1116.7	0.2967	0.2540	0.8560	-2935.830461	
Sotub06g028320.1.1	Sotub03g018230.1.1	1.1201	92.5	351.5	0.2483	0.2290	0.9222	-939.857503	
Sotub06g028330.1.1	Sotub03g018270.1.1	2.5860	174.6	491.4	0.1901	0.4072	2.1419	-1537.897300	
Sotub06g028430.1.1	Sotub03g022460.1.1	1.6831	108.7	512.3	0.3559	0.4261	1.1973	-1441.156251	
Sotub06g028440.1.1	Sotub03g022490.1.1	0.8193	246.3	797.7	0.1318	0.1069	0.8112	-2033.748286	
Sotub06g028460.1.1	Sotub03g022540.1.1	0.4384	177.7	602.3	0.0053	0.0034	0.6301	-1256.361288	
Sotub06g028490.1.1	Sotub03g022600.1.1	1.2324	169.7	538.3	0.3758	0.2938	0.7818	-1583.785173	
Sotub06g028520.1.1	Sotub03g022650.1.1	1.2041	220.2	736.8	0.1706	0.1895	1.1104	-1945.497460	
Sotub06g028570.1.1	Sotub03g022670.1.1	0.8576	175.4	556.6	0.2155	0.1527	0.7086	-1483.803390	
Sotub06g028620.1.1	Sotub03g022710.1.1	2.7716	214.6	769.4	0.1061	0.3257	3.0691	-2265.986979	
Sotub06g028640.1.1	Sotub03g022800.1.1	0.5542	345.3	1178.7	0.0679	0.0449	0.6619	-2679.394502	
Sotub06g028670.1.1	Sotub03g022860.1.1	0.6315	257.9	762.1	0.1296	0.0780	0.6020	-1891.252609	
Sotub06g028690.1.1	Sotub03g016220.1.1	0.8384	243.3	779.7	0.2992	0.1795	0.5999	-2025.244171	
Sotub06g028720.1.1	Sotub03g016160.1.1	2.9082	113.4	393.6	0.0954	0.3106	3.2566	-1157.377304	
Sotub06g028750.1.1	Sotub03g016090.1.1	8.7552	135.7	437.3	0.0524	0.5527	10.5405	-1402.741937	
Sotub06g028750.1.1	Sotub03g024690.1.1	7.2601	145.1	427.9	0.0418	0.3553	8.5066	-1332.455121	
Sotub06g028900.1.1	Sotub03g024560.1.1	0.4215	209.9	669.1	0.0162	0.0091	0.5594	-1436.775582	
Sotub06g028930.1.1	Sotub03g024480.1.1	1.1107	216.2	515.8	0.0996	0.1009	1.0126	-1433.803718	
Sotub06g028940.1.1	Sotub03g024420.1.1	0.7212	220.9	643.1	0.0870	0.0653	0.7501	-1579.744637	
Sotub06g028950.1.1	Sotub03g024410.1.1	1.0655	545.6	1827.4	0.2579	0.2137	0.8289	-5045.672939	
Sotub06g028960.1.1	Sotub03g024400.1.1	0.8366	412.7	1183.3	0.1134	0.0923	0.8139	-3080.284511	
Sotub06g028980.1.1	Sotub03g024380.1.1	0.7277	217.1	670.9	0.1675	0.1095	0.6538	-1691.088413	
Sotub06g029020.1.1	Sotub03g024230.1.1	0.9207	76.4	232.6	0.0071	0.0086	1.2147	-510.226248	
Sotub06g029040.1.1	Sotub03g024190.1.1	0.7364	518.0	1684.0	0.2209	0.1342	0.6073	-4311.784066	
Sotub06g029050.1.1	Sotub03g024130.1.1	0.5122	115.4	358.6	0.0704	0.0405	0.5752	-829.690904	
Sotub06g029060.1.1	Sotub03g024120.1.1	0.7295	251.6	693.4	0.2027	0.1188	0.5859	-1859.809323	
Sotub06g029090.1.1	Sotub03g024100.1.1	0.6925	237.2	674.8	0.0725	0.0533	0.7357	-1626.298031	
Sotub06g029140.1.1	Sotub03g024060.1.1	0.8732	153.7	458.3	0.2034	0.1467	0.7213	-1226.280667	
Sotub06g029260.1.1	Sotub03g026110.1.1	0.4983	203.0	760.0	0.0893	0.0527	0.5905	-1709.047556	
Sotub06g029270.1.1	Sotub03g026100.1.1	0.7317	289.3	982.7	0.0500	0.0458	0.9168	-2255.939925	
Sotub06g029280.1.1	Sotub03g026090.1.1	1.0755	149.9	483.1	0.1785	0.1715	0.9612	-1305.275486	
Sotub06g029320.1.1	Sotub03g025840.1.1	1.0662	142.3	454.7	0.2947	0.2263	0.7679	-1257.286999	
Sotub06g029370.1.1	Sotub03g025770.1.1	0.9502	260.6	906.4	0.1512	0.1405	0.9294	-2354.533640	
Sotub06g029410.1.1	Sotub03g025720.1.1	0.7146	99.4	299.6	0.1420	0.0951	0.6695	-760.452830	
Sotub06g029470.1.1	Sotub03g025660.1.1	1.0204	162.5	590.5	0.1005	0.1160	1.1546	-1489.961537	
Sotub06g029490.1.1	Sotub03g025650.1.1	0.9740	215.7	723.3	0.3310	0.2217	0.6698	-1955.508292	
Sotub06g029550.1.1	Sotub03g025140.1.1	1.1388	191.3	678.7	0.1648	0.1795	1.0895	-1777.174039	
Sotub06g029570.1.1	Sotub03g025090.1.1	2.0930	103.4	502.6	0.1418	0.3431	2.4203	-1362.008176	
Sotub06g029610.1.1	Sotub03g025050.1.1	1.5450	129.7	677.3	0.1068	0.2196	2.0568	-1710.271490	
Sotub06g029630.1.1	Sotub03g027770.1.1	1.2932	171.8	512.2	0.3230	0.2824	0.8744	-1512.078297	
Sotub06g029640.1.1	Sotub03g027750.1.1	0.6666	206.8	684.2	0.2762	0.1382	0.5003	-1727.225966	
Sotub06g029670.1.1	Sotub03g027710.1.1	1.0373	225.6	656.4	0.2396	0.1909	0.7964	-1862.629677	
Sotub06g029690.1.1	Sotub03g027700.1.1	0.6189	300.5	800.5	0.1601	0.0848	0.5299	-2075.883163	
Sotub06g029700.1.1	Sotub03g027600.1.1	0.4610	228.0	702.0	0.0568	0.0303	0.5335	-1597.389734	
Sotub06g029710.1.1	Sotub03g027590.1.1	1.5534	187.6	481.4	0.2053	0.2483	1.2093	-1456.858626	
Sotub06g029750.1.1	Sotub03g027490.1.1	1.9363	91.2	289.8	0.1246	0.2407	1.9309	-832.487848	
Sotub06g029760.1.1	Sotub03g027420.1.1	0.8677	690.2	2180.8	0.2411	0.1647	0.6828	-5805.288027	
Sotub06g030010.1.1	Sotub01g007600.1.1	50.0000	266.7	927.3	0.0063	0.4575	73.0152	-2831.549268	
Sotub06g030030.1.1	Sotub01g007720.1.1	4.1081	245.3	825.7	0.0721	0.3470	4.8111	-2472.715226	
Sotub06g030050.1.1	Sotub01g007730.1.1	3.3516	149.4	471.6	0.3380	0.7594	2.2468	-1552.207406	
Sotub06g030080.1.1	Sotub01g007810.1.1	3.9045	242.5	822.5	0.0636	0.2989	4.7021	-2442.586477	
Sotub06g030440.1.1	Sotub01g010040.1.1	0.6706	292.3	1030.7	0.1634	0.1049	0.6419	-2493.949222	
Sotub06g030530.1.1	Sotub01g009890.1.1	6.9632	140.1	588.9	0.5728	2.0301	3.5443	-1957.042710	
Sotub06g030560.1.1	Sotub01g009860.1.1	1.1741	228.4	749.6	0.2105	0.2086	0.9911	-2083.282996	
Sotub06g031200.1.1	Sotub02g025000.1.1	4.0246	230.4	846.6	0.3122	0.9117	2.9206	-2744.694602	
Sotub06g031500.1.1	Sotub05g027910.1.1	21.0230	373.0	1169.0	0.0174	0.4781	27.4712	-3733.582642	
Sotub06g031510.1.1	Sotub05g027900.1.1	4.8061	427.9	1333.1	0.1051	0.5222	4.9662	-4317.846026	
Sotub06g031850.1.1	Sotub11g023930.1.1	1.0506	463.4	1438.6	0.1725	0.1615	0.9360	-3911.188218	
Sotub06g031940.1.1	Sotub04g010120.1.1	1.0997	116.8	420.2	0.0247	0.0382	1.5473	-963.052528	
Sotub06g031940.1.1	Sotub05g027490.1.1	1.3332	121.2	415.8	0.0369	0.0646	1.7480	-1008.404248	
Sotub06g031940.1.1	Sotub11g023750.1.1	0.8399	118.7	418.3	0.0722	0.0729	1.0099	-999.751016	
Sotub06g032020.1.1	Sotub05g027420.1.1	3.9266	240.2	716.8	0.0913	0.3742	4.0988	-2253.730203	
Sotub06g032030.1.1	Sotub05g027400.1.1	4.2201	209.6	750.4	0.1065	0.4966	4.6640	-2206.687756	
Sotub06g032080.1.1	Sotub05g027390.1.1	2.9158	456.3	1493.7	0.1902	0.4868	2.5599	-4708.827221	
Sotub06g032080.1.1	Sotub06g005000.1.1	0.7927	462.6	1463.4	0.3175	0.1743	0.5488	-3881.116451	
Sotub06g032080.1.1	Sotub06g005000.1.1	0.7927	462.6	1463.4	0.3175	0.1743	0.5488	-3881.116451	
Sotub06g032090.1.1	Sotub06g005020.1.1	0.8124	198.2	527.8	0.1853	0.1231	0.6641	-1440.042125	
Sotub06g032150.1.1	Sotub06g005090.1.1	0.5366	409.2	1390.8	0.1238	0.0686	0.5538	-3276.982895	
Sotub06g032160.1.1	Sotub06g005100.1.1	2.0241	124.6	526.4	0.1310	0.2973	2.2690	-1460.574716	
Sotub06g032220.1.1	Sotub06g005200.1.1	0.6799	196.4	550.6	0.1828	0.1042	0.5701	-1416.392545	
Sotub06g032220.1.1	Sotub06g005200.1.1	0.6799	196.4	550.6	0.1828	0.1042	0.5701	-1416.392545	
Sotub06g032230.1.1	Sotub06g005270.1.1	0.6138	179.9	678.1	0.0289	0.0255	0.8800	-1467.223702	
Sotub06g032250.1.1	Sotub06g005280.1.1	0.5109	148.1	448.9	0.0649	0.0372	0.5738	-1045.880748	
Sotub06g032430.1.1	Sotub06g005420.1.1	0.6593	317.0	1003.0	0.0212	0.0181	0.8577	-2257.125505	
Sotub06g032470.1.1	Sotub09g005440.1.1	11.7049	112.2	328.8	0.0517	0.6880	13.3147	-1109.624421	
Sotub06g032510.1.1	Sotub09g005430.1.1	3.6598	422.4	1182.6	0.0632	0.2489	3.9388	-3566.876545	
Sotub06g032520.1.1	Sotub10g023710.1.1	2.7790	356.0	1177.0	0.0692	0.2248	3.2460	-3315.205432	
Sotub06g032670.1.1	Sotub03g020700.1.1	4.5954	216.1	746.9	0.1024	0.5165	5.0411	-2377.829711	
Sotub06g032670.1.1	Sotub03g020700.1.1	4.5954	216.1	746.9	0.1024	0.5165	5.0411	-2377.829711	
Sotub06g032670.1.1	Sotub06g014820.1.1	7.3762	210.7	755.3	0.0820	0.7142	8.7109	-2465.047751	
Sotub06g032670.1.1	Sotub09g005200.1.1	14.3345	146.6	588.4	0.0469	0.9460	20.1560	-1905.987642	
Sotub06g032680.1.1	Sotub10g023600.1.1	5.2942	91.6	337.4	0.0436	0.3106	7.1241	-972.623952	
Sotub06g032750.1.1	Sotub06g014600.1.1	1.2944	113.4	366.6	0.0479	0.0758	1.5813	-913.157496	
Sotub06g032780.1.1	Sotub03g020740.1.1	3.5530	376.3	1279.7	0.1117	0.4219	3.7774	-3904.543382	
Sotub06g032780.1.1	Sotub03g020740.1.1	3.5530	376.3	1279.7	0.1117	0.4219	3.7774	-3904.543382	
Sotub06g032780.1.1	Sotub06g006120.1.1	10.3923	378.0	1269.0	0.0248	0.3456	13.9339	-3784.452625	
Sotub06g032780.1.1	Sotub06g014570.1.1	5.3855	370.0	1241.0	0.0463	0.3130	6.7672	-3665.929685	
Sotub06g032810.1.1	Sotub03g020770.1.1	7.3864	154.1	634.9	0.0783	0.7463	9.5324	-2003.511088	
Sotub06g032810.1.1	Sotub03g020770.1.1	7.3864	154.1	634.9	0.0783	0.7463	9.5324	-2003.511088	
Sotub06g032810.1.1	Sotub10g023550.1.1	4.6189	157.6	634.4	0.1884	0.8290	4.4000	-2033.315285	
Sotub06g032830.1.1	Sotub03g020800.1.1	3.6148	238.7	844.3	0.2572	0.7362	2.8629	-2752.350228	
Sotub06g032830.1.1	Sotub03g020800.1.1	3.6148	238.7	844.3	0.2572	0.7362	2.8629	-2752.350228	
Sotub06g032830.1.1	Sotub06g006190.1.1	1.4920	235.1	847.9	0.1586	0.2312	1.4571	-2362.560074	
Sotub06g032830.1.1	Sotub06g014330.1.1	3.3083	237.3	845.7	0.2827	0.7087	2.5073	-2740.166768	
Sotub06g032840.1.1	Sotub06g006210.1.1	1.0831	172.0	599.0	0.1191	0.1363	1.1438	-1541.502115	
Sotub06g032850.1.1	Sotub06g006220.1.1	0.4976	233.7	708.3	0.0417	0.0247	0.5936	-1571.222119	
Sotub06g032880.1.1	Sotub06g006230.1.1	1.2688	144.5	470.5	0.0702	0.1029	1.4654	-1175.603477	
Sotub06g033220.1.1	Sotub06g006540.1.1	0.9456	93.5	353.5	0.1616	0.1512	0.9355	-880.649844	
Sotub06g033230.1.1	Sotub06g006560.1.1	24.7010	218.9	654.1	0.0121	0.3849	31.6828	-2066.167995	
Sotub06g033280.1.1	Sotub01g033170.1.1	5.6406	469.6	1816.4	0.1014	0.6665	6.5748	-5792.343820	
Sotub06g033380.1.1	Sotub01g032950.1.1	50.0000	94.5	355.5	0.0122	0.9238	75.8723	-1146.019084	
Sotub06g033380.1.1	Sotub03g013720.1.1	13.3064	119.6	330.4	0.0650	0.9195	14.1475	-1169.908985	
Sotub06g033390.1.1	Sotub01g032940.1.1	3.1474	100.5	322.5	0.0050	0.0219	4.3474	-760.042605	
Sotub06g033390.1.1	Sotub03g013730.1.1	12.7434	93.0	330.0	0.0010	0.0193	19.2593	-755.442489	
Sotub06g033390.1.1	Sotub06g006650.1.1	1.1285	97.8	310.2	0.2033	0.1939	0.9541	-878.117165	
Sotub06g033400.1.1	Sotub03g013750.1.1	23.1151	185.3	651.7	0.0135	0.4486	33.2182	-2044.381057	
Sotub06g033420.1.1	Sotub06g006660.1.1	0.7876	249.2	839.8	0.0568	0.0547	0.9629	-1996.879639	
Sotub06g033430.1.1	Sotub06g006720.1.1	0.7338	152.0	535.0	0.1132	0.0895	0.7906	-1314.134741	
Sotub06g033550.1.1	Sotub06g006950.1.1	0.6092	192.9	533.1	0.1348	0.0751	0.5568	-1328.043154	
Sotub06g033590.1.1	Sotub06g006790.1.1	1.4246	205.4	604.6	0.1802	0.2205	1.2236	-1758.463537	
Sotub06g033600.1.1	Sotub06g019270.1.1	2.4563	166.5	610.5	0.2087	0.4518	2.1647	-1860.666163	
Sotub06g033610.1.1	Sotub06g006780.1.1	0.6106	151.6	499.4	0.0479	0.0362	0.7549	-1145.273597	
Sotub06g033610.1.1	Sotub06g019230.1.1	0.5198	144.1	506.9	0.1307	0.0701	0.5361	-1174.101118	
Sotub06g033620.1.1	Sotub06g019200.1.1	0.7344	154.6	376.4	0.1054	0.0705	0.6690	-952.875475	
Sotub06g033690.1.1	Sotub09g019390.1.1	14.2006	169.9	637.1	0.0599	1.0995	18.3589	-2080.054908	
Sotub06g033710.1.1	Sotub06g007000.1.1	1.1787	208.1	595.9	0.2377	0.2147	0.9033	-1699.811599	
Sotub06g033740.1.1	Sotub06g007010.1.1	0.7645	266.1	801.9	0.2608	0.1494	0.5727	-2123.092662	
Sotub06g033970.1.1	Sotub03g006280.1.1	50.0000	211.6	799.4	0.0115	0.8748	76.3155	-2582.504300	
Sotub06g033970.1.1	Sotub06g007310.1.1	13.9277	161.8	612.2	0.0482	0.9062	18.7827	-1981.152997	
Sotub06g034110.1.1	Sotub03g006200.1.1	9.8563	183.5	827.5	0.0431	0.6536	15.1542	-2503.536117	
Sotub06g034200.1.1	Sotub03g005910.1.1	6.4712	179.2	627.8	0.0404	0.3437	8.5082	-1875.803183	
Sotub06g034280.1.1	Sotub06g007100.1.1	0.3856	267.6	983.4	0.0662	0.0320	0.4833	-2132.670133	
Sotub06g034300.1.1	Sotub06g007150.1.1	50.0000	79.0	359.0	0.0059	0.5309	89.9519	-1048.700844	
Sotub06g034360.1.1	Sotub03g005820.1.1	3.5472	123.0	507.0	0.1361	0.5281	3.8789	-1504.197806	
Sotub06g034400.1.1	Sotub06g007290.1.1	1.0410	203.5	708.5	0.3308	0.2391	0.7228	-1929.132952	
Sotub06g034510.1.1	Sotub06g016970.1.1	2.3373	84.5	350.5	0.0990	0.2816	2.8434	-963.344527	
Sotub06g034530.1.1	Sotub03g005540.1.1	4.7159	293.6	1014.4	0.0733	0.4094	5.5881	-3109.774159	
Sotub06g034530.1.1	Sotub06g016900.1.1	4.8298	298.2	1003.8	0.0838	0.4594	5.4837	-3131.380706	
Sotub06g034570.1.1	Sotub09g024550.1.1	35.7097	197.4	498.6	0.0123	0.5019	40.7001	-1684.533848	
Sotub06g034580.1.1	Sotub09g023510.1.1	2.0853	472.7	1453.3	0.0834	0.1880	2.2544	-4090.375240	
Sotub06g034670.1.1	Sotub06g016640.1.1	50.0000	109.9	259.1	0.0078	0.4292	54.9249	-880.557080	
Sotub06g035250.1.1	Sotub06g006950.1.1	0.5665	195.4	530.6	0.1104	0.0596	0.5398	-1301.994111	
Sotub06g035320.1.1	Sotub06g006900.1.1	0.5408	216.4	686.6	0.0690	0.0426	0.6171	-1559.075639	
Sotub06g035380.1.1	Sotub06g006860.1.1	0.7220	345.9	1097.1	0.1768	0.1137	0.6432	-2796.771397	
Sotub07g005610.1.1	Sotub12g007270.1.1	1.1570	229.2	952.8	0.0879	0.1280	1.4568	-2289.643174	
Sotub07g005630.1.1	Sotub12g007280.1.1	0.9784	171.7	605.3	0.1311	0.1323	1.0093	-1530.878933	
Sotub07g005690.1.1	Sotub12g007310.1.1	0.8223	304.8	931.2	0.0876	0.0768	0.8769	-2356.077150	
Sotub07g005760.1.1	Sotub12g008250.1.1	6.1661	175.9	766.1	0.0986	0.7595	7.7000	-2364.693029	
Sotub07g005900.1.1	Sotub12g008240.1.1	50.0000	228.1	707.9	0.0067	0.4487	66.9975	-2241.014474	
Sotub07g005970.1.1	Sotub12g008090.1.1	10.8505	264.4	938.6	0.0552	0.7598	13.7616	-3089.833659	
Sotub07g006010.1.1	Sotub12g007980.1.1	0.5780	352.6	1009.4	0.1762	0.0872	0.4946	-2541.278746	
Sotub07g006050.1.1	Sotub12g007970.1.1	1.7911	256.3	913.7	0.2833	0.3841	1.3560	-2680.712909	
Sotub07g006180.1.1	Sotub12g007910.1.1	0.6571	420.8	1193.2	0.1598	0.0924	0.5782	-3079.519512	
Sotub07g006330.1.1	Sotub12g007900.1.1	1.3891	201.7	605.3	0.4114	0.3411	0.8291	-1806.401541	
Sotub07g006470.1.1	Sotub12g007860.1.1	0.6086	512.3	1437.7	0.0925	0.0567	0.6131	-3555.677902	
Sotub07g006500.1.1	Sotub12g007820.1.1	0.5264	109.8	364.2	0.0476	0.0312	0.6541	-813.302652	
Sotub07g006540.1.1	Sotub12g007750.1.1	1.7614	246.3	917.7	0.1845	0.3034	1.6441	-2608.819514	
Sotub07g006560.1.1	Sotub12g007740.1.1	3.3090	332.4	1131.6	0.3770	0.8021	2.1274	-3753.351785	
Sotub07g006590.1.1	Sotub12g007730.1.1	0.7928	158.1	537.9	0.2222	0.1472	0.6625	-1352.668020	
Sotub07g006610.1.1	Sotub04g011170.1.1	6.0678	182.4	642.6	0.1039	0.6959	6.6954	-2073.942176	
Sotub07g006610.1.1	Sotub12g007720.1.1	1.7092	166.5	661.5	0.0375	0.0925	2.4653	-1598.472569	
Sotub07g006640.1.1	Sotub12g007690.1.1	0.7745	201.4	551.6	0.1848	0.1185	0.6409	-1499.300737	
Sotub07g006680.1.1	Sotub12g007670.1.1	0.7403	360.1	1097.9	0.2444	0.1399	0.5725	-2889.164015	
Sotub07g006840.1.1	Sotub04g011460.1.1	50.0000	267.3	890.7	0.0140	0.9671	68.9805	-3016.972768	
Sotub07g006860.1.1	Sotub04g011470.1.1	50.0000	196.7	856.3	0.0109	0.9254	85.2012	-2658.621292	
Sotub07g006880.1.1	Sotub12g007530.1.1	0.7756	184.4	637.6	0.1533	0.1155	0.7531	-1606.747283	
Sotub07g007050.1.1	Sotub12g007500.1.1	0.7181	730.2	2044.8	0.1246	0.0841	0.6743	-5214.764319	
Sotub07g007200.1.1	Sotub12g008080.1.1	0.6473	284.8	861.2	0.1839	0.1026	0.5580	-2173.897693	
Sotub07g007210.1.1	Sotub12g008070.1.1	0.7230	296.1	981.9	0.1723	0.1141	0.6620	-2459.193273	
Sotub07g007280.1.1	Sotub12g008050.1.1	0.5439	103.4	307.6	0.0415	0.0266	0.6416	-704.157948	
Sotub07g007300.1.1	Sotub03g030940.1.1	7.6750	92.0	280.0	0.0021	0.0220	10.2801	-644.691416	
Sotub07g007300.1.1	Sotub06g023770.1.1	5.8894	88.1	283.9	0.0040	0.0330	8.1864	-648.044285	
Sotub07g007300.1.1	Sotub12g008030.1.1	0.4000	105.5	266.5	0.0348	0.0150	0.4322	-591.774917	
Sotub07g007350.1.1	Sotub06g023810.1.1	2.9251	150.3	446.7	0.1046	0.3091	2.9544	-1368.149408	
Sotub07g007510.1.1	Sotub03g030770.1.1	3.1667	115.0	434.0	0.2022	0.5778	2.8576	-1362.378180	
Sotub07g007510.1.1	Sotub06g023820.1.1	50.0000	124.0	428.0	0.0076	0.5461	72.3096	-1359.323268	
Sotub07g007520.1.1	Sotub03g030760.1.1	4.0145	417.7	1157.3	0.0430	0.1940	4.5088	-3374.031192	
Sotub07g007540.1.1	Sotub03g030750.1.1	2.6400	103.2	292.8	0.1050	0.2732	2.6027	-914.514998	
Sotub07g007540.1.1	Sotub06g023850.1.1	1.9009	96.3	290.7	0.1299	0.2377	1.8297	-864.476511	
Sotub07g007560.1.1	Sotub12g007390.1.1	0.7950	121.2	454.8	0.1183	0.1032	0.8721	-1109.930670	
Sotub07g007670.1.1	Sotub12g007410.1.1	1.2132	228.3	704.7	0.1861	0.1954	1.0495	-1995.266873	
Sotub07g007770.1.1	Sotub12g007450.1.1	1.0253	168.4	680.6	0.1558	0.1647	1.0572	-1706.886791	
Sotub07g007820.1.1	Sotub06g024120.1.1	50.0000	106.4	289.6	0.0377	2.1191	56.2732	-1041.074404	
Sotub07g007820.1.1	Sotub12g027710.1.1	4.3086	94.4	367.6	0.0921	0.4765	5.1746	-1082.395996	
Sotub07g007890.1.1	Sotub12g007480.1.1	0.5225	422.3	1278.7	0.0634	0.0373	0.5885	-2948.328398	
Sotub07g007970.1.1	Sotub06g024290.1.1	50.0000	219.4	752.6	0.0099	0.7078	71.4185	-2466.039280	
Sotub07g008160.1.1	Sotub12g028010.1.1	50.0000	223.9	769.1	0.0095	0.6811	71.5840	-2541.581456	
Sotub07g008280.1.1	Sotub12g008340.1.1	0.6042	93.8	365.2	0.2108	0.1141	0.5412	-877.365796	
Sotub07g008290.1.1	Sotub12g008330.1.1	2.1745	195.4	668.6	0.3013	0.4755	1.5781	-1906.250702	
Sotub07g008490.1.1	Sotub12g008310.1.1	0.6728	302.9	921.1	0.1701	0.1016	0.5973	-2318.210181	
Sotub07g008510.1.1	Sotub03g030210.1.1	27.5632	216.3	722.7	0.0200	0.7484	37.3791	-2415.001246	
Sotub07g008510.1.1	Sotub12g028370.1.1	8.2142	193.1	715.9	0.0707	0.7220	10.2109	-2322.458800	
Sotub07g008530.1.1	Sotub03g030230.1.1	2.4858	173.0	562.0	0.1039	0.2735	2.6314	-1645.107442	
Sotub07g008530.1.1	Sotub12g008300.1.1	0.8593	167.2	564.8	0.1901	0.1452	0.7637	-1472.850631	
Sotub07g008710.1.1	Sotub12g008240.1.1	1.0287	211.6	724.4	0.1919	0.1757	0.9153	-1912.130999	
Sotub07g008730.1.1	Sotub05g021870.1.1	50.0000	242.2	768.8	0.0125	0.8382	66.9140	-2639.197181	
Sotub07g008820.1.1	Sotub05g021820.1.1	0.7621	187.5	511.5	0.0976	0.0730	0.7481	-1315.104641	
Sotub07g008830.1.1	Sotub05g021800.1.1	0.5867	407.0	1252.0	0.0862	0.0543	0.6300	-3020.211333	
Sotub07g009020.1.1	Sotub05g021660.1.1	1.0295	159.0	645.0	0.1322	0.1494	1.1295	-1614.927050	
Sotub07g010210.1.1	Sotub05g021260.1.1	0.9281	78.4	248.6	0.4754	0.2446	0.5146	-674.744641	
Sotub07g011510.1.1	Sotub12g010090.1.1	0.9533	130.6	418.4	0.2059	0.1657	0.8047	-1122.600499	
Sotub07g011550.1.1	Sotub12g010110.1.1	1.5237	196.5	661.5	0.2995	0.3307	1.1044	-1908.574070	
Sotub07g011610.1.1	Sotub12g010140.1.1	1.0135	266.6	954.4	0.0956	0.1103	1.1528	-2410.050549	
Sotub07g011650.1.1	Sotub12g010150.1.1	0.9005	366.0	1140.0	0.2460	0.1720	0.6993	-3088.559990	
Sotub07g011780.1.1	Sotub12g008990.1.1	50.0000	151.3	514.7	0.0095	0.6732	71.0786	-1640.916685	
Sotub07g012020.1.1	Sotub12g009230.1.1	1.2814	479.2	1611.8	0.3520	0.3004	0.8534	-4648.888067	
Sotub07g012030.1.1	Sotub12g009240.1.1	0.7808	285.5	908.5	0.1918	0.1296	0.6759	-2322.180250	
Sotub07g014010.1.1	Sotub12g009910.1.1	0.9859	270.0	1011.0	0.0931	0.1076	1.1564	-2449.865557	
Sotub07g014240.1.1	Sotub12g010010.1.1	0.9374	100.7	373.3	0.1698	0.1533	0.9028	-956.559185	
Sotub07g014260.1.1	Sotub12g010020.1.1	0.7005	492.5	1583.5	0.1345	0.0924	0.6871	-3911.452639	
Sotub07g014310.1.1	Sotub12g010030.1.1	1.4441	296.9	1197.1	0.1976	0.2664	1.3484	-3232.684769	
Sotub07g014340.1.1	Sotub12g010170.1.1	50.0000	243.6	809.4	0.0122	0.8417	69.2450	-2724.610619	
Sotub07g014350.1.1	Sotub03g035090.1.1	5.9472	122.6	414.4	0.0825	0.5600	6.7904	-1324.076847	
Sotub07g014390.1.1	Sotub08g012940.1.1	1.7405	100.7	343.3	0.0788	0.1590	2.0161	-913.401034	
Sotub07g014390.1.1	Sotub12g010180.1.1	1.7381	215.3	774.7	0.1013	0.1978	1.9523	-2097.861431	
Sotub07g014410.1.1	Sotub05g016780.1.1	0.7504	822.5	2525.5	0.2522	0.1447	0.5738	-6619.913245	
Sotub07g014420.1.1	Sotub03g035050.1.1	3.1200	185.6	594.4	0.0656	0.2368	3.6115	-1693.839596	
Sotub07g014420.1.1	Sotub08g012980.1.1	3.5499	182.0	553.0	0.0651	0.2597	3.9902	-1625.635318	
Sotub07g014510.1.1	Sotub12g010210.1.1	0.5871	254.4	714.6	0.1357	0.0732	0.5398	-1791.869120	
Sotub07g014560.1.1	Sotub05g016980.1.1	0.8104	668.9	2286.1	0.2177	0.1490	0.6842	-5880.083558	
Sotub07g014560.1.1	Sotub08g013080.1.1	3.1489	665.2	2289.8	0.1544	0.4701	3.0444	-7077.580034	
Sotub07g014570.1.1	Sotub03g035000.1.1	50.0000	151.8	538.2	0.0029	0.2177	74.9925	-1495.068330	
Sotub07g014570.1.1	Sotub05g016990.1.1	0.5252	151.6	535.4	0.0830	0.0509	0.6137	-1216.784320	
Sotub07g014570.1.1	Sotub06g021890.1.1	2.1035	157.9	535.1	0.0467	0.1240	2.6570	-1384.149961	
Sotub07g014590.1.1	Sotub03g034970.1.1	1.8226	394.9	1357.1	0.0594	0.1329	2.2385	-3559.233597	
Sotub07g014590.1.1	Sotub06g021910.1.1	1.8245	385.2	1369.8	0.0605	0.1379	2.2804	-3558.822335	
Sotub07g014600.1.1	Sotub06g021920.1.1	2.5041	215.3	639.7	0.0780	0.2099	2.6909	-1863.772527	
Sotub07g014600.1.1	Sotub12g028470.1.1	4.4036	189.6	665.4	0.0821	0.4221	5.1386	-2054.574682	
Sotub07g014620.1.1	Sotub03g034960.1.1	7.6726	163.9	625.1	0.0389	0.4172	10.7204	-1827.432073	
Sotub07g014720.1.1	Sotub12g010440.1.1	10.8203	326.9	1035.1	0.0426	0.5636	13.2440	-3371.889732	
Sotub07g014780.1.1	Sotub12g028430.1.1	40.3196	194.5	636.5	0.0088	0.4890	55.8244	-2036.084015	
Sotub07g014840.1.1	Sotub12g028420.1.1	2.0807	137.9	498.1	0.0265	0.0774	2.9200	-1231.560977	
Sotub07g014900.1.1	Sotub05g016870.1.1	0.9760	122.9	417.1	0.2086	0.1746	0.8370	-1114.301522	
Sotub07g014980.1.1	Sotub12g026780.1.1	50.0000	109.1	319.9	0.0077	0.4913	64.1164	-1012.945692	
Sotub07g015020.1.1	Sotub12g026900.1.1	9.1942	214.9	829.1	0.0635	0.7592	11.9585	-2678.328532	
Sotub07g015020.1.1	Sotub12g028370.1.1	50.0000	188.5	711.5	0.0089	0.6857	76.9696	-2273.861461	
Sotub07g015030.1.1	Sotub12g026910.1.1	50.0000	450.8	1553.2	0.0072	0.5232	72.2933	-4953.755274	
Sotub07g015140.1.1	Sotub12g028170.1.1	50.0000	425.9	1191.1	0.0126	0.7712	61.1232	-4152.800210	
Sotub07g015270.1.1	Sotub12g028230.1.1	50.0000	177.8	620.2	0.0105	0.7588	72.1569	-2016.378243	
Sotub07g016060.1.1	Sotub12g008660.1.1	0.7297	231.6	740.4	0.2133	0.1295	0.6070	-1904.697660	
Sotub07g016110.1.1	Sotub12g008670.1.1	0.5794	611.3	1788.7	0.0646	0.0412	0.6377	-4243.032823	
Sotub07g016250.1.1	Sotub12g008710.1.1	1.8445	114.7	410.3	0.1132	0.2267	2.0029	-1148.310332	
Sotub07g016290.1.1	Sotub12g008720.1.1	0.5977	290.6	867.4	0.2255	0.1070	0.4746	-2179.905460	
Sotub07g016410.1.1	Sotub12g008750.1.1	0.8906	203.4	552.6	0.1358	0.1095	0.8059	-1475.911388	
Sotub07g016630.1.1	Sotub12g011130.1.1	0.8130	218.0	712.0	0.2033	0.1413	0.6947	-1862.111099	
Sotub07g016640.1.1	Sotub12g011150.1.1	0.5391	207.2	671.8	0.0550	0.0356	0.6470	-1516.758353	
Sotub07g016680.1.1	Sotub12g011190.1.1	0.5385	348.1	1070.9	0.1270	0.0668	0.5261	-2573.768654	
Sotub07g016700.1.1	Sotub12g011210.1.1	0.5445	415.0	1250.0	0.1279	0.0672	0.5258	-3035.748683	
Sotub07g016760.1.1	Sotub12g011230.1.1	2.4055	260.9	864.1	0.2333	0.4550	1.9506	-2686.716216	
Sotub07g017310.1.1	Sotub12g011520.1.1	50.0000	217.9	637.1	0.0047	0.3039	64.5013	-1930.821221	
Sotub07g017560.1.1	Sotub12g011380.1.1	0.8227	81.5	329.5	0.1157	0.1090	0.9419	-773.953105	
Sotub07g017560.1.1	Sotub12g011380.1.1	0.8227	81.5	329.5	0.1157	0.1090	0.9419	-773.953105	
Sotub07g017610.1.1	Sotub12g011350.1.1	0.7871	150.1	593.9	0.2608	0.1669	0.6400	-1481.730147	
Sotub07g017610.1.1	Sotub12g011350.1.1	0.7871	150.1	593.9	0.2608	0.1669	0.6400	-1481.730147	
Sotub07g017850.1.1	Sotub05g019040.1.1	1.4349	86.7	270.3	0.0712	0.1147	1.6112	-707.471606	
Sotub07g017860.1.1	Sotub05g019050.1.1	0.5825	130.2	415.8	0.1885	0.0958	0.5084	-1015.603432	
Sotub07g017890.1.1	Sotub05g019060.1.1	0.7531	195.0	522.0	0.1768	0.1107	0.6264	-1396.316189	
Sotub07g017920.1.1	Sotub05g019080.1.1	5.2612	71.8	243.2	0.5891	1.5133	2.5688	-847.223394	
Sotub07g018100.1.1	Sotub05g018940.1.1	0.9051	91.9	409.1	0.0781	0.0953	1.2202	-946.102905	
Sotub07g018310.1.1	Sotub05g018730.1.1	2.5502	128.0	445.0	0.1613	0.3933	2.4377	-1303.828276	
Sotub07g018350.1.1	Sotub02g024160.1.1	1.8822	228.9	803.1	0.0948	0.2012	2.1224	-2214.772732	
Sotub07g018350.1.1	Sotub08g014470.1.1	33.4461	156.0	546.0	0.0192	0.9019	47.0069	-1796.255399	
Sotub07g018350.1.1	Sotub09g011870.1.1	12.0416	233.0	784.0	0.0555	0.8193	14.7632	-2599.281604	
Sotub07g018350.1.1	Sotub09g012090.1.1	50.0000	171.5	647.5	0.0195	1.4466	74.1279	-2129.365646	
Sotub07g018380.1.1	Sotub05g018690.1.1	0.6501	126.8	488.2	0.0784	0.0633	0.8072	-1130.251037	
Sotub07g018450.1.1	Sotub02g024250.1.1	3.3882	218.9	618.1	0.0724	0.2596	3.5850	-1885.996765	
Sotub07g018450.1.1	Sotub05g018660.1.1	2.1379	267.3	752.7	0.4883	0.5591	1.1450	-2505.456088	
Sotub07g018470.1.1	Sotub02g024270.1.1	1.4103	373.1	1237.9	0.0635	0.1064	1.6767	-3216.690887	
Sotub07g018480.1.1	Sotub08g014430.1.1	17.4808	393.7	1205.3	0.0193	0.4303	22.3478	-3848.029064	
Sotub07g018480.1.1	Sotub09g011650.1.1	41.0679	368.0	1228.0	0.0089	0.5134	57.6555	-3932.410869	
Sotub07g018480.1.1	Sotub12g011640.1.1	0.9074	429.5	1181.5	0.1042	0.0919	0.8817	-3132.844561	
Sotub07g018560.1.1	Sotub12g011730.1.1	1.5680	335.8	1191.2	0.2031	0.2806	1.3814	-3405.121032	
Sotub07g018590.1.1	Sotub12g011740.1.1	0.8232	164.4	612.6	0.2543	0.1693	0.6658	-1581.378979	
Sotub07g018620.1.1	Sotub05g018510.1.1	1.1343	211.6	787.4	0.1234	0.1510	1.2233	-2013.678024	
Sotub07g018650.1.1	Sotub05g018470.1.1	0.7776	386.1	1215.9	0.1444	0.1067	0.7393	-3110.050164	
Sotub07g018650.1.1	Sotub09g011640.1.1	9.0516	365.7	1236.3	0.0367	0.4319	11.7580	-3816.923524	
Sotub07g018690.1.1	Sotub12g011770.1.1	2.4626	104.1	324.9	0.2454	0.4701	1.9156	-1044.518015	
Sotub07g018790.1.1	Sotub12g011800.1.1	0.6648	195.5	644.5	0.0620	0.0490	0.7905	-1498.674283	
Sotub07g018870.1.1	Sotub12g011810.1.1	0.5085	244.0	749.0	0.1299	0.0641	0.4931	-1784.438507	
Sotub07g018890.1.1	Sotub12g011820.1.1	0.7214	466.1	1477.9	0.1344	0.0945	0.7031	-3697.876082	
Sotub07g019280.1.1	Sotub12g011760.1.1	50.0000	70.2	295.8	0.0180	1.4523	80.8311	-961.781591	
Sotub07g019440.1.1	Sotub12g011860.1.1	6.7784	125.0	601.0	0.2082	1.3652	6.5580	-1869.219686	
Sotub07g019450.1.1	Sotub12g011870.1.1	0.6930	205.4	655.6	0.1036	0.0754	0.7277	-1594.339078	
Sotub07g019480.1.1	Sotub12g011890.1.1	0.5273	682.5	2161.5	0.0930	0.0526	0.5658	-5096.202734	
Sotub07g019570.1.1	Sotub02g021060.1.1	8.3310	276.7	1034.3	0.0571	0.6191	10.8450	-3268.158190	
Sotub07g019600.1.1	Sotub02g021080.1.1	2.3632	767.6	2523.4	0.0708	0.1939	2.7398	-7096.166414	
Sotub07g019640.1.1	Sotub02g021150.1.1	3.3831	145.6	454.4	0.1392	0.4511	3.2398	-1467.263589	
Sotub07g019640.1.1	Sotub02g021150.1.1	3.3831	145.6	454.4	0.1392	0.4511	3.2398	-1467.263589	
Sotub07g019650.1.1	Sotub02g021160.1.1	3.5411	296.2	1086.8	0.2357	0.6966	2.9558	-3456.095544	
Sotub07g019650.1.1	Sotub02g021160.1.1	3.5411	296.2	1086.8	0.2357	0.6966	2.9558	-3456.095544	
Sotub07g019740.1.1	Sotub02g021280.1.1	50.0000	154.9	448.1	0.0076	0.4815	63.4985	-1454.616585	
Sotub07g019740.1.1	Sotub02g021280.1.1	50.0000	154.9	448.1	0.0076	0.4815	63.4985	-1454.616585	
Sotub07g019760.1.1	Sotub02g021370.1.1	7.0937	199.6	682.4	0.0390	0.3595	9.2186	-2036.510641	
Sotub07g019930.1.1	Sotub12g012190.1.1	0.6477	350.5	1020.5	0.1436	0.0855	0.5955	-2547.846231	
Sotub07g020000.1.1	Sotub12g012220.1.1	1.5642	395.2	1410.8	0.5028	0.4286	0.8525	-4002.725656	
Sotub07g020100.1.1	Sotub12g012350.1.1	5.4179	178.9	583.1	0.1907	0.9046	4.7438	-1990.400648	
Sotub07g020210.1.1	Sotub02g022150.1.1	3.0034	331.2	1090.8	0.0707	0.2464	3.4864	-3148.722123	
Sotub07g020330.1.1	Sotub02g022220.1.1	3.7036	184.5	574.5	0.0478	0.2115	4.4198	-1661.332037	
Sotub07g020470.1.1	Sotub02g022260.1.1	3.0959	138.4	593.6	0.1042	0.3930	3.7730	-1724.352954	
Sotub07g020540.1.1	Sotub05g021870.1.1	13.2222	256.1	784.9	0.0676	1.0027	14.8397	-2754.794048	
Sotub07g020560.1.1	Sotub02g022380.1.1	3.3012	138.7	452.3	0.0644	0.2497	3.8757	-1318.398875	
Sotub07g020850.1.1	Sotub05g021660.1.1	50.0000	160.4	658.6	0.0055	0.4546	83.2571	-1970.926738	
Sotub07g020910.1.1	Sotub05g021600.1.1	1.2921	110.0	358.0	0.1878	0.2136	1.1371	-990.795131	
Sotub07g020940.1.1	Sotub05g021590.1.1	1.2889	96.2	299.8	0.3290	0.2872	0.8731	-884.662980	
Sotub07g021180.1.1	Sotub12g012040.1.1	1.1418	238.3	1126.7	0.1489	0.1905	1.2792	-2803.369230	
Sotub07g021230.1.1	Sotub12g012010.1.1	0.6307	208.6	595.4	0.1698	0.0927	0.5458	-1515.470236	
Sotub07g021270.1.1	Sotub12g011990.1.1	1.0807	250.7	679.3	0.3169	0.2278	0.7189	-2012.722765	
Sotub07g021300.1.1	Sotub07g019560.1.1	2.0288	122.1	402.9	0.1509	0.2929	1.9410	-1180.144807	
Sotub07g021310.1.1	Sotub07g019540.1.1	1.3236	101.7	318.3	0.1243	0.1630	1.3119	-846.178569	
Sotub07g021330.1.1	Sotub07g019530.1.1	0.9292	198.2	614.8	0.0791	0.0807	1.0202	-1538.516519	
Sotub07g021340.1.1	Sotub07g019520.1.1	0.5921	208.0	671.0	0.1551	0.0862	0.5559	-1629.585047	
Sotub07g021630.1.1	Sotub02g020380.1.1	2.2018	107.2	405.8	0.0413	0.1254	3.0364	-1012.608812	
Sotub07g021640.1.1	Sotub02g020390.1.1	3.5440	703.6	2245.4	0.0791	0.3127	3.9533	-6788.820160	
Sotub07g021650.1.1	Sotub02g020420.1.1	16.3494	214.9	757.1	0.0129	0.3048	23.5796	-2244.587389	
Sotub07g021660.1.1	Sotub02g020450.1.1	50.0000	112.4	598.6	0.0022	0.2327	104.2145	-1516.601360	
Sotub07g021730.1.1	Sotub02g020640.1.1	2.1030	117.2	374.8	0.1101	0.2397	2.1761	-1100.035630	
Sotub07g021770.1.1	Sotub12g006970.1.1	1.2625	170.0	619.0	0.1692	0.2045	1.2085	-1663.338282	
Sotub07g021910.1.1	Sotub12g006950.1.1	5.0365	303.6	890.4	0.0775	0.4168	5.3804	-2690.179870	
Sotub07g021920.1.1	Sotub02g019790.1.1	1.9162	228.1	833.9	0.1674	0.3088	1.8448	-2414.437678	
Sotub07g021950.1.1	Sotub12g006940.1.1	0.9810	243.9	824.1	0.3216	0.2207	0.6863	-2224.377640	
Sotub07g021950.1.1	Sotub12g006940.1.1	0.9810	243.9	824.1	0.3216	0.2207	0.6863	-2224.377640	
Sotub07g021980.1.1	Sotub02g019550.1.1	4.8007	145.1	490.9	0.0778	0.4321	5.5527	-1512.950075	
Sotub07g022000.1.1	Sotub12g006930.1.1	0.6879	466.3	1297.7	0.1049	0.0704	0.6715	-3282.925221	
Sotub07g022000.1.1	Sotub12g006930.1.1	0.6879	466.3	1297.7	0.1049	0.0704	0.6715	-3282.925221	
Sotub07g022020.1.1	Sotub12g006910.1.1	0.8078	182.6	564.4	0.1363	0.1056	0.7750	-1429.710517	
Sotub07g022020.1.1	Sotub12g006910.1.1	0.8078	182.6	564.4	0.1363	0.1056	0.7750	-1429.710517	
Sotub07g022050.1.1	Sotub11g017450.1.1	50.0000	90.7	356.3	0.0058	0.4660	80.3320	-1076.216685	
Sotub07g022090.1.1	Sotub12g006900.1.1	0.7875	246.7	746.3	0.2557	0.1523	0.5958	-1987.957516	
Sotub07g022090.1.1	Sotub12g006900.1.1	0.7875	246.7	746.3	0.2557	0.1523	0.5958	-1987.957516	
Sotub07g022110.1.1	Sotub02g019400.1.1	3.4706	121.4	388.6	0.0371	0.1610	4.3430	-1092.887102	
Sotub07g022190.1.1	Sotub02g019390.1.1	4.0156	171.0	570.0	0.0838	0.3798	4.5335	-1747.790596	
Sotub07g022190.1.1	Sotub12g006890.1.1	1.6172	198.8	572.2	0.1207	0.1873	1.5519	-1638.128302	
Sotub07g022190.1.1	Sotub12g006890.1.1	1.6172	198.8	572.2	0.1207	0.1873	1.5519	-1638.128302	
Sotub07g022210.1.1	Sotub12g006880.1.1	0.8236	499.4	1519.6	0.1580	0.1184	0.7495	-4046.897488	
Sotub07g022210.1.1	Sotub12g006880.1.1	0.8236	499.4	1519.6	0.1580	0.1184	0.7495	-4046.897488	
Sotub07g022220.1.1	Sotub02g019360.1.1	2.2271	474.6	1523.4	0.1063	0.2477	2.3303	-4475.008801	
Sotub07g022230.1.1	Sotub02g019270.1.1	5.3996	247.9	820.1	0.1154	0.6474	5.6122	-2683.587236	
Sotub07g022270.1.1	Sotub12g006870.1.1	1.2390	266.2	858.8	0.1132	0.1448	1.2785	-2292.452130	
Sotub07g022290.1.1	Sotub02g018900.1.1	13.5435	201.9	707.1	0.0438	0.7718	17.6217	-2337.947555	
Sotub07g022290.1.1	Sotub12g007020.1.1	7.3613	223.4	796.6	0.0788	0.6893	8.7469	-2601.981849	
Sotub07g022310.1.1	Sotub02g018890.1.1	1.4013	266.5	837.5	0.0341	0.0596	1.7476	-2098.651747	
Sotub07g022350.1.1	Sotub10g008400.1.1	0.5720	145.0	398.0	0.0010	0.0007	0.7120	-882.486964	
Sotub07g022350.1.1	Sotub12g006850.1.1	0.5149	137.9	405.1	0.0076	0.0050	0.6608	-892.937302	
Sotub07g022380.1.1	Sotub02g018770.1.1	50.0000	90.5	341.5	0.0085	0.6548	77.0944	-1082.450190	
Sotub07g022390.1.1	Sotub02g018760.1.1	2.4595	136.7	460.3	0.0329	0.1060	3.2234	-1176.257711	
Sotub07g022390.1.1	Sotub12g006990.1.1	4.9041	143.5	453.5	0.0189	0.1212	6.4155	-1211.690741	
Sotub07g022400.1.1	Sotub02g018720.1.1	2.9502	543.7	1907.3	0.0390	0.1523	3.8990	-5114.807006	
Sotub07g022400.1.1	Sotub10g008360.1.1	0.5791	569.2	1881.8	0.0896	0.0575	0.6412	-4388.535079	
Sotub07g022410.1.1	Sotub10g008350.1.1	50.0000	278.5	1053.5	0.0085	0.6576	77.2160	-3315.516013	
Sotub07g022450.1.1	Sotub10g008290.1.1	2.1384	316.9	1033.1	0.1131	0.2509	2.2187	-2979.817679	
Sotub07g022930.1.1	Sotub12g006670.1.1	0.6302	80.4	264.6	0.1393	0.0861	0.6182	-632.165026	
Sotub07g023110.1.1	Sotub12g006650.1.1	0.6608	344.7	951.3	0.0837	0.0563	0.6727	-2378.061985	
Sotub07g023250.1.1	Sotub12g006630.1.1	1.0369	189.8	740.2	0.1898	0.1847	0.9732	-1942.809379	
Sotub07g023260.1.1	Sotub12g006610.1.1	1.0976	189.6	638.4	0.0928	0.1130	1.2172	-1636.017080	
Sotub07g023490.1.1	Sotub12g006510.1.1	0.9435	477.9	1529.1	0.1708	0.1459	0.8541	-4037.706224	
Sotub07g023510.1.1	Sotub12g006520.1.1	0.4761	141.1	437.9	0.1199	0.0569	0.4745	-1039.448291	
Sotub07g023520.1.1	Sotub12g006530.1.1	0.7285	354.5	1139.5	0.1039	0.0797	0.7671	-2814.243339	
Sotub07g023640.1.1	Sotub12g006610.1.1	1.5185	187.4	628.6	0.0955	0.1594	1.6692	-1719.316272	
Sotub07g023830.1.1	Sotub02g021560.1.1	50.0000	70.0	287.0	0.0026	0.2223	84.1122	-773.422929	
Sotub07g023840.1.1	Sotub02g021550.1.1	3.6752	548.7	1965.3	0.1429	0.5304	3.7129	-6045.917958	
Sotub07g023850.1.1	Sotub02g021480.1.1	4.7637	149.3	384.7	0.0495	0.2491	5.0366	-1188.445658	
Sotub07g024020.1.1	Sotub10g007190.1.1	1.0703	148.5	361.5	0.2267	0.1790	0.7895	-1066.650759	
Sotub07g024020.1.1	Sotub12g005610.1.1	0.8869	143.0	361.0	0.2869	0.1734	0.6043	-1038.245119	
Sotub07g024090.1.1	Sotub12g005580.1.1	0.5115	284.6	900.4	0.1391	0.0686	0.4928	-2150.364584	
Sotub07g024110.1.1	Sotub10g007250.1.1	0.9418	172.5	541.5	0.2103	0.1646	0.7827	-1472.131241	
Sotub07g024110.1.1	Sotub12g005570.1.1	1.1606	163.7	550.3	0.1514	0.1693	1.1182	-1474.259797	
Sotub07g024120.1.1	Sotub12g005560.1.1	1.2627	374.7	1344.3	0.2669	0.2633	0.9864	-3662.735691	
Sotub07g024180.1.1	Sotub10g007260.1.1	0.7508	267.0	765.0	0.2113	0.1273	0.6025	-2006.079687
Sotub07g024200.1.1	Sotub10g007280.1.1	1.7964	85.5	391.5	0.2433	0.3845	1.5802	-1066.210584	
Sotub07g024200.1.1	Sotub12g005520.1.1	1.4568	98.2	384.8	0.3477	0.3516	1.0110	-1072.410741	
Sotub07g024490.1.1	Sotub12g005400.1.1	1.7039	390.5	1433.5	0.1801	0.2877	1.5969	-4008.727945	
Sotub07g024510.1.1	Sotub12g005360.1.1	1.2940	370.6	1126.4	0.4343	0.3262	0.7510	-3357.754290
Sotub07g024520.1.1	Sotub07g021770.1.1	2.6730	166.5	622.5	0.0759	0.2497	3.2895	-1734.964139	
Sotub07g024540.1.1	Sotub12g005320.1.1	0.8003	445.7	1273.3	0.2165	0.1376	0.6356	-3413.620803	
Sotub07g024550.1.1	Sotub12g005280.1.1	1.9180	150.8	542.2	0.2085	0.3501	1.6792	-1617.784165	
Sotub07g024570.1.1	Sotub12g005240.1.1	1.1294	194.0	781.0	0.2443	0.2331	0.9538	-2041.507724	
Sotub07g024580.1.1	Sotub12g005230.1.1	0.7188	291.0	732.0	0.0864	0.0598	0.6919	-1896.659552	
Sotub07g024600.1.1	Sotub12g005180.1.1	4.2320	150.0	567.0	0.1306	0.5894	4.5147	-1780.152506	
Sotub07g024610.1.1	Sotub07g021970.1.1	1.8286	408.4	1175.6	0.1804	0.2808	1.5560	-3571.156201	
Sotub07g024650.1.1	Sotub10g008040.1.1	0.5961	179.1	657.9	0.1476	0.0889	0.6023	-1574.832016	
Sotub07g024660.1.1	Sotub10g007950.1.1	1.4604	305.2	1062.8	0.2560	0.2953	1.1535	-3054.296190	
Sotub07g024670.1.1	Sotub10g007940.1.1	0.3797	104.9	324.1	0.0061	0.0031	0.5083	-682.716391	
Sotub07g024680.1.1	Sotub10g007930.1.1	2.0688	106.0	344.0	0.1384	0.2796	2.0200	-991.867866	
Sotub07g024680.1.1	Sotub12g005150.1.1	1.9043	101.0	346.0	0.1760	0.3085	1.7527	-999.926619	
Sotub07g024710.1.1	Sotub07g022100.1.1	1.4822	676.2	2209.8	0.0449	0.0826	1.8387	-5641.199114	
Sotub07g024710.1.1	Sotub10g007910.1.1	0.5396	713.0	2176.0	0.1216	0.0646	0.5315	-5268.461874	
Sotub07g024710.1.1	Sotub12g005140.1.1	0.5679	700.8	2188.2	0.0989	0.0590	0.5963	-5254.941814	
Sotub07g024870.1.1	Sotub12g005130.1.1	0.8988	94.8	427.2	0.1530	0.1494	0.9768	-1035.007916	
Sotub07g024880.1.1	Sotub10g007870.1.1	0.9863	360.0	1287.0	0.1550	0.1500	0.9678	-3302.354589	
Sotub07g024880.1.1	Sotub12g005120.1.1	0.9804	365.0	1306.0	0.1670	0.1564	0.9367	-3361.267897	
Sotub07g024920.1.1	Sotub10g007840.1.1	2.3814	185.8	693.2	0.2737	0.5086	1.8580	-2125.459799	
Sotub07g024950.1.1	Sotub12g005090.1.1	50.0000	97.6	337.4	0.0040	0.2937	73.3004	-969.722499	
Sotub07g024990.1.1	Sotub12g005040.1.1	1.5616	195.7	623.3	0.1586	0.2295	1.4472	-1780.657181	
Sotub07g025020.1.1	Sotub10g007750.1.1	1.3138	242.6	750.4	0.2329	0.2427	1.0418	-2157.922517	
Sotub07g025080.1.1	Sotub10g007720.1.1	34.8052	220.7	805.3	0.0080	0.4176	52.4089	-2432.779734	
Sotub07g025080.1.1	Sotub12g005020.1.1	0.9746	216.8	794.2	0.1604	0.1531	0.9541	-2037.379657	
Sotub07g025120.1.1	Sotub12g005000.1.1	0.5579	116.3	366.7	0.0736	0.0461	0.6272	-858.351667	
Sotub07g025140.1.1	Sotub12g005030.1.1	8.5062	219.2	800.8	0.0882	0.8803	9.9777	-2626.407612	
Sotub07g025660.1.1	Sotub12g006340.1.1	0.7301	191.3	726.7	0.1412	0.1073	0.7601	-1768.200413	
Sotub07g025670.1.1	Sotub12g006350.1.1	0.6353	464.0	1402.0	0.1113	0.0709	0.6373	-3416.265551	
Sotub07g025960.1.1	Sotub12g012730.1.1	0.8504	171.0	543.0	0.1583	0.1247	0.7875	-1391.406310	
Sotub07g025960.1.1	Sotub12g012730.1.1	0.8504	171.0	543.0	0.1583	0.1247	0.7875	-1391.406310	
Sotub07g026000.1.1	Sotub12g012760.1.1	1.3045	119.9	375.1	0.2481	0.2507	1.0107	-1063.890746	
Sotub07g026000.1.1	Sotub12g012760.1.1	1.3045	119.9	375.1	0.2481	0.2507	1.0107	-1063.890746	
Sotub07g026020.1.1	Sotub12g012800.1.1	0.9149	247.4	814.6	0.3352	0.2086	0.6223	-2205.629807	
Sotub07g026020.1.1	Sotub12g012800.1.1	0.9149	247.4	814.6	0.3352	0.2086	0.6223	-2205.629807	
Sotub07g026210.1.1	Sotub01g036070.1.1	5.1803	529.1	1909.9	0.1093	0.6237	5.7081	-6112.754483	
Sotub07g026210.1.1	Sotub06g015310.1.1	0.9033	535.7	1978.3	0.4035	0.2290	0.5675	-5269.917599	
Sotub07g026210.1.1	Sotub06g015310.1.1	0.9033	535.7	1978.3	0.4035	0.2290	0.5675	-5269.917599	
Sotub07g026210.1.1	Sotub12g012670.1.1	0.9033	535.7	1978.3	0.4035	0.2290	0.5675	-5269.917599	
Sotub07g026210.1.1	Sotub12g012670.1.1	0.9033	535.7	1978.3	0.4035	0.2290	0.5675	-5269.917599	
Sotub07g026240.1.1	Sotub06g015290.1.1	0.7199	422.3	1401.7	0.1443	0.1011	0.7008	-3467.859245	
Sotub07g026240.1.1	Sotub06g015290.1.1	0.7199	422.3	1401.7	0.1443	0.1011	0.7008	-3467.859245	
Sotub07g026240.1.1	Sotub12g012650.1.1	0.7199	422.3	1401.7	0.1443	0.1011	0.7008	-3467.859245	
Sotub07g026240.1.1	Sotub12g012650.1.1	0.7199	422.3	1401.7	0.1443	0.1011	0.7008	-3467.859245	
Sotub07g026350.1.1	Sotub02g022970.1.1	1.9854	165.2	569.8	0.0566	0.1395	2.4627	-1518.361658	
Sotub07g026370.1.1	Sotub01g036040.1.1	50.0000	234.6	740.4	0.0117	0.7791	66.8053	-2518.857969	
Sotub07g026370.1.1	Sotub02g022520.1.1	50.0000	249.4	803.6	0.0135	0.9075	67.4358	-2754.991092	
Sotub07g026370.1.1	Sotub06g015240.1.1	6.1847	234.2	824.8	0.1399	0.8736	6.2460	-2756.814662	
Sotub07g026370.1.1	Sotub06g015240.1.1	6.1847	234.2	824.8	0.1399	0.8736	6.2460	-2756.814662	
Sotub07g026370.1.1	Sotub09g013390.1.1	50.0000	246.0	813.0	0.0118	0.8162	69.0578	-2748.989839	
Sotub07g026370.1.1	Sotub12g012600.1.1	6.1847	234.2	824.8	0.1399	0.8736	6.2460	-2756.814662	
Sotub07g026370.1.1	Sotub12g012600.1.1	6.1847	234.2	824.8	0.1399	0.8736	6.2460	-2756.814662	
Sotub07g026380.1.1	Sotub09g013410.1.1	50.0000	263.1	876.9	0.0171	1.1663	68.3182	-2983.685343	
Sotub07g026480.1.1	Sotub06g015220.1.1	1.1541	98.8	345.2	0.0863	0.1147	1.3285	-847.410429	
Sotub07g026480.1.1	Sotub06g015220.1.1	1.1541	98.8	345.2	0.0863	0.1147	1.3285	-847.410429	
Sotub07g026480.1.1	Sotub12g012570.1.1	1.1541	98.8	345.2	0.0863	0.1147	1.3285	-847.410429	
Sotub07g026480.1.1	Sotub12g012570.1.1	1.1541	98.8	345.2	0.0863	0.1147	1.3285	-847.410429	
Sotub07g026500.1.1	Sotub02g022780.1.1	3.2071	153.6	545.4	0.2261	0.6100	2.6982	-1717.540268	
Sotub07g026710.1.1	Sotub02g022220.1.1	3.7092	197.3	561.7	0.0485	0.2027	4.1797	-1658.634189	
Sotub07g026710.1.1	Sotub07g020330.1.1	2.4532	190.6	577.4	0.0909	0.2348	2.5833	-1693.079317	
Sotub07g026740.1.1	Sotub12g006240.1.1	0.5067	197.3	555.7	0.0374	0.0218	0.5833	-1279.497435	
Sotub07g026740.1.1	Sotub12g006240.1.1	0.5067	197.3	555.7	0.0374	0.0218	0.5833	-1279.497435	
Sotub07g026750.1.1	Sotub02g022040.1.1	7.4611	173.0	571.0	0.1616	1.1272	6.9739	-1916.564209	
Sotub07g026750.1.1	Sotub02g022040.1.1	7.4611	173.0	571.0	0.1616	1.1272	6.9739	-1916.564209	
Sotub07g026790.1.1	Sotub02g021980.1.1	7.1447	214.3	613.7	0.0528	0.4224	7.9926	-1981.994942	
Sotub07g026790.1.1	Sotub02g021980.1.1	7.1447	214.3	613.7	0.0528	0.4224	7.9926	-1981.994942	
Sotub07g026790.1.1	Sotub03g007710.1.1	4.2268	203.3	624.7	0.0991	0.4358	4.3997	-1990.825552	
Sotub07g026800.1.1	Sotub03g007700.1.1	3.6263	328.5	1006.5	0.2092	0.6263	2.9935	-3305.155061	
Sotub07g026830.1.1	Sotub02g021830.1.1	7.0574	94.3	244.7	0.0323	0.2516	7.8005	-741.522873	
Sotub07g026830.1.1	Sotub02g021830.1.1	7.0574	94.3	244.7	0.0323	0.2516	7.8005	-741.522873	
Sotub07g026870.1.1	Sotub02g021790.1.1	2.1212	211.8	658.2	0.2118	0.3710	1.7512	-2034.499300	
Sotub07g026870.1.1	Sotub02g021790.1.1	2.1212	211.8	658.2	0.2118	0.3710	1.7512	-2034.499300	
Sotub07g026880.1.1	Sotub03g007600.1.1	9.1240	206.3	729.7	0.0641	0.7211	11.2461	-2397.182227	
Sotub07g026930.1.1	Sotub12g006050.1.1	50.0000	134.9	627.1	0.0059	0.5423	91.6251	-1865.230678	
Sotub07g026930.1.1	Sotub12g006050.1.1	50.0000	134.9	627.1	0.0059	0.5423	91.6251	-1865.230678	
Sotub07g027360.1.1	Sotub02g015030.1.1	50.0000	279.0	1038.0	0.0144	1.0748	74.6765	-3387.649760	
Sotub07g027900.1.1	Sotub11g014760.1.1	50.0000	225.4	743.6	0.0046	0.3252	70.5860	-2274.178878	
Sotub07g027990.1.1	Sotub12g013560.1.1	0.7288	103.1	325.9	0.0429	0.0382	0.8901	-729.220349	
Sotub07g027990.1.1	Sotub12g013560.1.1	0.7288	103.1	325.9	0.0429	0.0382	0.8901	-729.220349	
Sotub07g028000.1.1	Sotub12g013550.1.1	0.6933	144.3	488.7	0.0218	0.0206	0.9444	-1070.411017	
Sotub07g028000.1.1	Sotub12g013550.1.1	0.6933	144.3	488.7	0.0218	0.0206	0.9444	-1070.411017	
Sotub07g028010.1.1	Sotub12g013510.1.1	1.3926	199.9	763.1	0.1235	0.1877	1.5198	-2026.280471	
Sotub07g028030.1.1	Sotub12g013520.1.1	1.0748	453.4	1346.6	0.1076	0.1160	1.0779	-3544.126675	
Sotub07g028040.1.1	Sotub11g014910.1.1	50.0000	226.6	595.4	0.0139	0.8092	58.3225	-2096.328710	
Sotub07g028050.1.1	Sotub11g014920.1.1	50.0000	131.1	360.9	0.0058	0.3548	61.5636	-1167.917299	
Sotub07g028090.1.1	Sotub02g036530.1.1	50.0000	296.4	1029.6	0.0098	0.7047	72.1102	-3365.143735	
Sotub07g028110.1.1	Sotub02g036510.1.1	5.2513	300.6	956.4	0.0302	0.2016	6.6784	-2764.561424	
Sotub07g028130.1.1	Sotub02g036520.1.1	7.4113	222.4	713.6	0.0507	0.4531	8.9448	-2216.689467	
Sotub07g028170.1.1	Sotub12g013440.1.1	0.6324	128.3	378.7	0.1253	0.0762	0.6082	-930.989811	
Sotub07g028170.1.1	Sotub12g013440.1.1	0.6324	128.3	378.7	0.1253	0.0762	0.6082	-930.989811	
Sotub07g028180.1.1	Sotub02g036390.1.1	1.9872	150.6	581.4	0.3148	0.4575	1.4531	-1691.507479	
Sotub07g028290.1.1	Sotub02g036310.1.1	50.0000	223.3	838.7	0.0101	0.7722	76.3669	-2740.069893	
Sotub07g028290.1.1	Sotub12g018490.1.1	50.0000	229.1	820.9	0.0106	0.7797	73.5984	-2691.068062	
Sotub07g028350.1.1	Sotub12g013390.1.1	2.2042	138.1	323.9	0.1907	0.3239	1.6988	-1047.170472	
Sotub07g028590.1.1	Sotub07g018050.1.1	3.5586	110.2	438.8	0.0607	0.2891	4.7599	-1238.846736	
Sotub07g028610.1.1	Sotub07g018060.1.1	2.8568	318.0	948.0	0.0988	0.2894	2.9280	-2899.534507	
Sotub07g028620.1.1	Sotub07g018070.1.1	3.7488	125.6	402.4	0.2076	0.6549	3.1546	-1332.436399	
Sotub07g028620.1.1	Sotub07g018070.1.1	3.7488	125.6	402.4	0.2076	0.6549	3.1546	-1332.436399	
Sotub07g028620.1.1	Sotub12g013320.1.1	0.7161	140.9	390.1	0.1723	0.1049	0.6090	-1018.110286	
Sotub07g028630.1.1	Sotub07g018100.1.1	3.0135	182.5	681.5	0.0571	0.2240	3.9201	-1852.157103	
Sotub07g028690.1.1	Sotub10g005530.1.1	0.4559	136.4	520.6	0.0590	0.0353	0.5975	-1123.419281	
Sotub07g028700.1.1	Sotub12g013250.1.1	0.7937	166.4	694.6	0.0953	0.0933	0.9793	-1578.646796	
Sotub07g028730.1.1	Sotub12g013230.1.1	0.9900	299.4	915.6	0.2663	0.1966	0.7380	-2547.572089	
Sotub07g028760.1.1	Sotub12g019030.1.1	4.5034	143.4	609.6	0.2916	1.0263	3.5194	-1962.958027	
Sotub07g028780.1.1	Sotub11g006910.1.1	9.8787	238.2	754.8	0.0461	0.5522	11.9778	-2416.512926	
Sotub07g028800.1.1	Sotub12g013220.1.1	0.7997	318.8	929.2	0.1218	0.0938	0.7702	-2395.234929	
Sotub07g028810.1.1	Sotub10g005500.1.1	0.7258	402.1	1124.9	0.3034	0.1508	0.4969	-3012.964543	
Sotub07g028820.1.1	Sotub12g013210.1.1	0.5849	152.5	468.5	0.1886	0.0948	0.5026	-1168.841555	
Sotub07g028850.1.1	Sotub12g013200.1.1	0.9883	518.6	1698.4	0.3615	0.2331	0.6448	-4685.897106	
Sotub07g028860.1.1	Sotub12g013160.1.1	0.8923	195.2	605.8	0.0523	0.0549	1.0501	-1495.205191	
Sotub07g028880.1.1	Sotub12g013150.1.1	0.5823	413.2	1278.8	0.1767	0.0908	0.5138	-3110.964937	
Sotub07g028920.1.1	Sotub12g013130.1.1	0.6738	213.1	668.9	0.2788	0.1382	0.4957	-1706.101583	
Sotub07g028940.1.1	Sotub10g005490.1.1	0.7360	385.9	1234.1	0.1270	0.0930	0.7324	-3065.313552	
Sotub07g028940.1.1	Sotub11g007230.1.1	1.9315	376.9	1246.1	0.0725	0.1621	2.2363	-3381.443391	
Sotub07g028940.1.1	Sotub12g013120.1.1	0.5516	383.0	1243.0	0.1228	0.0685	0.5582	-2942.970477	
Sotub07g028950.1.1	Sotub10g005480.1.1	0.9308	303.7	908.3	0.1607	0.1344	0.8362	-2440.057205	
Sotub07g028950.1.1	Sotub11g007250.1.1	3.8661	289.4	919.6	0.0822	0.3508	4.2690	-2831.909411	
Sotub07g028950.1.1	Sotub12g013110.1.1	1.0269	304.2	907.8	0.2000	0.1708	0.8540	-2513.776219	
Sotub07g028960.1.1	Sotub10g005470.1.1	1.4995	122.6	327.4	0.1226	0.1694	1.3822	-943.763719	
Sotub07g029040.1.1	Sotub12g013010.1.1	0.5123	283.8	802.2	0.1164	0.0572	0.4917	-1919.225142	
Sotub07g029140.1.1	Sotub12g012960.1.1	0.5165	185.0	598.0	0.1240	0.0645	0.5201	-1409.251691	
Sotub07g029160.1.1	Sotub10g005300.1.1	1.6297	61.8	301.2	0.1071	0.2245	2.0956	-720.932092	
Sotub07g029220.1.1	Sotub12g012910.1.1	0.6618	175.9	706.1	0.0774	0.0653	0.8442	-1582.307877	
Sotub07g029230.1.1	Sotub10g005280.1.1	1.1985	145.7	376.3	0.3298	0.2549	0.7729	-1132.597855	
Sotub07g029250.1.1	Sotub12g012890.1.1	0.8932	429.0	1335.0	0.2677	0.1788	0.6679	-3618.049868	
Sotub07g029270.1.1	Sotub12g012850.1.1	1.5365	218.0	652.0	0.3591	0.3539	0.9856	-1985.215995	
Sotub07g029310.1.1	Sotub10g005250.1.1	0.7472	300.6	962.4	0.1649	0.1130	0.6850	-2454.364582	
Sotub08g005820.1.1	Sotub12g024720.1.1	0.5159	348.7	1034.3	0.0932	0.0498	0.5344	-2453.763395	
Sotub08g005820.1.1	Sotub12g024720.1.1	0.5159	348.7	1034.3	0.0932	0.0498	0.5344	-2453.763395	
Sotub08g005830.1.1	Sotub12g024700.1.1	0.6180	466.9	1330.1	0.1743	0.0923	0.5298	-3366.606782	
Sotub08g005830.1.1	Sotub12g024700.1.1	0.6180	466.9	1330.1	0.1743	0.0923	0.5298	-3366.606782	
Sotub08g005850.1.1	Sotub12g024690.1.1	2.0384	120.6	410.4	0.1733	0.3261	1.8813	-1197.532207	
Sotub08g005850.1.1	Sotub12g024690.1.1	2.0384	120.6	410.4	0.1733	0.3261	1.8813	-1197.532207	
Sotub08g005930.1.1	Sotub12g024680.1.1	0.7207	352.5	1021.5	0.1784	0.1101	0.6173	-2653.806486	
Sotub08g006010.1.1	Sotub06g020990.1.1	0.6097	325.8	1063.2	0.2828	0.1274	0.4506	-2685.737714	
Sotub08g006040.1.1	Sotub06g021020.1.1	0.6928	149.9	477.1	0.1931	0.1155	0.5983	-1189.415007	
Sotub08g006080.1.1	Sotub06g021120.1.1	1.6701	206.2	588.8	0.1487	0.2240	1.5066	-1739.885906	
Sotub08g006170.1.1	Sotub01g028320.1.1	2.1675	390.0	1173.0	0.0735	0.1743	2.3714	-3314.153477	
Sotub08g006190.1.1	Sotub06g021210.1.1	0.5897	114.4	341.6	0.0893	0.0553	0.6188	-817.966724	
Sotub08g006250.1.1	Sotub06g021240.1.1	1.0534	319.0	1079.0	0.1681	0.1649	0.9810	-2831.389558	
Sotub08g006280.1.1	Sotub06g021310.1.1	0.4053	306.2	947.8	0.0392	0.0194	0.4933	-2096.491708	
Sotub08g007140.1.1	Sotub08g017360.1.1	0.4587	167.2	567.8	0.0110	0.0072	0.6480	-1219.678394	
Sotub08g007140.1.1	Sotub12g028650.1.1	0.5858	160.0	587.0	0.0252	0.0211	0.8343	-1287.950436	
Sotub08g007200.1.1	Sotub12g028660.1.1	0.9150	132.1	524.9	0.1341	0.1327	0.9897	-1270.649946	
Sotub08g007230.1.1	Sotub08g017260.1.1	1.2375	242.8	801.2	0.2044	0.2165	1.0593	-2263.052438	
Sotub08g007240.1.1	Sotub12g028670.1.1	0.7665	129.6	419.4	0.0808	0.0693	0.8582	-1006.919473	
Sotub08g007490.1.1	Sotub12g028700.1.1	2.9673	128.8	375.2	0.1745	0.4477	2.5660	-1228.328653	
Sotub08g007680.1.1	Sotub08g017080.1.1	0.9550	354.3	1190.7	0.3274	0.2164	0.6610	-3249.403425	
Sotub08g007680.1.1	Sotub12g028760.1.1	1.0271	364.2	1180.8	0.3243	0.2296	0.7081	-3275.645854	
Sotub08g007690.1.1	Sotub12g028790.1.1	1.0145	158.9	624.1	0.1773	0.1742	0.9822	-1573.688346	
Sotub08g007760.1.1	Sotub12g028840.1.1	1.3267	108.7	374.3	0.1488	0.1934	1.2993	-1020.172504	
Sotub08g008210.1.1	Sotub10g012800.1.1	20.6509	146.8	534.2	0.0284	0.8213	28.9425	-1737.724030	
Sotub08g008500.1.1	Sotub12g028470.1.1	1.1353	182.6	672.4	0.1890	0.1975	1.0447	-1793.022276	
Sotub08g008530.1.1	Sotub12g028430.1.1	0.7198	212.4	639.6	0.1878	0.1155	0.6147	-1663.435907	
Sotub08g008550.1.1	Sotub12g028410.1.1	0.5458	192.0	576.0	0.1431	0.0729	0.5091	-1394.181323	
Sotub08g008700.1.1	Sotub06g022710.1.1	2.7306	139.5	517.5	0.1297	0.3755	2.8948	-1512.526644	
Sotub08g008720.1.1	Sotub06g022720.1.1	0.9476	85.4	418.6	0.1398	0.1547	1.1064	-1003.348507	
Sotub08g009210.1.1	Sotub11g018290.1.1	0.1345	156.4	440.6	0.4054	0.0324	0.0799	-924.443830	
Sotub08g009220.1.1	Sotub11g018280.1.1	0.3806	150.4	494.6	0.6394	0.1121	0.1754	-1159.349052	
Sotub08g009250.1.1	Sotub08g008980.1.1	0.0575	295.5	928.5	2.0629	0.0219	0.0106	-1763.306704	
Sotub08g009290.1.1	Sotub01g033560.1.1	4.0474	93.9	533.1	0.3124	1.0146	3.2478	-1554.346237	
Sotub08g009290.1.1	Sotub01g033560.1.1	4.0474	93.9	533.1	0.3124	1.0146	3.2478	-1554.346237	
Sotub08g009290.1.1	Sotub03g012910.1.1	6.6628	103.6	520.4	0.0906	0.8331	9.1909	-1542.421659	
Sotub08g009300.1.1	Sotub03g012940.1.1	4.6134	474.7	1565.3	0.0870	0.4468	5.1350	-4921.146526	
Sotub08g009300.1.1	Sotub06g015960.1.1	3.2391	465.1	1523.9	0.1531	0.4707	3.0753	-4797.503137	
Sotub08g009360.1.1	Sotub08g008820.1.1	8.1779	549.1	1814.9	0.0740	0.6978	9.4292	-6009.790064	
Sotub08g009400.1.1	Sotub01g033510.1.1	2.2729	398.5	1263.5	0.1114	0.2602	2.3351	-3740.965486	
Sotub08g009400.1.1	Sotub01g033510.1.1	2.2729	398.5	1263.5	0.1114	0.2602	2.3351	-3740.965486	
Sotub08g009430.1.1	Sotub03g013280.1.1	3.8156	69.1	278.9	0.0595	0.3073	5.1672	-774.143393	
Sotub08g009430.1.1	Sotub06g016090.1.1	50.0000	77.6	270.4	0.0047	0.3471	73.5192	-789.843478	
Sotub08g009430.1.1	Sotub12g024400.1.1	50.0000	74.9	273.1	0.0047	0.3593	76.1198	-796.813618	
Sotub08g009510.1.1	Sotub01g033190.1.1	2.2008	404.0	1327.0	0.0827	0.2044	2.4719	-3719.481063	
Sotub08g009530.1.1	Sotub01g033080.1.1	29.4474	118.5	394.5	0.0161	0.6482	40.3348	-1273.330428	
Sotub08g009530.1.1	Sotub03g013650.1.1	3.8177	116.3	381.7	0.2315	0.7168	3.0961	-1239.507759	
Sotub08g009560.1.1	Sotub12g024230.1.1	1.2707	435.0	1617.0	0.2884	0.2781	0.9644	-4406.854636	
Sotub08g009560.1.1	Sotub12g024230.1.1	1.2707	435.0	1617.0	0.2884	0.2781	0.9644	-4406.854636	
Sotub08g009580.1.1	Sotub01g033000.1.1	4.1361	448.5	1465.5	0.0784	0.3670	4.6842	-4488.292344	
Sotub08g009600.1.1	Sotub01g032940.1.1	2.3160	117.7	305.3	0.0127	0.0340	2.6851	-769.029244	
Sotub08g009600.1.1	Sotub03g013730.1.1	1.6429	105.2	317.8	0.0105	0.0224	2.1343	-755.006307	
Sotub08g009600.1.1	Sotub03g013730.1.1	1.6429	105.2	317.8	0.0105	0.0224	2.1343	-755.006307	
Sotub08g009600.1.1	Sotub05g022520.1.1	8.9106	83.0	340.0	0.0010	0.0151	15.0753	-744.074558	
Sotub08g009600.1.1	Sotub05g022520.1.1	8.9106	83.0	340.0	0.0010	0.0151	15.0753	-744.074558	
Sotub08g009600.1.1	Sotub10g009940.1.1	2.6381	110.4	312.6	0.0080	0.0264	3.2937	-757.570418	
Sotub08g009600.1.1	Sotub12g024200.1.1	0.5452	111.6	311.4	0.0253	0.0163	0.6436	-719.574031	
Sotub08g009600.1.1	Sotub12g024200.1.1	0.5452	111.6	311.4	0.0253	0.0163	0.6436	-719.574031	
Sotub08g009600.1.1	Sotub12g024200.1.1	0.5452	111.6	311.4	0.0253	0.0163	0.6436	-719.574031	
Sotub08g009610.1.1	Sotub12g024170.1.1	0.6076	133.4	394.6	0.3066	0.1289	0.4204	-1018.207404	
Sotub08g009610.1.1	Sotub12g024170.1.1	0.6076	133.4	394.6	0.3066	0.1289	0.4204	-1018.207404	
Sotub08g009610.1.1	Sotub12g024170.1.1	0.6076	133.4	394.6	0.3066	0.1289	0.4204	-1018.207404	
Sotub08g009630.1.1	Sotub12g024120.1.1	4.2807	348.5	914.5	0.0284	0.1366	4.8133	-2612.155220	
Sotub08g009630.1.1	Sotub12g024120.1.1	4.2807	348.5	914.5	0.0284	0.1366	4.8133	-2612.155220	
Sotub08g009630.1.1	Sotub12g024120.1.1	4.2807	348.5	914.5	0.0284	0.1366	4.8133	-2612.155220	
Sotub08g009670.1.1	Sotub08g016790.1.1	50.0000	207.2	668.8	0.0107	0.7292	68.1014	-2218.786051	
Sotub08g009690.1.1	Sotub01g032610.1.1	13.9173	131.5	435.5	0.0332	0.5981	18.0178	-1382.150060	
Sotub08g009730.1.1	Sotub01g032520.1.1	4.3607	284.3	1005.7	0.0330	0.1947	5.9065	-2726.395803	
Sotub08g009730.1.1	Sotub12g024100.1.1	1.3816	259.8	1030.2	0.0856	0.1461	1.7075	-2575.121651	
Sotub08g009770.1.1	Sotub03g012220.1.1	50.0000	77.3	243.7	0.0036	0.2450	68.4505	-714.736167	
Sotub08g009820.1.1	Sotub12g024040.1.1	1.1893	203.8	591.2	0.1186	0.1364	1.1509	-1638.629429	
Sotub08g009890.1.1	Sotub12g023880.1.1	0.8832	97.3	487.7	0.2826	0.2070	0.7324	-1164.289999	
Sotub08g010390.1.1	Sotub12g014400.1.1	3.1933	227.0	901.0	0.0997	0.3779	3.7892	-2602.944823	
Sotub08g010390.1.1	Sotub12g029070.1.1	5.4522	225.0	912.0	0.0446	0.3469	7.7784	-2586.591636	
Sotub08g010420.1.1	Sotub12g029000.1.1	0.5930	396.1	1190.9	0.1942	0.0971	0.5000	-2968.037383	
Sotub08g010430.1.1	Sotub12g028990.1.1	0.7899	326.6	999.4	0.1795	0.1238	0.6901	-2593.826526	
Sotub08g010500.1.1	Sotub12g014570.1.1	1.1923	274.5	943.5	0.2023	0.2104	1.0402	-2603.904164	
Sotub08g010500.1.1	Sotub12g028970.1.1	1.2800	271.7	931.3	0.2548	0.2570	1.0084	-2635.097754	
Sotub08g010510.1.1	Sotub12g028930.1.1	0.8812	157.8	532.2	0.2338	0.1679	0.7181	-1421.705453	
Sotub08g010530.1.1	Sotub12g028920.1.1	0.6337	605.2	1590.8	0.2497	0.1156	0.4627	-4232.156990	
Sotub08g012260.1.1	Sotub06g025070.1.1	0.9377	337.2	1018.8	0.4448	0.2385	0.5362	-2828.714276	
Sotub08g012340.1.1	Sotub06g025110.1.1	0.7888	78.4	227.6	0.2124	0.1348	0.6349	-599.873028	
Sotub08g012370.1.1	Sotub06g025130.1.1	1.0945	236.1	795.9	0.1377	0.1499	1.0891	-2084.664221	
Sotub08g012400.1.1	Sotub06g025140.1.1	13.8812	279.5	1046.5	0.0301	0.5932	19.7278	-3278.096927	
Sotub08g012610.1.1	Sotub03g035290.1.1	4.1946	227.3	984.7	0.1419	0.6553	4.6168	-3010.724529	
Sotub08g012610.1.1	Sotub06g021730.1.1	3.4246	218.6	993.4	0.1756	0.6182	3.5199	-2986.167312	
Sotub08g012640.1.1	Sotub03g035250.1.1	50.0000	177.4	575.6	0.0032	0.2233	70.0088	-1593.573455	
Sotub08g012640.1.1	Sotub06g021750.1.1	5.1026	182.1	570.9	0.0474	0.2902	6.1244	-1636.370620	
Sotub08g012700.1.1	Sotub03g035170.1.1	6.1292	111.0	405.0	0.0563	0.4440	7.8796	-1240.626344	
Sotub08g012860.1.1	Sotub06g021850.1.1	1.6341	288.3	911.7	0.0162	0.0350	2.1568	-2175.101368	
Sotub08g012940.1.1	Sotub07g014390.1.1	1.7405	100.7	343.3	0.0788	0.1590	2.0161	-913.401034	
Sotub08g012980.1.1	Sotub07g014420.1.1	3.5499	182.0	553.0	0.0651	0.2597	3.9902	-1625.635318	
Sotub08g013080.1.1	Sotub07g014560.1.1	3.1489	665.2	2289.8	0.1544	0.4701	3.0444	-7077.580034	
Sotub08g013260.1.1	Sotub07g014610.1.1	1.6918	201.7	635.3	0.0564	0.1121	1.9871	-1681.541296	
Sotub08g013270.1.1	Sotub07g014620.1.1	14.8310	150.9	638.1	0.0179	0.4300	24.0303	-1839.861264	
Sotub08g013340.1.1	Sotub07g014630.1.1	2.0782	164.0	550.0	0.1298	0.2727	2.1013	-1568.474033	
Sotub08g013360.1.1	Sotub07g014640.1.1	2.5792	167.0	526.0	0.0136	0.0466	3.4198	-1283.112607	
Sotub08g013500.1.1	Sotub06g012100.1.1	2.6896	252.4	947.6	0.1670	0.4376	2.6200	-2777.594074	
Sotub08g014470.1.1	Sotub07g013770.1.1	6.7717	145.8	562.2	0.1105	0.8495	7.6872	-1809.588822	
Sotub08g014550.1.1	Sotub07g013780.1.1	3.2836	84.3	359.7	0.1496	0.5263	3.5187	-1070.808051	
Sotub08g014560.1.1	Sotub07g013790.1.1	2.0149	429.3	1148.7	0.0689	0.1436	2.0845	-3257.129799	
Sotub08g014960.1.1	Sotub12g028240.1.1	0.5221	301.6	1045.4	0.0980	0.0569	0.5802	-2379.586144	
Sotub08g015000.1.1	Sotub12g028230.1.1	0.5033	190.2	580.8	0.0445	0.0266	0.5988	-1315.713589	
Sotub08g015130.1.1	Sotub11g027310.1.1	0.4566	165.8	476.2	0.0762	0.0369	0.4834	-1059.192211	
Sotub08g015140.1.1	Sotub11g027300.1.1	0.7812	366.3	1154.7	0.2543	0.1526	0.6002	-2980.161128	
Sotub08g015160.1.1	Sotub11g027290.1.1	1.1910	418.2	1315.8	0.3679	0.2807	0.7630	-3798.040800	
Sotub08g015160.1.1	Sotub12g028260.1.1	1.1445	421.4	1318.6	0.3382	0.2588	0.7653	-3741.340346	
Sotub08g015240.1.1	Sotub12g028270.1.1	2.1928	230.2	906.8	0.1041	0.2666	2.5603	-2509.863424	
Sotub08g015420.1.1	Sotub12g028290.1.1	0.6030	332.3	1014.7	0.0770	0.0508	0.6597	-2421.479841	
Sotub08g015450.1.1	Sotub12g028320.1.1	0.8894	198.3	674.7	0.1966	0.1538	0.7821	-1781.040490	
Sotub08g015510.1.1	Sotub06g026480.1.1	5.6605	149.7	507.3	0.0475	0.3387	7.1340	-1496.112421	
Sotub08g015540.1.1	Sotub04g026420.1.1	50.0000	75.9	278.1	0.0098	0.7379	75.0682	-900.868096	
Sotub08g015580.1.1	Sotub12g009430.1.1	4.8098	201.7	653.3	0.0308	0.1902	6.1801	-1827.551590	
Sotub08g015600.1.1	Sotub12g009370.1.1	2.1889	250.5	976.5	0.1064	0.2688	2.5260	-2770.174421	
Sotub08g015640.1.1	Sotub02g017300.1.1	50.0000	230.7	735.3	0.0125	0.8382	67.1059	-2510.905757	
Sotub08g015640.1.1	Sotub06g026650.1.1	50.0000	222.4	743.6	0.0115	0.8029	69.7163	-2496.944289	
Sotub08g015700.1.1	Sotub04g026510.1.1	50.0000	192.6	665.4	0.0083	0.6004	72.1748	-2163.188319	
Sotub08g015700.1.1	Sotub12g009280.1.1	50.0000	194.6	645.4	0.0085	0.5959	69.9571	-2104.716200	
Sotub08g015950.1.1	Sotub02g016920.1.1	50.0000	274.6	814.4	0.0074	0.4787	64.6820	-2675.092446	
Sotub08g015980.1.1	Sotub02g016910.1.1	50.0000	223.0	683.0	0.0048	0.3177	66.7406	-2090.487962	
Sotub08g016050.1.1	Sotub06g027120.1.1	50.0000	324.9	989.1	0.0092	0.6012	65.5826	-3259.100764	
Sotub08g017060.1.1	Sotub08g007270.1.1	32.2115	281.3	918.7	0.0351	1.4426	41.0989	-3178.385413	
Sotub08g017070.1.1	Sotub12g028750.1.1	2.7864	207.8	725.2	0.2858	0.5967	2.0876	-2203.425650	
Sotub08g017080.1.1	Sotub12g028760.1.1	1.0049	372.1	1172.9	0.2959	0.2129	0.7195	-3243.381728	
Sotub08g017110.1.1	Sotub12g028770.1.1	0.8600	164.5	606.5	0.1946	0.1522	0.7822	-1540.164669	
Sotub08g017120.1.1	Sotub12g028780.1.1	0.7241	180.9	590.1	0.1468	0.1021	0.6955	-1473.117017	
Sotub08g017260.1.1	Sotub08g007230.1.1	1.2375	242.8	801.2	0.2044	0.2165	1.0593	-2263.052438	
Sotub08g017360.1.1	Sotub08g007140.1.1	0.4587	167.2	567.8	0.0110	0.0072	0.6480	-1219.678394	
Sotub08g017520.1.1	Sotub08g007130.1.1	0.9262	340.0	956.0	0.4403	0.2315	0.5259	-2651.543920	
Sotub08g017560.1.1	Sotub08g007110.1.1	1.0261	237.9	692.1	0.2821	0.2072	0.7344	-1981.726740	
Sotub08g017620.1.1	Sotub08g007100.1.1	0.9615	153.0	429.0	0.1856	0.1488	0.8019	-1176.773369	
Sotub08g018850.1.1	Sotub11g027540.1.1	0.6239	358.8	991.2	0.1690	0.0901	0.5335	-2525.628475	
Sotub08g018890.1.1	Sotub11g027530.1.1	2.3629	135.9	593.1	0.4988	0.6634	1.3300	-1780.481083	
Sotub08g018930.1.1	Sotub11g027500.1.1	0.6306	275.8	789.2	0.1958	0.1019	0.5203	-2010.897937	
Sotub08g020230.1.1	Sotub12g028570.1.1	1.1734	361.9	1153.1	0.3240	0.2610	0.8056	-3316.832305	
Sotub08g020270.1.1	Sotub09g025770.1.1	3.6832	105.8	437.2	0.1740	0.6379	3.6656	-1321.025693	
Sotub08g020290.1.1	Sotub08g008210.1.1	50.0000	126.6	479.4	0.0064	0.4977	77.9203	-1459.075045	
Sotub08g020290.1.1	Sotub10g012800.1.1	35.1708	109.1	355.9	0.0138	0.6608	47.8270	-1140.538163	
Sotub08g020330.1.1	Sotub12g028540.1.1	1.1609	145.0	443.0	0.1940	0.1911	0.9853	-1226.816819	
Sotub08g020330.1.1	Sotub12g028540.1.1	1.1609	145.0	443.0	0.1940	0.1911	0.9853	-1226.816819	
Sotub08g020340.1.1	Sotub08g008230.1.1	1.0407	203.1	669.9	0.1737	0.1647	0.9481	-1769.921882	
Sotub08g020370.1.1	Sotub12g028530.1.1	0.9585	169.6	526.4	0.1974	0.1605	0.8130	-1429.998599	
Sotub08g020370.1.1	Sotub12g028530.1.1	0.9585	169.6	526.4	0.1974	0.1605	0.8130	-1429.998599	
Sotub08g020410.1.1	Sotub08g008250.1.1	0.8004	306.4	962.6	0.0866	0.0752	0.8688	-2356.532707	
Sotub08g020420.1.1	Sotub09g017470.1.1	4.3646	196.0	716.0	0.2453	0.8758	3.5699	-2344.554195	
Sotub08g020420.1.1	Sotub09g025740.1.1	9.7875	198.6	716.4	0.0817	0.9485	11.6096	-2342.038033	
Sotub08g020440.1.1	Sotub07g017510.1.1	10.8982	151.2	550.8	0.0462	0.6671	14.4376	-1752.803101	
Sotub08g020440.1.1	Sotub09g025730.1.1	50.0000	274.3	1021.7	0.0092	0.6980	76.1541	-3269.348169	
Sotub08g020520.1.1	Sotub08g008310.1.1	0.8092	438.0	1152.0	0.0664	0.0553	0.8337	-2958.681979	
Sotub08g020540.1.1	Sotub12g028510.1.1	0.6864	295.5	787.5	0.3141	0.1434	0.4565	-2114.011456	
Sotub08g020580.1.1	Sotub08g008320.1.1	1.4763	133.9	433.1	0.1879	0.2436	1.2962	-1215.723300	
Sotub08g020630.1.1	Sotub07g017760.1.1	50.0000	150.7	464.3	0.0052	0.3481	66.9372	-1418.069379	
Sotub08g020630.1.1	Sotub09g017460.1.1	10.2946	139.1	439.9	0.0342	0.4411	12.8843	-1376.382469	
Sotub08g020630.1.1	Sotub10g013000.1.1	7.7066	140.6	474.4	0.0574	0.5407	9.4151	-1495.040873	
Sotub08g020710.1.1	Sotub12g028500.1.1	0.5101	141.2	428.8	0.0395	0.0242	0.6128	-979.636199	
Sotub08g020720.1.1	Sotub08g008390.1.1	1.0263	286.9	757.1	0.0838	0.0854	1.0196	-1988.555214	
Sotub08g020910.1.1	Sotub08g008480.1.1	0.6052	329.3	987.7	0.0963	0.0603	0.6261	-2395.785679	
Sotub08g020930.1.1	Sotub08g008490.1.1	0.9583	180.5	557.5	0.1857	0.1541	0.8299	-1522.657164	
Sotub08g020990.1.1	Sotub08g008500.1.1	0.8678	172.6	682.4	0.1410	0.1297	0.9202	-1679.899130	
Sotub08g020990.1.1	Sotub12g028470.1.1	0.8966	174.9	680.1	0.1566	0.1422	0.9078	-1704.632868	
Sotub08g021020.1.1	Sotub08g008530.1.1	0.6669	207.5	575.5	0.1574	0.0919	0.5840	-1475.396365	
Sotub08g021020.1.1	Sotub12g028430.1.1	0.5706	204.9	584.1	0.2107	0.0964	0.4575	-1477.399442	
Sotub08g021030.1.1	Sotub12g028420.1.1	0.4323	157.9	478.1	0.0235	0.0127	0.5420	-1049.386386	
Sotub08g021210.1.1	Sotub06g021300.1.1	0.9728	102.6	329.4	0.2084	0.1705	0.8181	-882.472114	
Sotub08g021250.1.1	Sotub06g021330.1.1	1.6682	101.1	360.9	0.2320	0.3225	1.3902	-1035.685243	
Sotub08g021300.1.1	Sotub06g021350.1.1	1.0092	143.1	408.9	0.1462	0.1338	0.9151	-1118.685635	
Sotub08g021310.1.1	Sotub06g021360.1.1	0.8534	279.5	749.5	0.1520	0.1131	0.7440	-1930.868421	
Sotub08g021610.1.1	Sotub06g028230.1.1	16.0021	203.8	714.2	0.0136	0.3124	22.9333	-2064.794445	
Sotub08g021720.1.1	Sotub03g017770.1.1	3.0260	154.1	580.9	0.0961	0.3393	3.5322	-1691.916230	
Sotub08g021720.1.1	Sotub06g028220.1.1	3.8653	157.1	592.9	0.0805	0.3798	4.7166	-1751.322213	
Sotub08g021760.1.1	Sotub06g028210.1.1	1.9979	195.4	605.6	0.1476	0.2765	1.8731	-1796.582963	
Sotub08g021770.1.1	Sotub03g017760.1.1	2.3342	188.0	529.0	0.0634	0.1597	2.5183	-1474.421301	
Sotub08g021770.1.1	Sotub06g028200.1.1	1.9680	152.7	480.3	0.0794	0.1728	2.1761	-1318.668763	
Sotub08g021810.1.1	Sotub03g017750.1.1	8.7739	99.7	344.3	0.0088	0.1110	12.6446	-889.817352	
Sotub08g021880.1.1	Sotub06g022710.1.1	1.0540	152.0	505.0	0.2255	0.1958	0.8683	-1333.369795	
Sotub08g021880.1.1	Sotub06g022710.1.1	1.0540	152.0	505.0	0.2255	0.1958	0.8683	-1333.369795	
Sotub08g021880.1.1	Sotub08g008700.1.1	5.6420	152.7	504.3	0.0573	0.3900	6.8037	-1519.271346	
Sotub08g021910.1.1	Sotub08g008730.1.1	0.6715	383.5	1326.5	0.1508	0.0989	0.6559	-3238.996251	
Sotub08g021940.1.1	Sotub06g022760.1.1	0.9362	194.3	624.7	0.2356	0.1763	0.7484	-1644.215255	
Sotub08g021940.1.1	Sotub06g022760.1.1	0.9362	194.3	624.7	0.2356	0.1763	0.7484	-1644.215255	
Sotub08g022190.1.1	Sotub08g008940.1.1	50.0000	84.2	254.8	0.0292	1.8016	61.6259	-888.254778	
Sotub08g022200.1.1	Sotub09g028680.1.1	50.0000	283.5	1048.5	0.0089	0.6721	75.8180	-3354.787791	
Sotub08g022270.1.1	Sotub01g028070.1.1	4.6457	161.6	663.4	0.0428	0.2877	6.7227	-1856.062360	
Sotub08g022280.1.1	Sotub09g028640.1.1	50.0000	130.2	409.8	0.0127	0.8450	66.4563	-1398.210508	
Sotub08g022350.1.1	Sotub09g028600.1.1	50.0000	115.2	400.8	0.0069	0.5052	72.9204	-1268.407237	
Sotub08g022570.1.1	Sotub01g028320.1.1	2.3530	394.2	1162.8	0.0657	0.1705	2.5949	-3307.813817	
Sotub08g022570.1.1	Sotub01g028320.1.1	2.3530	394.2	1162.8	0.0657	0.1705	2.5949	-3307.813817	
Sotub08g022570.1.1	Sotub08g006170.1.1	0.8383	421.5	1198.5	0.1501	0.1130	0.7527	-3180.263171	
Sotub08g022600.1.1	Sotub08g006160.1.1	0.7846	287.1	990.9	0.1047	0.0895	0.8553	-2421.443259	
Sotub08g022630.1.1	Sotub08g009200.1.1	10.1766	284.8	1032.2	0.0178	0.2620	14.7352	-2964.030358	
Sotub08g022690.1.1	Sotub09g028450.1.1	50.0000	77.1	324.9	0.0080	0.6751	84.0812	-1012.065188	
Sotub08g022760.1.1	Sotub01g028550.1.1	2.3280	135.6	458.4	0.0934	0.2413	2.5843	-1292.768137	
Sotub08g022760.1.1	Sotub01g028550.1.1	2.3280	135.6	458.4	0.0934	0.2413	2.5843	-1292.768137	
Sotub08g022820.1.1	Sotub08g006120.1.1	0.8538	163.1	553.9	0.1894	0.1442	0.7614	-1428.294221	
Sotub08g022840.1.1	Sotub01g028690.1.1	50.0000	189.3	575.7	0.0059	0.3917	66.1754	-1783.208118	
Sotub08g022840.1.1	Sotub01g028690.1.1	50.0000	189.3	575.7	0.0059	0.3917	66.1754	-1783.208118	
Sotub08g022870.1.1	Sotub01g028720.1.1	4.0693	128.8	411.2	0.1923	0.6776	3.5245	-1333.691621	
Sotub08g022870.1.1	Sotub01g028720.1.1	4.0693	128.8	411.2	0.1923	0.6776	3.5245	-1333.691621	
Sotub08g022900.1.1	Sotub08g006100.1.1	0.5214	578.2	1869.8	0.0636	0.0388	0.6103	-4284.072305	
Sotub08g022940.1.1	Sotub08g006080.1.1	1.2620	204.8	590.2	0.1769	0.1913	1.0815	-1690.560737	
Sotub08g023010.1.1	Sotub08g006070.1.1	0.9519	152.2	501.8	0.1031	0.1049	1.0175	-1256.445753	
Sotub08g023240.1.1	Sotub08g006040.1.1	0.7260	145.6	493.4	0.1182	0.0897	0.7584	-1200.036463	
Sotub08g023430.1.1	Sotub08g006020.1.1	0.6956	157.4	514.6	0.1655	0.1063	0.6423	-1285.975342	
Sotub08g023450.1.1	Sotub06g021010.1.1	2.9002	151.9	565.1	0.1060	0.3468	3.2729	-1655.818857	
Sotub08g023490.1.1	Sotub06g021000.1.1	1.0664	362.3	1371.7	0.2533	0.2200	0.8685	-3660.793949	
Sotub08g023510.1.1	Sotub06g020990.1.1	0.6471	342.0	1047.0	0.3127	0.1400	0.4476	-2712.184226	
Sotub08g023510.1.1	Sotub08g006010.1.1	0.6087	328.9	1060.1	0.2080	0.1067	0.5129	-2651.136888	
Sotub08g023590.1.1	Sotub08g005990.1.1	1.4322	184.7	739.3	0.2722	0.3111	1.1430	-2008.448546	
Sotub08g023640.1.1	Sotub01g029300.1.1	1.5916	123.3	467.7	0.0405	0.0893	2.2043	-1141.883777	
Sotub08g023660.1.1	Sotub01g029350.1.1	9.3707	228.9	710.1	0.0403	0.4590	11.3889	-2279.480743	
Sotub08g023660.1.1	Sotub08g005950.1.1	1.5630	233.3	828.7	0.0731	0.1377	1.8825	-2173.289278	
Sotub08g023840.1.1	Sotub01g029600.1.1	2.6382	147.1	518.9	0.0747	0.2353	3.1516	-1463.655431	
Sotub08g023890.1.1	Sotub01g029660.1.1	2.8049	154.7	538.3	0.1437	0.4013	2.7919	-1659.877402	
Sotub08g024180.1.1	Sotub09g014970.1.1	50.0000	312.4	1064.6	0.0102	0.7272	70.9913	-3522.284532	
Sotub08g024340.1.1	Sotub09g014770.1.1	50.0000	285.9	1025.1	0.0103	0.7582	73.6975	-3319.306708	
Sotub08g024560.1.1	Sotub09g014560.1.1	50.0000	74.2	243.8	0.0176	1.1862	67.5662	-816.346181	
Sotub08g024710.1.1	Sotub08g005380.1.1	0.8954	273.2	764.8	0.0738	0.0693	0.9399	-1971.365057	
Sotub08g024820.1.1	Sotub08g005390.1.1	1.1721	409.5	1213.5	0.0611	0.0801	1.3112	-3118.885994	
Sotub08g024920.1.1	Sotub03g019800.1.1	3.6916	205.2	676.8	0.0380	0.1788	4.6999	-1889.637719	
Sotub08g024940.1.1	Sotub03g019790.1.1	6.8368	377.1	1170.9	0.0290	0.2492	8.5822	-3418.115536	
Sotub08g024950.1.1	Sotub03g019780.1.1	1.9045	354.7	1241.3	0.0979	0.2083	2.1275	-3470.894974	
Sotub08g024960.1.1	Sotub01g030140.1.1	1.4729	109.6	400.4	0.1137	0.1835	1.6144	-1092.611738	
Sotub08g025030.1.1	Sotub08g005440.1.1	1.0185	260.9	945.1	0.0870	0.1038	1.1930	-2327.908569	
Sotub08g025070.1.1	Sotub01g030220.1.1	4.7937	113.3	441.7	0.0977	0.5536	5.6677	-1345.029693	
Sotub08g025070.1.1	Sotub08g005530.1.1	1.5991	120.4	443.6	0.1954	0.2837	1.4519	-1241.074479	
Sotub08g025130.1.1	Sotub02g030750.1.1	50.0000	300.1	1022.9	0.0091	0.6467	71.2673	-3306.096434	
Sotub08g025290.1.1	Sotub03g019600.1.1	50.0000	112.9	400.1	0.0086	0.6337	73.5023	-1274.956091	
Sotub08g025460.1.1	Sotub02g030480.1.1	10.0522	307.1	967.9	0.0411	0.5062	12.3159	-3131.808189	
Sotub08g025470.1.1	Sotub02g030330.1.1	50.0000	212.4	750.6	0.0099	0.7198	73.0055	-2480.020588	
Sotub08g025470.1.1	Sotub08g005560.1.1	15.3290	219.1	746.9	0.0444	0.8693	19.5637	-2495.243720	
Sotub08g025490.1.1	Sotub08g005590.1.1	0.9680	168.7	626.3	0.0653	0.0799	1.2237	-1498.983129	
Sotub08g025500.1.1	Sotub02g030270.1.1	50.0000	399.9	1517.1	0.0152	1.1479	75.5457	-5039.077150	
Sotub08g025540.1.1	Sotub08g005610.1.1	0.9182	139.7	391.3	0.2427	0.1681	0.6926	-1085.337271	
Sotub08g025570.1.1	Sotub08g005550.1.1	0.7769	287.5	918.5	0.1112	0.0891	0.8016	-2301.188727	
Sotub08g025590.1.1	Sotub08g005540.1.1	0.9941	236.3	618.7	0.2645	0.1874	0.7083	-1772.014812	
Sotub08g025780.1.1	Sotub01g030410.1.1	2.3763	283.2	1033.8	0.0791	0.2261	2.8580	-2897.555249	
Sotub08g025800.1.1	Sotub01g030380.1.1	2.4350	86.7	315.3	0.1620	0.3837	2.3690	-932.593850	
Sotub08g025810.1.1	Sotub08g005490.1.1	2.3644	141.5	464.5	0.2238	0.4356	1.9458	-1442.516332	
Sotub08g025820.1.1	Sotub08g005480.1.1	2.1304	143.3	414.7	0.0854	0.1895	2.2175	-1147.360968	
Sotub08g025840.1.1	Sotub01g030340.1.1	3.4916	245.7	744.3	0.0863	0.3209	3.7180	-2298.030407	
Sotub08g025840.1.1	Sotub02g030010.1.1	6.9539	221.0	772.0	0.1303	0.9326	7.1574	-2600.817709	
Sotub08g025860.1.1	Sotub01g030310.1.1	13.9629	268.0	986.0	0.0078	0.1645	21.1750	-2646.914369	
Sotub08g025880.1.1	Sotub10g016270.1.1	50.0000	351.8	1019.2	0.0113	0.7120	62.8903	-3467.408161	
Sotub08g025900.1.1	Sotub08g005630.1.1	1.4364	120.1	404.9	0.1733	0.2290	1.3212	-1156.076035	
Sotub08g026060.1.1	Sotub01g031220.1.1	10.9588	236.1	633.9	0.0303	0.3775	12.4471	-2075.969205	
Sotub08g026080.1.1	Sotub10g023550.1.1	7.9622	203.9	645.1	0.0723	0.6506	8.9938	-2144.490074	
Sotub08g026090.1.1	Sotub08g005790.1.1	0.6462	154.7	514.3	0.1690	0.1008	0.5963	-1272.082420	
Sotub08g026090.1.1	Sotub08g005790.1.1	0.6462	154.7	514.3	0.1690	0.1008	0.5963	-1272.082420	
Sotub08g026100.1.1	Sotub08g005800.1.1	1.3159	103.4	310.6	0.1703	0.1979	1.1620	-873.254883	
Sotub08g026100.1.1	Sotub08g005800.1.1	1.3159	103.4	310.6	0.1703	0.1979	1.1620	-873.254883	
Sotub08g026120.1.1	Sotub12g024760.1.1	0.7268	292.9	1021.1	0.1106	0.0868	0.7843	-2519.599174	
Sotub08g026120.1.1	Sotub12g024760.1.1	0.7268	292.9	1021.1	0.1106	0.0868	0.7843	-2519.599174	
Sotub08g026130.1.1	Sotub12g024740.1.1	0.8135	144.9	569.1	0.1916	0.1461	0.7625	-1413.294687	
Sotub08g026130.1.1	Sotub12g024740.1.1	0.8135	144.9	569.1	0.1916	0.1461	0.7625	-1413.294687	
Sotub08g026140.1.1	Sotub01g031170.1.1	3.2541	99.9	356.1	0.0682	0.2717	3.9837	-996.785494	
Sotub08g026140.1.1	Sotub10g016370.1.1	4.1794	87.7	284.3	0.1636	0.6316	3.8604	-877.774060	
Sotub08g026140.1.1	Sotub12g024730.1.1	0.7855	90.2	386.8	0.2582	0.1696	0.6570	-939.889177	
Sotub08g026140.1.1	Sotub12g024730.1.1	0.7855	90.2	386.8	0.2582	0.1696	0.6570	-939.889177	
Sotub08g026170.1.1	Sotub01g031120.1.1	1.8726	359.7	1314.3	0.0607	0.1442	2.3778	-3467.043169	
Sotub08g026170.1.1	Sotub10g016390.1.1	2.0169	360.9	1313.1	0.0546	0.1419	2.6017	-3468.402451	
Sotub08g026190.1.1	Sotub01g031110.1.1	10.1277	192.5	500.5	0.1137	1.0667	9.3806	-1830.340784	
Sotub08g026200.1.1	Sotub08g005820.1.1	0.8562	307.6	949.4	0.2881	0.1778	0.6174	-2573.957778	
Sotub08g026200.1.1	Sotub08g005820.1.1	0.8562	307.6	949.4	0.2881	0.1778	0.6174	-2573.957778	
Sotub08g026200.1.1	Sotub12g024720.1.1	0.8997	294.5	962.5	0.2246	0.1658	0.7382	-2567.068709	
Sotub08g026250.1.1	Sotub01g031070.1.1	2.3026	420.9	1376.1	0.0623	0.1697	2.7224	-3801.515132	
Sotub08g026250.1.1	Sotub08g005830.1.1	0.5782	453.6	1343.4	0.1808	0.0899	0.4973	-3345.456516	
Sotub08g026250.1.1	Sotub08g005830.1.1	0.5782	453.6	1343.4	0.1808	0.0899	0.4973	-3345.456516	
Sotub08g026250.1.1	Sotub12g024700.1.1	0.5290	462.5	1334.5	0.1491	0.0714	0.4790	-3246.440789	
Sotub08g026330.1.1	Sotub01g031030.1.1	2.0590	277.9	772.1	0.0839	0.1765	2.1031	-2241.051079	
Sotub08g026370.1.1	Sotub03g015060.1.1	3.0295	300.9	1109.1	0.0450	0.1826	4.0588	-2937.426216	
Sotub08g026370.1.1	Sotub06g013620.1.1	3.1767	306.8	1103.2	0.0450	0.1884	4.1895	-2948.623918	
Sotub08g026370.1.1	Sotub08g005900.1.1	3.8950	120.6	440.4	0.0314	0.1701	5.4190	-1158.612486	
Sotub08g026380.1.1	Sotub03g015040.1.1	3.7989	167.9	591.1	0.0772	0.3476	4.5006	-1731.326492	
Sotub08g026380.1.1	Sotub06g013610.1.1	50.0000	165.3	593.7	0.0047	0.3572	75.2257	-1726.752481	
Sotub08g026390.1.1	Sotub08g005930.1.1	0.5354	352.5	1021.5	0.1437	0.0706	0.4911	-2522.289228	
Sotub08g026390.1.1	Sotub12g024680.1.1	0.7486	349.0	1025.0	0.1485	0.1016	0.6840	-2653.174253	
Sotub08g026400.1.1	Sotub03g014990.1.1	2.6260	185.0	640.0	0.1368	0.3625	2.6498	-1933.864921	
Sotub08g026400.1.1	Sotub10g023040.1.1	5.1737	198.7	632.3	0.0598	0.3622	6.0607	-1955.286176	
Sotub08g026400.1.1	Sotub10g025390.1.1	6.5876	199.3	631.7	0.0481	0.3821	7.9453	-1976.148742	
Sotub08g026400.1.1	Sotub12g024670.1.1	0.8858	194.2	636.8	0.1483	0.1261	0.8501	-1650.224159	
Sotub08g026420.1.1	Sotub06g013560.1.1	18.5298	200.3	639.7	0.0281	0.6683	23.7678	-2090.740334	
Sotub08g026420.1.1	Sotub10g023010.1.1	50.0000	329.9	1014.1	0.0104	0.6844	65.7979	-3406.743252	
Sotub08g026420.1.1	Sotub10g025440.1.1	50.0000	333.9	1028.1	0.0096	0.6361	66.0163	-3421.300614	
Sotub08g026510.1.1	Sotub10g022900.1.1	9.0453	247.3	820.7	0.0526	0.5835	11.0866	-2673.548552	
Sotub08g026510.1.1	Sotub10g025550.1.1	10.7285	250.9	850.1	0.0440	0.6013	13.6547	-2767.109533	
Sotub08g026620.1.1	Sotub12g024390.1.1	50.0000	216.8	782.2	0.0037	0.2768	75.7949	-2255.256069	
Sotub08g026890.1.1	Sotub12g024520.1.1	1.4776	101.1	471.9	0.2814	0.3395	1.2065	-1246.917594	
Sotub08g026940.1.1	Sotub12g024490.1.1	0.5363	137.6	393.4	0.0740	0.0421	0.5694	-925.782488	
Sotub08g027000.1.1	Sotub12g024480.1.1	1.3563	231.3	689.7	0.1079	0.1470	1.3620	-1904.047898	
Sotub08g027130.1.1	Sotub12g024330.1.1	50.0000	227.7	753.3	0.0073	0.5149	70.1129	-2420.952388	
Sotub08g027150.1.1	Sotub08g009050.1.1	0.7684	300.3	905.7	0.1295	0.0958	0.7398	-2304.368870	
Sotub08g027160.1.1	Sotub08g009040.1.1	1.3850	198.1	707.9	0.2614	0.2853	1.0918	-1979.553848	
Sotub08g027190.1.1	Sotub08g009010.1.1	1.0698	323.9	888.1	0.1196	0.1202	1.0048	-2432.568003	
Sotub08g027230.1.1	Sotub03g012710.1.1	2.2192	459.5	1451.5	0.1003	0.2343	2.3362	-4180.506166	
Sotub08g027230.1.1	Sotub03g012710.1.1	2.2192	459.5	1451.5	0.1003	0.2343	2.3362	-4180.506166	
Sotub08g027290.1.1	Sotub03g012790.1.1	4.3360	271.0	779.0	0.0534	0.2594	4.8551	-2360.015620	
Sotub08g027290.1.1	Sotub03g012790.1.1	4.3360	271.0	779.0	0.0534	0.2594	4.8551	-2360.015620	
Sotub08g027300.1.1	Sotub01g033610.1.1	2.9958	214.2	745.8	0.0671	0.2435	3.6273	-2077.439619	
Sotub08g027300.1.1	Sotub01g033610.1.1	2.9958	214.2	745.8	0.0671	0.2435	3.6273	-2077.439619	
Sotub08g027300.1.1	Sotub01g033610.1.1	2.9958	214.2	745.8	0.0671	0.2435	3.6273	-2077.439619	
Sotub08g027310.1.1	Sotub08g009280.1.1	0.8534	346.5	1027.5	0.1247	0.1027	0.8234	-2642.228716	
Sotub08g027330.1.1	Sotub01g033580.1.1	2.6923	278.1	864.9	0.1215	0.3253	2.6770	-2601.593300	
Sotub08g027330.1.1	Sotub01g033580.1.1	2.6923	278.1	864.9	0.1215	0.3253	2.6770	-2601.593300	
Sotub08g027330.1.1	Sotub01g033580.1.1	2.6923	278.1	864.9	0.1215	0.3253	2.6770	-2601.593300	
Sotub08g027350.1.1	Sotub01g033570.1.1	1.0417	85.3	247.7	0.0643	0.0734	1.1420	-636.692085	
Sotub08g027350.1.1	Sotub01g033570.1.1	1.0417	85.3	247.7	0.0643	0.0734	1.1420	-636.692085	
Sotub08g027350.1.1	Sotub01g033570.1.1	1.0417	85.3	247.7	0.0643	0.0734	1.1420	-636.692085	
Sotub08g027360.1.1	Sotub01g033560.1.1	3.5724	118.3	553.7	0.2506	0.7802	3.1127	-1670.588930	
Sotub08g027360.1.1	Sotub01g033560.1.1	3.5724	118.3	553.7	0.2506	0.7802	3.1127	-1670.588930	
Sotub08g027360.1.1	Sotub01g033560.1.1	3.5724	118.3	553.7	0.2506	0.7802	3.1127	-1670.588930	
Sotub08g027360.1.1	Sotub03g012910.1.1	50.0000	124.0	545.0	0.0082	0.7106	86.8006	-1658.288536	
Sotub08g027360.1.1	Sotub03g012910.1.1	50.0000	124.0	545.0	0.0082	0.7106	86.8006	-1658.288536	
Sotub08g027360.1.1	Sotub08g009290.1.1	2.9892	85.7	553.3	0.5670	0.9038	1.5940	-1550.473254	
Sotub08g027370.1.1	Sotub03g012940.1.1	2.9171	480.5	1592.5	0.1622	0.4426	2.7283	-4981.064472	
Sotub08g027370.1.1	Sotub03g012940.1.1	2.9171	480.5	1592.5	0.1622	0.4426	2.7283	-4981.064472	
Sotub08g027370.1.1	Sotub06g015960.1.1	3.0244	478.7	1540.3	0.1878	0.4977	2.6505	-4887.823406	
Sotub08g027370.1.1	Sotub08g009300.1.1	0.8140	492.0	1548.0	0.2802	0.1675	0.5979	-4131.092190	
Sotub08g027380.1.1	Sotub08g009310.1.1	3.0813	117.9	614.1	0.1531	0.5432	3.5475	-1736.383392	
Sotub08g027450.1.1	Sotub03g012990.1.1	2.9992	344.7	1017.3	0.0125	0.0477	3.8093	-2491.850941	
Sotub08g027450.1.1	Sotub03g012990.1.1	2.9992	344.7	1017.3	0.0125	0.0477	3.8093	-2491.850941	
Sotub08g027450.1.1	Sotub06g016000.1.1	1.3796	125.4	444.6	0.0456	0.0821	1.7990	-1061.700618	
Sotub08g027470.1.1	Sotub08g009320.1.1	0.6370	447.8	1313.2	0.0661	0.0462	0.6995	-3140.284597	
Sotub08g027510.1.1	Sotub08g009360.1.1	0.7065	583.7	1786.3	0.1819	0.1117	0.6142	-4600.087326	
Sotub08g027540.1.1	Sotub03g013090.1.1	3.1020	163.5	637.5	0.1115	0.3937	3.5311	-1885.016840	
Sotub08g027540.1.1	Sotub03g013090.1.1	3.1020	163.5	637.5	0.1115	0.3937	3.5311	-1885.016840	
Sotub08g027600.1.1	Sotub08g009380.1.1	1.2193	118.5	409.5	0.1484	0.1776	1.1971	-1115.349107	
Sotub08g027610.1.1	Sotub08g009370.1.1	17.7984	90.9	362.1	0.0510	1.2542	24.5737	-1163.755532
Sotub08g027630.1.1	Sotub01g033510.1.1	2.1622	397.8	1264.2	0.1454	0.2994	2.0596	-3804.774169	
Sotub08g027630.1.1	Sotub01g033510.1.1	2.1622	397.8	1264.2	0.1454	0.2994	2.0596	-3804.774169	
Sotub08g027630.1.1	Sotub08g009400.1.1	0.9742	410.4	1251.6	0.3147	0.2112	0.6710	-3523.472985	
Sotub08g027650.1.1	Sotub08g009410.1.1	0.8091	170.1	663.9	0.1731	0.1366	0.7891	-1635.615082	
Sotub08g027840.1.1	Sotub01g033430.1.1	3.2848	313.0	1013.0	0.0552	0.2174	3.9350	-2870.993048	
Sotub08g027840.1.1	Sotub03g013310.1.1	2.7709	292.7	1033.3	0.0754	0.2491	3.3049	-2926.332106	
Sotub08g027840.1.1	Sotub03g013310.1.1	2.7709	292.7	1033.3	0.0754	0.2491	3.3049	-2926.332106	
Sotub08g027840.1.1	Sotub03g013310.1.1	2.7709	292.7	1033.3	0.0754	0.2491	3.3049	-2926.332106	
Sotub08g027850.1.1	Sotub01g033440.1.1	2.0416	154.3	415.7	0.2235	0.3506	1.5691	-1327.578979	
Sotub08g027870.1.1	Sotub03g013330.1.1	4.9796	233.4	705.6	0.0669	0.3717	5.5542	-2199.429807	
Sotub08g027870.1.1	Sotub03g013330.1.1	4.9796	233.4	705.6	0.0669	0.3717	5.5542	-2199.429807	
Sotub08g027870.1.1	Sotub03g013330.1.1	4.9796	233.4	705.6	0.0669	0.3717	5.5542	-2199.429807	
Sotub08g027900.1.1	Sotub08g009480.1.1	0.6135	128.7	345.3	0.0546	0.0359	0.6570	-834.107880	
Sotub08g028060.1.1	Sotub01g033250.1.1	7.2550	193.8	595.2	0.0844	0.6599	7.8178	-1994.580493	
Sotub08g028060.1.1	Sotub01g033250.1.1	7.2550	193.8	595.2	0.0844	0.6599	7.8178	-1994.580493	
Sotub08g028060.1.1	Sotub03g013410.1.1	50.0000	208.9	616.1	0.0082	0.5262	64.2546	-2050.520835	
Sotub08g028060.1.1	Sotub03g013410.1.1	50.0000	208.9	616.1	0.0082	0.5262	64.2546	-2050.520835	
Sotub08g028060.1.1	Sotub03g013410.1.1	50.0000	208.9	616.1	0.0082	0.5262	64.2546	-2050.520835	
Sotub08g028080.1.1	Sotub08g009500.1.1	0.9434	151.0	431.0	0.3885	0.2233	0.5747	-1226.875511
Sotub08g028090.1.1	Sotub01g033190.1.1	2.0644	424.0	1436.0	0.0959	0.2186	2.2786	-4043.169748	
Sotub08g028090.1.1	Sotub01g033190.1.1	2.0644	424.0	1436.0	0.0959	0.2186	2.2786	-4043.169748	
Sotub08g028090.1.1	Sotub08g009510.1.1	0.5578	429.2	1301.8	0.1843	0.0886	0.4810	-3190.644397	
Sotub08g028110.1.1	Sotub03g013490.1.1	5.0465	193.3	574.7	0.0683	0.3794	5.5547	-1788.248035	
Sotub08g028110.1.1	Sotub03g013490.1.1	5.0465	193.3	574.7	0.0683	0.3794	5.5547	-1788.248035	
Sotub08g028110.1.1	Sotub03g013490.1.1	5.0465	193.3	574.7	0.0683	0.3794	5.5547	-1788.248035	
Sotub08g028110.1.1	Sotub06g016130.1.1	10.6886	174.1	551.9	0.0259	0.3551	13.7292	-1656.316921	
Sotub08g028120.1.1	Sotub12g024330.1.1	0.9885	232.6	748.4	0.0614	0.0712	1.1607	-1851.848859	
Sotub08g028150.1.1	Sotub08g009520.1.1	0.9516	140.1	645.9	0.2470	0.2055	0.8320	-1612.770810	
Sotub08g028200.1.1	Sotub01g033140.1.1	1.6409	117.6	380.4	0.0765	0.1421	1.8572	-1009.226394	
Sotub08g028200.1.1	Sotub01g033140.1.1	1.6409	117.6	380.4	0.0765	0.1421	1.8572	-1009.226394	
Sotub08g028200.1.1	Sotub03g013560.1.1	1.6636	127.0	389.0	0.0573	0.1099	1.9170	-1022.245880	
Sotub08g028200.1.1	Sotub03g013560.1.1	1.6636	127.0	389.0	0.0573	0.1099	1.9170	-1022.245880	
Sotub08g028200.1.1	Sotub03g013560.1.1	1.6636	127.0	389.0	0.0573	0.1099	1.9170	-1022.245880	
Sotub08g028200.1.1	Sotub12g024310.1.1	0.6014	138.9	362.1	0.0786	0.0472	0.6001	-886.760036	
Sotub08g028280.1.1	Sotub01g033080.1.1	4.8183	136.6	526.4	0.1041	0.5792	5.5621	-1595.593477	
Sotub08g028280.1.1	Sotub01g033080.1.1	4.8183	136.6	526.4	0.1041	0.5792	5.5621	-1595.593477	
Sotub08g028280.1.1	Sotub03g013650.1.1	2.9006	142.7	505.3	0.2891	0.6273	2.1697	-1575.620597	
Sotub08g028280.1.1	Sotub03g013650.1.1	2.9006	142.7	505.3	0.2891	0.6273	2.1697	-1575.620597	
Sotub08g028280.1.1	Sotub08g009530.1.1	1.4583	110.5	402.5	0.4073	0.3701	0.9087	-1165.389437	
Sotub08g028330.1.1	Sotub01g033060.1.1	3.2209	235.4	838.6	0.0922	0.3400	3.6872	-2471.346720	
Sotub08g028330.1.1	Sotub01g033060.1.1	3.2209	235.4	838.6	0.0922	0.3400	3.6872	-2471.346720	
Sotub08g028350.1.1	Sotub01g033040.1.1	4.0761	523.1	2053.9	0.1410	0.6074	4.3086	-6400.171429	
Sotub08g028350.1.1	Sotub01g033040.1.1	4.0761	523.1	2053.9	0.1410	0.6074	4.3086	-6400.171429	
Sotub08g028360.1.1	Sotub01g033020.1.1	1.5883	243.3	686.7	0.0653	0.1116	1.7086	-1864.963101	
Sotub08g028360.1.1	Sotub01g033020.1.1	1.5883	243.3	686.7	0.0653	0.1116	1.7086	-1864.963101	
Sotub08g028360.1.1	Sotub10g009850.1.1	1.7251	243.6	689.4	0.0628	0.1175	1.8702	-1877.782240	
Sotub08g028360.1.1	Sotub10g009850.1.1	1.7251	243.6	689.4	0.0628	0.1175	1.8702	-1877.782240	
Sotub08g028390.1.1	Sotub10g009860.1.1	2.4592	248.9	936.1	0.0966	0.2764	2.8627	-2662.713516	
Sotub08g028390.1.1	Sotub10g009860.1.1	2.4592	248.9	936.1	0.0966	0.2764	2.8627	-2662.713516	
Sotub08g028400.1.1	Sotub01g033000.1.1	3.3069	424.8	1489.2	0.0992	0.3655	3.6852	-4476.217835	
Sotub08g028400.1.1	Sotub01g033000.1.1	3.3069	424.8	1489.2	0.0992	0.3655	3.6852	-4476.217835	
Sotub08g028400.1.1	Sotub08g009580.1.1	0.9997	462.1	1451.9	0.1393	0.1337	0.9600	-3792.580406	
Sotub08g028430.1.1	Sotub01g032950.1.1	5.1842	101.6	348.4	0.1803	0.8525	4.7295	-1145.460809	
Sotub08g028430.1.1	Sotub01g032950.1.1	5.1842	101.6	348.4	0.1803	0.8525	4.7295	-1145.460809	
Sotub08g028430.1.1	Sotub03g013720.1.1	3.4375	110.9	339.1	0.2648	0.6804	2.5694	-1146.238570	
Sotub08g028430.1.1	Sotub03g013720.1.1	3.4375	110.9	339.1	0.2648	0.6804	2.5694	-1146.238570	
Sotub08g028430.1.1	Sotub03g013720.1.1	3.4375	110.9	339.1	0.2648	0.6804	2.5694	-1146.238570	
Sotub08g028430.1.1	Sotub06g016220.1.1	6.4032	116.4	333.6	0.1324	0.7920	5.9832	-1160.033002	
Sotub08g028430.1.1	Sotub06g033380.1.1	50.0000	123.8	326.2	0.0122	0.7137	58.7078	-1150.286308	
Sotub08g028440.1.1	Sotub01g032940.1.1	1.9113	111.8	311.2	0.0113	0.0264	2.3362	-759.423093	
Sotub08g028440.1.1	Sotub01g032940.1.1	1.9113	111.8	311.2	0.0113	0.0264	2.3362	-759.423093	
Sotub08g028440.1.1	Sotub03g013730.1.1	1.2432	95.3	327.7	0.0105	0.0186	1.7756	-745.204148	
Sotub08g028440.1.1	Sotub03g013730.1.1	1.2432	95.3	327.7	0.0105	0.0186	1.7756	-745.204148	
Sotub08g028440.1.1	Sotub03g013730.1.1	1.2432	95.3	327.7	0.0105	0.0186	1.7756	-745.204148	
Sotub08g028440.1.1	Sotub05g022520.1.1	11.9187	106.6	316.4	0.0021	0.0325	15.6756	-767.870430	
Sotub08g028440.1.1	Sotub05g022520.1.1	11.9187	106.6	316.4	0.0021	0.0325	15.6756	-767.870430	
Sotub08g028440.1.1	Sotub06g033390.1.1	8.3021	103.1	319.9	0.0025	0.0287	11.2603	-767.991372	
Sotub08g028440.1.1	Sotub08g009600.1.1	0.4794	110.6	312.4	0.0649	0.0335	0.5165	-733.849162	
Sotub08g028440.1.1	Sotub10g009940.1.1	2.3290	105.3	317.7	0.0085	0.0258	3.0403	-756.614737	
Sotub08g028440.1.1	Sotub10g009940.1.1	2.3290	105.3	317.7	0.0085	0.0258	3.0403	-756.614737	
Sotub08g028440.1.1	Sotub12g024200.1.1	0.5009	109.3	313.7	0.0393	0.0228	0.5805	-723.854129	
Sotub08g028440.1.1	Sotub12g024200.1.1	0.5009	109.3	313.7	0.0393	0.0228	0.5805	-723.854129	
Sotub08g028450.1.1	Sotub03g013750.1.1	2.4667	207.7	752.3	0.1540	0.3757	2.4399	-2244.726353	
Sotub08g028450.1.1	Sotub03g013750.1.1	2.4667	207.7	752.3	0.1540	0.3757	2.4399	-2244.726353	
Sotub08g028450.1.1	Sotub03g013750.1.1	2.4667	207.7	752.3	0.1540	0.3757	2.4399	-2244.726353	
Sotub08g028450.1.1	Sotub06g033400.1.1	50.0000	179.6	651.4	0.0068	0.5094	75.2697	-2061.748859	
Sotub08g028460.1.1	Sotub01g032920.1.1	3.7514	234.4	653.6	0.0420	0.1779	4.2409	-1895.930918	
Sotub08g028460.1.1	Sotub01g032920.1.1	3.7514	234.4	653.6	0.0420	0.1779	4.2409	-1895.930918	
Sotub08g028460.1.1	Sotub10g009980.1.1	2.2662	220.5	664.5	0.0965	0.2268	2.3488	-1958.993830	
Sotub08g028460.1.1	Sotub10g009980.1.1	2.2662	220.5	664.5	0.0965	0.2268	2.3488	-1958.993830	
Sotub08g028470.1.1	Sotub03g013780.1.1	3.4997	137.3	477.7	0.0524	0.2317	4.4202	-1348.860637	
Sotub08g028470.1.1	Sotub03g013780.1.1	3.4997	137.3	477.7	0.0524	0.2317	4.4202	-1348.860637	
Sotub08g028470.1.1	Sotub03g013780.1.1	3.4997	137.3	477.7	0.0524	0.2317	4.4202	-1348.860637	
Sotub08g028490.1.1	Sotub08g009610.1.1	0.7010	184.8	505.2	0.1347	0.0859	0.6376	-1283.916284	
Sotub08g028490.1.1	Sotub12g024170.1.1	0.5932	130.5	397.5	0.2715	0.1189	0.4380	-1012.870712	
Sotub08g028490.1.1	Sotub12g024170.1.1	0.5932	130.5	397.5	0.2715	0.1189	0.4380	-1012.870712	
Sotub08g028490.1.1	Sotub12g024170.1.1	0.5932	130.5	397.5	0.2715	0.1189	0.4380	-1012.870712	
Sotub08g028510.1.1	Sotub03g012480.1.1	3.6506	1064.7	3168.3	0.0957	0.3603	3.7659	-9895.465040
Sotub08g028510.1.1	Sotub03g013810.1.1	3.0757	1068.7	3290.3	0.1017	0.3238	3.1848	-10034.220431
Sotub08g028510.1.1	Sotub06g016290.1.1	4.1456	987.7	2966.3	0.0665	0.3067	4.6110	-9037.269318
Sotub08g028520.1.1	Sotub01g032850.1.1	50.0000	124.5	361.5	0.0038	0.2471	64.3547	-1072.064514	
Sotub08g028520.1.1	Sotub01g032850.1.1	50.0000	124.5	361.5	0.0038	0.2471	64.3547	-1072.064514	
Sotub08g028520.1.1	Sotub10g010010.1.1	24.8944	127.1	358.9	0.0074	0.2315	31.0869	-1062.220293	
Sotub08g028520.1.1	Sotub10g010010.1.1	24.8944	127.1	358.9	0.0074	0.2315	31.0869	-1062.220293	
Sotub08g028520.1.1	Sotub12g024140.1.1	50.0000	92.3	339.7	0.0138	1.0255	74.2466	-1128.663986	
Sotub08g028520.1.1	Sotub12g024140.1.1	50.0000	92.3	339.7	0.0138	1.0255	74.2466	-1128.663986	
Sotub08g028520.1.1	Sotub12g024140.1.1	50.0000	92.3	339.7	0.0138	1.0255	74.2466	-1128.663986	
Sotub08g028540.1.1	Sotub01g032890.1.1	2.3817	139.9	541.1	0.3029	0.5390	1.7796	-1626.391355	
Sotub08g028540.1.1	Sotub01g032890.1.1	2.3817	139.9	541.1	0.3029	0.5390	1.7796	-1626.391355	
Sotub08g028560.1.1	Sotub01g032840.1.1	5.3041	336.7	1130.3	0.1008	0.5803	5.7553	-3583.810844	
Sotub08g028560.1.1	Sotub01g032840.1.1	5.3041	336.7	1130.3	0.1008	0.5803	5.7553	-3583.810844	
Sotub08g028570.1.1	Sotub08g009630.1.1	0.8847	371.5	891.5	0.0956	0.0779	0.8156	-2397.231026	
Sotub08g028570.1.1	Sotub12g024120.1.1	2.8136	524.6	1395.4	0.0695	0.2012	2.8972	-4190.360529	
Sotub08g028570.1.1	Sotub12g024120.1.1	2.8136	524.6	1395.4	0.0695	0.2012	2.8972	-4190.360529	
Sotub08g028570.1.1	Sotub12g024120.1.1	2.8136	524.6	1395.4	0.0695	0.2012	2.8972	-4190.360529	
Sotub08g028640.1.1	Sotub08g009660.1.1	0.8267	465.6	1226.4	0.3181	0.1733	0.5449	-3422.840829	
Sotub08g028660.1.1	Sotub03g012600.1.1	2.5333	545.9	1725.1	0.0647	0.1888	2.9164	-4891.781178	
Sotub08g028660.1.1	Sotub03g012600.1.1	2.5333	545.9	1725.1	0.0647	0.1888	2.9164	-4891.781178	
Sotub08g028670.1.1	Sotub01g032640.1.1	1.7446	151.3	466.7	0.0676	0.1328	1.9660	-1274.438735	
Sotub08g028670.1.1	Sotub01g032640.1.1	1.7446	151.3	466.7	0.0676	0.1328	1.9660	-1274.438735	
Sotub08g028670.1.1	Sotub03g012620.1.1	3.0295	149.1	468.9	0.0533	0.1911	3.5838	-1330.775562	
Sotub08g028670.1.1	Sotub03g012620.1.1	3.0295	149.1	468.9	0.0533	0.1911	3.5838	-1330.775562	
Sotub08g028670.1.1	Sotub06g016330.1.1	6.6149	161.1	453.9	0.0247	0.1944	7.8682	-1324.486749	
Sotub08g028670.1.1	Sotub10g010050.1.1	2.0292	157.5	460.5	0.0819	0.1753	2.1415	-1316.654286	
Sotub08g028690.1.1	Sotub03g011960.1.1	4.3562	197.4	567.6	0.2016	0.7181	3.5616	-1953.156533	
Sotub08g028690.1.1	Sotub03g011960.1.1	4.3562	197.4	567.6	0.2016	0.7181	3.5616	-1953.156533	
Sotub08g028700.1.1	Sotub03g011990.1.1	50.0000	125.7	432.3	0.0111	0.7885	71.2800	-1391.844808	
Sotub08g028700.1.1	Sotub03g011990.1.1	50.0000	125.7	432.3	0.0111	0.7885	71.2800	-1391.844808	
Sotub08g028810.1.1	Sotub01g032540.1.1	5.5800	100.9	421.1	0.0955	0.6573	6.8823	-1291.117978	
Sotub08g028810.1.1	Sotub01g032540.1.1	5.5800	100.9	421.1	0.0955	0.6573	6.8823	-1291.117978	
Sotub08g028870.1.1	Sotub01g032520.1.1	3.0458	289.8	1000.2	0.0514	0.1975	3.8381	-2743.582989	
Sotub08g028870.1.1	Sotub01g032520.1.1	3.0458	289.8	1000.2	0.0514	0.1975	3.8381	-2743.582989	
Sotub08g028870.1.1	Sotub08g009730.1.1	1.4748	267.8	1022.2	0.0549	0.1074	1.9577	-2476.416822	
Sotub08g028870.1.1	Sotub12g024100.1.1	1.2250	266.3	1023.7	0.0845	0.1262	1.4930	-2526.742894	
Sotub08g028920.1.1	Sotub08g009760.1.1	0.7031	474.6	1634.4	0.1622	0.1084	0.6682	-4028.204462	
Sotub08g028940.1.1	Sotub01g032370.1.1	3.2063	229.2	784.8	0.0784	0.2922	3.7270	-2331.989410	
Sotub08g028940.1.1	Sotub01g032370.1.1	3.2063	229.2	784.8	0.0784	0.2922	3.7270	-2331.989410	
Sotub08g028950.1.1	Sotub01g032380.1.1	1.9644	291.5	950.5	0.0906	0.1952	2.1532	-2684.759209	
Sotub08g028950.1.1	Sotub01g032380.1.1	1.9644	291.5	950.5	0.0906	0.1952	2.1532	-2684.759209	
Sotub08g028950.1.1	Sotub03g012260.1.1	3.8544	292.3	949.7	0.0434	0.2077	4.7840	-2723.382769	
Sotub08g028950.1.1	Sotub03g012260.1.1	3.8544	292.3	949.7	0.0434	0.2077	4.7840	-2723.382769	
Sotub08g028970.1.1	Sotub12g024090.1.1	1.2128	149.6	462.4	0.4270	0.3044	0.7130	-1350.740526	
Sotub08g029000.1.1	Sotub01g032420.1.1	3.3613	285.6	1085.4	0.0810	0.3332	4.1126	-3171.153601	
Sotub08g029000.1.1	Sotub01g032420.1.1	3.3613	285.6	1085.4	0.0810	0.3332	4.1126	-3171.153601	
Sotub08g029000.1.1	Sotub12g024080.1.1	1.0253	284.0	1087.0	0.0944	0.1144	1.2120	-2698.419726	
Sotub08g029050.1.1	Sotub08g009790.1.1	1.7369	120.2	350.8	0.1110	0.1901	1.7133	-1010.090628	
Sotub08g029120.1.1	Sotub01g032230.1.1	2.6636	111.3	395.7	0.1903	0.4592	2.4126	-1203.997696	
Sotub08g029130.1.1	Sotub01g032210.1.1	4.1825	250.6	949.4	0.2119	0.7846	3.7032	-3021.376414	
Sotub08g029140.1.1	Sotub08g009740.1.1	50.0000	166.5	628.5	0.0073	0.5666	77.4613	-1966.335633	
Sotub08g029150.1.1	Sotub01g032200.1.1	2.0170	94.6	322.4	0.0134	0.0379	2.8342	-756.800518	
Sotub08g029200.1.1	Sotub03g015550.1.1	50.0000	246.7	758.3	0.0049	0.3277	66.8781	-2323.397751	
Sotub08g029200.1.1	Sotub03g015550.1.1	50.0000	246.7	758.3	0.0049	0.3277	66.8781	-2323.397751	
Sotub08g029210.1.1	Sotub08g009800.1.1	1.0637	224.2	1074.8	0.0680	0.1053	1.5495	-2459.542473	
Sotub08g029220.1.1	Sotub01g032110.1.1	1.8997	361.1	1063.9	0.0585	0.1247	2.1313	-2951.448157	
Sotub08g029230.1.1	Sotub03g015470.1.1	2.2650	199.0	677.0	0.0447	0.1289	2.8852	-1801.611875	
Sotub08g029230.1.1	Sotub03g015470.1.1	2.2650	199.0	677.0	0.0447	0.1289	2.8852	-1801.611875	
Sotub08g029240.1.1	Sotub03g015420.1.1	2.6320	213.6	707.4	0.0609	0.1918	3.1481	-1972.532872	
Sotub08g029240.1.1	Sotub03g015420.1.1	2.6320	213.6	707.4	0.0609	0.1918	3.1481	-1972.532872	
Sotub08g029240.1.1	Sotub08g009810.1.1	1.2345	200.6	720.4	0.1439	0.1793	1.2456	-1893.835784	
Sotub08g029250.1.1	Sotub01g032080.1.1	1.3685	219.1	590.9	0.0829	0.1142	1.3784	-1625.964620	
Sotub08g029250.1.1	Sotub08g009820.1.1	1.2947	212.4	582.6	0.1303	0.1550	1.1898	-1668.771390	
Sotub08g029260.1.1	Sotub01g032070.1.1	1.9755	387.0	1149.0	0.0762	0.1625	2.1311	-3226.005406	
Sotub08g029260.1.1	Sotub03g015280.1.1	5.6810	245.6	711.4	0.1714	0.8450	4.9310	-2454.722610	
Sotub08g029280.1.1	Sotub01g032040.1.1	4.9513	525.6	1796.4	0.1879	0.8343	4.4395	-5936.986940	
Sotub08g029490.1.1	Sotub01g031820.1.1	6.3392	212.3	639.7	0.0711	0.4963	6.9842	-2085.827189	
Sotub09g005110.1.1	Sotub04g005820.1.1	3.3889	90.1	347.9	0.2451	0.6917	2.8217	-1065.912099	
Sotub09g005210.1.1	Sotub02g021360.1.1	6.8196	131.0	472.0	0.0455	0.4088	8.9880	-1420.370070	
Sotub09g005210.1.1	Sotub04g005680.1.1	4.1889	111.9	479.1	0.1329	0.6248	4.6995	-1477.549862	
Sotub09g005210.1.1	Sotub06g014520.1.1	50.0000	109.2	424.8	0.0083	0.6569	78.9551	-1354.605599	
Sotub09g005210.1.1	Sotub06g014520.1.1	50.0000	109.2	424.8	0.0083	0.6569	78.9551	-1354.605599	
Sotub09g005210.1.1	Sotub10g023680.1.1	50.0000	71.9	300.1	0.0204	1.6247	79.4636	-981.826917	
Sotub09g005230.1.1	Sotub02g021370.1.1	3.1039	162.3	515.7	0.0927	0.3095	3.3384	-1547.396578	
Sotub09g005240.1.1	Sotub02g021380.1.1	4.4715	523.7	1804.3	0.0788	0.4107	5.2105	-5574.017680	
Sotub09g005270.1.1	Sotub02g021430.1.1	4.7538	232.7	922.3	0.0792	0.4741	5.9864	-2717.912769	
Sotub09g005310.1.1	Sotub10g023570.1.1	1.9366	147.9	539.1	0.2042	0.3511	1.7190	-1581.442499	
Sotub09g005400.1.1	Sotub04g005500.1.1	17.6410	124.8	388.2	0.0095	0.2221	23.4735	-1093.541623	
Sotub09g005410.1.1	Sotub06g014410.1.1	3.8490	169.7	535.3	0.0385	0.1830	4.7531	-1499.125387	
Sotub09g005410.1.1	Sotub06g014410.1.1	3.8490	169.7	535.3	0.0385	0.1830	4.7531	-1499.125387	
Sotub09g005410.1.1	Sotub10g023560.1.1	0.5980	146.1	564.9	0.1146	0.0770	0.6721	-1313.634820	
Sotub09g005430.1.1	Sotub04g005470.1.1	50.0000	405.8	1181.2	0.0104	0.6562	63.2628	-4020.579229	
Sotub09g005520.1.1	Sotub06g014360.1.1	2.9252	226.2	793.8	0.1279	0.3882	3.0347	-2390.252475	
Sotub09g005520.1.1	Sotub06g014360.1.1	2.9252	226.2	793.8	0.1279	0.3882	3.0347	-2390.252475	
Sotub09g005530.1.1	Sotub10g023520.1.1	2.1768	144.3	494.7	0.1049	0.2480	2.3631	-1388.556181	
Sotub09g005550.1.1	Sotub06g014330.1.1	3.0761	252.0	831.0	0.2155	0.5552	2.5758	-2626.028634	
Sotub09g005550.1.1	Sotub06g014330.1.1	3.0761	252.0	831.0	0.2155	0.5552	2.5758	-2626.028634	
Sotub09g005900.1.1	Sotub02g037690.1.1	50.0000	278.8	1014.2	0.0284	1.9867	70.0648	-3468.684309	
Sotub09g005910.1.1	Sotub02g037750.1.1	2.7813	98.5	363.5	0.2322	0.5439	2.3417	-1103.076057	
Sotub09g006120.1.1	Sotub02g037810.1.1	12.9455	172.6	559.4	0.0550	0.8542	15.5343	-1902.692992	
Sotub09g006610.1.1	Sotub04g013970.1.1	4.5374	109.6	370.4	0.0626	0.3423	5.4681	-1133.391321	
Sotub09g006620.1.1	Sotub04g013920.1.1	8.0362	123.6	395.4	0.0226	0.2372	10.4889	-1168.755499	
Sotub09g006710.1.1	Sotub10g028760.1.1	0.8707	116.2	498.8	0.0241	0.0336	1.3926	-1105.994268	
Sotub09g006720.1.1	Sotub04g013820.1.1	2.5767	250.6	781.4	0.1949	0.4288	2.2001	-2493.722537	
Sotub09g006870.1.1	Sotub10g028720.1.1	0.8583	419.5	1332.5	0.2403	0.1628	0.6777	-3507.758415	
Sotub09g006980.1.1	Sotub10g028700.1.1	0.7758	331.9	886.1	0.1961	0.1221	0.6229	-2375.802983	
Sotub09g007320.1.1	Sotub10g028680.1.1	0.6880	107.3	321.7	0.1616	0.0999	0.6177	-819.657319	
Sotub09g007330.1.1	Sotub05g021260.1.1	8.7374	82.5	280.5	0.0540	0.5852	10.8275	-890.891190	
Sotub09g007400.1.1	Sotub10g028580.1.1	0.8085	122.6	360.4	0.1272	0.0983	0.7727	-933.170314	
Sotub09g007550.1.1	Sotub11g026700.1.1	3.8594	96.2	287.8	0.0244	0.1166	4.7866	-761.302573	
Sotub09g007600.1.1	Sotub06g030700.1.1	3.0320	259.8	904.2	0.0030	0.0135	4.4818	-2016.805915	
Sotub09g007600.1.1	Sotub11g026820.1.1	2.3876	249.1	911.9	0.0036	0.0133	3.6601	-2017.033818	
Sotub09g007740.1.1	Sotub06g030740.1.1	50.0000	170.8	519.2	0.0079	0.5214	65.7517	-1619.906551	
Sotub09g007830.1.1	Sotub02g035260.1.1	50.0000	319.8	1006.2	0.0121	0.8077	66.5678	-3394.589721	
Sotub09g007830.1.1	Sotub05g021640.1.1	4.8365	273.5	998.5	0.1456	0.7129	4.8958	-3172.216941	
Sotub09g007850.1.1	Sotub05g021660.1.1	4.1294	158.8	645.2	0.1163	0.5502	4.7328	-1957.744075	
Sotub09g007900.1.1	Sotub05g028720.1.1	3.9102	369.6	1202.4	0.0573	0.2676	4.6724	-3482.015249	
Sotub09g007910.1.1	Sotub02g035190.1.1	1.3952	155.6	594.4	0.4828	0.3805	0.7881	-1698.565603	
Sotub09g007930.1.1	Sotub02g035180.1.1	7.0684	275.0	925.0	0.0497	0.4379	8.8086	-2908.622982	
Sotub09g007950.1.1	Sotub05g028710.1.1	3.1259	339.9	1070.1	0.0602	0.2189	3.6328	-3064.955241	
Sotub09g008000.1.1	Sotub05g028690.1.1	3.5452	88.4	358.6	0.0957	0.4119	4.3044	-1052.726440	
Sotub09g008830.1.1	Sotub06g005190.1.1	2.6514	178.2	595.8	0.1286	0.3453	2.6840	-1794.312463	
Sotub09g008830.1.1	Sotub06g005190.1.1	2.6514	178.2	595.8	0.1286	0.3453	2.6840	-1794.312463	
Sotub09g008880.1.1	Sotub06g005140.1.1	50.0000	253.1	1024.9	0.0073	0.5940	81.7416	-3137.731042	
Sotub09g008880.1.1	Sotub06g005140.1.1	50.0000	253.1	1024.9	0.0073	0.5940	81.7416	-3137.731042	
Sotub09g008880.1.1	Sotub11g023320.1.1	20.1779	263.1	1107.9	0.0209	0.6736	32.2153	-3413.974785	
Sotub09g008930.1.1	Sotub06g032520.1.1	50.0000	308.2	1224.8	0.0045	0.3667	81.4485	-3546.264468	
Sotub09g008930.1.1	Sotub10g024090.1.1	1.0577	205.3	889.7	0.0715	0.1027	1.4357	-2096.293776	
Sotub09g008960.1.1	Sotub10g024070.1.1	1.1774	167.7	480.3	0.1743	0.1764	1.0116	-1351.333385	
Sotub09g009060.1.1	Sotub06g032110.1.1	2.0539	140.1	453.9	0.1293	0.2645	2.0452	-1316.246113	
Sotub09g009060.1.1	Sotub06g032110.1.1	2.0539	140.1	453.9	0.1293	0.2645	2.0452	-1316.246113	
Sotub09g009060.1.1	Sotub06g032110.1.1	2.0539	140.1	453.9	0.1293	0.2645	2.0452	-1316.246113	
Sotub09g009080.1.1	Sotub06g005020.1.1	2.4857	188.0	538.0	0.1191	0.2841	2.3861	-1654.581584	
Sotub09g009080.1.1	Sotub06g005020.1.1	2.4857	188.0	538.0	0.1191	0.2841	2.3861	-1654.581584	
Sotub09g009080.1.1	Sotub06g032090.1.1	3.1288	283.1	847.9	0.1019	0.3252	3.1922	-2634.899829	
Sotub09g009080.1.1	Sotub06g032090.1.1	3.1288	283.1	847.9	0.1019	0.3252	3.1922	-2634.899829	
Sotub09g009080.1.1	Sotub06g032090.1.1	3.1288	283.1	847.9	0.1019	0.3252	3.1922	-2634.899829	
Sotub09g009120.1.1	Sotub06g032040.1.1	1.4363	174.9	545.1	0.1086	0.1599	1.4726	-1528.012543	
Sotub09g009120.1.1	Sotub06g032040.1.1	1.4363	174.9	545.1	0.1086	0.1599	1.4726	-1528.012543	
Sotub09g009120.1.1	Sotub06g032040.1.1	1.4363	174.9	545.1	0.1086	0.1599	1.4726	-1528.012543	
Sotub09g009130.1.1	Sotub04g010100.1.1	2.2186	237.9	770.1	0.1146	0.2620	2.2854	-2287.264160	
Sotub09g009130.1.1	Sotub06g019020.1.1	6.4706	141.4	497.6	0.1093	0.7696	7.0385	-1635.928132	
Sotub09g009130.1.1	Sotub10g024050.1.1	50.0000	221.7	753.3	0.0108	0.7667	70.6856	-2509.367277	
Sotub09g009130.1.1	Sotub10g027580.1.1	50.0000	212.7	720.3	0.0096	0.6762	70.8075	-2395.296592	
Sotub09g009130.1.1	Sotub11g023730.1.1	6.5852	227.8	789.2	0.1457	0.9490	6.5121	-2663.219542	
Sotub09g009150.1.1	Sotub10g024170.1.1	0.7511	1389.1	4508.9	0.2473	0.1458	0.5897	-11653.870215	
Sotub09g009200.1.1	Sotub06g031980.1.1	6.9055	289.5	1108.5	0.1222	0.9253	7.5714	-3559.454936	
Sotub09g009200.1.1	Sotub06g031980.1.1	6.9055	289.5	1108.5	0.1222	0.9253	7.5714	-3559.454936	
Sotub09g009200.1.1	Sotub06g031980.1.1	6.9055	289.5	1108.5	0.1222	0.9253	7.5714	-3559.454936	
Sotub09g009200.1.1	Sotub10g024180.1.1	1.3437	298.5	1099.5	0.3231	0.3095	0.9578	-3101.815918	
Sotub09g009210.1.1	Sotub06g031950.1.1	50.0000	180.3	617.7	0.0051	0.3722	72.4792	-1869.644269	
Sotub09g009210.1.1	Sotub06g031950.1.1	50.0000	180.3	617.7	0.0051	0.3722	72.4792	-1869.644269	
Sotub09g009210.1.1	Sotub06g031950.1.1	50.0000	180.3	617.7	0.0051	0.3722	72.4792	-1869.644269	
Sotub09g009240.1.1	Sotub04g010120.1.1	2.6160	112.3	430.7	0.0191	0.0750	3.9302	-1043.717172	
Sotub09g009240.1.1	Sotub04g010120.1.1	2.6160	112.3	430.7	0.0191	0.0750	3.9302	-1043.717172	
Sotub09g009240.1.1	Sotub05g027490.1.1	1.8976	116.3	426.7	0.0066	0.0191	2.8835	-948.273959	
Sotub09g009240.1.1	Sotub06g031940.1.1	1.9272	103.2	433.8	0.0260	0.0783	3.0136	-1019.630766	
Sotub09g009240.1.1	Sotub06g031940.1.1	1.9272	103.2	433.8	0.0260	0.0783	3.0136	-1019.630766	
Sotub09g009240.1.1	Sotub06g031940.1.1	1.9272	103.2	433.8	0.0260	0.0783	3.0136	-1019.630766	
Sotub09g009240.1.1	Sotub11g023750.1.1	1.6322	115.9	427.1	0.0108	0.0266	2.4507	-957.824866	
Sotub09g009240.1.1	Sotub11g023750.1.1	1.6322	115.9	427.1	0.0108	0.0266	2.4507	-957.824866	
Sotub09g009270.1.1	Sotub06g031930.1.1	2.7040	304.7	1003.3	0.0849	0.2567	3.0241	-2928.359868	
Sotub09g009270.1.1	Sotub06g031930.1.1	2.7040	304.7	1003.3	0.0849	0.2567	3.0241	-2928.359868	
Sotub09g009270.1.1	Sotub11g023770.1.1	2.1342	300.9	1007.1	0.1120	0.2518	2.2495	-2926.647948	
Sotub09g009330.1.1	Sotub04g010170.1.1	3.0945	288.9	1073.1	0.0540	0.2186	4.0505	-3005.360938	
Sotub09g009330.1.1	Sotub04g010170.1.1	3.0945	288.9	1073.1	0.0540	0.2186	4.0505	-3005.360938	
Sotub09g009330.1.1	Sotub11g023850.1.1	1.9873	293.9	1083.1	0.1171	0.2538	2.1681	-3070.655623	
Sotub09g009330.1.1	Sotub11g023850.1.1	1.9873	293.9	1083.1	0.1171	0.2538	2.1681	-3070.655623	
Sotub09g009340.1.1	Sotub04g010180.1.1	2.9361	319.1	1042.9	0.0135	0.0539	4.0014	-2481.170251	
Sotub09g009340.1.1	Sotub04g010180.1.1	2.9361	319.1	1042.9	0.0135	0.0539	4.0014	-2481.170251	
Sotub09g009380.1.1	Sotub06g031850.1.1	2.9134	165.3	389.7	0.2126	0.4618	2.1719	-1341.714180	
Sotub09g009380.1.1	Sotub06g031850.1.1	2.9134	165.3	389.7	0.2126	0.4618	2.1719	-1341.714180	
Sotub09g009380.1.1	Sotub10g024220.1.1	1.6992	166.6	388.4	0.1496	0.2093	1.3992	-1204.424892	
Sotub09g009380.1.1	Sotub11g023930.1.1	24.1076	165.5	389.5	0.0187	0.4836	25.8161	-1356.535303	
Sotub09g009380.1.1	Sotub11g023930.1.1	24.1076	165.5	389.5	0.0187	0.4836	25.8161	-1356.535303	
Sotub09g009450.1.1	Sotub10g024250.1.1	0.9199	316.7	1048.3	0.1637	0.1403	0.8572	-2705.503188	
Sotub09g009520.1.1	Sotub10g024270.1.1	0.6356	660.9	2144.1	0.1219	0.0785	0.6443	-5216.541716	
Sotub09g009590.1.1	Sotub10g024320.1.1	1.8071	128.8	465.2	0.1092	0.2175	1.9921	-1299.121821	
Sotub09g009930.1.1	Sotub02g017650.1.1	26.9365	266.9	1014.1	0.0204	0.8175	39.9906	-3217.144292	
Sotub09g010160.1.1	Sotub02g017690.1.1	10.8144	238.1	742.9	0.0677	0.8300	12.2633	-2523.920343	
Sotub09g010300.1.1	Sotub02g018040.1.1	3.9501	447.0	1473.0	0.1755	0.6289	3.5828	-4765.155937	
Sotub09g010350.1.1	Sotub06g031170.1.1	50.0000	281.5	1026.5	0.0030	0.2269	76.6171	-2837.881794	
Sotub09g010600.1.1	Sotub06g031280.1.1	1.6795	104.8	390.2	0.0880	0.1753	1.9917	-1036.493035	
Sotub09g011220.1.1	Sotub10g022900.1.1	0.4658	256.6	811.4	0.1216	0.0568	0.4668	-1892.517061	
Sotub09g011230.1.1	Sotub11g010340.1.1	2.6050	507.2	1571.8	0.1334	0.3359	2.5182	-4857.458383	
Sotub09g011250.1.1	Sotub10g022910.1.1	0.6692	173.3	612.7	0.2471	0.1334	0.5399	-1494.148536	
Sotub09g011260.1.1	Sotub10g022940.1.1	0.5399	336.6	938.4	0.0434	0.0264	0.6080	-2156.312217	
Sotub09g011290.1.1	Sotub11g010360.1.1	2.5743	230.5	657.5	0.0637	0.1781	2.7977	-1883.302122	
Sotub09g011380.1.1	Sotub11g010460.1.1	2.9392	304.2	1042.8	0.1908	0.5004	2.6227	-3237.339526	
Sotub09g011400.1.1	Sotub10g023010.1.1	1.9299	100.7	325.3	0.1673	0.2956	1.7668	-958.624318	
Sotub09g011510.1.1	Sotub10g023040.1.1	0.7441	210.8	620.2	0.0931	0.0714	0.7675	-1557.828491	
Sotub09g011630.1.1	Sotub06g032530.1.1	2.0934	97.7	370.3	0.0563	0.1551	2.7554	-928.872929	
Sotub09g011640.1.1	Sotub06g032520.1.1	2.7138	330.5	1199.5	0.0651	0.2205	3.3872	-3284.329269	
Sotub09g011650.1.1	Sotub06g032510.1.1	10.4159	378.0	1233.0	0.0115	0.1635	14.2627	-3390.050284	
Sotub09g012160.1.1	Sotub06g032400.1.1	3.0942	135.4	461.6	0.1639	0.4782	2.9172	-1442.938311	
Sotub09g012190.1.1	Sotub06g032390.1.1	1.5208	198.3	722.7	0.0796	0.1453	1.8252	-1884.338077	
Sotub09g012230.1.1	Sotub06g032370.1.1	3.2862	361.2	1210.8	0.2464	0.6433	2.6110	-3963.810257	
Sotub09g013610.1.1	Sotub06g033590.1.1	1.8227	183.3	599.7	0.1966	0.3105	1.5794	-1782.444939	
Sotub09g013710.1.1	Sotub06g033570.1.1	1.9694	164.8	510.2	0.2320	0.3631	1.5649	-1545.705928	
Sotub09g014840.1.1	Sotub06g033770.1.1	0.7494	254.6	756.4	0.1056	0.0797	0.7551	-1921.909322	
Sotub09g014860.1.1	Sotub06g033790.1.1	0.7671	405.5	1178.5	0.2038	0.1278	0.6272	-3109.892172	
Sotub09g014900.1.1	Sotub06g033810.1.1	1.1989	147.3	536.7	0.2505	0.2430	0.9702	-1464.169108	
Sotub09g014910.1.1	Sotub06g033750.1.1	50.0000	166.8	565.2	0.0063	0.4545	71.5866	-1782.435786	
Sotub09g014930.1.1	Sotub06g033740.1.1	0.7866	262.4	799.6	0.1862	0.1261	0.6770	-2076.192120	
Sotub09g014940.1.1	Sotub06g033710.1.1	0.9692	220.5	589.5	0.2168	0.1629	0.7512	-1628.865941	
Sotub09g014970.1.1	Sotub06g033690.1.1	4.4220	166.0	641.0	0.1125	0.5620	4.9970	-1964.853386	
Sotub09g016670.1.1	Sotub06g011130.1.1	16.5985	141.8	410.2	0.0126	0.2623	20.7724	-1227.363911	
Sotub09g016680.1.1	Sotub06g011140.1.1	4.2392	181.0	785.0	0.1109	0.5647	5.0929	-2379.461182	
Sotub09g016840.1.1	Sotub06g035440.1.1	50.0000	233.7	822.3	0.0104	0.7584	72.6497	-2676.802154	
Sotub09g017070.1.1	Sotub06g035340.1.1	1.0274	185.5	576.5	0.3708	0.2424	0.6536	-1641.420332	
Sotub09g017210.1.1	Sotub06g035320.1.1	0.4315	181.8	721.2	0.0629	0.0360	0.5716	-1521.757055	
Sotub09g017260.1.1	Sotub06g035310.1.1	1.4013	241.9	769.1	0.1819	0.2249	1.2369	-2190.649248	
Sotub09g017280.1.1	Sotub06g035290.1.1	0.9594	305.5	1050.5	0.1355	0.1312	0.9682	-2727.534248	
Sotub09g017340.1.1	Sotub06g035270.1.1	0.9971	300.9	911.1	0.2221	0.1778	0.8005	-2501.439921	
Sotub09g018330.1.1	Sotub06g008180.1.1	0.4862	204.3	707.7	0.1622	0.0751	0.4632	-1639.824975	
Sotub09g018450.1.1	Sotub06g034110.1.1	1.1626	220.9	787.1	0.1318	0.1585	1.2032	-2085.426152	
Sotub09g018490.1.1	Sotub06g008150.1.1	0.5874	1030.8	3220.2	0.1734	0.0908	0.5237	-7935.273708	
Sotub09g018500.1.1	Sotub06g034100.1.1	0.4981	207.7	575.3	0.0645	0.0343	0.5310	-1367.336255	
Sotub09g018510.1.1	Sotub06g008140.1.1	1.2230	228.5	668.5	0.3080	0.2593	0.8418	-1982.976228	
Sotub09g018520.1.1	Sotub06g034090.1.1	0.5229	270.8	833.2	0.0106	0.0073	0.6883	-1806.510000	
Sotub09g018700.1.1	Sotub06g008090.1.1	0.7406	408.3	1247.7	0.2003	0.1244	0.6210	-3231.183951	
Sotub09g018850.1.1	Sotub06g008080.1.1	1.1451	182.0	598.0	0.0697	0.0927	1.3310	-1477.308264	
Sotub09g018870.1.1	Sotub12g016330.1.1	0.1839	136.2	400.8	1.1442	0.0633	0.0554	-842.880655	
Sotub09g018880.1.1	Sotub12g016340.1.1	0.1158	163.3	496.7	0.5528	0.0322	0.0582	-995.176942	
Sotub09g019460.1.1	Sotub06g007100.1.1	0.4753	253.0	890.0	0.0828	0.0459	0.5543	-2028.861378	
Sotub09g019480.1.1	Sotub06g007110.1.1	0.7672	255.0	1026.0	0.1401	0.1151	0.8216	-2479.417652	
Sotub09g019510.1.1	Sotub06g007120.1.1	0.8041	191.3	549.7	0.1434	0.1054	0.7353	-1446.689579	
Sotub09g019530.1.1	Sotub06g007150.1.1	1.8112	121.2	628.8	0.1723	0.3399	1.9730	-1709.338280	
Sotub09g019700.1.1	Sotub06g034920.1.1	50.0000	163.6	610.4	0.0148	1.1052	74.7459	-2035.163892	
Sotub09g019840.1.1	Sotub06g007400.1.1	1.5591	120.4	434.6	0.2981	0.3440	1.1538	-1239.725373	
Sotub09g019910.1.1	Sotub06g034720.1.1	0.6797	132.6	470.4	0.0449	0.0399	0.8888	-1066.841029	
Sotub09g019980.1.1	Sotub06g034700.1.1	0.9121	287.6	765.4	0.1444	0.1161	0.8042	-2089.282692	
Sotub09g020080.1.1	Sotub09g024090.1.1	43.1747	582.9	2195.1	0.0105	0.6906	65.9855	-6925.281371	
Sotub09g020100.1.1	Sotub09g023980.1.1	7.1600	129.3	311.7	0.0658	0.4621	7.0263	-1004.730847	
Sotub09g020120.1.1	Sotub06g016640.1.1	50.0000	105.6	263.4	0.0062	0.3581	57.3302	-856.189751	
Sotub09g020120.1.1	Sotub06g034670.1.1	1.3572	98.4	279.6	0.1196	0.1551	1.2972	-783.512018	
Sotub09g020130.1.1	Sotub06g034650.1.1	1.2150	159.3	467.7	0.3342	0.2689	0.8046	-1376.209482	
Sotub09g020140.1.1	Sotub09g023870.1.1	3.7844	65.4	369.6	0.0823	0.4712	5.7258	-1025.655508	
Sotub09g020180.1.1	Sotub06g034630.1.1	1.2288	108.4	365.6	0.3393	0.2834	0.8352	-1011.889977	
Sotub09g020260.1.1	Sotub09g023720.1.1	4.0354	271.6	832.4	0.1139	0.4617	4.0525	-2704.092051	
Sotub09g020270.1.1	Sotub06g016780.1.1	2.0359	297.3	983.7	0.0678	0.1619	2.3885	-2670.518314	
Sotub09g020270.1.1	Sotub09g023710.1.1	1.8559	293.0	991.0	0.0563	0.1282	2.2774	-2608.212631	
Sotub09g020310.1.1	Sotub09g023550.1.1	3.5397	393.1	1163.9	0.1462	0.4768	3.2618	-3652.624044	
Sotub09g020320.1.1	Sotub06g034580.1.1	0.8227	492.3	1430.7	0.1023	0.0845	0.8257	-3642.176450	
Sotub09g020320.1.1	Sotub09g023510.1.1	1.8148	449.7	1473.3	0.0873	0.1757	2.0114	-4026.902974	
Sotub09g020350.1.1	Sotub09g024560.1.1	5.3422	226.7	706.3	0.0263	0.1780	6.7748	-1959.172951	
Sotub09g020380.1.1	Sotub06g034570.1.1	1.0296	177.4	524.6	0.0979	0.1031	1.0530	-1380.705167	
Sotub09g020380.1.1	Sotub09g024550.1.1	50.0000	201.4	494.6	0.0088	0.4953	56.3775	-1684.577706	
Sotub09g020390.1.1	Sotub06g016810.1.1	7.8941	193.9	673.1	0.0560	0.5518	9.8511	-2148.365192	
Sotub09g020390.1.1	Sotub09g024540.1.1	50.0000	177.3	635.7	0.0074	0.5482	74.4595	-2016.305175	
Sotub09g020400.1.1	Sotub06g034560.1.1	1.1759	239.0	709.0	0.3949	0.2828	0.7160	-2079.960616	
Sotub09g020420.1.1	Sotub06g034540.1.1	2.6684	112.4	370.6	0.1286	0.3451	2.6835	-1105.123673	
Sotub09g020480.1.1	Sotub06g016840.1.1	8.0595	87.9	332.1	0.3072	1.8248	5.9407	-1067.077607	
Sotub09g020480.1.1	Sotub09g024480.1.1	2.3538	163.0	593.0	0.1088	0.2837	2.6073	-1668.551637	
Sotub09g020510.1.1	Sotub01g037170.1.1	50.0000	217.4	850.6	0.0065	0.5151	79.8492	-2614.255028	
Sotub09g020540.1.1	Sotub06g016960.1.1	50.0000	282.8	1007.2	0.0095	0.6966	73.5517	-3245.134276	
Sotub09g020600.1.1	Sotub06g016880.1.1	3.2775	258.1	812.9	0.1083	0.3662	3.3804	-2519.201774	
Sotub09g020620.1.1	Sotub06g016900.1.1	8.4371	290.7	993.3	0.0391	0.4281	10.9579	-3077.730600	
Sotub09g020620.1.1	Sotub06g034530.1.1	3.0623	281.5	993.5	0.1434	0.4402	3.0701	-3040.826567	
Sotub09g020630.1.1	Sotub06g034520.1.1	0.6727	445.9	1288.1	0.1336	0.0840	0.6292	-3237.240961	
Sotub09g020670.1.1	Sotub06g016970.1.1	3.3932	91.7	409.3	0.0567	0.2795	4.9326	-1109.994344	
Sotub09g020670.1.1	Sotub06g034510.1.1	1.0279	81.9	353.1	0.1792	0.1840	1.0267	-882.158251	
Sotub09g020700.1.1	Sotub06g034500.1.1	0.7828	419.3	1329.7	0.1776	0.1237	0.6963	-3458.793055	
Sotub09g020760.1.1	Sotub01g037470.1.1	0.0615	282.5	728.5	0.4495	0.0153	0.0340	-1482.702430	
Sotub09g020770.1.1	Sotub01g037490.1.1	0.0616	138.8	374.2	0.0890	0.0054	0.0612	-736.116055	
Sotub09g020790.1.1	Sotub01g037510.1.1	1.5774	79.5	235.5	0.5358	0.4315	0.8053	-742.035832	
Sotub09g021240.1.1	Sotub06g008290.1.1	1.1705	128.8	393.2	0.3237	0.2575	0.7955	-1121.596947	
Sotub09g021280.1.1	Sotub06g008240.1.1	1.0133	206.0	643.0	0.2711	0.2044	0.7540	-1792.182995	
Sotub09g021290.1.1	Sotub06g008220.1.1	2.5377	225.4	752.6	0.3292	0.5756	1.7484	-2392.322047	
Sotub09g021310.1.1	Sotub01g022790.1.1	1.8596	162.0	531.0	0.1103	0.2149	1.9479	-1494.576313	
Sotub09g021500.1.1	Sotub01g022760.1.1	3.4056	281.4	885.6	0.0400	0.1671	4.1824	-2468.725750	
Sotub09g021600.1.1	Sotub01g022680.1.1	6.4019	249.9	941.1	0.0664	0.5405	8.1347	-2830.752334	
Sotub09g021610.1.1	Sotub01g022650.1.1	3.2483	223.1	763.9	0.0475	0.1955	4.1200	-2145.079449	
Sotub09g021660.1.1	Sotub01g022590.1.1	12.5828	165.8	584.2	0.0259	0.4503	17.3881	-1776.471029	
Sotub09g021690.1.1	Sotub01g022530.1.1	4.6508	296.7	1062.3	0.0454	0.2772	6.1076	-3053.527912	
Sotub09g021710.1.1	Sotub01g022400.1.1	3.9349	347.2	996.8	0.0544	0.2387	4.3914	-2932.542825	
Sotub09g021710.1.1	Sotub01g036150.1.1	27.3829	363.0	981.0	0.0145	0.4702	32.5228	-3224.603955	
Sotub09g021720.1.1	Sotub01g022490.1.1	50.0000	213.3	848.7	0.0100	0.7989	79.7870	-2724.273019	
Sotub09g021720.1.1	Sotub01g036040.1.1	15.8941	198.1	785.9	0.0331	0.7710	23.2596	-2516.890199	
Sotub09g021720.1.1	Sotub06g007880.1.1	50.0000	208.5	859.5	0.0097	0.7996	82.0717	-2729.903761	
Sotub09g021750.1.1	Sotub01g036020.1.1	2.2312	234.2	788.8	0.0610	0.1644	2.6945	-2124.127949	
Sotub09g021850.1.1	Sotub06g034980.1.1	0.6186	423.7	1250.3	0.1842	0.0972	0.5278	-3159.101550	
Sotub09g021910.1.1	Sotub06g034960.1.1	0.6524	274.4	895.6	0.2167	0.1177	0.5432	-2258.008261	
Sotub09g021920.1.1	Sotub06g034950.1.1	0.7597	282.0	894.0	0.2143	0.1348	0.6289	-2325.124980	
Sotub09g022440.1.1	Sotub06g008560.1.1	1.1306	842.9	2736.1	0.4108	0.2817	0.6858	-7758.437975	
Sotub09g022860.1.1	Sotub01g037690.1.1	1.4273	132.9	428.1	0.0389	0.0693	1.7849	-1086.512936	
Sotub09g022870.1.1	Sotub01g037700.1.1	2.5572	196.1	742.9	0.0901	0.2742	3.0428	-2120.960998	
Sotub09g022870.1.1	Sotub06g007560.1.1	2.2023	214.2	730.8	0.0743	0.1921	2.5833	-2028.641521	
Sotub09g022890.1.1	Sotub01g037730.1.1	5.1501	150.4	491.6	0.1204	0.6332	5.2587	-1601.114275	
Sotub09g022890.1.1	Sotub06g007570.1.1	1.2628	158.2	534.8	0.1263	0.1632	1.2920	-1430.336538	
Sotub09g022970.1.1	Sotub06g007630.1.1	0.3975	85.3	313.7	0.0010	0.0006	0.6174	-615.323993	
Sotub09g023000.1.1	Sotub06g008060.1.1	0.7225	312.9	929.1	0.1806	0.1124	0.6222	-2398.118121	
Sotub09g023020.1.1	Sotub01g037930.1.1	2.4835	404.7	1407.3	0.0801	0.2321	2.8996	-4005.136174	
Sotub09g023020.1.1	Sotub06g008050.1.1	0.5886	442.1	1369.9	0.1391	0.0782	0.5620	-3334.853594	
Sotub09g023060.1.1	Sotub01g037960.1.1	2.5095	223.2	712.8	0.0764	0.2154	2.8193	-2040.048540	
Sotub09g023090.1.1	Sotub01g038010.1.1	4.0957	237.0	741.0	0.0483	0.2362	4.8952	-2195.916904	
Sotub09g023320.1.1	Sotub01g036910.1.1	1.5975	461.7	1398.3	0.0962	0.1598	1.6612	-3894.998773	
Sotub09g023400.1.1	Sotub01g036950.1.1	2.3416	306.0	936.0	0.1250	0.2864	2.2920	-2810.268647	
Sotub09g023410.1.1	Sotub01g036960.1.1	2.0191	449.3	1494.7	0.0744	0.1736	2.3345	-4147.686309	
Sotub09g023510.1.1	Sotub09g020320.1.1	1.8148	449.7	1473.3	0.0873	0.1757	2.0114	-4026.902974	
Sotub09g023550.1.1	Sotub09g020310.1.1	3.5397	393.1	1163.9	0.1462	0.4768	3.2618	-3652.624044	
Sotub09g023620.1.1	Sotub01g035760.1.1	10.9480	100.4	337.6	0.0704	0.9061	12.8711	-1099.857396	
Sotub09g023620.1.1	Sotub06g016960.1.1	10.3211	96.6	335.4	0.0823	0.9845	11.9641	-1090.478448	
Sotub09g023710.1.1	Sotub09g020270.1.1	1.8559	293.0	991.0	0.0563	0.1282	2.2774	-2608.212631	
Sotub09g023720.1.1	Sotub09g020260.1.1	4.0354	271.6	832.4	0.1139	0.4617	4.0525	-2704.092051	
Sotub09g023760.1.1	Sotub06g016760.1.1	1.2749	134.7	414.3	0.3488	0.2915	0.8356	-1217.168350	
Sotub09g023790.1.1	Sotub06g016720.1.1	10.4159	114.3	353.7	0.0402	0.5076	12.6407	-1142.473578	
Sotub09g023870.1.1	Sotub09g020140.1.1	3.7844	65.4	369.6	0.0823	0.4712	5.7258	-1025.655508	
Sotub09g023880.1.1	Sotub06g016670.1.1	0.5639	354.2	893.8	0.1427	0.0695	0.4870	-2277.388056	
Sotub09g023980.1.1	Sotub01g035500.1.1	50.0000	133.1	334.9	0.0059	0.3382	57.7557	-1041.929654	
Sotub09g023980.1.1	Sotub09g020100.1.1	7.1600	129.3	311.7	0.0658	0.4621	7.0263	-1004.730847	
Sotub09g024030.1.1	Sotub01g035420.1.1	3.9162	248.7	717.3	0.0399	0.1815	4.5470	-2051.424151	
Sotub09g024090.1.1	Sotub09g020080.1.1	43.1747	582.9	2195.1	0.0105	0.6906	65.9855	-6925.281371	
Sotub09g024100.1.1	Sotub01g035350.1.1	1.3260	197.7	762.3	0.0325	0.0620	1.9068	-1760.399155	
Sotub09g024160.1.1	Sotub01g035300.1.1	3.4857	170.6	657.4	0.0441	0.2126	4.8189	-1759.872323	
Sotub09g024290.1.1	Sotub03g005480.1.1	0.5900	291.2	971.8	0.1007	0.0643	0.6385	-2310.400473	
Sotub09g024360.1.1	Sotub03g005500.1.1	0.7315	168.9	470.1	0.1433	0.0945	0.6594	-1229.630228	
Sotub09g024370.1.1	Sotub03g005510.1.1	0.9008	331.5	1123.5	0.2452	0.1765	0.7197	-2957.242939	
Sotub09g024480.1.1	Sotub09g020480.1.1	2.3538	163.0	593.0	0.1088	0.2837	2.6073	-1668.551637	
Sotub09g024540.1.1	Sotub09g020390.1.1	50.0000	177.3	635.7	0.0074	0.5482	74.4595	-2016.305175	
Sotub09g024550.1.1	Sotub09g020380.1.1	50.0000	201.4	494.6	0.0088	0.4953	56.3775	-1684.577706	
Sotub09g024560.1.1	Sotub09g020350.1.1	5.3422	226.7	706.3	0.0263	0.1780	6.7748	-1959.172951	
Sotub09g024860.1.1	Sotub09g020600.1.1	3.0988	262.2	832.8	0.1349	0.4074	3.0198	-2604.255389	
Sotub09g024890.1.1	Sotub03g005530.1.1	0.8131	370.5	985.5	0.1718	0.1170	0.6809	-2655.611509	
Sotub09g024950.1.1	Sotub03g005540.1.1	1.1016	327.2	1097.8	0.0390	0.0551	1.4143	-2604.983382	
Sotub09g024950.1.1	Sotub09g020620.1.1	8.5748	278.1	1011.9	0.0330	0.3911	11.8368	-3033.167926	
Sotub09g024990.1.1	Sotub03g005550.1.1	1.8603	223.9	658.1	0.1257	0.2242	1.7841	-1943.822678	
Sotub09g025010.1.1	Sotub03g005560.1.1	1.1534	492.9	1517.1	0.1651	0.1717	1.0395	-4165.552585	
Sotub09g025110.1.1	Sotub09g020640.1.1	2.4485	185.4	567.6	0.1104	0.2736	2.4775	-1708.026842	
Sotub09g025160.1.1	Sotub09g020670.1.1	1.7601	91.5	409.5	0.1189	0.2492	2.0966	-1084.199740	
Sotub09g025160.1.1	Sotub12g029500.1.1	3.5113	101.3	393.7	0.1766	0.5988	3.3913	-1207.036478	
Sotub09g025200.1.1	Sotub03g005600.1.1	0.6500	241.1	781.9	0.1580	0.0960	0.6079	-1952.645541	
Sotub09g025260.1.1	Sotub03g005910.1.1	0.6804	175.0	635.0	0.1478	0.1010	0.6834	-1537.584451	
Sotub09g025280.1.1	Sotub12g029460.1.1	0.5931	339.5	1043.5	0.1857	0.0952	0.5127	-2571.554826	
Sotub09g025290.1.1	Sotub12g029450.1.1	0.9783	63.0	270.0	0.1027	0.1228	1.1965	-644.151608	
Sotub09g025350.1.1	Sotub12g029440.1.1	1.0716	164.3	549.7	0.1209	0.1336	1.1051	-1445.104288	
Sotub09g025420.1.1	Sotub03g005900.1.1	0.6521	198.5	653.5	0.1302	0.0850	0.6530	-1556.571933	
Sotub09g025650.1.1	Sotub03g005870.1.1	1.0400	513.8	1739.2	0.1107	0.1224	1.1058	-4429.801453	
Sotub09g025660.1.1	Sotub06g034260.1.1	1.6353	119.2	399.8	0.0991	0.1766	1.7816	-1092.342746	
Sotub09g025660.1.1	Sotub06g034260.1.1	1.6353	119.2	399.8	0.0991	0.1766	1.7816	-1092.342746	
Sotub09g025710.1.1	Sotub06g007100.1.1	1.0603	282.4	968.6	0.0580	0.0758	1.3060	-2400.705516	
Sotub09g025710.1.1	Sotub06g017330.1.1	0.4590	304.0	929.0	0.1310	0.0580	0.4431	-2199.308349	
Sotub09g025710.1.1	Sotub06g034280.1.1	1.2223	277.1	973.9	0.0544	0.0840	1.5439	-2436.997997	
Sotub09g025710.1.1	Sotub06g034280.1.1	1.2223	277.1	973.9	0.0544	0.0840	1.5439	-2436.997997	
Sotub09g025710.1.1	Sotub09g019460.1.1	1.4115	273.3	869.7	0.0529	0.0891	1.6843	-2238.861073	
Sotub09g025750.1.1	Sotub06g007110.1.1	2.9014	279.9	998.1	0.0371	0.1446	3.9007	-2594.900514	
Sotub09g025750.1.1	Sotub09g019480.1.1	2.5814	278.9	999.1	0.0379	0.1315	3.4714	-2568.453533	
Sotub09g025760.1.1	Sotub03g005850.1.1	0.5703	321.8	995.2	0.0980	0.0585	0.5972	-2376.646211	
Sotub09g025780.1.1	Sotub09g019540.1.1	1.6645	102.7	350.3	0.0589	0.1200	2.0374	-924.452918	
Sotub09g025790.1.1	Sotub06g007260.1.1	2.8160	323.5	1068.5	0.1430	0.3924	2.7433	-3297.124634	
Sotub09g025800.1.1	Sotub03g005830.1.1	1.7363	339.0	1008.0	0.1948	0.2836	1.4562	-3077.471446	
Sotub09g025800.1.1	Sotub09g019600.1.1	50.0000	327.7	956.3	0.0078	0.4962	63.8459	-3173.360759	
Sotub09g025820.1.1	Sotub03g005820.1.1	1.6662	129.2	518.8	0.4988	0.4627	0.9276	-1518.792008	
Sotub09g025820.1.1	Sotub05g028100.1.1	4.6445	93.1	536.9	0.0569	0.4489	7.8893	-1477.450940	
Sotub09g025820.1.1	Sotub06g017240.1.1	1.5613	140.0	562.0	0.2564	0.3298	1.2861	-1583.715865	
Sotub09g025820.1.1	Sotub06g034360.1.1	3.8934	127.8	541.2	0.1102	0.5106	4.6321	-1617.210663	
Sotub09g025820.1.1	Sotub06g034360.1.1	3.8934	127.8	541.2	0.1102	0.5106	4.6321	-1617.210663	
Sotub09g025860.1.1	Sotub05g028120.1.1	3.3125	157.2	508.8	0.0820	0.3031	3.6976	-1538.835290	
Sotub09g025860.1.1	Sotub06g017230.1.1	0.8263	192.2	551.8	0.1423	0.1077	0.7569	-1464.189939	
Sotub09g025870.1.1	Sotub09g019420.1.1	5.8859	378.4	1163.6	0.0214	0.1602	7.5026	-3256.620348	
Sotub09g025890.1.1	Sotub05g028130.1.1	28.9375	187.5	700.5	0.0015	0.0677	45.4221	-1695.792527	
Sotub09g025890.1.1	Sotub06g017220.1.1	0.6331	194.6	693.4	0.0697	0.0538	0.7712	-1600.657540	
Sotub09g026020.1.1	Sotub03g005750.1.1	4.2763	90.6	359.4	0.0497	0.2941	5.9131	-988.169103	
Sotub09g026020.1.1	Sotub09g019380.1.1	27.0081	84.0	315.0	0.0076	0.3153	41.5605	-871.219593	
Sotub09g026030.1.1	Sotub03g005740.1.1	2.0021	79.5	331.5	0.1945	0.3706	1.9051	-944.975661	
Sotub09g026050.1.1	Sotub03g005690.1.1	1.7154	106.4	514.6	0.1402	0.2788	1.9888	-1325.255706	
Sotub09g026080.1.1	Sotub03g005680.1.1	1.0096	273.2	752.8	0.1541	0.1367	0.8871	-2047.825178	
Sotub09g026100.1.1	Sotub09g019340.1.1	4.2871	110.9	342.1	0.2126	0.7494	3.5247	-1138.022516	
Sotub09g026390.1.1	Sotub06g017110.1.1	1.7038	81.8	359.2	0.3000	0.3964	1.3215	-1008.082658	
Sotub09g026410.1.1	Sotub06g017120.1.1	1.0249	455.0	1396.0	0.3299	0.2279	0.6907	-3924.800460	
Sotub09g026540.1.1	Sotub03g005650.1.1	3.0356	452.5	1422.5	0.1394	0.4064	2.9152	-4426.580104	
Sotub09g026560.1.1	Sotub03g005630.1.1	0.9948	111.1	338.9	0.3919	0.2398	0.6118	-932.302995	
Sotub09g026570.1.1	Sotub03g005620.1.1	0.8571	769.4	2497.6	0.2993	0.1842	0.6153	-6712.421558	
Sotub09g026570.1.1	Sotub06g017080.1.1	0.9092	738.1	2528.9	0.3181	0.2042	0.6418	-6798.798583	
Sotub09g026730.1.1	Sotub06g016960.1.1	50.0000	273.4	1025.6	0.0098	0.7479	76.3730	-3283.261662	
Sotub09g026760.1.1	Sotub12g029510.1.1	1.1063	334.5	1375.5	0.1305	0.1601	1.2270	-3514.374071	
Sotub09g026850.1.1	Sotub03g005950.1.1	2.6235	353.8	1161.2	0.2281	0.4885	2.1417	-3651.373088	
Sotub09g026860.1.1	Sotub06g016970.1.1	4.4784	107.0	394.0	0.1123	0.5553	4.9449	-1212.268264	
Sotub09g026860.1.1	Sotub12g029500.1.1	1.1726	103.0	395.0	0.3864	0.2942	0.7615	-1083.471953	
Sotub09g026870.1.1	Sotub03g005940.1.1	1.3234	220.5	658.5	0.1579	0.1887	1.1951	-1884.859660	
Sotub09g026870.1.1	Sotub12g029490.1.1	1.1867	217.4	661.6	0.1254	0.1452	1.1578	-1815.162745	
Sotub09g026880.1.1	Sotub03g005930.1.1	1.7168	155.6	591.4	0.2640	0.3620	1.3714	-1668.987562	
Sotub09g026910.1.1	Sotub12g029480.1.1	1.3185	96.2	365.8	0.1961	0.2372	1.2093	-950.327226	
Sotub09g027050.1.1	Sotub12g029720.1.1	1.1945	86.1	405.9	0.2646	0.2678	1.0122	-952.058471	
Sotub09g027080.1.1	Sotub09g018330.1.1	2.1989	203.4	702.6	0.0575	0.1566	2.7239	-1884.639341	
Sotub09g027110.1.1	Sotub12g029730.1.1	0.9209	516.8	1751.2	0.4058	0.2302	0.5672	-4677.761279	
Sotub09g027120.1.1	Sotub09g018380.1.1	3.8054	115.6	526.4	0.0823	0.4217	5.1236	-1471.324628	
Sotub09g027120.1.1	Sotub12g029740.1.1	3.4825	113.3	528.7	0.0692	0.3439	4.9717	-1419.844904	
Sotub09g027270.1.1	Sotub12g029750.1.1	0.8254	149.1	567.9	0.0923	0.0903	0.9788	-1331.559471	
Sotub09g027670.1.1	Sotub09g018630.1.1	7.2511	104.6	393.4	0.3223	1.6767	5.2016	-1326.183775	
Sotub09g027670.1.1	Sotub12g029860.1.1	50.0000	104.3	393.7	0.0179	1.3351	74.5603	-1317.333632	
Sotub09g027740.1.1	Sotub06g034050.1.1	1.9729	260.2	921.8	0.0479	0.1224	2.5540	-2425.750310	
Sotub09g027740.1.1	Sotub09g018660.1.1	1.8614	258.6	941.4	0.0521	0.1261	2.4199	-2462.226952	
Sotub09g027780.1.1	Sotub09g018720.1.1	5.2734	468.5	1895.5	0.1043	0.6506	6.2377	-5956.045681	
Sotub09g027790.1.1	Sotub09g018750.1.1	2.5110	346.7	1015.3	0.0374	0.1107	2.9636	-2717.548848	
Sotub09g027860.1.1	Sotub12g029760.1.1	1.3277	239.7	690.3	0.1416	0.1727	1.2196	-1932.249703	
Sotub09g027940.1.1	Sotub06g034010.1.1	1.9852	157.0	503.0	0.1098	0.2259	2.0578	-1433.005016	
Sotub09g027940.1.1	Sotub09g018840.1.1	2.3017	171.3	539.7	0.1119	0.2635	2.3539	-1583.195296	
Sotub09g027950.1.1	Sotub09g018850.1.1	4.0496	153.1	611.9	0.0299	0.1800	6.0252	-1627.199880	
Sotub09g027960.1.1	Sotub06g034000.1.1	1.7259	150.5	503.5	0.0413	0.0907	2.1960	-1263.855459	
Sotub09g027960.1.1	Sotub12g029940.1.1	1.0788	145.5	508.5	0.0712	0.0921	1.2945	-1248.796329	
Sotub09g028020.1.1	Sotub01g021090.1.1	1.1865	113.3	396.7	0.6303	0.3499	0.5551	-1124.522848	
Sotub09g028020.1.1	Sotub09g013360.1.1	1.7214	76.7	268.3	0.3951	0.4281	1.0834	-777.682056	
Sotub09g028030.1.1	Sotub01g021100.1.1	1.2016	118.5	418.5	0.3968	0.2999	0.7559	-1183.832788	
Sotub09g028030.1.1	Sotub09g013350.1.1	2.8726	79.2	253.8	0.5227	0.7866	1.5050	-833.008003	
Sotub09g028030.1.1	Sotub12g029930.1.1	3.7719	112.8	424.2	0.1929	0.6691	3.4688	-1304.340645	
Sotub09g028250.1.1	Sotub12g030070.1.1	1.8602	168.8	740.2	0.2090	0.3642	1.7424	-2029.962827	
Sotub09g028260.1.1	Sotub12g030060.1.1	0.5930	160.7	454.3	0.0225	0.0160	0.7113	-1054.984136	
Sotub09g028290.1.1	Sotub12g030040.1.1	1.2971	111.7	410.3	0.2619	0.2698	1.0300	-1150.726175	
Sotub09g028450.1.1	Sotub01g021450.1.1	50.0000	190.6	736.4	0.0095	0.7427	78.2049	-2365.153982	
Sotub09g028450.1.1	Sotub04g022830.1.1	50.0000	184.8	673.2	0.0121	0.8971	74.1234	-2223.891980	
Sotub09g028640.1.1	Sotub12g030340.1.1	1.6165	240.8	782.2	0.2103	0.2860	1.3602	-2335.062082	
Sotub09g028770.1.1	Sotub12g030300.1.1	1.6332	119.4	543.6	0.1645	0.2843	1.7285	-1442.464199	
Sotub09g028780.1.1	Sotub12g030260.1.1	0.3750	217.0	656.0	0.0375	0.0169	0.4517	-1413.218713	
Sotub09g028840.1.1	Sotub12g030240.1.1	2.2256	318.4	935.6	0.0287	0.0773	2.6949	-2440.167375	
Sotub09g030140.1.1	Sotub12g030490.1.1	0.9498	426.1	1568.9	0.2412	0.1894	0.7851	-4158.034572	
Sotub09g030150.1.1	Sotub06g033600.1.1	3.1619	150.4	629.6	0.1348	0.4711	3.4941	-1860.451869	
Sotub09g030150.1.1	Sotub12g030480.1.1	1.9810	112.6	559.4	0.2367	0.4287	1.8111	-1521.191041	
Sotub09g030170.1.1	Sotub06g033570.1.1	9.0960	145.8	538.2	0.0507	0.6072	11.9827	-1690.734076	
Sotub09g030280.1.1	Sotub06g033340.1.1	8.5560	198.0	756.0	0.0876	0.9021	10.2992	-2441.923395	
Sotub09g031030.1.1	Sotub12g030730.1.1	0.5209	138.4	464.6	0.2408	0.1008	0.4183	-1129.834205	
Sotub09g031080.1.1	Sotub12g030720.1.1	0.7895	222.0	741.0	0.1480	0.1131	0.7642	-1880.018657	
Sotub09g031140.1.1	Sotub12g030600.1.1	0.9387	630.2	1904.8	0.2628	0.1843	0.7014	-5150.898568	
Sotub09g031180.1.1	Sotub12g030590.1.1	0.9082	206.1	792.9	0.1597	0.1451	0.9089	-1982.048697	
Sotub09g031300.1.1	Sotub12g030550.1.1	0.7915	181.6	517.4	0.1420	0.1027	0.7230	-1360.048534	
Sotub09g031360.1.1	Sotub12g030540.1.1	0.4693	241.0	719.0	0.0442	0.0243	0.5506	-1620.881879	
Sotub09g031450.1.1	Sotub12g030430.1.1	4.1198	111.6	293.4	0.1984	0.6498	3.2754	-991.116547	
Sotub10g005040.1.1	Sotub07g026230.1.1	0.7507	162.0	489.0	0.2123	0.1301	0.6128	-1274.197971	
Sotub10g005050.1.1	Sotub07g026220.1.1	0.7025	404.6	1098.4	0.1155	0.0765	0.6623	-2830.495441	
Sotub10g005070.1.1	Sotub07g026130.1.1	1.5126	104.5	288.5	0.0010	0.0019	1.8910	-642.446467	
Sotub10g005120.1.1	Sotub12g012700.1.1	0.7306	289.6	997.4	0.2132	0.1331	0.6241	-2502.940938	
Sotub10g005160.1.1	Sotub07g025920.1.1	0.6430	341.0	958.0	0.0835	0.0552	0.6612	-2367.882987	
Sotub10g005180.1.1	Sotub07g025970.1.1	0.7527	107.1	405.9	0.1867	0.1314	0.7037	-984.964796	
Sotub10g005200.1.1	Sotub07g026000.1.1	1.1941	122.2	372.8	0.3298	0.2650	0.8037	-1076.809811	
Sotub10g005200.1.1	Sotub12g012760.1.1	1.1129	119.5	375.5	0.1990	0.1881	0.9454	-1020.443233	
Sotub10g005220.1.1	Sotub07g026020.1.1	1.3427	242.1	816.9	0.4211	0.3405	0.8087	-2403.436848	
Sotub10g005220.1.1	Sotub12g012800.1.1	1.3573	238.4	823.6	0.3449	0.3172	0.9197	-2381.413937	
Sotub10g005380.1.1	Sotub12g013050.1.1	4.3651	87.9	323.1	0.5617	1.2470	2.2201	-1054.704414	
Sotub10g005470.1.1	Sotub07g028960.1.1	1.4995	122.6	327.4	0.1226	0.1694	1.3822	-943.763719	
Sotub10g005480.1.1	Sotub07g028950.1.1	0.9308	303.7	908.3	0.1607	0.1344	0.8362	-2440.057205	
Sotub10g005480.1.1	Sotub11g007250.1.1	50.0000	310.8	898.2	0.0051	0.3253	63.8858	-2820.296795	
Sotub10g005480.1.1	Sotub12g013110.1.1	1.1107	321.1	890.9	0.1313	0.1345	1.0244	-2465.443284	
Sotub10g005490.1.1	Sotub07g028940.1.1	0.7360	385.9	1234.1	0.1270	0.0930	0.7324	-3065.313552	
Sotub10g005490.1.1	Sotub11g007230.1.1	2.4201	388.9	1228.1	0.0653	0.1816	2.7804	-3419.628949	
Sotub10g005490.1.1	Sotub12g013120.1.1	0.6207	383.0	1237.0	0.1338	0.0818	0.6110	-3005.431840	
Sotub10g005540.1.1	Sotub12g013290.1.1	0.7267	191.8	672.2	0.2123	0.1328	0.6256	-1670.086065	
Sotub10g005550.1.1	Sotub07g028540.1.1	1.3516	170.7	798.3	0.0681	0.1321	1.9393	-1897.892250	
Sotub10g005570.1.1	Sotub07g028490.1.1	0.6474	167.5	537.5	0.1695	0.0997	0.5883	-1331.363884	
Sotub10g005580.1.1	Sotub07g028430.1.1	0.8102	268.4	718.6	0.2306	0.1416	0.6139	-1934.014350	
Sotub10g005590.1.1	Sotub07g028390.1.1	1.1288	282.5	935.5	0.3162	0.2506	0.7925	-2465.402053	
Sotub10g005610.1.1	Sotub07g028370.1.1	3.4517	294.7	1133.3	0.0758	0.3271	4.3170	-3186.297748	
Sotub10g005630.1.1	Sotub07g017310.1.1	50.0000	228.2	650.8	0.0051	0.3255	63.2561	-2023.517330	
Sotub10g005630.1.1	Sotub07g028350.1.1	2.8790	235.3	643.7	0.0594	0.1832	3.0839	-1861.648379	
Sotub10g005630.1.1	Sotub12g011520.1.1	6.9506	204.3	647.7	0.0460	0.3876	8.4347	-2008.470913	
Sotub10g005630.1.1	Sotub12g013390.1.1	4.2671	130.4	331.6	0.0941	0.3829	4.0670	-1068.603216	
Sotub10g005630.1.1	Sotub12g013390.1.1	4.2671	130.4	331.6	0.0941	0.3829	4.0670	-1068.603216	
Sotub10g005640.1.1	Sotub07g017350.1.1	3.0915	89.6	324.4	0.0838	0.3063	3.6537	-936.868938	
Sotub10g005640.1.1	Sotub12g013410.1.1	0.9888	95.7	318.3	0.1707	0.1553	0.9094	-840.462955	
Sotub10g005640.1.1	Sotub12g013410.1.1	0.9888	95.7	318.3	0.1707	0.1553	0.9094	-840.462955	
Sotub10g005670.1.1	Sotub07g027880.1.1	0.7685	1039.8	3106.2	0.2215	0.1362	0.6147	-8187.209773	
Sotub10g005710.1.1	Sotub07g027940.1.1	0.4367	246.6	833.4	0.0678	0.0352	0.5186	-1851.262175	
Sotub10g005730.1.1	Sotub07g027990.1.1	0.4766	74.0	355.0	0.0245	0.0202	0.8239	-692.122900	
Sotub10g005730.1.1	Sotub12g013560.1.1	0.8114	98.3	330.7	0.0322	0.0343	1.0649	-728.665391	
Sotub10g005730.1.1	Sotub12g013560.1.1	0.8114	98.3	330.7	0.0322	0.0343	1.0649	-728.665391	
Sotub10g005740.1.1	Sotub07g028000.1.1	0.5963	151.5	481.5	0.0506	0.0362	0.7153	-1094.433471	
Sotub10g005740.1.1	Sotub12g013550.1.1	0.4327	156.4	476.6	0.0667	0.0324	0.4852	-1057.180759	
Sotub10g005740.1.1	Sotub12g013550.1.1	0.4327	156.4	476.6	0.0667	0.0324	0.4852	-1057.180759	
Sotub10g005770.1.1	Sotub12g013540.1.1	0.8031	142.0	461.0	0.3343	0.1822	0.5451	-1223.396040	
Sotub10g005770.1.1	Sotub12g013540.1.1	0.8031	142.0	461.0	0.3343	0.1822	0.5451	-1223.396040	
Sotub10g005800.1.1	Sotub07g028020.1.1	0.9406	155.5	483.5	0.0630	0.0679	1.0774	-1149.651771	
Sotub10g005810.1.1	Sotub07g028030.1.1	1.0002	448.2	1351.8	0.1497	0.1381	0.9224	-3588.544943	
Sotub10g005810.1.1	Sotub12g013520.1.1	0.8271	462.1	1337.9	0.1864	0.1300	0.6974	-3543.289353	
Sotub10g005830.1.1	Sotub07g028110.1.1	0.6488	316.3	961.7	0.1063	0.0702	0.6603	-2379.837075	
Sotub10g005870.1.1	Sotub07g027700.1.1	0.7403	179.6	519.4	0.2217	0.1297	0.5852	-1379.575382	
Sotub10g005880.1.1	Sotub07g027670.1.1	1.1050	165.1	449.9	0.4644	0.2813	0.6057	-1304.963961	
Sotub10g005900.1.1	Sotub12g013800.1.1	1.1276	450.9	1661.1	0.3641	0.2738	0.7519	-4531.661258	
Sotub10g005910.1.1	Sotub07g027630.1.1	0.6166	153.8	404.2	0.0507	0.0334	0.6581	-971.983633	
Sotub10g005920.1.1	Sotub07g027620.1.1	2.2742	113.7	417.3	0.3985	0.5728	1.4375	-1315.531380	
Sotub10g005920.1.1	Sotub12g013320.1.1	50.0000	120.7	410.3	0.0082	0.5841	71.3583	-1332.838337	
Sotub10g006010.1.1	Sotub07g027490.1.1	0.9579	269.6	948.4	0.1875	0.1630	0.8693	-2486.372345	
Sotub10g006020.1.1	Sotub03g007600.1.1	3.3027	218.3	729.7	0.1815	0.5401	2.9752	-2352.523353	
Sotub10g006020.1.1	Sotub03g008620.1.1	50.0000	150.4	527.6	0.0105	0.7611	72.4740	-1745.073674	
Sotub10g006020.1.1	Sotub07g028290.1.1	50.0000	219.7	743.3	0.0102	0.7171	70.6292	-2465.132645	
Sotub10g006080.1.1	Sotub10g005070.1.1	50.0000	94.8	298.2	0.0018	0.1270	68.7079	-796.736747	
Sotub10g006170.1.1	Sotub03g007740.1.1	1.3457	109.3	361.7	0.2037	0.2352	1.1550	-1019.243971	
Sotub10g006190.1.1	Sotub02g022260.1.1	2.5255	126.7	605.3	0.1535	0.4307	2.8052	-1728.462392	
Sotub10g006200.1.1	Sotub02g022290.1.1	0.9770	304.3	838.7	0.1859	0.1504	0.8088	-2315.387925	
Sotub10g006210.1.1	Sotub01g036440.1.1	6.4099	234.2	803.8	0.1305	0.8537	6.5394	-2681.893506	
Sotub10g006210.1.1	Sotub02g022520.1.1	4.7068	234.7	830.3	0.0662	0.3818	5.7696	-2535.485429	
Sotub10g006210.1.1	Sotub02g023040.1.1	10.4242	243.1	827.9	0.0361	0.4925	13.6317	-2613.542240	
Sotub10g006210.1.1	Sotub03g007860.1.1	4.3753	181.5	607.5	0.0755	0.3821	5.0597	-1878.723776	
Sotub10g006220.1.1	Sotub02g022860.1.1	50.0000	183.7	620.3	0.0103	0.7228	70.4966	-2016.448916	
Sotub10g006270.1.1	Sotub02g023290.1.1	1.3767	103.0	326.0	0.2858	0.2868	1.0036	-951.430635	
Sotub10g006290.1.1	Sotub02g023300.1.1	2.1124	64.0	248.0	0.4173	0.5473	1.3116	-750.119439	
Sotub10g006300.1.1	Sotub02g023350.1.1	1.1462	161.5	627.5	0.1381	0.1677	1.2146	-1603.272148	
Sotub10g006300.1.1	Sotub03g008310.1.1	0.7437	149.3	639.7	0.1156	0.1013	0.8759	-1461.724031	
Sotub10g006310.1.1	Sotub02g023430.1.1	0.7855	88.5	304.5	0.4768	0.2099	0.4403	-792.267878	
Sotub10g006320.1.1	Sotub02g023450.1.1	1.0130	230.5	786.5	0.0778	0.0915	1.1773	-1939.804981	
Sotub10g006320.1.1	Sotub03g008270.1.1	0.9115	234.2	782.8	0.0715	0.0761	1.0647	-1906.417334	
Sotub10g006320.1.1	Sotub10g005140.1.1	4.8316	230.0	787.0	0.0861	0.4734	5.5016	-2449.346625	
Sotub10g006330.1.1	Sotub07g025920.1.1	50.0000	298.3	970.7	0.0040	0.2815	69.9895	-2892.612701	
Sotub10g006330.1.1	Sotub10g005160.1.1	50.0000	308.6	987.4	0.0044	0.3018	69.0359	-2984.981987	
Sotub10g006340.1.1	Sotub02g023460.1.1	1.4430	123.2	374.8	0.1753	0.2222	1.2679	-1066.760935	
Sotub10g006340.1.1	Sotub03g008260.1.1	1.2487	124.2	373.8	0.2608	0.2439	0.9350	-1078.826996	
Sotub10g006460.1.1	Sotub02g025500.1.1	1.4213	307.2	961.8	0.0595	0.0982	1.6495	-2511.278085	
Sotub10g006470.1.1	Sotub02g025480.1.1	1.2695	210.7	740.3	0.2751	0.2672	0.9713	-2084.787892	
Sotub10g006480.1.1	Sotub02g025460.1.1	1.3027	536.6	1923.4	0.3636	0.3143	0.8643	-5477.454743	
Sotub10g006510.1.1	Sotub03g008180.1.1	1.5124	266.2	906.8	0.3744	0.3655	0.9763	-2643.329407	
Sotub10g006520.1.1	Sotub03g008190.1.1	0.6467	243.7	821.3	0.1383	0.0889	0.6426	-2004.390123	
Sotub10g006570.1.1	Sotub01g036140.1.1	42.9877	282.4	1049.6	0.0105	0.6845	65.0314	-3338.482956	
Sotub10g006660.1.1	Sotub07g026260.1.1	1.4439	133.2	445.8	0.3550	0.3394	0.9561	-1323.982368	
Sotub10g006740.1.1	Sotub07g026360.1.1	0.6652	147.7	419.3	0.1064	0.0696	0.6540	-1057.359685	
Sotub10g006750.1.1	Sotub07g026440.1.1	0.7315	187.4	592.6	0.0087	0.0086	0.9876	-1306.108722	
Sotub10g006790.1.1	Sotub06g015220.1.1	0.8727	116.7	327.3	0.2390	0.1584	0.6627	-880.870959	
Sotub10g006790.1.1	Sotub07g026480.1.1	1.7170	110.5	333.5	0.1072	0.1862	1.7371	-907.980969	
Sotub10g006790.1.1	Sotub12g012570.1.1	0.8727	116.7	327.3	0.2390	0.1584	0.6627	-880.870959	
Sotub10g006870.1.1	Sotub02g022780.1.1	3.5231	149.2	552.8	0.1874	0.6112	3.2615	-1712.463070	
Sotub10g006870.1.1	Sotub07g026500.1.1	1.1626	146.5	552.5	0.2868	0.2548	0.8882	-1491.536104	
Sotub10g006880.1.1	Sotub02g022770.1.1	1.5352	156.7	446.3	0.0309	0.0560	1.8093	-1121.866577	
Sotub10g006920.1.1	Sotub07g020540.1.1	50.0000	228.2	767.8	0.0113	0.7943	70.0835	-2571.461401	
Sotub10g006940.1.1	Sotub01g035760.1.1	50.0000	275.8	1053.2	0.0104	0.8005	77.2539	-3387.261225	
Sotub10g006940.1.1	Sotub02g022240.1.1	8.1936	282.1	1046.9	0.0700	0.7149	10.2155	-3354.887440	
Sotub10g006940.1.1	Sotub12g006280.1.1	50.0000	273.3	1037.7	0.0096	0.7415	77.1204	-3308.848217	
Sotub10g007020.1.1	Sotub02g022040.1.1	16.3274	179.4	549.6	0.0707	1.2857	18.1731	-1880.700806	
Sotub10g007020.1.1	Sotub07g026750.1.1	0.6576	224.0	658.0	0.3991	0.1586	0.3973	-1709.652372	
Sotub10g007050.1.1	Sotub07g026800.1.1	0.9674	327.1	1010.9	0.2619	0.1909	0.7290	-2761.073697	
Sotub10g007060.1.1	Sotub12g006170.1.1	0.8226	140.5	402.5	0.2855	0.1664	0.5829	-1107.559899	
Sotub10g007110.1.1	Sotub07g026930.1.1	2.0897	153.8	608.2	0.1903	0.3748	1.9694	-1774.956789	
Sotub10g007110.1.1	Sotub12g006050.1.1	50.0000	142.1	619.9	0.0070	0.6043	86.7135	-1901.902091	
Sotub10g007130.1.1	Sotub12g005670.1.1	0.9333	293.5	873.5	0.1604	0.1343	0.8373	-2364.288106	
Sotub10g007180.1.1	Sotub07g024010.1.1	1.0940	154.5	421.5	0.3335	0.2374	0.7118	-1253.455225	
Sotub10g007190.1.1	Sotub07g024020.1.1	1.0703	148.5	361.5	0.2267	0.1790	0.7895	-1066.650759	
Sotub10g007190.1.1	Sotub12g005610.1.1	0.9944	144.4	365.6	0.2606	0.1838	0.7053	-1068.246879	
Sotub10g007220.1.1	Sotub12g005600.1.1	1.2307	311.9	1002.1	0.3172	0.2715	0.8560	-2877.175634	
Sotub10g007250.1.1	Sotub07g024110.1.1	0.9418	172.5	541.5	0.2103	0.1646	0.7827	-1472.131241	
Sotub10g007250.1.1	Sotub12g005570.1.1	1.1245	283.9	919.1	0.1706	0.1746	1.0232	-2495.590559	
Sotub10g007350.1.1	Sotub07g027170.1.1	11.9826	187.9	622.1	0.0973	1.2673	13.0225	-2136.354679	
Sotub10g007390.1.1	Sotub07g023280.1.1	1.9914	212.0	661.0	0.1420	0.2690	1.8948	-1835.972451	
Sotub10g007400.1.1	Sotub07g023300.1.1	0.6561	588.7	1787.3	0.2277	0.1188	0.5219	-4584.783954	
Sotub10g007410.1.1	Sotub07g023310.1.1	0.5427	246.9	710.1	0.0864	0.0485	0.5616	-1706.122378	
Sotub10g007450.1.1	Sotub07g023400.1.1	0.9722	225.7	767.3	0.1251	0.1251	1.0004	-1955.912555	
Sotub10g007470.1.1	Sotub07g023510.1.1	0.4161	131.9	429.1	0.0830	0.0385	0.4645	-967.541524	
Sotub10g007510.1.1	Sotub07g023600.1.1	1.0329	111.6	386.4	0.0686	0.0852	1.2412	-939.527894	
Sotub10g007520.1.1	Sotub07g023690.1.1	1.5625	142.8	499.2	0.1191	0.1968	1.6533	-1361.235901	
Sotub10g007520.1.1	Sotub07g025740.1.1	50.0000	150.7	491.3	0.0035	0.2429	70.2247	-1403.265295	
Sotub10g007550.1.1	Sotub07g025720.1.1	0.6189	276.7	710.3	0.1429	0.0769	0.5384	-1830.139498	
Sotub10g007560.1.1	Sotub07g025710.1.1	0.7231	132.5	308.5	0.1127	0.0716	0.6357	-822.275518	
Sotub10g007570.1.1	Sotub07g025660.1.1	0.8784	194.7	693.3	0.1569	0.1344	0.8567	-1764.527491	
Sotub10g007590.1.1	Sotub07g025590.1.1	0.9040	108.5	419.5	0.0898	0.0978	1.0886	-1005.242740	
Sotub10g007660.1.1	Sotub07g025250.1.1	0.5571	254.0	826.0	0.0890	0.0545	0.6122	-1918.878535	
Sotub10g007670.1.1	Sotub07g025200.1.1	1.8472	95.8	312.2	0.2085	0.3256	1.5616	-936.820052	
Sotub10g007680.1.1	Sotub07g025180.1.1	0.5990	456.3	1499.7	0.0921	0.0605	0.6570	-3550.072626	
Sotub10g007720.1.1	Sotub07g025080.1.1	34.8052	220.7	805.3	0.0080	0.4176	52.4089	-2432.779734	
Sotub10g007720.1.1	Sotub12g005020.1.1	8.2567	217.7	766.3	0.0356	0.3936	11.0542	-2324.251171	
Sotub10g007750.1.1	Sotub07g025020.1.1	1.3138	242.6	750.4	0.2329	0.2427	1.0418	-2157.922517	
Sotub10g007840.1.1	Sotub07g024920.1.1	2.3814	185.8	693.2	0.2737	0.5086	1.8580	-2125.459799	
Sotub10g007870.1.1	Sotub07g024880.1.1	0.9863	360.0	1287.0	0.1550	0.1500	0.9678	-3302.354589	
Sotub10g007870.1.1	Sotub12g005120.1.1	0.7958	365.7	1281.3	0.1710	0.1278	0.7470	-3203.225420	
Sotub10g007910.1.1	Sotub07g022100.1.1	1.6717	691.3	2194.7	0.0344	0.0721	2.0974	-5587.725806	
Sotub10g007910.1.1	Sotub07g024710.1.1	0.5396	713.0	2176.0	0.1216	0.0646	0.5315	-5268.461874	
Sotub10g007910.1.1	Sotub12g005140.1.1	0.4947	732.1	2156.9	0.0731	0.0392	0.5355	-5058.840849	
Sotub10g007930.1.1	Sotub07g024680.1.1	2.0688	106.0	344.0	0.1384	0.2796	2.0200	-991.867866	
Sotub10g007930.1.1	Sotub12g005150.1.1	1.3425	103.0	344.0	0.1688	0.2096	1.2421	-944.798192	
Sotub10g007940.1.1	Sotub07g024670.1.1	0.3797	104.9	324.1	0.0061	0.0031	0.5083	-682.716391	
Sotub10g007950.1.1	Sotub07g024660.1.1	1.4604	305.2	1062.8	0.2560	0.2953	1.1535	-3054.296190	
Sotub10g008060.1.1	Sotub12g005160.1.1	0.8891	163.7	508.3	0.1246	0.1093	0.8772	-1339.525552	
Sotub10g008290.1.1	Sotub07g022450.1.1	2.1384	316.9	1033.1	0.1131	0.2509	2.2187	-2979.817679	
Sotub10g008350.1.1	Sotub07g022410.1.1	50.0000	278.5	1053.5	0.0085	0.6576	77.2160	-3315.516013	
Sotub10g008360.1.1	Sotub07g022400.1.1	0.5791	569.2	1881.8	0.0896	0.0575	0.6412	-4388.535079	
Sotub10g008400.1.1	Sotub07g022350.1.1	0.5720	145.0	398.0	0.0010	0.0007	0.7120	-882.486964	
Sotub10g008410.1.1	Sotub07g022260.1.1	0.6171	128.1	384.9	0.1132	0.0696	0.6148	-949.356206	
Sotub10g008650.1.1	Sotub07g021620.1.1	1.6500	180.8	629.2	0.1755	0.2685	1.5297	-1805.074722	
Sotub10g008660.1.1	Sotub07g021600.1.1	0.6689	604.1	1819.9	0.1625	0.0976	0.6005	-4623.604245	
Sotub10g008680.1.1	Sotub07g021530.1.1	2.4347	303.8	935.2	0.1373	0.3194	2.3268	-2823.809198	
Sotub10g008690.1.1	Sotub07g021460.1.1	1.0495	349.2	1066.8	0.1940	0.1728	0.8907	-2890.213496	
Sotub10g008700.1.1	Sotub07g021420.1.1	0.6833	232.2	742.8	0.1096	0.0776	0.7080	-1817.832058	
Sotub10g008840.1.1	Sotub10g006940.1.1	13.8925	241.6	889.4	0.0397	0.7504	18.9196	-2888.507688	
Sotub10g008890.1.1	Sotub07g020090.1.1	1.0370	155.5	444.5	0.3332	0.2276	0.6832	-1268.423727	
Sotub10g008910.1.1	Sotub07g020130.1.1	1.1136	181.5	718.5	0.1762	0.1911	1.0845	-1850.697689	
Sotub10g008920.1.1	Sotub07g020150.1.1	0.8748	92.2	351.8	0.2514	0.1802	0.7168	-882.959685	
Sotub10g008960.1.1	Sotub07g019910.1.1	0.6421	289.0	923.0	0.1017	0.0689	0.6775	-2231.643195	
Sotub10g008990.1.1	Sotub07g019850.1.1	0.6625	130.7	430.3	0.1083	0.0757	0.6989	-1031.831858	
Sotub10g009010.1.1	Sotub02g021400.1.1	3.0208	219.9	680.1	0.0787	0.2609	3.3148	-2009.314015	
Sotub10g009020.1.1	Sotub07g023870.1.1	3.1492	256.5	907.5	0.0673	0.2588	3.8474	-2600.671842	
Sotub10g009040.1.1	Sotub07g019750.1.1	1.5039	189.9	518.1	0.1353	0.1847	1.3654	-1499.304400	
Sotub10g009080.1.1	Sotub02g021150.1.1	3.2173	126.5	413.5	0.1531	0.4672	3.0508	-1328.177728	
Sotub10g009080.1.1	Sotub07g019640.1.1	1.5172	125.0	409.0	0.2842	0.3181	1.1194	-1220.738486	
Sotub10g009080.1.1	Sotub07g024010.1.1	3.1643	127.3	403.7	0.1655	0.4776	2.8859	-1309.404899	
Sotub10g009080.1.1	Sotub10g007180.1.1	2.3839	130.7	397.3	0.3047	0.5078	1.6667	-1302.582851	
Sotub10g009100.1.1	Sotub07g024020.1.1	3.1943	142.5	367.5	0.1537	0.4194	2.7291	-1224.967100	
Sotub10g009100.1.1	Sotub10g007190.1.1	5.8127	142.5	373.5	0.0745	0.4371	5.8690	-1252.926981	
Sotub10g009220.1.1	Sotub02g021700.1.1	0.5618	180.9	530.1	0.1508	0.0770	0.5104	-1302.404272	
Sotub10g009230.1.1	Sotub02g021680.1.1	0.7048	224.6	777.4	0.1215	0.0896	0.7378	-1893.696163	
Sotub10g009240.1.1	Sotub02g021670.1.1	1.1797	248.5	726.5	0.3518	0.2676	0.7606	-2137.769270	
Sotub10g009420.1.1	Sotub02g021290.1.1	0.5847	168.6	572.4	0.1189	0.0725	0.6102	-1363.688184	
Sotub10g009430.1.1	Sotub02g021310.1.1	1.0451	291.6	845.4	0.2015	0.1728	0.8575	-2347.073416	
Sotub10g009480.1.1	Sotub02g020410.1.1	1.3941	150.8	452.2	0.1105	0.1542	1.3956	-1233.712361	
Sotub10g009490.1.1	Sotub02g021360.1.1	14.5667	177.7	704.3	0.0381	0.7974	20.9365	-2229.536615	
Sotub10g009500.1.1	Sotub02g020460.1.1	0.6653	782.0	2350.0	0.1563	0.0944	0.6043	-5876.441420	
Sotub10g009540.1.1	Sotub02g020640.1.1	0.8576	127.1	364.9	0.1873	0.1348	0.7198	-971.042088	
Sotub10g009560.1.1	Sotub02g020680.1.1	0.5875	323.2	1068.8	0.1650	0.0900	0.5457	-2579.195082	
Sotub10g009850.1.1	Sotub01g033020.1.1	0.4882	256.9	673.1	0.1528	0.0643	0.4207	-1674.282203	
Sotub10g009940.1.1	Sotub01g032940.1.1	0.4875	125.0	298.0	0.0338	0.0172	0.5089	-695.634049	
Sotub10g009940.1.1	Sotub05g022520.1.1	0.4833	102.4	320.6	0.0371	0.0221	0.5961	-719.436138	
Sotub10g009940.1.1	Sotub12g024200.1.1	1.9114	105.6	317.4	0.0090	0.0224	2.4851	-757.100731	
Sotub10g009980.1.1	Sotub01g032920.1.1	0.6803	230.9	654.1	0.2800	0.1357	0.4847	-1748.710234	
Sotub10g010010.1.1	Sotub01g032850.1.1	0.6021	120.0	366.0	0.0902	0.0575	0.6376	-875.632435	
Sotub10g010010.1.1	Sotub12g024140.1.1	22.3181	95.3	336.7	0.0392	1.1601	29.6292	-1136.258723	
Sotub10g010050.1.1	Sotub01g032640.1.1	0.7436	170.1	447.9	0.1367	0.0905	0.6623	-1176.179934	
Sotub10g010060.1.1	Sotub01g032620.1.1	1.1806	108.8	335.2	0.1231	0.1433	1.1641	-920.364967	
Sotub10g010080.1.1	Sotub01g032580.1.1	1.5846	122.7	357.3	0.1715	0.2364	1.3783	-1037.316479	
Sotub10g010160.1.1	Sotub01g032450.1.1	0.9869	671.5	2187.5	0.3783	0.2374	0.6274	-6066.490760	
Sotub10g010180.1.1	Sotub01g032360.1.1	0.7426	194.5	585.5	0.2361	0.1370	0.5802	-1532.805223	
Sotub10g010190.1.1	Sotub01g032260.1.1	1.4865	147.5	518.5	0.1789	0.2457	1.3735	-1480.061398	
Sotub10g010320.1.1	Sotub01g032060.1.1	50.0000	230.3	762.7	0.0128	0.8799	68.9614	-2587.576172	
Sotub10g013450.1.1	Sotub01g044580.1.1	0.5693	203.4	666.6	0.2122	0.1016	0.4788	-1644.797469	
Sotub10g013460.1.1	Sotub01g044590.1.1	0.6601	121.5	346.5	0.2603	0.1266	0.4865	-906.805963	
Sotub10g013560.1.1	Sotub01g044810.1.1	2.7146	86.0	259.0	0.0960	0.2704	2.8170	-783.311344	
Sotub10g013810.1.1	Sotub01g042010.1.1	0.8577	524.3	1749.7	0.1887	0.1436	0.7609	-4530.851006	
Sotub10g013850.1.1	Sotub01g041950.1.1	1.2509	85.4	445.6	0.1725	0.2354	1.3648	-1113.339349	
Sotub10g013850.1.1	Sotub10g007110.1.1	50.0000	111.7	425.3	0.0084	0.6558	77.6140	-1333.273709	
Sotub10g013900.1.1	Sotub01g041920.1.1	2.2377	191.3	630.7	0.0798	0.2024	2.5375	-1741.785548	
Sotub10g013940.1.1	Sotub10g006920.1.1	18.1389	230.1	771.9	0.0341	0.8066	23.6264	-2580.528871	
Sotub10g014250.1.1	Sotub10g006500.1.1	6.6378	96.8	446.2	0.0658	0.6268	9.5261	-1315.145862	
Sotub10g014310.1.1	Sotub10g006540.1.1	6.7045	167.9	489.1	0.0999	0.6767	6.7721	-1658.266156	
Sotub10g014550.1.1	Sotub01g047040.1.1	5.2614	115.0	458.0	0.1900	0.9453	4.9747	-1467.113935	
Sotub10g014570.1.1	Sotub01g047010.1.1	0.4508	162.2	524.8	0.0365	0.0208	0.5693	-1159.439122	
Sotub10g014580.1.1	Sotub01g046960.1.1	0.7020	359.5	1050.5	0.1564	0.0985	0.6299	-2690.361827	
Sotub10g014590.1.1	Sotub01g046910.1.1	1.2696	177.7	704.3	0.2032	0.2364	1.1634	-1883.890825	
Sotub10g014590.1.1	Sotub10g006210.1.1	50.0000	185.6	696.4	0.0093	0.7137	76.5181	-2235.559882	
Sotub10g014630.1.1	Sotub01g046670.1.1	0.7050	143.6	468.4	0.2106	0.1250	0.5937	-1191.150338	
Sotub10g014700.1.1	Sotub01g046660.1.1	1.6988	77.7	240.3	0.2442	0.3225	1.3203	-726.817630	
Sotub10g014760.1.1	Sotub01g046620.1.1	1.1805	365.2	1047.8	0.2727	0.2329	0.8542	-3012.986541	
Sotub10g014810.1.1	Sotub01g046580.1.1	1.1815	271.3	946.7	0.2284	0.2248	0.9839	-2594.718909	
Sotub10g014830.1.1	Sotub01g046380.1.1	25.9540	278.5	993.5	0.0270	0.9736	36.0392	-3293.442708	
Sotub10g014950.1.1	Sotub01g045740.1.1	0.5526	225.0	729.0	0.2079	0.0970	0.4666	-1770.065924	
Sotub10g014960.1.1	Sotub01g045730.1.1	0.6322	234.6	821.4	0.1408	0.0895	0.6353	-1961.951961	
Sotub10g015070.1.1	Sotub01g045520.1.1	0.8811	117.4	395.6	0.2192	0.1618	0.7382	-1040.050541	
Sotub10g016260.1.1	Sotub01g031680.1.1	0.6147	113.9	456.1	0.1419	0.0928	0.6539	-1056.563362	
Sotub10g016260.1.1	Sotub05g022220.1.1	0.6013	119.6	450.4	0.1305	0.0836	0.6404	-1048.962750	
Sotub10g016270.1.1	Sotub06g009450.1.1	5.1514	310.1	1066.9	0.0668	0.4141	6.2002	-3239.753206	
Sotub10g016280.1.1	Sotub01g031710.1.1	0.5821	269.3	795.7	0.0727	0.0459	0.6316	-1888.649111	
Sotub10g016280.1.1	Sotub05g022160.1.1	0.9439	187.4	559.6	0.1224	0.1124	0.9183	-1470.564497	
Sotub10g016310.1.1	Sotub01g031570.1.1	3.3307	167.4	639.6	0.0868	0.3489	4.0188	-1839.635087	
Sotub10g016320.1.1	Sotub01g031530.1.1	0.8193	121.7	328.3	0.1935	0.1284	0.6634	-871.689748	
Sotub10g016330.1.1	Sotub01g031270.1.1	0.7486	354.4	1043.6	0.1490	0.1020	0.6841	-2658.881783	
Sotub10g016330.1.1	Sotub05g022010.1.1	0.7693	354.5	1049.5	0.1945	0.1254	0.6445	-2717.866344	
Sotub10g016340.1.1	Sotub01g031200.1.1	0.5000	315.4	1013.6	0.0876	0.0480	0.5481	-2325.013723	
Sotub10g016360.1.1	Sotub03g007180.1.1	2.8561	221.6	750.4	0.0525	0.1861	3.5450	-2068.265060	
Sotub10g016360.1.1	Sotub03g007180.1.1	2.8561	221.6	750.4	0.0525	0.1861	3.5450	-2068.265060	
Sotub10g016370.1.1	Sotub01g031170.1.1	1.7942	76.5	274.5	0.2518	0.3631	1.4420	-789.514953	
Sotub10g016370.1.1	Sotub08g026140.1.1	4.1794	87.7	284.3	0.1636	0.6316	3.8604	-877.774060	
Sotub10g016390.1.1	Sotub01g031120.1.1	0.5664	374.8	1299.2	0.0981	0.0617	0.6292	-3021.133839	
Sotub10g016390.1.1	Sotub08g026170.1.1	2.0169	360.9	1313.1	0.0546	0.1419	2.6017	-3468.402451	
Sotub10g016460.1.1	Sotub01g031080.1.1	0.7523	237.2	749.8	0.0803	0.0668	0.8321	-1821.610917	
Sotub10g016480.1.1	Sotub01g030920.1.1	0.5127	185.8	519.2	0.1069	0.0534	0.4994	-1267.749658	
Sotub10g016490.1.1	Sotub01g030890.1.1	0.9769	259.7	787.3	0.4013	0.2377	0.5922	-2228.691993	
Sotub10g016490.1.1	Sotub03g015000.1.1	2.7185	249.1	800.9	0.2159	0.4867	2.2546	-2550.882144	
Sotub10g016490.1.1	Sotub03g015000.1.1	2.7185	249.1	800.9	0.2159	0.4867	2.2546	-2550.882144	
Sotub10g016500.1.1	Sotub01g030870.1.1	1.3410	180.6	650.4	0.1039	0.1555	1.4966	-1721.937964	
Sotub10g016500.1.1	Sotub03g014990.1.1	4.1620	195.7	629.3	0.0731	0.3463	4.7344	-1907.821333	
Sotub10g016500.1.1	Sotub03g014990.1.1	4.1620	195.7	629.3	0.0731	0.3463	4.7344	-1907.821333	
Sotub10g016550.1.1	Sotub01g030790.1.1	50.0000	83.5	255.5	0.0092	0.6086	65.8080	-838.612616	
Sotub10g016550.1.1	Sotub03g014760.1.1	50.0000	81.5	257.5	0.0112	0.7479	66.9609	-860.905157	
Sotub10g016740.1.1	Sotub01g044860.1.1	1.1622	146.0	403.0	0.2263	0.2029	0.8966	-1114.062731	
Sotub10g016810.1.1	Sotub01g045060.1.1	0.6323	125.0	430.0	0.0556	0.0437	0.7857	-979.557551	
Sotub10g016820.1.1	Sotub01g045080.1.1	1.1130	437.4	1470.6	0.4032	0.2770	0.6870	-4130.853536	
Sotub10g016850.1.1	Sotub01g045170.1.1	0.7441	376.9	1165.1	0.3302	0.1658	0.5022	-3084.248594	
Sotub10g016870.1.1	Sotub01g045240.1.1	0.9211	228.4	725.6	0.2057	0.1595	0.7756	-1936.717978	
Sotub10g016890.1.1	Sotub01g045270.1.1	1.1946	131.6	435.4	0.5153	0.3268	0.6342	-1263.333519	
Sotub10g016900.1.1	Sotub01g045280.1.1	0.5868	189.0	609.0	0.2400	0.1118	0.4657	-1506.937948	
Sotub10g017290.1.1	Sotub01g048880.1.1	1.5733	114.2	542.8	0.1818	0.2942	1.6183	-1455.629455	
Sotub10g017330.1.1	Sotub01g048910.1.1	0.7355	1093.1	3391.9	0.1119	0.0836	0.7466	-8506.545921	
Sotub10g017340.1.1	Sotub01g048930.1.1	1.2214	122.8	393.2	0.1201	0.1484	1.2358	-1051.755274	
Sotub10g017350.1.1	Sotub01g048970.1.1	0.4921	135.2	455.8	0.0354	0.0227	0.6404	-1001.485416	
Sotub10g017360.1.1	Sotub01g048990.1.1	0.8803	173.6	561.4	0.2339	0.1655	0.7074	-1487.845839	
Sotub10g017710.1.1	Sotub01g043760.1.1	1.0353	203.1	534.9	0.2930	0.2074	0.7078	-1552.812608	
Sotub10g017770.1.1	Sotub02g027600.1.1	2.1352	171.8	482.2	0.0610	0.1412	2.3131	-1359.342687	
Sotub10g017830.1.1	Sotub02g027680.1.1	2.7789	148.5	481.5	0.0440	0.1514	3.4399	-1317.995610	
Sotub10g017840.1.1	Sotub01g043690.1.1	50.0000	132.2	422.8	0.0101	0.6824	67.7732	-1412.695877	
Sotub10g017840.1.1	Sotub03g020020.1.1	4.3223	155.5	486.5	0.2640	0.8600	3.2580	-1669.747829	
Sotub10g017850.1.1	Sotub01g043680.1.1	5.3456	154.8	565.2	0.2179	1.0059	4.6153	-1876.189829	
Sotub10g017850.1.1	Sotub02g027730.1.1	50.0000	173.4	540.6	0.0170	1.1066	65.1763	-1897.534598	
Sotub10g017850.1.1	Sotub03g020030.1.1	9.2128	144.5	557.5	0.1202	1.2250	10.1939	-1858.803851	
Sotub10g018070.1.1	Sotub01g047720.1.1	0.6858	285.4	893.6	0.1323	0.0883	0.6678	-2220.712293	
Sotub10g018080.1.1	Sotub01g047700.1.1	0.9556	278.6	783.4	0.2488	0.1778	0.7144	-2197.795330	
Sotub10g018090.1.1	Sotub01g047620.1.1	0.8795	429.9	1538.1	0.1780	0.1460	0.8198	-3939.860080	
Sotub10g018100.1.1	Sotub01g047570.1.1	1.0515	91.9	400.1	0.2794	0.2365	0.8467	-1038.948719	
Sotub10g018120.1.1	Sotub01g047410.1.1	1.8031	173.1	675.9	0.1893	0.3208	1.6950	-1951.019318	
Sotub10g018120.1.1	Sotub03g020250.1.1	9.5231	140.8	543.2	0.0631	0.7829	12.4035	-1740.813522	
Sotub10g018130.1.1	Sotub01g047350.1.1	0.8556	169.3	490.7	0.2930	0.1762	0.6013	-1347.240271	
Sotub10g018630.1.1	Sotub09g016520.1.1	1.0457	150.1	437.9	0.3823	0.2468	0.6456	-1250.416202	
Sotub10g018720.1.1	Sotub06g011130.1.1	14.4638	141.2	410.8	0.0125	0.2281	18.1783	-1190.952516	
Sotub10g018720.1.1	Sotub09g016670.1.1	0.8383	142.3	409.7	0.1551	0.1162	0.7495	-1051.223965	
Sotub10g018740.1.1	Sotub09g016710.1.1	24.7052	112.5	511.5	0.0316	1.2630	39.9283	-1599.502499	
Sotub10g018780.1.1	Sotub06g011200.1.1	3.3184	240.1	848.9	0.2037	0.5941	2.9163	-2694.353614	
Sotub10g018780.1.1	Sotub09g013510.1.1	1.9177	221.7	867.3	0.1971	0.3494	1.7729	-2470.561705	
Sotub10g018780.1.1	Sotub09g013510.1.1	1.9177	221.7	867.3	0.1971	0.3494	1.7729	-2470.561705	
Sotub10g018780.1.1	Sotub10g023380.1.1	6.7366	239.9	831.1	0.0651	0.5325	8.1813	-2620.328248	
Sotub10g018800.1.1	Sotub06g011190.1.1	43.7582	133.6	409.4	0.0036	0.2094	58.6543	-1210.172918	
Sotub10g018800.1.1	Sotub09g013480.1.1	1.4737	133.4	409.6	0.0981	0.1508	1.5364	-1135.974113	
Sotub10g018800.1.1	Sotub09g013480.1.1	1.4737	133.4	409.6	0.0981	0.1508	1.5364	-1135.974113	
Sotub10g018800.1.1	Sotub10g023390.1.1	1.8092	143.2	399.8	0.0604	0.1182	1.9569	-1115.938018	
Sotub10g018810.1.1	Sotub09g013470.1.1	1.7535	119.4	390.6	0.1638	0.2663	1.6256	-1117.052374	
Sotub10g018810.1.1	Sotub09g013470.1.1	1.7535	119.4	390.6	0.1638	0.2663	1.6256	-1117.052374	
Sotub10g019020.1.1	Sotub01g049400.1.1	4.5387	338.1	975.9	0.1046	0.4725	4.5162	-3178.485519	
Sotub10g019100.1.1	Sotub01g049270.1.1	0.5774	281.6	810.4	0.1438	0.0759	0.5279	-2000.256946	
Sotub10g019130.1.1	Sotub01g049220.1.1	1.2075	240.6	773.4	0.0631	0.0890	1.4104	-1964.718077	
Sotub10g019140.1.1	Sotub01g049150.1.1	0.2937	140.8	435.2	0.0248	0.0092	0.3719	-906.268382	
Sotub10g019170.1.1	Sotub01g049070.1.1	1.2446	218.8	591.2	0.0612	0.0806	1.3177	-1547.557444	
Sotub10g019240.1.1	Sotub01g049050.1.1	2.4866	96.0	264.0	0.0622	0.1650	2.6543	-733.688951	
Sotub10g019260.1.1	Sotub01g049020.1.1	1.3609	149.3	561.7	0.1906	0.2399	1.2581	-1521.202500	
Sotub10g020160.1.1	Sotub01g027040.1.1	2.1502	211.7	634.3	0.1792	0.3339	1.8636	-1971.009297	
Sotub10g020230.1.1	Sotub01g026850.1.1	7.4855	536.9	1680.1	0.0168	0.1640	9.7906	-4739.282461	
Sotub10g020700.1.1	Sotub01g026690.1.1	5.7499	149.0	448.0	0.0196	0.1424	7.2506	-1218.177714	
Sotub10g020720.1.1	Sotub01g026660.1.1	3.3729	184.8	724.2	0.1517	0.5261	3.4692	-2226.080698	
Sotub10g020750.1.1	Sotub01g026560.1.1	2.6549	74.8	249.2	0.0392	0.1329	3.3905	-664.290972	
Sotub10g020890.1.1	Sotub04g014640.1.1	0.8341	124.6	304.4	0.1753	0.1175	0.6701	-832.878951	
Sotub10g020920.1.1	Sotub04g014520.1.1	1.0314	267.4	869.6	0.2607	0.2062	0.7911	-2367.760397	
Sotub10g020960.1.1	Sotub04g014350.1.1	0.5807	237.1	692.9	0.0993	0.0584	0.5884	-1669.324215	
Sotub10g020980.1.1	Sotub04g014340.1.1	0.7788	485.6	1374.4	0.1430	0.1012	0.7078	-3559.144026	
Sotub10g021000.1.1	Sotub04g012240.1.1	1.8761	102.1	374.9	0.1530	0.2862	1.8708	-1063.908458	
Sotub10g021000.1.1	Sotub04g014270.1.1	2.2870	135.3	416.7	0.1143	0.2629	2.3007	-1193.341823	
Sotub10g021080.1.1	Sotub04g012470.1.1	1.0572	134.6	522.4	0.1936	0.1901	0.9821	-1332.127710	
Sotub10g021090.1.1	Sotub04g012530.1.1	1.6137	281.0	880.0	0.2184	0.2883	1.3198	-2597.585279	
Sotub10g021100.1.1	Sotub04g012540.1.1	0.7953	603.5	1961.5	0.1757	0.1260	0.7172	-4993.155675	
Sotub10g021130.1.1	Sotub04g018600.1.1	1.1318	140.8	429.2	0.2208	0.2015	0.9129	-1222.442192	
Sotub10g021160.1.1	Sotub04g018650.1.1	0.6438	216.5	731.5	0.1714	0.1020	0.5950	-1789.842200	
Sotub10g021170.1.1	Sotub04g018660.1.1	1.1141	333.5	1004.5	0.0906	0.1060	1.1705	-2676.434733	
Sotub10g021190.1.1	Sotub04g018690.1.1	0.6938	325.3	1147.7	0.0763	0.0629	0.8250	-2653.900316	
Sotub10g021270.1.1	Sotub04g014830.1.1	5.7987	143.6	537.4	0.2607	1.2097	4.6400	-1783.998637	
Sotub10g021330.1.1	Sotub04g014970.1.1	0.9235	101.5	384.5	0.1440	0.1373	0.9536	-947.268083	
Sotub10g021340.1.1	Sotub04g014980.1.1	1.2287	246.6	701.4	0.2401	0.2247	0.9357	-2039.782646	
Sotub10g021480.1.1	Sotub10g021170.1.1	0.9477	345.0	993.0	0.1479	0.1271	0.8592	-2709.615907	
Sotub10g021490.1.1	Sotub10g021130.1.1	0.9881	138.8	431.2	0.1894	0.1613	0.8516	-1185.399628	
Sotub10g021570.1.1	Sotub04g014510.1.1	1.0977	211.5	673.5	0.1366	0.1457	1.0670	-1814.250506	
Sotub10g021580.1.1	Sotub04g014490.1.1	0.8707	333.2	1028.8	0.1342	0.1126	0.8389	-2635.428422	
Sotub10g021620.1.1	Sotub04g014350.1.1	0.8217	230.7	699.3	0.0668	0.0613	0.9181	-1707.445771	
Sotub10g021620.1.1	Sotub10g020960.1.1	0.9225	240.6	689.4	0.0681	0.0677	0.9948	-1729.622393	
Sotub10g021640.1.1	Sotub04g014270.1.1	8.5996	128.3	375.7	0.0219	0.2317	10.5805	-1070.357741	
Sotub10g021640.1.1	Sotub10g021000.1.1	2.8268	130.3	409.7	0.0834	0.2581	3.0933	-1158.413173	
Sotub10g021760.1.1	Sotub10g021060.1.1	1.3935	120.8	431.2	0.0916	0.1465	1.6001	-1128.784266	
Sotub10g021780.1.1	Sotub04g012360.1.1	0.7239	315.7	1025.3	0.1887	0.1199	0.6355	-2578.679859	
Sotub10g021820.1.1	Sotub04g012430.1.1	1.7633	161.5	456.5	0.1689	0.2571	1.5222	-1405.259667	
Sotub10g021840.1.1	Sotub04g012450.1.1	0.6503	267.0	768.0	0.1707	0.0962	0.5636	-1968.061328	
Sotub10g021850.1.1	Sotub04g012460.1.1	0.7491	256.4	751.6	0.1896	0.1196	0.6310	-1981.237825	
Sotub10g021870.1.1	Sotub04g012540.1.1	0.5512	668.7	2064.3	0.1813	0.0873	0.4814	-5027.505757	
Sotub10g021870.1.1	Sotub10g021100.1.1	0.7609	621.5	1946.5	0.2336	0.1414	0.6053	-5035.404652	
Sotub10g021900.1.1	Sotub04g012620.1.1	1.3851	166.8	463.2	0.4606	0.3524	0.7652	-1440.590474	
Sotub10g021950.1.1	Sotub04g012830.1.1	0.7907	121.1	388.9	0.2005	0.1354	0.6752	-1015.779591	
Sotub10g021960.1.1	Sotub04g012850.1.1	1.2613	212.5	894.5	0.2874	0.2848	0.9911	-2355.775088	
Sotub10g022140.1.1	Sotub10g020240.1.1	0.8197	195.5	650.5	0.1459	0.1161	0.7960	-1654.115649	
Sotub10g022150.1.1	Sotub01g026850.1.1	7.2056	547.6	1720.4	0.0184	0.1726	9.4055	-4865.731877	
Sotub10g022150.1.1	Sotub01g026850.1.1	7.2056	547.6	1720.4	0.0184	0.1726	9.4055	-4865.731877	
Sotub10g022150.1.1	Sotub10g020230.1.1	0.5039	527.9	1689.1	0.0709	0.0408	0.5750	-3860.666425	
Sotub10g022190.1.1	Sotub10g020190.1.1	1.6653	90.7	407.3	0.4187	0.4431	1.0581	-1167.986959	
Sotub10g022200.1.1	Sotub01g027030.1.1	25.3150	208.1	646.9	0.0163	0.5363	32.9958	-2090.142486	
Sotub10g022200.1.1	Sotub01g027030.1.1	25.3150	208.1	646.9	0.0163	0.5363	32.9958	-2090.142486	
Sotub10g022210.1.1	Sotub01g027040.1.1	2.4026	206.2	636.8	0.1425	0.3240	2.2733	-1955.282098	
Sotub10g022210.1.1	Sotub01g027040.1.1	2.4026	206.2	636.8	0.1425	0.3240	2.2733	-1955.282098	
Sotub10g022210.1.1	Sotub10g020160.1.1	0.7451	217.4	643.6	0.1429	0.0988	0.6912	-1663.064468	
Sotub10g022290.1.1	Sotub10g019960.1.1	1.0661	204.6	746.4	0.2307	0.2069	0.8970	-1996.647613	
Sotub10g022410.1.1	Sotub10g020370.1.1	0.8376	300.3	1007.7	0.2537	0.1666	0.6570	-2660.582916	
Sotub10g022440.1.1	Sotub10g020420.1.1	1.7482	117.0	528.0	0.1333	0.2673	2.0056	-1389.615126	
Sotub10g022460.1.1	Sotub10g020480.1.1	0.9666	291.6	785.4	0.1519	0.1283	0.8445	-2140.305869	
Sotub10g022520.1.1	Sotub10g020550.1.1	0.8061	276.4	974.6	0.1714	0.1299	0.7581	-2472.736508	
Sotub10g022650.1.1	Sotub01g020350.1.1	50.0000	205.4	760.6	0.0094	0.7088	75.7746	-2451.141669	
Sotub10g022900.1.1	Sotub08g026510.1.1	9.0453	247.3	820.7	0.0526	0.5835	11.0866	-2673.548552	
Sotub10g022900.1.1	Sotub09g011220.1.1	0.4658	256.6	811.4	0.1216	0.0568	0.4668	-1892.517061	
Sotub10g022910.1.1	Sotub09g011250.1.1	0.6692	173.3	612.7	0.2471	0.1334	0.5399	-1494.148536	
Sotub10g022940.1.1	Sotub09g011260.1.1	0.5399	336.6	938.4	0.0434	0.0264	0.6080	-2156.312217	
Sotub10g023010.1.1	Sotub08g026420.1.1	50.0000	329.9	1014.1	0.0104	0.6844	65.7979	-3406.743252	
Sotub10g023030.1.1	Sotub01g020720.1.1	0.0469	80.5	261.5	0.1926	0.0079	0.0409	-477.960805	
Sotub10g023040.1.1	Sotub08g026400.1.1	5.1737	198.7	632.3	0.0598	0.3622	6.0607	-1955.286176	
Sotub10g023320.1.1	Sotub10g018640.1.1	1.2137	232.7	955.3	0.1749	0.2103	1.2023	-2474.851385	
Sotub10g023380.1.1	Sotub09g005550.1.1	4.2893	247.1	823.9	0.1223	0.5385	4.4018	-2615.843951	
Sotub10g023380.1.1	Sotub09g013510.1.1	8.8864	239.7	831.3	0.0400	0.4651	11.6215	-2571.148336	
Sotub10g023380.1.1	Sotub09g013510.1.1	8.8864	239.7	831.3	0.0400	0.4651	11.6215	-2571.148336	
Sotub10g023380.1.1	Sotub10g018780.1.1	6.7366	239.9	831.1	0.0651	0.5325	8.1813	-2620.328248	
Sotub10g023390.1.1	Sotub09g013480.1.1	1.7792	138.3	410.7	0.0646	0.1275	1.9749	-1130.995748	
Sotub10g023390.1.1	Sotub09g013480.1.1	1.7792	138.3	410.7	0.0646	0.1275	1.9749	-1130.995748	
Sotub10g023390.1.1	Sotub10g018800.1.1	1.8092	143.2	399.8	0.0604	0.1182	1.9569	-1115.938018	
Sotub10g023400.1.1	Sotub09g013470.1.1	1.1368	124.1	385.9	0.3534	0.2622	0.7419	-1094.948066	
Sotub10g023400.1.1	Sotub09g013470.1.1	1.1368	124.1	385.9	0.3534	0.2622	0.7419	-1094.948066	
Sotub10g023400.1.1	Sotub10g018810.1.1	0.6583	127.3	382.7	0.1124	0.0738	0.6570	-935.751708	
Sotub10g023520.1.1	Sotub09g005530.1.1	2.1768	144.3	494.7	0.1049	0.2480	2.3631	-1388.556181	
Sotub10g023560.1.1	Sotub09g005410.1.1	0.5980	146.1	564.9	0.1146	0.0770	0.6721	-1313.634820	
Sotub10g023570.1.1	Sotub09g005310.1.1	1.9366	147.9	539.1	0.2042	0.3511	1.7190	-1581.442499	
Sotub10g023660.1.1	Sotub06g005370.1.1	20.1030	81.8	242.2	0.0156	0.3963	25.3794	-772.968758	
Sotub10g023660.1.1	Sotub07g027170.1.1	50.0000	186.3	677.7	0.0144	1.0570	73.4606	-2278.966885	
Sotub10g023660.1.1	Sotub09g005200.1.1	50.0000	150.1	587.9	0.0115	0.9050	78.4267	-1905.995034	
Sotub10g023680.1.1	Sotub07g027160.1.1	50.0000	102.4	380.6	0.0223	1.6213	72.5865	-1291.863079	
Sotub10g023680.1.1	Sotub09g005210.1.1	50.0000	71.9	300.1	0.0204	1.6247	79.4636	-981.826917	
Sotub10g023700.1.1	Sotub09g011600.1.1	0.6702	380.9	1101.1	0.1651	0.0972	0.5884	-2824.589394	
Sotub10g023710.1.1	Sotub06g032520.1.1	2.7790	356.0	1177.0	0.0692	0.2248	3.2460	-3315.205432	
Sotub10g023710.1.1	Sotub09g011640.1.1	0.9715	359.4	1239.6	0.0879	0.0972	1.1055	-3075.837452	
Sotub10g023710.1.1	Sotub09g011900.1.1	50.0000	355.5	1246.5	0.0041	0.3019	74.0516	-3640.607297	
Sotub10g023720.1.1	Sotub09g011670.1.1	0.9595	187.1	535.9	0.2679	0.1873	0.6993	-1441.370610	
Sotub10g023730.1.1	Sotub06g032490.1.1	4.1113	312.6	1184.4	0.1637	0.6629	4.0504	-3763.342832	
Sotub10g023730.1.1	Sotub09g011700.1.1	0.9626	313.7	1183.3	0.1587	0.1520	0.9580	-3029.708975	
Sotub10g023770.1.1	Sotub09g012060.1.1	0.7936	292.0	1007.0	0.1412	0.1118	0.7914	-2534.610482	
Sotub10g023800.1.1	Sotub06g005420.1.1	12.7575	303.7	1013.3	0.0010	0.0184	18.3826	-2311.888394	
Sotub10g023800.1.1	Sotub06g032430.1.1	2.1173	261.3	1055.7	0.0052	0.0183	3.4833	-2318.917381	
Sotub10g023800.1.1	Sotub10g027750.1.1	0.5747	295.4	1021.6	0.0046	0.0039	0.8405	-2157.502623	
Sotub10g023810.1.1	Sotub06g005430.1.1	2.5303	99.9	353.1	0.1393	0.3571	2.5633	-1052.350188	
Sotub10g023810.1.1	Sotub09g012130.1.1	1.2814	92.6	336.4	0.2460	0.2571	1.0451	-906.084747	
Sotub10g023810.1.1	Sotub10g027790.1.1	1.1714	115.4	337.6	0.2363	0.2141	0.9063	-942.005276	
Sotub10g023820.1.1	Sotub06g032390.1.1	1.8188	201.3	722.7	0.0724	0.1599	2.2089	-1933.697417	
Sotub10g023820.1.1	Sotub09g012190.1.1	0.5331	198.4	728.6	0.1225	0.0702	0.5726	-1678.138690	
Sotub10g023830.1.1	Sotub09g012200.1.1	0.5295	215.6	630.4	0.1493	0.0720	0.4821	-1536.401161	
Sotub10g023830.1.1	Sotub10g027820.1.1	0.5210	211.8	634.2	0.1521	0.0725	0.4766	-1545.595190	
Sotub10g023850.1.1	Sotub10g027860.1.1	1.1565	181.9	589.1	0.2962	0.2470	0.8341	-1673.771961	
Sotub10g023870.1.1	Sotub09g008550.1.1	1.0949	352.7	1024.3	0.1820	0.1697	0.9322	-2833.828027	
Sotub10g023900.1.1	Sotub09g008640.1.1	0.6620	224.2	657.8	0.1184	0.0763	0.6442	-1655.163585	
Sotub10g023910.1.1	Sotub09g008650.1.1	0.4339	170.6	456.4	0.1044	0.0434	0.4155	-1096.347985	
Sotub10g024000.1.1	Sotub06g032330.1.1	3.8571	264.0	870.0	0.1364	0.5196	3.8103	-2749.593252	
Sotub10g024050.1.1	Sotub07g026880.1.1	11.8432	220.2	787.8	0.0521	0.7928	15.2318	-2584.821736	
Sotub10g024050.1.1	Sotub09g009130.1.1	50.0000	221.7	753.3	0.0108	0.7667	70.6856	-2509.367277	
Sotub10g024070.1.1	Sotub09g008960.1.1	1.1774	167.7	480.3	0.1743	0.1764	1.0116	-1351.333385	
Sotub10g024090.1.1	Sotub06g032140.1.1	1.7757	211.3	883.7	0.0677	0.1619	2.3907	-2242.009297	
Sotub10g024090.1.1	Sotub06g032140.1.1	1.7757	211.3	883.7	0.0677	0.1619	2.3907	-2242.009297	
Sotub10g024090.1.1	Sotub09g008930.1.1	1.0577	205.3	889.7	0.0715	0.1027	1.4357	-2096.293776	
Sotub10g024090.1.1	Sotub10g027700.1.1	50.0000	235.1	859.9	0.0036	0.2751	76.6253	-2448.329572	
Sotub10g024180.1.1	Sotub06g031980.1.1	8.6702	308.9	1089.1	0.0899	0.8926	9.9313	-3559.811776	
Sotub10g024180.1.1	Sotub06g031980.1.1	8.6702	308.9	1089.1	0.0899	0.8926	9.9313	-3559.811776	
Sotub10g024220.1.1	Sotub06g031850.1.1	3.9823	477.6	1424.4	0.1384	0.5179	3.7419	-4648.636443	
Sotub10g024220.1.1	Sotub09g009380.1.1	1.6992	166.6	388.4	0.1496	0.2093	1.3992	-1204.424892	
Sotub10g024250.1.1	Sotub09g009450.1.1	0.9199	316.7	1048.3	0.1637	0.1403	0.8572	-2705.503188	
Sotub10g024270.1.1	Sotub09g009520.1.1	0.6356	660.9	2144.1	0.1219	0.0785	0.6443	-5216.541716	
Sotub10g024320.1.1	Sotub09g009590.1.1	1.8071	128.8	465.2	0.1092	0.2175	1.9921	-1299.121821	
Sotub10g024470.1.1	Sotub09g005850.1.1	30.3010	364.8	1189.2	0.0128	0.5270	41.3050	-3803.259576	
Sotub10g024480.1.1	Sotub02g037690.1.1	11.7583	314.0	1021.0	0.0442	0.6445	14.5677	-3375.390141	
Sotub10g024480.1.1	Sotub09g005900.1.1	50.0000	271.2	1021.8	0.0247	1.7968	72.6837	-3438.029939	
Sotub10g024490.1.1	Sotub09g005920.1.1	1.0438	271.4	895.6	0.0887	0.1027	1.1573	-2272.108960	
Sotub10g024510.1.1	Sotub09g006010.1.1	0.9080	152.1	504.9	0.3159	0.2016	0.6382	-1360.549157	
Sotub10g024540.1.1	Sotub09g006220.1.1	1.4005	229.4	568.6	0.2770	0.2668	0.9629	-1758.508927	
Sotub10g024550.1.1	Sotub09g006250.1.1	0.8410	262.7	799.3	0.1320	0.1067	0.8085	-2065.066481	
Sotub10g024560.1.1	Sotub09g006350.1.1	1.0727	134.5	438.5	0.1702	0.1667	0.9796	-1177.918771	
Sotub10g024600.1.1	Sotub09g006710.1.1	0.9455	116.1	498.9	0.0267	0.0400	1.4973	-1120.631875	
Sotub10g024600.1.1	Sotub10g028760.1.1	0.6868	118.7	496.3	0.0277	0.0295	1.0629	-1089.384308	
Sotub10g024610.1.1	Sotub09g006720.1.1	1.0895	279.8	890.2	0.2344	0.2039	0.8698	-2500.445898	
Sotub10g024710.1.1	Sotub09g006870.1.1	0.8822	445.5	1363.5	0.2658	0.1750	0.6585	-3653.520933	
Sotub10g024710.1.1	Sotub10g028720.1.1	0.9097	429.0	1311.0	0.3109	0.1961	0.6307	-3543.030939	
Sotub10g024720.1.1	Sotub09g006980.1.1	0.7310	328.7	889.3	0.1586	0.1002	0.6318	-2331.638001	
Sotub10g024720.1.1	Sotub10g028700.1.1	0.7239	322.3	898.7	0.2241	0.1261	0.5626	-2372.252294	
Sotub10g024740.1.1	Sotub09g007070.1.1	0.9793	185.0	538.0	0.1982	0.1604	0.8092	-1499.416225	
Sotub10g024750.1.1	Sotub09g007090.1.1	1.4265	237.9	812.1	0.1459	0.2044	1.4007	-2226.612651	
Sotub10g024750.1.1	Sotub09g007530.1.1	5.1984	241.7	802.3	0.1461	0.7363	5.0413	-2670.821454	
Sotub10g024750.1.1	Sotub11g026360.1.1	8.4305	199.6	727.4	0.1021	0.9711	9.5107	-2360.815204	
Sotub10g024760.1.1	Sotub09g007100.1.1	0.9059	183.8	755.2	0.1762	0.1577	0.8948	-1888.740596	
Sotub10g024770.1.1	Sotub06g030500.1.1	8.7327	116.0	361.0	0.0441	0.4640	10.5225	-1125.967860	
Sotub10g024810.1.1	Sotub09g007140.1.1	0.9757	111.7	569.3	0.1237	0.1504	1.2162	-1355.828343	
Sotub10g024840.1.1	Sotub09g007380.1.1	0.4326	146.0	484.0	0.0680	0.0346	0.5078	-1073.400854	
Sotub10g024840.1.1	Sotub11g026420.1.1	1.9139	144.6	485.4	0.0431	0.1047	2.4282	-1240.656148	
Sotub10g024850.1.1	Sotub10g028610.1.1	2.2595	90.7	299.3	0.1099	0.2611	2.3761	-858.761870	
Sotub10g024870.1.1	Sotub11g026570.1.1	6.5474	173.7	597.3	0.0368	0.3166	8.6001	-1773.222021	
Sotub10g024870.1.1	Sotub11g026570.1.1	6.5474	173.7	597.3	0.0368	0.3166	8.6001	-1773.222021	
Sotub10g024900.1.1	Sotub09g007320.1.1	0.7915	112.0	317.0	0.1229	0.0921	0.7496	-815.007724	
Sotub10g024900.1.1	Sotub10g028680.1.1	0.6090	97.4	331.6	0.2101	0.1095	0.5211	-819.599875	
Sotub10g024970.1.1	Sotub06g030670.1.1	3.9312	398.8	1131.2	0.0290	0.1346	4.6458	-3172.005370	
Sotub10g024970.1.1	Sotub06g030670.1.1	3.9312	398.8	1131.2	0.0290	0.1346	4.6458	-3172.005370	
Sotub10g024970.1.1	Sotub11g026770.1.1	2.8439	383.9	1146.1	0.0363	0.1238	3.4083	-3116.201911	
Sotub10g024970.1.1	Sotub11g026770.1.1	2.8439	383.9	1146.1	0.0363	0.1238	3.4083	-3116.201911	
Sotub10g024990.1.1	Sotub06g030700.1.1	2.6080	240.3	923.7	0.0032	0.0132	4.1597	-2012.250613	
Sotub10g024990.1.1	Sotub06g030700.1.1	2.6080	240.3	923.7	0.0032	0.0132	4.1597	-2012.250613	
Sotub10g024990.1.1	Sotub09g007600.1.1	0.5587	297.8	866.2	0.0150	0.0105	0.6975	-1932.415700	
Sotub10g024990.1.1	Sotub11g026820.1.1	2.7684	234.5	926.5	0.0024	0.0109	4.5253	-1999.461122	
Sotub10g024990.1.1	Sotub11g026820.1.1	2.7684	234.5	926.5	0.0024	0.0109	4.5253	-1999.461122	
Sotub10g025060.1.1	Sotub06g030740.1.1	8.7008	153.2	518.8	0.1125	1.0361	9.2107	-1681.329106	
Sotub10g025060.1.1	Sotub06g030740.1.1	8.7008	153.2	518.8	0.1125	1.0361	9.2107	-1681.329106	
Sotub10g025060.1.1	Sotub09g007740.1.1	3.1089	166.9	538.1	0.4280	0.7873	1.8393	-1713.778230	
Sotub10g025090.1.1	Sotub09g007810.1.1	0.3527	307.2	859.8	0.0384	0.0155	0.4033	-1892.460770	
Sotub10g025100.1.1	Sotub09g007840.1.1	0.6281	369.8	1124.2	0.1498	0.0870	0.5813	-2785.050785	
Sotub10g025110.1.1	Sotub05g028720.1.1	17.7058	349.5	1222.5	0.0097	0.2483	25.6763	-3399.590131	
Sotub10g025110.1.1	Sotub09g007900.1.1	3.4230	366.5	1217.5	0.0722	0.2872	3.9775	-3518.650174	
Sotub10g025130.1.1	Sotub09g007960.1.1	0.7694	165.8	524.2	0.1456	0.1064	0.7309	-1310.182257	
Sotub10g025150.1.1	Sotub05g028710.1.1	2.6008	342.2	1067.8	0.0732	0.2129	2.9081	-3060.210150	
Sotub10g025150.1.1	Sotub09g007950.1.1	0.9955	335.5	1119.5	0.1074	0.1138	1.0593	-2858.751632	
Sotub10g025180.1.1	Sotub09g007940.1.1	0.9587	71.8	270.2	0.1054	0.1149	1.0901	-664.848212	
Sotub10g025190.1.1	Sotub09g007970.1.1	1.9393	125.2	483.8	0.1457	0.2931	2.0120	-1286.445763	
Sotub10g025210.1.1	Sotub06g030840.1.1	2.7804	219.1	500.9	0.0549	0.1486	2.7055	-1485.037148	
Sotub10g025220.1.1	Sotub09g008010.1.1	0.9068	144.9	452.1	0.3421	0.2061	0.6024	-1243.414804	
Sotub10g025290.1.1	Sotub09g008190.1.1	0.8692	552.4	1844.6	0.2454	0.1696	0.6910	-4907.861906	
Sotub10g025390.1.1	Sotub08g026400.1.1	6.5876	199.3	631.7	0.0481	0.3821	7.9453	-1976.148742	
Sotub10g025390.1.1	Sotub09g011510.1.1	1.0751	215.0	616.0	0.1063	0.1129	1.0616	-1652.554733	
Sotub10g025390.1.1	Sotub10g023040.1.1	0.7880	208.8	622.2	0.1864	0.1253	0.6721	-1645.865541	
Sotub10g025390.1.1	Sotub10g023040.1.1	0.7880	208.8	622.2	0.1864	0.1253	0.6721	-1645.865541	
Sotub10g025400.1.1	Sotub09g011490.1.1	0.5555	369.7	1154.3	0.0997	0.0580	0.5821	-2722.156936	
Sotub10g025440.1.1	Sotub08g026420.1.1	50.0000	333.9	1028.1	0.0096	0.6361	66.0163	-3421.300614	
Sotub10g025440.1.1	Sotub09g011400.1.1	1.6943	109.9	316.1	0.2201	0.2950	1.3406	-961.287007	
Sotub10g025440.1.1	Sotub10g023010.1.1	2.7728	324.7	1034.3	0.1142	0.3239	2.8368	-3129.861918	
Sotub10g025440.1.1	Sotub10g023010.1.1	2.7728	324.7	1034.3	0.1142	0.3239	2.8368	-3129.861918	
Sotub10g025490.1.1	Sotub11g010360.1.1	5.2388	413.5	1149.5	0.0333	0.2010	6.0428	-3348.034055	
Sotub10g025490.1.1	Sotub11g024630.1.1	2.4184	367.9	1177.1	0.0656	0.1836	2.7980	-3287.962975	
Sotub10g025510.1.1	Sotub11g024640.1.1	5.1827	99.5	209.5	0.0587	0.2802	4.7732	-642.819050	
Sotub10g025540.1.1	Sotub09g011230.1.1	0.6739	507.0	1578.0	0.2181	0.1200	0.5503	-4056.257970	
Sotub10g025540.1.1	Sotub11g010340.1.1	3.3121	499.7	1576.3	0.0931	0.3302	3.5452	-4832.893755	
Sotub10g025550.1.1	Sotub08g026510.1.1	10.7285	250.9	850.1	0.0440	0.6013	13.6547	-2767.109533	
Sotub10g025550.1.1	Sotub09g011220.1.1	0.4545	264.2	836.8	0.1604	0.0672	0.4187	-1964.692495	
Sotub10g025550.1.1	Sotub10g022900.1.1	0.4655	251.3	816.7	0.1759	0.0738	0.4196	-1926.309855	
Sotub10g025550.1.1	Sotub10g022900.1.1	0.4655	251.3	816.7	0.1759	0.0738	0.4196	-1926.309855	
Sotub10g025570.1.1	Sotub09g011200.1.1	1.0226	596.4	1881.6	0.3388	0.2319	0.6845	-5222.808452	
Sotub10g025590.1.1	Sotub09g011020.1.1	0.6301	265.2	796.8	0.0539	0.0390	0.7238	-1872.554101	
Sotub10g025610.1.1	Sotub09g011040.1.1	1.9115	120.8	347.2	0.1878	0.3011	1.6028	-1057.318567	
Sotub10g025640.1.1	Sotub09g011060.1.1	50.0000	107.3	369.7	0.0166	1.1665	70.0639	-1235.047943	
Sotub10g025660.1.1	Sotub11g024780.1.1	4.3261	108.0	378.0	0.0485	0.2692	5.5467	-1065.911783	
Sotub10g025680.1.1	Sotub09g010830.1.1	0.5531	313.6	916.4	0.1012	0.0565	0.5581	-2245.567448	
Sotub10g025690.1.1	Sotub09g010750.1.1	0.4766	319.7	928.3	0.0870	0.0431	0.4951	-2176.304465	
Sotub10g025700.1.1	Sotub09g010710.1.1	0.5347	314.0	943.0	0.0880	0.0497	0.5644	-2225.002876	
Sotub10g025720.1.1	Sotub09g010540.1.1	1.9173	98.6	294.4	0.1718	0.2892	1.6833	-890.267359	
Sotub10g025740.1.1	Sotub09g010280.1.1	1.2589	297.9	986.1	0.2411	0.2425	1.0060	-2807.323693	
Sotub10g025740.1.1	Sotub10g022860.1.1	1.0020	264.8	932.2	0.2975	0.2194	0.7375	-2536.679088	
Sotub10g025770.1.1	Sotub10g022850.1.1	0.8958	115.2	400.8	0.2146	0.1643	0.7656	-1057.190821	
Sotub10g025780.1.1	Sotub09g010210.1.1	1.1354	206.0	595.0	0.3069	0.2394	0.7801	-1736.985774	
Sotub10g025800.1.1	Sotub09g009940.1.1	0.5653	438.7	1490.3	0.1201	0.0707	0.5886	-3507.319636	
Sotub10g025810.1.1	Sotub09g009900.1.1	1.1005	326.1	1224.9	0.1160	0.1409	1.2154	-3088.920240	
Sotub10g025880.1.1	Sotub09g009780.1.1	1.2516	154.0	395.0	0.1552	0.1651	1.0639	-1119.608933	
Sotub10g025920.1.1	Sotub09g009750.1.1	1.5562	161.9	537.1	0.1605	0.2346	1.4614	-1531.007966	
Sotub10g025950.1.1	Sotub10g022790.1.1	50.0000	207.9	569.1	0.0066	0.4011	61.1783	-1830.724498	
Sotub10g026050.1.1	Sotub01g008060.1.1	2.1010	83.0	421.0	0.2902	0.4992	1.7204	-1151.541966	
Sotub10g026060.1.1	Sotub01g008050.1.1	1.3813	114.9	362.1	0.1520	0.1965	1.2922	-1029.855384	
Sotub10g026080.1.1	Sotub01g007980.1.1	0.7846	182.4	558.6	0.1643	0.1162	0.7069	-1452.753933	
Sotub10g026090.1.1	Sotub11g026420.1.1	3.0284	149.2	480.8	0.0501	0.1837	3.6696	-1318.886891	
Sotub10g026110.1.1	Sotub01g007930.1.1	1.2776	193.4	961.6	0.2497	0.2834	1.1346	-2479.323286	
Sotub10g026120.1.1	Sotub01g007900.1.1	1.4493	132.1	497.9	0.1205	0.1909	1.5839	-1339.105548	
Sotub10g026150.1.1	Sotub01g007890.1.1	5.5407	160.4	439.6	0.0195	0.1277	6.5581	-1221.637089	
Sotub10g026150.1.1	Sotub11g025320.1.1	18.7700	156.0	444.0	0.0155	0.3577	23.0468	-1399.869773	
Sotub10g026170.1.1	Sotub11g011180.1.1	2.8625	400.7	1351.3	0.0461	0.1665	3.6106	-3692.107448	
Sotub10g026180.1.1	Sotub01g007830.1.1	0.5288	697.0	2147.0	0.0519	0.0322	0.6201	-4912.280999	
Sotub10g026190.1.1	Sotub01g007810.1.1	1.0518	259.7	811.3	0.2362	0.1965	0.8319	-2264.451271	
Sotub10g026190.1.1	Sotub06g030080.1.1	12.2907	249.0	816.0	0.0183	0.3029	16.5276	-2457.409542	
Sotub10g026190.1.1	Sotub11g026360.1.1	10.2486	204.3	737.7	0.0738	0.9176	12.4386	-2414.754758	
Sotub10g026200.1.1	Sotub01g007780.1.1	0.5656	105.8	344.2	0.0597	0.0401	0.6714	-790.680479	
Sotub10g026210.1.1	Sotub01g007730.1.1	1.7846	169.7	529.3	0.3933	0.4328	1.1003	-1629.019000	
Sotub10g026210.1.1	Sotub06g030050.1.1	50.0000	160.4	502.6	0.0072	0.4855	67.3814	-1600.099904	
Sotub10g026210.1.1	Sotub11g025240.1.1	50.0000	256.0	893.0	0.0053	0.3888	73.4489	-2635.057336	
Sotub10g026260.1.1	Sotub01g007510.1.1	1.6443	100.7	355.3	0.3606	0.3939	1.0922	-1082.594934	
Sotub10g026290.1.1	Sotub01g007480.1.1	1.0647	115.5	337.5	0.2694	0.2098	0.7787	-954.953970	
Sotub10g026320.1.1	Sotub01g007490.1.1	1.3250	96.2	341.8	0.1980	0.2338	1.1806	-953.471405	
Sotub10g026340.1.1	Sotub01g007440.1.1	1.1028	366.9	1244.1	0.2173	0.2020	0.9293	-3382.133514	
Sotub10g026370.1.1	Sotub11g026150.1.1	50.0000	126.6	413.4	0.0125	0.8562	68.3076	-1392.958839	
Sotub10g026380.1.1	Sotub01g007400.1.1	1.2597	328.7	919.3	0.3286	0.2730	0.8307	-2667.308392	
Sotub10g026390.1.1	Sotub01g007390.1.1	1.3120	229.8	634.2	0.0515	0.0741	1.4399	-1657.744657	
Sotub10g026400.1.1	Sotub01g007370.1.1	0.9513	237.3	809.7	0.4053	0.2379	0.5871	-2211.384972
Sotub10g026420.1.1	Sotub01g007350.1.1	2.2713	130.4	337.6	0.1200	0.2489	2.0734	-1060.870363	
Sotub10g026450.1.1	Sotub01g007300.1.1	6.2817	58.4	319.6	0.0307	0.3559	11.5988	-811.146405	
Sotub10g026460.1.1	Sotub01g007310.1.1	0.5189	308.3	939.7	0.0942	0.0512	0.5439	-2224.283076	
Sotub10g026540.1.1	Sotub01g007530.1.1	7.0803	131.3	465.7	0.9406	2.3277	2.4748	-1553.666697	
Sotub10g026760.1.1	Sotub01g009780.1.1	50.0000	71.0	238.0	0.0044	0.3171	71.4587	-714.956175	
Sotub10g026780.1.1	Sotub01g009770.1.1	50.0000	165.2	566.8	0.0072	0.5213	72.0669	-1826.738400	
Sotub10g026960.1.1	Sotub10g019410.1.1	0.5377	106.1	337.9	0.0685	0.0422	0.6156	-749.196347	
Sotub10g026990.1.1	Sotub01g009550.1.1	1.8775	307.9	1003.1	0.0233	0.0578	2.4764	-2398.317403	
Sotub10g027000.1.1	Sotub10g019420.1.1	0.5510	355.2	1159.8	0.1848	0.0903	0.4885	-2798.689043	
Sotub10g027010.1.1	Sotub10g019430.1.1	0.4178	189.8	557.2	0.0212	0.0110	0.5161	-1227.868087	
Sotub10g027020.1.1	Sotub10g019480.1.1	0.8411	493.5	1498.5	0.2557	0.1629	0.6371	-4011.784843	
Sotub10g027100.1.1	Sotub10g019530.1.1	1.5263	152.4	429.6	0.2620	0.2928	1.1175	-1326.647939	
Sotub10g027110.1.1	Sotub10g019560.1.1	0.6417	139.3	439.7	0.0846	0.0594	0.7017	-1016.806234	
Sotub10g027130.1.1	Sotub10g019570.1.1	0.7514	312.1	962.9	0.3661	0.1759	0.4805	-2587.037772	
Sotub10g027160.1.1	Sotub03g020910.1.1	4.3557	238.6	787.4	0.1291	0.5654	4.3782	-2454.677821	
Sotub10g027160.1.1	Sotub10g019730.1.1	1.2866	229.0	812.0	0.0819	0.1238	1.5107	-2007.293169	
Sotub10g027190.1.1	Sotub10g019770.1.1	1.3606	133.5	499.5	0.1529	0.2091	1.3681	-1365.035297	
Sotub10g027200.1.1	Sotub10g019790.1.1	1.1217	234.0	732.0	0.1759	0.1752	0.9958	-2002.933401	
Sotub10g027220.1.1	Sotub10g019830.1.1	2.5404	150.9	566.1	0.1424	0.3735	2.6220	-1596.980523	
Sotub10g027220.1.1	Sotub10g020680.1.1	7.3535	146.7	570.3	0.0874	0.7818	8.9410	-1731.978875	
Sotub10g027240.1.1	Sotub10g019820.1.1	7.2580	185.7	609.3	0.0218	0.2111	9.6660	-1738.339746	
Sotub10g027240.1.1	Sotub10g020670.1.1	4.0155	180.0	573.0	0.0435	0.2138	4.9198	-1647.763470	
Sotub10g027260.1.1	Sotub10g020660.1.1	0.7352	354.5	1142.5	0.0922	0.0736	0.7978	-2762.589807	
Sotub10g027410.1.1	Sotub03g020800.1.1	50.0000	250.2	832.8	0.0076	0.5379	70.3544	-2634.064032	
Sotub10g027410.1.1	Sotub03g020800.1.1	50.0000	250.2	832.8	0.0076	0.5379	70.3544	-2634.064032	
Sotub10g027410.1.1	Sotub05g025090.1.1	4.3445	219.6	821.4	0.1061	0.5216	4.9143	-2507.286130	
Sotub10g027410.1.1	Sotub06g014330.1.1	3.8866	247.8	835.2	0.1361	0.5283	3.8808	-2615.684990	
Sotub10g027410.1.1	Sotub06g014330.1.1	3.8866	247.8	835.2	0.1361	0.5283	3.8808	-2615.684990	
Sotub10g027410.1.1	Sotub06g032830.1.1	50.0000	230.8	846.2	0.0085	0.6430	75.4007	-2699.263438	
Sotub10g027410.1.1	Sotub10g019960.1.1	3.9294	215.8	858.2	0.1761	0.6752	3.8343	-2665.977673	
Sotub10g027440.1.1	Sotub10g023530.1.1	0.5968	320.3	930.7	0.1168	0.0677	0.5800	-2307.600968	
Sotub10g027440.1.1	Sotub10g023530.1.1	0.5968	320.3	930.7	0.1168	0.0677	0.5800	-2307.600968	
Sotub10g027490.1.1	Sotub03g020770.1.1	2.3754	196.7	649.3	0.0995	0.2550	2.5638	-1879.842587	
Sotub10g027490.1.1	Sotub03g020770.1.1	2.3754	196.7	649.3	0.0995	0.2550	2.5638	-1879.842587	
Sotub10g027490.1.1	Sotub05g025390.1.1	50.0000	187.9	637.1	0.0117	0.8212	70.3997	-2109.980656	
Sotub10g027490.1.1	Sotub10g023550.1.1	1.2228	207.3	641.7	0.1290	0.1539	1.1929	-1754.790328	
Sotub10g027490.1.1	Sotub10g023550.1.1	1.2228	207.3	641.7	0.1290	0.1539	1.1929	-1754.790328	
Sotub10g027520.1.1	Sotub06g014410.1.1	3.9081	164.3	534.7	0.0420	0.2046	4.8767	-1514.017964	
Sotub10g027520.1.1	Sotub06g014410.1.1	3.9081	164.3	534.7	0.0420	0.2046	4.8767	-1514.017964	
Sotub10g027520.1.1	Sotub10g023560.1.1	0.7349	149.2	555.8	0.1262	0.0993	0.7873	-1343.015775	
Sotub10g027520.1.1	Sotub10g023560.1.1	0.7349	149.2	555.8	0.1262	0.0993	0.7873	-1343.015775	
Sotub10g027540.1.1	Sotub03g020740.1.1	2.4789	392.0	1318.0	0.1306	0.3271	2.5051	-3897.236753	
Sotub10g027540.1.1	Sotub03g020740.1.1	2.4789	392.0	1318.0	0.1306	0.3271	2.5051	-3897.236753	
Sotub10g027540.1.1	Sotub05g025410.1.1	1.9969	392.5	1314.5	0.1038	0.2229	2.1480	-3677.999961	
Sotub10g027540.1.1	Sotub06g014570.1.1	2.4942	392.6	1266.4	0.0911	0.2473	2.7157	-3628.276130	
Sotub10g027540.1.1	Sotub06g014570.1.1	2.4942	392.6	1266.4	0.0911	0.2473	2.7157	-3628.276130	
Sotub10g027560.1.1	Sotub06g014660.1.1	1.8943	144.9	542.1	0.1112	0.2351	2.1138	-1500.093901	
Sotub10g027560.1.1	Sotub06g014660.1.1	1.8943	144.9	542.1	0.1112	0.2351	2.1138	-1500.093901	
Sotub10g027560.1.1	Sotub10g023570.1.1	1.8834	135.7	551.3	0.2087	0.3590	1.7202	-1570.702156	
Sotub10g027580.1.1	Sotub05g025250.1.1	7.9104	206.4	747.6	0.0889	0.8194	9.2214	-2453.388626	
Sotub10g027580.1.1	Sotub06g014520.1.1	9.8362	191.4	675.6	0.0674	0.8087	11.9946	-2227.088444	
Sotub10g027580.1.1	Sotub09g005210.1.1	0.9397	123.1	479.9	0.1513	0.1460	0.9651	-1219.397465	
Sotub10g027580.1.1	Sotub09g011870.1.1	50.0000	208.5	739.5	0.0088	0.6464	73.5022	-2389.308806	
Sotub10g027580.1.1	Sotub10g023680.1.1	50.0000	102.1	380.9	0.0211	1.5389	73.0719	-1284.710136	
Sotub10g027590.1.1	Sotub09g005270.1.1	1.4500	230.4	924.6	0.1312	0.2083	1.5872	-2403.648267	
Sotub10g027620.1.1	Sotub09g005280.1.1	0.5752	314.6	888.4	0.0550	0.0349	0.6345	-2094.579953	
Sotub10g027690.1.1	Sotub05g025270.1.1	2.9209	108.4	359.6	0.0681	0.2334	3.4298	-1007.021014	
Sotub10g027690.1.1	Sotub06g032530.1.1	2.4646	92.8	375.2	0.0397	0.1417	3.5698	-931.124782	
Sotub10g027700.1.1	Sotub05g025000.1.1	15.5962	392.0	1204.0	0.0203	0.4043	19.9223	-3804.541002	
Sotub10g027700.1.1	Sotub06g032520.1.1	2.1700	347.4	1179.6	0.0852	0.2102	2.4661	-3265.191552	
Sotub10g027700.1.1	Sotub09g011900.1.1	45.4722	349.1	1246.9	0.0040	0.2743	68.3183	-3582.162957	
Sotub10g027700.1.1	Sotub10g023710.1.1	0.8899	377.1	1218.9	0.1179	0.1071	0.9091	-3109.232419	
Sotub10g027710.1.1	Sotub05g025390.1.1	50.0000	178.6	565.4	0.0130	0.8672	66.6944	-1891.867771	
Sotub10g027710.1.1	Sotub10g023550.1.1	50.0000	184.2	580.8	0.0098	0.6600	67.1442	-1928.190745	
Sotub10g027750.1.1	Sotub06g005420.1.1	2.6345	255.8	1064.2	0.0045	0.0201	4.4486	-2335.699732	
Sotub10g027750.1.1	Sotub06g032430.1.1	1.7376	264.2	1055.8	0.0079	0.0221	2.8050	-2341.571743	
Sotub10g027760.1.1	Sotub09g012110.1.1	1.1022	285.6	824.4	0.2837	0.2227	0.7850	-2357.263049	
Sotub10g027770.1.1	Sotub05g025260.1.1	50.0000	225.3	755.7	0.0139	0.9644	69.3421	-2555.928943	
Sotub10g027770.1.1	Sotub09g012120.1.1	2.0196	237.1	833.9	0.0817	0.1931	2.3618	-2300.510844	
Sotub10g027790.1.1	Sotub06g005430.1.1	2.8391	100.7	352.3	0.1317	0.3839	2.9143	-1073.783735	
Sotub10g027790.1.1	Sotub09g012130.1.1	1.4422	96.1	332.9	0.2393	0.2808	1.1733	-940.060214	
Sotub10g027790.1.1	Sotub10g023810.1.1	1.1714	115.4	337.6	0.2363	0.2141	0.9063	-942.005276	
Sotub10g027810.1.1	Sotub06g032400.1.1	2.2204	118.5	424.5	0.2507	0.4480	1.7868	-1304.900218	
Sotub10g027810.1.1	Sotub09g012160.1.1	0.7211	115.1	430.9	0.2609	0.1505	0.5767	-1055.142129	
Sotub10g027820.1.1	Sotub09g012200.1.1	0.5761	206.4	639.6	0.1454	0.0789	0.5428	-1565.798912	
Sotub10g027820.1.1	Sotub10g023830.1.1	0.5210	211.8	634.2	0.1521	0.0725	0.4766	-1545.595190	
Sotub10g027830.1.1	Sotub09g012220.1.1	0.7164	141.3	392.7	0.1413	0.0916	0.6480	-1013.028243	
Sotub10g027840.1.1	Sotub05g014790.1.1	2.4346	78.4	341.6	0.1904	0.4524	2.3764	-983.203784	
Sotub10g027860.1.1	Sotub05g014770.1.1	0.9660	180.0	591.0	0.1649	0.1476	0.8947	-1565.888128	
Sotub10g027860.1.1	Sotub10g023850.1.1	1.1565	181.9	589.1	0.2962	0.2470	0.8341	-1673.771961	
Sotub10g027880.1.1	Sotub05g014740.1.1	1.2375	101.0	373.0	0.2228	0.2366	1.0618	-1020.056419	
Sotub10g027940.1.1	Sotub05g025640.1.1	2.6487	120.9	320.1	0.0919	0.2382	2.5909	-966.446112	
Sotub10g027940.1.1	Sotub09g008760.1.1	0.6422	125.5	315.5	0.1007	0.0605	0.6002	-794.617573	
Sotub10g027960.1.1	Sotub06g005190.1.1	50.0000	184.6	589.4	0.0053	0.3656	68.7266	-1816.744694	
Sotub10g027960.1.1	Sotub09g008830.1.1	2.0479	172.8	601.2	0.2059	0.3668	1.7812	-1775.838546	
Sotub10g028040.1.1	Sotub05g014480.1.1	4.2789	120.2	527.8	0.1076	0.5621	5.2224	-1528.366030	
Sotub10g028070.1.1	Sotub10g024020.1.1	0.8866	79.6	256.4	0.1530	0.1279	0.8356	-667.830367	
Sotub10g028070.1.1	Sotub10g024020.1.1	0.8866	79.6	256.4	0.1530	0.1279	0.8356	-667.830367	
Sotub10g028090.1.1	Sotub05g027320.1.1	5.0736	156.4	500.6	0.0707	0.4094	5.7925	-1557.902514	
Sotub10g028090.1.1	Sotub10g027640.1.1	0.8238	166.4	532.6	0.3358	0.1867	0.5560	-1420.267645	
Sotub10g028170.1.1	Sotub10g024110.1.1	0.6501	185.8	513.2	0.2270	0.1138	0.5011	-1352.416488	
Sotub10g028200.1.1	Sotub09g009050.1.1	0.4369	284.9	879.1	0.0883	0.0413	0.4675	-1996.151900	
Sotub10g028220.1.1	Sotub05g025760.1.1	2.9533	269.6	861.4	0.0882	0.2843	3.2217	-2580.173800	
Sotub10g028220.1.1	Sotub06g005020.1.1	3.3214	190.9	535.1	0.0871	0.2947	3.3846	-1662.612179	
Sotub10g028220.1.1	Sotub06g032090.1.1	2.7707	274.6	856.4	0.1254	0.3428	2.7346	-2654.976832	
Sotub10g028220.1.1	Sotub06g032090.1.1	2.7707	274.6	856.4	0.1254	0.3428	2.7346	-2654.976832	
Sotub10g028220.1.1	Sotub06g032090.1.1	2.7707	274.6	856.4	0.1254	0.3428	2.7346	-2654.976832	
Sotub10g028220.1.1	Sotub09g009080.1.1	0.7073	283.2	847.8	0.1489	0.0970	0.6513	-2158.462331	
Sotub10g028230.1.1	Sotub06g032040.1.1	1.8210	172.0	548.0	0.0870	0.1731	1.9897	-1547.276587	
Sotub10g028230.1.1	Sotub06g032040.1.1	1.8210	172.0	548.0	0.0870	0.1731	1.9897	-1547.276587	
Sotub10g028230.1.1	Sotub06g032040.1.1	1.8210	172.0	548.0	0.0870	0.1731	1.9897	-1547.276587	
Sotub10g028230.1.1	Sotub09g009120.1.1	1.3162	185.8	534.2	0.1363	0.1665	1.2213	-1521.960931	
Sotub10g028260.1.1	Sotub06g031950.1.1	12.1459	348.0	1179.0	0.0137	0.2333	16.9765	-3373.823248	
Sotub10g028260.1.1	Sotub06g031950.1.1	12.1459	348.0	1179.0	0.0137	0.2333	16.9765	-3373.823248	
Sotub10g028260.1.1	Sotub06g031950.1.1	12.1459	348.0	1179.0	0.0137	0.2333	16.9765	-3373.823248	
Sotub10g028260.1.1	Sotub09g009210.1.1	1.6143	182.3	648.7	0.1267	0.2142	1.6905	-1788.584163	
Sotub10g028290.1.1	Sotub04g010120.1.1	2.1774	123.5	419.5	0.0282	0.0822	2.9118	-1059.422540	
Sotub10g028290.1.1	Sotub05g027490.1.1	1.9543	125.0	418.0	0.0107	0.0292	2.7328	-975.516779	
Sotub10g028290.1.1	Sotub06g031940.1.1	2.3387	117.6	419.4	0.0246	0.0804	3.2727	-1038.117389	
Sotub10g028290.1.1	Sotub06g031940.1.1	2.3387	117.6	419.4	0.0246	0.0804	3.2727	-1038.117389	
Sotub10g028290.1.1	Sotub06g031940.1.1	2.3387	117.6	419.4	0.0246	0.0804	3.2727	-1038.117389	
Sotub10g028290.1.1	Sotub09g009240.1.1	0.9461	130.7	412.3	0.0223	0.0273	1.2241	-956.587026	
Sotub10g028290.1.1	Sotub11g023750.1.1	1.7155	132.0	411.0	0.0109	0.0247	2.2756	-966.766622	
Sotub10g028290.1.1	Sotub11g023750.1.1	1.7155	132.0	411.0	0.0109	0.0247	2.2756	-966.766622	
Sotub10g028360.1.1	Sotub09g009280.1.1	2.5538	158.7	540.3	0.2503	0.5068	2.0244	-1705.133609	
Sotub10g028380.1.1	Sotub09g009250.1.1	1.0892	378.7	1337.3	0.1650	0.1715	1.0395	-3568.408646	
Sotub10g028400.1.1	Sotub04g010170.1.1	3.6991	314.5	1146.5	0.0411	0.2047	4.9817	-3192.436428	
Sotub10g028400.1.1	Sotub04g010170.1.1	3.6991	314.5	1146.5	0.0411	0.2047	4.9817	-3192.436428	
Sotub10g028400.1.1	Sotub09g009330.1.1	0.5870	308.7	1068.3	0.1082	0.0687	0.6349	-2521.064687	
Sotub10g028400.1.1	Sotub11g023850.1.1	2.0562	308.2	1167.8	0.0959	0.2309	2.4075	-3250.464177	
Sotub10g028400.1.1	Sotub11g023850.1.1	2.0562	308.2	1167.8	0.0959	0.2309	2.4075	-3250.464177	
Sotub10g028410.1.1	Sotub04g010180.1.1	2.0851	298.1	1063.9	0.0136	0.0412	3.0287	-2437.607529	
Sotub10g028410.1.1	Sotub04g010180.1.1	2.0851	298.1	1063.9	0.0136	0.0412	3.0287	-2437.607529	
Sotub10g028410.1.1	Sotub09g009340.1.1	0.6185	306.9	1055.1	0.0306	0.0253	0.8278	-2293.197524	
Sotub10g028430.1.1	Sotub09g009460.1.1	0.7844	225.9	701.1	0.1291	0.0989	0.7660	-1786.493983	
Sotub10g028480.1.1	Sotub09g009570.1.1	1.0962	161.8	528.2	0.2538	0.2163	0.8523	-1463.598227	
Sotub10g028490.1.1	Sotub04g010260.1.1	2.1052	135.7	461.3	0.0131	0.0387	2.9566	-1098.688329	
Sotub10g028490.1.1	Sotub05g025600.1.1	8.6695	133.9	463.1	0.0552	0.5969	10.8188	-1477.628733	
Sotub10g028490.1.1	Sotub09g009610.1.1	0.4394	146.6	450.4	0.0483	0.0251	0.5195	-1011.122849	
Sotub10g028500.1.1	Sotub09g009170.1.1	50.0000	385.8	1438.2	0.0138	1.0313	74.9504	-4750.785561	
Sotub10g028580.1.1	Sotub09g007400.1.1	0.8085	122.6	360.4	0.1272	0.0983	0.7727	-933.170314	
Sotub10g028590.1.1	Sotub09g007370.1.1	1.0174	358.2	1222.8	0.1410	0.1425	1.0106	-3206.986012	
Sotub10g028600.1.1	Sotub09g007360.1.1	1.9763	340.4	1156.6	0.3642	0.4716	1.2948	-3591.859437	
Sotub10g028600.1.1	Sotub11g026490.1.1	6.9237	348.2	1157.8	0.0621	0.5139	8.2723	-3705.081974	
Sotub10g028610.1.1	Sotub10g024850.1.1	2.2595	90.7	299.3	0.1099	0.2611	2.3761	-858.761870	
Sotub10g028620.1.1	Sotub05g025640.1.1	50.0000	119.0	322.0	0.0076	0.4616	60.5054	-1043.030643	
Sotub10g028620.1.1	Sotub11g026510.1.1	4.5272	118.9	322.1	0.0406	0.2046	5.0447	-941.536414	
Sotub10g028630.1.1	Sotub11g026550.1.1	50.0000	76.1	271.9	0.0048	0.3593	74.9360	-802.776523	
Sotub10g028680.1.1	Sotub09g007320.1.1	0.6880	107.3	321.7	0.1616	0.0999	0.6177	-819.657319	
Sotub10g028690.1.1	Sotub09g007290.1.1	0.5987	362.6	1251.4	0.1250	0.0776	0.6206	-2983.619355	
Sotub10g028700.1.1	Sotub09g006980.1.1	0.7758	331.9	886.1	0.1961	0.1221	0.6229	-2375.802983	
Sotub10g028700.1.1	Sotub10g024720.1.1	0.7239	322.3	898.7	0.2241	0.1261	0.5626	-2372.252294	
Sotub10g028720.1.1	Sotub09g006870.1.1	0.8583	419.5	1332.5	0.2403	0.1628	0.6777	-3507.758415	
Sotub10g028720.1.1	Sotub10g024710.1.1	0.9097	429.0	1311.0	0.3109	0.1961	0.6307	-3543.030939	
Sotub10g028760.1.1	Sotub09g006710.1.1	0.8707	116.2	498.8	0.0241	0.0336	1.3926	-1105.994268	
Sotub10g028760.1.1	Sotub10g024600.1.1	0.6868	118.7	496.3	0.0277	0.0295	1.0629	-1089.384308	
Sotub10g028770.1.1	Sotub04g013950.1.1	2.7038	227.9	813.1	0.1739	0.4417	2.5408	-2491.678006	
Sotub10g028770.1.1	Sotub04g013950.1.1	2.7038	227.9	813.1	0.1739	0.4417	2.5408	-2491.678006	
Sotub10g028780.1.1	Sotub04g013970.1.1	50.0000	114.1	365.9	0.0051	0.3530	69.0070	-1143.487295	
Sotub10g028780.1.1	Sotub04g013970.1.1	50.0000	114.1	365.9	0.0051	0.3530	69.0070	-1143.487295	
Sotub10g028780.1.1	Sotub05g025710.1.1	50.0000	230.0	790.0	0.0110	0.7847	71.2214	-2620.633690	
Sotub10g028780.1.1	Sotub05g025900.1.1	50.0000	229.2	754.8	0.0087	0.6073	69.5677	-2479.771899	
Sotub10g028780.1.1	Sotub09g006120.1.1	50.0000	238.4	781.6	0.0109	0.7522	68.8304	-2638.622952	
Sotub10g028780.1.1	Sotub09g006610.1.1	0.9344	245.8	774.2	0.2900	0.1959	0.6754	-2151.603089	
Sotub10g028780.1.1	Sotub09g007090.1.1	50.0000	230.9	783.1	0.0122	0.8589	70.2935	-2634.516842	
Sotub10g028810.1.1	Sotub09g006000.1.1	2.3527	99.8	368.2	0.1117	0.2911	2.6046	-1057.455277	
Sotub10g028840.1.1	Sotub09g005770.1.1	0.7904	134.6	375.4	0.1184	0.0889	0.7504	-968.913716	
Sotub10g028860.1.1	Sotub09g005690.1.1	1.7445	197.0	664.0	0.1811	0.2858	1.5783	-1904.977267	
Sotub10g029100.1.1	Sotub04g014270.1.1	35.9119	124.9	355.1	0.0134	0.5940	44.3118	-1162.132898	
Sotub10g029100.1.1	Sotub05g026070.1.1	50.0000	118.4	361.6	0.0095	0.6214	65.6771	-1164.984244	
Sotub11g005400.1.1	Sotub06g026610.1.1	50.0000	240.5	773.5	0.0113	0.7657	67.8032	-2593.969024	
Sotub11g005440.1.1	Sotub04g024620.1.1	2.9922	161.0	556.0	0.0817	0.2830	3.4647	-1619.449191	
Sotub11g005470.1.1	Sotub04g024550.1.1	50.0000	245.0	988.0	0.0070	0.5679	81.6034	-2985.690944	
Sotub11g005500.1.1	Sotub06g026710.1.1	5.0327	264.2	1079.8	0.1856	0.9006	4.8527	-3413.648651	
Sotub11g005530.1.1	Sotub06g026720.1.1	50.0000	152.0	601.0	0.0100	0.7976	79.4163	-1922.249441	
Sotub11g005670.1.1	Sotub04g024330.1.1	50.0000	226.1	826.9	0.0050	0.3781	76.2244	-2478.969612	
Sotub11g005700.1.1	Sotub04g024290.1.1	4.5505	332.9	1107.1	0.0285	0.1710	5.9926	-3040.805290	
Sotub11g006470.1.1	Sotub05g027170.1.1	0.6410	168.5	446.5	0.1673	0.0904	0.5403	-1164.436379	
Sotub11g006600.1.1	Sotub04g011990.1.1	1.1182	240.2	842.8	0.1408	0.1584	1.1249	-2236.146237	
Sotub11g006610.1.1	Sotub05g027130.1.1	0.7821	138.8	464.2	0.1184	0.0961	0.8114	-1105.049588	
Sotub11g006610.1.1	Sotub05g027130.1.1	0.7821	138.8	464.2	0.1184	0.0961	0.8114	-1105.049588	
Sotub11g006680.1.1	Sotub04g011980.1.1	0.8123	344.0	946.0	0.2939	0.1650	0.5615	-2639.817309	
Sotub11g006680.1.1	Sotub05g027090.1.1	0.8842	346.3	943.7	0.2204	0.1512	0.6860	-2622.900568	
Sotub11g006680.1.1	Sotub05g027090.1.1	0.8842	346.3	943.7	0.2204	0.1512	0.6860	-2622.900568	
Sotub11g006680.1.1	Sotub07g028610.1.1	3.0555	315.4	950.6	0.1463	0.4151	2.8371	-3054.295301	
Sotub11g006710.1.1	Sotub04g011970.1.1	1.7600	163.4	598.6	0.2622	0.3659	1.3955	-1760.613912	
Sotub11g006720.1.1	Sotub05g027080.1.1	0.7444	142.1	454.9	0.0494	0.0445	0.9000	-1067.663230	
Sotub11g006720.1.1	Sotub05g027080.1.1	0.7444	142.1	454.9	0.0494	0.0445	0.9000	-1067.663230	
Sotub11g006740.1.1	Sotub04g011950.1.1	1.5447	242.8	780.2	0.0616	0.1115	1.8114	-2053.020004	
Sotub11g006760.1.1	Sotub04g011940.1.1	0.6587	211.5	571.5	0.1675	0.0937	0.5595	-1479.989835	
Sotub11g006770.1.1	Sotub05g027060.1.1	0.5980	238.2	778.8	0.1289	0.0771	0.5987	-1873.286209	
Sotub11g006770.1.1	Sotub05g027060.1.1	0.5980	238.2	778.8	0.1289	0.0771	0.5987	-1873.286209	
Sotub11g006880.1.1	Sotub04g011860.1.1	0.5811	134.1	501.9	0.1026	0.0681	0.6638	-1138.186596	
Sotub11g006880.1.1	Sotub05g027040.1.1	0.5466	144.0	492.0	0.1798	0.0896	0.4986	-1167.372692	
Sotub11g006880.1.1	Sotub05g027040.1.1	0.5466	144.0	492.0	0.1798	0.0896	0.4986	-1167.372692	
Sotub11g006910.1.1	Sotub07g028780.1.1	9.8787	238.2	754.8	0.0461	0.5522	11.9778	-2416.512926	
Sotub11g007020.1.1	Sotub04g011830.1.1	1.0386	310.0	950.0	0.1309	0.1315	1.0042	-2546.225236	
Sotub11g007120.1.1	Sotub04g011820.1.1	0.8416	147.4	539.6	0.0528	0.0578	1.0956	-1269.021482	
Sotub11g007120.1.1	Sotub05g027000.1.1	0.6520	160.3	526.7	0.0730	0.0548	0.7512	-1233.863049	
Sotub11g007120.1.1	Sotub05g027000.1.1	0.6520	160.3	526.7	0.0730	0.0548	0.7512	-1233.863049	
Sotub11g007180.1.1	Sotub04g011790.1.1	0.7173	242.0	778.0	0.0652	0.0543	0.8331	-1853.520563	
Sotub11g007200.1.1	Sotub04g011780.1.1	0.7578	131.2	321.8	0.2137	0.1223	0.5722	-878.432321	
Sotub11g007220.1.1	Sotub04g011760.1.1	0.7919	168.8	527.2	0.1168	0.0931	0.7974	-1316.122643	
Sotub11g007230.1.1	Sotub07g028940.1.1	1.9315	376.9	1246.1	0.0725	0.1621	2.2363	-3381.443391	
Sotub11g007250.1.1	Sotub07g028950.1.1	3.8661	289.4	919.6	0.0822	0.3508	4.2690	-2831.909411	
Sotub11g007290.1.1	Sotub05g026990.1.1	0.4888	313.9	940.1	0.1304	0.0610	0.4680	-2237.132098	
Sotub11g007290.1.1	Sotub05g026990.1.1	0.4888	313.9	940.1	0.1304	0.0610	0.4680	-2237.132098	
Sotub11g007320.1.1	Sotub05g026980.1.1	0.8236	352.6	1126.4	0.0759	0.0703	0.9268	-2718.109118	
Sotub11g007320.1.1	Sotub05g026980.1.1	0.8236	352.6	1126.4	0.0759	0.0703	0.9268	-2718.109118	
Sotub11g007330.1.1	Sotub04g011650.1.1	1.0297	410.0	1288.0	0.0586	0.0704	1.2002	-3228.876320	
Sotub11g007330.1.1	Sotub05g026970.1.1	1.1267	401.1	1293.9	0.0543	0.0733	1.3508	-3244.676406	
Sotub11g007330.1.1	Sotub05g026970.1.1	1.1267	401.1	1293.9	0.0543	0.0733	1.3508	-3244.676406	
Sotub11g007360.1.1	Sotub04g011620.1.1	1.2639	117.3	410.7	0.1461	0.1833	1.2550	-1119.526940	
Sotub11g007920.1.1	Sotub05g023550.1.1	0.8559	211.6	694.4	0.1462	0.1207	0.8256	-1790.852402	
Sotub11g008000.1.1	Sotub05g023580.1.1	1.1427	268.0	1013.0	0.1026	0.1346	1.3119	-2582.909572	
Sotub11g008040.1.1	Sotub04g011590.1.1	0.6377	274.0	794.0	0.1242	0.0757	0.6093	-1981.555511	
Sotub11g008040.1.1	Sotub05g023590.1.1	0.8141	272.3	795.7	0.0674	0.0599	0.8893	-1975.559789	
Sotub11g008060.1.1	Sotub04g011570.1.1	1.0821	126.7	398.3	0.0927	0.1073	1.1572	-1029.370646	
Sotub11g008200.1.1	Sotub05g023620.1.1	1.1187	160.5	559.5	0.1689	0.1778	1.0527	-1516.326948	
Sotub11g008250.1.1	Sotub04g011540.1.1	1.8440	125.1	606.9	0.3034	0.4415	1.4550	-1666.928612	
Sotub11g008360.1.1	Sotub04g011530.1.1	0.7092	174.0	504.0	0.1114	0.0776	0.6964	-1271.276048	
Sotub11g008410.1.1	Sotub04g011460.1.1	3.8156	255.7	896.3	0.2229	0.7171	3.2167	-2933.517392	
Sotub11g008450.1.1	Sotub05g023700.1.1	1.0216	186.5	545.5	0.2050	0.1713	0.8354	-1504.281146	
Sotub11g008550.1.1	Sotub04g011500.1.1	2.5885	146.8	720.2	0.1467	0.4346	2.9630	-1999.272503	
Sotub11g008550.1.1	Sotub04g028970.1.1	4.6474	185.6	681.4	0.0619	0.3651	5.8962	-1997.266099	
Sotub11g008550.1.1	Sotub05g023740.1.1	3.6587	157.4	709.6	0.0704	0.3589	5.0986	-1953.404320	
Sotub11g008970.1.1	Sotub04g011470.1.1	1.3317	216.2	836.8	0.2683	0.2846	1.0606	-2324.337444	
Sotub11g008980.1.1	Sotub04g029190.1.1	50.0000	167.7	462.3	0.0062	0.3797	61.5824	-1508.259662	
Sotub11g008980.1.1	Sotub04g029190.1.1	50.0000	167.7	462.3	0.0062	0.3797	61.5824	-1508.259662	
Sotub11g009050.1.1	Sotub04g011440.1.1	1.0679	542.0	1936.0	0.2780	0.2270	0.8166	-5178.476323	
Sotub11g009050.1.1	Sotub04g029300.1.1	3.9201	553.4	1924.6	0.1175	0.4880	4.1537	-5916.272462	
Sotub11g009050.1.1	Sotub04g029300.1.1	3.9201	553.4	1924.6	0.1175	0.4880	4.1537	-5916.272462	
Sotub11g009070.1.1	Sotub04g029350.1.1	1.8372	324.4	959.6	0.1008	0.1881	1.8673	-2763.453360	
Sotub11g009070.1.1	Sotub04g029350.1.1	1.8372	324.4	959.6	0.1008	0.1881	1.8673	-2763.453360	
Sotub11g009080.1.1	Sotub04g029360.1.1	1.9975	289.9	916.1	0.0856	0.1867	2.1801	-2615.642175	
Sotub11g009080.1.1	Sotub04g029360.1.1	1.9975	289.9	916.1	0.0856	0.1867	2.1801	-2615.642175	
Sotub11g009110.1.1	Sotub04g029370.1.1	3.8663	69.8	278.2	0.1639	0.6372	3.8875	-837.592180	
Sotub11g009110.1.1	Sotub04g029370.1.1	3.8663	69.8	278.2	0.1639	0.6372	3.8875	-837.592180	
Sotub11g009190.1.1	Sotub05g023800.1.1	1.2511	238.9	604.1	0.0456	0.0602	1.3191	-1602.387045	
Sotub11g009190.1.1	Sotub05g023800.1.1	1.2511	238.9	604.1	0.0456	0.0602	1.3191	-1602.387045	
Sotub11g009200.1.1	Sotub04g029540.1.1	2.1403	749.3	2274.7	0.1198	0.2529	2.1114	-6717.942705	
Sotub11g009200.1.1	Sotub04g029540.1.1	2.1403	749.3	2274.7	0.1198	0.2529	2.1114	-6717.942705	
Sotub11g009230.1.1	Sotub04g011150.1.1	50.0000	174.6	542.4	0.0023	0.1542	67.9752	-1490.066206	
Sotub11g009230.1.1	Sotub04g029580.1.1	3.7318	137.6	579.4	0.0139	0.0849	6.1263	-1398.777436	
Sotub11g009230.1.1	Sotub04g029580.1.1	3.7318	137.6	579.4	0.0139	0.0849	6.1263	-1398.777436	
Sotub11g009250.1.1	Sotub04g011320.1.1	0.5186	320.4	1017.6	0.1081	0.0581	0.5374	-2372.831017	
Sotub11g009260.1.1	Sotub04g011300.1.1	0.9407	148.0	446.0	0.1914	0.1528	0.7983	-1203.565327	
Sotub11g009270.1.1	Sotub04g029710.1.1	2.8074	109.2	421.8	0.0892	0.3020	3.3849	-1200.365680	
Sotub11g009270.1.1	Sotub05g023850.1.1	1.5640	106.1	406.9	0.1981	0.2838	1.4326	-1122.149155	
Sotub11g009270.1.1	Sotub05g023850.1.1	1.5640	106.1	406.9	0.1981	0.2838	1.4326	-1122.149155	
Sotub11g009320.1.1	Sotub04g029800.1.1	3.4115	358.6	1027.4	0.1276	0.4106	3.2187	-3248.154173	
Sotub11g009330.1.1	Sotub04g029870.1.1	2.9017	236.3	753.7	0.3218	0.6435	1.9997	-2492.696825	
Sotub11g009340.1.1	Sotub04g011290.1.1	1.3830	139.0	455.0	0.1360	0.1854	1.3632	-1264.942976	
Sotub11g009340.1.1	Sotub05g023890.1.1	1.3663	137.9	477.1	0.1457	0.1968	1.3500	-1305.995359	
Sotub11g009340.1.1	Sotub05g023890.1.1	1.3663	137.9	477.1	0.1457	0.1968	1.3500	-1305.995359	
Sotub11g009370.1.1	Sotub04g011280.1.1	1.2898	50.7	363.3	0.1754	0.2729	1.5554	-863.105349	
Sotub11g009390.1.1	Sotub04g011270.1.1	0.8258	470.4	1479.6	0.1670	0.1249	0.7481	-3868.783392	
Sotub11g009400.1.1	Sotub01g042620.1.1	2.7499	329.6	1095.4	0.0611	0.2012	3.2942	-3087.303390	
Sotub11g009410.1.1	Sotub01g042610.1.1	44.0456	85.8	226.2	0.0034	0.1807	52.8894	-658.576515	
Sotub11g009430.1.1	Sotub05g023910.1.1	3.3138	121.1	541.9	0.1002	0.4183	4.1752	-1550.701154	
Sotub11g009430.1.1	Sotub05g023910.1.1	3.3138	121.1	541.9	0.1002	0.4183	4.1752	-1550.701154	
Sotub11g009490.1.1	Sotub05g023950.1.1	1.7332	235.8	691.2	0.2132	0.2980	1.3977	-1970.514506	
Sotub11g009490.1.1	Sotub05g023950.1.1	1.7332	235.8	691.2	0.2132	0.2980	1.3977	-1970.514506	
Sotub11g009500.1.1	Sotub04g011150.1.1	1.0468	175.7	571.3	0.0528	0.0668	1.2660	-1405.532914	
Sotub11g009500.1.1	Sotub04g028310.1.1	1.4610	172.4	574.6	0.0585	0.1033	1.7659	-1475.944632	
Sotub11g009500.1.1	Sotub04g028310.1.1	1.4610	172.4	574.6	0.0585	0.1033	1.7659	-1475.944632	
Sotub11g009510.1.1	Sotub05g023970.1.1	0.8771	230.8	591.2	0.0628	0.0563	0.8970	-1537.959261	
Sotub11g009510.1.1	Sotub05g023970.1.1	0.8771	230.8	591.2	0.0628	0.0563	0.8970	-1537.959261	
Sotub11g009560.1.1	Sotub04g011170.1.1	1.0078	109.1	394.9	0.1122	0.1238	1.1035	-987.531663	
Sotub11g009560.1.1	Sotub04g028300.1.1	7.7352	115.9	388.1	0.0178	0.1883	10.5796	-1076.572255	
Sotub11g009560.1.1	Sotub04g028300.1.1	7.7352	115.9	388.1	0.0178	0.1883	10.5796	-1076.572255	
Sotub11g009580.1.1	Sotub05g023980.1.1	0.7702	302.6	972.4	0.3105	0.1681	0.5414	-2548.832806	
Sotub11g009580.1.1	Sotub05g023980.1.1	0.7702	302.6	972.4	0.3105	0.1681	0.5414	-2548.832806	
Sotub11g009590.1.1	Sotub04g011190.1.1	0.7719	148.9	448.1	0.0238	0.0229	0.9624	-1034.453080	
Sotub11g009600.1.1	Sotub01g042460.1.1	2.4612	360.3	1220.7	0.0939	0.2565	2.7311	-3457.103907	
Sotub11g009600.1.1	Sotub04g028270.1.1	11.5317	334.7	1126.3	0.1628	1.7648	10.8395	-3869.185444	
Sotub11g009600.1.1	Sotub04g028270.1.1	11.5317	334.7	1126.3	0.1628	1.7648	10.8395	-3869.185444	
Sotub11g009600.1.1	Sotub05g023990.1.1	1.9053	323.1	1272.9	0.0586	0.1494	2.5489	-3210.065492	
Sotub11g009610.1.1	Sotub05g024050.1.1	0.8276	113.9	327.1	0.1088	0.0885	0.8138	-837.125603	
Sotub11g009660.1.1	Sotub05g024060.1.1	50.0000	80.8	231.2	0.0213	1.2919	60.6397	-829.870908	
Sotub11g009750.1.1	Sotub05g029050.1.1	15.8969	229.6	781.4	0.0375	0.7760	20.6920	-2588.670190	
Sotub11g009840.1.1	Sotub05g028920.1.1	0.5433	412.2	1369.8	0.0980	0.0579	0.5905	-3182.958562	
Sotub11g009850.1.1	Sotub05g028900.1.1	1.4239	281.5	1011.5	0.1079	0.1695	1.5712	-2731.819828	
Sotub11g010220.1.1	Sotub05g028500.1.1	2.5661	222.6	725.4	0.2389	0.4893	2.0480	-2251.077096	
Sotub11g010260.1.1	Sotub05g028520.1.1	1.2143	418.6	1270.4	0.4503	0.3108	0.6901	-3724.404273	
Sotub11g010290.1.1	Sotub05g028540.1.1	0.8905	108.1	317.9	0.2771	0.1786	0.6446	-884.184484	
Sotub11g010300.1.1	Sotub05g028550.1.1	2.4837	346.5	1015.5	0.0658	0.1794	2.7281	-2913.015058	
Sotub11g010910.1.1	Sotub05g028230.1.1	0.5779	247.5	787.5	0.0512	0.0355	0.6929	-1813.030156	
Sotub11g010950.1.1	Sotub05g028240.1.1	0.6860	169.7	523.3	0.1263	0.0849	0.6721	-1280.139314	
Sotub11g011520.1.1	Sotub06g032660.1.1	50.0000	308.3	1023.7	0.0100	0.6961	69.6971	-3362.469722	
Sotub11g011590.1.1	Sotub06g032570.1.1	50.0000	317.4	1080.6	0.0101	0.7174	70.9696	-3539.761454	
Sotub11g011590.1.1	Sotub09g010350.1.1	3.8132	273.4	1040.6	0.0509	0.2606	5.1175	-2880.926472	
Sotub11g011600.1.1	Sotub09g010370.1.1	16.5329	160.0	665.0	0.0176	0.4654	26.4822	-1964.428899	
Sotub11g012320.1.1	Sotub05g028770.1.1	0.7614	109.4	349.6	0.1375	0.1017	0.7398	-872.989808	
Sotub11g012440.1.1	Sotub05g028720.1.1	1.3599	345.4	1223.6	0.0837	0.1329	1.5882	-3106.153336	
Sotub11g012470.1.1	Sotub05g028700.1.1	1.3592	288.6	914.4	0.1078	0.1518	1.4077	-2506.818741	
Sotub11g012550.1.1	Sotub05g028680.1.1	2.5681	324.1	1235.9	0.0758	0.2424	3.1960	-3430.175453	
Sotub11g012550.1.1	Sotub12g032780.1.1	41.4842	359.5	1233.5	0.0093	0.5520	59.3726	-3937.713051	
Sotub11g012560.1.1	Sotub04g026100.1.1	50.0000	105.3	419.7	0.0106	0.8491	79.7439	-1341.115453	
Sotub11g012570.1.1	Sotub04g025980.1.1	50.0000	142.9	502.1	0.0105	0.7643	72.5511	-1656.922625	
Sotub11g012570.1.1	Sotub05g028660.1.1	50.0000	139.7	505.3	0.0089	0.6658	74.5526	-1637.099636	
Sotub11g012620.1.1	Sotub04g025880.1.1	50.0000	253.6	916.4	0.0083	0.6225	74.6362	-2914.896492	
Sotub11g012620.1.1	Sotub12g032720.1.1	50.0000	263.4	906.6	0.0085	0.6104	71.9274	-2877.554802	
Sotub11g013000.1.1	Sotub04g025600.1.1	19.1468	285.7	1031.3	0.0271	0.7272	26.7914	-3323.877034	
Sotub11g013010.1.1	Sotub04g025630.1.1	50.0000	189.8	656.2	0.0165	1.1614	70.2573	-2251.145169	
Sotub11g013010.1.1	Sotub12g032120.1.1	5.4545	139.3	574.7	0.1591	0.8951	5.6249	-1834.863527	
Sotub11g013080.1.1	Sotub06g017940.1.1	0.7412	299.0	913.0	0.1277	0.0920	0.7204	-2329.809692	
Sotub11g013110.1.1	Sotub12g031820.1.1	50.0000	98.8	366.2	0.0065	0.4972	76.5852	-1117.954950	
Sotub11g013210.1.1	Sotub04g031370.1.1	7.6217	215.2	798.8	0.0921	0.8219	8.9199	-2577.942894	
Sotub11g013230.1.1	Sotub06g017860.1.1	0.9125	337.6	1054.4	0.0905	0.0885	0.9777	-2647.378647	
Sotub11g013250.1.1	Sotub04g031250.1.1	11.9665	236.1	741.9	0.0367	0.5431	14.8152	-2423.136819	
Sotub11g013260.1.1	Sotub06g017810.1.1	5.4028	215.8	699.2	0.1468	0.7598	5.1752	-2343.860638	
Sotub11g013300.1.1	Sotub04g031200.1.1	50.0000	309.7	938.3	0.0085	0.5571	65.4691	-3101.211942	
Sotub11g013390.1.1	Sotub06g017800.1.1	0.6937	1226.0	3580.0	0.2311	0.1251	0.5412	-9356.009686	
Sotub11g013570.1.1	Sotub04g031120.1.1	17.3196	198.2	743.8	0.0370	0.8910	24.1007	-2442.043460	
Sotub11g013570.1.1	Sotub06g024290.1.1	6.7500	201.1	746.9	0.1098	0.8274	7.5352	-2434.316527	
Sotub11g013830.1.1	Sotub06g024490.1.1	0.5758	275.1	819.9	0.1460	0.0777	0.5324	-2007.807904	
Sotub11g013850.1.1	Sotub06g024500.1.1	1.1046	111.7	416.3	0.0747	0.1017	1.3618	-1036.752577	
Sotub11g013950.1.1	Sotub06g024570.1.1	1.4119	129.1	500.9	0.3012	0.3190	1.0591	-1409.345285	
Sotub11g013990.1.1	Sotub06g024580.1.1	1.3100	154.8	595.2	0.2919	0.2910	0.9968	-1648.599387	
Sotub11g014570.1.1	Sotub06g019510.1.1	1.0500	276.6	941.4	0.1546	0.1561	1.0097	-2513.311201	
Sotub11g014740.1.1	Sotub06g019420.1.1	0.9104	98.3	273.7	0.3429	0.2015	0.5876	-760.622272	
Sotub11g014760.1.1	Sotub07g027900.1.1	50.0000	225.4	743.6	0.0046	0.3252	70.5860	-2274.178878	
Sotub11g014910.1.1	Sotub07g028040.1.1	50.0000	226.6	595.4	0.0139	0.8092	58.3225	-2096.328710	
Sotub11g014920.1.1	Sotub07g028050.1.1	50.0000	131.1	360.9	0.0058	0.3548	61.5636	-1167.917299	
Sotub11g015360.1.1	Sotub06g024220.1.1	1.2070	168.7	578.3	0.2237	0.2255	1.0085	-1630.847569	
Sotub11g015440.1.1	Sotub06g024240.1.1	0.4745	401.4	1188.6	0.0782	0.0398	0.5088	-2768.513703	
Sotub11g015530.1.1	Sotub06g024290.1.1	0.9497	206.8	765.2	0.2176	0.1794	0.8243	-2007.509442	
Sotub11g015570.1.1	Sotub06g024300.1.1	0.7637	217.2	637.8	0.2321	0.1383	0.5959	-1701.436033	
Sotub11g017310.1.1	Sotub04g009300.1.1	0.5400	124.1	454.9	0.2730	0.1146	0.4198	-1097.250413	
Sotub11g017370.1.1	Sotub04g009140.1.1	50.0000	295.9	1036.1	0.0099	0.7151	72.5134	-3343.401215	
Sotub11g017370.1.1	Sotub04g022370.1.1	9.4155	293.4	1047.6	0.0587	0.6957	11.8590	-3376.161476	
Sotub11g017460.1.1	Sotub04g022730.1.1	50.0000	161.2	561.8	0.0093	0.6709	72.4260	-1747.959983	
Sotub11g017460.1.1	Sotub09g021090.1.1	20.3249	135.5	476.5	0.0278	0.7735	27.8715	-1460.267479	
Sotub11g017470.1.1	Sotub04g022740.1.1	50.0000	70.7	241.3	0.0060	0.4316	72.1149	-720.293205	
Sotub11g017470.1.1	Sotub09g021110.1.1	50.0000	79.6	319.4	0.0055	0.4474	81.7790	-928.063494	
Sotub11g017600.1.1	Sotub09g021190.1.1	24.5204	405.0	1197.0	0.0216	0.6555	30.3930	-4042.221464	
Sotub11g017710.1.1	Sotub11g014390.1.1	1.1499	115.0	371.0	0.1718	0.1790	1.0419	-998.595332	
Sotub11g017950.1.1	Sotub11g014230.1.1	0.4805	143.8	552.2	0.9530	0.1585	0.1664	-1317.722547	
Sotub11g017970.1.1	Sotub11g014220.1.1	0.5732	128.7	486.3	1.2261	0.1987	0.1621	-1168.510860	
Sotub11g018740.1.1	Sotub11g018390.1.1	5.0644	85.3	340.7	0.0366	0.2692	7.3558	-954.173565	
Sotub11g018750.1.1	Sotub11g018380.1.1	2.7255	119.5	372.5	0.0746	0.2264	3.0339	-1068.320706	
Sotub11g018970.1.1	Sotub11g018210.1.1	50.0000	218.2	780.8	0.0112	0.8218	73.3745	-2565.106322	
Sotub11g019220.1.1	Sotub04g014840.1.1	6.1851	113.7	390.3	0.1204	0.7783	6.4652	-1262.992850	
Sotub11g019250.1.1	Sotub04g014700.1.1	8.7000	133.2	433.8	0.0584	0.6060	10.3737	-1385.168193	
Sotub11g019550.1.1	Sotub07g010430.1.1	0.1369	137.3	375.7	0.7209	0.0413	0.0573	-794.041284	
Sotub11g019640.1.1	Sotub07g010510.1.1	7.6866	155.9	552.1	0.0731	0.6758	9.2441	-1794.515208	
Sotub11g020650.1.1	Sotub01g009430.1.1	0.5703	221.0	631.0	0.0931	0.0539	0.5789	-1548.909646	
Sotub11g020700.1.1	Sotub01g009440.1.1	0.7692	141.1	740.9	0.0661	0.0787	1.1896	-1562.595589	
Sotub11g020840.1.1	Sotub01g009530.1.1	0.5909	284.9	720.1	0.1051	0.0577	0.5489	-1800.469544	
Sotub11g020950.1.1	Sotub03g029050.1.1	50.0000	217.2	787.8	0.0081	0.6090	74.9171	-2480.003957	
Sotub11g021040.1.1	Sotub01g009540.1.1	0.9709	317.4	1251.6	0.1318	0.1388	1.0527	-3129.072105	
Sotub11g021050.1.1	Sotub01g009550.1.1	0.5359	275.6	1035.4	0.0467	0.0338	0.7228	-2246.877808	
Sotub11g021080.1.1	Sotub03g029190.1.1	4.7913	186.0	696.0	0.0915	0.5161	5.6430	-2166.529415	
Sotub11g021080.1.1	Sotub12g017680.1.1	50.0000	143.4	489.6	0.0037	0.2663	72.6793	-1419.268724	
Sotub11g021090.1.1	Sotub01g009570.1.1	1.7824	228.5	749.5	0.3515	0.4152	1.1812	-2324.533043	
Sotub11g021090.1.1	Sotub03g029200.1.1	50.0000	220.4	823.6	0.0096	0.7287	76.2130	-2690.861544	
Sotub11g021090.1.1	Sotub12g017700.1.1	6.1656	237.0	801.0	0.0607	0.4535	7.4672	-2539.748525	
Sotub11g021230.1.1	Sotub03g024680.1.1	27.8140	278.3	1038.7	0.0160	0.6643	41.3979	-3312.631056	
Sotub11g021230.1.1	Sotub03g029270.1.1	17.3945	289.3	1012.7	0.0262	0.6265	23.9008	-3251.224517	
Sotub11g021320.1.1	Sotub03g024790.1.1	0.0000	194.4	846.6	0.0010	0.0000	0.0000	-1396.384738	
Sotub11g021340.1.1	Sotub03g024810.1.1	0.0000	270.0	933.0	0.4181	0.0000	0.0000	-1615.866499	
Sotub11g021340.1.1	Sotub06g027010.1.1	0.9137	274.2	928.8	0.2044	0.1614	0.7896	-2468.360899	
Sotub11g021340.1.1	Sotub06g027010.1.1	0.9137	274.2	928.8	0.2044	0.1614	0.7896	-2468.360899	
Sotub11g021350.1.1	Sotub03g024820.1.1	0.0000	208.4	685.6	0.4603	0.0000	0.0000	-1193.633249	
Sotub11g021360.1.1	Sotub02g013320.1.1	3.4901	111.1	401.9	0.0776	0.3255	4.1929	-1188.283569	
Sotub11g021360.1.1	Sotub02g013320.1.1	3.4901	111.1	401.9	0.0776	0.3255	4.1929	-1188.283569	
Sotub11g021360.1.1	Sotub02g035120.1.1	5.5682	108.3	392.7	0.0439	0.3254	7.4066	-1155.527704	
Sotub11g021360.1.1	Sotub02g035120.1.1	5.5682	108.3	392.7	0.0439	0.3254	7.4066	-1155.527704	
Sotub11g021360.1.1	Sotub03g024830.1.1	0.0000	91.4	298.6	0.0010	0.0000	0.0000	-517.977350	
Sotub11g021370.1.1	Sotub02g013310.1.1	11.4991	247.8	904.2	0.0315	0.5040	15.9808	-2777.968225	
Sotub11g021370.1.1	Sotub02g013310.1.1	11.4991	247.8	904.2	0.0315	0.5040	15.9808	-2777.968225	
Sotub11g021370.1.1	Sotub03g024840.1.1	0.0000	221.2	1035.8	0.0010	0.0000	0.0000	-1647.562728	
Sotub11g021370.1.1	Sotub06g026980.1.1	1.7835	258.3	971.7	0.3033	0.4010	1.3221	-2804.725709	
Sotub11g021370.1.1	Sotub06g026980.1.1	1.7835	258.3	971.7	0.3033	0.4010	1.3221	-2804.725709	
Sotub11g021380.1.1	Sotub02g013300.1.1	2.8311	79.2	349.8	0.0083	0.0409	4.9307	-790.775301	
Sotub11g021380.1.1	Sotub02g013300.1.1	2.8311	79.2	349.8	0.0083	0.0409	4.9307	-790.775301	
Sotub11g021380.1.1	Sotub02g035100.1.1	1.5243	84.9	344.1	0.0095	0.0236	2.4721	-762.022232	
Sotub11g021380.1.1	Sotub02g035100.1.1	1.5243	84.9	344.1	0.0095	0.0236	2.4721	-762.022232	
Sotub11g021380.1.1	Sotub03g024850.1.1	0.0000	70.6	358.4	0.0010	0.0000	0.0000	-569.869605	
Sotub11g021380.1.1	Sotub06g026970.1.1	0.6514	82.4	346.6	0.0483	0.0454	0.9391	-769.264105	
Sotub11g021380.1.1	Sotub06g026970.1.1	0.6514	82.4	346.6	0.0483	0.0454	0.9391	-769.264105	
Sotub11g021390.1.1	Sotub03g024860.1.1	0.0000	182.4	723.6	0.0010	0.0000	0.0000	-1195.292383	
Sotub11g021390.1.1	Sotub06g026960.1.1	1.1192	227.1	678.9	0.3998	0.2711	0.6781	-1947.246299	
Sotub11g021390.1.1	Sotub06g026960.1.1	1.1192	227.1	678.9	0.3998	0.2711	0.6781	-1947.246299	
Sotub11g021400.1.1	Sotub03g024870.1.1	0.0000	78.7	263.3	0.0010	0.0000	0.0000	-451.755306	
Sotub11g021400.1.1	Sotub06g026930.1.1	0.8860	81.9	260.1	0.3581	0.2066	0.5770	-703.562393	
Sotub11g021400.1.1	Sotub06g026930.1.1	0.8860	81.9	260.1	0.3581	0.2066	0.5770	-703.562393	
Sotub11g021420.1.1	Sotub03g024890.1.1	0.0000	536.8	2280.2	0.0010	0.0000	0.0000	-3771.352234	
Sotub11g021420.1.1	Sotub06g026920.1.1	1.1120	641.4	2151.6	0.4195	0.2813	0.6705	-6135.011833	
Sotub11g021420.1.1	Sotub06g026920.1.1	1.1120	641.4	2151.6	0.4195	0.2813	0.6705	-6135.011833	
Sotub11g021460.1.1	Sotub02g035030.1.1	2.2889	139.8	451.2	0.2028	0.3953	1.9492	-1389.248452	
Sotub11g021460.1.1	Sotub02g035030.1.1	2.2889	139.8	451.2	0.2028	0.3953	1.9492	-1389.248452	
Sotub11g021460.1.1	Sotub03g024930.1.1	0.0000	209.7	792.3	0.4054	0.0000	0.0000	-1321.881654	
Sotub11g021470.1.1	Sotub03g024940.1.1	0.0000	129.0	438.0	0.3837	0.0000	0.0000	-748.686045	
Sotub11g021520.1.1	Sotub03g024990.1.1	0.0000	262.2	1060.8	0.0010	0.0000	0.0000	-1776.357463
Sotub11g021530.1.1	Sotub03g025000.1.1	0.0000	558.7	1811.3	0.4825	0.0000	0.0000	-3187.158870	
Sotub11g021540.1.1	Sotub03g025010.1.1	0.0000	192.1	533.9	0.3222	0.0000	0.0000	-979.600155	
Sotub11g021550.1.1	Sotub03g025020.1.1	0.0000	173.2	687.8	0.0010	0.0000	0.0000	-1154.349681	
Sotub11g021560.1.1	Sotub03g025030.1.1	0.0000	946.2	3202.8	0.4759	0.0000	0.0000	-5550.041736	
Sotub11g021570.1.1	Sotub03g025040.1.1	0.0000	888.7	3626.3	0.0010	0.0000	0.0000	-6043.716546	
Sotub11g021580.1.1	Sotub03g025050.1.1	0.0000	134.2	672.8	0.0010	0.0000	0.0000	-1062.797495	
Sotub11g021580.1.1	Sotub06g029610.1.1	1.5450	129.7	677.3	0.1068	0.2196	2.0568	-1710.271490	
Sotub11g021580.1.1	Sotub06g029610.1.1	1.5450	129.7	677.3	0.1068	0.2196	2.0568	-1710.271490	
Sotub11g021590.1.1	Sotub03g025060.1.1	0.0000	103.7	403.3	0.0010	0.0000	0.0000	-680.781366	
Sotub11g021600.1.1	Sotub03g025070.1.1	0.0000	262.8	997.2	0.4824	0.0000	0.0000	-1667.711479	
Sotub11g021610.1.1	Sotub03g025080.1.1	0.0000	115.2	382.8	0.0010	0.0000	0.0000	-665.370156	
Sotub11g021620.1.1	Sotub03g025090.1.1	0.0000	110.3	495.7	0.4130	0.0000	0.0000	-778.827139	
Sotub11g021620.1.1	Sotub06g029570.1.1	2.0930	103.4	502.6	0.1418	0.3431	2.4203	-1362.008176	
Sotub11g021620.1.1	Sotub06g029570.1.1	2.0930	103.4	502.6	0.1418	0.3431	2.4203	-1362.008176	
Sotub11g021630.1.1	Sotub03g025100.1.1	0.0000	237.4	605.6	0.4004	0.0000	0.0000	-1136.350392	
Sotub11g021640.1.1	Sotub03g025110.1.1	0.0000	274.8	841.2	0.0010	0.0000	0.0000	-1493.871958	
Sotub11g021650.1.1	Sotub03g025120.1.1	0.0000	201.7	680.3	0.3894	0.0000	0.0000	-1182.692142	
Sotub11g021670.1.1	Sotub03g025140.1.1	0.0000	190.7	688.3	0.4767	0.0000	0.0000	-1162.298471	
Sotub11g021670.1.1	Sotub06g029550.1.1	1.1388	191.3	678.7	0.1648	0.1795	1.0895	-1777.174039	
Sotub11g021670.1.1	Sotub06g029550.1.1	1.1388	191.3	678.7	0.1648	0.1795	1.0895	-1777.174039	
Sotub11g021680.1.1	Sotub03g025150.1.1	0.0118	328.4	1243.6	0.2511	0.0024	0.0096	-2146.589024	
Sotub11g021720.1.1	Sotub03g025200.1.1	0.0000	128.9	534.1	99.0000	0.0000	0.0000	-865.410611	
Sotub11g021770.1.1	Sotub03g025250.1.1	0.0000	271.4	1384.6	0.0010	0.0000	0.0000	-2124.024657	
Sotub11g021780.1.1	Sotub03g025260.1.1	0.0000	147.1	461.9	0.3994	0.0000	0.0000	-798.139321	
Sotub11g021800.1.1	Sotub03g025280.1.1	0.0000	172.7	679.3	0.0010	0.0000	0.0000	-1145.893720	
Sotub11g021820.1.1	Sotub03g025300.1.1	0.0000	120.3	374.7	0.4091	0.0000	0.0000	-668.773835	
Sotub11g021830.1.1	Sotub03g025310.1.1	0.0000	233.1	816.9	0.4274	0.0000	0.0000	-1403.950737	
Sotub11g021850.1.1	Sotub03g025330.1.1	0.0000	684.9	2555.1	0.4498	0.0000	0.0000	-4356.272858	
Sotub11g021870.1.1	Sotub03g025350.1.1	0.0000	174.2	545.8	0.3887	0.0000	0.0000	-959.489296
Sotub11g021890.1.1	Sotub03g025370.1.1	0.0000	91.5	337.5	0.0010	0.0000	0.0000	-575.917320	
Sotub11g021910.1.1	Sotub03g025390.1.1	0.0000	412.8	1495.2	0.0010	0.0000	0.0000	-2564.097554	
Sotub11g021920.1.1	Sotub03g025400.1.1	0.0000	106.0	530.0	0.2492	0.0000	0.0000	-833.636808	
Sotub11g021940.1.1	Sotub03g025420.1.1	0.0000	94.1	448.9	0.3826	0.0000	0.0000	-711.278076	
Sotub11g021960.1.1	Sotub03g025440.1.1	0.0000	214.6	853.4	0.3860	0.0000	0.0000	-1410.541154	
Sotub11g021960.1.1	Sotub03g026650.1.1	50.0000	217.2	823.8	0.0113	0.8667	76.5803	-2687.402151	
Sotub11g021960.1.1	Sotub08g013940.1.1	50.0000	217.4	832.6	0.0120	0.9268	76.9367	-2716.655409	
Sotub11g021970.1.1	Sotub03g025450.1.1	0.0000	90.4	338.6	0.0010	0.0000	0.0000	-580.573816	
Sotub11g021980.1.1	Sotub03g025460.1.1	0.0000	70.0	302.0	0.0010	0.0000	0.0000	-479.931811	
Sotub11g021990.1.1	Sotub03g025470.1.1	0.0000	177.6	677.4	0.0637	0.0000	0.0000	-1138.125992	
Sotub11g022000.1.1	Sotub03g025480.1.1	0.0000	177.4	707.6	0.5007	0.0000	0.0000	-1176.141283	
Sotub11g022010.1.1	Sotub03g025490.1.1	0.0130	188.7	765.3	0.3515	0.0032	0.0091	-1306.604160	
Sotub11g022010.1.1	Sotub08g013900.1.1	50.0000	195.4	719.6	0.0146	1.0819	74.0737	-2404.211818	
Sotub11g022020.1.1	Sotub03g025500.1.1	0.0000	200.8	813.2	0.0010	0.0000	0.0000	-1350.688083	
Sotub11g022030.1.1	Sotub03g025510.1.1	0.0000	905.6	3714.4	0.2954	0.0000	0.0000	-6132.358276	
Sotub11g022040.1.1	Sotub03g025520.1.1	0.0000	149.6	519.4	0.0010	0.0000	0.0000	-901.992791	
Sotub11g022050.1.1	Sotub03g025530.1.1	0.0000	179.9	606.1	0.4028	0.0000	0.0000	-1046.238648	
Sotub11g022060.1.1	Sotub03g025540.1.1	0.0000	268.3	1012.7	0.4472	0.0000	0.0000	-1698.267621	
Sotub11g022070.1.1	Sotub03g025550.1.1	0.0000	205.3	901.7	0.3781	0.0000	0.0000	-1447.680881	
Sotub11g022090.1.1	Sotub03g025570.1.1	0.0000	196.1	736.9	0.4849	0.0000	0.0000	-1241.444489	
Sotub11g022110.1.1	Sotub03g025590.1.1	0.0000	121.1	556.9	0.0010	0.0000	0.0000	-899.318496	
Sotub11g022130.1.1	Sotub03g025610.1.1	0.0000	242.0	922.0	0.0010	0.0000	0.0000	-1545.696946	
Sotub11g022130.1.1	Sotub08g013870.1.1	7.7290	112.7	412.3	0.1240	1.0240	8.2580	-1372.480783	
Sotub11g022140.1.1	Sotub03g026960.1.1	1.0498	117.0	378.0	0.2456	0.2028	0.8255	-1037.800554	
Sotub11g022160.1.1	Sotub03g025630.1.1	0.0000	76.1	427.9	0.0010	0.0000	0.0000	-655.815369	
Sotub11g022170.1.1	Sotub03g025640.1.1	0.0198	176.3	888.7	1.4773	0.0070	0.0047	-1456.543734	
Sotub11g022170.1.1	Sotub03g026980.1.1	13.6414	237.3	836.7	0.0656	1.0957	16.7137	-2768.740291	
Sotub11g022180.1.1	Sotub03g025650.1.1	0.0000	189.7	749.3	0.0010	0.0000	0.0000	-1238.429641	
Sotub11g022180.1.1	Sotub06g029490.1.1	0.9740	215.7	723.3	0.3310	0.2217	0.6698	-1955.508292	
Sotub11g022180.1.1	Sotub06g029490.1.1	0.9740	215.7	723.3	0.3310	0.2217	0.6698	-1955.508292	
Sotub11g022190.1.1	Sotub03g025660.1.1	0.0000	177.8	749.2	0.0010	0.0000	0.0000	-1204.392082	
Sotub11g022190.1.1	Sotub06g029470.1.1	1.0204	162.5	590.5	0.1005	0.1160	1.1546	-1489.961537	
Sotub11g022190.1.1	Sotub06g029470.1.1	1.0204	162.5	590.5	0.1005	0.1160	1.1546	-1489.961537	
Sotub11g022200.1.1	Sotub03g025670.1.1	0.0000	275.8	909.2	0.4067	0.0000	0.0000	-1593.935281	
Sotub11g022210.1.1	Sotub03g025680.1.1	0.0000	226.5	799.5	0.0010	0.0000	0.0000	-1337.067561	
Sotub11g022220.1.1	Sotub03g025690.1.1	0.0000	348.0	1104.0	0.4031	0.0000	0.0000	-1940.298901	
Sotub11g022230.1.1	Sotub03g025700.1.1	0.0000	216.4	644.6	0.4031	0.0000	0.0000	-1151.612442	
Sotub11g022240.1.1	Sotub03g025710.1.1	0.0000	99.3	470.7	0.0010	0.0000	0.0000	-747.196300	
Sotub11g022250.1.1	Sotub03g025720.1.1	0.0000	94.2	304.8	0.0010	0.0000	0.0000	-537.605546	
Sotub11g022250.1.1	Sotub05g014160.1.1	9.2140	94.6	304.4	0.0293	0.3467	11.8332	-908.222385	
Sotub11g022250.1.1	Sotub05g014160.1.1	9.2140	94.6	304.4	0.0293	0.3467	11.8332	-908.222385	
Sotub11g022250.1.1	Sotub06g029410.1.1	0.7146	99.4	299.6	0.1420	0.0951	0.6695	-760.452830	
Sotub11g022250.1.1	Sotub06g029410.1.1	0.7146	99.4	299.6	0.1420	0.0951	0.6695	-760.452830	
Sotub11g022260.1.1	Sotub03g025730.1.1	0.0000	163.1	619.9	0.0010	0.0000	0.0000	-1041.553739	
Sotub11g022280.1.1	Sotub03g025750.1.1	0.0000	83.9	351.1	0.0010	0.0000	0.0000	-578.069678	
Sotub11g022290.1.1	Sotub03g025760.1.1	0.0000	245.0	1069.0	0.0010	0.0000	0.0000	-1754.067568	
Sotub11g022300.1.1	Sotub03g025770.1.1	0.0000	242.5	924.5	0.4079	0.0000	0.0000	-1550.066938	
Sotub11g022300.1.1	Sotub06g029370.1.1	0.9502	260.6	906.4	0.1512	0.1405	0.9294	-2354.533640	
Sotub11g022300.1.1	Sotub06g029370.1.1	0.9502	260.6	906.4	0.1512	0.1405	0.9294	-2354.533640	
Sotub11g022310.1.1	Sotub03g025780.1.1	0.0000	121.8	610.2	0.0010	0.0000	0.0000	-959.652540	
Sotub11g022330.1.1	Sotub03g025800.1.1	0.0000	324.7	1061.3	0.0010	0.0000	0.0000	-1847.089615	
Sotub11g022350.1.1	Sotub03g025820.1.1	0.0000	257.2	945.8	0.0010	0.0000	0.0000	-1603.876649	
Sotub11g022360.1.1	Sotub03g025830.1.1	0.0000	101.7	354.3	0.0010	0.0000	0.0000	-615.754919	
Sotub11g022370.1.1	Sotub03g025840.1.1	0.0000	142.2	463.8	0.4903	0.0000	0.0000	-809.055686	
Sotub11g022370.1.1	Sotub06g029320.1.1	1.0662	142.3	454.7	0.2947	0.2263	0.7679	-1257.286999	
Sotub11g022370.1.1	Sotub06g029320.1.1	1.0662	142.3	454.7	0.2947	0.2263	0.7679	-1257.286999	
Sotub11g022380.1.1	Sotub03g025850.1.1	0.0000	368.5	1248.5	0.0010	0.0000	0.0000	-2170.270080	
Sotub11g022390.1.1	Sotub03g025860.1.1	0.0000	204.0	864.0	0.0010	0.0000	0.0000	-1404.757340	
Sotub11g022400.1.1	Sotub03g025870.1.1	0.0000	109.6	451.4	0.0010	0.0000	0.0000	-750.156952	
Sotub11g022420.1.1	Sotub03g025890.1.1	0.0000	692.6	2316.4	0.4835	0.0000	0.0000	-3997.565886	
Sotub11g022430.1.1	Sotub03g025900.1.1	0.0000	191.1	837.9	0.6185	0.0000	0.0000	-1367.397707	
Sotub11g022440.1.1	Sotub03g025910.1.1	0.0000	318.8	1073.2	0.0010	0.0000	0.0000	-1861.459295	
Sotub11g022440.1.1	Sotub05g014340.1.1	22.8644	344.7	1017.3	0.0260	0.7278	27.9678	-3423.326125	
Sotub11g022440.1.1	Sotub05g014340.1.1	22.8644	344.7	1017.3	0.0260	0.7278	27.9678	-3423.326125	
Sotub11g022480.1.1	Sotub03g025950.1.1	0.0000	508.6	1669.4	0.4347	0.0000	0.0000	-2921.378151	
Sotub11g022510.1.1	Sotub03g025980.1.1	0.0000	76.2	502.8	0.0010	0.0000	0.0000	-754.917345	
Sotub11g022520.1.1	Sotub03g025990.1.1	0.0000	379.8	1414.2	0.3933	0.0000	0.0000	-2365.581361	
Sotub11g022530.1.1	Sotub03g026000.1.1	0.0633	103.1	388.9	0.6193	0.0187	0.0302	-719.739685	
Sotub11g022560.1.1	Sotub03g026030.1.1	0.0000	74.4	381.6	0.0010	0.0000	0.0000	-594.290530	
Sotub11g022590.1.1	Sotub03g026060.1.1	0.0000	145.6	667.4	0.0010	0.0000	0.0000	-1068.541839	
Sotub11g022610.1.1	Sotub03g026080.1.1	0.0000	92.8	369.2	0.4453	0.0000	0.0000	-602.014915	
Sotub11g022620.1.1	Sotub03g026090.1.1	0.0000	146.4	486.6	0.3671	0.0000	0.0000	-849.530954	
Sotub11g022620.1.1	Sotub06g029280.1.1	1.0755	149.9	483.1	0.1785	0.1715	0.9612	-1305.275486	
Sotub11g022620.1.1	Sotub06g029280.1.1	1.0755	149.9	483.1	0.1785	0.1715	0.9612	-1305.275486	
Sotub11g022630.1.1	Sotub03g026100.1.1	0.0000	274.6	1057.4	0.0010	0.0000	0.0000	-1747.516632	
Sotub11g022630.1.1	Sotub06g029270.1.1	0.7317	289.3	982.7	0.0500	0.0458	0.9168	-2255.939925	
Sotub11g022630.1.1	Sotub06g029270.1.1	0.7317	289.3	982.7	0.0500	0.0458	0.9168	-2255.939925	
Sotub11g022640.1.1	Sotub03g026110.1.1	0.0000	202.3	760.7	0.4836	0.0000	0.0000	-1274.110040	
Sotub11g022640.1.1	Sotub06g029260.1.1	0.4983	203.0	760.0	0.0893	0.0527	0.5905	-1709.047556	
Sotub11g022640.1.1	Sotub06g029260.1.1	0.4983	203.0	760.0	0.0893	0.0527	0.5905	-1709.047556	
Sotub11g022650.1.1	Sotub03g026120.1.1	0.0000	147.9	686.1	0.0010	0.0000	0.0000	-1103.446696	
Sotub11g022660.1.1	Sotub03g026130.1.1	0.0000	182.1	633.9	0.0010	0.0000	0.0000	-1079.783624	
Sotub11g022670.1.1	Sotub03g026140.1.1	0.0000	247.6	859.4	0.3125	0.0000	0.0000	-1498.093860	
Sotub11g022680.1.1	Sotub03g026150.1.1	0.0000	123.4	476.6	0.2440	0.0000	0.0000	-797.008925	
Sotub11g022700.1.1	Sotub03g026170.1.1	0.0000	204.0	753.0	0.4117	0.0000	0.0000	-1269.154102	
Sotub11g022710.1.1	Sotub03g026180.1.1	0.0000	266.0	700.0	0.4104	0.0000	0.0000	-1259.481768	
Sotub11g022720.1.1	Sotub03g026190.1.1	0.0000	239.4	654.6	0.4113	0.0000	0.0000	-1198.018509	
Sotub11g022720.1.1	Sotub05g014630.1.1	3.1751	174.5	587.5	0.2335	0.6042	2.5873	-1892.615837	
Sotub11g022720.1.1	Sotub05g014630.1.1	3.1751	174.5	587.5	0.2335	0.6042	2.5873	-1892.615837	
Sotub11g022730.1.1	Sotub03g026200.1.1	0.0000	238.9	838.1	0.3834	0.0000	0.0000	-1441.445304	
Sotub11g022730.1.1	Sotub05g014700.1.1	1.6006	253.7	811.3	0.0862	0.1513	1.7560	-2213.127518	
Sotub11g022730.1.1	Sotub05g014700.1.1	1.6006	253.7	811.3	0.0862	0.1513	1.7560	-2213.127518	
Sotub11g022740.1.1	Sotub03g026210.1.1	0.0000	325.6	991.4	0.0319	0.0000	0.0000	-1762.415682	
Sotub11g022940.1.1	Sotub03g026410.1.1	0.0000	103.0	440.0	0.0010	0.0000	0.0000	-721.990386	
Sotub11g022950.1.1	Sotub03g026420.1.1	0.0000	434.4	1791.6	0.0010	0.0000	0.0000	-2950.407419	
Sotub11g022960.1.1	Sotub03g026430.1.1	0.0000	736.0	2570.0	0.4593	0.0000	0.0000	-4413.861618	
Sotub11g022970.1.1	Sotub03g026440.1.1	0.0783	143.5	477.5	1.6375	0.0287	0.0175	-922.324848	
Sotub11g023020.1.1	Sotub03g026470.1.1	0.0000	161.2	528.8	0.0010	0.0000	0.0000	-916.277260	
Sotub11g023080.1.1	Sotub03g026510.1.1	0.0000	340.5	1090.5	0.4417	0.0000	0.0000	-1916.524847
Sotub11g023100.1.1	Sotub03g026530.1.1	0.0000	183.1	455.9	0.4075	0.0000	0.0000	-841.780013	
Sotub11g023520.1.1	Sotub01g026340.1.1	50.0000	138.0	594.0	0.0059	0.5091	86.1995	-1777.528474	
Sotub11g023540.1.1	Sotub01g026300.1.1	3.0124	345.7	890.3	0.0795	0.2370	2.9800	-2728.792198	
Sotub11g023600.1.1	Sotub01g026270.1.1	2.4948	120.3	491.7	0.1769	0.4342	2.4552	-1433.671647	
Sotub11g023690.1.1	Sotub01g026230.1.1	4.7134	145.5	517.5	0.1066	0.5535	5.1918	-1630.747598	
Sotub11g023730.1.1	Sotub04g010100.1.1	5.3641	223.7	778.3	0.1919	0.9217	4.8026	-2619.550410	
Sotub11g023730.1.1	Sotub04g010100.1.1	5.3641	223.7	778.3	0.1919	0.9217	4.8026	-2619.550410	
Sotub11g023750.1.1	Sotub04g010120.1.1	1.8649	124.1	418.9	0.0327	0.0800	2.4496	-1052.011503	
Sotub11g023750.1.1	Sotub04g010120.1.1	1.8649	124.1	418.9	0.0327	0.0800	2.4496	-1052.011503	
Sotub11g023750.1.1	Sotub06g031940.1.1	0.8399	118.7	418.3	0.0722	0.0729	1.0099	-999.751016	
Sotub11g023750.1.1	Sotub09g009240.1.1	1.6322	115.9	427.1	0.0108	0.0266	2.4507	-957.824866	
Sotub11g023770.1.1	Sotub06g031930.1.1	0.8126	300.9	1007.1	0.1290	0.1061	0.8224	-2554.373700	
Sotub11g023770.1.1	Sotub09g009270.1.1	2.1342	300.9	1007.1	0.1120	0.2518	2.2495	-2926.647948	
Sotub11g023790.1.1	Sotub06g031920.1.1	0.6990	301.9	796.1	0.1353	0.0845	0.6245	-2073.129191	
Sotub11g023810.1.1	Sotub06g031910.1.1	2.7520	136.6	526.4	0.4096	0.7073	1.7268	-1662.688314	
Sotub11g023850.1.1	Sotub04g010170.1.1	3.1790	311.5	1149.5	0.0663	0.2647	3.9930	-3282.591143	
Sotub11g023850.1.1	Sotub04g010170.1.1	3.1790	311.5	1149.5	0.0663	0.2647	3.9930	-3282.591143	
Sotub11g023850.1.1	Sotub09g009330.1.1	1.9873	293.9	1083.1	0.1171	0.2538	2.1681	-3070.655623	
Sotub11g023930.1.1	Sotub09g009380.1.1	24.1076	165.5	389.5	0.0187	0.4836	25.8161	-1356.535303	
Sotub11g023950.1.1	Sotub04g010220.1.1	2.1172	150.8	497.2	0.0210	0.0595	2.8366	-1239.935689	
Sotub11g024040.1.1	Sotub06g030820.1.1	0.9323	306.0	1137.0	0.2028	0.1695	0.8357	-2911.936750	
Sotub11g024050.1.1	Sotub06g030830.1.1	0.4309	161.4	498.6	0.0907	0.0416	0.4588	-1115.898394	
Sotub11g024150.1.1	Sotub11g012440.1.1	10.2986	339.3	1193.7	0.0212	0.3055	14.4349	-3447.123621	
Sotub11g024170.1.1	Sotub11g012480.1.1	50.0000	165.4	617.6	0.0066	0.5084	76.9838	-1897.596022	
Sotub11g024180.1.1	Sotub11g012490.1.1	8.1057	137.3	465.7	0.0598	0.5897	9.8690	-1471.824866	
Sotub11g024230.1.1	Sotub06g030860.1.1	1.9269	93.0	357.0	0.0563	0.1439	2.5558	-918.399084	
Sotub11g024320.1.1	Sotub06g030910.1.1	1.0899	334.1	1144.9	0.3174	0.2445	0.7703	-3115.216527	
Sotub11g024360.1.1	Sotub06g030950.1.1	0.6049	679.3	2188.7	0.1032	0.0659	0.6388	-5212.192584	
Sotub11g024430.1.1	Sotub06g030980.1.1	0.8859	346.6	958.4	0.1137	0.0962	0.8459	-2509.536127	
Sotub11g024450.1.1	Sotub06g030990.1.1	0.5888	167.1	570.9	0.1012	0.0652	0.6440	-1323.878390	
Sotub11g024520.1.1	Sotub06g031010.1.1	0.7575	480.6	1451.4	0.1681	0.1132	0.6734	-3770.266216	
Sotub11g024530.1.1	Sotub06g031020.1.1	0.7377	264.5	845.5	0.0484	0.0433	0.8937	-2005.841837	
Sotub11g024600.1.1	Sotub06g031040.1.1	0.9639	694.2	2473.8	0.2998	0.2125	0.7089	-6631.922549	
Sotub11g024630.1.1	Sotub06g031050.1.1	0.7692	384.6	1160.4	0.0664	0.0570	0.8581	-2826.546453	
Sotub11g024700.1.1	Sotub06g031090.1.1	0.9754	319.9	799.1	0.0417	0.0429	1.0300	-2072.790957	
Sotub11g024730.1.1	Sotub02g025210.1.1	50.0000	249.9	893.1	0.0091	0.6722	73.8160	-2874.623978	
Sotub11g024730.1.1	Sotub06g035330.1.1	50.0000	297.9	1004.1	0.0092	0.6523	70.6423	-3267.132051	
Sotub11g024740.1.1	Sotub06g031110.1.1	1.0212	137.6	666.4	0.2083	0.2062	0.9903	-1622.882131	
Sotub11g024800.1.1	Sotub11g011450.1.1	19.2938	112.8	358.2	0.0192	0.4848	25.3083	-1126.529355	
Sotub11g024860.1.1	Sotub11g011490.1.1	1.8074	370.7	1204.3	0.0612	0.1307	2.1354	-3238.914886	
Sotub11g024880.1.1	Sotub06g031120.1.1	0.7633	295.5	976.5	0.1942	0.1295	0.6671	-2514.027066	
Sotub11g024880.1.1	Sotub11g011500.1.1	7.0915	262.5	892.5	0.0503	0.4468	8.8804	-2804.890120	
Sotub11g024980.1.1	Sotub06g031180.1.1	1.4546	99.8	332.2	0.3638	0.3453	0.9492	-960.329634	
Sotub11g025050.1.1	Sotub06g035070.1.1	7.1061	286.3	1036.7	0.0788	0.6708	8.5163	-3322.357539	
Sotub11g025050.1.1	Sotub11g011520.1.1	11.4270	296.5	1038.5	0.0441	0.6551	14.8570	-3324.075205	
Sotub11g025060.1.1	Sotub02g024870.1.1	24.9697	246.4	833.6	0.0281	0.9361	33.3087	-2789.074841	
Sotub11g025240.1.1	Sotub06g030050.1.1	14.1521	131.1	531.9	0.0188	0.4170	22.1702	-1521.648163	
Sotub11g025250.1.1	Sotub06g030040.1.1	0.7101	390.8	1202.2	0.2540	0.1376	0.5416	-3116.532098	
Sotub11g025260.1.1	Sotub06g030030.1.1	1.6549	241.2	985.8	0.2850	0.3694	1.2965	-2788.485984	
Sotub11g025270.1.1	Sotub06g030010.1.1	1.5714	257.9	936.1	0.1318	0.2162	1.6403	-2519.183220	
Sotub11g025310.1.1	Sotub06g030090.1.1	1.6810	190.9	547.1	0.1278	0.2027	1.5856	-1606.101358	
Sotub11g025320.1.1	Sotub06g030100.1.1	1.1410	142.6	457.4	0.1133	0.1330	1.1738	-1211.205815	
Sotub11g025330.1.1	Sotub06g030140.1.1	1.2692	261.1	893.9	0.2070	0.2267	1.0953	-2490.325539	
Sotub11g025380.1.1	Sotub06g030130.1.1	0.8569	270.0	828.0	0.2077	0.1474	0.7095	-2192.637752	
Sotub11g025410.1.1	Sotub06g030110.1.1	1.4340	173.6	588.4	0.0678	0.1157	1.7064	-1534.379640	
Sotub11g025440.1.1	Sotub06g029980.1.1	1.1253	153.6	599.4	0.2511	0.2332	0.9287	-1634.192319	
Sotub11g025470.1.1	Sotub06g029950.1.1	1.3923	343.0	1160.0	0.2290	0.2624	1.1461	-3241.576472	
Sotub11g025520.1.1	Sotub06g029920.1.1	0.5551	214.4	697.6	0.1095	0.0636	0.5803	-1649.490046	
Sotub11g025660.1.1	Sotub06g029870.1.1	3.5891	84.0	429.0	0.0483	0.2830	5.8592	-1098.589996	
Sotub11g025780.1.1	Sotub06g029840.1.1	0.6597	133.0	515.0	0.0198	0.0197	0.9949	-1088.898310	
Sotub11g025870.1.1	Sotub06g030750.1.1	2.7705	99.5	599.5	0.2116	0.6034	2.8517	-1656.044797	
Sotub11g025900.1.1	Sotub06g030740.1.1	2.9376	94.7	280.3	0.7653	0.9088	1.1876	-933.833117	
Sotub11g025940.1.1	Sotub06g030730.1.1	0.6407	392.2	1290.8	0.0790	0.0574	0.7272	-3072.554657	
Sotub11g026060.1.1	Sotub06g010590.1.1	0.9050	294.7	932.3	0.0747	0.0759	1.0159	-2322.635263	
Sotub11g026150.1.1	Sotub06g010440.1.1	0.7296	134.7	405.3	0.1929	0.1190	0.6168	-1051.504117	
Sotub11g026210.1.1	Sotub06g010430.1.1	0.8652	170.1	441.9	0.1494	0.1117	0.7476	-1202.337854	
Sotub11g026360.1.1	Sotub06g010250.1.1	12.9730	143.5	573.5	0.1565	2.0802	13.2907	-1867.511146	
Sotub11g026380.1.1	Sotub06g012460.1.1	1.1442	172.4	625.6	0.4619	0.3047	0.6597	-1720.353770	
Sotub11g026410.1.1	Sotub06g012430.1.1	0.6106	139.4	400.6	0.1030	0.0626	0.6085	-981.430425	
Sotub11g026410.1.1	Sotub09g007390.1.1	3.0823	486.0	1491.0	0.0877	0.2889	3.2933	-4523.545079	
Sotub11g026420.1.1	Sotub09g007380.1.1	1.9851	150.3	479.7	0.0418	0.1024	2.4465	-1236.139485	
Sotub11g026440.1.1	Sotub06g012420.1.1	0.5596	193.1	802.9	0.1524	0.0897	0.5889	-1833.287384	
Sotub11g026450.1.1	Sotub06g012410.1.1	0.8882	260.7	741.3	0.0829	0.0764	0.9207	-1874.125793	
Sotub11g026490.1.1	Sotub09g007360.1.1	4.1375	391.1	1243.9	0.0663	0.3156	4.7621	-3812.593102	
Sotub11g026570.1.1	Sotub06g012350.1.1	3.1133	192.2	587.8	0.0785	0.2665	3.3962	-1760.977001	
Sotub11g026720.1.1	Sotub06g030650.1.1	0.7402	458.2	1239.8	0.1485	0.0968	0.6523	-3201.869679	
Sotub11g026770.1.1	Sotub06g030670.1.1	1.3727	355.0	1175.0	0.0268	0.0485	1.8112	-2813.610491	
Sotub11g026820.1.1	Sotub06g030700.1.1	0.3464	267.5	893.5	0.0093	0.0045	0.4859	-1837.510566	
Sotub11g027290.1.1	Sotub12g028260.1.1	1.1260	416.2	1293.8	0.4023	0.2757	0.6852	-3689.997993	
Sotub11g027330.1.1	Sotub12g028220.1.1	0.4973	211.5	652.5	0.0957	0.0500	0.5228	-1531.720096	
Sotub11g027360.1.1	Sotub12g028190.1.1	0.6109	475.6	1540.4	0.1643	0.0926	0.5634	-3769.278034	
Sotub11g027910.1.1	Sotub01g010020.1.1	0.9114	185.5	477.5	0.2485	0.1646	0.6623	-1371.313197	
Sotub11g027920.1.1	Sotub06g030460.1.1	1.3943	211.6	700.4	0.1552	0.2054	1.3232	-1927.240481	
Sotub11g027940.1.1	Sotub09g006310.1.1	0.3022	211.6	664.4	0.2955	0.0639	0.2163	-1524.030294	
Sotub11g027950.1.1	Sotub09g006320.1.1	0.3074	167.4	522.6	0.3315	0.0688	0.2075	-1175.629378	
Sotub11g027960.1.1	Sotub09g006330.1.1	0.2040	331.6	1081.4	0.3306	0.0461	0.1394	-2277.580664	
Sotub11g027970.1.1	Sotub01g010070.1.1	2.0356	136.1	547.9	0.3378	0.4882	1.4450	-1605.093155	
Sotub11g027970.1.1	Sotub09g006340.1.1	0.1633	164.7	519.3	0.8151	0.0516	0.0633	-1045.194401	
Sotub11g028080.1.1	Sotub06g030410.1.1	0.6769	472.2	1336.8	0.1427	0.0878	0.6157	-3399.579876	
Sotub11g028140.1.1	Sotub06g030340.1.1	1.1231	143.4	579.6	0.2457	0.2327	0.9471	-1519.710934	
Sotub11g028150.1.1	Sotub06g030330.1.1	0.7101	365.9	1176.1	0.2690	0.1439	0.5350	-3029.862690	
Sotub11g028190.1.1	Sotub06g030320.1.1	2.4617	101.9	375.1	0.0510	0.1648	3.2338	-971.768342	
Sotub11g028270.1.1	Sotub06g030080.1.1	4.2512	193.5	631.5	0.3906	1.0375	2.6559	-2154.681720	
Sotub11g028300.1.1	Sotub06g030170.1.1	1.1179	213.7	740.3	0.1440	0.1598	1.1098	-1959.366301	
Sotub11g028380.1.1	Sotub06g030190.1.1	0.5585	175.1	598.9	0.0814	0.0524	0.6436	-1358.344548	
Sotub11g028710.1.1	Sotub06g030520.1.1	0.7235	367.4	1252.6	0.2487	0.1431	0.5755	-3163.757820	
Sotub11g028720.1.1	Sotub06g030530.1.1	3.1430	154.8	577.2	0.3111	0.7135	2.2935	-1857.773648	
Sotub11g029050.1.1	Sotub03g015110.1.1	2.0046	126.2	395.8	0.1611	0.2958	1.8363	-1170.351691	
Sotub11g029060.1.1	Sotub03g015080.1.1	2.3967	98.4	333.6	0.4904	0.6459	1.3172	-1057.478359	
Sotub11g029070.1.1	Sotub03g015070.1.1	0.8075	148.5	592.5	0.1597	0.1310	0.8203	-1444.720079	
Sotub11g029590.1.1	Sotub06g031460.1.1	0.7241	508.4	1555.6	0.1597	0.1051	0.6582	-3944.174725	
Sotub11g029620.1.1	Sotub06g031470.1.1	0.5094	438.3	1535.7	0.1206	0.0648	0.5376	-3542.219844	
Sotub11g029700.1.1	Sotub06g031480.1.1	1.5868	66.1	236.9	0.1628	0.2492	1.5306	-631.198650	
Sotub11g029710.1.1	Sotub05g027940.1.1	2.7908	231.7	833.3	0.1066	0.3296	3.0903	-2468.574919	
Sotub11g029750.1.1	Sotub06g031490.1.1	0.5965	385.0	1367.0	0.0873	0.0603	0.6907	-3184.475152	
Sotub11g029770.1.1	Sotub05g027910.1.1	30.8869	385.3	1165.7	0.0117	0.4681	40.0251	-3747.272174	
Sotub11g029770.1.1	Sotub06g031500.1.1	1.0739	403.5	1162.5	0.1857	0.1681	0.9051	-3221.951591	
Sotub11g029820.1.1	Sotub01g028520.1.1	0.0802	71.7	297.3	0.1070	0.0102	0.0952	-517.134842	
Sotub11g029860.1.1	Sotub05g027900.1.1	17.3152	431.7	1302.3	0.0254	0.5464	21.5362	-4274.978910	
Sotub11g029860.1.1	Sotub06g031510.1.1	1.5340	429.1	1280.9	0.2942	0.3192	1.0850	-3909.690537	
Sotub11g029910.1.1	Sotub06g031650.1.1	5.6074	84.8	335.2	0.0630	0.4671	7.4124	-1009.695538	
Sotub11g030030.1.1	Sotub06g031570.1.1	1.1516	250.8	775.2	0.1632	0.1703	1.0438	-2136.454627	
Sotub11g030040.1.1	Sotub06g031560.1.1	2.5903	77.2	348.8	0.5380	0.7472	1.3888	-1045.296336	
Sotub11g030150.1.1	Sotub01g028810.1.1	16.1446	249.3	1037.7	0.0477	1.1055	23.1768	-3310.327130	
Sotub12g005020.1.1	Sotub10g007720.1.1	8.2567	217.7	766.3	0.0356	0.3936	11.0542	-2324.251171	
Sotub12g005120.1.1	Sotub10g007870.1.1	0.7958	365.7	1281.3	0.1710	0.1278	0.7470	-3203.225420	
Sotub12g005140.1.1	Sotub10g007910.1.1	0.4947	732.1	2156.9	0.0731	0.0392	0.5355	-5058.840849	
Sotub12g005150.1.1	Sotub10g007930.1.1	1.3425	103.0	344.0	0.1688	0.2096	1.2421	-944.798192	
Sotub12g005160.1.1	Sotub10g008060.1.1	0.8891	163.7	508.3	0.1246	0.1093	0.8772	-1339.525552	
Sotub12g005520.1.1	Sotub10g007280.1.1	1.6556	94.0	389.0	0.1774	0.2900	1.6348	-1055.302791	
Sotub12g005570.1.1	Sotub10g007250.1.1	1.1245	283.9	919.1	0.1706	0.1746	1.0232	-2495.590559	
Sotub12g005600.1.1	Sotub10g007220.1.1	1.2307	311.9	1002.1	0.3172	0.2715	0.8560	-2877.175634	
Sotub12g005610.1.1	Sotub10g007190.1.1	0.9944	144.4	365.6	0.2606	0.1838	0.7053	-1068.246879	
Sotub12g007720.1.1	Sotub04g011170.1.1	50.0000	172.7	673.3	0.0086	0.6796	78.9783	-2097.313281	
Sotub12g008720.1.1	Sotub03g034820.1.1	2.9112	288.9	869.1	0.0483	0.1641	3.3955	-2425.861383	
Sotub12g008770.1.1	Sotub03g034760.1.1	2.3931	88.3	286.7	0.0978	0.2515	2.5723	-822.879137	
Sotub12g008780.1.1	Sotub03g034750.1.1	5.0923	123.7	422.3	0.0899	0.5151	5.7318	-1311.007918	
Sotub12g008810.1.1	Sotub03g034740.1.1	3.0232	206.6	750.4	0.1161	0.3813	3.2835	-2227.397061	
Sotub12g008840.1.1	Sotub03g034700.1.1	5.0620	533.0	1663.0	0.0697	0.3982	5.7097	-5230.200786	
Sotub12g009200.1.1	Sotub03g036230.1.1	8.3927	252.6	818.4	0.0296	0.3200	10.8249	-2500.247856	
Sotub12g009240.1.1	Sotub03g036340.1.1	3.4034	315.2	1142.8	0.0763	0.3135	4.1109	-3312.308191	
Sotub12g009300.1.1	Sotub03g036400.1.1	3.7029	389.3	1230.7	0.0921	0.3664	3.9783	-3787.273228	
Sotub12g009310.1.1	Sotub03g036530.1.1	1.6531	108.3	395.7	0.1133	0.2055	1.8136	-1079.948942	
Sotub12g010180.1.1	Sotub08g012940.1.1	1.9726	91.9	352.1	0.0740	0.1831	2.4756	-928.854740	
Sotub12g010190.1.1	Sotub08g012950.1.1	2.0142	269.3	990.7	0.0643	0.1633	2.5409	-2620.209044	
Sotub12g012470.1.1	Sotub06g015120.1.1	0.0000	159.5	785.5	0.0010	0.0000	0.0000	-1222.571609	
Sotub12g012480.1.1	Sotub06g015130.1.1	0.0000	129.3	770.7	0.0010	0.0000	0.0000	-1169.299423	
Sotub12g012510.1.1	Sotub06g015160.1.1	0.0000	182.5	681.5	0.0010	0.0000	0.0000	-1143.804911	
Sotub12g012530.1.1	Sotub06g015180.1.1	0.0000	320.7	969.3	0.4725	0.0000	0.0000	-1740.818181	
Sotub12g012550.1.1	Sotub06g015200.1.1	0.0000	194.7	585.3	0.0010	0.0000	0.0000	-1020.273747	
Sotub12g012560.1.1	Sotub06g015210.1.1	0.0000	69.4	335.6	0.0010	0.0000	0.0000	-527.113554	
Sotub12g012570.1.1	Sotub06g015220.1.1	0.0000	95.5	348.5	0.3780	0.0000	0.0000	-587.717992	
Sotub12g012590.1.1	Sotub06g015230.1.1	0.0000	179.0	697.0	0.0010	0.0000	0.0000	-1172.489182	
Sotub12g012600.1.1	Sotub06g015240.1.1	0.0000	199.0	872.0	0.4907	0.0000	0.0000	-1426.058516	
Sotub12g012610.1.1	Sotub06g015250.1.1	0.0000	218.8	969.2	0.0010	0.0000	0.0000	-1582.818659	
Sotub12g012650.1.1	Sotub06g015290.1.1	0.0000	400.5	1423.5	0.3882	0.0000	0.0000	-2421.682598	
Sotub12g012660.1.1	Sotub06g015300.1.1	0.0000	193.0	782.0	0.4192	0.0000	0.0000	-1274.635462	
Sotub12g012670.1.1	Sotub06g015310.1.1	0.0000	455.2	2082.8	0.0010	0.0000	0.0000	-3371.901339	
Sotub12g012680.1.1	Sotub06g015320.1.1	0.0000	97.7	493.3	0.0010	0.0000	0.0000	-774.056902	
Sotub12g012700.1.1	Sotub06g015340.1.1	0.0000	266.4	1020.6	0.4594	0.0000	0.0000	-1703.804904	
Sotub12g013050.1.1	Sotub10g005380.1.1	4.3651	87.9	323.1	0.5617	1.2470	2.2201	-1054.704414	
Sotub12g013070.1.1	Sotub07g018550.1.1	50.0000	234.4	725.6	0.0033	0.2223	67.5577	-2108.247992	
Sotub12g013110.1.1	Sotub10g005480.1.1	1.1107	321.1	890.9	0.1313	0.1345	1.0244	-2465.443284	
Sotub12g013110.1.1	Sotub11g007250.1.1	2.9776	296.6	912.4	0.1096	0.3316	3.0252	-2831.530193	
Sotub12g013120.1.1	Sotub10g005490.1.1	0.6207	383.0	1237.0	0.1338	0.0818	0.6110	-3005.431840	
Sotub12g013120.1.1	Sotub11g007230.1.1	1.7608	371.0	1252.0	0.0840	0.1681	2.0003	-3401.924169	
Sotub12g013290.1.1	Sotub07g018130.1.1	1.9983	195.0	642.0	0.1237	0.2513	2.0322	-1816.026986	
Sotub12g013290.1.1	Sotub10g005540.1.1	0.7267	191.8	672.2	0.2123	0.1328	0.6256	-1670.086065	
Sotub12g013320.1.1	Sotub07g018070.1.1	3.6051	123.8	404.2	0.2035	0.6268	3.0793	-1324.741134	
Sotub12g013390.1.1	Sotub07g017310.1.1	50.0000	130.5	331.5	0.0134	0.7673	57.0680	-1170.791295	
Sotub12g013390.1.1	Sotub12g011520.1.1	24.4054	101.7	333.3	0.0253	0.8121	32.1277	-1108.238619	
Sotub12g013410.1.1	Sotub07g017350.1.1	2.3950	76.5	337.5	0.1383	0.3711	2.6842	-947.176860	
Sotub12g013430.1.1	Sotub07g017370.1.1	5.7528	199.2	808.8	0.1503	0.9057	6.0263	-2563.315150	
Sotub12g018090.1.1	Sotub02g025230.1.1	0.1790	125.9	303.1	0.6312	0.0509	0.0807	-686.652019	
Sotub12g018100.1.1	Sotub02g025220.1.1	0.1800	67.8	238.2	0.4382	0.0467	0.1066	-493.381922	
Sotub12g018120.1.1	Sotub02g025210.1.1	0.6558	103.7	307.3	0.4674	0.1698	0.3633	-805.733235	
Sotub12g018120.1.1	Sotub06g025690.1.1	6.2389	101.1	354.9	0.0752	0.5581	7.4201	-1114.500643	
Sotub12g018220.1.1	Sotub06g025760.1.1	0.7134	356.2	1113.8	0.2264	0.1301	0.5746	-2870.038635	
Sotub12g018260.1.1	Sotub03g033020.1.1	1.2794	111.0	357.0	0.3763	0.3061	0.8135	-1060.067342	
Sotub12g018260.1.1	Sotub06g025770.1.1	1.3076	112.1	355.9	0.3223	0.2898	0.8994	-1064.730961	
Sotub12g018260.1.1	Sotub06g025770.1.1	1.3076	112.1	355.9	0.3223	0.2898	0.8994	-1064.730961	
Sotub12g018300.1.1	Sotub03g033010.1.1	1.1679	255.0	1110.0	0.1505	0.1895	1.2591	-2765.611273	
Sotub12g018350.1.1	Sotub06g025810.1.1	1.4841	156.9	599.1	0.3316	0.3488	1.0519	-1711.426537	
Sotub12g018350.1.1	Sotub06g025810.1.1	1.4841	156.9	599.1	0.3316	0.3488	1.0519	-1711.426537	
Sotub12g018350.1.1	Sotub06g026720.1.1	5.0633	160.6	595.4	0.0859	0.5174	6.0271	-1832.451708	
Sotub12g018370.1.1	Sotub03g032930.1.1	1.1166	136.7	598.3	0.1962	0.2112	1.0766	-1529.579135	
Sotub12g018370.1.1	Sotub04g006500.1.1	3.4090	116.3	540.7	0.1602	0.5893	3.6792	-1585.948106	
Sotub12g018390.1.1	Sotub03g032850.1.1	2.3408	92.7	456.3	0.0993	0.3082	3.1035	-1219.519203	
Sotub12g018420.1.1	Sotub03g032780.1.1	1.4972	190.5	610.5	0.0936	0.1511	1.6142	-1648.605072	
Sotub12g018420.1.1	Sotub07g008030.1.1	8.0461	172.3	628.7	0.0358	0.3952	11.0241	-1879.486634	
Sotub12g018430.1.1	Sotub07g008000.1.1	3.7826	125.9	474.1	0.2587	0.7874	3.0433	-1501.233978	
Sotub12g018440.1.1	Sotub03g032790.1.1	1.6494	239.4	801.6	0.1155	0.1992	1.7240	-2232.134509	
Sotub12g018470.1.1	Sotub03g032750.1.1	1.7625	210.1	755.9	0.1462	0.2589	1.7700	-2160.624214	
Sotub12g018470.1.1	Sotub04g006400.1.1	3.0243	178.4	691.6	0.0837	0.3107	3.7114	-1995.809677	
Sotub12g018490.1.1	Sotub03g032870.1.1	50.0000	205.0	746.0	0.0107	0.7940	74.4394	-2446.261251	
Sotub12g018490.1.1	Sotub04g006380.1.1	2.3384	218.0	835.0	0.1540	0.3647	2.3684	-2464.649351	
Sotub12g018490.1.1	Sotub06g026610.1.1	50.0000	215.7	780.3	0.0113	0.8375	73.9400	-2552.234636	
Sotub12g018500.1.1	Sotub03g032760.1.1	1.5476	158.9	540.1	0.3362	0.3560	1.0589	-1610.529411	
Sotub12g018630.1.1	Sotub03g032510.1.1	1.3625	184.6	748.4	0.0154	0.0334	2.1598	-1685.641376	
Sotub12g018630.1.1	Sotub06g025890.1.1	0.9294	212.9	720.1	0.0255	0.0318	1.2498	-1667.900167	
Sotub12g018650.1.1	Sotub03g032550.1.1	0.9090	330.3	1154.7	0.1222	0.1167	0.9545	-2915.980258	
Sotub12g018690.1.1	Sotub06g026460.1.1	0.9856	1151.8	3756.2	0.4713	0.2601	0.5518	-10479.507950	
Sotub12g018880.1.1	Sotub06g026320.1.1	5.4300	215.3	657.7	0.3148	1.1777	3.7413	-2269.745882	
Sotub12g020880.1.1	Sotub06g025980.1.1	0.6029	336.8	1121.2	0.1986	0.1040	0.5236	-2730.433251	
Sotub12g020890.1.1	Sotub06g025990.1.1	0.8136	113.5	378.5	0.1225	0.1023	0.8346	-944.368228	
Sotub12g020910.1.1	Sotub03g031900.1.1	0.9161	111.2	413.8	0.1477	0.1374	0.9305	-1029.443797	
Sotub12g020910.1.1	Sotub06g026030.1.1	0.9726	112.5	409.5	0.1663	0.1559	0.9372	-1043.588029	
Sotub12g020950.1.1	Sotub03g031780.1.1	0.4860	125.8	321.2	0.0365	0.0192	0.5266	-759.773823	
Sotub12g020960.1.1	Sotub03g031730.1.1	0.5891	392.9	1272.1	0.1663	0.0899	0.5409	-3128.646559	
Sotub12g021000.1.1	Sotub03g031700.1.1	0.6659	137.6	429.4	0.3584	0.1547	0.4317	-1127.920153	
Sotub12g021030.1.1	Sotub03g031630.1.1	4.7169	62.1	339.9	0.0911	0.6189	6.7908	-967.146429	
Sotub12g021030.1.1	Sotub06g025710.1.1	50.0000	70.7	355.3	0.0050	0.4913	98.0163	-1012.992141	
Sotub12g021140.1.1	Sotub03g031540.1.1	0.9224	191.6	621.4	0.1077	0.1041	0.9667	-1556.535642	
Sotub12g021140.1.1	Sotub06g025630.1.1	0.7969	195.1	617.9	0.1411	0.1080	0.7651	-1554.564916	
Sotub12g021280.1.1	Sotub06g025690.1.1	8.0473	200.6	834.4	0.0472	0.5460	11.5709	-2512.461347	
Sotub12g021290.1.1	Sotub03g031440.1.1	0.8052	231.7	647.3	0.1957	0.1288	0.6584	-1741.238513	
Sotub12g021300.1.1	Sotub03g031360.1.1	1.5549	294.5	881.5	0.7526	0.4789	0.6363	-2765.230777	
Sotub12g021310.1.1	Sotub03g031330.1.1	1.1273	387.1	1187.9	0.0962	0.1136	1.1804	-3100.828717	
Sotub12g021310.1.1	Sotub06g025530.1.1	1.1811	382.3	1192.7	0.0766	0.1003	1.3091	-3055.055456	
Sotub12g021610.1.1	Sotub06g023710.1.1	0.9003	167.2	537.8	0.3054	0.1949	0.6383	-1463.497973	
Sotub12g021710.1.1	Sotub06g023540.1.1	1.3911	171.0	546.0	0.5275	0.3821	0.7243	-1653.255789	
Sotub12g021720.1.1	Sotub06g023520.1.1	0.6260	177.9	506.1	0.1118	0.0681	0.6087	-1270.828938	
Sotub12g021720.1.1	Sotub12g010450.1.1	2.1807	183.8	500.2	0.1022	0.2163	2.1168	-1489.962166	
Sotub12g021730.1.1	Sotub06g023510.1.1	0.8099	139.5	355.5	0.1916	0.1234	0.6437	-961.218982	
Sotub12g021770.1.1	Sotub06g023490.1.1	0.4836	215.6	588.4	0.0212	0.0121	0.5683	-1329.102699	
Sotub12g021780.1.1	Sotub06g023480.1.1	0.9951	257.0	826.0	0.1349	0.1316	0.9751	-2176.621282	
Sotub12g021810.1.1	Sotub12g010420.1.1	4.5211	240.7	830.3	0.1480	0.6569	4.4400	-2689.454713	
Sotub12g021830.1.1	Sotub06g023370.1.1	50.0000	127.8	532.2	0.0062	0.5179	83.9123	-1576.547019	
Sotub12g021840.1.1	Sotub03g036750.1.1	0.9899	451.4	1429.6	0.3312	0.2223	0.6711	-3939.313307	
Sotub12g021850.1.1	Sotub06g023220.1.1	0.4355	613.6	1984.4	0.0806	0.0393	0.4875	-4449.236242	
Sotub12g021960.1.1	Sotub06g023180.1.1	1.7605	171.9	722.1	0.3831	0.4481	1.1697	-2086.909562	
Sotub12g022040.1.1	Sotub03g036310.1.1	2.1601	243.1	668.9	0.1096	0.2275	2.0754	-2009.353387	
Sotub12g022040.1.1	Sotub03g036310.1.1	2.1601	243.1	668.9	0.1096	0.2275	2.0754	-2009.353387	
Sotub12g022060.1.1	Sotub03g036340.1.1	1.0036	338.2	1104.8	0.2146	0.1800	0.8391	-2960.453541	
Sotub12g022060.1.1	Sotub03g036340.1.1	1.0036	338.2	1104.8	0.2146	0.1800	0.8391	-2960.453541	
Sotub12g022060.1.1	Sotub06g023140.1.1	0.9060	311.7	1038.3	0.2742	0.1874	0.6836	-2777.339099	
Sotub12g022100.1.1	Sotub03g036400.1.1	1.1679	392.2	1173.8	0.1936	0.1905	0.9840	-3295.192139	
Sotub12g022110.1.1	Sotub03g036480.1.1	0.9570	106.9	334.1	0.1513	0.1352	0.8937	-865.179401	
Sotub12g022140.1.1	Sotub06g023050.1.1	0.8371	220.2	511.8	0.0546	0.0449	0.8231	-1295.161303	
Sotub12g022180.1.1	Sotub06g023030.1.1	2.4516	119.4	363.6	0.1766	0.3797	2.1493	-1125.590536	
Sotub12g022710.1.1	Sotub06g021540.1.1	9.1108	181.3	637.7	0.2415	1.7911	7.4176	-2189.508697	
Sotub12g022740.1.1	Sotub03g035400.1.1	0.5622	487.7	1609.3	0.1805	0.0911	0.5050	-3892.126478	
Sotub12g022740.1.1	Sotub06g021660.1.1	0.5680	491.7	1605.3	0.1567	0.0837	0.5342	-3869.500764	
Sotub12g022750.1.1	Sotub03g035380.1.1	0.6514	419.9	1251.1	0.1097	0.0714	0.6513	-3078.292753	
Sotub12g022750.1.1	Sotub06g021670.1.1	0.5929	412.1	1258.9	0.1374	0.0776	0.5644	-3086.504519	
Sotub12g022760.1.1	Sotub03g035360.1.1	0.6222	551.0	1708.0	0.1337	0.0804	0.6011	-4151.462408	
Sotub12g022950.1.1	Sotub03g034860.1.1	0.4917	150.0	495.0	0.0850	0.0468	0.5503	-1120.003266	
Sotub12g022980.1.1	Sotub03g034750.1.1	1.6153	123.9	422.1	0.2269	0.3037	1.3385	-1209.830693	
Sotub12g022990.1.1	Sotub03g034720.1.1	0.6324	410.6	1107.4	0.1965	0.1001	0.5093	-2862.817277	
Sotub12g023010.1.1	Sotub06g021870.1.1	30.9233	217.1	817.9	0.0160	0.7418	46.3528	-2645.912297	
Sotub12g023450.1.1	Sotub06g022100.1.1	2.2890	327.0	1188.0	0.4969	0.6262	1.2602	-3734.134256	
Sotub12g023490.1.1	Sotub06g022120.1.1	1.7681	107.2	342.8	0.5086	0.4791	0.9420	-1065.014851	
Sotub12g023520.1.1	Sotub03g034410.1.1	0.7116	1168.1	3703.9	0.2473	0.1371	0.5544	-9536.904585	
Sotub12g023590.1.1	Sotub03g034300.1.1	2.1317	95.9	330.1	0.3176	0.4790	1.5082	-1016.633862	
Sotub12g023600.1.1	Sotub06g022240.1.1	1.3829	223.5	805.5	0.2485	0.2782	1.1197	-2274.806231	
Sotub12g023660.1.1	Sotub03g034220.1.1	1.0790	206.3	693.7	0.1365	0.1468	1.0755	-1824.773156	
Sotub12g023690.1.1	Sotub03g034180.1.1	0.5178	316.6	823.4	0.1175	0.0559	0.4761	-2028.191709	
Sotub12g024810.1.1	Sotub04g023510.1.1	0.7620	743.9	2448.1	0.2456	0.1480	0.6027	-6363.354139	
Sotub12g024820.1.1	Sotub04g023520.1.1	0.4852	232.1	763.9	0.0398	0.0244	0.6137	-1705.611757	
Sotub12g024850.1.1	Sotub04g023440.1.1	0.8307	237.3	866.7	0.1127	0.1029	0.9127	-2127.077463	
Sotub12g024860.1.1	Sotub04g023430.1.1	1.4142	164.7	555.3	0.5558	0.3985	0.7171	-1580.765323	
Sotub12g024870.1.1	Sotub04g023390.1.1	1.1326	194.7	771.3	0.1645	0.1866	1.1341	-1980.986650	
Sotub12g025050.1.1	Sotub04g026480.1.1	50.0000	136.1	463.9	0.0056	0.4045	72.0772	-1399.585197	
Sotub12g025090.1.1	Sotub04g026500.1.1	1.4092	99.2	350.8	0.0645	0.1119	1.7349	-886.171135	
Sotub12g025160.1.1	Sotub04g023110.1.1	8.8105	174.8	587.2	0.0832	0.8325	10.0038	-1951.054108	
Sotub12g025180.1.1	Sotub06g009220.1.1	1.2132	202.1	712.9	0.1451	0.1757	1.2110	-1872.947666	
Sotub12g025240.1.1	Sotub06g009250.1.1	10.8427	218.8	795.2	0.0607	0.8332	13.7232	-2603.155527	
Sotub12g025250.1.1	Sotub04g026080.1.1	1.0438	152.9	414.1	0.2195	0.1776	0.8091	-1193.726955	
Sotub12g025280.1.1	Sotub04g025980.1.1	1.0868	165.8	596.2	0.1822	0.1833	1.0058	-1592.376796	
Sotub12g025290.1.1	Sotub04g025960.1.1	3.2813	264.1	797.9	0.0498	0.1904	3.8231	-2289.517642	
Sotub12g025310.1.1	Sotub04g022960.1.1	3.1847	137.1	573.9	0.1959	0.5926	3.0243	-1707.872976	
Sotub12g025330.1.1	Sotub04g027440.1.1	0.8161	221.0	607.0	0.1542	0.1104	0.7160	-1608.292944	
Sotub12g025350.1.1	Sotub04g027470.1.1	0.6792	222.2	632.8	0.1316	0.0834	0.6337	-1621.271624	
Sotub12g025430.1.1	Sotub04g027580.1.1	2.4513	111.5	377.5	0.1473	0.3522	2.3905	-1103.049907	
Sotub12g025530.1.1	Sotub04g026870.1.1	1.8703	177.1	707.9	0.1286	0.2646	2.0579	-1898.156862	
Sotub12g025550.1.1	Sotub04g026830.1.1	1.8498	82.4	355.6	0.1076	0.2408	2.2380	-940.336744	
Sotub12g025560.1.1	Sotub04g026820.1.1	1.0428	329.1	969.9	0.1252	0.1255	1.0022	-2597.498906	
Sotub12g025570.1.1	Sotub04g027860.1.1	1.3466	194.9	585.1	0.1827	0.2119	1.1603	-1686.125585	
Sotub12g025610.1.1	Sotub04g028060.1.1	2.2098	244.3	823.7	0.1110	0.2601	2.3433	-2374.735506	
Sotub12g025700.1.1	Sotub04g028300.1.1	0.6752	197.4	648.6	0.2139	0.1212	0.5664	-1620.148233	
Sotub12g025710.1.1	Sotub04g028310.1.1	0.8821	160.0	581.0	0.0435	0.0511	1.1759	-1339.855797	
Sotub12g025880.1.1	Sotub01g042760.1.1	3.8803	98.5	360.5	0.2066	0.7092	3.4329	-1154.673746	
Sotub12g025890.1.1	Sotub04g029890.1.1	1.6378	163.5	541.5	0.2094	0.2912	1.3901	-1594.272278	
Sotub12g025900.1.1	Sotub04g029880.1.1	50.0000	105.2	329.8	0.0089	0.5946	67.0278	-1087.131582	
Sotub12g025920.1.1	Sotub04g029780.1.1	2.1350	238.8	769.2	0.1790	0.3411	1.9055	-2286.429845	
Sotub12g025960.1.1	Sotub01g042830.1.1	3.4482	179.4	681.6	0.2578	0.7184	2.7865	-2160.008374	
Sotub12g025960.1.1	Sotub01g042830.1.1	3.4482	179.4	681.6	0.2578	0.7184	2.7865	-2160.008374	
Sotub12g025960.1.1	Sotub04g029620.1.1	0.9650	197.8	663.2	0.3219	0.2168	0.6733	-1796.571631	
Sotub12g025990.1.1	Sotub04g029670.1.1	50.0000	170.1	714.9	0.0098	0.8143	83.2964	-2270.874470	
Sotub12g026010.1.1	Sotub01g042860.1.1	3.2612	214.7	814.3	0.1299	0.4535	3.4904	-2377.150610	
Sotub12g026010.1.1	Sotub01g042860.1.1	3.2612	214.7	814.3	0.1299	0.4535	3.4904	-2377.150610	
Sotub12g026010.1.1	Sotub04g029490.1.1	1.7639	219.9	809.1	0.0881	0.1831	2.0778	-2076.219067	
Sotub12g026020.1.1	Sotub04g029470.1.1	0.9185	322.1	871.9	0.1898	0.1423	0.7498	-2430.797050	
Sotub12g026030.1.1	Sotub04g029440.1.1	2.6597	172.3	550.7	0.1915	0.4420	2.3078	-1750.037117	
Sotub12g026040.1.1	Sotub04g029310.1.1	0.9525	96.2	407.8	0.1636	0.1607	0.9825	-1027.864145	
Sotub12g026050.1.1	Sotub04g029290.1.1	1.2003	390.9	1181.1	0.4259	0.2996	0.7036	-3426.120300	
Sotub12g026070.1.1	Sotub04g029250.1.1	1.8401	183.3	581.7	0.5413	0.5098	0.9419	-1851.488519	
Sotub12g026090.1.1	Sotub04g029090.1.1	4.4280	269.9	942.1	0.1620	0.6858	4.2346	-3062.182387	
Sotub12g026180.1.1	Sotub01g043430.1.1	2.1733	261.1	788.9	0.0723	0.1729	2.3905	-2199.059289	
Sotub12g026180.1.1	Sotub04g028840.1.1	4.3283	247.2	802.8	0.0329	0.1820	5.5381	-2235.722865	
Sotub12g026200.1.1	Sotub04g028760.1.1	1.1895	164.7	714.3	0.2359	0.2467	1.0460	-1858.972929	
Sotub12g026220.1.1	Sotub04g028720.1.1	0.7643	123.2	359.8	0.0707	0.0585	0.8280	-889.495526	
Sotub12g026260.1.1	Sotub02g030350.1.1	5.2281	339.1	980.9	0.0062	0.0416	6.6643	-2432.220585	
Sotub12g026260.1.1	Sotub04g029950.1.1	0.4425	320.2	999.8	0.0274	0.0153	0.5602	-2190.225135	
Sotub12g026270.1.1	Sotub01g044050.1.1	1.9987	337.1	1024.9	0.1106	0.2228	2.0145	-2962.838222	
Sotub12g026270.1.1	Sotub04g029980.1.1	0.9238	356.0	1036.0	0.1460	0.1234	0.8450	-2744.848837	
Sotub12g026280.1.1	Sotub04g030020.1.1	0.6961	220.9	673.1	0.1351	0.0899	0.6651	-1699.484354	
Sotub12g026290.1.1	Sotub04g030080.1.1	0.6760	413.6	1287.4	0.1834	0.1082	0.5899	-3269.183744	
Sotub12g026300.1.1	Sotub02g030460.1.1	4.5813	141.3	581.7	0.0399	0.2676	6.7105	-1603.281318	
Sotub12g026300.1.1	Sotub04g030140.1.1	1.0058	67.3	343.7	0.0789	0.1151	1.4588	-782.065227	
Sotub12g026320.1.1	Sotub04g030340.1.1	0.8730	524.9	1527.1	0.3063	0.1843	0.6016	-4246.870681	
Sotub12g026330.1.1	Sotub04g030410.1.1	0.7103	402.4	1154.6	0.0939	0.0677	0.7217	-2858.378246	
Sotub12g026340.1.1	Sotub04g030560.1.1	2.5201	133.0	518.0	0.1011	0.2982	2.9501	-1469.371316	
Sotub12g026400.1.1	Sotub04g030670.1.1	0.7675	557.1	1863.9	0.1991	0.1329	0.6672	-4754.663495	
Sotub12g026430.1.1	Sotub04g030790.1.1	0.6173	117.5	443.5	0.1139	0.0783	0.6868	-1043.567947	
Sotub12g026450.1.1	Sotub04g030850.1.1	0.8506	219.3	542.7	0.0750	0.0623	0.8311	-1424.623837	
Sotub12g026460.1.1	Sotub04g030930.1.1	0.6273	265.0	809.0	0.1539	0.0887	0.5766	-2018.505530	
Sotub12g026480.1.1	Sotub01g044360.1.1	50.0000	116.1	399.9	0.0053	0.3821	72.7408	-1234.999948	
Sotub12g026480.1.1	Sotub04g031000.1.1	2.0208	92.3	306.7	0.1291	0.2631	2.0384	-893.206835	
Sotub12g026510.1.1	Sotub01g044420.1.1	4.0339	166.6	517.4	0.0983	0.4158	4.2293	-1623.096598	
Sotub12g026530.1.1	Sotub04g031130.1.1	1.1571	236.4	831.6	0.2387	0.2261	0.9472	-2298.887886	
Sotub12g026540.1.1	Sotub04g031150.1.1	0.9145	115.7	337.3	0.4049	0.2216	0.5475	-936.704920	
Sotub12g026550.1.1	Sotub04g031210.1.1	4.5251	323.7	963.3	0.0732	0.3605	4.9246	-3011.577096	
Sotub12g026570.1.1	Sotub04g031250.1.1	0.9680	218.7	759.3	0.2082	0.1744	0.8376	-2008.890296	
Sotub12g026670.1.1	Sotub04g031260.1.1	0.6408	115.7	352.3	0.2066	0.1096	0.5303	-888.347361	
Sotub12g026670.1.1	Sotub09g015260.1.1	6.8896	181.4	796.6	0.3863	1.7738	4.5923	-2593.457391
Sotub12g026750.1.1	Sotub04g031390.1.1	3.1442	152.9	630.1	0.1122	0.4119	3.6707	-1847.799133	
Sotub12g026760.1.1	Sotub01g044850.1.1	2.9887	201.3	716.7	0.0923	0.3157	3.4189	-2035.302904	
Sotub12g026760.1.1	Sotub02g011570.1.1	3.0737	178.3	556.7	0.1210	0.3709	3.0657	-1699.269832	
Sotub12g026760.1.1	Sotub04g031420.1.1	1.2604	216.4	734.6	0.1934	0.2155	1.1146	-1989.542809	
Sotub12g026780.1.1	Sotub01g044880.1.1	3.5627	90.0	357.0	0.0408	0.2073	5.0753	-963.875576	
Sotub12g026780.1.1	Sotub03g010210.1.1	2.5815	97.8	349.2	0.0759	0.2348	3.0938	-973.743390	
Sotub12g026780.1.1	Sotub04g031490.1.1	1.1162	104.6	342.4	0.1582	0.1657	1.0476	-909.310810	
Sotub12g026830.1.1	Sotub03g010170.1.1	1.3153	98.9	330.1	0.0496	0.0810	1.6318	-832.153859	
Sotub12g026830.1.1	Sotub04g031560.1.1	0.7289	93.4	335.6	0.0950	0.0790	0.8319	-812.293003	
Sotub12g026870.1.1	Sotub01g045020.1.1	3.2413	413.8	1389.2	0.0323	0.1371	4.2478	-3706.343186	
Sotub12g026890.1.1	Sotub04g031620.1.1	1.2518	145.2	433.8	0.1745	0.1908	1.0935	-1210.028179	
Sotub12g026900.1.1	Sotub01g046210.1.1	14.2210	239.6	825.4	0.0475	0.8601	18.1074	-2752.837335	
Sotub12g026900.1.1	Sotub04g031370.1.1	50.0000	213.9	800.1	0.0109	0.8312	75.9096	-2601.580724	
Sotub12g026900.1.1	Sotub04g031640.1.1	0.8851	229.5	838.5	0.1611	0.1393	0.8642	-2132.141939	
Sotub12g026900.1.1	Sotub06g007310.1.1	50.0000	152.4	621.6	0.0110	0.8934	80.9963	-1991.071647	
Sotub12g026910.1.1	Sotub04g031650.1.1	50.0000	242.2	846.8	0.0035	0.2569	74.0417	-2438.781481	
Sotub12g026950.1.1	Sotub04g031740.1.1	1.2607	239.7	990.3	0.1474	0.1975	1.3402	-2553.593475	
Sotub12g026980.1.1	Sotub04g031840.1.1	0.6947	287.8	990.2	0.1231	0.0889	0.7224	-2395.883245	
Sotub12g026990.1.1	Sotub04g031950.1.1	1.0193	214.5	673.5	0.2861	0.2120	0.7409	-1823.253921	
Sotub12g027060.1.1	Sotub04g032250.1.1	0.8954	181.4	505.6	0.2574	0.1694	0.6581	-1413.015009	
Sotub12g027070.1.1	Sotub01g045750.1.1	4.1893	190.2	676.8	0.1047	0.4856	4.6373	-2090.457469	
Sotub12g027070.1.1	Sotub04g032260.1.1	50.0000	163.4	718.6	0.0044	0.3898	88.2719	-2052.228894	
Sotub12g027080.1.1	Sotub01g045740.1.1	2.1207	206.4	801.6	0.1189	0.2809	2.3617	-2249.743090	
Sotub12g027090.1.1	Sotub04g032470.1.1	0.6426	723.4	2285.6	0.1222	0.0786	0.6427	-5591.421549	
Sotub12g027110.1.1	Sotub04g032580.1.1	0.9139	195.9	671.1	0.2463	0.1801	0.7312	-1797.915801	
Sotub12g027120.1.1	Sotub01g046260.1.1	4.3112	144.3	560.7	0.0690	0.3819	5.5370	-1645.473499	
Sotub12g027150.1.1	Sotub01g046420.1.1	5.5601	221.2	927.8	0.0403	0.3319	8.2339	-2622.520735	
Sotub12g027170.1.1	Sotub01g046590.1.1	2.2305	320.8	1224.2	0.1152	0.2866	2.4872	-3454.130296	
Sotub12g027200.1.1	Sotub04g033240.1.1	0.4469	101.2	318.8	0.0777	0.0386	0.4968	-722.033887	
Sotub12g027210.1.1	Sotub04g033250.1.1	0.7253	222.5	665.5	0.0744	0.0587	0.7892	-1614.081617	
Sotub12g027230.1.1	Sotub01g046770.1.1	1.6935	158.0	478.0	0.1003	0.1749	1.7428	-1346.078557	
Sotub12g027230.1.1	Sotub04g033310.1.1	1.1431	144.5	479.5	0.2612	0.2302	0.8814	-1357.044193	
Sotub12g027260.1.1	Sotub04g033380.1.1	0.7268	179.0	535.0	0.1528	0.1014	0.6634	-1362.076617	
Sotub12g027280.1.1	Sotub04g033450.1.1	0.9082	152.7	480.3	0.2873	0.1894	0.6593	-1304.164084	
Sotub12g027310.1.1	Sotub01g047000.1.1	2.3433	189.5	635.5	0.1187	0.2887	2.4324	-1879.979288	
Sotub12g027360.1.1	Sotub04g033820.1.1	0.6624	372.1	968.9	0.1296	0.0771	0.5950	-2475.641055	
Sotub12g027380.1.1	Sotub04g033990.1.1	0.6514	188.2	483.8	0.0707	0.0464	0.6561	-1209.522435	
Sotub12g027390.1.1	Sotub04g034010.1.1	0.6917	264.0	744.0	0.1045	0.0711	0.6800	-1866.714019	
Sotub12g027400.1.1	Sotub01g047280.1.1	50.0000	113.1	375.9	0.0201	1.3556	67.5448	-1283.400049	
Sotub12g027400.1.1	Sotub04g034100.1.1	2.8215	106.5	388.5	0.2027	0.5094	2.5135	-1190.193401	
Sotub12g027410.1.1	Sotub04g034150.1.1	50.0000	155.7	534.3	0.0191	1.3232	69.3383	-1772.711719	
Sotub12g027420.1.1	Sotub04g034410.1.1	1.3988	85.1	454.9	0.1370	0.2340	1.7080	-1147.450491	
Sotub12g027430.1.1	Sotub04g034490.1.1	1.2113	394.8	1222.2	0.1597	0.1767	1.1068	-3371.800701	
Sotub12g027450.1.1	Sotub04g034630.1.1	1.5898	102.6	329.4	0.0963	0.1641	1.7044	-910.582670	
Sotub12g027460.1.1	Sotub04g034660.1.1	0.7486	629.8	2076.2	0.1628	0.1136	0.6978	-5241.653881	
Sotub12g027470.1.1	Sotub04g034720.1.1	0.6247	80.1	267.9	0.1529	0.0916	0.5986	-651.413307	
Sotub12g027530.1.1	Sotub04g035100.1.1	1.6618	188.1	615.9	0.3148	0.3671	1.1660	-1850.336978	
Sotub12g027540.1.1	Sotub04g035130.1.1	1.4415	157.1	571.9	0.1247	0.1913	1.5334	-1503.089600	
Sotub12g027550.1.1	Sotub04g035250.1.1	0.9929	206.2	729.8	0.1692	0.1590	0.9397	-1898.245984	
Sotub12g027570.1.1	Sotub04g035260.1.1	1.0118	152.0	568.0	0.2176	0.1918	0.8812	-1466.110752	
Sotub12g027620.1.1	Sotub04g035350.1.1	3.7232	120.2	575.8	0.0638	0.3512	5.5028	-1566.631766	
Sotub12g027630.1.1	Sotub01g049230.1.1	3.3055	134.9	393.1	0.1835	0.5155	2.8099	-1279.823102	
Sotub12g027630.1.1	Sotub04g035380.1.1	0.7296	332.9	900.1	0.1873	0.1120	0.5980	-2365.719149	
Sotub12g027650.1.1	Sotub01g049270.1.1	3.4500	257.1	816.9	0.0800	0.3064	3.8297	-2464.908161	
Sotub12g027660.1.1	Sotub04g035430.1.1	0.8660	525.4	1730.6	0.1725	0.1364	0.7904	-4468.006399
Sotub12g027700.1.1	Sotub01g049390.1.1	1.9383	372.4	1202.6	0.0961	0.2004	2.0855	-3436.379956	
Sotub12g027700.1.1	Sotub04g035520.1.1	0.9131	399.5	1190.5	0.1908	0.1473	0.7723	-3239.078589	
Sotub12g027710.1.1	Sotub04g006470.1.1	4.8835	414.0	1281.0	0.1200	0.5834	4.8601	-4117.982957
Sotub12g027760.1.1	Sotub04g035590.1.1	0.7629	239.5	753.5	0.2226	0.1381	0.6201	-1957.173986	
Sotub12g027790.1.1	Sotub04g035660.1.1	1.3129	134.3	531.7	0.0666	0.1144	1.7168	-1314.981374	
Sotub12g027810.1.1	Sotub04g035720.1.1	1.3878	307.6	958.4	0.1847	0.2232	1.2084	-2799.790498	
Sotub12g027850.1.1	Sotub04g035730.1.1	0.9743	292.0	842.0	0.1463	0.1298	0.8870	-2217.061552	
Sotub12g027860.1.1	Sotub01g049490.1.1	1.6280	303.5	1040.5	0.1028	0.1826	1.7770	-2884.502563	
Sotub12g027870.1.1	Sotub04g035880.1.1	0.9703	245.4	711.6	0.2822	0.1957	0.6937	-1993.378309	
Sotub12g027880.1.1	Sotub04g006000.1.1	29.2554	263.1	822.9	0.0124	0.4822	38.7450	-2668.485216	
Sotub12g027880.1.1	Sotub04g035890.1.1	1.0686	252.6	839.4	0.1065	0.1212	1.1372	-2168.593952	
Sotub12g027890.1.1	Sotub04g035910.1.1	0.9790	314.7	1152.3	0.1309	0.1346	1.0283	-2970.263548	
Sotub12g027900.1.1	Sotub04g036120.1.1	0.8923	121.0	347.0	0.2154	0.1532	0.7111	-946.571658	
Sotub12g027910.1.1	Sotub04g036110.1.1	0.4415	272.7	720.3	0.0664	0.0303	0.4560	-1690.774893	
Sotub12g027950.1.1	Sotub04g035980.1.1	1.5850	254.7	957.3	0.1573	0.2485	1.5800	-2641.871562	
Sotub12g028010.1.1	Sotub01g040760.1.1	6.5382	119.5	477.5	0.1246	0.9061	7.2693	-1539.682246	
Sotub12g028010.1.1	Sotub01g040760.1.1	6.5382	119.5	477.5	0.1246	0.9061	7.2693	-1539.682246	
Sotub12g028010.1.1	Sotub04g005680.1.1	5.9653	225.6	821.4	0.1251	0.7932	6.3414	-2695.120748	
Sotub12g028010.1.1	Sotub04g035960.1.1	5.6516	232.6	823.4	0.1084	0.6700	6.1818	-2669.195983	
Sotub12g028020.1.1	Sotub04g036170.1.1	1.3246	132.0	315.0	0.2839	0.2530	0.8914	-997.679187	
Sotub12g028030.1.1	Sotub04g036200.1.1	0.6892	158.9	726.1	0.0807	0.0754	0.9349	-1600.721243	
Sotub12g028070.1.1	Sotub01g049650.1.1	1.8883	160.4	520.6	0.1956	0.3198	1.6349	-1559.727454	
Sotub12g028070.1.1	Sotub04g036330.1.1	0.9702	149.3	474.7	0.3153	0.2128	0.6750	-1317.026922	
Sotub12g028090.1.1	Sotub04g036360.1.1	1.0095	286.1	805.9	0.2454	0.1863	0.7594	-2267.780629	
Sotub12g028110.1.1	Sotub04g036410.1.1	0.4906	379.6	1231.4	0.0726	0.0408	0.5617	-2798.108021	
Sotub12g028220.1.1	Sotub04g036370.1.1	37.3750	195.6	659.4	0.0063	0.3384	53.3098	-2007.576812	
Sotub12g028230.1.1	Sotub01g040930.1.1	50.0000	164.2	597.8	0.0101	0.7501	74.6208	-1952.151227	
Sotub12g028230.1.1	Sotub01g040930.1.1	50.0000	164.2	597.8	0.0101	0.7501	74.6208	-1952.151227	
Sotub12g028230.1.1	Sotub01g049780.1.1	50.0000	180.3	617.7	0.0111	0.7920	71.0422	-2054.248352	
Sotub12g028290.1.1	Sotub01g040990.1.1	8.0204	292.9	1054.1	0.0367	0.3986	10.8606	-3235.230416	
Sotub12g028290.1.1	Sotub01g040990.1.1	8.0204	292.9	1054.1	0.0367	0.3986	10.8606	-3235.230416	
Sotub12g028350.1.1	Sotub06g021850.1.1	1.7826	286.3	913.7	0.0157	0.0373	2.3713	-2194.008715	
Sotub12g028370.1.1	Sotub01g041050.1.1	50.0000	180.2	743.8	0.0105	0.8619	81.8995	-2378.026135	
Sotub12g028370.1.1	Sotub01g041050.1.1	50.0000	180.2	743.8	0.0105	0.8619	81.8995	-2378.026135	
Sotub12g028370.1.1	Sotub01g049890.1.1	4.7639	204.3	713.7	0.1601	0.7326	4.5752	-2351.118029	
Sotub12g028370.1.1	Sotub06g021870.1.1	2.9093	200.2	720.8	0.0806	0.2788	3.4570	-2090.550974	
Sotub12g028400.1.1	Sotub06g021890.1.1	6.7838	172.6	538.4	0.0143	0.1272	8.9157	-1426.183163	
Sotub12g028470.1.1	Sotub06g021920.1.1	50.0000	190.5	664.5	0.0056	0.4083	73.3801	-2040.766595	
Sotub12g028650.1.1	Sotub08g017360.1.1	0.6475	162.9	572.1	0.0177	0.0162	0.9167	-1271.852387	
Sotub12g028750.1.1	Sotub08g017070.1.1	2.7864	207.8	725.2	0.2858	0.5967	2.0876	-2203.425650	
Sotub12g028760.1.1	Sotub08g017080.1.1	1.0049	372.1	1172.9	0.2959	0.2129	0.7195	-3243.381728	
Sotub12g028770.1.1	Sotub08g017110.1.1	0.8600	164.5	606.5	0.1946	0.1522	0.7822	-1540.164669	
Sotub12g028780.1.1	Sotub08g017120.1.1	0.7241	180.9	590.1	0.1468	0.1021	0.6955	-1473.117017	
Sotub12g028870.1.1	Sotub12g014660.1.1	24.0613	173.8	768.2	0.0145	0.5918	40.8611	-2305.954803	
Sotub12g028960.1.1	Sotub12g014580.1.1	0.7313	108.2	344.8	0.1612	0.1087	0.6743	-845.495078	
Sotub12g028960.1.1	Sotub12g014580.1.1	0.7313	108.2	344.8	0.1612	0.1087	0.6743	-845.495078	
Sotub12g028970.1.1	Sotub12g014570.1.1	1.2474	272.4	936.6	0.2739	0.2603	0.9503	-2647.003743	
Sotub12g028970.1.1	Sotub12g014570.1.1	1.2474	272.4	936.6	0.2739	0.2603	0.9503	-2647.003743	
Sotub12g029070.1.1	Sotub12g014400.1.1	2.9202	242.5	885.5	0.0666	0.2425	3.6416	-2440.438515	
Sotub12g029760.1.1	Sotub09g027860.1.1	1.3277	239.7	690.3	0.1416	0.1727	1.2196	-1932.249703	
Sotub12g029930.1.1	Sotub09g028030.1.1	3.7719	112.8	424.2	0.1929	0.6691	3.4688	-1304.340645	
Sotub12g030040.1.1	Sotub09g028290.1.1	1.2971	111.7	410.3	0.2619	0.2698	1.0300	-1150.726175	
Sotub12g030060.1.1	Sotub09g028260.1.1	0.5930	160.7	454.3	0.0225	0.0160	0.7113	-1054.984136	
Sotub12g030070.1.1	Sotub09g028250.1.1	1.8602	168.8	740.2	0.2090	0.3642	1.7424	-2029.962827	
Sotub12g031190.1.1	Sotub01g020470.1.1	50.0000	210.2	698.8	0.0113	0.7869	69.4582	-2298.872377	
Sotub12g031390.1.1	Sotub05g027280.1.1	18.7990	210.8	728.2	0.0076	0.2055	27.2019	-2012.937522	
Sotub12g031400.1.1	Sotub01g020690.1.1	0.8568	196.6	628.4	0.1527	0.1230	0.8053	-1632.139750	
Sotub12g031410.1.1	Sotub01g020700.1.1	1.2578	177.8	728.2	0.2683	0.2731	1.0178	-1915.715666	
Sotub12g031420.1.1	Sotub01g020760.1.1	0.4575	352.1	1039.9	0.0263	0.0147	0.5594	-2309.755405	
Sotub12g031420.1.1	Sotub05g027270.1.1	0.4513	353.9	1038.1	0.0435	0.0228	0.5247	-2328.533379	
Sotub12g031430.1.1	Sotub01g020770.1.1	0.6022	151.6	496.4	0.0320	0.0249	0.7766	-1110.113269	
Sotub12g031460.1.1	Sotub01g020890.1.1	0.5974	128.0	583.0	0.1512	0.0990	0.6549	-1330.214117	
Sotub12g031460.1.1	Sotub05g027260.1.1	1.1295	91.2	412.8	0.1344	0.1739	1.2938	-1033.327956	
Sotub12g031470.1.1	Sotub01g020920.1.1	1.3505	101.9	360.1	0.1967	0.2368	1.2039	-986.053006	
Sotub12g031470.1.1	Sotub05g027220.1.1	0.8452	79.8	385.2	0.2170	0.1740	0.8018	-918.564609	
Sotub12g031480.1.1	Sotub01g020940.1.1	1.0413	301.2	1144.8	0.2247	0.2020	0.8988	-2994.979185	
Sotub12g031490.1.1	Sotub01g020930.1.1	0.7057	397.6	1348.4	0.1450	0.1004	0.6924	-3332.200983	
Sotub12g031490.1.1	Sotub05g027210.1.1	0.7723	397.5	1342.5	0.2110	0.1388	0.6580	-3464.798874	
Sotub12g031510.1.1	Sotub05g027190.1.1	0.4010	276.6	881.4	0.1551	0.0581	0.3745	-2030.015140	
Sotub12g031530.1.1	Sotub01g020960.1.1	0.8562	281.7	771.3	0.1715	0.1245	0.7259	-2060.455415	
Sotub12g031550.1.1	Sotub01g020980.1.1	1.1556	212.0	724.0	0.2046	0.2048	1.0012	-1982.544972	
Sotub12g032500.1.1	Sotub12g022830.1.1	1.4563	183.3	689.7	0.3225	0.3369	1.0446	-1981.417463	
Sotub12g032540.1.1	Sotub12g022820.1.1	1.0623	117.7	341.3	0.2830	0.2146	0.7585	-969.862469	
Sotub12g032810.1.1	Sotub01g006220.1.1	0.6721	126.8	350.2	0.1488	0.0889	0.5972	-890.467603	
Sotub12g032840.1.1	Sotub01g006280.1.1	3.3057	172.4	562.6	0.1297	0.4279	3.3006	-1759.108439	
Sotub12g032870.1.1	Sotub01g006340.1.1	0.4792	290.1	906.9	0.0519	0.0294	0.5671	-2054.923637	
Sotub12g032870.1.1	Sotub12g022730.1.1	17.4386	252.7	866.3	0.0219	0.5242	23.9439	-2764.476033	
Sotub12g032890.1.1	Sotub01g006470.1.1	1.7622	94.3	277.7	0.1254	0.2123	1.6926	-756.316708	
Sotub12g032910.1.1	Sotub01g006490.1.1	0.7439	247.0	749.0	0.1492	0.1027	0.6884	-1900.165126	
Sotub12g032920.1.1	Sotub01g006500.1.1	0.5545	414.1	1385.9	0.1144	0.0665	0.5810	-3285.334579	
Sotub12g032930.1.1	Sotub01g006530.1.1	0.6544	184.1	472.9	0.2401	0.1156	0.4815	-1243.627527	
Sotub12g032950.1.1	Sotub01g006600.1.1	0.3776	213.0	669.0	0.0956	0.0383	0.4008	-1506.873470	
Sotub12g032980.1.1	Sotub01g006640.1.1	15.1187	78.8	368.2	0.0201	0.5260	26.1197	-1057.755365	
