Solyc12g087830.1.1	Solyc04g076280.2.1	50.0000	108.9	362.1	0.0178	1.2127	68.0809	-1208.173248	
Solyc12g087950.1.1	Solyc04g076220.2.1	2.9192	180.2	554.8	0.1433	0.3947	2.7534	-1764.225262	
Solyc12g087960.1.1	Solyc04g076340.2.1	0.8002	98.4	402.6	0.1290	0.1146	0.8888	-966.161072	
Solyc12g087970.1.1	Solyc04g076360.2.1	1.4685	418.7	1246.3	0.4327	0.3682	0.8508	-3762.967501	
Solyc12g087990.1.1	Solyc04g076410.2.1	1.9182	185.9	573.1	0.4644	0.4986	1.0737	-1829.823957	
Solyc12g088010.1.1	Solyc04g076540.2.1	0.8876	275.8	963.2	0.2759	0.1868	0.6769	-2551.559654	
Solyc12g088050.1.1	Solyc04g076630.2.1	1.7819	420.0	1440.0	0.1212	0.2253	1.8581	-4048.987440	
Solyc12g088060.1.1	Solyc04g076670.2.1	0.7392	124.5	412.5	0.2244	0.1368	0.6095	-1063.735208	
Solyc12g088100.1.1	Solyc04g076750.1.1	1.4723	109.5	355.5	0.1692	0.2276	1.3454	-1004.365001	
Solyc12g088160.1.1	Solyc04g076880.2.1	0.7272	476.3	1446.7	0.0810	0.0636	0.7854	-3575.176538	
Solyc12g088180.1.1	Solyc04g077020.2.1	0.8405	154.8	496.2	0.0355	0.0376	1.0577	-1146.852481	
Solyc12g088190.1.1	Solyc04g077050.2.1	1.1072	355.7	1024.3	0.1109	0.1203	1.0855	-2721.482447	
Solyc12g088200.1.1	Solyc04g077120.2.1	0.7982	223.8	679.2	0.0948	0.0790	0.8337	-1708.815554	
Solyc12g088210.1.1	Solyc04g077190.2.1	0.7269	389.3	1239.7	0.1831	0.1173	0.6404	-3171.666392	
Solyc12g088220.1.1	Solyc04g077240.2.1	1.2564	146.0	631.0	0.1003	0.1560	1.5547	-1564.527239	
Solyc12g088230.1.1	Solyc04g077400.2.1	0.9450	534.6	1592.4	0.2858	0.1935	0.6770	-4462.079120	
Solyc12g088240.1.1	Solyc04g077470.2.1	0.8178	405.8	1163.2	0.0897	0.0752	0.8384	-2933.795482	
Solyc12g088250.1.1	Solyc04g077630.2.1	2.1822	263.6	1047.4	0.1385	0.3231	2.3336	-2963.869208	
Solyc12g088290.1.1	Solyc04g077680.2.1	0.8559	564.8	1853.2	0.2062	0.1502	0.7285	-4844.668267	
Solyc12g088300.1.1	Solyc04g077690.2.1	1.0862	78.8	434.2	0.1694	0.2066	1.2194	-1029.566735	
Solyc12g088320.1.1	Solyc04g077780.2.1	0.6203	111.0	441.0	0.0694	0.0560	0.8061	-997.174239	
Solyc12g088330.1.1	Solyc04g077810.1.1	1.8190	109.9	508.1	0.2510	0.3961	1.5781	-1396.674295	
Solyc12g088360.1.1	Solyc04g077850.2.1	1.0159	214.8	541.2	0.0650	0.0666	1.0238	-1439.948452	
Solyc12g088370.1.1	Solyc04g077920.2.1	0.6597	259.8	817.2	0.1713	0.1015	0.5923	-2052.434700	
Solyc12g088380.1.1	Solyc04g077960.1.1	1.9257	119.7	621.3	0.3178	0.4766	1.4998	-1722.355984	
Solyc12g088390.1.1	Solyc04g077980.1.1	4.7067	119.6	393.4	0.0448	0.2626	5.8642	-1149.183767	
Solyc12g088420.1.1	Solyc04g078040.2.1	0.9502	154.1	493.9	0.2603	0.1890	0.7262	-1329.813868	
Solyc12g088440.1.1	Solyc04g078130.2.1	1.0285	222.1	779.9	0.2224	0.1932	0.8686	-2101.868958	
Solyc12g088450.1.1	Solyc04g078160.2.1	0.8927	297.0	867.0	0.2549	0.1705	0.6687	-2369.444303	
Solyc12g088460.1.1	Solyc04g078270.2.1	3.2881	326.8	1017.2	0.0984	0.3396	3.4509	-3129.752580	
Solyc12g088470.1.1	Solyc04g078310.2.1	0.9690	242.3	789.7	0.1792	0.1557	0.8685	-2093.291365	
Solyc12g088540.1.1	Solyc04g078320.2.1	0.9120	142.5	475.5	0.1822	0.1494	0.8200	-1253.965597	
Solyc12g088640.1.1	Solyc04g078430.1.1	5.7103	95.4	399.6	0.0463	0.3831	8.2693	-1146.188902	
Solyc12g088650.1.1	Solyc04g078470.2.1	1.2310	191.4	711.6	0.2045	0.2249	1.0999	-1893.530205	
Solyc12g088670.1.1	Solyc04g078540.2.1	1.3784	242.9	741.1	0.1288	0.1721	1.3363	-2051.699289	
Solyc12g088680.1.1	Solyc04g078620.2.1	0.7405	93.9	338.1	0.0781	0.0692	0.8866	-809.686996	
Solyc12g088740.1.1	Solyc04g078680.2.1	1.0547	206.5	669.5	0.1990	0.1804	0.9064	-1805.197513	
Solyc12g088750.1.1	Solyc04g078700.2.1	1.1582	234.9	875.1	0.1774	0.1948	1.0983	-2364.521135	
Solyc12g088760.1.1	Solyc04g078710.1.1	10.8993	425.6	1392.4	0.0237	0.3417	14.4020	-4240.096104	
Solyc12g088800.1.1	Solyc04g078800.2.1	1.4830	244.7	1006.3	0.1282	0.2121	1.6548	-2630.950360	
Solyc12g088820.1.1	Solyc04g078870.2.1	0.7234	282.7	1013.3	0.1162	0.0907	0.7805	-2440.014730	
Solyc12g088900.1.1	Solyc04g079180.2.1	0.7090	184.5	514.5	0.2152	0.1204	0.5596	-1363.849248	
Solyc12g088940.1.1	Solyc04g079400.2.1	0.7432	188.8	615.2	0.1432	0.1030	0.7194	-1564.061251	
Solyc12g088970.1.1	Solyc04g079640.2.1	4.1208	327.6	1037.4	0.0864	0.3884	4.4931	-3191.746917	
Solyc12g088980.1.1	Solyc04g079700.2.1	6.0523	226.4	913.6	0.0158	0.1504	9.5494	-2329.676267	
Solyc12g089000.1.1	Solyc04g079780.2.1	1.0964	337.2	1189.8	0.2663	0.2272	0.8533	-3196.748853	
Solyc12g089020.1.1	Solyc04g079690.2.1	50.0000	218.7	609.3	0.0182	1.0905	60.0560	-2166.616701	
Solyc12g089030.1.1	Solyc04g079970.2.1	0.5305	131.0	418.0	0.0805	0.0475	0.5895	-969.997539	
Solyc12g089040.1.1	Solyc04g079980.2.1	0.7214	213.1	677.9	0.0776	0.0626	0.8065	-1622.378713	
Solyc12g089060.1.1	Solyc04g080030.2.1	0.7391	148.5	442.5	0.1283	0.0910	0.7094	-1131.096091	
Solyc12g089080.1.1	Solyc04g080080.2.1	1.6479	137.9	420.1	0.1166	0.1913	1.6400	-1174.261567	
Solyc12g089090.1.1	Solyc04g080090.2.1	0.8053	215.6	645.4	0.2030	0.1353	0.6669	-1703.030279	
Solyc12g089100.1.1	Solyc04g080190.2.1	0.9685	158.0	478.0	0.2631	0.1904	0.7235	-1316.405410	
Solyc12g089130.1.1	Solyc04g080290.2.1	0.9893	161.8	495.2	0.0917	0.0959	1.0455	-1252.521734	
Solyc12g089140.1.1	Solyc04g080300.2.1	0.7253	196.7	637.3	0.1257	0.0916	0.7284	-1590.573302	
Solyc12g089180.1.1	Solyc04g080460.2.1	0.7084	376.8	976.2	0.1207	0.0780	0.6459	-2508.890310	
Solyc12g089210.1.1	Solyc04g080610.2.1	0.7439	251.5	756.5	0.0811	0.0648	0.7991	-1855.853554	
Solyc12g089220.1.1	Solyc04g080700.2.1	1.0402	146.7	450.3	0.2144	0.1825	0.8510	-1232.931243	
Solyc12g089230.1.1	Solyc04g080750.2.1	6.0892	146.1	537.9	0.6252	1.7994	2.8780	-1750.994357	
Solyc12g089360.1.1	Solyc04g080760.2.1	50.0000	196.7	727.3	0.0068	0.5193	76.3640	-2244.871762	
Solyc04g077720.1.1	Solyc01g106920.2.1	2.0589	262.0	752.0	0.2325	0.3704	1.5930	-2362.511843	
Solyc12g088380.1.1	Solyc01g107140.1.1	3.7972	132.6	611.4	0.1423	0.6102	4.2882	-1782.072969	
Solyc04g077960.1.1	Solyc01g107140.1.1	3.3105	154.5	670.5	0.1441	0.5224	3.6255	-1983.335019	
Solyc12g088390.1.1	Solyc01g107170.2.1	50.0000	126.7	383.3	0.0067	0.4394	65.7530	-1230.546783	
Solyc04g077980.1.1	Solyc01g107170.2.1	3.5778	130.7	448.3	0.1054	0.4090	3.8791	-1390.570985	
Solyc04g078000.2.1	Solyc01g107200.2.1	2.5376	326.1	1047.9	0.1793	0.4055	2.2611	-3271.418753	
Solyc12g088420.1.1	Solyc01g107240.2.1	3.0816	101.0	352.0	0.1722	0.4956	2.8789	-1082.904601	
Solyc04g078040.2.1	Solyc01g107240.2.1	8.6590	104.1	363.9	0.0403	0.4585	11.3718	-1124.808694	
Solyc04g078190.2.1	Solyc01g107350.2.1	2.5573	173.7	528.3	0.0728	0.2054	2.8203	-1545.929332	
Solyc12g088650.1.1	Solyc01g107730.2.1	2.7202	188.6	702.4	0.1183	0.3517	2.9731	-2009.632227	
Solyc04g078470.2.1	Solyc01g107730.2.1	2.1497	173.1	717.9	0.1679	0.3650	2.1742	-2019.095821	
Solyc12g088670.1.1	Solyc01g107760.2.1	5.7215	214.5	769.5	0.0337	0.2634	7.8056	-2218.658422	
Solyc04g078540.2.1	Solyc01g107760.2.1	50.0000	218.9	765.1	0.0035	0.2577	74.0075	-2210.040209	
Solyc04g078590.2.1	Solyc01g107650.2.1	50.0000	272.4	924.6	0.0104	0.7388	70.7338	-3062.121736	
Solyc12g088690.1.1	Solyc01g107770.1.1	6.1261	129.0	405.0	0.1153	0.7155	6.2076	-1354.382572	
Solyc12g088720.1.1	Solyc01g107870.2.1	3.1322	323.5	1119.5	0.0309	0.1301	4.2071	-2946.260680	
Solyc12g088750.1.1	Solyc01g108000.2.1	50.0000	233.2	858.8	0.0119	0.8886	74.7731	-2835.869805	
Solyc04g078700.2.1	Solyc01g108000.2.1	50.0000	251.5	840.5	0.0128	0.8907	69.3821	-2833.560456	
Solyc04g078840.2.1	Solyc01g108080.2.1	2.3306	202.2	745.8	0.1185	0.3002	2.5346	-2149.368293	
Solyc04g078900.2.1	Solyc01g108210.2.1	2.1262	293.3	1035.7	0.0882	0.2159	2.4487	-2853.845761	
Solyc04g078940.2.1	Solyc01g108250.2.1	3.5636	382.3	1516.7	0.0430	0.2166	5.0418	-4098.844720	
Solyc04g079090.2.1	Solyc01g108180.2.1	50.0000	164.8	630.2	0.0212	1.5744	74.3694	-2111.653169	
Solyc04g079190.2.1	Solyc01g108520.1.1	6.0943	181.1	670.9	0.0636	0.4921	7.7346	-2042.128421	
Solyc12g088950.1.1	Solyc01g108900.2.1	50.0000	364.4	928.6	0.0117	0.6731	57.4258	-3253.661897	
Solyc04g079690.2.1	Solyc01g108840.2.1	50.0000	273.5	818.5	0.0156	0.9915	63.5876	-2864.600812	
Solyc12g088980.1.1	Solyc01g109120.2.1	6.2517	229.3	910.7	0.0376	0.3389	9.0142	-2611.206734	
Solyc04g079700.2.1	Solyc01g109120.2.1	6.1899	258.1	923.9	0.0385	0.3199	8.3023	-2713.429621	
Solyc04g079730.1.1	Solyc01g109140.2.1	19.7451	344.0	1072.0	0.0169	0.4358	25.7329	-3407.327484	
Solyc12g089000.1.1	Solyc01g109280.2.1	2.1304	323.9	1203.1	0.1290	0.2920	2.2630	-3420.964438	
Solyc04g079780.2.1	Solyc01g109280.2.1	2.8445	318.7	1199.3	0.0817	0.2821	3.4547	-3390.473775	
Solyc04g079850.1.1	Solyc01g109060.2.1	12.8616	290.2	1071.8	0.0540	0.9056	16.7744	-3468.954994	
Solyc04g079880.2.1	Solyc01g109370.2.1	3.7704	264.7	827.3	0.0686	0.2930	4.2690	-2474.671455	
Solyc12g089060.1.1	Solyc01g109430.2.1	1.6573	148.5	454.5	0.1064	0.1801	1.6924	-1294.136318	
Solyc04g080030.2.1	Solyc01g109430.2.1	1.8684	139.7	451.3	0.1018	0.2018	1.9824	-1289.743672	
Solyc04g080260.2.1	Solyc01g109570.2.1	3.6735	298.9	835.1	0.0789	0.3005	3.8063	-2618.030429	
Solyc12g089140.1.1	Solyc01g109610.2.1	3.0076	190.6	652.4	0.0804	0.2795	3.4781	-1913.526703	
Solyc04g080300.2.1	Solyc01g109610.2.1	3.7387	184.5	649.5	0.0663	0.3029	4.5665	-1912.765748	
Solyc12g089160.1.1	Solyc01g109650.2.1	3.4342	272.9	1020.1	0.1314	0.4781	3.6372	-3148.135123	
Solyc04g080530.2.1	Solyc01g109740.2.1	50.0000	199.1	733.9	0.0036	0.2795	77.0553	-2083.868160	
Solyc04g080690.1.1	Solyc01g109860.2.1	4.1120	194.0	658.0	0.0694	0.3381	4.8728	-1976.664351	
Solyc04g080740.1.1	Solyc01g109880.2.1	4.0879	77.5	339.5	0.0480	0.2911	6.0577	-921.751275	
Solyc12g089240.1.1	Solyc01g110180.2.1	50.0000	76.1	382.9	0.0027	0.2710	99.2149	-1012.156336	
Solyc04g079140.2.1	Solyc01g108620.2.1	3.8012	284.2	930.8	0.0953	0.3934	4.1291	-2889.498388	
Solyc12g088910.1.1	Solyc01g108510.2.1	2.1762	200.0	808.0	0.1094	0.2775	2.5355	-2249.403908	
Solyc04g079310.2.1	Solyc01g108500.2.1	2.1101	257.2	882.8	0.1051	0.2408	2.2916	-2516.439346	
Solyc04g079330.1.1	Solyc01g108450.2.1	2.4449	290.9	993.1	0.1297	0.3234	2.4930	-2958.379137	
Solyc04g077870.2.1	Solyc02g092450.2.1	2.5070	84.6	230.4	0.0683	0.1792	2.6241	-676.581094	
Solyc01g107190.2.1	Solyc02g092550.2.1	4.9379	150.1	431.9	0.0506	0.2819	5.5703	-1355.907616	
Solyc04g078110.1.1	Solyc02g092670.1.1	8.8195	556.7	1543.3	0.0226	0.2361	10.4347	-4675.333000	
Solyc01g107300.2.1	Solyc02g092750.2.1	3.6187	142.5	511.5	0.0444	0.2119	4.7769	-1416.666828	
Solyc04g078230.1.1	Solyc02g092800.2.1	11.4880	112.7	346.3	0.0225	0.3280	14.5874	-1058.655341	
Solyc01g107390.2.1	Solyc02g092820.2.1	4.7885	209.1	708.9	0.0189	0.1244	6.5855	-1886.280747	
Solyc12g088460.1.1	Solyc02g092860.2.1	12.4824	319.5	1015.5	0.0217	0.3536	16.2637	-3143.102996	
Solyc04g078270.2.1	Solyc02g092860.2.1	6.6186	317.5	1017.5	0.0468	0.3777	8.0657	-3163.160040	
Solyc04g078400.2.1	Solyc02g092910.2.1	2.5284	205.6	664.4	0.1123	0.2939	2.6169	-1956.930116	
Solyc04g078420.1.1	Solyc02g092930.1.1	50.0000	162.9	563.1	0.0082	0.5946	72.2227	-1831.077594	
Solyc01g107650.2.1	Solyc02g092940.2.1	50.0000	264.8	1040.2	0.0044	0.3539	80.7403	-3037.333877	
Solyc12g088650.1.1	Solyc02g092980.2.1	4.3257	192.0	711.0	0.0741	0.3943	5.3216	-2090.915627	
Solyc04g078470.2.1	Solyc02g092980.2.1	9.9313	185.8	717.2	0.0274	0.3989	14.5483	-2102.137655	
Solyc01g107730.2.1	Solyc02g092980.2.1	3.2086	176.0	724.0	0.0810	0.3323	4.1026	-2048.649145	
Solyc04g078490.1.1	Solyc02g092990.1.1	7.1254	353.3	1221.7	0.0285	0.2744	9.6381	-3586.142693	
Solyc01g107750.2.1	Solyc02g093000.2.1	2.1188	231.0	687.0	0.0542	0.1310	2.4167	-1865.518045	
Solyc04g078510.2.1	Solyc02g093010.2.1	2.6396	149.1	402.9	0.0832	0.2212	2.6589	-1215.109087	
Solyc12g088680.1.1	Solyc02g093110.2.1	1.6321	97.6	334.4	0.0358	0.0767	2.1444	-844.924807	
Solyc04g078620.2.1	Solyc02g093110.2.1	3.1963	82.8	349.2	0.0154	0.0803	5.2213	-845.238012	
Solyc01g107800.2.1	Solyc02g093090.1.1	50.0000	167.0	574.0	0.0044	0.3209	72.8710	-1716.239194	
Solyc01g107860.2.1	Solyc02g093140.2.1	3.4536	171.8	503.2	0.0708	0.2652	3.7468	-1530.341384	
Solyc04g078660.1.1	Solyc02g093180.2.1	14.7229	220.5	805.5	0.0251	0.5251	20.9204	-2502.820873	
Solyc01g107890.2.1	Solyc02g093160.2.1	5.5882	413.1	1341.9	0.0919	0.5600	6.0940	-4253.404063	
Solyc01g107990.2.1	Solyc02g093210.2.1	3.8853	280.2	904.8	0.1085	0.4400	4.0566	-2850.562757	
Solyc01g108180.2.1	Solyc02g093380.1.1	50.0000	254.7	1017.3	0.0145	1.1399	78.6825	-3317.367102	
Solyc04g077870.2.1	Solyc02g064680.2.1	2.6391	85.5	229.5	0.0676	0.1853	2.7424	-678.646334	
Solyc02g092450.2.1	Solyc02g064680.2.1	0.8012	84.2	230.8	0.1822	0.1214	0.6662	-625.270071	
Solyc02g092490.2.1	Solyc02g064690.2.1	1.0807	307.5	835.5	0.1301	0.1287	0.9894	-2328.661829	
Solyc01g107180.2.1	Solyc02g064720.2.1	50.0000	378.1	1223.9	0.0112	0.7627	68.1547	-4070.445477	
Solyc01g107210.2.1	Solyc02g064710.2.1	5.4352	158.4	543.6	0.1116	0.6480	5.8060	-1784.241445	
Solyc02g092640.2.1	Solyc02g064700.2.1	2.9712	206.7	738.3	0.0156	0.0669	4.2896	-1787.782646	
Solyc02g092710.2.1	Solyc02g064750.2.1	0.7917	193.6	598.4	0.2272	0.1441	0.6342	-1596.614516	
Solyc02g092760.2.1	Solyc02g064760.1.1	1.4828	171.0	501.0	0.0862	0.1337	1.5508	-1373.315294	
Solyc01g107360.2.1	Solyc02g064800.2.1	4.8641	89.3	294.7	0.0410	0.2519	6.1378	-841.896751	
Solyc12g088460.1.1	Solyc02g064850.1.1	11.7807	300.2	1019.8	0.0262	0.4156	15.8567	-3148.215571	
Solyc04g078270.2.1	Solyc02g064850.1.1	4.3003	283.3	1036.7	0.0871	0.4410	5.0654	-3161.690539	
Solyc02g092860.2.1	Solyc02g064850.1.1	1.6115	310.7	1018.3	0.1939	0.2724	1.4048	-2928.947661	
Solyc01g107650.2.1	Solyc02g064940.1.1	8.6519	219.2	797.8	0.1350	1.2113	8.9719	-2646.380860	
Solyc02g092940.2.1	Solyc02g064940.1.1	23.8920	210.0	807.0	0.0332	1.1346	34.2102	-2660.982271	
Solyc12g088460.1.1	Solyc08g014190.2.1	50.0000	298.3	991.7	0.0102	0.7103	69.7137	-3274.206825	
Solyc04g078270.2.1	Solyc08g014190.2.1	50.0000	304.1	985.9	0.0106	0.7226	68.3664	-3271.248496	
Solyc02g092860.2.1	Solyc08g014190.2.1	50.0000	302.6	981.4	0.0106	0.7230	68.3788	-3267.661659	
Solyc02g064850.1.1	Solyc08g014190.2.1	50.0000	282.5	989.5	0.0099	0.7202	72.5280	-3197.157030	
Solyc01g107490.1.1	Solyc08g014120.2.1	10.9313	84.9	308.1	0.0325	0.4908	15.0840	-971.309430	
Solyc01g107560.2.1	Solyc08g014050.1.1	2.6011	295.8	949.2	0.1261	0.3276	2.5977	-2865.070271	
Solyc02g064970.2.1	Solyc08g013930.2.1	50.0000	193.9	733.1	0.0077	0.5968	77.4265	-2305.491414	
Solyc02g065030.1.1	Solyc08g013850.1.1	50.0000	300.8	1091.2	0.0092	0.6857	74.6495	-3485.694273	
Solyc04g078410.2.1	Solyc07g041940.2.1	6.4324	214.4	823.6	0.1134	0.8199	7.2305	-2650.191433	
Solyc02g065030.1.1	Solyc07g042130.2.1	50.0000	292.4	1066.6	0.0102	0.7648	74.6804	-3439.718059	
Solyc04g078410.2.1	Solyc05g018910.1.1	50.0000	145.2	451.8	0.0123	0.8122	65.9798	-1518.175354	
Solyc01g107430.2.1	Solyc10g049870.1.1	0.7446	130.8	382.2	0.2217	0.1310	0.5908	-1009.657103	
Solyc01g107700.2.1	Solyc10g049970.1.1	3.8908	107.7	297.3	0.0718	0.2922	4.0701	-938.625725	
Solyc01g107740.2.1	Solyc10g050060.1.1	1.2758	169.7	520.3	0.1584	0.1843	1.1637	-1413.823424	
Solyc04g078590.2.1	Solyc10g050110.1.1	19.0606	197.4	681.6	0.0443	1.0879	24.5399	-2309.677884	
Solyc01g107910.2.1	Solyc10g050160.1.1	0.5395	91.1	316.9	0.0592	0.0395	0.6681	-706.315115	
Solyc01g107930.2.1	Solyc10g050170.1.1	0.9324	187.8	667.2	0.3287	0.2146	0.6528	-1776.487818	
Solyc02g093230.2.1	Solyc10g050160.1.1	3.2027	91.2	316.8	0.0143	0.0649	4.5516	-768.749059	
Solyc01g108010.2.1	Solyc10g050190.1.1	0.9768	344.5	1026.5	0.3587	0.2247	0.6263	-2901.032852	
Solyc04g078840.2.1	Solyc10g050210.1.1	3.7408	193.5	754.5	0.0671	0.3251	4.8422	-2197.711894	
Solyc01g108080.2.1	Solyc10g050210.1.1	0.9607	216.3	734.7	0.2713	0.1988	0.7327	-1974.911025	
Solyc01g108100.2.1	Solyc10g050220.1.1	1.2386	160.8	553.2	0.5929	0.3576	0.6031	-1610.381791	
Solyc01g108110.2.1	Solyc10g050230.1.1	0.6474	196.0	641.0	0.2445	0.1252	0.5121	-1618.985521	
Solyc04g078410.2.1	Solyc03g044160.1.1	50.0000	218.1	834.9	0.0107	0.8288	77.2971	-2706.298992	
Solyc04g078490.1.1	Solyc03g044220.1.1	4.2972	364.1	1210.9	0.0574	0.2985	5.2034	-3629.765812	
Solyc02g092990.1.1	Solyc03g044220.1.1	1.0205	355.0	1220.0	0.1498	0.1492	0.9963	-3236.495251	
Solyc12g088670.1.1	Solyc03g044230.1.1	3.7328	221.6	762.4	0.0644	0.2914	4.5220	-2236.021425	
Solyc04g078540.2.1	Solyc03g044230.1.1	3.9467	232.9	751.1	0.0694	0.3153	4.5420	-2245.327269	
Solyc01g107760.2.1	Solyc03g044230.1.1	50.0000	207.3	776.7	0.0032	0.2473	78.1871	-2188.336044	
Solyc02g093040.2.1	Solyc03g044230.1.1	1.2482	246.2	731.8	0.1635	0.1818	1.1123	-2024.164625	
Solyc12g088680.1.1	Solyc03g044260.2.1	1.2448	107.8	324.2	0.0495	0.0716	1.4478	-829.081903	
Solyc04g078620.2.1	Solyc03g044260.2.1	1.4662	86.6	345.4	0.0294	0.0642	2.1820	-820.428997	
Solyc02g093150.2.1	Solyc03g044300.2.1	1.2037	188.9	732.1	0.2170	0.2306	1.0627	-1987.328443	
Solyc02g093190.2.1	Solyc03g044380.2.1	1.1243	179.7	762.3	0.2589	0.2424	0.9361	-2003.286703	
Solyc02g093290.2.1	Solyc03g044430.2.1	0.5690	404.8	1266.2	0.1225	0.0693	0.5661	-3033.634035	
Solyc12g088750.1.1	Solyc00g007060.2.1	50.0000	239.7	864.3	0.0099	0.7335	74.1034	-2832.817199	
Solyc04g078700.2.1	Solyc00g007060.2.1	50.0000	240.5	863.5	0.0102	0.7534	73.8097	-2844.057714	
Solyc01g108000.2.1	Solyc00g007060.2.1	50.0000	250.3	841.7	0.0115	0.8045	70.0102	-2828.471003	
Solyc04g079960.1.1	Solyc02g085700.1.1	21.5287	250.6	787.4	0.0093	0.2694	28.8736	-2323.768707	
Solyc12g089030.1.1	Solyc02g085690.2.1	1.7281	124.5	424.5	0.0872	0.1706	1.9576	-1158.625495	
Solyc04g079970.2.1	Solyc02g085690.2.1	1.4501	118.4	430.6	0.1014	0.1660	1.6375	-1152.362459	
Solyc04g080010.2.1	Solyc02g085660.1.1	8.0371	309.1	908.9	0.0609	0.5454	8.9526	-3027.703853	
Solyc04g080130.2.1	Solyc02g085580.2.1	5.1199	263.6	945.4	0.0743	0.4590	6.1809	-2935.612992	
Solyc12g089130.1.1	Solyc02g085300.2.1	3.6186	145.1	487.9	0.0372	0.1739	4.6763	-1313.168016	
Solyc04g080290.2.1	Solyc02g085300.2.1	2.5489	155.9	474.1	0.0633	0.1823	2.8788	-1318.545280	
Solyc12g089180.1.1	Solyc02g085170.2.1	2.0535	368.8	984.2	0.1025	0.2021	1.9718	-2912.781901	
Solyc04g080460.2.1	Solyc02g085170.2.1	2.0047	365.2	987.8	0.1015	0.1972	1.9425	-2895.035964	
Solyc04g080490.2.1	Solyc02g085160.1.1	50.0000	58.5	295.5	0.0029	0.2894	99.3909	-788.233826	
Solyc01g109720.2.1	Solyc02g085180.2.1	2.5763	192.9	620.1	0.1379	0.3459	2.5078	-1883.932092	
Solyc01g109750.2.1	Solyc02g085090.1.1	9.7817	105.5	422.5	0.2758	2.1383	7.7539	-1359.531384	
Solyc04g080600.2.1	Solyc02g085030.2.1	5.1488	423.1	1613.9	0.1252	0.7002	5.5919	-5013.291663	
Solyc04g080650.2.1	Solyc02g084930.2.1	50.0000	280.8	973.2	0.0060	0.4349	72.9307	-3000.262966	
Solyc04g080680.2.1	Solyc02g084900.2.1	5.4315	262.1	808.9	0.0534	0.3392	6.3510	-2420.877643	
Solyc04g080710.2.1	Solyc02g084880.2.1	50.0000	162.4	641.6	0.0110	0.8729	79.0602	-2037.851105	
Solyc04g080730.2.1	Solyc02g084870.2.1	4.2372	228.1	818.9	0.0185	0.1123	6.0788	-2127.679771	
Solyc01g110000.2.1	Solyc02g084720.2.1	1.9760	486.6	1631.4	0.0757	0.1731	2.2864	-4477.863478	
Solyc01g109700.2.1	Solyc02g062690.2.1	50.0000	184.7	622.3	0.0102	0.7190	70.4072	-2039.505187	
Solyc02g085190.1.1	Solyc02g062760.2.1	5.4384	137.4	519.6	0.0344	0.2638	7.6729	-1450.590243	
Solyc12g089180.1.1	Solyc02g062750.2.1	2.6304	365.1	987.9	0.0842	0.2229	2.6464	-2945.131450	
Solyc04g080460.2.1	Solyc02g062750.2.1	2.5393	358.5	994.5	0.0838	0.2172	2.5916	-2927.284340	
Solyc02g085170.2.1	Solyc02g062750.2.1	0.7796	365.7	987.3	0.1910	0.1212	0.6343	-2621.869448	
Solyc04g080470.2.1	Solyc02g062720.2.1	50.0000	235.0	722.0	0.0046	0.3070	66.9399	-2211.346975	
Solyc02g085130.2.1	Solyc02g062670.2.1	0.7152	301.2	859.8	0.1944	0.1149	0.5909	-2262.443513	
Solyc02g085110.2.1	Solyc02g062650.2.1	0.6590	334.0	1100.0	0.0934	0.0674	0.7213	-2655.650527	
Solyc02g085070.1.1	Solyc02g062610.2.1	0.8325	241.4	712.6	0.2642	0.1628	0.6161	-1907.046376	
Solyc04g080570.2.1	Solyc02g062600.2.1	1.4248	183.9	566.1	0.0814	0.1260	1.5489	-1527.699098	
Solyc02g085040.2.1	Solyc02g062600.2.1	0.6024	196.2	553.8	0.1360	0.0755	0.5547	-1385.087520	
Solyc02g084980.2.1	Solyc02g062590.2.1	1.2943	222.0	729.0	0.0912	0.1297	1.4223	-1892.023346	
Solyc02g084970.2.1	Solyc02g062570.2.1	1.3599	175.6	457.4	0.2867	0.2682	0.9354	-1372.739299	
Solyc04g080680.2.1	Solyc02g062550.2.1	50.0000	270.0	804.0	0.0049	0.3227	65.3269	-2425.482980	
Solyc02g084900.2.1	Solyc02g062550.2.1	4.9500	325.0	1031.0	0.0724	0.4055	5.5975	-3189.871952	
Solyc02g084780.2.1	Solyc02g062510.2.1	0.9331	241.9	703.1	0.1166	0.1058	0.9075	-1855.439147	
Solyc02g062690.2.1	Solyc03g034000.2.1	2.7590	140.5	567.5	0.2760	0.6048	2.1914	-1736.259864	
Solyc02g085140.2.1	Solyc03g034020.2.1	1.0369	110.7	306.3	0.4194	0.2528	0.6028	-879.860083	
Solyc02g085130.2.1	Solyc03g033980.2.1	0.6906	313.8	841.2	0.1768	0.1017	0.5748	-2220.718599	
Solyc02g062670.2.1	Solyc03g033980.2.1	0.6997	308.2	846.8	0.1593	0.0968	0.6079	-2224.270289	
Solyc04g080550.2.1	Solyc03g033970.1.1	3.2618	218.2	690.8	0.0668	0.2497	3.7387	-1968.702357	
Solyc04g080640.1.1	Solyc03g033860.1.1	4.2196	174.4	518.6	0.2276	0.7587	3.3334	-1752.901263	
Solyc02g084960.1.1	Solyc03g033860.1.1	1.5581	178.0	515.0	0.2793	0.3124	1.1184	-1561.596706	
Solyc02g084780.2.1	Solyc03g033690.1.1	1.2635	219.0	726.0	0.1503	0.1823	1.2132	-1992.179062	
Solyc02g062510.2.1	Solyc03g033690.1.1	1.0544	220.6	724.4	0.1676	0.1628	0.9711	-1930.588144	
Solyc12g089020.1.1	Solyc12g006840.1.1	50.0000	199.0	644.0	0.0128	0.8707	67.7983	-2162.305156	
Solyc01g109530.2.1	Solyc12g006840.1.1	50.0000	210.0	897.0	0.0100	0.8437	84.2406	-2821.391224	
Solyc12g089060.1.1	Solyc12g006880.1.1	50.0000	140.8	459.2	0.0073	0.5049	69.3661	-1487.543783	
Solyc04g080030.2.1	Solyc12g006880.1.1	39.7397	133.0	455.0	0.0091	0.5165	56.7884	-1458.963523	
Solyc02g085430.2.1	Solyc12g007110.1.1	16.7038	269.5	846.5	0.0132	0.2931	22.1334	-2552.857009	
Solyc02g085380.2.1	Solyc12g007130.1.1	4.4519	184.7	556.3	0.0404	0.2143	5.3082	-1633.845634	
Solyc12g089160.1.1	Solyc12g008400.1.1	8.1481	254.7	1041.3	0.0796	0.8301	10.4279	-3308.085928	
Solyc01g109650.2.1	Solyc12g008400.1.1	25.5082	296.7	1029.3	0.0248	0.8670	34.9970	-3434.875686	
Solyc04g080530.2.1	Solyc12g008530.1.1	4.0911	172.4	769.6	0.1046	0.5312	5.0802	-2258.169350	
Solyc01g109740.2.1	Solyc12g008530.1.1	3.9594	192.1	746.9	0.1091	0.4941	4.5304	-2252.993543	
Solyc12g088910.1.1	Solyc02g090620.2.1	4.2562	201.3	806.7	0.0492	0.2919	5.9338	-2273.856689	
Solyc01g108510.2.1	Solyc02g090620.2.1	2.1903	246.4	770.6	0.1055	0.2391	2.2660	-2225.353613	
Solyc12g088940.1.1	Solyc02g090430.2.1	2.8035	173.9	630.1	0.0571	0.2043	3.5801	-1755.942316	
Solyc04g079400.2.1	Solyc02g090430.2.1	2.5078	180.0	627.0	0.0682	0.2066	3.0277	-1765.465990	
Solyc04g079420.2.1	Solyc02g090380.2.1	9.6275	106.0	314.0	0.1069	1.0326	9.6565	-1084.779584	
Solyc12g088970.1.1	Solyc02g090290.2.1	8.9981	305.1	1056.9	0.0709	0.7618	10.7510	-3478.846305	
Solyc04g079640.2.1	Solyc02g090290.2.1	6.4869	336.2	1022.8	0.1252	0.7927	6.3289	-3478.140163	
Solyc04g079690.2.1	Solyc02g090110.2.1	6.3063	254.0	835.0	0.1546	0.9238	5.9749	-2843.112965	
Solyc01g109270.2.1	Solyc02g089980.2.1	3.1464	332.4	1065.6	0.1204	0.3832	3.1825	-3307.400142	
Solyc01g109340.2.1	Solyc02g089870.1.1	3.4646	131.4	486.6	0.1000	0.3963	3.9629	-1463.809333	
Solyc04g079910.2.1	Solyc02g089840.2.1	9.7288	153.3	449.7	0.0701	0.7415	10.5794	-1551.256428	
Solyc12g089020.1.1	Solyc02g089750.2.1	50.0000	119.1	339.9	0.0131	0.8126	61.9163	-1175.057560	
Solyc01g109530.2.1	Solyc02g089750.2.1	50.0000	111.0	384.0	0.0032	0.2358	73.5025	-1093.408847	
Solyc01g108180.2.1	Solyc02g090240.2.1	50.0000	258.4	1034.6	0.0147	1.1542	78.7703	-3400.472997	
Solyc01g108280.2.1	Solyc02g090390.2.1	1.6597	180.3	626.7	0.0338	0.0749	2.2157	-1544.621631	
Solyc01g108300.2.1	Solyc02g090400.2.1	3.8826	203.0	790.0	0.0945	0.4375	4.6287	-2344.305716	
Solyc01g108320.2.1	Solyc02g090450.2.1	2.9766	223.0	719.0	0.0823	0.2727	3.3128	-2123.532372	
Solyc01g108340.2.1	Solyc02g090480.2.1	1.9887	102.5	377.5	0.0461	0.1223	2.6538	-944.176818	
Solyc12g088970.1.1	Solyc02g065190.2.1	8.0670	300.0	1047.0	0.0850	0.7916	9.3115	-3443.772582	
Solyc04g079640.2.1	Solyc02g065190.2.1	9.5549	336.5	1007.5	0.0708	0.7430	10.4966	-3417.810107	
Solyc01g109170.2.1	Solyc02g065380.2.1	2.7546	147.9	392.1	0.0858	0.2343	2.7319	-1180.076358	
Solyc01g109270.2.1	Solyc02g065480.2.1	2.7891	341.5	1158.5	0.2046	0.4932	2.4104	-3645.411763	
Solyc04g079830.2.1	Solyc02g065490.2.1	4.3254	319.8	1174.2	0.1309	0.5954	4.5495	-3672.891568	
Solyc04g079860.1.1	Solyc02g065530.2.1	2.6735	218.6	771.4	0.0487	0.1678	3.4434	-2080.847826	
Solyc04g079910.2.1	Solyc02g065550.2.1	50.0000	227.1	642.9	0.0072	0.4524	62.5731	-2115.266203	
Solyc12g088750.1.1	Solyc02g082310.1.1	50.0000	203.2	600.8	0.0221	1.3649	61.9020	-2121.146835	
Solyc04g078700.2.1	Solyc02g082310.1.1	50.0000	199.9	604.1	0.0193	1.2198	63.3367	-2127.467294	
Solyc01g108000.2.1	Solyc02g082310.1.1	50.0000	201.8	602.2	0.0204	1.2796	62.5951	-2134.656025	
Solyc01g108180.2.1	Solyc02g082160.1.1	50.0000	251.6	1053.4	0.0133	1.0892	81.8977	-3378.999395	
Solyc01g108320.2.1	Solyc02g082090.2.1	50.0000	210.7	713.3	0.0081	0.5781	71.1239	-2298.303289	
Solyc04g079090.2.1	Solyc02g081900.2.1	6.8755	151.2	568.8	0.1942	1.2248	6.3064	-1889.872567	
Solyc01g108410.1.1	Solyc02g081860.1.1	11.6205	301.2	1078.8	0.0555	0.8218	14.8023	-3502.502064	
Solyc12g088130.1.1	Solyc02g091690.2.1	3.0387	154.8	733.2	0.1282	0.4634	3.6151	-2077.651484	
Solyc04g076820.1.1	Solyc02g091670.1.1	50.0000	169.6	604.4	0.0080	0.5898	73.9588	-1947.395257	
Solyc04g076860.2.1	Solyc02g091710.2.1	2.5768	514.9	1573.1	0.1154	0.2971	2.5753	-4823.041293	
Solyc04g076980.2.1	Solyc02g091840.2.1	50.0000	127.7	526.3	0.0105	0.8594	81.7833	-1685.982245	
Solyc12g088180.1.1	Solyc02g091870.2.1	4.9364	158.6	495.4	0.0108	0.0711	6.5642	-1243.630771	
Solyc04g077020.2.1	Solyc02g091870.2.1	5.3669	342.0	975.0	0.0054	0.0364	6.7861	-2410.817783	
Solyc04g077220.2.1	Solyc02g091930.2.1	3.6310	135.3	539.7	0.1168	0.4811	4.1179	-1611.157206	
Solyc12g088220.1.1	Solyc02g091970.2.1	12.3018	209.9	867.1	0.0150	0.2970	19.8092	-2413.356538	
Solyc04g077240.2.1	Solyc02g091970.2.1	10.4469	164.3	606.7	0.0186	0.2838	15.2907	-1729.664399	
Solyc04g077410.2.1	Solyc02g091990.2.1	25.7564	313.0	980.0	0.0055	0.1912	34.8699	-2745.953846	
Solyc04g077420.2.1	Solyc02g092000.2.1	3.1398	186.7	581.3	0.0601	0.2178	3.6273	-1690.961130	
Solyc04g077490.2.1	Solyc02g092050.2.1	5.2372	224.5	894.5	0.0425	0.3163	7.4409	-2567.058127	
Solyc04g077510.2.1	Solyc02g092070.2.1	2.7871	265.3	772.7	0.2324	0.5038	2.1681	-2553.533849	
Solyc04g077590.2.1	Solyc02g092140.1.1	5.6626	206.4	786.6	0.0446	0.3460	7.7609	-2235.107363	
Solyc04g077600.2.1	Solyc02g092160.2.1	3.6798	283.6	853.4	0.1645	0.5411	3.2897	-2740.078041	
Solyc04g076820.1.1	Solyc01g106320.2.1	3.3959	214.5	814.5	0.1322	0.4779	3.6154	-2485.770933	
Solyc02g091670.1.1	Solyc01g106320.2.1	50.0000	171.5	602.5	0.0090	0.6558	72.9148	-1962.118238	
Solyc04g076870.2.1	Solyc01g106390.2.1	3.4335	80.3	273.7	0.0462	0.2014	4.3606	-767.846718	
Solyc02g091800.2.1	Solyc01g106460.2.1	50.0000	132.7	527.3	0.0061	0.4973	80.9353	-1568.333404	
Solyc04g076980.2.1	Solyc01g106500.2.1	50.0000	131.0	529.0	0.0091	0.7354	80.9944	-1671.577612	
Solyc02g091840.2.1	Solyc01g106500.2.1	50.0000	198.6	788.4	0.0097	0.7724	79.7628	-2535.099644	
Solyc12g088190.1.1	Solyc01g106800.2.1	2.8530	338.8	1014.2	0.0709	0.2222	3.1328	-2940.214086	
Solyc04g077050.2.1	Solyc01g106800.2.1	2.3822	356.1	996.9	0.0901	0.2171	2.4096	-2943.189422	
Solyc04g077140.2.1	Solyc01g106690.2.1	3.3371	317.6	888.4	0.0926	0.3108	3.3551	-2817.745411	
Solyc02g091920.2.1	Solyc01g106650.2.1	9.8632	181.6	640.4	0.0369	0.4856	13.1684	-1986.828502	
Solyc01g106400.2.1	Solyc10g047930.1.1	0.9120	96.0	336.0	0.1752	0.1486	0.8481	-881.134018	
Solyc01g106430.2.1	Solyc10g047950.1.1	0.6270	198.5	665.5	0.1179	0.0769	0.6519	-1594.260975	
Solyc01g106570.2.1	Solyc10g048010.1.1	0.8363	284.8	930.2	0.2169	0.1510	0.6961	-2447.113848	
Solyc01g106600.2.1	Solyc10g048020.1.1	50.0000	70.0	257.0	0.0051	0.3932	76.4580	-784.650343	
Solyc04g077140.2.1	Solyc10g048070.1.1	2.9994	225.5	683.5	0.1364	0.3890	2.8513	-2170.712370	
Solyc01g106690.2.1	Solyc10g048070.1.1	1.6995	214.9	694.1	0.1873	0.2797	1.4930	-2018.457364	
Solyc04g076980.2.1	Solyc03g093330.2.1	50.0000	136.7	523.3	0.0117	0.8994	77.0345	-1698.707481	
Solyc02g091840.2.1	Solyc03g093330.2.1	21.1848	288.9	1043.1	0.0163	0.5022	30.7484	-3281.796327	
Solyc01g106500.2.1	Solyc03g093330.2.1	50.0000	197.0	796.0	0.0103	0.8313	80.6513	-2560.390808	
Solyc01g106670.1.1	Solyc03g093100.1.1	50.0000	85.4	334.6	0.0052	0.4192	80.3638	-981.962954	
Solyc02g091920.2.1	Solyc03g093080.2.1	38.0602	196.6	616.4	0.0084	0.4284	51.1244	-1941.498108	
Solyc01g106650.2.1	Solyc03g093080.2.1	6.2004	176.1	639.9	0.0716	0.5440	7.5995	-1962.604398	
Solyc02g091780.1.1	Solyc08g079710.2.1	10.1688	423.2	1637.8	0.1051	1.2330	11.7359	-5403.045456	
Solyc04g076950.2.1	Solyc08g079730.1.1	50.0000	315.9	1079.1	0.0093	0.6651	71.3283	-3453.197352	
Solyc04g076980.2.1	Solyc08g079740.2.1	8.1232	130.7	532.3	0.0881	0.8902	10.1070	-1703.636655	
Solyc02g091840.2.1	Solyc08g079740.2.1	8.6539	289.3	1045.7	0.0653	0.7029	10.7700	-3405.123627	
Solyc04g077210.2.1	Solyc08g080120.2.1	50.0000	165.5	662.5	0.0112	0.8919	79.8053	-2106.493978	
Solyc12g087890.1.1	Solyc01g105690.2.1	2.9702	119.7	543.3	0.1779	0.5397	3.0342	-1602.855028	
Solyc12g087930.1.1	Solyc01g105720.2.1	6.1256	226.3	823.7	0.0611	0.4735	7.7520	-2433.252721	
Solyc04g076530.2.1	Solyc01g106030.2.1	3.8690	179.4	627.6	0.1158	0.4781	4.1299	-1958.380966	
Solyc04g076750.1.1	Solyc01g106200.1.1	2.1618	143.3	429.7	0.0988	0.2196	2.2230	-1258.880686	
Solyc04g076820.1.1	Solyc01g106320.2.1	3.3959	214.5	814.5	0.1322	0.4779	3.6154	-2485.770933	
Solyc04g076870.2.1	Solyc01g106390.2.1	3.4335	80.3	273.7	0.0462	0.2014	4.3606	-767.846718	
Solyc04g076980.2.1	Solyc01g106500.2.1	50.0000	131.0	529.0	0.0091	0.7354	80.9944	-1671.577612	
Solyc04g076270.1.1	Solyc11g010540.1.1	50.0000	155.9	624.1	0.0080	0.6440	80.8035	-1946.048430	
Solyc12g087830.1.1	Solyc11g010570.1.1	6.2163	119.9	471.1	0.1261	0.8611	6.8310	-1485.536855	
Solyc04g076280.2.1	Solyc11g010570.1.1	3.4151	105.9	398.1	0.2099	0.6357	3.0289	-1225.337950	
Solyc04g076290.2.1	Solyc11g010600.1.1	2.0317	304.4	955.6	0.0867	0.1910	2.2037	-2735.982094	
Solyc04g076300.2.1	Solyc11g010610.1.1	2.6506	502.9	1576.1	0.1139	0.3066	2.6917	-4788.934122	
Solyc12g087910.1.1	Solyc11g010700.1.1	50.0000	110.8	336.2	0.0178	1.1351	63.8120	-1154.049767	
Solyc04g076450.1.1	Solyc11g011020.1.1	6.3326	217.1	808.9	0.2928	1.3969	4.7708	-2719.562210	
Solyc12g088050.1.1	Solyc11g011270.1.1	4.0485	181.3	676.7	0.0819	0.4006	4.8914	-1981.572819	
Solyc04g076630.2.1	Solyc11g011270.1.1	7.1937	184.8	673.2	0.0418	0.4035	9.6626	-2004.308006	
Solyc12g088750.1.1	Solyc11g044460.1.1	43.8266	223.7	883.3	0.0105	0.7301	69.4110	-2803.709157	
Solyc04g078700.2.1	Solyc11g044460.1.1	50.0000	226.5	880.5	0.0096	0.7566	78.5007	-2815.698584	
Solyc04g078840.2.1	Solyc11g044560.1.1	2.9500	191.2	720.8	0.0873	0.3079	3.5288	-2094.325623	
Solyc12g087840.1.1	Solyc11g010330.1.1	3.3982	103.8	403.2	0.2145	0.6475	3.0183	-1253.616229	
Solyc12g087850.1.1	Solyc11g010340.1.1	50.0000	117.2	347.8	0.0067	0.4334	64.8275	-1101.331638	
Solyc12g087900.1.1	Solyc11g010460.1.1	1.8299	151.6	622.4	0.2814	0.4066	1.4449	-1764.118562	
Solyc04g076350.1.1	Solyc11g010630.2.1	4.6413	600.1	2042.9	0.1101	0.5458	4.9556	-6351.036351	
Solyc12g087840.1.1	Solyc04g014220.1.1	3.4625	97.6	409.4	0.2428	0.7211	2.9706	-1246.015001	
Solyc11g010330.1.1	Solyc04g014220.1.1	1.6461	73.2	439.8	0.1491	0.3025	2.0291	-1119.973035	
Solyc11g010360.1.1	Solyc04g014230.1.1	1.4195	141.4	485.6	0.1316	0.1902	1.4451	-1342.597142	
Solyc11g010440.1.1	Solyc04g014250.2.1	1.0196	164.6	471.4	0.1762	0.1538	0.8726	-1282.224851	
Solyc11g010450.1.1	Solyc04g014270.2.1	0.5265	308.5	1014.5	0.0877	0.0512	0.5841	-2337.596986	
Solyc04g076350.1.1	Solyc04g014380.2.1	6.0805	581.3	1947.7	0.0817	0.5653	6.9233	-6121.460402	
Solyc11g010630.2.1	Solyc04g014380.2.1	1.1697	573.4	1970.6	0.2844	0.2488	0.8748	-5352.180832	
Solyc12g089040.1.1	Solyc02g063010.2.1	3.3934	220.7	670.3	0.0580	0.2250	3.8826	-1963.869598	
Solyc04g079980.2.1	Solyc02g063010.2.1	3.6306	216.9	674.1	0.0530	0.2262	4.2684	-1971.959293	
Solyc04g080010.2.1	Solyc02g062990.1.1	50.0000	166.4	502.6	0.0123	0.7953	64.6220	-1711.312358	
Solyc04g080130.2.1	Solyc02g062940.2.1	5.5755	268.5	940.5	0.0698	0.4693	6.7255	-2947.964030	
Solyc12g087910.1.1	Solyc08g075330.1.1	3.6774	100.1	382.9	0.2721	0.7885	2.8975	-1209.447061	
Solyc04g076330.1.1	Solyc08g075350.1.1	8.3791	296.4	1101.6	0.0680	0.7151	10.5172	-3546.860239	
Solyc04g076450.1.1	Solyc08g075590.1.1	10.7106	260.4	879.6	0.1320	1.4271	10.8094	-3027.831680	
Solyc12g088460.1.1	Solyc10g018150.1.1	50.0000	310.7	1036.3	0.0095	0.6654	70.0479	-3392.349095	
Solyc04g078270.2.1	Solyc10g018150.1.1	50.0000	306.6	1037.4	0.0093	0.6605	70.8351	-3378.799376	
Solyc09g009380.2.1	Solyc10g083500.1.1	0.6196	346.8	1000.2	0.0820	0.0532	0.6486	-2469.529169	
Solyc09g009430.2.1	Solyc10g083490.1.1	0.4772	319.7	928.3	0.1062	0.0504	0.4746	-2198.077413	
Solyc09g009470.1.1	Solyc10g083480.1.1	0.6223	314.4	942.6	0.0925	0.0600	0.6492	-2275.455782	
Solyc09g009590.1.1	Solyc10g083460.1.1	2.1879	108.2	308.8	0.1690	0.3205	1.8963	-931.799575	
Solyc09g009690.2.1	Solyc10g083430.1.1	1.0625	119.6	342.4	0.1909	0.1689	0.8848	-950.605010	
Solyc09g009770.2.1	Solyc10g083360.1.1	1.3037	299.3	1026.7	0.2383	0.2524	1.0593	-2918.267387	
Solyc09g009840.1.1	Solyc10g083330.1.1	1.2375	134.1	396.9	0.1699	0.1847	1.0870	-1125.924724	
Solyc09g009200.1.1	Solyc10g083510.1.1	1.6139	213.3	677.7	0.3328	0.3635	1.0923	-2050.721213	
Solyc09g009210.2.1	Solyc10g083520.1.1	0.6221	96.9	401.1	0.1052	0.0781	0.7421	-902.548856	
Solyc09g009220.2.1	Solyc10g083530.1.1	1.6478	230.9	894.1	0.1423	0.2455	1.7256	-2435.470617	
Solyc09g009260.2.1	Solyc10g083570.1.1	0.7591	277.4	784.6	0.0446	0.0384	0.8603	-1881.364512	
Solyc09g008010.2.1	Solyc10g084110.1.1	50.0000	215.3	792.7	0.0098	0.7344	75.3171	-2572.403183	
Solyc09g008070.2.1	Solyc10g084050.1.1	0.6461	317.5	954.5	0.0182	0.0149	0.8179	-2155.449090	
Solyc09g008280.1.1	Solyc10g083970.1.1	0.4322	304.1	865.9	0.0404	0.0201	0.4970	-1941.590046	
Solyc09g008310.2.1	Solyc10g083960.1.1	0.7580	363.5	1130.5	0.1366	0.0995	0.7288	-2858.102544	
Solyc09g008370.1.1	Solyc10g083940.1.1	1.2479	409.7	1186.3	0.1233	0.1472	1.1941	-3250.890387	
Solyc09g008400.2.1	Solyc10g083920.1.1	0.9934	323.2	1089.8	0.1075	0.1143	1.0626	-2773.883641	
Solyc09g008410.2.1	Solyc10g083930.1.1	0.7252	168.5	521.5	0.1652	0.1082	0.6551	-1305.353949	
Solyc09g008420.2.1	Solyc10g083890.1.1	1.8623	151.1	607.9	0.1719	0.3169	1.8437	-1648.118697	
Solyc09g008450.2.1	Solyc10g083870.1.1	0.9886	152.3	450.7	0.4180	0.2438	0.5832	-1279.403679	
Solyc09g008510.1.1	Solyc10g083860.1.1	2.7677	261.4	968.6	0.1516	0.4215	2.7796	-2889.742367	
Solyc09g008520.2.1	Solyc10g083800.1.1	0.9289	543.0	1803.0	0.2172	0.1688	0.7773	-4810.472448	
Solyc09g008670.2.1	Solyc10g083760.1.1	2.1548	420.7	1340.3	0.2283	0.3974	1.7405	-4109.422059	
Solyc09g008720.1.1	Solyc10g083750.1.1	5.3429	226.3	757.7	0.0292	0.2061	7.0533	-2115.101984	
Solyc09g008820.2.1	Solyc10g083730.1.1	1.0022	206.6	630.4	0.1050	0.1076	1.0249	-1663.179607	
Solyc09g008840.2.1	Solyc10g083720.1.1	0.5899	364.6	1147.4	0.0868	0.0556	0.6404	-2705.691942	
Solyc09g098620.1.1	Solyc10g083690.2.1	50.0000	336.9	1016.1	0.0075	0.4930	65.4405	-3288.329023	
Solyc09g009010.2.1	Solyc10g083670.1.1	0.7133	232.2	649.8	0.0766	0.0570	0.7437	-1613.068871	
Solyc09g009080.2.1	Solyc10g083630.1.1	0.5246	143.2	345.8	0.1808	0.0751	0.4156	-888.489480	
Solyc09g009090.2.1	Solyc10g083610.1.1	0.5384	201.5	677.5	0.1421	0.0753	0.5297	-1596.693908	
Solyc09g009120.2.1	Solyc10g083590.1.1	1.1027	594.7	1886.3	0.3605	0.2579	0.7154	-5329.404415	
Solyc09g009240.1.1	Solyc10g083560.1.1	2.0960	123.0	378.0	0.1454	0.2860	1.9664	-1141.276145	
Solyc09g005720.2.1	Solyc10g084610.1.1	0.9871	113.1	339.9	0.0635	0.0703	1.1065	-831.266193	
Solyc09g005860.2.1	Solyc10g084550.1.1	35.5987	358.5	1192.5	0.0110	0.5450	49.5291	-3810.331876	
Solyc09g005910.2.1	Solyc10g084540.1.1	50.0000	272.9	1050.1	0.0260	1.9127	73.4291	-3508.211958	
Solyc09g005960.2.1	Solyc10g084500.1.1	1.1978	158.8	504.2	0.2458	0.2301	0.9363	-1424.525005	
Solyc09g007060.2.1	Solyc10g084430.1.1	1.3069	234.4	596.6	0.3376	0.2805	0.8307	-1824.971672	
Solyc09g007080.2.1	Solyc10g084410.1.1	0.9746	260.9	828.1	0.1287	0.1239	0.9627	-2174.459555	
Solyc09g007150.2.1	Solyc10g084400.1.1	0.9436	161.0	541.0	0.1588	0.1420	0.8941	-1407.448940	
Solyc09g007250.2.1	Solyc10g084350.1.1	0.8198	120.9	494.1	0.0351	0.0426	1.2156	-1115.038896	
Solyc09g007260.2.1	Solyc10g084340.1.1	1.1041	245.2	804.8	0.2275	0.2053	0.9024	-2239.735110	
Solyc09g007360.2.1	Solyc10g084290.1.1	0.9854	440.3	1311.7	0.2410	0.1834	0.7607	-3578.428511	
Solyc09g007410.2.1	Solyc10g084280.1.1	0.7955	252.4	689.6	0.1204	0.0897	0.7446	-1796.932100	
Solyc09g007490.2.1	Solyc10g084260.1.1	0.9635	190.3	532.7	0.2390	0.1747	0.7311	-1506.837932	
Solyc09g007520.2.1	Solyc10g084240.1.1	1.0601	178.1	748.9	0.1759	0.1860	1.0575	-1920.070374	
Solyc09g007550.2.1	Solyc10g084180.1.1	1.8331	243.1	962.9	0.1642	0.3016	1.8367	-2680.182158	
Solyc09g007700.2.1	Solyc10g084100.1.1	0.8514	187.1	619.9	0.1255	0.1085	0.8646	-1590.409005	
Solyc09g007730.2.1	Solyc10g084110.1.1	1.1926	224.4	783.6	0.2583	0.2425	0.9390	-2165.707384	
Solyc09g007760.2.1	Solyc10g084120.1.1	2.9443	174.2	641.8	0.0222	0.0942	4.2501	-1564.327525	
Solyc09g007830.2.1	Solyc10g084150.1.1	0.4286	150.1	473.9	0.0570	0.0287	0.5033	-1060.128007	
Solyc09g008370.1.1	Solyc11g008180.1.1	50.0000	171.4	704.6	0.0046	0.3806	83.6118	-1994.232473	
Solyc10g083940.1.1	Solyc11g008180.1.1	50.0000	180.6	680.4	0.0048	0.3732	78.0665	-1974.287870	
Solyc09g008380.2.1	Solyc11g008140.1.1	2.4473	274.0	923.0	0.0715	0.2053	2.8719	-2609.749904	
Solyc09g008460.2.1	Solyc11g008020.1.1	5.4635	141.3	443.7	0.0247	0.1731	6.9975	-1243.889806	
Solyc09g008530.1.1	Solyc11g007900.1.1	4.4764	894.0	2928.0	0.1727	0.7037	4.0744	-9426.195889	
Solyc09g008560.2.1	Solyc11g007890.1.1	1.9071	165.0	678.0	0.0799	0.1953	2.4454	-1757.375159	
Solyc09g008840.2.1	Solyc11g007690.1.1	2.1625	341.1	1065.9	0.0435	0.1139	2.6174	-2844.762467	
Solyc10g083720.1.1	Solyc11g007690.1.1	2.2534	343.4	1063.6	0.0385	0.1058	2.7499	-2820.040325	
Solyc09g008930.2.1	Solyc11g007660.1.1	2.9637	277.5	967.5	0.1727	0.4778	2.7665	-2988.756801	
Solyc09g009010.2.1	Solyc11g007600.1.1	2.6919	230.7	651.3	0.0642	0.1865	2.9039	-1877.105282	
Solyc10g083670.1.1	Solyc11g007600.1.1	2.6024	396.7	1163.3	0.0696	0.1972	2.8326	-3333.912914	
Solyc09g009080.2.1	Solyc11g007580.1.1	2.1466	115.9	373.1	0.0359	0.0972	2.7061	-978.023138	
Solyc10g083630.1.1	Solyc11g007580.1.1	50.0000	125.3	363.7	0.0020	0.1322	64.6499	-1005.393925	
Solyc09g008510.1.1	Solyc10g085860.1.1	3.0141	263.3	975.7	0.1383	0.4322	3.1259	-2913.565538	
Solyc10g083860.1.1	Solyc10g085860.1.1	5.5728	283.5	955.5	0.0581	0.3943	6.7902	-2926.525119	
Solyc10g083780.1.1	Solyc10g085810.1.1	1.0786	179.6	504.4	0.2337	0.1932	0.8266	-1435.840395	
Solyc09g008600.2.1	Solyc10g085760.1.1	1.5503	132.1	416.9	0.2242	0.2820	1.2578	-1223.108765	
Solyc09g008620.1.1	Solyc10g085750.1.1	1.0728	342.6	1076.4	0.3061	0.2311	0.7549	-3037.234227	
Solyc09g008690.1.1	Solyc10g085740.1.1	1.2558	134.2	531.8	0.2123	0.2395	1.1281	-1453.332545	
Solyc09g008720.1.1	Solyc10g085730.1.1	3.2020	235.5	748.5	0.0525	0.2008	3.8209	-2130.566039	
Solyc10g083750.1.1	Solyc10g085730.1.1	2.7623	246.7	1007.3	0.0841	0.2929	3.4845	-2792.248177	
Solyc09g008790.2.1	Solyc10g085720.1.1	0.6642	254.7	912.3	0.1205	0.0854	0.7085	-2170.515257	
Solyc09g008820.2.1	Solyc10g085490.1.1	0.8612	209.2	627.8	0.0846	0.0775	0.9161	-1593.728126	
Solyc10g083730.1.1	Solyc10g085490.1.1	0.8948	215.5	621.5	0.1636	0.1288	0.7871	-1677.083591	
Solyc09g098620.1.1	Solyc10g085500.1.1	50.0000	344.0	1021.0	0.0068	0.4378	64.8380	-3278.771295	
Solyc10g083690.2.1	Solyc10g085500.1.1	2.6623	331.0	1028.0	0.1038	0.2861	2.7548	-3084.903730	
Solyc09g009020.2.1	Solyc10g085550.1.1	0.5550	342.0	936.0	0.0411	0.0255	0.6215	-2162.823868	
Solyc09g009030.2.1	Solyc10g085560.1.1	0.7275	158.0	601.0	0.1991	0.1320	0.6630	-1445.288334	
Solyc09g008370.1.1	Solyc05g055540.1.1	3.8741	367.7	1207.3	0.0462	0.2219	4.8034	-3416.920837	
Solyc10g083940.1.1	Solyc05g055540.1.1	2.9438	374.5	1185.5	0.0785	0.2570	3.2740	-3440.890529	
Solyc11g008180.1.1	Solyc05g055540.1.1	50.0000	154.4	697.6	0.0036	0.3246	90.5016	-1894.862063	
Solyc09g008400.2.1	Solyc05g055530.2.1	3.9018	146.4	477.6	0.0776	0.3435	4.4243	-1417.605029	
Solyc10g083920.1.1	Solyc05g055530.2.1	9.7582	145.4	481.6	0.0249	0.3228	12.9554	-1427.477781	
Solyc09g008440.1.1	Solyc05g055500.1.1	8.2846	141.9	650.1	0.0474	0.6003	12.6599	-1945.354912	
Solyc11g008030.1.1	Solyc05g055490.1.1	2.6433	332.9	1245.1	0.0778	0.2517	3.2350	-3480.705687	
Solyc11g008000.1.1	Solyc05g055470.2.1	1.0405	193.8	643.2	0.3068	0.2277	0.7422	-1748.240779	
Solyc11g008000.1.1	Solyc11g005920.1.1	3.7729	151.7	670.3	0.1630	0.6456	3.9608	-2055.074796	
Solyc10g083810.1.1	Solyc11g005750.1.1	3.9411	129.3	497.7	0.3616	0.9631	2.6637	-1583.789137	
Solyc09g008640.1.1	Solyc11g006040.1.1	7.9729	254.2	822.8	0.0879	0.7708	8.7653	-2792.383149	
Solyc09g008690.1.1	Solyc11g006250.1.1	4.5747	134.8	522.2	0.2057	0.8507	4.1364	-1685.461012	
Solyc11g007760.1.1	Solyc11g006370.1.1	50.0000	167.5	645.5	0.0102	0.7920	77.8652	-2065.586807	
Solyc09g098620.1.1	Solyc11g006590.1.1	50.0000	295.7	1063.3	0.0101	0.7487	73.8940	-3410.432175	
Solyc10g083690.2.1	Solyc11g006590.1.1	50.0000	290.4	1068.6	0.0089	0.6727	75.5272	-3383.501133	
Solyc09g008380.2.1	Solyc04g010230.2.1	50.0000	203.7	756.3	0.0093	0.7039	75.9448	-2452.363334	
Solyc11g008140.1.1	Solyc04g010230.2.1	50.0000	199.5	760.5	0.0092	0.7119	77.5012	-2461.007538	
Solyc09g008560.2.1	Solyc04g009850.2.1	4.9759	160.9	682.1	0.1302	0.7291	5.5999	-2100.579808	
Solyc11g007890.1.1	Solyc04g009850.2.1	9.0304	165.8	677.2	0.0637	0.7741	12.1440	-2104.111675	
Solyc10g083770.1.1	Solyc04g009810.2.1	8.3021	221.0	772.0	0.0531	0.5565	10.4889	-2382.456458	
Solyc11g007760.1.1	Solyc04g009800.2.1	15.4090	169.0	644.0	0.0386	0.8308	21.5461	-2067.140971	
Solyc09g008860.2.1	Solyc04g009640.2.1	50.0000	269.4	948.6	0.0096	0.7022	72.8761	-3106.471494	
Solyc11g008090.1.1	Solyc11g066350.1.1	5.3464	169.1	622.9	0.0763	0.4969	6.5167	-1915.064570	
Solyc11g008080.1.1	Solyc11g066360.1.1	4.5054	132.7	494.3	0.0638	0.3657	5.7342	-1440.348371	
Solyc09g008440.1.1	Solyc11g066400.1.1	3.7878	139.1	589.9	0.1121	0.5027	4.4856	-1752.100908	
Solyc09g008600.2.1	Solyc11g066620.1.1	2.2074	137.7	420.3	0.1100	0.2456	2.2326	-1251.998470	
Solyc09g007650.1.1	Solyc11g069250.1.1	7.1274	172.1	499.9	0.0444	0.3649	8.2181	-1575.086566	
Solyc09g007760.2.1	Solyc11g069430.1.1	3.6300	213.5	602.5	0.0393	0.1637	4.1620	-1696.557223	
Solyc10g084120.1.1	Solyc11g069430.1.1	4.9964	204.4	611.6	0.0231	0.1435	6.2208	-1652.552755	
Solyc09g007790.1.1	Solyc11g069450.1.1	10.7100	89.8	324.2	0.0284	0.4236	14.9296	-963.558665	
Solyc09g007810.2.1	Solyc11g069500.1.1	2.9301	435.6	1370.4	0.0786	0.2553	3.2464	-4078.949339	
Solyc09g007830.2.1	Solyc11g069570.1.1	1.5980	153.4	470.6	0.0551	0.1021	1.8534	-1225.870822	
Solyc10g084150.1.1	Solyc11g069570.1.1	2.6337	149.5	474.5	0.0324	0.1077	3.3215	-1240.576586	
Solyc09g007840.2.1	Solyc11g069580.1.1	3.0714	474.8	1487.2	0.0751	0.2572	3.4251	-4427.206684	
Solyc09g008000.2.1	Solyc11g069820.1.1	1.9340	426.8	1307.2	0.1265	0.2388	1.8878	-3835.993638	
Solyc09g008020.2.1	Solyc11g069810.1.1	1.7950	125.8	501.2	0.0680	0.1595	2.3471	-1293.668924	
Solyc09g008070.2.1	Solyc11g069720.1.1	1.7312	281.4	990.6	0.0103	0.0259	2.5173	-2271.741507	
Solyc10g084050.1.1	Solyc11g069720.1.1	2.6182	276.5	995.5	0.0044	0.0174	3.9526	-2241.548914	
Solyc11g069400.1.1	Solyc06g075210.2.1	1.1341	412.4	1192.6	0.2301	0.2033	0.8834	-3332.409516	
Solyc11g069440.1.1	Solyc06g075180.1.1	0.5743	65.0	256.0	0.0133	0.0119	0.8986	-520.666280	
Solyc09g007790.1.1	Solyc06g075170.1.1	50.0000	92.7	321.3	0.0056	0.4100	72.9747	-971.892259	
Solyc11g069450.1.1	Solyc06g075170.1.1	1.2826	93.1	314.9	0.0948	0.1345	1.4186	-826.669611	
Solyc11g069490.1.1	Solyc06g075160.2.1	0.7098	611.1	1875.9	0.1620	0.1042	0.6431	-4738.244736	
Solyc09g007810.2.1	Solyc06g075150.2.1	2.8436	440.4	1368.6	0.1107	0.3206	2.8972	-4200.312361	
Solyc11g069500.1.1	Solyc06g075150.2.1	1.1533	446.1	1353.9	0.2504	0.2207	0.8813	-3866.094813	
Solyc11g069510.1.1	Solyc06g075140.2.1	2.4049	154.7	490.3	0.2730	0.4892	1.7921	-1568.034640	
Solyc11g069530.1.1	Solyc06g075130.2.1	0.5345	207.0	693.0	0.0701	0.0440	0.6273	-1587.659918	
Solyc11g069550.1.1	Solyc06g075110.2.1	0.6175	246.8	824.2	0.0878	0.0606	0.6907	-1931.873845	
Solyc11g069560.1.1	Solyc06g075100.2.1	0.7210	389.8	1314.2	0.1063	0.0822	0.7734	-3219.169357	
Solyc09g007830.2.1	Solyc06g075090.2.1	1.6936	133.2	433.8	0.0438	0.0920	2.1035	-1106.899549	
Solyc10g084150.1.1	Solyc06g075090.2.1	1.4965	126.4	440.6	0.0475	0.0912	1.9195	-1102.407219	
Solyc11g069570.1.1	Solyc06g075090.2.1	0.8551	146.6	420.4	0.0809	0.0724	0.8946	-1050.139913	
Solyc11g069640.1.1	Solyc06g075050.1.1	1.5431	150.2	608.8	0.1992	0.2864	1.4381	-1624.174793	
Solyc09g008000.2.1	Solyc06g075020.2.1	2.3462	407.8	1299.2	0.1204	0.2849	2.3663	-3905.321044	
Solyc11g069820.1.1	Solyc06g075020.2.1	0.8493	411.9	1295.1	0.2869	0.1770	0.6169	-3528.653396	
Solyc11g069790.1.1	Solyc06g075010.2.1	0.7811	457.2	1237.8	0.1408	0.0984	0.6989	-3217.980859	
Solyc11g069750.1.1	Solyc06g074990.1.1	50.0000	349.0	1067.0	0.0035	0.2342	66.8992	-3155.575128	
Solyc09g008070.2.1	Solyc06g074980.2.1	1.9609	285.7	986.3	0.0092	0.0260	2.8197	-2270.786476	
Solyc10g084050.1.1	Solyc06g074980.2.1	2.7662	274.3	997.7	0.0039	0.0163	4.2171	-2231.404497	
Solyc11g069720.1.1	Solyc06g074980.2.1	0.4204	306.9	965.1	0.0131	0.0073	0.5579	-2060.907968	
Solyc09g007700.2.1	Solyc10g086080.1.1	1.0058	197.0	694.0	0.1323	0.1369	1.0344	-1812.319687	
Solyc10g084100.1.1	Solyc10g086080.1.1	0.9276	178.2	628.8	0.1996	0.1640	0.8216	-1675.505996	
Solyc09g007790.1.1	Solyc10g086110.1.1	2.6447	81.7	338.3	0.1320	0.3867	2.9290	-958.816743	
Solyc11g069450.1.1	Solyc10g086110.1.1	6.1861	96.2	317.8	0.0644	0.4711	7.3195	-1000.524273	
Solyc11g069480.1.1	Solyc10g086120.1.1	5.3759	113.9	327.1	0.0347	0.2192	6.3111	-952.987561	
Solyc09g007810.2.1	Solyc10g086130.1.1	1.3160	393.0	1257.0	0.3438	0.3016	0.8771	-3682.903079	
Solyc11g069500.1.1	Solyc10g086130.1.1	3.1375	368.7	1242.3	0.1264	0.4050	3.2052	-3837.097156	
Solyc09g007890.1.1	Solyc10g086180.1.1	0.7827	76.4	247.6	0.0194	0.0202	1.0415	-552.983073	
Solyc09g007940.2.1	Solyc10g086190.1.1	0.5532	252.5	761.5	0.0687	0.0421	0.6134	-1776.545151	
Solyc09g008050.2.1	Solyc10g086240.1.1	2.0603	264.6	962.4	0.1395	0.2947	2.1126	-2742.649257	
Solyc09g007510.1.1	Solyc10g085990.1.1	50.0000	237.4	824.6	0.0118	0.8448	71.6166	-2733.736515	
Solyc09g007670.2.1	Solyc10g086070.1.1	0.5878	352.9	1264.1	0.1205	0.0756	0.6270	-2971.949812	
Solyc09g007700.2.1	Solyc10g086080.1.1	1.0058	197.0	694.0	0.1323	0.1369	1.0344	-1812.319687	
Solyc10g084100.1.1	Solyc10g086080.1.1	0.9276	178.2	628.8	0.1996	0.1640	0.8216	-1675.505996	
Solyc09g007790.1.1	Solyc10g086110.1.1	2.6447	81.7	338.3	0.1320	0.3867	2.9290	-958.816743	
Solyc09g007810.2.1	Solyc10g086130.1.1	1.3160	393.0	1257.0	0.3438	0.3016	0.8771	-3682.903079	
Solyc09g007850.2.1	Solyc10g086150.1.1	1.0291	93.1	332.9	0.2650	0.2136	0.8059	-904.750654	
Solyc09g007890.1.1	Solyc10g086180.1.1	0.7827	76.4	247.6	0.0194	0.0202	1.0415	-552.983073	
Solyc09g007940.2.1	Solyc10g086190.1.1	0.5532	252.5	761.5	0.0687	0.0421	0.6134	-1776.545151	
Solyc09g008050.2.1	Solyc10g086240.1.1	2.0603	264.6	962.4	0.1395	0.2947	2.1126	-2742.649257	
Solyc09g005830.1.1	Solyc11g073010.1.1	50.0000	434.5	1308.5	0.0060	0.3911	65.6764	-4125.300000	
Solyc09g005860.2.1	Solyc11g072960.1.1	2.6260	379.4	1189.6	0.1152	0.3063	2.6593	-3566.986692	
Solyc10g084550.1.1	Solyc11g072960.1.1	16.4135	379.1	1150.9	0.0247	0.5068	20.5444	-3736.429905	
Solyc10g084450.1.1	Solyc11g072810.1.1	3.8539	142.3	436.7	0.0956	0.3863	4.0419	-1353.655849	
Solyc09g007030.2.1	Solyc11g072820.1.1	3.1232	521.7	1743.3	0.0909	0.3152	3.4667	-5159.294451	
Solyc09g007170.2.1	Solyc11g072660.1.1	2.4534	232.5	823.5	0.1214	0.3154	2.5969	-2434.387607	
Solyc09g007260.2.1	Solyc11g072600.1.1	50.0000	233.9	834.1	0.0044	0.3292	74.9216	-2500.728666	
Solyc10g084340.1.1	Solyc11g072600.1.1	4.2634	216.8	836.2	0.0619	0.3448	5.5713	-2466.411985	
Solyc09g007360.2.1	Solyc11g072490.1.1	4.0519	414.6	1328.4	0.0980	0.4236	4.3212	-4106.774565	
Solyc10g084290.1.1	Solyc11g072490.1.1	4.5813	419.2	1323.8	0.0889	0.4409	4.9572	-4125.692246	
Solyc09g007380.2.1	Solyc11g072440.1.1	2.5502	256.0	767.0	0.1162	0.2928	2.5199	-2335.572167	
Solyc09g005830.1.1	Solyc06g075610.1.1	3.1196	416.4	1305.6	0.1679	0.4729	2.8176	-4151.677086	
Solyc11g073010.1.1	Solyc06g075610.1.1	1.3845	446.8	1296.2	0.2695	0.2723	1.0104	-3876.702864	
Solyc09g005860.2.1	Solyc06g075600.2.1	2.5442	383.1	1191.9	0.0960	0.2577	2.6847	-3477.958613	
Solyc10g084550.1.1	Solyc06g075600.2.1	50.0000	366.7	1169.3	0.0075	0.5081	68.1962	-3743.870162	
Solyc11g072960.1.1	Solyc06g075600.2.1	1.0550	390.9	1163.1	0.1862	0.1675	0.8996	-3202.939421	
Solyc11g072940.1.1	Solyc06g075590.2.1	0.6377	388.3	1366.7	0.0983	0.0702	0.7138	-3241.937122	
Solyc11g072910.1.1	Solyc06g075550.2.1	11.2852	228.1	857.9	0.0537	0.8003	14.8980	-2778.361419	
Solyc09g007030.2.1	Solyc06g075580.2.1	2.5671	522.6	1742.4	0.1350	0.3453	2.5572	-5222.891392	
Solyc11g072820.1.1	Solyc06g075580.2.1	0.5579	520.0	1745.0	0.1368	0.0759	0.5551	-4142.207174	
Solyc11g072800.1.1	Solyc06g075570.1.1	0.8870	534.5	1718.5	0.1440	0.1227	0.8520	-4422.786847	
Solyc11g072700.1.1	Solyc06g075560.1.1	1.2895	280.7	1087.3	0.1072	0.1587	1.4801	-2814.942611	
Solyc09g007170.2.1	Solyc06g075550.2.1	1.9075	243.2	782.8	0.1863	0.3124	1.6768	-2327.039886	
Solyc11g072660.1.1	Solyc06g075550.2.1	1.2177	245.7	840.3	0.3111	0.2704	0.8692	-2359.603556	
Solyc09g007260.2.1	Solyc06g075510.2.1	3.4835	237.2	827.8	0.0962	0.3756	3.9027	-2543.432425	
Solyc10g084340.1.1	Solyc06g075510.2.1	3.8569	232.9	862.1	0.0767	0.3610	4.7087	-2592.153576	
Solyc11g072600.1.1	Solyc06g075510.2.1	1.6420	248.0	829.0	0.1447	0.2318	1.6020	-2379.602375	
Solyc11g072560.1.1	Solyc06g075440.1.1	2.1433	386.1	1002.9	0.2006	0.3390	1.6898	-3211.702440	
Solyc11g072530.1.1	Solyc06g075400.2.1	0.5606	610.8	1813.2	0.0895	0.0524	0.5860	-4312.159994	
Solyc11g072500.1.1	Solyc06g075370.2.1	50.0000	133.1	589.9	0.0096	0.8321	86.8409	-1815.055769	
Solyc11g072480.1.1	Solyc06g075360.2.1	0.8216	174.7	608.3	0.0605	0.0613	1.0139	-1429.904749	
Solyc11g072470.1.1	Solyc06g075330.1.1	1.4616	95.3	345.7	0.1362	0.2056	1.5091	-953.341994	
Solyc09g005850.2.1	Solyc02g087670.2.1	19.0120	195.2	758.8	0.0288	0.8030	27.8473	-2450.404119	
Solyc09g005910.2.1	Solyc02g087610.1.1	13.0153	267.8	965.2	0.1867	2.2294	11.9381	-3287.825478	
Solyc10g084540.1.1	Solyc02g087610.1.1	50.0000	316.7	1024.3	0.0091	0.6259	68.5537	-3393.376397	
Solyc09g007110.2.1	Solyc02g087460.1.1	10.3212	253.5	919.5	0.0813	0.9996	12.2926	-3064.869155	
Solyc11g072560.1.1	Solyc02g087280.2.1	28.1694	363.4	1028.6	0.0290	0.9646	33.2351	-3622.956387	
Solyc06g075440.1.1	Solyc02g087280.2.1	50.0000	379.5	1063.5	0.0156	0.9463	60.7237	-3751.482635	
Solyc09g005850.2.1	Solyc02g067450.2.1	15.3780	187.3	766.7	0.0365	0.8290	22.7154	-2451.136692	
Solyc02g087670.2.1	Solyc02g067450.2.1	2.1368	276.1	923.9	0.1383	0.2927	2.1159	-2739.194943	
Solyc02g087580.2.1	Solyc02g067490.2.1	1.1949	130.9	493.1	0.1193	0.1562	1.3100	-1276.567022	
Solyc02g087490.1.1	Solyc02g067530.2.1	1.0285	176.8	624.2	0.1772	0.1693	0.9554	-1634.719052	
Solyc09g007110.2.1	Solyc02g067560.1.1	50.0000	232.9	871.1	0.0128	0.9633	75.3861	-2852.052787	
Solyc02g087460.1.1	Solyc02g067560.1.1	1.5012	210.9	914.1	0.1940	0.2813	1.4498	-2502.795747	
Solyc02g087360.2.1	Solyc02g067570.2.1	0.7658	136.3	430.7	0.2124	0.1349	0.6354	-1108.473683	
Solyc09g005850.2.1	Solyc01g010740.2.1	18.4297	188.5	768.5	0.0297	0.8251	27.8234	-2463.700212	
Solyc02g087670.2.1	Solyc01g010740.2.1	3.1429	263.6	933.4	0.0854	0.3120	3.6524	-2767.282985	
Solyc02g067450.2.1	Solyc01g010740.2.1	3.5470	262.7	928.3	0.0853	0.3514	4.1192	-2785.441045	
Solyc02g067460.2.1	Solyc01g010760.2.1	1.5533	202.3	625.7	0.0748	0.1288	1.7209	-1698.297773	
Solyc02g067470.2.1	Solyc01g010770.2.1	7.2107	157.2	499.8	0.0210	0.1976	9.4202	-1382.099101	
Solyc09g007110.2.1	Solyc01g011040.2.1	50.0000	167.7	663.3	0.0129	1.0158	78.5891	-2168.912174	
Solyc02g087460.1.1	Solyc01g011040.2.1	50.0000	147.1	581.9	0.0121	0.9555	78.7918	-1906.423172	
Solyc02g067560.1.1	Solyc01g011040.2.1	50.0000	129.9	557.1	0.0113	0.9530	84.0279	-1770.103474	
Solyc09g007760.2.1	Solyc05g055990.2.1	4.0007	193.0	623.0	0.0634	0.2968	4.6801	-1852.063519	
Solyc10g084120.1.1	Solyc05g055990.2.1	2.7302	186.3	629.7	0.1004	0.2988	2.9760	-1835.811619	
Solyc09g007810.2.1	Solyc05g056040.2.1	50.0000	394.9	1372.1	0.0168	1.1839	70.4683	-4706.506358	
Solyc09g008010.2.1	Solyc05g055860.2.1	7.2996	240.2	800.8	0.0861	0.7054	8.1926	-2652.600641	
Solyc09g008050.2.1	Solyc05g055840.2.1	50.0000	293.2	924.8	0.0051	0.3453	68.1462	-2812.638289	
Solyc09g008370.1.1	Solyc05g055540.1.1	3.8741	367.7	1207.3	0.0462	0.2219	4.8034	-3416.920837	
Solyc10g083940.1.1	Solyc05g055540.1.1	2.9438	374.5	1185.5	0.0785	0.2570	3.2740	-3440.890529	
Solyc09g008380.2.1	Solyc05g055510.2.1	2.5580	273.5	923.5	0.0814	0.2382	2.9270	-2661.608582	
Solyc09g008400.2.1	Solyc05g055530.2.1	3.9018	146.4	477.6	0.0776	0.3435	4.4243	-1417.605029	
Solyc10g083920.1.1	Solyc05g055530.2.1	9.7582	145.4	481.6	0.0249	0.3228	12.9554	-1427.477781	
Solyc09g008440.1.1	Solyc05g055500.1.1	8.2846	141.9	650.1	0.0474	0.6003	12.6599	-1945.354912	
Solyc09g007550.2.1	Solyc06g075250.2.1	3.0076	248.7	957.3	0.1075	0.3698	3.4385	-2786.200362	
Solyc10g084180.1.1	Solyc06g075250.2.1	3.0449	247.9	982.1	0.1136	0.3945	3.4733	-2868.505661	
Solyc09g007650.1.1	Solyc06g075220.1.1	7.1122	181.6	505.4	0.0467	0.3702	7.9362	-1632.338274	
Solyc09g007790.1.1	Solyc06g075170.1.1	50.0000	92.7	321.3	0.0056	0.4100	72.9747	-971.892259	
Solyc09g007810.2.1	Solyc06g075150.2.1	2.8436	440.4	1368.6	0.1107	0.3206	2.8972	-4200.312361	
Solyc09g007830.2.1	Solyc06g075090.2.1	1.6936	133.2	433.8	0.0438	0.0920	2.1035	-1106.899549	
Solyc10g084150.1.1	Solyc06g075090.2.1	1.4965	126.4	440.6	0.0475	0.0912	1.9195	-1102.407219	
Solyc09g008000.2.1	Solyc06g075020.2.1	2.3462	407.8	1299.2	0.1204	0.2849	2.3663	-3905.321044	
Solyc09g008070.2.1	Solyc06g074980.2.1	1.9609	285.7	986.3	0.0092	0.0260	2.8197	-2270.786476	
Solyc10g084050.1.1	Solyc06g074980.2.1	2.7662	274.3	997.7	0.0039	0.0163	4.2171	-2231.404497	
Solyc09g008200.2.1	Solyc06g074930.1.1	50.0000	164.5	501.5	0.0076	0.4983	65.9459	-1550.471828	
Solyc09g008010.2.1	Solyc11g065950.1.1	50.0000	234.1	824.9	0.0138	0.9917	71.8995	-2789.149180	
Solyc09g008320.2.1	Solyc11g066270.1.1	4.4467	149.2	642.8	0.0305	0.2118	6.9542	-1708.296748	
Solyc09g008370.1.1	Solyc11g066330.1.1	50.0000	379.0	1184.0	0.0047	0.3154	67.7493	-3570.889883	
Solyc10g083940.1.1	Solyc11g066330.1.1	9.6985	398.6	1152.4	0.0277	0.3227	11.6465	-3552.409119	
Solyc09g008440.1.1	Solyc11g066400.1.1	3.7878	139.1	589.9	0.1121	0.5027	4.4856	-1752.100908	
Solyc09g008520.2.1	Solyc11g066480.1.1	4.3269	532.1	1723.9	0.0966	0.4498	4.6581	-5400.205483	
Solyc10g083800.1.1	Solyc11g066480.1.1	3.5586	515.9	1716.1	0.1039	0.3962	3.8141	-5272.577436	
Solyc09g008690.1.1	Solyc11g066700.1.1	2.1417	136.6	535.4	0.1653	0.3523	2.1313	-1557.453151	
Solyc09g008790.2.1	Solyc11g066650.1.1	2.0901	252.1	908.9	0.0475	0.1302	2.7387	-2346.732034	
Solyc09g098620.1.1	Solyc11g066580.1.1	50.0000	314.3	1050.7	0.0092	0.6428	70.2308	-3400.512270	
Solyc10g083690.2.1	Solyc11g066580.1.1	50.0000	310.9	1051.1	0.0088	0.6237	70.9073	-3385.451939	
Solyc11g066250.1.1	Solyc06g074850.2.1	1.0608	307.5	1138.5	0.1733	0.1755	1.0130	-2948.901823	
Solyc11g066260.1.1	Solyc06g074840.2.1	0.5112	166.8	493.2	0.0815	0.0443	0.5434	-1130.601643	
Solyc10g083880.1.1	Solyc06g074820.2.1	50.0000	219.9	494.1	0.0026	0.1401	53.7972	-1471.222642	
Solyc09g008440.1.1	Solyc06g074800.1.1	4.5897	162.3	629.7	0.0949	0.5179	5.4561	-1927.207369	
Solyc11g066400.1.1	Solyc06g074800.1.1	1.8254	170.5	627.5	0.1886	0.3171	1.6811	-1804.482444	
Solyc11g066500.1.1	Solyc06g074760.1.1	1.5124	494.0	1693.0	0.2892	0.3242	1.1209	-4839.582614	
Solyc11g066560.1.1	Solyc06g074740.2.1	0.6416	668.5	2196.5	0.1022	0.0701	0.6861	-5265.815191	
Solyc09g008790.2.1	Solyc06g074700.2.1	2.6400	261.6	899.4	0.0420	0.1434	3.4126	-2384.459564	
Solyc11g066650.1.1	Solyc06g074700.2.1	0.6198	273.7	887.3	0.0854	0.0586	0.6864	-2085.334034	
Solyc11g066640.1.1	Solyc06g074710.1.1	1.0551	333.8	962.2	0.0835	0.0919	1.1007	-2496.951575	
Solyc09g008010.2.1	Solyc01g111570.2.1	10.4180	242.1	855.9	0.0673	0.8564	12.7241	-2845.027306	
Solyc11g065950.1.1	Solyc01g111570.2.1	7.2766	234.1	833.9	0.1837	1.2289	6.6885	-2804.610272	
Solyc09g008300.2.1	Solyc01g111430.2.1	7.1790	269.6	1005.4	0.1185	0.9299	7.8479	-3260.193247	
Solyc09g008370.1.1	Solyc01g111350.2.1	6.9784	404.1	1197.9	0.1153	0.7925	6.8729	-4075.561768	
Solyc10g083940.1.1	Solyc01g111350.2.1	5.5893	414.4	1172.6	0.1545	0.7671	4.9647	-4027.157732	
Solyc11g066330.1.1	Solyc01g111350.2.1	14.7779	393.7	1160.3	0.0424	0.7322	17.2873	-3905.187456	
Solyc09g007710.2.1	Solyc04g056570.2.1	21.8406	98.7	258.3	0.0197	0.4935	25.0525	-835.015101	
Solyc09g008010.2.1	Solyc04g057930.2.1	20.4986	263.1	837.9	0.0365	0.9346	25.6167	-2874.123417	
Solyc09g008070.2.1	Solyc04g057960.2.1	50.0000	285.1	968.9	0.0122	0.8575	70.3974	-3249.929487	
Solyc10g084050.1.1	Solyc04g057960.2.1	50.0000	288.6	965.4	0.0128	0.8914	69.4363	-3261.284029	
Solyc09g008300.2.1	Solyc04g063270.1.1	27.9503	240.0	948.0	0.0147	0.6392	43.6003	-2957.188507	
Solyc09g008460.2.1	Solyc04g064510.2.1	3.6134	133.0	446.0	0.0451	0.2056	4.5549	-1274.201494	
Solyc09g005830.1.1	Solyc05g054820.1.1	3.7695	417.6	1370.4	0.1425	0.5223	3.6659	-4345.434243	
Solyc09g005860.2.1	Solyc05g054830.2.1	8.8125	361.8	1189.2	0.0453	0.4963	10.9630	-3756.213251	
Solyc10g084550.1.1	Solyc05g054830.2.1	3.9806	364.3	1186.7	0.0330	0.1685	5.1008	-3298.448258	
Solyc09g005880.1.1	Solyc05g054850.1.1	3.8597	204.7	815.3	0.0907	0.4272	4.7096	-2354.315421	
Solyc09g005970.1.1	Solyc05g054890.2.1	50.0000	445.2	1372.8	0.0029	0.1978	67.4491	-3954.507277	
Solyc09g009350.2.1	Solyc08g077490.1.1	10.7157	119.2	357.8	0.0385	0.4933	12.8107	-1163.037303	
Solyc09g009750.1.1	Solyc08g077860.2.1	6.8580	462.9	1538.1	0.1140	0.8169	7.1680	-5122.038692	
Solyc06g071920.2.1	Solyc03g111000.2.1	1.5251	128.8	387.2	0.3097	0.3267	1.0546	-1150.332131	
Solyc06g071950.1.1	Solyc03g110970.2.1	0.7492	249.7	695.3	0.1838	0.1149	0.6252	-1854.916760	
Solyc06g071960.2.1	Solyc03g110960.2.1	0.5494	105.9	338.1	0.0746	0.0463	0.6202	-784.256718	
Solyc06g071980.2.1	Solyc03g110900.2.1	0.7538	247.3	766.7	0.1238	0.0922	0.7444	-1912.369284	
Solyc06g072040.1.1	Solyc03g110860.2.1	0.8053	108.1	317.9	0.0334	0.0321	0.9633	-742.028343	
Solyc06g072210.1.1	Solyc03g098670.1.1	4.4454	112.2	409.8	0.1467	0.6586	4.4898	-1291.303735	
Solyc06g072270.2.1	Solyc03g098590.2.1	7.8089	158.7	615.3	0.0673	0.6773	10.0696	-1953.657814	
Solyc06g072290.2.1	Solyc03g098450.2.1	1.2940	92.7	303.3	0.2071	0.2276	1.0985	-841.109891	
Solyc06g072300.2.1	Solyc03g098280.2.1	0.7509	583.8	1858.2	0.0519	0.0466	0.8987	-4467.498539	
Solyc06g072310.2.1	Solyc03g098200.2.1	0.8862	207.9	593.1	0.1522	0.1208	0.7936	-1591.423199	
Solyc06g072320.2.1	Solyc03g098220.2.1	0.5557	309.2	1031.8	0.0622	0.0414	0.6654	-2378.941202	
Solyc06g072340.2.1	Solyc03g098150.2.1	0.6089	358.4	1165.6	0.0786	0.0540	0.6875	-2707.230110	
Solyc06g072350.2.1	Solyc03g098090.1.1	1.7275	134.4	369.6	0.3412	0.3802	1.1141	-1161.361736	
Solyc06g072360.2.1	Solyc03g098070.2.1	6.6715	206.0	730.0	0.0320	0.2906	9.0757	-2110.879082	
Solyc06g072400.1.1	Solyc03g098030.2.1	1.5146	201.7	674.3	0.3980	0.3745	0.9408	-2027.234052	
Solyc06g072420.2.1	Solyc03g098010.2.1	1.1943	213.9	740.1	0.1629	0.1850	1.1354	-1947.738283	
Solyc06g072460.1.1	Solyc03g097960.1.1	1.3287	173.3	534.7	0.4080	0.3268	0.8010	-1612.855883	
Solyc06g072470.2.1	Solyc03g097950.2.1	0.6496	116.9	372.1	0.1130	0.0753	0.6664	-919.731400	
Solyc06g072490.2.1	Solyc03g097900.2.1	0.4655	173.9	606.1	0.0074	0.0050	0.6786	-1270.874750	
Solyc06g072510.2.1	Solyc03g097840.2.1	0.8333	240.8	797.2	0.1147	0.0995	0.8678	-2012.455185	
Solyc06g072520.1.1	Solyc03g097820.1.1	2.2958	144.0	630.0	0.3120	0.5426	1.7395	-1853.524970	
Solyc06g072530.2.1	Solyc03g097720.2.1	1.4933	125.7	390.3	0.2728	0.3018	1.1063	-1125.383214	
Solyc06g072580.2.1	Solyc03g097680.2.1	0.7497	262.6	775.4	0.0481	0.0416	0.8650	-1827.048863	
Solyc06g072610.2.1	Solyc03g097630.2.1	0.6681	233.3	678.7	0.1329	0.0835	0.6279	-1713.579013	
Solyc06g072620.2.1	Solyc03g097560.2.1	1.7918	172.8	514.2	0.1128	0.2005	1.7775	-1426.892025	
Solyc06g072650.1.1	Solyc03g097510.1.1	1.0844	95.9	345.1	0.3210	0.2476	0.7713	-933.965448	
Solyc06g072660.2.1	Solyc03g097490.2.1	1.2195	311.8	1110.2	0.3043	0.2708	0.8899	-2943.400882	
Solyc06g072670.2.1	Solyc03g097440.2.1	1.3368	257.5	696.5	0.1556	0.1808	1.1620	-2004.680096	
Solyc06g072700.2.1	Solyc03g097380.2.1	1.7684	150.8	509.2	0.0579	0.1249	2.1585	-1253.858091	
Solyc06g072710.2.1	Solyc03g097320.2.1	0.7579	337.4	1054.6	0.2148	0.1340	0.6237	-2727.081883	
Solyc06g072730.2.1	Solyc03g097190.2.1	0.9367	580.5	1834.5	0.3207	0.2069	0.6452	-4855.297811	
Solyc06g072740.1.1	Solyc03g097150.2.1	1.8943	235.0	680.0	0.1309	0.2334	1.7833	-1994.968160	
Solyc06g072740.1.1	Solyc03g097410.1.1	1.7858	222.6	695.4	0.1247	0.2203	1.7665	-1983.406996	
Solyc06g072750.2.1	Solyc03g097120.2.1	1.1970	202.0	680.0	0.3118	0.2650	0.8501	-1928.647412	
Solyc06g072770.2.1	Solyc03g097110.2.1	0.6996	197.0	499.0	0.3273	0.1474	0.4505	-1353.740944	
Solyc06g072790.2.1	Solyc03g096930.2.1	0.7413	348.3	962.7	0.2617	0.1412	0.5397	-2605.843359	
Solyc06g072820.2.1	Solyc03g096880.2.1	1.0797	404.4	1470.6	0.2539	0.2203	0.8675	-3969.942747	
Solyc06g072830.2.1	Solyc03g096870.2.1	0.5466	298.9	985.1	0.0944	0.0564	0.5970	-2333.102615	
Solyc06g072910.2.1	Solyc03g096820.2.1	1.1636	112.0	305.0	0.3327	0.2521	0.7578	-900.724935	
Solyc06g072980.2.1	Solyc03g096790.2.1	0.9762	379.9	1249.1	0.2554	0.1937	0.7585	-3435.464801	
Solyc03g097170.2.1	Solyc08g076790.2.1	2.9834	149.9	507.1	0.0715	0.2509	3.5092	-1465.722324	
Solyc06g072750.2.1	Solyc08g076590.2.1	3.4642	191.9	699.1	0.1220	0.4526	3.7116	-2132.622421	
Solyc03g097120.2.1	Solyc08g076590.2.1	3.3498	194.6	684.4	0.1155	0.4142	3.5872	-2091.294471	
Solyc06g072760.2.1	Solyc08g076540.2.1	2.2615	197.1	615.9	0.1250	0.2795	2.2363	-1838.634001	
Solyc06g072770.2.1	Solyc08g076530.2.1	2.7990	185.9	510.1	0.0635	0.1890	2.9750	-1462.019085	
Solyc03g097110.2.1	Solyc08g076530.2.1	3.1104	182.1	513.9	0.0474	0.1656	3.4947	-1432.753770	
Solyc03g097050.2.1	Solyc08g076320.2.1	1.7327	517.3	1579.7	0.0261	0.0566	2.1684	-3975.873872	
Solyc03g097170.2.1	Solyc08g005120.2.1	2.8627	156.2	524.8	0.1107	0.3357	3.0319	-1568.478555	
Solyc08g076790.2.1	Solyc08g005120.2.1	1.2520	129.9	527.1	0.1643	0.2081	1.2661	-1377.043729	
Solyc06g072740.1.1	Solyc08g005130.1.1	3.4231	198.9	734.1	0.0684	0.2923	4.2726	-2078.560670	
Solyc03g097150.2.1	Solyc08g005130.1.1	5.0234	217.3	703.7	0.0605	0.3588	5.9343	-2126.676056	
Solyc08g076690.1.1	Solyc08g005130.1.1	1.2349	177.1	761.9	0.0578	0.1010	1.7485	-1772.551144	
Solyc06g072750.2.1	Solyc08g005170.2.1	2.6132	190.0	677.0	0.1467	0.3829	2.6099	-2031.036715	
Solyc03g097120.2.1	Solyc08g005170.2.1	2.8829	202.3	658.7	0.1234	0.3601	2.9170	-2004.093882	
Solyc08g076590.2.1	Solyc08g005170.2.1	1.0500	193.9	670.1	0.2317	0.2006	0.8662	-1810.469770	
Solyc06g072760.2.1	Solyc08g005200.2.1	2.0393	189.4	623.6	0.1420	0.2823	1.9883	-1841.939306	
Solyc08g076540.2.1	Solyc08g005200.2.1	0.5616	202.9	616.1	0.0838	0.0505	0.6024	-1445.432558	
Solyc08g076480.2.1	Solyc08g005220.2.1	1.3103	243.4	680.6	0.2017	0.2138	1.0600	-1990.210981	
Solyc03g097090.2.1	Solyc08g005240.1.1	2.7597	322.0	1067.0	0.1691	0.4301	2.5430	-3332.328253	
Solyc08g076390.2.1	Solyc08g005240.1.1	0.6758	311.3	1077.7	0.1541	0.1010	0.6555	-2645.476198	
Solyc03g097050.2.1	Solyc08g005280.1.1	1.6598	527.8	1569.2	0.0266	0.0542	2.0369	-3962.969290	
Solyc08g076320.2.1	Solyc08g005280.1.1	0.6779	545.8	1551.2	0.0509	0.0386	0.7583	-3755.969057	
Solyc03g097830.2.1	Solyc01g009670.2.1	2.3510	340.5	1060.5	0.1220	0.2851	2.3364	-3188.653532	
Solyc03g097650.2.1	Solyc01g009860.2.1	2.7194	104.5	534.5	0.1442	0.4599	3.1897	-1492.173274	
Solyc03g097520.2.1	Solyc01g009920.1.1	3.1143	362.0	1489.0	0.0948	0.3620	3.8192	-4306.291464	
Solyc03g097780.2.1	Solyc02g094500.2.1	17.1805	316.1	970.9	0.0243	0.5271	21.6975	-3190.526990	
Solyc03g097750.2.1	Solyc02g094440.2.1	3.9255	157.5	409.5	0.1031	0.3829	3.7147	-1331.384201	
Solyc01g009820.2.1	Solyc02g094410.2.1	6.0696	442.3	1312.7	0.0603	0.4104	6.8095	-4194.513332	
Solyc01g009870.2.1	Solyc02g094400.2.1	3.1705	267.5	830.5	0.1108	0.3575	3.2280	-2539.952903	
Solyc01g009880.2.1	Solyc02g094370.1.1	6.1665	409.8	1393.2	0.0641	0.4760	7.4248	-4372.240097	
Solyc06g072610.2.1	Solyc02g094390.2.1	1.7263	229.8	682.2	0.0841	0.1536	1.8273	-1908.129034	
Solyc03g097630.2.1	Solyc02g094390.2.1	2.1393	228.1	683.9	0.0640	0.1532	2.3921	-1912.983584	
Solyc02g084390.2.1	Solyc02g062330.1.1	1.3818	449.7	1719.3	0.2803	0.3006	1.0723	-4877.105029	
Solyc02g084440.2.1	Solyc02g062340.2.1	0.4741	303.9	791.1	0.0848	0.0395	0.4665	-1918.736265	
Solyc02g084510.2.1	Solyc02g062360.2.1	0.9550	196.3	661.7	0.1671	0.1487	0.8901	-1704.632608	
Solyc02g084520.2.1	Solyc02g062370.2.1	1.2917	395.4	1362.6	0.4394	0.3346	0.7614	-3906.024416	
Solyc02g084680.2.1	Solyc02g062400.2.1	1.3577	134.1	528.9	0.2264	0.2677	1.1821	-1433.631432	
Solyc02g084780.2.1	Solyc02g062510.2.1	0.9331	241.9	703.1	0.1166	0.1058	0.9075	-1855.439147	
Solyc02g084900.2.1	Solyc02g062550.2.1	4.9500	325.0	1031.0	0.0724	0.4055	5.5975	-3189.871952	
Solyc02g084970.2.1	Solyc02g062570.2.1	1.3599	175.6	457.4	0.2867	0.2682	0.9354	-1372.739299	
Solyc02g084980.2.1	Solyc02g062590.2.1	1.2943	222.0	729.0	0.0912	0.1297	1.4223	-1892.023346	
Solyc02g085040.2.1	Solyc02g062600.2.1	0.6024	196.2	553.8	0.1360	0.0755	0.5547	-1385.087520	
Solyc02g085070.1.1	Solyc02g062610.2.1	0.8325	241.4	712.6	0.2642	0.1628	0.6161	-1907.046376	
Solyc02g085110.2.1	Solyc02g062650.2.1	0.6590	334.0	1100.0	0.0934	0.0674	0.7213	-2655.650527	
Solyc02g085130.2.1	Solyc02g062670.2.1	0.7152	301.2	859.8	0.1944	0.1149	0.5909	-2262.443513	
Solyc02g085170.2.1	Solyc02g062750.2.1	0.7796	365.7	987.3	0.1910	0.1212	0.6343	-2621.869448	
Solyc02g085190.1.1	Solyc02g062760.2.1	5.4384	137.4	519.6	0.0344	0.2638	7.6729	-1450.590243	
Solyc02g085390.2.1	Solyc02g062780.2.1	1.0338	474.8	1589.2	0.1762	0.1661	0.9423	-4255.800900	
Solyc02g085430.2.1	Solyc02g062790.2.1	1.3932	228.5	887.5	0.2208	0.2696	1.2210	-2452.284915	
Solyc02g085440.2.1	Solyc02g062800.2.1	1.2531	105.6	359.4	0.3572	0.2965	0.8303	-1036.980647	
Solyc02g085550.1.1	Solyc02g062910.1.1	1.2113	160.3	433.7	0.1930	0.1897	0.9829	-1239.498097	
Solyc02g085570.2.1	Solyc02g062920.2.1	0.5618	358.7	1225.3	0.1315	0.0750	0.5706	-2895.105406	
Solyc02g085580.2.1	Solyc02g062940.2.1	1.3759	293.0	919.0	0.1933	0.2283	1.1810	-2640.847202	
Solyc02g085610.2.1	Solyc02g062950.2.1	0.8259	168.0	621.0	0.1925	0.1454	0.7554	-1555.495141	
Solyc02g085630.2.1	Solyc02g062960.2.1	1.4617	102.9	452.1	0.0718	0.1434	1.9979	-1108.543783	
Solyc02g085660.1.1	Solyc02g062990.1.1	50.0000	151.2	502.8	0.0113	0.7857	69.4908	-1661.181371	
Solyc02g085670.2.1	Solyc02g063020.1.1	0.8281	374.6	978.4	0.1245	0.0937	0.7523	-2591.259031	
Solyc02g085750.2.1	Solyc02g063030.2.1	1.1336	162.1	686.9	0.1507	0.1820	1.2078	-1706.050204	
Solyc02g085790.2.1	Solyc02g063090.2.1	0.5286	369.0	1179.0	0.0185	0.0129	0.6980	-2551.766529	
Solyc02g085840.2.1	Solyc02g063130.2.1	0.6570	281.6	792.4	0.1133	0.0718	0.6334	-1977.063309	
Solyc02g085870.2.1	Solyc02g063140.2.1	1.1373	317.2	1086.8	0.0367	0.0548	1.4902	-2600.201144	
Solyc02g085950.2.1	Solyc02g063150.2.1	0.5817	131.6	405.4	0.0615	0.0409	0.6652	-955.585748	
Solyc02g086010.1.1	Solyc02g063160.2.1	1.5418	108.8	362.2	0.3266	0.3481	1.0657	-1089.036743	
Solyc02g086050.2.1	Solyc02g063170.2.1	0.8720	161.9	450.1	0.2553	0.1641	0.6426	-1252.583843	
Solyc02g086090.2.1	Solyc02g063220.2.1	1.0037	304.5	937.5	0.1820	0.1592	0.8745	-2546.056435	
Solyc02g086180.2.1	Solyc02g063240.2.1	0.6753	192.9	566.1	0.0863	0.0610	0.7069	-1392.148424	
Solyc02g086210.2.1	Solyc02g063330.2.1	50.0000	236.4	846.6	0.0139	1.0101	72.7283	-2839.065414	
Solyc02g085430.2.1	Solyc03g034060.2.1	1.5289	253.5	862.5	0.1451	0.2180	1.5022	-2393.503608	
Solyc02g062790.2.1	Solyc03g034060.2.1	1.7020	224.0	892.0	0.1556	0.2716	1.7454	-2460.132108	
Solyc02g085480.2.1	Solyc03g034090.2.1	1.8106	123.2	374.8	0.1830	0.2868	1.5675	-1130.982722	
Solyc02g085500.2.1	Solyc03g034100.2.1	4.3381	95.0	337.0	0.4219	1.1111	2.6336	-1124.027818	
Solyc02g085630.2.1	Solyc03g034110.2.1	1.2919	110.0	484.0	0.2274	0.2643	1.1623	-1274.087211	
Solyc02g062960.2.1	Solyc03g034110.2.1	1.8273	120.3	434.7	0.1548	0.2791	1.8022	-1209.734698	
Solyc02g063070.2.1	Solyc03g034180.2.1	0.4225	187.2	565.8	0.0931	0.0412	0.4420	-1280.542142	
Solyc02g085950.2.1	Solyc03g034220.2.1	0.4304	130.2	406.8	0.0491	0.0252	0.5129	-917.722963	
Solyc02g063150.2.1	Solyc03g034220.2.1	0.6318	133.0	404.0	0.0524	0.0384	0.7335	-958.370343	
Solyc02g086050.2.1	Solyc03g034240.2.1	1.3529	148.9	463.1	0.2533	0.2626	1.0367	-1348.049598	
Solyc02g063170.2.1	Solyc03g034240.2.1	1.3131	150.7	461.3	0.2694	0.2624	0.9741	-1353.862230	
Solyc02g086110.2.1	Solyc03g034250.2.1	0.8436	151.6	535.4	0.2460	0.1677	0.6818	-1391.451456	
Solyc02g063260.2.1	Solyc03g034400.2.1	2.7638	347.8	1035.2	0.1141	0.3120	2.7346	-3121.974012	
Solyc02g085910.2.1	Solyc03g119530.2.1	3.1318	133.2	445.8	0.0811	0.2896	3.5686	-1339.833907	
Solyc02g086110.2.1	Solyc03g119350.1.1	1.9686	167.3	519.7	0.1584	0.2860	1.8062	-1545.269176	
Solyc03g034250.2.1	Solyc03g119350.1.1	1.6277	161.7	525.3	0.1188	0.1976	1.6628	-1456.189537	
Solyc02g063230.1.1	Solyc03g119320.1.1	50.0000	112.1	433.9	0.0062	0.4937	79.2758	-1308.882007	
Solyc02g084390.2.1	Solyc01g110380.2.1	2.7796	467.6	1710.4	0.1914	0.4859	2.5383	-5322.009812	
Solyc02g062330.1.1	Solyc01g110380.2.1	2.8369	458.2	1680.8	0.1957	0.5028	2.5698	-5246.998328	
Solyc02g084440.2.1	Solyc01g110360.2.1	1.2948	297.7	797.3	0.0257	0.0382	1.4853	-2030.481665	
Solyc02g062340.2.1	Solyc01g110360.2.1	1.3383	301.9	793.1	0.0271	0.0410	1.5102	-2025.800814	
Solyc02g084560.2.1	Solyc01g110320.2.1	3.0392	139.9	499.1	0.0601	0.2291	3.8098	-1421.798960	
Solyc02g084590.2.1	Solyc01g110310.2.1	3.4656	177.6	527.4	0.1677	0.5133	3.0614	-1737.037864	
Solyc02g085910.2.1	Solyc03g119530.2.1	3.1318	133.2	445.8	0.0811	0.2896	3.5686	-1339.833907	
Solyc02g086110.2.1	Solyc03g119350.1.1	1.9686	167.3	519.7	0.1584	0.2860	1.8062	-1545.269176	
Solyc02g063230.1.1	Solyc03g119320.1.1	50.0000	112.1	433.9	0.0062	0.4937	79.2758	-1308.882007	
Solyc02g086210.2.1	Solyc03g119240.2.1	50.0000	253.4	826.6	0.0131	0.8956	68.1225	-2813.294821	
Solyc02g063330.2.1	Solyc03g119240.2.1	50.0000	233.9	855.1	0.0131	0.9692	74.0395	-2844.328030	
Solyc02g084440.2.1	Solyc10g054380.1.1	1.7824	131.0	355.0	0.0884	0.1573	1.7785	-1023.395782	
Solyc02g062340.2.1	Solyc10g054380.1.1	1.5039	126.6	359.4	0.1025	0.1528	1.4906	-1009.518670	
Solyc02g084560.2.1	Solyc10g054320.1.1	1.9907	146.8	492.2	0.0795	0.1813	2.2797	-1371.187755	
Solyc02g084600.2.1	Solyc10g054290.1.1	50.0000	104.9	294.1	0.0173	1.0463	60.4617	-1031.703967	
Solyc06g069300.1.1	Solyc03g114390.1.1	1.3867	163.3	538.7	0.1364	0.1869	1.3701	-1471.339026	
Solyc06g069320.2.1	Solyc03g114480.2.1	1.7521	174.8	596.2	0.1901	0.2971	1.5625	-1728.309002	
Solyc06g069330.2.1	Solyc03g114590.2.1	0.6391	261.5	722.5	0.0689	0.0464	0.6733	-1749.639521	
Solyc06g069370.2.1	Solyc03g114720.2.1	1.1138	236.1	720.9	0.3033	0.2370	0.7814	-2053.851055	
Solyc06g069380.2.1	Solyc03g114730.2.1	0.6485	320.6	1056.4	0.0869	0.0627	0.7219	-2512.623114	
Solyc06g069400.2.1	Solyc03g114790.2.1	0.8814	247.4	664.6	0.1183	0.0972	0.8220	-1736.831578	
Solyc06g069420.2.1	Solyc03g114820.2.1	1.1486	140.2	459.8	0.1811	0.1862	1.0280	-1241.956690	
Solyc06g069430.2.1	Solyc03g114830.2.1	0.8000	124.6	499.4	0.1013	0.0962	0.9495	-1185.381282	
Solyc06g069450.2.1	Solyc03g114990.2.1	0.8096	173.3	618.7	0.2753	0.1713	0.6220	-1581.134814	
Solyc06g069460.1.1	Solyc03g115010.1.1	3.0779	128.6	558.4	0.3036	0.7177	2.3638	-1707.304730	
Solyc06g069500.2.1	Solyc03g115250.2.1	1.1926	1189.1	3775.9	0.4600	0.3103	0.6746	-10929.432502	
Solyc06g069550.1.1	Solyc03g115380.1.1	0.6430	305.9	909.1	0.0796	0.0548	0.6885	-2203.879935	
Solyc06g069570.2.1	Solyc03g115470.2.1	0.8561	165.5	575.5	0.1418	0.1213	0.8557	-1462.895028	
Solyc06g069580.2.1	Solyc03g115500.2.1	0.8760	387.6	1166.4	0.3392	0.1965	0.5793	-3222.270277	
Solyc06g069600.1.1	Solyc03g115540.1.1	1.6238	203.1	636.9	0.3738	0.3852	1.0306	-1945.225162	
Solyc06g069630.2.1	Solyc03g115590.2.1	1.3024	501.8	1634.2	0.6053	0.3765	0.6219	-4820.030068	
Solyc06g069650.2.1	Solyc03g115610.2.1	0.9699	314.2	1023.8	0.2447	0.1874	0.7661	-2790.140241	
Solyc06g069660.1.1	Solyc03g115670.1.1	0.6137	194.8	543.2	0.1739	0.0908	0.5220	-1381.445230	
Solyc06g069680.1.1	Solyc03g115690.1.1	1.5264	270.6	704.4	0.2203	0.2567	1.1651	-2113.021869	
Solyc06g069690.2.1	Solyc03g115770.2.1	0.9789	345.8	1133.2	0.3191	0.2177	0.6821	-3124.519001	
Solyc06g069710.2.1	Solyc03g115850.2.1	1.8816	174.4	662.6	0.2322	0.3714	1.5992	-1932.287412	
Solyc06g069720.2.1	Solyc03g115870.2.1	1.0401	121.1	421.9	0.1956	0.1809	0.9246	-1115.660758	
Solyc06g069730.2.1	Solyc03g115900.2.1	0.7839	189.5	509.5	0.0805	0.0638	0.7924	-1315.277112	
Solyc06g069740.1.1	Solyc03g115930.1.1	2.0911	84.8	341.2	0.2295	0.4178	1.8202	-966.787392	
Solyc06g069760.2.1	Solyc03g115940.2.1	1.2857	160.5	556.5	0.2929	0.2783	0.9499	-1579.855456	
Solyc06g069770.2.1	Solyc03g116020.2.1	0.8788	159.9	428.1	0.1937	0.1374	0.7093	-1146.292381	
Solyc06g069780.2.1	Solyc03g116030.2.1	0.8654	195.4	545.6	0.1856	0.1338	0.7206	-1472.371777	
Solyc06g069850.2.1	Solyc03g116100.2.1	1.5775	135.2	611.8	0.2405	0.3347	1.3912	-1679.734895	
Solyc06g069870.2.1	Solyc03g116150.2.1	0.6418	404.4	1251.6	0.1682	0.0969	0.5762	-3081.730385	
Solyc06g069880.1.1	Solyc03g116160.1.1	1.0258	235.2	766.8	0.3177	0.2273	0.7155	-2129.279286	
Solyc06g069890.2.1	Solyc03g116170.2.1	0.9955	85.0	305.0	0.1726	0.1623	0.9400	-776.124423	
Solyc06g069900.2.1	Solyc03g116260.2.1	50.0000	206.0	616.0	0.0069	0.4485	65.1527	-1983.964349	
Solyc06g070900.2.1	Solyc03g116320.2.1	1.2202	157.1	478.9	0.1165	0.1415	1.2149	-1296.967947	
Solyc06g069700.2.1	Solyc05g010780.1.1	5.1055	268.5	1009.5	0.2226	0.9815	4.4097	-3248.472584	
Solyc06g069710.2.1	Solyc05g010740.1.1	8.2234	108.1	416.9	0.1123	1.0433	9.2887	-1340.778627	
Solyc03g115850.2.1	Solyc05g010740.1.1	50.0000	103.8	418.2	0.0163	1.2854	78.6188	-1357.320487	
Solyc03g116000.1.1	Solyc05g010620.1.1	50.0000	289.2	1027.8	0.0095	0.6967	73.4206	-3333.825889	
Solyc03g114660.1.1	Solyc05g010620.1.1	10.2477	327.8	1094.2	0.0535	0.6729	12.5706	-3585.139915	
Solyc06g069370.2.1	Solyc05g011810.2.1	3.7784	215.3	717.7	0.1513	0.5491	3.6282	-2302.547447	
Solyc03g114720.2.1	Solyc05g011810.2.1	4.9157	210.3	728.7	0.0982	0.5360	5.4601	-2305.792013	
Solyc03g114800.1.1	Solyc05g011840.2.1	20.3844	128.9	495.1	0.0136	0.4251	31.2681	-1460.111359	
Solyc06g069420.2.1	Solyc05g012000.2.1	3.5329	124.4	424.6	0.0808	0.3291	4.0737	-1239.095528	
Solyc03g114820.2.1	Solyc05g012000.2.1	4.7663	122.9	426.1	0.0522	0.3138	6.0071	-1235.210686	
Solyc06g069430.2.1	Solyc05g056620.1.1	4.1710	119.1	504.9	0.0400	0.2491	6.2264	-1370.329782	
Solyc03g114830.2.1	Solyc05g056620.1.1	3.7549	119.0	505.0	0.0435	0.2411	5.5425	-1354.948918	
Solyc03g114850.2.1	Solyc05g012040.2.1	2.5853	91.7	379.3	0.2334	0.5256	2.2518	-1163.121005	
Solyc03g114860.2.1	Solyc05g012070.2.1	1.3801	226.0	818.0	0.0311	0.0593	1.9106	-1966.174925	
Solyc03g115100.2.1	Solyc05g012230.2.1	3.5981	248.2	933.8	0.2003	0.6524	3.2571	-2926.421831	
Solyc03g115450.1.1	Solyc05g012490.1.1	3.5408	178.8	901.2	0.1258	0.5489	4.3632	-2578.430956	
Solyc06g069570.2.1	Solyc05g012520.2.1	6.2182	168.6	572.4	0.0415	0.3311	7.9861	-1690.742614	
Solyc03g115470.2.1	Solyc05g012520.2.1	4.0738	163.9	577.1	0.0593	0.3011	5.0804	-1681.424921	
Solyc06g069580.2.1	Solyc05g012540.2.1	4.6529	270.7	1031.3	0.0635	0.3814	6.0068	-3055.378800	
Solyc03g115500.2.1	Solyc05g012540.2.1	6.1825	270.2	1031.8	0.0481	0.4033	8.3897	-3088.061146	
Solyc03g115570.1.1	Solyc05g012630.1.1	6.1153	275.3	1026.7	0.1122	0.7627	6.7965	-3282.091869	
Solyc03g115640.2.1	Solyc05g012680.2.1	1.8888	116.4	393.6	0.0906	0.1912	2.1112	-1093.945742	
Solyc03g115740.1.1	Solyc05g013020.1.1	3.1490	235.7	904.3	0.0371	0.1650	4.4434	-2360.990657	
Solyc03g115760.2.1	Solyc05g013050.2.1	3.0017	162.9	494.1	0.0507	0.1772	3.4980	-1388.641498	
Solyc03g116000.1.1	Solyc05g013200.1.1	31.9473	272.7	1020.3	0.0126	0.6064	48.2284	-3222.702415	
Solyc03g114680.2.1	Solyc02g089410.2.1	4.6224	145.0	551.0	0.1655	0.7514	4.5415	-1745.570261	
Solyc05g012010.2.1	Solyc02g089240.2.1	7.1174	112.7	430.3	0.0525	0.5001	9.5205	-1315.858884	
Solyc06g069430.2.1	Solyc02g089200.2.1	3.5169	124.3	499.7	0.1239	0.4866	3.9276	-1516.942315	
Solyc03g114830.2.1	Solyc02g089200.2.1	2.4673	112.8	511.2	0.1998	0.4769	2.3873	-1504.693973	
Solyc05g056620.1.1	Solyc02g089200.2.1	50.0000	120.8	503.2	0.0064	0.5368	83.8347	-1516.970390	
Solyc03g114860.2.1	Solyc02g089170.2.1	1.4227	207.1	833.9	0.0322	0.0679	2.1107	-1974.777311	
Solyc05g012070.2.1	Solyc02g089170.2.1	1.6740	220.0	821.0	0.0263	0.0633	2.4042	-1966.745849	
Solyc03g114880.1.1	Solyc02g089120.2.1	50.0000	186.7	629.3	0.0045	0.3227	71.7432	-1904.747366	
Solyc03g115000.2.1	Solyc02g089050.2.1	5.7948	371.9	1167.1	0.0878	0.5501	6.2675	-3788.422398	
Solyc05g012180.2.1	Solyc02g089060.2.1	50.0000	165.8	599.2	0.0028	0.2167	76.0960	-1661.853713	
Solyc03g115070.1.1	Solyc02g088800.1.1	2.9811	418.0	1376.0	0.1792	0.4806	2.6828	-4325.410466	
Solyc05g012210.2.1	Solyc02g088910.2.1	4.3246	69.6	251.4	0.0923	0.4599	4.9840	-775.166177	
Solyc06g069550.1.1	Solyc02g088690.2.1	2.2871	224.7	723.3	0.0233	0.0698	2.9913	-1812.371018	
Solyc03g115380.1.1	Solyc02g088690.2.1	2.5504	220.3	727.7	0.0168	0.0583	3.4654	-1793.722172	
Solyc03g115660.2.1	Solyc02g088330.2.1	1.5612	244.2	748.8	0.0882	0.1470	1.6655	-2066.212005	
Solyc05g012920.1.1	Solyc02g088140.1.1	50.0000	223.5	892.5	0.0149	1.1724	78.5240	-2905.012217	
Solyc05g013040.2.1	Solyc02g088290.2.1	2.2160	1028.2	3123.8	0.0978	0.2248	2.2999	-9094.200346	
Solyc05g013180.2.1	Solyc02g088220.2.1	3.3936	523.9	1573.1	0.1201	0.3997	3.3276	-4932.503297	
Solyc03g115790.1.1	Solyc02g088170.1.1	6.4329	301.6	1081.4	0.0779	0.5986	7.6855	-3439.802741	
Solyc05g013200.1.1	Solyc02g088170.1.1	13.3442	283.9	1027.1	0.0344	0.6276	18.2696	-3274.498403	
Solyc06g069700.2.1	Solyc02g088140.1.1	50.0000	227.1	894.9	0.0150	1.1661	77.7359	-2899.638738	
Solyc05g010780.1.1	Solyc02g088140.1.1	50.0000	246.7	854.3	0.0179	1.2537	70.0526	-2862.251861	
Solyc06g069710.2.1	Solyc02g087920.2.1	8.0735	180.4	656.6	0.0881	0.8331	9.4553	-2148.541275	
Solyc06g069710.2.1	Solyc02g088180.2.1	3.8803	159.9	668.1	0.0885	0.4326	4.8892	-1956.819597	
Solyc03g115850.2.1	Solyc02g087920.2.1	50.0000	182.6	651.4	0.0117	0.8520	73.0868	-2150.908050	
Solyc05g010740.1.1	Solyc02g087920.2.1	7.7717	112.5	409.5	0.2134	1.4436	6.7659	-1376.239461	
Solyc03g115850.2.1	Solyc02g088180.2.1	50.0000	168.6	656.4	0.0063	0.5038	79.5919	-1996.343720	
Solyc05g010740.1.1	Solyc02g088180.2.1	50.0000	99.1	413.9	0.0147	1.1967	81.2732	-1328.740093	
Solyc03g115890.2.1	Solyc02g088100.2.1	2.8231	165.0	534.0	0.0582	0.1952	3.3546	-1517.809582	
Solyc06g069760.2.1	Solyc02g088070.2.1	3.1053	143.2	543.8	0.2325	0.6132	2.6375	-1703.604099	
Solyc03g115940.2.1	Solyc02g088070.2.1	2.7502	155.5	531.5	0.1824	0.4552	2.4949	-1644.322036	
Solyc03g114680.2.1	Solyc02g065650.1.1	50.0000	143.2	567.8	0.0090	0.7223	79.8809	-1782.715944	
Solyc02g089410.2.1	Solyc02g065650.1.1	2.5489	137.9	555.1	0.2287	0.5085	2.2231	-1655.757516	
Solyc02g089400.2.1	Solyc02g065680.2.1	0.5851	355.3	943.7	0.1518	0.0772	0.5081	-2376.963717	
Solyc02g089320.2.1	Solyc02g065700.2.1	0.6475	198.7	638.3	0.1449	0.0899	0.6204	-1575.492850	
Solyc05g012010.2.1	Solyc02g065720.2.1	5.5474	112.1	430.9	0.0630	0.4545	7.2115	-1298.823407	
Solyc02g089240.2.1	Solyc02g065720.2.1	0.6698	129.4	416.6	0.2835	0.1396	0.4925	-1056.650128	
Solyc06g069430.2.1	Solyc02g065730.1.1	1.9490	128.1	486.9	0.1953	0.3497	1.7902	-1413.719808	
Solyc03g114830.2.1	Solyc02g065730.1.1	2.5342	116.4	498.6	0.1085	0.3306	3.0462	-1410.702707	
Solyc05g056620.1.1	Solyc02g065730.1.1	3.1203	103.4	511.6	0.0731	0.3322	4.5422	-1407.872987	
Solyc02g089200.2.1	Solyc02g065730.1.1	50.0000	118.5	496.5	0.0062	0.5238	84.3251	-1510.066408	
Solyc03g114860.2.1	Solyc02g065740.2.1	1.3852	215.1	825.9	0.0381	0.0743	1.9497	-1990.349513	
Solyc05g012070.2.1	Solyc02g065740.2.1	1.5869	225.2	815.8	0.0351	0.0761	2.1691	-2005.106629	
Solyc02g089170.2.1	Solyc02g065740.2.1	0.7239	208.1	832.9	0.0466	0.0474	1.0172	-1860.575235	
Solyc02g089160.2.1	Solyc02g065750.1.1	1.2168	279.9	1040.1	0.0959	0.1352	1.4104	-2634.926296	
Solyc03g114880.1.1	Solyc02g065770.2.1	50.0000	193.0	623.0	0.0050	0.3459	69.3660	-1916.258919	
Solyc02g089120.2.1	Solyc02g065770.2.1	0.7425	323.0	964.0	0.0918	0.0710	0.7741	-2416.861287	
Solyc06g069450.2.1	Solyc02g065790.2.1	3.2679	162.3	620.7	0.1185	0.4286	3.6166	-1856.555184	
Solyc03g114990.2.1	Solyc02g065790.2.1	4.0382	174.4	608.6	0.0953	0.4320	4.5347	-1845.738512	
Solyc02g088920.2.1	Solyc02g066830.2.1	1.1262	60.7	242.3	0.2464	0.2327	0.9447	-616.812156	
Solyc02g088900.2.1	Solyc02g066910.2.1	0.6218	281.6	732.4	0.0730	0.0458	0.6272	-1799.256046	
Solyc02g088750.1.1	Solyc02g066960.2.1	50.0000	295.5	925.5	0.0055	0.3725	67.7068	-2809.027895	
Solyc05g010800.2.1	Solyc04g005260.1.1	1.2860	126.9	545.1	0.2923	0.2942	1.0065	-1425.944739	
Solyc05g010810.1.1	Solyc04g005270.1.1	0.8040	403.2	1162.8	0.1076	0.0855	0.7944	-2953.818355	
Solyc06g069370.2.1	Solyc04g005280.2.1	3.6032	205.1	688.9	0.1521	0.5271	3.4645	-2203.458353	
Solyc03g114720.2.1	Solyc04g005280.2.1	3.5467	199.5	700.5	0.1363	0.4917	3.6065	-2196.769113	
Solyc05g011810.2.1	Solyc04g005280.2.1	0.9797	203.5	672.5	0.3133	0.2164	0.6906	-1839.838520	
Solyc05g011830.2.1	Solyc04g005290.2.1	1.3333	269.5	906.5	0.3605	0.3160	0.8766	-2606.396985	
Solyc06g069430.2.1	Solyc04g005320.2.1	4.0214	123.8	500.2	0.1055	0.5000	4.7368	-1519.069885	
Solyc03g114830.2.1	Solyc04g005320.2.1	46.4282	108.0	516.0	0.0055	0.4754	87.1678	-1504.418397	
Solyc05g056620.1.1	Solyc04g005320.2.1	50.0000	112.8	511.2	0.0053	0.4733	90.0214	-1489.413848	
Solyc02g089200.2.1	Solyc04g005320.2.1	2.6014	142.4	481.6	0.0948	0.2728	2.8774	-1387.757715	
Solyc02g065730.1.1	Solyc04g005320.2.1	50.0000	117.3	497.7	0.0061	0.5198	85.1418	-1502.069342	
Solyc03g114860.2.1	Solyc04g005340.2.1	1.5188	226.2	817.8	0.0267	0.0570	2.1304	-1962.888409	
Solyc05g012070.2.1	Solyc04g005340.2.1	0.6646	231.0	813.0	0.0275	0.0251	0.9129	-1811.271300	
Solyc02g089170.2.1	Solyc04g005340.2.1	2.1782	208.1	832.9	0.0229	0.0761	3.3275	-2004.603878	
Solyc02g065740.2.1	Solyc04g005340.2.1	1.6859	215.6	825.4	0.0325	0.0784	2.4133	-2017.761937	
Solyc02g088270.2.1	Solyc02g067120.2.1	2.4518	168.0	522.0	0.2104	0.4270	2.0297	-1650.689403	
Solyc02g088260.2.1	Solyc02g067150.2.1	1.6662	217.6	751.4	0.1302	0.2222	1.7062	-1989.465146	
Solyc02g088210.2.1	Solyc02g067160.2.1	0.8461	159.2	566.8	0.1055	0.0986	0.9349	-1404.408606	
Solyc02g088120.2.1	Solyc02g067210.2.1	0.9228	306.4	1067.6	0.2005	0.1628	0.8122	-2781.800986	
Solyc02g088090.1.1	Solyc02g067220.2.1	2.7990	91.9	313.1	0.1055	0.3191	3.0238	-912.870353	
Solyc06g069760.2.1	Solyc02g067230.2.1	2.8733	163.3	562.7	0.2579	0.5814	2.2544	-1787.262495	
Solyc03g115940.2.1	Solyc02g067230.2.1	2.5044	165.6	560.4	0.2176	0.4587	2.1081	-1743.940700	
Solyc02g088070.2.1	Solyc02g067230.2.1	1.6249	158.3	546.7	0.5017	0.4429	0.8828	-1645.330019	
Solyc02g088040.1.1	Solyc02g067250.1.1	1.1518	127.3	490.7	0.2393	0.2320	0.9694	-1319.817832	
Solyc02g088190.2.1	Solyc05g007690.1.1	3.5379	156.9	599.1	0.0981	0.4056	4.1340	-1787.235754	
Solyc03g115790.1.1	Solyc05g007740.1.1	50.0000	264.2	1070.8	0.0120	0.9607	80.3269	-3425.911199	
Solyc05g013200.1.1	Solyc05g007740.1.1	15.3954	236.6	1017.4	0.0519	1.1547	22.2365	-3251.959284	
Solyc02g088170.1.1	Solyc05g007740.1.1	50.0000	285.3	1085.7	0.0154	1.1664	75.6511	-3549.087489	
Solyc02g067190.2.1	Solyc05g007790.2.1	50.0000	140.9	372.1	0.0043	0.2605	59.9903	-1145.076819	
Solyc02g088120.2.1	Solyc05g007810.2.1	3.1042	302.8	1062.2	0.1054	0.3588	3.4053	-3168.849547	
Solyc02g067210.2.1	Solyc05g007810.2.1	3.6195	321.2	1094.8	0.0743	0.3152	4.2442	-3229.042436	
Solyc06g069710.2.1	Solyc05g007770.2.1	50.0000	144.8	641.2	0.0082	0.7122	87.3078	-1935.012709	
Solyc03g115850.2.1	Solyc05g007770.2.1	9.1393	144.7	641.3	0.0536	0.7168	13.3675	-1945.542221	
Solyc05g010740.1.1	Solyc05g007770.2.1	10.9810	81.2	392.8	0.0746	1.1710	15.7009	-1193.777803	
Solyc03g115890.2.1	Solyc05g007830.2.1	3.9523	149.4	555.6	0.0314	0.1750	5.5669	-1481.867285	
Solyc02g088100.2.1	Solyc05g007830.2.1	1.6323	159.0	546.0	0.0666	0.1307	1.9641	-1431.688099	
Solyc06g069760.2.1	Solyc05g007880.2.1	3.0647	145.1	568.9	0.2344	0.6139	2.6192	-1764.126077	
Solyc03g115940.2.1	Solyc05g007880.2.1	2.8907	153.5	560.5	0.1996	0.5175	2.5927	-1730.417046	
Solyc02g088070.2.1	Solyc05g007880.2.1	3.6789	146.9	552.1	0.1065	0.4438	4.1666	-1670.324872	
Solyc02g067230.2.1	Solyc05g007880.2.1	3.7325	159.8	572.2	0.1472	0.5495	3.7321	-1794.704890	
Solyc05g012430.1.1	Solyc07g005920.1.1	50.0000	223.2	883.8	0.0138	1.0824	78.3678	-2889.842588	
Solyc02g088470.1.1	Solyc07g005740.1.1	50.0000	275.6	1014.4	0.0093	0.7001	75.4260	-3246.348334	
Solyc05g012500.2.1	Solyc07g005650.2.1	50.0000	182.9	594.1	0.0214	1.4160	66.1899	-2028.348407	
Solyc02g088340.2.1	Solyc07g005650.2.1	5.2303	178.6	610.4	0.2611	1.0626	4.0703	-2046.405484	
Solyc06g069650.2.1	Solyc07g005540.1.1	25.8805	302.5	996.5	0.0226	0.7802	34.4772	-3340.469739	
Solyc03g115610.2.1	Solyc07g005540.1.1	10.9638	287.6	1014.4	0.0548	0.7602	13.8613	-3338.040312	
Solyc06g069660.1.1	Solyc07g005480.2.1	11.6124	189.0	531.0	0.1761	1.7369	9.8648	-1899.812669	
Solyc03g115670.1.1	Solyc07g005480.2.1	50.0000	233.3	681.7	0.0256	1.5543	60.8295	-2422.217688	
Solyc03g115700.2.1	Solyc07g005440.1.1	50.0000	184.7	625.3	0.0071	0.5075	71.3543	-1983.057061	
Solyc06g069610.1.1	Solyc12g008990.1.1	50.0000	227.5	837.5	0.0131	0.9754	74.4323	-2764.810110	
Solyc06g069650.2.1	Solyc12g009190.1.1	34.5484	289.4	916.6	0.0199	0.8978	45.1425	-3131.208802	
Solyc03g115610.2.1	Solyc12g009190.1.1	4.3811	271.4	937.6	0.2543	0.8807	3.4628	-3115.941264	
Solyc03g115710.1.1	Solyc12g009310.1.1	17.9559	214.3	841.7	0.0260	0.6951	26.7605	-2692.531512	
Solyc05g013070.2.1	Solyc12g009340.1.1	50.0000	201.7	674.3	0.0099	0.6952	70.0595	-2243.706053	
Solyc02g088210.2.1	Solyc12g009480.1.1	50.0000	166.7	559.3	0.0061	0.4348	71.1144	-1742.982409	
Solyc05g013140.2.1	Solyc05g007960.2.1	50.0000	291.3	1052.7	0.0093	0.6908	74.3996	-3436.374267	
Solyc06g069710.2.1	Solyc05g007770.2.1	50.0000	144.8	641.2	0.0082	0.7122	87.3078	-1935.012709	
Solyc03g115850.2.1	Solyc05g007770.2.1	9.1393	144.7	641.3	0.0536	0.7168	13.3675	-1945.542221	
Solyc05g010740.1.1	Solyc05g007770.2.1	10.9810	81.2	392.8	0.0746	1.1710	15.7009	-1193.777803	
Solyc02g087950.2.1	Solyc05g007570.2.1	5.5296	430.7	1540.3	0.1249	0.7280	5.8311	-4830.181502	
Solyc02g087920.2.1	Solyc05g007550.1.1	50.0000	168.2	656.8	0.0060	0.4782	79.8719	-1987.432135	
Solyc06g069610.1.1	Solyc01g112220.2.1	50.0000	235.9	838.1	0.0112	0.8166	72.9733	-2782.087745	
Solyc03g115570.1.1	Solyc01g112200.2.1	10.9124	316.2	1027.8	0.0569	0.7429	13.0460	-3427.452767	
Solyc05g012630.1.1	Solyc01g112200.2.1	50.0000	315.2	1079.8	0.0099	0.7063	71.3460	-3514.037613	
Solyc03g115710.1.1	Solyc01g111950.2.1	8.3814	238.5	850.5	0.1020	0.9542	9.3550	-2829.871607	
Solyc05g013070.2.1	Solyc01g111880.2.1	12.7530	194.7	681.3	0.0389	0.6549	16.8386	-2213.608654	
Solyc05g010800.2.1	Solyc04g005260.1.1	1.2860	126.9	545.1	0.2923	0.2942	1.0065	-1425.944739	
Solyc05g010810.1.1	Solyc04g005270.1.1	0.8040	403.2	1162.8	0.1076	0.0855	0.7944	-2953.818355	
Solyc06g069370.2.1	Solyc04g005280.2.1	3.6032	205.1	688.9	0.1521	0.5271	3.4645	-2203.458353	
Solyc03g114720.2.1	Solyc04g005280.2.1	3.5467	199.5	700.5	0.1363	0.4917	3.6065	-2196.769113	
Solyc05g011810.2.1	Solyc04g005280.2.1	0.9797	203.5	672.5	0.3133	0.2164	0.6906	-1839.838520	
Solyc05g011830.2.1	Solyc04g005290.2.1	1.3333	269.5	906.5	0.3605	0.3160	0.8766	-2606.396985	
Solyc06g069430.2.1	Solyc04g005320.2.1	4.0214	123.8	500.2	0.1055	0.5000	4.7368	-1519.069885	
Solyc03g114830.2.1	Solyc04g005320.2.1	46.4282	108.0	516.0	0.0055	0.4754	87.1678	-1504.418397	
Solyc05g056620.1.1	Solyc04g005320.2.1	50.0000	112.8	511.2	0.0053	0.4733	90.0214	-1489.413848	
Solyc03g114860.2.1	Solyc04g005340.2.1	1.5188	226.2	817.8	0.0267	0.0570	2.1304	-1962.888409	
Solyc05g012070.2.1	Solyc04g005340.2.1	0.6646	231.0	813.0	0.0275	0.0251	0.9129	-1811.271300	
Solyc05g012210.2.1	Solyc04g005380.2.1	1.3592	76.5	241.5	0.1736	0.2113	1.2169	-659.592933	
Solyc05g012310.2.1	Solyc04g005410.1.1	1.0236	317.9	888.1	0.1389	0.1295	0.9326	-2411.499224	
Solyc05g012450.2.1	Solyc04g005430.2.1	0.6861	427.4	1285.6	0.1825	0.1080	0.5918	-3289.986054	
Solyc03g115450.1.1	Solyc04g005440.1.1	4.0354	195.4	905.6	0.0940	0.4960	5.2796	-2606.421317	
Solyc05g012490.1.1	Solyc04g005440.1.1	0.9902	196.0	923.0	0.2199	0.2036	0.9258	-2292.201766	
Solyc05g012550.2.1	Solyc04g005470.2.1	1.2813	129.4	419.6	0.2957	0.2735	0.9251	-1154.658297	
Solyc05g012610.2.1	Solyc04g005490.2.1	0.4379	126.6	398.4	0.0435	0.0231	0.5325	-887.807283	
Solyc05g012640.2.1	Solyc04g005500.2.1	1.1868	728.9	2295.1	0.3718	0.2811	0.7561	-6621.791642	
Solyc03g115650.2.1	Solyc04g005510.2.1	0.9618	89.9	387.1	0.0305	0.0459	1.5033	-860.761997	
Solyc05g012420.2.1	Solyc11g010200.1.1	48.3818	160.4	592.6	0.0031	0.2297	74.8584	-1651.210104	
Solyc06g069610.1.1	Solyc11g008960.1.1	50.0000	239.9	867.1	0.0123	0.9042	73.6437	-2863.804702	
Solyc03g115570.1.1	Solyc11g008940.1.1	43.4512	269.0	997.0	0.0098	0.6471	65.7753	-3192.010144	
Solyc04g005460.1.1	Solyc11g008940.1.1	50.0000	290.6	1059.4	0.0097	0.7224	74.7957	-3412.731122	
Solyc05g012420.2.1	Solyc01g010360.2.1	0.5611	168.0	585.0	0.0924	0.0586	0.6344	-1343.948113	
Solyc11g010200.1.1	Solyc01g010360.2.1	35.3816	163.6	589.4	0.0042	0.2271	53.4816	-1660.068873	
Solyc05g012450.2.1	Solyc01g010370.2.1	0.6673	410.8	1287.2	0.1894	0.1093	0.5770	-3269.664047	
Solyc04g005430.2.1	Solyc01g010370.2.1	0.7290	423.5	1271.5	0.1808	0.1140	0.6303	-3275.552499	
Solyc03g115450.1.1	Solyc01g010410.2.1	4.0650	178.5	895.5	0.1043	0.5582	5.3526	-2572.348931	
Solyc05g012490.1.1	Solyc01g010410.2.1	1.4708	190.6	901.4	0.1839	0.2763	1.5024	-2361.269552	
Solyc04g005440.1.1	Solyc01g010410.2.1	1.2927	200.8	912.2	0.2585	0.2840	1.0985	-2410.343044	
Solyc03g115570.1.1	Solyc01g010510.2.1	50.0000	286.5	1048.5	0.0090	0.6764	75.1896	-3356.966106	
Solyc04g005460.1.1	Solyc01g010510.2.1	50.0000	305.8	1113.2	0.0094	0.7055	74.7693	-3546.440640	
Solyc11g008940.1.1	Solyc01g010510.2.1	50.0000	294.7	1058.3	0.0101	0.7442	73.8552	-3437.075338	
Solyc03g115220.2.1	Solyc01g010260.2.1	15.7088	353.3	1011.7	0.0295	0.5504	18.6553	-3397.895718	
Solyc05g012310.2.1	Solyc01g010280.2.1	50.0000	262.5	853.5	0.0255	1.6714	65.4249	-2966.126463	
Solyc05g012420.2.1	Solyc01g010360.2.1	0.5611	168.0	585.0	0.0924	0.0586	0.6344	-1343.948113	
Solyc05g012450.2.1	Solyc01g010370.2.1	0.6673	410.8	1287.2	0.1894	0.1093	0.5770	-3269.664047	
Solyc03g115450.1.1	Solyc01g010410.2.1	4.0650	178.5	895.5	0.1043	0.5582	5.3526	-2572.348931	
Solyc05g012490.1.1	Solyc01g010410.2.1	1.4708	190.6	901.4	0.1839	0.2763	1.5024	-2361.269552	
Solyc03g115570.1.1	Solyc01g010510.2.1	50.0000	286.5	1048.5	0.0090	0.6764	75.1896	-3356.966106	
Solyc05g012630.1.1	Solyc01g010510.2.1	9.2764	283.3	1105.7	0.0693	0.8274	11.9319	-3517.953781	
Solyc03g115710.1.1	Solyc01g010660.2.1	6.3807	232.6	871.4	0.0979	0.7234	7.3854	-2826.021166	
Solyc06g069610.1.1	Solyc09g091990.2.1	50.0000	138.5	596.5	0.0133	1.1115	83.6703	-1907.579562	
Solyc03g115570.1.1	Solyc09g092050.2.1	19.8863	285.9	1058.1	0.0240	0.6858	28.6196	-3360.885603	
Solyc05g012630.1.1	Solyc09g092050.2.1	50.0000	283.8	1111.2	0.0096	0.7608	78.9409	-3492.301161	
Solyc05g012740.1.1	Solyc09g092280.1.1	50.0000	298.6	925.4	0.0100	0.6637	66.2699	-3059.989718	
Solyc03g115710.1.1	Solyc09g092460.2.1	6.3068	234.0	822.0	0.1139	0.7717	6.7772	-2709.470357	
Solyc06g069700.2.1	Solyc09g097840.1.1	50.0000	261.9	977.1	0.0156	1.1650	74.5049	-3239.871221	
Solyc05g010780.1.1	Solyc09g097840.1.1	14.2831	248.4	888.6	0.0608	1.0877	17.8999	-2972.741057	
Solyc05g010710.1.1	Solyc09g098080.2.1	50.0000	245.7	813.3	0.0147	1.0048	68.5176	-2730.396585	
Solyc09g092560.2.1	Solyc07g007460.1.1	6.9256	265.2	928.8	0.0607	0.5203	8.5729	-2895.793902	
Solyc05g013070.2.1	Solyc07g007140.2.1	27.5918	216.2	659.8	0.0252	0.8709	34.6066	-2282.025901	
Solyc03g115790.1.1	Solyc07g006990.1.1	11.0662	316.4	1069.6	0.0504	0.6955	13.8055	-3485.227937	
Solyc05g013200.1.1	Solyc07g006990.1.1	27.5178	306.2	1007.8	0.0193	0.7131	37.0123	-3302.612203	
Solyc06g069710.2.1	Solyc07g006840.1.1	12.6236	161.4	675.6	0.0624	1.0799	17.3039	-2134.569570	
Solyc03g115850.2.1	Solyc07g006840.1.1	8.7997	180.9	653.1	0.1015	1.0045	9.8966	-2116.552638	
Solyc05g010740.1.1	Solyc07g006840.1.1	6.0552	104.3	420.7	0.3731	1.5134	4.0562	-1352.175300	
Solyc03g115890.2.1	Solyc05g007830.2.1	3.9523	149.4	555.6	0.0314	0.1750	5.5669	-1481.867285	
Solyc03g116000.1.1	Solyc05g007740.1.1	50.0000	248.1	1023.9	0.0118	0.9608	81.4912	-3270.090840	
Solyc06g069780.2.1	Solyc05g007660.2.1	2.5362	181.9	556.1	0.1391	0.3348	2.4063	-1703.496718	
Solyc03g116030.2.1	Solyc05g007660.2.1	2.6075	186.8	554.2	0.1380	0.3376	2.4464	-1710.663493	
Solyc06g069870.2.1	Solyc05g007490.2.1	1.9274	402.4	1328.6	0.0713	0.1594	2.2373	-3577.541547	
Solyc03g116150.2.1	Solyc05g007490.2.1	2.2581	393.4	1241.6	0.0672	0.1734	2.5810	-3411.651995	
Solyc06g069880.1.1	Solyc05g007480.1.1	8.7466	206.2	795.8	0.0486	0.5799	11.9289	-2447.101499	
Solyc03g116160.1.1	Solyc05g007480.1.1	5.4153	214.1	787.9	0.0985	0.6109	6.2004	-2462.626963	
Solyc03g114580.2.1	Solyc04g005140.2.1	1.9526	235.5	778.5	0.1521	0.2837	1.8649	-2302.301776	
Solyc06g069370.2.1	Solyc04g005280.2.1	3.6032	205.1	688.9	0.1521	0.5271	3.4645	-2203.458353	
Solyc03g114720.2.1	Solyc04g005280.2.1	3.5467	199.5	700.5	0.1363	0.4917	3.6065	-2196.769113	
Solyc06g069430.2.1	Solyc04g005320.2.1	4.0214	123.8	500.2	0.1055	0.5000	4.7368	-1519.069885	
Solyc03g114830.2.1	Solyc04g005320.2.1	46.4282	108.0	516.0	0.0055	0.4754	87.1678	-1504.418397	
Solyc03g114860.2.1	Solyc04g005340.2.1	1.5188	226.2	817.8	0.0267	0.0570	2.1304	-1962.888409	
Solyc06g069610.1.1	Solyc01g094920.2.1	50.0000	207.2	758.8	0.0273	1.9301	70.6480	-2564.551821	
Solyc03g115570.1.1	Solyc01g094850.1.1	18.8755	302.9	1029.1	0.0339	0.8414	24.8066	-3406.159572	
Solyc03g115710.1.1	Solyc01g094660.2.1	50.0000	242.5	822.5	0.0125	0.8765	70.2130	-2770.547032	
Solyc03g115790.1.1	Solyc01g094600.2.1	50.0000	249.4	965.6	0.0100	0.7786	78.1914	-3088.825741	
Solyc06g069650.2.1	Solyc07g005540.1.1	25.8805	302.5	996.5	0.0226	0.7802	34.4772	-3340.469739	
Solyc03g115610.2.1	Solyc07g005540.1.1	10.9638	287.6	1014.4	0.0548	0.7602	13.8613	-3338.040312	
Solyc06g069660.1.1	Solyc07g005480.2.1	11.6124	189.0	531.0	0.1761	1.7369	9.8648	-1899.812669	
Solyc03g115670.1.1	Solyc07g005480.2.1	50.0000	233.3	681.7	0.0256	1.5543	60.8295	-2422.217688	
Solyc03g115700.2.1	Solyc07g005440.1.1	50.0000	184.7	625.3	0.0071	0.5075	71.3543	-1983.057061	
Solyc03g116000.1.1	Solyc07g005170.1.1	50.0000	273.1	1007.9	0.0097	0.7286	75.4999	-3245.350118	
Solyc06g069610.1.1	Solyc02g068660.1.1	50.0000	243.9	851.1	0.0115	0.8305	71.9168	-2812.109734	
Solyc03g115570.1.1	Solyc02g068630.1.1	50.0000	279.0	1065.0	0.0104	0.8022	77.2334	-3419.954031	
Solyc06g069650.2.1	Solyc02g068540.1.1	50.0000	264.9	986.1	0.0183	1.3495	73.6800	-3313.112359	
Solyc03g115610.2.1	Solyc02g068540.1.1	50.0000	269.3	984.7	0.0178	1.2956	72.8628	-3301.539466	
Solyc03g115710.1.1	Solyc02g068300.2.1	50.0000	250.9	859.1	0.0131	0.9264	70.5696	-2888.079858	
Solyc06g069610.1.1	Solyc02g072070.2.1	50.0000	248.5	849.5	0.0139	0.9806	70.2969	-2843.158248	
Solyc03g115570.1.1	Solyc02g072010.1.1	50.0000	162.6	539.4	0.0148	1.0182	68.5778	-1801.042768	
Solyc03g115710.1.1	Solyc02g071800.2.1	50.0000	246.3	869.7	0.0115	0.8328	72.5774	-2874.396211	
Solyc03g116000.1.1	Solyc02g071300.1.1	50.0000	277.8	1015.2	0.0099	0.7438	74.8575	-3284.404987	
Solyc06g069610.1.1	Solyc05g053010.1.1	50.0000	239.6	870.4	0.0142	1.0396	73.4345	-2876.694300	
Solyc02g072070.2.1	Solyc05g053010.1.1	50.0000	238.7	865.3	0.0112	0.8274	74.0749	-2825.037794	
Solyc03g115700.2.1	Solyc05g053210.2.1	28.2009	186.7	626.3	0.0119	0.4690	39.3524	-1979.318383	
Solyc03g115710.1.1	Solyc05g053230.2.1	50.0000	226.5	808.5	0.0101	0.7446	73.5077	-2645.283246	
Solyc02g071800.2.1	Solyc05g053230.2.1	50.0000	241.2	793.8	0.0122	0.8421	68.7490	-2669.758631	
Solyc06g069610.1.1	Solyc11g008960.1.1	50.0000	239.9	867.1	0.0123	0.9042	73.6437	-2863.804702	
Solyc03g115570.1.1	Solyc11g008940.1.1	43.4512	269.0	997.0	0.0098	0.6471	65.7753	-3192.010144	
Solyc06g069700.2.1	Solyc11g008760.1.1	8.6361	280.9	1102.1	0.1091	1.0828	9.9244	-3550.768123	
Solyc10g009430.2.1	Solyc01g095930.2.1	4.4413	172.2	592.8	0.1087	0.5200	4.7861	-1882.009515	
Solyc10g009490.1.1	Solyc01g095730.2.1	0.6280	570.2	1880.8	0.1804	0.1018	0.5641	-4659.926258	
Solyc10g009550.2.1	Solyc01g095630.2.1	2.0988	141.4	620.6	0.2445	0.4447	1.8185	-1756.997302	
Solyc10g009570.2.1	Solyc01g095670.2.1	0.9278	188.3	606.7	0.2688	0.1881	0.6997	-1616.113252	
Solyc10g009580.2.1	Solyc01g095620.2.1	1.4395	284.8	930.2	0.1352	0.1920	1.4197	-2572.585180	
Solyc10g009590.2.1	Solyc01g095610.2.1	1.4435	236.8	840.2	0.2557	0.2934	1.1474	-2416.383368	
Solyc10g009600.1.1	Solyc01g095580.2.1	0.9610	201.6	572.4	0.1422	0.1246	0.8761	-1545.054748	
Solyc10g011670.2.1	Solyc01g095570.2.1	0.5803	254.7	654.3	0.1763	0.0838	0.4752	-1692.069947	
Solyc10g011740.2.1	Solyc01g095490.2.1	0.5277	125.4	306.6	0.0172	0.0100	0.5818	-708.232680	
Solyc10g011760.2.1	Solyc01g095470.2.1	0.6757	230.2	651.8	0.2862	0.1364	0.4766	-1738.611799	
Solyc10g011770.2.1	Solyc01g095430.2.1	0.7194	147.2	350.8	0.4017	0.1665	0.4145	-981.880299	
Solyc10g011790.2.1	Solyc01g095400.2.1	0.9929	206.1	663.9	0.1212	0.1218	1.0047	-1742.932990	
Solyc10g011870.2.1	Solyc01g095200.2.1	0.9073	177.6	485.4	0.1375	0.1128	0.8208	-1305.563676	
Solyc10g011880.1.1	Solyc01g095180.2.1	1.5947	121.2	337.8	0.1317	0.1939	1.4722	-993.991969	
Solyc10g011900.2.1	Solyc01g095140.2.1	1.8505	106.0	329.0	0.1488	0.2577	1.7315	-944.019522	
Solyc10g011910.2.1	Solyc01g095100.2.1	2.0808	178.5	574.5	0.3918	0.5070	1.2940	-1826.202539	
Solyc10g012030.2.1	Solyc01g095020.2.1	1.0593	660.6	2177.4	0.3553	0.2483	0.6987	-6110.456167	
Solyc10g012070.2.1	Solyc01g094950.2.1	0.8179	196.1	583.9	0.2386	0.1513	0.6339	-1551.221496	
Solyc10g012080.2.1	Solyc01g094870.1.1	0.9994	164.1	561.9	0.1105	0.1181	1.0694	-1442.976637	
Solyc10g012170.2.1	Solyc01g094920.2.1	50.0000	187.7	697.3	0.0210	1.5338	72.8945	-2353.140442	
Solyc10g012210.1.1	Solyc01g094820.2.1	2.5183	249.2	929.8	0.3019	0.5638	1.8677	-2864.064074	
Solyc10g012240.2.1	Solyc01g094810.2.1	0.6039	81.8	338.2	0.0254	0.0238	0.9356	-712.866310	
Solyc10g012430.2.1	Solyc01g094680.2.1	0.7086	362.2	1014.8	0.2323	0.1264	0.5439	-2697.110085	
Solyc10g009330.2.1	Solyc01g096180.2.1	0.8044	135.7	470.3	0.1587	0.1226	0.7723	-1192.338741	
Solyc10g009350.2.1	Solyc01g096170.2.1	0.9387	215.5	723.5	0.1146	0.1129	0.9844	-1818.159036	
Solyc10g009360.2.1	Solyc01g096120.2.1	2.8345	123.0	549.0	0.2763	0.6387	2.3116	-1635.447233	
Solyc10g009410.1.1	Solyc01g096040.2.1	1.3820	331.4	892.6	0.1398	0.1728	1.2361	-2623.130074	
Solyc10g009420.2.1	Solyc01g096020.2.1	0.6589	198.1	689.9	0.0802	0.0617	0.7698	-1626.911661	
Solyc01g095810.2.1	Solyc08g082310.2.1	8.2201	103.7	331.3	0.0802	0.7342	9.1514	-1109.939929	
Solyc01g095700.2.1	Solyc08g082180.2.1	1.6799	122.0	391.0	0.0785	0.1477	1.8813	-1045.862978	
Solyc10g009550.2.1	Solyc08g082110.2.1	4.7804	134.3	633.7	0.0908	0.5795	6.3793	-1845.374394	
Solyc01g095630.2.1	Solyc08g082110.2.1	3.6168	151.2	670.8	0.1481	0.5859	3.9549	-1969.248646	
Solyc10g009590.2.1	Solyc08g082060.2.1	4.8228	245.8	837.2	0.0817	0.4527	5.5417	-2596.487842	
Solyc01g095610.2.1	Solyc08g082060.2.1	7.1581	245.8	837.2	0.0404	0.3730	9.2416	-2544.923546	
Solyc01g095590.2.1	Solyc08g082040.2.1	4.6127	542.3	2040.7	0.1154	0.5894	5.1057	-6388.258287	
Solyc10g011670.2.1	Solyc08g082020.2.1	1.6016	237.3	671.7	0.0684	0.1172	1.7130	-1832.973368	
Solyc01g095570.2.1	Solyc08g082020.2.1	1.5599	232.8	679.2	0.0669	0.1141	1.7040	-1837.072890	
Solyc01g095550.2.1	Solyc08g081980.2.1	3.7749	437.0	1465.0	0.0885	0.3739	4.2230	-4454.705140	
Solyc10g011690.2.1	Solyc08g081990.2.1	2.0494	317.2	1140.8	0.1363	0.2873	2.1071	-3280.500910	
Solyc01g095500.2.1	Solyc08g081960.1.1	8.0444	107.5	339.5	0.0934	0.8040	8.6080	-1139.426600	
Solyc10g011760.2.1	Solyc08g081930.2.1	2.3422	209.6	672.4	0.0837	0.2168	2.5899	-1942.002394	
Solyc01g095470.2.1	Solyc08g081930.2.1	4.1721	232.8	652.2	0.0396	0.1883	4.7592	-1891.259514	
Solyc01g095440.2.1	Solyc08g081850.1.1	2.6719	162.3	626.7	0.2665	0.5687	2.1337	-1908.095452	
Solyc10g011790.2.1	Solyc08g081840.2.1	15.0595	215.7	657.3	0.0150	0.2913	19.4304	-2010.641005	
Solyc01g095400.2.1	Solyc08g081840.2.1	50.0000	202.5	667.5	0.0050	0.3546	70.4515	-2053.685201	
Solyc01g095390.2.1	Solyc08g081830.2.1	6.3208	334.1	1093.9	0.0835	0.5908	7.0718	-3490.258882	
Solyc10g011870.2.1	Solyc08g081730.2.1	2.0581	164.8	498.2	0.0938	0.2017	2.1498	-1441.261504	
Solyc01g095200.2.1	Solyc08g081730.2.1	2.0177	156.2	506.8	0.0696	0.1621	2.3284	-1406.020672	
Solyc01g095080.2.1	Solyc08g081540.2.1	2.6251	280.3	1009.7	0.0584	0.1943	3.3270	-2722.822966	
Solyc10g012080.2.1	Solyc08g081360.2.1	1.9287	164.5	552.5	0.1263	0.2485	1.9678	-1599.146559	
Solyc01g094870.1.1	Solyc08g081360.2.1	2.6419	174.1	587.9	0.0758	0.2326	3.0685	-1688.001260	
Solyc01g094840.2.1	Solyc08g081300.2.1	2.8478	108.9	401.1	0.1752	0.4733	2.7017	-1223.986049	
Solyc10g012210.1.1	Solyc08g081290.2.1	6.6798	249.0	942.0	0.1594	1.0592	6.6434	-3092.954973	
Solyc01g094820.2.1	Solyc08g081290.2.1	3.6596	225.2	968.8	0.2497	0.7786	3.1179	-3006.508379	
Solyc10g012240.2.1	Solyc08g081270.2.1	2.0468	102.4	317.6	0.0197	0.0520	2.6369	-767.973268	
Solyc01g094810.2.1	Solyc08g081270.2.1	1.8179	97.3	322.7	0.0211	0.0515	2.4442	-769.775320	
Solyc01g094750.2.1	Solyc08g081220.1.1	1.8162	365.6	1068.4	0.0584	0.1185	2.0285	-2949.864490	
Solyc01g094690.2.1	Solyc08g081190.2.1	1.2214	211.5	601.5	0.0804	0.1024	1.2739	-1603.414355	
Solyc10g012430.2.1	Solyc08g081180.2.1	2.0949	356.7	1026.3	0.0844	0.1839	2.1782	-2945.350716	
Solyc01g094680.2.1	Solyc08g081180.2.1	2.0697	339.0	1038.0	0.0746	0.1701	2.2814	-2916.442446	
Solyc01g094990.2.1	Solyc08g081420.2.1	3.0840	271.7	1099.3	0.0860	0.3309	3.8488	-3160.148317	
Solyc01g094970.2.1	Solyc08g081480.2.1	2.0431	286.6	901.4	0.0997	0.2143	2.1493	-2604.539617	
Solyc01g094960.2.1	Solyc08g081490.2.1	1.6304	240.3	803.7	0.0509	0.1027	2.0177	-2067.934000	
Solyc08g082260.1.1	Solyc03g007230.2.1	8.6173	190.5	616.5	0.0336	0.3687	10.9770	-1869.864790	
Solyc01g095700.2.1	Solyc03g007310.2.1	1.7896	122.7	390.3	0.0588	0.1235	2.1016	-1028.258926	
Solyc08g082180.2.1	Solyc03g007310.2.1	2.0735	134.4	402.6	0.0491	0.1181	2.4070	-1076.881156	
Solyc10g009550.2.1	Solyc03g007380.1.1	6.0951	154.1	604.9	0.0992	0.7143	7.2040	-1859.248749	
Solyc01g095630.2.1	Solyc03g007380.1.1	8.1586	158.1	651.9	0.0578	0.6506	11.2518	-1990.496312	
Solyc08g082110.2.1	Solyc03g007380.1.1	49.9368	164.8	654.2	0.0077	0.6203	80.2600	-2011.963658	
Solyc01g095600.2.1	Solyc03g007350.1.1	7.0276	323.2	1098.8	0.1094	0.8217	7.5123	-3613.722497	
Solyc01g095510.2.1	Solyc03g007430.2.1	2.4069	313.6	871.4	0.1225	0.2770	2.2617	-2675.842881	
Solyc01g095500.2.1	Solyc03g007460.1.1	50.0000	97.5	355.5	0.0112	0.8342	74.4242	-1144.962540	
Solyc08g081960.1.1	Solyc03g007460.1.1	3.5703	112.9	346.1	0.2391	0.6675	2.7915	-1157.980227	
Solyc10g011740.2.1	Solyc03g007470.2.1	1.6350	97.5	334.5	0.0077	0.0182	2.3526	-764.711341	
Solyc01g095490.2.1	Solyc03g007470.2.1	1.0733	108.8	323.2	0.0188	0.0253	1.3457	-773.162755	
Solyc08g081890.2.1	Solyc03g007530.2.1	3.7857	81.7	233.3	0.0498	0.2121	4.2592	-683.709218	
Solyc08g081740.2.1	Solyc03g007760.2.1	2.1210	244.9	766.1	0.0359	0.0943	2.6236	-1980.892324	
Solyc10g011870.2.1	Solyc03g007740.2.1	3.0765	170.1	492.9	0.0637	0.2150	3.3739	-1454.128863	
Solyc01g095200.2.1	Solyc03g007740.2.1	7.2055	163.5	499.5	0.0201	0.1844	9.1736	-1432.720714	
Solyc08g081730.2.1	Solyc03g007740.2.1	2.8158	156.8	506.2	0.0647	0.2125	3.2831	-1448.061772	
Solyc08g081710.2.1	Solyc03g007700.1.1	5.7357	205.6	595.4	0.1134	0.6359	5.6073	-2005.925817	
Solyc01g095160.2.1	Solyc03g007840.1.1	50.0000	307.4	1093.6	0.0099	0.7287	73.3744	-3530.852658	
Solyc10g009600.1.1	Solyc05g050280.2.1	1.2260	185.8	588.2	0.0846	0.1137	1.3428	-1557.726449	
Solyc01g095580.2.1	Solyc05g050280.2.1	0.9823	199.2	574.8	0.1005	0.0992	0.9863	-1509.969437	
Solyc10g011740.2.1	Solyc05g050230.2.1	0.4965	104.6	327.4	0.0243	0.0155	0.6348	-727.265392	
Solyc01g095490.2.1	Solyc05g050230.2.1	0.4463	105.2	326.8	0.0468	0.0250	0.5335	-737.325036	
Solyc03g007470.2.1	Solyc05g050230.2.1	1.3888	103.4	328.6	0.0117	0.0218	1.8647	-770.114663	
Solyc01g095460.2.1	Solyc05g050220.2.1	1.0567	291.6	908.4	0.2269	0.1927	0.8493	-2493.384007	
Solyc01g095450.2.1	Solyc05g050210.2.1	0.8973	220.0	815.0	0.1739	0.1488	0.8560	-2062.999732	
Solyc01g095270.2.1	Solyc05g050110.2.1	1.2008	191.8	585.2	0.2367	0.2229	0.9416	-1688.392586	
Solyc01g095750.2.1	Solyc08g008310.2.1	2.2889	409.9	1324.1	0.0817	0.2087	2.5535	-3731.933497	
Solyc08g082280.2.1	Solyc08g008310.2.1	0.5789	425.5	1308.5	0.1620	0.0850	0.5249	-3204.264783	
Solyc10g009550.2.1	Solyc08g008280.2.1	6.7835	164.7	609.3	0.0739	0.6167	8.3465	-1894.829259	
Solyc01g095630.2.1	Solyc08g008280.2.1	6.4441	177.6	650.4	0.0749	0.5887	7.8595	-2023.740632	
Solyc08g082110.2.1	Solyc08g008280.2.1	1.6756	187.9	649.1	0.1681	0.2646	1.5737	-1836.324273	
Solyc01g095550.2.1	Solyc08g008240.2.1	3.7144	443.0	1459.0	0.0848	0.3525	4.1546	-4430.375704	
Solyc08g081980.2.1	Solyc08g008240.2.1	1.0332	440.7	1461.3	0.1480	0.1476	0.9972	-3836.837898	
Solyc10g011740.2.1	Solyc08g008220.2.1	1.4505	104.4	327.6	0.0113	0.0218	1.9318	-769.212269	
Solyc01g095490.2.1	Solyc08g008220.2.1	1.7649	116.8	315.2	0.0157	0.0329	2.0876	-784.267884	
Solyc08g081910.2.1	Solyc08g008210.2.1	0.5164	179.5	501.5	0.1074	0.0539	0.5023	-1198.242317	
Solyc08g081810.2.1	Solyc08g008190.2.1	0.9899	633.2	1676.8	0.1142	0.1056	0.9242	-4560.080454	
Solyc08g081760.1.1	Solyc08g008180.1.1	1.0553	452.1	1206.9	0.2586	0.1975	0.7636	-3477.310149	
Solyc01g095080.2.1	Solyc08g008100.2.1	50.0000	209.6	753.4	0.0037	0.2814	75.5669	-2147.364469	
Solyc08g081540.2.1	Solyc08g008100.2.1	5.7561	203.7	759.3	0.0218	0.1828	8.3895	-2000.776074	
Solyc08g082250.2.1	Solyc12g055970.1.1	0.9680	223.8	751.2	0.0668	0.0767	1.1484	-1851.859566	
Solyc01g095700.2.1	Solyc12g055990.1.1	1.5521	127.8	385.2	0.0999	0.1595	1.5959	-1060.522802	
Solyc08g082180.2.1	Solyc12g055990.1.1	0.6476	138.1	386.9	0.1113	0.0696	0.6255	-964.073534	
Solyc08g008260.2.1	Solyc12g056060.1.1	1.3779	466.5	1744.5	0.2634	0.2889	1.0966	-4768.811853	
Solyc10g011740.2.1	Solyc12g056100.1.1	2.1314	100.4	331.6	0.0072	0.0215	2.9852	-771.014135	
Solyc01g095490.2.1	Solyc12g056100.1.1	1.7587	109.5	322.5	0.0129	0.0287	2.2275	-781.017938	
Solyc08g008220.2.1	Solyc12g056100.1.1	0.4509	115.3	316.7	0.0380	0.0194	0.5097	-726.910309	
Solyc08g081910.2.1	Solyc12g056110.1.1	0.5844	193.3	484.7	0.1177	0.0621	0.5277	-1208.806579	
Solyc08g008210.2.1	Solyc12g056110.1.1	0.5283	183.7	494.3	0.1378	0.0653	0.4742	-1214.018952	
Solyc10g011790.2.1	Solyc12g056130.1.1	2.5712	199.9	673.1	0.0531	0.1685	3.1758	-1868.293042	
Solyc01g095400.2.1	Solyc12g056130.1.1	3.6169	193.7	676.3	0.0516	0.2367	4.5884	-1939.600455	
Solyc08g081840.2.1	Solyc12g056130.1.1	1.4034	209.2	663.8	0.4015	0.3447	0.8585	-1989.858849	
Solyc08g081810.2.1	Solyc12g056160.1.1	2.7241	626.0	1672.0	0.0772	0.2133	2.7636	-5034.992605	
Solyc08g008190.2.1	Solyc12g056160.1.1	2.7825	606.1	1691.9	0.0789	0.2273	2.8822	-5070.819656	
Solyc10g009600.1.1	Solyc05g050280.2.1	1.2260	185.8	588.2	0.0846	0.1137	1.3428	-1557.726449	
Solyc01g095580.2.1	Solyc05g050280.2.1	0.9823	199.2	574.8	0.1005	0.0992	0.9863	-1509.969437	
Solyc10g011740.2.1	Solyc05g050230.2.1	0.4965	104.6	327.4	0.0243	0.0155	0.6348	-727.265392	
Solyc01g095490.2.1	Solyc05g050230.2.1	0.4463	105.2	326.8	0.0468	0.0250	0.5335	-737.325036	
Solyc01g095460.2.1	Solyc05g050220.2.1	1.0567	291.6	908.4	0.2269	0.1927	0.8493	-2493.384007	
Solyc01g095450.2.1	Solyc05g050210.2.1	0.8973	220.0	815.0	0.1739	0.1488	0.8560	-2062.999732	
Solyc01g095270.2.1	Solyc05g050110.2.1	1.2008	191.8	585.2	0.2367	0.2229	0.9416	-1688.392586	
Solyc01g095090.2.1	Solyc05g050020.2.1	1.1291	338.7	1086.3	0.3066	0.2448	0.7983	-3042.116601	
Solyc01g095080.2.1	Solyc05g050010.2.1	1.4030	295.7	994.3	0.0939	0.1456	1.5505	-2610.720687	
Solyc08g081540.2.1	Solyc05g050010.2.1	2.3825	284.5	1011.5	0.0723	0.2082	2.8779	-2753.314429	
Solyc01g094970.2.1	Solyc05g049980.2.1	0.6570	281.2	906.8	0.1482	0.0928	0.6261	-2243.761203	
Solyc08g081480.2.1	Solyc05g049980.2.1	1.8067	318.5	1025.5	0.0973	0.1882	1.9353	-2886.622616	
Solyc01g094960.2.1	Solyc05g049970.2.1	0.5935	251.2	792.8	0.1140	0.0689	0.6046	-1897.243944	
Solyc08g081490.2.1	Solyc05g049970.2.1	1.5034	235.3	808.7	0.0665	0.1203	1.8101	-2108.017333	
Solyc01g095770.2.1	Solyc05g050350.1.1	0.9917	488.2	1455.8	0.2762	0.1994	0.7218	-4077.238777	
Solyc10g009600.1.1	Solyc05g050280.2.1	1.2260	185.8	588.2	0.0846	0.1137	1.3428	-1557.726449	
Solyc01g095580.2.1	Solyc05g050280.2.1	0.9823	199.2	574.8	0.1005	0.0992	0.9863	-1509.969437	
Solyc10g011740.2.1	Solyc05g050230.2.1	0.4965	104.6	327.4	0.0243	0.0155	0.6348	-727.265392	
Solyc01g095490.2.1	Solyc05g050230.2.1	0.4463	105.2	326.8	0.0468	0.0250	0.5335	-737.325036	
Solyc01g095460.2.1	Solyc05g050220.2.1	1.0567	291.6	908.4	0.2269	0.1927	0.8493	-2493.384007	
Solyc01g095450.2.1	Solyc05g050210.2.1	0.8973	220.0	815.0	0.1739	0.1488	0.8560	-2062.999732	
Solyc01g095270.2.1	Solyc05g050110.2.1	1.2008	191.8	585.2	0.2367	0.2229	0.9416	-1688.392586	
Solyc01g095090.2.1	Solyc05g050020.2.1	1.1291	338.7	1086.3	0.3066	0.2448	0.7983	-3042.116601	
Solyc01g095080.2.1	Solyc05g050010.2.1	1.4030	295.7	994.3	0.0939	0.1456	1.5505	-2610.720687	
Solyc01g094970.2.1	Solyc05g049980.2.1	0.6570	281.2	906.8	0.1482	0.0928	0.6261	-2243.761203	
Solyc01g094960.2.1	Solyc05g049970.2.1	0.5935	251.2	792.8	0.1140	0.0689	0.6046	-1897.243944	
Solyc01g096150.2.1	Solyc05g050520.2.1	0.7841	183.2	545.8	0.1598	0.1126	0.7046	-1407.956358	
Solyc01g096080.2.1	Solyc05g050550.2.1	2.0233	116.0	418.0	0.3107	0.4551	1.4649	-1241.000428	
Solyc01g096050.2.1	Solyc05g050560.1.1	0.8657	375.1	1115.9	0.2178	0.1516	0.6960	-2995.091869	
Solyc10g009420.2.1	Solyc05g050580.2.1	0.6516	206.3	681.7	0.0916	0.0658	0.7176	-1622.576800	
Solyc01g096020.2.1	Solyc05g050580.2.1	0.5227	201.6	686.4	0.0822	0.0493	0.5997	-1573.488469	
Solyc01g095990.2.1	Solyc05g050590.2.1	0.7631	384.4	1295.6	0.1559	0.1136	0.7287	-3244.597321	
Solyc01g095970.2.1	Solyc05g050600.2.1	0.4688	406.2	1384.8	0.0556	0.0322	0.5792	-3063.844122	
Solyc01g095900.2.1	Solyc05g050630.2.1	0.7767	769.5	2542.5	0.2156	0.1403	0.6507	-6600.610868	
Solyc10g011870.2.1	Solyc06g036430.2.1	5.5762	173.6	486.4	0.0326	0.2110	6.4751	-1437.664372	
Solyc01g095200.2.1	Solyc06g036430.2.1	26.1537	173.4	486.6	0.0057	0.1853	32.6572	-1415.488262	
Solyc01g095030.2.1	Solyc06g036300.2.1	2.2567	196.6	592.4	0.1604	0.3264	2.0353	-1831.664532	
Solyc01g094890.2.1	Solyc06g036220.1.1	2.5777	324.9	920.1	0.1797	0.3921	2.1824	-2926.503398	
Solyc01g094830.2.1	Solyc06g036130.2.1	3.5544	377.3	1047.7	0.1034	0.3594	3.4768	-3309.527579	
Solyc08g080740.2.1	Solyc01g094320.2.1	2.6429	102.1	449.9	0.0830	0.2895	3.4877	-1227.802770	
Solyc08g080960.2.1	Solyc01g094460.2.1	50.0000	186.6	590.4	0.0064	0.4335	68.0417	-1881.694001	
Solyc08g081180.2.1	Solyc01g094680.2.1	2.0697	339.0	1038.0	0.0746	0.1701	2.2814	-2916.442446	
Solyc08g081190.2.1	Solyc01g094690.2.1	1.2214	211.5	601.5	0.0804	0.1024	1.2739	-1603.414355	
Solyc08g081220.1.1	Solyc01g094750.2.1	1.8162	365.6	1068.4	0.0584	0.1185	2.0285	-2949.864490	
Solyc08g081270.2.1	Solyc01g094810.2.1	1.8179	97.3	322.7	0.0211	0.0515	2.4442	-769.775320	
Solyc08g081290.2.1	Solyc01g094820.2.1	3.6596	225.2	968.8	0.2497	0.7786	3.1179	-3006.508379	
Solyc08g081300.2.1	Solyc01g094840.2.1	2.8478	108.9	401.1	0.1752	0.4733	2.7017	-1223.986049	
Solyc08g081360.2.1	Solyc01g094870.1.1	2.6419	174.1	587.9	0.0758	0.2326	3.0685	-1688.001260	
Solyc08g081540.2.1	Solyc01g095080.2.1	2.6251	280.3	1009.7	0.0584	0.1943	3.3270	-2722.822966	
Solyc08g081730.2.1	Solyc01g095200.2.1	2.0177	156.2	506.8	0.0696	0.1621	2.3284	-1406.020672	
Solyc08g081830.2.1	Solyc01g095390.2.1	6.3208	334.1	1093.9	0.0835	0.5908	7.0718	-3490.258882	
Solyc08g081840.2.1	Solyc01g095400.2.1	50.0000	202.5	667.5	0.0050	0.3546	70.4515	-2053.685201	
Solyc08g081850.1.1	Solyc01g095440.2.1	2.6719	162.3	626.7	0.2665	0.5687	2.1337	-1908.095452	
Solyc08g081930.2.1	Solyc01g095470.2.1	4.1721	232.8	652.2	0.0396	0.1883	4.7592	-1891.259514	
Solyc08g081960.1.1	Solyc01g095500.2.1	8.0444	107.5	339.5	0.0934	0.8040	8.6080	-1139.426600	
Solyc08g081980.2.1	Solyc01g095550.2.1	3.7749	437.0	1465.0	0.0885	0.3739	4.2230	-4454.705140	
Solyc08g082020.2.1	Solyc01g095570.2.1	1.5599	232.8	679.2	0.0669	0.1141	1.7040	-1837.072890	
Solyc08g082040.2.1	Solyc01g095590.2.1	4.6127	542.3	2040.7	0.1154	0.5894	5.1057	-6388.258287	
Solyc08g082060.2.1	Solyc01g095610.2.1	7.1581	245.8	837.2	0.0404	0.3730	9.2416	-2544.923546	
Solyc08g082110.2.1	Solyc01g095630.2.1	3.6168	151.2	670.8	0.1481	0.5859	3.9549	-1969.248646	
Solyc08g082180.2.1	Solyc01g095700.2.1	1.6799	122.0	391.0	0.0785	0.1477	1.8813	-1045.862978	
Solyc08g082310.2.1	Solyc01g095810.2.1	8.2201	103.7	331.3	0.0802	0.7342	9.1514	-1109.939929	
Solyc08g081420.2.1	Solyc01g094990.2.1	3.0840	271.7	1099.3	0.0860	0.3309	3.8488	-3160.148317	
Solyc08g081480.2.1	Solyc01g094970.2.1	2.0431	286.6	901.4	0.0997	0.2143	2.1493	-2604.539617	
Solyc08g081490.2.1	Solyc01g094960.2.1	1.6304	240.3	803.7	0.0509	0.1027	2.0177	-2067.934000	
Solyc08g080780.2.1	Solyc03g025830.2.1	6.5991	605.0	2071.0	0.0733	0.5698	7.7791	-6401.521954	
Solyc01g094380.2.1	Solyc03g025760.2.1	3.0727	301.6	1132.4	0.0976	0.3478	3.5638	-3312.270130	
Solyc01g094570.2.1	Solyc03g025510.2.1	2.1598	286.6	937.4	0.1149	0.2568	2.2349	-2728.860205	
Solyc01g094590.2.1	Solyc03g025490.2.1	50.0000	131.9	387.1	0.0044	0.2852	64.7619	-1150.963805	
Solyc01g094660.2.1	Solyc03g025450.2.1	3.2355	248.2	792.8	0.1916	0.5377	2.8062	-2570.709879	
Solyc08g081200.2.1	Solyc03g025370.2.1	2.3749	203.6	696.4	0.0729	0.2042	2.8015	-1944.106786	
Solyc08g081210.2.1	Solyc03g025360.2.1	1.4565	178.5	631.5	0.0521	0.0968	1.8602	-1591.048331	
Solyc08g081240.2.1	Solyc03g025290.2.1	50.0000	256.7	775.3	0.0048	0.3146	66.0507	-2379.836556	
Solyc01g094830.2.1	Solyc03g025190.2.1	3.5449	388.7	1036.3	0.1115	0.3724	3.3388	-3329.357068	
Solyc03g025530.2.1	Solyc06g036040.1.1	1.1193	119.4	354.6	0.4989	0.2978	0.5969	-1009.929005	
Solyc03g025440.2.1	Solyc06g036060.2.1	1.1792	411.8	1349.2	0.3568	0.2765	0.7750	-3861.105310	
Solyc03g025420.2.1	Solyc06g036070.2.1	0.5585	235.0	809.0	0.2022	0.0986	0.4877	-1951.661196	
Solyc08g081210.2.1	Solyc06g036080.2.1	1.7416	174.9	635.1	0.0620	0.1361	2.1941	-1660.991463	
Solyc03g025360.2.1	Solyc06g036080.2.1	0.6546	173.9	636.1	0.1396	0.0939	0.6729	-1540.321420	
Solyc03g025350.2.1	Solyc06g036100.2.1	1.0050	204.4	626.6	0.2277	0.1827	0.8021	-1729.168519	
Solyc03g025340.1.1	Solyc06g036110.1.1	2.1495	172.7	475.3	0.0608	0.1401	2.3026	-1312.352708	
Solyc06g069020.2.1	Solyc03g119290.2.1	9.2489	266.7	906.3	0.0539	0.6175	11.4599	-2931.121114	
Solyc06g069090.2.1	Solyc03g119360.2.1	0.5071	103.0	275.0	0.0061	0.0037	0.6106	-621.997920	
Solyc06g069120.2.1	Solyc03g119480.2.1	0.8807	137.2	354.8	0.2837	0.1722	0.6072	-1018.138437	
Solyc06g069150.1.1	Solyc03g119610.1.1	1.7204	126.8	332.2	0.1732	0.2473	1.4279	-997.708651	
Solyc06g069220.1.1	Solyc03g119690.1.1	1.2373	328.1	877.9	0.1904	0.1912	1.0043	-2579.407514	
Solyc06g069240.1.1	Solyc03g119770.2.1	3.6552	141.6	548.4	0.2156	0.6977	3.2359	-1690.435033	
Solyc06g069260.1.1	Solyc03g119820.1.1	1.8673	120.7	317.3	0.2013	0.2974	1.4773	-1003.208133	
Solyc06g069280.2.1	Solyc03g119850.1.1	1.7020	291.0	909.0	0.3982	0.4152	1.0427	-2847.128965	
Solyc06g068980.2.1	Solyc03g119140.2.1	0.5227	220.4	658.6	0.0711	0.0408	0.5730	-1535.009757	
Solyc06g069000.2.1	Solyc03g119110.2.1	1.1473	236.5	657.5	0.2569	0.2167	0.8433	-1926.148883	
Solyc06g069010.2.1	Solyc03g119040.2.1	1.2157	214.5	694.5	0.0195	0.0314	1.6154	-1627.747597	
Solyc06g068690.2.1	Solyc03g118030.2.1	0.9476	419.7	1275.3	0.1416	0.1263	0.8919	-3353.276536	
Solyc06g068700.2.1	Solyc03g118040.2.1	0.7968	400.0	1196.0	0.1429	0.1061	0.7425	-3020.426052	
Solyc06g068720.2.1	Solyc03g118090.2.1	0.9415	212.9	660.1	0.1402	0.1258	0.8970	-1740.531772	
Solyc06g068750.2.1	Solyc03g118120.2.1	2.1225	134.9	447.1	0.1570	0.3152	2.0073	-1331.474714	
Solyc06g068800.2.1	Solyc03g118150.2.1	1.0044	159.3	518.7	0.1211	0.1237	1.0218	-1350.569772	
Solyc06g068830.1.1	Solyc03g118190.2.1	7.7383	78.3	386.7	0.0419	0.5316	12.6933	-1114.890414	
Solyc06g068840.2.1	Solyc03g118200.2.1	0.5647	157.1	436.9	0.1357	0.0701	0.5168	-1080.950815	
Solyc06g068870.2.1	Solyc03g118310.2.1	1.6041	295.6	1018.4	0.2262	0.3022	1.3357	-2971.013233	
Solyc06g068880.2.1	Solyc03g118370.2.1	0.6652	305.3	969.7	0.1163	0.0787	0.6762	-2363.221118	
Solyc06g068900.2.1	Solyc03g118470.2.1	0.9251	107.1	399.9	0.0898	0.0982	1.0928	-969.038354	
Solyc06g068910.2.1	Solyc03g118330.1.1	12.6678	203.9	711.1	0.0621	0.9670	15.5737	-2406.700100	
Solyc06g068920.2.1	Solyc03g118530.2.1	0.6296	319.1	1006.9	0.0753	0.0530	0.7046	-2390.483344	
Solyc06g068930.1.1	Solyc03g118540.2.1	1.3429	148.6	463.4	0.3097	0.2905	0.9378	-1331.441271	
Solyc06g068940.2.1	Solyc03g118710.2.1	0.9336	112.0	377.0	0.1766	0.1505	0.8524	-988.479308	
Solyc06g068950.2.1	Solyc03g118750.2.1	0.6789	343.7	1126.3	0.1723	0.1066	0.6187	-2792.471280	
Solyc06g068970.2.1	Solyc03g118830.2.1	0.7461	229.7	619.3	0.1509	0.0986	0.6534	-1623.238829	
Solyc03g119230.1.1	Solyc12g036320.1.1	1.6546	152.8	564.2	0.2502	0.3366	1.3451	-1632.198988	
Solyc03g119240.2.1	Solyc12g036330.1.1	1.3182	231.3	869.7	0.3467	0.3148	0.9079	-2483.159796	
Solyc03g119250.2.1	Solyc12g036390.1.1	1.7410	271.1	931.9	0.0998	0.1913	1.9174	-2565.761654	
Solyc03g119260.2.1	Solyc12g036400.1.1	1.4196	235.8	745.2	0.1228	0.1741	1.4182	-2049.124359	
Solyc06g069020.2.1	Solyc12g036410.1.1	50.0000	258.0	915.0	0.0081	0.5959	73.6650	-2902.856799	
Solyc03g119290.2.1	Solyc12g036410.1.1	0.5222	302.0	871.0	0.1855	0.0817	0.4405	-2138.072751	
Solyc03g119320.1.1	Solyc12g036440.1.1	3.0546	90.2	455.8	0.0748	0.3345	4.4735	-1212.437884	
Solyc03g119390.2.1	Solyc12g036470.1.1	1.6021	137.4	621.6	0.2165	0.3226	1.4904	-1690.327828	
Solyc06g069100.1.1	Solyc12g036480.1.1	2.1304	162.5	662.5	0.2690	0.4625	1.7197	-1961.523031	
Solyc03g119470.1.1	Solyc12g036500.1.1	0.9915	202.9	934.1	0.1518	0.1654	1.0902	-2221.323672	
Solyc06g069120.2.1	Solyc12g036650.1.1	1.2472	104.8	327.2	0.3443	0.2844	0.8260	-971.155009	
Solyc03g119480.2.1	Solyc12g036650.1.1	1.1500	106.4	325.6	0.3992	0.2797	0.7006	-962.575095	
Solyc06g069130.2.1	Solyc12g036810.1.1	0.9623	286.1	922.9	0.2586	0.1911	0.7390	-2485.922952	
Solyc06g069150.1.1	Solyc12g036900.1.1	1.9655	129.1	329.9	0.2025	0.3108	1.5347	-1023.731412	
Solyc03g119610.1.1	Solyc12g036900.1.1	1.8147	124.4	334.6	0.2303	0.3174	1.3782	-1016.175791	
Solyc03g119660.1.1	Solyc12g037950.1.1	50.0000	99.1	314.9	0.0074	0.5005	68.0668	-1034.112470	
Solyc03g119720.2.1	Solyc12g038160.1.1	0.7652	529.9	1528.1	0.1955	0.1238	0.6335	-4060.134690	
Solyc03g119240.2.1	Solyc05g008930.2.1	6.9919	222.7	875.3	0.0378	0.3786	10.0026	-2608.971459	
Solyc12g036330.1.1	Solyc05g008930.2.1	50.0000	227.9	876.1	0.0051	0.4076	79.1826	-2637.071894	
Solyc03g119260.2.1	Solyc05g009110.1.1	3.5438	218.8	702.2	0.0832	0.3266	3.9239	-2121.418971	
Solyc12g036400.1.1	Solyc05g009110.1.1	2.8118	210.6	710.4	0.1020	0.3110	3.0501	-2106.737524	
Solyc03g119300.2.1	Solyc05g009150.2.1	3.2091	149.3	582.7	0.0237	0.1136	4.8013	-1492.040725	
Solyc03g119400.2.1	Solyc05g009240.2.1	7.4563	423.5	1274.5	0.0902	0.7072	7.8367	-4308.258812	
Solyc03g119530.2.1	Solyc05g009320.2.1	3.4243	127.6	442.4	0.0919	0.3553	3.8672	-1360.103663	
Solyc03g119540.2.1	Solyc05g009310.2.1	6.1742	221.2	828.8	0.0458	0.3819	8.3393	-2441.491122	
Solyc03g119580.1.1	Solyc05g009250.1.1	50.0000	143.0	700.0	0.0121	1.1192	92.7615	-2125.508295	
Solyc03g119190.2.1	Solyc05g008890.2.1	5.0039	144.4	491.6	0.0710	0.4199	5.9160	-1486.819786	
Solyc03g119240.2.1	Solyc05g008930.2.1	6.9919	222.7	875.3	0.0378	0.3786	10.0026	-2608.971459	
Solyc03g119260.2.1	Solyc05g009110.1.1	3.5438	218.8	702.2	0.0832	0.3266	3.9239	-2121.418971	
Solyc03g119300.2.1	Solyc05g009150.2.1	3.2091	149.3	582.7	0.0237	0.1136	4.8013	-1492.040725	
Solyc03g119400.2.1	Solyc05g009240.2.1	7.4563	423.5	1274.5	0.0902	0.7072	7.8367	-4308.258812	
Solyc03g119580.1.1	Solyc05g009450.1.1	50.0000	159.4	689.6	0.0101	0.8624	85.0211	-2143.738126	
Solyc03g119640.2.1	Solyc05g009580.2.1	4.9210	286.7	997.3	0.0480	0.3022	6.2951	-2879.180155	
Solyc06g069180.2.1	Solyc05g009600.2.1	4.2291	174.2	521.8	0.0167	0.0894	5.3636	-1369.258201	
Solyc06g069220.1.1	Solyc05g009680.1.1	50.0000	309.2	896.8	0.0048	0.3105	64.1130	-2826.611384	
Solyc03g119690.1.1	Solyc05g009680.1.1	50.0000	312.2	896.8	0.0043	0.2752	63.7439	-2793.595507	
Solyc03g118080.2.1	Solyc12g042400.1.1	50.0000	295.3	1132.7	0.0081	0.6322	78.1607	-3576.316847	
Solyc06g068730.1.1	Solyc12g042380.1.1	1.0617	322.8	1057.2	0.1955	0.1803	0.9224	-2855.648683	
Solyc06g068740.2.1	Solyc12g042370.1.1	0.8129	196.1	625.9	0.1189	0.0979	0.8234	-1547.536316	
Solyc03g118100.2.1	Solyc12g042370.1.1	0.9632	189.6	632.4	0.1063	0.1093	1.0276	-1585.131917	
Solyc06g068770.2.1	Solyc12g042360.1.1	0.3890	234.3	740.7	0.0430	0.0204	0.4751	-1621.492439	
Solyc06g068830.1.1	Solyc12g042210.1.1	50.0000	77.4	387.6	0.0072	0.6939	96.6356	-1137.581479	
Solyc03g118190.2.1	Solyc12g042210.1.1	3.8374	76.9	388.1	0.1181	0.5726	4.8464	-1106.990211	
Solyc03g118260.1.1	Solyc12g042170.1.1	0.6106	95.2	234.8	0.3366	0.1297	0.3854	-642.826359	
Solyc03g118340.2.1	Solyc12g042060.1.1	0.5550	591.5	1706.5	0.0248	0.0167	0.6707	-3883.117482	
Solyc03g119240.2.1	Solyc04g007380.1.1	50.0000	220.4	766.6	0.0119	0.8507	71.6677	-2564.444226	
Solyc03g119390.2.1	Solyc04g007300.2.1	3.7579	122.8	561.2	0.1497	0.6202	4.1427	-1655.873992	
Solyc03g119400.2.1	Solyc04g007290.2.1	12.5890	432.5	1265.5	0.0501	0.7194	14.3684	-4305.940943	
Solyc03g119540.2.1	Solyc04g007210.2.1	50.0000	201.8	845.2	0.0048	0.4088	84.7440	-2454.553661	
Solyc03g119580.1.1	Solyc04g007180.1.1	9.8171	157.1	697.9	0.0597	0.8402	14.0774	-2163.073830	
Solyc06g069180.2.1	Solyc04g007100.2.1	3.0990	183.8	512.2	0.0484	0.1667	3.4479	-1464.681211	
Solyc03g118290.2.1	Solyc12g042070.1.1	0.6481	453.8	1445.2	0.1517	0.0925	0.6097	-3593.667843	
Solyc06g068900.2.1	Solyc12g040870.1.1	0.9979	109.8	397.2	0.1306	0.1362	1.0433	-999.799201	
Solyc03g118470.2.1	Solyc12g040870.1.1	0.9763	108.3	398.7	0.1100	0.1193	1.0843	-986.930813	
Solyc03g118570.2.1	Solyc12g040810.1.1	0.5058	191.5	609.5	0.0838	0.0467	0.5567	-1391.281727	
Solyc06g068940.2.1	Solyc12g040800.1.1	0.9839	92.1	396.9	0.0963	0.1185	1.2304	-945.581158	
Solyc03g118710.2.1	Solyc12g040800.1.1	1.4953	103.6	385.4	0.0849	0.1518	1.7881	-992.186969	
Solyc06g068950.2.1	Solyc12g040790.1.1	0.6910	336.0	1134.0	0.1672	0.1077	0.6442	-2795.902216	
Solyc03g118750.2.1	Solyc12g040790.1.1	0.5981	330.1	1139.9	0.1020	0.0670	0.6565	-2665.779894	
Solyc06g068910.2.1	Solyc07g056410.2.1	13.8785	296.7	984.3	0.0437	0.7617	17.4469	-3292.295647	
Solyc06g068920.2.1	Solyc07g056400.1.1	25.0696	292.2	940.8	0.0304	0.9759	32.1251	-3239.168826	
Solyc03g118530.2.1	Solyc07g056400.1.1	50.0000	297.8	935.2	0.0149	0.9809	65.9337	-3249.512857	
Solyc03g118820.2.1	Solyc07g056150.2.1	3.8701	124.1	481.9	0.1379	0.5659	4.1021	-1441.593506	
Solyc02g070940.1.1	Solyc03g005760.1.1	0.6401	227.7	531.3	0.0487	0.0311	0.6388	-1315.101323	
Solyc02g071050.2.1	Solyc03g005810.2.1	50.0000	159.2	557.8	0.0098	0.7141	72.5402	-1782.837740	
Solyc02g071140.2.1	Solyc03g005840.1.1	1.8451	173.4	738.6	0.1268	0.2664	2.1004	-1962.698544	
Solyc02g071320.2.1	Solyc03g005850.2.1	1.8107	170.8	570.2	0.5306	0.5013	0.9448	-1699.288257	
Solyc02g071340.1.1	Solyc03g005860.2.1	3.0323	445.3	1318.7	0.0701	0.2325	3.3152	-3872.885408	
Solyc02g071520.2.1	Solyc03g005880.2.1	0.9800	189.4	464.6	0.1287	0.1103	0.8573	-1271.317802	
Solyc02g071610.2.1	Solyc03g005900.2.1	0.7684	179.6	852.4	0.1270	0.1166	0.9181	-1948.667854	
Solyc02g071740.2.1	Solyc03g005920.2.1	0.6817	184.4	676.6	0.1779	0.1142	0.6419	-1645.431247	
Solyc02g071750.2.1	Solyc03g005930.2.1	1.0435	135.3	443.7	0.1840	0.1708	0.9283	-1192.928211	
Solyc02g071760.2.1	Solyc03g005940.2.1	1.2682	170.0	538.0	0.0982	0.1320	1.3432	-1407.747932	
Solyc02g071800.2.1	Solyc03g005960.2.1	2.6037	255.1	806.9	0.3025	0.5585	1.8464	-2596.332768	
Solyc02g071910.1.1	Solyc03g005980.2.1	2.5522	167.0	466.0	0.2391	0.4625	1.9341	-1489.318434	
Solyc02g071990.2.1	Solyc03g005990.2.1	0.7161	256.5	664.5	0.1009	0.0686	0.6794	-1709.895046	
Solyc02g072000.2.1	Solyc03g006000.2.1	0.7706	194.5	678.5	0.1817	0.1282	0.7056	-1711.121924	
Solyc02g072040.2.1	Solyc03g006010.2.1	0.9158	287.2	1152.8	0.1255	0.1278	1.0177	-2817.485846	
Solyc02g072070.2.1	Solyc03g005960.2.1	50.0000	250.7	802.3	0.0135	0.9031	67.1123	-2711.814338	
Solyc02g072270.2.1	Solyc03g006060.2.1	0.8911	107.4	414.6	0.3112	0.2041	0.6559	-1042.342275	
Solyc02g072300.2.1	Solyc03g006070.2.1	0.5150	244.4	760.6	0.0313	0.0201	0.6433	-1714.422431	
Solyc02g072310.2.1	Solyc03g005960.2.1	50.0000	195.8	683.2	0.0114	0.8184	71.9684	-2250.986947	
Solyc02g072570.1.1	Solyc03g006120.2.1	3.1901	132.5	368.5	0.0871	0.2819	3.2364	-1116.323473	
Solyc02g076660.2.1	Solyc03g006130.2.1	1.2444	245.8	807.2	0.1790	0.2003	1.1192	-2251.574300	
Solyc02g076670.2.1	Solyc03g006150.2.1	1.8922	104.0	529.0	0.1997	0.3804	1.9046	-1443.113070	
Solyc02g076800.1.1	Solyc03g006160.1.1	2.3160	84.4	386.6	0.0729	0.2354	3.2288	-1001.895620	
Solyc02g077080.2.1	Solyc03g006220.2.1	1.3218	206.1	822.9	0.0928	0.1490	1.6047	-2079.705353	
Solyc02g077120.2.1	Solyc03g006240.2.1	50.0000	117.9	470.1	0.0054	0.4364	81.4126	-1407.374001	
Solyc02g077270.2.1	Solyc03g006260.2.1	1.0240	219.8	704.2	0.2870	0.2145	0.7475	-1916.980266	
Solyc02g071730.2.1	Solyc07g055920.2.1	8.4670	141.3	482.7	0.0233	0.2686	11.5469	-1413.194530	
Solyc02g071740.2.1	Solyc07g055870.2.1	3.4417	196.2	670.8	0.0449	0.1973	4.3939	-1850.600640	
Solyc03g005920.2.1	Solyc07g055870.2.1	2.6285	198.6	662.4	0.0704	0.2166	3.0765	-1847.784755	
Solyc02g072000.2.1	Solyc07g055710.2.1	6.0136	181.7	691.3	0.0664	0.5103	7.6897	-2108.931583	
Solyc03g006000.2.1	Solyc07g055710.2.1	9.3690	191.8	681.2	0.0409	0.5072	12.4158	-2103.986738	
Solyc02g072150.2.1	Solyc07g055300.2.1	2.7903	551.2	1956.8	0.0390	0.1451	3.7168	-5196.028770	
Solyc02g072180.2.1	Solyc07g055290.2.1	2.3586	146.9	474.1	0.0384	0.1137	2.9576	-1230.498743	
Solyc02g072190.2.1	Solyc07g055280.2.1	7.3072	130.8	451.2	0.0598	0.5376	8.9858	-1442.562644	
Solyc02g072210.1.1	Solyc07g055270.1.1	2.6379	114.8	488.2	0.1689	0.4541	2.6876	-1405.267956	
Solyc02g072300.2.1	Solyc07g055200.2.1	1.3483	235.9	769.1	0.0310	0.0540	1.7385	-1886.328028	
Solyc03g006070.2.1	Solyc07g055200.2.1	1.6822	230.1	774.9	0.0286	0.0640	2.2337	-1918.719645	
Solyc02g072310.2.1	Solyc07g055180.2.1	8.7648	196.5	709.5	0.0684	0.7385	10.8032	-2307.391332	
Solyc03g006030.2.1	Solyc07g055820.1.1	19.8919	224.9	846.1	0.0543	1.4227	26.2205	-2840.759699	
Solyc02g072310.2.1	Solyc07g055400.1.1	50.0000	98.4	339.6	0.0094	0.6721	71.8651	-1103.865923	
Solyc02g076680.2.1	Solyc07g055140.2.1	4.4057	218.3	741.7	0.1235	0.5619	4.5487	-2377.285206	
Solyc02g076780.2.1	Solyc07g055130.2.1	8.8329	197.3	666.7	0.0256	0.3034	11.8692	-1983.494352	
Solyc02g076810.2.1	Solyc07g055100.2.1	5.7728	181.7	583.3	0.0531	0.3675	6.9232	-1804.849890	
Solyc02g076880.2.1	Solyc07g055010.2.1	1.6040	74.5	267.5	0.2305	0.3096	1.3431	-757.844531	
Solyc03g006030.2.1	Solyc03g006300.1.1	50.0000	303.7	1022.3	0.0108	0.7578	70.2267	-3391.079929	
Solyc07g055820.1.1	Solyc03g006300.1.1	10.2634	204.2	860.8	0.1552	1.6742	10.7875	-2829.392096	
Solyc07g055400.1.1	Solyc03g006500.2.1	50.0000	146.8	489.2	0.0115	0.8025	69.5130	-1641.238738	
Solyc07g055190.2.1	Solyc03g006700.2.1	50.0000	225.0	654.0	0.0084	0.5347	63.5465	-2197.466571	
Solyc02g072310.2.1	Solyc03g006720.1.1	6.8396	204.0	702.0	0.1092	0.8040	7.3591	-2334.876833	
Solyc07g055180.2.1	Solyc03g006720.1.1	6.7808	259.3	856.7	0.1296	0.8829	6.8121	-2903.329958	
Solyc02g071160.2.1	Solyc01g099330.2.1	50.0000	207.2	830.8	0.0078	0.6337	80.9356	-2616.015033	
Solyc02g071300.1.1	Solyc01g099000.1.1	50.0000	308.1	1086.9	0.0101	0.7359	72.8578	-3528.879475	
Solyc02g071800.2.1	Solyc01g098740.2.1	50.0000	262.9	850.1	0.0116	0.7886	67.9998	-2864.804694	
Solyc03g005960.2.1	Solyc01g098740.2.1	50.0000	258.8	803.2	0.0145	0.9493	65.4505	-2757.366923	
Solyc02g072010.1.1	Solyc01g098480.1.1	50.0000	162.5	584.5	0.0130	0.9530	73.1829	-1917.525350	
Solyc02g072070.2.1	Solyc01g098410.2.1	50.0000	228.5	788.5	0.0122	0.8650	71.1853	-2628.321791	
Solyc03g006030.2.1	Solyc01g098370.1.1	8.5388	301.1	1030.9	0.1357	1.1666	8.5977	-3501.596200	
Solyc11g006320.1.1	Solyc05g055090.2.1	0.6225	676.0	2387.0	0.0971	0.0680	0.7001	-5549.473486	
Solyc11g006450.1.1	Solyc05g055140.1.1	1.9962	72.3	359.7	0.1981	0.3967	2.0020	-986.439080	
Solyc11g006460.1.1	Solyc05g055160.2.1	0.5550	260.2	804.8	0.0580	0.0373	0.6421	-1859.213189	
Solyc11g006500.1.1	Solyc05g055170.2.1	0.6430	170.8	522.2	0.1235	0.0780	0.6312	-1265.561421	
Solyc11g006540.1.1	Solyc05g055180.2.1	1.1535	177.8	530.2	0.2886	0.2375	0.8229	-1497.680997	
Solyc11g006650.1.1	Solyc05g055200.2.1	1.2824	367.4	1489.6	0.1623	0.2115	1.3032	-3894.834622	
Solyc11g006660.1.1	Solyc05g055210.1.1	0.4368	275.1	939.9	0.0279	0.0164	0.5871	-2009.938500	
Solyc11g006670.1.1	Solyc05g055220.1.1	1.5244	95.6	423.4	0.1475	0.2461	1.6686	-1086.875912	
Solyc11g006720.1.1	Solyc05g055240.2.1	1.2284	110.6	372.4	0.1106	0.1440	1.3027	-981.004790	
Solyc11g006900.1.1	Solyc05g055270.1.1	1.8977	99.5	377.5	0.1898	0.3346	1.7633	-1097.591747	
Solyc11g007030.1.1	Solyc05g055290.2.1	3.0163	196.8	814.2	0.0809	0.3130	3.8708	-2253.496511	
Solyc11g007080.1.1	Solyc05g055300.1.1	1.1721	213.8	509.2	0.0682	0.0775	1.1368	-1395.601209	
Solyc11g007210.1.1	Solyc05g055320.2.1	1.2071	222.8	704.2	0.1644	0.1811	1.1014	-1949.412670	
Solyc11g007280.1.1	Solyc05g055330.2.1	0.7315	478.2	1336.8	0.1046	0.0749	0.7161	-3395.892604	
Solyc11g007340.1.1	Solyc05g055340.2.1	1.3046	236.1	879.9	0.3618	0.3167	0.8753	-2460.654310	
Solyc11g007510.1.1	Solyc05g055360.2.1	1.5302	441.8	1307.2	0.3918	0.3664	0.9352	-3995.252882	
Solyc11g007530.1.1	Solyc05g055390.2.1	1.7064	110.3	354.7	0.2279	0.3154	1.3839	-1075.813106	
Solyc11g007540.1.1	Solyc05g055400.2.1	2.1338	328.9	1006.1	0.0805	0.1865	2.3162	-2857.024207	
Solyc11g007600.1.1	Solyc05g055410.1.1	1.0473	383.6	1137.4	0.1523	0.1452	0.9537	-3017.565745	
Solyc11g007770.1.1	Solyc05g055420.2.1	0.7992	212.3	657.7	0.0843	0.0730	0.8655	-1626.889653	
Solyc11g008000.1.1	Solyc05g055470.2.1	1.0405	193.8	643.2	0.3068	0.2277	0.7422	-1748.240779	
Solyc11g008030.1.1	Solyc05g055490.1.1	2.6433	332.9	1245.1	0.0778	0.2517	3.2350	-3480.705687	
Solyc11g008180.1.1	Solyc05g055540.1.1	50.0000	154.4	697.6	0.0036	0.3246	90.5016	-1894.862063	
Solyc11g006730.1.1	Solyc11g068570.1.1	4.5340	154.3	436.7	0.0935	0.4281	4.5774	-1404.306578	
Solyc11g007030.1.1	Solyc11g067260.1.1	3.4401	243.6	761.4	0.1064	0.3777	3.5499	-2373.233348	
Solyc05g055290.2.1	Solyc11g067260.1.1	3.6684	205.8	799.2	0.1057	0.4475	4.2329	-2371.509834	
Solyc11g007250.1.1	Solyc11g067070.1.1	8.9290	290.1	930.9	0.0401	0.4450	11.1009	-2978.083236	
Solyc11g007270.1.1	Solyc11g067050.1.1	1.8400	368.7	1194.3	0.0830	0.1702	2.0489	-3312.867693	
Solyc11g007280.1.1	Solyc11g067000.1.1	1.7072	473.7	1341.3	0.0768	0.1375	1.7910	-3693.004260	
Solyc05g055330.2.1	Solyc11g067000.1.1	1.9922	476.8	1338.2	0.0552	0.1208	2.1891	-3671.559848	
Solyc11g007310.1.1	Solyc11g066990.1.1	8.9538	109.6	361.4	0.0407	0.4605	11.3030	-1117.247454	
Solyc11g007600.1.1	Solyc11g066820.1.1	2.3529	382.0	1148.0	0.0967	0.2353	2.4344	-3332.467591	
Solyc05g055410.1.1	Solyc11g066820.1.1	2.5784	375.7	1154.3	0.0754	0.2143	2.8415	-3275.570509	
Solyc11g068530.1.1	Solyc06g074270.1.1	2.0924	150.9	656.1	0.1155	0.2868	2.4826	-1762.352538	
Solyc11g006780.1.1	Solyc06g074250.2.1	50.0000	153.8	497.2	0.0096	0.6589	68.4063	-1653.773138	
Solyc11g068420.1.1	Solyc06g074300.2.1	0.6622	142.6	505.4	0.0168	0.0159	0.9468	-1079.834466	
Solyc11g068370.1.1	Solyc06g074320.2.1	1.1009	203.9	795.1	0.1952	0.1993	1.0209	-2098.797553	
Solyc11g007030.1.1	Solyc06g074330.2.1	2.6904	235.4	748.6	0.2275	0.4947	2.1750	-2388.152874	
Solyc05g055290.2.1	Solyc06g074330.2.1	3.9246	190.2	790.8	0.1281	0.5641	4.4019	-2348.310840	
Solyc11g067260.1.1	Solyc06g074330.2.1	2.9496	234.2	743.8	0.1570	0.4301	2.7400	-2354.794845	
Solyc11g067170.1.1	Solyc06g074390.2.1	2.8881	343.9	1081.1	0.1529	0.4120	2.6937	-3311.637942	
Solyc11g007250.1.1	Solyc06g074480.2.1	7.5390	285.9	935.1	0.0472	0.4389	9.2982	-2964.177389	
Solyc11g067070.1.1	Solyc06g074480.2.1	0.6232	340.9	1036.1	0.1454	0.0846	0.5820	-2597.228323	
Solyc11g066860.1.1	Solyc06g074620.2.1	1.4119	117.3	335.7	0.1887	0.2227	1.1800	-996.382219	
Solyc11g007760.1.1	Solyc03g071750.2.1	0.4236	188.2	624.8	0.0431	0.0230	0.5335	-1348.315669	
Solyc11g007910.1.1	Solyc03g071670.1.1	1.8031	84.3	311.7	0.1841	0.3093	1.6800	-900.815028	
Solyc11g007990.1.1	Solyc03g071590.2.1	0.7548	287.7	981.3	0.0873	0.0747	0.8551	-2368.785902	
Solyc11g008140.1.1	Solyc03g071570.2.1	1.4633	280.2	907.8	0.0976	0.1533	1.5713	-2480.215498	
Solyc05g055510.2.1	Solyc03g071570.2.1	1.5507	290.2	909.8	0.1175	0.1835	1.5621	-2557.399252	
Solyc11g008210.1.1	Solyc03g071560.2.1	1.0862	96.4	257.6	0.1199	0.1207	1.0071	-700.832304	
Solyc11g006320.1.1	Solyc10g081610.1.1	1.5767	611.5	2451.5	0.0488	0.1074	2.2020	-6047.374526	
Solyc05g055090.2.1	Solyc10g081610.1.1	1.8608	626.6	2436.4	0.0402	0.1054	2.6222	-6045.854858	
Solyc11g006370.1.1	Solyc10g081640.1.1	3.8186	193.6	619.4	0.0279	0.1369	4.9073	-1632.764718	
Solyc11g006620.1.1	Solyc10g081940.1.1	2.4718	414.6	1385.4	0.0622	0.1841	2.9620	-3833.406289	
Solyc11g006650.1.1	Solyc10g082000.1.1	2.8268	348.5	1631.5	0.0908	0.3411	3.7570	-4466.414074	
Solyc05g055200.2.1	Solyc10g082000.1.1	3.7391	324.9	1406.1	0.0763	0.3810	4.9916	-3996.410377	
Solyc11g006370.1.1	Solyc01g006730.2.1	3.9567	200.0	613.0	0.0281	0.1386	4.9370	-1640.035848	
Solyc10g081640.1.1	Solyc01g006730.2.1	0.7352	206.7	606.3	0.0688	0.0552	0.8018	-1458.500601	
Solyc10g081660.1.1	Solyc01g006740.2.1	0.5995	313.4	958.6	0.0987	0.0615	0.6230	-2315.711239	
Solyc10g081710.1.1	Solyc01g006810.2.1	1.0937	132.5	440.5	0.3934	0.2687	0.6830	-1220.973602	
Solyc10g081730.1.1	Solyc01g006830.2.1	1.2461	329.2	921.8	0.3460	0.2774	0.8017	-2675.761801	
Solyc10g081770.1.1	Solyc01g006870.2.1	1.1230	357.8	1238.2	0.2728	0.2343	0.8589	-3405.852088	
Solyc10g081800.1.1	Solyc01g006900.2.1	1.4194	118.9	337.1	0.2016	0.2328	1.1545	-989.233365	
Solyc10g081840.1.1	Solyc01g006930.2.1	1.9554	85.4	328.6	0.3067	0.4445	1.4493	-1004.321751	
Solyc10g081850.1.1	Solyc01g006950.2.1	3.0602	144.6	530.4	0.1207	0.3983	3.3010	-1553.974930	
Solyc10g081890.1.1	Solyc01g007080.2.1	1.4682	278.1	924.9	0.2642	0.2977	1.1269	-2662.689699	
Solyc10g081900.1.1	Solyc01g007100.2.1	0.7485	330.2	1016.8	0.0791	0.0647	0.8185	-2487.838638	
Solyc10g081910.1.1	Solyc01g007130.2.1	0.8155	272.4	837.6	0.1152	0.0942	0.8178	-2139.888104	
Solyc10g081920.1.1	Solyc01g007150.2.1	0.5344	663.8	2069.2	0.0501	0.0318	0.6343	-4740.279317	
Solyc10g081930.1.1	Solyc01g007190.2.1	2.3946	164.1	519.9	0.1190	0.2876	2.4158	-1570.821701	
Solyc10g081980.1.1	Solyc01g007230.2.1	1.4658	126.4	446.6	0.1715	0.2365	1.3791	-1241.952193	
Solyc11g006650.1.1	Solyc01g007260.2.1	3.1909	392.2	1743.8	0.0963	0.3907	4.0555	-4942.396192	
Solyc05g055200.2.1	Solyc01g007260.2.1	4.1215	367.8	1519.2	0.0746	0.4019	5.3882	-4429.032602	
Solyc10g082000.1.1	Solyc01g007260.2.1	1.1471	374.6	1635.4	0.2179	0.2291	1.0514	-4196.347948	
Solyc11g006460.1.1	Solyc11g071830.1.1	2.0298	237.6	821.4	0.0410	0.1082	2.6414	-2091.195780	
Solyc05g055160.2.1	Solyc11g071830.1.1	1.8600	225.9	833.1	0.0411	0.1037	2.5240	-2106.321821	
Solyc11g006470.1.1	Solyc11g071850.1.1	5.5711	223.7	721.3	0.0388	0.2709	6.9729	-2153.297395	
Solyc05g055190.1.1	Solyc11g071880.1.1	50.0000	270.8	935.2	0.0215	1.4862	69.0861	-3199.506829	
Solyc05g055190.1.1	Solyc03g122230.1.1	50.0000	270.4	929.6	0.0192	1.3343	69.3655	-3177.402789	
Solyc11g006620.1.1	Solyc03g122240.2.1	50.0000	397.6	1243.4	0.0097	0.6461	66.7613	-4158.918814	
Solyc11g006730.1.1	Solyc03g123410.1.1	4.6395	134.6	432.4	0.2142	0.8266	3.8582	-1432.857358	
Solyc02g083320.2.1	Solyc03g033310.2.1	0.6504	150.1	458.9	0.1121	0.0734	0.6552	-1147.249561	
Solyc02g083390.2.1	Solyc03g033320.2.1	0.8227	169.3	556.7	0.1756	0.1309	0.7455	-1445.030013	
Solyc02g083400.2.1	Solyc03g033330.2.1	0.8241	180.9	533.1	0.1196	0.0959	0.8017	-1355.000806	
Solyc02g083420.2.1	Solyc03g033340.2.1	0.6228	260.4	831.6	0.0954	0.0637	0.6672	-2002.538179	
Solyc02g083450.2.1	Solyc03g033360.1.1	3.6408	246.2	851.8	0.1169	0.4506	3.8538	-2648.341432	
Solyc02g083560.2.1	Solyc03g033400.2.1	0.5424	580.8	1786.2	0.0799	0.0473	0.5916	-4182.845657	
Solyc02g083570.2.1	Solyc03g033410.2.1	0.4856	105.0	327.0	0.0764	0.0411	0.5377	-745.925049	
Solyc02g083580.2.1	Solyc03g033420.2.1	0.7456	147.3	434.7	0.1716	0.1119	0.6518	-1136.413746	
Solyc02g083710.2.1	Solyc03g033430.1.1	1.0985	110.5	390.5	0.2534	0.2219	0.8759	-1025.366451	
Solyc02g083740.1.1	Solyc03g033460.2.1	0.9867	523.0	1457.0	0.1354	0.1224	0.9041	-3963.593952	
Solyc02g083760.2.1	Solyc03g033490.1.1	50.0000	172.6	481.4	0.0057	0.3548	62.1463	-1564.384147	
Solyc02g083800.2.1	Solyc03g033500.2.1	2.8170	142.5	364.5	0.0659	0.1884	2.8593	-1039.576754	
Solyc02g083820.1.1	Solyc03g033510.2.1	1.1968	461.7	1446.3	0.0816	0.1072	1.3129	-3798.211645	
Solyc02g083850.2.1	Solyc03g033540.2.1	0.4901	187.3	625.7	0.0560	0.0335	0.5973	-1394.903149	
Solyc02g083990.2.1	Solyc03g033580.2.1	0.6136	219.7	734.3	0.1845	0.1013	0.5494	-1748.752325	
Solyc02g082250.2.1	Solyc03g032000.2.1	1.1753	255.4	698.6	0.0514	0.0659	1.2830	-1789.203332	
Solyc02g082410.2.1	Solyc03g032040.2.1	0.7209	568.2	1516.8	0.1464	0.0928	0.6340	-3982.984057	
Solyc02g082420.2.1	Solyc03g032060.1.1	2.9332	126.6	338.4	0.1619	0.4057	2.5067	-1112.642887	
Solyc02g082510.1.1	Solyc03g032090.1.1	1.0559	296.5	963.5	0.0774	0.0925	1.1951	-2382.932923	
Solyc02g082570.1.1	Solyc03g032100.1.1	1.0088	204.0	681.0	0.2927	0.2160	0.7379	-1828.834395	
Solyc02g082680.2.1	Solyc03g032110.1.1	1.0739	555.5	1796.5	0.3341	0.2434	0.7285	-5023.464214	
Solyc02g082800.2.1	Solyc03g032160.2.1	0.7698	261.5	707.5	0.2350	0.1366	0.5812	-1898.491247	
Solyc02g082810.2.1	Solyc03g032180.2.1	0.8085	360.0	1047.0	0.3940	0.1934	0.4909	-2870.940940	
Solyc02g082820.2.1	Solyc03g032190.2.1	0.9477	281.7	900.3	0.1854	0.1543	0.8322	-2393.944442	
Solyc02g082870.2.1	Solyc03g032210.2.1	0.9974	386.0	1237.0	0.1534	0.1438	0.9370	-3281.515325	
Solyc02g082980.1.1	Solyc03g032230.1.1	11.4782	165.4	590.6	0.0445	0.6717	15.0936	-1860.241434	
Solyc02g082270.2.1	Solyc04g082770.2.1	50.0000	135.2	467.8	0.0055	0.4044	72.9550	-1460.820964	
Solyc02g082410.2.1	Solyc04g082700.2.1	1.9257	567.2	1517.8	0.1033	0.1910	1.8485	-4478.906038	
Solyc03g032040.2.1	Solyc04g082700.2.1	1.9196	578.1	1506.9	0.1015	0.1852	1.8251	-4451.003091	
Solyc02g082420.2.1	Solyc04g082690.1.1	48.9445	134.4	351.6	0.0069	0.3992	57.9662	-1175.730555	
Solyc03g032060.1.1	Solyc04g082690.1.1	50.0000	132.2	317.8	0.0079	0.4407	55.6591	-1099.710926	
Solyc02g082470.2.1	Solyc04g082620.2.1	2.2127	130.4	367.6	0.0834	0.1902	2.2811	-1044.860494	
Solyc02g082480.2.1	Solyc04g082610.2.1	4.2009	604.3	1912.7	0.0592	0.2906	4.9125	-5724.747336	
Solyc02g082490.2.1	Solyc04g082600.2.1	3.6582	242.6	768.4	0.0582	0.2497	4.2905	-2241.404645	
Solyc02g082820.2.1	Solyc04g082430.2.1	3.5286	270.3	812.7	0.0780	0.2979	3.8166	-2461.381984	
Solyc03g032190.2.1	Solyc04g082430.2.1	2.6759	267.0	816.0	0.0894	0.2539	2.8415	-2389.547037	
Solyc02g082980.1.1	Solyc04g082270.2.1	50.0000	152.1	591.9	0.0105	0.8242	78.3268	-1858.549980	
Solyc03g032230.1.1	Solyc04g082270.2.1	32.2788	169.5	592.5	0.0205	0.9258	45.1405	-1933.212926	
Solyc02g083250.2.1	Solyc04g082050.2.1	2.0287	137.0	418.0	0.1112	0.2275	2.0454	-1214.188581	
Solyc02g083340.2.1	Solyc04g082000.2.1	2.3005	556.2	1807.8	0.0693	0.1844	2.6598	-5062.814500	
Solyc02g083390.2.1	Solyc04g081930.2.1	2.0891	173.9	549.1	0.1042	0.2270	2.1782	-1593.747275	
Solyc03g033320.2.1	Solyc04g081930.2.1	2.2224	160.2	571.8	0.0765	0.2033	2.6585	-1584.957327	
Solyc02g083480.2.1	Solyc04g081860.2.1	2.7616	192.2	707.8	0.0596	0.2107	3.5349	-1922.247083	
Solyc02g083760.2.1	Solyc04g081550.2.1	50.0000	164.7	489.3	0.0052	0.3392	65.1693	-1558.110152	
Solyc03g033490.1.1	Solyc04g081550.2.1	23.8328	167.6	498.4	0.0102	0.3113	30.6400	-1548.297251	
Solyc03g033550.2.1	Solyc04g081390.2.1	4.3218	88.6	355.4	0.0816	0.4438	5.4392	-1034.076959	
Solyc02g083980.2.1	Solyc04g081300.2.1	2.6388	340.4	1072.6	0.0848	0.2442	2.8813	-3099.758359	
Solyc02g082300.2.1	Solyc12g094710.1.1	4.0488	191.8	501.2	0.3011	0.8216	2.7288	-1790.088412	
Solyc04g082710.2.1	Solyc12g094700.1.1	0.8435	161.8	702.2	0.0932	0.0996	1.0689	-1615.297973	
Solyc02g082420.2.1	Solyc12g094690.1.1	50.0000	131.9	372.1	0.0066	0.4142	62.5272	-1224.315401	
Solyc03g032060.1.1	Solyc12g094690.1.1	2.3888	123.4	338.6	0.2800	0.4721	1.6861	-1135.580435	
Solyc04g082690.1.1	Solyc12g094690.1.1	1.3774	136.4	349.6	0.2619	0.2564	0.9790	-1087.890104	
Solyc04g082640.2.1	Solyc12g094630.1.1	1.0001	121.6	346.4	0.1850	0.1554	0.8401	-954.753319	
Solyc04g082630.2.1	Solyc12g094640.1.1	0.4979	273.4	725.6	0.0448	0.0243	0.5421	-1695.626526	
Solyc04g082520.1.1	Solyc12g094670.1.1	1.5539	284.0	988.0	0.1600	0.2385	1.4903	-2763.881262	
Solyc04g082500.2.1	Solyc12g094680.1.1	11.4325	253.7	841.3	0.0462	0.6590	14.2653	-2777.178151	
Solyc04g082440.2.1	Solyc12g094610.1.1	1.1484	274.4	922.6	0.1025	0.1273	1.2418	-2412.782705	
Solyc02g082820.2.1	Solyc12g094600.1.1	3.5044	289.4	892.6	0.0954	0.3516	3.6869	-2742.640987	
Solyc03g032190.2.1	Solyc12g094600.1.1	3.4211	292.2	889.8	0.0912	0.3293	3.6105	-2694.435425	
Solyc04g082430.2.1	Solyc12g094600.1.1	0.9650	293.3	789.7	0.2583	0.1810	0.7005	-2208.446397	
Solyc04g082290.2.1	Solyc12g094570.1.1	0.8287	131.1	408.9	0.0860	0.0771	0.8971	-986.693894	
Solyc04g082280.2.1	Solyc12g094550.1.1	1.5902	311.3	966.7	0.1496	0.2223	1.4861	-2831.747056	
Solyc04g082240.1.1	Solyc12g094530.1.1	1.6661	152.2	522.8	0.0734	0.1444	1.9673	-1374.526503	
Solyc04g082170.2.1	Solyc12g094500.1.1	0.8126	278.4	837.6	0.1909	0.1317	0.6897	-2202.657300	
Solyc04g082140.2.1	Solyc12g094460.1.1	1.0414	402.7	1202.3	0.1672	0.1543	0.9229	-3305.077220	
Solyc04g082040.2.1	Solyc12g094420.1.1	1.0378	522.4	1709.6	0.1512	0.1495	0.9886	-4505.673310	
Solyc02g083290.2.1	Solyc12g094410.1.1	2.0514	205.1	673.9	0.1042	0.2275	2.1834	-1918.289863	
Solyc04g081990.2.1	Solyc12g094400.1.1	0.8159	308.1	819.9	0.1713	0.1172	0.6839	-2164.790125	
Solyc04g081960.1.1	Solyc12g094390.1.1	2.8507	116.9	519.1	0.0776	0.2983	3.8462	-1393.055739	
Solyc04g081870.2.1	Solyc12g089380.1.1	0.9207	143.3	576.7	0.1826	0.1623	0.8887	-1417.673796	
Solyc02g082450.2.1	Solyc10g074790.1.1	50.0000	300.1	836.9	0.0121	0.7404	61.0722	-2877.119186	
Solyc04g082500.2.1	Solyc10g074710.1.1	50.0000	256.0	839.0	0.0075	0.5188	69.5828	-2712.523268	
Solyc12g094680.1.1	Solyc10g074710.1.1	50.0000	239.1	864.9	0.0077	0.5765	74.8654	-2783.787836	
Solyc02g082860.2.1	Solyc10g074500.1.1	2.7622	261.0	765.0	0.0357	0.1170	3.2761	-2080.217168	
Solyc12g094590.1.1	Solyc10g074490.1.1	2.1405	309.2	1079.8	0.0948	0.2283	2.4078	-3062.110332	
Solyc04g082440.2.1	Solyc11g012440.1.1	50.0000	261.3	911.7	0.0108	0.7790	72.1118	-3001.740966	
Solyc12g094610.1.1	Solyc11g012440.1.1	50.0000	262.3	886.7	0.0108	0.7584	70.4542	-2951.587558	
Solyc12g094560.1.1	Solyc11g012330.1.1	8.4384	78.2	230.8	0.0260	0.2682	10.3185	-694.641135	
Solyc02g083290.2.1	Solyc11g012050.1.1	50.0000	195.4	680.6	0.0084	0.6083	72.6124	-2180.882750	
Solyc12g094410.1.1	Solyc11g012050.1.1	50.0000	209.1	666.9	0.0091	0.6203	67.8463	-2190.466119	
Solyc02g083410.2.1	Solyc11g011870.1.1	50.0000	226.7	742.3	0.0136	0.9294	68.1874	-2515.491570	
Solyc02g082800.2.1	Solyc02g060570.1.1	1.1801	257.7	714.3	0.3729	0.2721	0.7295	-2125.405324	
Solyc03g032160.2.1	Solyc02g060570.1.1	1.2336	255.3	713.7	0.4014	0.2952	0.7355	-2140.306290	
Solyc02g082820.2.1	Solyc02g061650.1.1	1.5039	253.6	775.4	0.2328	0.2767	1.1881	-2278.855047	
Solyc03g032190.2.1	Solyc02g061650.1.1	1.3685	254.3	774.7	0.2621	0.2690	1.0262	-2237.471270	
Solyc04g082430.2.1	Solyc02g061650.1.1	2.4345	217.8	712.2	0.1373	0.3284	2.3915	-2125.164814	
Solyc02g082870.2.1	Solyc02g061740.1.1	1.5208	125.7	420.3	0.2408	0.2938	1.2199	-1219.738246	
Solyc03g032210.2.1	Solyc02g061740.1.1	1.3695	126.1	419.9	0.2742	0.2833	1.0332	-1212.220612	
Solyc02g082920.2.1	Solyc02g061770.2.1	2.2640	110.2	360.8	0.2251	0.4179	1.8568	-1113.315584	
Solyc02g083150.2.1	Solyc02g061810.2.1	0.6955	251.7	750.3	0.3295	0.1534	0.4656	-2001.692596	
Solyc02g083320.2.1	Solyc02g061840.2.1	0.6596	143.2	474.8	0.0870	0.0641	0.7362	-1145.809039	
Solyc03g033310.2.1	Solyc02g061840.2.1	0.7358	144.7	461.3	0.1200	0.0892	0.7431	-1165.804655	
Solyc02g083340.2.1	Solyc02g061850.2.1	0.7449	572.8	1776.2	0.1309	0.0948	0.7242	-4472.262073	
Solyc04g082000.2.1	Solyc02g061850.2.1	1.9650	515.2	1827.8	0.0815	0.1883	2.3106	-5011.195548	
Solyc02g083520.2.1	Solyc02g061990.2.1	2.2421	96.8	350.2	0.1184	0.2861	2.4163	-988.887011	
Solyc04g081820.2.1	Solyc02g061960.2.1	5.1671	325.2	1078.8	0.1118	0.6065	5.4242	-3488.380631	
Solyc04g081750.2.1	Solyc02g062000.2.1	3.1303	307.5	1057.5	0.0814	0.2944	3.6189	-3112.023555	
Solyc02g083580.2.1	Solyc02g062020.2.1	0.3572	155.4	435.6	0.0620	0.0239	0.3857	-985.116581	
Solyc03g033420.2.1	Solyc02g062020.2.1	0.8655	145.9	436.1	0.1305	0.1080	0.8278	-1146.770456	
Solyc02g083690.2.1	Solyc02g062050.1.1	3.3463	127.3	442.7	0.1962	0.5824	2.9693	-1412.760793	
Solyc02g083810.2.1	Solyc02g062130.2.1	0.8733	252.9	794.1	0.1231	0.1070	0.8693	-2040.682330	
Solyc02g083820.1.1	Solyc02g062140.2.1	0.9673	464.9	1392.1	0.1628	0.1409	0.8659	-3748.270986	
Solyc03g033510.2.1	Solyc02g062140.2.1	1.0877	468.2	1391.8	0.1676	0.1611	0.9614	-3828.570346	
Solyc02g083890.2.1	Solyc02g062170.2.1	1.5613	139.7	487.3	0.1594	0.2393	1.5014	-1340.205119	
Solyc02g083960.2.1	Solyc02g062180.2.1	0.8556	265.8	865.2	0.2035	0.1486	0.7300	-2292.637336	
Solyc04g081990.2.1	Solyc01g111840.2.1	3.4283	288.5	830.5	0.1454	0.4544	3.1246	-2664.929256	
Solyc02g083420.2.1	Solyc01g111730.2.1	1.5837	262.3	829.7	0.0567	0.1056	1.8634	-2178.442030	
Solyc03g033340.2.1	Solyc01g111730.2.1	1.5633	257.3	834.7	0.0638	0.1169	1.8324	-2208.471905	
Solyc02g083510.2.1	Solyc01g111660.2.1	2.8020	210.9	563.1	0.0533	0.1599	3.0005	-1620.510928	
Solyc02g083550.1.1	Solyc01g111600.2.1	2.0657	91.8	316.2	0.0924	0.2144	2.3217	-892.659197	
Solyc02g083760.2.1	Solyc01g111320.2.1	50.0000	163.2	490.8	0.0053	0.3455	65.7320	-1566.207310	
Solyc03g033490.1.1	Solyc01g111320.2.1	24.3544	173.7	492.3	0.0086	0.2601	30.3900	-1525.500232	
Solyc04g081550.2.1	Solyc01g111320.2.1	7.4910	168.5	497.5	0.0328	0.2950	8.9966	-1548.919250	
Solyc02g083800.2.1	Solyc01g111280.2.1	38.1251	140.2	354.8	0.0088	0.3844	43.9086	-1117.750446	
Solyc03g033500.2.1	Solyc01g111280.2.1	50.0000	142.2	355.8	0.0064	0.3692	57.4480	-1117.657257	
Solyc02g083820.1.1	Solyc01g111270.2.1	4.7375	424.5	1477.5	0.0365	0.2294	6.2771	-4218.650282	
Solyc03g033510.2.1	Solyc01g111270.2.1	3.4056	441.5	1463.5	0.0585	0.2399	4.1031	-4250.014125	
Solyc02g062140.2.1	Solyc01g111270.2.1	3.1867	430.1	1423.9	0.0711	0.2634	3.7070	-4154.944634	
Solyc04g081440.2.1	Solyc01g111100.2.1	1.7699	376.1	1183.9	0.0550	0.1147	2.0860	-3158.033699	
Solyc02g083480.2.1	Solyc05g046000.2.1	8.7630	201.3	710.7	0.0410	0.4739	11.5584	-2193.558696	
Solyc04g081860.2.1	Solyc05g046000.2.1	4.4970	180.5	731.5	0.0747	0.4341	5.8145	-2144.771669	
Solyc01g111430.2.1	Solyc05g046280.1.1	50.0000	293.8	1080.2	0.0110	0.8274	74.9075	-3505.618918	
Solyc02g062150.1.1	Solyc05g047590.2.1	5.3551	193.6	787.4	0.0767	0.5291	6.8933	-2382.662619	
Solyc02g083850.2.1	Solyc05g047600.2.1	50.0000	186.3	626.7	0.0109	0.7622	70.1829	-2075.914970	
Solyc03g033540.2.1	Solyc05g047600.2.1	50.0000	182.3	630.7	0.0103	0.7364	71.7768	-2070.865001	
Solyc08g081370.1.1	Solyc08g008080.1.1	2.1603	111.1	311.9	0.0885	0.1943	2.1964	-907.492782	
Solyc08g081540.2.1	Solyc08g008100.2.1	5.7561	203.7	759.3	0.0218	0.1828	8.3895	-2000.776074	
Solyc08g081760.1.1	Solyc08g008180.1.1	1.0553	452.1	1206.9	0.2586	0.1975	0.7636	-3477.310149	
Solyc08g081810.2.1	Solyc08g008190.2.1	0.9899	633.2	1676.8	0.1142	0.1056	0.9242	-4560.080454	
Solyc08g081910.2.1	Solyc08g008210.2.1	0.5164	179.5	501.5	0.1074	0.0539	0.5023	-1198.242317	
Solyc08g081980.2.1	Solyc08g008240.2.1	1.0332	440.7	1461.3	0.1480	0.1476	0.9972	-3836.837898	
Solyc08g082110.2.1	Solyc08g008280.2.1	1.6756	187.9	649.1	0.1681	0.2646	1.5737	-1836.324273	
Solyc08g082280.2.1	Solyc08g008310.2.1	0.5789	425.5	1308.5	0.1620	0.0850	0.5249	-3204.264783	
Solyc08g082430.2.1	Solyc08g008340.2.1	0.7666	116.8	327.2	0.0568	0.0476	0.8381	-805.920027	
Solyc08g082610.2.1	Solyc08g008370.2.1	0.7935	166.0	650.0	0.1715	0.1334	0.7779	-1592.882442	
Solyc08g082630.2.1	Solyc08g008380.2.1	1.2566	463.1	1393.9	0.3065	0.2678	0.8736	-4096.668056	
Solyc08g082640.2.1	Solyc08g008390.1.1	2.4108	116.4	402.6	0.1030	0.2721	2.6413	-1150.516241	
Solyc08g082750.2.1	Solyc08g008410.2.1	0.7256	611.5	1806.5	0.1918	0.1171	0.6105	-4737.128805	
Solyc08g082890.2.1	Solyc08g008480.2.1	2.4384	125.0	619.0	0.2121	0.5004	2.3594	-1750.759620	
Solyc08g082900.2.1	Solyc08g008490.2.1	0.8791	431.4	1365.6	0.2295	0.1622	0.7071	-3652.139590	
Solyc08g082970.2.1	Solyc08g008510.2.1	0.8026	273.1	863.9	0.0725	0.0657	0.9060	-2090.437058	
Solyc08g083040.2.1	Solyc08g008550.2.1	0.5444	196.4	616.6	0.0935	0.0543	0.5807	-1456.567266	
Solyc08g083110.2.1	Solyc08g008580.2.1	1.0920	111.8	353.2	0.0909	0.1069	1.1759	-910.392547	
Solyc08g083170.1.1	Solyc08g008600.2.1	1.8716	234.3	830.7	0.1514	0.2794	1.8454	-2349.785796	
Solyc08g083190.2.1	Solyc08g008610.2.1	0.8773	276.0	858.0	0.1208	0.1055	0.8735	-2204.417931	
Solyc08g083400.2.1	Solyc08g013690.1.1	2.3871	133.6	502.4	0.1333	0.3364	2.5234	-1482.949535	
Solyc08g081190.2.1	Solyc08g008050.2.1	0.5924	213.3	599.7	0.0613	0.0393	0.6421	-1441.291682	
Solyc08g081200.2.1	Solyc08g008060.1.1	1.2337	191.2	708.8	0.1530	0.1890	1.2353	-1856.941509	
Solyc08g081230.1.1	Solyc08g008070.1.1	0.9358	245.6	1137.4	0.0850	0.1071	1.2605	-2632.494134	
Solyc08g082310.2.1	Solyc03g083460.2.1	50.0000	110.0	349.0	0.0061	0.4188	68.1973	-1103.282000	
Solyc08g082450.2.1	Solyc03g083370.2.1	4.9651	223.5	718.5	0.0618	0.3594	5.8197	-2205.307104	
Solyc08g082480.2.1	Solyc03g083350.2.1	2.8639	382.0	1298.0	0.0921	0.2944	3.1977	-3820.797836	
Solyc08g082710.2.1	Solyc03g083030.2.1	3.1142	195.9	686.1	0.1422	0.4437	3.1195	-2107.885476	
Solyc08g082820.2.1	Solyc03g082920.2.1	2.9187	482.7	1410.3	0.0090	0.0334	3.7180	-3373.434337	
Solyc08g082910.1.1	Solyc03g082840.2.1	4.4763	120.5	545.5	0.1666	0.7831	4.7018	-1653.598514	
Solyc03g082940.2.1	Solyc06g052030.2.1	0.5609	552.1	1724.9	0.0885	0.0534	0.6041	-4055.057757	
Solyc08g082820.2.1	Solyc06g052050.2.1	2.7519	429.1	1331.9	0.0115	0.0417	3.6352	-3176.813638	
Solyc03g082920.2.1	Solyc06g052050.2.1	0.5994	419.1	1341.9	0.0585	0.0414	0.7071	-3066.439889	
Solyc08g082900.2.1	Solyc06g052070.2.1	3.1933	427.3	1366.7	0.1535	0.4602	2.9970	-4306.000258	
Solyc08g008490.2.1	Solyc06g052070.2.1	3.6791	424.9	1372.1	0.1323	0.4808	3.6338	-4336.407518	
Solyc03g082870.2.1	Solyc06g052070.2.1	1.0080	419.1	1374.9	0.2345	0.1906	0.8129	-3747.057060	
Solyc08g082900.2.1	Solyc03g082870.2.1	2.9792	426.4	1367.6	0.1568	0.4360	2.7798	-4297.013815	
Solyc08g008490.2.1	Solyc03g082870.2.1	5.4037	429.1	1367.9	0.0762	0.4623	6.0691	-4341.663721	
Solyc08g082990.2.1	Solyc03g082700.2.1	3.4173	504.6	1502.4	0.0625	0.2388	3.8194	-4425.342122	
Solyc08g083020.2.1	Solyc03g082630.2.1	3.2276	233.3	744.7	0.0529	0.2041	3.8581	-2119.207523	
Solyc08g083060.2.1	Solyc03g082620.2.1	2.5789	357.7	1094.3	0.0864	0.2384	2.7603	-3188.742581	
Solyc08g008650.1.1	Solyc03g082440.1.1	6.9574	143.7	414.3	0.0088	0.0772	8.7831	-1041.513444	
Solyc08g083330.2.1	Solyc03g081320.2.1	5.0493	290.4	852.6	0.0448	0.2621	5.8549	-2580.362443	
Solyc03g082710.2.1	Solyc06g052080.2.1	1.2135	86.9	243.1	0.1843	0.1868	1.0135	-700.568028	
Solyc03g082640.1.1	Solyc06g053150.1.1	1.3248	286.1	889.9	0.1666	0.1992	1.1957	-2519.892595	
Solyc08g083020.2.1	Solyc06g053160.2.1	2.0152	233.1	744.9	0.0840	0.1867	2.2215	-2101.902961	
Solyc03g082630.2.1	Solyc06g053160.2.1	0.8317	248.3	762.7	0.1352	0.1078	0.7976	-1979.581024	
Solyc03g082590.2.1	Solyc06g053190.2.1	0.8949	403.8	1228.2	0.2605	0.1752	0.6727	-3389.485420	
Solyc03g082580.2.1	Solyc06g053200.2.1	2.0497	182.4	570.6	0.1409	0.2758	1.9574	-1682.375133	
Solyc03g082550.2.1	Solyc06g053220.2.1	1.7963	127.6	466.4	0.3773	0.4421	1.1715	-1359.915175	
Solyc03g082540.2.1	Solyc06g053230.2.1	2.7296	156.2	398.8	0.0890	0.2344	2.6345	-1199.605975	
Solyc03g082390.2.1	Solyc06g053300.2.1	0.7722	213.1	722.9	0.2146	0.1404	0.6541	-1854.970538	
Solyc03g082690.2.1	Solyc01g096200.2.1	50.0000	332.8	1059.2	0.0289	1.8428	63.8384	-3724.089052	
Solyc03g082640.1.1	Solyc01g096230.2.1	2.6492	289.1	904.9	0.1183	0.3148	2.6613	-2768.599592	
Solyc06g053150.1.1	Solyc01g096230.2.1	2.9865	310.7	988.3	0.1080	0.3346	3.0974	-3013.331108	
Solyc03g082550.2.1	Solyc01g096320.2.1	3.8475	118.6	439.4	0.1645	0.6169	3.7496	-1360.968318	
Solyc06g053220.2.1	Solyc01g096320.2.1	5.3402	127.4	451.6	0.1021	0.6065	5.9398	-1400.655085	
Solyc08g083170.1.1	Solyc01g096370.2.1	5.8684	261.1	791.9	0.0713	0.4626	6.4866	-2535.011254	
Solyc08g008600.2.1	Solyc01g096370.2.1	7.0399	276.4	878.6	0.0671	0.5423	8.0823	-2827.363380	
Solyc03g082500.2.1	Solyc01g096350.2.1	2.1491	175.7	637.3	0.0258	0.0781	3.0317	-1581.861756	
Solyc07g063040.2.1	Solyc10g007050.2.1	0.9058	74.4	255.6	0.1979	0.1578	0.7974	-653.866331	
Solyc07g063110.2.1	Solyc10g007040.2.1	1.1851	190.6	547.4	0.2163	0.2040	0.9434	-1577.771663	
Solyc07g063190.2.1	Solyc10g006970.2.1	0.9773	135.5	335.5	0.2091	0.1560	0.7462	-969.799254	
Solyc07g063200.1.1	Solyc10g006960.1.1	1.1373	161.3	408.7	0.2939	0.2257	0.7679	-1224.352428	
Solyc07g063330.2.1	Solyc10g006890.2.1	0.6475	412.2	1384.8	0.1839	0.1070	0.5816	-3443.336910	
Solyc07g063410.2.1	Solyc10g006880.2.1	27.1895	173.4	663.6	0.0159	0.6565	41.2245	-2110.301601	
Solyc07g063550.2.1	Solyc10g006850.2.1	0.9599	331.4	1000.6	0.2897	0.1987	0.6859	-2770.201841	
Solyc07g063590.2.1	Solyc10g006820.2.1	0.8498	127.0	311.0	0.2545	0.1531	0.6018	-869.246642	
Solyc07g063700.1.1	Solyc10g006670.1.1	4.1912	119.1	345.9	0.2387	0.7689	3.2211	-1186.144408	
Solyc07g063830.2.1	Solyc10g006640.2.1	1.3617	182.2	669.8	0.3639	0.3304	0.9080	-1880.351431	
Solyc07g063850.2.1	Solyc10g006610.2.1	1.7829	219.4	593.6	0.0523	0.1009	1.9295	-1594.046071	
Solyc07g063890.2.1	Solyc10g006580.2.1	0.6938	189.2	590.8	0.0055	0.0052	0.9372	-1293.785861	
Solyc07g064010.2.1	Solyc10g006540.2.1	1.4449	491.7	1638.3	0.2661	0.2943	1.1058	-4818.298100	
Solyc07g064040.2.1	Solyc10g006510.2.1	0.7788	156.8	491.2	0.1960	0.1303	0.6647	-1279.705971	
Solyc07g064050.2.1	Solyc10g006500.2.1	0.7530	415.2	1099.8	0.1037	0.0745	0.7185	-2854.030070	
Solyc07g064130.1.1	Solyc10g006480.1.1	0.8700	76.4	304.6	0.0010	0.0014	1.4404	-626.136698	
Solyc07g064200.2.1	Solyc10g006450.2.1	1.2176	275.1	855.9	0.1517	0.1720	1.1337	-2348.720665	
Solyc07g064230.2.1	Solyc10g006440.2.1	0.6347	272.7	939.3	0.1538	0.0946	0.6147	-2286.177747	
Solyc07g064280.2.1	Solyc10g006400.2.1	0.8237	337.7	958.3	0.0636	0.0568	0.8926	-2420.302900	
Solyc07g064290.2.1	Solyc10g006380.1.1	1.0615	148.2	613.8	0.2058	0.2021	0.9820	-1564.568160	
Solyc07g064320.1.1	Solyc10g006360.1.1	1.4393	120.0	378.0	0.3108	0.3127	1.0062	-1109.286118	
Solyc07g064340.2.1	Solyc10g006340.2.1	1.4097	239.3	870.7	0.4117	0.3592	0.8726	-2523.888515	
Solyc07g064500.2.1	Solyc10g006300.2.1	0.8277	295.3	952.7	0.1583	0.1222	0.7719	-2464.150876	
Solyc07g064600.2.1	Solyc10g006290.2.1	1.3554	142.9	370.1	0.2383	0.2390	1.0028	-1106.451617	
Solyc07g063070.1.1	Solyc02g078030.1.1	3.1400	182.1	471.9	0.1034	0.3064	2.9649	-1496.424478	
Solyc07g063150.2.1	Solyc02g078180.2.1	2.3192	238.9	793.1	0.0793	0.2097	2.6437	-2255.794661	
Solyc10g007000.2.1	Solyc02g078210.2.1	50.0000	79.4	346.6	0.0096	0.8205	85.8793	-1053.456949	
Solyc07g063200.1.1	Solyc02g078320.1.1	2.9407	147.4	437.6	0.1846	0.4640	2.5129	-1425.598192	
Solyc10g006960.1.1	Solyc02g078320.1.1	3.1739	146.9	426.1	0.1976	0.5183	2.6227	-1413.421505	
Solyc07g063220.2.1	Solyc02g078330.2.1	50.0000	297.5	1022.5	0.0096	0.6880	71.5739	-3321.963040	
Solyc10g006920.2.1	Solyc02g078480.2.1	4.3295	284.6	858.4	0.0878	0.4023	4.5825	-2732.532070	
Solyc07g063340.2.1	Solyc02g078630.2.1	6.2370	146.6	375.4	0.0373	0.2523	6.7575	-1158.229141	
Solyc07g063350.2.1	Solyc02g078670.2.1	3.7658	491.5	1746.5	0.1285	0.5041	3.9241	-5375.393848	
Solyc07g063560.2.1	Solyc02g079010.2.1	50.0000	199.3	616.7	0.0069	0.4589	66.8141	-1985.172967	
Solyc10g006730.1.1	Solyc02g079260.1.1	8.6885	298.3	1102.7	0.0597	0.6657	11.1422	-3524.605281	
Solyc07g063100.2.1	Solyc12g013860.1.1	1.0874	203.7	717.3	0.3593	0.2600	0.7235	-1932.470247	
Solyc07g063110.2.1	Solyc12g013850.1.1	1.4244	164.2	573.8	0.1355	0.1962	1.4482	-1567.142549	
Solyc10g007040.2.1	Solyc12g013850.1.1	1.3651	283.3	925.7	0.1539	0.1989	1.2920	-2574.183080	
Solyc07g063120.2.1	Solyc12g013840.1.1	0.5712	360.2	1103.8	0.1448	0.0776	0.5361	-2699.157715	
Solyc10g007000.2.1	Solyc12g013820.1.1	1.6104	87.0	342.0	0.3371	0.3838	1.1384	-956.893748	
Solyc02g078210.2.1	Solyc12g013820.1.1	50.0000	90.3	335.7	0.0134	1.0004	74.9274	-1086.090982	
Solyc07g063190.2.1	Solyc12g013810.1.1	0.9566	132.0	336.0	0.3536	0.2104	0.5951	-990.020831	
Solyc10g006970.2.1	Solyc12g013810.1.1	1.1331	136.2	331.8	0.2282	0.1904	0.8343	-985.143090	
Solyc07g063200.1.1	Solyc12g013800.1.1	1.0020	165.3	431.7	0.3114	0.2071	0.6653	-1263.488018	
Solyc10g006960.1.1	Solyc12g013800.1.1	1.0516	160.1	409.9	0.3496	0.2302	0.6586	-1223.020378	
Solyc02g078320.1.1	Solyc12g013800.1.1	2.9368	149.7	435.3	0.1655	0.4275	2.5829	-1414.227976	
Solyc02g078380.2.1	Solyc12g013700.1.1	4.9206	148.8	580.2	0.0711	0.4472	6.2906	-1751.462441	
Solyc10g006900.2.1	Solyc12g013710.1.1	0.7656	304.7	874.3	0.0827	0.0660	0.7982	-2190.305691	
Solyc07g063340.2.1	Solyc12g013650.1.1	1.1103	136.7	391.3	0.1217	0.1290	1.0603	-1052.544104	
Solyc02g078630.2.1	Solyc12g013650.1.1	6.9182	141.5	380.5	0.0347	0.2697	7.7822	-1166.994244	
Solyc07g063400.2.1	Solyc12g013630.1.1	1.2258	444.0	1317.0	0.2050	0.2066	1.0078	-3771.997358	
Solyc07g063410.2.1	Solyc12g013620.1.1	50.0000	165.4	671.6	0.0046	0.3776	82.8318	-1978.191651	
Solyc10g006880.2.1	Solyc12g013620.1.1	50.0000	170.7	666.3	0.0078	0.6224	79.3140	-2091.243581	
Solyc02g078170.1.1	Solyc10g076530.1.1	50.0000	201.2	716.8	0.0130	0.9470	72.6792	-2369.553921	
Solyc12g013780.1.1	Solyc10g076660.1.1	7.4107	177.7	665.3	0.0758	0.6917	9.1282	-2126.312469	
Solyc02g078530.2.1	Solyc10g076760.1.1	5.1202	218.5	744.5	0.0574	0.3613	6.2917	-2251.263717	
Solyc02g078590.1.1	Solyc10g076780.1.1	8.6479	218.5	903.5	0.0351	0.4538	12.9235	-2643.211386	
Solyc07g063130.2.1	Solyc07g053910.2.1	2.0355	230.1	762.9	0.0489	0.1231	2.5196	-2032.411738	
Solyc10g007000.2.1	Solyc07g053960.2.1	4.8313	89.9	339.1	0.1820	0.8293	4.5567	-1034.269254	
Solyc02g078210.2.1	Solyc07g053960.2.1	7.5131	92.4	333.6	0.1537	1.1416	7.4271	-1072.773172	
Solyc02g078230.1.1	Solyc07g053980.2.1	2.2080	1160.4	3684.6	0.0713	0.1786	2.5060	-10329.654048	
Solyc07g063200.1.1	Solyc07g054080.1.1	2.9773	144.6	458.4	0.2114	0.5238	2.4783	-1493.197808	
Solyc10g006960.1.1	Solyc07g054080.1.1	2.9121	144.1	431.9	0.2658	0.5740	2.1594	-1434.723671	
Solyc02g078320.1.1	Solyc07g054080.1.1	3.1804	143.7	447.3	0.1599	0.4654	2.9113	-1441.299258	
Solyc07g063220.2.1	Solyc07g054090.2.1	50.0000	290.1	1131.9	0.0094	0.7442	78.7938	-3614.066628	
Solyc02g078330.2.1	Solyc07g054090.2.1	5.1048	298.2	1021.8	0.1223	0.6490	5.3081	-3287.526181	
Solyc02g078450.2.1	Solyc07g054160.2.1	13.2435	149.2	417.8	0.0331	0.5080	15.3555	-1365.543674	
Solyc10g006900.2.1	Solyc07g054210.2.1	2.0273	292.3	886.7	0.0626	0.1434	2.2904	-2460.071282	
Solyc07g063130.2.1	Solyc10g008280.2.1	1.8167	230.8	762.2	0.0611	0.1324	2.1676	-2043.698379	
Solyc07g053910.2.1	Solyc10g008280.2.1	0.5796	230.2	762.8	0.1857	0.0958	0.5159	-1863.680735	
Solyc07g053920.2.1	Solyc10g008300.2.1	0.8453	283.7	895.3	0.0769	0.0725	0.9424	-2197.352262	
Solyc07g053950.1.1	Solyc10g008320.1.1	1.9759	129.0	399.0	0.1497	0.2758	1.8423	-1177.734351	
Solyc07g053990.2.1	Solyc10g008340.2.1	0.6543	372.4	1121.6	0.1752	0.1004	0.5728	-2827.399906	
Solyc07g063200.1.1	Solyc10g008400.1.1	2.5734	131.6	399.4	0.2668	0.5102	1.9123	-1319.260313	
Solyc10g006960.1.1	Solyc10g008400.1.1	2.4135	132.4	371.6	0.3308	0.5253	1.5882	-1242.820280	
Solyc02g078320.1.1	Solyc10g008400.1.1	3.5280	117.4	404.6	0.1057	0.4053	3.8329	-1266.385579	
Solyc07g054080.1.1	Solyc10g008400.1.1	1.4450	127.6	409.4	0.2572	0.2856	1.1105	-1209.182242	
Solyc07g063310.2.1	Solyc10g008460.2.1	2.7398	288.5	893.5	0.0695	0.2140	3.0790	-2573.682618	
Solyc02g078460.2.1	Solyc10g009020.2.1	0.7549	163.6	559.4	0.1190	0.0941	0.7902	-1383.689530	
Solyc10g006920.2.1	Solyc10g009010.2.1	3.7400	285.3	851.7	0.1101	0.4116	3.7396	-2720.199352	
Solyc02g078480.2.1	Solyc10g009010.2.1	1.1216	293.4	852.6	0.2031	0.1865	0.9185	-2406.828734	
Solyc02g078530.2.1	Solyc10g008960.1.1	12.8178	184.9	724.1	0.0436	0.7821	17.9416	-2284.789336	
Solyc02g078810.2.1	Solyc10g009160.2.1	1.1981	279.6	818.4	0.3149	0.2570	0.8161	-2410.173286	
Solyc02g078820.2.1	Solyc10g009170.1.1	0.8127	250.9	817.1	0.1260	0.1030	0.8177	-2053.299847	
Solyc02g078840.2.1	Solyc10g009180.2.1	0.5835	216.7	638.3	0.1082	0.0629	0.5820	-1558.375918	
Solyc07g063130.2.1	Solyc10g008280.2.1	1.8167	230.8	762.2	0.0611	0.1324	2.1676	-2043.698379	
Solyc02g078130.2.1	Solyc10g008250.1.1	4.3287	111.2	428.8	0.1557	0.6816	4.3789	-1334.539973	
Solyc07g063190.2.1	Solyc10g008390.2.1	2.4735	122.7	339.3	0.1779	0.3701	2.0806	-1086.101324	
Solyc10g006970.2.1	Solyc10g008390.2.1	2.6133	121.3	340.7	0.1389	0.3315	2.3868	-1077.448185	
Solyc07g063200.1.1	Solyc10g008400.1.1	2.5734	131.6	399.4	0.2668	0.5102	1.9123	-1319.260313	
Solyc10g006960.1.1	Solyc10g008400.1.1	2.4135	132.4	371.6	0.3308	0.5253	1.5882	-1242.820280	
Solyc02g078320.1.1	Solyc10g008400.1.1	3.5280	117.4	404.6	0.1057	0.4053	3.8329	-1266.385579	
Solyc07g063310.2.1	Solyc10g008460.2.1	2.7398	288.5	893.5	0.0695	0.2140	3.0790	-2573.682618	
Solyc10g006760.2.1	Solyc02g079410.2.1	6.9962	141.6	500.4	0.0192	0.1903	9.9005	-1387.257829	
Solyc07g063700.1.1	Solyc02g079530.2.1	3.2350	255.5	860.5	0.1079	0.3727	3.4550	-2620.235703	
Solyc10g006670.1.1	Solyc02g079530.2.1	9.2433	121.9	343.1	0.0962	0.8894	9.2478	-1202.112028	
Solyc10g006650.2.1	Solyc02g079750.2.1	2.0010	150.4	443.6	0.0467	0.1080	2.3156	-1194.686203	
Solyc07g063830.2.1	Solyc02g079760.2.1	4.1124	170.8	672.2	0.1561	0.6544	4.1909	-2088.192653	
Solyc10g006640.2.1	Solyc02g079760.2.1	50.0000	173.1	669.9	0.0075	0.5892	78.8866	-2061.445949	
Solyc07g063970.2.1	Solyc02g079920.2.1	1.9964	201.2	758.8	0.1305	0.2778	2.1281	-2125.541730	
Solyc07g064040.2.1	Solyc02g079970.2.1	2.4897	163.3	481.7	0.1174	0.2857	2.4344	-1454.136118	
Solyc10g006510.2.1	Solyc02g079970.2.1	2.5806	161.7	483.3	0.1332	0.3269	2.4538	-1486.772539	
Solyc07g064170.2.1	Solyc02g080200.2.1	50.0000	203.8	663.2	0.0034	0.2368	70.1323	-1923.647487	
Solyc07g064200.2.1	Solyc02g080240.1.1	3.4168	239.2	843.8	0.0734	0.3006	4.0965	-2472.175449	
Solyc10g006450.2.1	Solyc02g080240.1.1	3.3466	247.2	838.8	0.0828	0.3166	3.8257	-2487.361923	
Solyc10g006760.2.1	Solyc07g053200.2.1	2.4777	155.8	459.2	0.1268	0.3009	2.3731	-1394.609481	
Solyc02g079410.2.1	Solyc07g053200.2.1	3.3879	149.8	453.2	0.0735	0.2734	3.7183	-1358.072029	
Solyc07g063700.1.1	Solyc07g053080.2.1	40.8511	256.9	853.1	0.0092	0.5275	57.0753	-2731.614450	
Solyc10g006670.1.1	Solyc07g053080.2.1	6.6437	119.2	342.8	0.1289	0.8074	6.2634	-1191.303984	
Solyc02g079530.2.1	Solyc07g053080.2.1	3.6159	266.0	844.0	0.1706	0.5566	3.2633	-2736.977653	
Solyc07g063850.2.1	Solyc07g053030.2.1	3.1320	158.9	609.1	0.0229	0.1063	4.6397	-1510.834144	
Solyc10g006610.2.1	Solyc07g053030.2.1	4.3351	161.7	501.3	0.0315	0.1702	5.3976	-1383.056443	
Solyc02g079860.1.1	Solyc07g052970.2.1	2.8243	285.3	956.7	0.2205	0.5195	2.3565	-3014.623007	
Solyc02g079940.2.1	Solyc07g052910.2.1	7.7061	118.7	346.3	0.0351	0.3203	9.1314	-1063.450138	
Solyc07g063130.2.1	Solyc10g008280.2.1	1.8167	230.8	762.2	0.0611	0.1324	2.1676	-2043.698379	
Solyc07g063190.2.1	Solyc10g008390.2.1	2.4735	122.7	339.3	0.1779	0.3701	2.0806	-1086.101324	
Solyc10g006970.2.1	Solyc10g008390.2.1	2.6133	121.3	340.7	0.1389	0.3315	2.3868	-1077.448185	
Solyc07g063200.1.1	Solyc10g008400.1.1	2.5734	131.6	399.4	0.2668	0.5102	1.9123	-1319.260313	
Solyc10g006960.1.1	Solyc10g008400.1.1	2.4135	132.4	371.6	0.3308	0.5253	1.5882	-1242.820280	
Solyc07g063310.2.1	Solyc10g008460.2.1	2.7398	288.5	893.5	0.0695	0.2140	3.0790	-2573.682618	
Solyc07g063430.2.1	Solyc10g008500.2.1	3.3000	254.2	744.8	0.0869	0.2995	3.4451	-2267.855792	
Solyc07g064310.1.1	Solyc12g005190.1.1	0.9104	205.0	656.0	0.1933	0.1522	0.7876	-1731.248032	
Solyc07g064340.2.1	Solyc12g005160.1.1	1.3100	245.0	850.0	0.3667	0.3149	0.8589	-2455.426025	
Solyc10g006340.2.1	Solyc12g005160.1.1	1.3462	227.4	870.6	0.3089	0.3067	0.9927	-2437.720073	
Solyc07g064580.2.1	Solyc12g005010.1.1	0.9549	422.8	1284.2	0.2112	0.1654	0.7829	-3477.855854	
Solyc10g006800.2.1	Solyc12g005400.1.1	1.2651	399.3	1343.7	0.1271	0.1639	1.2893	-3615.571396	
Solyc07g063630.2.1	Solyc12g005390.1.1	0.7147	166.2	481.8	0.1702	0.1059	0.6219	-1252.962927	
Solyc07g063850.2.1	Solyc12g005310.1.1	1.0927	220.9	697.1	0.0435	0.0579	1.3311	-1707.218578	
Solyc10g006610.2.1	Solyc12g005310.1.1	1.0042	214.0	599.0	0.1031	0.1018	0.9870	-1575.669323	
Solyc10g054850.1.1	Solyc01g111090.2.1	0.5439	236.9	573.1	0.1161	0.0562	0.4840	-1458.667892	
Solyc10g054870.1.1	Solyc01g111120.2.1	0.4459	185.1	588.9	0.0650	0.0335	0.5151	-1309.478758	
Solyc10g054880.1.1	Solyc01g111150.2.1	0.5515	188.0	586.0	0.1353	0.0720	0.5323	-1396.948031	
Solyc10g054910.1.1	Solyc01g111170.2.1	1.0261	140.1	333.9	0.0419	0.0441	1.0524	-855.001604	
Solyc10g055190.1.1	Solyc01g111230.2.1	3.6001	111.0	402.0	0.0983	0.4019	4.0896	-1217.421325	
Solyc10g055240.1.1	Solyc01g111250.2.1	1.1633	209.4	744.6	0.0886	0.1191	1.3434	-1904.504123	
Solyc10g055250.1.1	Solyc01g111280.2.1	50.0000	143.7	330.3	0.0042	0.2314	54.4486	-984.364045	
Solyc10g055260.1.1	Solyc01g111310.2.1	0.7569	357.9	1055.1	0.0391	0.0349	0.8932	-2495.894664	
Solyc10g055340.1.1	Solyc01g111340.2.1	3.6416	146.8	510.2	0.1347	0.4985	3.7006	-1563.022734	
Solyc10g055410.1.1	Solyc01g111500.2.1	1.9786	132.2	617.8	0.1953	0.3820	1.9563	-1686.684993	
Solyc10g055450.1.1	Solyc01g111530.2.1	0.7464	1099.0	3392.0	0.1168	0.0873	0.7473	-8554.095775	
Solyc10g055470.1.1	Solyc01g111540.2.1	1.0521	503.7	1596.3	0.1206	0.1275	1.0579	-4200.786490	
Solyc10g055550.1.1	Solyc01g111580.2.1	0.9202	171.3	575.7	0.2460	0.1801	0.7322	-1542.961161	
Solyc10g055580.1.1	Solyc01g111640.2.1	2.5622	102.4	323.6	0.0506	0.1551	3.0643	-863.574034	
Solyc10g055630.1.1	Solyc01g111660.2.1	1.2143	212.7	603.3	0.0477	0.0652	1.3676	-1526.836436	
Solyc10g055650.1.1	Solyc01g111730.2.1	0.6135	241.4	733.6	0.0942	0.0605	0.6421	-1781.712635	
Solyc10g055670.1.1	Solyc01g111760.2.1	0.3873	361.3	1075.7	0.0194	0.0094	0.4853	-2334.747534	
Solyc10g055680.1.1	Solyc01g111830.2.1	1.1559	233.2	795.8	0.0732	0.0996	1.3605	-2010.116455	
Solyc10g055720.1.1	Solyc01g111880.2.1	0.5355	221.7	657.3	0.0997	0.0545	0.5463	-1567.613924	
Solyc10g055740.1.1	Solyc01g111980.2.1	4.7407	346.5	967.5	0.0976	0.4597	4.7088	-3157.903653	
Solyc10g055770.1.1	Solyc01g111840.2.1	1.4401	301.2	817.8	0.2752	0.2809	1.0207	-2473.120890	
Solyc01g111400.2.1	Solyc07g009210.1.1	50.0000	117.3	359.7	0.0089	0.5886	65.9772	-1180.356951	
Solyc01g111430.2.1	Solyc07g009220.1.1	50.0000	287.7	1077.3	0.0117	0.8856	75.7608	-3501.670422	
Solyc01g111570.2.1	Solyc07g009420.1.1	4.4537	159.0	648.0	0.1935	0.8152	4.2131	-2048.516458	
Solyc12g089350.1.1	Solyc04g081760.2.1	1.4706	153.5	575.5	0.1184	0.1909	1.6128	-1515.541453	
Solyc12g089360.1.1	Solyc04g081860.2.1	1.0156	197.8	717.2	0.1529	0.1540	1.0076	-1834.093762	
Solyc12g089380.1.1	Solyc04g081870.2.1	0.9207	143.3	576.7	0.1826	0.1623	0.8887	-1417.673796	
Solyc12g094390.1.1	Solyc04g081960.1.1	2.8507	116.9	519.1	0.0776	0.2983	3.8462	-1393.055739	
Solyc12g094400.1.1	Solyc04g081990.2.1	0.8159	308.1	819.9	0.1713	0.1172	0.6839	-2164.790125	
Solyc12g094420.1.1	Solyc04g082040.2.1	1.0378	522.4	1709.6	0.1512	0.1495	0.9886	-4505.673310	
Solyc12g094460.1.1	Solyc04g082140.2.1	1.0414	402.7	1202.3	0.1672	0.1543	0.9229	-3305.077220	
Solyc12g094500.1.1	Solyc04g082170.2.1	0.8126	278.4	837.6	0.1909	0.1317	0.6897	-2202.657300	
Solyc12g094530.1.1	Solyc04g082240.1.1	1.6661	152.2	522.8	0.0734	0.1444	1.9673	-1374.526503	
Solyc12g094550.1.1	Solyc04g082280.2.1	1.5902	311.3	966.7	0.1496	0.2223	1.4861	-2831.747056	
Solyc12g094570.1.1	Solyc04g082290.2.1	0.8287	131.1	408.9	0.0860	0.0771	0.8971	-986.693894	
Solyc12g094600.1.1	Solyc04g082430.2.1	0.9650	293.3	789.7	0.2583	0.1810	0.7005	-2208.446397	
Solyc12g094610.1.1	Solyc04g082440.2.1	1.1484	274.4	922.6	0.1025	0.1273	1.2418	-2412.782705	
Solyc12g094690.1.1	Solyc04g082690.1.1	1.3774	136.4	349.6	0.2619	0.2564	0.9790	-1087.890104	
Solyc12g094700.1.1	Solyc04g082710.2.1	0.8435	161.8	702.2	0.0932	0.0996	1.0689	-1615.297973	
Solyc12g095750.1.1	Solyc04g082830.2.1	0.8844	306.5	845.5	0.2561	0.1663	0.6492	-2343.468235	
Solyc12g095760.1.1	Solyc04g082880.2.1	0.5188	403.7	1243.3	0.0732	0.0421	0.5758	-2872.526100	
Solyc12g094630.1.1	Solyc04g082640.2.1	1.0001	121.6	346.4	0.1850	0.1554	0.8401	-954.753319	
Solyc12g094640.1.1	Solyc04g082630.2.1	0.4979	273.4	725.6	0.0448	0.0243	0.5421	-1695.626526	
Solyc12g094670.1.1	Solyc04g082520.1.1	1.5539	284.0	988.0	0.1600	0.2385	1.4903	-2763.881262	
Solyc12g094680.1.1	Solyc04g082500.2.1	11.4325	253.7	841.3	0.0462	0.6590	14.2653	-2777.178151	
Solyc04g079700.2.1	Solyc01g109120.2.1	6.1899	258.1	923.9	0.0385	0.3199	8.3023	-2713.429621	
Solyc04g079730.1.1	Solyc01g109140.2.1	19.7451	344.0	1072.0	0.0169	0.4358	25.7329	-3407.327484	
Solyc04g079780.2.1	Solyc01g109280.2.1	2.8445	318.7	1199.3	0.0817	0.2821	3.4547	-3390.473775	
Solyc04g079880.2.1	Solyc01g109370.2.1	3.7704	264.7	827.3	0.0686	0.2930	4.2690	-2474.671455	
Solyc04g080030.2.1	Solyc01g109430.2.1	1.8684	139.7	451.3	0.1018	0.2018	1.9824	-1289.743672	
Solyc04g080260.2.1	Solyc01g109570.2.1	3.6735	298.9	835.1	0.0789	0.3005	3.8063	-2618.030429	
Solyc04g080300.2.1	Solyc01g109610.2.1	3.7387	184.5	649.5	0.0663	0.3029	4.5665	-1912.765748	
Solyc04g080530.2.1	Solyc01g109740.2.1	50.0000	199.1	733.9	0.0036	0.2795	77.0553	-2083.868160	
Solyc04g080690.1.1	Solyc01g109860.2.1	4.1120	194.0	658.0	0.0694	0.3381	4.8728	-1976.664351	
Solyc04g080740.1.1	Solyc01g109880.2.1	4.0879	77.5	339.5	0.0480	0.2911	6.0577	-921.751275	
Solyc04g080780.2.1	Solyc01g109980.2.1	4.3930	227.0	874.0	0.1290	0.6121	4.7464	-2732.127697	
Solyc04g080830.2.1	Solyc01g110010.2.1	5.1965	274.8	1102.2	0.1399	0.7780	5.5597	-3461.209006	
Solyc04g080840.1.1	Solyc01g110000.2.1	1.8929	482.9	1626.1	0.0967	0.2010	2.0787	-4529.311133	
Solyc04g080920.1.1	Solyc01g110050.1.1	2.3195	252.5	914.5	0.0717	0.2033	2.8368	-2483.801741	
Solyc04g080960.2.1	Solyc01g110110.2.1	14.9521	229.6	736.4	0.0099	0.2014	20.3237	-2116.145600	
Solyc04g080970.2.1	Solyc01g110140.2.1	50.0000	97.0	446.0	0.0041	0.3783	91.5157	-1270.791528	
Solyc04g081020.2.1	Solyc01g110180.2.1	2.7454	66.8	392.2	0.0629	0.2886	4.5920	-1002.876559	
Solyc04g081060.2.1	Solyc01g110380.2.1	3.4152	482.3	1704.7	0.1750	0.5581	3.1897	-5432.452239	
Solyc04g081060.2.1	Solyc01g110190.2.1	50.0000	457.8	1699.2	0.0139	1.0409	74.6662	-5600.873167	
Solyc04g081170.2.1	Solyc01g110470.2.1	4.0904	176.2	531.8	0.0776	0.3444	4.4403	-1656.894619	
Solyc04g081190.2.1	Solyc01g110480.2.1	2.5906	193.1	646.9	0.1418	0.3611	2.5463	-1978.758246	
Solyc04g081300.2.1	Solyc01g110340.2.1	50.0000	310.9	1102.1	0.0075	0.5569	73.7845	-3485.941888	
Solyc04g080970.2.1	Solyc10g054070.1.1	3.7098	105.7	434.3	0.1066	0.4685	4.3928	-1287.511649	
Solyc01g110140.2.1	Solyc10g054070.1.1	1.2593	99.6	425.4	0.2153	0.2482	1.1529	-1118.730632	
Solyc04g081060.2.1	Solyc10g054080.1.1	50.0000	448.1	1732.9	0.0141	1.0810	76.9349	-5670.793153	
Solyc01g110190.2.1	Solyc10g054080.1.1	1.0296	471.0	1719.0	0.1726	0.1690	0.9790	-4485.420847	
Solyc01g110290.2.1	Solyc10g054130.1.1	0.7952	304.5	916.5	0.1685	0.1188	0.7053	-2376.427155	
Solyc11g066400.1.1	Solyc06g074800.1.1	1.8254	170.5	627.5	0.1886	0.3171	1.6811	-1804.482444	
Solyc11g066500.1.1	Solyc06g074760.1.1	1.5124	494.0	1693.0	0.2892	0.3242	1.1209	-4839.582614	
Solyc11g066560.1.1	Solyc06g074740.2.1	0.6416	668.5	2196.5	0.1022	0.0701	0.6861	-5265.815191	
Solyc11g066640.1.1	Solyc06g074710.1.1	1.0551	333.8	962.2	0.0835	0.0919	1.1007	-2496.951575	
Solyc11g066650.1.1	Solyc06g074700.2.1	0.6198	273.7	887.3	0.0854	0.0586	0.6864	-2085.334034	
Solyc11g066710.1.1	Solyc06g074680.2.1	0.8227	480.7	1469.3	0.1487	0.1137	0.7648	-3839.529405	
Solyc11g066720.1.1	Solyc06g074670.2.1	0.6156	264.5	893.5	0.0233	0.0194	0.8328	-1991.351749	
Solyc11g066780.1.1	Solyc06g074640.1.1	1.0809	205.2	754.8	0.3408	0.2549	0.7479	-2043.896753	
Solyc11g066820.1.1	Solyc06g074630.2.1	0.8935	377.0	1162.0	0.0546	0.0568	1.0406	-2825.408340	
Solyc11g066860.1.1	Solyc06g074620.2.1	1.4119	117.3	335.7	0.1887	0.2227	1.1800	-996.382219	
Solyc11g067070.1.1	Solyc06g074480.2.1	0.6232	340.9	1036.1	0.1454	0.0846	0.5820	-2597.228323	
Solyc11g067170.1.1	Solyc06g074390.2.1	2.8881	343.9	1081.1	0.1529	0.4120	2.6937	-3311.637942	
Solyc11g067260.1.1	Solyc06g074330.2.1	2.9496	234.2	743.8	0.1570	0.4301	2.7400	-2354.794845	
Solyc11g068370.1.1	Solyc06g074320.2.1	1.1009	203.9	795.1	0.1952	0.1993	1.0209	-2098.797553	
Solyc11g068420.1.1	Solyc06g074300.2.1	0.6622	142.6	505.4	0.0168	0.0159	0.9468	-1079.834466	
Solyc11g068530.1.1	Solyc06g074270.1.1	2.0924	150.9	656.1	0.1155	0.2868	2.4826	-1762.352538	
Solyc11g068660.1.1	Solyc06g074220.2.1	0.6183	206.5	699.5	0.1014	0.0682	0.6729	-1664.945519	
Solyc11g068720.1.1	Solyc06g074190.2.1	1.2250	333.4	1109.6	0.2489	0.2406	0.9667	-3060.558098	
Solyc11g068890.1.1	Solyc06g074040.1.1	1.1503	139.7	442.3	0.1163	0.1359	1.1677	-1174.289834	
Solyc11g068900.1.1	Solyc06g074050.1.1	1.7409	151.4	451.6	0.1271	0.2130	1.6759	-1314.539046	
Solyc11g068970.1.1	Solyc06g074100.1.1	4.5034	259.8	1021.2	0.0687	0.4002	5.8295	-2939.188194	
Solyc10g049870.1.1	Solyc01g107430.2.1	0.7446	130.8	382.2	0.2217	0.1310	0.5908	-1009.657103	
Solyc10g049970.1.1	Solyc01g107700.2.1	3.8908	107.7	297.3	0.0718	0.2922	4.0701	-938.625725	
Solyc10g050060.1.1	Solyc01g107740.2.1	1.2758	169.7	520.3	0.1584	0.1843	1.1637	-1413.823424	
Solyc10g050160.1.1	Solyc01g107910.2.1	0.5395	91.1	316.9	0.0592	0.0395	0.6681	-706.315115	
Solyc10g050170.1.1	Solyc01g107930.2.1	0.9324	187.8	667.2	0.3287	0.2146	0.6528	-1776.487818	
Solyc10g050190.1.1	Solyc01g108010.2.1	0.9768	344.5	1026.5	0.3587	0.2247	0.6263	-2901.032852	
Solyc10g050210.1.1	Solyc01g108080.2.1	0.9607	216.3	734.7	0.2713	0.1988	0.7327	-1974.911025	
Solyc10g050220.1.1	Solyc01g108100.2.1	1.2386	160.8	553.2	0.5929	0.3576	0.6031	-1610.381791	
Solyc10g050230.1.1	Solyc01g108110.2.1	0.6474	196.0	641.0	0.2445	0.1252	0.5121	-1618.985521	
Solyc10g047640.1.1	Solyc01g106030.2.1	0.8566	208.4	589.6	0.2593	0.1636	0.6306	-1610.786924	
Solyc10g047680.1.1	Solyc01g106160.1.1	5.3132	201.9	737.1	0.0975	0.5924	6.0752	-2335.941965	
Solyc10g047930.1.1	Solyc01g106400.2.1	0.9120	96.0	336.0	0.1752	0.1486	0.8481	-881.134018	
Solyc10g047950.1.1	Solyc01g106430.2.1	0.6270	198.5	665.5	0.1179	0.0769	0.6519	-1594.260975	
Solyc10g047960.1.1	Solyc01g106580.2.1	0.6972	212.1	549.9	0.1867	0.1051	0.5626	-1444.400780	
Solyc10g048010.1.1	Solyc01g106570.2.1	0.8363	284.8	930.2	0.2169	0.1510	0.6961	-2447.113848	
Solyc10g048020.1.1	Solyc01g106600.2.1	50.0000	70.0	257.0	0.0051	0.3932	76.4580	-784.650343	
Solyc10g048070.1.1	Solyc01g106690.2.1	1.6995	214.9	694.1	0.1873	0.2797	1.4930	-2018.457364	
Solyc10g049280.1.1	Solyc01g106920.2.1	0.7115	426.3	1118.7	0.2242	0.1213	0.5411	-3003.346687	
Solyc10g049630.1.1	Solyc01g107300.2.1	0.8764	134.7	534.3	0.1069	0.1089	1.0188	-1292.672902	
Solyc10g049660.1.1	Solyc01g107180.2.1	0.8909	390.0	1215.0	0.2146	0.1572	0.7325	-3236.718403	
Solyc10g049720.1.1	Solyc01g107140.1.1	1.2376	162.8	638.2	0.3241	0.2897	0.8940	-1745.041500	
Solyc10g049790.1.1	Solyc01g107120.2.1	4.4721	66.9	296.1	0.2709	0.9963	3.6774	-921.683189	
Solyc10g047680.1.1	Solyc04g015460.2.1	50.0000	209.1	720.9	0.0141	0.9943	70.7117	-2447.740761	
Solyc01g106160.1.1	Solyc04g015460.2.1	50.0000	252.4	845.6	0.0128	0.8920	69.5136	-2848.568978	
Solyc01g106670.1.1	Solyc04g015870.1.1	0.5693	84.0	306.0	0.5094	0.1572	0.3085	-745.846466	
Solyc05g008020.2.1	Solyc04g007710.2.1	0.5890	256.3	772.7	0.1123	0.0661	0.5889	-1871.642785	
Solyc05g008060.2.1	Solyc04g007690.2.1	1.2767	350.1	1149.9	0.0360	0.0587	1.6304	-2792.464967	
Solyc05g008130.2.1	Solyc04g007660.1.1	1.5486	200.8	624.2	0.1843	0.2485	1.3483	-1796.522750	
Solyc05g008200.2.1	Solyc04g007650.2.1	0.6825	1008.0	3204.0	0.2395	0.1293	0.5397	-8223.973636	
Solyc05g008230.2.1	Solyc04g007640.2.1	0.7038	318.8	917.2	0.1837	0.1093	0.5950	-2389.812229	
Solyc05g008390.2.1	Solyc04g007600.2.1	0.9542	190.2	532.8	0.2596	0.1817	0.7001	-1504.630335	
Solyc05g008430.2.1	Solyc04g007560.2.1	0.7018	651.9	1967.1	0.1405	0.0927	0.6600	-4983.435585	
Solyc05g008500.1.1	Solyc04g007530.2.1	1.5796	344.2	978.8	0.1843	0.2448	1.3279	-2885.942539	
Solyc05g008580.2.1	Solyc04g007520.2.1	0.6764	324.6	953.4	0.1160	0.0768	0.6622	-2380.994055	
Solyc05g008640.1.1	Solyc04g007500.1.1	1.5596	107.0	364.0	0.1718	0.2482	1.4443	-1042.154819	
Solyc05g008650.1.1	Solyc04g007490.2.1	50.0000	233.6	771.4	0.0313	2.0352	64.9884	-2642.581101	
Solyc05g008830.2.1	Solyc04g007460.2.1	1.2886	259.2	766.8	0.1759	0.1967	1.1182	-2173.886557	
Solyc05g008930.2.1	Solyc04g007380.1.1	50.0000	215.1	774.9	0.0118	0.8682	73.5763	-2562.390190	
Solyc05g009160.2.1	Solyc04g007370.2.1	0.5533	219.4	632.6	0.1176	0.0629	0.5348	-1515.727757	
Solyc05g009200.1.1	Solyc04g007340.2.1	2.9893	121.6	355.4	0.0923	0.2842	3.0789	-1085.166867	
Solyc05g009240.2.1	Solyc04g007290.2.1	1.0717	448.6	1249.4	0.1866	0.1661	0.8898	-3474.901980	
Solyc05g009310.2.1	Solyc04g007210.2.1	2.3159	224.3	873.7	0.1041	0.2799	2.6891	-2416.829344	
Solyc05g009450.1.1	Solyc04g007180.1.1	2.1683	167.9	696.1	0.1015	0.2657	2.6170	-1917.447009	
Solyc05g009470.2.1	Solyc04g007150.2.1	0.9689	281.0	1183.0	0.1136	0.1293	1.1380	-2893.386561	
Solyc05g009520.1.1	Solyc04g007130.1.1	2.8801	136.4	379.6	0.1019	0.2882	2.8291	-1159.235881	
Solyc05g009600.2.1	Solyc04g007100.2.1	0.8290	179.1	516.9	0.1755	0.1251	0.7128	-1360.234728	
Solyc05g008080.1.1	Solyc02g091420.2.1	14.5519	190.5	568.5	0.0126	0.2342	18.6290	-1648.749787	
Solyc05g008210.2.1	Solyc02g091360.1.1	50.0000	104.8	369.2	0.0039	0.2886	74.3799	-1063.519082	
Solyc04g007630.1.1	Solyc02g091300.2.1	1.4259	74.2	333.8	0.1448	0.2292	1.5823	-852.635950	
Solyc05g008390.2.1	Solyc02g091230.2.1	2.4978	152.8	474.2	0.1649	0.3727	2.2601	-1481.344980	
Solyc04g007600.2.1	Solyc02g091230.2.1	2.2303	157.2	460.8	0.2026	0.3715	1.8336	-1445.366902	
Solyc04g007580.1.1	Solyc02g091180.1.1	3.8462	89.3	345.7	0.0538	0.2782	5.1672	-946.742275	
Solyc05g008480.2.1	Solyc02g091110.2.1	4.4824	148.9	379.1	0.0221	0.1109	5.0145	-1036.116362	
Solyc05g008500.1.1	Solyc02g091050.2.1	3.1648	351.3	962.7	0.1375	0.3942	2.8660	-3078.395217	
Solyc04g007530.2.1	Solyc02g091050.2.1	3.0686	368.0	1024.0	0.1342	0.3780	2.8171	-3235.524389	
Solyc05g008860.2.1	Solyc11g016930.1.1	17.6509	88.3	433.7	0.0298	0.9033	30.3589	-1340.945520	
Solyc05g008930.2.1	Solyc11g013880.1.1	50.0000	238.8	856.2	0.0121	0.8895	73.2346	-2852.435876	
Solyc04g007380.1.1	Solyc11g013880.1.1	50.0000	244.0	749.0	0.0099	0.6501	65.8227	-2515.601477	
Solyc04g007320.1.1	Solyc11g013750.1.1	9.4480	85.5	256.5	0.0867	0.8663	9.9942	-846.317150	
Solyc07g066090.2.1	Solyc10g005740.1.1	0.8278	413.6	1287.4	0.2529	0.1606	0.6349	-3436.004631	
Solyc07g066130.1.1	Solyc10g005730.2.1	1.2702	194.7	582.3	0.2945	0.2646	0.8984	-1703.878658	
Solyc07g066210.2.1	Solyc10g005690.2.1	0.7031	435.1	1340.9	0.1708	0.1070	0.6267	-3405.970650	
Solyc07g066220.2.1	Solyc10g005680.1.1	1.8057	177.0	615.0	0.4962	0.4906	0.9888	-1888.904466	
Solyc07g066260.2.1	Solyc10g005640.2.1	0.8182	252.2	872.8	0.1634	0.1270	0.7771	-2223.845173	
Solyc07g066350.1.1	Solyc10g005610.1.1	1.2664	254.6	819.4	0.1863	0.2074	1.1133	-2312.198594	
Solyc07g065710.2.1	Solyc10g005770.2.1	0.7195	334.7	1045.3	0.1366	0.0947	0.6931	-2658.341499	
Solyc07g065790.2.1	Solyc10g005790.2.1	1.0271	446.2	1362.8	0.1409	0.1367	0.9704	-3614.054990	
Solyc07g065800.2.1	Solyc10g005800.2.1	1.4298	117.8	410.2	0.0963	0.1541	1.5994	-1064.079109	
Solyc07g065890.2.1	Solyc10g005880.2.1	0.4741	273.5	980.5	0.0653	0.0383	0.5871	-2160.002696	
Solyc07g065950.2.1	Solyc10g005920.2.1	0.8808	89.8	243.2	0.2019	0.1421	0.7040	-659.628611	
Solyc07g064890.1.1	Solyc10g006130.1.1	1.9733	117.6	320.4	0.1266	0.2305	1.8215	-960.597492	
Solyc07g064900.2.1	Solyc10g006120.1.1	0.9887	293.6	915.4	0.1178	0.1169	0.9926	-2404.620991	
Solyc07g064910.2.1	Solyc10g006110.2.1	0.8189	388.6	1231.4	0.1229	0.1006	0.8190	-3102.214961	
Solyc07g065040.2.1	Solyc10g006100.2.1	0.7907	428.0	1198.0	0.2574	0.1498	0.5820	-3241.120448	
Solyc07g065170.2.1	Solyc10g006070.2.1	0.5401	136.6	520.4	0.0481	0.0352	0.7319	-1137.871413	
Solyc07g065340.1.1	Solyc10g006040.1.1	1.1912	170.1	798.9	0.0773	0.1283	1.6595	-1885.028571	
Solyc07g065400.2.1	Solyc10g006020.2.1	1.0384	151.0	434.0	0.2363	0.1887	0.7986	-1214.308522	
Solyc07g065450.2.1	Solyc10g006010.2.1	0.8620	272.1	717.9	0.2599	0.1612	0.6202	-1965.754121	
Solyc07g065490.2.1	Solyc10g006000.2.1	1.3817	324.1	1058.9	0.2717	0.2829	1.0411	-2896.313364	
Solyc07g065510.2.1	Solyc10g005980.1.1	2.8332	330.0	1215.0	0.1616	0.4480	2.7725	-3584.931318	
Solyc07g065540.1.1	Solyc10g005960.1.1	2.1258	244.6	721.4	0.0950	0.2077	2.1861	-2085.977982	
Solyc07g064900.2.1	Solyc12g014450.1.1	1.0920	303.0	903.0	0.1463	0.1476	1.0088	-2458.801874	
Solyc10g006120.1.1	Solyc12g014450.1.1	1.1705	307.0	899.0	0.1045	0.1226	1.1735	-2434.547778	
Solyc07g064910.2.1	Solyc12g014460.1.1	0.5957	388.8	1237.2	0.1162	0.0704	0.6062	-2968.429015	
Solyc10g006110.2.1	Solyc12g014460.1.1	0.6888	378.8	1241.2	0.1228	0.0860	0.7001	-3039.836355	
Solyc07g064930.2.1	Solyc12g014470.1.1	0.8298	212.2	678.8	0.2427	0.1587	0.6538	-1768.653438	
Solyc07g064970.2.1	Solyc12g014490.1.1	0.7691	382.4	1267.6	0.1509	0.1113	0.7373	-3168.422580	
Solyc07g064990.2.1	Solyc12g014500.1.1	1.0105	254.8	774.2	0.0535	0.0626	1.1700	-1948.136664	
Solyc07g065050.2.1	Solyc12g014560.1.1	0.8418	315.4	929.6	0.1295	0.1038	0.8018	-2416.679788	
Solyc07g065120.2.1	Solyc12g014570.1.1	1.0588	487.6	1516.4	0.2404	0.1995	0.8301	-4229.179894	
Solyc07g065160.2.1	Solyc12g014590.1.1	0.8061	164.7	687.3	0.0969	0.0959	0.9900	-1568.459760	
Solyc07g065540.1.1	Solyc12g015690.1.1	2.1025	153.5	428.5	0.3053	0.4379	1.4344	-1377.759706	
Solyc10g005960.1.1	Solyc12g015690.1.1	1.9712	149.6	438.4	0.2372	0.3614	1.5237	-1354.144950	
Solyc10g005950.2.1	Solyc12g015700.1.1	1.1431	185.4	633.6	0.1400	0.1594	1.1387	-1665.033029	
Solyc07g065650.2.1	Solyc12g015740.1.1	0.7197	129.8	377.2	0.1130	0.0797	0.7052	-941.220153	
Solyc07g065660.2.1	Solyc12g015770.1.1	3.0396	457.4	1570.6	0.1169	0.3747	3.2059	-4726.375233	
Solyc10g005810.2.1	Solyc12g015860.1.1	0.6703	70.2	259.8	0.1796	0.1133	0.6311	-641.938406	
Solyc07g065820.2.1	Solyc12g015870.1.1	0.8100	148.7	478.3	0.0220	0.0234	1.0629	-1073.320471	
Solyc07g065840.2.1	Solyc12g015880.1.1	0.6324	424.3	1585.7	0.0192	0.0179	0.9317	-3298.336142	
Solyc07g065090.1.1	Solyc04g014650.2.1	50.0000	173.4	615.6	0.0172	1.2322	71.4516	-2084.873055	
Solyc07g065270.1.1	Solyc04g014830.1.1	3.5778	350.1	1053.9	0.1117	0.3998	3.5790	-3375.076426	
Solyc10g006050.2.1	Solyc04g014820.2.1	4.0759	140.8	525.2	0.0388	0.2181	5.6145	-1434.353597	
Solyc07g065450.2.1	Solyc04g014880.2.1	4.1940	239.1	744.9	0.0897	0.4033	4.4967	-2304.269448	
Solyc10g006010.2.1	Solyc04g014880.2.1	2.9356	236.5	747.5	0.1269	0.3688	2.9053	-2294.319487	
Solyc07g065680.2.1	Solyc04g015110.2.1	9.5746	381.7	1217.3	0.0437	0.5129	11.7331	-3715.050815	
Solyc07g065710.2.1	Solyc04g015130.2.1	2.0258	332.6	1047.4	0.0681	0.1572	2.3069	-2923.817196	
Solyc10g005770.2.1	Solyc04g015130.2.1	2.4056	327.6	1052.4	0.0562	0.1609	2.8607	-2920.458944	
Solyc10g006050.2.1	Solyc11g012470.1.1	4.6739	172.7	658.3	0.0346	0.2291	6.6225	-1780.204635	
Solyc04g014820.2.1	Solyc11g012470.1.1	1.0552	146.9	513.1	0.1631	0.1641	1.0067	-1336.891355	
Solyc07g065270.1.1	Solyc11g012510.1.1	3.5419	353.9	1050.1	0.1028	0.3688	3.5890	-3337.747239	
Solyc04g014830.1.1	Solyc11g012510.1.1	0.9189	372.8	1025.2	0.2356	0.1642	0.6970	-2881.048723	
Solyc04g014850.2.1	Solyc11g012610.1.1	1.0756	249.5	839.5	0.1562	0.1602	1.0258	-2244.673272	
Solyc07g065370.2.1	Solyc11g012620.1.1	50.0000	113.9	396.1	0.0123	0.8806	71.5844	-1287.732592	
Solyc04g015010.2.1	Solyc11g012660.1.1	0.9996	303.2	1142.8	0.1514	0.1531	1.0117	-2880.035356	
Solyc04g015030.2.1	Solyc11g012690.1.1	2.1593	118.5	469.5	0.0805	0.2180	2.7085	-1192.127624	
Solyc04g015060.1.1	Solyc11g012750.1.1	1.4814	86.2	255.8	0.0818	0.1290	1.5760	-698.706521	
Solyc07g065700.2.1	Solyc11g012790.1.1	3.4645	122.8	429.2	0.0503	0.2218	4.4142	-1205.510212	
Solyc04g081170.2.1	Solyc02g084230.1.1	3.6400	170.0	538.0	0.1065	0.4024	3.7801	-1674.539503	
Solyc04g081300.2.1	Solyc02g083980.2.1	2.6388	340.4	1072.6	0.0848	0.2442	2.8813	-3099.758359	
Solyc04g081550.2.1	Solyc02g083760.2.1	50.0000	164.7	489.3	0.0052	0.3392	65.1693	-1558.110152	
Solyc04g081860.2.1	Solyc02g083480.2.1	2.7616	192.2	707.8	0.0596	0.2107	3.5349	-1922.247083	
Solyc04g081930.2.1	Solyc02g083390.2.1	2.0891	173.9	549.1	0.1042	0.2270	2.1782	-1593.747275	
Solyc04g082000.2.1	Solyc02g083340.2.1	2.3005	556.2	1807.8	0.0693	0.1844	2.6598	-5062.814500	
Solyc04g082050.2.1	Solyc02g083250.2.1	2.0287	137.0	418.0	0.1112	0.2275	2.0454	-1214.188581	
Solyc04g082270.2.1	Solyc02g082980.1.1	50.0000	152.1	591.9	0.0105	0.8242	78.3268	-1858.549980	
Solyc04g082430.2.1	Solyc02g082820.2.1	3.5286	270.3	812.7	0.0780	0.2979	3.8166	-2461.381984	
Solyc04g082600.2.1	Solyc02g082490.2.1	3.6582	242.6	768.4	0.0582	0.2497	4.2905	-2241.404645	
Solyc04g082610.2.1	Solyc02g082480.2.1	4.2009	604.3	1912.7	0.0592	0.2906	4.9125	-5724.747336	
Solyc04g082620.2.1	Solyc02g082470.2.1	2.2127	130.4	367.6	0.0834	0.1902	2.2811	-1044.860494	
Solyc04g082690.1.1	Solyc02g082420.2.1	48.9445	134.4	351.6	0.0069	0.3992	57.9662	-1175.730555	
Solyc04g082700.2.1	Solyc02g082410.2.1	1.9257	567.2	1517.8	0.1033	0.1910	1.8485	-4478.906038	
Solyc04g082770.2.1	Solyc02g082270.2.1	50.0000	135.2	467.8	0.0055	0.4044	72.9550	-1460.820964	
Solyc04g082870.1.1	Solyc02g082160.1.1	50.0000	309.4	1124.6	0.0102	0.7579	74.4857	-3650.645709	
Solyc04g082950.2.1	Solyc02g082140.2.1	48.6060	310.3	970.7	0.0069	0.4513	65.4844	-3111.666879	
Solyc04g081060.2.1	Solyc02g084390.2.1	3.2245	482.9	1719.1	0.1474	0.4738	3.2144	-5337.345421	
Solyc04g081080.1.1	Solyc02g084370.1.1	2.5607	347.7	984.3	0.0944	0.2435	2.5805	-3018.931111	
Solyc04g081090.2.1	Solyc02g084360.2.1	6.5270	141.5	347.5	0.0010	0.0075	7.4997	-821.592849	
Solyc02g083570.2.1	Solyc06g007510.2.1	3.1391	118.8	313.2	0.0158	0.0577	3.6519	-810.194731	
Solyc04g081760.2.1	Solyc06g007490.1.1	7.9024	112.5	475.5	0.0748	0.7827	10.4597	-1473.343428	
Solyc04g081950.2.1	Solyc06g007280.2.1	50.0000	139.9	535.1	0.0114	0.8816	77.0231	-1706.274963	
Solyc10g080640.1.1	Solyc10g078650.1.1	0.9185	310.6	1054.4	0.2429	0.1791	0.7373	-2807.577584	
Solyc10g080650.1.1	Solyc10g078610.1.1	2.5977	81.1	368.9	0.4428	0.7059	1.5940	-1101.582764	
Solyc10g080670.1.1	Solyc10g078590.1.1	2.4421	122.6	522.4	0.0937	0.2869	3.0604	-1408.775427	
Solyc10g080690.1.1	Solyc10g078530.1.1	0.9874	324.8	896.2	0.1965	0.1576	0.8023	-2477.547792	
Solyc10g080880.1.1	Solyc10g078370.1.1	0.7568	358.5	1141.5	0.0785	0.0663	0.8445	-2746.544076	
Solyc10g080890.1.1	Solyc10g078360.1.1	5.4349	194.6	597.4	0.0336	0.2245	6.6829	-1738.895880	
Solyc10g080930.1.1	Solyc10g078350.1.1	1.5432	149.1	498.9	0.2236	0.2859	1.2785	-1442.673096	
Solyc10g080950.1.1	Solyc10g078330.1.1	1.1355	276.8	899.2	0.2425	0.2181	0.8994	-2486.575824	
Solyc10g080960.1.1	Solyc10g078310.1.1	1.3974	163.0	605.0	0.0945	0.1536	1.6246	-1589.922637	
Solyc10g080980.1.1	Solyc10g078270.1.1	1.0502	243.8	803.2	0.1508	0.1514	1.0044	-2067.367158	
Solyc10g081030.1.1	Solyc10g078150.1.1	0.6709	142.1	436.9	0.0838	0.0607	0.7245	-1020.856439	
Solyc10g081120.1.1	Solyc10g077080.1.1	0.9001	493.8	1507.2	0.2488	0.1719	0.6910	-4066.641503	
Solyc10g081130.1.1	Solyc10g077030.1.1	0.4330	188.0	559.0	0.0237	0.0127	0.5357	-1232.328817	
Solyc10g081140.1.1	Solyc10g077020.1.1	0.6622	434.1	1332.9	0.1583	0.0957	0.6047	-3314.647434	
Solyc10g081170.1.1	Solyc10g077010.1.1	0.5322	105.9	317.1	0.0044	0.0031	0.6996	-653.399515	
Solyc10g081200.1.1	Solyc10g077000.1.1	1.3008	512.1	1758.9	0.3004	0.2843	0.9463	-4956.075662	
Solyc10g080410.1.1	Solyc10g078670.1.1	0.9942	227.1	789.9	0.1601	0.1526	0.9533	-2074.651885	
Solyc10g080420.1.1	Solyc10g078680.1.1	0.5109	383.4	1182.6	0.0570	0.0337	0.5915	-2719.141030	
Solyc10g080460.1.1	Solyc10g078720.1.1	30.7162	117.9	419.1	0.0409	1.6657	40.7014	-1417.224272	
Solyc10g080480.1.1	Solyc10g078750.1.1	0.7938	214.8	622.2	0.1488	0.1072	0.7205	-1630.942965	
Solyc10g080420.1.1	Solyc01g006620.2.1	2.6814	382.0	1172.0	0.0500	0.1576	3.1528	-3268.564652	
Solyc10g078680.1.1	Solyc01g006620.2.1	2.3528	523.0	1664.0	0.0676	0.1824	2.6991	-4669.498517	
Solyc10g078730.1.1	Solyc01g006460.1.1	4.2472	229.4	769.6	0.0933	0.4380	4.6950	-2398.161138	
Solyc10g078740.1.1	Solyc01g006450.2.1	2.6230	303.1	869.9	0.0515	0.1519	2.9479	-2431.082209	
Solyc10g080570.1.1	Solyc01g006190.2.1	9.8531	204.7	680.3	0.0198	0.2641	13.3201	-1997.523381	
Solyc06g068310.1.1	Solyc03g117310.1.1	2.8419	103.9	412.1	0.0982	0.3325	3.3847	-1183.823793	
Solyc06g068320.2.1	Solyc03g117330.2.1	0.4837	351.2	1100.8	0.0810	0.0431	0.5316	-2514.499006	
Solyc06g068330.1.1	Solyc03g117290.1.1	1.3247	106.7	274.3	0.1454	0.1669	1.1477	-806.403927	
Solyc06g068500.2.1	Solyc03g117590.2.1	1.0150	100.9	373.1	0.1323	0.1412	1.0673	-927.583989	
Solyc06g068510.1.1	Solyc03g117640.1.1	0.7930	150.6	692.4	0.1148	0.1111	0.9684	-1591.330932	
Solyc06g068540.2.1	Solyc03g117680.2.1	1.1009	372.9	1127.1	0.2736	0.2211	0.8080	-3220.422182	
Solyc06g068550.2.1	Solyc03g117690.2.1	1.0528	250.0	944.0	0.1863	0.1833	0.9840	-2469.006189	
Solyc06g068560.2.1	Solyc03g117700.1.1	0.8939	217.1	637.9	0.2780	0.1795	0.6459	-1751.606134	
Solyc06g068570.2.1	Solyc03g117720.2.1	2.0833	163.0	671.0	0.2076	0.3978	1.9161	-1963.775470	
Solyc06g068590.2.1	Solyc03g117790.1.1	0.8862	198.3	614.7	0.1788	0.1393	0.7792	-1631.988977	
Solyc06g068600.2.1	Solyc03g117810.2.1	0.5760	133.5	397.5	0.1261	0.0700	0.5551	-972.128787	
Solyc06g068610.1.1	Solyc03g117820.1.1	0.6673	238.3	703.7	0.2172	0.1164	0.5357	-1812.036555	
Solyc06g068640.1.1	Solyc03g117860.2.1	2.9784	93.1	362.9	0.2763	0.6469	2.3411	-1126.661944	
Solyc06g068650.2.1	Solyc03g117870.2.1	1.4571	398.7	1161.3	0.0397	0.0676	1.7035	-2946.120107	
Solyc06g068670.2.1	Solyc03g117890.2.1	0.8354	209.6	618.4	0.1811	0.1298	0.7169	-1631.101291	
Solyc06g068680.2.1	Solyc03g117980.2.1	1.0100	545.6	1740.4	0.1723	0.1568	0.9104	-4669.919509	
Solyc06g068740.2.1	Solyc03g118100.2.1	0.9536	193.1	628.9	0.1197	0.1165	0.9734	-1600.749268	
Solyc06g068810.2.1	Solyc03g118080.2.1	50.0000	274.2	1009.8	0.0095	0.7151	75.4159	-3228.952081	
Solyc06g068240.2.1	Solyc03g117480.2.1	0.5617	618.9	1676.1	0.0443	0.0275	0.6199	-3906.833812	
Solyc06g068280.2.1	Solyc03g117440.2.1	0.5568	323.9	987.1	0.0442	0.0293	0.6621	-2263.995879	
Solyc06g068650.2.1	Solyc12g042460.1.1	1.2700	378.3	1181.7	0.0745	0.1055	1.4163	-3027.382113	
Solyc03g117870.2.1	Solyc12g042460.1.1	1.1389	391.1	1174.9	0.0957	0.1130	1.1807	-3070.899088	
Solyc03g117910.2.1	Solyc12g042440.1.1	1.9548	180.1	560.9	0.4074	0.4814	1.1817	-1799.903640	
Solyc03g118000.1.1	Solyc12g042430.1.1	0.8678	224.7	657.3	0.1639	0.1258	0.7676	-1757.167855	
Solyc06g062450.2.1	Solyc03g121440.2.1	50.0000	230.3	729.7	0.0323	2.0328	63.0287	-2571.039287	
Solyc06g062580.2.1	Solyc03g121540.2.1	0.5591	482.7	1641.3	0.1470	0.0804	0.5468	-3913.596158	
Solyc06g062590.2.1	Solyc03g121570.2.1	0.6794	448.8	1279.2	0.0804	0.0571	0.7094	-3139.102070	
Solyc06g062600.2.1	Solyc03g121600.2.1	0.7707	309.6	893.4	0.1310	0.0949	0.7244	-2305.476452	
Solyc06g062670.2.1	Solyc03g121660.2.1	1.9240	273.6	941.4	0.2800	0.4061	1.4506	-2850.336061	
Solyc06g062690.2.1	Solyc03g121700.2.1	1.1319	247.3	748.7	0.2518	0.2171	0.8622	-2054.130384	
Solyc06g062730.1.1	Solyc03g121710.2.1	1.8910	119.2	450.8	0.4720	0.5108	1.0821	-1313.644658	
Solyc06g062750.2.1	Solyc03g121730.2.1	0.6960	220.7	679.3	0.1518	0.0979	0.6448	-1690.285626	
Solyc06g062780.2.1	Solyc03g121810.2.1	0.6798	798.2	2336.8	0.1686	0.1005	0.5959	-5976.324020	
Solyc06g062790.2.1	Solyc03g121820.2.1	0.4680	284.0	997.0	0.1094	0.0556	0.5084	-2290.565786	
Solyc06g062810.1.1	Solyc03g121830.1.1	0.4983	313.4	979.6	0.0799	0.0438	0.5484	-2260.435150	
Solyc06g062840.2.1	Solyc03g121910.1.1	0.7395	366.9	1175.1	0.0412	0.0377	0.9151	-2749.451410	
Solyc06g062850.2.1	Solyc03g121930.2.1	1.1837	154.8	550.2	0.2708	0.2480	0.9156	-1504.374094	
Solyc06g062860.2.1	Solyc03g121950.2.1	0.8311	313.3	1060.7	0.2535	0.1658	0.6538	-2764.488722	
Solyc06g062870.2.1	Solyc03g121960.2.1	0.7734	439.3	1501.7	0.1718	0.1233	0.7175	-3777.965912	
Solyc06g062900.2.1	Solyc03g122020.2.1	0.8417	173.2	486.8	0.2674	0.1633	0.6105	-1310.810721	
Solyc06g062960.1.1	Solyc03g122300.1.1	0.9953	73.3	283.7	0.1297	0.1395	1.0756	-720.306714	
Solyc06g062990.1.1	Solyc03g122240.2.1	0.9658	386.6	1263.4	0.1223	0.1201	0.9816	-3316.159182	
Solyc06g063000.2.1	Solyc03g122180.2.1	0.5597	267.6	911.4	0.1012	0.0619	0.6112	-2114.123877	
Solyc06g063030.2.1	Solyc03g122090.2.1	0.4378	142.7	502.3	0.0918	0.0458	0.4985	-1117.877018	
Solyc06g063050.2.1	Solyc03g122040.2.1	1.8022	354.0	1191.0	0.3879	0.4412	1.1374	-3634.794172	
Solyc03g121770.1.1	Solyc07g040710.2.1	50.0000	169.8	619.2	0.0031	0.2336	76.5922	-1731.264684	
Solyc06g062790.2.1	Solyc07g040720.2.1	2.0760	264.7	1010.3	0.0512	0.1429	2.7877	-2666.672882	
Solyc03g121820.2.1	Solyc07g040720.2.1	1.6650	265.8	1009.2	0.0621	0.1338	2.1544	-2648.336210	
Solyc06g062800.2.1	Solyc07g040750.1.1	1.9408	287.0	895.0	0.0292	0.0713	2.4422	-2266.870564	
Solyc03g121840.2.1	Solyc07g040920.2.1	7.1721	131.7	453.3	0.0521	0.4693	9.0030	-1423.986691	
Solyc06g062820.2.1	Solyc07g040940.2.1	50.0000	249.2	821.8	0.0081	0.5664	69.7530	-2660.219321	
Solyc03g121880.2.1	Solyc07g040990.2.1	4.3020	192.2	617.8	0.0514	0.2665	5.1881	-1808.749583	
Solyc06g062850.2.1	Solyc07g041190.2.1	2.1016	160.2	544.8	0.0479	0.1271	2.6506	-1414.323677	
Solyc03g121930.2.1	Solyc07g041190.2.1	50.0000	150.2	554.8	0.0036	0.2760	77.2119	-1571.834992	
Solyc06g062870.2.1	Solyc07g041210.2.1	2.1660	418.0	1523.0	0.0603	0.1657	2.7488	-4037.649358	
Solyc03g121960.2.1	Solyc07g041210.2.1	2.0331	443.0	1495.0	0.0651	0.1582	2.4310	-4013.994101	
Solyc03g121970.1.1	Solyc07g041290.1.1	6.7208	184.4	640.6	0.0492	0.4209	8.5589	-1930.908797	
Solyc06g062880.1.1	Solyc07g041230.2.1	3.5728	214.9	631.1	0.0525	0.2133	4.0610	-1855.071162	
Solyc03g121940.2.1	Solyc08g062210.2.1	6.9846	147.7	479.3	0.0756	0.6004	7.9368	-1580.682201	
Solyc07g041280.2.1	Solyc08g062190.2.1	1.7784	195.5	629.5	0.0561	0.1188	2.1195	-1667.606035	
Solyc03g121970.1.1	Solyc08g062180.1.1	6.7604	173.1	651.9	0.0452	0.4149	9.1802	-1926.645532	
Solyc07g041290.1.1	Solyc08g062180.1.1	6.9836	165.9	659.1	0.0487	0.4726	9.6986	-1962.749221	
Solyc03g121800.2.1	Solyc12g044910.1.1	0.8199	129.0	393.0	0.0548	0.0519	0.9474	-941.168928	
Solyc06g062780.2.1	Solyc12g044920.1.1	0.6279	788.3	2346.7	0.1400	0.0823	0.5875	-5834.230006	
Solyc03g121810.2.1	Solyc12g044920.1.1	0.7201	784.7	2350.3	0.1587	0.1032	0.6500	-5985.906646	
Solyc03g121980.2.1	Solyc12g049270.1.1	0.5878	104.7	378.3	0.0969	0.0648	0.6695	-888.450369	
Solyc03g122080.2.1	Solyc12g049500.1.1	0.9746	335.4	1026.6	0.3172	0.2123	0.6694	-2863.214183	
Solyc06g063050.2.1	Solyc12g049510.1.1	2.0667	341.0	1204.0	0.3994	0.5172	1.2951	-3725.199413	
Solyc03g122040.2.1	Solyc12g049510.1.1	1.7756	418.2	1375.8	0.4529	0.4618	1.0197	-4253.973991	
Solyc06g062670.2.1	Solyc08g063040.2.1	2.6840	199.7	862.3	0.1829	0.4862	2.6584	-2530.769127	
Solyc03g121660.2.1	Solyc08g063040.2.1	3.0588	216.2	845.8	0.1301	0.4317	3.3193	-2510.495458	
Solyc06g062690.2.1	Solyc08g063000.2.1	4.0193	219.0	759.0	0.0818	0.3811	4.6613	-2222.695058	
Solyc03g121700.2.1	Solyc08g063000.2.1	8.7426	242.4	789.6	0.0251	0.2884	11.4700	-2231.798160	
Solyc03g121760.2.1	Solyc08g062940.2.1	2.8158	185.1	648.9	0.1513	0.4181	2.7629	-1978.341804	
Solyc03g121770.1.1	Solyc08g062930.1.1	3.4227	140.5	456.5	0.1240	0.4283	3.4551	-1405.220192	
Solyc06g062450.2.1	Solyc12g044840.1.1	50.0000	214.6	745.4	0.0248	1.7003	68.6411	-2561.591717	
Solyc03g121440.2.1	Solyc12g044840.1.1	0.9758	255.0	858.0	0.2033	0.1714	0.8430	-2328.767121	
Solyc06g062580.2.1	Solyc12g044880.1.1	0.5981	495.3	1625.7	0.1489	0.0854	0.5735	-3932.456492	
Solyc03g121540.2.1	Solyc12g044880.1.1	0.6144	496.3	1624.7	0.1476	0.0871	0.5901	-3944.967679	
Solyc06g062590.2.1	Solyc12g044890.1.1	0.6241	456.3	1271.7	0.1274	0.0741	0.5814	-3194.319627	
Solyc03g121570.2.1	Solyc12g044890.1.1	0.6480	448.4	1282.6	0.1201	0.0745	0.6207	-3198.045344	
Solyc03g121590.2.1	Solyc12g044900.1.1	0.6073	545.5	1719.5	0.1415	0.0823	0.5812	-4177.982880	
Solyc03g121920.2.1	Solyc12g096030.1.1	50.0000	231.8	677.2	0.0043	0.2799	64.5452	-2060.478243	
Solyc06g062850.2.1	Solyc12g096040.1.1	2.8467	176.8	528.2	0.0345	0.1184	3.4292	-1397.357109	
Solyc03g121930.2.1	Solyc12g096040.1.1	3.8087	157.2	547.8	0.0555	0.2649	4.7708	-1556.782683	
Solyc06g062880.1.1	Solyc12g096110.1.1	5.7485	172.5	673.5	0.0487	0.3846	7.8970	-1990.670226	
Solyc02g087360.2.1	Solyc02g067570.2.1	0.7658	136.3	430.7	0.2124	0.1349	0.6354	-1108.473683	
Solyc02g087460.1.1	Solyc02g067560.1.1	1.5012	210.9	914.1	0.1940	0.2813	1.4498	-2502.795747	
Solyc02g087490.1.1	Solyc02g067530.2.1	1.0285	176.8	624.2	0.1772	0.1693	0.9554	-1634.719052	
Solyc02g087580.2.1	Solyc02g067490.2.1	1.1949	130.9	493.1	0.1193	0.1562	1.3100	-1276.567022	
Solyc02g087670.2.1	Solyc02g067450.2.1	2.1368	276.1	923.9	0.1383	0.2927	2.1159	-2739.194943	
Solyc02g087740.2.1	Solyc02g067440.2.1	0.9728	158.4	489.6	0.1420	0.1309	0.9219	-1297.680273	
Solyc02g087750.2.1	Solyc02g067420.2.1	0.6686	96.2	335.8	0.0267	0.0244	0.9157	-746.950493	
Solyc02g087840.2.1	Solyc02g067410.1.1	1.6463	119.5	525.5	0.2049	0.3193	1.5582	-1461.995726	
Solyc02g087850.1.1	Solyc02g067400.1.1	1.8846	148.0	509.0	0.1911	0.3216	1.6825	-1507.296411	
Solyc02g087950.2.1	Solyc02g067350.2.1	1.4117	416.8	1548.2	0.2539	0.2899	1.1417	-4244.252566	
Solyc02g087960.2.1	Solyc02g067340.2.1	1.8846	138.4	617.6	0.2438	0.4007	1.6435	-1745.009179	
Solyc02g088040.1.1	Solyc02g067250.1.1	1.1518	127.3	490.7	0.2393	0.2320	0.9694	-1319.817832	
Solyc02g088070.2.1	Solyc02g067230.2.1	1.6249	158.3	546.7	0.5017	0.4429	0.8828	-1645.330019	
Solyc02g088090.1.1	Solyc02g067220.2.1	2.7990	91.9	313.1	0.1055	0.3191	3.0238	-912.870353	
Solyc02g088120.2.1	Solyc02g067210.2.1	0.9228	306.4	1067.6	0.2005	0.1628	0.8122	-2781.800986	
Solyc02g088210.2.1	Solyc02g067160.2.1	0.8461	159.2	566.8	0.1055	0.0986	0.9349	-1404.408606	
Solyc02g088260.2.1	Solyc02g067150.2.1	1.6662	217.6	751.4	0.1302	0.2222	1.7062	-1989.465146	
Solyc02g088270.2.1	Solyc02g067120.2.1	2.4518	168.0	522.0	0.2104	0.4270	2.0297	-1650.689403	
Solyc02g088290.2.1	Solyc02g067010.2.1	0.6811	1066.0	3080.0	0.1947	0.1100	0.5650	-7947.623191	
Solyc02g088310.1.1	Solyc02g067020.1.1	1.8222	169.6	619.4	0.2925	0.3996	1.3663	-1803.275297	
Solyc02g088320.2.1	Solyc02g067040.2.1	0.7972	260.9	879.1	0.2125	0.1438	0.6765	-2268.267372	
Solyc02g067470.2.1	Solyc03g113220.2.1	6.1435	160.8	535.2	0.0113	0.0963	8.5417	-1354.587309	
Solyc02g067460.2.1	Solyc03g113210.2.1	47.9362	178.8	529.2	0.0088	0.5438	61.6703	-1747.323670	
Solyc02g087670.2.1	Solyc03g113150.2.1	2.8945	287.6	918.4	0.1038	0.3154	3.0386	-2778.086636	
Solyc02g067450.2.1	Solyc03g113150.2.1	5.0256	274.6	925.4	0.0559	0.3441	6.1611	-2802.187682	
Solyc02g087740.2.1	Solyc03g113130.2.1	5.7799	139.5	508.5	0.0502	0.3798	7.5629	-1534.501809	
Solyc02g067440.2.1	Solyc03g113130.2.1	4.3446	136.0	524.0	0.0684	0.3805	5.5612	-1553.614319	
Solyc02g067430.2.1	Solyc03g113120.2.1	50.0000	172.8	622.2	0.0073	0.5487	74.7228	-1929.262683	
Solyc02g087750.2.1	Solyc03g113100.2.1	1.2650	83.2	348.8	0.0111	0.0233	2.0922	-764.131103	
Solyc02g067420.2.1	Solyc03g113100.2.1	1.3734	85.4	346.6	0.0194	0.0415	2.1462	-793.548263	
Solyc02g087770.2.1	Solyc03g113030.2.1	2.8729	221.4	792.6	0.1092	0.3444	3.1535	-2340.966525	
Solyc02g087670.2.1	Solyc05g007080.2.1	4.8546	270.8	935.2	0.0627	0.3716	5.9223	-2846.057021	
Solyc02g067450.2.1	Solyc05g007080.2.1	50.0000	279.0	921.0	0.0058	0.4057	70.3451	-2849.173235	
Solyc03g113150.2.1	Solyc05g007080.2.1	5.0958	268.0	941.0	0.0568	0.3628	6.3882	-2840.643296	
Solyc02g067430.2.1	Solyc05g007110.2.1	9.5887	148.3	610.7	0.0493	0.6704	13.6009	-1874.516173	
Solyc03g113120.2.1	Solyc05g007110.2.1	3.7067	159.4	599.6	0.1813	0.6343	3.4979	-1861.865449	
Solyc02g087760.2.1	Solyc05g007130.2.1	3.6270	275.2	831.8	0.1672	0.5403	3.2306	-2689.136715	
Solyc02g067470.2.1	Solyc06g071050.2.1	7.1840	153.1	542.9	0.0079	0.0841	10.5871	-1346.550141	
Solyc02g087670.2.1	Solyc06g071020.2.1	3.0668	278.2	927.8	0.0834	0.2893	3.4671	-2755.151436	
Solyc02g067450.2.1	Solyc06g071020.2.1	50.0000	267.5	932.5	0.0044	0.3239	73.6372	-2787.645833	
Solyc02g067430.2.1	Solyc06g070990.2.1	7.9092	172.2	622.8	0.0488	0.5053	10.3441	-1900.837328	
Solyc02g087750.2.1	Solyc06g070980.2.1	1.6261	79.6	352.4	0.0029	0.0085	2.9055	-739.975521	
Solyc02g067420.2.1	Solyc06g070980.2.1	6.6511	94.7	337.3	0.0033	0.0332	9.9996	-783.981505	
Solyc02g087360.2.1	Solyc05g006540.2.1	4.3555	114.5	437.5	0.0377	0.2305	6.1187	-1222.327492	
Solyc02g067570.2.1	Solyc05g006540.2.1	4.4138	104.6	450.4	0.0314	0.2160	6.8743	-1224.171935	
Solyc02g087480.2.1	Solyc05g006660.2.1	2.4060	246.5	977.5	0.1351	0.3504	2.5931	-2845.638032	
Solyc02g087580.2.1	Solyc05g006780.2.1	8.8830	124.4	499.6	0.0183	0.2530	13.8387	-1365.201638	
Solyc02g067490.2.1	Solyc05g006780.2.1	5.1951	127.3	496.7	0.0368	0.2732	7.4203	-1385.668595	
Solyc02g087830.2.1	Solyc05g007050.2.1	3.5117	246.4	821.6	0.0895	0.3498	3.9068	-2517.182991	
Solyc02g067430.2.1	Solyc05g007110.2.1	9.5887	148.3	610.7	0.0493	0.6704	13.6009	-1874.516173	
Solyc02g087760.2.1	Solyc05g007130.2.1	3.6270	275.2	831.8	0.1672	0.5403	3.2306	-2689.136715	
Solyc02g067390.2.1	Solyc05g007200.2.1	4.3746	178.7	502.3	0.0715	0.3310	4.6275	-1542.044386	
Solyc02g067030.2.1	Solyc11g064900.1.1	50.0000	162.1	650.9	0.0082	0.6638	80.9033	-2017.004829	
Solyc06g071150.2.1	Solyc03g113470.1.1	2.9515	331.2	1216.8	0.1195	0.3819	3.1952	-3655.653337	
Solyc06g071160.2.1	Solyc03g113520.2.1	0.8001	428.1	1461.9	0.1158	0.0977	0.8437	-3619.302712	
Solyc06g071190.2.1	Solyc03g113600.2.1	1.0494	369.9	1259.1	0.2453	0.2059	0.8396	-3407.438303	
Solyc06g071230.2.1	Solyc03g113620.2.1	1.0218	143.0	382.0	0.2844	0.2021	0.7107	-1129.458870	
Solyc06g071250.2.1	Solyc03g113660.2.1	3.2248	172.1	703.9	0.4086	0.8370	2.0484	-2193.445989	
Solyc06g071270.2.1	Solyc03g113700.2.1	0.9627	238.7	787.3	0.2515	0.1896	0.7540	-2136.702971	
Solyc06g071100.2.1	Solyc03g113400.2.1	0.4694	576.3	1736.7	0.0288	0.0166	0.5779	-3863.373419	
Solyc06g071120.2.1	Solyc03g113370.2.1	0.8919	1053.5	3698.5	0.2503	0.1787	0.7137	-9632.445497	
Solyc06g071130.2.1	Solyc03g113350.2.1	0.6916	161.9	561.1	0.2103	0.1252	0.5955	-1409.400229	
Solyc06g071480.2.1	Solyc03g112930.2.1	3.0750	117.5	584.5	0.2159	0.6375	2.9522	-1696.979783	
Solyc06g071520.1.1	Solyc03g112890.1.1	1.9534	88.1	502.9	0.1492	0.3520	2.3595	-1327.518848	
Solyc06g071540.2.1	Solyc03g112840.1.1	0.9446	195.7	641.3	0.1204	0.1163	0.9656	-1609.963528	
Solyc06g071810.1.1	Solyc03g112580.2.1	12.6907	278.9	936.1	0.0502	0.7914	15.7704	-3150.865797	
Solyc06g070920.2.1	Solyc03g113040.2.1	0.9417	440.4	1401.6	0.3050	0.2032	0.6662	-3851.602643	
Solyc06g070940.2.1	Solyc03g113070.2.1	1.3228	375.9	1235.1	0.2980	0.2845	0.9548	-3582.295001	
Solyc06g070970.2.1	Solyc03g113090.2.1	1.2418	267.1	773.9	0.4157	0.3042	0.7318	-2274.075606	
Solyc06g070980.2.1	Solyc03g113100.2.1	0.4268	87.4	344.6	0.0227	0.0146	0.6453	-712.110876	
Solyc06g070990.2.1	Solyc03g113120.2.1	2.3364	176.1	621.9	0.1772	0.3846	2.1707	-1832.728345	
Solyc06g071020.2.1	Solyc03g113150.2.1	1.0184	269.7	939.3	0.1896	0.1738	0.9164	-2523.984222	
Solyc11g008940.1.1	Solyc04g074160.1.1	50.0000	287.1	1023.9	0.0098	0.7179	73.5571	-3328.013064	
Solyc11g009000.1.1	Solyc04g074220.2.1	50.0000	151.1	481.9	0.0045	0.3123	68.8469	-1468.192347	
Solyc11g009080.1.1	Solyc04g074480.2.1	2.1382	139.5	400.5	0.0369	0.0920	2.4941	-1074.231078	
Solyc11g010130.1.1	Solyc04g074500.2.1	50.0000	98.6	369.4	0.0031	0.2460	78.2131	-1029.841440	
Solyc11g010200.1.1	Solyc04g074510.2.1	1.4957	174.2	578.8	0.0552	0.1005	1.8208	-1496.217457	
Solyc11g010270.1.1	Solyc04g074700.2.1	6.0781	105.9	566.1	0.0805	0.7236	8.9892	-1634.655584	
Solyc11g010330.1.1	Solyc04g074790.1.1	3.6219	100.0	407.0	0.1818	0.6394	3.5180	-1260.511674	
Solyc11g010340.1.1	Solyc04g074810.2.1	4.4152	171.8	533.2	0.0535	0.2769	5.1794	-1600.285669	
Solyc11g010370.1.1	Solyc04g074830.1.1	3.1232	234.3	737.7	0.2879	0.6521	2.2653	-2447.084280	
Solyc11g010380.1.1	Solyc04g074840.2.1	3.3286	363.3	1055.7	0.0761	0.2701	3.5485	-3143.857977	
Solyc11g010420.1.1	Solyc04g074950.2.1	11.7974	128.2	501.8	0.0142	0.2608	18.3091	-1388.851146	
Solyc11g010460.1.1	Solyc04g076040.2.1	2.0217	173.0	643.0	0.2143	0.3792	1.7692	-1872.307534	
Solyc11g010470.1.1	Solyc04g076060.2.1	5.0073	131.3	582.7	0.0093	0.0808	8.7153	-1377.535658	
Solyc11g010490.1.1	Solyc04g076100.2.1	2.2258	723.9	2252.1	0.1069	0.2446	2.2890	-6581.301832	
Solyc11g010540.1.1	Solyc04g076270.1.1	50.0000	155.9	624.1	0.0080	0.6440	80.8035	-1946.048430	
Solyc11g010570.1.1	Solyc04g076280.2.1	3.4151	105.9	398.1	0.2099	0.6357	3.0289	-1225.337950	
Solyc11g010600.1.1	Solyc04g076290.2.1	2.0317	304.4	955.6	0.0867	0.1910	2.2037	-2735.982094	
Solyc11g010610.1.1	Solyc04g076300.2.1	2.6506	502.9	1576.1	0.1139	0.3066	2.6917	-4788.934122	
Solyc11g010630.2.1	Solyc04g076350.1.1	4.6413	600.1	2042.9	0.1101	0.5458	4.9556	-6351.036351	
Solyc11g010720.1.1	Solyc04g076470.1.1	50.0000	163.9	457.1	0.0061	0.3760	62.0907	-1485.002654	
Solyc11g009100.1.1	Solyc05g051530.2.1	1.9771	312.0	1239.0	0.0646	0.1684	2.6074	-3165.976332	
Solyc11g010110.1.1	Solyc05g051520.2.1	0.8088	413.0	1432.0	0.2300	0.1541	0.6701	-3673.983334	
Solyc11g010190.1.1	Solyc05g051510.2.1	0.8908	225.5	575.5	0.0623	0.0567	0.9102	-1499.996893	
Solyc11g010270.1.1	Solyc05g051460.2.1	2.2900	112.9	559.1	0.1408	0.3769	2.6768	-1553.734289	
Solyc04g074700.2.1	Solyc05g051460.2.1	4.0185	102.6	569.4	0.1403	0.6920	4.9334	-1622.480747	
Solyc11g010360.1.1	Solyc05g051440.1.1	1.6827	147.5	494.5	0.1499	0.2436	1.6245	-1424.575561	
Solyc11g010460.1.1	Solyc05g051410.2.1	0.8141	175.4	646.6	0.2823	0.1759	0.6233	-1638.805606	
Solyc04g076040.2.1	Solyc05g051410.2.1	2.2024	195.5	704.5	0.1930	0.3847	1.9930	-2080.592395	
Solyc11g010500.1.1	Solyc05g051400.2.1	1.6838	237.7	590.3	0.0423	0.0749	1.7689	-1614.542146	
Solyc11g009100.1.1	Solyc01g105450.2.1	2.8243	417.7	1403.3	0.0873	0.2771	3.1735	-4051.541015	
Solyc05g051530.2.1	Solyc01g105450.2.1	2.1789	350.2	1212.8	0.0924	0.2268	2.4557	-3373.852393	
Solyc05g051490.2.1	Solyc01g105510.2.1	2.0146	525.2	1616.8	0.1077	0.2216	2.0566	-4676.287758	
Solyc11g010290.1.1	Solyc01g105540.2.1	3.3068	397.6	1081.4	0.0655	0.2280	3.4798	-3259.748789	
Solyc11g010300.1.1	Solyc01g105560.2.1	3.2567	329.7	1059.3	0.0440	0.1762	4.0074	-2964.050217	
Solyc11g010400.1.1	Solyc01g105650.2.1	7.1399	179.5	648.5	0.0853	0.7157	8.3942	-2079.177103	
Solyc11g008960.1.1	Solyc05g052590.1.1	14.8711	262.3	835.7	0.0521	0.9272	17.7986	-2859.583285	
Solyc04g074190.2.1	Solyc05g052520.2.1	50.0000	148.9	523.1	0.0092	0.6709	72.8751	-1690.404311	
Solyc04g074290.2.1	Solyc05g052500.2.1	50.0000	392.7	1308.3	0.0117	0.8148	69.4747	-4405.912297	
Solyc11g010120.1.1	Solyc05g052280.2.1	50.0000	187.1	718.9	0.0060	0.4713	78.8933	-2193.236817	
Solyc11g010130.1.1	Solyc05g052270.1.1	50.0000	97.6	370.4	0.0079	0.6131	77.5751	-1164.464062	
Solyc04g074500.2.1	Solyc05g052270.1.1	50.0000	183.3	623.7	0.0081	0.5812	71.3939	-1999.914899	
Solyc05g052570.2.1	Solyc06g082010.2.1	4.0840	125.4	447.6	0.0547	0.2848	5.2029	-1315.505082	
Solyc04g074190.2.1	Solyc06g082080.2.1	50.0000	145.1	526.9	0.0086	0.6416	74.8420	-1693.040264	
Solyc05g052520.2.1	Solyc06g082080.2.1	6.1208	187.7	613.3	0.0399	0.3074	7.7018	-1843.969599	
Solyc04g074330.2.1	Solyc06g082300.2.1	8.1471	257.2	960.8	0.0897	0.8643	9.6330	-3126.133135	
Solyc05g052340.2.1	Solyc06g082240.2.1	4.4629	393.3	1259.7	0.0440	0.2413	5.4798	-3672.686527	
Solyc11g010120.1.1	Solyc06g082420.2.1	35.3520	181.5	703.5	0.0085	0.4712	55.6252	-2124.920331	
Solyc05g052280.2.1	Solyc06g082420.2.1	50.0000	174.5	719.5	0.0031	0.2597	84.3122	-1979.369836	
Solyc11g010130.1.1	Solyc06g082440.1.1	50.0000	100.2	367.8	0.0084	0.6340	75.5534	-1172.519588	
Solyc04g074500.2.1	Solyc06g082440.1.1	50.0000	192.1	617.9	0.0086	0.5867	68.4027	-2025.953634	
Solyc05g052270.1.1	Solyc06g082440.1.1	50.0000	206.4	603.6	0.0052	0.3329	64.4449	-1862.540751	
Solyc11g008940.1.1	Solyc06g076900.2.1	42.5318	304.9	1054.1	0.0102	0.6211	61.0514	-3410.138885	
Solyc04g074160.1.1	Solyc06g076900.2.1	19.6765	308.0	1075.0	0.0282	0.7571	26.8048	-3499.919732	
Solyc04g074190.2.1	Solyc06g082080.2.1	50.0000	145.1	526.9	0.0086	0.6416	74.8420	-1693.040264	
Solyc04g074330.2.1	Solyc06g082300.2.1	8.1471	257.2	960.8	0.0897	0.8643	9.6330	-3126.133135	
Solyc11g010120.1.1	Solyc06g082420.2.1	35.3520	181.5	703.5	0.0085	0.4712	55.6252	-2124.920331	
Solyc11g010130.1.1	Solyc06g082440.1.1	50.0000	100.2	367.8	0.0084	0.6340	75.5534	-1172.519588	
Solyc04g074500.2.1	Solyc06g082440.1.1	50.0000	192.1	617.9	0.0086	0.5867	68.4027	-2025.953634	
Solyc07g006220.1.1	Solyc12g010540.1.1	0.9474	309.7	953.3	0.0946	0.0944	0.9974	-2468.461926	
Solyc07g006280.2.1	Solyc12g010570.1.1	1.1000	163.5	616.5	0.1230	0.1469	1.1950	-1559.586854	
Solyc07g006300.2.1	Solyc12g010580.1.1	0.8522	112.5	598.5	0.0822	0.1026	1.2487	-1287.910816	
Solyc07g005140.2.1	Solyc12g010330.1.1	0.8465	243.6	836.4	0.1569	0.1276	0.8130	-2123.745501	
Solyc07g005210.2.1	Solyc12g010320.1.1	1.2677	117.2	437.8	0.0508	0.0855	1.6824	-1026.983969	
Solyc07g005360.2.1	Solyc12g010200.1.1	0.8881	362.3	1083.7	0.2376	0.1641	0.6906	-2957.094447	
Solyc07g005400.2.1	Solyc12g010170.1.1	0.8391	213.8	593.2	0.1508	0.1122	0.7443	-1600.352659	
Solyc07g005440.1.1	Solyc12g010130.1.1	1.2997	169.6	640.4	0.0396	0.0713	1.8000	-1520.945726	
Solyc07g005470.2.1	Solyc12g010120.1.1	1.3311	232.1	901.9	0.2800	0.2907	1.0382	-2409.361883	
Solyc07g005480.2.1	Solyc12g010110.1.1	4.6495	261.9	845.1	0.1878	0.7660	4.0788	-2833.668959	
Solyc07g005520.1.1	Solyc12g010080.1.1	2.1964	255.1	950.9	0.1241	0.2937	2.3661	-2711.496229	
Solyc07g005560.2.1	Solyc12g010060.1.1	0.6283	101.5	375.5	0.0381	0.0329	0.8626	-826.154071	
Solyc07g005590.2.1	Solyc12g010010.1.1	0.6370	509.5	1407.5	0.0897	0.0574	0.6403	-3516.442276	
Solyc07g005690.2.1	Solyc12g009970.1.1	1.3634	217.4	655.6	0.4349	0.3434	0.7896	-1937.451665	
Solyc07g005780.1.1	Solyc12g009960.1.1	1.5061	292.2	892.8	0.2428	0.2838	1.1687	-2669.801389	
Solyc07g005910.2.1	Solyc12g009900.1.1	2.0361	259.5	940.5	0.2656	0.4248	1.5992	-2803.598421	
Solyc07g005940.2.1	Solyc12g009890.1.1	0.6394	339.3	1022.7	0.1547	0.0902	0.5835	-2583.499333	
Solyc07g006020.2.1	Solyc12g009680.1.1	50.0000	233.1	705.9	0.0071	0.4647	65.7315	-2256.478979	
Solyc07g006170.2.1	Solyc12g009660.1.1	4.8483	178.8	778.2	0.1445	0.7675	5.3096	-2399.080360	
Solyc08g076150.2.1	Solyc08g005390.1.1	50.0000	264.5	917.5	0.0088	0.6366	72.2681	-2928.413103	
Solyc08g076160.2.1	Solyc08g005310.2.1	50.0000	138.8	509.2	0.0216	1.5559	72.1214	-1713.507740	
Solyc08g076320.2.1	Solyc08g005280.1.1	0.6779	545.8	1551.2	0.0509	0.0386	0.7583	-3755.969057	
Solyc08g076480.2.1	Solyc08g005220.2.1	1.3103	243.4	680.6	0.2017	0.2138	1.0600	-1990.210981	
Solyc08g076540.2.1	Solyc08g005200.2.1	0.5616	202.9	616.1	0.0838	0.0505	0.6024	-1445.432558	
Solyc08g076590.2.1	Solyc08g005170.2.1	1.0500	193.9	670.1	0.2317	0.2006	0.8662	-1810.469770	
Solyc08g076690.1.1	Solyc08g005130.1.1	1.2349	177.1	761.9	0.0578	0.1010	1.7485	-1772.551144	
Solyc08g076790.2.1	Solyc08g005120.2.1	1.2520	129.9	527.1	0.1643	0.2081	1.2661	-1377.043729	
Solyc08g076800.2.1	Solyc08g005110.1.1	1.5968	96.6	398.4	0.3449	0.3883	1.1261	-1136.773191	
Solyc08g076860.2.1	Solyc08g005100.2.1	1.1699	149.6	429.4	0.1186	0.1335	1.1259	-1157.528458	
Solyc08g076870.1.1	Solyc08g005090.1.1	1.9917	166.0	467.0	0.3087	0.4182	1.3550	-1504.720597	
Solyc08g076910.2.1	Solyc08g005080.1.1	1.9315	185.8	627.2	0.1788	0.3142	1.7569	-1801.466601	
Solyc08g076920.2.1	Solyc08g005070.2.1	0.7436	295.7	904.3	0.1377	0.0975	0.7077	-2281.777817	
Solyc08g075870.2.1	Solyc08g005490.2.1	0.7068	402.7	1307.3	0.1515	0.1016	0.6707	-3269.947267	
Solyc08g075890.2.1	Solyc08g005470.2.1	0.7217	222.8	737.2	0.1225	0.0903	0.7377	-1813.936642	
Solyc08g075920.2.1	Solyc08g005460.2.1	0.8465	180.1	665.9	0.1384	0.1214	0.8769	-1651.532538	
Solyc08g075950.1.1	Solyc08g005430.2.1	0.9794	261.2	722.8	0.1923	0.1544	0.8027	-2009.929313	
Solyc08g076100.2.1	Solyc08g005290.2.1	0.6196	228.0	756.0	0.1821	0.1012	0.5558	-1834.447380	
Solyc08g076150.2.1	Solyc06g066080.1.1	27.7324	241.1	979.9	0.0121	0.5392	44.6308	-2995.030248	
Solyc08g005390.1.1	Solyc06g066080.1.1	50.0000	263.0	997.0	0.0078	0.6034	77.5560	-3098.611204	
Solyc08g005270.2.1	Solyc06g066330.2.1	2.2784	200.2	717.8	0.2499	0.4590	1.8368	-2188.192196	
Solyc08g076400.2.1	Solyc06g066340.2.1	1.6967	79.7	316.3	0.2464	0.3502	1.4208	-908.731594	
Solyc08g005260.1.1	Solyc06g066340.2.1	1.0378	114.1	491.9	0.1627	0.1757	1.0800	-1238.111143	
Solyc08g076380.1.1	Solyc06g066390.1.1	1.2673	212.4	831.6	0.2285	0.2504	1.0959	-2249.197714	
Solyc08g076400.2.1	Solyc06g066340.2.1	1.6967	79.7	316.3	0.2464	0.3502	1.4208	-908.731594	
Solyc08g005260.1.1	Solyc06g066340.2.1	1.0378	114.1	491.9	0.1627	0.1757	1.0800	-1238.111143	
Solyc08g076420.2.1	Solyc06g066330.2.1	1.6880	207.8	713.2	0.2122	0.3062	1.4428	-2037.049011	
Solyc08g076540.2.1	Solyc06g062360.2.1	0.5367	203.1	615.9	0.0649	0.0391	0.6027	-1435.669547	
Solyc08g005200.2.1	Solyc06g062360.2.1	0.7499	200.4	618.6	0.0553	0.0483	0.8725	-1477.888821	
Solyc08g076790.2.1	Solyc06g061280.2.1	0.7939	132.5	521.5	0.1412	0.1186	0.8396	-1267.368677	
Solyc08g005120.2.1	Solyc06g061280.2.1	1.3660	134.7	543.3	0.1502	0.2143	1.4271	-1444.115985	
Solyc08g076830.1.1	Solyc06g061250.1.1	2.1680	94.6	415.4	0.2499	0.4642	1.8575	-1196.556693	
Solyc08g076860.2.1	Solyc06g061240.2.1	0.7517	139.3	448.7	0.1103	0.0861	0.7806	-1115.437940	
Solyc08g005100.2.1	Solyc06g061240.2.1	0.7868	150.9	428.1	0.2838	0.1582	0.5576	-1139.275632	
Solyc05g010610.2.1	Solyc04g005220.1.1	2.1956	157.6	679.4	0.4836	0.6094	1.2600	-2035.382107	
Solyc05g010800.2.1	Solyc04g005260.1.1	1.2860	126.9	545.1	0.2923	0.2942	1.0065	-1425.944739	
Solyc05g010810.1.1	Solyc04g005270.1.1	0.8040	403.2	1162.8	0.1076	0.0855	0.7944	-2953.818355	
Solyc05g011810.2.1	Solyc04g005280.2.1	0.9797	203.5	672.5	0.3133	0.2164	0.6906	-1839.838520	
Solyc05g011830.2.1	Solyc04g005290.2.1	1.3333	269.5	906.5	0.3605	0.3160	0.8766	-2606.396985	
Solyc05g056620.1.1	Solyc04g005320.2.1	50.0000	112.8	511.2	0.0053	0.4733	90.0214	-1489.413848	
Solyc05g012070.2.1	Solyc04g005340.2.1	0.6646	231.0	813.0	0.0275	0.0251	0.9129	-1811.271300	
Solyc05g012210.2.1	Solyc04g005380.2.1	1.3592	76.5	241.5	0.1736	0.2113	1.2169	-659.592933	
Solyc05g012260.2.1	Solyc04g005450.2.1	50.0000	369.7	1193.3	0.0123	0.8346	67.7607	-4065.611075	
Solyc05g012310.2.1	Solyc04g005410.1.1	1.0236	317.9	888.1	0.1389	0.1295	0.9326	-2411.499224	
Solyc05g012450.2.1	Solyc04g005430.2.1	0.6861	427.4	1285.6	0.1825	0.1080	0.5918	-3289.986054	
Solyc05g012490.1.1	Solyc04g005440.1.1	0.9902	196.0	923.0	0.2199	0.2036	0.9258	-2292.201766	
Solyc05g012550.2.1	Solyc04g005470.2.1	1.2813	129.4	419.6	0.2957	0.2735	0.9251	-1154.658297	
Solyc05g012610.2.1	Solyc04g005490.2.1	0.4379	126.6	398.4	0.0435	0.0231	0.5325	-887.807283	
Solyc05g012630.1.1	Solyc04g005460.1.1	50.0000	299.8	1086.2	0.0105	0.7813	74.2117	-3470.088892	
Solyc05g012640.2.1	Solyc04g005500.2.1	1.1868	728.9	2295.1	0.3718	0.2811	0.7561	-6621.791642	
Solyc05g012810.1.1	Solyc04g005530.2.1	3.1288	130.9	328.1	0.2092	0.5019	2.3989	-1077.243904	
Solyc05g013040.2.1	Solyc04g005560.2.1	0.5342	1043.7	3180.3	0.1220	0.0641	0.5254	-7615.141209	
Solyc05g013130.2.1	Solyc04g005570.2.1	0.8513	136.6	481.4	0.2192	0.1588	0.7244	-1249.228296	
Solyc05g012180.2.1	Solyc09g014970.2.1	50.0000	155.8	606.2	0.0085	0.6739	78.8881	-1887.697722	
Solyc05g012430.1.1	Solyc09g015170.2.1	14.0979	213.8	902.2	0.0532	1.0663	20.0259	-2888.817379	
Solyc05g012630.1.1	Solyc09g015370.1.1	50.0000	291.3	1091.7	0.0101	0.7712	76.2408	-3507.864949	
Solyc05g012680.2.1	Solyc09g015420.2.1	9.4625	119.4	390.6	0.0498	0.5769	11.5883	-1242.625720	
Solyc11g072380.1.1	Solyc06g075260.2.1	1.6105	322.4	967.6	0.2691	0.3198	1.1884	-2941.129690	
Solyc11g072470.1.1	Solyc06g075330.1.1	1.4616	95.3	345.7	0.1362	0.2056	1.5091	-953.341994	
Solyc11g072480.1.1	Solyc06g075360.2.1	0.8216	174.7	608.3	0.0605	0.0613	1.0139	-1429.904749	
Solyc11g072500.1.1	Solyc06g075370.2.1	50.0000	133.1	589.9	0.0096	0.8321	86.8409	-1815.055769	
Solyc11g072530.1.1	Solyc06g075400.2.1	0.5606	610.8	1813.2	0.0895	0.0524	0.5860	-4312.159994	
Solyc11g072560.1.1	Solyc06g075440.1.1	2.1433	386.1	1002.9	0.2006	0.3390	1.6898	-3211.702440	
Solyc11g072600.1.1	Solyc06g075510.2.1	1.6420	248.0	829.0	0.1447	0.2318	1.6020	-2379.602375	
Solyc11g072660.1.1	Solyc06g075550.2.1	1.2177	245.7	840.3	0.3111	0.2704	0.8692	-2359.603556	
Solyc11g072700.1.1	Solyc06g075560.1.1	1.2895	280.7	1087.3	0.1072	0.1587	1.4801	-2814.942611	
Solyc11g072800.1.1	Solyc06g075570.1.1	0.8870	534.5	1718.5	0.1440	0.1227	0.8520	-4422.786847	
Solyc11g072820.1.1	Solyc06g075580.2.1	0.5579	520.0	1745.0	0.1368	0.0759	0.5551	-4142.207174	
Solyc11g072910.1.1	Solyc06g075550.2.1	11.2852	228.1	857.9	0.0537	0.8003	14.8980	-2778.361419	
Solyc11g072940.1.1	Solyc06g075590.2.1	0.6377	388.3	1366.7	0.0983	0.0702	0.7138	-3241.937122	
Solyc11g072960.1.1	Solyc06g075600.2.1	1.0550	390.9	1163.1	0.1862	0.1675	0.8996	-3202.939421	
Solyc11g073010.1.1	Solyc06g075610.1.1	1.3845	446.8	1296.2	0.2695	0.2723	1.0104	-3876.702864	
Solyc11g073060.1.1	Solyc06g075780.1.1	2.8376	69.6	293.4	0.0953	0.3352	3.5190	-842.619625	
Solyc11g073110.1.1	Solyc06g075690.2.1	1.4190	166.9	571.1	0.1946	0.2443	1.2558	-1641.028995	
Solyc11g073120.1.1	Solyc06g075660.2.1	3.1031	72.0	369.0	0.3549	0.7976	2.2475	-1079.770095	
Solyc11g072470.1.1	Solyc06g005090.2.1	1.5092	103.2	337.8	0.0836	0.1411	1.6878	-904.723691	
Solyc06g075330.1.1	Solyc06g005090.2.1	1.7845	104.3	345.7	0.1537	0.2613	1.7003	-1017.084604	
Solyc11g072500.1.1	Solyc06g005130.2.1	50.0000	136.9	568.1	0.0135	1.0979	81.2937	-1808.666871	
Solyc06g075370.2.1	Solyc06g005130.2.1	3.0052	112.2	592.8	0.5535	0.8878	1.6038	-1758.641447	
Solyc11g072590.1.1	Solyc06g005190.2.1	0.8324	508.1	1801.9	0.3214	0.1895	0.5895	-4716.861922	
Solyc11g072660.1.1	Solyc06g005230.1.1	49.5261	215.2	750.8	0.0099	0.7111	71.6271	-2464.615431	
Solyc06g075550.2.1	Solyc06g005230.1.1	50.0000	207.5	728.5	0.0102	0.7406	72.5919	-2390.943803	
Solyc11g072470.1.1	Solyc04g050010.1.1	49.8640	95.4	345.6	0.0030	0.2309	75.9997	-971.010550	
Solyc06g075330.1.1	Solyc04g050010.1.1	2.1446	100.7	343.3	0.1857	0.3585	1.9304	-1041.324390	
Solyc06g005090.2.1	Solyc04g050010.1.1	50.0000	98.6	345.4	0.0040	0.2940	74.0199	-1011.135804	
Solyc11g072590.1.1	Solyc04g049840.2.1	3.4007	504.4	1769.6	0.1795	0.5629	3.1359	-5575.438618	
Solyc06g005190.2.1	Solyc04g049840.2.1	3.3810	494.3	1833.7	0.1753	0.5638	3.2165	-5693.923584	
Solyc11g072600.1.1	Solyc04g049800.2.1	50.0000	233.5	792.5	0.0062	0.4428	71.7343	-2494.487595	
Solyc06g075510.2.1	Solyc04g049800.2.1	50.0000	234.2	791.8	0.0070	0.5026	71.3122	-2547.563067	
Solyc11g072910.1.1	Solyc04g011520.2.1	6.2228	219.2	839.8	0.0973	0.7103	7.2990	-2712.527588	
Solyc11g073050.1.1	Solyc04g011360.2.1	1.6187	135.0	474.0	0.0321	0.0701	2.1873	-1171.543195	
Solyc11g073110.1.1	Solyc04g010330.2.1	6.7830	165.9	572.1	0.0699	0.5664	8.1031	-1836.552186	
Solyc06g075690.2.1	Solyc04g010330.2.1	3.7612	161.3	579.7	0.1247	0.4961	3.9769	-1822.709475	
Solyc06g035690.2.1	Solyc03g026290.2.1	0.7846	242.8	681.2	0.2121	0.1323	0.6240	-1822.368170	
Solyc06g035700.1.1	Solyc03g026270.1.1	50.0000	119.3	363.7	0.0080	0.5255	65.8703	-1182.948628	
Solyc06g035710.1.1	Solyc03g026230.1.1	1.5423	350.5	1077.5	0.0663	0.1153	1.7401	-2864.161996	
Solyc06g035720.2.1	Solyc03g026220.2.1	0.8817	163.5	529.5	0.1405	0.1203	0.8561	-1343.546340	
Solyc06g035760.2.1	Solyc03g026130.2.1	3.5793	326.7	1020.3	0.1369	0.4717	3.4461	-3253.032447	
Solyc06g035790.2.1	Solyc03g026120.2.1	0.9742	411.9	1328.1	0.1075	0.1095	1.0187	-3424.895103	
Solyc06g035870.2.1	Solyc03g025950.2.1	0.5767	93.3	338.7	0.2140	0.1072	0.5008	-802.634983	
Solyc06g035920.2.1	Solyc03g025850.2.1	0.9766	120.1	383.9	0.2746	0.1997	0.7275	-1032.474721	
Solyc06g035960.2.1	Solyc03g025720.2.1	1.1393	403.2	1126.8	0.0940	0.1073	1.1413	-3034.815598	
Solyc06g035970.2.1	Solyc03g025730.2.1	0.4327	313.7	1006.3	0.0193	0.0110	0.5715	-2174.123645	
Solyc06g036040.1.1	Solyc03g025530.2.1	1.1193	119.4	354.6	0.4989	0.2978	0.5969	-1009.929005	
Solyc06g036060.2.1	Solyc03g025440.2.1	1.1792	411.8	1349.2	0.3568	0.2765	0.7750	-3861.105310	
Solyc06g036070.2.1	Solyc03g025420.2.1	0.5585	235.0	809.0	0.2022	0.0986	0.4877	-1951.661196	
Solyc06g036080.2.1	Solyc03g025360.2.1	0.6546	173.9	636.1	0.1396	0.0939	0.6729	-1540.321420	
Solyc06g036100.2.1	Solyc03g025350.2.1	1.0050	204.4	626.6	0.2277	0.1827	0.8021	-1729.168519	
Solyc06g036110.1.1	Solyc03g025340.1.1	2.1495	172.7	475.3	0.0608	0.1401	2.3026	-1312.352708	
Solyc06g036130.2.1	Solyc03g025190.2.1	1.1126	388.1	1036.9	0.1142	0.1191	1.0435	-2842.583587	
Solyc06g036170.1.1	Solyc03g025170.1.1	1.3616	357.7	1031.3	0.2180	0.2359	1.0823	-3074.027704	
Solyc06g035700.1.1	Solyc08g080290.2.1	2.9329	130.0	350.0	0.1138	0.3145	2.7634	-1097.152189	
Solyc03g026270.1.1	Solyc08g080290.2.1	50.0000	128.6	366.4	0.0086	0.5378	62.6112	-1222.138450	
Solyc06g035710.1.1	Solyc08g080310.1.1	4.0032	315.5	1097.5	0.0356	0.1894	5.3180	-2988.732296	
Solyc03g026230.1.1	Solyc08g080310.1.1	3.2435	306.0	1107.0	0.0428	0.1849	4.3240	-2970.303816	
Solyc06g035720.2.1	Solyc08g080320.2.1	3.9129	142.3	529.7	0.0639	0.3179	4.9752	-1483.924437	
Solyc03g026220.2.1	Solyc08g080320.2.1	50.0000	148.7	523.3	0.0042	0.3082	74.2372	-1483.054352	
Solyc03g026160.2.1	Solyc08g080360.2.1	3.4395	108.9	341.1	0.0985	0.3567	3.6200	-1049.684052	
Solyc06g035760.2.1	Solyc08g080380.2.1	3.5781	321.7	1025.3	0.1294	0.4576	3.5358	-3214.637649	
Solyc03g026130.2.1	Solyc08g080380.2.1	6.2124	332.8	1011.2	0.0580	0.4126	7.1101	-3202.605261	
Solyc03g026110.2.1	Solyc08g080470.2.1	4.6901	173.2	480.8	0.0896	0.4235	4.7274	-1573.410768	
Solyc03g026080.2.1	Solyc08g080500.2.1	4.5731	227.8	690.2	0.0376	0.2072	5.5141	-2009.201949	
Solyc03g026020.2.1	Solyc08g080540.2.1	2.9666	216.7	635.3	0.1985	0.4878	2.4573	-2076.459375	
Solyc03g026250.1.1	Solyc01g091810.1.1	5.5900	180.9	749.1	0.3098	1.2999	4.1964	-2377.332275	
Solyc03g026170.2.1	Solyc01g091710.2.1	2.9137	240.1	827.9	0.1707	0.4643	2.7193	-2602.557833	
Solyc03g026160.2.1	Solyc01g091700.2.1	2.4125	97.1	346.9	0.1317	0.3292	2.5003	-1023.636493	
Solyc08g080360.2.1	Solyc01g091700.2.1	2.1052	175.2	655.8	0.1136	0.2653	2.3349	-1860.436531	
Solyc06g035790.2.1	Solyc01g091640.2.1	50.0000	399.0	1314.0	0.0083	0.5765	69.6471	-4275.406100	
Solyc03g026120.2.1	Solyc01g091640.2.1	50.0000	393.6	1313.4	0.0080	0.5651	70.4023	-4254.192725	
Solyc06g035700.1.1	Solyc12g056430.1.1	50.0000	105.9	350.1	0.0095	0.6643	69.5974	-1145.924247	
Solyc03g026270.1.1	Solyc12g056430.1.1	12.1994	107.3	366.7	0.0196	0.3292	16.8326	-1093.311530	
Solyc08g080290.2.1	Solyc12g056430.1.1	50.0000	113.5	366.5	0.0106	0.7206	68.1546	-1223.596256	
Solyc08g080340.2.1	Solyc12g056420.1.1	0.7452	350.9	1023.1	0.1584	0.1054	0.6653	-2663.181289	
Solyc03g026160.2.1	Solyc12g056410.1.1	3.1072	101.7	345.3	0.0890	0.3112	3.4967	-1031.897816	
Solyc08g080360.2.1	Solyc12g056410.1.1	1.1060	191.5	642.5	0.1231	0.1398	1.1362	-1682.787812	
Solyc08g077030.2.1	Solyc08g006950.2.1	2.1500	197.2	573.8	0.6339	0.6244	0.9851	-1911.242117	
Solyc08g077150.2.1	Solyc08g007000.2.1	0.7128	393.3	1178.7	0.0733	0.0570	0.7787	-2871.285107	
Solyc08g077170.2.1	Solyc08g007060.2.1	0.9783	427.7	1234.3	0.1302	0.1200	0.9211	-3311.064211	
Solyc08g077210.2.1	Solyc08g007080.2.1	0.7794	283.2	910.8	0.1231	0.0966	0.7847	-2254.939481	
Solyc08g077350.2.1	Solyc08g007100.2.1	0.8061	164.1	543.9	0.1713	0.1266	0.7394	-1370.420333	
Solyc08g077420.2.1	Solyc08g007110.2.1	0.5814	618.0	1917.0	0.0406	0.0287	0.7059	-4405.959739	
Solyc08g077460.2.1	Solyc08g007120.2.1	1.1497	235.8	670.2	0.1643	0.1649	1.0036	-1877.431101	
Solyc08g077530.2.1	Solyc08g007130.2.1	0.8848	333.1	1139.9	0.1284	0.1163	0.9063	-2868.299237	
Solyc08g077770.2.1	Solyc08g007160.2.1	0.7987	144.7	491.3	0.1163	0.0976	0.8391	-1211.598651	
Solyc08g077880.2.1	Solyc08g007180.2.1	0.6951	177.4	524.6	0.2183	0.1216	0.5571	-1358.753705	
Solyc08g077960.2.1	Solyc08g007190.2.1	0.6515	366.1	1217.9	0.1662	0.1006	0.6050	-3025.317495	
Solyc08g078000.2.1	Solyc08g007200.2.1	0.5207	135.7	467.3	0.2778	0.1095	0.3942	-1136.609234	
Solyc08g078030.2.1	Solyc08g007210.2.1	1.4894	204.7	869.3	0.2338	0.3056	1.3069	-2322.648386	
Solyc08g078210.2.1	Solyc08g007240.2.1	0.6690	214.4	604.6	0.1929	0.1064	0.5518	-1556.848345	
Solyc08g078300.2.1	Solyc08g007270.2.1	1.1391	149.5	534.5	0.1297	0.1539	1.1870	-1411.724917	
Solyc08g078450.2.1	Solyc08g007260.1.1	1.4053	142.6	442.4	0.2195	0.2509	1.1432	-1293.022284	
Solyc08g078620.1.1	Solyc08g007350.1.1	1.9034	142.1	430.9	0.2188	0.3365	1.5378	-1316.727921	
Solyc08g077770.2.1	Solyc06g060980.1.1	0.6853	149.1	486.9	0.1426	0.0948	0.6648	-1182.208004	
Solyc08g007160.2.1	Solyc06g060980.1.1	0.7841	149.3	486.7	0.2266	0.1451	0.6404	-1241.983985	
Solyc08g077900.2.1	Solyc06g060970.1.1	3.6031	138.2	545.8	0.0806	0.3634	4.5085	-1577.674594	
Solyc08g077940.1.1	Solyc06g060960.1.1	0.6356	88.9	373.1	0.1166	0.0862	0.7391	-859.079771	
Solyc08g077960.2.1	Solyc06g060940.1.1	0.6557	381.0	1203.0	0.2689	0.1322	0.4914	-3081.309084	
Solyc08g007190.2.1	Solyc06g060940.1.1	0.6509	374.2	1209.8	0.2688	0.1321	0.4914	-3081.217254	
Solyc08g078040.2.1	Solyc06g060880.2.1	0.8650	163.0	518.0	0.1782	0.1371	0.7691	-1348.026577	
Solyc08g078090.1.1	Solyc06g060870.1.1	1.3759	261.1	788.9	0.0746	0.1123	1.5051	-2121.796937	
Solyc08g078140.2.1	Solyc06g060850.2.1	0.5945	145.6	397.4	0.2618	0.1129	0.4311	-1027.463642	
Solyc08g078290.1.1	Solyc06g060820.1.1	2.0298	209.2	849.8	0.2165	0.3946	1.8221	-2422.235937	
Solyc08g078300.2.1	Solyc06g060830.2.1	1.3070	147.1	551.9	0.1592	0.2063	1.2961	-1517.160271	
Solyc08g007270.2.1	Solyc06g060830.2.1	1.7023	153.3	539.7	0.1064	0.1985	1.8664	-1498.582469	
Solyc08g078330.2.1	Solyc06g060800.2.1	1.8480	162.7	590.3	0.2109	0.3406	1.6151	-1709.338260	
Solyc08g078490.2.1	Solyc06g060770.2.1	0.8121	182.8	627.2	0.1986	0.1417	0.7134	-1610.790036	
Solyc08g078540.2.1	Solyc06g060750.2.1	0.7503	318.1	1073.9	0.1867	0.1253	0.6712	-2747.213795	
Solyc08g078590.1.1	Solyc06g060740.1.1	1.5926	145.4	541.6	0.1868	0.2763	1.4794	-1498.848051	
Solyc08g078070.2.1	Solyc01g090170.2.1	1.4026	126.9	470.1	0.0422	0.0803	1.9018	-1137.579363	
Solyc08g007220.2.1	Solyc01g090190.2.1	5.2535	217.2	679.8	0.0475	0.2990	6.2959	-2001.170247	
Solyc08g078090.1.1	Solyc01g090220.2.1	50.0000	235.6	709.4	0.0069	0.4526	65.4918	-2292.781410	
Solyc06g060870.1.1	Solyc01g090220.2.1	50.0000	241.5	691.5	0.0072	0.4533	63.0793	-2271.968487	
Solyc08g078250.2.1	Solyc01g090410.2.1	2.2667	189.8	674.2	0.1092	0.2706	2.4779	-1943.641316	
Solyc08g078300.2.1	Solyc01g090460.2.1	6.6179	151.9	517.1	0.0311	0.2736	8.7858	-1519.545050	
Solyc08g007270.2.1	Solyc01g090460.2.1	50.0000	142.5	523.5	0.0039	0.2989	76.8086	-1535.227267	
Solyc06g060830.2.1	Solyc01g090460.2.1	3.1952	145.5	532.5	0.0847	0.3210	3.7890	-1578.188450	
Solyc08g077040.2.1	Solyc06g061140.2.1	1.0814	103.4	325.6	0.2109	0.1895	0.8986	-899.435291	
Solyc08g006990.1.1	Solyc06g061100.2.1	1.0238	296.5	987.5	0.1879	0.1708	0.9091	-2590.095750	
Solyc08g007040.2.1	Solyc06g061070.2.1	0.6228	112.8	343.2	0.0754	0.0515	0.6825	-823.333380	
Solyc08g077200.2.1	Solyc06g061040.2.1	0.6480	219.4	620.6	0.1293	0.0783	0.6055	-1558.592132	
Solyc08g077230.2.1	Solyc06g061030.2.1	0.9279	341.1	1017.9	0.2718	0.1849	0.6804	-2792.305606	
Solyc05g049970.2.1	Solyc01g094960.2.1	0.5935	251.2	792.8	0.1140	0.0689	0.6046	-1897.243944	
Solyc05g049980.2.1	Solyc01g094970.2.1	0.6570	281.2	906.8	0.1482	0.0928	0.6261	-2243.761203	
Solyc05g050010.2.1	Solyc01g095080.2.1	1.4030	295.7	994.3	0.0939	0.1456	1.5505	-2610.720687	
Solyc05g050020.2.1	Solyc01g095090.2.1	1.1291	338.7	1086.3	0.3066	0.2448	0.7983	-3042.116601	
Solyc05g050110.2.1	Solyc01g095270.2.1	1.2008	191.8	585.2	0.2367	0.2229	0.9416	-1688.392586	
Solyc05g050210.2.1	Solyc01g095450.2.1	0.8973	220.0	815.0	0.1739	0.1488	0.8560	-2062.999732	
Solyc05g050220.2.1	Solyc01g095460.2.1	1.0567	291.6	908.4	0.2269	0.1927	0.8493	-2493.384007	
Solyc05g050230.2.1	Solyc01g095490.2.1	0.4463	105.2	326.8	0.0468	0.0250	0.5335	-737.325036	
Solyc05g050280.2.1	Solyc01g095580.2.1	0.9823	199.2	574.8	0.1005	0.0992	0.9863	-1509.969437	
Solyc05g050350.1.1	Solyc01g095770.2.1	0.9917	488.2	1455.8	0.2762	0.1994	0.7218	-4077.238777	
Solyc05g050520.2.1	Solyc01g096150.2.1	0.7841	183.2	545.8	0.1598	0.1126	0.7046	-1407.956358	
Solyc05g050550.2.1	Solyc01g096080.2.1	2.0233	116.0	418.0	0.3107	0.4551	1.4649	-1241.000428	
Solyc05g050560.1.1	Solyc01g096050.2.1	0.8657	375.1	1115.9	0.2178	0.1516	0.6960	-2995.091869	
Solyc05g050580.2.1	Solyc01g096020.2.1	0.5227	201.6	686.4	0.0822	0.0493	0.5997	-1573.488469	
Solyc05g050590.2.1	Solyc01g095990.2.1	0.7631	384.4	1295.6	0.1559	0.1136	0.7287	-3244.597321	
Solyc05g050600.2.1	Solyc01g095970.2.1	0.4688	406.2	1384.8	0.0556	0.0322	0.5792	-3063.844122	
Solyc05g050630.2.1	Solyc01g095900.2.1	0.7767	769.5	2542.5	0.2156	0.1403	0.6507	-6600.610868	
Solyc07g053360.2.1	Solyc10g008040.2.1	3.0192	289.8	850.2	0.2086	0.5123	2.4558	-2604.542264	
Solyc07g053630.2.1	Solyc10g008160.2.1	1.0558	112.0	323.0	0.1426	0.1381	0.9687	-882.794949	
Solyc07g053650.2.1	Solyc10g008180.1.1	0.7350	153.5	410.5	0.2518	0.1355	0.5381	-1108.446161	
Solyc07g053710.2.1	Solyc10g008200.2.1	2.5057	298.9	937.1	0.1402	0.3364	2.3988	-2842.518929	
Solyc07g053790.1.1	Solyc10g008210.2.1	1.1372	525.5	1616.5	0.1538	0.1613	1.0488	-4381.906104	
Solyc07g053910.2.1	Solyc10g008280.2.1	0.5796	230.2	762.8	0.1857	0.0958	0.5159	-1863.680735	
Solyc07g053920.2.1	Solyc10g008300.2.1	0.8453	283.7	895.3	0.0769	0.0725	0.9424	-2197.352262	
Solyc07g053950.1.1	Solyc10g008320.1.1	1.9759	129.0	399.0	0.1497	0.2758	1.8423	-1177.734351	
Solyc07g053990.2.1	Solyc10g008340.2.1	0.6543	372.4	1121.6	0.1752	0.1004	0.5728	-2827.399906	
Solyc07g054080.1.1	Solyc10g008400.1.1	1.4450	127.6	409.4	0.2572	0.2856	1.1105	-1209.182242	
Solyc07g054170.2.1	Solyc10g008440.2.1	1.5522	185.7	522.3	0.1368	0.1949	1.4246	-1515.942765	
Solyc07g054270.2.1	Solyc10g008480.2.1	0.8431	180.2	668.8	0.0768	0.0792	1.0303	-1598.912372	
Solyc07g054300.2.1	Solyc10g008490.2.1	0.8038	275.5	876.5	0.0965	0.0827	0.8572	-2161.088216	
Solyc07g054490.2.1	Solyc10g008550.2.1	1.1112	196.5	595.5	0.2811	0.2266	0.8061	-1684.939050	
Solyc07g054570.1.1	Solyc10g008530.1.1	1.3320	200.3	777.7	0.1763	0.2269	1.2868	-2068.884606	
Solyc07g054580.2.1	Solyc10g008520.2.1	0.7131	196.8	721.2	0.1515	0.1080	0.7129	-1737.937127	
Solyc07g054680.2.1	Solyc10g008510.1.1	50.0000	232.3	874.7	0.0158	1.1865	74.9576	-2865.387034	
Solyc07g053890.2.1	Solyc12g010590.1.1	2.1912	272.1	1098.9	0.1281	0.3107	2.4257	-3049.879513	
Solyc07g054080.1.1	Solyc12g010670.1.1	1.3746	110.8	435.2	0.2000	0.2529	1.2644	-1190.448813	
Solyc10g008400.1.1	Solyc12g010670.1.1	1.7148	117.6	398.4	0.2309	0.3249	1.4070	-1172.189101	
Solyc07g054230.2.1	Solyc12g010700.1.1	4.8639	199.1	808.9	0.4756	1.3314	2.7993	-2618.379075	
Solyc07g054270.2.1	Solyc12g010730.1.1	0.7772	180.9	668.1	0.1065	0.0929	0.8728	-1612.659783	
Solyc10g008480.2.1	Solyc12g010730.1.1	0.7443	190.4	658.6	0.1453	0.1070	0.7363	-1633.725344	
Solyc07g054450.2.1	Solyc12g010760.1.1	1.2932	138.9	518.1	0.1897	0.2265	1.1941	-1414.777795	
Solyc11g069400.1.1	Solyc06g075210.2.1	1.1341	412.4	1192.6	0.2301	0.2033	0.8834	-3332.409516	
Solyc11g069440.1.1	Solyc06g075180.1.1	0.5743	65.0	256.0	0.0133	0.0119	0.8986	-520.666280	
Solyc11g069450.1.1	Solyc06g075170.1.1	1.2826	93.1	314.9	0.0948	0.1345	1.4186	-826.669611	
Solyc11g069490.1.1	Solyc06g075160.2.1	0.7098	611.1	1875.9	0.1620	0.1042	0.6431	-4738.244736	
Solyc11g069500.1.1	Solyc06g075150.2.1	1.1533	446.1	1353.9	0.2504	0.2207	0.8813	-3866.094813	
Solyc11g069510.1.1	Solyc06g075140.2.1	2.4049	154.7	490.3	0.2730	0.4892	1.7921	-1568.034640	
Solyc11g069530.1.1	Solyc06g075130.2.1	0.5345	207.0	693.0	0.0701	0.0440	0.6273	-1587.659918	
Solyc11g069550.1.1	Solyc06g075110.2.1	0.6175	246.8	824.2	0.0878	0.0606	0.6907	-1931.873845	
Solyc11g069560.1.1	Solyc06g075100.2.1	0.7210	389.8	1314.2	0.1063	0.0822	0.7734	-3219.169357	
Solyc11g069570.1.1	Solyc06g075090.2.1	0.8551	146.6	420.4	0.0809	0.0724	0.8946	-1050.139913	
Solyc11g069640.1.1	Solyc06g075050.1.1	1.5431	150.2	608.8	0.1992	0.2864	1.4381	-1624.174793	
Solyc11g069750.1.1	Solyc06g074990.1.1	50.0000	349.0	1067.0	0.0035	0.2342	66.8992	-3155.575128	
Solyc11g069710.1.1	Solyc06g074970.1.1	0.5252	381.5	1091.5	0.1196	0.0602	0.5036	-2655.437097	
Solyc11g069720.1.1	Solyc06g074980.2.1	0.4204	306.9	965.1	0.0131	0.0073	0.5579	-2060.907968	
Solyc11g069790.1.1	Solyc06g075010.2.1	0.7811	457.2	1237.8	0.1408	0.0984	0.6989	-3217.980859	
Solyc11g069820.1.1	Solyc06g075020.2.1	0.8493	411.9	1295.1	0.2869	0.1770	0.6169	-3528.653396	
Solyc10g081640.1.1	Solyc01g006730.2.1	0.7352	206.7	606.3	0.0688	0.0552	0.8018	-1458.500601	
Solyc10g081660.1.1	Solyc01g006740.2.1	0.5995	313.4	958.6	0.0987	0.0615	0.6230	-2315.711239	
Solyc10g081710.1.1	Solyc01g006810.2.1	1.0937	132.5	440.5	0.3934	0.2687	0.6830	-1220.973602	
Solyc10g081730.1.1	Solyc01g006830.2.1	1.2461	329.2	921.8	0.3460	0.2774	0.8017	-2675.761801	
Solyc10g081770.1.1	Solyc01g006870.2.1	1.1230	357.8	1238.2	0.2728	0.2343	0.8589	-3405.852088	
Solyc10g081800.1.1	Solyc01g006900.2.1	1.4194	118.9	337.1	0.2016	0.2328	1.1545	-989.233365	
Solyc10g081840.1.1	Solyc01g006930.2.1	1.9554	85.4	328.6	0.3067	0.4445	1.4493	-1004.321751	
Solyc10g081850.1.1	Solyc01g006950.2.1	3.0602	144.6	530.4	0.1207	0.3983	3.3010	-1553.974930	
Solyc10g081890.1.1	Solyc01g007080.2.1	1.4682	278.1	924.9	0.2642	0.2977	1.1269	-2662.689699	
Solyc10g081900.1.1	Solyc01g007100.2.1	0.7485	330.2	1016.8	0.0791	0.0647	0.8185	-2487.838638	
Solyc10g081910.1.1	Solyc01g007130.2.1	0.8155	272.4	837.6	0.1152	0.0942	0.8178	-2139.888104	
Solyc10g081920.1.1	Solyc01g007150.2.1	0.5344	663.8	2069.2	0.0501	0.0318	0.6343	-4740.279317	
Solyc10g081930.1.1	Solyc01g007190.2.1	2.3946	164.1	519.9	0.1190	0.2876	2.4158	-1570.821701	
Solyc10g081980.1.1	Solyc01g007230.2.1	1.4658	126.4	446.6	0.1715	0.2365	1.3791	-1241.952193	
Solyc10g082000.1.1	Solyc01g007260.2.1	1.1471	374.6	1635.4	0.2179	0.2291	1.0514	-4196.347948	
Solyc02g091840.2.1	Solyc03g043770.2.1	1.8780	222.2	827.8	0.1691	0.3069	1.8151	-2424.252498	
Solyc02g091970.2.1	Solyc03g043880.2.1	0.6003	243.6	836.4	0.1209	0.0758	0.6269	-1980.841794	
Solyc02g091990.2.1	Solyc03g043890.2.1	1.1630	298.3	994.7	0.0480	0.0695	1.4487	-2441.808909	
Solyc02g092090.1.1	Solyc03g043900.1.1	1.7561	83.9	270.1	0.3713	0.4178	1.1252	-847.898844	
Solyc02g092160.2.1	Solyc03g043910.2.1	1.3929	304.5	835.5	0.2411	0.2522	1.0463	-2448.143823	
Solyc02g092210.1.1	Solyc03g043920.2.1	50.0000	262.4	835.6	0.0043	0.2955	68.7908	-2466.632053	
Solyc02g092230.2.1	Solyc03g043930.2.1	0.7242	265.2	763.8	0.2083	0.1220	0.5855	-2024.295838	
Solyc02g092260.2.1	Solyc03g043950.2.1	0.5885	416.8	1332.2	0.1370	0.0784	0.5725	-3224.419805	
Solyc02g092330.2.1	Solyc03g043960.2.1	0.4468	123.1	428.9	0.0562	0.0314	0.5586	-948.464662	
Solyc02g092360.2.1	Solyc03g043970.1.1	1.1521	111.2	362.8	0.2453	0.2231	0.9093	-1006.610344	
Solyc02g092440.2.1	Solyc03g044010.2.1	0.7228	222.8	599.2	0.0992	0.0696	0.7016	-1531.204134	
Solyc02g092470.2.1	Solyc03g044060.2.1	1.3828	502.5	1579.5	0.2793	0.2840	1.0170	-4619.591569	
Solyc02g092580.2.1	Solyc03g044100.2.1	1.0128	213.5	728.5	0.1024	0.1130	1.1038	-1859.364281	
Solyc02g092640.2.1	Solyc03g044140.2.1	0.3975	226.1	715.9	0.0552	0.0259	0.4700	-1577.130746	
Solyc02g092670.1.1	Solyc03g044150.2.1	1.3535	522.6	1580.4	0.0810	0.1182	1.4581	-4202.124365	
Solyc06g051950.2.1	Solyc03g083390.2.1	1.3336	130.9	499.1	0.2608	0.2798	1.0728	-1383.738889	
Solyc06g051960.2.1	Solyc03g083360.2.1	1.0805	255.7	740.3	0.1350	0.1362	1.0085	-2029.224996	
Solyc06g051970.2.1	Solyc03g083320.2.1	0.7632	156.0	480.0	0.1479	0.1054	0.7127	-1217.829486	
Solyc06g051980.2.1	Solyc03g083270.2.1	0.4739	218.4	669.6	0.0809	0.0416	0.5148	-1546.830557	
Solyc06g052010.1.1	Solyc03g083100.2.1	1.4384	282.1	878.9	0.3073	0.3098	1.0081	-2609.496611	
Solyc06g052030.2.1	Solyc03g082940.2.1	0.5609	552.1	1724.9	0.0885	0.0534	0.6041	-4055.057757	
Solyc06g052050.2.1	Solyc03g082920.2.1	0.5994	419.1	1341.9	0.0585	0.0414	0.7071	-3066.439889	
Solyc06g052070.2.1	Solyc03g082870.2.1	1.0080	419.1	1374.9	0.2345	0.1906	0.8129	-3747.057060	
Solyc06g052080.2.1	Solyc03g082710.2.1	1.2135	86.9	243.1	0.1843	0.1868	1.0135	-700.568028	
Solyc06g053150.1.1	Solyc03g082640.1.1	1.3248	286.1	889.9	0.1666	0.1992	1.1957	-2519.892595	
Solyc06g053160.2.1	Solyc03g082630.2.1	0.8317	248.3	762.7	0.1352	0.1078	0.7976	-1979.581024	
Solyc06g053190.2.1	Solyc03g082590.2.1	0.8949	403.8	1228.2	0.2605	0.1752	0.6727	-3389.485420	
Solyc06g053200.2.1	Solyc03g082580.2.1	2.0497	182.4	570.6	0.1409	0.2758	1.9574	-1682.375133	
Solyc06g053220.2.1	Solyc03g082550.2.1	1.7963	127.6	466.4	0.3773	0.4421	1.1715	-1359.915175	
Solyc06g053230.2.1	Solyc03g082540.2.1	2.7296	156.2	398.8	0.0890	0.2344	2.6345	-1199.605975	
Solyc05g010620.1.1	Solyc03g114660.1.1	10.2477	327.8	1094.2	0.0535	0.6729	12.5706	-3585.139915	
Solyc05g011810.2.1	Solyc03g114720.2.1	4.9157	210.3	728.7	0.0982	0.5360	5.4601	-2305.792013	
Solyc05g011840.2.1	Solyc03g114800.1.1	20.3844	128.9	495.1	0.0136	0.4251	31.2681	-1460.111359	
Solyc05g012000.2.1	Solyc03g114820.2.1	4.7663	122.9	426.1	0.0522	0.3138	6.0071	-1235.210686	
Solyc05g056620.1.1	Solyc03g114830.2.1	3.7549	119.0	505.0	0.0435	0.2411	5.5425	-1354.948918	
Solyc05g012040.2.1	Solyc03g114850.2.1	2.5853	91.7	379.3	0.2334	0.5256	2.2518	-1163.121005	
Solyc05g012070.2.1	Solyc03g114860.2.1	1.3801	226.0	818.0	0.0311	0.0593	1.9106	-1966.174925	
Solyc05g012230.2.1	Solyc03g115100.2.1	3.5981	248.2	933.8	0.2003	0.6524	3.2571	-2926.421831	
Solyc05g012490.1.1	Solyc03g115450.1.1	3.5408	178.8	901.2	0.1258	0.5489	4.3632	-2578.430956	
Solyc05g012520.2.1	Solyc03g115470.2.1	4.0738	163.9	577.1	0.0593	0.3011	5.0804	-1681.424921	
Solyc05g012540.2.1	Solyc03g115500.2.1	6.1825	270.2	1031.8	0.0481	0.4033	8.3897	-3088.061146	
Solyc05g012630.1.1	Solyc03g115570.1.1	6.1153	275.3	1026.7	0.1122	0.7627	6.7965	-3282.091869	
Solyc05g012680.2.1	Solyc03g115640.2.1	1.8888	116.4	393.6	0.0906	0.1912	2.1112	-1093.945742	
Solyc05g013020.1.1	Solyc03g115740.1.1	3.1490	235.7	904.3	0.0371	0.1650	4.4434	-2360.990657	
Solyc05g013050.2.1	Solyc03g115760.2.1	3.0017	162.9	494.1	0.0507	0.1772	3.4980	-1388.641498	
Solyc05g013200.1.1	Solyc03g116000.1.1	31.9473	272.7	1020.3	0.0126	0.6064	48.2284	-3222.702415	
Solyc07g055080.2.1	Solyc10g008010.2.1	0.5148	177.8	527.2	0.0351	0.0217	0.6164	-1203.691632	
Solyc07g055150.2.1	Solyc10g007990.2.1	0.7618	175.7	490.3	0.0986	0.0744	0.7549	-1261.141902	
Solyc07g055230.2.1	Solyc10g007980.2.1	0.5181	132.1	410.9	0.0010	0.0007	0.7079	-881.177046	
Solyc07g055280.2.1	Solyc10g007970.1.1	1.7569	144.2	443.8	0.3086	0.3780	1.2247	-1375.094099	
Solyc07g055300.2.1	Solyc10g007950.2.1	0.6118	580.8	1927.2	0.0803	0.0558	0.6952	-4496.488004	
Solyc07g055310.1.1	Solyc10g007940.1.1	50.0000	300.5	1082.5	0.0095	0.7068	74.1549	-3494.681677	
Solyc07g055350.2.1	Solyc10g007880.2.1	2.3089	346.4	1150.6	0.1220	0.2887	2.3669	-3356.269144	
Solyc07g055820.1.1	Solyc10g007830.1.1	8.4875	179.7	651.3	0.1611	1.3305	8.2599	-2185.725507	
Solyc07g055730.2.1	Solyc10g007450.1.1	6.0933	169.1	562.9	0.0634	0.4600	7.2595	-1755.146539	
Solyc07g056040.2.1	Solyc10g007660.2.1	1.0247	110.2	390.8	0.0790	0.0958	1.2129	-959.089966	
Solyc07g056150.2.1	Solyc10g007700.2.1	0.5279	145.9	460.1	0.0685	0.0412	0.6009	-1063.635416	
Solyc07g056250.2.1	Solyc10g007710.2.1	1.0098	235.6	751.4	0.1285	0.1285	1.0003	-1946.914516	
Solyc07g056330.2.1	Solyc10g007760.2.1	0.6521	251.8	708.2	0.0880	0.0584	0.6643	-1754.231839	
Solyc07g056340.2.1	Solyc10g007770.2.1	0.6342	402.5	1202.5	0.1526	0.0884	0.5790	-3025.791540	
Solyc07g056370.2.1	Solyc10g007780.1.1	2.3735	172.9	529.1	0.1295	0.2979	2.3002	-1493.383421	
Solyc07g056410.2.1	Solyc10g007830.1.1	50.0000	265.0	818.0	0.0160	1.0409	64.8964	-2823.224796	
Solyc07g055100.2.1	Solyc12g010890.1.1	1.5667	202.3	586.7	0.1219	0.1834	1.5046	-1672.616299	
Solyc07g055120.2.1	Solyc12g010900.1.1	0.8716	493.6	1519.4	0.1605	0.1273	0.7931	-4073.839179	
Solyc07g055160.2.1	Solyc12g010910.1.1	1.2593	267.9	851.1	0.1236	0.1556	1.2591	-2298.942231	
Solyc07g055230.2.1	Solyc12g010930.1.1	0.4789	117.9	425.1	0.0067	0.0048	0.7183	-889.305460	
Solyc10g007980.2.1	Solyc12g010930.1.1	0.5577	132.8	410.2	0.0067	0.0050	0.7447	-896.903250	
Solyc07g055270.1.1	Solyc12g010940.1.1	2.8549	105.8	494.2	0.1828	0.5321	2.9105	-1398.821897	
Solyc07g055290.2.1	Solyc12g010790.1.1	6.6862	161.3	459.7	0.0173	0.1415	8.1787	-1277.996800	
Solyc07g055700.2.1	Solyc12g010990.1.1	1.0527	348.7	1082.3	0.2408	0.1984	0.8241	-2997.246274	
Solyc07g055840.2.1	Solyc12g011000.1.1	0.6933	328.3	967.7	0.0733	0.0550	0.7502	-2384.546717	
Solyc07g055980.2.1	Solyc12g011020.1.1	1.0333	195.3	731.7	0.1781	0.1746	0.9807	-1912.532896	
Solyc07g055990.2.1	Solyc12g011030.1.1	1.3921	166.3	613.7	0.1349	0.1960	1.4531	-1667.759412	
Solyc07g056110.2.1	Solyc12g011070.1.1	0.9632	288.7	698.3	0.1395	0.1145	0.8207	-1934.139941	
Solyc07g056140.2.1	Solyc12g011120.1.1	0.6895	307.1	991.9	0.0748	0.0586	0.7830	-2360.062935	
Solyc07g056150.2.1	Solyc12g011130.1.1	0.5151	146.7	459.3	0.0862	0.0481	0.5586	-1071.217705	
Solyc10g007700.2.1	Solyc12g011130.1.1	0.5500	156.2	455.8	0.0096	0.0067	0.6990	-1013.593397	
Solyc07g056170.2.1	Solyc12g011140.1.1	1.0881	486.8	1580.2	0.2028	0.1883	0.9287	-4310.329006	
Solyc07g055310.1.1	Solyc07g062820.1.1	13.3942	269.7	1032.3	0.0553	0.9839	17.7866	-3374.051655	
Solyc10g007940.1.1	Solyc07g062820.1.1	19.0457	264.0	1083.0	0.0281	0.8164	29.0426	-3436.946601	
Solyc07g055320.2.1	Solyc07g062760.1.1	41.3886	273.3	959.7	0.0181	1.0568	58.5367	-3209.426247	
Solyc07g055400.1.1	Solyc07g062620.2.1	50.0000	150.4	494.6	0.0102	0.7052	69.1671	-1651.040128	
Solyc07g055690.1.1	Solyc07g062480.1.1	50.0000	200.9	639.1	0.0126	0.8430	67.0156	-2161.488359	
Solyc07g055220.1.1	Solyc02g086230.1.1	0.5260	269.2	945.8	0.1731	0.0852	0.4920	-2186.780924	
Solyc07g055230.2.1	Solyc02g086240.2.1	0.2226	127.2	415.8	0.0010	0.0003	0.3158	-831.599842	
Solyc10g007980.2.1	Solyc02g086240.2.1	0.4706	133.7	409.3	0.0010	0.0006	0.6350	-874.003565	
Solyc07g062620.2.1	Solyc02g086590.2.1	50.0000	234.4	758.6	0.0081	0.5545	68.8026	-2474.155937	
Solyc07g055350.2.1	Solyc07g062500.2.1	0.8036	376.4	1129.6	0.2451	0.1514	0.6175	-2979.094304	
Solyc10g007880.2.1	Solyc07g062500.2.1	2.0526	331.9	1162.1	0.1332	0.2797	2.1002	-3302.874435	
Solyc07g055730.2.1	Solyc07g062210.2.1	5.0619	149.9	597.1	0.0620	0.4183	6.7436	-1738.049217	
Solyc10g007480.2.1	Solyc07g062130.2.1	0.6516	394.0	1310.0	0.0767	0.0574	0.7485	-3098.297216	
Solyc10g007500.2.1	Solyc07g062080.2.1	0.5741	235.1	814.9	0.0675	0.0468	0.6926	-1855.223449	
Solyc07g041780.2.1	Solyc12g009080.1.1	0.8145	113.2	369.8	0.1277	0.1044	0.8174	-944.128995	
Solyc07g041890.1.1	Solyc12g009100.1.1	2.3623	164.0	493.0	0.2823	0.4818	1.7066	-1590.137878	
Solyc07g042020.2.1	Solyc12g009150.1.1	0.8619	244.1	826.9	0.1915	0.1464	0.7646	-2154.815232	
Solyc07g042080.2.1	Solyc12g009160.1.1	0.9223	521.4	1647.6	0.2422	0.1754	0.7245	-4474.292209	
Solyc07g042160.2.1	Solyc12g009210.1.1	0.6507	334.1	1021.9	0.1770	0.1011	0.5712	-2602.740878	
Solyc07g042170.2.1	Solyc12g009220.1.1	2.3666	124.9	487.1	0.0834	0.2432	2.9162	-1337.383241	
Solyc07g042180.2.1	Solyc12g009230.1.1	0.7315	275.4	879.6	0.1741	0.1144	0.6571	-2247.312508	
Solyc07g042250.2.1	Solyc12g009250.1.1	0.9658	160.2	469.8	0.1215	0.1134	0.9334	-1246.045791	
Solyc07g042390.1.1	Solyc12g009270.1.1	2.0645	118.4	409.6	0.1243	0.2667	2.1462	-1187.048953	
Solyc07g042520.2.1	Solyc12g009300.1.1	2.2809	559.3	1831.7	0.0672	0.1791	2.6638	-5115.591850	
Solyc07g042590.2.1	Solyc12g009310.1.1	1.2331	240.3	806.7	0.2712	0.2542	0.9375	-2291.197712	
Solyc07g042680.2.1	Solyc12g009340.1.1	0.6873	216.1	662.9	0.1112	0.0773	0.6949	-1645.484782	
Solyc07g042890.2.1	Solyc12g009340.1.1	0.6327	213.5	665.5	0.1085	0.0704	0.6490	-1619.660833	
Solyc07g042920.1.1	Solyc12g009400.1.1	1.0018	188.8	648.2	0.1009	0.1109	1.0997	-1637.731480	
Solyc07g042990.1.1	Solyc12g009510.1.1	11.4152	257.8	819.2	0.1061	1.2611	11.8902	-2879.528414	
Solyc07g041940.2.1	Solyc10g051330.1.1	6.3437	209.5	882.5	0.0820	0.6719	8.1920	-2728.492116	
Solyc12g009190.1.1	Solyc10g051220.1.1	6.2501	135.2	485.8	0.2548	1.2731	4.9959	-1632.470058	
Solyc07g042590.2.1	Solyc11g020230.1.1	7.1159	240.3	839.7	0.1049	0.8184	7.8021	-2798.842917	
Solyc12g009310.1.1	Solyc11g020230.1.1	6.4183	234.3	815.7	0.1216	0.8189	6.7358	-2722.568104	
Solyc07g042590.2.1	Solyc01g059910.2.1	50.0000	228.7	872.3	0.0096	0.7452	77.4061	-2820.012142	
Solyc12g009310.1.1	Solyc01g059910.2.1	13.9870	218.9	834.1	0.0365	0.7182	19.6896	-2687.636525	
Solyc11g020230.1.1	Solyc01g059910.2.1	5.3780	233.3	855.7	0.1341	0.7522	5.6084	-2790.824244	
Solyc01g060270.1.1	Solyc06g050920.2.1	4.3980	255.1	854.9	0.2008	0.7657	3.8131	-2838.288234	
Solyc02g080480.2.1	Solyc02g032660.2.1	2.5570	364.1	1063.9	0.0801	0.2170	2.7088	-3075.556055	
Solyc02g080510.1.1	Solyc02g032800.1.1	1.1533	121.9	361.1	0.2597	0.2236	0.8608	-1056.342240	
Solyc02g080530.2.1	Solyc02g032830.1.1	1.0640	171.3	602.7	0.1806	0.1770	0.9799	-1622.236494	
Solyc02g080640.2.1	Solyc02g032860.2.1	0.5962	319.0	992.0	0.0927	0.0588	0.6339	-2393.008912	
Solyc02g080880.2.1	Solyc02g032940.2.1	0.5696	366.8	1094.2	0.1165	0.0654	0.5612	-2663.204876	
Solyc02g080890.2.1	Solyc02g032950.2.1	1.7771	204.7	593.3	0.2819	0.3583	1.2708	-1838.419034	
Solyc02g081030.2.1	Solyc02g036210.1.1	1.1006	107.2	318.8	0.2655	0.2163	0.8146	-902.579122	
Solyc02g081190.2.1	Solyc02g036350.2.1	0.8950	168.5	674.5	0.0459	0.0579	1.2609	-1538.122489	
Solyc02g081200.1.1	Solyc02g036360.1.1	0.6807	426.3	1433.7	0.1425	0.0954	0.6693	-3480.468669	
Solyc02g081250.1.1	Solyc02g036390.1.1	0.7742	222.5	767.5	0.1883	0.1311	0.6961	-1938.959010	
Solyc02g081270.2.1	Solyc02g036430.1.1	2.5663	162.7	668.3	0.1475	0.4012	2.7206	-1942.010794	
Solyc02g081350.2.1	Solyc02g037490.1.1	50.0000	387.6	1238.4	0.0068	0.4629	68.4452	-3967.742172	
Solyc02g081380.2.1	Solyc02g036450.2.1	0.5980	147.5	443.5	0.0927	0.0579	0.6246	-1069.207763	
Solyc02g081440.2.1	Solyc02g036460.2.1	1.2862	344.3	1170.7	0.3640	0.3069	0.8430	-3373.047672	
Solyc02g081450.2.1	Solyc02g036480.1.1	1.5764	178.8	544.2	0.1515	0.2203	1.4544	-1567.385556	
Solyc02g081180.1.1	Solyc03g031830.1.1	1.4738	122.6	348.4	0.2691	0.2878	1.0695	-1052.473448	
Solyc02g081210.2.1	Solyc03g031840.2.1	1.1770	170.5	546.5	0.0712	0.0957	1.3434	-1419.681104	
Solyc02g081230.2.1	Solyc03g031850.1.1	0.9028	227.1	843.9	0.1338	0.1269	0.9480	-2063.566917	
Solyc02g081330.2.1	Solyc03g031860.2.1	0.8134	273.9	866.1	0.1309	0.1045	0.7982	-2212.645363	
Solyc02g081350.2.1	Solyc03g031870.1.1	1.6719	362.5	1116.5	0.0687	0.1290	1.8764	-3035.342828	
Solyc02g081390.2.1	Solyc03g031880.2.1	0.7607	360.1	1049.9	0.1083	0.0817	0.7545	-2648.365754	
Solyc02g081420.2.1	Solyc03g031900.1.1	2.9305	513.8	1826.2	0.1545	0.4437	2.8716	-5574.778396	
Solyc02g080480.2.1	Solyc07g052380.2.1	2.6884	382.0	1040.0	0.0760	0.2100	2.7643	-3073.369268	
Solyc02g032660.2.1	Solyc07g052380.2.1	3.2353	371.6	1050.4	0.0580	0.2057	3.5456	-3052.875632	
Solyc02g080500.2.1	Solyc07g052360.1.1	5.5359	293.1	924.9	0.0560	0.3652	6.5166	-2864.258403	
Solyc02g080670.2.1	Solyc07g052230.2.1	1.9656	370.9	1219.1	0.0838	0.1846	2.2020	-3414.076532	
Solyc02g080880.2.1	Solyc07g051850.2.1	3.0053	359.1	1101.9	0.0460	0.1643	3.5716	-3070.789836	
Solyc02g032940.2.1	Solyc07g051850.2.1	2.9373	351.2	1109.8	0.0485	0.1713	3.5321	-3091.486166	
Solyc02g080890.2.1	Solyc07g051840.2.1	3.8138	200.4	597.6	0.1307	0.4760	3.6429	-1935.504986	
Solyc02g032950.2.1	Solyc07g051840.2.1	3.3619	199.4	598.6	0.1310	0.4218	3.2187	-1878.710786	
Solyc02g080500.2.1	Solyc03g031680.2.1	0.7228	300.0	918.0	0.1791	0.1132	0.6320	-2379.418378	
Solyc07g052360.1.1	Solyc03g031680.2.1	4.5022	287.5	930.5	0.0718	0.3704	5.1590	-2869.155543	
Solyc02g032820.2.1	Solyc03g031670.2.1	0.9609	165.6	635.4	0.1041	0.1153	1.1072	-1559.384239	
Solyc02g080640.2.1	Solyc03g031620.2.1	0.6448	329.7	981.3	0.1423	0.0854	0.6003	-2467.194784	
Solyc02g032860.2.1	Solyc03g031620.2.1	0.7264	316.6	994.4	0.1073	0.0805	0.7499	-2480.339180	
Solyc07g051950.2.1	Solyc03g031590.2.1	3.6327	246.9	755.1	0.0710	0.2868	4.0375	-2212.397889	
Solyc02g080820.2.1	Solyc03g031600.2.1	0.6885	129.2	425.8	0.1061	0.0775	0.7305	-1037.268984	
Solyc02g080950.1.1	Solyc01g081560.2.1	50.0000	289.8	1123.2	0.0094	0.7343	78.4168	-3578.604932	
Solyc02g081080.2.1	Solyc01g086640.2.1	50.0000	307.7	1078.3	0.0114	0.8229	72.1787	-3598.600639	
Solyc02g081380.2.1	Solyc01g086850.2.1	30.3896	147.7	443.3	0.0172	0.6628	38.5475	-1474.209630	
Solyc02g036450.2.1	Solyc01g086850.2.1	50.0000	146.7	444.3	0.0104	0.6770	65.0717	-1488.346660	
Solyc08g079770.2.1	Solyc03g031590.2.1	13.9284	287.8	777.2	0.0411	0.6359	15.4655	-2637.665685	
Solyc08g080180.1.1	Solyc03g031420.1.1	4.3343	374.8	1269.2	0.0672	0.3469	5.1625	-3827.147248	
Solyc08g080290.2.1	Solyc03g026270.1.1	50.0000	128.6	366.4	0.0086	0.5378	62.6112	-1222.138450	
Solyc08g080310.1.1	Solyc03g026230.1.1	3.2435	306.0	1107.0	0.0428	0.1849	4.3240	-2970.303816	
Solyc08g080320.2.1	Solyc03g026220.2.1	50.0000	148.7	523.3	0.0042	0.3082	74.2372	-1483.054352	
Solyc08g080360.2.1	Solyc03g026160.2.1	3.4395	108.9	341.1	0.0985	0.3567	3.6200	-1049.684052	
Solyc08g080380.2.1	Solyc03g026130.2.1	6.2124	332.8	1011.2	0.0580	0.4126	7.1101	-3202.605261	
Solyc08g080470.2.1	Solyc03g026110.2.1	4.6901	173.2	480.8	0.0896	0.4235	4.7274	-1573.410768	
Solyc08g080500.2.1	Solyc03g026080.2.1	4.5731	227.8	690.2	0.0376	0.2072	5.5141	-2009.201949	
Solyc08g080540.2.1	Solyc03g026020.2.1	2.9666	216.7	635.3	0.1985	0.4878	2.4573	-2076.459375	
Solyc08g080780.2.1	Solyc03g025830.2.1	6.5991	605.0	2071.0	0.0733	0.5698	7.7791	-6401.521954	
Solyc08g081180.2.1	Solyc03g025550.2.1	5.9458	251.0	736.0	0.1621	0.8563	5.2823	-2537.236476	
Solyc08g081200.2.1	Solyc03g025370.2.1	2.3749	203.6	696.4	0.0729	0.2042	2.8015	-1944.106786	
Solyc08g081210.2.1	Solyc03g025360.2.1	1.4565	178.5	631.5	0.0521	0.0968	1.8602	-1591.048331	
Solyc08g081240.2.1	Solyc03g025290.2.1	50.0000	256.7	775.3	0.0048	0.3146	66.0507	-2379.836556	
Solyc08g080030.2.1	Solyc01g093990.2.1	3.1217	205.0	581.0	0.1113	0.3376	3.0332	-1835.611838	
Solyc08g080100.2.1	Solyc01g093960.2.1	50.0000	131.7	477.3	0.0083	0.6235	74.8164	-1496.069258	
Solyc08g080130.2.1	Solyc01g091910.2.1	2.3066	517.8	1831.2	0.0596	0.1716	2.8808	-4974.076448	
Solyc08g080200.2.1	Solyc01g091870.2.1	3.1584	75.4	230.6	0.1130	0.3587	3.1740	-704.195972	
Solyc08g080270.2.1	Solyc01g091840.2.1	2.0593	259.0	695.0	0.0629	0.1360	2.1635	-1967.689245	
Solyc08g080280.2.1	Solyc01g091830.2.1	4.3857	228.6	842.4	0.1188	0.5660	4.7640	-2605.697706	
Solyc03g026070.2.1	Solyc01g091630.2.1	50.0000	226.3	568.7	0.0059	0.3414	57.6976	-1853.459329	
Solyc08g079840.1.1	Solyc08g007600.1.1	1.2671	525.1	1580.9	0.1726	0.1924	1.1147	-4441.699868	
Solyc08g080050.2.1	Solyc08g007770.2.1	0.5982	160.2	538.8	0.1400	0.0828	0.5916	-1308.179042	
Solyc08g080170.2.1	Solyc08g007790.2.1	0.5739	331.4	1054.6	0.0934	0.0576	0.6167	-2502.346809	
Solyc08g080340.2.1	Solyc08g007860.2.1	0.5940	351.9	1022.1	0.1161	0.0671	0.5781	-2537.513443	
Solyc08g080430.1.1	Solyc08g007900.1.1	0.9201	318.1	1019.9	0.1445	0.1274	0.8816	-2619.648040	
Solyc08g080460.1.1	Solyc08g007910.2.1	0.8788	207.6	671.4	0.2271	0.1624	0.7150	-1790.323081	
Solyc11g011750.1.1	Solyc04g014530.1.1	2.9536	77.8	348.2	0.0906	0.3477	3.8360	-950.791621	
Solyc11g011890.1.1	Solyc04g014540.1.1	2.0794	107.2	357.8	0.1518	0.3030	1.9956	-1061.579569	
Solyc11g011910.1.1	Solyc04g014570.2.1	1.0783	426.7	1301.3	0.0583	0.0720	1.2357	-3294.072283	
Solyc11g012040.1.1	Solyc04g014680.2.1	0.8919	312.3	851.7	0.1892	0.1383	0.7308	-2352.250302	
Solyc11g012050.1.1	Solyc04g014690.2.1	0.7139	216.4	659.6	0.0280	0.0248	0.8876	-1520.313125	
Solyc11g012090.1.1	Solyc04g014710.2.1	0.9038	97.6	331.4	0.2010	0.1582	0.7869	-859.623176	
Solyc11g012110.1.1	Solyc04g014720.2.1	0.9102	147.5	539.5	0.0503	0.0600	1.1936	-1272.112703	
Solyc11g012160.1.1	Solyc04g014730.2.1	1.1841	308.9	945.1	0.1133	0.1348	1.1900	-2559.852065	
Solyc11g012270.1.1	Solyc04g014760.2.1	0.6758	147.6	512.4	0.1200	0.0853	0.7109	-1205.448791	
Solyc11g012410.1.1	Solyc04g014800.2.1	0.8381	199.7	556.3	0.1432	0.1082	0.7561	-1462.045900	
Solyc11g012440.1.1	Solyc04g014810.2.1	2.1833	285.0	888.0	0.1022	0.2321	2.2719	-2612.928609	
Solyc11g012470.1.1	Solyc04g014820.2.1	1.0552	146.9	513.1	0.1631	0.1641	1.0067	-1336.891355	
Solyc11g012660.1.1	Solyc04g015010.2.1	0.9996	303.2	1142.8	0.1514	0.1531	1.0117	-2880.035356	
Solyc11g012690.1.1	Solyc04g015030.2.1	2.1593	118.5	469.5	0.0805	0.2180	2.7085	-1192.127624	
Solyc11g012750.1.1	Solyc04g015060.1.1	1.4814	86.2	255.8	0.0818	0.1290	1.5760	-698.706521	
Solyc11g012400.1.1	Solyc05g054130.2.1	0.5995	243.2	770.8	0.1294	0.0765	0.5909	-1867.083812	
Solyc11g012460.1.1	Solyc05g054150.2.1	0.7196	136.3	484.7	0.0928	0.0762	0.8219	-1147.024249	
Solyc11g012510.1.1	Solyc05g054170.2.1	1.6077	194.8	573.2	0.1589	0.2288	1.4397	-1685.938377	
Solyc04g014830.1.1	Solyc05g054170.2.1	1.1782	183.3	587.7	0.3378	0.2679	0.7931	-1705.568782	
Solyc11g012590.1.1	Solyc05g054190.2.1	0.9686	147.0	453.0	0.0969	0.0984	1.0149	-1112.479415	
Solyc11g011910.1.1	Solyc05g054040.2.1	1.1754	416.6	1314.4	0.0519	0.0726	1.3990	-3309.190597	
Solyc04g014570.2.1	Solyc05g054040.2.1	0.5471	430.7	1297.3	0.0714	0.0430	0.6022	-3056.622400	
Solyc11g011920.1.1	Solyc05g054050.2.1	0.8219	327.8	1121.2	0.0547	0.0558	1.0201	-2618.698124	
Solyc11g011960.1.1	Solyc05g054060.2.1	0.4829	315.7	962.3	0.1409	0.0642	0.4558	-2278.190757	
Solyc11g012110.1.1	Solyc05g054070.2.1	0.7923	157.3	529.7	0.0513	0.0505	0.9837	-1235.487899	
Solyc04g014720.2.1	Solyc05g054070.2.1	0.6966	147.2	539.8	0.0721	0.0618	0.8573	-1257.500198	
Solyc11g012420.1.1	Solyc07g048050.1.1	4.4514	136.3	475.7	0.2121	0.8121	3.8287	-1527.480905	
Solyc11g012470.1.1	Solyc07g048030.2.1	1.9957	188.1	633.9	0.1034	0.2229	2.1557	-1741.545928	
Solyc04g014820.2.1	Solyc07g048030.2.1	3.0740	148.7	508.3	0.0586	0.2210	3.7706	-1427.561142	
Solyc11g012510.1.1	Solyc07g047950.1.1	2.6741	354.4	1052.6	0.1242	0.3211	2.5849	-3269.264177	
Solyc04g014830.1.1	Solyc07g047950.1.1	2.7956	344.7	1059.3	0.1439	0.3788	2.6318	-3349.869835	
Solyc05g054170.2.1	Solyc07g047950.1.1	3.1774	202.3	568.7	0.2056	0.5258	2.5580	-1887.393092	
Solyc05g054180.2.1	Solyc07g047780.2.1	3.6947	270.2	809.8	0.0657	0.2704	4.1126	-2417.159802	
Solyc11g012270.1.1	Solyc05g054110.2.1	0.6846	146.1	513.9	0.2023	0.1218	0.6023	-1261.217659	
Solyc04g014760.2.1	Solyc05g054110.2.1	0.5375	134.9	525.1	0.1769	0.0918	0.5191	-1206.621294	
Solyc11g012330.1.1	Solyc05g054080.2.1	2.7985	77.4	231.6	0.0901	0.2644	2.9338	-681.866536	
Solyc11g012460.1.1	Solyc05g053940.2.1	9.4657	127.3	469.7	0.0459	0.5807	12.6582	-1475.609737	
Solyc08g079250.2.1	Solyc08g007460.2.1	6.1018	124.3	325.7	0.0442	0.2913	6.5979	-1022.610504	
Solyc08g079480.2.1	Solyc08g007480.1.1	1.5257	148.2	493.8	0.1073	0.1742	1.6232	-1303.669177	
Solyc08g079490.2.1	Solyc08g007490.2.1	2.5650	142.3	457.7	0.1793	0.4099	2.2870	-1423.472108	
Solyc08g079590.1.1	Solyc08g007500.2.1	1.4221	142.4	544.6	0.3337	0.3353	1.0046	-1560.298733	
Solyc08g079630.2.1	Solyc08g007530.2.1	0.9574	212.6	552.4	0.2581	0.1774	0.6873	-1571.927338	
Solyc08g079650.2.1	Solyc08g007540.2.1	0.9017	306.1	959.9	0.0903	0.0874	0.9689	-2427.711135	
Solyc08g079680.2.1	Solyc08g007580.2.1	0.9486	137.6	393.4	0.2261	0.1676	0.7412	-1087.146673	
Solyc08g079720.2.1	Solyc08g007560.1.1	1.0088	166.7	598.3	0.0806	0.0965	1.1969	-1470.755362	
Solyc08g079840.1.1	Solyc08g007600.1.1	1.2671	525.1	1580.9	0.1726	0.1924	1.1147	-4441.699868	
Solyc08g080050.2.1	Solyc08g007770.2.1	0.5982	160.2	538.8	0.1400	0.0828	0.5916	-1308.179042	
Solyc08g080170.2.1	Solyc08g007790.2.1	0.5739	331.4	1054.6	0.0934	0.0576	0.6167	-2502.346809	
Solyc08g080340.2.1	Solyc08g007860.2.1	0.5940	351.9	1022.1	0.1161	0.0671	0.5781	-2537.513443	
Solyc08g080430.1.1	Solyc08g007900.1.1	0.9201	318.1	1019.9	0.1445	0.1274	0.8816	-2619.648040	
Solyc08g080460.1.1	Solyc08g007910.2.1	0.8788	207.6	671.4	0.2271	0.1624	0.7150	-1790.323081	
Solyc08g079440.1.1	Solyc01g091200.2.1	2.9965	262.5	1009.5	0.0377	0.1594	4.2272	-2679.270290	
Solyc08g079500.2.1	Solyc01g091270.2.1	4.2511	85.7	313.3	0.0737	0.3830	5.1966	-931.165573	
Solyc08g079520.2.1	Solyc01g091300.2.1	2.9467	296.0	1012.0	0.0625	0.2236	3.5765	-2866.114716	
Solyc08g079570.2.1	Solyc01g091320.2.1	2.9952	163.9	604.1	0.0631	0.2394	3.7957	-1673.095940	
Solyc08g079630.2.1	Solyc01g091370.2.1	4.7975	190.9	553.1	0.0766	0.3908	5.1008	-1737.773678	
Solyc08g007530.2.1	Solyc01g091370.2.1	2.8169	204.8	554.2	0.1488	0.3692	2.4805	-1766.000758	
Solyc08g007560.1.1	Solyc01g091470.2.1	35.8962	162.6	584.4	0.0041	0.2248	54.1697	-1642.156130	
Solyc08g079710.2.1	Solyc01g091480.2.1	2.0497	509.9	1719.1	0.0664	0.1621	2.4403	-4684.611099	
Solyc08g079720.2.1	Solyc01g091470.2.1	50.0000	161.6	585.4	0.0028	0.2152	76.2404	-1622.965925	
Solyc08g079460.2.1	Solyc03g007210.2.1	50.0000	228.7	761.3	0.0158	1.0825	68.5431	-2604.722671	
Solyc08g079550.1.1	Solyc03g007180.1.1	3.0675	506.0	1747.0	0.0593	0.2241	3.7791	-4911.862657	
Solyc08g079630.2.1	Solyc03g007150.2.1	4.4870	189.2	554.8	0.0648	0.3202	4.9433	-1698.606064	
Solyc08g007530.2.1	Solyc03g007150.2.1	6.7924	205.3	553.7	0.0471	0.3501	7.4271	-1764.400874	
Solyc01g091370.2.1	Solyc03g007150.2.1	3.9861	182.9	555.1	0.1036	0.4225	4.0794	-1751.681521	
Solyc01g091380.2.1	Solyc03g007130.2.1	2.6165	353.1	1284.9	0.1023	0.3015	2.9486	-3705.091480	
Solyc08g079660.2.1	Solyc03g007110.2.1	4.2701	162.1	509.9	0.1024	0.4570	4.4635	-1626.508051	
Solyc07g055180.2.1	Solyc12g010740.1.1	50.0000	236.9	837.1	0.0094	0.6862	73.1394	-2744.910842	
Solyc07g055290.2.1	Solyc12g010790.1.1	6.6862	161.3	459.7	0.0173	0.1415	8.1787	-1277.996800	
Solyc07g055700.2.1	Solyc12g010990.1.1	1.0527	348.7	1082.3	0.2408	0.1984	0.8241	-2997.246274	
Solyc07g055840.2.1	Solyc12g011000.1.1	0.6933	328.3	967.7	0.0733	0.0550	0.7502	-2384.546717	
Solyc07g055980.2.1	Solyc12g011020.1.1	1.0333	195.3	731.7	0.1781	0.1746	0.9807	-1912.532896	
Solyc07g055990.2.1	Solyc12g011030.1.1	1.3921	166.3	613.7	0.1349	0.1960	1.4531	-1667.759412	
Solyc07g056110.2.1	Solyc12g011070.1.1	0.9632	288.7	698.3	0.1395	0.1145	0.8207	-1934.139941	
Solyc07g056140.2.1	Solyc12g011120.1.1	0.6895	307.1	991.9	0.0748	0.0586	0.7830	-2360.062935	
Solyc07g056150.2.1	Solyc12g011130.1.1	0.5151	146.7	459.3	0.0862	0.0481	0.5586	-1071.217705	
Solyc07g056170.2.1	Solyc12g011140.1.1	1.0881	486.8	1580.2	0.2028	0.1883	0.9287	-4310.329006	
Solyc07g056280.2.1	Solyc12g011200.1.1	2.8639	119.3	666.7	0.2164	0.6161	2.8473	-1867.033057	
Solyc07g056420.2.1	Solyc12g011300.1.1	2.6952	126.8	530.2	0.0656	0.2396	3.6534	-1401.619056	
Solyc07g056580.2.1	Solyc12g011330.2.1	0.4792	81.7	224.3	0.0902	0.0432	0.4795	-519.410966	
Solyc07g056590.2.1	Solyc12g011340.1.1	0.8217	193.5	739.5	0.1616	0.1319	0.8164	-1855.161010	
Solyc07g056650.2.1	Solyc12g011360.1.1	1.0053	229.4	784.6	0.2025	0.1772	0.8751	-2058.557230	
Solyc09g011310.2.1	Solyc10g084920.1.1	0.5337	172.7	454.3	0.0931	0.0483	0.5187	-1119.082763	
Solyc09g011320.2.1	Solyc10g084930.1.1	0.7182	193.9	619.1	0.1139	0.0838	0.7361	-1548.545286	
Solyc09g011390.2.1	Solyc10g084940.1.1	1.2266	355.2	1012.8	0.1972	0.1988	1.0079	-2906.895633	
Solyc09g011490.2.1	Solyc10g084960.1.1	1.9270	137.4	513.6	0.0953	0.2139	2.2437	-1356.432023	
Solyc09g011690.2.1	Solyc10g084970.1.1	1.2091	245.7	828.3	0.2324	0.2296	0.9878	-2322.788720	
Solyc09g011740.2.1	Solyc10g084990.1.1	0.5496	220.2	643.8	0.1385	0.0709	0.5117	-1573.313664	
Solyc09g011750.2.1	Solyc10g085000.1.1	0.8309	205.5	772.5	0.1567	0.1299	0.8295	-1951.165971	
Solyc09g011790.2.1	Solyc10g085010.1.1	1.4781	103.4	370.6	0.2216	0.2790	1.2589	-1033.920040	
Solyc09g011860.2.1	Solyc10g085050.1.1	0.9990	290.9	1059.1	0.1644	0.1589	0.9667	-2765.644464	
Solyc09g011960.1.1	Solyc10g085090.1.1	8.3063	342.4	1295.6	0.0277	0.3324	11.9875	-3772.700391	
Solyc09g013130.2.1	Solyc10g085060.1.1	0.6549	568.5	1987.5	0.1362	0.0906	0.6649	-4772.794105	
Solyc09g014160.1.1	Solyc10g085070.1.1	1.1175	314.5	1194.5	0.1521	0.1723	1.1328	-3119.466363	
Solyc09g014240.2.1	Solyc10g085090.1.1	1.0398	360.2	1280.8	0.0740	0.0925	1.2499	-3146.726528	
Solyc09g014300.2.1	Solyc10g085100.1.1	0.7230	370.6	1120.4	0.2001	0.1209	0.6042	-2919.473682	
Solyc09g014480.1.1	Solyc10g085110.1.1	5.6027	193.0	701.0	0.3147	1.2704	4.0373	-2362.607457	
Solyc09g011480.2.1	Solyc10g086660.1.1	1.0035	343.2	1162.8	0.1886	0.1689	0.8955	-3107.325279	
Solyc09g011660.2.1	Solyc10g086670.1.1	1.0481	105.8	377.2	0.1938	0.1828	0.9431	-978.902451	
Solyc09g011710.2.1	Solyc10g086680.1.1	2.5303	89.8	327.2	0.1527	0.3843	2.5162	-952.104567	
Solyc09g011740.2.1	Solyc10g086690.1.1	0.6568	210.1	653.9	0.1550	0.0942	0.6074	-1647.362998	
Solyc10g084990.1.1	Solyc10g086690.1.1	0.6037	207.0	657.0	0.1741	0.0942	0.5410	-1631.982017	
Solyc09g011790.2.1	Solyc10g086710.1.1	1.4523	98.5	366.5	0.2454	0.2932	1.1948	-1029.690344	
Solyc10g085010.1.1	Solyc10g086710.1.1	1.5593	118.8	373.2	0.1335	0.2024	1.5162	-1045.754348	
Solyc09g011810.2.1	Solyc10g086720.1.1	0.6657	221.8	642.2	0.1145	0.0743	0.6492	-1595.124875	
Solyc09g011820.2.1	Solyc10g086740.1.1	7.5258	69.5	239.5	0.0869	0.7462	8.5822	-771.765968	
Solyc09g011720.2.1	Solyc06g076590.2.1	3.6465	362.3	1221.7	0.2056	0.6453	3.1385	-3972.282669	
Solyc09g011750.2.1	Solyc06g076600.1.1	1.6389	198.0	732.0	0.1220	0.2157	1.7683	-2009.536790	
Solyc10g085000.1.1	Solyc06g076600.1.1	1.9888	206.5	732.5	0.0983	0.2196	2.2351	-2053.297426	
Solyc09g011770.2.1	Solyc06g076610.2.1	2.6652	131.6	456.4	0.2266	0.5036	2.2224	-1419.242206	
Solyc10g085020.1.1	Solyc06g076640.2.1	2.1120	260.9	1059.1	0.0055	0.0191	3.4848	-2323.286317	
Solyc09g011720.2.1	Solyc06g076590.2.1	3.6465	362.3	1221.7	0.2056	0.6453	3.1385	-3972.282669	
Solyc09g011750.2.1	Solyc06g076600.1.1	1.6389	198.0	732.0	0.1220	0.2157	1.7683	-2009.536790	
Solyc10g085000.1.1	Solyc06g076600.1.1	1.9888	206.5	732.5	0.0983	0.2196	2.2351	-2053.297426	
Solyc09g011770.2.1	Solyc06g076610.2.1	2.6652	131.6	456.4	0.2266	0.5036	2.2224	-1419.242206	
Solyc10g085020.1.1	Solyc06g076640.2.1	2.1120	260.9	1059.1	0.0055	0.0191	3.4848	-2323.286317	
Solyc09g011960.1.1	Solyc06g076760.1.1	50.0000	336.8	1301.2	0.0046	0.3660	79.6464	-3795.142179	
Solyc07g049530.2.1	Solyc02g081190.2.1	1.5586	196.2	646.8	0.0543	0.1028	1.8938	-1638.658234	
Solyc07g051840.2.1	Solyc02g080890.2.1	3.8138	200.4	597.6	0.1307	0.4760	3.6429	-1935.504986	
Solyc07g051850.2.1	Solyc02g080880.2.1	3.0053	359.1	1101.9	0.0460	0.1643	3.5716	-3070.789836	
Solyc07g052230.2.1	Solyc02g080670.2.1	1.9656	370.9	1219.1	0.0838	0.1846	2.2020	-3414.076532	
Solyc07g052360.1.1	Solyc02g080500.2.1	5.5359	293.1	924.9	0.0560	0.3652	6.5166	-2864.258403	
Solyc07g052380.2.1	Solyc02g080480.2.1	2.6884	382.0	1040.0	0.0760	0.2100	2.7643	-3073.369268	
Solyc07g052590.1.1	Solyc02g080350.1.1	50.0000	258.1	944.9	0.0138	1.0186	73.9671	-3092.050911	
Solyc07g052910.2.1	Solyc02g079940.2.1	7.7061	118.7	346.3	0.0351	0.3203	9.1314	-1063.450138	
Solyc07g052970.2.1	Solyc02g079860.1.1	2.8243	285.3	956.7	0.2205	0.5195	2.3565	-3014.623007	
Solyc07g053080.2.1	Solyc02g079530.2.1	3.6159	266.0	844.0	0.1706	0.5566	3.2633	-2736.977653	
Solyc07g053200.2.1	Solyc02g079410.2.1	3.3879	149.8	453.2	0.0735	0.2734	3.7183	-1358.072029	
Solyc07g053380.1.1	Solyc02g079260.1.1	8.3256	279.9	977.1	0.0807	0.7845	9.7240	-3183.042749	
Solyc07g049180.2.1	Solyc02g081040.2.1	2.1841	238.4	862.6	0.1347	0.3045	2.2603	-2516.605620	
Solyc07g049260.2.1	Solyc02g081140.2.1	2.7475	223.4	637.6	0.0850	0.2415	2.8401	-1928.095679	
Solyc07g049280.2.1	Solyc02g081160.2.1	1.6514	383.4	1263.6	0.0565	0.1126	1.9937	-3308.165775	
Solyc07g052300.2.1	Solyc12g005890.1.1	3.5339	140.3	582.7	0.4457	0.9490	2.1293	-1829.265878	
Solyc07g052320.2.1	Solyc12g005880.1.1	0.8647	246.0	744.0	0.0778	0.0731	0.9390	-1841.116215	
Solyc07g052350.2.1	Solyc12g005860.1.1	0.5538	698.9	2229.1	0.0932	0.0555	0.5962	-5283.610409	
Solyc07g052380.2.1	Solyc12g005850.1.1	0.9665	401.9	1020.1	0.1231	0.1069	0.8685	-2780.396096	
Solyc02g080480.2.1	Solyc12g005850.1.1	3.1688	392.3	1035.7	0.0616	0.2037	3.3069	-3089.984442	
Solyc07g052410.2.1	Solyc12g005840.1.1	0.9750	175.4	586.6	0.1592	0.1467	0.9213	-1531.527994	
Solyc07g052460.2.1	Solyc12g005820.1.1	1.3070	79.3	406.7	0.2620	0.2985	1.1394	-1001.597841	
Solyc07g052510.2.1	Solyc12g005790.1.1	7.8875	190.7	748.3	0.0318	0.3658	11.5125	-2172.683471	
Solyc07g052560.1.1	Solyc12g005780.1.1	0.8534	147.6	428.4	0.2638	0.1659	0.6288	-1180.667308	
Solyc07g052600.2.1	Solyc12g005760.1.1	0.6798	203.1	591.9	0.1757	0.1031	0.5866	-1518.090013	
Solyc07g049210.2.1	Solyc05g042030.2.1	0.5355	127.8	499.2	0.0740	0.0503	0.6792	-1122.903967	
Solyc02g081130.1.1	Solyc05g042030.2.1	5.3877	148.3	466.7	0.0303	0.2058	6.7990	-1334.042494	
Solyc07g049260.2.1	Solyc05g042040.2.1	0.8153	218.0	643.0	0.2788	0.1642	0.5890	-1732.204620	
Solyc02g081140.2.1	Solyc05g042040.2.1	2.3486	222.5	638.5	0.1488	0.3160	2.1229	-1970.542981	
Solyc07g049430.2.1	Solyc05g043320.1.1	1.1089	134.8	531.2	0.2392	0.2249	0.9402	-1380.500715	
Solyc07g049460.2.1	Solyc05g043360.1.1	0.8071	399.2	1232.8	0.1202	0.0964	0.8021	-3151.100471	
Solyc06g073530.1.1	Solyc01g008960.2.1	1.1322	585.1	1862.9	0.0990	0.1188	1.2006	-4902.354958	
Solyc06g073610.2.1	Solyc01g009040.2.1	1.2685	276.6	899.4	0.2427	0.2439	1.0048	-2539.548778	
Solyc06g073640.2.1	Solyc01g009070.2.1	2.5138	158.0	598.0	0.3422	0.5978	1.7467	-1874.958029	
Solyc06g073720.1.1	Solyc01g009170.2.1	0.7583	319.4	1123.6	0.1716	0.1222	0.7121	-2810.365231	
Solyc06g073740.2.1	Solyc01g009240.2.1	1.3302	455.1	1413.9	0.1235	0.1625	1.3161	-3876.491813	
Solyc06g073940.2.1	Solyc01g009260.1.1	1.3902	124.0	515.0	0.2003	0.2612	1.3036	-1379.484914	
Solyc06g073960.2.1	Solyc01g009280.2.1	0.4768	201.3	680.7	0.0280	0.0178	0.6361	-1472.233815	
Solyc06g074030.1.1	Solyc01g009350.2.1	1.8402	184.2	562.8	0.2807	0.3758	1.3391	-1737.743279	
Solyc06g074090.2.1	Solyc01g009310.2.1	0.7259	260.6	798.4	0.1173	0.0848	0.7233	-2015.360855	
Solyc06g074140.1.1	Solyc01g009320.1.1	1.1562	243.9	905.1	0.1612	0.1831	1.1361	-2343.710982	
Solyc06g074210.2.1	Solyc01g009390.2.1	0.7559	254.7	783.3	0.1451	0.1030	0.7102	-1984.184837	
Solyc06g074300.2.1	Solyc01g009520.2.1	0.6149	128.3	519.7	0.0119	0.0117	0.9874	-1066.215246	
Solyc06g074330.2.1	Solyc01g009480.2.1	2.0393	219.6	716.4	0.1517	0.2941	1.9383	-2119.985681	
Solyc06g074350.2.1	Solyc01g009560.1.1	5.3023	107.9	390.1	0.0295	0.2177	7.3710	-1064.711193	
Solyc01g009060.2.1	Solyc11g072070.1.1	0.8430	276.2	914.8	0.0939	0.0868	0.9242	-2288.798670	
Solyc06g073640.2.1	Solyc11g072060.1.1	2.3605	165.9	584.1	0.5134	0.6505	1.2670	-1866.549930	
Solyc01g009070.2.1	Solyc11g072060.1.1	2.9218	160.3	589.7	0.5015	0.8032	1.6018	-1903.103642	
Solyc06g073650.1.1	Solyc11g072050.1.1	0.7690	362.3	1245.7	0.2096	0.1386	0.6612	-3152.166745	
Solyc06g073660.2.1	Solyc11g072030.1.1	1.5392	118.4	346.6	0.2846	0.3128	1.0991	-1046.189459	
Solyc01g009150.2.1	Solyc11g071510.1.1	0.7307	201.4	476.6	0.0729	0.0510	0.6994	-1243.907276	
Solyc06g073710.2.1	Solyc11g071520.1.1	2.3210	218.7	795.3	0.0947	0.2527	2.6684	-2254.134339	
Solyc01g009200.2.1	Solyc11g071560.1.1	1.8181	129.2	509.8	0.3559	0.4437	1.2467	-1483.135323	
Solyc06g073740.2.1	Solyc11g071640.1.1	1.1266	474.5	1394.5	0.1085	0.1217	1.1215	-3733.473731	
Solyc01g009240.2.1	Solyc11g071640.1.1	1.1432	465.6	1412.4	0.1375	0.1491	1.0847	-3833.360132	
Solyc06g073810.2.1	Solyc11g071690.1.1	0.8092	132.5	515.5	0.2259	0.1586	0.7022	-1259.778459	
Solyc06g073820.1.1	Solyc11g071700.1.1	0.7652	689.1	2355.9	0.2568	0.1541	0.6001	-6043.799982	
Solyc06g073910.2.1	Solyc11g071800.1.1	1.1061	203.5	591.5	0.1796	0.1700	0.9465	-1650.324646	
Solyc06g073920.2.1	Solyc11g071810.1.1	0.9520	107.4	366.6	0.1752	0.1535	0.8762	-960.193731	
Solyc01g009300.2.1	Solyc11g071970.1.1	1.1738	529.1	1651.9	0.3238	0.2597	0.8021	-4713.995438	
Solyc12g040790.1.1	Solyc03g118750.2.1	0.5981	330.1	1139.9	0.1020	0.0670	0.6565	-2665.779894	
Solyc12g040800.1.1	Solyc03g118710.2.1	1.4953	103.6	385.4	0.0849	0.1518	1.7881	-992.186969	
Solyc12g040810.1.1	Solyc03g118570.2.1	0.5058	191.5	609.5	0.0838	0.0467	0.5567	-1391.281727	
Solyc12g040870.1.1	Solyc03g118470.2.1	0.9763	108.3	398.7	0.1100	0.1193	1.0843	-986.930813	
Solyc12g042060.1.1	Solyc03g118340.2.1	0.5550	591.5	1706.5	0.0248	0.0167	0.6707	-3883.117482	
Solyc12g042070.1.1	Solyc03g118290.2.1	0.6481	453.8	1445.2	0.1517	0.0925	0.6097	-3593.667843	
Solyc12g042170.1.1	Solyc03g118260.1.1	0.6106	95.2	234.8	0.3366	0.1297	0.3854	-642.826359	
Solyc12g042210.1.1	Solyc03g118190.2.1	3.8374	76.9	388.1	0.1181	0.5726	4.8464	-1106.990211	
Solyc12g042370.1.1	Solyc03g118100.2.1	0.9632	189.6	632.4	0.1063	0.1093	1.0276	-1585.131917	
Solyc12g042400.1.1	Solyc03g118080.2.1	50.0000	295.3	1132.7	0.0081	0.6322	78.1607	-3576.316847	
Solyc12g042430.1.1	Solyc03g118000.1.1	0.8678	224.7	657.3	0.1639	0.1258	0.7676	-1757.167855	
Solyc12g042440.1.1	Solyc03g117910.2.1	1.9548	180.1	560.9	0.4074	0.4814	1.1817	-1799.903640	
Solyc12g042460.1.1	Solyc03g117870.2.1	1.1389	391.1	1174.9	0.0957	0.1130	1.1807	-3070.899088	
Solyc02g089670.2.1	Solyc02g065600.2.1	2.4864	198.4	890.6	0.1265	0.3670	2.9018	-2503.640097	
Solyc02g089840.2.1	Solyc02g065550.2.1	2.1642	163.1	466.9	0.4061	0.5233	1.2886	-1551.978110	
Solyc02g089870.1.1	Solyc02g065540.1.1	0.9976	138.5	479.5	0.1024	0.1122	1.0954	-1226.580993	
Solyc02g089880.2.1	Solyc02g065530.2.1	2.2010	220.4	787.6	0.0562	0.1571	2.7938	-2096.126374	
Solyc02g089940.2.1	Solyc02g065490.2.1	2.6416	313.6	1156.4	0.1845	0.4531	2.4564	-3520.130616	
Solyc02g089980.2.1	Solyc02g065480.2.1	0.7938	348.9	1034.1	0.2922	0.1642	0.5621	-2771.573018	
Solyc02g090220.2.1	Solyc02g065290.1.1	2.5745	112.0	437.0	0.3979	0.6557	1.6480	-1383.197013	
Solyc02g090290.2.1	Solyc02g065190.2.1	2.2782	343.0	1004.0	0.1390	0.2946	2.1200	-3036.977117	
Solyc02g090330.2.1	Solyc02g065180.2.1	0.9565	160.8	490.2	0.2989	0.2019	0.6754	-1360.167563	
Solyc02g090360.2.1	Solyc02g065170.2.1	0.6311	361.0	1238.0	0.1377	0.0871	0.6330	-2987.550014	
Solyc02g090410.2.1	Solyc02g065150.1.1	2.2606	110.6	366.4	0.1143	0.2695	2.3574	-1056.886548	
Solyc02g090490.2.1	Solyc02g065090.2.1	0.9973	262.9	874.1	0.1523	0.1454	0.9545	-2282.364423	
Solyc02g090540.2.1	Solyc02g065060.2.1	0.7756	221.7	513.3	0.1163	0.0786	0.6753	-1387.324684	
Solyc02g090240.2.1	Solyc07g021450.1.1	50.0000	213.6	761.4	0.0100	0.7344	73.4694	-2457.264674	
Solyc05g054410.2.1	Solyc04g011650.2.1	0.8552	160.9	568.1	0.2638	0.1764	0.6687	-1498.388514	
Solyc05g054480.2.1	Solyc04g011500.2.1	0.4922	277.0	821.0	0.0096	0.0061	0.6321	-1798.342843	
Solyc05g054540.2.1	Solyc04g011430.2.1	0.3875	89.5	342.5	0.1301	0.0542	0.4162	-751.037208	
Solyc05g054560.2.1	Solyc04g011420.2.1	1.1770	173.1	393.9	0.1244	0.1246	1.0017	-1132.413367	
Solyc05g054590.2.1	Solyc04g011400.2.1	0.9429	150.9	485.1	0.1347	0.1245	0.9244	-1282.248169	
Solyc05g054640.2.1	Solyc04g011350.2.1	0.4809	666.7	2180.3	0.0826	0.0445	0.5389	-4983.052791	
Solyc05g054780.1.1	Solyc04g010270.1.1	2.0086	167.6	477.4	0.0318	0.0752	2.3626	-1244.424844	
Solyc05g054980.2.1	Solyc04g010070.2.1	0.6625	332.9	981.1	0.1179	0.0763	0.6469	-2427.847014	
Solyc05g055010.2.1	Solyc04g010000.2.1	0.8441	167.0	517.0	0.1960	0.1406	0.7173	-1363.919581	
Solyc05g055040.2.1	Solyc04g009920.2.1	0.6150	389.3	1188.7	0.1760	0.0951	0.5405	-2967.480562	
Solyc05g055140.1.1	Solyc04g009780.1.1	2.3424	45.0	357.0	0.0663	0.3031	4.5718	-855.907785	
Solyc05g055160.2.1	Solyc04g009770.2.1	0.5551	266.9	798.1	0.0817	0.0485	0.5933	-1888.184145	
Solyc05g055190.1.1	Solyc04g009640.2.1	50.0000	295.6	1018.4	0.0153	1.0764	70.3766	-3442.718552	
Solyc05g055470.2.1	Solyc04g009440.2.1	50.0000	179.7	651.3	0.0114	0.8461	74.0057	-2140.931266	
Solyc05g054410.2.1	Solyc06g076270.2.1	2.6417	165.7	563.3	0.1799	0.4324	2.4042	-1728.015738	
Solyc04g011650.2.1	Solyc06g076270.2.1	2.6490	153.7	575.3	0.1794	0.4496	2.5057	-1746.168343	
Solyc05g054420.2.1	Solyc06g076200.1.1	3.5363	133.7	424.3	0.1703	0.5439	3.1941	-1298.891831	
Solyc05g054440.2.1	Solyc06g076170.2.1	7.2191	281.9	873.1	0.0427	0.3714	8.7080	-2726.106823	
Solyc05g054480.2.1	Solyc06g076090.2.1	1.0497	261.5	836.5	0.0067	0.0096	1.4384	-1857.925322	
Solyc04g011500.2.1	Solyc06g076090.2.1	1.0290	258.2	839.8	0.0076	0.0108	1.4235	-1866.462818	
Solyc05g054510.1.1	Solyc06g076030.2.1	3.2021	105.3	575.7	0.3593	0.8368	2.3287	-1710.784301	
Solyc04g011440.2.1	Solyc06g076020.2.1	2.4269	450.4	1469.6	0.0130	0.0429	3.3087	-3481.125355	
Solyc05g054570.2.1	Solyc06g075980.2.1	2.6433	340.2	1015.8	0.2393	0.4901	2.0485	-3299.145655	
Solyc04g011630.1.1	Solyc10g086530.1.1	8.2160	116.3	375.7	0.0290	0.3074	10.5954	-1122.403017	
Solyc06g076220.2.1	Solyc10g086520.1.1	1.6355	133.7	451.3	0.0639	0.1254	1.9625	-1209.134694	
Solyc06g076100.2.1	Solyc10g086490.1.1	38.0266	359.6	1212.4	0.0056	0.3040	54.3901	-3635.909590	
Solyc05g054480.2.1	Solyc10g086460.1.1	1.6181	251.7	846.3	0.0135	0.0304	2.2508	-1968.002965	
Solyc04g011500.2.1	Solyc10g086460.1.1	1.8824	253.6	844.4	0.0131	0.0342	2.6033	-1985.275682	
Solyc06g076090.2.1	Solyc10g086460.1.1	1.6044	247.9	850.1	0.0146	0.0330	2.2558	-1958.880812	
Solyc04g011460.1.1	Solyc10g086420.1.1	4.0047	322.1	1144.9	0.0385	0.2057	5.3485	-3205.580429	
Solyc04g011440.2.1	Solyc10g086410.2.1	1.6324	426.0	1482.0	0.0128	0.0299	2.3333	-3353.631071	
Solyc06g076020.2.1	Solyc10g086410.2.1	2.2908	467.2	1440.8	0.0090	0.0273	3.0340	-3360.488431	
Solyc04g011630.1.1	Solyc09g010920.1.1	7.2778	122.9	369.1	0.0364	0.3187	8.7543	-1122.112678	
Solyc10g086530.1.1	Solyc09g010920.1.1	0.9548	320.9	1095.1	0.1766	0.1547	0.8764	-2891.940142	
Solyc04g011520.2.1	Solyc09g010850.2.1	2.2327	254.0	796.0	0.1426	0.3032	2.1263	-2426.338548	
Solyc10g086440.1.1	Solyc09g010680.2.1	50.0000	157.8	586.2	0.0087	0.6645	76.1099	-1874.237810	
Solyc10g086430.1.1	Solyc09g010720.2.1	1.4145	420.3	1361.7	0.1541	0.2055	1.3335	-3832.592734	
Solyc04g011460.1.1	Solyc09g010640.2.1	3.1171	297.7	1070.3	0.0548	0.2185	3.9885	-3020.087241	
Solyc06g076050.2.1	Solyc09g010690.2.1	3.0657	303.0	1017.0	0.0744	0.2651	3.5625	-2964.219314	
Solyc10g086420.1.1	Solyc09g010640.2.1	0.6191	307.7	1075.3	0.1030	0.0702	0.6821	-2555.720852	
Solyc04g011440.2.1	Solyc09g010630.2.1	1.7456	425.9	1494.1	0.0166	0.0410	2.4789	-3442.862425	
Solyc06g076020.2.1	Solyc09g010630.2.1	1.5931	471.8	1448.2	0.0191	0.0389	2.0415	-3442.173737	
Solyc10g086410.2.1	Solyc09g010630.2.1	0.6405	439.8	1468.2	0.0191	0.0166	0.8706	-3180.715908	
Solyc05g054410.2.1	Solyc06g005590.2.1	3.0751	171.9	557.1	0.1491	0.4369	2.9310	-1740.680934	
Solyc04g011650.2.1	Solyc06g005590.2.1	2.6093	159.6	569.4	0.1769	0.4309	2.4361	-1747.987543	
Solyc06g076270.2.1	Solyc06g005590.2.1	0.7169	171.1	557.9	0.2382	0.1365	0.5731	-1415.769560	
Solyc06g076220.2.1	Solyc06g005560.2.1	1.1882	166.4	553.6	0.1093	0.1374	1.2568	-1471.207864	
Solyc05g054420.2.1	Solyc06g005550.1.1	8.5005	125.3	429.7	0.0505	0.5403	10.6992	-1301.125207	
Solyc06g076200.1.1	Solyc06g005550.1.1	11.4814	135.5	428.5	0.0353	0.5060	14.3297	-1301.442548	
Solyc04g011520.2.1	Solyc06g005500.2.1	2.2708	231.6	827.4	0.1230	0.2958	2.4045	-2440.952335	
Solyc04g011510.2.1	Solyc06g005490.2.1	3.3462	198.7	557.3	0.0405	0.1544	3.8115	-1553.738923	
Solyc04g011520.2.1	Solyc09g010850.2.1	2.2327	254.0	796.0	0.1426	0.3032	2.1263	-2426.338548	
Solyc05g054480.2.1	Solyc09g010750.1.1	2.7465	120.8	410.2	0.0156	0.0595	3.8223	-996.712494	
Solyc04g011500.2.1	Solyc09g010750.1.1	2.6082	119.7	411.3	0.0162	0.0590	3.6529	-992.298308	
Solyc04g011460.1.1	Solyc09g010640.2.1	3.1171	297.7	1070.3	0.0548	0.2185	3.9885	-3020.087241	
Solyc04g011440.2.1	Solyc09g010630.2.1	1.7456	425.9	1494.1	0.0166	0.0410	2.4789	-3442.862425	
Solyc04g011360.2.1	Solyc09g010370.2.1	1.4156	137.9	477.1	0.0176	0.0348	1.9838	-1124.307414	
Solyc04g011340.2.1	Solyc09g010360.2.1	5.6936	262.5	787.5	0.0571	0.3699	6.4805	-2434.390478	
Solyc05g054480.2.1	Solyc10g086460.1.1	1.6181	251.7	846.3	0.0135	0.0304	2.2508	-1968.002965	
Solyc04g011500.2.1	Solyc10g086460.1.1	1.8824	253.6	844.4	0.0131	0.0342	2.6033	-1985.275682	
Solyc04g011460.1.1	Solyc10g086420.1.1	4.0047	322.1	1144.9	0.0385	0.2057	5.3485	-3205.580429	
Solyc04g011440.2.1	Solyc10g086410.2.1	1.6324	426.0	1482.0	0.0128	0.0299	2.3333	-3353.631071	
Solyc04g011360.2.1	Solyc10g086310.1.1	50.0000	128.6	465.4	0.0083	0.6211	74.7491	-1501.754553	
Solyc10g079870.1.1	Solyc04g016430.2.1	0.8875	337.0	1058.0	0.1384	0.1182	0.8537	-2722.087221	
Solyc10g079890.1.1	Solyc04g016400.2.1	0.8579	154.8	493.2	0.1025	0.0925	0.9023	-1255.502594	
Solyc10g079910.1.1	Solyc04g016280.2.1	0.7746	231.9	698.1	0.0637	0.0553	0.8687	-1686.409343	
Solyc10g079930.1.1	Solyc04g016190.1.1	2.8961	300.5	896.5	0.1214	0.3428	2.8226	-2777.445095	
Solyc10g080010.1.1	Solyc04g016180.2.1	0.8076	303.7	1022.3	0.1789	0.1313	0.7337	-2585.517686	
Solyc10g080020.1.1	Solyc04g016130.2.1	1.1388	358.7	1177.3	0.2798	0.2371	0.8474	-3332.404518	
Solyc10g080050.1.1	Solyc04g016060.1.1	2.0614	167.4	525.6	0.1845	0.3323	1.8011	-1635.019605	
Solyc10g080070.1.1	Solyc04g016050.2.1	0.7199	254.6	771.4	0.1631	0.1056	0.6472	-1983.893977	
Solyc10g080080.1.1	Solyc04g016010.2.1	0.7945	269.0	763.0	0.1714	0.1172	0.6836	-2020.733612	
Solyc10g080100.1.1	Solyc04g015830.2.1	0.5260	464.7	1422.3	0.1435	0.0710	0.4947	-3410.882905	
Solyc10g080200.1.1	Solyc04g015570.2.1	0.7200	113.7	405.3	0.1853	0.1223	0.6597	-1015.101749	
Solyc10g080210.1.1	Solyc04g015530.1.1	1.2820	204.2	908.8	0.3675	0.3248	0.8838	-2402.076475	
Solyc10g080230.1.1	Solyc04g015520.2.1	50.0000	84.8	353.2	0.0035	0.2982	84.8257	-935.428138	
Solyc10g080460.1.1	Solyc04g015290.2.1	5.5978	128.4	480.6	0.6668	1.6881	2.5317	-1614.514585	
Solyc10g079870.1.1	Solyc01g088160.2.1	3.0861	317.0	1078.0	0.0745	0.2690	3.6119	-3098.812772	
Solyc04g016430.2.1	Solyc01g088160.2.1	2.4418	359.0	1159.0	0.0966	0.2534	2.6238	-3358.863533	
Solyc04g016330.2.1	Solyc01g088150.2.1	2.0233	318.2	1064.8	0.0346	0.0910	2.6266	-2699.714063	
Solyc10g080030.1.1	Solyc01g087990.2.1	5.6480	117.8	491.2	0.0708	0.5323	7.5142	-1467.828363	
Solyc04g015740.2.1	Solyc01g087600.2.1	2.3337	512.4	1545.6	0.0847	0.2107	2.4886	-4458.172112	
Solyc10g080150.1.1	Solyc01g087560.2.1	3.1515	225.1	728.9	0.0455	0.1764	3.8815	-2012.518819	
Solyc04g015610.2.1	Solyc01g087540.2.1	2.7550	257.8	828.2	0.1154	0.3256	2.8227	-2526.283724	
Solyc04g015600.2.1	Solyc01g087510.1.1	50.0000	291.0	1005.0	0.0171	1.1983	70.0967	-3417.151686	
Solyc04g015580.2.1	Solyc01g087440.2.1	3.6283	120.8	434.2	0.0434	0.2088	4.8077	-1206.848909	
Solyc10g080210.1.1	Solyc01g087280.1.1	2.7524	199.4	943.6	0.1459	0.4539	3.1110	-2625.178889	
Solyc04g015530.1.1	Solyc01g087280.1.1	3.6377	186.7	923.3	0.0772	0.4026	5.2173	-2515.351993	
Solyc10g080260.1.1	Solyc01g087170.2.1	4.4546	143.1	447.9	0.0366	0.2013	5.5018	-1286.546759	
Solyc04g016140.1.1	Solyc05g018280.1.1	50.0000	78.1	311.9	0.0209	1.6030	76.8092	-1005.542254	
Solyc04g015870.1.1	Solyc05g018530.1.1	1.3809	71.2	294.8	0.5768	0.4028	0.6983	-830.380388	
Solyc04g016140.1.1	Solyc10g045700.1.1	50.0000	77.8	312.2	0.0229	1.7511	76.5203	-1003.041139	
Solyc05g018280.1.1	Solyc10g045700.1.1	1.5265	83.5	336.5	0.1119	0.1974	1.7632	-868.212116	
Solyc04g015870.1.1	Solyc10g046890.1.1	0.8573	77.2	246.8	0.7514	0.2649	0.3525	-663.431721	
Solyc04g016140.1.1	Solyc10g039300.1.1	50.0000	80.1	309.9	0.0234	1.7401	74.4364	-1010.805943	
Solyc05g018280.1.1	Solyc10g039300.1.1	1.4231	85.6	334.4	0.1106	0.1798	1.6259	-862.749745	
Solyc10g045700.1.1	Solyc10g039300.1.1	0.1578	92.0	328.0	0.8612	0.0508	0.0590	-646.459080	
Solyc02g082800.2.1	Solyc02g060570.1.1	1.1801	257.7	714.3	0.3729	0.2721	0.7295	-2125.405324	
Solyc02g082820.2.1	Solyc02g061650.1.1	1.5039	253.6	775.4	0.2328	0.2767	1.1881	-2278.855047	
Solyc02g082870.2.1	Solyc02g061740.1.1	1.5208	125.7	420.3	0.2408	0.2938	1.2199	-1219.738246	
Solyc02g082920.2.1	Solyc02g061770.2.1	2.2640	110.2	360.8	0.2251	0.4179	1.8568	-1113.315584	
Solyc02g083150.2.1	Solyc02g061810.2.1	0.6955	251.7	750.3	0.3295	0.1534	0.4656	-2001.692596	
Solyc02g083320.2.1	Solyc02g061840.2.1	0.6596	143.2	474.8	0.0870	0.0641	0.7362	-1145.809039	
Solyc02g083340.2.1	Solyc02g061850.2.1	0.7449	572.8	1776.2	0.1309	0.0948	0.7242	-4472.262073	
Solyc02g083520.2.1	Solyc02g061990.2.1	2.2421	96.8	350.2	0.1184	0.2861	2.4163	-988.887011	
Solyc02g083580.2.1	Solyc02g062020.2.1	0.3572	155.4	435.6	0.0620	0.0239	0.3857	-985.116581	
Solyc02g083690.2.1	Solyc02g062050.1.1	3.3463	127.3	442.7	0.1962	0.5824	2.9693	-1412.760793	
Solyc02g083810.2.1	Solyc02g062130.2.1	0.8733	252.9	794.1	0.1231	0.1070	0.8693	-2040.682330	
Solyc02g083820.1.1	Solyc02g062140.2.1	0.9673	464.9	1392.1	0.1628	0.1409	0.8659	-3748.270986	
Solyc02g083890.2.1	Solyc02g062170.2.1	1.5613	139.7	487.3	0.1594	0.2393	1.5014	-1340.205119	
Solyc02g083960.2.1	Solyc02g062180.2.1	0.8556	265.8	865.2	0.2035	0.1486	0.7300	-2292.637336	
Solyc09g065030.2.1	Solyc06g084290.2.1	0.9543	240.2	863.8	0.1636	0.1506	0.9205	-2250.175409	
Solyc09g065140.1.1	Solyc06g084280.1.1	3.1561	91.1	343.9	0.1402	0.4606	3.2841	-1025.479876	
Solyc09g065210.2.1	Solyc06g084250.2.1	0.6968	511.4	1594.6	0.0784	0.0603	0.7685	-3839.383964	
Solyc09g065370.1.1	Solyc06g084220.1.1	1.2315	88.5	286.5	0.1236	0.1536	1.2424	-763.876053	
Solyc09g065380.1.1	Solyc06g084200.1.1	1.2938	157.6	472.4	0.2979	0.2713	0.9108	-1391.584046	
Solyc09g065560.2.1	Solyc06g084140.2.1	0.8900	501.2	1439.8	0.1013	0.0902	0.8898	-3714.413815	
Solyc09g065630.2.1	Solyc06g084120.2.1	1.1841	238.1	700.9	0.4121	0.2899	0.7033	-2061.123938	
Solyc09g065810.2.1	Solyc06g084080.2.1	0.7231	424.8	1294.2	0.1186	0.0850	0.7165	-3219.186070	
Solyc09g065850.2.1	Solyc06g084070.2.1	1.0505	76.3	370.7	0.1631	0.1867	1.1446	-899.213021	
Solyc09g065880.2.1	Solyc06g084060.2.1	0.8525	419.4	1332.6	0.1737	0.1328	0.7649	-3510.427995	
Solyc09g065990.2.1	Solyc06g084040.2.1	0.8195	194.0	598.0	0.2922	0.1714	0.5866	-1613.547682	
Solyc09g066120.2.1	Solyc06g084000.2.1	0.9116	137.5	441.5	0.1563	0.1331	0.8519	-1134.630928	
Solyc09g066260.2.1	Solyc06g083930.1.1	50.0000	74.5	402.5	0.0035	0.3704	104.6476	-1095.828371	
Solyc09g066310.2.1	Solyc06g083910.2.1	2.7845	169.0	641.0	0.1669	0.4548	2.7242	-1900.761141	
Solyc09g065390.1.1	Solyc09g082210.2.1	4.3309	62.0	346.0	0.0934	0.5830	6.2452	-968.762328	
Solyc09g065410.2.1	Solyc09g082270.2.1	50.0000	101.8	315.2	0.0083	0.5548	66.5306	-1021.924620	
Solyc09g065470.2.1	Solyc09g082330.1.1	50.0000	232.2	646.8	0.0085	0.5211	61.6414	-2148.493161	
Solyc09g065480.1.1	Solyc09g082370.2.1	1.9523	285.1	911.9	0.0596	0.1368	2.2951	-2455.679953	
Solyc09g065520.2.1	Solyc09g082460.2.1	2.1655	251.1	759.9	0.0918	0.2088	2.2744	-2197.072591	
Solyc09g065550.2.1	Solyc09g082510.2.1	3.5692	411.4	1253.6	0.1182	0.4184	3.5398	-3851.023519	
Solyc06g084130.2.1	Solyc09g082590.2.1	50.0000	153.1	395.9	0.0094	0.5498	58.3372	-1341.877946	
Solyc09g065660.2.1	Solyc09g082670.2.1	2.7023	182.5	675.5	0.1697	0.4414	2.6010	-2003.347591	
Solyc09g065760.2.1	Solyc09g082980.2.1	2.8316	259.3	796.7	0.1617	0.4152	2.5681	-2512.995691	
Solyc09g065780.2.1	Solyc09g083050.2.1	5.5287	281.1	1002.9	0.0598	0.4149	6.9373	-3056.907351	
Solyc09g065820.2.1	Solyc09g083220.2.1	2.2851	196.1	586.9	0.1353	0.2929	2.1650	-1795.743031	
Solyc09g065850.2.1	Solyc09g083280.2.1	1.9409	83.3	408.7	0.1149	0.2807	2.4442	-1073.170251	
Solyc06g084070.2.1	Solyc09g083280.2.1	1.8255	83.8	363.2	0.1107	0.2428	2.1928	-963.953803	
Solyc09g066000.1.1	Solyc09g083320.1.1	3.7287	128.4	351.6	0.1931	0.5869	3.0392	-1182.365384	
Solyc09g066300.1.1	Solyc09g089890.1.1	3.3412	101.9	408.1	0.0880	0.3629	4.1221	-1182.250934	
Solyc09g066310.2.1	Solyc09g089580.2.1	50.0000	192.7	629.3	0.0120	0.8195	68.4040	-2104.203005	
Solyc06g083910.2.1	Solyc09g089580.2.1	13.5664	176.8	654.2	0.0434	0.7945	18.3149	-2122.590614	
Solyc09g083000.2.1	Solyc03g005310.2.1	0.7801	362.1	993.9	0.1802	0.1174	0.6514	-2655.177724	
Solyc09g065780.2.1	Solyc03g005320.2.1	11.6919	297.8	986.2	0.0269	0.4155	15.4259	-3072.008212	
Solyc09g083050.2.1	Solyc03g005320.2.1	1.0410	319.6	1084.4	0.0391	0.0526	1.3459	-2563.068669	
Solyc09g083090.2.1	Solyc03g005330.1.1	1.8443	206.3	606.7	0.1027	0.1911	1.8611	-1741.367104	
Solyc09g083120.2.1	Solyc03g005340.2.1	1.1584	470.7	1476.3	0.1651	0.1737	1.0524	-4043.482027	
Solyc09g065820.2.1	Solyc03g005350.2.1	2.8990	182.4	579.6	0.0999	0.3062	3.0642	-1763.856857	
Solyc09g083220.2.1	Solyc03g005350.2.1	0.8682	216.6	587.4	0.1793	0.1296	0.7228	-1611.049571	
Solyc09g065920.2.1	Solyc03g005390.2.1	3.1263	247.8	835.2	0.0523	0.2024	3.8723	-2345.320281	
Solyc09g083330.2.1	Solyc03g005410.2.1	0.6169	272.4	819.6	0.1028	0.0647	0.6295	-1994.158450	
Solyc09g089570.2.1	Solyc03g005440.2.1	1.0942	126.8	383.2	0.3855	0.2612	0.6776	-1089.164778	
Solyc09g066300.1.1	Solyc03g005490.2.1	50.0000	97.1	343.9	0.0055	0.4065	74.2207	-1048.391851	
Solyc09g089860.2.1	Solyc03g005480.2.1	1.0927	279.0	777.0	0.1283	0.1303	1.0157	-2103.012302	
Solyc09g089890.1.1	Solyc03g005490.2.1	1.6365	91.3	352.7	0.2052	0.3037	1.4802	-990.060570	
Solyc09g065850.2.1	Solyc06g008580.2.1	1.3030	93.0	402.0	0.2422	0.2736	1.1295	-1059.014126	
Solyc06g084070.2.1	Solyc06g008580.2.1	1.6849	93.3	359.7	0.1686	0.2786	1.6526	-987.713362	
Solyc09g065990.2.1	Solyc06g008600.2.1	0.7774	193.1	598.9	0.2958	0.1640	0.5543	-1585.464067	
Solyc06g084040.2.1	Solyc06g008600.2.1	0.8746	188.0	607.0	0.3264	0.1959	0.6002	-1633.546350	
Solyc09g066010.2.1	Solyc06g008610.2.1	1.2134	132.8	494.2	0.1857	0.2097	1.1292	-1353.250299	
Solyc09g065570.2.1	Solyc01g097500.2.1	1.4240	191.7	621.3	0.0529	0.0909	1.7181	-1591.406575	
Solyc09g065740.1.1	Solyc01g097370.1.1	3.2170	385.9	970.1	0.0698	0.2238	3.2055	-2995.477069	
Solyc09g065850.2.1	Solyc01g097290.2.1	50.0000	95.5	414.5	0.0041	0.3622	87.4400	-1172.018156	
Solyc06g084070.2.1	Solyc01g097290.2.1	50.0000	90.4	368.6	0.0035	0.2950	83.3836	-1022.216987	
Solyc02g093720.2.1	Solyc02g067950.2.1	1.0693	317.0	952.0	0.3260	0.2351	0.7210	-2666.306725	
Solyc02g093760.2.1	Solyc02g067970.2.1	1.0005	212.3	678.7	0.2103	0.1760	0.8369	-1827.499550	
Solyc02g093800.2.1	Solyc02g067980.2.1	0.4977	346.0	1070.0	0.1212	0.0599	0.4939	-2526.128710	
Solyc02g093810.2.1	Solyc02g067990.2.1	0.7085	536.1	1629.9	0.1721	0.1078	0.6264	-4137.218053	
Solyc02g093840.2.1	Solyc02g068000.2.1	1.7178	211.7	814.3	0.4486	0.4568	1.0181	-2385.391416	
Solyc02g093890.1.1	Solyc02g068030.1.1	1.5296	166.4	565.6	0.2982	0.3322	1.1139	-1672.718333	
Solyc02g093970.2.1	Solyc02g068060.2.1	0.8016	307.3	1003.7	0.2692	0.1633	0.6066	-2641.173409	
Solyc02g094040.2.1	Solyc02g068070.2.1	1.0114	289.8	883.2	0.2180	0.1787	0.8199	-2450.356540	
Solyc02g094060.2.1	Solyc02g068080.2.1	0.8481	612.7	1613.3	0.1671	0.1192	0.7132	-4384.946599	
Solyc02g094130.2.1	Solyc02g068120.2.1	0.8253	173.3	567.7	0.2345	0.1560	0.6653	-1487.173531	
Solyc02g094140.2.1	Solyc02g068130.2.1	1.3755	149.7	462.3	0.1162	0.1603	1.3796	-1261.713559	
Solyc02g094190.2.1	Solyc02g068140.2.1	0.8883	405.6	1190.4	0.1085	0.0959	0.8837	-3061.813782	
Solyc02g094230.1.1	Solyc02g068170.1.1	1.4979	68.1	255.9	0.2271	0.2911	1.2818	-714.479437	
Solyc02g093790.2.1	Solyc05g014320.2.1	3.6746	284.2	882.8	0.0465	0.2043	4.3942	-2537.922367	
Solyc02g093800.2.1	Solyc05g014340.2.1	2.4410	349.0	1064.0	0.0551	0.1554	2.8207	-2908.280889	
Solyc02g067980.2.1	Solyc05g014340.2.1	1.8195	328.3	1084.7	0.0650	0.1397	2.1489	-2873.194744	
Solyc02g093850.2.1	Solyc05g014510.2.1	3.3720	422.6	1434.4	0.0834	0.3211	3.8489	-4269.635127	
Solyc02g093860.2.1	Solyc05g014530.1.1	6.9027	330.2	983.8	0.0285	0.2407	8.4385	-2884.846889	
Solyc02g093880.2.1	Solyc03g111090.2.1	5.2404	463.8	1687.2	0.0641	0.4213	6.5685	-5109.574534	
Solyc02g093890.1.1	Solyc03g111100.1.1	3.5602	174.4	557.6	0.1375	0.4757	3.4596	-1769.759674	
Solyc02g068030.1.1	Solyc03g111100.1.1	3.2566	164.8	567.2	0.1195	0.4083	3.4172	-1734.457551	
Solyc02g094110.1.1	Solyc03g111280.1.1	3.7006	348.6	1076.4	0.0801	0.3238	4.0424	-3290.117404	
Solyc07g062080.2.1	Solyc10g007500.2.1	0.5741	235.1	814.9	0.0675	0.0468	0.6926	-1855.223449	
Solyc07g062130.2.1	Solyc10g007480.2.1	0.6516	394.0	1310.0	0.0767	0.0574	0.7485	-3098.297216	
Solyc07g062210.2.1	Solyc10g007450.1.1	5.8056	202.0	797.0	0.0441	0.3598	8.1497	-2301.413611	
Solyc07g062270.2.1	Solyc10g007410.2.1	0.8076	246.6	743.4	0.2400	0.1505	0.6270	-1981.201029	
Solyc07g062410.2.1	Solyc10g007340.2.1	2.1091	199.3	766.7	0.2682	0.4498	1.6771	-2270.106083	
Solyc07g062460.2.1	Solyc10g007330.1.1	1.1372	275.1	1011.9	0.1933	0.2003	1.0365	-2704.342036	
Solyc07g062530.2.1	Solyc10g007290.2.1	0.5909	672.3	2042.7	0.1308	0.0744	0.5693	-5035.981086	
Solyc07g062560.2.1	Solyc10g007270.2.1	2.5173	116.4	348.6	0.1540	0.3532	2.2936	-1057.747848	
Solyc07g062570.2.1	Solyc10g007260.2.1	0.4453	110.3	321.7	0.0111	0.0062	0.5630	-699.640058	
Solyc07g062580.2.1	Solyc10g007220.1.1	1.4842	274.6	892.4	0.4199	0.3733	0.8892	-2674.503756	
Solyc07g062590.2.1	Solyc10g007200.2.1	0.7009	206.7	777.3	0.1396	0.1018	0.7293	-1890.538884	
Solyc07g062720.1.1	Solyc10g007140.2.1	1.4960	360.1	1013.9	0.4625	0.3823	0.8265	-3140.578276	
Solyc07g062190.2.1	Solyc12g014390.1.1	0.6347	109.2	361.8	0.1316	0.0836	0.6353	-888.178948	
Solyc07g062310.2.1	Solyc12g014340.1.1	2.0384	115.8	379.2	0.2741	0.4196	1.5306	-1180.401734	
Solyc07g062380.1.1	Solyc12g014300.1.1	50.0000	94.9	319.1	0.0043	0.3113	71.6590	-934.063794	
Solyc07g062460.2.1	Solyc12g014270.1.1	1.2381	267.1	998.9	0.1732	0.2056	1.1871	-2679.108196	
Solyc10g007330.1.1	Solyc12g014270.1.1	0.9515	312.8	1142.2	0.1572	0.1473	0.9373	-2917.738469	
Solyc10g007310.1.1	Solyc12g014260.1.1	1.7879	113.4	414.6	0.0866	0.1825	2.1081	-1117.585730	
Solyc07g062530.2.1	Solyc12g014250.1.1	0.5504	652.9	2062.1	0.1114	0.0629	0.5644	-4957.167772	
Solyc10g007290.2.1	Solyc12g014250.1.1	0.5237	692.7	2022.3	0.0763	0.0427	0.5595	-4801.348941	
Solyc07g062560.2.1	Solyc12g014240.1.1	2.7488	100.2	361.8	0.1299	0.3735	2.8762	-1070.120398	
Solyc10g007270.2.1	Solyc12g014240.1.1	1.5991	106.4	355.6	0.1378	0.2183	1.5846	-989.467117	
Solyc07g062650.2.1	Solyc12g014180.1.1	0.8610	294.6	731.4	0.0789	0.0659	0.8359	-1931.919135	
Solyc07g062660.2.1	Solyc12g014170.1.1	1.1832	289.5	979.5	0.2738	0.2457	0.8975	-2704.759876	
Solyc07g062680.1.1	Solyc12g014140.1.1	2.1944	131.8	504.2	0.1536	0.3416	2.2231	-1465.973292	
Solyc07g062700.2.1	Solyc12g014110.1.1	0.8678	448.4	1273.6	0.1974	0.1405	0.7117	-3452.649225	
Solyc07g062530.2.1	Solyc04g006970.2.1	12.6699	637.4	2077.6	0.0321	0.5234	16.2825	-6735.007231	
Solyc10g007290.2.1	Solyc04g006970.2.1	7.9146	648.7	2066.3	0.0552	0.5186	9.3898	-6737.265086	
Solyc12g014250.1.1	Solyc04g006970.2.1	10.9912	650.9	2064.1	0.0382	0.5206	13.6308	-6732.427143	
Solyc07g062620.2.1	Solyc04g005910.2.1	23.6645	229.0	773.0	0.0238	0.7613	31.9449	-2556.044020	
Solyc12g014150.1.1	Solyc04g005830.2.1	50.0000	246.5	848.5	0.0070	0.5059	72.2964	-2715.079403	
Solyc04g072460.2.1	Solyc04g054320.2.1	2.8287	266.9	756.1	0.1265	0.3366	2.6604	-2372.625672	
Solyc04g072690.2.1	Solyc04g054490.2.1	3.2648	306.7	959.3	0.1165	0.3836	3.2924	-3012.376837	
Solyc04g072700.2.1	Solyc04g054500.2.1	50.0000	80.1	327.9	0.0032	0.2722	83.7766	-891.187646	
Solyc04g072740.2.1	Solyc04g054730.2.1	2.8078	465.8	1439.2	0.0936	0.2778	2.9692	-4257.217437	
Solyc04g072800.2.1	Solyc04g054820.2.1	1.8635	183.4	530.6	0.1069	0.1975	1.8471	-1519.079826	
Solyc04g072900.1.1	Solyc04g054910.2.1	50.0000	95.9	369.1	0.0057	0.4494	79.0506	-1125.223667	
Solyc04g072920.2.1	Solyc04g054930.2.1	1.6449	180.3	680.7	0.0793	0.1598	2.0154	-1765.332154	
Solyc04g073940.2.1	Solyc04g055000.2.1	5.8421	221.0	832.0	0.0551	0.4233	7.6859	-2484.594793	
Solyc04g073960.2.1	Solyc04g055080.2.1	4.9538	316.2	916.8	0.0316	0.1865	5.8976	-2661.973077	
Solyc04g073970.2.1	Solyc04g055160.2.1	1.9867	197.0	658.0	0.0991	0.2139	2.1597	-1860.048604	
Solyc04g073990.2.1	Solyc04g055170.2.1	2.2341	199.4	724.6	0.0896	0.2333	2.6027	-2024.056569	
Solyc04g074130.2.1	Solyc04g056260.1.1	2.2683	280.9	907.1	0.0937	0.2300	2.4548	-2611.154296	
Solyc04g074170.1.1	Solyc04g056310.2.1	2.4102	124.4	622.6	0.1461	0.4070	2.7868	-1723.154289	
Solyc04g072920.2.1	Solyc05g051880.2.1	2.5904	148.9	676.1	0.0813	0.2840	3.4945	-1829.305402	
Solyc04g054930.2.1	Solyc05g051880.2.1	1.1373	164.2	663.8	0.2137	0.2192	1.0254	-1757.922260	
Solyc04g054960.1.1	Solyc05g051890.1.1	2.0060	153.2	587.8	0.1756	0.3393	1.9326	-1667.259459	
Solyc04g073960.2.1	Solyc05g051900.2.1	3.8343	313.0	923.0	0.0461	0.2048	4.4428	-2699.424036	
Solyc04g055080.2.1	Solyc05g051900.2.1	0.9729	351.4	1007.6	0.1133	0.1073	0.9466	-2674.352844	
Solyc04g073970.2.1	Solyc05g051970.2.1	1.7450	184.9	646.1	0.1825	0.2913	1.5962	-1882.633892	
Solyc04g055160.2.1	Solyc05g051970.2.1	0.8321	216.6	674.4	0.2322	0.1538	0.6622	-1799.135743	
Solyc04g073990.2.1	Solyc05g051980.2.1	2.6314	204.7	719.3	0.0960	0.2842	2.9603	-2065.067715	
Solyc04g055170.2.1	Solyc05g051980.2.1	1.0010	208.7	721.3	0.2019	0.1768	0.8758	-1904.062216	
Solyc04g072570.2.1	Solyc05g051610.1.1	50.0000	243.2	827.8	0.0128	0.9011	70.3169	-2793.024146	
Solyc04g054450.1.1	Solyc05g051640.2.1	50.0000	281.3	1029.7	0.0166	1.2189	73.2241	-3452.786354	
Solyc04g072700.2.1	Solyc05g051820.2.1	7.6700	73.9	334.1	0.0230	0.2940	12.7822	-888.794728	
Solyc04g054500.2.1	Solyc05g051820.2.1	1.1853	79.2	328.8	0.0568	0.0936	1.6466	-764.830908	
Solyc04g054740.2.1	Solyc05g051850.2.1	0.6043	177.5	524.5	0.0707	0.0466	0.6590	-1237.849763	
Solyc04g054760.2.1	Solyc05g051860.2.1	1.3275	74.1	300.9	0.3018	0.3037	1.0062	-827.553289	
Solyc04g072740.2.1	Solyc12g056920.1.1	0.9873	474.8	1442.2	0.1871	0.1585	0.8472	-3867.593135	
Solyc04g054730.2.1	Solyc12g056920.1.1	2.7585	475.6	1456.4	0.0954	0.2758	2.8909	-4337.056240	
Solyc04g072780.2.1	Solyc12g056950.1.1	1.5866	88.0	281.0	0.1885	0.2610	1.3844	-829.737517	
Solyc04g072900.1.1	Solyc12g056980.1.1	2.7370	106.7	358.3	0.1737	0.4363	2.5112	-1105.815296	
Solyc04g054910.2.1	Solyc12g056980.1.1	7.2580	99.7	365.3	0.0587	0.5449	9.2905	-1141.626390	
Solyc04g072940.2.1	Solyc12g056990.1.1	2.4772	171.1	713.9	0.0971	0.2951	3.0401	-1945.194739	
Solyc04g073960.2.1	Solyc12g057010.1.1	1.2096	308.1	930.9	0.1033	0.1276	1.2358	-2488.907453	
Solyc04g055080.2.1	Solyc12g057010.1.1	4.6228	332.6	1020.4	0.0364	0.2053	5.6380	-2928.978256	
Solyc05g051900.2.1	Solyc12g057010.1.1	3.2444	327.0	1029.0	0.0592	0.2239	3.7798	-2962.654719	
Solyc04g072740.2.1	Solyc12g056920.1.1	0.9873	474.8	1442.2	0.1871	0.1585	0.8472	-3867.593135	
Solyc04g054730.2.1	Solyc12g056920.1.1	2.7585	475.6	1456.4	0.0954	0.2758	2.8909	-4337.056240	
Solyc04g072780.2.1	Solyc12g056950.1.1	1.5866	88.0	281.0	0.1885	0.2610	1.3844	-829.737517	
Solyc04g072900.1.1	Solyc12g056980.1.1	2.7370	106.7	358.3	0.1737	0.4363	2.5112	-1105.815296	
Solyc04g054910.2.1	Solyc12g056980.1.1	7.2580	99.7	365.3	0.0587	0.5449	9.2905	-1141.626390	
Solyc04g072940.2.1	Solyc12g056990.1.1	2.4772	171.1	713.9	0.0971	0.2951	3.0401	-1945.194739	
Solyc04g073960.2.1	Solyc12g057010.1.1	1.2096	308.1	930.9	0.1033	0.1276	1.2358	-2488.907453	
Solyc04g055080.2.1	Solyc12g057010.1.1	4.6228	332.6	1020.4	0.0364	0.2053	5.6380	-2928.978256	
Solyc04g072460.2.1	Solyc12g056860.1.1	0.5822	254.8	771.2	0.1480	0.0799	0.5397	-1912.335048	
Solyc04g054320.2.1	Solyc12g056860.1.1	3.4137	259.8	763.2	0.0931	0.3276	3.5179	-2359.431579	
Solyc04g072480.2.1	Solyc12g056840.1.1	0.8434	229.8	640.2	0.1985	0.1360	0.6852	-1707.440799	
Solyc04g054450.1.1	Solyc12g056730.1.1	50.0000	264.9	1049.1	0.0150	1.1741	78.0186	-3458.901418	
Solyc02g060570.1.1	Solyc03g032160.2.1	1.2336	255.3	713.7	0.4014	0.2952	0.7355	-2140.306290	
Solyc02g061650.1.1	Solyc03g032190.2.1	1.3685	254.3	774.7	0.2621	0.2690	1.0262	-2237.471270	
Solyc02g061740.1.1	Solyc03g032210.2.1	1.3695	126.1	419.9	0.2742	0.2833	1.0332	-1212.220612	
Solyc02g061840.2.1	Solyc03g033310.2.1	0.7358	144.7	461.3	0.1200	0.0892	0.7431	-1165.804655	
Solyc02g062020.2.1	Solyc03g033420.2.1	0.8655	145.9	436.1	0.1305	0.1080	0.8278	-1146.770456	
Solyc02g062140.2.1	Solyc03g033510.2.1	1.0877	468.2	1391.8	0.1676	0.1611	0.9614	-3828.570346	
Solyc02g062370.2.1	Solyc03g033630.2.1	1.3589	380.0	1276.0	0.4339	0.3486	0.8034	-3721.180982	
Solyc02g062380.1.1	Solyc03g033660.2.1	2.2403	150.6	518.4	0.2814	0.4741	1.6850	-1631.419700	
Solyc02g062510.2.1	Solyc03g033690.1.1	1.0544	220.6	724.4	0.1676	0.1628	0.9711	-1930.588144	
Solyc02g062550.2.1	Solyc03g033750.1.1	2.5198	101.3	312.7	0.4130	0.6232	1.5090	-1005.030629	
Solyc02g062670.2.1	Solyc03g033980.2.1	0.6997	308.2	846.8	0.1593	0.0968	0.6079	-2224.270289	
Solyc02g062690.2.1	Solyc03g034000.2.1	2.7590	140.5	567.5	0.2760	0.6048	2.1914	-1736.259864	
Solyc02g062790.2.1	Solyc03g034060.2.1	1.7020	224.0	892.0	0.1556	0.2716	1.7454	-2460.132108	
Solyc02g088070.2.1	Solyc03g115940.2.1	2.7502	155.5	531.5	0.1824	0.4552	2.4949	-1644.322036	
Solyc02g088100.2.1	Solyc03g115890.2.1	2.8231	165.0	534.0	0.0582	0.1952	3.3546	-1517.809582	
Solyc02g088170.1.1	Solyc03g115790.1.1	6.4329	301.6	1081.4	0.0779	0.5986	7.6855	-3439.802741	
Solyc02g088180.2.1	Solyc03g115850.2.1	50.0000	168.6	656.4	0.0063	0.5038	79.5919	-1996.343720	
Solyc02g088330.2.1	Solyc03g115660.2.1	1.5612	244.2	748.8	0.0882	0.1470	1.6655	-2066.212005	
Solyc02g088470.1.1	Solyc03g115570.1.1	6.6485	283.2	1057.8	0.0855	0.6800	7.9552	-3364.842596	
Solyc02g088670.1.1	Solyc03g115450.1.1	3.8460	178.0	851.0	0.1701	0.6950	4.0872	-2516.456397	
Solyc02g088690.2.1	Solyc03g115380.1.1	2.5504	220.3	727.7	0.0168	0.0583	3.4654	-1793.722172	
Solyc02g089050.2.1	Solyc03g115000.2.1	5.7948	371.9	1167.1	0.0878	0.5501	6.2675	-3788.422398	
Solyc02g089120.2.1	Solyc03g114880.1.1	50.0000	186.7	629.3	0.0045	0.3227	71.7432	-1904.747366	
Solyc02g089170.2.1	Solyc03g114860.2.1	1.4227	207.1	833.9	0.0322	0.0679	2.1107	-1974.777311	
Solyc02g089200.2.1	Solyc03g114830.2.1	2.4673	112.8	511.2	0.1998	0.4769	2.3873	-1504.693973	
Solyc02g089410.2.1	Solyc03g114680.2.1	4.6224	145.0	551.0	0.1655	0.7514	4.5415	-1745.570261	
Solyc02g092410.2.1	Solyc02g064650.2.1	0.5202	150.5	467.5	0.0997	0.0542	0.5436	-1095.057882	
Solyc02g092450.2.1	Solyc02g064680.2.1	0.8012	84.2	230.8	0.1822	0.1214	0.6662	-625.270071	
Solyc02g092490.2.1	Solyc02g064690.2.1	1.0807	307.5	835.5	0.1301	0.1287	0.9894	-2328.661829	
Solyc02g092640.2.1	Solyc02g064700.2.1	2.9712	206.7	738.3	0.0156	0.0669	4.2896	-1787.782646	
Solyc02g092710.2.1	Solyc02g064750.2.1	0.7917	193.6	598.4	0.2272	0.1441	0.6342	-1596.614516	
Solyc02g092760.2.1	Solyc02g064760.1.1	1.4828	171.0	501.0	0.0862	0.1337	1.5508	-1373.315294	
Solyc02g092860.2.1	Solyc02g064850.1.1	1.6115	310.7	1018.3	0.1939	0.2724	1.4048	-2928.947661	
Solyc02g092940.2.1	Solyc02g064940.1.1	23.8920	210.0	807.0	0.0332	1.1346	34.2102	-2660.982271	
Solyc02g092980.2.1	Solyc02g064860.1.1	0.9534	113.7	465.3	0.2427	0.1971	0.8120	-1206.506452	
Solyc02g093140.2.1	Solyc02g064950.2.1	0.7454	194.5	480.5	0.1878	0.1106	0.5890	-1316.221928	
Solyc02g093150.2.1	Solyc02g064960.2.1	0.9247	235.6	805.4	0.1892	0.1565	0.8271	-2121.189866	
Solyc02g093380.1.1	Solyc02g065030.1.1	50.0000	304.1	1081.9	0.0105	0.7657	73.2375	-3504.639268	
Solyc07g007330.1.1	Solyc12g009880.1.1	1.4288	95.8	282.2	0.1904	0.2292	1.2037	-828.731899	
Solyc07g007600.2.1	Solyc12g009840.1.1	0.6323	644.5	1650.5	0.0594	0.0387	0.6515	-4036.786664	
Solyc07g007610.2.1	Solyc12g009830.1.1	1.2831	160.8	496.2	0.3629	0.2991	0.8243	-1462.540700	
Solyc07g007620.2.1	Solyc12g009820.1.1	0.7182	336.9	962.1	0.0807	0.0605	0.7502	-2397.389682	
Solyc07g007670.2.1	Solyc12g009800.1.1	0.8024	279.0	975.0	0.1397	0.1128	0.8078	-2415.099000	
Solyc07g007800.2.1	Solyc12g009680.1.1	1.1974	212.2	735.8	0.1490	0.1752	1.1759	-1951.061910	
Solyc07g007960.2.1	Solyc12g009620.1.1	0.9551	166.0	566.0	0.1834	0.1584	0.8637	-1498.536980	
Solyc07g008000.2.1	Solyc12g009610.1.1	0.7509	486.1	1469.9	0.1308	0.0944	0.7217	-3707.825449	
Solyc07g008170.2.1	Solyc12g009590.1.1	1.9660	212.2	681.8	0.3076	0.4271	1.3884	-1952.773883	
Solyc07g008180.2.1	Solyc12g009580.1.1	0.9325	89.4	369.6	0.3113	0.2172	0.6978	-962.848012	
Solyc07g008250.2.1	Solyc12g009560.1.1	0.8355	234.8	653.2	0.1838	0.1281	0.6969	-1778.492641	
Solyc10g076490.1.1	Solyc04g014650.2.1	50.0000	246.7	770.3	0.0221	1.4195	64.2814	-2683.808882	
Solyc10g076490.1.1	Solyc04g014400.2.1	5.8528	243.2	809.8	0.5191	1.6072	3.0959	-2784.749511	
Solyc10g076530.1.1	Solyc04g014410.2.1	8.5440	140.9	546.1	0.0533	0.6134	11.5106	-1713.352636	
Solyc10g076760.1.1	Solyc04g014410.2.1	50.0000	192.4	680.6	0.0097	0.7064	73.1402	-2219.047809	
Solyc10g076900.1.1	Solyc04g012160.2.1	50.0000	151.5	538.5	0.0109	0.8003	73.0859	-1743.889706	
Solyc10g076910.1.1	Solyc04g014210.2.1	50.0000	446.0	1564.0	0.0101	0.7356	72.5332	-5148.447248	
Solyc10g077050.1.1	Solyc04g012030.2.1	6.8484	198.7	695.3	0.0446	0.3964	8.8852	-2127.452688	
Solyc10g078270.1.1	Solyc04g012070.1.1	6.3834	264.5	755.5	0.0828	0.5494	6.6360	-2481.336210	
Solyc10g078280.2.1	Solyc04g011920.1.1	50.0000	322.9	1096.1	0.0091	0.6472	71.0503	-3523.096956	
Solyc10g078510.1.1	Solyc04g011720.2.1	7.4795	247.6	898.4	0.0757	0.6856	9.0518	-2847.431039	
Solyc10g078670.1.1	Solyc04g011670.2.1	14.0554	236.7	786.3	0.0279	0.5162	18.5311	-2518.651101	
Solyc10g078940.1.1	Solyc04g011520.2.1	15.2355	230.2	789.8	0.0332	0.6703	20.2012	-2584.198892	
Solyc10g079030.1.1	Solyc04g011360.2.1	50.0000	136.6	478.4	0.0097	0.7011	72.5690	-1549.527785	
Solyc10g076490.1.1	Solyc04g008430.1.1	50.0000	261.0	822.0	0.0234	1.5057	64.4244	-2874.565214	
Solyc04g014650.2.1	Solyc04g008430.1.1	50.0000	280.0	929.0	0.0117	0.8108	69.2693	-3121.343998	
Solyc04g014400.2.1	Solyc04g008650.2.1	50.0000	282.4	902.6	0.0214	1.3982	65.4695	-3162.601479	
Solyc10g076660.1.1	Solyc04g008670.1.1	50.0000	180.5	644.5	0.0093	0.6830	73.7215	-2071.619502	
Solyc10g076820.1.1	Solyc04g008870.2.1	50.0000	110.4	453.6	0.0064	0.5306	82.9905	-1376.842816	
Solyc04g014250.2.1	Solyc04g008930.1.1	9.0523	130.0	404.0	0.0657	0.6763	10.2895	-1338.270221	
Solyc04g012090.1.1	Solyc04g009040.2.1	50.0000	287.5	990.5	0.0093	0.6683	71.7828	-3238.766561	
Solyc04g076820.1.1	Solyc02g091670.1.1	50.0000	169.6	604.4	0.0080	0.5898	73.9588	-1947.395257	
Solyc04g076860.2.1	Solyc02g091710.2.1	2.5768	514.9	1573.1	0.1154	0.2971	2.5753	-4823.041293	
Solyc04g076980.2.1	Solyc02g091840.2.1	50.0000	127.7	526.3	0.0105	0.8594	81.7833	-1685.982245	
Solyc04g077020.2.1	Solyc02g091870.2.1	5.3669	342.0	975.0	0.0054	0.0364	6.7861	-2410.817783	
Solyc04g077220.2.1	Solyc02g091930.2.1	3.6310	135.3	539.7	0.1168	0.4811	4.1179	-1611.157206	
Solyc04g077240.2.1	Solyc02g091970.2.1	10.4469	164.3	606.7	0.0186	0.2838	15.2907	-1729.664399	
Solyc04g077410.2.1	Solyc02g091990.2.1	25.7564	313.0	980.0	0.0055	0.1912	34.8699	-2745.953846	
Solyc04g077420.2.1	Solyc02g092000.2.1	3.1398	186.7	581.3	0.0601	0.2178	3.6273	-1690.961130	
Solyc04g077490.2.1	Solyc02g092050.2.1	5.2372	224.5	894.5	0.0425	0.3163	7.4409	-2567.058127	
Solyc04g077510.2.1	Solyc02g092070.2.1	2.7871	265.3	772.7	0.2324	0.5038	2.1681	-2553.533849	
Solyc04g077590.2.1	Solyc02g092140.1.1	5.6626	206.4	786.6	0.0446	0.3460	7.7609	-2235.107363	
Solyc04g077600.2.1	Solyc02g092160.2.1	3.6798	283.6	853.4	0.1645	0.5411	3.2897	-2740.078041	
Solyc08g081180.2.1	Solyc10g012430.2.1	2.0949	356.7	1026.3	0.0844	0.1839	2.1782	-2945.350716	
Solyc08g081270.2.1	Solyc10g012240.2.1	2.0468	102.4	317.6	0.0197	0.0520	2.6369	-767.973268	
Solyc08g081290.2.1	Solyc10g012210.1.1	6.6798	249.0	942.0	0.1594	1.0592	6.6434	-3092.954973	
Solyc08g081360.2.1	Solyc10g012080.2.1	1.9287	164.5	552.5	0.1263	0.2485	1.9678	-1599.146559	
Solyc08g081730.2.1	Solyc10g011870.2.1	2.0581	164.8	498.2	0.0938	0.2017	2.1498	-1441.261504	
Solyc08g081840.2.1	Solyc10g011790.2.1	15.0595	215.7	657.3	0.0150	0.2913	19.4304	-2010.641005	
Solyc08g081930.2.1	Solyc10g011760.2.1	2.3422	209.6	672.4	0.0837	0.2168	2.5899	-1942.002394	
Solyc08g081990.2.1	Solyc10g011690.2.1	2.0494	317.2	1140.8	0.1363	0.2873	2.1071	-3280.500910	
Solyc08g082020.2.1	Solyc10g011670.2.1	1.6016	237.3	671.7	0.0684	0.1172	1.7130	-1832.973368	
Solyc08g082060.2.1	Solyc10g009590.2.1	4.8228	245.8	837.2	0.0817	0.4527	5.5417	-2596.487842	
Solyc08g082110.2.1	Solyc10g009550.2.1	4.7804	134.3	633.7	0.0908	0.5795	6.3793	-1845.374394	
Solyc10g012170.2.1	Solyc01g094660.2.1	50.0000	233.4	744.6	0.0146	0.9735	66.7353	-2573.697858	
Solyc10g017520.2.1	Solyc01g094320.2.1	0.6257	110.4	447.6	0.1116	0.0810	0.7257	-1023.030154	
Solyc10g017530.2.1	Solyc01g094350.2.1	0.8396	299.3	942.7	0.1060	0.0923	0.8707	-2389.997894	
Solyc10g017570.2.1	Solyc01g094210.2.1	2.5267	166.0	650.0	0.1272	0.3515	2.7642	-1853.919775	
Solyc10g017580.2.1	Solyc01g094170.2.1	0.7098	313.5	940.5	0.2056	0.1203	0.5853	-2416.140289	
Solyc10g017590.2.1	Solyc01g094030.2.1	0.9738	338.6	1050.4	0.1193	0.1159	0.9718	-2721.245765	
Solyc10g017600.2.1	Solyc01g093970.2.1	0.5525	313.7	1018.3	0.0907	0.0548	0.6041	-2372.050531	
Solyc10g017630.1.1	Solyc01g092950.2.1	2.2192	89.9	387.1	0.4676	0.6091	1.3025	-1157.998120	
Solyc10g017650.1.1	Solyc01g091910.2.1	0.6603	529.8	1807.2	0.0963	0.0703	0.7308	-4311.011133	
Solyc10g017810.1.1	Solyc01g091880.2.1	0.8020	100.1	310.9	0.0723	0.0648	0.8962	-769.411944	
Solyc10g017880.1.1	Solyc01g091710.2.1	1.1647	259.3	814.7	0.3430	0.2655	0.7740	-2343.665438	
Solyc10g017960.1.1	Solyc01g091700.2.1	1.4966	173.7	657.3	0.0921	0.1630	1.7695	-1732.913336	
Solyc05g013200.1.1	Solyc03g112420.1.1	50.0000	279.5	1010.5	0.0104	0.7735	74.1259	-3298.544869	
Solyc05g013450.2.1	Solyc03g112250.1.1	11.9031	344.7	1080.3	0.0496	0.7045	14.1930	-3577.229010	
Solyc05g013710.2.1	Solyc03g112060.2.1	16.7195	179.1	597.9	0.0216	0.4869	22.5521	-1899.805140	
Solyc05g013770.2.1	Solyc03g112050.2.1	1.7275	220.6	727.4	0.0611	0.1259	2.0598	-1932.437267	
Solyc05g013850.2.1	Solyc03g111810.2.1	3.0571	508.6	1603.4	0.1553	0.4413	2.8406	-5075.320648	
Solyc05g013880.1.1	Solyc03g111780.1.1	7.1374	248.4	837.6	0.0554	0.4856	8.7659	-2624.504280	
Solyc05g013920.2.1	Solyc03g111730.2.1	4.5947	215.1	744.9	0.0297	0.1843	6.1961	-2045.251758	
Solyc05g014000.2.1	Solyc03g111690.2.1	2.8145	236.2	963.8	0.0304	0.1289	4.2407	-2417.878835	
Solyc05g014120.1.1	Solyc03g111620.1.1	2.1727	177.0	471.0	0.1153	0.2340	2.0286	-1437.200248	
Solyc05g014210.2.1	Solyc03g111550.2.1	6.1080	136.9	448.1	0.1084	0.6962	6.4217	-1493.767100	
Solyc05g014230.2.1	Solyc03g111510.2.1	2.2840	169.5	553.5	0.1398	0.3117	2.2292	-1638.441742	
Solyc05g014240.2.1	Solyc03g111540.1.1	7.1849	250.2	847.8	0.1089	0.8362	7.6767	-2836.784180	
Solyc05g013580.2.1	Solyc02g093430.2.1	1.9925	202.8	748.2	0.0667	0.1667	2.5000	-2007.707695	
Solyc05g013650.2.1	Solyc02g093470.2.1	2.2250	253.9	817.1	0.0876	0.2138	2.4401	-2329.346186	
Solyc05g013680.2.1	Solyc02g093500.2.1	50.0000	223.6	757.4	0.0076	0.5452	71.2882	-2447.430954	
Solyc03g111870.2.1	Solyc02g093520.2.1	2.4209	262.3	973.7	0.0648	0.1987	3.0652	-2692.573457	
Solyc09g091060.2.1	Solyc12g097060.1.1	1.3822	128.1	534.9	0.1639	0.2320	1.4159	-1284.187987	
Solyc09g091120.2.1	Solyc12g097070.1.1	1.0486	539.8	1785.2	0.3795	0.2534	0.6676	-4883.861010	
Solyc09g091210.2.1	Solyc12g097090.1.1	0.9980	111.4	419.6	0.0937	0.1098	1.1721	-1013.905914	
Solyc09g091260.2.1	Solyc12g098100.1.1	0.9251	286.3	1057.7	0.1749	0.1538	0.8794	-2736.725318	
Solyc09g090810.1.1	Solyc12g096990.1.1	1.0090	84.9	374.1	0.0919	0.1190	1.2946	-903.256505	
Solyc09g090910.1.1	Solyc12g096980.1.1	1.0969	103.7	430.3	0.4145	0.2869	0.6923	-1133.990298	
Solyc09g090920.2.1	Solyc12g096970.1.1	1.0945	222.1	701.9	0.1115	0.1251	1.1225	-1873.106814	
Solyc09g090970.2.1	Solyc12g096960.1.1	1.5119	90.3	371.7	0.1613	0.2500	1.5498	-954.893876	
Solyc09g090590.2.1	Solyc12g096930.1.1	1.2959	134.6	438.4	0.1724	0.2030	1.1776	-1221.230844	
Solyc09g090650.2.1	Solyc12g096940.1.1	1.6562	94.6	442.4	0.1668	0.2937	1.7605	-1184.794003	
Solyc09g090670.2.1	Solyc12g096950.1.1	0.9289	207.8	707.2	0.1969	0.1607	0.8164	-1855.279590	
Solyc09g091080.2.1	Solyc09g064200.2.1	1.8041	107.2	330.8	0.1029	0.1918	1.8647	-932.772535	
Solyc09g091090.1.1	Solyc09g064160.2.1	1.7755	241.7	889.3	0.0874	0.1831	2.0956	-2368.122466	
Solyc12g097080.1.1	Solyc09g063150.2.1	16.0741	142.6	505.4	0.0196	0.4465	22.7645	-1481.719182	
Solyc09g091260.2.1	Solyc09g061930.2.1	30.4400	247.3	1006.7	0.0158	0.7658	48.3355	-3210.086285	
Solyc12g098100.1.1	Solyc09g061930.2.1	11.4461	261.1	992.9	0.0478	0.7410	15.5069	-3206.704405	
Solyc09g010370.2.1	Solyc10g086310.1.1	18.4236	139.8	454.2	0.0263	0.6324	24.0405	-1503.323011	
Solyc09g010410.2.1	Solyc10g086360.1.1	1.1628	164.8	525.2	0.3632	0.2732	0.7521	-1497.312971	
Solyc09g010510.2.1	Solyc10g086390.1.1	0.8773	212.5	690.5	0.1099	0.1006	0.9158	-1739.017063	
Solyc09g010630.2.1	Solyc10g086410.2.1	0.6405	439.8	1468.2	0.0191	0.0166	0.8706	-3180.715908	
Solyc09g010640.2.1	Solyc10g086420.1.1	0.6191	307.7	1075.3	0.1030	0.0702	0.6821	-2555.720852	
Solyc09g010750.1.1	Solyc10g086460.1.1	0.9907	122.3	408.7	0.0546	0.0662	1.2129	-979.812878	
Solyc09g010780.2.1	Solyc10g086490.1.1	1.2800	355.2	1210.8	0.1436	0.1813	1.2629	-3291.737457	
Solyc09g010860.2.1	Solyc10g086520.1.1	1.3590	141.7	443.3	0.0738	0.1121	1.5192	-1182.710297	
Solyc09g010920.1.1	Solyc10g086530.1.1	0.9548	320.9	1095.1	0.1766	0.1547	0.8764	-2891.940142	
Solyc09g010950.2.1	Solyc10g086540.1.1	0.9253	270.5	944.5	0.2454	0.1831	0.7461	-2513.176140	
Solyc09g011080.2.1	Solyc10g086580.1.1	0.5500	303.0	930.0	0.1237	0.0669	0.5407	-2236.355006	
Solyc09g011130.1.1	Solyc10g086620.1.1	3.7714	160.3	607.7	0.0741	0.3486	4.7026	-1755.814796	
Solyc09g010390.2.1	Solyc10g084620.1.1	1.0879	123.0	492.0	0.0964	0.1262	1.3086	-1232.194772	
Solyc09g010460.2.1	Solyc10g084670.1.1	0.6712	661.1	2161.9	0.1246	0.0846	0.6788	-5301.617146	
Solyc09g010520.2.1	Solyc10g084690.1.1	0.9496	267.0	918.0	0.1325	0.1279	0.9653	-2336.426210	
Solyc09g010570.1.1	Solyc10g084720.1.1	1.8505	172.8	418.2	0.1409	0.2217	1.5734	-1291.320226	
Solyc09g010790.1.1	Solyc10g084750.1.1	1.5308	378.2	1373.8	0.3562	0.3671	1.0305	-4006.044150	
Solyc09g010830.2.1	Solyc10g084760.1.1	0.8215	1374.0	4494.0	0.2438	0.1586	0.6507	-11786.460844	
Solyc09g010850.2.1	Solyc10g084770.1.1	1.2697	253.8	817.2	0.2487	0.2466	0.9918	-2378.360916	
Solyc09g010530.2.1	Solyc02g021410.2.1	50.0000	414.9	1379.1	0.0131	0.9027	69.0572	-4612.340249	
Solyc09g010620.1.1	Solyc02g021360.2.1	9.8757	88.3	355.7	0.0706	0.9101	12.8873	-1133.112736	
Solyc09g010850.2.1	Solyc02g021180.1.1	6.3246	96.0	357.0	0.1137	0.7950	6.9897	-1165.438895	
Solyc10g084770.1.1	Solyc02g021180.1.1	6.9373	90.3	359.7	0.0939	0.7874	8.3851	-1156.959787	
Solyc09g010750.1.1	Solyc00g017210.1.1	1.8586	113.5	417.5	0.0425	0.1065	2.5073	-1055.869574	
Solyc10g086460.1.1	Solyc00g017210.1.1	1.4251	236.2	861.8	0.0311	0.0616	1.9833	-2070.480179	
Solyc09g010840.1.1	Solyc00g017220.1.1	5.5826	157.1	547.9	0.3389	1.2970	3.8271	-1862.114710	
Solyc09g010860.2.1	Solyc00g017230.1.1	4.7379	186.1	536.9	0.0357	0.1987	5.5631	-1592.084196	
Solyc10g086520.1.1	Solyc00g017230.1.1	3.2471	145.5	439.5	0.0341	0.1346	3.9461	-1229.811723	
Solyc05g005260.1.1	Solyc02g086810.1.1	6.9920	160.2	547.8	0.0897	0.7070	7.8836	-1779.926853	
Solyc05g005660.1.1	Solyc02g086960.2.1	3.9520	197.5	651.5	0.1446	0.5545	3.8338	-2100.236974	
Solyc05g005700.2.1	Solyc02g086970.2.1	2.9046	328.2	1024.8	0.0401	0.1422	3.5475	-2782.812211	
Solyc05g005720.2.1	Solyc02g087000.2.1	50.0000	540.3	1604.7	0.0068	0.4388	64.8580	-5172.295723	
Solyc05g005790.2.1	Solyc02g087040.1.1	4.5926	93.2	419.8	0.0255	0.1926	7.5553	-1091.505231	
Solyc05g005830.2.1	Solyc02g087050.2.1	50.0000	252.5	758.5	0.0093	0.6024	64.9202	-2473.712484	
Solyc05g006090.2.1	Solyc02g087130.2.1	2.9610	185.1	624.9	0.0897	0.2974	3.3146	-1850.754038	
Solyc05g006230.1.1	Solyc02g087190.1.1	3.7250	234.2	701.8	0.0816	0.3253	3.9878	-2178.549257	
Solyc05g006320.2.1	Solyc02g087220.2.1	2.6969	140.2	441.8	0.2513	0.5234	2.0829	-1448.330502	
Solyc05g006570.1.1	Solyc02g087460.1.1	7.1433	252.8	962.2	0.0359	0.3618	10.0679	-2853.800468	
Solyc05g005260.1.1	Solyc03g114350.1.1	9.9607	168.3	566.7	0.0535	0.6578	12.2843	-1800.711474	
Solyc02g086810.1.1	Solyc03g114350.1.1	15.9929	164.7	543.3	0.0234	0.4969	21.2709	-1719.865487	
Solyc05g005280.2.1	Solyc03g114360.2.1	4.4010	172.6	709.4	0.1136	0.5805	5.1110	-2168.454565	
Solyc02g086840.2.1	Solyc03g114320.2.1	2.1565	296.4	876.6	0.0673	0.1597	2.3727	-2421.349078	
Solyc02g086860.2.1	Solyc03g114290.2.1	5.6407	216.9	659.1	0.0929	0.5502	5.9216	-2169.840016	
Solyc05g005540.2.1	Solyc03g114240.2.1	50.0000	463.4	1396.6	0.0059	0.3894	65.7255	-4384.364233	
Solyc02g086920.1.1	Solyc03g114200.2.1	50.0000	176.5	465.5	0.0087	0.5172	59.2485	-1565.066482	
Solyc05g005670.1.1	Solyc03g114160.1.1	3.8145	312.0	936.0	0.0964	0.3802	3.9457	-2971.326816	
Solyc05g005700.2.1	Solyc03g114150.2.1	1.5784	331.6	1102.4	0.0569	0.1088	1.9133	-2851.153261	
Solyc02g086970.2.1	Solyc03g114150.2.1	3.6752	332.2	1020.8	0.0286	0.1311	4.5868	-2777.635289	
Solyc02g086990.2.1	Solyc03g114110.2.1	3.8731	306.1	956.9	0.0834	0.3522	4.2252	-2951.989318	
Solyc05g005790.2.1	Solyc03g114090.1.1	3.8640	85.1	391.9	0.0473	0.2804	5.9289	-1058.041993	
Solyc02g087040.1.1	Solyc03g114090.1.1	6.0284	96.1	380.9	0.0277	0.2489	8.9877	-1048.092986	
Solyc05g006020.2.1	Solyc03g114030.2.1	1.9379	409.0	1130.0	0.0670	0.1374	2.0512	-3183.813227	
Solyc05g006030.2.1	Solyc03g114020.2.1	4.0600	103.6	355.4	0.0871	0.4021	4.6148	-1076.406234	
Solyc02g087200.1.1	Solyc03g113870.1.1	11.8060	274.1	868.9	0.0229	0.3509	15.2987	-2709.874803	
Solyc05g006340.2.1	Solyc03g113850.1.1	4.9956	242.1	867.9	0.0610	0.3823	6.2637	-2610.135592	
Solyc05g006420.2.1	Solyc03g113720.2.1	50.0000	113.9	384.1	0.0034	0.2470	72.0644	-1106.676190	
Solyc05g006430.1.1	Solyc03g113710.2.1	4.1243	421.7	1489.3	0.0972	0.4508	4.6380	-4582.873243	
Solyc02g087310.2.1	Solyc03g113760.2.1	6.3930	242.4	855.6	0.0569	0.4578	8.0386	-2616.758513	
Solyc05g006500.2.1	Solyc03g113570.1.1	50.0000	167.3	471.7	0.0095	0.5863	61.9909	-1590.363580	
Solyc05g006550.2.1	Solyc03g113680.2.1	4.7027	418.2	1336.8	0.1010	0.5022	4.9733	-4333.518137	
Solyc03g114060.2.1	Solyc06g071350.2.1	0.9830	681.1	2126.9	0.2736	0.1993	0.7285	-5828.198862	
Solyc05g006020.2.1	Solyc06g071330.2.1	1.6339	398.6	1143.4	0.0745	0.1293	1.7360	-3158.585723	
Solyc03g114030.2.1	Solyc06g071330.2.1	0.6164	418.8	1120.2	0.1175	0.0675	0.5745	-2827.673830	
Solyc05g006030.2.1	Solyc06g071320.2.1	3.6353	92.4	342.6	0.0911	0.3886	4.2641	-1022.941271	
Solyc03g114020.2.1	Solyc06g071320.2.1	1.4425	95.5	357.5	0.1671	0.2344	1.4034	-987.093226	
Solyc03g114000.2.1	Solyc06g071310.2.1	0.8056	118.5	406.5	0.0651	0.0633	0.9724	-965.661424	
Solyc03g114330.2.1	Solyc06g071470.2.1	0.7325	280.7	886.3	0.2820	0.1514	0.5369	-2298.577402	
Solyc02g086860.2.1	Solyc06g071440.2.1	4.1437	218.6	660.4	0.1355	0.5339	3.9404	-2169.681786	
Solyc03g114290.2.1	Solyc06g071440.2.1	1.1229	216.5	650.5	0.2151	0.1958	0.9106	-1842.289419	
Solyc03g114280.2.1	Solyc06g071420.2.1	0.6324	308.4	801.6	0.1599	0.0857	0.5360	-2093.340380	
Solyc03g114210.2.1	Solyc06g071410.2.1	0.6129	218.7	660.3	0.0551	0.0388	0.7040	-1557.445322	
Solyc02g086920.1.1	Solyc06g071400.2.1	3.6780	184.3	463.7	0.1685	0.5101	3.0276	-1561.824073	
Solyc03g114200.2.1	Solyc06g071400.2.1	1.8293	189.2	482.8	0.1576	0.2434	1.5444	-1457.301992	
Solyc03g114130.1.1	Solyc06g071370.1.1	1.7587	92.3	297.7	0.1061	0.1958	1.8457	-849.016770	
Solyc05g005630.2.1	Solyc04g026200.2.1	1.0867	287.2	1011.8	0.2611	0.2228	0.8535	-2755.958137	
Solyc05g005710.2.1	Solyc04g026030.2.1	0.6415	224.5	681.5	0.1165	0.0743	0.6375	-1675.249047	
Solyc05g005750.2.1	Solyc04g025940.2.1	0.5668	547.8	1933.2	0.0782	0.0525	0.6706	-4428.675961	
Solyc05g005780.2.1	Solyc04g025870.2.1	0.5784	606.2	1811.8	0.1707	0.0869	0.5092	-4465.178780	
Solyc05g005870.2.1	Solyc04g025750.2.1	1.0811	255.0	798.0	0.2010	0.1836	0.9134	-2160.730061	
Solyc05g005490.2.1	Solyc02g067750.2.1	1.9517	181.4	577.6	0.1532	0.2803	1.8298	-1703.968155	
Solyc02g086820.2.1	Solyc02g067750.2.1	1.0787	187.6	571.4	0.1985	0.1800	0.9064	-1577.756767	
Solyc02g086850.1.1	Solyc02g067720.1.1	0.9821	209.8	792.2	0.2230	0.1893	0.8488	-2057.921134	
Solyc03g114180.2.1	Solyc02g067690.2.1	3.2950	313.6	859.4	0.1619	0.4606	2.8457	-2845.235723	
Solyc02g086940.2.1	Solyc02g067710.1.1	0.8939	203.8	603.2	0.2295	0.1613	0.7027	-1646.351351	
Solyc05g005790.2.1	Solyc02g067680.1.1	5.2202	90.6	422.4	0.0330	0.2820	8.5425	-1160.277337	
Solyc02g087040.1.1	Solyc02g067680.1.1	1.0175	103.1	409.9	0.2351	0.2051	0.8724	-1079.566215	
Solyc03g114090.1.1	Solyc02g067680.1.1	2.5159	105.5	371.5	0.1388	0.3536	2.5470	-1093.905421	
Solyc03g114270.1.1	Solyc01g101160.2.1	4.1492	125.4	417.6	0.1813	0.6771	3.7339	-1368.513750	
Solyc05g005660.1.1	Solyc01g101100.2.1	50.0000	233.0	826.0	0.0118	0.8585	72.7135	-2749.709923	
Solyc02g086960.2.1	Solyc01g101100.2.1	50.0000	189.4	701.6	0.0129	0.9669	74.8323	-2322.150049	
Solyc05g005830.2.1	Solyc01g100880.2.1	50.0000	237.9	782.1	0.0123	0.8461	68.6692	-2556.117194	
Solyc02g087050.2.1	Solyc01g100880.2.1	4.2793	251.2	783.8	0.2426	0.8116	3.3448	-2623.795418	
Solyc03g114010.1.1	Solyc01g100790.1.1	50.0000	282.9	1025.1	0.0087	0.6466	74.7232	-3251.330371	
Solyc05g005660.1.1	Solyc01g080520.2.1	5.8351	234.3	809.7	0.1526	0.8660	5.6740	-2702.493748	
Solyc02g086960.2.1	Solyc01g080520.2.1	5.4760	199.9	685.1	0.2308	1.0413	4.5122	-2309.310621	
Solyc03g114080.1.1	Solyc01g080770.2.1	7.9417	283.0	1007.0	0.1064	0.9316	8.7533	-3353.178870	
Solyc05g005910.2.1	Solyc01g080870.2.1	50.0000	395.0	1255.0	0.0128	0.8595	66.8912	-4236.550215	
Solyc03g114010.1.1	Solyc01g081020.1.1	50.0000	289.5	1117.5	0.0075	0.5931	78.7236	-3499.406495	
Solyc05g005330.2.1	Solyc08g074250.1.1	5.8100	308.2	936.8	0.1054	0.6245	5.9254	-3066.370407	
Solyc05g005660.1.1	Solyc08g069180.2.1	7.0207	232.0	797.0	0.1168	0.8654	7.4072	-2675.489032	
Solyc02g086960.2.1	Solyc08g069180.2.1	50.0000	201.9	683.1	0.0148	1.0306	69.5852	-2326.849877	
Solyc02g086990.2.1	Solyc08g069140.2.1	50.0000	320.4	951.6	0.0046	0.2981	65.2813	-2918.459201	
Solyc10g083190.1.1	Solyc06g074190.2.1	3.7053	332.9	1110.1	0.1598	0.5581	3.4928	-3509.842472	
Solyc10g083250.1.1	Solyc06g074230.2.1	3.6634	159.2	389.8	0.0831	0.2908	3.4984	-1229.345675	
Solyc10g083400.1.1	Solyc06g074420.1.1	5.3151	292.0	1100.0	0.0357	0.2655	7.4454	-3088.911122	
Solyc10g083500.1.1	Solyc06g074480.2.1	2.4059	333.7	1022.3	0.0849	0.2195	2.5862	-3022.799274	
Solyc10g083670.1.1	Solyc06g074630.2.1	1.9644	384.2	1184.8	0.0778	0.1679	2.1565	-3299.855524	
Solyc10g083880.1.1	Solyc06g074820.2.1	50.0000	219.9	494.1	0.0026	0.1401	53.7972	-1471.222642	
Solyc10g084050.1.1	Solyc06g074980.2.1	2.7662	274.3	997.7	0.0039	0.0163	4.2171	-2231.404497	
Solyc10g084150.1.1	Solyc06g075090.2.1	1.4965	126.4	440.6	0.0475	0.0912	1.9195	-1102.407219	
Solyc10g084180.1.1	Solyc06g075250.2.1	3.0449	247.9	982.1	0.1136	0.3945	3.4733	-2868.505661	
Solyc10g084340.1.1	Solyc06g075510.2.1	3.8569	232.9	862.1	0.0767	0.3610	4.7087	-2592.153576	
Solyc10g084550.1.1	Solyc06g075600.2.1	50.0000	366.7	1169.3	0.0075	0.5081	68.1962	-3743.870162	
Solyc10g084720.1.1	Solyc06g075970.2.1	3.5198	553.0	1691.0	0.1691	0.5308	3.1380	-5498.071739	
Solyc09g061620.2.1	Solyc06g083530.2.1	0.5417	177.5	482.5	0.0803	0.0443	0.5512	-1141.956429	
Solyc09g061710.2.1	Solyc06g083540.2.1	1.0819	150.2	518.8	0.1849	0.1812	0.9801	-1382.291298	
Solyc09g061730.1.1	Solyc06g083560.2.1	3.3407	106.4	376.6	0.1072	0.3928	3.6634	-1079.699094	
Solyc09g061890.2.1	Solyc06g083580.2.1	0.9014	260.3	924.7	0.0959	0.0978	1.0202	-2313.588493	
Solyc09g063020.2.1	Solyc06g083630.2.1	0.5267	212.1	576.9	0.0689	0.0379	0.5500	-1388.961993	
Solyc09g063060.2.1	Solyc06g083650.2.1	1.1014	210.7	788.3	0.1292	0.1516	1.1734	-2036.647394	
Solyc09g063080.1.1	Solyc06g083660.2.1	0.8522	431.7	1335.3	0.3662	0.1997	0.5452	-3642.522697	
Solyc09g064160.2.1	Solyc06g083700.2.1	0.8982	247.7	883.3	0.0705	0.0771	1.0922	-2104.596945	
Solyc09g060080.2.1	Solyc06g083420.1.1	0.9346	1304.5	4188.5	0.3641	0.2202	0.6048	-11536.372582	
Solyc09g061290.2.1	Solyc06g083460.2.1	0.5257	295.1	979.9	0.0735	0.0447	0.6086	-2267.137763	
Solyc09g061330.1.1	Solyc06g083500.2.1	1.6541	225.6	884.4	0.1304	0.2340	1.7952	-2406.445415	
Solyc09g061430.2.1	Solyc06g083520.2.1	0.6885	280.1	1009.9	0.0905	0.0721	0.7967	-2371.127380	
Solyc09g061700.2.1	Solyc06g007970.2.1	1.1062	189.9	650.1	0.0811	0.1036	1.2768	-1605.281830	
Solyc09g061860.2.1	Solyc06g007980.2.1	0.7443	412.4	1285.6	0.1874	0.1208	0.6449	-3290.528913	
Solyc09g063010.2.1	Solyc06g008030.2.1	1.6054	235.1	652.9	0.2707	0.3123	1.1539	-2016.356148	
Solyc09g063030.2.1	Solyc06g008040.2.1	0.6260	1034.9	3216.1	0.1482	0.0870	0.5868	-7941.582088	
Solyc09g064160.2.1	Solyc06g008050.2.1	0.8656	227.6	903.4	0.0794	0.0866	1.0904	-2106.760455	
Solyc06g083700.2.1	Solyc06g008050.2.1	0.8970	234.8	896.2	0.0844	0.0919	1.0895	-2133.758194	
Solyc08g074920.1.1	Solyc08g005810.1.1	2.0904	213.7	878.3	0.1595	0.3431	2.1509	-2472.393696	
Solyc08g074950.1.1	Solyc08g005790.2.1	3.3354	173.7	747.3	0.1300	0.4915	3.7808	-2196.811882	
Solyc08g075240.2.1	Solyc08g005630.2.1	0.9348	297.6	1088.4	0.1469	0.1387	0.9441	-2714.175491	
Solyc08g075320.2.1	Solyc08g005610.2.1	0.8343	319.0	992.0	0.0904	0.0807	0.8921	-2476.669462	
Solyc08g075430.2.1	Solyc08g005580.2.1	0.8651	471.5	1322.5	0.0997	0.0855	0.8573	-3477.466073	
Solyc08g075520.2.1	Solyc08g005560.2.1	0.7335	339.9	1004.1	0.1643	0.1069	0.6510	-2590.198687	
Solyc08g075540.2.1	Solyc08g005550.2.1	1.4971	232.2	754.8	0.1280	0.1917	1.4981	-2077.564210	
Solyc08g069010.2.1	Solyc08g006170.1.1	50.0000	308.8	978.2	0.0237	1.5331	64.6113	-3414.559221	
Solyc08g069180.2.1	Solyc08g006140.1.1	1.5938	240.1	827.9	0.2455	0.3142	1.2797	-2447.218273	
Solyc08g074240.2.1	Solyc08g006040.2.1	0.4598	183.9	563.1	0.0089	0.0054	0.6061	-1230.371781	
Solyc08g074400.1.1	Solyc08g006000.2.1	1.0443	142.3	403.7	0.1678	0.1518	0.9048	-1126.856057	
Solyc08g074660.1.1	Solyc08g005930.1.1	1.3208	284.9	765.1	0.1645	0.1852	1.1254	-2227.007515	
Solyc08g069180.2.1	Solyc05g025820.2.1	6.4351	235.5	802.5	0.1113	0.7627	6.8552	-2637.832343	
Solyc08g006140.1.1	Solyc05g025820.2.1	5.3052	227.3	813.7	0.1599	0.8237	5.1501	-2674.457585	
Solyc08g074250.1.1	Solyc05g025940.1.1	50.0000	162.4	506.6	0.0228	1.4609	64.1018	-1753.472429	
Solyc04g080650.2.1	Solyc02g084930.2.1	50.0000	280.8	973.2	0.0060	0.4349	72.9307	-3000.262966	
Solyc04g080680.2.1	Solyc02g084900.2.1	5.4315	262.1	808.9	0.0534	0.3392	6.3510	-2420.877643	
Solyc04g080710.2.1	Solyc02g084880.2.1	50.0000	162.4	641.6	0.0110	0.8729	79.0602	-2037.851105	
Solyc04g080730.2.1	Solyc02g084870.2.1	4.2372	228.1	818.9	0.0185	0.1123	6.0788	-2127.679771	
Solyc04g080760.2.1	Solyc02g084780.2.1	5.5313	208.5	733.5	0.0402	0.2932	7.2973	-2161.177327	
Solyc04g080810.2.1	Solyc02g084760.2.1	1.4136	123.4	359.6	0.0334	0.0561	1.6809	-894.005753	
Solyc04g080830.2.1	Solyc02g084830.2.1	47.6797	281.8	1065.2	0.0094	0.6886	73.3743	-3389.440567	
Solyc04g080840.1.1	Solyc02g084720.2.1	2.4201	492.0	1620.0	0.0636	0.1820	2.8635	-4484.532207	
Solyc04g080970.2.1	Solyc02g084680.2.1	3.7833	138.9	524.1	0.0639	0.3098	4.8494	-1514.264580	
Solyc04g081000.2.1	Solyc02g084630.2.1	2.9019	140.9	477.1	0.1623	0.4445	2.7380	-1451.024838	
Solyc04g081080.1.1	Solyc02g084600.2.1	50.0000	118.7	445.3	0.0111	0.8472	76.0403	-1470.050625	
Solyc12g099230.1.1	Solyc01g066360.2.1	50.0000	219.6	758.4	0.0119	0.8491	71.2961	-2479.211727	
Solyc12g099440.1.1	Solyc01g066620.2.1	1.1096	186.7	575.3	0.1945	0.1836	0.9440	-1578.670298	
Solyc12g099450.1.1	Solyc01g066640.2.1	1.3999	196.7	781.3	0.2238	0.2749	1.2281	-2106.800354	
Solyc12g099470.1.1	Solyc01g066690.2.1	0.5237	351.1	1040.9	0.0210	0.0137	0.6516	-2324.053370	
Solyc12g099480.1.1	Solyc01g066700.2.1	0.8894	121.1	352.9	0.0271	0.0292	1.0751	-826.330103	
Solyc12g099510.1.1	Solyc01g066770.2.1	0.7549	132.3	620.7	0.1678	0.1345	0.8012	-1473.674283	
Solyc12g099520.1.1	Solyc01g066810.2.1	1.3840	97.4	364.6	0.1842	0.2385	1.2951	-986.075166	
Solyc12g099530.1.1	Solyc01g066830.2.1	1.1536	306.1	1163.9	0.2465	0.2350	0.9532	-3117.973377	
Solyc12g099540.1.1	Solyc01g066820.2.1	0.6859	375.1	1307.9	0.1409	0.0969	0.6879	-3196.258198	
Solyc12g099580.1.1	Solyc01g066850.2.1	0.9650	275.3	756.7	0.1553	0.1312	0.8452	-2043.890766	
Solyc12g099600.1.1	Solyc01g066870.2.1	1.2781	212.4	714.6	0.1960	0.2196	1.1205	-1988.909642	
Solyc11g071920.1.1	Solyc06g073960.2.1	0.5803	209.6	666.4	0.0457	0.0323	0.7058	-1531.194987	
Solyc11g071940.1.1	Solyc06g073940.2.1	3.1277	70.3	367.7	0.1161	0.4690	4.0409	-1019.076462	
Solyc11g072030.1.1	Solyc06g073660.2.1	1.5392	118.4	346.6	0.2846	0.3128	1.0991	-1046.189459	
Solyc11g072050.1.1	Solyc06g073650.1.1	0.7690	362.3	1245.7	0.2096	0.1386	0.6612	-3152.166745	
Solyc11g072060.1.1	Solyc06g073640.2.1	2.3605	165.9	584.1	0.5134	0.6505	1.2670	-1866.549930	
Solyc11g072160.1.1	Solyc06g073600.2.1	0.8242	409.8	1213.2	0.3687	0.1918	0.5202	-3333.932802	
Solyc11g071640.1.1	Solyc06g073740.2.1	1.1266	474.5	1394.5	0.1085	0.1217	1.1215	-3733.473731	
Solyc11g071690.1.1	Solyc06g073810.2.1	0.8092	132.5	515.5	0.2259	0.1586	0.7022	-1259.778459	
Solyc11g071700.1.1	Solyc06g073820.1.1	0.7652	689.1	2355.9	0.2568	0.1541	0.6001	-6043.799982	
Solyc11g071850.1.1	Solyc06g073970.1.1	1.1705	208.5	739.5	0.0884	0.1194	1.3508	-1890.501077	
Solyc06g068040.2.1	Solyc03g116500.2.1	1.3866	273.8	881.2	0.2215	0.2521	1.1382	-2520.126981	
Solyc06g068090.2.1	Solyc03g116620.2.1	0.8340	525.2	1847.8	0.1148	0.1027	0.8947	-4574.396452	
Solyc06g068140.2.1	Solyc03g116680.2.1	4.4122	221.4	708.6	0.1138	0.5155	4.5282	-2169.833906	
Solyc06g068150.2.1	Solyc03g116740.2.1	1.2744	209.0	646.0	0.1593	0.1855	1.1646	-1808.674020	
Solyc06g068360.2.1	Solyc03g117130.2.1	1.5431	77.5	291.5	0.2802	0.3341	1.1921	-830.723550	
Solyc06g068380.2.1	Solyc03g117100.2.1	1.1915	126.7	479.3	0.1930	0.2119	1.0982	-1308.647884	
Solyc06g068400.2.1	Solyc03g117060.2.1	0.8026	183.0	546.0	0.1108	0.0888	0.8009	-1378.592615	
Solyc06g068410.2.1	Solyc03g117030.1.1	1.5167	137.9	594.1	0.0425	0.0965	2.2683	-1403.950607	
Solyc06g068430.2.1	Solyc03g116920.1.1	4.3045	455.9	1584.1	0.2565	0.8707	3.3950	-5166.414448	
Solyc06g068440.2.1	Solyc03g116910.2.1	0.8618	239.3	675.7	0.0587	0.0553	0.9421	-1705.331635	
Solyc06g068460.2.1	Solyc03g116890.2.1	2.4070	164.7	633.3	0.1832	0.4177	2.2807	-1859.806806	
Solyc06g068120.2.1	Solyc06g066050.2.1	1.8838	81.1	305.9	0.1427	0.2780	1.9487	-878.778189	
Solyc06g068360.2.1	Solyc06g065820.2.1	1.9462	68.1	315.9	0.1666	0.3437	2.0635	-877.450813	
Solyc03g117130.2.1	Solyc06g065820.2.1	2.4439	73.3	295.7	0.1392	0.3656	2.6258	-856.919852	
Solyc03g117080.2.1	Solyc06g065800.2.1	2.5938	148.7	469.3	0.1624	0.3857	2.3755	-1444.602895	
Solyc06g068430.2.1	Solyc06g065710.2.1	35.1339	434.1	1533.9	0.0158	0.7941	50.2922	-4935.246506	
Solyc03g116920.1.1	Solyc06g065710.2.1	50.0000	510.3	1826.7	0.0143	1.0402	72.6008	-6022.013729	
Solyc11g010310.1.1	Solyc04g014210.2.1	0.8818	471.7	1523.3	0.1774	0.1402	0.7902	-4020.857113	
Solyc11g010330.1.1	Solyc04g014220.1.1	1.6461	73.2	439.8	0.1491	0.3025	2.0291	-1119.973035	
Solyc11g010360.1.1	Solyc04g014230.1.1	1.4195	141.4	485.6	0.1316	0.1902	1.4451	-1342.597142	
Solyc11g010440.1.1	Solyc04g014250.2.1	1.0196	164.6	471.4	0.1762	0.1538	0.8726	-1282.224851	
Solyc11g010450.1.1	Solyc04g014270.2.1	0.5265	308.5	1014.5	0.0877	0.0512	0.5841	-2337.596986	
Solyc11g010590.1.1	Solyc04g014370.2.1	1.6290	91.8	301.2	0.3719	0.3893	1.0470	-908.669340	
Solyc11g010630.2.1	Solyc04g014380.2.1	1.1697	573.4	1970.6	0.2844	0.2488	0.8748	-5352.180832	
Solyc11g010700.1.1	Solyc04g014410.2.1	50.0000	164.7	603.3	0.0132	0.9757	74.1383	-2002.937908	
Solyc11g010100.1.1	Solyc04g012180.2.1	0.9061	158.2	459.8	0.0267	0.0293	1.0947	-1090.673930	
Solyc11g010130.1.1	Solyc04g012160.2.1	1.2306	101.7	366.3	0.0687	0.1039	1.5130	-902.005860	
Solyc11g010200.1.1	Solyc04g012120.2.1	1.0436	154.7	586.3	0.0340	0.0502	1.4761	-1363.880615	
Solyc08g062180.1.1	Solyc07g041290.1.1	6.9836	165.9	659.1	0.0487	0.4726	9.6986	-1962.749221	
Solyc08g062190.2.1	Solyc07g041280.2.1	1.7784	195.5	629.5	0.0561	0.1188	2.1195	-1667.606035	
Solyc08g062500.2.1	Solyc07g041180.2.1	3.2290	670.3	2317.7	0.1625	0.4993	3.0716	-7218.066624	
Solyc08g062650.2.1	Solyc07g040990.2.1	4.6175	172.0	593.0	0.0956	0.4920	5.1484	-1853.228067	
Solyc08g062680.1.1	Solyc07g040960.1.1	2.0215	100.8	349.2	0.0612	0.1520	2.4817	-922.788465	
Solyc08g062800.2.1	Solyc07g040750.1.1	1.5846	277.6	904.4	0.0274	0.0566	2.0650	-2203.017863	
Solyc08g062930.1.1	Solyc07g040710.2.1	5.3067	209.2	723.8	0.0553	0.3660	6.6240	-2176.469673	
Solyc08g062960.2.1	Solyc07g040680.2.1	4.7696	168.7	599.3	0.0903	0.4948	5.4807	-1839.438694	
Solyc08g063070.2.1	Solyc07g039510.2.1	3.6829	99.9	308.1	0.0736	0.3009	4.0865	-909.417095	
Solyc05g052270.1.1	Solyc06g082440.1.1	50.0000	206.4	603.6	0.0052	0.3329	64.4449	-1862.540751	
Solyc05g052280.2.1	Solyc06g082420.2.1	50.0000	174.5	719.5	0.0031	0.2597	84.3122	-1979.369836	
Solyc05g052320.2.1	Solyc06g082230.2.1	5.2989	568.0	1646.0	0.1679	0.7777	4.6312	-5669.439522	
Solyc05g052340.2.1	Solyc06g082240.2.1	4.4629	393.3	1259.7	0.0440	0.2413	5.4798	-3672.686527	
Solyc05g052520.2.1	Solyc06g082080.2.1	6.1208	187.7	613.3	0.0399	0.3074	7.7018	-1843.969599	
Solyc05g052570.2.1	Solyc06g082010.2.1	4.0840	125.4	447.6	0.0547	0.2848	5.2029	-1315.505082	
Solyc05g052700.2.1	Solyc06g076850.2.1	7.0585	149.1	591.9	0.0596	0.5632	9.4547	-1827.820702	
Solyc05g052870.2.1	Solyc06g076550.2.1	3.5592	258.3	974.7	0.1852	0.6174	3.3341	-3057.268997	
Solyc05g052900.2.1	Solyc06g076450.2.1	5.1882	147.6	473.4	0.0156	0.1084	6.9292	-1243.492384	
Solyc05g052980.2.1	Solyc06g076400.2.1	6.4231	185.8	624.2	0.0236	0.2043	8.6462	-1769.529964	
Solyc05g053090.1.1	Solyc06g076280.1.1	3.5085	314.1	1101.9	0.1029	0.3986	3.8736	-3379.290822	
Solyc05g052430.1.1	Solyc06g007170.2.1	5.2279	219.5	866.5	0.1115	0.6675	5.9860	-2692.918897	
Solyc06g082090.2.1	Solyc06g007200.2.1	0.5823	232.4	709.6	0.0347	0.0247	0.7113	-1580.094885	
Solyc05g052520.2.1	Solyc06g007190.2.1	50.0000	182.7	618.3	0.0045	0.3234	71.9792	-1832.169837	
Solyc06g082080.2.1	Solyc06g007190.2.1	1.0743	177.3	623.7	0.1893	0.1838	0.9711	-1662.698291	
Solyc06g082070.2.1	Solyc06g007170.2.1	1.6933	241.7	832.3	0.1631	0.2619	1.6062	-2369.575846	
Solyc06g082000.2.1	Solyc06g007120.2.1	13.6335	374.0	1261.0	0.0176	0.3295	18.7581	-3753.345125	
Solyc06g076910.1.1	Solyc06g005880.2.1	50.0000	212.4	699.6	0.0089	0.6190	69.5134	-2295.029972	
Solyc05g052760.2.1	Solyc06g007120.2.1	3.7111	378.0	1323.0	0.0470	0.2247	4.7808	-3711.697075	
Solyc05g052900.2.1	Solyc06g005810.2.1	3.3951	146.3	474.7	0.0235	0.1048	4.4651	-1235.457215	
Solyc06g076450.2.1	Solyc06g005810.2.1	0.5951	157.1	463.9	0.0656	0.0431	0.6568	-1109.524221	
Solyc06g076430.2.1	Solyc06g005800.2.1	0.6175	168.1	683.9	0.0287	0.0268	0.9340	-1460.209414	
Solyc06g076410.2.1	Solyc06g005750.2.1	0.6855	198.0	558.0	0.1545	0.0939	0.6078	-1422.732928	
Solyc06g076350.2.1	Solyc06g005680.2.1	2.2245	139.7	535.3	0.1670	0.3648	2.1846	-1577.807936	
Solyc06g076340.2.1	Solyc06g005670.2.1	0.6122	338.3	1224.7	0.0987	0.0686	0.6945	-2860.018687	
Solyc05g052430.1.1	Solyc06g051350.2.1	50.0000	241.7	868.3	0.0071	0.5277	74.6426	-2686.887991	
Solyc05g052580.2.1	Solyc06g051520.2.1	0.9445	250.3	667.7	0.1919	0.1466	0.7637	-1866.536556	
Solyc05g052590.1.1	Solyc06g051540.2.1	1.5671	244.1	757.9	0.2687	0.3141	1.1691	-2298.730943	
Solyc05g052760.2.1	Solyc06g051620.2.1	0.9670	390.7	1268.3	0.1874	0.1595	0.8511	-3352.529412	
Solyc06g082000.2.1	Solyc06g051620.2.1	11.0369	376.8	1240.2	0.0233	0.3423	14.6619	-3731.949827	
Solyc06g007120.2.1	Solyc06g051620.2.1	3.0286	374.2	1278.8	0.0660	0.2402	3.6389	-3625.566648	
Solyc06g076970.2.1	Solyc06g051650.2.1	1.4986	119.2	366.8	0.0498	0.0879	1.7655	-939.772660	
Solyc05g052510.2.1	Solyc03g096000.2.1	0.3953	1203.7	3896.3	0.0414	0.0204	0.4924	-8437.539112	
Solyc06g082070.2.1	Solyc03g096030.2.1	7.8874	243.9	851.1	0.0785	0.7273	9.2664	-2788.554552	
Solyc06g082000.2.1	Solyc03g096070.2.1	4.4563	375.1	1265.9	0.0809	0.4131	5.1048	-3877.814059	
Solyc06g076910.1.1	Solyc03g096190.1.1	3.7649	314.8	1026.2	0.1226	0.4683	3.8194	-3256.201610	
Solyc06g076770.2.1	Solyc03g096350.2.1	50.0000	105.9	458.1	0.0046	0.4033	87.0512	-1314.275375	
Solyc02g084230.1.1	Solyc01g110470.2.1	3.0301	166.6	541.4	0.1515	0.4357	2.8766	-1694.136745	
Solyc02g084390.2.1	Solyc01g110380.2.1	2.7796	467.6	1710.4	0.1914	0.4859	2.5383	-5322.009812	
Solyc02g084440.2.1	Solyc01g110360.2.1	1.2948	297.7	797.3	0.0257	0.0382	1.4853	-2030.481665	
Solyc02g084560.2.1	Solyc01g110320.2.1	3.0392	139.9	499.1	0.0601	0.2291	3.8098	-1421.798960	
Solyc02g084590.2.1	Solyc01g110310.2.1	3.4656	177.6	527.4	0.1677	0.5133	3.0614	-1737.037864	
Solyc02g084680.2.1	Solyc01g110140.2.1	4.3788	108.1	434.9	0.0750	0.4223	5.6339	-1289.590942	
Solyc02g084830.2.1	Solyc01g110010.2.1	50.0000	274.5	1018.5	0.0090	0.6860	75.9666	-3237.575083	
Solyc02g085090.1.1	Solyc01g109750.2.1	9.7817	105.5	422.5	0.2758	2.1383	7.7539	-1359.531384	
Solyc02g085180.2.1	Solyc01g109720.2.1	2.5763	192.9	620.1	0.1379	0.3459	2.5078	-1883.932092	
Solyc02g085240.2.1	Solyc01g109640.2.1	8.8266	114.5	305.5	0.0188	0.1933	10.2738	-884.392323	
Solyc02g085430.2.1	Solyc01g109530.2.1	4.2978	213.1	899.9	0.0569	0.3434	6.0319	-2569.359557	
Solyc08g078300.2.1	Solyc06g060830.2.1	1.3070	147.1	551.9	0.1592	0.2063	1.2961	-1517.160271	
Solyc08g078490.2.1	Solyc06g060770.2.1	0.8121	182.8	627.2	0.1986	0.1417	0.7134	-1610.790036	
Solyc08g078540.2.1	Solyc06g060750.2.1	0.7503	318.1	1073.9	0.1867	0.1253	0.6712	-2747.213795	
Solyc08g078590.1.1	Solyc06g060740.1.1	1.5926	145.4	541.6	0.1868	0.2763	1.4794	-1498.848051	
Solyc08g078650.2.1	Solyc06g060710.2.1	0.9258	328.2	823.8	0.1705	0.1293	0.7585	-2301.953917	
Solyc08g078760.1.1	Solyc06g060660.1.1	14.9285	388.9	1099.1	0.0316	0.5531	17.4778	-3664.946142	
Solyc08g078880.2.1	Solyc06g060630.1.1	1.0932	597.6	1697.4	0.1632	0.1561	0.9562	-4657.062907	
Solyc08g077900.2.1	Solyc06g060970.1.1	3.6031	138.2	545.8	0.0806	0.3634	4.5085	-1577.674594	
Solyc08g077940.1.1	Solyc06g060960.1.1	0.6356	88.9	373.1	0.1166	0.0862	0.7391	-859.079771	
Solyc08g077960.2.1	Solyc06g060940.1.1	0.6557	381.0	1203.0	0.2689	0.1322	0.4914	-3081.309084	
Solyc08g078040.2.1	Solyc06g060880.2.1	0.8650	163.0	518.0	0.1782	0.1371	0.7691	-1348.026577	
Solyc07g052300.2.1	Solyc12g005890.1.1	3.5339	140.3	582.7	0.4457	0.9490	2.1293	-1829.265878	
Solyc07g052320.2.1	Solyc12g005880.1.1	0.8647	246.0	744.0	0.0778	0.0731	0.9390	-1841.116215	
Solyc07g052350.2.1	Solyc12g005860.1.1	0.5538	698.9	2229.1	0.0932	0.0555	0.5962	-5283.610409	
Solyc07g052380.2.1	Solyc12g005850.1.1	0.9665	401.9	1020.1	0.1231	0.1069	0.8685	-2780.396096	
Solyc07g052410.2.1	Solyc12g005840.1.1	0.9750	175.4	586.6	0.1592	0.1467	0.9213	-1531.527994	
Solyc07g052460.2.1	Solyc12g005820.1.1	1.3070	79.3	406.7	0.2620	0.2985	1.1394	-1001.597841	
Solyc07g052510.2.1	Solyc12g005790.1.1	7.8875	190.7	748.3	0.0318	0.3658	11.5125	-2172.683471	
Solyc07g052560.1.1	Solyc12g005780.1.1	0.8534	147.6	428.4	0.2638	0.1659	0.6288	-1180.667308	
Solyc07g052600.2.1	Solyc12g005760.1.1	0.6798	203.1	591.9	0.1757	0.1031	0.5866	-1518.090013	
Solyc07g052630.1.1	Solyc12g005730.1.1	17.2349	261.7	1073.3	0.0160	0.4411	27.4995	-3166.929158	
Solyc06g071310.2.1	Solyc03g114000.2.1	0.8056	118.5	406.5	0.0651	0.0633	0.9724	-965.661424	
Solyc06g071320.2.1	Solyc03g114020.2.1	1.4425	95.5	357.5	0.1671	0.2344	1.4034	-987.093226	
Solyc06g071330.2.1	Solyc03g114030.2.1	0.6164	418.8	1120.2	0.1175	0.0675	0.5745	-2827.673830	
Solyc06g071350.2.1	Solyc03g114060.2.1	0.9830	681.1	2126.9	0.2736	0.1993	0.7285	-5828.198862	
Solyc06g071370.1.1	Solyc03g114130.1.1	1.7587	92.3	297.7	0.1061	0.1958	1.8457	-849.016770	
Solyc06g071400.2.1	Solyc03g114200.2.1	1.8293	189.2	482.8	0.1576	0.2434	1.5444	-1457.301992	
Solyc06g071410.2.1	Solyc03g114210.2.1	0.6129	218.7	660.3	0.0551	0.0388	0.7040	-1557.445322	
Solyc06g071420.2.1	Solyc03g114280.2.1	0.6324	308.4	801.6	0.1599	0.0857	0.5360	-2093.340380	
Solyc06g071440.2.1	Solyc03g114290.2.1	1.1229	216.5	650.5	0.2151	0.1958	0.9106	-1842.289419	
Solyc06g071470.2.1	Solyc03g114330.2.1	0.7325	280.7	886.3	0.2820	0.1514	0.5369	-2298.577402	
Solyc09g010570.1.1	Solyc06g075970.2.1	2.2520	167.5	420.5	0.2836	0.4366	1.5393	-1406.057009	
Solyc09g010630.2.1	Solyc06g076020.2.1	1.5931	471.8	1448.2	0.0191	0.0389	2.0415	-3442.173737	
Solyc09g010690.2.1	Solyc06g076050.2.1	3.0657	303.0	1017.0	0.0744	0.2651	3.5625	-2964.219314	
Solyc09g010750.1.1	Solyc06g076090.2.1	3.1980	106.0	425.0	0.0129	0.0657	5.0785	-985.259902	
Solyc09g010780.2.1	Solyc06g076100.2.1	4.8224	345.3	1220.7	0.0434	0.2741	6.3205	-3538.265067	
Solyc09g010790.1.1	Solyc06g076130.2.1	5.6651	363.4	1388.6	0.1586	0.8991	5.6688	-4451.878453	
Solyc09g010860.2.1	Solyc06g076220.2.1	1.4832	175.1	547.9	0.1455	0.2041	1.4027	-1575.876091	
Solyc09g010920.1.1	Solyc06g076280.1.1	4.5156	318.9	1100.1	0.0727	0.3893	5.3555	-3386.063664	
Solyc09g010940.2.1	Solyc06g076300.2.1	1.7096	134.7	447.3	0.1523	0.2491	1.6355	-1282.534900	
Solyc09g010990.2.1	Solyc06g076330.2.1	2.8434	367.2	1282.8	0.0491	0.1784	3.6359	-3482.009916	
Solyc12g042880.1.1	Solyc06g067970.1.1	1.5737	96.2	335.8	0.1741	0.2551	1.4652	-949.137496	
Solyc12g042890.1.1	Solyc06g067950.2.1	0.5876	194.9	567.1	0.1260	0.0706	0.5603	-1416.541239	
Solyc12g042900.1.1	Solyc06g067940.2.1	0.7700	142.1	352.9	0.2166	0.1259	0.5813	-964.488596	
Solyc12g042920.1.1	Solyc06g067920.2.1	0.4701	213.5	590.5	0.0283	0.0155	0.5472	-1335.428027	
Solyc12g042930.1.1	Solyc06g067910.2.1	1.0488	255.9	824.1	0.1076	0.1179	1.0958	-2148.329674	
Solyc12g042980.1.1	Solyc06g066830.2.1	7.5924	176.0	733.0	0.0485	0.5270	10.8772	-2172.428278	
Solyc12g043150.1.1	Solyc06g066690.2.1	1.9922	173.6	720.4	0.3854	0.5070	1.3156	-2119.944555	
Solyc12g044270.1.1	Solyc06g066650.2.1	0.7540	316.0	1004.0	0.2260	0.1381	0.6112	-2586.678726	
Solyc12g044330.1.1	Solyc06g066560.1.1	1.0674	221.1	504.9	0.0594	0.0611	1.0288	-1332.779351	
Solyc12g044420.1.1	Solyc06g066500.1.1	50.0000	103.3	313.7	0.0051	0.3364	66.2422	-980.408141	
Solyc06g066540.1.1	Solyc03g120840.1.1	5.1162	113.2	378.8	0.0454	0.2923	6.4342	-1115.447494	
Solyc12g044410.1.1	Solyc03g120910.2.1	0.5606	595.3	1834.7	0.0952	0.0561	0.5898	-4398.706051	
Solyc12g044420.1.1	Solyc03g120930.1.1	50.0000	105.3	311.7	0.0058	0.3761	64.8678	-1003.755282	
Solyc06g066500.1.1	Solyc03g120930.1.1	2.0626	108.4	311.6	0.3245	0.4473	1.3783	-1011.204108	
Solyc06g066670.2.1	Solyc03g120790.1.1	3.3911	141.1	497.9	0.3284	0.7786	2.3711	-1600.922247	
Solyc12g044220.1.1	Solyc03g120770.2.1	0.8818	712.3	2200.7	0.2549	0.1714	0.6725	-5966.835958	
Solyc12g044230.1.1	Solyc03g120730.2.1	0.7555	365.3	1005.7	0.2400	0.1366	0.5691	-2678.820481	
Solyc12g044250.1.1	Solyc03g120670.2.1	2.7548	238.0	698.0	0.0456	0.1452	3.1858	-1956.984869	
Solyc12g044270.1.1	Solyc03g120650.2.1	1.0984	331.7	1069.3	0.1815	0.1771	0.9756	-2877.125178	
Solyc06g066650.2.1	Solyc03g120650.2.1	1.0608	296.6	1023.4	0.1652	0.1656	1.0025	-2691.528664	
Solyc06g066590.2.1	Solyc03g120600.2.1	1.3901	109.6	334.4	0.1622	0.2037	1.2559	-958.756165	
Solyc12g044310.1.1	Solyc08g066940.2.1	4.0383	335.7	1134.3	0.1038	0.4529	4.3642	-3501.361617	
Solyc12g044330.1.1	Solyc08g066840.2.1	50.0000	197.9	510.1	0.0068	0.3983	58.5979	-1649.917430	
Solyc06g066560.1.1	Solyc08g066840.2.1	16.2453	189.4	521.6	0.0207	0.3988	19.2337	-1656.804281	
Solyc06g066540.1.1	Solyc08g066660.1.1	4.1854	110.4	384.6	0.1161	0.5171	4.4542	-1206.850836	
Solyc03g120840.1.1	Solyc08g066660.1.1	50.0000	105.8	398.2	0.0067	0.5200	77.4636	-1216.396340	
Solyc12g044410.1.1	Solyc08g066500.2.1	1.6889	610.6	1819.4	0.0596	0.1134	1.9026	-4899.523740	
Solyc03g120910.2.1	Solyc08g066500.2.1	1.6126	612.2	1817.8	0.0549	0.1008	1.8345	-4840.276560	
Solyc06g066530.1.1	Solyc08g066450.1.1	3.8669	85.3	397.7	0.0370	0.2305	6.2209	-1009.501458	
Solyc03g120920.1.1	Solyc08g066450.1.1	2.8609	84.9	398.1	0.0641	0.2674	4.1711	-1029.816421	
Solyc06g066790.2.1	Solyc03g120350.2.1	0.6213	638.0	2053.0	0.1443	0.0861	0.5966	-5022.171375	
Solyc06g066770.1.1	Solyc03g120320.1.1	2.9368	271.9	772.1	0.1544	0.4034	2.6128	-2500.714933	
Solyc06g066740.1.1	Solyc03g120280.1.1	0.9904	298.8	1018.2	0.2660	0.2030	0.7632	-2679.841949	
Solyc12g043000.1.1	Solyc03g120260.2.1	2.6711	189.1	653.9	0.0688	0.2205	3.2069	-1830.486794	
Solyc06g066730.2.1	Solyc03g120260.2.1	2.4221	189.5	653.5	0.0779	0.2205	2.8307	-1828.644405	
Solyc12g043030.1.1	Solyc03g120250.2.1	1.8357	127.9	436.1	0.0616	0.1373	2.2303	-1156.313988	
Solyc12g043150.1.1	Solyc03g120120.2.1	1.8658	226.6	901.4	0.3076	0.4283	1.3924	-2628.058975	
Solyc06g066690.2.1	Solyc03g120120.2.1	2.2393	165.7	731.3	0.2657	0.4941	1.8599	-2153.255539	
Solyc06g066680.2.1	Solyc03g120100.2.1	0.9432	238.6	658.4	0.2291	0.1659	0.7241	-1848.551743	
Solyc12g042890.1.1	Solyc08g067160.2.1	3.0129	186.8	575.2	0.0560	0.1956	3.4951	-1640.011671	
Solyc06g067950.2.1	Solyc08g067160.2.1	4.4929	188.8	573.2	0.0336	0.1842	5.4838	-1634.324924	
Solyc12g042930.1.1	Solyc08g067030.2.1	8.7362	253.0	836.0	0.0215	0.2516	11.7032	-2448.092369	
Solyc06g067910.2.1	Solyc08g067030.2.1	9.6882	262.8	817.2	0.0198	0.2472	12.5020	-2429.964519	
Solyc06g067900.1.1	Solyc08g066960.2.1	2.6600	250.0	734.0	0.1185	0.3068	2.5888	-2239.621092	
Solyc09g008600.2.1	Solyc10g085760.1.1	1.5503	132.1	416.9	0.2242	0.2820	1.2578	-1223.108765	
Solyc09g008620.1.1	Solyc10g085750.1.1	1.0728	342.6	1076.4	0.3061	0.2311	0.7549	-3037.234227	
Solyc09g008690.1.1	Solyc10g085740.1.1	1.2558	134.2	531.8	0.2123	0.2395	1.1281	-1453.332545	
Solyc09g008720.1.1	Solyc10g085730.1.1	3.2020	235.5	748.5	0.0525	0.2008	3.8209	-2130.566039	
Solyc09g008790.2.1	Solyc10g085720.1.1	0.6642	254.7	912.3	0.1205	0.0854	0.7085	-2170.515257	
Solyc09g008820.2.1	Solyc10g085490.1.1	0.8612	209.2	627.8	0.0846	0.0775	0.9161	-1593.728126	
Solyc09g098620.1.1	Solyc10g085500.1.1	50.0000	344.0	1021.0	0.0068	0.4378	64.8380	-3278.771295	
Solyc09g009020.2.1	Solyc10g085550.1.1	0.5550	342.0	936.0	0.0411	0.0255	0.6215	-2162.823868	
Solyc09g009030.2.1	Solyc10g085560.1.1	0.7275	158.0	601.0	0.1991	0.1320	0.6630	-1445.288334	
Solyc09g009090.2.1	Solyc10g085570.1.1	0.5406	200.8	663.2	0.1050	0.0604	0.5758	-1539.505250	
Solyc07g062190.2.1	Solyc12g014390.1.1	0.6347	109.2	361.8	0.1316	0.0836	0.6353	-888.178948	
Solyc07g062310.2.1	Solyc12g014340.1.1	2.0384	115.8	379.2	0.2741	0.4196	1.5306	-1180.401734	
Solyc07g062380.1.1	Solyc12g014300.1.1	50.0000	94.9	319.1	0.0043	0.3113	71.6590	-934.063794	
Solyc07g062460.2.1	Solyc12g014270.1.1	1.2381	267.1	998.9	0.1732	0.2056	1.1871	-2679.108196	
Solyc07g062530.2.1	Solyc12g014250.1.1	0.5504	652.9	2062.1	0.1114	0.0629	0.5644	-4957.167772	
Solyc07g062560.2.1	Solyc12g014240.1.1	2.7488	100.2	361.8	0.1299	0.3735	2.8762	-1070.120398	
Solyc07g062650.2.1	Solyc12g014180.1.1	0.8610	294.6	731.4	0.0789	0.0659	0.8359	-1931.919135	
Solyc07g062660.2.1	Solyc12g014170.1.1	1.1832	289.5	979.5	0.2738	0.2457	0.8975	-2704.759876	
Solyc07g062680.1.1	Solyc12g014140.1.1	2.1944	131.8	504.2	0.1536	0.3416	2.2231	-1465.973292	
Solyc07g062700.2.1	Solyc12g014110.1.1	0.8678	448.4	1273.6	0.1974	0.1405	0.7117	-3452.649225	
Solyc02g083290.2.1	Solyc01g111880.2.1	1.7651	214.2	664.8	0.0774	0.1506	1.9466	-1809.576969	
Solyc02g083420.2.1	Solyc01g111730.2.1	1.5837	262.3	829.7	0.0567	0.1056	1.8634	-2178.442030	
Solyc02g083510.2.1	Solyc01g111660.2.1	2.8020	210.9	563.1	0.0533	0.1599	3.0005	-1620.510928	
Solyc02g083550.1.1	Solyc01g111600.2.1	2.0657	91.8	316.2	0.0924	0.2144	2.3217	-892.659197	
Solyc02g083580.2.1	Solyc01g111560.2.1	1.0196	140.8	450.2	0.0266	0.0350	1.3148	-1058.189681	
Solyc02g083620.2.1	Solyc01g111510.2.1	1.6779	168.6	542.4	0.0345	0.0733	2.1232	-1367.409660	
Solyc02g083690.2.1	Solyc01g111440.2.1	2.9697	276.7	890.3	0.1001	0.3160	3.1580	-2671.395876	
Solyc02g083760.2.1	Solyc01g111320.2.1	50.0000	163.2	490.8	0.0053	0.3455	65.7320	-1566.207310	
Solyc02g083800.2.1	Solyc01g111280.2.1	38.1251	140.2	354.8	0.0088	0.3844	43.9086	-1117.750446	
Solyc02g083820.1.1	Solyc01g111270.2.1	4.7375	424.5	1477.5	0.0365	0.2294	6.2771	-4218.650282	
Solyc12g087840.1.1	Solyc04g074790.1.1	1.7913	107.9	399.1	0.1408	0.2599	1.8449	-1132.251950	
Solyc12g087850.1.1	Solyc04g074810.2.1	1.5799	116.9	348.1	0.2199	0.2784	1.2659	-1024.732649	
Solyc12g087860.1.1	Solyc04g074820.1.1	50.0000	119.8	372.2	0.0086	0.5765	66.6589	-1218.634806	
Solyc12g087870.1.1	Solyc04g074870.2.1	3.4671	236.8	762.2	0.0834	0.3206	3.8429	-2263.458840	
Solyc12g087890.1.1	Solyc04g076030.1.1	0.9054	140.6	522.4	0.2696	0.1917	0.7110	-1358.039639	
Solyc12g087900.1.1	Solyc04g076040.2.1	1.2157	184.7	667.3	0.3062	0.2717	0.8876	-1822.112481	
Solyc12g087910.1.1	Solyc04g075000.1.1	50.0000	91.9	391.1	0.0095	0.7981	84.2355	-1225.195264	
Solyc12g087930.1.1	Solyc04g076150.2.1	1.7567	237.0	813.0	0.1126	0.2108	1.8714	-2150.015279	
Solyc12g087940.1.1	Solyc04g076190.1.1	1.1284	308.8	855.2	0.1822	0.1717	0.9425	-2443.495060	
Solyc06g071590.2.1	Solyc03g112620.2.1	0.7620	223.1	949.9	0.1379	0.1161	0.8414	-2221.817949	
Solyc06g071600.2.1	Solyc03g112550.2.1	0.9612	209.5	726.5	0.3293	0.2201	0.6683	-1945.062543	
Solyc06g071610.1.1	Solyc03g112540.2.1	0.7564	191.8	693.2	0.0837	0.0747	0.8931	-1631.384958	
Solyc06g071640.2.1	Solyc03g112460.2.1	1.0274	244.7	787.3	0.2351	0.1934	0.8224	-2166.541331	
Solyc06g071660.1.1	Solyc03g112430.1.1	1.5098	98.0	355.0	0.1732	0.2475	1.4293	-1003.409492	
Solyc06g071680.2.1	Solyc03g112410.1.1	0.8971	216.6	794.4	0.1231	0.1184	0.9617	-1990.116773	
Solyc06g071770.2.1	Solyc03g112230.2.1	1.2550	510.2	1652.8	0.3123	0.2753	0.8816	-4792.078633	
Solyc06g071780.2.1	Solyc03g112160.2.1	1.1448	148.4	484.6	0.1935	0.1930	0.9975	-1316.952876	
Solyc06g071790.2.1	Solyc03g112150.1.1	0.8376	295.3	967.7	0.0415	0.0436	1.0514	-2244.252494	
Solyc06g071800.2.1	Solyc03g112140.2.1	0.4699	202.1	742.9	0.0863	0.0480	0.5559	-1653.733031	
Solyc08g076790.2.1	Solyc06g061280.2.1	0.7939	132.5	521.5	0.1412	0.1186	0.8396	-1267.368677	
Solyc08g076830.1.1	Solyc06g061250.1.1	2.1680	94.6	415.4	0.2499	0.4642	1.8575	-1196.556693	
Solyc08g076860.2.1	Solyc06g061240.2.1	0.7517	139.3	448.7	0.1103	0.0861	0.7806	-1115.437940	
Solyc08g076960.1.1	Solyc06g061180.1.1	1.4238	146.8	387.2	0.1140	0.1514	1.3275	-1104.776373	
Solyc08g077000.1.1	Solyc06g061160.1.1	1.7849	109.9	409.1	0.2364	0.3533	1.4944	-1165.466583	
Solyc08g077040.2.1	Solyc06g061140.2.1	1.0814	103.4	325.6	0.2109	0.1895	0.8986	-899.435291	
Solyc08g077110.2.1	Solyc06g061080.2.1	1.4118	180.2	650.8	0.2751	0.2995	1.0886	-1882.239471	
Solyc08g077200.2.1	Solyc06g061040.2.1	0.6480	219.4	620.6	0.1293	0.0783	0.6055	-1558.592132	
Solyc08g077230.2.1	Solyc06g061030.2.1	0.9279	341.1	1017.9	0.2718	0.1849	0.6804	-2792.305606	
Solyc05g053550.2.1	Solyc12g098090.1.1	1.2906	272.3	849.7	0.1305	0.1644	1.2597	-2326.087864	
Solyc05g053570.2.1	Solyc12g098210.1.1	0.8478	483.3	1334.7	0.1035	0.0855	0.8268	-3448.706698	
Solyc05g053620.2.1	Solyc12g098190.1.1	3.8414	106.5	370.5	0.1268	0.5045	3.9782	-1152.998971	
Solyc05g053670.2.1	Solyc12g098330.1.1	0.5089	145.9	469.1	0.0095	0.0066	0.6942	-1024.865938	
Solyc05g053680.1.1	Solyc12g098340.1.1	1.1414	155.5	771.5	0.2646	0.2595	0.9807	-1942.434456	
Solyc05g053720.2.1	Solyc12g098400.1.1	50.0000	289.5	1045.5	0.0093	0.6891	74.3690	-3412.921675	
Solyc05g053770.2.1	Solyc12g098470.1.1	15.8169	61.0	269.0	0.7696	4.9959	6.4918	-865.532319	
Solyc05g053810.2.1	Solyc12g098490.1.1	0.7299	281.8	1077.2	0.0290	0.0307	1.0563	-2378.013998	
Solyc05g053820.2.1	Solyc12g098580.1.1	1.2343	301.3	913.7	0.2905	0.2562	0.8821	-2634.305299	
Solyc05g053910.1.1	Solyc12g098730.1.1	50.0000	205.9	700.1	0.0073	0.5249	71.5464	-2233.131763	
Solyc05g053550.2.1	Solyc09g091510.2.1	0.8584	275.9	846.1	0.0389	0.0404	1.0397	-2037.955852	
Solyc12g098090.1.1	Solyc09g091510.2.1	1.3226	287.2	834.8	0.1281	0.1607	1.2551	-2334.902701	
Solyc12g098170.1.1	Solyc09g091680.1.1	16.9432	153.3	659.7	0.0457	1.1440	25.0359	-2038.351937	
Solyc12g098180.1.1	Solyc09g091610.2.1	0.8972	142.9	517.1	0.0861	0.0907	1.0531	-1248.635468	
Solyc05g053570.2.1	Solyc09g091660.2.1	0.6810	476.6	1341.4	0.1070	0.0712	0.6655	-3357.379072	
Solyc12g098210.1.1	Solyc09g091660.2.1	0.7556	478.7	1339.3	0.1062	0.0783	0.7375	-3397.776367	
Solyc05g053650.2.1	Solyc09g091750.2.1	0.6299	759.1	2210.9	0.0759	0.0511	0.6728	-5326.224471	
Solyc05g053660.1.1	Solyc09g091760.1.1	1.4086	119.7	582.3	0.1752	0.2605	1.4869	-1478.687183	
Solyc12g098370.1.1	Solyc09g091880.2.1	1.3758	150.5	488.5	0.1687	0.2123	1.2583	-1379.335336	
Solyc09g089570.2.1	Solyc03g005440.2.1	1.0942	126.8	383.2	0.3855	0.2612	0.6776	-1089.164778	
Solyc09g089860.2.1	Solyc03g005480.2.1	1.0927	279.0	777.0	0.1283	0.1303	1.0157	-2103.012302	
Solyc09g089890.1.1	Solyc03g005490.2.1	1.6365	91.3	352.7	0.2052	0.3037	1.4802	-990.060570	
Solyc09g089920.1.1	Solyc03g005510.1.1	1.9559	65.2	306.8	0.2214	0.4033	1.8219	-864.623758	
Solyc09g089930.1.1	Solyc03g005520.1.1	50.0000	88.9	367.1	0.0063	0.5274	83.3477	-1096.755756	
Solyc09g090070.1.1	Solyc03g005530.1.1	4.2122	413.8	1137.2	0.0274	0.1340	4.8942	-3219.250120	
Solyc09g090150.2.1	Solyc03g005580.2.1	1.6549	341.6	1026.4	0.2148	0.2884	1.3425	-3127.869631	
Solyc09g090190.2.1	Solyc03g005600.2.1	0.6002	412.7	1339.3	0.1055	0.0668	0.6327	-3214.245946	
Solyc09g090320.1.1	Solyc03g005620.2.1	1.0318	514.5	1741.5	0.1238	0.1316	1.0628	-4458.353522	
Solyc03g005430.2.1	Solyc06g053740.2.1	0.8776	291.6	911.4	0.2100	0.1530	0.7285	-2404.122908	
Solyc09g089590.1.1	Solyc06g053720.1.1	3.2129	97.5	418.5	0.1580	0.5336	3.3776	-1251.359866	
Solyc09g089610.2.1	Solyc06g053710.2.1	1.0320	73.9	232.1	0.1918	0.1705	0.8889	-620.794137	
Solyc09g089890.1.1	Solyc06g053640.1.1	1.4956	95.6	417.4	0.1628	0.2546	1.5638	-1118.096626	
Solyc03g005490.2.1	Solyc06g053640.1.1	2.1046	95.9	348.1	0.1848	0.3594	1.9443	-1022.469285	
Solyc09g090060.2.1	Solyc06g053630.2.1	0.6323	182.0	694.0	0.0885	0.0671	0.7587	-1606.471323	
Solyc09g090090.1.1	Solyc06g053620.2.1	0.9913	204.3	569.7	0.1444	0.1289	0.8924	-1567.053702	
Solyc03g005570.2.1	Solyc06g053610.2.1	1.8489	150.1	590.9	0.4405	0.4902	1.1127	-1732.060757	
Solyc09g090240.1.1	Solyc06g053560.2.1	1.3940	108.0	465.0	0.3615	0.3486	0.9644	-1300.874812	
Solyc08g079460.2.1	Solyc03g007210.2.1	50.0000	228.7	761.3	0.0158	1.0825	68.5431	-2604.722671	
Solyc08g079550.1.1	Solyc03g007180.1.1	3.0675	506.0	1747.0	0.0593	0.2241	3.7791	-4911.862657	
Solyc08g079630.2.1	Solyc03g007150.2.1	4.4870	189.2	554.8	0.0648	0.3202	4.9433	-1698.606064	
Solyc08g079660.2.1	Solyc03g007110.2.1	4.2701	162.1	509.9	0.1024	0.4570	4.4635	-1626.508051	
Solyc08g079740.2.1	Solyc03g007050.2.1	19.9234	305.7	1038.3	0.0254	0.6837	26.8789	-3424.039249	
Solyc08g079750.2.1	Solyc03g007070.2.1	2.5244	316.1	967.9	0.0982	0.2581	2.6277	-2871.750011	
Solyc08g079840.1.1	Solyc03g006970.1.1	50.0000	484.2	1609.8	0.0077	0.5404	70.2773	-5182.879163	
Solyc08g080100.2.1	Solyc03g006830.2.1	3.8792	127.4	460.6	0.1110	0.4725	4.2584	-1387.367175	
Solyc08g080150.1.1	Solyc03g006800.1.1	5.0912	171.8	479.2	0.1626	0.7193	4.4240	-1653.903902	
Solyc08g080300.1.1	Solyc03g006650.1.1	2.6693	356.0	1021.0	0.0755	0.2136	2.8292	-2942.617598	
Solyc08g079630.2.1	Solyc06g035430.2.1	5.4395	178.5	580.5	0.0599	0.3865	6.4513	-1767.542342	
Solyc03g007150.2.1	Solyc06g035430.2.1	0.8683	171.2	587.8	0.2774	0.1823	0.6573	-1525.741338	
Solyc03g007060.2.1	Solyc06g035440.2.1	1.2774	262.1	811.9	0.3602	0.2970	0.8247	-2370.899753	
Solyc03g007010.2.1	Solyc06g035450.2.1	0.8004	213.8	773.2	0.1583	0.1240	0.7833	-1931.324604	
Solyc03g006910.2.1	Solyc06g035490.2.1	9.3553	139.7	547.3	0.0550	0.6933	12.6164	-1698.344897	
Solyc03g006880.2.1	Solyc06g035530.2.1	1.1392	196.3	643.7	0.1043	0.1263	1.2108	-1682.730653	
Solyc08g080190.2.1	Solyc06g035580.2.1	2.5528	378.2	1208.8	0.1101	0.2908	2.6413	-3615.128694	
Solyc12g049380.1.1	Solyc06g062970.1.1	1.9542	119.6	480.4	0.0873	0.2112	2.4204	-1266.843047	
Solyc12g049420.1.1	Solyc06g063030.2.1	0.4458	154.4	490.6	0.0771	0.0384	0.4986	-1095.922107	
Solyc12g049510.1.1	Solyc06g063050.2.1	2.0667	341.0	1204.0	0.3994	0.5172	1.2951	-3725.199413	
Solyc12g049560.1.1	Solyc06g063070.2.1	1.5008	108.9	356.1	0.4286	0.3812	0.8895	-1055.172541	
Solyc12g055710.1.1	Solyc06g063110.1.1	50.0000	104.2	384.8	0.0087	0.6568	75.8228	-1229.298811	
Solyc12g055720.1.1	Solyc06g063150.2.1	1.0177	230.0	838.0	0.2003	0.1824	0.9106	-2214.316294	
Solyc12g055800.1.1	Solyc06g063330.2.1	0.4095	461.1	1407.9	0.0317	0.0160	0.5045	-3100.320107	
Solyc12g044800.1.1	Solyc06g062530.2.1	0.6302	363.1	1163.9	0.1025	0.0682	0.6649	-2800.708816	
Solyc12g044880.1.1	Solyc06g062580.2.1	0.5981	495.3	1625.7	0.1489	0.0854	0.5735	-3932.456492	
Solyc12g044890.1.1	Solyc06g062590.2.1	0.6241	456.3	1271.7	0.1274	0.0741	0.5814	-3194.319627	
Solyc12g049540.1.1	Solyc03g123520.2.1	1.0894	471.3	1535.7	0.2254	0.2009	0.8917	-4234.229306	
Solyc12g049590.1.1	Solyc03g123570.2.1	0.7895	1025.3	3246.7	0.2021	0.1351	0.6686	-8441.723284	
Solyc06g063090.2.1	Solyc03g123600.2.1	0.5438	365.2	1017.8	0.1779	0.0817	0.4589	-2539.797255	
Solyc06g063100.2.1	Solyc03g123660.2.1	0.5838	169.9	499.1	0.1130	0.0650	0.5751	-1224.937787	
Solyc12g055710.1.1	Solyc03g123680.1.1	3.2291	111.7	359.3	0.3215	0.7173	2.2308	-1198.382204	
Solyc06g063110.1.1	Solyc03g123680.1.1	3.0616	113.9	375.1	0.2448	0.5938	2.4257	-1235.058936	
Solyc06g063120.2.1	Solyc03g123720.2.1	0.7688	240.5	770.5	0.0997	0.0814	0.8165	-1885.335956	
Solyc06g063140.2.1	Solyc03g123730.2.1	0.5395	275.5	930.5	0.0100	0.0076	0.7614	-1975.432299	
Solyc12g055720.1.1	Solyc03g123740.2.1	0.6343	246.4	854.6	0.1788	0.1043	0.5831	-2092.423329	
Solyc06g063150.2.1	Solyc03g123740.2.1	1.0611	234.9	833.1	0.1396	0.1502	1.0757	-2183.503887	
Solyc12g055730.1.1	Solyc03g123750.2.1	1.3955	320.8	1086.2	0.1635	0.2147	1.3133	-3017.642510	
Solyc12g055750.1.1	Solyc03g123790.2.1	0.5669	316.8	826.2	0.0853	0.0476	0.5578	-2022.889503	
Solyc09g073000.2.1	Solyc06g008940.2.1	0.6184	324.1	995.9	0.0544	0.0391	0.7194	-2301.278448	
Solyc09g074080.1.1	Solyc06g008910.2.1	1.2274	210.7	797.3	0.0944	0.1361	1.4424	-2029.943428	
Solyc09g074240.1.1	Solyc06g008890.2.1	50.0000	245.0	862.0	0.0116	0.8369	72.3589	-2852.452262	
Solyc09g074270.2.1	Solyc06g008870.2.1	1.2698	203.9	828.1	0.0394	0.0727	1.8469	-1948.092479	
Solyc09g074380.2.1	Solyc06g008850.2.1	1.5482	311.5	1113.5	0.5228	0.4302	0.8229	-3304.872740	
Solyc09g074640.2.1	Solyc06g008740.2.1	0.7693	259.5	754.5	0.3475	0.1732	0.4985	-2036.415126	
Solyc09g074670.2.1	Solyc06g008720.2.1	1.3126	853.7	2782.3	0.3998	0.3235	0.8091	-8094.505073	
Solyc06g008840.2.1	Solyc01g067790.2.1	16.9957	365.3	1338.7	0.0259	0.6254	24.1357	-4248.382868	
Solyc06g008820.2.1	Solyc01g067710.2.1	2.6778	421.3	1132.7	0.0743	0.2038	2.7442	-3384.739593	
Solyc09g074510.2.1	Solyc01g067680.2.1	2.5074	158.4	534.6	0.0956	0.2643	2.7644	-1569.448898	
Solyc09g074550.2.1	Solyc01g067330.2.1	6.4691	126.8	341.2	0.0638	0.4335	6.7938	-1098.579826	
Solyc09g074640.2.1	Solyc01g067550.2.1	2.2525	250.8	778.2	0.1766	0.3514	1.9900	-2393.979351	
Solyc06g008740.2.1	Solyc01g067550.2.1	2.7825	254.0	760.0	0.1176	0.3221	2.7391	-2331.992202	
Solyc09g074670.2.1	Solyc01g067600.2.1	5.7911	799.9	2848.1	0.1556	0.8814	5.6652	-9302.497507	
Solyc06g008720.2.1	Solyc01g067600.2.1	6.8607	814.9	2821.1	0.1278	0.9039	7.0750	-9280.610913	
Solyc02g089090.2.1	Solyc03g051800.1.1	50.0000	88.7	301.3	0.0111	0.7853	70.6101	-982.073451	
Solyc02g089250.2.1	Solyc03g046580.1.1	2.1919	267.6	665.4	0.2082	0.3494	1.6785	-2094.845367	
Solyc02g089370.2.1	Solyc03g046450.2.1	0.9056	104.5	309.5	0.2440	0.1694	0.6942	-861.823497	
Solyc02g089420.1.1	Solyc03g046440.1.1	1.3597	117.4	377.6	0.2206	0.2466	1.1179	-1057.118296	
Solyc02g089600.2.1	Solyc03g046350.2.1	1.1172	164.3	663.7	0.2194	0.2183	0.9950	-1676.070467	
Solyc02g089670.2.1	Solyc03g046270.2.1	2.3265	207.7	878.3	0.1402	0.3568	2.5460	-2500.263391	
Solyc02g089720.1.1	Solyc03g046200.1.1	0.9664	430.0	1592.0	0.1250	0.1294	1.0356	-4046.284980	
Solyc02g089800.2.1	Solyc03g045050.2.1	0.9792	279.9	974.1	0.2546	0.1974	0.7753	-2540.826844	
Solyc02g089840.2.1	Solyc03g044950.1.1	2.6194	146.9	471.1	0.2942	0.5560	1.8898	-1530.567378	
Solyc02g089860.1.1	Solyc03g044910.1.1	2.1248	223.0	608.0	0.0526	0.1215	2.3085	-1686.343546	
Solyc05g051760.2.1	Solyc04g053140.1.1	1.5931	167.7	507.3	0.1584	0.2289	1.4451	-1488.305276	
Solyc05g051800.2.1	Solyc04g054330.2.1	1.0622	176.1	537.9	0.2077	0.1824	0.8783	-1484.260293	
Solyc05g051820.2.1	Solyc04g054500.2.1	1.1853	79.2	328.8	0.0568	0.0936	1.6466	-764.830908	
Solyc05g051850.2.1	Solyc04g054740.2.1	0.6043	177.5	524.5	0.0707	0.0466	0.6590	-1237.849763	
Solyc05g051860.2.1	Solyc04g054760.2.1	1.3275	74.1	300.9	0.3018	0.3037	1.0062	-827.553289	
Solyc05g051880.2.1	Solyc04g054930.2.1	1.1373	164.2	663.8	0.2137	0.2192	1.0254	-1757.922260	
Solyc05g051890.1.1	Solyc04g054960.1.1	2.0060	153.2	587.8	0.1756	0.3393	1.9326	-1667.259459	
Solyc05g051900.2.1	Solyc04g055080.2.1	0.9729	351.4	1007.6	0.1133	0.1073	0.9466	-2674.352844	
Solyc05g051970.2.1	Solyc04g055160.2.1	0.8321	216.6	674.4	0.2322	0.1538	0.6622	-1799.135743	
Solyc05g051980.2.1	Solyc04g055170.2.1	1.0010	208.7	721.3	0.2019	0.1768	0.8758	-1904.062216	
Solyc04g078230.1.1	Solyc02g092800.2.1	11.4880	112.7	346.3	0.0225	0.3280	14.5874	-1058.655341	
Solyc04g078400.2.1	Solyc02g092910.2.1	2.5284	205.6	664.4	0.1123	0.2939	2.6169	-1956.930116	
Solyc04g078420.1.1	Solyc02g092930.1.1	50.0000	162.9	563.1	0.0082	0.5946	72.2227	-1831.077594	
Solyc04g078470.2.1	Solyc02g092980.2.1	9.9313	185.8	717.2	0.0274	0.3989	14.5483	-2102.137655	
Solyc04g078490.1.1	Solyc02g092990.1.1	7.1254	353.3	1221.7	0.0285	0.2744	9.6381	-3586.142693	
Solyc04g078510.2.1	Solyc02g093010.2.1	2.6396	149.1	402.9	0.0832	0.2212	2.6589	-1215.109087	
Solyc04g078540.2.1	Solyc02g093040.2.1	3.1137	228.7	749.3	0.0880	0.3032	3.4457	-2229.192196	
Solyc04g078550.2.1	Solyc02g093050.2.1	50.0000	132.5	506.5	0.0069	0.5381	78.3316	-1570.879386	
Solyc04g078660.1.1	Solyc02g093180.2.1	14.7229	220.5	805.5	0.0251	0.5251	20.9204	-2502.820873	
Solyc08g007790.2.1	Solyc12g056450.1.1	0.5484	343.2	1042.8	0.0753	0.0452	0.6008	-2451.132036	
Solyc08g007860.2.1	Solyc12g056420.1.1	0.7496	357.8	1016.2	0.1697	0.1099	0.6475	-2662.457223	
Solyc08g007980.2.1	Solyc12g056310.1.1	3.3319	101.0	457.0	0.0949	0.4072	4.2917	-1249.432027	
Solyc08g008050.2.1	Solyc12g056220.1.1	0.5643	208.1	607.9	0.0502	0.0323	0.6432	-1412.292593	
Solyc08g008100.2.1	Solyc12g056180.1.1	1.5682	199.2	763.8	0.1474	0.2380	1.6147	-2051.163332	
Solyc08g008210.2.1	Solyc12g056110.1.1	0.5283	183.7	494.3	0.1378	0.0653	0.4742	-1214.018952	
Solyc08g008220.2.1	Solyc12g056100.1.1	0.4509	115.3	316.7	0.0380	0.0194	0.5097	-726.910309	
Solyc08g008260.2.1	Solyc12g056060.1.1	1.3779	466.5	1744.5	0.2634	0.2889	1.0966	-4768.811853	
Solyc10g018160.1.1	Solyc01g091280.2.1	0.6875	237.1	656.9	0.0602	0.0446	0.7404	-1618.161250	
Solyc10g018250.1.1	Solyc01g091220.2.1	0.2706	98.5	354.5	0.0010	0.0004	0.4136	-704.228327	
Solyc10g018260.1.1	Solyc01g091200.2.1	0.8298	275.4	996.6	0.0498	0.0539	1.0822	-2334.711295	
Solyc10g018320.1.1	Solyc01g091100.2.1	1.7045	108.0	456.0	0.1635	0.2870	1.7555	-1221.894248	
Solyc10g018350.1.1	Solyc01g090910.2.1	0.9099	174.9	494.1	0.1927	0.1448	0.7512	-1339.325575	
Solyc10g018500.1.1	Solyc01g090810.2.1	3.0802	158.2	558.8	0.1298	0.4142	3.1905	-1693.815713	
Solyc10g018510.1.1	Solyc01g090790.2.1	1.8466	202.3	628.7	0.3561	0.4274	1.2001	-1965.515726	
Solyc10g018560.1.1	Solyc01g090760.2.1	2.4751	145.2	508.8	0.1385	0.3464	2.5021	-1530.497694	
Solyc10g018250.1.1	Solyc05g051000.2.1	0.3014	100.8	352.2	0.0065	0.0029	0.4416	-712.759923	
Solyc01g091220.2.1	Solyc05g051000.2.1	0.3184	95.7	357.3	0.0058	0.0028	0.4917	-709.814806	
Solyc10g018260.1.1	Solyc05g050990.1.1	0.7167	264.2	1007.8	0.0691	0.0629	0.9101	-2337.960966	
Solyc01g091200.2.1	Solyc05g050990.1.1	0.6316	284.9	987.1	0.0593	0.0462	0.7798	-2272.678009	
Solyc01g091190.2.1	Solyc05g050980.2.1	0.6517	330.0	912.0	0.1017	0.0649	0.6381	-2291.503332	
Solyc10g018300.1.1	Solyc05g050970.2.1	0.7551	536.9	1650.1	0.0740	0.0618	0.8354	-4011.302649	
Solyc01g091050.2.1	Solyc06g034360.1.1	5.1170	218.4	777.6	0.0468	0.3119	6.6676	-2252.793110	
Solyc10g018350.1.1	Solyc06g034220.2.1	2.4934	163.1	496.9	0.1537	0.3520	2.2905	-1542.238876	
Solyc01g090910.2.1	Solyc06g034220.2.1	2.9579	168.0	492.0	0.1150	0.3332	2.8973	-1534.225885	
Solyc09g091080.2.1	Solyc09g064200.2.1	1.8041	107.2	330.8	0.1029	0.1918	1.8647	-932.772535	
Solyc09g091090.1.1	Solyc09g064160.2.1	1.7755	241.7	889.3	0.0874	0.1831	2.0956	-2368.122466	
Solyc09g091260.2.1	Solyc09g061930.2.1	30.4400	247.3	1006.7	0.0158	0.7658	48.3355	-3210.086285	
Solyc09g091430.2.1	Solyc09g061890.2.1	1.7181	260.9	942.1	0.0567	0.1242	2.1918	-2465.280471	
Solyc09g091470.2.1	Solyc09g061840.2.1	2.5051	344.3	1017.7	0.0366	0.1090	2.9807	-2707.262868	
Solyc09g091590.2.1	Solyc09g061710.2.1	2.1432	162.7	524.3	0.1394	0.2902	2.0815	-1552.611826	
Solyc09g091600.2.1	Solyc09g061700.2.1	2.3587	159.1	671.9	0.0621	0.2021	3.2537	-1783.513586	
Solyc09g091610.2.1	Solyc09g061620.2.1	1.8078	152.5	507.5	0.0380	0.0879	2.3159	-1277.556688	
Solyc10g085090.1.1	Solyc10g076830.1.1	0.9053	376.5	1258.5	0.0886	0.0896	1.0111	-3126.755450	
Solyc10g085170.1.1	Solyc10g076740.1.1	2.3904	84.3	368.7	0.1914	0.4462	2.3312	-1068.615803	
Solyc10g085180.1.1	Solyc10g076690.1.1	0.7829	147.7	554.3	0.1116	0.0976	0.8743	-1346.921790	
Solyc10g085190.1.1	Solyc10g076660.1.1	1.2769	197.5	645.5	0.1078	0.1448	1.3431	-1723.589965	
Solyc10g085200.1.1	Solyc10g076600.1.1	0.6562	319.2	931.8	0.1125	0.0726	0.6453	-2334.563522	
Solyc10g085300.1.1	Solyc10g076420.1.1	0.6668	129.8	380.2	0.0843	0.0590	0.7004	-919.653796	
Solyc10g085310.1.1	Solyc10g076410.1.1	2.4517	148.2	367.8	0.0563	0.1406	2.4968	-1078.235695	
Solyc10g085320.1.1	Solyc10g076400.1.1	5.1339	240.2	842.8	0.0915	0.5344	5.8411	-2640.402025	
Solyc10g085370.1.1	Solyc10g076320.1.1	1.2431	217.6	919.4	0.1457	0.1952	1.3404	-2332.700400	
Solyc12g044410.1.1	Solyc03g120910.2.1	0.5606	595.3	1834.7	0.0952	0.0561	0.5898	-4398.706051	
Solyc12g044580.1.1	Solyc03g120980.2.1	1.0115	127.9	322.1	0.2278	0.1718	0.7538	-893.609062	
Solyc12g044600.2.1	Solyc03g120990.2.1	0.6213	436.9	1291.1	0.1005	0.0635	0.6314	-3182.317714	
Solyc12g044220.1.1	Solyc03g120770.2.1	0.8818	712.3	2200.7	0.2549	0.1714	0.6725	-5966.835958	
Solyc12g044230.1.1	Solyc03g120730.2.1	0.7555	365.3	1005.7	0.2400	0.1366	0.5691	-2678.820481	
Solyc12g044250.1.1	Solyc03g120670.2.1	2.7548	238.0	698.0	0.0456	0.1452	3.1858	-1956.984869	
Solyc12g044270.1.1	Solyc03g120650.2.1	1.0984	331.7	1069.3	0.1815	0.1771	0.9756	-2877.125178	
Solyc12g044310.1.1	Solyc03g120550.2.1	1.2914	389.5	1263.5	0.1917	0.2159	1.1264	-3535.337726	
Solyc12g044330.1.1	Solyc03g120470.2.1	1.3570	219.4	506.6	0.1647	0.1786	1.0843	-1506.624607	
Solyc11g007580.1.1	Solyc09g009080.2.1	2.1466	115.9	373.1	0.0359	0.0972	2.7061	-978.023138	
Solyc11g007600.1.1	Solyc09g009010.2.1	2.6919	230.7	651.3	0.0642	0.1865	2.9039	-1877.105282	
Solyc11g007660.1.1	Solyc09g008930.2.1	2.9637	277.5	967.5	0.1727	0.4778	2.7665	-2988.756801	
Solyc11g007690.1.1	Solyc09g008840.2.1	2.1625	341.1	1065.9	0.0435	0.1139	2.6174	-2844.762467	
Solyc11g007890.1.1	Solyc09g008560.2.1	1.9071	165.0	678.0	0.0799	0.1953	2.4454	-1757.375159	
Solyc11g007900.1.1	Solyc09g008530.1.1	4.4764	894.0	2928.0	0.1727	0.7037	4.0744	-9426.195889	
Solyc11g008020.1.1	Solyc09g008460.2.1	5.4635	141.3	443.7	0.0247	0.1731	6.9975	-1243.889806	
Solyc11g008140.1.1	Solyc09g008380.2.1	2.4473	274.0	923.0	0.0715	0.2053	2.8719	-2609.749904	
Solyc11g008180.1.1	Solyc09g008370.1.1	50.0000	171.4	704.6	0.0046	0.3806	83.6118	-1994.232473	
Solyc02g080160.2.1	Solyc03g031800.2.1	1.0954	168.9	656.1	0.1180	0.1443	1.2231	-1628.381770	
Solyc02g080180.1.1	Solyc03g031790.1.1	1.4202	252.4	731.6	0.2651	0.2767	1.0436	-2189.576313	
Solyc02g080260.2.1	Solyc03g031760.2.1	1.0416	205.5	595.5	0.0429	0.0516	1.2039	-1457.205342	
Solyc02g080270.2.1	Solyc03g031750.1.1	0.6845	178.7	448.3	0.0726	0.0491	0.6773	-1131.634465	
Solyc02g080290.2.1	Solyc03g031730.2.1	1.0213	298.2	1120.8	0.1328	0.1435	1.0807	-2827.978904	
Solyc02g080420.2.1	Solyc03g031720.2.1	0.6996	234.4	899.6	0.1366	0.1011	0.7400	-2173.316198	
Solyc02g080440.2.1	Solyc03g031700.2.1	0.6258	299.9	1092.1	0.0770	0.0582	0.7563	-2481.697239	
Solyc02g080500.2.1	Solyc03g031680.2.1	0.7228	300.0	918.0	0.1791	0.1132	0.6320	-2379.418378	
Solyc02g080640.2.1	Solyc03g031620.2.1	0.6448	329.7	981.3	0.1423	0.0854	0.6003	-2467.194784	
Solyc02g080160.2.1	Solyc10g005350.2.1	1.0879	161.6	660.4	0.1352	0.1606	1.1881	-1671.553744	
Solyc03g031800.2.1	Solyc10g005350.2.1	0.7579	144.8	677.2	0.0828	0.0856	1.0336	-1514.837393	
Solyc02g080230.2.1	Solyc10g005340.2.1	1.0798	80.2	291.8	0.2886	0.2350	0.8145	-773.799516	
Solyc02g080260.2.1	Solyc10g005330.2.1	1.0807	200.6	600.4	0.0481	0.0605	1.2573	-1480.838558	
Solyc03g031760.2.1	Solyc10g005330.2.1	0.9629	198.3	602.7	0.0428	0.0492	1.1471	-1446.113475	
Solyc02g088920.2.1	Solyc02g066830.2.1	1.1262	60.7	242.3	0.2464	0.2327	0.9447	-616.812156	
Solyc02g089120.2.1	Solyc02g065770.2.1	0.7425	323.0	964.0	0.0918	0.0710	0.7741	-2416.861287	
Solyc02g089160.2.1	Solyc02g065750.1.1	1.2168	279.9	1040.1	0.0959	0.1352	1.4104	-2634.926296	
Solyc02g089170.2.1	Solyc02g065740.2.1	0.7239	208.1	832.9	0.0466	0.0474	1.0172	-1860.575235	
Solyc02g089200.2.1	Solyc02g065730.1.1	50.0000	118.5	496.5	0.0062	0.5238	84.3251	-1510.066408	
Solyc02g089240.2.1	Solyc02g065720.2.1	0.6698	129.4	416.6	0.2835	0.1396	0.4925	-1056.650128	
Solyc02g089320.2.1	Solyc02g065700.2.1	0.6475	198.7	638.3	0.1449	0.0899	0.6204	-1575.492850	
Solyc02g089400.2.1	Solyc02g065680.2.1	0.5851	355.3	943.7	0.1518	0.0772	0.5081	-2376.963717	
Solyc02g089410.2.1	Solyc02g065650.1.1	2.5489	137.9	555.1	0.2287	0.5085	2.2231	-1655.757516	
Solyc09g072630.2.1	Solyc06g008270.2.1	4.6290	193.5	802.5	0.3649	1.1531	3.1598	-2589.413246	
Solyc09g072640.2.1	Solyc06g008240.2.1	2.1247	119.9	441.1	0.1415	0.3083	2.1791	-1252.228889	
Solyc09g072650.2.1	Solyc06g008230.2.1	0.7911	493.3	1495.7	0.3102	0.1700	0.5479	-4014.691738	
Solyc09g072830.2.1	Solyc06g008200.2.1	1.1952	146.1	495.9	0.1944	0.2050	1.0548	-1358.532060	
Solyc09g072880.2.1	Solyc06g008160.2.1	1.0622	196.7	652.3	0.2690	0.2173	0.8076	-1814.678039	
Solyc09g072890.1.1	Solyc06g008130.2.1	2.5111	200.7	675.3	0.2760	0.5228	1.8941	-2125.325153	
Solyc09g066440.2.1	Solyc06g008320.2.1	0.4881	290.2	990.8	0.0649	0.0382	0.5879	-2255.732120	
Solyc09g066460.2.1	Solyc06g008330.1.1	0.7221	280.7	1015.3	0.1120	0.0886	0.7908	-2431.979562	
Solyc09g066490.2.1	Solyc06g008340.2.1	0.8238	190.6	565.4	0.1229	0.0981	0.7982	-1463.882966	
Solyc09g007510.1.1	Solyc10g085990.1.1	50.0000	237.4	824.6	0.0118	0.8448	71.6166	-2733.736515	
Solyc09g007670.2.1	Solyc10g086070.1.1	0.5878	352.9	1264.1	0.1205	0.0756	0.6270	-2971.949812	
Solyc09g007700.2.1	Solyc10g086080.1.1	1.0058	197.0	694.0	0.1323	0.1369	1.0344	-1812.319687	
Solyc09g007790.1.1	Solyc10g086110.1.1	2.6447	81.7	338.3	0.1320	0.3867	2.9290	-958.816743	
Solyc09g007810.2.1	Solyc10g086130.1.1	1.3160	393.0	1257.0	0.3438	0.3016	0.8771	-3682.903079	
Solyc09g007850.2.1	Solyc10g086150.1.1	1.0291	93.1	332.9	0.2650	0.2136	0.8059	-904.750654	
Solyc09g007890.1.1	Solyc10g086180.1.1	0.7827	76.4	247.6	0.0194	0.0202	1.0415	-552.983073	
Solyc09g007940.2.1	Solyc10g086190.1.1	0.5532	252.5	761.5	0.0687	0.0421	0.6134	-1776.545151	
Solyc09g008050.2.1	Solyc10g086240.1.1	2.0603	264.6	962.4	0.1395	0.2947	2.1126	-2742.649257	
Solyc04g079960.1.1	Solyc02g085700.1.1	21.5287	250.6	787.4	0.0093	0.2694	28.8736	-2323.768707	
Solyc04g079970.2.1	Solyc02g085690.2.1	1.4501	118.4	430.6	0.1014	0.1660	1.6375	-1152.362459	
Solyc04g080010.2.1	Solyc02g085660.1.1	8.0371	309.1	908.9	0.0609	0.5454	8.9526	-3027.703853	
Solyc04g080220.2.1	Solyc02g085490.1.1	3.4975	247.0	851.0	0.0749	0.3087	4.1197	-2507.979849	
Solyc04g080460.2.1	Solyc02g085170.2.1	2.0047	365.2	987.8	0.1015	0.1972	1.9425	-2895.035964	
Solyc04g080570.2.1	Solyc02g085040.2.1	2.5472	200.1	558.9	0.0512	0.1443	2.8172	-1585.578521	
Solyc04g080620.2.1	Solyc02g084990.2.1	1.9717	239.4	927.6	0.1000	0.2310	2.3092	-2502.560787	
Solyc04g080640.1.1	Solyc02g084960.1.1	34.1431	175.5	517.5	0.0179	0.7663	42.6891	-1765.098927	
Solyc04g080660.2.1	Solyc02g084950.2.1	3.5563	231.0	798.0	0.1530	0.5286	3.4545	-2479.087022	
Solyc08g081480.2.1	Solyc03g007940.2.1	2.1698	167.3	549.7	0.1260	0.2762	2.1920	-1641.408839	
Solyc08g081710.2.1	Solyc03g007700.1.1	5.7357	205.6	595.4	0.1134	0.6359	5.6073	-2005.925817	
Solyc08g081730.2.1	Solyc03g007740.2.1	2.8158	156.8	506.2	0.0647	0.2125	3.2831	-1448.061772	
Solyc08g081740.2.1	Solyc03g007760.2.1	2.1210	244.9	766.1	0.0359	0.0943	2.6236	-1980.892324	
Solyc08g081890.2.1	Solyc03g007530.2.1	3.7857	81.7	233.3	0.0498	0.2121	4.2592	-683.709218	
Solyc08g081960.1.1	Solyc03g007460.1.1	3.5703	112.9	346.1	0.2391	0.6675	2.7915	-1157.980227	
Solyc08g082110.2.1	Solyc03g007380.1.1	49.9368	164.8	654.2	0.0077	0.6203	80.2600	-2011.963658	
Solyc08g082180.2.1	Solyc03g007310.2.1	2.0735	134.4	402.6	0.0491	0.1181	2.4070	-1076.881156	
Solyc08g082260.1.1	Solyc03g007230.2.1	8.6173	190.5	616.5	0.0336	0.3687	10.9770	-1869.864790	
Solyc12g036390.1.1	Solyc03g119250.2.1	1.7410	271.1	931.9	0.0998	0.1913	1.9174	-2565.761654	
Solyc12g036400.1.1	Solyc03g119260.2.1	1.4196	235.8	745.2	0.1228	0.1741	1.4182	-2049.124359	
Solyc12g036410.1.1	Solyc03g119290.2.1	0.5222	302.0	871.0	0.1855	0.0817	0.4405	-2138.072751	
Solyc12g036440.1.1	Solyc03g119320.1.1	3.0546	90.2	455.8	0.0748	0.3345	4.4735	-1212.437884	
Solyc12g036470.1.1	Solyc03g119390.2.1	1.6021	137.4	621.6	0.2165	0.3226	1.4904	-1690.327828	
Solyc12g036650.1.1	Solyc03g119480.2.1	1.1500	106.4	325.6	0.3992	0.2797	0.7006	-962.575095	
Solyc12g036900.1.1	Solyc03g119610.1.1	1.8147	124.4	334.6	0.2303	0.3174	1.3782	-1016.175791	
Solyc12g037950.1.1	Solyc03g119660.1.1	50.0000	99.1	314.9	0.0074	0.5005	68.0668	-1034.112470	
Solyc12g038160.1.1	Solyc03g119720.2.1	0.7652	529.9	1528.1	0.1955	0.1238	0.6335	-4060.134690	
Solyc11g071820.1.1	Solyc09g008010.2.1	50.0000	187.2	661.8	0.0124	0.9006	72.4147	-2225.528384	
Solyc11g072140.1.1	Solyc09g007730.2.1	50.0000	222.2	785.8	0.0110	0.8018	72.7630	-2595.394504	
Solyc11g072440.1.1	Solyc09g007380.2.1	2.5502	256.0	767.0	0.1162	0.2928	2.5199	-2335.572167	
Solyc11g072490.1.1	Solyc09g007360.2.1	4.0519	414.6	1328.4	0.0980	0.4236	4.3212	-4106.774565	
Solyc11g072600.1.1	Solyc09g007260.2.1	50.0000	233.9	834.1	0.0044	0.3292	74.9216	-2500.728666	
Solyc11g072660.1.1	Solyc09g007170.2.1	2.4534	232.5	823.5	0.1214	0.3154	2.5969	-2434.387607	
Solyc11g072820.1.1	Solyc09g007030.2.1	3.1232	521.7	1743.3	0.0909	0.3152	3.4667	-5159.294451	
Solyc11g072960.1.1	Solyc09g005860.2.1	2.6260	379.4	1189.6	0.1152	0.3063	2.6593	-3566.986692	
Solyc11g073010.1.1	Solyc09g005830.1.1	50.0000	434.5	1308.5	0.0060	0.3911	65.6764	-4125.300000	
Solyc04g076030.1.1	Solyc01g105690.2.1	5.4422	125.5	537.5	0.0728	0.5320	7.3026	-1609.917263	
Solyc04g076150.2.1	Solyc01g105720.2.1	4.2842	253.9	796.1	0.1138	0.4954	4.3519	-2481.497950	
Solyc04g076270.1.1	Solyc01g105780.2.1	4.5019	202.5	778.5	0.0999	0.5246	5.2536	-2406.400694	
Solyc04g076280.2.1	Solyc01g105800.2.1	8.6698	108.9	377.1	0.0758	0.7746	10.2128	-1223.709711	
Solyc04g076530.2.1	Solyc01g106030.2.1	3.8690	179.4	627.6	0.1158	0.4781	4.1299	-1958.380966	
Solyc04g076750.1.1	Solyc01g106200.1.1	2.1618	143.3	429.7	0.0988	0.2196	2.2230	-1258.880686	
Solyc04g076820.1.1	Solyc01g106320.2.1	3.3959	214.5	814.5	0.1322	0.4779	3.6154	-2485.770933	
Solyc04g076870.2.1	Solyc01g106390.2.1	3.4335	80.3	273.7	0.0462	0.2014	4.3606	-767.846718	
Solyc04g076980.2.1	Solyc01g106500.2.1	50.0000	131.0	529.0	0.0091	0.7354	80.9944	-1671.577612	
Solyc09g065730.2.1	Solyc03g005230.2.1	1.6787	225.7	770.3	0.0695	0.1388	1.9955	-2047.364404	
Solyc09g065780.2.1	Solyc03g005320.2.1	11.6919	297.8	986.2	0.0269	0.4155	15.4259	-3072.008212	
Solyc09g065820.2.1	Solyc03g005350.2.1	2.8990	182.4	579.6	0.0999	0.3062	3.0642	-1763.856857	
Solyc09g065920.2.1	Solyc03g005390.2.1	3.1263	247.8	835.2	0.0523	0.2024	3.8723	-2345.320281	
Solyc09g066300.1.1	Solyc03g005490.2.1	50.0000	97.1	343.9	0.0055	0.4065	74.2207	-1048.391851	
Solyc09g066360.1.1	Solyc03g005520.1.1	50.0000	81.4	356.6	0.0052	0.4553	87.6791	-1022.890930	
Solyc09g066410.1.1	Solyc03g005530.1.1	8.2463	395.1	1143.9	0.0176	0.1789	10.1896	-3309.594860	
Solyc09g072560.2.1	Solyc03g005580.2.1	50.0000	331.3	1045.7	0.0075	0.5057	67.6698	-3437.810156	
Solyc06g076200.1.1	Solyc06g005550.1.1	11.4814	135.5	428.5	0.0353	0.5060	14.3297	-1301.442548	
Solyc06g076220.2.1	Solyc06g005560.2.1	1.1882	166.4	553.6	0.1093	0.1374	1.2568	-1471.207864	
Solyc06g076270.2.1	Solyc06g005590.2.1	0.7169	171.1	557.9	0.2382	0.1365	0.5731	-1415.769560	
Solyc06g076340.2.1	Solyc06g005670.2.1	0.6122	338.3	1224.7	0.0987	0.0686	0.6945	-2860.018687	
Solyc06g076350.2.1	Solyc06g005680.2.1	2.2245	139.7	535.3	0.1670	0.3648	2.1846	-1577.807936	
Solyc06g076410.2.1	Solyc06g005750.2.1	0.6855	198.0	558.0	0.1545	0.0939	0.6078	-1422.732928	
Solyc06g076430.2.1	Solyc06g005800.2.1	0.6175	168.1	683.9	0.0287	0.0268	0.9340	-1460.209414	
Solyc06g076450.2.1	Solyc06g005810.2.1	0.5951	157.1	463.9	0.0656	0.0431	0.6568	-1109.524221	
Solyc07g043530.1.1	Solyc12g006420.1.1	1.5403	134.4	399.6	0.2972	0.3219	1.0832	-1207.763606	
Solyc07g043550.2.1	Solyc12g006410.1.1	0.6735	210.4	671.6	0.0450	0.0370	0.8231	-1541.811993	
Solyc07g043590.2.1	Solyc12g006370.1.1	0.5706	340.8	1069.2	0.1081	0.0635	0.5875	-2561.081909	
Solyc07g043610.2.1	Solyc12g006340.1.1	50.0000	94.5	322.5	0.0245	1.6641	67.8928	-1111.401516	
Solyc07g043670.1.1	Solyc12g006330.1.1	2.8405	268.1	922.9	0.1961	0.4924	2.5108	-2874.661946	
Solyc07g044760.2.1	Solyc12g006320.1.1	1.0909	283.4	1000.6	0.1656	0.1722	1.0395	-2675.937227	
Solyc07g044810.2.1	Solyc12g006310.1.1	0.6392	151.9	568.1	0.1209	0.0841	0.6954	-1344.392834	
Solyc07g064900.2.1	Solyc12g014450.1.1	1.0920	303.0	903.0	0.1463	0.1476	1.0088	-2458.801874	
Solyc07g064910.2.1	Solyc12g014460.1.1	0.5957	388.8	1237.2	0.1162	0.0704	0.6062	-2968.429015	
Solyc07g064930.2.1	Solyc12g014470.1.1	0.8298	212.2	678.8	0.2427	0.1587	0.6538	-1768.653438	
Solyc07g064970.2.1	Solyc12g014490.1.1	0.7691	382.4	1267.6	0.1509	0.1113	0.7373	-3168.422580	
Solyc07g064990.2.1	Solyc12g014500.1.1	1.0105	254.8	774.2	0.0535	0.0626	1.1700	-1948.136664	
Solyc07g065050.2.1	Solyc12g014560.1.1	0.8418	315.4	929.6	0.1295	0.1038	0.8018	-2416.679788	
Solyc07g065120.2.1	Solyc12g014570.1.1	1.0588	487.6	1516.4	0.2404	0.1995	0.8301	-4229.179894	
Solyc07g065160.2.1	Solyc12g014590.1.1	0.8061	164.7	687.3	0.0969	0.0959	0.9900	-1568.459760	
Solyc07g063100.2.1	Solyc12g013860.1.1	1.0874	203.7	717.3	0.3593	0.2600	0.7235	-1932.470247	
Solyc07g063110.2.1	Solyc12g013850.1.1	1.4244	164.2	573.8	0.1355	0.1962	1.4482	-1567.142549	
Solyc07g063120.2.1	Solyc12g013840.1.1	0.5712	360.2	1103.8	0.1448	0.0776	0.5361	-2699.157715	
Solyc07g063190.2.1	Solyc12g013810.1.1	0.9566	132.0	336.0	0.3536	0.2104	0.5951	-990.020831	
Solyc07g063200.1.1	Solyc12g013800.1.1	1.0020	165.3	431.7	0.3114	0.2071	0.6653	-1263.488018	
Solyc07g063340.2.1	Solyc12g013650.1.1	1.1103	136.7	391.3	0.1217	0.1290	1.0603	-1052.544104	
Solyc07g063400.2.1	Solyc12g013630.1.1	1.2258	444.0	1317.0	0.2050	0.2066	1.0078	-3771.997358	
Solyc07g063410.2.1	Solyc12g013620.1.1	50.0000	165.4	671.6	0.0046	0.3776	82.8318	-1978.191651	
Solyc12g056920.1.1	Solyc04g072740.2.1	0.9873	474.8	1442.2	0.1871	0.1585	0.8472	-3867.593135	
Solyc12g056950.1.1	Solyc04g072780.2.1	1.5866	88.0	281.0	0.1885	0.2610	1.3844	-829.737517	
Solyc12g056980.1.1	Solyc04g072900.1.1	2.7370	106.7	358.3	0.1737	0.4363	2.5112	-1105.815296	
Solyc12g056990.1.1	Solyc04g072940.2.1	2.4772	171.1	713.9	0.0971	0.2951	3.0401	-1945.194739	
Solyc12g057010.1.1	Solyc04g073960.2.1	1.2096	308.1	930.9	0.1033	0.1276	1.2358	-2488.907453	
Solyc12g056580.1.1	Solyc04g072790.1.1	4.5393	524.8	1572.2	0.0217	0.1232	5.6770	-4288.122247	
Solyc12g056840.1.1	Solyc04g072480.2.1	0.8434	229.8	640.2	0.1985	0.1360	0.6852	-1707.440799	
Solyc12g056860.1.1	Solyc04g072460.2.1	0.5822	254.8	771.2	0.1480	0.0799	0.5397	-1912.335048	
Solyc06g062370.2.1	Solyc03g121100.2.1	1.9035	176.4	555.6	0.1493	0.2673	1.7909	-1629.306715	
Solyc06g062400.1.1	Solyc03g121140.2.1	1.2678	405.7	1409.3	0.3934	0.3143	0.7988	-4026.726562	
Solyc06g062460.2.1	Solyc03g121240.1.1	2.5795	112.1	358.9	0.0818	0.2343	2.8623	-1039.739899	
Solyc06g062490.2.1	Solyc03g121280.2.1	0.8353	229.7	727.3	0.2372	0.1571	0.6625	-1934.524097	
Solyc06g062520.1.1	Solyc03g121400.1.1	1.8348	114.6	413.4	0.2564	0.3754	1.4640	-1216.630328	
Solyc06g062530.2.1	Solyc03g121410.2.1	0.6119	362.4	1167.6	0.0817	0.0557	0.6818	-2754.194912	
Solyc06g062540.2.1	Solyc03g121420.2.1	1.1077	196.5	583.5	0.1342	0.1406	1.0482	-1569.177308	
Solyc05g007290.1.1	Solyc03g116360.1.1	3.2460	240.8	749.2	0.0815	0.2892	3.5491	-2215.614125	
Solyc05g007300.2.1	Solyc03g116350.2.1	7.7804	85.8	325.2	0.0187	0.2166	11.6034	-881.770719	
Solyc05g007420.1.1	Solyc03g116320.2.1	50.0000	122.8	549.2	0.0072	0.6374	88.3412	-1665.964117	
Solyc05g007480.1.1	Solyc03g116160.1.1	5.4153	214.1	787.9	0.0985	0.6109	6.2004	-2462.626963	
Solyc05g007490.2.1	Solyc03g116150.2.1	2.2581	393.4	1241.6	0.0672	0.1734	2.5810	-3411.651995	
Solyc05g007660.2.1	Solyc03g116030.2.1	2.6075	186.8	554.2	0.1380	0.3376	2.4464	-1710.663493	
Solyc05g007740.1.1	Solyc03g116000.1.1	50.0000	248.1	1023.9	0.0118	0.9608	81.4912	-3270.090840	
Solyc05g007830.2.1	Solyc03g115890.2.1	3.9523	149.4	555.6	0.0314	0.1750	5.5669	-1481.867285	
Solyc06g072050.2.1	Solyc03g019680.2.1	0.6315	407.9	1197.1	0.1605	0.0904	0.5631	-3007.657411	
Solyc06g072080.2.1	Solyc03g019730.2.1	0.6992	235.2	718.8	0.1633	0.1030	0.6307	-1811.681894	
Solyc06g072090.1.1	Solyc03g019760.2.1	0.9203	472.5	1393.5	0.1141	0.1034	0.9064	-3678.691943	
Solyc06g072110.2.1	Solyc03g019770.2.1	1.1594	553.9	1822.1	0.2642	0.2343	0.8870	-5131.146607	
Solyc06g072120.2.1	Solyc03g019780.2.1	0.6248	213.9	650.1	0.0975	0.0633	0.6490	-1555.530583	
Solyc06g072130.2.1	Solyc03g019820.2.1	1.4610	206.7	519.3	0.0723	0.1047	1.4476	-1432.069366	
Solyc06g072140.2.1	Solyc03g019900.2.1	0.4562	204.7	659.3	0.0177	0.0108	0.6072	-1416.484333	
Solyc06g072210.1.1	Solyc03g020010.1.1	3.3068	117.9	404.1	0.1400	0.4618	3.2974	-1240.587435	
Solyc08g080080.2.1	Solyc12g056490.1.1	0.6956	285.4	1013.6	0.0967	0.0759	0.7856	-2460.924513	
Solyc08g080090.2.1	Solyc12g056480.1.1	0.9201	139.5	511.5	0.1577	0.1430	0.9069	-1291.545502	
Solyc08g080100.2.1	Solyc12g056460.1.1	1.2593	111.7	479.3	0.2565	0.2712	1.0572	-1256.846293	
Solyc08g080170.2.1	Solyc12g056450.1.1	0.6061	321.8	1064.2	0.0670	0.0477	0.7124	-2474.878230	
Solyc08g080200.2.1	Solyc12g056440.1.1	1.0114	79.9	226.1	0.3841	0.2376	0.6187	-628.355457	
Solyc08g080290.2.1	Solyc12g056430.1.1	50.0000	113.5	366.5	0.0106	0.7206	68.1546	-1223.596256	
Solyc08g080340.2.1	Solyc12g056420.1.1	0.7452	350.9	1023.1	0.1584	0.1054	0.6653	-2663.181289	
Solyc08g080360.2.1	Solyc12g056410.1.1	1.1060	191.5	642.5	0.1231	0.1398	1.1362	-1682.787812	
Solyc02g091050.2.1	Solyc03g034400.2.1	1.2386	340.6	1021.4	0.1531	0.1733	1.1313	-2820.464532	
Solyc02g091180.1.1	Solyc03g034410.1.1	1.5125	83.8	345.2	0.0737	0.1460	1.9800	-859.264313	
Solyc02g091190.2.1	Solyc03g034420.1.1	1.0865	129.5	389.5	0.1976	0.1799	0.9106	-1067.919311	
Solyc02g091210.1.1	Solyc03g034430.1.1	0.9645	315.6	1007.4	0.1347	0.1269	0.9426	-2614.033909	
Solyc02g091300.2.1	Solyc03g043640.2.1	0.9239	79.7	328.3	0.1559	0.1496	0.9597	-785.348083	
Solyc02g091430.2.1	Solyc03g043700.2.1	0.9105	255.1	755.9	0.2454	0.1709	0.6964	-2063.292435	
Solyc02g091470.2.1	Solyc03g043710.1.1	7.9493	246.8	860.2	0.1022	0.8960	8.7631	-2882.324964	
Solyc12g014400.1.1	Solyc10g006170.2.1	0.9771	179.9	516.1	0.2590	0.1872	0.7229	-1460.744066	
Solyc12g014450.1.1	Solyc10g006120.1.1	1.1705	307.0	899.0	0.1045	0.1226	1.1735	-2434.547778	
Solyc12g014460.1.1	Solyc10g006110.2.1	0.6888	378.8	1241.2	0.1228	0.0860	0.7001	-3039.836355	
Solyc12g014600.1.1	Solyc10g006050.2.1	0.7331	169.2	667.8	0.1605	0.1188	0.7401	-1567.660181	
Solyc12g015690.1.1	Solyc10g005960.1.1	1.9712	149.6	438.4	0.2372	0.3614	1.5237	-1354.144950	
Solyc12g015700.1.1	Solyc10g005950.2.1	1.1431	185.4	633.6	0.1400	0.1594	1.1387	-1665.033029	
Solyc12g015860.1.1	Solyc10g005810.2.1	0.6703	70.2	259.8	0.1796	0.1133	0.6311	-641.938406	
Solyc12g014600.1.1	Solyc12g006180.1.1	4.6791	188.2	654.8	0.0433	0.2631	6.0704	-1852.045729	
Solyc10g006050.2.1	Solyc12g006180.1.1	6.3179	177.9	656.1	0.0314	0.2779	8.8481	-1851.951941	
Solyc12g014610.1.1	Solyc12g006170.1.1	6.3219	174.5	620.5	0.4053	1.5939	3.9330	-2106.513404	
Solyc12g015690.1.1	Solyc12g006110.1.1	7.7437	118.3	421.7	0.0618	0.5964	9.6537	-1318.056939	
Solyc10g005960.1.1	Solyc12g006110.1.1	11.8799	207.0	714.0	0.0203	0.3350	16.4658	-2128.170726	
Solyc12g015740.1.1	Solyc12g006090.1.1	3.2382	116.8	390.2	0.0552	0.2183	3.9562	-1084.065834	
Solyc02g081180.1.1	Solyc03g031830.1.1	1.4738	122.6	348.4	0.2691	0.2878	1.0695	-1052.473448	
Solyc02g081210.2.1	Solyc03g031840.2.1	1.1770	170.5	546.5	0.0712	0.0957	1.3434	-1419.681104	
Solyc02g081230.2.1	Solyc03g031850.1.1	0.9028	227.1	843.9	0.1338	0.1269	0.9480	-2063.566917	
Solyc02g081330.2.1	Solyc03g031860.2.1	0.8134	273.9	866.1	0.1309	0.1045	0.7982	-2212.645363	
Solyc02g081390.2.1	Solyc03g031880.2.1	0.7607	360.1	1049.9	0.1083	0.0817	0.7545	-2648.365754	
Solyc02g081420.2.1	Solyc03g031900.1.1	2.9305	513.8	1826.2	0.1545	0.4437	2.8716	-5574.778396	
Solyc02g081470.2.1	Solyc03g031980.2.1	50.0000	156.8	521.2	0.0141	0.9682	68.8366	-1760.833885	
Solyc02g081570.2.1	Solyc03g031920.2.1	0.8702	383.1	1068.9	0.0939	0.0818	0.8712	-2777.105204	
Solyc05g052470.2.1	Solyc06g050980.2.1	0.7494	149.3	591.7	0.0757	0.0722	0.9534	-1364.035150	
Solyc05g052480.2.1	Solyc06g050990.2.1	0.6512	324.2	1064.8	0.1867	0.1076	0.5765	-2659.907860	
Solyc05g052500.2.1	Solyc06g051000.2.1	0.9163	415.2	1303.8	0.2150	0.1623	0.7548	-3525.190016	
Solyc05g052290.1.1	Solyc06g050860.2.1	1.5688	160.7	577.3	0.2800	0.3352	1.1974	-1663.847186	
Solyc05g052300.2.1	Solyc06g050790.2.1	5.1298	349.2	931.8	0.0606	0.3272	5.4002	-2940.315840	
Solyc05g052310.2.1	Solyc06g050770.2.1	0.5868	154.5	574.5	0.1393	0.0847	0.6079	-1333.297615	
Solyc05g052320.2.1	Solyc06g050690.2.1	22.3829	589.0	1640.0	0.0318	0.8253	25.9357	-5715.032689	
Solyc05g052350.2.1	Solyc06g050560.2.1	1.0870	276.9	1052.1	0.1922	0.1932	1.0050	-2765.825516	
Solyc05g055500.1.1	Solyc09g008440.1.1	8.2846	141.9	650.1	0.0474	0.6003	12.6599	-1945.354912	
Solyc05g055510.2.1	Solyc09g008380.2.1	2.5580	273.5	923.5	0.0814	0.2382	2.9270	-2661.608582	
Solyc05g055530.2.1	Solyc09g008400.2.1	3.9018	146.4	477.6	0.0776	0.3435	4.4243	-1417.605029	
Solyc05g055540.1.1	Solyc09g008370.1.1	3.8741	367.7	1207.3	0.0462	0.2219	4.8034	-3416.920837	
Solyc05g055840.2.1	Solyc09g008050.2.1	50.0000	293.2	924.8	0.0051	0.3453	68.1462	-2812.638289	
Solyc05g055860.2.1	Solyc09g008010.2.1	7.2996	240.2	800.8	0.0861	0.7054	8.1926	-2652.600641	
Solyc05g055990.2.1	Solyc09g007760.2.1	4.0007	193.0	623.0	0.0634	0.2968	4.6801	-1852.063519	
Solyc05g056040.2.1	Solyc09g007810.2.1	50.0000	394.9	1372.1	0.0168	1.1839	70.4683	-4706.506358	
Solyc08g005890.2.1	Solyc12g096250.1.1	1.4942	228.5	794.5	0.1844	0.2506	1.3587	-2209.150035	
Solyc08g006040.2.1	Solyc12g096300.1.1	0.5581	156.6	590.4	0.0260	0.0210	0.8080	-1288.685946	
Solyc08g006100.2.1	Solyc12g096310.1.1	0.9301	127.8	520.2	0.0981	0.1102	1.1232	-1217.795866	
Solyc08g006150.2.1	Solyc12g096320.1.1	0.8977	132.8	413.2	0.0659	0.0673	1.0211	-1007.054312	
Solyc08g006320.2.1	Solyc12g096350.1.1	17.4413	164.3	498.7	0.0253	0.5509	21.7933	-1649.626276	
Solyc08g006460.2.1	Solyc12g096420.1.1	1.0455	208.4	670.6	0.2940	0.2221	0.7554	-1863.517222	
Solyc08g006470.2.1	Solyc12g096450.1.1	1.2014	207.0	789.0	0.1882	0.2112	1.1221	-2106.026297	
Solyc08g006530.2.1	Solyc12g096500.1.1	1.3727	251.4	696.6	0.1620	0.1929	1.1910	-2018.170495	
Solyc05g008890.2.1	Solyc03g119190.2.1	5.0039	144.4	491.6	0.0710	0.4199	5.9160	-1486.819786	
Solyc05g008930.2.1	Solyc03g119240.2.1	6.9919	222.7	875.3	0.0378	0.3786	10.0026	-2608.971459	
Solyc05g009110.1.1	Solyc03g119260.2.1	3.5438	218.8	702.2	0.0832	0.3266	3.9239	-2121.418971	
Solyc05g009150.2.1	Solyc03g119300.2.1	3.2091	149.3	582.7	0.0237	0.1136	4.8013	-1492.040725	
Solyc05g009240.2.1	Solyc03g119400.2.1	7.4563	423.5	1274.5	0.0902	0.7072	7.8367	-4308.258812	
Solyc05g009450.1.1	Solyc03g119580.1.1	50.0000	159.4	689.6	0.0101	0.8624	85.0211	-2143.738126	
Solyc05g009580.2.1	Solyc03g119640.2.1	4.9210	286.7	997.3	0.0480	0.3022	6.2951	-2879.180155	
Solyc05g009680.1.1	Solyc03g119690.1.1	50.0000	312.2	896.8	0.0043	0.2752	63.7439	-2793.595507	
Solyc12g056550.1.1	Solyc04g071480.1.1	0.9893	230.0	889.0	0.0983	0.1143	1.1624	-2188.110853	
Solyc12g056560.1.1	Solyc04g071490.2.1	1.5272	149.3	561.7	0.4511	0.4054	0.8987	-1588.844807	
Solyc12g056580.1.1	Solyc04g071650.2.1	0.5779	515.9	1581.1	0.0863	0.0534	0.6192	-3781.177813	
Solyc12g056590.1.1	Solyc04g071770.2.1	50.0000	111.6	353.4	0.0098	0.6610	67.3622	-1140.417059	
Solyc12g056510.1.1	Solyc04g071360.2.1	1.5292	253.5	1003.5	0.1009	0.1822	1.8063	-2647.383368	
Solyc12g056520.1.1	Solyc04g071350.2.1	0.7046	685.7	2233.3	0.2582	0.1402	0.5431	-5725.700306	
Solyc12g056530.1.1	Solyc04g071340.2.1	0.4797	229.3	769.7	0.0468	0.0282	0.6021	-1715.364313	
Solyc12g056510.1.1	Solyc11g005380.1.1	4.5444	269.4	984.6	0.0713	0.3989	5.5922	-2918.057809	
Solyc04g071360.2.1	Solyc11g005380.1.1	7.4927	271.5	979.5	0.0383	0.3873	10.1118	-2918.787038	
Solyc04g071520.2.1	Solyc11g005450.1.1	4.9781	147.0	579.0	0.0704	0.4518	6.4157	-1710.069641	
Solyc12g056580.1.1	Solyc11g005560.1.1	1.9470	511.9	1585.1	0.0365	0.0872	2.3885	-4126.574507	
Solyc04g071650.2.1	Solyc11g005560.1.1	1.7294	493.1	1603.9	0.0380	0.0830	2.1817	-4098.200609	
Solyc04g071870.1.1	Solyc11g005630.1.1	50.0000	269.4	765.6	0.0146	0.8983	61.4688	-2686.314225	
Solyc12g055720.1.1	Solyc03g123740.2.1	0.6343	246.4	854.6	0.1788	0.1043	0.5831	-2092.423329	
Solyc12g055730.1.1	Solyc03g123750.2.1	1.3955	320.8	1086.2	0.1635	0.2147	1.3133	-3017.642510	
Solyc12g055750.1.1	Solyc03g123790.2.1	0.5669	316.8	826.2	0.0853	0.0476	0.5578	-2022.889503	
Solyc12g049190.1.1	Solyc03g123780.2.1	14.4901	232.5	970.5	0.0597	1.1939	20.0088	-3160.389932	
Solyc12g049360.1.1	Solyc03g123740.2.1	5.4389	226.5	847.5	0.1432	0.8017	5.5971	-2734.227600	
Solyc12g049540.1.1	Solyc03g123520.2.1	1.0894	471.3	1535.7	0.2254	0.2009	0.8917	-4234.229306	
Solyc12g049560.1.1	Solyc03g123500.2.1	1.5120	110.9	342.1	0.5154	0.4097	0.7949	-1033.915316	
Solyc12g049590.1.1	Solyc03g123570.2.1	0.7895	1025.3	3246.7	0.2021	0.1351	0.6686	-8441.723284	
Solyc06g066560.1.1	Solyc03g120470.2.1	1.5605	211.2	517.8	0.1417	0.1888	1.3323	-1527.982225	
Solyc06g066580.2.1	Solyc03g120530.2.1	1.5107	151.1	622.9	0.4335	0.4012	0.9255	-1775.401882	
Solyc06g066590.2.1	Solyc03g120600.2.1	1.3901	109.6	334.4	0.1622	0.2037	1.2559	-958.756165	
Solyc06g066650.2.1	Solyc03g120650.2.1	1.0608	296.6	1023.4	0.1652	0.1656	1.0025	-2691.528664	
Solyc06g066820.2.1	Solyc03g119910.2.1	0.9604	212.4	630.6	0.1642	0.1403	0.8542	-1706.624724	
Solyc06g067890.2.1	Solyc03g119990.2.1	0.7061	401.6	1107.4	0.2362	0.1265	0.5356	-2955.763321	
Solyc06g067900.1.1	Solyc03g120020.2.1	1.1338	252.9	737.1	0.2695	0.2233	0.8287	-2100.136661	
Solyc06g067930.1.1	Solyc03g120060.2.1	1.2681	341.0	1150.0	0.2009	0.2213	1.1018	-3190.685497	
Solyc11g012400.1.1	Solyc05g054130.2.1	0.5995	243.2	770.8	0.1294	0.0765	0.5909	-1867.083812	
Solyc11g012460.1.1	Solyc05g054150.2.1	0.7196	136.3	484.7	0.0928	0.0762	0.8219	-1147.024249	
Solyc11g012510.1.1	Solyc05g054170.2.1	1.6077	194.8	573.2	0.1589	0.2288	1.4397	-1685.938377	
Solyc11g012590.1.1	Solyc05g054190.2.1	0.9686	147.0	453.0	0.0969	0.0984	1.0149	-1112.479415	
Solyc11g011910.1.1	Solyc05g054040.2.1	1.1754	416.6	1314.4	0.0519	0.0726	1.3990	-3309.190597	
Solyc11g011920.1.1	Solyc05g054050.2.1	0.8219	327.8	1121.2	0.0547	0.0558	1.0201	-2618.698124	
Solyc11g011960.1.1	Solyc05g054060.2.1	0.4829	315.7	962.3	0.1409	0.0642	0.4558	-2278.190757	
Solyc11g012110.1.1	Solyc05g054070.2.1	0.7923	157.3	529.7	0.0513	0.0505	0.9837	-1235.487899	
Solyc08g014540.1.1	Solyc12g096730.1.1	6.7031	228.8	926.2	0.0384	0.3749	9.7636	-2648.551049	
Solyc08g014550.2.1	Solyc12g096700.1.1	0.6292	87.3	326.7	0.0167	0.0157	0.9358	-693.517565	
Solyc08g014570.2.1	Solyc12g096670.1.1	0.6941	388.0	1202.0	0.1423	0.0936	0.6580	-2999.483446	
Solyc08g014580.2.1	Solyc12g096660.1.1	0.7378	261.4	827.6	0.1991	0.1251	0.6284	-2120.922477	
Solyc08g015650.2.1	Solyc12g096640.1.1	1.3082	260.2	864.8	0.2403	0.2519	1.0483	-2471.081766	
Solyc08g015660.2.1	Solyc12g096590.1.1	0.9686	145.7	526.3	0.1602	0.1511	0.9431	-1378.371977	
Solyc08g015680.1.1	Solyc12g096580.1.1	0.6829	594.2	1580.8	0.2447	0.1235	0.5047	-4236.475606	
Solyc00g007100.2.1	Solyc02g082550.2.1	0.6473	271.1	865.9	0.1207	0.0788	0.6531	-2096.299938	
Solyc00g007130.2.1	Solyc02g082510.1.1	0.8916	307.1	940.9	0.1582	0.1287	0.8136	-2420.964678	
Solyc00g007200.2.1	Solyc02g082430.2.1	0.6888	378.8	1061.2	0.1240	0.0803	0.6478	-2698.025446	
Solyc00g007220.2.1	Solyc02g082420.2.1	2.6751	134.3	345.7	0.1719	0.3799	2.2096	-1150.138135	
Solyc00g007270.2.1	Solyc02g082360.2.1	0.9771	119.2	435.8	0.2256	0.1875	0.8310	-1152.077510	
Solyc00g007300.2.1	Solyc02g082350.2.1	0.8864	327.2	1091.8	0.1369	0.1204	0.8796	-2803.499228	
Solyc05g054240.2.1	Solyc12g099560.1.1	0.6134	382.1	1177.9	0.2380	0.1146	0.4815	-2979.552656	
Solyc05g054260.2.1	Solyc12g099540.1.1	0.7266	402.1	1346.9	0.1603	0.1099	0.6855	-3367.945406	
Solyc05g054270.2.1	Solyc12g099520.1.1	0.9498	76.5	385.5	0.1822	0.1816	0.9966	-916.958509	
Solyc05g054310.2.1	Solyc12g099470.1.1	0.4434	340.8	1051.2	0.0379	0.0205	0.5406	-2322.757736	
Solyc05g054320.2.1	Solyc12g099430.1.1	50.0000	214.1	724.9	0.0032	0.2331	72.3195	-2039.800839	
Solyc05g054390.2.1	Solyc12g099380.1.1	1.4029	228.5	782.5	0.3891	0.3452	0.8871	-2288.074365	
Solyc05g054400.2.1	Solyc12g099370.1.1	1.3847	75.3	305.7	0.1628	0.2290	1.4061	-823.795464	
Solyc09g011480.2.1	Solyc10g086660.1.1	1.0035	343.2	1162.8	0.1886	0.1689	0.8955	-3107.325279	
Solyc09g011660.2.1	Solyc10g086670.1.1	1.0481	105.8	377.2	0.1938	0.1828	0.9431	-978.902451	
Solyc09g011710.2.1	Solyc10g086680.1.1	2.5303	89.8	327.2	0.1527	0.3843	2.5162	-952.104567	
Solyc09g011740.2.1	Solyc10g086690.1.1	0.6568	210.1	653.9	0.1550	0.0942	0.6074	-1647.362998	
Solyc09g011790.2.1	Solyc10g086710.1.1	1.4523	98.5	366.5	0.2454	0.2932	1.1948	-1029.690344	
Solyc09g011810.2.1	Solyc10g086720.1.1	0.6657	221.8	642.2	0.1145	0.0743	0.6492	-1595.124875	
Solyc09g011820.2.1	Solyc10g086740.1.1	7.5258	69.5	239.5	0.0869	0.7462	8.5822	-771.765968	
Solyc12g056600.2.1	Solyc04g071940.2.1	50.0000	148.5	463.5	0.0069	0.4634	67.2602	-1459.346566	
Solyc12g056620.1.1	Solyc04g071930.2.1	1.2722	106.0	356.0	0.1201	0.1582	1.3167	-944.460677	
Solyc12g056630.1.1	Solyc04g071980.2.1	0.8421	137.2	429.8	0.1479	0.1173	0.7929	-1114.489032	
Solyc12g056650.1.1	Solyc04g071990.2.1	0.6695	852.5	2630.5	0.1944	0.1108	0.5699	-6682.483079	
Solyc12g056750.1.1	Solyc04g072070.2.1	2.5838	77.9	465.1	0.6889	0.8089	1.1742	-1275.779759	
Solyc12g056760.1.1	Solyc04g072120.2.1	1.0653	152.2	414.8	0.2358	0.1899	0.8053	-1204.980523	
Solyc12g056780.1.1	Solyc04g072160.2.1	1.0252	114.7	419.3	0.1785	0.1719	0.9626	-1074.395936	
Solyc02g092990.1.1	Solyc03g044220.1.1	1.0205	355.0	1220.0	0.1498	0.1492	0.9963	-3236.495251	
Solyc02g093040.2.1	Solyc03g044230.1.1	1.2482	246.2	731.8	0.1635	0.1818	1.1123	-2024.164625	
Solyc02g093060.2.1	Solyc03g044270.2.1	0.6930	241.4	754.6	0.1744	0.1076	0.6168	-1922.532260	
Solyc02g093110.2.1	Solyc03g044260.2.1	0.5397	98.4	333.6	0.0643	0.0417	0.6485	-773.872035	
Solyc02g093150.2.1	Solyc03g044300.2.1	1.2037	188.9	732.1	0.2170	0.2306	1.0627	-1987.328443	
Solyc02g093190.2.1	Solyc03g044380.2.1	1.1243	179.7	762.3	0.2589	0.2424	0.9361	-2003.286703	
Solyc02g093290.2.1	Solyc03g044430.2.1	0.5690	404.8	1266.2	0.1225	0.0693	0.5661	-3033.634035	
Solyc02g092980.2.1	Solyc01g107730.2.1	3.2086	176.0	724.0	0.0810	0.3323	4.1026	-2048.649145	
Solyc02g093000.2.1	Solyc01g107750.2.1	2.1188	231.0	687.0	0.0542	0.1310	2.4167	-1865.518045	
Solyc02g093040.2.1	Solyc01g107760.2.1	4.2465	202.3	775.7	0.0433	0.2540	5.8696	-2194.645457	
Solyc02g093090.1.1	Solyc01g107800.2.1	50.0000	167.0	574.0	0.0044	0.3209	72.8710	-1716.239194	
Solyc02g093140.2.1	Solyc01g107860.2.1	3.4536	171.8	503.2	0.0708	0.2652	3.7468	-1530.341384	
Solyc02g093160.2.1	Solyc01g107890.2.1	5.5882	413.1	1341.9	0.0919	0.5600	6.0940	-4253.404063	
Solyc02g093230.2.1	Solyc01g107910.2.1	2.8421	97.7	310.3	0.0125	0.0476	3.8066	-749.375316	
Solyc11g064790.1.1	Solyc01g008820.2.1	0.6148	283.7	727.3	0.1180	0.0662	0.5606	-1832.769413	
Solyc11g064830.1.1	Solyc01g008810.2.1	0.9446	169.2	532.8	0.2154	0.1677	0.7784	-1441.868357	
Solyc11g064860.1.1	Solyc01g008770.2.1	4.8449	82.3	289.7	0.2559	0.9828	3.8406	-975.753422	
Solyc11g064900.1.1	Solyc01g008740.1.1	0.6084	129.3	683.7	0.0568	0.0557	0.9806	-1377.535708	
Solyc11g064950.1.1	Solyc01g008730.2.1	0.6837	235.4	703.6	0.1348	0.0874	0.6479	-1783.999553	
Solyc11g065030.1.1	Solyc01g008690.2.1	0.7449	173.7	474.3	0.1030	0.0745	0.7231	-1198.178693	
Solyc02g067420.2.1	Solyc03g113100.2.1	1.3734	85.4	346.6	0.0194	0.0415	2.1462	-793.548263	
Solyc02g067430.2.1	Solyc03g113120.2.1	50.0000	172.8	622.2	0.0073	0.5487	74.7228	-1929.262683	
Solyc02g067440.2.1	Solyc03g113130.2.1	4.3446	136.0	524.0	0.0684	0.3805	5.5612	-1553.614319	
Solyc02g067450.2.1	Solyc03g113150.2.1	5.0256	274.6	925.4	0.0559	0.3441	6.1611	-2802.187682	
Solyc02g067460.2.1	Solyc03g113210.2.1	47.9362	178.8	529.2	0.0088	0.5438	61.6703	-1747.323670	
Solyc02g067470.2.1	Solyc03g113220.2.1	6.1435	160.8	535.2	0.0113	0.0963	8.5417	-1354.587309	
Solyc02g067780.2.1	Solyc03g113450.2.1	50.0000	252.6	836.4	0.0121	0.8355	69.0896	-2810.829546	
Solyc02g091660.2.1	Solyc01g106280.2.1	3.6365	285.6	986.4	0.2058	0.6495	3.1554	-3191.726436	
Solyc02g091670.1.1	Solyc01g106320.2.1	50.0000	171.5	602.5	0.0090	0.6558	72.9148	-1962.118238	
Solyc02g091800.2.1	Solyc01g106460.2.1	50.0000	132.7	527.3	0.0061	0.4973	80.9353	-1568.333404	
Solyc02g091840.2.1	Solyc01g106500.2.1	50.0000	198.6	788.4	0.0097	0.7724	79.7628	-2535.099644	
Solyc02g091920.2.1	Solyc01g106650.2.1	9.8632	181.6	640.4	0.0369	0.4856	13.1684	-1986.828502	
Solyc02g092000.2.1	Solyc01g106580.2.1	1.9858	193.3	565.7	0.0884	0.1825	2.0650	-1624.394364	
Solyc02g092030.1.1	Solyc01g106570.2.1	1.6514	299.2	891.8	0.1307	0.2062	1.5769	-2565.056314	
Solyc02g078480.2.1	Solyc03g006470.2.1	1.1841	294.5	848.5	0.1447	0.1564	1.0813	-2335.689494	
Solyc02g078530.2.1	Solyc03g006500.2.1	0.9413	208.9	724.1	0.2942	0.2041	0.6938	-1965.642314	
Solyc02g078540.2.1	Solyc03g006510.2.1	1.0496	220.6	646.4	0.1654	0.1532	0.9260	-1743.549414	
Solyc02g078610.2.1	Solyc03g006520.2.1	0.5362	333.4	1394.6	0.0820	0.0566	0.6899	-3057.453438	
Solyc02g078660.2.1	Solyc03g006530.2.1	1.2211	555.5	1625.5	0.2948	0.2529	0.8581	-4742.097087	
Solyc02g078700.2.1	Solyc03g006580.2.1	0.9901	123.5	401.5	0.1429	0.1369	0.9577	-1039.013367	
Solyc02g078760.1.1	Solyc03g006600.1.1	2.0874	162.4	569.6	0.3535	0.4950	1.4003	-1777.904681	
Solyc09g059270.2.1	Solyc06g083270.2.1	1.0121	218.3	594.7	0.1927	0.1588	0.8238	-1641.995696	
Solyc09g059310.2.1	Solyc06g083300.2.1	0.9045	301.7	910.3	0.1635	0.1326	0.8112	-2400.679392	
Solyc09g059320.1.1	Solyc06g083310.2.1	0.9775	109.3	424.7	0.1797	0.1684	0.9371	-1078.735202	
Solyc09g059430.2.1	Solyc06g083390.2.1	1.2977	139.0	518.0	0.2248	0.2501	1.1126	-1405.356299	
Solyc09g059470.2.1	Solyc06g083370.2.1	0.8067	400.0	1187.0	0.1960	0.1322	0.6746	-3146.294170	
Solyc09g059500.2.1	Solyc06g083350.2.1	0.7318	253.1	748.9	0.1017	0.0755	0.7422	-1899.023404	
Solyc09g059550.1.1	Solyc06g083330.2.1	1.5917	86.6	408.4	0.2789	0.3653	1.3099	-1089.609817	
Solyc06g063090.2.1	Solyc03g123600.2.1	0.5438	365.2	1017.8	0.1779	0.0817	0.4589	-2539.797255	
Solyc06g063100.2.1	Solyc03g123660.2.1	0.5838	169.9	499.1	0.1130	0.0650	0.5751	-1224.937787	
Solyc06g063110.1.1	Solyc03g123680.1.1	3.0616	113.9	375.1	0.2448	0.5938	2.4257	-1235.058936	
Solyc06g063120.2.1	Solyc03g123720.2.1	0.7688	240.5	770.5	0.0997	0.0814	0.8165	-1885.335956	
Solyc06g063140.2.1	Solyc03g123730.2.1	0.5395	275.5	930.5	0.0100	0.0076	0.7614	-1975.432299	
Solyc06g063150.2.1	Solyc03g123740.2.1	1.0611	234.9	833.1	0.1396	0.1502	1.0757	-2183.503887	
Solyc06g063260.2.1	Solyc03g123900.2.1	0.6031	325.5	1030.5	0.1937	0.1006	0.5191	-2555.346835	
Solyc01g100540.2.1	Solyc01g079350.2.1	2.6504	281.9	1119.1	0.1421	0.3990	2.8069	-3301.902700	
Solyc01g100580.2.1	Solyc01g079320.2.1	5.0827	309.1	986.9	0.1210	0.6201	5.1242	-3195.091206	
Solyc01g100590.2.1	Solyc01g079310.2.1	2.2598	245.1	822.9	0.1095	0.2628	2.3995	-2386.440905	
Solyc01g100780.2.1	Solyc01g079230.2.1	50.0000	184.7	640.3	0.0088	0.6375	72.2453	-2052.044196	
Solyc01g100830.1.1	Solyc01g079170.2.1	14.7757	226.2	709.8	0.0131	0.2571	19.5757	-2091.935230	
Solyc01g100930.2.1	Solyc01g079160.2.1	50.0000	219.9	815.1	0.0050	0.3816	77.0467	-2462.657979	
Solyc01g100980.2.1	Solyc01g079130.1.1	1.9253	269.2	879.8	0.1085	0.2194	2.0224	-2480.631075	
Solyc05g012480.2.1	Solyc02g088700.2.1	2.7405	353.1	1116.9	0.0587	0.1883	3.2076	-3205.609939	
Solyc05g012490.1.1	Solyc02g088670.1.1	3.2670	178.7	868.3	0.2274	0.6892	3.0315	-2550.768319	
Solyc05g012560.1.1	Solyc02g088570.1.1	2.2945	201.6	575.4	0.1742	0.3429	1.9686	-1808.049209	
Solyc05g012630.1.1	Solyc02g088470.1.1	5.3607	292.9	1102.1	0.1531	0.8268	5.3990	-3511.245560	
Solyc05g012640.2.1	Solyc02g088480.2.1	4.2635	616.4	2008.6	0.2253	0.7863	3.4901	-6669.704826	
Solyc05g012770.2.1	Solyc02g088340.2.1	4.4760	173.3	621.7	0.1509	0.6700	4.4417	-2008.001645	
Solyc05g012780.2.1	Solyc02g088320.2.1	2.4718	252.1	887.9	0.1083	0.2920	2.6972	-2585.827593	
Solyc07g049290.2.1	Solyc12g006050.1.1	1.0027	430.9	1210.1	0.0984	0.0981	0.9973	-3220.972444	
Solyc07g049380.1.1	Solyc12g006000.1.1	1.4825	357.7	1253.3	0.1628	0.2307	1.4173	-3519.353162	
Solyc07g049410.2.1	Solyc12g005990.1.1	0.8370	173.1	615.9	0.2465	0.1670	0.6776	-1598.077137	
Solyc07g049490.1.1	Solyc12g005960.1.1	4.2640	99.2	320.8	0.1045	0.4700	4.4988	-1024.323172	
Solyc07g049530.2.1	Solyc12g005940.1.1	0.7496	198.4	644.6	0.0477	0.0438	0.9191	-1494.612473	
Solyc07g049580.2.1	Solyc12g005930.1.1	0.5277	239.8	765.2	0.1322	0.0686	0.5184	-1808.502522	
Solyc07g049600.2.1	Solyc12g005920.1.1	0.7347	455.3	1479.7	0.1180	0.0888	0.7522	-3664.725175	
Solyc11g013820.1.1	Solyc06g065540.2.1	14.6834	147.9	563.1	0.0293	0.6207	21.1706	-1752.397384	
Solyc11g013860.1.1	Solyc06g065530.2.1	48.3627	62.8	354.2	0.0034	0.3604	104.9503	-940.975521	
Solyc11g016990.1.1	Solyc06g065480.2.1	0.7661	195.2	584.8	0.2875	0.1576	0.5483	-1579.689963	
Solyc11g017000.1.1	Solyc06g065460.2.1	0.5926	282.9	848.1	0.1573	0.0844	0.5368	-2097.466852	
Solyc11g017130.1.1	Solyc06g065450.2.1	0.9948	563.2	1824.8	0.3484	0.2301	0.6605	-5034.938538	
Solyc11g017140.1.1	Solyc06g065440.1.1	0.9779	218.7	759.3	0.1595	0.1496	0.9382	-1949.791101	
Solyc11g017270.1.1	Solyc06g065260.2.1	50.0000	306.1	1022.9	0.0113	0.7892	69.7219	-3416.635266	
Solyc09g082210.2.1	Solyc09g065390.1.1	4.3309	62.0	346.0	0.0934	0.5830	6.2452	-968.762328	
Solyc09g082270.2.1	Solyc09g065410.2.1	50.0000	101.8	315.2	0.0083	0.5548	66.5306	-1021.924620	
Solyc09g082330.1.1	Solyc09g065470.2.1	50.0000	232.2	646.8	0.0085	0.5211	61.6414	-2148.493161	
Solyc09g082370.2.1	Solyc09g065480.1.1	1.9523	285.1	911.9	0.0596	0.1368	2.2951	-2455.679953	
Solyc09g082460.2.1	Solyc09g065520.2.1	2.1655	251.1	759.9	0.0918	0.2088	2.2744	-2197.072591	
Solyc09g082510.2.1	Solyc09g065550.2.1	3.5692	411.4	1253.6	0.1182	0.4184	3.5398	-3851.023519	
Solyc09g082670.2.1	Solyc09g065660.2.1	2.7023	182.5	675.5	0.1697	0.4414	2.6010	-2003.347591	
Solyc05g053550.2.1	Solyc09g091510.2.1	0.8584	275.9	846.1	0.0389	0.0404	1.0397	-2037.955852	
Solyc05g053570.2.1	Solyc09g091660.2.1	0.6810	476.6	1341.4	0.1070	0.0712	0.6655	-3357.379072	
Solyc05g053650.2.1	Solyc09g091750.2.1	0.6299	759.1	2210.9	0.0759	0.0511	0.6728	-5326.224471	
Solyc05g053660.1.1	Solyc09g091760.1.1	1.4086	119.7	582.3	0.1752	0.2605	1.4869	-1478.687183	
Solyc05g053670.2.1	Solyc09g091740.2.1	0.5243	151.5	463.5	0.0276	0.0180	0.6542	-1054.156847	
Solyc05g053680.1.1	Solyc09g091730.2.1	2.4170	165.0	789.0	0.1465	0.4014	2.7391	-2173.555007	
Solyc05g053930.2.1	Solyc09g091990.2.1	4.5747	138.3	563.7	0.2124	0.8812	4.1497	-1811.360861	
Solyc04g005220.1.1	Solyc01g010130.2.1	2.5260	153.7	677.3	0.4181	0.6697	1.6015	-2069.191649	
Solyc04g005290.2.1	Solyc01g010140.1.1	2.3060	273.8	902.2	0.3930	0.5654	1.4386	-2809.545452	
Solyc04g005410.1.1	Solyc01g010280.2.1	50.0000	255.8	854.2	0.0249	1.6616	66.7687	-2951.159787	
Solyc04g005430.2.1	Solyc01g010370.2.1	0.7290	423.5	1271.5	0.1808	0.1140	0.6303	-3275.552499	
Solyc04g005440.1.1	Solyc01g010410.2.1	1.2927	200.8	912.2	0.2585	0.2840	1.0985	-2410.343044	
Solyc04g005460.1.1	Solyc01g010510.2.1	50.0000	305.8	1113.2	0.0094	0.7055	74.7693	-3546.440640	
Solyc04g005680.2.1	Solyc01g010540.2.1	0.4577	135.7	413.3	0.0010	0.0006	0.6152	-883.933364	
Solyc02g093700.2.1	Solyc03g005120.2.1	0.8573	185.5	603.5	0.1496	0.1223	0.8175	-1544.017584	
Solyc02g093790.2.1	Solyc03g005100.2.1	0.7898	291.7	875.3	0.0682	0.0596	0.8743	-2136.943177	
Solyc02g093850.2.1	Solyc03g005090.2.1	0.7561	412.2	1444.8	0.1608	0.1168	0.7261	-3618.840522	
Solyc02g093980.2.1	Solyc03g005060.2.1	1.0111	621.9	2093.1	0.3700	0.2425	0.6553	-5738.580670	
Solyc02g093990.2.1	Solyc03g005050.2.1	1.2464	187.8	571.2	0.2203	0.2215	1.0054	-1647.281141	
Solyc02g094030.2.1	Solyc03g005030.2.1	1.6822	138.3	455.7	0.2345	0.3186	1.3586	-1349.189058	
Solyc02g094040.2.1	Solyc03g005020.2.1	1.1880	268.4	904.6	0.2004	0.2070	1.0328	-2503.744426	
Solyc09g083000.2.1	Solyc03g005310.2.1	0.7801	362.1	993.9	0.1802	0.1174	0.6514	-2655.177724	
Solyc09g083050.2.1	Solyc03g005320.2.1	1.0410	319.6	1084.4	0.0391	0.0526	1.3459	-2563.068669	
Solyc09g083090.2.1	Solyc03g005330.1.1	1.8443	206.3	606.7	0.1027	0.1911	1.8611	-1741.367104	
Solyc09g083120.2.1	Solyc03g005340.2.1	1.1584	470.7	1476.3	0.1651	0.1737	1.0524	-4043.482027	
Solyc09g082760.2.1	Solyc03g005280.2.1	0.9415	327.6	1124.4	0.2312	0.1793	0.7756	-2982.702968	
Solyc09g082770.2.1	Solyc03g005270.2.1	0.8380	173.4	471.6	0.1554	0.1135	0.7303	-1266.797088	
Solyc09g082860.2.1	Solyc03g005250.2.1	0.6247	295.9	964.1	0.0958	0.0647	0.6757	-2320.926580	
Solyc05g005280.2.1	Solyc03g114360.2.1	4.4010	172.6	709.4	0.1136	0.5805	5.1110	-2168.454565	
Solyc05g005540.2.1	Solyc03g114240.2.1	50.0000	463.4	1396.6	0.0059	0.3894	65.7255	-4384.364233	
Solyc05g005670.1.1	Solyc03g114160.1.1	3.8145	312.0	936.0	0.0964	0.3802	3.9457	-2971.326816	
Solyc05g005700.2.1	Solyc03g114150.2.1	1.5784	331.6	1102.4	0.0569	0.1088	1.9133	-2851.153261	
Solyc05g005790.2.1	Solyc03g114090.1.1	3.8640	85.1	391.9	0.0473	0.2804	5.9289	-1058.041993	
Solyc05g006020.2.1	Solyc03g114030.2.1	1.9379	409.0	1130.0	0.0670	0.1374	2.0512	-3183.813227	
Solyc05g006030.2.1	Solyc03g114020.2.1	4.0600	103.6	355.4	0.0871	0.4021	4.6148	-1076.406234	
Solyc11g009100.1.1	Solyc05g051530.2.1	1.9771	312.0	1239.0	0.0646	0.1684	2.6074	-3165.976332	
Solyc11g010110.1.1	Solyc05g051520.2.1	0.8088	413.0	1432.0	0.2300	0.1541	0.6701	-3673.983334	
Solyc11g010190.1.1	Solyc05g051510.2.1	0.8908	225.5	575.5	0.0623	0.0567	0.9102	-1499.996893	
Solyc11g010270.1.1	Solyc05g051460.2.1	2.2900	112.9	559.1	0.1408	0.3769	2.6768	-1553.734289	
Solyc11g010360.1.1	Solyc05g051440.1.1	1.6827	147.5	494.5	0.1499	0.2436	1.6245	-1424.575561	
Solyc11g010460.1.1	Solyc05g051410.2.1	0.8141	175.4	646.6	0.2823	0.1759	0.6233	-1638.805606	
Solyc11g010500.1.1	Solyc05g051400.2.1	1.6838	237.7	590.3	0.0423	0.0749	1.7689	-1614.542146	
Solyc12g100170.1.1	Solyc01g006580.2.1	3.2667	177.2	701.8	0.1560	0.5209	3.3386	-2066.706066	
Solyc12g100200.1.1	Solyc01g006490.2.1	0.7691	370.4	1090.6	0.0862	0.0695	0.8066	-2700.594796	
Solyc12g100230.1.1	Solyc01g006430.2.1	1.2124	202.6	643.4	0.1624	0.1808	1.1135	-1781.101815	
Solyc12g100290.1.1	Solyc01g006220.2.1	0.7080	230.6	837.4	0.2963	0.1560	0.5264	-2124.061720	
Solyc12g100300.1.1	Solyc01g006150.2.1	0.7640	285.6	773.4	0.1763	0.1127	0.6391	-2019.280598	
Solyc12g100310.1.1	Solyc01g006120.2.1	0.6466	400.0	1355.0	0.1302	0.0854	0.6561	-3301.374358	
Solyc12g100330.1.1	Solyc01g006100.2.1	1.2931	503.2	1731.8	0.1435	0.1839	1.2815	-4655.233887	
Solyc04g078470.2.1	Solyc01g107730.2.1	2.1497	173.1	717.9	0.1679	0.3650	2.1742	-2019.095821	
Solyc04g078540.2.1	Solyc01g107760.2.1	50.0000	218.9	765.1	0.0035	0.2577	74.0075	-2210.040209	
Solyc04g078700.2.1	Solyc01g108000.2.1	50.0000	251.5	840.5	0.0128	0.8907	69.3821	-2833.560456	
Solyc04g078840.2.1	Solyc01g108080.2.1	2.3306	202.2	745.8	0.1185	0.3002	2.5346	-2149.368293	
Solyc04g078900.2.1	Solyc01g108210.2.1	2.1262	293.3	1035.7	0.0882	0.2159	2.4487	-2853.845761	
Solyc04g078940.2.1	Solyc01g108250.2.1	3.5636	382.3	1516.7	0.0430	0.2166	5.0418	-4098.844720	
Solyc04g079190.2.1	Solyc01g108520.1.1	6.0943	181.1	670.9	0.0636	0.4921	7.7346	-2042.128421	
Solyc04g081990.2.1	Solyc01g111840.2.1	3.4283	288.5	830.5	0.1454	0.4544	3.1246	-2664.929256	
Solyc04g082110.2.1	Solyc01g111930.2.1	3.8330	297.8	890.2	0.0515	0.2274	4.4168	-2646.962928	
Solyc04g082140.2.1	Solyc01g111970.2.1	1.6926	376.5	1207.5	0.1084	0.1910	1.7612	-3420.153729	
Solyc04g082220.1.1	Solyc01g111980.2.1	5.8745	291.1	869.9	0.0470	0.3219	6.8488	-2673.743091	
Solyc04g082450.2.1	Solyc01g112180.2.1	4.0623	205.4	622.6	0.2517	0.7794	3.0965	-2105.467299	
Solyc04g082480.2.1	Solyc01g112190.2.1	3.4847	493.4	1696.6	0.0890	0.3514	3.9477	-5157.243159	
Solyc04g082500.2.1	Solyc01g112220.2.1	50.0000	261.5	800.5	0.0061	0.4064	66.4539	-2550.570447	
Solyc07g041940.2.1	Solyc06g051540.2.1	10.5631	229.9	757.1	0.0697	0.8570	12.2958	-2547.993103	
Solyc07g041940.2.1	Solyc03g080060.1.1	50.0000	238.2	775.8	0.0157	1.0600	67.5075	-2678.572481	
Solyc06g051540.2.1	Solyc03g080060.1.1	6.2595	227.2	702.8	0.2349	1.1619	4.9459	-2461.149994	
Solyc07g041970.2.1	Solyc03g079890.1.1	14.0429	431.4	1407.6	0.0378	0.6710	17.7654	-4662.535420	
Solyc07g041940.2.1	Solyc12g017840.1.1	7.1032	178.5	691.5	1.3270	2.4938	1.8792	-2280.960229	
Solyc06g051540.2.1	Solyc12g017840.1.1	50.0000	181.8	619.2	0.0261	1.7599	67.4334	-2110.750687	
Solyc03g080060.1.1	Solyc12g017840.1.1	50.0000	240.9	593.1	0.1733	7.0097	40.4442	-2219.454110	
Solyc06g051280.1.1	Solyc12g019360.1.1	10.1959	60.5	293.5	0.0529	0.8374	15.8228	-879.055095	
Solyc10g051010.1.1	Solyc01g109060.2.1	5.6063	285.0	1017.0	0.2138	1.0352	4.8428	-3381.574743	
Solyc10g051130.1.1	Solyc01g109310.2.1	1.2073	357.9	1040.1	0.3077	0.2553	0.8299	-3001.246491	
Solyc10g051200.1.1	Solyc01g109330.2.1	1.1716	333.7	995.3	0.3194	0.2544	0.7965	-2877.868101	
Solyc10g051270.1.1	Solyc01g109340.2.1	0.7815	143.5	477.5	0.2081	0.1386	0.6662	-1227.189566	
Solyc10g051330.1.1	Solyc01g109530.2.1	1.6113	196.8	916.2	0.1908	0.3069	1.6086	-2470.989949	
Solyc10g051340.1.1	Solyc01g109580.2.1	0.8073	365.7	1044.3	0.1380	0.1027	0.7441	-2723.055879	
Solyc10g051350.1.1	Solyc01g109620.2.1	0.4460	159.6	527.4	0.0444	0.0248	0.5579	-1164.806545	
Solyc09g010390.2.1	Solyc10g084620.1.1	1.0879	123.0	492.0	0.0964	0.1262	1.3086	-1232.194772	
Solyc09g010460.2.1	Solyc10g084670.1.1	0.6712	661.1	2161.9	0.1246	0.0846	0.6788	-5301.617146	
Solyc09g010520.2.1	Solyc10g084690.1.1	0.9496	267.0	918.0	0.1325	0.1279	0.9653	-2336.426210	
Solyc09g010570.1.1	Solyc10g084720.1.1	1.8505	172.8	418.2	0.1409	0.2217	1.5734	-1291.320226	
Solyc09g010790.1.1	Solyc10g084750.1.1	1.5308	378.2	1373.8	0.3562	0.3671	1.0305	-4006.044150	
Solyc09g010830.2.1	Solyc10g084760.1.1	0.8215	1374.0	4494.0	0.2438	0.1586	0.6507	-11786.460844	
Solyc09g010850.2.1	Solyc10g084770.1.1	1.2697	253.8	817.2	0.2487	0.2466	0.9918	-2378.360916	
Solyc05g006640.2.1	Solyc04g006940.2.1	48.0765	727.6	2407.4	0.0065	0.4392	67.5933	-7560.810446	
Solyc05g006920.2.1	Solyc04g005790.2.1	50.0000	414.0	1221.0	0.0116	0.7370	63.6402	-4173.595825	
Solyc05g006980.2.1	Solyc04g005800.2.1	2.1283	109.4	541.6	0.1654	0.3839	2.3216	-1470.056066	
Solyc05g007010.1.1	Solyc04g005780.1.1	1.6076	415.0	1184.0	0.1323	0.1983	1.4990	-3467.231941	
Solyc05g007160.2.1	Solyc04g005710.1.1	2.2613	153.0	582.0	0.2844	0.4947	1.7391	-1752.993245	
Solyc05g007220.2.1	Solyc04g005670.1.1	1.3421	120.1	311.9	0.0998	0.1275	1.2778	-870.651645	
Solyc05g007250.2.1	Solyc04g005680.2.1	0.4072	118.7	430.3	0.0038	0.0023	0.6191	-883.502467	
Solyc04g005910.2.1	Solyc08g059730.1.1	50.0000	248.0	853.0	0.0097	0.6915	71.6273	-2788.003491	
Solyc05g006920.2.1	Solyc08g061010.2.1	50.0000	190.5	595.5	0.0103	0.6860	66.6066	-1963.460554	
Solyc04g005790.2.1	Solyc08g061010.2.1	50.0000	193.0	587.0	0.0102	0.6665	65.3165	-1945.959726	
Solyc05g007050.2.1	Solyc08g061250.2.1	50.0000	246.1	839.9	0.0056	0.4049	72.1598	-2604.464713	
Solyc05g007230.2.1	Solyc08g061560.2.1	12.6852	270.0	1071.0	0.0293	0.5517	18.8136	-3345.168042	
Solyc11g009080.1.1	Solyc01g105390.2.1	5.2040	138.7	401.3	0.0336	0.2067	6.1568	-1177.332381	
Solyc11g010290.1.1	Solyc01g105540.2.1	3.3068	397.6	1081.4	0.0655	0.2280	3.4798	-3259.748789	
Solyc11g010300.1.1	Solyc01g105560.2.1	3.2567	329.7	1059.3	0.0440	0.1762	4.0074	-2964.050217	
Solyc11g010400.1.1	Solyc01g105650.2.1	7.1399	179.5	648.5	0.0853	0.7157	8.3942	-2079.177103	
Solyc11g010540.1.1	Solyc01g105780.2.1	50.0000	176.6	621.4	0.0084	0.6114	73.1659	-1990.821810	
Solyc11g010570.1.1	Solyc01g105800.2.1	2.4319	126.3	479.7	0.2147	0.4600	2.1425	-1429.378953	
Solyc11g010840.1.1	Solyc01g106020.2.1	6.2324	355.6	1045.4	0.1002	0.6333	6.3235	-3536.915133	
Solyc05g051610.1.1	Solyc03g093380.1.1	9.0158	234.7	827.3	0.0932	0.9541	10.2368	-2758.818242	
Solyc05g051640.2.1	Solyc03g093330.2.1	1.3037	293.6	1047.4	0.0865	0.1311	1.5169	-2738.194131	
Solyc05g051690.2.1	Solyc03g093200.2.1	0.5707	152.9	444.1	0.1734	0.0857	0.4939	-1118.111637	
Solyc05g051880.2.1	Solyc03g083960.2.1	50.0000	169.5	646.5	0.0048	0.3763	78.7972	-1918.412615	
Solyc05g052110.2.1	Solyc03g083840.2.1	13.7523	202.3	775.7	0.0431	0.8206	19.0175	-2461.808865	
Solyc05g052350.2.1	Solyc03g083510.2.1	7.4885	206.5	822.5	0.1251	1.0387	8.3015	-2678.725660	
Solyc05g052590.1.1	Solyc03g083470.2.1	7.7542	236.9	846.1	0.1220	1.0040	8.2306	-2823.742510	
Solyc06g034220.2.1	Solyc01g090910.2.1	2.9579	168.0	492.0	0.1150	0.3332	2.8973	-1534.225885	
Solyc06g034360.1.1	Solyc01g091050.2.1	5.1170	218.4	777.6	0.0468	0.3119	6.6676	-2252.793110	
Solyc06g034410.2.1	Solyc01g091250.2.1	3.0857	139.1	469.9	0.1099	0.3610	3.2840	-1397.335957	
Solyc06g035430.2.1	Solyc01g091370.2.1	7.8870	168.8	584.2	0.0420	0.4305	10.2396	-1781.434479	
Solyc06g035520.2.1	Solyc01g091410.2.1	7.5800	158.4	693.6	0.0526	0.5807	11.0496	-2078.140239	
Solyc06g035600.2.1	Solyc01g091610.1.1	6.5319	303.8	1133.2	0.0889	0.6875	7.7338	-3591.087048	
Solyc06g034340.1.1	Solyc10g005010.2.1	50.0000	136.5	670.5	0.0055	0.5248	95.9760	-1945.135916	
Solyc01g091240.2.1	Solyc10g005090.2.1	31.8108	297.4	1136.6	0.0152	0.7350	48.3117	-3629.835866	
Solyc06g035410.1.1	Solyc10g005150.1.1	50.0000	145.3	445.7	0.0151	0.9809	64.7738	-1528.427769	
Solyc05g046290.2.1	Solyc07g009380.2.1	0.9508	157.8	637.2	0.1558	0.1527	0.9800	-1594.720507	
Solyc05g046300.2.1	Solyc07g009490.2.1	0.7631	281.5	924.5	0.1543	0.1116	0.7232	-2310.104007	
Solyc05g046330.2.1	Solyc07g014700.2.1	0.6664	511.1	1438.9	0.2162	0.1139	0.5269	-3750.496034	
Solyc05g047450.1.1	Solyc07g015930.1.1	1.7855	82.5	310.5	0.2570	0.3704	1.4414	-895.014085	
Solyc05g047460.2.1	Solyc07g016180.2.1	0.7056	437.0	1429.0	0.0903	0.0700	0.7753	-3494.416167	
Solyc05g047570.2.1	Solyc07g017230.2.1	2.0917	217.9	844.1	0.0884	0.2238	2.5315	-2295.681304	
Solyc08g068440.2.1	Solyc07g054540.2.1	0.5990	157.6	454.4	0.4851	0.1568	0.3232	-1201.554417	
Solyc08g068470.1.1	Solyc07g054570.1.1	0.0615	181.9	694.1	0.3474	0.0147	0.0425	-1231.583510	
Solyc08g068490.2.1	Solyc07g054580.2.1	0.0857	95.6	348.4	0.3591	0.0206	0.0575	-645.103191	
Solyc08g068500.1.1	Solyc07g054590.1.1	0.2111	168.8	635.2	0.7254	0.0652	0.0899	-1316.853397	
Solyc08g068540.2.1	Solyc07g054630.2.1	0.1852	346.3	1147.7	0.5818	0.0529	0.0910	-2410.594345	
Solyc11g065990.1.1	Solyc06g076090.2.1	0.9716	239.6	858.4	0.0082	0.0118	1.4416	-1867.857676	
Solyc11g066020.1.1	Solyc06g076050.2.1	0.8383	304.5	1015.5	0.1093	0.0970	0.8877	-2558.191599	
Solyc11g066040.1.1	Solyc06g076040.2.1	0.6936	331.5	913.5	0.1232	0.0799	0.6482	-2341.854698	
Solyc11g066050.1.1	Solyc06g076030.2.1	2.8656	143.1	594.9	0.2940	0.6517	2.2168	-1824.045022	
Solyc11g066060.1.1	Solyc06g076020.2.1	0.6620	458.7	1461.3	0.0274	0.0233	0.8494	-3277.894012	
Solyc11g066140.1.1	Solyc06g075970.2.1	1.0184	536.9	1707.1	0.1694	0.1562	0.9221	-4586.374773	
Solyc02g069630.2.1	Solyc02g030130.2.1	0.8404	436.2	1294.8	0.2324	0.1529	0.6578	-3488.097996	
Solyc02g069650.1.1	Solyc02g030110.2.1	0.7239	540.9	1673.1	0.1811	0.1146	0.6331	-4271.182415	
Solyc02g069660.2.1	Solyc02g030100.2.1	1.3977	193.8	592.2	0.1121	0.1577	1.4076	-1652.041891	
Solyc02g069490.2.1	Solyc02g030170.2.1	0.9136	386.3	1317.7	0.1457	0.1308	0.8972	-3399.106973	
Solyc02g069580.2.1	Solyc02g030230.2.1	0.5243	238.5	766.5	0.0734	0.0437	0.5960	-1775.435856	
Solyc02g069590.2.1	Solyc02g030250.2.1	0.7666	209.1	615.9	0.2027	0.1279	0.6312	-1642.528128	
Solyc11g065990.1.1	Solyc09g010750.1.1	3.2969	123.9	407.1	0.0132	0.0595	4.5152	-997.149812	
Solyc11g066010.1.1	Solyc09g010700.2.1	2.6832	105.5	476.5	0.0877	0.3099	3.5349	-1292.038139	
Solyc11g066020.1.1	Solyc09g010690.2.1	2.5035	306.2	1013.8	0.0898	0.2490	2.7728	-2958.628377	
Solyc11g066060.1.1	Solyc09g010630.2.1	1.3141	441.4	1478.6	0.0183	0.0328	1.7955	-3381.452757	
Solyc11g066090.1.1	Solyc09g010640.2.1	2.2720	302.8	1080.2	0.0984	0.2520	2.5601	-3090.019467	
Solyc11g066140.1.1	Solyc09g010570.1.1	2.6850	168.4	422.6	0.2362	0.4657	1.9719	-1433.522952	
Solyc06g069850.2.1	Solyc02g067340.2.1	3.0784	133.6	622.4	0.1057	0.4113	3.8906	-1740.994635	
Solyc06g069890.2.1	Solyc02g067370.2.1	3.4241	89.9	300.1	0.0656	0.2665	4.0622	-844.789278	
Solyc06g070980.2.1	Solyc02g067420.2.1	6.6511	94.7	337.3	0.0033	0.0332	9.9996	-783.981505	
Solyc06g070990.2.1	Solyc02g067430.2.1	7.9092	172.2	622.8	0.0488	0.5053	10.3441	-1900.837328	
Solyc06g071020.2.1	Solyc02g067450.2.1	50.0000	267.5	932.5	0.0044	0.3239	73.6372	-2787.645833	
Solyc06g071050.2.1	Solyc02g067470.2.1	7.1840	153.1	542.9	0.0079	0.0841	10.5871	-1346.550141	
Solyc08g006960.2.1	Solyc06g061150.2.1	0.4177	295.4	886.6	0.0392	0.0195	0.4986	-1979.961878	
Solyc08g006990.1.1	Solyc06g061100.2.1	1.0238	296.5	987.5	0.1879	0.1708	0.9091	-2590.095750	
Solyc08g007040.2.1	Solyc06g061070.2.1	0.6228	112.8	343.2	0.0754	0.0515	0.6825	-823.333380	
Solyc08g007120.2.1	Solyc06g061020.2.1	1.4908	231.4	674.6	0.1575	0.2100	1.3333	-1965.432375	
Solyc08g007160.2.1	Solyc06g060980.1.1	0.7841	149.3	486.7	0.2266	0.1451	0.6404	-1241.983985	
Solyc08g007190.2.1	Solyc06g060940.1.1	0.6509	374.2	1209.8	0.2688	0.1321	0.4914	-3081.217254	
Solyc09g075300.2.1	Solyc01g099910.2.1	2.7005	202.8	736.2	0.0916	0.2865	3.1272	-2141.276596	
Solyc09g075330.2.1	Solyc01g099940.2.1	5.1633	161.0	574.0	0.1176	0.6511	5.5367	-1838.277164	
Solyc09g075480.2.1	Solyc01g100120.2.1	2.6665	356.5	1179.5	0.0708	0.2196	3.1028	-3377.651215	
Solyc09g075530.2.1	Solyc01g100170.2.1	2.1551	218.1	714.9	0.0865	0.2071	2.3942	-2020.196388	
Solyc09g075560.1.1	Solyc01g100210.2.1	2.9807	242.4	747.6	0.0737	0.2437	3.3069	-2231.723397	
Solyc08g080030.2.1	Solyc01g093990.2.1	3.1217	205.0	581.0	0.1113	0.3376	3.0332	-1835.611838	
Solyc08g080100.2.1	Solyc01g093960.2.1	50.0000	131.7	477.3	0.0083	0.6235	74.8164	-1496.069258	
Solyc08g080130.2.1	Solyc01g091910.2.1	2.3066	517.8	1831.2	0.0596	0.1716	2.8808	-4974.076448	
Solyc08g080200.2.1	Solyc01g091870.2.1	3.1584	75.4	230.6	0.1130	0.3587	3.1740	-704.195972	
Solyc08g080270.2.1	Solyc01g091840.2.1	2.0593	259.0	695.0	0.0629	0.1360	2.1635	-1967.689245	
Solyc08g080280.2.1	Solyc01g091830.2.1	4.3857	228.6	842.4	0.1188	0.5660	4.7640	-2605.697706	
Solyc07g055050.2.1	Solyc12g010870.1.1	0.8012	250.0	743.0	0.2667	0.1578	0.5918	-1989.525359	
Solyc07g055100.2.1	Solyc12g010890.1.1	1.5667	202.3	586.7	0.1219	0.1834	1.5046	-1672.616299	
Solyc07g055120.2.1	Solyc12g010900.1.1	0.8716	493.6	1519.4	0.1605	0.1273	0.7931	-4073.839179	
Solyc07g055160.2.1	Solyc12g010910.1.1	1.2593	267.9	851.1	0.1236	0.1556	1.2591	-2298.942231	
Solyc07g055230.2.1	Solyc12g010930.1.1	0.4789	117.9	425.1	0.0067	0.0048	0.7183	-889.305460	
Solyc07g055270.1.1	Solyc12g010940.1.1	2.8549	105.8	494.2	0.1828	0.5321	2.9105	-1398.821897	
Solyc07g053260.2.1	Solyc12g010860.1.1	0.8074	190.2	562.8	0.0849	0.0723	0.8516	-1389.750006	
Solyc07g053280.2.1	Solyc12g010840.1.1	0.8393	468.5	1298.5	0.0886	0.0750	0.8471	-3352.019706	
Solyc07g053320.2.1	Solyc12g010830.1.1	0.9861	258.4	836.6	0.2897	0.2082	0.7188	-2238.379015	
Solyc07g053360.2.1	Solyc12g010820.1.1	50.0000	276.7	863.3	0.0085	0.5658	66.8927	-2670.799643	
Solyc07g053450.2.1	Solyc12g010800.1.1	1.6202	177.0	603.0	0.1751	0.2610	1.4905	-1695.232818	
Solyc07g053480.2.1	Solyc12g010790.1.1	0.5607	161.0	460.0	0.0544	0.0340	0.6239	-1084.459591	
Solyc02g091430.2.1	Solyc02g063320.2.1	0.8752	273.0	801.0	0.2368	0.1604	0.6773	-2194.218824	
Solyc02g091470.2.1	Solyc02g063330.2.1	1.0861	238.2	865.8	0.2403	0.2152	0.8956	-2353.104066	
Solyc02g091520.2.1	Solyc02g063360.2.1	0.8765	115.3	373.7	0.1575	0.1292	0.8203	-969.638898	
Solyc02g091600.1.1	Solyc02g063460.1.1	1.1748	169.1	478.9	0.2261	0.2069	0.9148	-1399.650452	
Solyc02g091650.2.1	Solyc02g063450.2.1	0.7766	322.2	991.8	0.2683	0.1551	0.5782	-2614.315924	
Solyc02g091690.2.1	Solyc02g063430.2.1	1.3245	170.6	717.4	0.1867	0.2404	1.2872	-1895.663473	
Solyc06g075330.1.1	Solyc06g005090.2.1	1.7845	104.3	345.7	0.1537	0.2613	1.7003	-1017.084604	
Solyc06g075370.2.1	Solyc06g005130.2.1	3.0052	112.2	592.8	0.5535	0.8878	1.6038	-1758.641447	
Solyc06g075550.2.1	Solyc06g005230.1.1	50.0000	207.5	728.5	0.0102	0.7406	72.5919	-2390.943803	
Solyc06g075600.2.1	Solyc06g005240.2.1	1.1046	328.6	976.4	0.2094	0.1887	0.9014	-2731.984307	
Solyc06g075610.1.1	Solyc06g005280.1.1	1.6906	421.4	1234.6	0.2071	0.2854	1.3783	-3726.804971	
Solyc06g075660.2.1	Solyc06g005310.2.1	2.5478	88.2	379.8	0.7675	0.8034	1.0468	-1128.767589	
Solyc05g007080.2.1	Solyc01g010740.2.1	1.0783	271.7	928.3	0.1897	0.1827	0.9631	-2505.047675	
Solyc05g007150.2.1	Solyc01g010650.2.1	0.5457	255.7	743.3	0.0790	0.0457	0.5780	-1782.016746	
Solyc05g007180.2.1	Solyc01g010600.2.1	1.4218	105.1	467.9	0.2389	0.2991	1.2520	-1252.047450	
Solyc05g007250.2.1	Solyc01g010540.2.1	0.5034	134.0	415.0	0.0036	0.0024	0.6802	-897.013189	
Solyc05g007270.2.1	Solyc01g010520.2.1	0.5866	204.4	587.6	0.0922	0.0552	0.5989	-1417.904902	
Solyc05g007490.2.1	Solyc01g010370.2.1	50.0000	372.2	1316.8	0.0103	0.7492	72.9715	-4334.773014	
Solyc05g054410.2.1	Solyc06g076270.2.1	2.6417	165.7	563.3	0.1799	0.4324	2.4042	-1728.015738	
Solyc05g054420.2.1	Solyc06g076200.1.1	3.5363	133.7	424.3	0.1703	0.5439	3.1941	-1298.891831	
Solyc05g054440.2.1	Solyc06g076170.2.1	7.2191	281.9	873.1	0.0427	0.3714	8.7080	-2726.106823	
Solyc05g054480.2.1	Solyc06g076090.2.1	1.0497	261.5	836.5	0.0067	0.0096	1.4384	-1857.925322	
Solyc05g054510.1.1	Solyc06g076030.2.1	3.2021	105.3	575.7	0.3593	0.8368	2.3287	-1710.784301	
Solyc05g054570.2.1	Solyc06g075980.2.1	2.6433	340.2	1015.8	0.2393	0.4901	2.0485	-3299.145655	
Solyc06g068120.2.1	Solyc06g066050.2.1	1.8838	81.1	305.9	0.1427	0.2780	1.9487	-878.778189	
Solyc06g068170.1.1	Solyc06g066010.2.1	3.4807	146.6	459.4	0.2399	0.6569	2.7382	-1517.828595	
Solyc06g068360.2.1	Solyc06g065820.2.1	1.9462	68.1	315.9	0.1666	0.3437	2.0635	-877.450813	
Solyc06g068430.2.1	Solyc06g065710.2.1	35.1339	434.1	1533.9	0.0158	0.7941	50.2922	-4935.246506	
Solyc06g068510.1.1	Solyc06g065660.1.1	4.4045	168.7	677.3	0.1200	0.5962	4.9677	-2097.326760	
Solyc10g005260.2.1	Solyc02g080420.2.1	0.7277	248.3	900.7	0.1799	0.1222	0.6793	-2249.476374	
Solyc10g005330.2.1	Solyc02g080260.2.1	1.0807	200.6	600.4	0.0481	0.0605	1.2573	-1480.838558	
Solyc10g005340.2.1	Solyc02g080230.2.1	1.0798	80.2	291.8	0.2886	0.2350	0.8145	-773.799516	
Solyc10g005350.2.1	Solyc02g080160.2.1	1.0879	161.6	660.4	0.1352	0.1606	1.1881	-1671.553744	
Solyc10g005360.2.1	Solyc02g080120.1.1	1.6725	140.9	546.1	0.1911	0.2984	1.5619	-1537.404304	
Solyc10g005380.2.1	Solyc02g080110.2.1	1.2855	100.4	319.6	0.3141	0.2816	0.8965	-921.143025	
Solyc11g065990.1.1	Solyc11g008500.1.1	41.8615	250.9	796.1	0.0105	0.5927	56.3384	-2614.777282	
Solyc11g066040.1.1	Solyc11g008390.1.1	49.9058	304.7	937.3	0.0038	0.2556	67.0285	-2818.650926	
Solyc11g066250.1.1	Solyc11g008280.1.1	2.2676	287.2	1149.8	0.0986	0.2672	2.7116	-3222.411476	
Solyc11g066330.1.1	Solyc11g008180.1.1	6.1725	167.1	672.9	0.0314	0.2883	9.1842	-1854.545909	
Solyc11g066350.1.1	Solyc11g008090.1.1	5.3464	169.1	622.9	0.0763	0.4969	6.5167	-1915.064570	
Solyc11g066360.1.1	Solyc11g008080.1.1	4.5054	132.7	494.3	0.0638	0.3657	5.7342	-1440.348371	
Solyc05g008670.2.1	Solyc02g086430.2.1	14.3433	117.6	383.4	0.0130	0.2545	19.5417	-1142.952773	
Solyc05g008800.2.1	Solyc02g086370.2.1	5.5165	199.1	559.9	0.0371	0.2356	6.3470	-1679.098290	
Solyc05g008830.2.1	Solyc02g086360.2.1	5.0882	265.8	769.2	0.1549	0.7064	4.5594	-2627.407635	
Solyc05g008910.2.1	Solyc02g086300.2.1	3.6326	237.0	999.0	0.0282	0.1594	5.6419	-2501.905674	
Solyc05g008930.2.1	Solyc02g086210.2.1	50.0000	234.6	848.4	0.0127	0.9365	73.5535	-2821.666096	
Solyc05g009320.2.1	Solyc02g085910.2.1	3.6181	138.1	446.9	0.0861	0.3441	3.9944	-1388.787197	
Solyc10g009160.2.1	Solyc02g078810.2.1	1.1981	279.6	818.4	0.3149	0.2570	0.8161	-2410.173286	
Solyc10g009170.1.1	Solyc02g078820.2.1	0.8127	250.9	817.1	0.1260	0.1030	0.8177	-2053.299847	
Solyc10g009180.2.1	Solyc02g078840.2.1	0.5835	216.7	638.3	0.1082	0.0629	0.5820	-1558.375918	
Solyc10g008960.1.1	Solyc02g078530.2.1	12.8178	184.9	724.1	0.0436	0.7821	17.9416	-2284.789336	
Solyc10g009010.2.1	Solyc02g078480.2.1	1.1216	293.4	852.6	0.2031	0.1865	0.9185	-2406.828734	
Solyc10g009020.2.1	Solyc02g078460.2.1	0.7549	163.6	559.4	0.1190	0.0941	0.7902	-1383.689530	
Solyc05g055740.2.1	Solyc04g056340.2.1	1.0347	101.1	396.9	0.0904	0.1133	1.2541	-990.323265	
Solyc05g055750.2.1	Solyc04g056360.2.1	2.6137	131.3	666.7	0.2378	0.5704	2.3982	-1916.748214	
Solyc05g055760.2.1	Solyc04g056390.2.1	0.6700	170.3	534.7	0.0771	0.0574	0.7444	-1258.034520	
Solyc05g055790.2.1	Solyc04g056560.2.1	0.8803	231.6	704.4	0.1381	0.1153	0.8350	-1802.604484	
Solyc05g055800.2.1	Solyc04g056590.2.1	0.8244	132.4	401.6	0.3074	0.1763	0.5736	-1082.699675	
Solyc05g055870.2.1	Solyc04g056680.1.1	41.2470	129.5	392.5	0.0097	0.5241	53.8145	-1285.509106	
Solyc11g069250.1.1	Solyc09g007650.1.1	7.1274	172.1	499.9	0.0444	0.3649	8.2181	-1575.086566	
Solyc11g069430.1.1	Solyc09g007760.2.1	3.6300	213.5	602.5	0.0393	0.1637	4.1620	-1696.557223	
Solyc11g069450.1.1	Solyc09g007790.1.1	10.7100	89.8	324.2	0.0284	0.4236	14.9296	-963.558665	
Solyc11g069500.1.1	Solyc09g007810.2.1	2.9301	435.6	1370.4	0.0786	0.2553	3.2464	-4078.949339	
Solyc11g069570.1.1	Solyc09g007830.2.1	1.5980	153.4	470.6	0.0551	0.1021	1.8534	-1225.870822	
Solyc11g069580.1.1	Solyc09g007840.2.1	3.0714	474.8	1487.2	0.0751	0.2572	3.4251	-4427.206684	
Solyc07g055010.2.1	Solyc02g076880.2.1	1.6040	74.5	267.5	0.2305	0.3096	1.3431	-757.844531	
Solyc07g055100.2.1	Solyc02g076810.2.1	5.7728	181.7	583.3	0.0531	0.3675	6.9232	-1804.849890	
Solyc07g055130.2.1	Solyc02g076780.2.1	8.8329	197.3	666.7	0.0256	0.3034	11.8692	-1983.494352	
Solyc07g055140.2.1	Solyc02g076680.2.1	4.4057	218.3	741.7	0.1235	0.5619	4.5487	-2377.285206	
Solyc07g055400.1.1	Solyc02g072310.2.1	50.0000	98.4	339.6	0.0094	0.6721	71.8651	-1103.865923	
Solyc05g006510.1.1	Solyc02g087350.1.1	2.1499	222.5	785.5	0.1191	0.2723	2.2856	-2277.962969	
Solyc05g006540.2.1	Solyc02g087360.2.1	4.3555	114.5	437.5	0.0377	0.2305	6.1187	-1222.327492	
Solyc05g006660.2.1	Solyc02g087480.2.1	2.4060	246.5	977.5	0.1351	0.3504	2.5931	-2845.638032	
Solyc05g006780.2.1	Solyc02g087580.2.1	8.8830	124.4	499.6	0.0183	0.2530	13.8387	-1365.201638	
Solyc05g006800.1.1	Solyc02g087610.1.1	50.0000	277.6	1036.4	0.0080	0.6138	76.5976	-3294.510197	
Solyc05g007050.2.1	Solyc02g087830.2.1	3.5117	246.4	821.6	0.0895	0.3498	3.9068	-2517.182991	
Solyc06g048410.2.1	Solyc03g095180.2.1	0.7330	165.2	494.8	0.1496	0.1009	0.6742	-1261.843929	
Solyc06g048470.2.1	Solyc03g095250.2.1	0.9523	755.6	2433.4	0.3302	0.2144	0.6493	-6597.135553	
Solyc06g048480.2.1	Solyc03g095260.2.1	0.6875	329.7	1101.3	0.0458	0.0395	0.8627	-2566.698367	
Solyc06g048520.2.1	Solyc03g095450.2.1	0.8037	295.1	955.9	0.1941	0.1353	0.6974	-2496.380306	
Solyc06g048560.1.1	Solyc03g095490.2.1	1.0592	290.9	906.1	0.1848	0.1704	0.9222	-2484.145671	
Solyc06g048570.2.1	Solyc03g095550.1.1	1.0793	170.8	591.2	0.1573	0.1635	1.0391	-1552.573447	
Solyc08g082310.2.1	Solyc03g083460.2.1	50.0000	110.0	349.0	0.0061	0.4188	68.1973	-1103.282000	
Solyc08g082450.2.1	Solyc03g083370.2.1	4.9651	223.5	718.5	0.0618	0.3594	5.8197	-2205.307104	
Solyc08g082480.2.1	Solyc03g083350.2.1	2.8639	382.0	1298.0	0.0921	0.2944	3.1977	-3820.797836	
Solyc08g082710.2.1	Solyc03g083030.2.1	3.1142	195.9	686.1	0.1422	0.4437	3.1195	-2107.885476	
Solyc08g082820.2.1	Solyc03g082920.2.1	2.9187	482.7	1410.3	0.0090	0.0334	3.7180	-3373.434337	
Solyc08g082910.1.1	Solyc03g082840.2.1	4.4763	120.5	545.5	0.1666	0.7831	4.7018	-1653.598514	
Solyc07g063340.2.1	Solyc02g078630.2.1	6.2370	146.6	375.4	0.0373	0.2523	6.7575	-1158.229141	
Solyc07g063350.2.1	Solyc02g078670.2.1	3.7658	491.5	1746.5	0.1285	0.5041	3.9241	-5375.393848	
Solyc07g063560.2.1	Solyc02g079010.2.1	50.0000	199.3	616.7	0.0069	0.4589	66.8141	-1985.172967	
Solyc06g036250.1.1	Solyc03g008000.1.1	0.9394	152.5	465.5	0.2229	0.1683	0.7550	-1244.277302	
Solyc06g036260.2.1	Solyc03g007960.2.1	1.0145	251.1	663.9	0.1734	0.1465	0.8449	-1874.808642	
Solyc06g036290.2.1	Solyc03g007890.2.1	0.6588	419.3	1347.7	0.0250	0.0214	0.8566	-2936.808373	
Solyc06g036310.2.1	Solyc03g007870.2.1	1.6499	95.3	297.7	0.1360	0.2164	1.5917	-813.142042	
Solyc10g078680.1.1	Solyc01g086700.2.1	2.6781	516.4	1697.6	0.0675	0.2116	3.1320	-4814.556217	
Solyc10g078860.1.1	Solyc01g086710.2.1	50.0000	612.4	2276.6	0.0104	0.7876	75.7005	-7463.243312	
Solyc10g079030.1.1	Solyc01g086850.2.1	5.1478	156.0	465.0	0.0236	0.1504	6.3839	-1274.377912	
Solyc10g079050.1.1	Solyc01g086870.2.1	3.1714	175.6	706.4	0.1708	0.5375	3.1470	-2160.018998	
Solyc10g079080.1.1	Solyc01g086960.2.1	50.0000	117.0	369.0	0.0095	0.6375	67.1983	-1231.750712	
Solyc10g079170.1.1	Solyc01g086920.2.1	50.0000	101.4	375.6	0.0117	0.8782	75.1362	-1242.057731	
Solyc05g053140.2.1	Solyc09g090720.2.1	0.7485	302.4	855.6	0.0759	0.0597	0.7865	-2118.445805	
Solyc05g053150.1.1	Solyc09g090790.2.1	2.6502	111.6	542.4	0.2878	0.6212	2.1580	-1598.114221	
Solyc05g053160.2.1	Solyc09g090800.1.1	1.2292	113.3	336.7	0.0842	0.1096	1.3021	-876.013300	
Solyc05g053470.2.1	Solyc09g091180.2.1	0.5584	429.9	1265.1	0.0883	0.0514	0.5825	-2981.997166	
Solyc05g053490.2.1	Solyc09g091230.2.1	0.8323	289.6	916.4	0.2493	0.1610	0.6458	-2458.223810	
Solyc05g053500.2.1	Solyc09g091250.2.1	1.9689	139.9	475.1	0.2265	0.3694	1.6304	-1447.022127	
Solyc11g065280.1.1	Solyc01g008610.2.1	2.6883	188.9	759.1	0.1471	0.4157	2.8261	-2188.804028	
Solyc11g065320.1.1	Solyc01g008600.2.1	0.9741	108.3	377.7	0.0878	0.0980	1.1156	-950.263417	
Solyc11g065640.1.1	Solyc01g008460.2.1	0.7678	148.9	469.1	0.3073	0.1658	0.5398	-1260.346404	
Solyc11g065660.1.1	Solyc01g008440.2.1	0.5500	170.4	642.6	0.0376	0.0288	0.7661	-1370.666914	
Solyc11g065690.1.1	Solyc01g008470.2.1	0.9665	84.4	230.6	0.1192	0.1081	0.9068	-612.467600	
Solyc11g065820.1.1	Solyc01g008420.2.1	0.8069	410.7	972.3	0.1174	0.0832	0.7087	-2613.321628	
Solyc06g051540.2.1	Solyc03g007790.2.1	50.0000	243.9	758.1	0.0145	0.9525	65.5012	-2622.257304	
Solyc06g051820.2.1	Solyc03g007480.2.1	1.1321	160.7	496.3	0.1786	0.1776	0.9944	-1372.873630	
Solyc06g051840.1.1	Solyc03g007460.1.1	3.7236	97.8	367.2	0.2253	0.7204	3.1971	-1164.502992	
Solyc06g051910.1.1	Solyc03g007320.2.1	0.7926	112.2	316.8	0.2315	0.1415	0.6109	-847.281519	
Solyc06g051920.2.1	Solyc03g007250.1.1	0.5985	100.6	277.4	0.1028	0.0600	0.5842	-689.453796	
Solyc06g051940.2.1	Solyc03g007230.2.1	1.2211	193.6	610.4	0.2111	0.2143	1.0149	-1691.586906	
Solyc05g052590.1.1	Solyc03g078360.1.1	50.0000	243.7	803.3	0.0136	0.9340	68.5303	-2726.356394	
Solyc05g052860.2.1	Solyc03g078650.2.1	1.2446	247.7	832.3	0.0740	0.1072	1.4488	-2117.100926	
Solyc05g052900.2.1	Solyc03g079900.2.1	1.4713	122.1	498.9	0.0234	0.0533	2.2773	-1144.405232	
Solyc05g052910.2.1	Solyc03g079910.2.1	0.4443	202.2	583.8	0.1795	0.0681	0.3792	-1406.723203	
Solyc05g053010.1.1	Solyc03g080060.1.1	50.0000	241.0	791.0	0.0131	0.8962	68.4405	-2684.185066	
Solyc05g053020.2.1	Solyc03g079960.2.1	50.0000	148.6	514.4	0.0064	0.4627	72.7730	-1621.444245	
Solyc09g061700.2.1	Solyc06g007970.2.1	1.1062	189.9	650.1	0.0811	0.1036	1.2768	-1605.281830	
Solyc09g061860.2.1	Solyc06g007980.2.1	0.7443	412.4	1285.6	0.1874	0.1208	0.6449	-3290.528913	
Solyc09g063010.2.1	Solyc06g008030.2.1	1.6054	235.1	652.9	0.2707	0.3123	1.1539	-2016.356148	
Solyc09g063030.2.1	Solyc06g008040.2.1	0.6260	1034.9	3216.1	0.1482	0.0870	0.5868	-7941.582088	
Solyc09g064160.2.1	Solyc06g008050.2.1	0.8656	227.6	903.4	0.0794	0.0866	1.0904	-2106.760455	
Solyc09g064200.2.1	Solyc06g008090.2.1	0.6454	102.8	335.2	0.1202	0.0792	0.6585	-814.036462	
Solyc07g040710.2.1	Solyc03g121770.1.1	50.0000	169.8	619.2	0.0031	0.2336	76.5922	-1731.264684	
Solyc07g040920.2.1	Solyc03g121840.2.1	7.1721	131.7	453.3	0.0521	0.4693	9.0030	-1423.986691	
Solyc07g040990.2.1	Solyc03g121880.2.1	4.3020	192.2	617.8	0.0514	0.2665	5.1881	-1808.749583	
Solyc07g041190.2.1	Solyc03g121930.2.1	50.0000	150.2	554.8	0.0036	0.2760	77.2119	-1571.834992	
Solyc07g041210.2.1	Solyc03g121960.2.1	2.0331	443.0	1495.0	0.0651	0.1582	2.4310	-4013.994101	
Solyc07g041290.1.1	Solyc03g121970.1.1	6.7208	184.4	640.6	0.0492	0.4209	8.5589	-1930.908797	
Solyc06g065710.2.1	Solyc03g116920.1.1	50.0000	510.3	1826.7	0.0143	1.0402	72.6008	-6022.013729	
Solyc06g065800.2.1	Solyc03g117080.2.1	2.5938	148.7	469.3	0.1624	0.3857	2.3755	-1444.602895	
Solyc06g065820.2.1	Solyc03g117130.2.1	2.4439	73.3	295.7	0.1392	0.3656	2.6258	-856.919852	
Solyc06g065850.2.1	Solyc03g117250.2.1	42.8930	329.9	1113.1	0.0037	0.2311	61.7643	-3144.898984	
Solyc06g065860.2.1	Solyc03g117280.2.1	3.1045	112.8	340.2	0.2142	0.5408	2.5248	-1110.298231	
Solyc12g096580.1.1	Solyc04g008450.2.1	50.0000	536.0	1525.0	0.0092	0.5724	62.4618	-5137.268212	
Solyc12g096710.1.1	Solyc04g008430.1.1	5.4058	291.4	941.6	0.1574	0.7955	5.0534	-3169.801831	
Solyc12g096730.1.1	Solyc04g008230.2.1	50.0000	258.5	890.5	0.0093	0.6698	71.7693	-2901.268370	
Solyc12g096930.1.1	Solyc04g007960.2.1	8.8402	141.3	431.7	0.0550	0.5629	10.2298	-1411.774012	
Solyc12g098280.1.1	Solyc04g007590.1.1	7.7662	188.3	609.7	0.1039	0.8528	8.2083	-2006.351535	
Solyc05g053690.1.1	Solyc09g091930.2.1	1.1908	624.8	2186.2	0.2921	0.2580	0.8832	-6068.983620	
Solyc05g053710.2.1	Solyc09g092070.2.1	0.7417	222.2	737.8	0.1537	0.1087	0.7073	-1843.985946	
Solyc05g053740.2.1	Solyc09g092120.2.1	0.8067	146.7	423.3	0.1239	0.0954	0.7698	-1101.698532	
Solyc05g053760.2.1	Solyc09g092260.2.1	1.6039	109.8	406.2	0.1509	0.2433	1.6122	-1120.225481	
Solyc05g053790.1.1	Solyc09g092330.1.1	1.3197	282.9	968.1	0.0777	0.1194	1.5366	-2527.024878	
Solyc05g053830.2.1	Solyc09g092680.2.1	0.7395	479.5	1581.5	0.0639	0.0559	0.8750	-3774.303883	
Solyc02g079370.2.1	Solyc03g006670.2.1	1.2395	201.0	585.0	0.4430	0.3126	0.7058	-1762.879360	
Solyc02g079410.2.1	Solyc03g006680.2.1	1.0038	157.3	484.7	0.0770	0.0850	1.1034	-1234.408193	
Solyc02g079440.1.1	Solyc03g006690.1.1	2.4323	94.7	424.3	0.0903	0.2855	3.1631	-1135.961027	
Solyc02g079500.2.1	Solyc03g006700.2.1	2.3627	213.7	641.3	0.1579	0.3375	2.1378	-1974.308275	
Solyc02g079530.2.1	Solyc03g006720.1.1	4.0000	257.1	858.9	0.1024	0.4418	4.3126	-2695.943183	
Solyc12g014240.1.1	Solyc10g007270.2.1	1.5991	106.4	355.6	0.1378	0.2183	1.5846	-989.467117	
Solyc12g014250.1.1	Solyc10g007290.2.1	0.5237	692.7	2022.3	0.0763	0.0427	0.5595	-4801.348941	
Solyc12g014260.1.1	Solyc10g007310.1.1	1.7879	113.4	414.6	0.0866	0.1825	2.1081	-1117.585730	
Solyc12g014270.1.1	Solyc10g007330.1.1	0.9515	312.8	1142.2	0.1572	0.1473	0.9373	-2917.738469	
Solyc08g005120.2.1	Solyc03g097170.2.1	2.8627	156.2	524.8	0.1107	0.3357	3.0319	-1568.478555	
Solyc08g005130.1.1	Solyc03g097150.2.1	5.0234	217.3	703.7	0.0605	0.3588	5.9343	-2126.676056	
Solyc08g005170.2.1	Solyc03g097120.2.1	2.8829	202.3	658.7	0.1234	0.3601	2.9170	-2004.093882	
Solyc08g005240.1.1	Solyc03g097090.2.1	2.7597	322.0	1067.0	0.1691	0.4301	2.5430	-3332.328253	
Solyc08g005280.1.1	Solyc03g097050.2.1	1.6598	527.8	1569.2	0.0266	0.0542	2.0369	-3962.969290	
Solyc09g074060.2.1	Solyc01g080340.2.1	4.9259	274.5	913.5	0.1680	0.7658	4.5574	-2919.787745	
Solyc09g074080.1.1	Solyc01g080370.2.1	1.8799	214.9	799.1	0.0923	0.2031	2.2015	-2199.796643	
Solyc09g074210.2.1	Solyc01g080480.2.1	4.0651	304.0	1076.0	0.0555	0.2854	5.1409	-3108.523752	
Solyc09g074240.1.1	Solyc01g080520.2.1	12.1717	229.2	865.8	0.0549	0.8812	16.0517	-2837.857287	
Solyc05g007690.1.1	Solyc02g088190.2.1	3.5379	156.9	599.1	0.0981	0.4056	4.1340	-1787.235754	
Solyc05g007740.1.1	Solyc02g088170.1.1	50.0000	285.3	1085.7	0.0154	1.1664	75.6511	-3549.087489	
Solyc05g007810.2.1	Solyc02g088120.2.1	3.1042	302.8	1062.2	0.1054	0.3588	3.4053	-3168.849547	
Solyc05g007830.2.1	Solyc02g088100.2.1	1.6323	159.0	546.0	0.0666	0.1307	1.9641	-1431.688099	
Solyc05g007880.2.1	Solyc02g088070.2.1	3.6789	146.9	552.1	0.1065	0.4438	4.1666	-1670.324872	
Solyc07g053490.2.1	Solyc02g077470.2.1	1.7813	120.1	371.9	0.1374	0.2344	1.7061	-1097.082266	
Solyc07g053590.2.1	Solyc02g077610.2.1	22.1523	126.6	647.4	0.0060	0.2646	43.7919	-1694.694886	
Solyc07g053600.2.1	Solyc02g077630.2.1	10.6921	292.1	1036.9	0.0185	0.2809	15.2201	-3028.783611	
Solyc07g053610.2.1	Solyc02g077660.2.1	3.4643	673.2	2263.8	0.0724	0.2933	4.0516	-6696.379530	
Solyc07g053620.2.1	Solyc02g077670.2.1	5.4654	69.1	302.9	0.0170	0.1556	9.1294	-760.898210	
Solyc02g090390.2.1	Solyc01g108280.2.1	1.6597	180.3	626.7	0.0338	0.0749	2.2157	-1544.621631	
Solyc02g090400.2.1	Solyc01g108300.2.1	3.8826	203.0	790.0	0.0945	0.4375	4.6287	-2344.305716	
Solyc02g090450.2.1	Solyc01g108320.2.1	2.9766	223.0	719.0	0.0823	0.2727	3.3128	-2123.532372	
Solyc02g090480.2.1	Solyc01g108340.2.1	1.9887	102.5	377.5	0.0461	0.1223	2.6538	-944.176818	
Solyc02g090620.2.1	Solyc01g108510.2.1	2.1903	246.4	770.6	0.1055	0.2391	2.2660	-2225.353613	
Solyc11g065950.1.1	Solyc04g011520.2.1	4.9913	229.7	787.3	0.2436	0.9778	4.0144	-2658.491368	
Solyc11g065990.1.1	Solyc04g011500.2.1	1.5279	259.1	838.9	0.0062	0.0132	2.1160	-1913.616808	
Solyc11g066060.1.1	Solyc04g011440.2.1	2.1460	425.4	1494.6	0.0136	0.0419	3.0809	-3462.689728	
Solyc11g066090.1.1	Solyc04g011460.1.1	3.3228	309.4	1157.6	0.0626	0.2665	4.2542	-3300.414281	
Solyc11g066150.1.1	Solyc04g011400.2.1	1.8460	146.5	489.5	0.0244	0.0603	2.4698	-1214.563473	
Solyc07g056420.2.1	Solyc10g007620.1.1	2.0626	127.7	529.3	0.1241	0.2898	2.3351	-1428.340685	
Solyc07g056530.2.1	Solyc10g007610.2.1	0.5827	280.3	718.7	0.1075	0.0584	0.5426	-1797.180970	
Solyc07g056540.2.1	Solyc10g007600.2.1	0.6875	286.5	739.5	0.1169	0.0737	0.6304	-1919.622937	
Solyc07g056590.2.1	Solyc10g007590.2.1	0.7527	190.9	706.1	0.1458	0.1117	0.7658	-1736.032679	
Solyc07g056670.2.1	Solyc10g007570.2.1	0.8258	103.1	421.9	0.0605	0.0680	1.1238	-939.921872	
Solyc11g066990.1.1	Solyc11g007310.1.1	8.9538	109.6	361.4	0.0407	0.4605	11.3030	-1117.247454	
Solyc11g067000.1.1	Solyc11g007280.1.1	1.7072	473.7	1341.3	0.0768	0.1375	1.7910	-3693.004260	
Solyc11g067050.1.1	Solyc11g007270.1.1	1.8400	368.7	1194.3	0.0830	0.1702	2.0489	-3312.867693	
Solyc11g067070.1.1	Solyc11g007250.1.1	8.9290	290.1	930.9	0.0401	0.4450	11.1009	-2978.083236	
Solyc11g067210.1.1	Solyc11g007230.1.1	7.3209	321.4	1115.6	0.0772	0.6642	8.6060	-3555.173888	
Solyc07g063130.2.1	Solyc10g008280.2.1	1.8167	230.8	762.2	0.0611	0.1324	2.1676	-2043.698379	
Solyc07g063190.2.1	Solyc10g008390.2.1	2.4735	122.7	339.3	0.1779	0.3701	2.0806	-1086.101324	
Solyc07g063200.1.1	Solyc10g008400.1.1	2.5734	131.6	399.4	0.2668	0.5102	1.9123	-1319.260313	
Solyc07g063310.2.1	Solyc10g008460.2.1	2.7398	288.5	893.5	0.0695	0.2140	3.0790	-2573.682618	
Solyc07g063430.2.1	Solyc10g008500.2.1	3.3000	254.2	744.8	0.0869	0.2995	3.4451	-2267.855792	
Solyc08g066360.2.1	Solyc03g120990.2.1	1.7490	434.3	1293.7	0.0565	0.1121	1.9856	-3465.159428	
Solyc08g066390.2.1	Solyc03g120940.2.1	4.0401	166.7	556.3	0.1594	0.6077	3.8123	-1787.936219	
Solyc08g066450.1.1	Solyc03g120920.1.1	2.8609	84.9	398.1	0.0641	0.2674	4.1711	-1029.816421	
Solyc08g066500.2.1	Solyc03g120910.2.1	1.6126	612.2	1817.8	0.0549	0.1008	1.8345	-4840.276560	
Solyc08g066660.1.1	Solyc03g120840.1.1	50.0000	105.8	398.2	0.0067	0.5200	77.4636	-1216.396340	
Solyc08g066660.1.1	Solyc12g008350.1.1	3.2963	104.4	408.6	0.2494	0.6813	2.7320	-1279.957290	
Solyc08g066670.2.1	Solyc12g008340.1.1	2.8652	285.4	887.6	0.1256	0.3546	2.8228	-2742.342017	
Solyc08g066850.2.1	Solyc12g007310.1.1	4.5213	243.6	752.4	0.0426	0.2321	5.4457	-2177.260764	
Solyc08g066870.2.1	Solyc12g007280.1.1	2.1304	218.0	874.0	0.0646	0.1826	2.8253	-2345.037528	
Solyc08g066940.2.1	Solyc12g007220.1.1	3.0564	329.2	1143.8	0.1519	0.4532	2.9840	-3490.271553	
Solyc10g086410.2.1	Solyc06g076020.2.1	2.2908	467.2	1440.8	0.0090	0.0273	3.0340	-3360.488431	
Solyc10g086460.1.1	Solyc06g076090.2.1	1.6044	247.9	850.1	0.0146	0.0330	2.2558	-1958.880812	
Solyc10g086490.1.1	Solyc06g076100.2.1	38.0266	359.6	1212.4	0.0056	0.3040	54.3901	-3635.909590	
Solyc10g086520.1.1	Solyc06g076220.2.1	1.6355	133.7	451.3	0.0639	0.1254	1.9625	-1209.134694	
Solyc10g086530.1.1	Solyc06g076280.1.1	3.1652	314.6	1101.4	0.1323	0.4293	3.2459	-3413.774647	
Solyc08g059660.1.1	Solyc07g008060.1.1	2.5929	365.4	1242.6	0.0843	0.2493	2.9556	-3580.754873	
Solyc08g059700.1.1	Solyc07g008100.2.1	4.8001	190.4	781.6	0.0867	0.5224	6.0251	-2359.627915	
Solyc08g060810.2.1	Solyc07g008250.2.1	3.7379	232.8	655.2	0.0668	0.2671	4.0009	-2011.838730	
Solyc08g060860.2.1	Solyc07g008260.2.1	1.9094	82.8	304.2	0.1308	0.2627	2.0088	-863.975891	
Solyc08g060950.1.1	Solyc07g008400.1.1	50.0000	178.5	655.5	0.0117	0.8767	74.6533	-2158.898782	
Solyc06g009600.1.1	Solyc01g079350.2.1	1.1664	299.3	1101.7	0.3380	0.2741	0.8109	-3045.186772	
Solyc06g009610.1.1	Solyc01g079370.2.1	1.3838	339.3	1067.7	0.3316	0.3104	0.9360	-3175.203190	
Solyc06g009650.2.1	Solyc01g079490.2.1	0.6780	563.8	1764.2	0.1472	0.0940	0.6389	-4390.539814	
Solyc06g009660.2.1	Solyc01g079540.2.1	0.9583	123.0	456.0	0.0076	0.0112	1.4624	-989.622745	
Solyc06g009670.2.1	Solyc01g079580.2.1	1.3158	380.8	1332.2	0.0873	0.1320	1.5114	-3486.739186	
Solyc05g007420.1.1	Solyc06g070900.2.1	7.9315	110.9	522.1	0.0439	0.5495	12.5043	-1531.572878	
Solyc05g007480.1.1	Solyc06g069880.1.1	8.7466	206.2	795.8	0.0486	0.5799	11.9289	-2447.101499	
Solyc05g007490.2.1	Solyc06g069870.2.1	1.9274	402.4	1328.6	0.0713	0.1594	2.2373	-3577.541547	
Solyc05g007660.2.1	Solyc06g069780.2.1	2.5362	181.9	556.1	0.1391	0.3348	2.4063	-1703.496718	
Solyc05g007770.2.1	Solyc06g069710.2.1	50.0000	144.8	641.2	0.0082	0.7122	87.3078	-1935.012709	
Solyc10g006340.2.1	Solyc02g079990.2.1	50.0000	226.0	875.0	0.0103	0.8050	78.0655	-2817.389065	
Solyc10g006640.2.1	Solyc02g079760.2.1	50.0000	173.1	669.9	0.0075	0.5892	78.8866	-2061.445949	
Solyc10g006650.2.1	Solyc02g079750.2.1	2.0010	150.4	443.6	0.0467	0.1080	2.3156	-1194.686203	
Solyc10g006670.1.1	Solyc02g079530.2.1	9.2433	121.9	343.1	0.0962	0.8894	9.2478	-1202.112028	
Solyc10g006760.2.1	Solyc02g079410.2.1	6.9962	141.6	500.4	0.0192	0.1903	9.9005	-1387.257829	
Solyc12g042360.1.1	Solyc06g068770.2.1	0.3890	234.3	740.7	0.0430	0.0204	0.4751	-1621.492439	
Solyc12g042370.1.1	Solyc06g068740.2.1	0.8129	196.1	625.9	0.1189	0.0979	0.8234	-1547.536316	
Solyc12g042380.1.1	Solyc06g068730.1.1	1.0617	322.8	1057.2	0.1955	0.1803	0.9224	-2855.648683	
Solyc12g042460.1.1	Solyc06g068650.2.1	1.2700	378.3	1181.7	0.0745	0.1055	1.4163	-3027.382113	
Solyc12g042590.1.1	Solyc06g068460.2.1	50.0000	128.8	495.2	0.0067	0.5283	78.7200	-1509.059821	
Solyc03g082500.2.1	Solyc01g096350.2.1	2.1491	175.7	637.3	0.0258	0.0781	3.0317	-1581.861756	
Solyc03g082550.2.1	Solyc01g096320.2.1	3.8475	118.6	439.4	0.1645	0.6169	3.7496	-1360.968318	
Solyc03g082640.1.1	Solyc01g096230.2.1	2.6492	289.1	904.9	0.1183	0.3148	2.6613	-2768.599592	
Solyc03g082690.2.1	Solyc01g096200.2.1	50.0000	332.8	1059.2	0.0289	1.8428	63.8384	-3724.089052	
Solyc03g082840.2.1	Solyc01g096120.2.1	4.7352	130.6	529.4	0.1947	0.8678	4.4580	-1670.585108	
Solyc09g075910.1.1	Solyc06g054480.2.1	50.0000	227.9	801.1	0.0120	0.8653	72.2035	-2661.535114	
Solyc09g082200.2.1	Solyc06g054120.1.1	0.6262	363.5	905.5	0.1748	0.0887	0.5076	-2363.652766	
Solyc09g082230.1.1	Solyc06g054090.1.1	3.6326	99.5	404.5	0.0486	0.2487	5.1222	-1076.690767	
Solyc09g082270.2.1	Solyc06g054070.2.1	1.5751	112.6	292.4	0.2840	0.3087	1.0869	-901.201506	
Solyc09g082300.2.1	Solyc06g054030.2.1	1.4963	133.7	406.3	0.3856	0.3576	0.9275	-1235.230523	
Solyc10g005250.2.1	Solyc03g031710.1.1	1.5205	226.7	751.3	0.5311	0.4207	0.7922	-2254.572411	
Solyc10g005260.2.1	Solyc03g031720.2.1	0.7865	256.1	883.9	0.1668	0.1235	0.7406	-2240.804260	
Solyc10g005330.2.1	Solyc03g031760.2.1	0.9629	198.3	602.7	0.0428	0.0492	1.1471	-1446.113475	
Solyc10g005350.2.1	Solyc03g031800.2.1	0.7579	144.8	677.2	0.0828	0.0856	1.0336	-1514.837393	
Solyc10g005630.2.1	Solyc03g031980.2.1	50.0000	232.6	754.4	0.0115	0.7837	68.1891	-2544.748455	
Solyc09g098190.2.1	Solyc12g098670.1.1	1.1197	154.4	481.6	0.3647	0.2623	0.7192	-1372.717472	
Solyc09g098280.2.1	Solyc12g098680.1.1	0.5034	252.5	761.5	0.0511	0.0299	0.5839	-1743.785799	
Solyc09g098330.2.1	Solyc12g098690.1.1	0.8576	199.2	583.8	0.1726	0.1288	0.7462	-1552.468399	
Solyc09g098460.1.1	Solyc12g098730.1.1	1.0896	204.7	770.3	0.1199	0.1430	1.1919	-1955.720436	
Solyc09g098490.2.1	Solyc12g098740.1.1	1.1353	612.0	1875.0	0.2962	0.2388	0.8063	-5291.347640	
Solyc06g053610.2.1	Solyc03g005570.2.1	1.8489	150.1	590.9	0.4405	0.4902	1.1127	-1732.060757	
Solyc06g053640.1.1	Solyc03g005490.2.1	2.1046	95.9	348.1	0.1848	0.3594	1.9443	-1022.469285	
Solyc06g053740.2.1	Solyc03g005430.2.1	0.8776	291.6	911.4	0.2100	0.1530	0.7285	-2404.122908	
Solyc06g053870.2.1	Solyc03g005320.2.1	2.2990	308.3	1083.7	0.0903	0.2372	2.6262	-3064.747845	
Solyc06g054070.2.1	Solyc03g005200.2.1	1.1048	114.7	290.3	0.7307	0.3334	0.4563	-889.550442	
Solyc04g007180.1.1	Solyc03g119580.1.1	9.8171	157.1	697.9	0.0597	0.8402	14.0774	-2163.073830	
Solyc04g007210.2.1	Solyc03g119540.2.1	50.0000	201.8	845.2	0.0048	0.4088	84.7440	-2454.553661	
Solyc04g007290.2.1	Solyc03g119400.2.1	12.5890	432.5	1265.5	0.0501	0.7194	14.3684	-4305.940943	
Solyc04g007300.2.1	Solyc03g119390.2.1	3.7579	122.8	561.2	0.1497	0.6202	4.1427	-1655.873992	
Solyc04g007380.1.1	Solyc03g119240.2.1	50.0000	220.4	766.6	0.0119	0.8507	71.6677	-2564.444226	
Solyc09g089890.1.1	Solyc09g066300.1.1	3.3412	101.9	408.1	0.0880	0.3629	4.1221	-1182.250934	
Solyc09g089930.1.1	Solyc09g066360.1.1	50.0000	80.8	357.2	0.0057	0.5067	88.1155	-1026.234578	
Solyc09g090070.1.1	Solyc09g066410.1.1	3.9815	388.2	1150.8	0.0224	0.1104	4.9349	-3121.333717	
Solyc09g090210.2.1	Solyc09g072510.1.1	6.8995	103.7	457.3	0.0900	0.8012	8.9069	-1400.693615	
Solyc09g090350.2.1	Solyc09g072610.2.1	3.5989	311.7	1074.3	0.0576	0.2565	4.4502	-3070.045654	
Solyc12g007150.1.1	Solyc06g066650.2.1	3.1374	292.0	1046.0	0.0644	0.2508	3.8939	-2941.617363	
Solyc12g008350.1.1	Solyc06g066540.1.1	7.6365	119.0	376.0	0.0643	0.5657	8.8024	-1235.673855	
Solyc12g008380.1.1	Solyc06g066500.1.1	50.0000	83.5	333.5	0.0071	0.5728	80.9553	-1027.965661	
Solyc12g008510.1.1	Solyc06g066440.2.1	2.8365	382.3	1093.7	0.0680	0.2079	3.0557	-3178.904901	
Solyc12g008520.1.1	Solyc06g066430.2.1	2.5537	253.4	796.6	0.1278	0.3217	2.5160	-2397.459831	
Solyc11g066820.1.1	Solyc10g083670.1.1	2.7307	365.8	1173.2	0.0543	0.1772	3.2608	-3262.489954	
Solyc11g066830.1.1	Solyc10g083640.1.1	2.2681	197.1	645.9	0.0539	0.1481	2.7477	-1713.430863	
Solyc11g066970.1.1	Solyc10g083520.1.1	3.7103	113.5	384.5	0.0608	0.2738	4.4997	-1088.731809	
Solyc11g067070.1.1	Solyc10g083500.1.1	2.9209	339.9	1016.1	0.0692	0.2227	3.2185	-3031.306367	
Solyc11g067280.1.1	Solyc10g083340.1.1	5.1905	120.7	446.3	0.1166	0.6620	5.6798	-1434.105201	
Solyc10g053900.1.1	Solyc01g109860.2.1	0.9516	362.8	1227.2	0.1498	0.1382	0.9227	-3188.462114	
Solyc10g054070.1.1	Solyc01g110140.2.1	1.2593	99.6	425.4	0.2153	0.2482	1.1529	-1118.730632	
Solyc10g054080.1.1	Solyc01g110190.2.1	1.0296	471.0	1719.0	0.1726	0.1690	0.9790	-4485.420847	
Solyc10g054130.1.1	Solyc01g110290.2.1	0.7952	304.5	916.5	0.1685	0.1188	0.7053	-2376.427155	
Solyc05g052030.1.1	Solyc08g078190.1.1	50.0000	71.6	246.4	0.0077	0.5573	72.1330	-800.203974	
Solyc05g052070.2.1	Solyc08g078070.2.1	1.5128	132.4	464.6	0.0213	0.0450	2.1161	-1089.579877	
Solyc05g052270.1.1	Solyc08g077780.2.1	50.0000	186.8	617.2	0.0089	0.6178	69.6836	-2010.015487	
Solyc05g052350.2.1	Solyc08g077740.1.1	6.2718	267.3	1019.7	0.3001	1.4084	4.6926	-3386.575629	
Solyc05g052590.1.1	Solyc08g077560.2.1	50.0000	253.5	817.5	0.0133	0.9005	67.5204	-2793.041520	
Solyc04g008370.1.1	Solyc01g098740.2.1	8.7995	112.5	376.5	0.1259	1.1295	8.9703	-1274.991775	
Solyc04g008430.1.1	Solyc01g098680.2.1	5.6936	315.8	1025.2	0.3916	1.3895	3.5483	-3561.118036	
Solyc04g008650.2.1	Solyc01g098370.1.1	50.0000	260.7	930.3	0.0175	1.2519	71.6766	-3156.343938	
Solyc04g008840.2.1	Solyc01g098240.1.1	24.5583	308.6	1011.4	0.0284	0.9101	32.0303	-3377.008507	
Solyc04g009000.1.1	Solyc01g098150.2.1	50.0000	313.3	1117.7	0.0098	0.7209	73.5573	-3615.961582	
Solyc09g005830.1.1	Solyc06g075610.1.1	3.1196	416.4	1305.6	0.1679	0.4729	2.8176	-4151.677086	
Solyc09g005860.2.1	Solyc06g075600.2.1	2.5442	383.1	1191.9	0.0960	0.2577	2.6847	-3477.958613	
Solyc09g007030.2.1	Solyc06g075580.2.1	2.5671	522.6	1742.4	0.1350	0.3453	2.5572	-5222.891392	
Solyc09g007170.2.1	Solyc06g075550.2.1	1.9075	243.2	782.8	0.1863	0.3124	1.6768	-2327.039886	
Solyc09g007260.2.1	Solyc06g075510.2.1	3.4835	237.2	827.8	0.0962	0.3756	3.9027	-2543.432425	
Solyc02g050220.1.1	Solyc02g021790.1.1	1.5504	53.8	276.2	0.0463	0.1186	2.5633	-631.713331	
Solyc11g007760.1.1	Solyc03g071750.2.1	0.4236	188.2	624.8	0.0431	0.0230	0.5335	-1348.315669	
Solyc11g007910.1.1	Solyc03g071670.1.1	1.8031	84.3	311.7	0.1841	0.3093	1.6800	-900.815028	
Solyc11g007990.1.1	Solyc03g071590.2.1	0.7548	287.7	981.3	0.0873	0.0747	0.8551	-2368.785902	
Solyc11g008140.1.1	Solyc03g071570.2.1	1.4633	280.2	907.8	0.0976	0.1533	1.5713	-2480.215498	
Solyc11g008210.1.1	Solyc03g071560.2.1	1.0862	96.4	257.6	0.1199	0.1207	1.0071	-700.832304	
Solyc06g076400.2.1	Solyc03g096670.2.1	5.2823	211.6	592.4	0.0359	0.2184	6.0797	-1776.968043	
Solyc06g076770.2.1	Solyc03g096350.2.1	50.0000	105.9	458.1	0.0046	0.4033	87.0512	-1314.275375	
Solyc06g076910.1.1	Solyc03g096190.1.1	3.7649	314.8	1026.2	0.1226	0.4683	3.8194	-3256.201610	
Solyc06g082000.2.1	Solyc03g096070.2.1	4.4563	375.1	1265.9	0.0809	0.4131	5.1048	-3877.814059	
Solyc06g082070.2.1	Solyc03g096030.2.1	7.8874	243.9	851.1	0.0785	0.7273	9.2664	-2788.554552	
Solyc07g062480.1.1	Solyc07g055690.1.1	50.0000	200.9	639.1	0.0126	0.8430	67.0156	-2161.488359	
Solyc07g062620.2.1	Solyc07g055400.1.1	50.0000	150.4	494.6	0.0102	0.7052	69.1671	-1651.040128	
Solyc07g062760.1.1	Solyc07g055320.2.1	41.3886	273.3	959.7	0.0181	1.0568	58.5367	-3209.426247	
Solyc07g062820.1.1	Solyc07g055310.1.1	13.3942	269.7	1032.3	0.0553	0.9839	17.7866	-3374.051655	
Solyc07g040990.2.1	Solyc10g047290.1.1	18.3570	178.6	613.4	0.0286	0.7071	24.7010	-2018.555108	
Solyc07g041820.1.1	Solyc10g045560.1.1	1.3494	182.6	720.4	0.5922	0.3948	0.6667	-2033.799580	
Solyc12g088980.1.1	Solyc01g109120.2.1	6.2517	229.3	910.7	0.0376	0.3389	9.0142	-2611.206734	
Solyc12g089000.1.1	Solyc01g109280.2.1	2.1304	323.9	1203.1	0.1290	0.2920	2.2630	-3420.964438	
Solyc12g089060.1.1	Solyc01g109430.2.1	1.6573	148.5	454.5	0.1064	0.1801	1.6924	-1294.136318	
Solyc12g089140.1.1	Solyc01g109610.2.1	3.0076	190.6	652.4	0.0804	0.2795	3.4781	-1913.526703	
Solyc12g089160.1.1	Solyc01g109650.2.1	3.4342	272.9	1020.1	0.1314	0.4781	3.6372	-3148.135123	
Solyc11g071370.1.1	Solyc11g006700.1.1	50.0000	271.3	982.7	0.0088	0.6567	74.6684	-3152.310327	
Solyc11g071440.1.1	Solyc11g006540.1.1	6.0453	166.6	541.4	0.0394	0.2990	7.5936	-1603.827841	
Solyc11g071680.1.1	Solyc11g006370.1.1	25.6291	165.4	575.6	0.0270	0.9438	34.9905	-1914.916984	
Solyc11g071700.1.1	Solyc11g006320.1.1	1.5888	616.7	2437.3	0.0489	0.1075	2.1976	-6030.539697	
Solyc11g071820.1.1	Solyc11g006040.1.1	13.3236	212.8	645.2	0.0630	0.9473	15.0316	-2244.878158	
Solyc12g088460.1.1	Solyc01g096280.1.1	6.0195	334.2	1003.8	0.1383	0.7851	5.6753	-3442.150703	
Solyc12g088760.1.1	Solyc01g096560.1.1	50.0000	421.3	1579.7	0.0088	0.6750	76.6301	-5005.892797	
Solyc12g088970.1.1	Solyc01g096670.2.1	5.3677	327.1	1034.9	0.1429	0.7331	5.1302	-3500.264679	
Solyc12g089020.1.1	Solyc01g096690.1.1	10.2428	188.3	645.7	0.0748	0.9000	12.0380	-2144.259900	
Solyc12g089230.1.1	Solyc01g096880.2.1	16.0174	384.5	1253.5	0.0250	0.5256	21.0316	-3989.133297	
Solyc11g005330.1.1	Solyc04g071230.1.1	4.7811	93.1	278.9	0.1409	0.6311	4.4788	-928.514565	
Solyc11g005380.1.1	Solyc04g071360.2.1	7.4927	271.5	979.5	0.0383	0.3873	10.1118	-2918.787038	
Solyc11g005450.1.1	Solyc04g071520.2.1	4.9781	147.0	579.0	0.0704	0.4518	6.4157	-1710.069641	
Solyc11g005560.1.1	Solyc04g071650.2.1	1.7294	493.1	1603.9	0.0380	0.0830	2.1817	-4098.200609	
Solyc11g005630.1.1	Solyc04g071870.1.1	50.0000	269.4	765.6	0.0146	0.8983	61.4688	-2686.314225	
Solyc09g092440.1.1	Solyc01g096440.2.1	41.0583	308.4	1083.6	0.0106	0.6335	59.5430	-3482.694474	
Solyc09g092560.2.1	Solyc01g096280.1.1	50.0000	287.9	954.1	0.0109	0.7556	69.3928	-3146.114678	
Solyc09g097840.1.1	Solyc01g096210.2.1	50.0000	274.0	950.0	0.0169	1.1873	70.3316	-3238.168434	
Solyc09g098260.1.1	Solyc01g095890.2.1	23.5226	295.7	1126.3	0.0194	0.6798	35.1218	-3627.625269	
Solyc09g098520.2.1	Solyc01g095540.2.1	5.4946	239.3	684.7	0.1674	0.8006	4.7812	-2354.237390	
Solyc05g054170.2.1	Solyc07g047950.1.1	3.1774	202.3	568.7	0.2056	0.5258	2.5580	-1887.393092	
Solyc05g054180.2.1	Solyc07g047780.2.1	3.6947	270.2	809.8	0.0657	0.2704	4.1126	-2417.159802	
Solyc05g054200.2.1	Solyc07g047610.2.1	3.4221	351.3	1238.7	0.0744	0.3043	4.0906	-3621.885613	
Solyc05g054220.2.1	Solyc07g045460.2.1	15.7449	97.3	229.7	0.0266	0.4408	16.5975	-785.434969	
Solyc05g054230.2.1	Solyc07g045430.2.1	2.0733	174.4	593.6	0.1475	0.2988	2.0260	-1708.957023	
Solyc04g078750.2.1	Solyc02g091000.2.1	2.6372	214.0	665.0	0.0751	0.2199	2.9268	-1955.183115	
Solyc04g078790.2.1	Solyc02g090950.1.1	50.0000	99.5	356.5	0.0036	0.2693	75.4381	-1007.322791	
Solyc04g078800.2.1	Solyc02g090920.2.1	3.8687	274.4	922.6	0.1219	0.4864	3.9903	-2884.269069	
Solyc04g078810.2.1	Solyc02g090900.2.1	3.2497	278.1	807.9	0.1287	0.3962	3.0792	-2587.546357	
Solyc12g009190.1.1	Solyc03g122230.1.1	4.1621	289.8	919.2	0.0759	0.3541	4.6644	-2804.906365	
Solyc12g009220.1.1	Solyc03g122190.2.1	50.0000	146.6	495.4	0.0082	0.5798	71.0467	-1583.651197	
Solyc12g009230.1.1	Solyc03g122180.2.1	2.2213	276.9	905.1	0.0740	0.1884	2.5452	-2527.978885	
Solyc12g009260.1.1	Solyc03g122120.2.1	2.6537	297.7	977.3	0.0598	0.1894	3.1668	-2722.176087	
Solyc05g048820.2.1	Solyc01g094370.2.1	1.1508	104.1	336.9	0.2737	0.2358	0.8617	-896.827337	
Solyc05g048830.2.1	Solyc01g094360.2.1	1.4201	157.8	574.2	0.1774	0.2368	1.3343	-1622.968474	
Solyc05g048850.2.1	Solyc01g094350.2.1	0.8294	285.1	977.9	0.1733	0.1331	0.7681	-2530.340284	
Solyc05g049870.2.1	Solyc01g094320.2.1	0.6710	115.2	442.8	0.1122	0.0849	0.7568	-1031.393965	
Solyc06g074070.2.1	Solyc01g007130.2.1	2.4262	250.6	859.4	0.0480	0.1477	3.0762	-2311.266788	
Solyc06g074100.1.1	Solyc01g007080.2.1	3.7571	273.0	975.0	0.1423	0.5401	3.7963	-3025.382111	
Solyc06g074120.2.1	Solyc01g007070.2.1	3.9464	357.8	1145.2	0.1294	0.5055	3.9075	-3676.667361	
Solyc06g074140.1.1	Solyc01g007000.2.1	27.4245	254.9	894.1	0.0118	0.4675	39.5682	-2735.211477	
Solyc10g005190.1.1	Solyc02g082150.1.1	2.5716	215.8	714.2	0.1507	0.3714	2.4651	-2174.531888	
Solyc10g005200.2.1	Solyc02g082140.2.1	1.1945	319.4	961.6	0.0777	0.1005	1.2943	-2530.213692	
Solyc10g005210.2.1	Solyc02g082120.2.1	1.3293	189.6	662.4	0.1718	0.2138	1.2441	-1827.547078	
Solyc10g005220.2.1	Solyc02g082100.2.1	1.3471	545.8	2007.2	0.3262	0.3115	0.9548	-5692.768201	
Solyc09g014390.1.1	Solyc02g078590.1.1	5.1106	214.5	907.5	0.0715	0.4889	6.8419	-2627.970029	
Solyc09g014440.2.1	Solyc02g078550.2.1	3.9557	517.9	1816.1	0.0887	0.4022	4.5321	-5584.211739	
Solyc09g014450.2.1	Solyc02g078540.2.1	3.1082	156.2	512.8	0.0908	0.3105	3.4188	-1529.163247	
Solyc09g014460.1.1	Solyc02g078530.2.1	4.7305	106.5	361.5	0.1976	0.8195	4.1479	-1187.671756	
Solyc06g066730.2.1	Solyc03g120260.2.1	2.4221	189.5	653.5	0.0779	0.2205	2.8307	-1828.644405	
Solyc06g066740.1.1	Solyc03g120280.1.1	0.9904	298.8	1018.2	0.2660	0.2030	0.7632	-2679.841949	
Solyc06g066770.1.1	Solyc03g120320.1.1	2.9368	271.9	772.1	0.1544	0.4034	2.6128	-2500.714933	
Solyc06g066790.2.1	Solyc03g120350.2.1	0.6213	638.0	2053.0	0.1443	0.0861	0.5966	-5022.171375	
Solyc08g082910.1.1	Solyc01g096120.2.1	3.4335	109.0	569.0	0.3272	0.8602	2.6286	-1688.532031	
Solyc08g082920.2.1	Solyc01g096130.2.1	1.0362	121.4	343.6	0.0535	0.0615	1.1491	-873.736583	
Solyc08g082950.2.1	Solyc01g096140.2.1	2.6472	312.4	983.6	0.1208	0.3204	2.6521	-2961.463086	
Solyc08g082980.2.1	Solyc01g096170.2.1	3.4164	222.2	719.8	0.0614	0.2473	4.0270	-2050.044498	
Solyc07g055270.1.1	Solyc02g072210.1.1	2.6379	114.8	488.2	0.1689	0.4541	2.6876	-1405.267956	
Solyc07g055280.2.1	Solyc02g072190.2.1	7.3072	130.8	451.2	0.0598	0.5376	8.9858	-1442.562644	
Solyc07g055290.2.1	Solyc02g072180.2.1	2.3586	146.9	474.1	0.0384	0.1137	2.9576	-1230.498743	
Solyc07g055300.2.1	Solyc02g072150.2.1	2.7903	551.2	1956.8	0.0390	0.1451	3.7168	-5196.028770	
Solyc12g013800.1.1	Solyc10g006960.1.1	1.0516	160.1	409.9	0.3496	0.2302	0.6586	-1223.020378	
Solyc12g013810.1.1	Solyc10g006970.2.1	1.1331	136.2	331.8	0.2282	0.1904	0.8343	-985.143090	
Solyc12g013820.1.1	Solyc10g007000.2.1	1.6104	87.0	342.0	0.3371	0.3838	1.1384	-956.893748	
Solyc12g013850.1.1	Solyc10g007040.2.1	1.3651	283.3	925.7	0.1539	0.1989	1.2920	-2574.183080	
Solyc08g062930.1.1	Solyc03g121770.1.1	3.4227	140.5	456.5	0.1240	0.4283	3.4551	-1405.220192	
Solyc08g062940.2.1	Solyc03g121760.2.1	2.8158	185.1	648.9	0.1513	0.4181	2.7629	-1978.341804	
Solyc08g063000.2.1	Solyc03g121700.2.1	8.7426	242.4	789.6	0.0251	0.2884	11.4700	-2231.798160	
Solyc08g063040.2.1	Solyc03g121660.2.1	3.0588	216.2	845.8	0.1301	0.4317	3.3193	-2510.495458	
Solyc08g079440.1.1	Solyc01g091200.2.1	2.9965	262.5	1009.5	0.0377	0.1594	4.2272	-2679.270290	
Solyc08g079500.2.1	Solyc01g091270.2.1	4.2511	85.7	313.3	0.0737	0.3830	5.1966	-931.165573	
Solyc08g079520.2.1	Solyc01g091300.2.1	2.9467	296.0	1012.0	0.0625	0.2236	3.5765	-2866.114716	
Solyc11g071510.1.1	Solyc01g009150.2.1	0.7307	201.4	476.6	0.0729	0.0510	0.6994	-1243.907276	
Solyc11g071560.1.1	Solyc01g009200.2.1	1.8181	129.2	509.8	0.3559	0.4437	1.2467	-1483.135323	
Solyc11g071640.1.1	Solyc01g009240.2.1	1.1432	465.6	1412.4	0.1375	0.1491	1.0847	-3833.360132	
Solyc06g036350.2.1	Solyc03g007660.2.1	0.8168	125.7	393.3	0.0432	0.0427	0.9904	-923.958693	
Solyc06g036430.2.1	Solyc03g007740.2.1	0.7942	178.0	482.0	0.1471	0.1033	0.7020	-1261.643262	
Solyc06g036440.1.1	Solyc03g007770.2.1	0.8849	299.4	831.6	0.1862	0.1367	0.7345	-2266.508872	
Solyc06g036470.1.1	Solyc03g007790.2.1	1.1083	275.1	834.9	0.3362	0.2480	0.7378	-2410.268138	
Solyc04g077960.1.1	Solyc01g107140.1.1	3.3105	154.5	670.5	0.1441	0.5224	3.6255	-1983.335019	
Solyc04g077980.1.1	Solyc01g107170.2.1	3.5778	130.7	448.3	0.1054	0.4090	3.8791	-1390.570985	
Solyc04g078000.2.1	Solyc01g107200.2.1	2.5376	326.1	1047.9	0.1793	0.4055	2.2611	-3271.418753	
Solyc04g078040.2.1	Solyc01g107240.2.1	8.6590	104.1	363.9	0.0403	0.4585	11.3718	-1124.808694	
Solyc04g007450.2.1	Solyc03g118850.2.1	2.4035	337.8	1045.2	0.1234	0.2930	2.3736	-3176.032030	
Solyc04g007460.2.1	Solyc03g118870.2.1	5.9746	255.7	776.3	0.0745	0.4882	6.5547	-2482.422684	
Solyc04g007510.2.1	Solyc03g118920.2.1	2.1413	686.6	2280.4	0.0841	0.2028	2.4107	-6428.793090	
Solyc04g007530.2.1	Solyc03g118960.1.1	50.0000	268.3	889.7	0.0116	0.8021	69.2866	-2953.147927	
Solyc08g080290.2.1	Solyc06g035700.1.1	2.9329	130.0	350.0	0.1138	0.3145	2.7634	-1097.152189	
Solyc08g080310.1.1	Solyc06g035710.1.1	4.0032	315.5	1097.5	0.0356	0.1894	5.3180	-2988.732296	
Solyc08g080320.2.1	Solyc06g035720.2.1	3.9129	142.3	529.7	0.0639	0.3179	4.9752	-1483.924437	
Solyc08g080380.2.1	Solyc06g035760.2.1	3.5781	321.7	1025.3	0.1294	0.4576	3.5358	-3214.637649	
Solyc09g092380.2.1	Solyc12g098500.1.1	0.5986	353.6	1101.4	0.0379	0.0278	0.7343	-2505.565958	
Solyc09g092460.2.1	Solyc12g098570.1.1	1.3912	254.2	801.8	0.1724	0.2152	1.2477	-2297.754864	
Solyc09g092520.2.1	Solyc12g098610.1.1	0.6642	140.4	633.6	0.1077	0.0885	0.8214	-1432.427792	
Solyc09g075960.1.1	Solyc01g097790.2.1	3.2046	153.9	659.1	0.0499	0.2319	4.6489	-1742.169562	
Solyc09g076000.2.1	Solyc01g097840.2.1	1.1172	204.1	725.9	0.0384	0.0573	1.4929	-1699.660477	
Solyc09g082060.2.1	Solyc01g097920.2.1	2.9091	251.6	717.4	0.0565	0.1819	3.2164	-2056.676184	
Solyc09g082100.2.1	Solyc01g097960.2.1	11.7232	144.0	390.0	0.0257	0.3486	13.5515	-1214.851982	
Solyc05g012310.2.1	Solyc01g010280.2.1	50.0000	262.5	853.5	0.0255	1.6714	65.4249	-2966.126463	
Solyc05g012420.2.1	Solyc01g010360.2.1	0.5611	168.0	585.0	0.0924	0.0586	0.6344	-1343.948113	
Solyc05g012450.2.1	Solyc01g010370.2.1	0.6673	410.8	1287.2	0.1894	0.1093	0.5770	-3269.664047	
Solyc05g012490.1.1	Solyc01g010410.2.1	1.4708	190.6	901.4	0.1839	0.2763	1.5024	-2361.269552	
Solyc07g053960.2.1	Solyc02g078210.2.1	7.5131	92.4	333.6	0.1537	1.1416	7.4271	-1072.773172	
Solyc07g053980.2.1	Solyc02g078230.1.1	2.2080	1160.4	3684.6	0.0713	0.1786	2.5060	-10329.654048	
Solyc07g054080.1.1	Solyc02g078320.1.1	3.1804	143.7	447.3	0.1599	0.4654	2.9113	-1441.299258	
Solyc07g054090.2.1	Solyc02g078330.2.1	5.1048	298.2	1021.8	0.1223	0.6490	5.3081	-3287.526181	
Solyc10g086310.1.1	Solyc04g011360.2.1	50.0000	128.6	465.4	0.0083	0.6211	74.7491	-1501.754553	
Solyc10g086410.2.1	Solyc04g011440.2.1	1.6324	426.0	1482.0	0.0128	0.0299	2.3333	-3353.631071	
Solyc10g086420.1.1	Solyc04g011460.1.1	4.0047	322.1	1144.9	0.0385	0.2057	5.3485	-3205.580429	
Solyc10g086460.1.1	Solyc04g011500.2.1	1.8824	253.6	844.4	0.0131	0.0342	2.6033	-1985.275682	
Solyc12g014350.1.1	Solyc01g059910.2.1	50.0000	249.3	863.7	0.0115	0.8257	71.5502	-2872.625734	
Solyc12g014420.1.1	Solyc01g059980.2.1	50.0000	213.5	794.5	0.0074	0.5687	76.5618	-2488.541480	
Solyc12g014510.1.1	Solyc01g060110.1.1	1.6225	79.0	311.0	0.1276	0.2268	1.7767	-821.994209	
Solyc05g009890.1.1	Solyc06g069220.1.1	50.0000	293.8	885.2	0.0121	0.7810	64.5209	-3086.656642	
Solyc05g009980.2.1	Solyc06g069280.2.1	2.9887	303.4	980.6	0.1686	0.4601	2.7287	-3109.664611	
Solyc05g009990.2.1	Solyc06g069290.2.1	5.1208	220.3	784.7	0.1644	0.8072	4.9110	-2550.919522	
Solyc05g010010.1.1	Solyc06g069300.1.1	50.0000	144.0	513.0	0.0047	0.3522	74.7678	-1521.114862	
Solyc10g085000.1.1	Solyc06g076600.1.1	1.9888	206.5	732.5	0.0983	0.2196	2.2351	-2053.297426	
Solyc10g085020.1.1	Solyc06g076640.2.1	2.1120	260.9	1059.1	0.0055	0.0191	3.4848	-2323.286317	
Solyc10g085070.1.1	Solyc06g076700.1.1	6.4652	320.4	1188.6	0.0805	0.6291	7.8160	-3794.286745	
Solyc10g085090.1.1	Solyc06g076760.1.1	2.3340	371.3	1257.7	0.0699	0.1930	2.7595	-3453.884236	
Solyc08g074230.1.1	Solyc08g006060.2.1	0.8179	177.3	605.7	0.1993	0.1428	0.7164	-1559.767377	
Solyc08g074290.2.1	Solyc08g006030.2.1	1.2544	177.7	500.3	0.3795	0.2927	0.7712	-1428.790735	
Solyc08g074300.2.1	Solyc08g006020.2.1	50.0000	133.2	691.8	0.0045	0.4559	100.8399	-1916.006010	
Solyc08g074340.1.1	Solyc08g006010.2.1	1.3398	128.4	396.6	0.2121	0.2340	1.1033	-1156.787113	
Solyc05g054820.1.1	Solyc09g005830.1.1	3.7695	417.6	1370.4	0.1425	0.5223	3.6659	-4345.434243	
Solyc05g054830.2.1	Solyc09g005860.2.1	8.8125	361.8	1189.2	0.0453	0.4963	10.9630	-3756.213251	
Solyc05g054850.1.1	Solyc09g005880.1.1	3.8597	204.7	815.3	0.0907	0.4272	4.7096	-2354.315421	
Solyc05g054920.2.1	Solyc09g005980.2.1	6.0610	236.0	652.0	0.0411	0.2803	6.8276	-2000.259113	
Solyc05g008390.2.1	Solyc02g091230.2.1	2.4978	152.8	474.2	0.1649	0.3727	2.2601	-1481.344980	
Solyc05g008480.2.1	Solyc02g091110.2.1	4.4824	148.9	379.1	0.0221	0.1109	5.0145	-1036.116362	
Solyc05g008500.1.1	Solyc02g091050.2.1	3.1648	351.3	962.7	0.1375	0.3942	2.8660	-3078.395217	
Solyc09g018160.2.1	Solyc06g082480.2.1	3.6649	449.5	1782.5	0.1439	0.5558	3.8619	-5514.290697	
Solyc09g018170.2.1	Solyc06g082470.2.1	2.9994	227.6	717.4	0.0619	0.2151	3.4734	-2020.118279	
Solyc09g018200.1.1	Solyc06g082460.1.1	3.6434	152.0	511.0	0.1178	0.4470	3.7943	-1527.660295	
Solyc09g018280.1.1	Solyc06g082440.1.1	12.8341	204.7	602.3	0.0142	0.2299	16.1888	-1782.904830	
Solyc05g055900.1.1	Solyc04g050190.2.1	1.0684	330.1	1046.9	0.4311	0.2705	0.6276	-2961.232251	
Solyc05g055910.2.1	Solyc04g050140.2.1	0.9608	366.3	1199.7	0.1602	0.1438	0.8981	-3159.458621	
Solyc05g055920.2.1	Solyc04g050130.1.1	50.0000	178.2	739.8	0.0083	0.6921	82.9728	-2271.825828	
Solyc05g055940.2.1	Solyc04g050070.1.1	1.4572	118.8	337.2	0.1624	0.2073	1.2759	-971.703181	
Solyc06g035440.2.1	Solyc03g007060.2.1	1.2774	262.1	811.9	0.3602	0.2970	0.8247	-2370.899753	
Solyc06g035450.2.1	Solyc03g007010.2.1	0.8004	213.8	773.2	0.1583	0.1240	0.7833	-1931.324604	
Solyc06g035490.2.1	Solyc03g006910.2.1	9.3553	139.7	547.3	0.0550	0.6933	12.6164	-1698.344897	
Solyc06g035530.2.1	Solyc03g006880.2.1	1.1392	196.3	643.7	0.1043	0.1263	1.2108	-1682.730653	
Solyc12g014600.1.1	Solyc12g006180.1.1	4.6791	188.2	654.8	0.0433	0.2631	6.0704	-1852.045729	
Solyc12g014610.1.1	Solyc12g006170.1.1	6.3219	174.5	620.5	0.4053	1.5939	3.9330	-2106.513404	
Solyc12g015690.1.1	Solyc12g006110.1.1	7.7437	118.3	421.7	0.0618	0.5964	9.6537	-1318.056939	
Solyc12g015740.1.1	Solyc12g006090.1.1	3.2382	116.8	390.2	0.0552	0.2183	3.9562	-1084.065834	
Solyc05g012010.2.1	Solyc02g089240.2.1	7.1174	112.7	430.3	0.0525	0.5001	9.5205	-1315.858884	
Solyc05g056620.1.1	Solyc02g089200.2.1	50.0000	120.8	503.2	0.0064	0.5368	83.8347	-1516.970390	
Solyc05g012070.2.1	Solyc02g089170.2.1	1.6740	220.0	821.0	0.0263	0.0633	2.4042	-1966.745849	
Solyc05g012180.2.1	Solyc02g089060.2.1	50.0000	165.8	599.2	0.0028	0.2167	76.0960	-1661.853713	
Solyc06g073000.2.1	Solyc03g079960.2.1	0.8383	153.7	512.3	0.1296	0.1096	0.8456	-1301.851084	
Solyc06g073030.1.1	Solyc03g080050.2.1	0.7322	82.0	296.0	0.0725	0.0646	0.8912	-692.189409	
Solyc06g073050.2.1	Solyc03g080090.2.1	2.6120	182.4	654.6	0.3777	0.6406	1.6962	-2080.397647	
Solyc06g073070.1.1	Solyc03g080100.2.1	1.8732	134.1	441.9	0.2033	0.3265	1.6058	-1293.112579	
Solyc11g071230.1.1	Solyc08g068430.2.1	0.9064	292.3	829.7	0.2474	0.1686	0.6813	-2279.685566	
Solyc11g071270.1.1	Solyc08g068370.2.1	0.6874	275.1	789.9	0.2079	0.1155	0.5554	-2059.631402	
Solyc11g071300.1.1	Solyc08g068320.2.1	1.7556	143.7	600.3	0.3962	0.4521	1.1412	-1752.393532	
Solyc11g071310.1.1	Solyc08g068290.2.1	0.7867	371.8	1008.2	0.1684	0.1125	0.6682	-2676.620689	
Solyc07g041940.2.1	Solyc07g009420.1.1	31.9041	176.5	630.5	0.0162	0.7445	45.9713	-2042.951879	
Solyc07g042130.2.1	Solyc07g009220.1.1	16.4902	298.4	1087.6	0.0318	0.7268	22.8855	-3497.461217	
Solyc11g066270.1.1	Solyc09g008320.2.1	4.4467	149.2	642.8	0.0305	0.2118	6.9542	-1708.296748	
Solyc11g066330.1.1	Solyc09g008370.1.1	50.0000	379.0	1184.0	0.0047	0.3154	67.7493	-3570.889883	
Solyc11g066400.1.1	Solyc09g008440.1.1	3.7878	139.1	589.9	0.1121	0.5027	4.4856	-1752.100908	
Solyc11g066480.1.1	Solyc09g008520.2.1	4.3269	532.1	1723.9	0.0966	0.4498	4.6581	-5400.205483	
Solyc08g076530.2.1	Solyc06g072770.2.1	2.7990	185.9	510.1	0.0635	0.1890	2.9750	-1462.019085	
Solyc08g076540.2.1	Solyc06g072760.2.1	2.2615	197.1	615.9	0.1250	0.2795	2.2363	-1838.634001	
Solyc08g076590.2.1	Solyc06g072750.2.1	3.4642	191.9	699.1	0.1220	0.4526	3.7116	-2132.622421	
Solyc08g076690.1.1	Solyc06g072740.1.1	19.3528	212.5	720.5	0.0124	0.3363	27.1818	-2133.018011	
Solyc11g005940.1.1	Solyc03g007390.2.1	49.7505	277.8	1105.2	0.0127	0.9961	78.5957	-3568.109384	
Solyc11g005960.1.1	Solyc03g007350.1.1	11.3017	312.5	1124.5	0.0472	0.6991	14.8061	-3651.012636	
Solyc11g006040.1.1	Solyc03g007210.2.1	13.8643	261.9	830.1	0.0597	0.9677	16.2004	-2864.475545	
Solyc11g006190.1.1	Solyc03g007150.2.1	41.6042	192.1	557.9	0.0138	0.7179	52.0554	-1908.593454	
Solyc12g044840.1.1	Solyc03g121440.2.1	0.9758	255.0	858.0	0.2033	0.1714	0.8430	-2328.767121	
Solyc12g044880.1.1	Solyc03g121540.2.1	0.6144	496.3	1624.7	0.1476	0.0871	0.5901	-3944.967679	
Solyc12g044890.1.1	Solyc03g121570.2.1	0.6480	448.4	1282.6	0.1201	0.0745	0.6207	-3198.045344	
Solyc12g044900.1.1	Solyc03g121590.2.1	0.6073	545.5	1719.5	0.1415	0.0823	0.5812	-4177.982880	
Solyc05g051200.1.1	Solyc04g014530.1.1	1.8917	75.0	357.0	0.0867	0.2231	2.5715	-899.835757	
Solyc05g051250.2.1	Solyc04g014510.2.1	0.6831	247.7	820.3	0.0980	0.0726	0.7413	-1966.291387	
Solyc05g051350.1.1	Solyc04g014430.1.1	1.1193	351.4	1535.6	0.1518	0.1829	1.2045	-3846.438721	
Solyc05g051390.2.1	Solyc04g014380.2.1	1.5144	557.2	1920.8	0.2233	0.2833	1.2685	-5372.931489	
Solyc06g054540.2.1	Solyc01g067360.2.1	0.5371	151.9	577.1	0.0780	0.0517	0.6628	-1282.210779	
Solyc06g054550.2.1	Solyc01g067380.2.1	0.8017	161.8	585.2	0.1945	0.1408	0.7243	-1485.671995	
Solyc06g054560.2.1	Solyc01g067390.2.1	0.6128	485.9	1695.1	0.0804	0.0576	0.7160	-3908.861802	
Solyc06g054620.2.1	Solyc01g067550.2.1	1.1421	221.9	675.1	0.2598	0.2233	0.8596	-1909.296021	
Solyc10g074470.1.1	Solyc01g112050.2.1	0.9598	424.9	1564.1	0.2019	0.1735	0.8592	-4093.968706	
Solyc10g074490.1.1	Solyc01g112070.2.1	0.9690	330.4	1064.6	0.1704	0.1500	0.8803	-2835.298817	
Solyc10g074570.1.1	Solyc01g112250.2.1	0.6922	180.5	632.5	0.0295	0.0278	0.9417	-1405.719466	
Solyc10g079910.1.1	Solyc10g079280.1.1	0.8530	242.9	687.1	0.0735	0.0663	0.9012	-1719.434529	
Solyc10g079930.1.1	Solyc10g079320.1.1	3.0831	292.5	904.5	0.1042	0.3314	3.1806	-2758.440601	
Solyc10g079990.1.1	Solyc10g079360.1.1	1.5921	126.9	428.1	0.0850	0.1533	1.8039	-1146.636461	
Solyc10g080100.1.1	Solyc10g079400.1.1	0.7415	439.3	1375.7	0.2298	0.1365	0.5938	-3532.094251	
Solyc09g089590.1.1	Solyc06g053720.1.1	3.2129	97.5	418.5	0.1580	0.5336	3.3776	-1251.359866	
Solyc09g089610.2.1	Solyc06g053710.2.1	1.0320	73.9	232.1	0.1918	0.1705	0.8889	-620.794137	
Solyc09g089890.1.1	Solyc06g053640.1.1	1.4956	95.6	417.4	0.1628	0.2546	1.5638	-1118.096626	
Solyc05g009250.1.1	Solyc04g007180.1.1	18.4150	138.0	720.0	0.0292	0.9658	33.1169	-2148.615825	
Solyc05g009420.1.1	Solyc04g007250.1.1	1.6796	195.1	578.9	0.1805	0.2611	1.4465	-1701.345902	
Solyc04g079690.2.1	Solyc02g090110.2.1	6.3063	254.0	835.0	0.1546	0.9238	5.9749	-2843.112965	
Solyc04g079830.2.1	Solyc02g089940.2.1	2.4946	326.6	1170.4	0.2331	0.4842	2.0766	-3626.316157	
Solyc04g079840.2.1	Solyc02g089930.2.1	1.7281	175.7	610.3	0.0535	0.1162	2.1732	-1597.021721	
Solyc04g079860.1.1	Solyc02g089880.2.1	15.6953	214.8	769.2	0.0077	0.1802	23.3227	-2109.815434	
Solyc09g075460.2.1	Solyc06g009790.2.1	0.7518	326.3	1002.7	0.1850	0.1204	0.6508	-2589.901206	
Solyc09g075480.2.1	Solyc06g009780.2.1	0.5922	371.8	1164.2	0.1284	0.0747	0.5816	-2824.829796	
Solyc09g075720.2.1	Solyc06g009540.1.1	50.0000	229.2	874.8	0.0091	0.7075	77.5919	-2800.924802	
Solyc08g066210.2.1	Solyc06g050560.2.1	11.2361	280.9	1042.1	0.0529	0.7803	14.7472	-3390.241474	
Solyc10g018250.1.1	Solyc03g083530.2.1	1.3813	89.4	363.6	0.0010	0.0023	2.3232	-764.168872	
Solyc10g018260.1.1	Solyc03g083550.1.1	15.6201	281.3	927.7	0.0082	0.1786	21.7899	-2586.508789	
Solyc12g096530.1.1	Solyc12g017870.1.1	50.0000	172.9	763.1	0.0068	0.5938	87.5815	-2299.129249	
Solyc12g096630.1.1	Solyc12g018990.1.1	0.9614	95.1	315.9	0.1864	0.1594	0.8552	-817.349471	
Solyc12g096640.1.1	Solyc12g019000.1.1	1.3512	260.7	870.3	0.2568	0.2702	1.0521	-2512.100586	
Solyc12g096730.1.1	Solyc12g019120.1.1	4.2151	221.0	934.0	0.0586	0.3447	5.8862	-2602.036638	
Solyc05g007460.2.1	Solyc01g010860.2.1	0.7390	155.7	531.3	0.1100	0.0869	0.7901	-1298.934150	
Solyc05g007490.2.1	Solyc01g010870.2.1	0.5556	409.4	1309.6	0.1526	0.0797	0.5226	-3140.912653	
Solyc05g007660.2.1	Solyc01g010880.2.1	0.8919	180.8	560.2	0.2773	0.1817	0.6553	-1516.625805	
Solyc05g007690.1.1	Solyc01g010910.1.1	2.6338	138.3	617.7	0.2184	0.5305	2.4291	-1803.568214	
Solyc04g078410.2.1	Solyc03g044160.1.1	50.0000	218.1	834.9	0.0107	0.8288	77.2971	-2706.298992	
Solyc04g078490.1.1	Solyc03g044220.1.1	4.2972	364.1	1210.9	0.0574	0.2985	5.2034	-3629.765812	
Solyc04g078540.2.1	Solyc03g044230.1.1	3.9467	232.9	751.1	0.0694	0.3153	4.5420	-2245.327269	
Solyc04g078620.2.1	Solyc03g044260.2.1	1.4662	86.6	345.4	0.0294	0.0642	2.1820	-820.428997	
Solyc11g069550.1.1	Solyc06g010170.2.1	0.5732	208.3	799.7	0.1357	0.0825	0.6080	-1838.855404	
Solyc11g069580.1.1	Solyc06g010180.1.1	0.6068	100.9	274.1	0.0712	0.0448	0.6298	-673.096925	
Solyc11g069610.1.1	Solyc06g010200.2.1	1.3832	725.4	2460.6	0.5077	0.3777	0.7439	-7230.602326	
Solyc11g069750.1.1	Solyc06g010250.2.1	1.7351	337.8	1120.2	0.0489	0.1050	2.1484	-2851.515486	
Solyc09g064720.2.1	Solyc01g080220.2.1	2.2819	171.6	530.4	0.1326	0.2927	2.2074	-1568.263606	
Solyc09g064780.2.1	Solyc01g080200.2.1	3.1395	991.4	2881.6	0.0744	0.2500	3.3616	-8680.018474	
Solyc09g064870.2.1	Solyc01g080160.2.1	2.2716	321.9	983.1	0.0765	0.1903	2.4887	-2780.122776	
Solyc08g081360.2.1	Solyc12g056210.1.1	1.2857	169.9	556.1	0.1481	0.1827	1.2335	-1542.971561	
Solyc08g081420.2.1	Solyc12g056200.1.1	1.1296	284.5	1089.5	0.1002	0.1316	1.3142	-2737.993180	
Solyc08g081450.2.1	Solyc12g056190.1.1	1.4011	152.1	459.9	0.4300	0.3513	0.8171	-1377.951138	
Solyc08g081540.2.1	Solyc12g056180.1.1	1.2199	261.0	1035.0	0.1095	0.1541	1.4081	-2597.030839	
Solyc06g050560.2.1	Solyc03g062660.2.1	10.2354	280.8	1042.2	0.0584	0.7715	13.2108	-3376.397881	
Solyc04g008780.2.1	Solyc01g008530.2.1	50.0000	210.9	713.1	0.0070	0.4968	71.3325	-2263.458866	
Solyc04g009000.1.1	Solyc01g008380.1.1	50.0000	96.8	311.2	0.0095	0.6483	68.1451	-1025.385267	
Solyc04g009180.1.1	Solyc01g008230.2.1	1.4241	150.1	476.9	0.1383	0.1905	1.3775	-1320.123727	
Solyc04g009190.2.1	Solyc01g008220.2.1	1.0741	140.0	424.0	0.5000	0.2868	0.5737	-1226.641886	
Solyc10g076400.1.1	Solyc06g051350.2.1	3.7150	242.7	855.3	0.1471	0.5428	3.6892	-2673.814669	
Solyc10g076530.1.1	Solyc06g051540.2.1	50.0000	182.4	645.6	0.0109	0.7909	72.8610	-2127.954052	
Solyc10g076710.1.1	Solyc06g051620.2.1	2.5159	389.5	1266.5	0.0937	0.2561	2.7326	-3641.660394	
Solyc10g076740.1.1	Solyc06g051720.2.1	2.0635	92.9	363.1	0.1225	0.2796	2.2825	-1015.305601	
Solyc10g076400.1.1	Solyc04g064740.2.1	3.4205	162.7	671.3	0.3803	0.8651	2.2747	-2093.167531	
Solyc06g051350.2.1	Solyc04g064740.2.1	50.0000	174.7	671.3	0.0099	0.7690	77.7475	-2141.606798	
Solyc10g076490.1.1	Solyc04g064940.2.1	5.9520	249.1	833.9	0.5397	1.6587	3.0730	-2882.448876	
Solyc10g076530.1.1	Solyc04g071000.1.1	50.0000	176.5	738.5	0.0097	0.8086	83.0294	-2336.889939	
Solyc06g051540.2.1	Solyc04g071000.1.1	6.5137	230.6	768.4	0.1585	0.9753	6.1553	-2595.788278	
Solyc08g078070.2.1	Solyc01g090170.2.1	1.4026	126.9	470.1	0.0422	0.0803	1.9018	-1137.579363	
Solyc08g078090.1.1	Solyc01g090220.2.1	50.0000	235.6	709.4	0.0069	0.4526	65.4918	-2292.781410	
Solyc08g078250.2.1	Solyc01g090410.2.1	2.2667	189.8	674.2	0.1092	0.2706	2.4779	-1943.641316	
Solyc08g078300.2.1	Solyc01g090460.2.1	6.6179	151.9	517.1	0.0311	0.2736	8.7858	-1519.545050	
Solyc05g026110.1.1	Solyc08g065300.2.1	0.1559	55.6	277.4	0.7848	0.0497	0.0633	-500.444585	
Solyc07g055310.1.1	Solyc07g006990.1.1	9.6863	314.8	1065.2	0.0647	0.7512	11.6128	-3509.612546	
Solyc07g055400.1.1	Solyc07g006940.1.1	50.0000	144.6	491.4	0.0109	0.7732	70.6780	-1639.598432	
Solyc07g055730.2.1	Solyc07g006920.2.1	11.1820	158.5	588.5	0.0471	0.7040	14.9518	-1875.922435	
Solyc07g055870.2.1	Solyc07g006760.2.1	6.0237	194.9	663.1	0.1476	0.8684	5.8853	-2192.894063	
Solyc07g055310.1.1	Solyc11g017290.1.1	50.0000	308.4	1065.6	0.0101	0.7239	71.7571	-3475.221518	
Solyc07g006990.1.1	Solyc11g017290.1.1	50.0000	326.3	1092.7	0.0115	0.8032	69.7961	-3601.346449	
Solyc07g006850.1.1	Solyc11g017450.1.1	4.0757	137.4	645.6	0.1552	0.6948	4.4762	-1909.168230	
Solyc07g006840.1.1	Solyc11g017470.1.1	50.0000	154.5	646.5	0.0093	0.7725	83.1824	-2024.325463	
Solyc06g076910.1.1	Solyc06g005880.2.1	50.0000	212.4	699.6	0.0089	0.6190	69.5134	-2295.029972	
Solyc06g082070.2.1	Solyc06g007170.2.1	1.6933	241.7	832.3	0.1631	0.2619	1.6062	-2369.575846	
Solyc06g082080.2.1	Solyc06g007190.2.1	1.0743	177.3	623.7	0.1893	0.1838	0.9711	-1662.698291	
Solyc06g082090.2.1	Solyc06g007200.2.1	0.5823	232.4	709.6	0.0347	0.0247	0.7113	-1580.094885	
Solyc04g011360.2.1	Solyc06g005810.2.1	10.3118	142.0	473.0	0.0461	0.5946	12.9079	-1535.982525	
Solyc04g011580.2.1	Solyc06g005670.2.1	1.6527	350.1	1212.9	0.1210	0.2097	1.7330	-3361.853579	
Solyc04g011610.1.1	Solyc06g005650.2.1	4.5571	127.8	457.2	0.0448	0.2687	5.9915	-1312.916938	
Solyc04g011650.2.1	Solyc06g005590.2.1	2.6093	159.6	569.4	0.1769	0.4309	2.4361	-1747.987543	
Solyc09g010850.2.1	Solyc06g005500.2.1	3.3670	253.3	811.7	0.0798	0.3000	3.7579	-2468.953727	
Solyc09g010860.2.1	Solyc06g005560.2.1	3.8827	156.5	563.5	0.0301	0.1616	5.3737	-1530.189751	
Solyc09g010880.2.1	Solyc06g005580.2.1	8.3807	216.1	749.9	0.0265	0.3035	11.4337	-2201.538050	
Solyc09g011130.1.1	Solyc06g005720.2.1	5.2106	176.0	592.0	0.0558	0.3562	6.3823	-1783.675952	
Solyc11g044460.1.1	Solyc04g078700.2.1	50.0000	226.5	880.5	0.0096	0.7566	78.5007	-2815.698584	
Solyc11g044560.1.1	Solyc04g078840.2.1	2.9500	191.2	720.8	0.0873	0.3079	3.5288	-2094.325623	
Solyc02g089870.1.1	Solyc01g109340.2.1	3.4646	131.4	486.6	0.1000	0.3963	3.9629	-1463.809333	
Solyc02g089980.2.1	Solyc01g109270.2.1	3.1464	332.4	1065.6	0.1204	0.3832	3.1825	-3307.400142	
Solyc02g090150.1.1	Solyc01g109120.2.1	5.2928	262.1	913.9	0.0471	0.3203	6.7990	-2706.103718	
Solyc02g090160.2.1	Solyc01g109110.2.1	2.7548	163.1	499.9	0.1181	0.3236	2.7410	-1510.253063	
Solyc05g012430.1.1	Solyc07g005540.1.1	4.9674	211.1	865.9	0.4422	1.3276	3.0022	-2812.673793	
Solyc05g012500.2.1	Solyc07g005650.2.1	50.0000	182.9	594.1	0.0214	1.4160	66.1899	-2028.348407	
Solyc05g012630.1.1	Solyc07g005740.1.1	9.3910	273.7	1007.3	0.0793	0.8994	11.3421	-3276.798998	
Solyc05g012740.1.1	Solyc07g005770.2.1	17.9863	247.9	766.1	0.0273	0.6173	22.6134	-2524.844215	
Solyc04g005140.2.1	Solyc03g114580.2.1	1.9526	235.5	778.5	0.1521	0.2837	1.8649	-2302.301776	
Solyc04g005280.2.1	Solyc03g114720.2.1	3.5467	199.5	700.5	0.1363	0.4917	3.6065	-2196.769113	
Solyc04g005320.2.1	Solyc03g114830.2.1	46.4282	108.0	516.0	0.0055	0.4754	87.1678	-1504.418397	
Solyc04g005340.2.1	Solyc03g114860.2.1	1.5188	226.2	817.8	0.0267	0.0570	2.1304	-1962.888409	
Solyc10g012140.1.1	Solyc04g014400.2.1	50.0000	170.9	579.1	0.0191	1.3113	68.6894	-1972.913594	
Solyc10g012170.2.1	Solyc04g014410.2.1	50.0000	181.6	640.4	0.0095	0.6955	72.9728	-2087.141247	
Solyc10g012360.1.1	Solyc04g014650.2.1	50.0000	143.6	489.4	0.0130	0.9175	70.3349	-1644.316366	
Solyc10g017490.1.1	Solyc04g014690.2.1	50.0000	198.0	675.0	0.0122	0.8634	70.5319	-2266.564231	
Solyc12g094680.1.1	Solyc06g062450.2.1	19.3126	200.7	753.3	0.0735	1.7633	23.9815	-2544.222551	
Solyc12g095990.1.1	Solyc06g062800.2.1	2.1934	293.8	891.2	0.0109	0.0311	2.8551	-2149.481021	
Solyc12g096010.1.1	Solyc06g062820.2.1	50.0000	216.3	764.7	0.0049	0.3618	74.3021	-2328.816353	
Solyc12g096040.1.1	Solyc06g062850.2.1	2.8467	176.8	528.2	0.0345	0.1184	3.4292	-1397.357109	
Solyc05g012870.1.1	Solyc01g010990.2.1	0.8575	255.7	803.3	0.1670	0.1297	0.7763	-2061.976234	
Solyc05g013070.2.1	Solyc01g010950.2.1	0.4856	215.6	657.4	0.1091	0.0537	0.4918	-1549.258084	
Solyc05g013130.2.1	Solyc01g010940.2.1	0.9908	137.5	480.5	0.1868	0.1678	0.8981	-1267.782635	
Solyc05g013140.2.1	Solyc01g010920.1.1	1.2137	96.3	341.7	0.1501	0.1802	1.2009	-916.734459	
Solyc07g065540.1.1	Solyc12g015690.1.1	2.1025	153.5	428.5	0.3053	0.4379	1.4344	-1377.759706	
Solyc07g065660.2.1	Solyc12g015770.1.1	3.0396	457.4	1570.6	0.1169	0.3747	3.2059	-4726.375233	
Solyc07g065820.2.1	Solyc12g015870.1.1	0.8100	148.7	478.3	0.0220	0.0234	1.0629	-1073.320471	
Solyc07g065840.2.1	Solyc12g015880.1.1	0.6324	424.3	1585.7	0.0192	0.0179	0.9317	-3298.336142	
Solyc09g010630.2.1	Solyc04g011440.2.1	1.7456	425.9	1494.1	0.0166	0.0410	2.4789	-3442.862425	
Solyc09g010640.2.1	Solyc04g011460.1.1	3.1171	297.7	1070.3	0.0548	0.2185	3.9885	-3020.087241	
Solyc09g010750.1.1	Solyc04g011500.2.1	2.6082	119.7	411.3	0.0162	0.0590	3.6529	-992.298308	
Solyc09g010850.2.1	Solyc04g011520.2.1	2.2327	254.0	796.0	0.1426	0.3032	2.1263	-2426.338548	
Solyc09g014240.2.1	Solyc10g076830.1.1	0.9564	351.4	1295.6	0.0697	0.0829	1.1886	-3101.440109	
Solyc09g014380.2.1	Solyc10g076790.1.1	0.7460	324.7	890.3	0.0432	0.0359	0.8320	-2143.261024	
Solyc09g014390.1.1	Solyc10g076780.1.1	1.6006	210.4	911.6	0.1115	0.2140	1.9183	-2332.676261	
Solyc09g014460.1.1	Solyc10g076760.1.1	3.8029	110.7	351.3	0.1347	0.4992	3.7062	-1115.788761	
Solyc12g099250.1.1	Solyc01g059860.2.1	0.5649	205.2	673.8	0.1368	0.0761	0.5567	-1617.830266	
Solyc12g099260.1.1	Solyc01g059880.2.1	0.5339	474.1	1349.9	0.0299	0.0189	0.6310	-3083.296205	
Solyc12g099340.1.1	Solyc01g060140.2.1	1.9887	66.7	254.3	0.2398	0.3997	1.6666	-759.558997	
Solyc12g099250.1.1	Solyc12g019410.1.1	50.0000	197.0	670.0	0.0109	0.7744	70.7291	-2223.027258	
Solyc01g059860.2.1	Solyc12g019410.1.1	50.0000	187.4	679.6	0.0102	0.7577	74.3460	-2213.559139	
Solyc01g060110.1.1	Solyc12g019720.1.1	0.7490	78.6	311.4	0.1205	0.1011	0.8387	-726.603040	
Solyc11g069890.1.1	Solyc08g065420.2.1	6.2948	252.9	950.1	0.1554	0.9793	6.3010	-3110.298954	
Solyc11g070100.1.1	Solyc08g065870.2.1	1.3372	407.2	1281.8	0.3594	0.3118	0.8674	-3776.566463	
Solyc11g070110.1.1	Solyc08g065890.2.1	0.7459	391.9	1219.1	0.2528	0.1446	0.5721	-3123.706821	
Solyc11g070120.1.1	Solyc08g065900.2.1	0.5343	169.3	472.7	0.0739	0.0414	0.5600	-1083.406969	
Solyc05g006780.2.1	Solyc01g010420.2.1	50.0000	123.4	464.6	0.0056	0.4375	77.7955	-1408.048660	
Solyc05g006900.1.1	Solyc01g010440.2.1	1.1122	157.8	490.2	0.1829	0.1775	0.9708	-1346.720751	
Solyc05g007020.2.1	Solyc01g010480.2.1	0.9500	267.1	875.9	0.2530	0.1874	0.7406	-2361.953488	
Solyc11g065700.1.1	Solyc01g087240.2.1	4.9407	137.8	525.2	0.1037	0.5890	5.6794	-1643.760607	
Solyc11g065740.1.1	Solyc01g087190.2.1	2.3400	119.3	504.7	0.1907	0.4307	2.2583	-1466.357890	
Solyc11g065820.1.1	Solyc01g087150.2.1	3.0287	395.8	987.2	0.0738	0.2200	2.9787	-3023.831936	
Solyc11g066130.1.1	Solyc01g086840.1.1	50.0000	142.5	508.5	0.0075	0.5547	74.1452	-1615.829419	
Solyc02g086820.2.1	Solyc02g067750.2.1	1.0787	187.6	571.4	0.1985	0.1800	0.9064	-1577.756767	
Solyc02g086850.1.1	Solyc02g067720.1.1	0.9821	209.8	792.2	0.2230	0.1893	0.8488	-2057.921134	
Solyc02g086940.2.1	Solyc02g067710.1.1	0.8939	203.8	603.2	0.2295	0.1613	0.7027	-1646.351351	
Solyc02g087040.1.1	Solyc02g067680.1.1	1.0175	103.1	409.9	0.2351	0.2051	0.8724	-1079.566215	
Solyc02g086220.2.1	Solyc03g034270.2.1	0.7760	222.5	662.5	0.1214	0.0918	0.7556	-1698.154861	
Solyc02g086260.1.1	Solyc03g034300.1.1	1.3046	137.0	301.0	0.1866	0.1840	0.9862	-943.077295	
Solyc02g086300.2.1	Solyc03g034320.2.1	1.0981	267.4	968.6	0.0645	0.0885	1.3713	-2330.933668	
Solyc02g086590.2.1	Solyc03g043710.1.1	7.3617	236.5	858.5	0.0892	0.7655	8.5824	-2810.392180	
Solyc10g052880.1.1	Solyc01g109650.2.1	7.8735	247.2	844.8	0.1573	1.1859	7.5396	-2878.734934	
Solyc10g054030.1.1	Solyc01g109910.2.1	0.9326	307.0	932.0	0.2157	0.1635	0.7582	-2544.241221	
Solyc10g054040.1.1	Solyc01g109940.2.1	0.5306	286.9	868.1	0.1255	0.0648	0.5161	-2081.013678	
Solyc10g054050.1.1	Solyc01g109950.2.1	1.2694	193.2	709.8	0.1163	0.1611	1.3856	-1851.782481	
Solyc07g005170.1.1	Solyc03g116000.1.1	50.0000	273.1	1007.9	0.0097	0.7286	75.4999	-3245.350118	
Solyc07g005440.1.1	Solyc03g115700.2.1	50.0000	184.7	625.3	0.0071	0.5075	71.3543	-1983.057061	
Solyc07g005480.2.1	Solyc03g115670.1.1	50.0000	233.3	681.7	0.0256	1.5543	60.8295	-2422.217688	
Solyc07g005540.1.1	Solyc03g115610.2.1	10.9638	287.6	1014.4	0.0548	0.7602	13.8613	-3338.040312	
Solyc11g005710.1.1	Solyc06g052070.2.1	5.1306	377.3	1410.7	0.0999	0.5895	5.8998	-4464.274271	
Solyc11g005750.1.1	Solyc06g051960.2.1	50.0000	236.7	738.3	0.0083	0.5536	66.9350	-2432.846134	
Solyc11g006070.1.1	Solyc06g051650.2.1	50.0000	93.2	323.8	0.0036	0.2689	73.6749	-939.539739	
Solyc10g079240.1.1	Solyc04g016480.2.1	1.1051	267.4	869.6	0.2635	0.2222	0.8435	-2397.580939	
Solyc10g079280.1.1	Solyc04g016280.2.1	0.6296	239.7	690.3	0.0842	0.0552	0.6554	-1668.229223	
Solyc10g079300.1.1	Solyc04g016260.2.1	0.7548	82.5	235.5	0.1794	0.1150	0.6412	-615.349417	
Solyc10g079320.1.1	Solyc04g016190.1.1	2.2505	306.5	938.5	0.0898	0.2145	2.3900	-2705.534761	
Solyc11g007250.1.1	Solyc10g083500.1.1	5.3473	308.6	909.4	0.0856	0.4810	5.6170	-2983.631815	
Solyc11g007580.1.1	Solyc10g083630.1.1	50.0000	125.3	363.7	0.0020	0.1322	64.6499	-1005.393925	
Solyc11g007600.1.1	Solyc10g083670.1.1	2.6024	396.7	1163.3	0.0696	0.1972	2.8326	-3333.912914	
Solyc11g007690.1.1	Solyc10g083720.1.1	2.2534	343.4	1063.6	0.0385	0.1058	2.7499	-2820.040325	
Solyc04g050940.1.1	Solyc03g083470.2.1	50.0000	239.5	846.5	0.0139	0.9994	72.0470	-2809.918291	
Solyc04g051080.1.1	Solyc03g083340.1.1	1.5837	234.2	764.8	0.6021	0.4571	0.7592	-2252.993484	
Solyc09g083280.2.1	Solyc06g053830.2.1	50.0000	98.4	384.6	0.0043	0.3427	80.4983	-1119.419078	
Solyc09g083370.2.1	Solyc06g053820.2.1	0.5566	102.2	347.8	0.0560	0.0384	0.6859	-788.119772	
Solyc09g083400.2.1	Solyc06g053780.2.1	0.9002	194.1	540.9	0.3870	0.2116	0.5467	-1503.672753	
Solyc09g089580.2.1	Solyc06g053650.1.1	2.9575	131.8	390.2	0.1827	0.4629	2.5340	-1265.314103	
Solyc09g007510.1.1	Solyc06g075550.2.1	50.0000	223.6	859.4	0.0114	0.8829	77.3361	-2772.503461	
Solyc09g007790.1.1	Solyc06g075170.1.1	50.0000	92.7	321.3	0.0056	0.4100	72.9747	-971.892259	
Solyc09g007810.2.1	Solyc06g075150.2.1	2.8436	440.4	1368.6	0.1107	0.3206	2.8972	-4200.312361	
Solyc09g007830.2.1	Solyc06g075090.2.1	1.6936	133.2	433.8	0.0438	0.0920	2.1035	-1106.899549	
Solyc08g005100.2.1	Solyc06g061240.2.1	0.7868	150.9	428.1	0.2838	0.1582	0.5576	-1139.275632	
Solyc08g005120.2.1	Solyc06g061280.2.1	1.3660	134.7	543.3	0.1502	0.2143	1.4271	-1444.115985	
Solyc08g005200.2.1	Solyc06g062360.2.1	0.7499	200.4	618.6	0.0553	0.0483	0.8725	-1477.888821	
Solyc08g005390.1.1	Solyc06g062610.1.1	50.0000	297.8	1055.2	0.0090	0.6600	73.3718	-3354.686050	
Solyc05g018280.1.1	Solyc10g045700.1.1	1.5265	83.5	336.5	0.1119	0.1974	1.7632	-868.212116	
Solyc07g007330.1.1	Solyc06g068330.1.1	2.8067	94.2	286.8	0.0881	0.2630	2.9844	-868.538647	
Solyc07g007350.1.1	Solyc06g068310.1.1	2.9157	106.9	412.1	0.1881	0.5145	2.7344	-1262.232890	
Solyc07g007510.2.1	Solyc06g068290.1.1	50.0000	152.6	441.4	0.0047	0.2995	63.9978	-1360.884643	
Solyc07g007600.2.1	Solyc06g068240.2.1	1.9502	611.0	1684.0	0.0287	0.0650	2.2627	-4311.726842	
Solyc04g015460.2.1	Solyc01g106160.1.1	50.0000	252.4	845.6	0.0128	0.8920	69.5136	-2848.568978	
Solyc04g015870.1.1	Solyc01g106670.1.1	0.5693	84.0	306.0	0.5094	0.1572	0.3085	-745.846466	
Solyc05g007690.1.1	Solyc04g005600.1.1	1.3789	135.0	618.0	0.1530	0.2307	1.5077	-1604.355983	
Solyc05g007770.2.1	Solyc04g005610.2.1	1.2423	129.0	624.0	0.2252	0.2605	1.1568	-1590.131994	
Solyc05g007790.2.1	Solyc04g005620.2.1	1.0712	149.4	399.6	0.1215	0.1203	0.9905	-1082.626920	
Solyc05g007940.2.1	Solyc04g005640.2.1	1.8536	111.8	542.2	0.1511	0.3152	2.0854	-1444.793860	
Solyc11g006320.1.1	Solyc10g081610.1.1	1.5767	611.5	2451.5	0.0488	0.1074	2.2020	-6047.374526	
Solyc11g006370.1.1	Solyc10g081640.1.1	3.8186	193.6	619.4	0.0279	0.1369	4.9073	-1632.764718	
Solyc11g006620.1.1	Solyc10g081940.1.1	2.4718	414.6	1385.4	0.0622	0.1841	2.9620	-3833.406289	
Solyc11g006650.1.1	Solyc10g082000.1.1	2.8268	348.5	1631.5	0.0908	0.3411	3.7570	-4466.414074	
Solyc06g071400.2.1	Solyc02g086920.1.1	3.6780	184.3	463.7	0.1685	0.5101	3.0276	-1561.824073	
Solyc06g071440.2.1	Solyc02g086860.2.1	4.1437	218.6	660.4	0.1355	0.5339	3.9404	-2169.681786	
Solyc06g071620.2.1	Solyc02g086580.2.1	50.0000	282.9	953.1	0.0237	1.5976	67.4458	-3267.898696	
Solyc06g071480.2.1	Solyc03g112930.2.1	3.0750	117.5	584.5	0.2159	0.6375	2.9522	-1696.979783	
Solyc06g071520.1.1	Solyc03g112890.1.1	1.9534	88.1	502.9	0.1492	0.3520	2.3595	-1327.518848	
Solyc06g071540.2.1	Solyc03g112840.1.1	0.9446	195.7	641.3	0.1204	0.1163	0.9656	-1609.963528	
Solyc02g086590.2.1	Solyc03g112730.2.1	3.6910	238.1	859.9	0.1364	0.5185	3.8007	-2707.477932	
Solyc04g055260.2.1	Solyc02g084950.2.1	13.4644	237.5	785.5	0.0308	0.5396	17.5480	-2469.103651	
Solyc04g056420.1.1	Solyc02g084780.2.1	50.0000	177.8	584.2	0.0085	0.5886	69.5001	-1920.657377	
Solyc04g056640.1.1	Solyc02g084600.2.1	50.0000	131.4	441.6	0.0148	1.0222	69.2558	-1502.179231	
Solyc04g083140.1.1	Solyc02g084570.2.1	50.0000	319.4	1027.6	0.0080	0.5495	68.5137	-3314.409014	
Solyc07g063630.2.1	Solyc12g005390.1.1	0.7147	166.2	481.8	0.1702	0.1059	0.6219	-1252.962927	
Solyc07g063850.2.1	Solyc12g005310.1.1	1.0927	220.9	697.1	0.0435	0.0579	1.3311	-1707.218578	
Solyc07g064030.2.1	Solyc12g005250.1.1	0.8458	337.9	1162.1	0.1159	0.1037	0.8949	-2892.680904	
Solyc07g064060.2.1	Solyc12g005230.1.1	0.9413	495.2	1733.8	0.3339	0.2174	0.6511	-4683.381000	
Solyc11g006370.1.1	Solyc04g009800.2.1	0.5286	178.2	634.8	0.0916	0.0555	0.6063	-1406.473265	
Solyc11g006410.1.1	Solyc04g009790.2.1	50.0000	325.8	1093.2	0.0252	1.6864	66.9420	-3772.848432	
Solyc11g006620.1.1	Solyc04g009740.2.1	0.6134	427.6	1360.4	0.1441	0.0845	0.5863	-3309.521483	
Solyc11g006680.1.1	Solyc04g009720.1.1	0.7526	201.2	593.8	0.3256	0.1646	0.5055	-1605.573912	
Solyc02g094010.1.1	Solyc01g104970.2.1	50.0000	237.7	821.3	0.0142	1.0049	70.7832	-2759.790424	
Solyc02g094080.1.1	Solyc01g104940.1.1	1.3660	98.6	402.4	0.3956	0.3501	0.8849	-1128.698966	
Solyc02g094320.2.1	Solyc01g104770.2.1	50.0000	254.4	837.6	0.0070	0.4900	69.9359	-2666.868918	
Solyc08g082180.2.1	Solyc12g055990.1.1	0.6476	138.1	386.9	0.1113	0.0696	0.6255	-964.073534	
Solyc08g082250.2.1	Solyc12g055970.1.1	0.9680	223.8	751.2	0.0668	0.0767	1.1484	-1851.859566	
Solyc08g082420.2.1	Solyc12g055950.1.1	0.7250	132.4	401.6	0.2873	0.1496	0.5207	-1047.515218	
Solyc08g082440.2.1	Solyc12g055930.1.1	0.6511	225.2	776.8	0.1318	0.0875	0.6638	-1891.904656	
Solyc08g079100.2.1	Solyc01g091010.2.1	1.3536	110.0	376.0	0.1386	0.1874	1.3525	-1032.284666	
Solyc08g079570.2.1	Solyc01g091320.2.1	2.9952	163.9	604.1	0.0631	0.2394	3.7957	-1673.095940	
Solyc08g079630.2.1	Solyc01g091370.2.1	4.7975	190.9	553.1	0.0766	0.3908	5.1008	-1737.773678	
Solyc07g041940.2.1	Solyc02g021780.1.1	4.9829	80.1	303.9	0.1046	0.5963	5.7006	-944.637450	
Solyc06g076750.2.1	Solyc03g005950.1.1	17.1173	386.2	1257.8	0.0268	0.5982	22.3428	-4101.661016	
Solyc06g076910.1.1	Solyc03g006030.2.1	4.7071	304.9	1036.1	0.1038	0.5294	5.1021	-3322.964664	
Solyc06g082070.2.1	Solyc03g006220.2.1	3.9023	205.3	823.7	0.0849	0.4128	4.8633	-2415.862112	
Solyc06g082190.2.1	Solyc03g006400.2.1	50.0000	179.7	687.3	0.0104	0.8068	77.3417	-2223.680523	
Solyc07g007030.1.1	Solyc12g010390.1.1	0.5890	415.6	1306.4	0.0484	0.0342	0.7062	-2985.230580	
Solyc07g007120.2.1	Solyc12g010410.1.1	1.0722	176.5	690.5	0.0921	0.1189	1.2903	-1684.032402	
Solyc07g007220.2.1	Solyc12g010450.1.1	1.2810	229.3	667.7	0.1522	0.1762	1.1573	-1899.002046	
Solyc07g007320.1.1	Solyc12g010470.1.1	0.8208	122.5	456.5	0.0910	0.0879	0.9658	-1097.967925	
Solyc05g012180.2.1	Solyc09g014970.2.1	50.0000	155.8	606.2	0.0085	0.6739	78.8881	-1887.697722	
Solyc05g012430.1.1	Solyc09g015170.2.1	14.0979	213.8	902.2	0.0532	1.0663	20.0259	-2888.817379	
Solyc05g012630.1.1	Solyc09g015370.1.1	50.0000	291.3	1091.7	0.0101	0.7712	76.2408	-3507.864949	
Solyc05g012680.2.1	Solyc09g015420.2.1	9.4625	119.4	390.6	0.0498	0.5769	11.5883	-1242.625720	
Solyc05g006940.2.1	Solyc02g081250.1.1	50.0000	213.1	722.9	0.0128	0.8995	70.1569	-2402.095738	
Solyc05g007050.2.1	Solyc02g081040.2.1	5.3382	237.5	860.5	0.1372	0.7539	5.4939	-2815.532709	
Solyc05g007080.2.1	Solyc02g080910.2.1	7.2723	256.3	946.7	0.0522	0.4975	9.5401	-2910.358686	
Solyc05g007110.2.1	Solyc02g080890.2.1	50.0000	173.4	585.6	0.0115	0.8076	70.2309	-1943.272431	
Solyc02g081650.2.1	Solyc02g032300.2.1	0.6839	295.5	1021.5	0.1769	0.1115	0.6305	-2546.644394	
Solyc02g081980.2.1	Solyc02g032550.1.1	1.2759	198.4	791.6	0.1278	0.1796	1.4054	-2032.647500	
Solyc02g082090.2.1	Solyc02g032830.1.1	4.9526	173.2	588.8	0.1787	0.8074	4.5177	-1956.464828	
Solyc01g098150.2.1	Solyc01g095160.2.1	6.5844	302.2	1098.8	0.1145	0.8226	7.1840	-3585.320644	
Solyc01g098410.2.1	Solyc01g094920.2.1	5.7197	174.2	728.8	1.2198	1.9752	1.6193	-2387.462002	
Solyc01g098480.1.1	Solyc01g094850.1.1	7.1641	298.2	1126.8	0.0798	0.6995	8.7690	-3592.705144	
Solyc01g098740.2.1	Solyc01g094660.2.1	50.0000	241.6	820.4	0.0121	0.8484	70.3880	-2773.100998	
Solyc02g079010.2.1	Solyc03g006620.2.1	2.6039	204.0	612.0	0.1687	0.3888	2.3053	-1918.977922	
Solyc02g079030.2.1	Solyc03g006630.2.1	0.9065	310.9	958.1	0.2254	0.1640	0.7278	-2575.185754	
Solyc02g079260.1.1	Solyc03g006990.1.1	13.7681	332.5	1104.5	0.0410	0.7161	17.4538	-3651.237511	
Solyc02g079530.2.1	Solyc03g007210.2.1	50.0000	254.7	837.3	0.0127	0.8697	68.6060	-2832.592639	
Solyc12g005160.1.1	Solyc10g006340.2.1	1.3462	227.4	870.6	0.3089	0.3067	0.9927	-2437.720073	
Solyc12g005220.1.1	Solyc10g006440.2.1	0.7291	286.9	964.1	0.1889	0.1225	0.6483	-2417.573237	
Solyc12g005310.1.1	Solyc10g006610.2.1	1.0042	214.0	599.0	0.1031	0.1018	0.9870	-1575.669323	
Solyc12g005400.1.1	Solyc10g006800.2.1	1.2651	399.3	1343.7	0.1271	0.1639	1.2893	-3615.571396	
Solyc07g041750.2.1	Solyc10g045420.1.1	6.7420	287.7	1104.3	0.1052	0.8146	7.7473	-3597.143911	
Solyc11g072490.1.1	Solyc10g084290.1.1	4.5813	419.2	1323.8	0.0889	0.4409	4.9572	-4125.692246	
Solyc11g072600.1.1	Solyc10g084340.1.1	4.2634	216.8	836.2	0.0619	0.3448	5.5713	-2466.411985	
Solyc11g072810.1.1	Solyc10g084450.1.1	3.8539	142.3	436.7	0.0956	0.3863	4.0419	-1353.655849	
Solyc11g072960.1.1	Solyc10g084550.1.1	16.4135	379.1	1150.9	0.0247	0.5068	20.5444	-3736.429905	
Solyc02g093880.2.1	Solyc03g111090.2.1	5.2404	463.8	1687.2	0.0641	0.4213	6.5685	-5109.574534	
Solyc02g093890.1.1	Solyc03g111100.1.1	3.5602	174.4	557.6	0.1375	0.4757	3.4596	-1769.759674	
Solyc02g094110.1.1	Solyc03g111280.1.1	3.7006	348.6	1076.4	0.0801	0.3238	4.0424	-3290.117404	
Solyc02g094380.1.1	Solyc03g111540.1.1	50.0000	237.3	794.7	0.0120	0.8344	69.7000	-2685.268891	
Solyc02g065670.1.1	Solyc03g078240.1.1	3.2432	186.3	662.7	0.2076	0.5883	2.8341	-2041.506969	
Solyc02g066960.2.1	Solyc03g078490.2.1	12.0489	275.2	942.8	0.0520	0.7848	15.0847	-3086.402580	
Solyc06g060050.1.1	Solyc03g007840.1.1	9.8950	294.0	1137.0	0.0534	0.7102	13.3057	-3591.008191	
Solyc06g060240.1.1	Solyc03g007650.1.1	7.9155	116.2	450.8	0.0644	0.6634	10.3021	-1404.264032	
Solyc06g060600.1.1	Solyc03g007290.2.1	5.2035	199.1	673.9	0.0605	0.3820	6.3121	-2057.805293	
Solyc06g060680.1.1	Solyc03g007210.2.1	50.0000	179.9	588.1	0.0141	0.9573	68.0102	-1978.971066	
Solyc08g079460.2.1	Solyc02g091470.2.1	23.9498	221.7	783.3	0.0272	0.8984	33.0145	-2623.232771	
Solyc08g079710.2.1	Solyc02g091780.1.1	10.1688	423.2	1637.8	0.1051	1.2330	11.7359	-5403.045456	
Solyc08g079740.2.1	Solyc02g091840.2.1	8.6539	289.3	1045.7	0.0653	0.7029	10.7700	-3405.123627	
Solyc08g079750.2.1	Solyc02g091990.2.1	20.8729	314.3	966.7	0.0189	0.5058	26.8009	-3141.078088	
Solyc07g054320.2.1	Solyc12g005590.1.1	0.6636	298.0	851.0	0.1007	0.0667	0.6625	-2093.066785	
Solyc07g054410.1.1	Solyc12g005560.1.1	1.6646	391.4	1426.6	0.5223	0.4636	0.8876	-4127.304047	
Solyc07g054740.2.1	Solyc12g005390.1.1	4.4307	174.1	473.9	0.0388	0.1930	4.9703	-1382.002562	
Solyc07g054830.2.1	Solyc12g005380.1.1	1.6768	277.4	961.6	0.1005	0.1860	1.8514	-2644.045169	
Solyc04g057930.2.1	Solyc06g063150.2.1	50.0000	236.7	840.3	0.0117	0.8520	72.8051	-2773.056854	
Solyc04g057960.2.1	Solyc06g063140.2.1	50.0000	263.1	930.9	0.0137	0.9911	72.1284	-3105.810367	
Solyc04g063370.1.1	Solyc06g062820.2.1	15.4966	240.7	797.3	0.0483	0.9268	19.2027	-2708.135499	
Solyc04g064650.1.1	Solyc06g062610.1.1	6.1761	309.6	1115.4	0.0899	0.6432	7.1578	-3551.215272	
Solyc02g021640.2.1	Solyc03g044090.2.1	8.5031	384.9	1220.1	0.0677	0.6584	9.7315	-4072.334221	
Solyc02g023950.2.1	Solyc03g043770.2.1	50.0000	219.9	815.1	0.0108	0.8151	75.4241	-2663.853841	
Solyc10g051330.1.1	Solyc03g083470.2.1	50.0000	208.4	883.6	0.0095	0.7976	83.9511	-2781.863369	
Solyc06g034020.2.1	Solyc03g093690.2.1	0.8661	123.0	468.0	0.1216	0.1153	0.9483	-1168.661303	
Solyc06g034110.2.1	Solyc03g093470.2.1	1.0198	160.1	595.9	0.1662	0.1648	0.9915	-1525.375722	
Solyc06g034180.1.1	Solyc03g093300.2.1	1.0617	214.1	715.9	0.2549	0.2115	0.8300	-1948.109879	
Solyc06g034290.2.1	Solyc03g093140.2.1	0.9970	394.6	1066.4	0.1238	0.1141	0.9221	-2872.226746	
Solyc08g077110.2.1	Solyc03g083880.2.1	40.8773	162.9	665.1	0.0118	0.7809	66.0609	-2122.090732	
Solyc08g077300.2.1	Solyc03g083610.2.1	23.9442	141.0	456.0	0.0135	0.4383	32.3723	-1406.802081	
Solyc08g077560.2.1	Solyc03g083470.2.1	10.7319	232.8	835.2	0.0718	0.9375	13.0486	-2767.442432	
Solyc08g077770.2.1	Solyc03g083320.2.1	50.0000	151.5	484.5	0.0039	0.2667	69.1101	-1416.271244	
Solyc05g006570.1.1	Solyc08g075590.1.1	50.0000	275.8	954.2	0.0130	0.9221	71.1485	-3201.524747	
Solyc05g006800.1.1	Solyc08g075350.1.1	50.0000	249.8	1058.2	0.0085	0.7175	84.2203	-3283.920493	
Solyc05g007050.2.1	Solyc08g074980.2.1	36.1643	239.4	867.6	0.0080	0.4358	54.1571	-2684.284038	
Solyc05g007230.2.1	Solyc08g074760.2.1	4.0867	283.3	958.7	0.1878	0.6857	3.6518	-3172.295650	
Solyc07g053020.1.1	Solyc10g008220.2.1	50.0000	275.4	798.6	0.0125	0.7828	62.7341	-2753.011104	
Solyc07g053380.1.1	Solyc10g008590.1.1	18.1017	250.1	853.9	0.0367	0.8685	23.6733	-2844.420771	
Solyc07g053480.2.1	Solyc10g008840.2.1	3.2897	144.2	476.8	0.0167	0.0746	4.4762	-1201.606067	
Solyc07g053490.2.1	Solyc10g008890.2.1	2.0534	121.8	370.2	0.1373	0.2679	1.9509	-1103.669248	
Solyc06g061080.2.1	Solyc03g115850.2.1	50.0000	173.4	654.6	0.0106	0.8137	76.5029	-2132.887088	
Solyc06g061210.2.1	Solyc03g115830.1.1	1.1449	346.5	1195.5	0.2009	0.2015	1.0031	-3272.326943	
Solyc06g062450.2.1	Solyc03g115710.1.1	50.0000	198.7	764.3	0.0229	1.7019	74.2459	-2541.525202	
Solyc06g062610.1.1	Solyc03g115570.1.1	8.0794	296.4	1041.6	0.0767	0.7345	9.5767	-3377.954696	
Solyc09g008010.2.1	Solyc06g008890.2.1	50.0000	257.2	834.8	0.0137	0.9265	67.7601	-2859.765537	
Solyc09g008120.2.1	Solyc06g009070.2.1	10.2431	404.4	1395.6	0.0729	0.8852	12.1428	-4662.271956	
Solyc09g008240.2.1	Solyc06g009280.1.1	50.0000	461.1	1302.9	0.0088	0.5447	62.2263	-4389.755924	
Solyc09g008300.2.1	Solyc06g009440.1.1	50.0000	146.7	468.3	0.0153	1.0169	66.6218	-1611.853251	
Solyc11g010700.1.1	Solyc06g063360.2.1	50.0000	211.4	739.6	0.0163	1.1585	70.9154	-2503.126124	
Solyc11g010890.1.1	Solyc06g064490.2.1	32.7362	246.3	899.7	0.0145	0.6970	48.2195	-2907.023980	
Solyc11g011110.1.1	Solyc06g064820.2.1	3.5604	186.5	812.5	0.1488	0.5740	3.8569	-2421.050993	
Solyc09g014220.2.1	Solyc06g076750.2.1	2.6012	389.6	1248.4	0.0686	0.2049	2.9885	-3578.725084	
Solyc09g014240.2.1	Solyc06g076760.1.1	2.2071	340.9	1300.1	0.0727	0.2015	2.7724	-3469.861056	
Solyc09g014250.2.1	Solyc06g076770.2.1	3.6241	117.3	449.7	0.0652	0.3045	4.6712	-1283.236822	
Solyc12g038200.1.1	Solyc01g058380.1.1	0.2370	149.4	468.6	0.8128	0.0748	0.0921	-1027.340465	
Solyc12g038220.1.1	Solyc01g058360.1.1	0.2785	135.4	455.6	0.6891	0.0841	0.1221	-1004.832618	
Solyc07g007330.1.1	Solyc03g117290.1.1	6.9519	98.1	282.9	0.0311	0.2572	8.2612	-876.041307	
Solyc07g007340.2.1	Solyc03g117300.2.1	3.0743	416.7	1176.3	0.0595	0.1996	3.3538	-3416.718472	
Solyc07g007350.1.1	Solyc03g117310.1.1	3.2376	112.4	403.6	0.1912	0.5616	2.9373	-1270.973029	
Solyc11g006450.1.1	Solyc04g009780.1.1	1.7164	52.6	346.4	0.1804	0.3579	1.9840	-879.296536	
Solyc11g006460.1.1	Solyc04g009770.2.1	0.6192	248.0	817.0	0.0670	0.0487	0.7260	-1895.988734	
Solyc11g006470.1.1	Solyc04g009760.1.1	2.1296	256.7	691.3	0.0585	0.1324	2.2652	-1975.691302	
Solyc02g084520.2.1	Solyc03g033630.2.1	1.5996	424.6	1414.4	0.4079	0.3994	0.9790	-4251.807633	
Solyc02g084550.2.1	Solyc03g033650.2.1	1.1680	161.5	504.5	0.3785	0.2785	0.7357	-1461.016256	
Solyc04g051350.2.1	Solyc04g012060.2.1	0.5246	86.3	300.7	0.0952	0.0561	0.5889	-696.269545	
Solyc04g051360.2.1	Solyc04g012050.2.1	50.0000	94.1	370.9	0.0092	0.7280	79.4649	-1138.126205	
Solyc04g051370.2.1	Solyc04g012040.2.1	0.6183	323.3	1002.7	0.0640	0.0452	0.7053	-2336.233695	
Solyc10g050860.1.1	Solyc01g108500.2.1	0.6867	255.0	876.0	0.1549	0.1026	0.6627	-2147.357810	
Solyc10g050870.1.1	Solyc01g108510.2.1	0.7979	149.1	522.9	0.2316	0.1532	0.6613	-1349.605797	
Solyc10g050880.1.1	Solyc01g108520.1.1	2.3235	181.6	667.4	0.1381	0.3317	2.4022	-1938.753005	
Solyc08g076390.2.1	Solyc08g005240.1.1	0.6758	311.3	1077.7	0.1541	0.1010	0.6555	-2645.476198	
Solyc08g076400.2.1	Solyc08g005260.1.1	1.2723	73.9	319.1	0.2670	0.2798	1.0478	-857.393292	
Solyc08g076420.2.1	Solyc08g005270.2.1	3.6366	209.8	708.2	0.1154	0.4404	3.8173	-2175.377389	
Solyc07g041190.2.1	Solyc06g062850.2.1	2.1016	160.2	544.8	0.0479	0.1271	2.6506	-1414.323677	
Solyc07g041210.2.1	Solyc06g062870.2.1	2.1660	418.0	1523.0	0.0603	0.1657	2.7488	-4037.649358	
Solyc07g041230.2.1	Solyc06g062880.1.1	3.5728	214.9	631.1	0.0525	0.2133	4.0610	-1855.071162	
Solyc02g078140.2.1	Solyc03g006400.2.1	0.6739	203.5	672.5	0.1280	0.0870	0.6796	-1642.773163	
Solyc02g078150.2.1	Solyc03g006410.2.1	1.9606	176.7	576.3	0.1336	0.2591	1.9398	-1650.340841	
Solyc02g078180.2.1	Solyc03g006430.2.1	0.4781	267.5	866.5	0.1005	0.0512	0.5097	-2003.770124	
Solyc09g090900.2.1	Solyc03g005730.2.1	0.8564	352.1	1159.9	0.1072	0.0971	0.9059	-2893.811996	
Solyc09g090920.2.1	Solyc03g005720.2.1	1.1615	229.8	691.2	0.1761	0.1787	1.0146	-1945.744948	
Solyc09g090930.2.1	Solyc03g005710.1.1	1.7476	155.3	573.7	0.3097	0.3950	1.2752	-1659.747120	
Solyc12g088650.1.1	Solyc01g107730.2.1	2.7202	188.6	702.4	0.1183	0.3517	2.9731	-2009.632227	
Solyc12g088670.1.1	Solyc01g107760.2.1	5.7215	214.5	769.5	0.0337	0.2634	7.8056	-2218.658422	
Solyc12g088690.1.1	Solyc01g107770.1.1	6.1261	129.0	405.0	0.1153	0.7155	6.2076	-1354.382572	
Solyc12g056730.1.1	Solyc04g078590.2.1	8.0577	268.9	943.1	0.0890	0.8207	9.2265	-3141.497552	
Solyc05g050980.2.1	Solyc01g091190.2.1	0.6517	330.0	912.0	0.1017	0.0649	0.6381	-2291.503332	
Solyc05g050990.1.1	Solyc01g091200.2.1	0.6316	284.9	987.1	0.0593	0.0462	0.7798	-2272.678009	
Solyc05g051000.2.1	Solyc01g091220.2.1	0.3184	95.7	357.3	0.0058	0.0028	0.4917	-709.814806	
Solyc07g065260.2.1	Solyc07g047960.2.1	3.6144	147.4	599.6	0.2627	0.7754	2.9511	-1889.446475	
Solyc07g065270.1.1	Solyc07g047950.1.1	3.9237	352.2	1057.8	0.0596	0.2645	4.4416	-3205.617931	
Solyc07g065290.2.1	Solyc07g047940.2.1	3.1562	96.4	353.6	0.0719	0.2796	3.8861	-1019.490968	
Solyc02g067450.2.1	Solyc01g010740.2.1	3.5470	262.7	928.3	0.0853	0.3514	4.1192	-2785.441045	
Solyc02g067460.2.1	Solyc01g010760.2.1	1.5533	202.3	625.7	0.0748	0.1288	1.7209	-1698.297773	
Solyc02g067470.2.1	Solyc01g010770.2.1	7.2107	157.2	499.8	0.0210	0.1976	9.4202	-1382.099101	
Solyc06g054470.1.1	Solyc01g080500.2.1	1.6053	122.8	396.2	0.2094	0.2826	1.3495	-1186.943479	
Solyc06g054480.2.1	Solyc01g080520.2.1	1.5737	238.2	853.8	0.3232	0.3601	1.1142	-2534.642504	
Solyc06g054490.2.1	Solyc01g080530.2.1	0.8252	178.8	544.2	0.1236	0.0999	0.8083	-1393.043384	
Solyc04g039810.1.1	Solyc01g007360.2.1	0.1217	80.9	228.1	2.9436	0.0491	0.0167	-471.211060	
Solyc10g008880.2.1	Solyc02g077450.2.1	0.6910	333.8	1055.2	0.1862	0.1124	0.6033	-2647.212823	
Solyc10g008890.2.1	Solyc02g077470.2.1	0.9009	132.2	359.8	0.2094	0.1490	0.7119	-982.543440	
Solyc10g008920.1.1	Solyc02g077490.2.1	0.7893	132.9	371.1	0.1654	0.1129	0.6825	-964.094825	
Solyc08g079080.2.1	Solyc03g083910.2.1	2.6178	401.5	1257.5	0.0931	0.2600	2.7916	-3697.183721	
Solyc08g079090.2.1	Solyc03g083900.2.1	1.8407	351.4	1253.6	0.1029	0.2109	2.0499	-3500.528247	
Solyc08g079120.1.1	Solyc03g083880.2.1	50.0000	153.4	668.6	0.0059	0.5172	87.0797	-1983.475786	
Solyc03g083490.2.1	Solyc01g091250.2.1	4.4173	143.6	453.4	0.0790	0.3871	4.9005	-1384.842808	
Solyc03g083530.2.1	Solyc01g091220.2.1	1.3124	84.0	369.0	0.0010	0.0023	2.3494	-755.313851	
Solyc03g083550.1.1	Solyc01g091200.2.1	4.9698	289.7	919.3	0.0276	0.1755	6.3560	-2583.360825	
Solyc02g070000.2.1	Solyc02g023950.2.1	1.2156	278.4	993.6	0.1763	0.2003	1.1364	-2705.439331	
Solyc02g070040.1.1	Solyc02g022920.1.1	2.2042	217.6	730.4	0.3225	0.4956	1.5371	-2262.861251	
Solyc08g075920.2.1	Solyc12g096110.1.1	0.8847	166.0	680.0	0.1472	0.1380	0.9377	-1679.365052	
Solyc08g075950.1.1	Solyc12g096070.1.1	0.6807	242.4	696.6	0.2312	0.1221	0.5281	-1829.989983	
Solyc08g075960.2.1	Solyc12g096060.1.1	0.4578	149.4	486.6	0.0168	0.0104	0.6160	-1046.904918	
Solyc08g076380.1.1	Solyc06g066390.1.1	1.2673	212.4	831.6	0.2285	0.2504	1.0959	-2249.197714	
Solyc08g076400.2.1	Solyc06g066340.2.1	1.6967	79.7	316.3	0.2464	0.3502	1.4208	-908.731594	
Solyc08g076420.2.1	Solyc06g066330.2.1	1.6880	207.8	713.2	0.2122	0.3062	1.4428	-2037.049011	
Solyc01g098190.2.1	Solyc01g067710.2.1	3.2604	426.3	1139.7	0.0382	0.1383	3.6223	-3269.964736	
Solyc01g098200.2.1	Solyc01g067720.2.1	6.4375	158.6	507.4	0.0542	0.4164	7.6778	-1583.956936	
Solyc01g098250.2.1	Solyc01g067770.1.1	13.0082	135.8	434.2	0.0583	0.8943	15.3438	-1452.202928	
Solyc03g007430.2.1	Solyc01g095510.2.1	2.4069	313.6	871.4	0.1225	0.2770	2.2617	-2675.842881	
Solyc03g007460.1.1	Solyc01g095500.2.1	50.0000	97.5	355.5	0.0112	0.8342	74.4242	-1144.962540	
Solyc03g007470.2.1	Solyc01g095490.2.1	1.0733	108.8	323.2	0.0188	0.0253	1.3457	-773.162755	
Solyc11g062400.1.1	Solyc01g008860.1.1	1.7387	250.3	820.7	0.2538	0.3435	1.3536	-2492.746839	
Solyc11g062430.1.1	Solyc01g008840.2.1	0.5210	300.8	1010.2	0.0522	0.0336	0.6441	-2236.618405	
Solyc11g062440.1.1	Solyc01g008830.1.1	0.9995	312.5	1247.5	0.1272	0.1404	1.1031	-3115.652044	
Solyc09g082550.2.1	Solyc09g065560.2.1	2.0825	447.1	1478.9	0.0737	0.1773	2.4042	-4039.239067	
Solyc09g082580.2.1	Solyc09g065590.2.1	6.4679	279.7	896.3	0.0258	0.2161	8.3736	-2547.953751	
Solyc09g082600.1.1	Solyc09g065620.2.1	50.0000	179.3	630.7	0.0074	0.5451	73.3578	-2005.413588	
Solyc09g091730.2.1	Solyc12g098340.1.1	2.0554	163.9	775.1	0.1855	0.3879	2.0907	-2103.261134	
Solyc09g091740.2.1	Solyc12g098330.1.1	0.4799	155.1	459.9	0.0355	0.0204	0.5738	-1050.325890	
Solyc09g091780.2.1	Solyc12g098310.1.1	0.9300	113.9	360.1	0.2479	0.1793	0.7232	-974.897012	
Solyc12g056730.1.1	Solyc03g059490.1.1	50.0000	294.8	1049.2	0.0089	0.6543	73.6652	-3417.349775	
Solyc08g005410.2.1	Solyc12g096050.1.1	0.5876	223.2	667.8	0.1190	0.0686	0.5765	-1614.381655	
Solyc08g005430.2.1	Solyc12g096070.1.1	0.9002	241.6	685.4	0.2258	0.1585	0.7017	-1888.247210	
Solyc08g005460.2.1	Solyc12g096110.1.1	1.2373	177.9	668.1	0.1270	0.1687	1.3278	-1744.458088	
Solyc05g009250.1.1	Solyc03g119580.1.1	50.0000	143.0	700.0	0.0121	1.1192	92.7615	-2125.508295	
Solyc05g009310.2.1	Solyc03g119540.2.1	6.1742	221.2	828.8	0.0458	0.3819	8.3393	-2441.491122	
Solyc05g009320.2.1	Solyc03g119530.2.1	3.4243	127.6	442.4	0.0919	0.3553	3.8672	-1360.103663	
Solyc05g050970.2.1	Solyc10g018300.1.1	0.7551	536.9	1650.1	0.0740	0.0618	0.8354	-4011.302649	
Solyc05g050990.1.1	Solyc10g018260.1.1	0.7167	264.2	1007.8	0.0691	0.0629	0.9101	-2337.960966	
Solyc05g051000.2.1	Solyc10g018250.1.1	0.3014	100.8	352.2	0.0065	0.0029	0.4416	-712.759923	
Solyc11g070100.1.1	Solyc12g095900.1.1	1.3075	402.3	1256.7	0.3667	0.3072	0.8378	-3679.550347	
Solyc11g070140.1.1	Solyc12g095860.1.1	0.6038	207.1	626.9	0.1094	0.0666	0.6089	-1531.549608	
Solyc11g070170.1.1	Solyc12g095830.1.1	0.5630	417.3	1337.7	0.1000	0.0597	0.5977	-3166.387417	
Solyc09g011720.2.1	Solyc06g076590.2.1	3.6465	362.3	1221.7	0.2056	0.6453	3.1385	-3972.282669	
Solyc09g011750.2.1	Solyc06g076600.1.1	1.6389	198.0	732.0	0.1220	0.2157	1.7683	-2009.536790	
Solyc09g011770.2.1	Solyc06g076610.2.1	2.6652	131.6	456.4	0.2266	0.5036	2.2224	-1419.242206	
Solyc09g009500.2.1	Solyc06g074330.2.1	2.8863	236.9	738.1	0.2188	0.5152	2.3542	-2379.185835	
Solyc09g009560.1.1	Solyc06g074350.2.1	1.9910	102.0	396.0	0.0793	0.1965	2.4769	-1050.811673	
Solyc09g009570.1.1	Solyc06g074390.2.1	5.4087	294.5	1034.5	0.1062	0.6294	5.9245	-3225.540448	
Solyc05g045650.2.1	Solyc07g052390.2.1	4.7798	577.2	1909.8	0.0793	0.4311	5.4387	-5969.464837	
Solyc05g045660.2.1	Solyc07g052410.2.1	1.0328	156.2	461.8	0.1506	0.1420	0.9426	-1243.298889	
Solyc05g045670.2.1	Solyc07g052450.1.1	1.1588	123.5	407.5	0.3717	0.2773	0.7460	-1154.016066	
Solyc05g040040.1.1	Solyc07g047680.1.1	2.8543	87.5	254.5	0.0345	0.1165	3.3805	-691.768004	
Solyc03g026120.2.1	Solyc01g091640.2.1	50.0000	393.6	1313.4	0.0080	0.5651	70.4023	-4254.192725	
Solyc03g026160.2.1	Solyc01g091700.2.1	2.4125	97.1	346.9	0.1317	0.3292	2.5003	-1023.636493	
Solyc03g026170.2.1	Solyc01g091710.2.1	2.9137	240.1	827.9	0.1707	0.4643	2.7193	-2602.557833	
Solyc07g064310.1.1	Solyc12g005190.1.1	0.9104	205.0	656.0	0.1933	0.1522	0.7876	-1731.248032	
Solyc07g064340.2.1	Solyc12g005160.1.1	1.3100	245.0	850.0	0.3667	0.3149	0.8589	-2455.426025	
Solyc11g069450.1.1	Solyc10g086110.1.1	6.1861	96.2	317.8	0.0644	0.4711	7.3195	-1000.524273	
Solyc11g069480.1.1	Solyc10g086120.1.1	5.3759	113.9	327.1	0.0347	0.2192	6.3111	-952.987561	
Solyc11g069500.1.1	Solyc10g086130.1.1	3.1375	368.7	1242.3	0.1264	0.4050	3.2052	-3837.097156	
Solyc02g085430.2.1	Solyc03g034060.2.1	1.5289	253.5	862.5	0.1451	0.2180	1.5022	-2393.503608	
Solyc02g085480.2.1	Solyc03g034090.2.1	1.8106	123.2	374.8	0.1830	0.2868	1.5675	-1130.982722	
Solyc02g085500.2.1	Solyc03g034100.2.1	4.3381	95.0	337.0	0.4219	1.1111	2.6336	-1124.027818	
Solyc06g083270.2.1	Solyc06g007770.2.1	1.2691	209.3	594.7	0.2270	0.2242	0.9880	-1717.177759	
Solyc06g083300.2.1	Solyc06g007780.2.1	0.8868	300.2	905.8	0.2135	0.1542	0.7222	-2416.404095	
Solyc06g083330.2.1	Solyc06g007790.1.1	2.2285	95.9	399.1	0.1481	0.3513	2.3717	-1068.421163	
Solyc04g078590.2.1	Solyc03g059490.1.1	16.3059	282.9	929.1	0.0401	0.8244	20.5771	-3155.898036	
Solyc04g011580.2.1	Solyc06g076340.2.1	1.9077	369.6	1247.4	0.1258	0.2457	1.9529	-3558.580427	
Solyc04g011630.1.1	Solyc06g076280.1.1	50.0000	117.5	374.5	0.0040	0.2722	68.9122	-1109.664065	
Solyc04g011650.2.1	Solyc06g076270.2.1	2.6490	153.7	575.3	0.1794	0.4496	2.5057	-1746.168343	
Solyc10g012370.2.1	Solyc01g094790.2.1	0.7532	222.1	746.9	0.0662	0.0593	0.8959	-1746.888899	
Solyc10g012400.2.1	Solyc01g094780.2.1	1.2986	145.2	469.8	0.3008	0.2795	0.9290	-1365.888224	
Solyc10g012420.2.1	Solyc01g094770.2.1	1.2643	128.6	444.4	0.3193	0.2851	0.8928	-1251.186214	
Solyc11g050730.1.1	Solyc10g019150.1.1	0.0897	100.2	358.8	0.4305	0.0232	0.0539	-653.669701	
Solyc02g072010.1.1	Solyc01g091240.2.1	33.0055	169.5	577.5	0.0204	0.9251	45.3278	-1905.501960	
Solyc02g072140.1.1	Solyc01g091120.2.1	5.8897	271.3	832.7	0.0920	0.5730	6.2308	-2717.888917	
Solyc06g051280.1.1	Solyc01g106670.1.1	0.7916	81.6	338.4	0.5148	0.2230	0.4332	-848.279905	
Solyc06g051350.2.1	Solyc01g106590.2.1	4.9325	244.4	838.6	0.2363	0.9507	4.0238	-2824.114067	
Solyc10g047030.1.1	Solyc01g104950.2.1	0.9646	509.6	1731.4	0.1555	0.1438	0.9253	-4498.099209	
Solyc10g047060.1.1	Solyc01g104900.2.1	1.4155	91.8	418.2	0.1577	0.2405	1.5250	-1075.966830	
Solyc10g047110.1.1	Solyc01g104860.2.1	1.9486	178.9	625.1	0.0864	0.1937	2.2422	-1690.512993	
Solyc10g086690.1.1	Solyc10g084990.1.1	0.6037	207.0	657.0	0.1741	0.0942	0.5410	-1631.982017	
Solyc10g086710.1.1	Solyc10g085010.1.1	1.5593	118.8	373.2	0.1335	0.2024	1.5162	-1045.754348	
Solyc10g086760.1.1	Solyc10g085020.1.1	0.5093	306.0	1014.0	0.0083	0.0059	0.7127	-2153.143950	
Solyc10g085610.1.1	Solyc10g083360.1.1	1.0223	280.8	961.2	0.2374	0.1974	0.8316	-2598.177204	
Solyc10g085620.1.1	Solyc10g083340.1.1	0.6592	139.0	482.0	0.1910	0.1128	0.5905	-1194.737232	
Solyc10g085640.1.1	Solyc10g083290.1.1	1.4572	365.0	1261.0	0.1352	0.1994	1.4751	-3416.762674	
Solyc09g015350.2.1	Solyc10g085320.1.1	5.1738	224.9	870.1	0.0686	0.4551	6.6353	-2617.907693	
Solyc09g015380.1.1	Solyc10g085310.1.1	3.0090	135.8	383.2	0.0273	0.0971	3.5587	-1045.747590	
Solyc09g015420.2.1	Solyc10g085300.1.1	1.3005	124.5	385.5	0.2793	0.2660	0.9524	-1103.995723	
Solyc09g015350.2.1	Solyc10g076400.1.1	2.6023	229.7	868.3	0.1453	0.3889	2.6765	-2533.582199	
Solyc09g015380.1.1	Solyc10g076410.1.1	1.6468	138.0	378.0	0.0878	0.1453	1.6549	-1074.254838	
Solyc09g015420.2.1	Solyc10g076420.1.1	1.8056	119.9	390.1	0.1496	0.2576	1.7218	-1111.957496	
Solyc12g056580.1.1	Solyc03g005450.2.1	11.2769	501.7	1562.3	0.0573	0.7523	13.1219	-5292.383584	
Solyc12g040670.1.1	Solyc04g015870.1.1	1.3221	74.4	306.6	0.8510	0.4261	0.5007	-854.172952	
Solyc12g040740.1.1	Solyc04g015980.2.1	7.1965	274.4	841.6	0.2348	1.3318	5.6722	-2935.774205	
Solyc05g046000.2.1	Solyc12g005790.1.1	5.7278	186.9	749.1	0.0254	0.2202	8.6793	-2000.758802	
Solyc05g046110.2.1	Solyc12g005730.1.1	1.8530	255.4	1082.6	0.1064	0.2373	2.2303	-2893.009764	
Solyc05g046130.2.1	Solyc12g005700.1.1	1.1241	105.8	359.2	0.2358	0.2157	0.9146	-971.577208	
Solyc05g054030.2.1	Solyc01g005060.2.1	50.0000	141.6	791.4	0.0042	0.4546	107.2707	-2183.165396	
Solyc05g054040.2.1	Solyc01g005030.2.1	1.7000	415.6	1312.4	0.1091	0.1911	1.7525	-3706.336945	
Solyc05g054050.2.1	Solyc01g005000.2.1	1.2604	323.2	1098.8	0.0624	0.0952	1.5248	-2753.084192	
Solyc05g052020.2.1	Solyc03g093510.2.1	0.7546	228.9	737.1	0.1510	0.1079	0.7143	-1855.469219	
Solyc05g052050.1.1	Solyc03g093610.1.1	1.7451	113.2	339.8	0.1985	0.2895	1.4585	-1024.085006	
Solyc05g012010.2.1	Solyc02g065720.2.1	5.5474	112.1	430.9	0.0630	0.4545	7.2115	-1298.823407	
Solyc05g056620.1.1	Solyc02g065730.1.1	3.1203	103.4	511.6	0.0731	0.3322	4.5422	-1407.872987	
Solyc05g012070.2.1	Solyc02g065740.2.1	1.5869	225.2	815.8	0.0351	0.0761	2.1691	-2005.106629	
Solyc04g079830.2.1	Solyc02g065490.2.1	4.3254	319.8	1174.2	0.1309	0.5954	4.5495	-3672.891568	
Solyc04g079860.1.1	Solyc02g065530.2.1	2.6735	218.6	771.4	0.0487	0.1678	3.4434	-2080.847826	
Solyc04g079910.2.1	Solyc02g065550.2.1	50.0000	227.1	642.9	0.0072	0.4524	62.5731	-2115.266203	
Solyc09g075770.1.1	Solyc01g099100.2.1	1.5209	435.5	1319.5	0.1039	0.1614	1.5540	-3654.156275	
Solyc09g075850.2.1	Solyc01g099140.2.1	2.4968	302.1	915.9	0.0999	0.2574	2.5753	-2719.867048	
Solyc09g075860.2.1	Solyc01g099150.2.1	50.0000	74.8	249.2	0.0033	0.2363	71.3863	-723.387983	
Solyc12g056790.1.1	Solyc03g083880.2.1	50.0000	174.7	656.3	0.0121	0.9165	75.8255	-2154.894322	
Solyc12g040790.1.1	Solyc06g068950.2.1	0.6910	336.0	1134.0	0.1672	0.1077	0.6442	-2795.902216	
Solyc12g040800.1.1	Solyc06g068940.2.1	0.9839	92.1	396.9	0.0963	0.1185	1.2304	-945.581158	
Solyc12g040870.1.1	Solyc06g068900.2.1	0.9979	109.8	397.2	0.1306	0.1362	1.0433	-999.799201	
Solyc08g081810.2.1	Solyc12g056160.1.1	2.7241	626.0	1672.0	0.0772	0.2133	2.7636	-5034.992605	
Solyc08g081840.2.1	Solyc12g056130.1.1	1.4034	209.2	663.8	0.4015	0.3447	0.8585	-1989.858849	
Solyc08g081910.2.1	Solyc12g056110.1.1	0.5844	193.3	484.7	0.1177	0.0621	0.5277	-1208.806579	
Solyc11g070140.1.1	Solyc08g066330.1.1	0.7594	195.1	662.9	0.1717	0.1207	0.7030	-1687.093965	
Solyc11g070160.1.1	Solyc08g066390.2.1	0.9219	167.7	546.3	0.4349	0.2354	0.5414	-1490.517148	
Solyc11g070170.1.1	Solyc08g066400.1.1	1.0122	217.7	760.3	0.2332	0.1948	0.8354	-2052.643336	
Solyc11g066050.1.1	Solyc05g054510.1.1	3.6936	117.1	572.9	0.2965	0.8778	2.9607	-1738.580348	
Solyc11g066080.1.1	Solyc05g054530.1.1	3.1299	132.1	632.9	0.0827	0.3578	4.3260	-1747.103784	
Solyc11g066150.1.1	Solyc05g054590.2.1	3.0545	146.8	489.2	0.0319	0.1272	3.9859	-1322.814375	
Solyc04g064590.1.1	Solyc03g097920.1.1	4.6300	88.7	355.3	0.1590	0.7504	4.7181	-1130.226766	
Solyc04g064610.2.1	Solyc03g097870.2.1	3.9421	178.5	508.5	0.2186	0.6814	3.1167	-1709.045208	
Solyc04g064650.1.1	Solyc03g097850.1.1	10.0584	319.9	1105.1	0.0585	0.7265	12.4254	-3587.159129	
Solyc08g080360.2.1	Solyc10g085490.1.1	5.3255	196.0	641.0	0.0563	0.3605	6.4012	-1965.812766	
Solyc08g080380.2.1	Solyc10g085500.1.1	50.0000	333.6	1013.4	0.0098	0.6401	65.3484	-3385.412807	
Solyc08g080460.1.1	Solyc10g085570.1.1	6.7617	189.6	674.4	0.0485	0.4251	8.7603	-2071.962058	
Solyc05g007740.1.1	Solyc01g102690.2.1	50.0000	272.6	1089.4	0.0148	1.1599	78.6285	-3553.482870	
Solyc05g007770.2.1	Solyc01g102740.2.1	11.8285	149.9	633.1	0.0452	0.7813	17.2910	-1963.255429	
Solyc05g007850.1.1	Solyc01g102840.2.1	5.7753	75.5	281.5	0.0947	0.6370	6.7268	-875.231127	
Solyc05g005000.2.1	Solyc01g007950.2.1	0.6713	322.9	1033.1	0.1997	0.1145	0.5734	-2627.394809	
Solyc05g005110.1.1	Solyc01g008040.1.1	5.6140	177.1	632.9	0.1489	0.8317	5.5856	-2053.606482	
Solyc05g052970.2.1	Solyc05g052500.2.1	50.0000	400.7	1297.3	0.0079	0.5446	68.8694	-4209.283581	
Solyc05g052980.2.1	Solyc05g052520.2.1	50.0000	179.4	621.6	0.0112	0.8036	71.6463	-2054.059233	
Solyc05g053010.1.1	Solyc05g052590.1.1	50.0000	249.1	851.9	0.0140	0.9829	70.2999	-2862.473697	
Solyc03g025450.2.1	Solyc01g094660.2.1	3.2355	248.2	792.8	0.1916	0.5377	2.8062	-2570.709879	
Solyc03g025490.2.1	Solyc01g094590.2.1	50.0000	131.9	387.1	0.0044	0.2852	64.7619	-1150.963805	
Solyc03g025510.2.1	Solyc01g094570.2.1	2.1598	286.6	937.4	0.1149	0.2568	2.2349	-2728.860205	
Solyc04g071440.2.1	Solyc01g104670.2.1	1.4532	292.1	865.9	0.0723	0.1144	1.5814	-2358.507890	
Solyc04g071480.1.1	Solyc01g104660.2.1	6.7819	252.2	899.8	0.0347	0.3188	9.1889	-2667.762157	
Solyc04g071510.2.1	Solyc01g104650.2.1	4.1241	176.7	612.3	0.0974	0.4471	4.5886	-1883.378361	
Solyc04g015870.1.1	Solyc02g021310.1.1	0.7038	76.4	313.6	0.5884	0.2063	0.3507	-784.311171	
Solyc04g015990.1.1	Solyc02g021410.2.1	10.0815	427.4	1405.6	0.0851	0.9582	11.2603	-4717.423879	
Solyc10g008960.1.1	Solyc03g006500.2.1	7.0196	187.5	706.5	0.0971	0.7927	8.1676	-2253.088171	
Solyc10g009010.2.1	Solyc03g006470.2.1	1.2502	285.8	851.2	0.2128	0.2160	1.0148	-2424.285449	
Solyc10g009050.2.1	Solyc03g006430.2.1	0.5687	274.7	814.3	0.1396	0.0742	0.5316	-1990.675825	
Solyc05g018510.2.1	Solyc12g019620.1.1	50.0000	453.5	1352.5	0.0180	1.1339	62.9917	-4736.296312	
Solyc05g018530.1.1	Solyc12g019720.1.1	1.9183	78.6	317.4	0.2212	0.3763	1.7014	-903.520238	
Solyc05g047590.2.1	Solyc06g034360.1.1	50.0000	220.6	775.4	0.0058	0.4279	73.7511	-2377.868725	
Solyc07g007960.2.1	Solyc03g116780.2.1	2.6255	174.4	560.6	0.1054	0.2903	2.7547	-1654.749398	
Solyc07g007980.2.1	Solyc03g116760.2.1	20.5514	234.5	746.5	0.0269	0.7106	26.4010	-2511.583377	
Solyc07g008040.2.1	Solyc03g116750.2.1	2.7833	292.5	874.5	0.0496	0.1600	3.2237	-2431.261711	
Solyc11g005920.1.1	Solyc06g069710.2.1	50.0000	174.8	647.2	0.0109	0.8185	75.3379	-2094.641894	
Solyc11g005940.1.1	Solyc06g069700.2.1	18.2148	273.5	1112.5	0.0283	0.7801	27.5932	-3500.550360	
Solyc11g006040.1.1	Solyc06g069610.1.1	50.0000	260.0	850.0	0.0117	0.8006	68.5459	-2858.134875	
Solyc11g020100.1.1	Solyc10g051050.1.1	0.9558	194.1	702.9	0.4248	0.2464	0.5800	-1891.260424	
Solyc02g087740.2.1	Solyc03g113130.2.1	5.7799	139.5	508.5	0.0502	0.3798	7.5629	-1534.501809	
Solyc02g087750.2.1	Solyc03g113100.2.1	1.2650	83.2	348.8	0.0111	0.0233	2.0922	-764.131103	
Solyc02g087770.2.1	Solyc03g113030.2.1	2.8729	221.4	792.6	0.1092	0.3444	3.1535	-2340.966525	
Solyc02g086920.1.1	Solyc03g114200.2.1	50.0000	176.5	465.5	0.0087	0.5172	59.2485	-1565.066482	
Solyc02g086970.2.1	Solyc03g114150.2.1	3.6752	332.2	1020.8	0.0286	0.1311	4.5868	-2777.635289	
Solyc02g087040.1.1	Solyc03g114090.1.1	6.0284	96.1	380.9	0.0277	0.2489	8.9877	-1048.092986	
Solyc04g078670.2.1	Solyc03g083880.2.1	8.3266	144.2	614.8	0.1135	1.1173	9.8459	-1983.508267	
Solyc12g011280.1.1	Solyc10g007690.2.1	1.3420	188.6	534.4	0.1284	0.1614	1.2574	-1514.519050	
Solyc12g011300.1.1	Solyc10g007620.1.1	1.9701	119.7	534.3	0.1366	0.3045	2.2292	-1392.123960	
Solyc12g011340.1.1	Solyc10g007590.2.1	0.8478	193.9	703.1	0.1656	0.1353	0.8169	-1768.564825	
Solyc11g065110.1.1	Solyc12g099760.1.1	1.0918	348.9	1172.1	0.4085	0.2732	0.6687	-3285.548450	
Solyc11g065120.1.1	Solyc12g099740.1.1	0.4846	226.0	764.0	0.0524	0.0315	0.6010	-1684.141856	
Solyc11g065250.1.1	Solyc12g099620.1.1	7.6681	328.3	1081.7	0.0902	0.7631	8.4640	-3580.211747	
Solyc11g019910.1.1	Solyc03g083660.1.1	3.8618	145.0	425.0	0.0889	0.3570	4.0153	-1295.899907	
Solyc06g068800.2.1	Solyc01g005260.2.1	50.0000	165.7	512.3	0.0089	0.5899	66.3717	-1677.076544	
Solyc06g068900.2.1	Solyc01g005390.2.1	2.0173	96.6	380.4	0.1687	0.3365	1.9946	-1082.732404	
Solyc06g068930.1.1	Solyc01g005440.2.1	3.1154	145.5	466.5	0.2580	0.6168	2.3905	-1500.999522	
Solyc06g050270.1.1	Solyc02g065070.2.1	4.2174	190.3	619.7	0.1931	0.7094	3.6738	-2032.220281	
Solyc10g085010.1.1	Solyc06g005920.1.1	2.5802	111.3	374.7	0.1551	0.3826	2.4674	-1144.382353	
Solyc10g085020.1.1	Solyc06g005910.2.1	2.8992	248.5	1071.5	0.0049	0.0248	5.0274	-2350.057603	
Solyc10g085110.1.1	Solyc06g005880.2.1	9.8722	186.5	632.5	0.0665	0.7841	11.7941	-2104.621521	
Solyc09g074230.2.1	Solyc01g098490.2.1	50.0000	362.3	990.7	0.0076	0.4650	60.9635	-3238.731591	
Solyc09g074240.1.1	Solyc01g098410.2.1	50.0000	216.2	812.8	0.0105	0.8018	76.3077	-2654.557222	
Solyc09g074270.2.1	Solyc01g098390.2.1	3.0984	235.0	797.0	0.0499	0.1937	3.8784	-2187.797742	
Solyc09g025290.1.1	Solyc01g044440.1.1	12.1266	71.5	291.5	0.3118	2.8177	9.0381	-940.453904	
Solyc09g030430.1.1	Solyc01g044390.1.1	4.0867	72.5	233.5	0.2242	0.7487	3.3389	-692.041075	
Solyc09g075220.1.1	Solyc06g009150.1.1	50.0000	116.1	345.9	0.0079	0.5091	64.7968	-1130.117338	
Solyc09g075300.2.1	Solyc06g009170.2.1	2.0733	214.0	734.0	0.0826	0.1970	2.3855	-2041.871267	
Solyc09g075330.2.1	Solyc06g009180.1.1	1.6294	207.6	791.4	0.0933	0.1798	1.9279	-2078.671210	
Solyc09g063050.1.1	Solyc06g035600.2.1	50.0000	66.0	294.0	0.0088	0.7723	87.4623	-886.002050	
Solyc11g071830.1.1	Solyc04g009770.2.1	1.6772	215.9	843.1	0.0500	0.1147	2.2946	-2114.428501	
Solyc11g071850.1.1	Solyc04g009760.1.1	14.8115	235.5	712.5	0.0131	0.2500	19.1163	-2126.678521	
Solyc11g071880.1.1	Solyc04g009640.2.1	50.0000	275.5	948.5	0.0135	0.9547	70.7498	-3173.114156	
Solyc00g007060.2.1	Solyc04g082500.2.1	50.0000	257.8	834.2	0.0050	0.3505	69.4751	-2571.014805	
Solyc00g007110.2.1	Solyc04g082560.2.1	6.3846	63.7	245.3	0.4991	1.7636	3.5334	-814.799472	
Solyc00g007190.2.1	Solyc04g082600.2.1	7.4712	250.8	760.2	0.0245	0.2289	9.3456	-2223.926354	
Solyc04g015580.2.1	Solyc01g087440.2.1	3.6283	120.8	434.2	0.0434	0.2088	4.8077	-1206.848909	
Solyc04g015600.2.1	Solyc01g087510.1.1	50.0000	291.0	1005.0	0.0171	1.1983	70.0967	-3417.151686	
Solyc04g015610.2.1	Solyc01g087540.2.1	2.7550	257.8	828.2	0.1154	0.3256	2.8227	-2526.283724	
Solyc04g079640.2.1	Solyc03g111880.2.1	50.0000	329.2	1032.8	0.0106	0.7071	66.7304	-3422.029674	
Solyc04g079700.2.1	Solyc03g111780.1.1	50.0000	230.6	882.4	0.0084	0.6525	77.9363	-2752.727831	
Solyc12g095870.1.1	Solyc01g103940.2.1	50.0000	170.3	597.7	0.0101	0.7357	72.5894	-1957.786549	
Solyc12g095930.1.1	Solyc01g104000.2.1	50.0000	319.6	1120.4	0.0058	0.4299	73.5867	-3497.645489	
Solyc12g096010.1.1	Solyc01g104050.2.1	50.0000	204.8	776.2	0.0114	0.8734	76.5371	-2532.734947	
Solyc12g056820.1.1	Solyc06g050530.2.1	4.7942	351.3	1280.7	0.0759	0.4414	5.8151	-3907.930725	
Solyc05g006340.2.1	Solyc03g113850.1.1	4.9956	242.1	867.9	0.0610	0.3823	6.2637	-2610.135592	
Solyc05g006420.2.1	Solyc03g113720.2.1	50.0000	113.9	384.1	0.0034	0.2470	72.0644	-1106.676190	
Solyc05g006430.1.1	Solyc03g113710.2.1	4.1243	421.7	1489.3	0.0972	0.4508	4.6380	-4582.873243	
Solyc05g007080.2.1	Solyc02g067450.2.1	50.0000	279.0	921.0	0.0058	0.4057	70.3451	-2849.173235	
Solyc05g007110.2.1	Solyc02g067430.2.1	9.5887	148.3	610.7	0.0493	0.6704	13.6009	-1874.516173	
Solyc05g007200.2.1	Solyc02g067390.2.1	4.3746	178.7	502.3	0.0715	0.3310	4.6275	-1542.044386	
Solyc05g055050.1.1	Solyc06g053620.2.1	4.1540	131.1	420.9	0.0684	0.3272	4.7807	-1285.045014	
Solyc05g055060.2.1	Solyc06g053630.2.1	10.0949	174.6	701.4	0.0050	0.0820	16.5500	-1705.434919	
Solyc05g055070.2.1	Solyc06g053710.2.1	3.1032	74.6	231.4	0.0724	0.2509	3.4637	-670.487923	
Solyc07g053330.1.1	Solyc12g014200.1.1	3.5390	242.8	819.2	0.2550	0.7073	2.7733	-2675.094868	
Solyc07g053410.2.1	Solyc12g014140.1.1	6.8966	116.6	504.4	0.0619	0.5976	9.6569	-1555.008441	
Solyc07g053480.2.1	Solyc12g014080.1.1	2.8115	138.3	482.7	0.0113	0.0457	4.0491	-1149.534474	
Solyc04g063270.1.1	Solyc01g110010.2.1	12.7312	258.8	1016.2	0.0371	0.6772	18.2478	-3185.793021	
Solyc04g063360.2.1	Solyc01g109940.2.1	50.0000	264.3	890.7	0.0134	0.9356	69.6768	-2996.686791	
Solyc04g063390.2.1	Solyc01g109890.2.1	10.7327	224.7	759.3	0.0285	0.4072	14.2920	-2308.482229	
Solyc09g065370.1.1	Solyc06g054150.1.1	50.0000	101.5	282.5	0.0058	0.3598	62.0546	-876.986505	
Solyc09g065410.2.1	Solyc06g054070.2.1	9.9596	96.2	275.8	0.0602	0.6593	10.9494	-943.600106	
Solyc09g065480.1.1	Solyc06g054010.2.1	1.8438	288.2	896.8	0.0809	0.1634	2.0186	-2475.914072	
Solyc12g008380.1.1	Solyc03g120930.1.1	7.5159	93.7	323.3	0.0762	0.6727	8.8325	-1057.622767	
Solyc12g008430.1.1	Solyc03g120990.2.1	2.2364	435.8	1292.2	0.0639	0.1589	2.4849	-3638.362364	
Solyc12g008510.1.1	Solyc03g121070.2.1	2.6256	356.6	1119.4	0.0610	0.1854	3.0408	-3112.260819	
Solyc07g063480.2.1	Solyc03g006500.2.1	50.0000	178.3	577.7	0.0102	0.6999	68.3864	-1930.098500	
Solyc07g063550.2.1	Solyc03g006610.2.1	3.4725	323.7	1005.3	0.2474	0.6649	2.6875	-3307.008770	
Solyc07g063560.2.1	Solyc03g006620.2.1	2.8136	194.6	621.4	0.1741	0.4400	2.5278	-1954.620131	
Solyc11g010330.1.1	Solyc12g087840.1.1	3.3982	103.8	403.2	0.2145	0.6475	3.0183	-1253.616229	
Solyc11g010340.1.1	Solyc12g087850.1.1	50.0000	117.2	347.8	0.0067	0.4334	64.8275	-1101.331638	
Solyc11g010460.1.1	Solyc12g087900.1.1	1.8299	151.6	622.4	0.2814	0.4066	1.4449	-1764.118562	
Solyc11g012860.1.1	Solyc06g060320.2.1	0.8455	461.8	1383.2	0.2362	0.1558	0.6595	-3638.960644	
Solyc11g013000.1.1	Solyc06g060440.1.1	1.4288	152.9	453.1	0.2941	0.2966	1.0086	-1340.025876	
Solyc06g083800.2.1	Solyc06g008240.2.1	1.4501	122.5	438.5	0.1653	0.2299	1.3908	-1189.329486	
Solyc06g083830.2.1	Solyc06g008320.2.1	0.4594	291.3	989.7	0.0751	0.0403	0.5366	-2239.510687	
Solyc06g083850.2.1	Solyc06g008360.2.1	50.0000	85.1	397.9	0.0064	0.5924	91.8778	-1158.483565	
Solyc04g039730.2.1	Solyc06g051540.2.1	50.0000	225.3	779.7	0.0124	0.8808	71.3026	-2599.651135	
Solyc09g010680.2.1	Solyc10g086440.1.1	50.0000	157.8	586.2	0.0087	0.6645	76.1099	-1874.237810	
Solyc09g010720.2.1	Solyc10g086430.1.1	1.4145	420.3	1361.7	0.1541	0.2055	1.3335	-3832.592734	
Solyc09g010810.2.1	Solyc10g086340.1.1	19.2867	383.9	1440.1	0.0450	1.1757	26.1337	-4779.275459	
Solyc12g019720.1.1	Solyc01g106670.1.1	1.3063	87.8	332.2	0.0893	0.1390	1.5565	-829.661875	
Solyc12g019870.1.1	Solyc01g106500.2.1	50.0000	121.0	488.0	0.0159	1.2519	78.8281	-1598.064341	
Solyc05g047550.2.1	Solyc07g009420.1.1	5.0210	182.3	621.7	0.2011	0.8805	4.3787	-2084.296612	
Solyc11g011870.1.1	Solyc12g014350.1.1	50.0000	217.2	754.8	0.0105	0.7533	71.9645	-2493.399658	
Solyc11g012000.1.1	Solyc12g014450.1.1	4.9902	293.7	909.3	0.0560	0.3251	5.8068	-2810.950188	
Solyc11g012020.1.1	Solyc12g014460.1.1	1.7098	372.5	1250.5	0.0913	0.1735	1.9008	-3411.488548	
Solyc02g065730.1.1	Solyc03g114830.2.1	2.5342	116.4	498.6	0.1085	0.3306	3.0462	-1410.702707	
Solyc02g065740.2.1	Solyc03g114860.2.1	1.3852	215.1	825.9	0.0381	0.0743	1.9497	-1990.349513	
Solyc02g065790.2.1	Solyc03g114990.2.1	4.0382	174.4	608.6	0.0953	0.4320	4.5347	-1845.738512	
Solyc12g042990.1.1	Solyc03g120300.2.1	1.0365	463.1	1480.9	0.3150	0.2276	0.7225	-4084.884094	
Solyc12g043030.1.1	Solyc03g120250.2.1	1.8357	127.9	436.1	0.0616	0.1373	2.2303	-1156.313988	
Solyc12g043150.1.1	Solyc03g120120.2.1	1.8658	226.6	901.4	0.3076	0.4283	1.3924	-2628.058975	
Solyc05g052350.2.1	Solyc07g055820.1.1	50.0000	223.1	832.9	0.0191	1.4036	73.6340	-2792.187244	
Solyc05g052430.1.1	Solyc07g055730.2.1	50.0000	162.1	587.9	0.0103	0.7658	74.3337	-1849.789899	
Solyc05g052590.1.1	Solyc07g055400.1.1	50.0000	150.4	479.6	0.0153	1.0192	66.5767	-1645.721670	
Solyc04g080460.2.1	Solyc02g062750.2.1	2.5393	358.5	994.5	0.0838	0.2172	2.5916	-2927.284340	
Solyc04g080470.2.1	Solyc02g062720.2.1	50.0000	235.0	722.0	0.0046	0.3070	66.9399	-2211.346975	
Solyc04g080570.2.1	Solyc02g062600.2.1	1.4248	183.9	566.1	0.0814	0.1260	1.5489	-1527.699098	
Solyc09g056450.2.1	Solyc09g025270.2.1	15.1505	290.2	927.8	0.0372	0.7043	18.9473	-3092.174450	
Solyc09g082160.2.1	Solyc06g054140.2.1	1.0441	129.5	449.5	0.3685	0.2516	0.6827	-1241.171179	
Solyc09g082370.2.1	Solyc06g054010.2.1	0.7106	278.6	906.4	0.1286	0.0913	0.7103	-2243.697805	
Solyc05g014150.2.1	Solyc02g093640.2.1	50.0000	138.9	470.1	0.0036	0.2593	72.2198	-1342.353307	
Solyc05g014320.2.1	Solyc02g093790.2.1	3.6746	284.2	882.8	0.0465	0.2043	4.3942	-2537.922367	
Solyc05g014340.2.1	Solyc02g093800.2.1	2.4410	349.0	1064.0	0.0551	0.1554	2.8207	-2908.280889	
Solyc07g040940.2.1	Solyc12g008990.1.1	1.2490	238.7	820.3	0.3702	0.3009	0.8128	-2316.985841	
Solyc07g040960.1.1	Solyc12g009000.1.1	2.1650	257.6	903.4	0.0725	0.1881	2.5929	-2440.712129	
Solyc07g041080.2.1	Solyc12g009030.1.1	0.7092	243.8	668.2	0.1395	0.0892	0.6397	-1735.489823	
Solyc11g008860.1.1	Solyc05g055710.2.1	1.4978	287.3	1026.7	0.1178	0.1893	1.6069	-2819.576301	
Solyc11g008870.1.1	Solyc05g055730.2.1	0.5817	418.2	1363.8	0.0965	0.0607	0.6285	-3202.730016	
Solyc11g008960.1.1	Solyc05g055860.2.1	50.0000	232.5	817.5	0.0102	0.7432	72.6670	-2672.447331	
Solyc11g027880.1.1	Solyc06g064940.2.1	3.6926	272.8	966.2	0.0588	0.2721	4.6261	-2766.730209	
Solyc11g028010.1.1	Solyc06g064850.1.1	1.2609	139.7	475.3	0.2280	0.2376	1.0419	-1312.843573	
Solyc11g028020.1.1	Solyc06g064840.2.1	1.3334	105.9	425.1	0.1494	0.2082	1.3930	-1144.183191	
Solyc00g017210.1.1	Solyc09g010750.1.1	1.8586	113.5	417.5	0.0425	0.1065	2.5073	-1055.869574	
Solyc00g017220.1.1	Solyc09g010840.1.1	5.5826	157.1	547.9	0.3389	1.2970	3.8271	-1862.114710	
Solyc00g017230.1.1	Solyc09g010860.2.1	4.7379	186.1	536.9	0.0357	0.1987	5.5631	-1592.084196	
Solyc10g005010.2.1	Solyc01g102740.2.1	17.9255	134.4	678.6	0.0288	0.9097	31.5454	-2080.315881	
Solyc10g005090.2.1	Solyc01g102690.2.1	50.0000	297.3	1127.7	0.0092	0.7138	77.1840	-3612.766985	
Solyc10g005140.1.1	Solyc01g102680.2.1	34.0066	220.6	766.4	0.0189	0.9015	47.5941	-2560.635766	
Solyc10g054290.1.1	Solyc02g084600.2.1	50.0000	104.9	294.1	0.0173	1.0463	60.4617	-1031.703967	
Solyc10g054320.1.1	Solyc02g084560.2.1	1.9907	146.8	492.2	0.0795	0.1813	2.2797	-1371.187755	
Solyc10g054380.1.1	Solyc02g084440.2.1	1.7824	131.0	355.0	0.0884	0.1573	1.7785	-1023.395782	
Solyc05g047530.2.1	Solyc05g015350.2.1	50.0000	302.8	978.2	0.0131	0.8889	67.6295	-3293.922126	
Solyc07g052580.1.1	Solyc12g099550.1.1	5.1036	181.8	694.2	0.1938	0.9130	4.7113	-2215.547083	
Solyc07g052590.1.1	Solyc12g099620.1.1	50.0000	292.5	1105.5	0.0119	0.9097	76.2146	-3563.226121	
Solyc07g052630.1.1	Solyc12g099680.1.1	50.0000	260.5	1095.5	0.0075	0.6343	84.0938	-3366.438230	
Solyc11g062250.1.1	Solyc03g115790.1.1	13.2694	293.6	1092.4	0.0345	0.6382	18.5066	-3455.215076	
Solyc11g062400.1.1	Solyc03g115710.1.1	50.0000	233.4	858.6	0.0095	0.7184	75.3418	-2797.714866	
Solyc11g062410.1.1	Solyc03g115700.2.1	4.8600	174.9	638.1	0.0744	0.4408	5.9227	-1956.797968	
Solyc02g081600.2.1	Solyc02g032100.2.1	3.4142	236.0	757.0	0.0918	0.3395	3.6989	-2279.211657	
Solyc02g081620.2.1	Solyc02g032120.2.1	0.7929	76.5	241.5	0.1314	0.1021	0.7768	-606.416706	
Solyc02g081730.2.1	Solyc02g032330.2.1	0.8744	283.1	856.9	0.1835	0.1385	0.7546	-2300.169105	
Solyc06g018040.1.1	Solyc02g021310.1.1	1.9509	83.7	336.3	0.1199	0.2640	2.2028	-912.249384	
Solyc00g007070.2.1	Solyc03g032140.2.1	0.7100	156.8	527.2	0.2343	0.1353	0.5774	-1336.072184	
Solyc00g007130.2.1	Solyc03g032090.1.1	0.9579	275.1	972.9	0.1123	0.1165	1.0368	-2398.911578	
Solyc00g007220.2.1	Solyc03g032060.1.1	2.2876	133.8	331.2	0.3916	0.5269	1.3455	-1152.578455	
Solyc04g074000.2.1	Solyc03g007050.2.1	50.0000	306.4	1031.6	0.0101	0.7086	70.3994	-3424.606054	
Solyc04g074160.1.1	Solyc03g006990.1.1	50.0000	308.1	1080.9	0.0095	0.6920	72.7145	-3515.363106	
Solyc04g074190.2.1	Solyc03g006930.1.1	8.4731	161.4	519.6	0.0776	0.7398	9.5372	-1746.902211	
Solyc10g051330.1.1	Solyc01g028830.2.1	50.0000	200.1	837.9	0.0085	0.7067	83.5161	-2623.055038	
Solyc10g051330.1.1	Solyc04g050940.1.1	50.0000	215.3	888.7	0.0114	0.9284	81.6384	-2856.573877	
Solyc01g028830.2.1	Solyc04g050940.1.1	50.0000	212.4	819.6	0.0123	0.9482	77.3181	-2669.862718	
Solyc05g053930.2.1	Solyc04g008370.1.1	4.9011	85.2	367.8	0.2128	0.9633	4.5273	-1175.010642	
Solyc05g054030.2.1	Solyc04g008500.2.1	50.0000	174.8	881.2	0.0081	0.7880	96.7359	-2604.812538	
Solyc10g045700.1.1	Solyc01g060110.1.1	1.6733	77.9	312.1	0.1306	0.2395	1.8337	-818.889600	
Solyc10g046890.1.1	Solyc02g021310.1.1	0.7083	68.1	255.9	0.9003	0.2307	0.2563	-645.380742	
Solyc05g006490.2.1	Solyc04g005060.2.1	1.3210	273.2	833.8	0.4395	0.3349	0.7621	-2436.635762	
Solyc05g006520.2.1	Solyc04g005080.2.1	0.7509	283.5	889.5	0.0891	0.0721	0.8093	-2193.565866	
Solyc05g006650.2.1	Solyc04g005130.2.1	1.7392	146.9	495.1	0.2167	0.3174	1.4643	-1465.261634	
Solyc07g009220.1.1	Solyc06g035600.2.1	50.0000	306.8	1112.2	0.0083	0.6242	74.8124	-3542.063551	
Solyc11g011890.1.1	Solyc01g005130.2.1	50.0000	113.7	351.3	0.0094	0.6207	66.2180	-1180.593295	
Solyc11g011910.1.1	Solyc01g005030.2.1	2.0519	439.7	1288.3	0.0923	0.1954	2.1156	-3718.658495	
Solyc11g011920.1.1	Solyc01g005000.2.1	1.3409	302.2	1119.8	0.0494	0.0878	1.7779	-2729.193830	
Solyc11g051060.1.1	Solyc06g064960.2.1	2.0558	222.8	761.2	0.1462	0.2951	2.0184	-2206.863765	
Solyc11g051160.1.1	Solyc06g064940.2.1	0.8614	280.3	946.7	0.0973	0.0920	0.9462	-2328.921794	
Solyc02g086570.1.1	Solyc03g051780.1.1	15.1888	291.0	1002.0	0.0353	0.7073	20.0586	-3267.484572	
Solyc02g086590.2.1	Solyc03g051800.1.1	8.8459	88.2	292.8	0.0583	0.6223	10.6725	-945.879878	
Solyc02g086660.2.1	Solyc03g052980.2.1	50.0000	304.4	1003.6	0.0095	0.6576	69.4467	-3317.652944	
Solyc05g053910.1.1	Solyc07g055160.2.1	50.0000	227.2	699.8	0.0110	0.7265	65.7594	-2381.548401	
Solyc05g053930.2.1	Solyc07g055180.2.1	8.3893	254.2	822.8	0.0707	0.6820	9.6418	-2754.414366	
Solyc05g053940.2.1	Solyc07g055290.2.1	50.0000	133.6	463.4	0.0071	0.5136	72.7188	-1453.588812	
Solyc05g011810.2.1	Solyc06g069370.2.1	3.7784	215.3	717.7	0.1513	0.5491	3.6282	-2302.547447	
Solyc05g012000.2.1	Solyc06g069420.2.1	3.5329	124.4	424.6	0.0808	0.3291	4.0737	-1239.095528	
Solyc05g056620.1.1	Solyc06g069430.2.1	4.1710	119.1	504.9	0.0400	0.2491	6.2264	-1370.329782	
Solyc07g022910.2.1	Solyc12g088830.1.1	1.0964	113.4	390.6	0.1594	0.1671	1.0484	-981.678850	
Solyc07g025140.2.1	Solyc12g088980.1.1	3.1222	222.0	906.0	0.0359	0.1657	4.6115	-2320.986931	
Solyc07g042130.2.1	Solyc06g035600.2.1	41.9524	311.9	1092.1	0.0149	0.8932	59.8144	-3601.120540	
Solyc04g079140.2.1	Solyc01g108620.2.1	3.8012	284.2	930.8	0.0953	0.3934	4.1291	-2889.498388	
Solyc04g079310.2.1	Solyc01g108500.2.1	2.1101	257.2	882.8	0.1051	0.2408	2.2916	-2516.439346	
Solyc04g079330.1.1	Solyc01g108450.2.1	2.4449	290.9	993.1	0.1297	0.3234	2.4930	-2958.379137	
Solyc10g018150.1.1	Solyc04g078270.2.1	50.0000	306.6	1037.4	0.0093	0.6605	70.8351	-3378.799376	
Solyc12g087890.1.1	Solyc01g105690.2.1	2.9702	119.7	543.3	0.1779	0.5397	3.0342	-1602.855028	
Solyc12g087930.1.1	Solyc01g105720.2.1	6.1256	226.3	823.7	0.0611	0.4735	7.7520	-2433.252721	
Solyc11g072470.1.1	Solyc04g050010.1.1	49.8640	95.4	345.6	0.0030	0.2309	75.9997	-971.010550	
Solyc11g072590.1.1	Solyc04g049840.2.1	3.4007	504.4	1769.6	0.1795	0.5629	3.1359	-5575.438618	
Solyc11g072600.1.1	Solyc04g049800.2.1	50.0000	233.5	792.5	0.0062	0.4428	71.7343	-2494.487595	
Solyc04g005170.1.1	Solyc02g089420.1.1	7.0873	111.5	383.5	0.0431	0.3937	9.1332	-1167.447712	
Solyc04g005320.2.1	Solyc02g089200.2.1	2.6014	142.4	481.6	0.0948	0.2728	2.8774	-1387.757715	
Solyc04g005340.2.1	Solyc02g089170.2.1	2.1782	208.1	832.9	0.0229	0.0761	3.3275	-2004.603878	
Solyc10g046890.1.1	Solyc06g051280.1.1	1.1185	69.8	254.2	0.8925	0.3634	0.4072	-699.503624	
Solyc10g047140.1.1	Solyc06g051540.2.1	28.5799	226.6	778.4	0.0228	0.8920	39.1936	-2608.545243	
Solyc09g057680.2.1	Solyc01g010030.2.1	50.0000	259.5	856.5	0.0093	0.6438	69.5621	-2821.419365	
Solyc09g015120.2.1	Solyc06g050600.2.1	6.0672	131.4	501.6	0.0401	0.3390	8.4504	-1456.750848	
Solyc09g015170.2.1	Solyc06g050560.2.1	2.4188	281.2	1047.8	0.0782	0.2308	2.9504	-2917.509727	
Solyc12g040670.1.1	Solyc12g014510.1.1	0.8885	75.6	305.4	0.7848	0.2809	0.3579	-788.008260	
Solyc12g040860.1.1	Solyc12g014420.1.1	16.6349	249.1	911.9	0.0227	0.5415	23.8635	-2844.497247	
Solyc12g040670.1.1	Solyc01g060110.1.1	2.1894	70.2	289.8	0.2359	0.4474	1.8961	-833.517621	
Solyc12g040860.1.1	Solyc01g059980.2.1	6.4953	223.7	784.3	0.1073	0.7607	7.0876	-2566.215710	
Solyc05g018280.1.1	Solyc04g016140.1.1	50.0000	78.1	311.9	0.0209	1.6030	76.8092	-1005.542254	
Solyc05g018530.1.1	Solyc04g015870.1.1	1.3809	71.2	294.8	0.5768	0.4028	0.6983	-830.380388	
Solyc11g071920.1.1	Solyc01g009280.2.1	0.5861	218.2	657.8	0.0451	0.0312	0.6903	-1525.727483	
Solyc11g072060.1.1	Solyc01g009070.2.1	2.9218	160.3	589.7	0.5015	0.8032	1.6018	-1903.103642	
Solyc11g072070.1.1	Solyc01g009060.2.1	0.8430	276.2	914.8	0.0939	0.0868	0.9242	-2288.798670	
Solyc10g079170.1.1	Solyc04g015980.2.1	7.4625	298.4	1012.6	0.0892	0.7482	8.3895	-3344.279414	
Solyc10g079400.1.1	Solyc04g015830.2.1	0.7286	438.4	1370.6	0.1788	0.1149	0.6428	-3471.699813	
Solyc10g051330.1.1	Solyc04g050940.1.1	50.0000	215.3	888.7	0.0114	0.9284	81.6384	-2856.573877	
Solyc09g091430.2.1	Solyc06g083580.2.1	2.1979	265.5	919.5	0.0454	0.1283	2.8262	-2452.056667	
Solyc09g091590.2.1	Solyc06g083540.2.1	1.8574	155.3	504.7	0.1102	0.2135	1.9374	-1426.883795	
Solyc09g091610.2.1	Solyc06g083530.2.1	2.0940	158.6	501.4	0.0346	0.0906	2.6189	-1275.095101	
Solyc06g008820.2.1	Solyc01g098190.2.1	2.6262	423.3	1127.7	0.0843	0.2209	2.6194	-3420.850345	
Solyc06g008870.2.1	Solyc01g098390.2.1	2.0383	247.7	784.3	0.0729	0.1676	2.3003	-2145.986385	
Solyc06g008890.2.1	Solyc01g098410.2.1	50.0000	231.1	788.9	0.0123	0.8688	70.5933	-2641.157350	
Solyc04g050940.1.1	Solyc01g028830.2.1	50.0000	212.4	819.6	0.0123	0.9482	77.3181	-2669.862718	
Solyc04g078270.2.1	Solyc02g064850.1.1	4.3003	283.3	1036.7	0.0871	0.4410	5.0654	-3161.690539	
Solyc10g018150.1.1	Solyc02g064850.1.1	28.6464	281.6	1041.4	0.0170	0.7170	42.2115	-3312.173887	
Solyc10g045700.1.1	Solyc04g016140.1.1	50.0000	77.8	312.2	0.0229	1.7511	76.5203	-1003.041139	
Solyc10g046890.1.1	Solyc04g015870.1.1	0.8573	77.2	246.8	0.7514	0.2649	0.3525	-663.431721	
Solyc10g008390.2.1	Solyc10g006970.2.1	2.6133	121.3	340.7	0.1389	0.3315	2.3868	-1077.448185	
Solyc10g008400.1.1	Solyc10g006960.1.1	2.4135	132.4	371.6	0.3308	0.5253	1.5882	-1242.820280	
Solyc10g008590.1.1	Solyc10g006730.1.1	6.6525	277.8	970.2	0.0938	0.7039	7.5030	-3161.417803	
Solyc12g036320.1.1	Solyc03g119230.1.1	1.6546	152.8	564.2	0.2502	0.3366	1.3451	-1632.198988	
Solyc12g036330.1.1	Solyc03g119240.2.1	1.3182	231.3	869.7	0.3467	0.3148	0.9079	-2483.159796	
Solyc12g036500.1.1	Solyc03g119470.1.1	0.9915	202.9	934.1	0.1518	0.1654	1.0902	-2221.323672	
Solyc12g014270.1.1	Solyc06g051010.1.1	50.0000	297.7	1160.3	0.0078	0.6192	79.2098	-3632.274431	
Solyc12g014510.1.1	Solyc06g051280.1.1	0.8040	81.7	338.3	0.5193	0.2271	0.4373	-855.355572	
Solyc12g044310.1.1	Solyc10g039290.1.1	50.0000	355.4	1252.6	0.0114	0.8247	72.5005	-4071.815430	
Solyc05g018620.2.1	Solyc02g036390.1.1	9.3642	169.0	620.0	0.0602	0.7186	11.9342	-1983.797219	
Solyc04g050570.2.1	Solyc01g059840.1.1	50.0000	223.0	752.0	0.0086	0.6113	70.8152	-2426.908643	
Solyc04g081750.2.1	Solyc02g062000.2.1	3.1303	307.5	1057.5	0.0814	0.2944	3.6189	-3112.023555	
Solyc04g081820.2.1	Solyc02g061960.2.1	5.1671	325.2	1078.8	0.1118	0.6065	5.4242	-3488.380631	
Solyc04g082000.2.1	Solyc02g061850.2.1	1.9650	515.2	1827.8	0.0815	0.1883	2.3106	-5011.195548	
Solyc10g085810.1.1	Solyc10g083780.1.1	1.0786	179.6	504.4	0.2337	0.1932	0.8266	-1435.840395	
Solyc10g085860.1.1	Solyc10g083860.1.1	5.5728	283.5	955.5	0.0581	0.3943	6.7902	-2926.525119	
Solyc10g086080.1.1	Solyc10g084100.1.1	0.9276	178.2	628.8	0.1996	0.1640	0.8216	-1675.505996	
Solyc09g065850.2.1	Solyc06g008580.2.1	1.3030	93.0	402.0	0.2422	0.2736	1.1295	-1059.014126	
Solyc09g065990.2.1	Solyc06g008600.2.1	0.7774	193.1	598.9	0.2958	0.1640	0.5543	-1585.464067	
Solyc09g066010.2.1	Solyc06g008610.2.1	1.2134	132.8	494.2	0.1857	0.2097	1.1292	-1353.250299	
Solyc04g015720.1.1	Solyc01g065910.1.1	1.4713	452.9	783.1	0.3476	0.2906	0.8360	-2552.561803	
Solyc04g015870.1.1	Solyc01g066180.1.1	3.4683	75.2	263.8	0.6873	1.0502	1.5279	-857.645892	
Solyc10g086110.1.1	Solyc06g075170.1.1	50.0000	100.9	313.1	0.0068	0.4542	66.9997	-1006.525636	
Solyc10g086130.1.1	Solyc06g075150.2.1	3.1779	371.1	1242.9	0.1496	0.4591	3.0697	-3893.005731	
Solyc10g086280.1.1	Solyc06g074930.1.1	50.0000	161.6	498.4	0.0080	0.5305	66.4135	-1547.602583	
Solyc10g083810.1.1	Solyc01g098940.2.1	50.0000	132.9	509.1	0.0100	0.7734	77.5412	-1620.855399	
Solyc10g084100.1.1	Solyc01g098750.2.1	50.0000	182.1	612.9	0.0061	0.4377	71.2981	-1926.043224	
Solyc10g084110.1.1	Solyc01g098740.2.1	9.9818	218.1	795.9	0.0508	0.6632	13.0497	-2548.192670	
Solyc05g008310.2.1	Solyc02g063330.2.1	17.4324	212.4	885.6	0.0349	0.9141	26.2252	-2798.838704	
Solyc05g008480.2.1	Solyc02g063290.2.1	2.2844	132.0	396.0	0.0640	0.1636	2.5556	-1083.532869	
Solyc05g008500.1.1	Solyc02g063260.2.1	3.7733	346.8	979.2	0.1079	0.3978	3.6856	-3117.593456	
Solyc07g041940.2.1	Solyc10g047140.1.1	50.0000	224.1	867.9	0.0099	0.7730	78.2048	-2798.809275	
Solyc00g007200.2.1	Solyc06g010010.1.1	50.0000	331.9	1024.1	0.0073	0.4849	66.5877	-3307.658271	
Solyc12g019410.1.1	Solyc01g059860.2.1	50.0000	187.4	679.6	0.0102	0.7577	74.3460	-2213.559139	
Solyc12g019720.1.1	Solyc01g060110.1.1	0.7490	78.6	311.4	0.1205	0.1011	0.8387	-726.603040	
Solyc12g088670.1.1	Solyc03g044230.1.1	3.7328	221.6	762.4	0.0644	0.2914	4.5220	-2236.021425	
Solyc12g088680.1.1	Solyc03g044260.2.1	1.2448	107.8	324.2	0.0495	0.0716	1.4478	-829.081903	
Solyc12g088910.1.1	Solyc03g044510.2.1	3.4048	212.0	796.0	0.0710	0.3026	4.2603	-2275.488445	
Solyc12g070170.1.1	Solyc04g025960.1.1	3.0178	79.8	322.2	0.1071	0.3789	3.5380	-926.821696	
Solyc05g018910.1.1	Solyc04g078410.2.1	50.0000	145.2	451.8	0.0123	0.8122	65.9798	-1518.175354	
Solyc02g079040.2.1	Solyc03g119250.2.1	50.0000	288.6	959.4	0.0073	0.5119	70.3702	-3069.933072	
Solyc02g079260.1.1	Solyc03g119120.2.1	15.8450	324.7	1073.3	0.0280	0.5827	20.8151	-3482.132008	
Solyc02g079290.2.1	Solyc03g119100.1.1	3.6539	117.9	374.1	0.0842	0.3377	4.0100	-1129.885582	
Solyc06g054460.1.1	Solyc01g010050.2.1	4.8891	198.7	776.3	0.0920	0.5410	5.8827	-2432.283840	
Solyc06g054480.2.1	Solyc01g010030.2.1	8.9200	236.7	855.3	0.0752	0.8108	10.7866	-2811.977620	
Solyc06g054670.1.1	Solyc01g009960.2.1	0.9880	229.0	668.0	0.2189	0.1724	0.7873	-1861.808763	
Solyc12g062940.1.1	Solyc12g019050.1.1	50.0000	194.6	783.4	0.0100	0.8078	80.5039	-2475.176679	
Solyc12g070170.1.1	Solyc12g019260.1.1	0.8416	85.9	316.1	0.7172	0.2587	0.3607	-841.878377	
Solyc12g044840.1.1	Solyc12g040370.1.1	50.0000	97.5	298.5	0.0110	0.7175	65.4668	-999.264991	
Solyc11g020230.1.1	Solyc01g059910.2.1	5.3780	233.3	855.7	0.1341	0.7522	5.6084	-2790.824244	
Solyc08g041770.2.1	Solyc12g044760.1.1	50.0000	237.5	785.5	0.0046	0.3226	70.7273	-2332.617665	
Solyc02g021310.1.1	Solyc01g060110.1.1	1.9032	72.3	317.7	0.1273	0.2794	2.1947	-852.524367	
Solyc06g082590.1.1	Solyc03g007460.1.1	50.0000	102.5	359.5	0.0126	0.9092	71.9616	-1196.959245	
Solyc06g082600.2.1	Solyc03g007470.2.1	12.4203	93.9	338.1	0.0010	0.0190	18.9721	-770.339762	
Solyc06g082740.2.1	Solyc03g007740.2.1	3.5508	161.4	483.6	0.1411	0.4690	3.3241	-1557.505386	
Solyc06g082480.2.1	Solyc01g095730.2.1	5.1574	482.4	1842.6	0.1165	0.6679	5.7348	-5887.826774	
Solyc06g082590.1.1	Solyc01g095500.2.1	50.0000	101.8	348.2	0.0155	1.0850	69.9317	-1162.622622	
Solyc06g082600.2.1	Solyc01g095490.2.1	3.6503	102.6	329.4	0.0043	0.0216	5.0536	-775.890131	
Solyc00g201160.2.1	Solyc09g057680.2.1	50.0000	181.7	583.3	0.0102	0.6944	67.9561	-1939.268555	
Solyc00g202560.1.1	Solyc09g057630.2.1	50.0000	195.6	656.4	0.0088	0.6198	70.5271	-2117.812124	
Solyc10g006400.2.1	Solyc10g005320.2.1	50.0000	314.2	981.8	0.0045	0.3037	67.7981	-3002.703945	
Solyc10g006420.2.1	Solyc10g005330.2.1	4.2473	187.8	607.2	0.1005	0.4548	4.5232	-1903.736178	
Solyc10g006650.2.1	Solyc10g005430.2.1	3.4541	159.6	437.4	0.0291	0.1161	3.9896	-1175.877073	
Solyc12g088830.1.1	Solyc04g078950.1.1	1.0482	222.2	662.8	0.2772	0.2111	0.7617	-1816.843005
Solyc12g088920.1.1	Solyc04g079300.2.1	0.6660	719.5	2301.5	0.1126	0.0772	0.6854	-5627.050330
Solyc01g107390.2.1	Solyc02g064810.1.1	2.0526	69.2	215.8	0.0796	0.1797	2.2588	-606.865682
Solyc02g092820.2.1	Solyc02g064810.1.1	1.2171	75.0	213.0	0.1213	0.1406	1.1584	-592.259089
Solyc04g078570.1.1	Solyc02g065120.1.1	0.2484	153.4	761.6	0.5706	0.0735	0.1288	-1475.747808
Solyc04g078580.1.1	Solyc02g065130.1.1	0.0646	310.6	949.4	2.4886	0.0253	0.0102	-1822.746965
Solyc04g078570.1.1	Solyc07g042340.1.1	0.7902	166.9	805.1	0.2883	0.1850	0.6417	-1879.596741
Solyc02g065120.1.1	Solyc07g042340.1.1	0.5201	283.6	1180.4	0.2477	0.1091	0.4406	-2632.463421
Solyc04g078580.1.1	Solyc07g042360.1.1	50.0000	146.9	558.1	0.0064	0.5027	78.0929	-1728.010932
Solyc02g065130.1.1	Solyc07g042360.1.1	50.0000	145.2	568.8	0.0089	0.7028	79.1916	-1815.567113
Solyc04g078570.1.1	Solyc05g018670.1.1	0.3602	86.0	466.0	0.5787	0.1079	0.1864	-944.322168
Solyc02g065120.1.1	Solyc05g018670.1.1	0.3390	179.0	949.0	0.4853	0.0967	0.1993	-1958.541754
Solyc04g078580.1.1	Solyc05g018660.1.1	0.2137	218.1	807.9	0.6333	0.0634	0.1002	-1696.382507
Solyc02g065130.1.1	Solyc05g018660.1.1	1.2624	234.4	911.6	0.6982	0.3866	0.5537	-2603.258332
Solyc04g078570.1.1	Solyc00g007580.1.1	5.9283	87.3	431.7	0.5592	1.7449	3.1200	-1337.954179
Solyc04g078580.1.1	Solyc00g007560.1.1	1.2347	183.4	668.6	0.2673	0.2588	0.9683	-1851.545704
Solyc12g088100.1.1	Solyc01g106200.1.1	8.7103	94.6	337.4	0.1890	1.4972	7.9216	-1136.664841
Solyc04g078570.1.1	Solyc11g044410.1.1	0.1519	153.6	608.4	0.7071	0.0467	0.0661	-1136.390878
Solyc04g078580.1.1	Solyc11g044440.1.1	0.2620	232.0	824.0	0.5544	0.0742	0.1339	-1779.688695
Solyc04g078570.1.1	Solyc10g018410.1.1	0.9126	160.0	734.0	0.2535	0.1992	0.7859	-1758.588689
Solyc04g078580.1.1	Solyc10g018420.1.1	0.9175	341.2	1179.8	0.2238	0.1720	0.7686	-3064.611560
Solyc11g007940.1.1	Solyc05g055450.2.1	0.8311	225.6	734.4	0.1451	0.1162	0.8006	-1876.002252
Solyc09g008110.1.1	Solyc01g111480.1.1	0.0477	558.6	1838.4	0.9470	0.0157	0.0166	-3347.346106
Solyc09g009370.2.1	Solyc08g077500.2.1	17.3869	2232.3	7853.7	0.0351	0.8179	23.3083	-25941.445361
Solyc06g069560.1.1	Solyc03g115440.1.1	1.1558	266.4	888.6	0.3161	0.2570	0.8131	-2439.454150
Solyc05g012670.1.1	Solyc02g088500.1.1	50.0000	283.6	982.4	0.0153	1.0797	70.6551	-3321.917739
Solyc05g010710.1.1	Solyc07g006800.1.1	13.6154	262.4	856.6	0.0537	0.8839	16.4695	-2875.680343
Solyc09g098080.2.1	Solyc07g006800.1.1	9.8790	264.4	1037.6	0.0740	0.9302	12.5643	-3299.762027
Solyc10g011910.2.1	Solyc08g081610.2.1	50.0000	162.9	719.1	0.0093	0.8046	86.6834	-2200.892127
Solyc01g095100.2.1	Solyc08g081610.2.1	5.7249	147.3	692.7	0.0636	0.5329	8.3745	-2021.408301
Solyc08g082290.2.1	Solyc08g008320.2.1	0.9923	153.6	440.4	0.4529	0.2520	0.5564	-1264.938027
Solyc01g095130.2.1	Solyc08g008130.2.1	2.7858	232.1	673.9	0.2562	0.5326	2.0783	-2227.428416
Solyc08g081610.2.1	Solyc01g095100.2.1	5.7250	147.3	692.7	0.0636	0.5329	8.3746	-2021.408301
Solyc03g118220.1.1	Solyc12g042200.1.1	1.1206	313.6	1054.4	0.3107	0.2476	0.7969	-2960.768052
Solyc02g072250.1.1	Solyc03g006030.2.1	50.0000	247.6	892.4	0.0151	1.0982	72.7918	-2967.627934
Solyc02g072250.1.1	Solyc07g055820.1.1	50.0000	242.5	849.5	0.0153	1.0877	71.2504	-2851.520711
Solyc02g072250.1.1	Solyc03g006300.1.1	50.0000	256.3	880.7	0.0138	0.9759	70.5720	-2962.173499
Solyc02g072250.1.1	Solyc01g098370.1.1	12.5465	246.0	891.0	0.0581	0.9277	15.9707	-2936.317142
Solyc11g006160.1.1	Solyc05g055070.2.1	1.8678	125.2	327.8	0.2442	0.3356	1.3740	-1017.394482
Solyc11g006390.1.1	Solyc05g055110.2.1	1.4234	627.1	1727.9	0.4445	0.3560	0.8009	-5323.902661
Solyc11g007940.1.1	Solyc05g055450.2.1	0.8311	225.6	734.4	0.1451	0.1162	0.8006	-1876.002252
Solyc11g008320.1.1	Solyc05g055580.1.1	2.3784	375.2	1340.8	0.1798	0.3969	2.2077	-4043.153619
Solyc10g081780.1.1	Solyc01g006910.2.1	1.5609	109.8	364.2	0.1240	0.1973	1.5911	-1018.797934
Solyc02g082540.2.1	Solyc04g082560.2.1	4.9822	716.2	2349.8	0.1074	0.5646	5.2572	-7573.742468
Solyc02g082760.2.1	Solyc04g082460.2.1	1.7252	304.0	1172.0	0.0292	0.0733	2.5100	-2861.444037
Solyc02g082760.2.1	Solyc12g094620.1.1	2.0078	301.5	1174.5	0.0509	0.1392	2.7342	-3069.481083
Solyc04g082460.2.1	Solyc12g094620.1.1	0.9580	321.4	1154.6	0.1231	0.1252	1.0168	-2956.420929
Solyc02g082920.2.1	Solyc10g074400.1.1	11.9011	102.5	401.5	0.0818	1.2077	14.7703	-1320.033208
Solyc08g082290.2.1	Solyc08g008320.2.1	0.9923	153.6	440.4	0.4529	0.2520	0.5564	-1264.938027
Solyc03g083130.1.1	Solyc06g051990.2.1	5.2539	273.0	975.0	0.1482	0.7759	5.2351	-3183.731328
Solyc07g063360.1.1	Solyc02g078680.1.1	50.0000	131.5	468.5	0.0044	0.3309	74.8549	-1359.282048
Solyc07g063520.2.1	Solyc02g078960.2.1	2.4157	221.6	654.4	0.0764	0.1983	2.5970	-1874.925984
Solyc07g063590.2.1	Solyc02g079070.2.1	4.7607	268.9	937.1	0.1446	0.6843	4.7331	-2999.121169
Solyc10g006820.2.1	Solyc02g079070.2.1	4.7080	272.4	936.6	0.1528	0.6978	4.5663	-3001.101805
Solyc07g064420.2.1	Solyc12g005130.1.1	0.8098	261.6	911.4	0.2152	0.1489	0.6917	-2346.721985
Solyc10g054790.1.1	Solyc01g111010.2.1	1.2872	258.0	714.0	0.1828	0.1963	1.0735	-2043.018892
Solyc10g055560.1.1	Solyc01g111610.2.1	1.3656	151.6	571.4	0.2226	0.2628	1.1803	-1563.701098
Solyc12g094620.1.1	Solyc04g082460.2.1	0.9580	321.4	1154.6	0.1231	0.1252	1.0168	-2956.420929
Solyc01g110280.2.1	Solyc10g054110.1.1	1.1191	278.7	825.3	0.2388	0.2067	0.8657	-2348.801687
Solyc11g066760.1.1	Solyc06g074650.2.1	0.4925	315.7	1082.3	0.0615	0.0369	0.6005	-2419.029147
Solyc01g106410.1.1	Solyc04g015630.2.1	50.0000	359.3	1065.7	0.0106	0.6808	64.0815	-3631.719675
Solyc01g106660.1.1	Solyc04g015860.1.1	0.5415	87.1	320.9	0.2798	0.1165	0.4164	-750.194475
Solyc05g008460.2.1	Solyc04g007550.2.1	0.5247	398.4	1272.6	0.0311	0.0207	0.6674	-2806.365179
Solyc05g008460.2.1	Solyc02g091130.2.1	3.5028	361.9	1291.1	0.0130	0.0664	5.0967	-3158.281507
Solyc04g007550.2.1	Solyc02g091130.2.1	2.9688	371.5	1281.5	0.0164	0.0682	4.1675	-3170.737270
Solyc04g082460.2.1	Solyc02g082760.2.1	1.7252	304.0	1172.0	0.0292	0.0733	2.5100	-2861.444037
Solyc04g082560.2.1	Solyc02g082540.2.1	4.9822	716.2	2349.8	0.1074	0.5646	5.2573	-7573.742468
Solyc10g080750.1.1	Solyc10g078460.1.1	0.8070	280.6	988.4	0.1503	0.1196	0.7956	-2484.341326
Solyc06g068200.1.1	Solyc03g117520.1.1	3.6955	363.3	1169.7	0.1023	0.4000	3.9097	-3599.302328
Solyc07g041130.1.1	Solyc08g062310.1.1	0.0247	181.8	574.2	0.2972	0.0052	0.0176	-1038.142479
Solyc02g067140.1.1	Solyc11g064810.1.1	0.2857	199.2	757.8	0.5503	0.0814	0.1479	-1594.341700
Solyc02g067130.1.1	Solyc11g064820.1.1	0.8282	111.9	452.1	0.3958	0.2119	0.5353	-1148.176856
Solyc06g071180.2.1	Solyc03g113540.2.1	0.8659	150.9	545.1	0.1925	0.1512	0.7854	-1397.379656
Solyc08g076930.1.1	Solyc08g005050.2.1	1.2578	315.8	1019.2	0.1088	0.1427	1.3118	-2744.558090
Solyc08g077100.2.1	Solyc08g006980.2.1	3.0832	279.9	953.1	0.1187	0.3826	3.2244	-2843.489804
Solyc10g081780.1.1	Solyc01g006910.2.1	1.5609	109.8	364.2	0.1240	0.1973	1.5911	-1018.797934
Solyc02g091730.1.1	Solyc03g043760.2.1	1.3714	242.4	762.6	0.3653	0.3221	0.8818	-2275.953386
Solyc06g051990.2.1	Solyc03g083130.1.1	42.3112	273.7	980.3	0.0118	0.7345	61.9889	-3186.153657
Solyc07g055180.2.1	Solyc07g063000.2.1	24.0675	256.3	826.7	0.0216	0.6832	31.6911	-2769.820459
Solyc07g042470.2.1	Solyc12g009280.1.1	1.6927	87.2	443.8	0.0978	0.2244	2.2940	-1138.469869
Solyc07g042110.1.1	Solyc10g051290.1.1	0.8380	172.5	787.5	0.6802	0.2576	0.3787	-1974.130663
Solyc07g042340.1.1	Solyc10g051100.1.1	50.0000	128.1	654.9	0.0038	0.3793	99.9616	-1773.670875
Solyc07g042360.1.1	Solyc10g051090.1.1	50.0000	152.7	582.3	0.0106	0.8199	77.0794	-1900.376793
Solyc07g042340.1.1	Solyc11g020010.1.1	0.2706	273.0	1170.0	0.6334	0.0813	0.1284	-2401.078988
Solyc07g042360.1.1	Solyc11g020020.1.1	0.1583	168.7	542.3	0.5641	0.0446	0.0791	-1122.536520
Solyc07g042340.1.1	Solyc01g060000.1.1	0.8702	275.3	1131.7	0.2266	0.1739	0.7676	-2759.382142
Solyc11g020010.1.1	Solyc01g060000.1.1	0.7944	390.3	1571.7	0.1831	0.1403	0.7662	-3758.946758
Solyc07g042360.1.1	Solyc01g059990.2.1	2.3325	151.3	604.7	0.1206	0.3161	2.6221	-1735.718884
Solyc11g020020.1.1	Solyc01g059990.2.1	1.1180	332.9	1134.1	0.2811	0.2358	0.8389	-3096.169724
Solyc07g042040.1.1	Solyc01g060330.1.1	28.0001	142.1	556.9	0.0154	0.6672	43.2990	-1750.895431
Solyc07g042340.1.1	Solyc01g060000.1.1	0.8702	275.3	1131.7	0.2266	0.1739	0.7676	-2759.382142
Solyc07g042360.1.1	Solyc01g059990.2.1	2.3325	151.3	604.7	0.1206	0.3161	2.6221	-1735.718884
Solyc07g042040.1.1	Solyc06g050970.1.1	0.6428	185.9	618.1	0.3902	0.1574	0.4034	-1572.435300
Solyc01g060330.1.1	Solyc06g050970.1.1	2.6720	271.1	1024.9	0.1412	0.3919	2.7765	-2988.009440
Solyc07g042110.1.1	Solyc06g050680.1.1	0.6695	67.3	334.7	0.5009	0.1913	0.3819	-795.890578
Solyc07g042120.1.1	Solyc06g050650.1.1	0.4224	130.5	568.5	0.7479	0.1325	0.1771	-1266.748847
Solyc07g042340.1.1	Solyc06g050380.1.1	0.1861	266.2	1146.8	0.5025	0.0523	0.1041	-2218.770595
Solyc01g060000.1.1	Solyc06g050380.1.1	0.9139	334.7	1462.3	0.2206	0.1837	0.8328	-3586.277780
Solyc07g042360.1.1	Solyc06g050390.1.1	0.9879	149.8	594.2	0.6618	0.2986	0.4512	-1616.856479
Solyc01g059990.2.1	Solyc06g050390.1.1	2.5563	205.5	868.5	0.2704	0.5619	2.0784	-2626.296409
Solyc02g081240.1.1	Solyc01g086680.2.1	50.0000	138.3	497.7	0.0073	0.5469	74.6782	-1537.159534
Solyc08g080200.2.1	Solyc08g007800.2.1	0.6015	496.8	1510.2	0.1635	0.0885	0.5411	-3753.551769
Solyc08g080200.2.1	Solyc08g007800.2.1	0.6015	496.8	1510.2	0.1635	0.0885	0.5411	-3753.551769
Solyc08g079460.2.1	Solyc01g091230.2.1	3.3088	476.2	1542.8	0.0993	0.3512	3.5386	-4726.371999
Solyc01g091230.2.1	Solyc03g007210.2.1	50.0000	280.6	940.4	0.0125	0.8728	69.6061	-3194.716629
Solyc01g009230.2.1	Solyc11g071580.1.1	0.8895	863.3	2748.7	0.1818	0.1429	0.7857	-7290.134906
Solyc12g042200.1.1	Solyc03g118220.1.1	1.0999	310.0	1049.0	0.3059	0.2416	0.7898	-2929.955286
Solyc02g090030.2.1	Solyc02g065400.2.1	0.4935	261.8	725.2	0.0931	0.0459	0.4930	-1749.023459
Solyc02g065130.1.1	Solyc07g021430.1.1	1.0067	137.7	498.3	0.2358	0.1972	0.8363	-1306.048238
Solyc02g065120.1.1	Solyc07g021420.1.1	0.7896	197.4	822.6	0.2890	0.1783	0.6169	-2009.275964
Solyc04g015860.1.1	Solyc05g018540.1.1	1.7492	75.6	326.4	1.7502	0.6342	0.3624	-935.785407
Solyc05g018530.1.1	Solyc10g046890.1.1	1.1574	117.6	464.4	0.4606	0.3120	0.6773	-1260.093901
Solyc04g015860.1.1	Solyc10g046900.1.1	0.3665	87.1	317.9	0.7741	0.1150	0.1485	-705.411770
Solyc05g018540.1.1	Solyc10g046900.1.1	1.7710	77.7	315.3	0.6527	0.5341	0.8184	-924.146532
Solyc10g045710.1.1	Solyc10g039310.1.1	1.7170	107.5	432.5	0.3073	0.3951	1.2855	-1245.319564
Solyc04g015860.1.1	Solyc10g044610.1.1	50.0000	58.6	328.4	0.0112	1.1628	103.5656	-992.566914
Solyc05g018540.1.1	Solyc10g044610.1.1	50.0000	96.3	368.7	0.0240	1.7697	73.7040	-1208.849938
Solyc10g046900.1.1	Solyc10g044610.1.1	21.5799	74.1	318.9	0.0354	1.1730	33.1235	-1007.618615
Solyc09g066170.1.1	Solyc03g005550.2.1	17.6189	116.1	492.9	0.0580	1.4327	24.7158	-1591.619222
Solyc09g089550.2.1	Solyc03g005430.2.1	6.0204	515.2	1845.8	0.2457	1.2017	4.8912	-6229.718625
Solyc07g062660.2.1	Solyc10g007170.1.1	3.2559	208.2	739.8	0.4688	0.8691	1.8537	-2426.333672
Solyc10g007170.1.1	Solyc12g014170.1.1	50.0000	205.1	739.9	0.0108	0.7988	73.9138	-2416.949263
Solyc02g092820.2.1	Solyc02g064810.1.1	1.2171	75.0	213.0	0.1213	0.1406	1.1584	-592.259089
Solyc07g007410.2.1	Solyc12g009870.1.1	1.8223	215.3	807.7	0.2724	0.3888	1.4277	-2402.622996
Solyc07g007680.2.1	Solyc12g009700.1.1	0.9062	203.1	696.9	0.2317	0.1727	0.7456	-1823.657638
Solyc08g081610.2.1	Solyc10g011910.2.1	50.0000	162.9	719.1	0.0093	0.8046	86.6835	-2200.892127
Solyc09g091130.2.1	Solyc12g097080.1.1	17.4299	116.1	528.9	0.0108	0.3318	30.7617	-1414.450263
Solyc09g091130.2.1	Solyc09g063150.2.1	50.0000	113.8	543.2	0.0036	0.3374	94.6222	-1460.411482
Solyc05g005600.1.1	Solyc02g086900.2.1	2.3955	143.8	534.2	0.0554	0.1729	3.1232	-1429.287318
Solyc05g005760.2.1	Solyc02g087010.2.1	2.2454	329.0	1114.0	0.1180	0.2767	2.3458	-3243.145204
Solyc08g069170.1.1	Solyc05g025780.2.1	50.0000	392.6	1389.4	0.0086	0.6292	73.4309	-4464.176129
Solyc11g071930.1.1	Solyc06g073950.2.1	0.6108	171.0	600.0	0.0585	0.0446	0.7617	-1347.094556
Solyc06g068200.1.1	Solyc06g065940.2.1	4.0084	270.3	914.7	0.1515	0.5866	3.8731	-2921.396572
Solyc08g062310.1.1	Solyc07g041130.1.1	0.0247	181.8	574.2	0.2972	0.0052	0.0176	-1038.142479
Solyc08g065280.1.1	Solyc07g039480.1.1	17.5137	107.6	396.4	0.0271	0.6740	24.8682	-1252.802352
Solyc12g088090.1.1	Solyc04g076280.2.1	50.0000	119.3	447.7	0.0121	0.9196	75.7501	-1442.686695
Solyc08g077330.2.1	Solyc06g060970.1.1	5.0679	163.9	556.1	0.0877	0.5015	5.7207	-1751.315607
Solyc09g089550.2.1	Solyc03g005430.2.1	6.0204	515.2	1845.8	0.2457	1.2017	4.8911	-6229.718625
Solyc09g089550.2.1	Solyc06g053740.2.1	8.3841	254.7	924.3	0.1703	1.3614	7.9957	-3115.809497
Solyc09g074120.1.1	Solyc06g008900.2.1	1.4558	349.2	1207.8	0.4326	0.3749	0.8668	-3549.291062
Solyc09g074520.2.1	Solyc06g008780.1.1	1.4223	334.4	1114.6	0.2845	0.3000	1.0544	-3285.385777
Solyc09g074680.2.1	Solyc06g008710.1.1	1.0184	475.4	1705.6	0.2470	0.2039	0.8258	-4558.003570
Solyc08g007800.2.1	Solyc12g056440.1.1	0.6906	519.0	1485.0	0.1481	0.0925	0.6243	-3796.678767
Solyc10g018340.1.1	Solyc01g091030.2.1	1.4981	89.3	294.7	0.1297	0.1950	1.5036	-819.407694
Solyc10g018320.1.1	Solyc06g034370.1.1	4.6439	126.5	440.5	0.1175	0.5785	4.9246	-1395.311211
Solyc01g091100.2.1	Solyc06g034370.1.1	2.6224	123.1	443.9	0.2800	0.5609	2.0034	-1370.539961
Solyc09g091130.2.1	Solyc09g063150.2.1	50.0000	113.8	543.2	0.0036	0.3374	94.6227	-1460.411482
Solyc09g066170.1.1	Solyc03g005550.2.1	17.6144	116.1	492.9	0.0580	1.4327	24.7078	-1591.619222
Solyc07g043450.1.1	Solyc12g006430.1.1	7.2975	152.4	570.6	0.1888	1.2763	6.7603	-1885.599779
Solyc06g062510.2.1	Solyc03g121360.1.1	1.0272	150.3	458.7	0.0326	0.0412	1.2618	-1100.379727
Solyc02g091410.2.1	Solyc03g043660.2.1	0.7312	815.4	2469.6	0.1439	0.0984	0.6838	-6274.440022
Solyc12g014410.1.1	Solyc10g006200.2.1	2.0676	107.3	378.7	0.4911	0.5609	1.1421	-1149.338955
Solyc12g056680.1.1	Solyc04g071910.1.1	0.0948	295.7	931.3	0.5471	0.0264	0.0482	-1816.884807
Solyc00g007110.2.1	Solyc02g082540.2.1	0.9962	315.0	918.0	0.3522	0.2259	0.6415	-2606.466126
Solyc11g064970.1.1	Solyc01g008750.1.1	4.2534	155.8	603.2	0.1640	0.6929	4.2238	-1873.052296
Solyc07g041380.1.1	Solyc06g051700.1.1	5.0726	120.2	620.8	0.2438	1.1250	4.6145	-1903.366981
Solyc07g041560.1.1	Solyc06g051590.1.1	3.0779	116.9	447.1	0.5428	0.8734	1.6092	-1414.400404
Solyc07g041690.1.1	Solyc06g051700.1.1	0.0209	125.5	630.5	0.2559	0.0047	0.0184	-1032.324417
Solyc07g042040.1.1	Solyc06g051290.1.1	7.2156	99.8	365.2	0.3060	1.6176	5.2868	-1227.015785
Solyc07g042060.1.1	Solyc06g051280.1.1	1.5163	92.7	411.3	0.2663	0.3354	1.2595	-1112.778508
Solyc07g042120.1.1	Solyc06g051110.1.1	0.6346	81.1	275.9	0.8256	0.2019	0.2445	-694.157100
Solyc07g042040.1.1	Solyc03g078740.1.1	50.0000	169.4	616.6	0.0148	1.0865	73.3716	-2037.399013
Solyc06g051290.1.1	Solyc03g078740.1.1	1.8475	105.2	353.8	0.3986	0.4575	1.1479	-1082.748839
Solyc07g042110.1.1	Solyc03g078550.1.1	0.1435	182.7	732.3	0.7293	0.0445	0.0611	-1398.226147
Solyc07g042120.1.1	Solyc03g078540.1.1	0.8163	199.0	932.0	0.5288	0.2352	0.4448	-2316.111745
Solyc06g051110.1.1	Solyc03g078540.1.1	9.6485	82.5	376.5	0.0367	0.5625	15.3329	-1120.912355
Solyc06g051530.1.1	Solyc12g018970.1.1	17.9943	99.9	413.1	0.0503	1.2822	25.5093	-1310.555047
Solyc07g042040.1.1	Solyc12g019270.1.1	2.5218	172.4	634.6	0.1590	0.3947	2.4816	-1905.697808
Solyc06g051290.1.1	Solyc12g019270.1.1	50.0000	93.2	374.8	0.0135	1.0741	79.3432	-1207.362744
Solyc03g078740.1.1	Solyc12g019270.1.1	1.7252	312.9	1256.1	0.7866	0.5455	0.6936	-3715.489753
Solyc07g042060.1.1	Solyc12g019360.1.1	6.2667	104.4	486.6	0.3601	1.5899	4.4153	-1523.070555
Solyc06g034370.1.1	Solyc01g091100.2.1	2.6224	123.1	443.9	0.2800	0.5609	2.0034	-1370.539961
Solyc05g046320.1.1	Solyc07g014620.1.1	1.6816	108.0	333.0	0.0706	0.1328	1.8799	-924.307161
Solyc08g068460.1.1	Solyc07g054560.1.1	0.1816	226.6	511.4	0.7342	0.0545	0.0742	-1193.874452
Solyc09g075290.2.1	Solyc01g099900.2.1	1.2502	136.9	424.1	0.0497	0.0735	1.4796	-1089.495632
Solyc06g068200.1.1	Solyc06g065940.2.1	4.0084	270.3	914.7	0.1515	0.5866	3.8731	-2921.396572
Solyc07g055820.1.1	Solyc02g072250.1.1	50.0000	242.5	849.5	0.0153	1.0877	71.2504	-2851.520711
Solyc07g063360.1.1	Solyc02g078680.1.1	50.0000	131.5	468.5	0.0044	0.3309	74.8568	-1359.282047
Solyc07g063520.2.1	Solyc02g078960.2.1	2.4157	221.6	654.4	0.0764	0.1983	2.5970	-1874.925984
Solyc07g063590.2.1	Solyc02g079070.2.1	4.7608	268.9	937.1	0.1446	0.6843	4.7331	-2999.121169
Solyc06g036420.1.1	Solyc03g007670.2.1	0.8773	222.2	653.8	0.2669	0.1724	0.6458	-1757.793997
Solyc06g036490.1.1	Solyc03g007530.2.1	0.7058	871.4	2701.6	0.1887	0.1148	0.6087	-6881.254210
Solyc06g065940.2.1	Solyc03g117520.1.1	4.2015	276.7	944.3	0.1008	0.4636	4.5983	-2911.276186
Solyc12g096720.1.1	Solyc04g008370.1.1	12.5100	82.8	322.2	0.0529	0.8947	16.9233	-1038.413659
Solyc12g014170.1.1	Solyc10g007170.1.1	50.0000	205.1	739.9	0.0108	0.7988	73.9137	-2416.949263
Solyc09g074120.1.1	Solyc01g080430.2.1	6.8082	316.3	1267.7	0.0832	0.7090	8.5226	-3957.064611
Solyc10g054110.1.1	Solyc01g110280.2.1	1.1191	278.7	825.3	0.2388	0.2067	0.8657	-2348.801687
Solyc02g037560.1.1	Solyc02g021300.1.1	0.3602	260.1	1056.9	0.7826	0.1138	0.1454	-2323.649630
Solyc02g037580.1.1	Solyc02g021310.1.1	0.1542	118.1	391.9	0.9001	0.0501	0.0557	-777.108806
Solyc02g043840.1.1	Solyc02g021460.1.1	5.8796	66.6	212.4	0.3811	1.4124	3.7056	-710.960370
Solyc02g050120.1.1	Solyc02g021740.1.1	5.8188	219.2	968.8	0.1769	1.0437	5.8989	-3053.215256
Solyc07g063000.2.1	Solyc07g055180.2.1	12.7218	259.0	827.0	0.0441	0.6878	15.5877	-2776.509124
Solyc07g041380.1.1	Solyc10g046900.1.1	50.0000	70.1	304.9	0.0147	1.2334	83.8143	-954.980844
Solyc07g041390.1.1	Solyc10g046890.1.1	1.8550	156.5	593.5	0.1152	0.2376	2.0626	-1599.273096
Solyc07g041690.1.1	Solyc10g045710.1.1	0.2634	374.6	1389.4	0.5595	0.0752	0.1344	-2935.321827
Solyc08g079460.2.1	Solyc01g091230.2.1	3.3088	476.2	1542.8	0.0993	0.3512	3.5386	-4726.371999
Solyc11g071580.1.1	Solyc01g009230.2.1	0.8895	863.3	2748.7	0.1818	0.1429	0.7857	-7290.134906
Solyc09g092480.1.1	Solyc12g098580.1.1	4.3123	293.7	1050.3	0.1025	0.4935	4.8131	-3242.792426
Solyc12g014520.1.1	Solyc01g060120.1.1	5.8744	276.6	1181.4	0.1008	0.7274	7.2146	-3593.752121
Solyc05g008460.2.1	Solyc02g091130.2.1	3.5027	361.9	1291.1	0.0130	0.0664	5.0966	-3158.281507
Solyc07g042110.1.1	Solyc07g009250.1.1	50.0000	169.5	823.5	0.0173	1.5572	90.0565	-2566.593275
Solyc07g042120.1.1	Solyc07g009240.1.1	0.2031	174.8	737.2	0.5962	0.0599	0.1005	-1468.117320
Solyc10g074520.1.1	Solyc01g112150.2.1	0.8475	204.3	701.7	0.1190	0.1058	0.8891	-1776.483101
Solyc09g089550.2.1	Solyc06g053740.2.1	8.3841	254.7	924.3	0.1703	1.3614	7.9957	-3115.809497
Solyc05g009360.2.1	Solyc04g007220.2.1	0.8190	140.4	375.6	0.1116	0.0862	0.7728	-994.427307
Solyc05g009410.1.1	Solyc04g007240.1.1	1.5930	199.2	592.8	0.1679	0.2364	1.4075	-1735.986635
Solyc09g075450.2.1	Solyc06g009830.2.1	0.6523	135.1	407.9	0.0795	0.0560	0.7047	-990.611137
Solyc08g066080.1.1	Solyc06g050410.1.1	15.7103	111.2	476.8	0.0409	0.9641	23.5502	-1459.832869
Solyc08g066370.1.1	Solyc06g050650.1.1	0.3863	156.7	662.3	0.4732	0.1062	0.2244	-1455.352834
Solyc08g066380.1.1	Solyc06g050680.1.1	0.0935	116.8	492.2	0.4405	0.0251	0.0569	-896.397616
Solyc10g018410.1.1	Solyc03g083790.1.1	0.0910	212.2	1002.8	0.4894	0.0256	0.0524	-1753.515126
Solyc10g018420.1.1	Solyc03g083800.1.1	0.3884	174.2	764.8	0.5521	0.1125	0.2038	-1696.371173
Solyc09g064910.1.1	Solyc01g080150.2.1	50.0000	185.8	711.2	0.0050	0.3964	78.9570	-2089.108537
Solyc06g050380.1.1	Solyc03g059440.1.1	0.4623	194.3	831.7	0.1796	0.0826	0.4601	-1820.929081
Solyc06g050390.1.1	Solyc03g059460.1.1	50.0000	282.6	830.4	0.3358	11.0954	33.0384	-2941.853600
Solyc06g050510.2.1	Solyc03g061640.1.1	9.0840	122.6	369.4	0.0566	0.5873	10.3791	-1228.456642
Solyc05g025830.1.1	Solyc08g065650.1.1	50.0000	160.6	706.4	0.0157	1.3219	84.1541	-2236.188680
Solyc05g026090.1.1	Solyc08g065310.2.1	0.3490	73.9	274.1	0.5704	0.1003	0.1758	-625.337647
Solyc05g026120.1.1	Solyc08g065280.1.1	13.7614	140.7	474.3	0.0315	0.5705	18.1333	-1498.155358
Solyc11g044410.1.1	Solyc04g078570.1.1	0.1519	153.6	608.4	0.7071	0.0467	0.0661	-1136.390878
Solyc11g044440.1.1	Solyc04g078580.1.1	0.2620	232.0	824.0	0.5544	0.0742	0.1339	-1779.688695
Solyc12g099320.1.1	Solyc01g060080.2.1	0.8029	483.8	1598.2	0.2317	0.1512	0.6524	-4121.053719
Solyc01g060120.1.1	Solyc12g019730.1.1	5.1230	293.9	1176.1	0.1367	0.7546	5.5211	-3636.110317
Solyc05g006930.2.1	Solyc01g010460.2.1	1.2506	194.3	741.7	0.3380	0.2964	0.8769	-2048.928357
Solyc11g006160.1.1	Solyc06g051610.1.1	2.6418	105.6	311.4	0.5394	0.7240	1.3422	-1021.147431
Solyc04g050580.1.1	Solyc03g083800.1.1	10.3240	129.8	455.2	0.1168	1.2857	11.0038	-1542.182919
Solyc04g050590.1.1	Solyc03g083790.1.1	0.6757	159.2	632.8	0.2061	0.1270	0.6159	-1499.521736
Solyc05g018090.1.1	Solyc10g045470.1.1	1.0388	219.4	836.6	0.6773	0.3151	0.4652	-2293.185204
Solyc05g018530.1.1	Solyc10g046890.1.1	1.1574	117.6	464.4	0.4606	0.3120	0.6773	-1260.093901
Solyc05g018540.1.1	Solyc10g046900.1.1	1.7710	77.7	315.3	0.6527	0.5341	0.8184	-924.146532
Solyc04g015630.2.1	Solyc01g106410.1.1	50.0000	359.3	1065.7	0.0106	0.6809	64.0818	-3631.719676
Solyc04g015860.1.1	Solyc01g106660.1.1	0.5415	87.1	320.9	0.2798	0.1165	0.4164	-750.194475
Solyc06g071490.1.1	Solyc02g086750.1.1	8.1395	513.1	1895.9	0.1063	0.9723	9.1456	-6180.072062
Solyc02g094100.2.1	Solyc01g104920.2.1	50.0000	450.0	1512.0	0.0317	2.0843	65.6637	-5225.477884
Solyc08g079150.1.1	Solyc01g091030.2.1	4.6523	103.1	334.9	0.0712	0.3807	5.3495	-1045.694490
Solyc07g041380.1.1	Solyc02g021300.1.1	5.6247	261.8	1115.2	0.1411	0.8691	6.1604	-3471.641179
Solyc07g041390.1.1	Solyc02g021310.1.1	1.7416	116.4	447.6	0.1387	0.2544	1.8347	-1225.461094
Solyc07g041690.1.1	Solyc02g021530.1.1	2.8733	307.6	1267.4	0.1361	0.4276	3.1424	-3694.151091
Solyc02g082050.2.1	Solyc02g032640.1.1	13.5353	96.9	404.1	0.0196	0.4219	21.5609	-1180.969037
Solyc00g005020.1.1	Solyc05g019960.1.1	50.0000	83.8	390.2	0.0176	1.5329	87.1137	-1192.002141
Solyc00g005490.1.1	Solyc05g021150.1.1	15.1050	81.7	380.3	0.0457	1.0734	23.4646	-1151.428316
Solyc00g005980.1.1	Solyc05g021280.1.1	50.0000	83.0	379.0	0.0136	1.1865	87.3335	-1167.048577
Solyc00g006570.1.1	Solyc05g021430.1.1	9.2458	115.5	415.5	0.1502	1.3811	9.1976	-1359.032274
Solyc07g041130.1.1	Solyc10g046900.1.1	0.3527	83.4	324.6	0.2188	0.0680	0.3106	-701.754019
Solyc07g041380.1.1	Solyc10g045710.1.1	6.1119	276.3	1208.7	0.1591	1.0270	6.4568	-3790.917588
Solyc07g041390.1.1	Solyc10g045700.1.1	5.7559	148.7	640.3	0.1858	1.0508	5.6566	-1997.738839
Solyc02g067130.1.1	Solyc03g078540.1.1	0.6137	218.6	1017.4	0.4721	0.1708	0.3618	-2384.434055
Solyc02g067140.1.1	Solyc03g078550.1.1	0.1334	199.4	859.6	0.5936	0.0394	0.0663	-1597.542002
Solyc02g021300.1.1	Solyc03g044400.1.1	0.7097	260.0	1012.0	0.6185	0.2101	0.3397	-2556.004921
Solyc02g021310.1.1	Solyc03g044390.1.1	0.2305	119.8	456.2	0.6625	0.0695	0.1049	-928.906265
Solyc10g050820.1.1	Solyc03g093090.1.1	8.4215	104.6	528.4	0.0677	0.8568	12.6602	-1567.273971
Solyc10g051090.1.1	Solyc03g083800.1.1	50.0000	201.4	767.6	0.0159	1.2016	75.6131	-2564.808251
Solyc10g051100.1.1	Solyc03g083790.1.1	0.6573	153.4	665.6	0.1536	0.1078	0.7021	-1478.496504
Solyc11g011350.1.1	Solyc06g065120.1.1	2.8268	155.1	477.9	0.2742	0.5716	2.0845	-1563.474412
Solyc12g038210.1.1	Solyc01g058370.1.1	0.7091	167.5	717.5	0.5361	0.2031	0.3788	-1788.904714
Solyc02g084530.1.1	Solyc03g033640.2.1	0.9784	197.8	615.2	0.2303	0.1799	0.7811	-1670.698885
Solyc12g056680.1.1	Solyc04g078570.1.1	50.0000	149.3	810.7	0.0144	1.4297	99.4064	-2458.360191
Solyc12g056690.1.1	Solyc04g078580.1.1	0.8744	322.9	1078.1	0.2219	0.1612	0.7263	-2804.178579
Solyc04g039830.1.1	Solyc01g007340.2.1	0.2880	100.2	520.8	0.3012	0.0698	0.2319	-1028.586084
Solyc04g039850.1.1	Solyc01g007320.2.1	0.1603	94.6	322.4	1.1429	0.0550	0.0481	-639.661311
Solyc02g070050.2.1	Solyc02g022910.2.1	2.5005	106.7	373.3	0.0898	0.2563	2.8534	-1076.254933
Solyc12g056680.1.1	Solyc03g059440.1.1	1.2281	231.1	1022.9	0.3165	0.2928	0.9253	-2734.072040
Solyc12g056690.1.1	Solyc03g059460.1.1	1.7110	243.3	872.7	0.2331	0.3321	1.4250	-2562.451513
Solyc07g021200.1.1	Solyc12g062540.1.1	50.0000	84.5	323.5	0.0192	1.4369	75.0142	-1056.045497
Solyc07g021220.1.1	Solyc12g062580.1.1	0.1465	79.6	334.4	0.6066	0.0434	0.0716	-629.010390
Solyc07g021230.1.1	Solyc12g062590.1.1	0.1403	87.1	317.9	2.0353	0.0525	0.0258	-621.709128
Solyc05g040050.1.1	Solyc07g047690.1.1	0.7957	551.7	1770.3	0.3360	0.1805	0.5372	-4664.037935
Solyc05g040100.2.1	Solyc07g047720.2.1	5.2101	119.5	426.5	0.1145	0.6452	5.6332	-1384.767729
Solyc07g064420.2.1	Solyc12g005130.1.1	0.8098	261.6	911.4	0.2152	0.1489	0.6917	-2346.721985
Solyc04g078570.1.1	Solyc03g059440.1.1	50.0000	140.5	819.5	0.0067	0.7325	109.6387	-2351.944733
Solyc04g078580.1.1	Solyc03g059460.1.1	0.2146	241.7	853.3	0.7929	0.0676	0.0853	-1807.677600
Solyc10g051040.1.1	Solyc03g060500.1.1	9.1472	200.7	828.3	0.1476	1.4342	9.7138	-2635.154374
Solyc10g051090.1.1	Solyc03g059460.1.1	0.2700	211.1	790.9	0.8005	0.0855	0.1068	-1708.961539
Solyc10g051100.1.1	Solyc03g059440.1.1	1.7142	137.2	693.8	0.6706	0.5286	0.7882	-1921.216353
Solyc11g050710.1.1	Solyc10g019110.1.1	0.3039	422.6	1353.4	0.7071	0.0922	0.1304	-3088.035898
Solyc11g050800.1.1	Solyc10g019190.1.1	1.3280	178.1	658.9	0.6436	0.3960	0.6153	-1911.529702
Solyc02g072070.2.1	Solyc01g091230.2.1	50.0000	437.1	1527.9	0.0145	1.0341	71.3035	-5152.013346
Solyc06g051290.1.1	Solyc01g106660.1.1	1.2150	108.8	356.2	0.3824	0.2939	0.7686	-1001.279216
Solyc12g056680.1.1	Solyc03g005540.1.1	0.6858	313.9	1177.1	0.1531	0.1056	0.6898	-2766.843644
Solyc12g056690.1.1	Solyc03g005550.2.1	0.9161	286.8	961.2	0.1642	0.1407	0.8571	-2480.394871
Solyc12g040650.1.1	Solyc04g015860.1.1	4.8618	80.3	318.7	0.3932	1.2367	3.1455	-1027.433015
Solyc05g052030.1.1	Solyc03g093530.1.1	2.7515	83.0	244.0	0.1238	0.3280	2.6496	-758.920023
Solyc12g056680.1.1	Solyc03g083790.1.1	1.0311	248.2	1197.8	0.5516	0.3016	0.5468	-3098.867068
Solyc12g056690.1.1	Solyc03g083800.1.1	0.3193	186.3	803.7	0.5211	0.0907	0.1741	-1734.701612
Solyc08g029380.1.1	Solyc07g042140.1.1	0.9574	128.9	447.1	0.9860	0.3181	0.3226	-1216.084890
Solyc08g036470.1.1	Solyc07g042060.1.1	1.1566	115.7	445.3	0.1219	0.1551	1.2725	-1119.458232
Solyc08g036480.1.1	Solyc07g042040.1.1	7.5545	147.1	485.9	0.4644	1.9859	4.2759	-1664.890082
Solyc05g005050.2.1	Solyc01g007960.2.1	8.6042	184.3	673.7	0.0700	0.7442	10.6325	-2178.877732
Solyc04g015860.1.1	Solyc02g021300.1.1	1.5271	77.6	327.4	0.3168	0.3602	1.1372	-917.497634
Solyc05g018540.1.1	Solyc12g019730.1.1	9.7546	104.6	375.4	0.0291	0.3938	13.5096	-1100.284358
Solyc05g047730.1.1	Solyc06g035470.1.1	0.0702	113.5	549.5	1.2613	0.0243	0.0192	-951.211173
Solyc05g047740.1.1	Solyc06g035480.2.1	0.0740	132.2	620.8	1.0095	0.0247	0.0245	-1075.024708
Solyc11g020010.1.1	Solyc10g051100.1.1	1.0621	153.1	683.9	0.1674	0.1854	1.1073	-1646.759902
Solyc11g020020.1.1	Solyc10g051090.1.1	1.0358	297.1	1010.9	0.2368	0.1993	0.8418	-2710.197843
Solyc04g078570.1.1	Solyc03g083790.1.1	0.8205	175.2	793.8	0.2782	0.1862	0.6692	-1866.103584
Solyc04g078580.1.1	Solyc03g083800.1.1	1.0370	120.6	503.4	0.2546	0.2207	0.8670	-1313.784715
Solyc11g020010.1.1	Solyc03g083790.1.1	0.3569	363.0	1683.0	0.5245	0.1025	0.1954	-3589.113586
Solyc11g020020.1.1	Solyc03g083800.1.1	0.2864	200.2	804.8	0.5530	0.0822	0.1487	-1719.675112
Solyc06g050380.1.1	Solyc02g065120.1.1	0.5662	314.9	1386.1	0.2190	0.1137	0.5191	-3115.192358
Solyc06g050390.1.1	Solyc02g065130.1.1	50.0000	207.1	887.9	0.0150	1.2422	82.8024	-2869.082695
Solyc09g025300.1.1	Solyc01g044430.1.1	0.2255	152.8	591.2	0.5895	0.0658	0.1116	-1196.552567
Solyc09g064180.1.1	Solyc06g035480.2.1	0.1308	159.8	761.2	0.2912	0.0307	0.1053	-1379.574663
Solyc09g064190.1.1	Solyc06g035470.1.1	0.1925	214.1	898.9	0.5719	0.0561	0.0981	-1759.591813
Solyc04g079690.2.1	Solyc03g111800.2.1	50.0000	394.1	1285.9	0.0168	1.1339	67.3512	-4460.977157
Solyc12g056680.1.1	Solyc06g050380.1.1	1.9018	255.2	1172.8	0.5525	0.5538	1.0023	-3410.040929
Solyc12g056690.1.1	Solyc06g050390.1.1	0.2222	226.2	865.8	0.7674	0.0697	0.0908	-1807.024622
Solyc06g050650.1.1	Solyc03g078540.1.1	0.7674	142.5	655.5	0.5705	0.2255	0.3952	-1622.230468
Solyc06g050680.1.1	Solyc03g078550.1.1	0.1600	111.8	497.2	0.3627	0.0403	0.1112	-941.857856
Solyc06g050740.1.1	Solyc03g078680.1.1	50.0000	110.7	444.3	0.0171	1.3345	78.2018	-1427.108996
Solyc11g012850.1.1	Solyc06g060310.2.1	0.6912	379.0	1217.0	0.0904	0.0680	0.7519	-2972.720488
Solyc04g039600.1.1	Solyc06g051590.1.1	1.0275	122.3	378.7	0.5364	0.2829	0.5273	-1062.796191
Solyc04g039610.1.1	Solyc06g051580.1.1	1.4402	221.6	969.4	0.5982	0.4267	0.7134	-2690.340247
Solyc12g019730.1.1	Solyc01g106660.1.1	2.7454	473.7	1953.3	0.1319	0.4006	3.0368	-5639.978498
Solyc05g047730.1.1	Solyc07g009250.1.1	14.5605	108.5	509.5	0.0617	1.3227	21.4360	-1579.607550
Solyc05g047740.1.1	Solyc07g009240.1.1	34.8253	108.3	626.7	0.0175	1.2535	71.5479	-1879.336185
Solyc00g007250.1.1	Solyc05g016140.1.1	6.0270	90.3	335.7	0.4289	1.5667	3.6534	-1121.402564
Solyc00g007560.1.1	Solyc05g016090.1.1	47.4417	176.0	718.0	0.0191	1.4260	74.5260	-2335.492956
Solyc00g007580.1.1	Solyc05g016080.1.1	50.0000	94.8	424.2	0.0164	1.3945	85.0426	-1335.655188
Solyc09g056410.1.1	Solyc09g025300.1.1	10.5291	129.8	527.2	0.1564	1.6993	10.8618	-1683.326923
Solyc09g056500.1.1	Solyc09g020160.1.1	1.7169	132.1	509.9	0.4001	0.4373	1.0931	-1499.566258
Solyc09g082140.2.1	Solyc06g054160.1.1	1.8341	158.6	576.4	0.3821	0.4532	1.1861	-1758.858086
Solyc05g047730.1.1	Solyc05g015190.1.1	0.1498	94.0	419.0	1.0924	0.0507	0.0464	-780.731046
Solyc05g047740.1.1	Solyc05g015180.1.1	11.0736	115.2	601.8	0.1354	1.8221	13.4590	-1847.672966
Solyc05g018540.1.1	Solyc06g050410.1.1	3.2407	104.2	366.8	0.3260	0.7413	2.2738	-1178.707682
Solyc05g018660.1.1	Solyc06g050390.1.1	8.6808	230.3	909.7	0.1760	1.4873	8.4497	-3005.531227
Solyc05g018670.1.1	Solyc06g050380.1.1	0.7822	218.9	951.1	0.2453	0.1655	0.6746	-2284.557627
Solyc06g016830.1.1	Solyc02g021110.1.1	1.6861	126.6	572.4	0.6824	0.5184	0.7596	-1615.862742
Solyc06g018010.1.1	Solyc02g021300.1.1	2.4392	112.6	511.4	0.1447	0.3935	2.7195	-1421.684551
Solyc10g051090.1.1	Solyc01g034010.1.1	2.4230	273.8	956.2	0.2231	0.4550	2.0390	-2937.064081
Solyc10g051100.1.1	Solyc01g034000.1.1	0.7279	152.8	669.2	0.1713	0.1278	0.7458	-1515.824860
Solyc10g051090.1.1	Solyc04g050580.1.1	1.8980	137.7	462.3	0.4446	0.4917	1.1059	-1454.101826
Solyc01g034010.1.1	Solyc04g050580.1.1	1.9188	131.0	421.0	0.1990	0.3271	1.6435	-1265.036487
Solyc10g051100.1.1	Solyc04g050590.1.1	1.7405	112.1	511.9	0.4464	0.4745	1.0630	-1452.973677
Solyc01g034000.1.1	Solyc04g050590.1.1	0.6625	161.2	636.8	0.2134	0.1266	0.5933	-1507.958565
Solyc10g018230.1.1	Solyc01g028890.1.1	6.8273	114.3	509.7	0.5705	2.0000	3.5055	-1633.465019
Solyc10g018410.1.1	Solyc01g034000.1.1	0.0972	200.6	1014.4	0.3273	0.0242	0.0739	-1759.603097
Solyc10g018420.1.1	Solyc01g034010.1.1	0.3357	315.2	1202.8	0.6626	0.1012	0.1528	-2680.140927
Solyc05g053890.1.1	Solyc04g008310.1.1	6.6647	267.3	1052.7	0.1093	0.8384	7.6700	-3345.613559
Solyc10g045710.1.1	Solyc01g060120.1.1	50.0000	242.4	1218.6	0.0143	1.3378	93.7250	-3738.564477
Solyc10g046900.1.1	Solyc01g060330.1.1	3.5776	82.3	325.7	0.1218	0.4858	3.9894	-962.528747
Solyc10g045710.1.1	Solyc02g021530.1.1	6.9197	293.4	1200.6	0.1391	1.0411	7.4854	-3799.578633
Solyc10g046900.1.1	Solyc02g021300.1.1	1.3049	71.3	324.7	0.2307	0.2717	1.1780	-861.856827
Solyc07g042040.1.1	Solyc12g040650.1.1	1.0552	180.4	635.6	0.3940	0.2625	0.6662	-1748.218387
Solyc07g042060.1.1	Solyc12g040670.1.1	1.1926	90.4	374.6	0.3967	0.3068	0.7735	-999.989619
Solyc07g042110.1.1	Solyc12g040820.1.1	50.0000	176.9	816.1	0.0154	1.3484	87.3241	-2585.078589
Solyc07g009240.1.1	Solyc06g035480.2.1	1.2394	173.3	780.7	0.3831	0.3196	0.8342	-2113.470440
Solyc07g009250.1.1	Solyc06g035470.1.1	0.2592	140.7	639.3	0.5656	0.0759	0.1342	-1293.310635
Solyc11g050970.1.1	Solyc06g065090.1.1	50.0000	108.2	455.8	0.0216	1.7184	79.6080	-1453.210217
Solyc07g025160.2.1	Solyc12g088990.1.1	0.5767	420.9	1331.1	0.1264	0.0722	0.5717	-3204.353139
Solyc07g042110.1.1	Solyc06g035470.1.1	0.0602	229.7	859.3	0.8267	0.0192	0.0233	-1550.965942
Solyc07g042120.1.1	Solyc06g035480.2.1	0.0849	282.3	1052.7	1.0627	0.0287	0.0270	-1946.545567
Solyc10g018410.1.1	Solyc04g078570.1.1	0.9126	160.0	734.0	0.2535	0.1992	0.7859	-1758.588689
Solyc10g018420.1.1	Solyc04g078580.1.1	0.9175	341.2	1179.8	0.2238	0.1720	0.7686	-3064.611560
Solyc12g088090.1.1	Solyc01g105800.2.1	25.5714	139.9	502.1	0.0372	1.2824	34.5076	-1672.715356
Solyc11g042590.1.1	Solyc08g066080.1.1	6.0847	112.6	460.4	0.0626	0.5146	8.2201	-1338.114192
Solyc11g042830.1.1	Solyc08g066370.1.1	0.2551	174.6	749.4	0.2496	0.0542	0.2172	-1508.811363
Solyc11g042840.1.1	Solyc08g066380.1.1	0.7312	214.3	988.7	0.3654	0.1861	0.5095	-2415.436181
Solyc10g046900.1.1	Solyc06g051290.1.1	0.9043	71.4	276.6	0.6266	0.2686	0.4287	-722.315820
Solyc09g056490.1.1	Solyc01g010110.1.1	50.0000	120.2	569.8	0.0104	0.9497	91.1728	-1719.269306
Solyc09g056500.1.1	Solyc01g010100.1.1	50.0000	153.8	476.2	0.0282	1.7731	62.7751	-1650.937986
Solyc09g015390.1.1	Solyc06g050390.1.1	2.9157	218.0	877.0	0.4575	0.7863	1.7186	-2767.731598
Solyc12g040650.1.1	Solyc12g014520.1.1	0.4882	239.5	933.5	0.3420	0.1168	0.3417	-2144.246620
Solyc12g040650.1.1	Solyc01g060120.1.1	6.9987	218.2	918.8	0.1702	1.2054	7.0821	-2879.081767
Solyc05g018540.1.1	Solyc04g015860.1.1	1.7492	75.6	326.4	1.7502	0.6342	0.3624	-935.785407
Solyc10g079390.1.1	Solyc04g015850.2.1	1.7437	183.8	581.2	0.2060	0.3017	1.4650	-1722.537016
Solyc10g051090.1.1	Solyc04g050580.1.1	1.8980	137.7	462.3	0.4446	0.4917	1.1059	-1454.101826
Solyc10g051100.1.1	Solyc04g050590.1.1	1.7405	112.1	511.9	0.4464	0.4745	1.0630	-1452.973677
Solyc04g050580.1.1	Solyc01g034010.1.1	1.8803	127.8	418.2	0.1966	0.3203	1.6297	-1249.811121
Solyc04g050590.1.1	Solyc01g034000.1.1	0.6625	161.2	636.8	0.2134	0.1266	0.5933	-1507.958565
Solyc04g078570.1.1	Solyc02g065120.1.1	0.2484	153.4	761.6	0.5706	0.0735	0.1288	-1475.747808
Solyc04g078580.1.1	Solyc02g065130.1.1	0.0646	310.6	949.4	2.4886	0.0253	0.0102	-1822.746965
Solyc10g018410.1.1	Solyc02g065120.1.1	1.4740	183.0	924.0	0.2514	0.3293	1.3097	-2425.384474
Solyc10g018420.1.1	Solyc02g065130.1.1	0.8896	287.3	966.7	0.2099	0.1592	0.7586	-2493.564110
Solyc10g046900.1.1	Solyc04g015860.1.1	0.3729	89.6	318.4	0.8280	0.1189	0.1436	-713.617573
Solyc12g014520.1.1	Solyc06g051290.1.1	1.1095	100.9	373.1	0.3750	0.2730	0.7280	-1011.962145
Solyc12g044470.1.1	Solyc10g039300.1.1	2.6436	66.7	263.3	0.1348	0.3834	2.8453	-755.238660
Solyc12g044480.1.1	Solyc10g039310.1.1	1.3124	136.0	527.0	0.2361	0.2630	1.1138	-1439.606414
Solyc05g018530.1.1	Solyc02g037580.1.1	1.9277	114.8	473.2	0.5094	0.5409	1.0617	-1385.610548
Solyc05g018540.1.1	Solyc02g037560.1.1	50.0000	83.4	393.6	0.0148	1.3228	89.1037	-1237.436700
Solyc04g050580.1.1	Solyc01g059990.2.1	2.1318	130.8	481.2	0.2941	0.4696	1.5969	-1473.681427
Solyc04g050590.1.1	Solyc01g060000.1.1	1.0009	148.5	544.5	0.2156	0.1875	0.8696	-1408.559321
Solyc11g042590.1.1	Solyc06g050410.1.1	12.8094	434.9	1707.1	0.0409	0.7409	18.1214	-5360.331396
Solyc11g042830.1.1	Solyc06g050650.1.1	2.3145	128.8	624.2	0.4589	0.6420	1.3992	-1819.220952
Solyc11g042840.1.1	Solyc06g050680.1.1	0.1695	117.6	491.4	0.5731	0.0494	0.0862	-951.232884
Solyc05g015660.1.1	Solyc06g050650.1.1	0.8314	108.1	467.9	0.3253	0.1995	0.6132	-1165.557967
Solyc05g015670.1.1	Solyc06g050680.1.1	50.0000	89.2	378.8	0.0170	1.3848	81.5198	-1205.344713
Solyc05g015970.1.1	Solyc06g050970.1.1	3.3080	519.4	2111.6	0.1191	0.4483	3.7629	-6201.274098
Solyc04g051520.1.1	Solyc01g057880.1.1	0.3213	217.6	919.4	0.5242	0.0912	0.1740	-1974.424666
Solyc04g051530.1.1	Solyc01g057890.1.1	0.1919	114.4	422.6	0.5392	0.0541	0.1004	-846.881092
Solyc04g051740.1.1	Solyc01g058150.1.1	50.0000	129.8	440.2	0.0118	0.8281	70.3766	-1439.860992
Solyc04g015860.1.1	Solyc01g066170.1.1	0.7195	71.2	300.8	0.4389	0.1927	0.4390	-747.927706
Solyc07g042110.1.1	Solyc10g051290.1.1	0.8380	172.5	787.5	0.6802	0.2576	0.3787	-1974.130663
Solyc07g042340.1.1	Solyc10g051100.1.1	49.8571	128.1	654.9	0.0038	0.3793	99.6607	-1773.670953
Solyc07g042360.1.1	Solyc10g051090.1.1	50.0000	152.7	582.3	0.0106	0.8199	77.0783	-1900.376793
Solyc07g042040.1.1	Solyc10g046900.1.1	50.0000	75.0	312.0	0.0194	1.5399	79.5683	-998.044006
Solyc07g042060.1.1	Solyc10g046890.1.1	0.7467	94.6	349.4	0.6182	0.2199	0.3558	-881.006382
Solyc00g007290.1.1	Solyc06g010080.1.1	50.0000	130.1	475.9	0.0098	0.7379	74.9473	-1521.982326
Solyc00g007910.1.1	Solyc06g010140.1.1	1.5094	131.1	303.9	1.0813	0.5148	0.4761	-1023.958663
Solyc12g019730.1.1	Solyc01g060120.1.1	5.1230	293.9	1176.1	0.1367	0.7546	5.5212	-3636.110317
Solyc12g070180.1.1	Solyc04g025950.1.1	2.8287	184.9	679.1	0.0899	0.2978	3.3122	-1917.566227
Solyc12g076330.1.1	Solyc04g025680.1.1	0.4915	152.4	519.6	0.9694	0.1627	0.1678	-1262.611601
Solyc05g018660.1.1	Solyc04g078580.1.1	0.1924	223.0	800.0	0.4932	0.0524	0.1062	-1663.312300
Solyc05g018670.1.1	Solyc04g078570.1.1	0.3602	86.0	466.0	0.5787	0.1079	0.1864	-944.322168
Solyc10g044490.1.1	Solyc04g051520.1.1	50.0000	209.8	900.2	0.0111	0.9337	84.1790	-2807.928904
Solyc10g044500.1.1	Solyc04g051530.1.1	2.5347	125.1	534.9	0.1301	0.3728	2.8645	-1494.903144
Solyc10g044810.1.1	Solyc04g051790.1.1	5.6712	189.9	848.1	0.1114	0.7686	6.9020	-2541.014969
Solyc12g070180.1.1	Solyc12g019270.1.1	23.2280	188.6	726.4	0.0158	0.5597	35.4064	-2234.137637
Solyc12g044470.1.1	Solyc12g040670.1.1	4.7652	57.1	275.9	0.4289	1.2932	3.0155	-854.683553
Solyc12g044480.1.1	Solyc12g040650.1.1	15.9948	153.8	641.2	0.0591	1.3074	22.1109	-2056.646783
Solyc11g020010.1.1	Solyc01g060000.1.1	0.7944	390.3	1571.7	0.1831	0.1403	0.7662	-3758.946758
Solyc11g020020.1.1	Solyc01g059990.2.1	1.1180	332.9	1134.1	0.2811	0.2358	0.8389	-3096.169724
Solyc08g036470.1.1	Solyc12g044470.1.1	0.2024	75.0	261.0	2.9052	0.0790	0.0272	-538.344379
Solyc08g036480.1.1	Solyc12g044480.1.1	1.7255	133.8	496.2	0.6396	0.5137	0.8031	-1485.237350
Solyc07g041690.1.1	Solyc10g044610.1.1	0.3449	260.4	927.6	0.4561	0.0912	0.1999	-2047.719306
Solyc07g042040.1.1	Solyc10g039310.1.1	16.5439	151.3	484.7	0.0780	1.4466	18.5464	-1661.883301
Solyc07g042060.1.1	Solyc10g039300.1.1	0.6344	118.1	493.9	0.4010	0.1641	0.4093	-1183.615311
Solyc02g021070.1.1	Solyc01g060230.1.1	50.0000	163.4	805.6	0.0139	1.2895	92.5047	-2421.778186
Solyc02g021300.1.1	Solyc01g060120.1.1	8.6460	254.3	1110.7	0.1043	1.1085	10.6268	-3449.747889
Solyc07g041380.1.1	Solyc06g051290.1.1	9.8503	94.9	364.1	0.1125	1.2477	11.0941	-1165.814349
Solyc07g041390.1.1	Solyc06g051280.1.1	6.4874	176.7	747.3	0.0655	0.5804	8.8541	-2217.438179
Solyc07g041690.1.1	Solyc06g050970.1.1	0.0279	744.2	2573.8	0.4658	0.0074	0.0159	-4559.579231
Solyc00g209560.1.1	Solyc09g056410.1.1	50.0000	128.5	516.5	0.0194	1.5070	77.5804	-1672.431813
