mean = 2.5, std=0.8, 9178, [0-5]
3.2146769415
3.5487966863
1.5899440492
3.5857584302
2.7699870739
1.4667576174
2.0310911937
2.5940607447
3.8708318752
3.9399215673
1.6985658437
4.0017762069
3.867887694
2.4707193575
3.1725730355
1.6447582702
2.3423726558
3.5977441611
3.1498330982
3.8884141617
2.8200913322
1.06610748
3.3240461481
3.7001778407
2.8706222018
3.0580686089
3.0213538691
2.2815834266
2.8195214977
1.7422490975
2.9326456845
1.0256083944
2.0273418767
1.1600913661
1.4648712883
3.2411254699
2.9068766276
2.1200700352
3.8114163979
1.0532977455
2.3768982287
2.2593296779
3.0780995787
3.1582003052
1.7900727733
2.479508771
2.3907391539
2.7997485007
2.9403552185
3.05029895
2.025200058
2.8727796739
2.8186980972
1.7149250037
1.5587100794
2.496725253
3.8906899135
2.171490759
2.6719995893
1.8938071768
3.0416586853
1.9742509649
2.5119248929
2.9165844374
3.482108917
3.8866036345
2.5947340172
1.6331051801
1.6705704372
1.9802310963
3.295932812
1.9722297655
3.2133686202
1.9451568493
3.6717703359
2.1922845999
1.8184797723
1.9642448121
2.7356550241
2.446491428
2.1958934246
3.2640925378
2.671992092
2.5997917814
3.60527557
2.048430237
3.056690986
3.0478730056
2.2569984025
2.6364193651
1.3573915766
1.2195954126
2.5617097466
3.1141696251
3.7002853969
1.601017739
2.6384549654
2.438668084
0.7134898337
2.1643712511
1.7135325269
3.1556333549
2.1068323235
2.5571644444
1.7247058056
2.7064084294
1.9936634863
2.8164912906
2.8941381721
3.0338415782
2.4007432169
1.39997751
1.907495881
3.5855649135
1.6810657728
3.2484093187
2.5768695969
4.5749616709
1.3701313545
2.3848606964
1.5074134347
3.9106566615
0.4666029312
3.1027904528
3.22240599
3.393735888
1.4031346149
2.2972412291
1.9860568685
3.1719690001
2.3620275719
3.5721974535
1.7750331031
1.995695732
1.6575955802
1.6238441438
3.3959717222
2.6606202549
2.6000673472
1.655557057
3.3374376614
2.7482495255
2.1943713382
2.5265269556
2.3014250912
1.3580151744
1.9359318083
1.5757791312
1.7812309061
1.9360251577
2.3331895095
1.187634989
3.5344258599
3.7713880658
2.481710722
2.478484014
2.165675266
3.5222513763
2.2334137315
1.5267865551
3.1170894977
2.2764090035
1.9404787911
2.3057658383
1.4617321375
1.6087555026
3.7523826623
3.859056526
2.6514475906
1.2599434624
1.9226712661
2.1991165253
3.2341933487
0.7897321228
1.1337565426
1.735334472
2.8057747794
2.9934247138
2.8028277039
2.4015139604
2.5943174854
2.0728281915
3.0252223001
1.7962315671
2.8886350907
1.78004138
2.2318003898
2.7557454052
3.1170231057
1.3859208299
3.6724867303
3.1049255538
2.4735555056
2.3710495374
2.3931582976
2.0958049311
2.517033378
2.5215644507
3.2233830283
3.1571661492
2.7954691712
2.2531458909
3.2053481179
2.5657822537
2.1938861974
3.7320076912
3.4213465806
2.6006648274
2.7491317793
2.6756415455
1.8500266353
2.084155948
2.441744745
1.9114681802
3.3078138045
1.8131965181
1.89942005
1.7407472697
1.9040335185
2.3707252548
2.106577625
3.6383720138
2.359575768
1.7839496807
3.5445052999
4.1251607077
2.3771526622
1.5264360181
1.9816059222
2.3156628388
2.6917780815
1.9918045597
2.7081910766
2.9446728125
1.8882839994
1.552360783
2.0736476219
2.1238275835
2.3472792341
2.5157312336
1.4086423232
1.9924668765
3.1746678863
0.9960388429
3.6693794567
2.9900600468
2.4771950722
2.658211806
1.9291547244
2.4174800723
3.9220793315
2.5939079614
2.5423281176
1.9143668168
2.477773343
2.7524643439
2.8715146926
2.2884076059
2.2295803796
4.2837125422
1.0858902639
3.4581603067
3.5853109708
3.1609672438
1.4721357267
1.9909701561
2.1605074798
2.8728360697
1.6256089805
2.9682570223
1.5078847586
2.8157949264
2.4883373398
3.1138592172
2.953627842
3.539082008
3.4821907947
2.1578908557
2.9158260944
1.8219681017
1.0112405585
3.0236873192
2.5000449102
2.4597924842
3.5437606209
2.7227699454
2.7390473353
3.3599662763
3.1875379396
2.6545319491
1.7782729319
1.9359725064
3.4636948045
0.9895906852
2.4797830832
1.7319681467
4.108682767
2.9481313878
2.5009440678
2.4420759557
1.2588730514
2.8778505013
1.1286288242
1.3323632669
2.5433585105
1.4630110376
3.2249535636
3.2231401906
2.9711397059
1.6725258697
2.8284895962
2.5372356262
4.0304951004
2.8055078096
3.1727158637
2.4073081844
2.3640135228
3.2468505561
1.3981634635
1.6132010325
1.7491239509
2.2789035256
3.2658351187
3.1814041094
1.2645259521
2.2961560803
2.5538389596
2.3322328047
2.8225198391
2.760711169
2.0627832339
2.3625097632
0.7913748034
4.1999298458
1.7295567649
1.5055244262
2.2400973844
1.8228522959
2.4793550713
2.1695464853
3.8223439868
3.6218266445
1.2103366948
3.0083665158
2.0086118055
2.3445647499
2.5960552583
3.7570831848
2.3341652704
4.1810563168
2.0846338786
2.9212267617
2.8432103445
2.5784464305
2.9143596701
2.843625323
1.7637500361
1.5938616337
4.8280205259
1.7420433555
1.0339290398
2.6229886489
3.444755231
2.8494459602
1.8005783461
2.2327148454
2.4212566884
4.1561323783
1.6945614456
3.3461136412
2.796426045
2.2482346952
1.8020158868
2.3556010917
2.4640007472
1.565134968
2.6806951804
1.9001253295
2.2657322937
2.6673290194
1.9660526662
2.0591916771
2.7378430007
1.9992994768
3.243953807
4.1740377033
2.9898618732
2.1790794642
2.6695453874
1.5122199468
3.5512419187
3.4359171691
3.2237833566
1.9881652179
2.6906661827
0.9089592482
2.3495058805
2.1102255024
1.7112654858
1.7656853352
2.3446668937
1.4513038849
2.6992597359
2.4417465671
2.9094317723
2.9184449864
2.7831015484
1.0445628892
1.3168157222
2.1256630956
2.5618437167
2.8172850368
2.3133996163
3.2305020739
2.9614588862
3.9796984082
2.5627866405
2.1380048229
1.5029742809
2.725043179
3.1131890873
2.3458237832
1.4349875501
2.002195059
1.6853762639
2.0370373404
2.3796133762
2.5543744692
2.4146129271
3.4191307771
2.5361478714
3.7632130417
2.7813511996
3.8724605729
1.9379598863
2.8648092085
2.0559819771
2.8552530554
2.9075872803
1.3119334779
1.9734931414
1.8944154105
2.8464918347
3.308091693
2.1803490755
3.1178109729
2.8630549111
0.5576469249
2.7067986476
2.2702252212
3.5990579368
0.2022289962
2.4247221478
2.3476508041
2.4216397187
3.09023307
2.132065425
3.129255528
2.44261538
1.0666165726
1.7568190926
2.9695180258
2.4468869358
1.682224968
2.1730992478
2.7176193105
1.8044190044
3.0097604762
1.9434360714
3.6064760509
2.0084719811
3.0780559912
1.7953674234
2.0523196708
1.4363949129
2.6534876157
2.8809671064
2.593479455
2.35046241
2.7957363189
2.8025517531
2.8712498597
2.7772612563
3.7741338009
1.8533419284
2.9401616122
1.9264324752
1.5603023668
2.7174421878
2.3999284137
2.4172318681
2.8335912716
3.0905636734
2.192789443
2.8337328728
2.3309211882
3.2999221077
3.2707145437
1.9775898572
2.7302586365
2.6658209629
2.5816911897
3.3984075562
1.9980768929
2.1222523951
1.5595769035
3.7374610371
2.7981147413
2.4588726669
2.7847776333
2.5896974789
2.8018935929
2.5880254001
2.9678273678
2.5450534918
4.458776448
1.8800189804
1.5037096442
1.520440779
1.2847115078
2.3071424013
2.3963670285
2.2261434035
3.0728823793
2.7605486777
3.0950281819
3.6931943303
4.0275889225
1.8052456199
1.6340039453
2.9101553356
1.4493661564
2.5508872325
2.5607996258
3.3660464562
2.4696730939
2.2841365828
2.8544203372
3.0167225555
2.5401566246
2.1873836103
1.6729762212
2.6736886193
1.9916418452
1.1459053871
3.0509244662
1.9432722588
2.3843025245
2.8909356549
2.2121175501
3.0046534604
2.2867327016
2.8810850969
2.9280221027
2.3841065143
0.8640715606
2.1506271148
2.3475702002
2.0113911669
1.8197982657
3.2358026237
2.3589943829
3.4689218315
2.2794133998
3.0874894909
2.2910522166
3.1963389365
3.0512894818
2.2505963768
1.8728103441
3.1448340868
3.8044224223
2.1433625925
2.8540521248
2.3766969289
3.2725752619
3.0868078201
1.7298276877
3.3690761866
4.3323256889
2.5288782383
3.4545325375
2.6776544301
1.689050909
1.8278352985
2.3120327965
3.0352282074
3.2476866751
3.1436044225
2.1232594875
2.5682702001
1.4307354206
1.5288933834
1.6246604463
2.8704375803
2.4903454259
1.7984553711
2.4900027144
1.6647726709
1.2269200734
3.3294524502
2.6216919315
3.6737942949
2.9110707323
2.6669292147
3.2166885668
3.4333828534
4.3067886639
0.1107163663
3.381672353
2.7283934682
4.3344848271
2.5554525947
2.4589932507
3.1756195529
1.9045053575
2.4961852575
3.5258786324
2.6503322238
3.310716684
3.0102840344
2.6734733663
1.9532997169
2.8433801461
1.3982306372
2.7564643595
2.8314085303
2.9886625745
3.4814664925
4.1676531534
3.0872659141
2.6641796741
3.6662361652
2.6614082823
0.8195877425
1.5661167293
3.3717180945
2.468557651
3.3096385857
1.8546458428
2.6049739822
2.7647463855
1.0273351476
2.7328734577
2.2189055117
1.1866973862
2.4791194899
1.8066514598
1.5748609525
1.8437467042
1.6609889734
1.7965768302
1.1305498628
2.7760100316
2.0390748125
2.5773808947
2.9076386529
2.49823049
2.571760418
2.3899247667
1.5781679323
2.4806959635
3.3373235472
3.4135597914
2.0114488381
1.8520268399
2.6306504674
2.786900352
2.3327023548
1.8450946914
3.7941622748
1.39089
1.5033233139
1.6453067284
1.7273003976
2.745947409
2.6483941761
1.2059192871
3.6832290004
2.9860354062
3.008326241
1.2835242448
3.3635358242
3.7027242713
4.2063881148
3.3581723899
3.1314936539
2.5267830773
1.7621282202
2.2947739285
1.6160086596
1.0151648842
3.7329267828
2.0842928104
2.0710104073
2.1551981171
2.4340043911
2.8038008678
0.9464502157
3.3008382452
2.6186006465
3.3411471833
2.1877433612
2.3916290076
1.2216760619
1.7606109692
2.835477287
2.1505635082
3.515191662
1.5553319971
4.2943480044
2.5801676219
2.9346658962
4.8917173929
2.0531415388
2.3275707861
2.4295277702
3.0740533536
3.2251210355
1.4789945084
1.7637026465
2.2129859486
1.2390610514
2.543831284
2.1615851162
1.7561859014
1.8533745403
3.5457862635
2.863186076
2.436815999
3.5795396486
1.4958954555
3.0273429398
3.0044761091
2.6243289805
1.782088579
2.6965511951
2.0811529379
1.6167148361
1.8634656739
3.4995149816
1.3324059399
1.9425100177
1.2181831398
2.3829263441
0.7454871256
3.5094200217
1.8186608602
1.4472310002
2.0981171316
2.4118610172
1.4855044278
4.5346117355
2.1533444972
2.075194814
1.274806439
2.0772611749
1.1615530797
2.5108660482
3.0675179422
2.767256676
1.4304466904
1.3845290194
3.1090039339
3.5456977624
2.5676832262
1.5181354184
3.248384143
2.1665014633
2.0673986637
3.0292532285
0.6733848182
1.1782661402
2.846675193
2.7094853065
2.5522874774
2.9885602808
2.9354458174
3.1201261305
2.0534401238
2.9016532609
2.6138209511
2.2904914431
1.2718584186
3.1168832274
2.1653791578
2.7186096584
3.0167129529
1.4994133844
1.5933823615
2.5994216019
2.470426425
3.4802930945
3.1688175307
2.999780474
1.2003630131
1.3406621319
1.4237346808
3.1670889117
3.7589521113
2.8817572414
1.6091636809
2.9718182745
1.5232138689
1.5526643302
2.7877674136
2.1461213588
2.8159132405
3.0362946738
2.6677369098
3.0137038217
1.9227933287
3.0012812432
4.0018431679
3.3871738977
1.4122793531
2.2274599324
2.2333122094
2.8847048479
2.6980581764
3.141948351
2.2300387034
1.8452411666
1.4144547334
3.0949055313
1.8442519872
2.2733534269
2.6039386845
1.9074334233
2.7903800485
2.4689259738
1.6792637085
3.121627289
1.4807311765
2.0676147682
1.929385642
2.561859731
1.4382583897
2.3086575862
1.4995578054
1.5313070259
3.1284065485
2.0618212691
2.709620903
3.9352349324
2.364203385
2.9067025244
3.0589859266
2.364522882
2.8195651813
1.5206846768
3.6987402094
1.7918166509
2.0014839134
3.1656146698
2.4751820373
3.0870803263
2.2894263714
2.0178120564
1.0810502582
2.8585405296
2.358268619
2.4031586445
2.7227502207
1.2574334307
2.1171814445
3.0969878715
2.9105358304
1.5835896106
1.6019401538
1.442366756
0.5973287739
2.34512317
2.8197280797
2.9722899526
2.5625364317
1.516704303
2.7687310853
1.5880799422
1.617378716
1.4715954383
1.6452575856
1.7329962305
1.8174827229
2.1209219454
2.1185670205
1.8770054257
1.9641395705
3.4907530694
2.9261195961
2.6119368856
1.7828056061
1.8618966838
1.3656160268
3.5878969388
2.9341968382
2.6160844061
2.1118252957
1.7264801809
2.74917837
4.282578072
1.739879973
1.9809329707
2.2910683752
1.3469727752
2.8826109588
2.3026228167
4.1771210322
2.3022010982
2.7453458151
1.6877698417
2.258883004
1.7101230995
3.0590195433
3.4028215163
2.193993111
2.8858450471
2.0678054073
2.561371958
3.2691450307
2.6971265166
2.1604077962
2.0795175435
2.4048790782
2.3441772326
2.2129249021
2.6171571311
3.0199014657
2.3476217446
2.3578442882
1.5818149642
0.9358381305
2.0585965028
2.1210133345
2.8156494836
3.8658970359
3.7110047321
2.4155428909
1.9373739543
3.0739002359
3.0621282989
3.0152194865
3.022730602
1.5042403793
2.8769298985
2.4263534474
1.8622608047
1.471250707
3.241484167
1.7541501911
1.7180234765
2.8424387733
3.4971065778
2.5331546682
2.9249184092
1.6851532104
3.8368942915
2.5819824493
2.8728493393
1.074521809
3.1983577601
3.035010779
1.5634505529
2.5501666946
2.1395297041
2.5931898921
2.2953763906
2.3287401423
1.7716788643
1.9749752128
0.8792920148
3.6400049622
2.8156705915
3.6917352485
1.7178377351
3.6259358149
3.156679511
2.6559040649
2.3795130734
1.9804918347
3.0433700872
1.9066858371
1.2884785808
3.0828208386
2.8539148445
2.954040328
2.7906370734
2.3368316955
2.278538064
3.2189126381
2.1208056823
3.2141284299
3.1411465001
3.3347859591
2.5112834005
2.776994883
3.8166025046
2.3874608945
1.2615334095
3.3865063542
2.7675080053
2.2032270075
4.6298405814
1.8947658276
2.8129701991
2.712641215
2.2712143181
1.6458238285
0.9452189816
2.3410477888
1.7818076568
2.9791046772
2.2357738536
3.2987051235
2.9995094762
2.6429319219
1.7598359511
3.8697659006
1.9993996085
3.6450293655
1.8936963814
2.2425315117
1.4186307123
2.7864835353
1.7713125926
1.1508853109
2.9728880607
2.1867893152
2.8306938488
2.2641636764
2.7593882893
0.8962815973
3.5718161978
3.1733662782
3.0280929271
3.2098839542
2.2629878943
2.7382370887
2.6520310181
2.5602124133
2.0229175459
1.9580795231
2.4029560591
1.9041617173
3.1845314488
4.2411758122
1.0049867381
2.57148535
1.4165152174
3.1777488991
4.3128229168
1.3055856749
3.7346142124
0.8407066637
2.8820332622
3.1265240834
2.5684177461
3.458945897
3.5175189821
2.7564176644
1.6303799965
1.8776511587
1.775920118
1.1232804023
1.5086608115
2.7364888602
3.7363467462
2.2019015784
2.3195852586
4.2054373744
3.7770245259
2.8659698227
4.2914950653
3.0815214524
2.1634455665
2.8345459608
1.9467859499
2.0709489645
2.8738414162
2.5557872143
2.3215649514
2.7077668827
3.0397796667
2.668447922
2.6039669121
2.668524557
2.5236638226
1.3936128641
2.964325175
4.5762016033
2.2020701635
4.009612562
2.1846510323
3.4638268534
2.4091159153
2.3253261811
1.877462792
1.5848323064
2.1016279939
2.9798932278
3.1241754784
2.9045068699
0.6585776353
3.3041711833
3.6326296469
3.0923229272
1.1306143614
2.2522572026
2.9286971528
2.9880866258
1.8950471359
2.0084554087
2.8579568916
2.4549214538
2.7517413749
1.9269871704
1.7606607376
3.2603571246
3.0817568413
3.7031778298
1.512734071
1.77618067
1.4738834193
2.4795075818
1.8087907103
3.5036785034
1.4738577519
1.1434798063
2.6150855551
3.0963875898
2.1084690811
1.7663448689
2.1683738643
1.8566961734
2.5203248617
3.5515085936
2.7627185754
1.4848980115
2.2787308053
1.2243748629
2.5025680594
2.3626519707
4.6711577717
3.2054134407
2.4712722425
3.4973607281
1.6292139139
2.2769627812
3.6607212523
3.606838177
2.9501925575
2.7404521799
2.1778009976
3.7128741917
1.5814330482
2.9906747689
2.8001015935
3.2714636073
2.2941382176
3.0380269841
3.2780817467
2.1320400374
2.6049139671
4.1155207298
2.598954475
2.1496705916
2.7428284578
2.2151232638
3.0549310222
2.326296657
2.4846759745
2.9066821114
4.0275025697
2.1437815605
3.2864203876
3.0113441609
3.8427317284
1.0265894093
2.2070733646
2.8351402197
2.0382112946
1.9111924044
2.9444690482
2.7535435339
2.6829571049
2.8303039278
1.1712192823
2.1896987178
2.4023547256
1.938466959
2.9536464959
3.348426662
2.0382258037
2.9917998224
1.629996447
3.2829217615
1.633023342
2.6780305895
2.2268662745
3.191223464
2.507568252
2.4791682479
3.4256567552
2.1990805208
2.3985278595
3.9263927089
1.1274673751
4.0302927362
1.7969735302
2.8449261731
2.6744009783
2.8625676085
2.2159452466
2.7445202926
3.2040806281
0.8588513451
1.4002460183
4.0539437225
2.810591227
1.913433339
2.3048977789
1.5706947777
2.006965527
1.9810661834
2.152404075
1.6805788379
2.1880208505
1.5692702941
3.4540107773
1.4515356861
3.6763360655
2.2956643191
1.1699993887
2.1758150062
3.0037405387
3.1567475627
2.5900797897
2.8873922803
3.4938215404
1.2256235152
2.0896796409
1.1602554615
1.8152559174
2.9657370116
2.9695067071
3.4285965238
2.6661968895
1.327925056
3.6348840693
3.1728342239
2.0486833564
2.587576918
4.2138192036
2.9551355205
3.29021451
2.3657781324
2.441145357
2.62200356
2.008544402
3.0360115338
2.5077824231
2.8008152359
2.0989768656
1.6334658584
2.4510729516
2.2190073245
3.1385003465
3.1172074313
2.8479863438
1.6144316187
0.8948768614
2.6202364966
2.0831765409
3.7346889751
4.1438023837
2.0502632698
3.1741129145
3.5046456968
2.6972015955
3.45345539
3.7639720355
2.5986510169
2.9853738662
2.6546069647
0.9546691244
2.3926477618
2.7997247673
2.5424626668
2.239892518
3.7199164065
3.2600095248
3.3238970426
2.2403600914
2.6882540928
3.4082971817
3.6971540701
2.8478808619
1.8473335889
2.8159967088
1.3358718806
2.3115637552
2.8445115521
3.6985299469
3.2034886018
2.4690619927
3.0555414216
2.3327402097
4.0159195075
4.2835370564
3.3769442246
2.2746286682
2.4092105309
1.9531800542
3.1283934741
3.4486705691
3.5874493602
2.6170877798
2.6999710028
1.6691393688
3.5207118959
2.4004446279
1.8442458755
3.5204296415
3.0705073812
3.4472515722
2.0463422934
2.8583879844
2.8386970333
1.5738102355
2.3127808871
2.0234368232
2.9574712411
2.0426563353
3.505031198
3.2507750098
2.2770077284
2.4958022239
2.9068232515
3.2753509604
2.7222769074
2.6504869498
2.1399916932
2.4125999565
2.9507122736
3.4550386076
2.9673739353
0.8481218248
2.8618225491
2.3764211117
2.3750258914
1.550821472
3.2145516586
2.1373610847
1.9520186944
2.1765530849
2.2470143059
2.593400205
2.6244479702
2.2890439744
2.2938250431
2.5307687167
2.8239764925
3.8167636912
2.9709228857
2.2978552889
3.2673925789
1.6175076052
1.2644968798
1.4021664234
1.7190827634
2.1359507305
2.085256397
0.7080932859
2.5800127034
1.4566843112
1.6609887855
2.7674074001
3.3595315815
4.0463550644
2.6425506851
4.6194215399
2.607498783
2.5309514824
2.1502399271
2.3591578167
2.4835971247
1.3299864411
3.4687895546
1.2912845781
2.3717113368
3.2509323962
2.2863742866
2.7302881485
3.2264402376
3.4625507407
3.6826928573
1.8016085412
1.9828832971
3.5124193556
2.6886189536
2.5076869525
2.7289004176
3.2288060131
2.5639016207
1.8341174884
2.4075011529
2.3549050507
3.9518546694
2.744051819
2.9081559225
2.9657341885
2.1856166321
2.5340206062
2.6138710934
1.6948613365
2.6247233074
2.9068189151
2.3519424408
3.2814613358
2.9926131234
2.2138314433
2.4081437708
2.2694297128
3.1045045979
2.9996102235
2.3597189851
2.9044271645
3.7744140548
3.1278744843
2.9315473252
1.5189002905
2.2768082429
2.6835655305
2.4185490334
1.192876801
1.9067335417
3.2747750491
0.7944482192
3.3753519887
1.3695532302
2.8491537318
2.5004230157
1.878171725
2.6441318092
1.5713572317
2.8538354805
2.7014530582
1.2339853967
1.2365476624
1.6814801482
0.8647745916
2.3696641933
3.2685036442
2.7384692383
2.540310849
3.375925373
1.4674832134
3.559576799
1.5132816209
2.5340333038
1.649245452
2.6192848087
0.4638271201
3.0811320619
3.3226181203
3.6033428186
4.2601323569
2.5102754028
2.0141651342
1.4813807232
2.5157123059
2.6726989752
3.0712860612
1.3955364914
2.8328303243
2.5339977541
1.7418142676
3.729108509
2.6826992899
2.3807258243
3.7514859584
2.8204667901
2.4035749781
3.292591012
2.5653763685
2.6081966808
2.8735894971
2.2290573676
1.9343251309
2.6590251929
3.3870138443
2.3116663371
1.5326854961
2.3872216923
2.0817208337
2.3005555056
3.2721381131
2.3051813541
2.2773186703
2.2147229566
1.6389544498
1.9866959262
1.4152009077
2.3579287801
1.9796735819
2.0756754481
2.3486889623
1.5595478155
2.4901250276
2.9334826634
1.9452800792
3.1301581286
1.3475087187
2.285023018
0.3965009323
1.8854113289
0.2201536158
1.7968935019
1.6468739995
2.0060870624
1.7537863447
1.6331934956
2.7000071608
3.5268150086
3.734491765
1.8867751926
2.4653017734
2.2476854607
2.5476295053
1.9983049104
1.3141266651
2.3719995004
1.7505669055
0.9578848346
3.8468744773
2.3603667252
3.9074511396
3.0700659217
0.5809661274
2.8735294711
2.9324248174
2.7972071295
2.6050113407
1.8784828774
3.0960470925
1.9049948064
2.2368348935
3.4822176619
3.3491105959
2.3027161253
2.1221294056
2.7202090787
3.5699785165
3.5646312716
2.6849832005
2.1543964717
3.3375502313
2.3842935839
3.5420434303
1.0400945861
2.5649806752
2.9570649161
1.7673177859
2.1630817579
1.7925631622
2.1308531886
2.305651552
2.5974574821
1.1805433061
2.6058640253
2.0222996108
1.9399941394
1.9441894996
1.6870645085
3.8614507754
3.710567433
3.226663077
2.9850731755
1.7566258809
2.2145567439
1.7957449729
0.20802978
2.1185457474
2.9178234333
2.7549799954
2.5863666277
2.3774913723
2.0521536689
2.5033211051
3.067827689
3.0700493171
2.6531746957
3.0326198596
2.7980774737
1.5753911546
2.5088035373
2.1864081917
1.4413843109
1.6656050545
1.8229992067
2.8562741366
2.3622253676
2.9059093774
1.9784407405
0.6573411891
2.5646926589
2.0332138818
3.781705204
3.551883568
2.2825339605
0.9415008189
2.8544328285
3.2843702099
4.0124820148
1.240640495
2.4003038837
2.66627326
2.8883251419
2.9639997603
2.8077682475
2.981835951
2.2431298516
2.6644568866
1.5470951698
1.2456021114
4.1254262674
2.0460448932
2.6919392354
3.9131550063
1.786819304
1.8081929961
2.1742293652
3.6934642443
2.2783414095
2.0184790098
1.679607711
2.2917093886
2.2449729282
1.6055516982
2.3693906901
1.4383281017
2.732692901
0.6903972694
2.6474791198
3.1429595312
1.9241943798
2.3956540194
2.6395412116
1.2706262667
2.492571218
2.7911811353
1.886993417
3.284000653
4.0074381012
3.314723268
2.5120097845
2.0319879193
3.0300103426
1.9282423722
3.8694301459
2.7444817185
2.702851366
1.746682176
1.432669117
1.974665977
3.3568629494
3.5742623639
2.9178619331
2.9776854604
1.9098873006
2.6531697105
3.202540504
2.3056240432
4.2948768224
1.4309707715
2.1286560313
2.5228407988
1.2654169253
2.978895513
2.6135902617
2.5588237691
3.2614239689
3.357532885
3.1410234431
2.1217129501
2.4041027205
3.0440801723
1.5211361581
1.5206309713
2.0104579012
2.5493487669
4.0264778432
2.9427885669
2.1082883042
2.0615580002
3.3282358848
3.5771312658
2.7846905928
1.9749343894
1.4244189865
3.2878898689
2.6708748402
3.7954648555
1.2681920606
2.6707165065
2.0467133766
3.2543684086
1.8021996434
2.3845607248
2.2840434649
3.2507597334
2.8664731118
1.8496387948
2.1223209839
1.6155652362
2.8544904466
2.6428611466
1.7377869303
1.6649368245
2.4520892606
3.5598184773
2.604739142
1.037552806
1.2189667663
3.1863045076
2.4024238464
2.2616069362
3.142721357
2.222895143
2.5648269421
2.9457032402
3.4042055539
2.1458462791
2.8079348161
4.0543992646
1.3580188873
2.6755891796
2.3262674499
2.1021305805
1.9957717284
3.0606914871
4.5259049444
1.789178598
3.1194997554
1.8161829103
4.4087968751
3.178236596
2.3474014436
2.9865222509
2.4967042957
3.1977321526
2.2063025266
1.3427070745
2.6837437662
3.5699423064
1.8103031058
2.3639653661
3.0363655121
1.09948679
3.782390785
3.0733188113
2.6181716173
1.7810365441
2.4958940489
2.5357340791
4.4811183399
3.3437670462
3.9154752435
2.8710810086
2.3049189071
3.7062933274
2.4589154017
1.9148827961
2.2900138172
2.9304031549
2.6176424145
3.0552395538
4.5392869485
3.9157383333
2.5702854407
3.929739502
1.5450876149
1.2012341506
2.0912486572
2.6616155751
2.562044836
3.5275005141
2.5813110701
2.36317898
2.5855709846
2.9474766245
0.813943803
3.174400147
1.6469633164
2.4568906999
1.9785664784
2.2330855305
2.8331986241
1.7372880398
2.0317703438
1.8231483706
1.8140851605
2.1417572612
3.4386374518
2.4421030309
2.3058838154
1.7671035107
3.9827618656
2.3130633743
3.3084092894
2.7341511635
2.2489473559
3.4261770224
3.1295641363
2.429757539
3.2124518551
3.51500361
2.3576058526
2.1582557289
2.6953873219
3.5310853766
2.9234534784
2.2507215282
3.0012773061
3.8421453243
2.5858651737
2.5804165541
2.1065942355
1.331137134
1.7754357411
1.4454125591
2.4268131145
0.6450190447
3.594113887
2.7920935418
0.2335879153
1.0094764579
1.8520514729
2.4096624409
1.5910107003
0.6242443822
2.9822321014
2.2011735134
3.1176121911
2.3726676552
2.3724611563
1.1842311262
1.1874617735
1.4363305366
2.6900088456
1.9389254165
3.2980760783
3.3520551113
3.9271971207
2.4777774327
1.8844246194
1.9001809076
2.5737438147
3.0692797892
2.18706918
2.4222740646
2.7847921379
3.6060162253
1.7115512751
2.9550351222
2.6566073098
2.3658561209
3.4543765749
2.2832965218
1.7663225361
2.7720526284
2.7523390914
2.1441940445
3.1802566573
4.8893241429
4.1450360399
1.5901356568
1.916055345
0.9248407762
2.7177094548
1.5251338937
2.3130711299
3.4537000674
2.596583279
2.2328979924
1.8517061751
2.3813504195
3.8595789198
1.5785319079
2.441423406
3.3509390284
1.1369010718
2.8995955006
4.1133174244
2.0423817481
1.6154527925
2.8852694407
3.566363077
2.7248564318
3.5219296997
1.8093383727
3.0496344447
2.1842441653
2.3359673155
1.6922815864
3.2275287803
2.7542816202
3.0100881016
3.1864467887
1.3072695309
3.8157959444
2.4951497834
3.0514641372
3.0195546505
3.2650436606
1.6948833509
2.41438011
2.7399561295
3.6891296
3.2776569472
3.5016235592
2.6663718985
2.666838876
3.3440263262
1.0575859917
3.4591949464
2.3136291923
1.0727461762
3.0288410072
1.6893065836
1.6518915928
2.7146500944
1.972724016
2.1358048294
2.3013897576
2.3108359656
2.2690149439
2.7226350571
1.7286724796
1.7936844696
1.4531893931
2.133654419
3.088755099
1.9209508521
3.0145236358
2.9023037602
3.243034932
3.2551349165
2.06599601
2.1026578815
2.5461251443
2.1383447601
3.267301164
3.2015599092
2.6144851012
1.9936457533
2.8747075366
1.919741011
2.4126014945
2.2656231608
2.577390469
4.3869271107
3.0516532689
4.1364547682
1.9226783492
2.5572165285
1.201142627
3.0558631217
2.706403928
3.3518996284
4.2908784012
3.673064179
2.317296828
0.0774015437
2.5819708617
1.8499941376
1.8816581942
2.1394690705
1.4593804587
3.0322971722
3.0347356543
2.5868443465
2.1665770043
3.2688599521
2.60554103
3.871147253
3.4903692437
2.2062911427
2.5930940684
2.1851550332
2.7498204422
3.1622093772
3.0281611712
1.5843763668
3.2378609594
0.9454242194
2.3273788968
2.9926624884
3.1201178816
2.2292608896
3.0256570518
3.487935385
1.9428081065
1.5998529333
1.8971519735
2.1923495916
2.0513511858
3.6614775305
1.200227203
2.6871886201
1.7158548507
3.2883782724
1.7308051287
2.5044050757
4.8647891381
2.203942019
1.1674113939
1.8663708387
2.2932212461
2.1568050885
1.9091419955
3.7134610798
2.8805760022
3.9127051979
2.3753359046
3.7408304161
0.5221870861
2.7236864687
3.1748425366
1.9179907195
3.6908562606
3.0722568995
3.2503729168
2.6478928741
3.1508758345
2.1466223455
1.8928732743
2.1094757754
2.6704752282
3.2612089753
2.0592425313
2.3029654783
3.3693536637
2.7329280295
4.3706485528
1.8387025175
3.252736685
2.8642303048
1.9588862816
2.4514994966
2.295778596
2.7011487205
3.1732639004
1.5005306573
3.234950546
3.297145623
2.2020099594
2.359295376
2.6454004811
2.9205968078
3.0197145456
3.0584363728
2.2751388744
2.3577358892
3.8608404511
2.646890711
3.3260656286
2.0259643284
2.7488135296
2.6783431092
3.9257865684
1.4106029546
2.5009986501
2.5432378975
1.4317874767
3.543499247
3.4549728626
2.3773950934
3.1210606875
1.6677248533
2.7435503979
1.9879089444
2.3908806084
3.3067836836
1.8173559646
2.0901139307
2.4665503728
2.1658776045
3.1674714755
4.2720193454
1.7032945462
1.9281116023
2.9238454186
2.2465502973
4.039709919
4.0222289211
2.7941407272
3.3623120973
2.3015806667
2.7690793486
4.2230765875
2.6195010563
3.6977082129
2.9661577692
2.4680408084
2.7841680538
3.4683631741
1.8246216264
2.2880988351
4.4025221375
2.3025470492
2.8268595998
3.5281403417
4.5342079894
2.814509812
1.5150768497
1.0701039009
2.7399367468
2.6350439766
3.9112879226
3.0287352293
2.8348392458
2.5466936326
1.986115621
3.9115642021
2.5806141332
1.0081673618
2.9102652067
2.539482587
1.2549346607
3.4784320992
2.1491828164
1.9094013977
1.5382071033
2.1061719121
1.9060606462
2.8119895751
1.3007672977
2.0237820161
2.0389646422
3.4375562071
2.3882011791
3.0534159549
2.7091298317
3.1252449447
1.5381328622
4.1069216092
3.3222359569
1.1952023596
2.4322641111
2.1391300645
2.76542677
1.9109721817
2.6609887087
2.7088397466
2.7020596505
2.3964779867
1.0632225624
2.5276591771
2.3136278562
1.5134072822
2.4195461482
2.4014313597
2.60265049
3.1872915037
2.9206550554
3.4070891038
1.2067648243
1.8827309241
2.41907612
3.8798405421
3.143832217
2.403431615
2.1562783058
1.2553696487
3.0158532372
2.5136015061
1.8280136051
2.3534450114
1.7343864853
3.0427354472
2.231517154
3.7507982211
0.8230184562
3.2585117622
2.7577948126
2.5776822411
2.8087748522
2.9811521328
1.4525279095
3.4277131502
0.7686635877
2.0681620499
1.7691823143
3.6546643509
1.3130639364
2.6634575575
2.780163548
2.8104179824
3.3786783117
1.2338199262
3.2210586812
2.5579458019
2.9057879211
1.8629253398
2.5868051086
2.92449888
3.861605784
2.3886292997
1.4080432152
1.2434471917
2.7638312346
3.1609537071
2.8986120495
2.1821812418
3.7859603589
2.5404329159
3.8397818151
1.3447107857
1.848046693
3.1031025108
3.589855156
3.1233035333
2.0710112433
1.6792643766
3.3199101915
3.1295700397
2.0127438903
1.9044202409
2.1288392462
3.2601006224
3.2372124449
2.6422342885
2.6445670299
2.0488509613
2.9167147348
3.1611758484
2.3826572385
2.3920107373
2.4311803833
2.0323764115
2.8631508851
3.5388213329
3.5618605702
3.0314564425
1.9876333212
2.8950952089
1.6082242811
1.5764884308
1.8019548407
1.658268274
2.6715404665
1.3433806526
3.2376533677
2.9722433661
3.6521953711
2.4852635762
2.8182320074
3.4788011477
2.5772378979
2.0398740551
4.0694967145
1.0731734413
2.1404399653
4.0309829188
2.2244797015
2.1021604644
1.5663256568
3.5978990532
1.6216882979
2.153399594
3.5107016711
2.4992969455
2.7340741621
2.6676289456
2.9146994222
0.9973499987
2.5558591662
1.0282258159
3.2525286524
2.1706204795
3.3158607469
1.9516173437
2.6642711889
3.7233994012
1.173065552
1.2197938123
0.8805717116
2.8767466843
2.699476254
1.5385426424
3.1611403804
2.7394329119
1.3251615537
1.3196341381
1.6236210589
3.1406438017
1.4425879321
1.9306647751
1.9454698221
1.4994526407
3.3560897424
2.9145754221
2.9983240097
2.8088244295
2.5325783972
2.1407578523
2.8332232572
1.5529573791
1.6654945095
0.8670894445
3.9339265323
3.9992205213
1.5778888308
2.4346909725
2.8221596964
2.0585972056
3.0499185003
2.6167501589
2.3546642622
2.0039492178
3.0478906701
3.5147001088
2.9855115332
2.311776179
3.7275338702
1.9750762925
2.5664604564
3.8475074789
2.0052912753
1.9617391634
3.6625393214
1.3154769926
2.0799205174
2.6849608424
1.8375758286
2.777466365
3.1671438745
2.5034050699
2.8094316215
3.160322904
1.9190132621
2.7040438996
1.5320500072
2.5315668823
3.286542118
3.6242828823
2.496452769
2.0289810295
2.8131190663
3.6058224239
2.5196979892
4.0459644272
1.8204449617
1.5267119936
2.0752120481
2.290279603
2.3403197338
2.1074201877
2.904633248
1.4400575485
2.3020042691
2.0701942408
2.0961399089
1.5026779637
2.689577663
2.041107192
1.6906195818
0.1333308579
2.0431536746
2.60198558
3.4020313481
1.1270802272
3.5437594178
1.6050256049
3.2733042467
3.1731087711
3.6088551877
1.6283340118
2.509473077
2.3079222737
1.749694523
2.6513966781
2.7151873441
1.8685192743
2.5399156896
4.313891512
2.4798106637
2.9069782082
2.3212126081
1.0566803369
2.0647515802
3.1758887567
2.1847661882
1.3973677172
2.522234897
2.2283015091
3.0123445917
2.5495549762
3.1847372717
3.2212269811
1.7977525858
1.5772387694
3.2335909959
2.7817526807
0.8035660888
3.5039558395
2.5307844178
2.5893063571
2.7156528599
3.0649729543
3.3454977808
2.2620719144
1.4042267763
2.9986428228
2.1531169086
3.2927614445
2.2386484405
3.2558781739
1.7588021458
1.5995621627
3.4368299293
1.1427506474
2.8885102769
2.9983987967
2.3737131954
2.25572582
4.1237302082
2.2956094177
2.3798194193
1.6958992316
2.1399742234
2.1132499378
3.4975911443
1.9540317959
2.1056211598
2.3159692353
2.937205085
1.6509403923
3.4036201969
1.3965388617
2.4232918317
1.0095190515
3.0465361086
2.9188003658
1.868701046
2.8732304737
2.615080549
3.3293367437
2.6176554807
3.5300887738
2.3377909636
2.2097674142
2.4779531147
1.976402954
3.671218496
2.4333789599
1.971546944
2.3616305951
2.9245213224
2.3025021667
1.7750121283
3.3486684584
2.6698154048
2.2425630809
1.8881440527
1.8808767416
2.5445264843
2.3661073085
3.0168361088
1.3265491794
3.3179594689
2.873175903
1.6259667779
3.35626517
1.8277535322
2.7175169237
2.5863320134
1.7139944902
0.5143859573
3.0937217488
3.0762059584
2.3409601985
1.2398125823
2.6729814705
1.7515045474
2.9859125809
2.5687261075
1.9691954072
3.6045642182
3.0592293462
3.4658436879
1.3167683444
1.7800925161
3.0064439778
2.9111795845
3.1083418488
2.5038101591
2.3499897683
2.7256231633
3.3469864287
2.8530208496
2.547252532
2.0785758616
2.9278411402
2.2594394617
2.6361418443
3.4692970715
3.3032956547
3.5165922337
3.7320177128
3.2168020308
0.2267258192
0.3765987608
1.4184733181
1.9881636266
0.9130760298
2.3471121905
2.172969469
2.5829279786
3.6539546993
2.077849078
2.1664732421
3.3601011344
2.1716923805
1.631288045
2.5156124492
3.3500941673
2.2650938845
2.9088422883
2.7605651379
2.4004336814
2.4471516431
3.8074757542
1.3983068421
2.0342504734
2.3936097975
2.6767214519
3.4279492633
2.4380856129
2.3742118501
3.0289331548
2.4356960122
3.3649235232
2.4328872162
2.4962056673
2.4748353254
1.9087902356
1.4088272414
1.3082458431
3.471511045
1.9184761306
3.3676881317
2.9458865053
3.4092910283
3.7254990866
1.6369294329
2.2850577129
4.1382100474
2.7964892699
3.5059613687
2.4644182155
0.7630191119
2.7499834465
1.9130601832
2.5549587797
2.9772300461
2.7176745172
2.6783528797
2.3661319249
1.9468052891
2.3570400637
0.6690397324
2.7205958417
3.8749195247
1.4570301275
1.0648974501
3.462551039
1.9538225353
0.6325055905
3.215263617
1.6398258771
3.4367618163
1.4567034896
2.1978303584
2.6887397847
2.6718231885
2.8461599613
2.803432383
2.3659984071
1.6371782804
3.0433275176
1.94072292
2.8086706665
3.3526246497
1.4027995358
4.0195896053
1.0215098736
3.2786731542
3.2796664247
1.1891935554
2.5920548698
3.760069901
2.1298417646
3.1903727149
2.7052017685
3.1426571236
3.1694558455
1.1869452256
2.0422184441
2.8151447159
2.4792904083
4.0289715057
3.0346879835
2.6364589892
2.0789179061
1.9767690244
3.4639093031
2.3931928608
3.2184545828
1.470419896
3.3605056471
0.9769696944
3.5182004433
3.5217156605
2.5482831903
1.5635001798
1.7627149743
2.9327881988
3.2657718596
1.0572616559
3.0583203257
3.8674149911
2.1768947318
2.7824899065
2.1771885536
1.8740412116
3.1332490612
2.9726889763
2.0319007268
2.6661937482
2.3408304044
1.4410047479
0.9302953539
2.4822747773
2.030541549
2.1701213782
2.0519718365
1.741360033
2.2961675434
2.9133163111
1.8386393078
2.8431832115
2.3856450362
2.365848586
1.7548600036
1.8086656275
2.7364425347
2.0083487302
2.6199069746
3.7713654343
2.9522991929
2.871702249
3.8874058352
3.1039179909
2.7183209691
3.7946754236
1.2590247858
2.0076273895
4.2536987423
3.09562581
2.4506344775
2.8754523459
2.3325096245
2.2563764901
1.8653014364
2.2622174074
1.0012503267
2.4445496816
2.1561564639
4.0679537764
2.6113417998
3.3144904721
2.3143133867
2.4238555359
3.249929184
4.3711237238
2.5479656204
3.6498221185
3.0112204988
2.6356241033
3.9811218596
3.2443337651
3.8894699943
2.7998194815
2.2551690816
2.4530817874
3.5783335572
0.7787612842
1.6955208345
2.4430382702
2.5862247211
1.2593540844
2.8250626768
3.4767388213
1.5201659717
2.3749305222
2.0352014834
4.2232735766
2.7204653856
1.9709028102
1.6111397121
2.5902792106
3.2545924956
3.2838383242
3.2720905419
1.8387491632
2.5890963967
3.4174717346
1.5666724592
3.3490186994
3.52099446
1.8778232525
1.3636008427
2.4483496699
3.2774618591
2.4386738278
2.3260285555
2.5054973415
1.5840052839
1.6099163153
3.4004198335
2.7084128378
1.9993501597
3.3793393145
1.2487071823
2.415276277
2.9705923581
2.1684686916
2.3002106517
2.554047457
3.4964381165
3.112004007
1.320160763
2.0317715511
2.2547418469
3.3788632403
2.3386953631
1.9358325271
2.6974656079
2.4587547659
3.5154665116
3.7046123642
3.2241640353
2.9392938515
3.0215719692
3.5206951722
1.2950706156
2.1617212656
0.4510839881
3.2555039422
2.5148845292
2.2268782327
1.9013232624
2.5698124307
2.0569630595
1.3142087966
1.4058690651
1.3140200421
2.3179163781
1.5760227237
2.3855449384
3.5172261729
2.2001484521
1.5634152074
2.6390389103
3.4178195767
2.1892458258
1.1241696017
1.6463636438
1.3614763344
3.0149203223
2.4128023858
2.8474079628
2.9169727097
2.6436058983
2.7622314564
3.428458546
2.8344801587
3.4192935114
2.434905855
1.6428050402
1.3127871882
2.9517609177
2.0995225174
2.8538304889
2.8129048589
2.5622142647
2.9537923019
2.5096298351
2.4759742597
2.4956728419
3.7125472277
2.2754572944
1.5512597623
1.9372333636
2.8844352676
3.2911410592
3.9965834133
1.8704959931
3.0647344239
2.6696140032
2.3037849198
2.5201002311
2.4912806992
2.8106318277
3.0227747206
2.0857753554
1.4290765888
3.2488699022
2.2760929612
3.1038395848
1.7675225237
1.5190148
3.5458087454
3.4229343485
4.9503035018
3.3773354893
1.0775907455
2.5896296587
4.6756348186
2.5220382177
3.411966216
1.3252083242
4.2732118633
3.6347135927
2.6291928205
2.3621255535
2.1659486351
2.967059997
0.7536522851
2.2435777394
3.6345592087
2.5932507727
2.4476911295
2.4930685352
2.1017559877
3.8161618132
4.1622428539
2.5271549811
4.416853573
2.4114300959
2.3510979909
1.8651489342
1.808802776
3.270197103
2.9811702837
2.5595981402
3.2585896716
2.523772988
2.6043087528
1.8653412101
2.6772329745
1.6478601348
1.2069967489
2.8808430613
2.7200511764
1.882662512
2.3106437406
2.7647983153
2.6110670947
1.5922045991
1.7359926131
0.1827884503
2.335020824
2.4769481668
1.705989413
2.844307411
0.8362574672
1.5614152045
3.8262425982
4.0680790432
1.0154448347
2.4877525813
3.3717594477
1.9435038126
3.2750345744
3.2113046556
2.7628224464
0.3123569516
2.2554846717
3.5422782715
2.874228369
2.2535945817
2.7691300018
1.9445062994
2.6437195313
4.1576850419
3.3259290635
2.0427972912
2.8789379524
2.2097592436
4.2591988902
1.4008265309
1.9622944553
3.2046579263
1.4030693224
2.5626261236
3.1735497871
3.0107329507
1.6439661142
2.3751759958
2.1931392824
2.4569368553
2.6763771496
1.6585244742
3.5466196916
2.786649376
1.7159864594
2.6325395106
3.6857133555
3.1247993514
2.8861855894
2.4322991692
1.9871579392
2.6393582726
1.958436273
2.1249971148
3.5729578718
3.4583737332
3.1564875905
3.6519230666
1.7659103175
2.5351240483
2.7586685697
3.5847862759
2.8380148222
2.2752722681
3.0136429455
3.2234045734
2.7030222144
1.4060032798
3.6327714715
1.2170504694
2.5541381435
1.5581322549
2.2563634638
3.2090526091
1.9466095661
3.4551105114
2.9480197438
2.2521780313
1.9588111464
1.9686700698
3.0825966111
1.1892271454
2.8852894089
2.744519653
3.0301784012
4.0877024147
2.2642575684
1.9868813607
3.4273039043
3.1892961748
2.422051462
1.4356592113
2.6292088533
1.7915858383
2.5635008383
2.203140525
2.1148725936
2.9814206496
2.531581316
3.1454926922
1.8409358002
2.8692208714
1.2089293133
3.1751185879
2.8702511607
3.7801097141
1.4385452414
3.5614379291
2.5199254234
2.7332705811
2.1177643944
1.3663850402
3.3291146533
1.6540604302
2.23603408
2.7489560144
4.6704863134
2.5347293
4.3504110866
1.9010444489
2.2935649317
2.9108457263
1.2913295059
3.0326167235
2.339594239
3.2045717934
2.2552357886
2.1244747445
4.2400406022
2.9610380585
2.3248260834
1.4717607232
3.0003110955
2.7804936072
1.3461073836
1.5647249651
4.1554208634
2.4935932154
0.9075256276
1.2187403446
1.641160476
3.4931360511
2.4314971513
2.622293827
2.4889027091
1.3106821214
3.5114430837
2.0548156932
2.0084362684
2.6903324209
2.4516867964
2.2314328606
2.8198102885
3.7267845114
2.744828131
2.0413728105
1.8428693864
2.3776875805
0.9723004441
3.4222856124
2.7232394236
1.8384024765
2.5398847638
1.2186880365
3.3698239488
2.3853792534
2.5963340187
2.6344683147
2.8743251268
2.2379204497
1.3704198841
2.4124511871
1.1735129818
3.0093440266
1.0883911955
3.8433040844
3.0194737393
3.7219364039
2.5267561741
1.9384664518
1.9862902906
3.0612236199
4.4445761072
2.2067239253
3.0456701497
1.5219261142
2.6962084938
2.3603640433
2.9909953039
1.9892656074
1.4540313794
2.4015942005
2.7863938158
1.6089994209
2.4053425025
2.8124268533
3.2520801447
2.0997287061
2.3025717346
3.4543298159
2.9200332931
1.940941428
3.0634215101
2.0603214049
2.0285705483
0.5336127344
2.2449490751
2.3732274281
2.0911335233
2.0601691251
1.942585933
3.7170364892
3.3626391138
2.2919566626
2.4587842321
2.6306839849
2.47921841
2.010284014
4.3287039784
1.7805350405
3.3679079174
1.0342696567
2.1530480487
3.0353315637
2.7955727419
1.7361177707
3.8268741922
2.5867855552
1.9650701971
2.6583082546
3.5964169176
3.5023823654
2.4649716579
2.3849855041
2.1080513531
1.2293259332
3.0480316422
1.6086593905
2.2050456287
2.2891449795
3.4596104729
0.8901090839
3.3070540321
2.0536592157
1.9623872761
2.4767358059
2.9869371475
1.8356475211
1.8735104224
4.0747002924
2.6883594961
2.0913732602
3.9693424677
3.5040227265
1.7993813108
0.2728481464
2.945953541
3.390128717
1.5559455693
1.0979877276
2.6985801918
2.7112373556
2.5329026391
0.5865632569
2.8935029122
3.7801920318
3.4120593006
1.535429522
2.2021453315
1.9411063274
2.6212338541
2.7287284183
2.0831537797
3.1664963707
3.1594414654
3.1193565736
2.194685804
1.2220911292
2.9388182837
4.4290353478
1.7144866935
1.5366287966
3.5832476521
2.4632691963
3.3332075878
3.200440351
1.7897371901
1.9544755861
1.2213125431
2.7208869742
3.108982251
2.5221502273
0.9784513426
4.3467718675
2.501881482
2.1531348402
1.7506603494
2.7557829763
2.651297271
3.0409498078
1.6849124816
2.2068982849
1.6520407044
3.3290926974
2.1660036187
2.0232205769
0.5296131073
3.177234693
2.4948120311
2.5758649743
3.402070407
2.9721018286
2.8470486081
1.7658732378
2.6013488708
3.8918807072
2.6940977219
3.1965044679
4.2090069291
3.461269785
1.8668539723
1.0551830249
2.4019175119
0.7566539556
2.4473378228
3.8189552739
1.9588933488
2.2694983661
2.3620672899
3.2642753061
3.2447887512
2.4056976415
2.2572380406
3.6522546975
3.0157012594
3.0078154255
3.7866846242
2.5202191073
3.1489199346
2.4040342683
3.3242823266
2.2778490007
3.0096370616
4.0761481606
2.5466650388
2.3589819655
1.8483985589
2.13413254
1.5253899705
2.2459996148
2.1485253964
2.1752318294
3.2218513304
2.5634922605
2.5423004905
3.1011943426
1.5637513766
2.7553906467
2.1850835135
2.1588915083
2.6502412434
3.3761784634
1.8241250008
2.856673661
3.5303534684
1.8258227583
2.077353648
2.4930344079
3.4778741231
2.5028316429
2.0275140803
2.5680573474
2.6494935819
2.3240490234
0.7769295655
2.9250624696
2.513506665
2.2587172914
1.2931487293
2.2107326955
1.9212973798
1.8381535503
3.2118647592
2.2840913939
1.2168864474
2.2456659664
3.1030130543
1.7235809756
3.5799697852
2.1247830439
2.1482513254
1.8402134816
3.0825213063
1.3237452119
3.8099753568
1.700536253
2.0498540588
2.889431929
1.6421429812
2.5241979859
2.9684932612
3.6693270026
2.9943486088
3.0380917649
2.3127833148
1.9348418644
2.5417561212
1.8811015227
3.3014374149
2.8357501862
3.2191979969
3.1544943347
2.4380950158
2.1030105112
2.8904466298
4.2575282859
3.0896397148
3.260160487
2.9327353008
2.6926853538
3.0457112711
2.4934386403
3.380549169
1.3121440394
3.9785550161
1.4723369056
2.5942533748
2.3038227348
1.5090855557
2.9752565723
2.7307210428
3.1244363704
2.6339805818
3.2045769221
2.6546427828
3.7660520741
3.4041131652
2.5152185394
3.14045582
2.4459733948
3.2577144955
2.1320871878
4.0720973516
2.0304084308
1.3403503063
3.0415493004
3.2652303942
3.6326628894
2.1421658054
3.1834342395
2.576684382
2.4264223992
3.2328408422
3.824514889
1.3597104243
2.9387402182
1.9230517616
2.2954070123
2.0062043501
3.2694308607
4.5338039988
2.8071437477
2.9278036172
3.6898541718
2.8906119253
2.637500575
2.2578402929
2.7746965498
2.2206447411
2.3134001262
2.2322558667
2.4366765642
2.5068336998
3.5716482301
1.8463686099
2.1676058774
2.649241141
2.4738375166
1.9918222871
2.6603932906
3.4306751739
1.2676762851
2.3812152077
1.4022226174
2.6271179816
2.5788167654
3.0847236612
1.9182742931
2.6762917115
2.4177316978
3.3654773753
2.831171977
2.2006641189
2.1862460341
1.9708253232
3.8294397492
2.0771622415
1.7011833841
2.2165314815
3.0176381608
2.9323072678
2.9207518256
0.5384206615
2.2441790945
3.5288149945
2.1228581778
2.6962862513
2.0762278609
1.5823625021
2.273528531
3.223563915
4.1483251583
3.3691099775
1.3999749551
2.1656590589
1.9261699554
2.1216510186
4.207364655
2.5968214454
3.0365949283
3.2996666703
1.7286692434
3.5361901737
1.5007724407
3.0262166864
2.9877464288
2.9593580251
1.6141652657
2.3911488933
2.5175911441
2.5610928741
3.3609469691
2.8683723366
3.1885487007
2.5626038477
3.8570380811
1.3039398781
2.5832582286
2.0385867079
2.4617529298
2.8843348119
1.8514626552
2.7192228683
2.1402884868
3.440669783
1.6140279557
1.4887987317
3.8850373592
1.6828349799
1.681606643
1.6917240624
1.4288679821
2.4085713146
2.848830328
3.2655880756
3.144357527
2.9481699013
2.4451043592
2.9385473298
3.8756590322
2.5115615597
2.092853935
3.1431844091
1.9268371891
1.9214315266
2.4292453419
2.7426508104
2.7341601541
1.5730621694
1.5776282618
2.0451869923
3.0031711375
2.3209791976
3.2582795517
3.7071364708
2.2957608759
1.2069069669
2.6432578311
3.0326376933
2.1271003563
2.4858556267
1.8880319679
3.7337941954
2.4645682611
2.5801957629
1.8864331441
1.4593598648
1.2625051038
3.2290686598
3.0937037096
1.8158879294
3.5002864631
2.883069032
2.8224907241
4.3466545988
1.0454832238
2.3474555865
2.4799478469
2.6683891771
1.3971285928
2.8296863991
1.2076001077
2.6141459103
2.9465650803
2.4757965584
2.738909729
1.8666912492
2.7983438823
2.2574101658
1.4945795505
2.2508400746
1.9933932696
1.9394412609
2.7500753132
2.5459205563
2.3249375936
1.8776252645
3.3568028662
3.3655734493
2.0439630335
2.7342927239
3.1150361729
3.8482725488
3.6179403899
2.2661430013
1.7150263445
3.1625667892
1.5376647947
1.7025604192
2.2048442164
3.3193960558
2.6669092311
2.6738640545
3.6520821607
2.651182001
0.6635003889
3.1988660801
2.7205686249
2.4597755266
2.0069687628
1.9816841693
2.4619717671
1.9031803391
1.1794790189
1.7361299343
1.9825479033
1.8222553943
2.7140981903
3.2418815563
3.2025018199
3.178166194
2.9374432877
3.3597364006
3.119335645
1.8389784747
4.4445947765
1.4484384658
2.8090140438
1.8705148531
1.9460428571
2.169970214
1.8221186334
2.51367929
3.8155456937
2.286524747
2.6703551563
2.715850146
2.9527014119
2.3008641964
3.3572911018
3.6226455702
3.0405812986
2.0478495648
3.1627483685
1.6478693298
2.5091084821
2.72447948
2.9274431701
2.2630581951
2.9860877812
3.4668980931
1.2330894932
1.6316342659
3.3730031896
2.3423424491
2.3209916594
3.8852563572
3.0390892747
4.1453504109
1.9193833151
1.4606728284
2.2656551401
2.5005455754
2.6413660511
4.0788482748
2.4856971889
2.2995146423
4.5149405069
1.9888282839
2.8409859428
3.9335763023
2.8538019354
2.0794022434
2.5623702488
0.238430801
3.4525278244
2.3067381829
2.0840625894
3.8141827553
2.4211003081
2.052669233
1.404111433
2.6656822406
1.6833969932
1.3418564755
2.662377574
2.0511875192
2.2178590304
2.9768300761
3.3559439679
2.1878221897
3.9092142378
3.8378008132
1.8452677968
3.0852126002
2.7345832373
3.6143339576
2.7075578692
2.9236187763
3.02269743
2.2667416207
1.9652962473
1.076443852
2.4441519946
2.797086044
2.0322119641
2.5357647556
1.9505967373
2.0755666693
2.8087025188
3.4841963209
3.3659265394
1.8560582867
2.2958172367
3.4693891122
1.9778054248
3.9597045196
2.7421699383
1.7237353083
3.2495947415
2.8199881161
2.5931962287
1.9648594273
1.1084053136
1.9190175472
2.2161390078
2.7723102351
4.241044432
1.8483945525
3.0563944806
3.4629350676
2.4443666714
1.7028539038
3.2034024278
2.4529475836
1.5477825683
3.4204838059
2.7759855206
1.4655624055
3.5614431695
1.0591121483
1.1046944441
4.2980811679
2.8872980567
2.2491116078
2.5086561861
3.0728591979
1.1816045583
2.9794696849
2.9217541044
2.4175645885
2.6659143162
2.1686664085
1.7404877203
2.2960229809
3.6188655629
1.8997480986
2.2159125139
2.1367100488
1.3987435348
2.5253573137
3.2705490202
3.5432509948
2.9738954571
2.262338404
2.0767388012
2.8997916464
3.4391119975
3.6448477165
1.3865908692
2.4653050577
1.5948139497
1.9688133497
3.4532306274
1.8175633459
1.5680688163
2.5876408768
2.1145067308
2.2603399462
3.1479748874
3.290899105
2.8739709492
2.3324835415
2.7924103881
1.8675230309
2.7382194563
2.8627422581
2.704425549
2.184349733
2.2231384969
1.7431714751
3.1586543724
2.4853202626
2.202260136
3.1031913084
1.9279178104
3.3095643436
3.2200730479
3.3142375042
2.2354021171
2.2628272861
3.366747893
2.4276572187
2.6419605086
2.9079663695
3.9014571253
2.5929148797
2.7789408328
2.6426606356
3.6593232589
3.3755512722
1.7380143942
1.7654804523
1.9451043977
3.0429490473
1.8257576414
4.1790234226
2.9409932506
1.7554673709
3.3558932834
3.5661534954
3.9084354541
2.642065203
2.6263915273
1.7592404151
2.5273872311
2.5972671459
1.7235162848
2.4877749929
2.5703862411
1.8248228862
2.7505900564
0.9605489336
2.1238558861
2.5661316325
2.1416114047
2.7068399456
2.2178859622
1.6196462989
3.5879630115
2.7874277087
2.8266804399
2.8630510627
3.0248868898
3.3007423121
2.53335293
1.6793422285
2.25745624
3.2336608638
1.7428059598
2.1486825796
3.9562320298
3.1898668126
1.8894663748
4.946098636
1.2856456496
2.3499618378
2.3066439827
2.2982957456
1.5297998182
2.3475728021
2.7304362899
4.2856234725
1.8833223917
2.2010975559
2.0016371349
2.0616531496
1.7945632979
0.9139477609
2.3984484048
1.9454501741
3.3938548538
2.5573202414
3.5895886305
4.0425938752
2.6723236983
1.5586208843
3.6560178593
2.6890283702
3.4518225906
2.3479094469
2.7173454923
1.3283888364
3.6460982148
2.7906768197
1.4980396447
2.9192191701
2.2890068758
1.4055323857
1.8686098206
1.9585073432
1.9013588054
2.9256148697
3.0489452513
2.5948773515
2.6073813204
2.7662045112
4.2275893089
2.7740569287
2.7032513135
3.565062188
2.6425470373
2.1606456444
3.8676477891
2.3792853582
2.7054993384
2.96596601
2.8707184463
1.8638981909
1.388541565
2.0215051075
3.3893544203
2.6192574731
2.4291013993
2.3597658513
3.1003350799
2.8161478351
2.824408339
1.7097545216
2.363983716
2.5101812785
2.2462569154
2.4606945532
2.1759190906
3.1087523013
2.2643210157
2.9454688267
2.4618192048
2.9872843619
3.7226417502
2.5345495143
3.536056526
1.8787099936
3.410844539
1.3941345701
2.4306600135
0.9004401844
3.1956563828
1.7670365821
1.7238842754
1.7742977087
2.8991679119
1.8666527594
2.0769409521
3.0854488017
2.5023021903
3.5664129656
1.2469590598
2.3728608216
2.6454320801
2.6308281547
3.2422291046
1.5865409946
2.0815656344
0.3024104997
3.8182565691
3.0801353271
3.0417520921
1.6339702624
2.1908524182
1.6775509529
2.4934355864
3.1967429486
2.771067071
2.8923017917
2.7853178107
2.9876253947
3.3614066895
2.7585632469
1.7712352572
2.6475731107
1.7180113619
3.5500260897
1.3655940191
2.167455245
2.6624854067
2.4503955289
3.1870488285
2.5616707731
1.9030979693
2.9406350813
1.6683007698
2.8252493788
2.7734294234
1.9083626718
1.7761822062
1.7269558639
1.6716424172
1.8360184963
3.8491977503
0.7995351378
3.8708971797
0.9525274708
4.0078569051
2.0757682825
2.5502226821
3.3703728463
3.5059398502
1.7963952582
2.830917848
3.7468256077
4.0660769755
1.5129327158
1.7660910726
3.0298463292
1.1862037695
1.3314298866
2.4782294624
3.3266518196
4.6324962847
0.4541292767
2.5854511519
3.3667962365
3.5648294684
3.3112935163
3.4328255341
3.028926424
1.5526503188
2.5180617205
1.734834078
3.2649865132
3.6644883633
1.7368957096
3.4523184613
2.2725016126
2.2614462826
2.0142404729
3.390710181
3.0173256814
2.3953572768
2.9409936126
3.7681719027
1.7513886542
1.9478812044
2.7882184845
3.1966267101
3.3386153352
2.2937976603
1.544548385
1.3814438644
2.214762903
3.2580401076
1.8689673625
3.1465893786
2.8178104759
0.9583893269
3.1320877982
3.6338910519
2.4846119603
3.2742076412
1.6064448831
3.0632975057
3.6515076392
3.2700486154
1.9849017531
1.8646194521
2.5446915611
2.2922234255
2.4581642164
4.4668573556
2.7115792793
3.7722483485
2.4808660034
2.3752819715
3.096811878
3.0236682403
2.3853173709
1.212702453
1.4202330275
3.1660553355
2.8197480226
1.0310729327
2.6146237716
2.964873509
1.52344401
1.8745195246
3.2036954279
1.6332399783
3.4448867052
3.6393447962
0.7335947557
2.2500997817
1.7316016574
2.5806518734
1.4854733001
1.1002576478
3.6954854506
4.0135862988
2.2157447692
2.7952276087
1.3116592447
1.850499061
1.1033563084
2.4386051892
1.6733158966
4.3743389712
2.3531779244
3.85263943
2.9754496908
2.6630456901
2.5807225162
2.9312448326
0.4859722684
3.1232089874
3.6578803226
0.6130527978
3.2447317043
3.0828374319
4.6392417654
1.9040038608
3.6176160925
2.7905055233
1.5016280272
2.0062927108
3.0737599653
3.187597978
1.4969569246
2.4394071367
1.8810597545
3.6346833628
2.1272767967
3.3532244964
1.9859984662
3.4296333249
1.7942031916
3.0617861742
1.0240353157
2.7912323019
2.6344887812
2.2485235439
1.8633196422
3.1496925391
1.657262703
2.478263366
0.735655187
1.7892991378
2.470428525
3.287793932
1.6418126113
2.9946227509
2.898330108
1.0537753999
2.4776922807
4.0111781312
1.5320042279
3.0215551436
2.7831241658
2.6903092293
2.4972426272
2.6364823659
2.35204164
1.3595254951
2.0595317761
2.6232626187
2.7720523909
3.6806919182
4.0951368624
1.4483055673
2.8331331996
2.7080457391
2.4475527002
2.2057615909
2.4510839974
2.8535171651
3.8897950215
1.4264833728
3.1653662602
2.6833004607
3.5798595482
1.4830839852
2.0658260323
1.2022791553
2.5082636792
3.0855550443
2.0417155307
1.8979290776
2.1515776185
2.4062070668
3.007207275
2.5197905
2.2613306178
3.5473389911
3.9436712765
2.7613318398
1.6089709578
2.7403776153
2.2623891979
4.3708322107
2.0507482357
2.9329824719
2.5705643449
1.8086910033
2.8946368065
1.1937507474
1.7828069463
1.1558972619
3.457641692
3.2929081524
1.5553321848
2.3191453414
1.5636156568
2.6451019537
3.805074997
1.9774515276
4.3321404596
2.1919058023
1.8521963775
2.8420876771
4.0351398608
2.7496040353
1.2843720111
2.2424170912
1.72663342
1.9135387821
1.2068866632
3.5300092257
3.1528567355
2.2413728565
3.2679742586
3.0481399358
2.7478461945
2.285458295
2.2122237975
1.4253406022
2.174300912
2.5976678099
2.4208976833
2.7979012555
2.5270703345
3.2137906732
1.4651089969
2.4272640012
2.6813318188
1.7909610392
2.7258169173
1.2049116782
2.6525040907
3.3012945909
2.4994514712
2.3774664287
1.6697582445
0.9848685704
3.0553391081
3.160748639
2.0664311456
1.5433748382
2.2457502958
3.2580030895
3.2994187849
2.840796865
3.8942958758
3.759710534
1.5330361342
2.8039924435
2.4615599716
1.3029826813
3.5119983579
2.494455402
3.093242775
1.2638067853
1.9924062394
2.8099866025
1.6148011067
2.7831334691
2.2664091239
3.0785709667
2.8139744342
2.2591843397
2.0813402451
2.1709545675
3.6143553424
2.4122822099
2.3844939563
2.4080902685
3.7749021493
1.8812138173
3.4469146829
0.8688656409
2.1744920143
3.0794275501
2.1767496182
2.7414345974
2.4057430948
0.6686314869
2.7004110672
2.7055526225
2.806425164
2.1765691841
2.4865862429
2.9227800649
3.4690537533
1.2275140572
1.4705328302
2.8072122786
3.0743481111
4.2831586005
1.5835611015
2.2232996016
2.8650486259
2.2471532563
3.3744333218
2.0627662001
1.6143249699
2.8571149035
1.835559588
3.3930655401
3.0413824639
2.3375088662
0.05479834
1.671151752
2.0199599492
3.4078109529
2.7048964224
2.1292075496
2.0447965632
2.3699486998
3.5392611331
3.6479625754
2.5105944075
2.759884783
2.963599971
0.9287219351
2.6508849698
1.1630372336
2.3439441173
2.4353421495
0.9106248837
1.2940380474
3.6415581879
2.5684283863
2.2282231762
2.2221708941
1.6776633561
1.6716475735
2.1940476987
2.1618414876
3.1273169463
2.4734505154
2.4294435131
1.6060670302
3.4631968397
2.8613369336
3.2778862282
2.821712412
4.1971318983
4.125815148
1.9619108312
2.753538875
2.9850264464
2.4963374394
3.3264281451
1.8019998023
1.5789898007
0.3555178117
1.6830062596
2.5684644707
2.5212881939
2.2669788887
2.1054345283
0.4065744286
3.2162259242
2.7828622403
2.3962993416
1.9465837684
3.1814636497
3.2427042938
3.3345333021
2.4343730922
4.0030159894
3.2976643491
1.3721502256
1.9299685806
3.2232118431
2.3097147144
2.4324858675
3.8216050174
3.9411040611
3.0774969901
2.6500722013
3.5987174489
2.4908566842
1.7258691925
2.1398931191
2.0730943326
2.6171152317
1.3088131655
1.3178410648
1.7283342303
3.7905101025
3.20389646
2.9428982437
3.9977473991
4.7498391021
4.271257615
1.6732812606
3.8793553721
2.5610301543
1.3474914317
2.1082001988
3.5005166963
3.2766304203
0.3215184336
2.7866826691
3.1808811633
1.9492379727
1.2880697618
1.9940963768
1.490188095
2.4674007486
2.3364968419
2.2587652838
3.4647426229
2.3399150509
2.0437483869
1.1761754845
1.881340778
1.9340305613
0.9964863453
2.924016534
0.5910143721
2.724964089
2.3143669409
1.9588792481
2.8129888938
2.1271751758
1.4943999899
2.5712857923
1.7222097291
3.451105523
2.8434696882
3.3193416958
3.0707023496
3.1919629293
2.7712444167
2.9428320155
2.892893453
2.1286712549
2.5634183249
3.410747398
1.2238254385
2.5008022473
2.3647683572
3.5417022753
2.7653807193
4.180760675
2.6718614968
3.2956677421
2.4375098979
2.5907172592
1.7667155677
2.774446465
3.9208200928
2.5681689934
2.4591753808
3.1539028255
1.444097684
3.4404793588
0.4255152545
2.5230814133
2.8700172243
2.6322088433
2.456858974
2.1277011495
2.7055763119
3.5846376952
2.8790726614
3.7853545558
1.4738548307
2.5220798094
1.5222634864
2.5907969342
2.8931698019
1.6641122047
3.1098614703
2.295728976
3.5143584504
2.0973833898
1.2683375591
1.8821642051
1.3948627046
3.8127477209
0.8082928289
1.5411685837
0.7255880215
1.8733774685
0.7018042006
2.7914678223
2.5340216461
1.9502812162
1.8102491253
1.4352171429
2.2317094837
0.5964002802
2.7078975298
2.4576529893
2.0998212199
3.0246057411
3.2914533773
1.9923437023
2.5285068871
2.3931388646
2.1732875493
3.2907761758
4.1709950636
2.7575281677
1.7733054976
1.5746002117
2.6611597591
2.145506667
2.0063543616
2.6008318119
1.7710094794
2.8700801253
1.2319671226
1.049286017
2.0500242744
1.3658525108
3.5246036345
3.3155072462
2.2887874721
1.7360460931
2.3600736216
2.3310430756
2.9862805118
2.3110425439
3.8237348046
3.5788064753
3.8206508811
2.1836825281
2.0587338849
3.4644761383
1.856378498
1.6046604638
2.5410854661
3.5472424737
2.302915634
1.8721087657
1.3731836283
3.6944516698
2.7082500327
2.2507994251
2.8401240609
3.1497855884
2.1564186751
2.9019413779
1.8390314911
3.8814379887
2.9461141689
1.7287230407
2.3850607324
2.7713316095
3.6759027998
2.558765696
2.757549087
2.8752721586
3.6373695674
1.6826060864
2.3094924791
2.1096779417
2.9047601629
3.481193611
2.481324031
3.1885059415
2.1408702672
2.6001055646
2.2744215483
3.5078142162
2.8648042714
3.2564466488
1.5220966351
2.0328231238
3.0836215322
1.8729129008
1.0493372439
2.3724553082
3.7181845064
1.9915037924
2.6403284696
2.2128111688
0.9671671401
2.5008391128
3.2521317641
1.9838700483
1.1577548497
1.9526348031
2.8309452949
2.1474353838
2.8282522185
0.739245553
2.9607709124
2.2792799405
1.0435291452
2.3100991142
2.9566179152
3.6272261974
4.1990127324
4.1878236476
3.5055039405
3.3826452487
3.1745146421
2.6104026421
2.3364716699
1.5904626085
2.8176641161
3.3762779143
2.0217900057
3.294117976
1.3283400569
2.2535293958
2.0063133432
1.6828996619
2.7671076303
2.1184455001
3.8849921108
2.4973456702
3.0102060817
0.7335971857
2.7133931265
2.6539809429
3.1930257553
2.8184165255
3.430284216
3.5328430278
1.6805749272
1.8068545286
3.1464099232
1.2660667046
2.2765929066
2.0812192022
2.9993883778
1.4967647261
3.1508586202
3.1237871109
2.5649228564
1.9699137779
1.3295050316
2.7561346878
0.9391742774
1.2747887909
1.599909503
2.4008894096
2.85641916
3.3481756925
2.4968881402
1.1809012893
2.1127333578
2.7897185246
3.1337585399
2.0561825956
2.4957322977
3.2258173328
2.6922565064
2.5730137278
2.1506607182
2.3217634155
3.1548542541
2.177628039
2.4250389687
2.2304004966
2.8724850406
2.6363328251
2.8115137595
2.4822105944
2.2945023755
2.454905437
1.3033929074
2.3204052431
3.984627932
3.1183542708
2.9868932383
3.0784474456
3.0551124793
3.3043602396
3.0902255052
4.1083847692
1.5274435816
2.2895718347
2.4841064649
1.9816798093
1.0784524989
4.0484304543
2.9806639817
1.6660027761
1.6657605284
2.9298170979
2.258146215
1.3604758463
2.3200189963
1.6486621899
3.1687035247
3.6775620747
0.470888777
2.80776788
2.8701705578
1.9705879819
3.3040636168
2.067365581
0.9674400516
1.4469294682
3.1657694967
2.9451093744
3.1256276585
2.7521751864
3.2471652653
1.0591786665
2.3089862192
1.9606947991
2.4617459262
3.4406375158
2.036278665
2.700537774
0.9594093989
1.6905429219
3.2738854699
1.8135699532
3.2608121134
2.1664515495
2.8537258112
1.2080508808
2.9997025758
2.4989626552
3.7609710217
2.0576338957
2.2488408461
1.5374096301
3.9395391714
2.3642573493
1.403786828
2.957486969
2.5135872026
2.1445169709
3.0473544337
3.2806083061
1.9708209634
2.5689952692
2.3696432741
1.6988668659
2.7033042209
3.7219440714
1.5121751727
3.5219235363
2.6012876013
2.3537770794
1.6810752761
1.9553495163
2.394339777
2.5656975929
2.2023208032
3.0980267863
3.4440104657
2.999174805
2.3109571774
2.7109580448
2.788594289
1.591776799
2.4923772637
2.1051471813
2.6583126517
3.7631177397
2.3529280543
1.0395549676
3.6727675057
3.6472714505
2.210149139
1.9863489312
3.1350551989
2.5231878525
2.6256779611
2.8841775189
1.4425790012
3.4083978746
3.7584671922
1.4623810227
3.3130762419
3.566076303
0.6996350471
2.5474343256
2.8084247436
2.266831586
2.8061765927
3.0711992307
2.6524205825
2.7690546729
2.0303916976
3.29304568
2.3527149911
2.7684261346
3.2724680077
2.0111862127
2.2993449902
2.6089391784
2.3872611565
1.432851316
3.0244490499
1.0340860038
2.3586307207
1.0813169683
4.0673114164
2.5447419361
3.5672174002
2.2628657511
3.4552312725
1.9740584067
3.5643967141
3.49785159
2.2946242841
2.7544847498
2.6359637112
3.4976400249
1.8677538017
0.4246838908
3.439608689
1.9235584117
1.9485625862
2.7881926625
2.091648975
3.2478012972
3.4521208696
3.7755507275
2.2786072336
3.1755408048
1.6969116958
2.7547909153
2.9163749962
1.4104321247
2.5624767566
3.4722461991
1.9953613953
1.922685841
3.2924595907
2.4910721268
1.6810263827
1.9122025796
2.8248967024
2.6265316895
2.0624221492
2.7487743886
2.9556706411
2.0363880978
2.322959417
2.2184673896
3.1201665994
1.6217210131
3.5314469987
2.057315884
2.4991150841
3.126126771
2.8668977227
1.6723422785
2.9109617303
1.597648178
3.779658713
3.4632810532
2.5300423498
2.8721239528
4.0811248197
1.5840839203
3.0441182165
3.2522470029
3.1202701559
1.8018957107
2.3563911582
0.7706278388
2.1383148207
1.6188441184
2.4006945286
2.6454731577
3.1493208249
2.3382382312
2.5652017206
3.651328372
3.5178648872
2.5899337428
3.5271163657
1.2040554518
3.1965974905
2.159516613
1.9067217704
3.2378848529
2.1885109117
1.7241353174
0.983109823
3.8526198881
2.8740922545
3.3639716412
3.7326105553
2.8738762312
3.6064729585
1.9782107427
3.4600088827
3.6202810704
2.0814432115
1.3435471703
3.0830015359
1.4057745534
2.9862819477
2.3953914238
2.8103735196
1.736950735
2.5630182252
2.7730438844
0.7630810231
2.4406367697
3.4629262345
1.5385360529
2.3845833575
2.8283646711
2.0692508179
3.8125405568
2.9056415164
1.8474175423
2.6099650844
3.4344297129
2.6162234311
3.0443478239
3.4993363925
3.2996417253
1.6045860747
1.7968176934
1.6853194929
0.9922935971
0.6376517793
2.6949844432
2.7210697024
3.6143389459
2.9979165352
2.0839282271
2.4911410895
1.9818487054
2.9961682585
1.5497034092
3.0285760912
3.2000742211
3.0265661155
2.1644164322
2.6700687846
2.4377876292
1.4174551564
3.2574503625
2.8867649949
2.0042669828
3.9890367198
1.780830452
2.0811619668
2.3207262968
1.9271016548
1.8140382956
2.9311015283
1.7711045474
2.5447279218
2.0724842343
2.4253911128
3.6486735141
1.8724570509
0.1840420283
3.5526584261
2.8735368492
2.5299365686
2.5441985726
1.4910675876
4.6214539761
2.2115635173
2.7549534986
2.2839500735
0.5919409208
2.590843386
2.5182381541
1.9534119503
1.1537325464
3.2992643349
1.1767164877
2.1183236663
3.1256620294
4.0233867853
2.6744511309
3.1111546116
2.9837160868
2.8098084376
2.8394308852
3.7305566507
2.5703138959
2.2944648944
2.8522720356
2.3805229866
1.6121009879
2.3778286718
2.595595256
2.2876221719
2.2941170428
3.041864103
2.544762863
2.4808476193
1.4244836995
1.9636629635
2.3947238892
2.781887451
2.9405426366
4.4179146754
3.6891991778
1.4417772405
3.8375652479
1.7155206747
4.0001739782
2.6961289421
1.9367296568
1.3256417428
2.0813921968
3.2111668511
1.3621209386
2.201938836
1.6088954124
1.7004367942
1.2754645851
2.9229401206
1.4135249217
2.7372077937
1.7503140059
2.8107024588
2.4973905429
2.0453086221
3.2632436466
3.2255915922
3.7265834405
0.0743693438
2.787065582
0.5812160541
1.5064114
1.5080253296
2.2288859435
1.9351398518
2.1839833675
1.960571886
2.2708366103
2.3408969426
2.7863997465
3.1369588657
2.0107252371
3.3067265989
3.0147769934
3.2492933675
1.7760743894
1.2962913024
2.7237764591
2.9222711565
1.5285251396
1.4587939009
2.6978355513
3.2072757362
3.2142429314
1.4282179517
2.9923509607
3.539715222
2.4041517807
1.3279446164
1.9394221789
2.9937701891
1.1114417913
2.3480049003
2.580636364
3.8399023551
1.8532609447
1.547963692
2.7995489355
1.5149686178
4.1892358018
1.9573618832
2.715473333
3.2205783424
3.2616500076
2.4780568741
3.0657233512
3.5945323561
3.5264367216
1.8679499339
2.5944227332
3.1291742162
1.8122608234
3.0306884484
2.4510434521
2.6678859797
1.9877231972
1.4051122971
2.0770053911
3.6049413615
2.4409315463
2.0094530664
3.0715014635
3.0955343623
0.8910189311
3.4372377854
3.1665770072
2.1358293269
2.8491577534
2.0727659954
3.6758136118
2.0392959357
1.7349865288
3.0263993799
2.4542039834
2.8151181453
3.9573241309
2.1109209425
1.3606304762
3.1476300472
2.2252258725
2.6716547094
1.7795176904
1.3632705639
1.6853965986
3.2516992583
2.0834922762
2.2641968941
2.8092953142
3.2226085532
3.0800490321
2.2438208302
1.7989024016
2.8001538311
0.4096215846
2.0414856103
2.7832503805
2.6859705592
2.1383230595
4.3078066153
1.57545489
3.0035229192
1.6952658129
2.3685927662
3.2685726883
2.2135721898
1.3595177819
2.6143380477
2.0201898163
1.6090584551
2.9179103017
2.4717794789
1.7776526046
1.4834665294
1.8327274051
1.6190055817
2.1349941223
3.8139008694
2.564386378
1.9557020581
2.3739236087
2.8492532387
2.5957020459
2.721080454
3.3732565911
2.2575226274
3.0358540702
1.6955306262
1.2488048502
2.1700119667
3.2220244693
2.2509160345
4.0259078995
2.7133213634
2.1668037313
3.6643317033
3.5149165762
3.3294311604
1.9784589463
2.0476236206
3.1162673271
2.9219086137
2.4850096676
3.968962737
2.4522532476
4.5109198923
2.4811391308
2.5069128779
3.0865946644
2.2729634369
2.406223006
1.6120269528
3.0600264996
2.6311725852
2.8047438086
3.1662594818
1.8847963474
3.3544520687
3.5437919467
2.0628664482
2.9793309928
2.1694426946
2.0171936326
1.7393849011
2.8381241956
2.5718621185
3.2586796771
2.0043567826
1.7576857669
2.3615654094
2.4512376088
3.1305699454
1.6038176377
1.2005415954
2.7597258221
0.9944807162
1.6243036317
2.9062547687
2.5313932059
2.5854007343
3.1962495153
3.1539585913
2.503737431
2.0266482874
1.5613737097
3.464049823
3.9982492369
3.7556358625
2.7822436825
1.4338544591
1.3509926728
1.7768538708
1.0240173311
2.9770969547
1.6527705717
2.7775590907
3.1432850076
2.6332347019
2.2506349986
3.2353899982
2.0924613311
2.1251568656
3.1299119512
2.5074794736
1.9888251503
2.9952494268
1.7160200888
3.6258170788
1.8895615419
1.3988808693
1.3453119489
3.0886362982
3.2235316212
3.0146715063
3.0593680225
3.9040430865
2.4327123486
3.1354306416
2.3440189822
3.7639609977
0.2217550481
4.1498699335
2.6412406296
2.1846981802
2.6155060552
2.0808032792
1.7033775914
2.8408359557
2.882850477
3.1503957381
2.1893525885
1.9617143441
2.1815216061
2.1457203877
3.6614633213
3.0538185886
2.0540520631
2.7151083599
3.0794325423
3.3139821116
3.5310412055
2.6934493842
1.3152001347
1.878305954
3.396407667
2.3269465022
2.8319857181
3.1258398185
1.9562073107
2.6092840607
1.9090969348
0.565094475
3.081021044
0.8990107937
2.2834038339
1.9678871885
1.8401607476
2.834322281
3.5926681361
0.5647132236
3.0295267486
3.1708368752
3.5583593117
4.0509476328
1.5621642946
2.5379867488
3.2365779607
2.7798902364
3.8405745834
3.7867603273
3.9576325892
1.3080082418
2.3744475787
2.1284306437
1.6164538073
1.6184148702
3.1888659224
2.5496033117
3.7676496102
4.2924252579
2.318075951
2.2375176396
1.901890902
2.3916377161
2.0015874529
2.4179782613
2.365056916
1.985449049
1.6152093258
2.3371998192
2.5137336143
2.1361830155
2.8839417468
2.3857004905
2.3706530472
3.1521080687
3.2171645887
3.0437893132
3.1416500898
2.5025371121
2.6108130412
2.7665789037
1.4688226298
1.9506209206
2.7349871223
2.0926416599
3.0818766265
2.0040342111
1.1024591795
2.0733843589
2.6132045276
3.9844321042
2.893935252
2.9603304031
2.6185937139
2.5668440515
3.42049696
2.2833937799
2.4159064244
1.8514259976
3.056876989
2.5936788133
2.2081844577
2.920994621
1.518425641
0.5536342971
2.696738382
2.8275551371
2.661236815
3.5687869402
2.7777277574
2.5512018395
1.9854481771
1.1991554766
2.9939762223
1.720348828
2.0355969801
1.9849664915
2.5944929892
2.5827559788
3.1384996739
3.3971470614
3.1369246698
3.9884067764
1.7708615507
3.6796407076
1.1517207209
1.9378032063
0.6306681788
2.8547789632
3.5441873957
2.6457608935
1.6914195439
2.5047390076
2.6362390873
1.7942154774
2.135898653
2.955981285
2.606260991
1.6461585359
2.2568259019
2.2905918145
2.6545731052
0.8612084198
2.6562832669
3.6892065664
1.5083636241
2.9944598427
4.0009609871
2.7207291066
2.9645513755
2.087602765
2.417829351
1.1749734451
2.2672633777
2.2174250628
2.0525207096
3.2206307886
2.4007159773
3.1908542163
3.1441853219
2.0416506587
1.3138384309
1.2266116699
2.780954182
2.3475214502
3.5475660252
2.3332995979
1.6867252185
2.5802021542
3.7196392674
2.831431447
2.2866289227
1.9838900668
3.3199157342
3.7732945728
2.2497646962
1.3076193284
1.7742321638
2.6525462189
1.7871372441
2.0615375961
2.4231435594
2.1857944856
2.1224574573
2.4196245121
1.9255633302
0.9784751515
2.8259828189
1.7024921996
3.1793872
2.3153748917
2.1429788448
3.0285092741
3.0293491335
1.7508832632
1.5528739435
1.7511394259
2.7595204944
3.299793758
2.5201853661
1.7250739386
2.9519085416
3.5547126059
1.8796435088
3.4022553646
1.8613602892
3.2827348776
3.3594648374
2.5468222727
2.4546620081
3.4777849809
1.2940515027
2.518930443
2.7456101916
2.9978995199
1.9101766979
0.8995831168
1.6344162817
3.0885202939
3.9922353999
2.2702736615
4.4478579374
2.1407696591
1.6278169501
2.2660133194
2.6258982141
2.7731172328
2.5834360595
2.1153443562
1.7042115863
1.6818705943
1.6270540006
2.9413764165
2.4295770524
1.535407703
2.9207212066
1.7693987891
3.1822782383
2.5279421329
2.5971994814
1.850311912
3.1288453497
2.5530641657
2.6429268182
2.3429430189
2.9680879059
1.3421076077
2.6917077184
3.3690649401
2.3972312301
2.8132431807
2.0892497564
2.717724703
2.0320513363
3.1705283636
3.1609256924
3.8420154664
2.3882169593
2.4135226083
2.7019316106
3.3022112121
1.0186349359
1.7912517443
3.7630165377
3.794080928
2.4056689761
3.2031424975
3.6695254835
2.8572625605
2.2399339211
2.3094407845
2.3770593854
2.8704306636
2.4299907256
3.8353367136
2.2024213
2.1685160459
3.5035398799
2.5911442337
3.0366762932
1.5818321382
2.4061737432
1.3512246549
2.8366416466
2.9271082065
3.6144822732
2.8295061452
2.8961517903
3.3398389874
2.4356784541
2.4167351487
3.1893199784
3.2451606258
1.8005866655
0.9522794188
1.2398248999
1.6484683113
1.7429762381
2.7562220252
0.9994808799
2.4445721552
2.8699707459
1.5416632293
1.9260010311
2.0560194089
1.7471554157
2.1348096737
3.1749406602
2.0804564903
3.1046939129
2.605942169
2.6098224134
2.9908243882
3.0993776248
3.5258541092
1.6314567859
3.155051772
1.7975815834
0.993147645
1.5914730442
1.6152874676
1.5949882135
3.7080476021
2.0185110327
3.7566861795
2.7822913351
3.4082142665
2.2288100325
1.9263582588
1.7913942792
2.5915774362
1.9743039762
2.0946085313
0.7925772495
2.6765508591
3.9169559908
3.3264942895
0.601367881
2.7735206586
2.2122519302
1.5386645467
2.5818493286
2.3314590739
2.5342371447
3.4620878695
1.6709195068
2.3686518304
1.2549901157
2.258222766
2.9709727658
1.4554956278
2.8450801636
2.0730122759
2.6993404609
1.6792856112
2.3721009348
0.7319122662
1.9076169536
1.9953947219
2.5227933248
1.8702648294
2.1839175523
3.0330053056
2.3257201013
1.2324173458
2.2770111175
2.4488888076
3.246871977
2.089638981
3.2360133488
2.6320710919
1.2226948889
1.9864105867
2.6798658181
2.4594146239
1.8243753645
1.9336105177
3.1169315937
2.7383013015
1.6526653145
2.9562042481
2.3008024087
2.4245938862
2.9355120267
2.3001914233
0.7691474343
1.3506125597
2.683901447
2.3915782445
3.6565185573
1.4544343907
2.2464389972
2.5922818774
1.5287789134
3.5425474528
2.7719326277
3.5470015368
2.7661625105
0.7658661388
2.1186764329
1.5295830156
2.7638579612
1.266095271
2.8600904711
2.4548149699
2.0939761274
2.5327034427
2.9349230592
3.2113634795
2.1171744902
2.1070291314
2.1814641541
2.8431358176
3.365801277
3.0684280383
3.420937831
3.4032923189
1.7472617194
3.3277798114
3.8892809482
3.0903572728
3.4177524111
1.3084289454
2.8007777465
2.1356769035
2.7869752538
3.4363034219
2.2426872304
3.0812768637
1.7324742168
2.5394996739
2.7596184907
2.9509893715
2.0959109835
1.9954129313
3.5991210145
2.7335435809
1.4463002443
2.7601282965
1.8052446669
3.1082664358
3.3782338486
2.1566150891
1.621453445
3.0779706007
2.1234596136
1.9674859389
1.8284385054
1.3180319293
2.6042055693
2.3055585933
3.0387640411
2.4743403425
2.2660812028
1.2706723426
1.8664554929
2.5880000865
2.3196171301
3.5263831539
1.2361749382
2.3865411598
2.5758040201
1.616485272
2.5821095114
3.352603921
1.8225628689
1.6919125006
1.2704719031
2.8316908506
0.8479507996
2.060733881
4.0412298836
3.0758243652
1.9455614944
2.8781731464
1.6303276554
2.7645947493
3.3513563118
3.5210953189
2.1887998652
2.472591245
2.8723665225
2.9281940991
2.4215747328
2.2228641694
2.035284742
1.3593318658
2.3887966715
1.7248900842
2.2951038204
3.6231799849
2.5226915022
3.5896248781
1.4403565118
4.4330436359
1.4616349988
2.1111912975
3.1309911561
2.7072742506
2.4316745126
2.0770019265
1.6132076075
2.0697967824
1.7278320551
2.1200800312
1.5210429471
3.2680797979
4.0135967432
1.8789227681
2.9327187637
1.0979014051
2.7361786341
2.8498619111
1.0807307043
0.3926959232
1.6468043604
3.3706125515
2.0252295141
2.5635047562
2.5445041486
2.6360051993
2.1554095728
2.3253041705
2.3272134901
4.197223237
1.246183058
2.2905372106
3.1473673917
2.6903144798
2.1030967979
3.5302228905
1.4460711176
2.1243838184
3.4655569985
2.8237616825
2.8835556699
2.4478150112
1.6424784661
3.8168388107
3.4478159734
2.3742525252
3.2772350634
2.1379997642
2.2300098452
3.1571887275
1.4748552225
3.8235310354
0.239598165
2.0706914541
1.1783226655
2.3849863254
3.1432817157
3.5864867204
2.5666434857
3.1834549471
2.6259479168
3.0406757763
0.6419986146
2.4535032121
1.9623537676
2.0993687443
3.9612673672
1.8529795322
2.5410060237
1.8984228618
2.6351526317
4.7235903402
1.608353452
3.8468605272
1.5779549676
1.7881881438
2.8001558829
1.5944494517
1.3869478553
2.827666128
0.9741387939
4.2219211884
2.5788577329
2.243102981
2.9342424576
3.7903124301
2.2608348995
2.9025085328
2.7065933869
3.1037141277
2.6854762511
2.2480403319
3.3292349915
1.8989248526
3.1631504654
4.6214888785
2.037760197
2.9427239181
2.8394901265
2.3282119865
2.4965367884
3.8030562025
3.8346721757
2.9963355538
2.2658594958
1.1077354568
2.6672209983
2.6301090024
2.2034606521
3.4380916826
2.7534534822
2.7523706323
2.071490093
1.3508343756
2.0667797914
1.9225671031
2.1834577942
3.321875135
1.7076110586
1.6993962506
2.5173349377
2.7091394099
1.7109797708
2.776554832
3.3065875389
3.1225406771
1.9975584717
2.1146825595
1.7790937846
2.3945507446
2.1414008873
2.034220522
3.6866012711
2.2970546989
2.2548537171
2.6875583235
1.3150235418
1.8430275996
2.9739488149
2.6513233149
1.8288879586
3.3050575013
2.3463887865
2.5897676838
2.5560291206
1.7848202432
1.3888900514
2.4280279041
1.011396924
2.3692759509
2.6162381393
2.7836373042
1.0509433022
2.9416032935
1.7363892559
2.6886613782
2.7190232122
3.0960295845
1.2360639267
3.3433254227
2.2650326652
2.2969028558
2.1386074509
2.6112338109
2.0707475223
2.2267881917
2.1902673487
2.7654668085
2.839052139
4.399860016
3.7683827603
2.1930692357
1.8080711716
3.6177963469
2.0551118523
2.6020835631
3.616459107
1.431213706
1.9806958867
2.35314863
2.656575507
3.5198447272
1.8787992293
3.9621469181
2.3672412466
3.1294822805
2.550545131
2.1515494694
2.3623929017
2.9603781253
3.6001948783
3.4783972296
1.6188589136
1.5623603129
3.4930413654
2.8143417028
1.1095099013
2.5094403383
3.4973855905
2.2680492028
2.0629407984
1.9207390109
1.8309230445
2.2567053652
2.6915598598
2.0068376123
2.7490636091
3.1848713449
1.4957180238
2.9874291602
2.8046440816
2.4492311632
3.6935508285
1.4616817359
2.7004642573
1.9195106958
1.0309949849
2.6609361928
3.3008102956
2.6142802963
3.293198056
1.8422269087
2.7465691804
1.7510878116
2.0570912841
0.8462638722
2.9221413444
3.8259742186
3.0359886526
3.055485834
2.5844076101
2.0395379519
1.9485885411
2.0495546807
3.9225253106
1.9120116537
2.5748165738
1.842384015
2.3673628451
1.6459116534
2.2467862554
3.1536080498
3.2090025591
3.5394094185
2.5809595816
3.2240931125
2.9381484118
1.1353461525
1.6590125937
1.9189139644
1.9532151579
1.7394105468
1.9233902386
2.0238529806
3.8221569665
2.1851317427
2.0751374736
2.3068254672
2.0864251623
3.0569737098
2.2132185881
1.5819186606
2.738034809
2.2041827385
2.2200267361
1.3149132144
3.3880317568
2.4155627466
1.367083338
3.5446941682
2.0386707147
2.7311290193
2.8334017268
1.8282960877
3.8928925484
2.8405065375
2.5828191143
3.3947609418
2.6145846129
0.8925061239
2.4653201596
3.1947950332
3.0038459966
2.6455331228
0.6346297797
2.9612733687
2.398493626
2.8285146756
3.0465558596
3.1853673057
0.9952800678
3.1159182339
2.6354625476
1.3588459239
1.9655916206
1.6142493693
2.6296248099
2.5821780481
1.3175045755
4.2946685602
1.9642738249
2.1164216091
2.0828049119
1.1252051685
2.5558965155
1.9765522139
2.3156425837
3.791057329
3.6162302505
1.5676347844
2.6857037413
2.2130227943
2.9637017999
2.5471704115
1.9884485349
2.4861458978
3.3472108782
2.9758300958
1.8256889026
1.6974832863
2.2360123659
3.3701297506
2.8841075769
2.7738864311
1.6427597714
1.3762131832
3.4221339418
2.3396519768
2.4753018622
2.4204511745
2.5313897846
2.0155431121
1.914328745
3.5199019417
3.5626891903
2.7098475776
2.2249126637
2.6993977336
2.8479311861
3.4978674786
1.4178075434
2.5782128805
2.3560017762
2.7379739959
2.6182835823
1.8992314019
1.4981267462
0.6635076756
1.2557588784
2.1324671404
3.115001217
2.1607741272
2.7430319083
4.4274735572
2.8033863082
2.5797526385
1.9160935095
3.0132116612
3.4740324655
3.3612705917
2.69624059
2.8179487408
3.5940531086
2.3656208362
2.0576066985
2.7689766221
2.0707515359
2.7481941973
1.1710564043
4.4972786091
1.8472992205
2.7175668461
2.1872056902
2.959989517
0.9814117679
1.304947685
3.6590487125
1.4199836982
2.1540166015
2.5524448096
1.953066081
2.5860390111
3.1187505553
2.5438246838
3.6877211265
1.6630576138
2.3321637104
2.0353502427
2.6983857173
1.0736577536
1.2853148939
2.1329790073
1.470608783
1.7386612226
2.2374667751
1.1048037145
2.9400667164
2.7890991763
1.7512118167
1.2754961757
2.3114248451
2.4259561095
1.8358119844
3.3969381246
2.6980555628
0.9161406414
3.5194164923
2.4055918236
1.24814037
1.5057542629
4.7496827244
3.3849453452
2.7339019154
0.9684933879
2.1321785169
2.4273899754
1.4735276673
2.6428551849
2.1396215731
2.4006438449
2.6568213985
1.3517568658
1.2434645231
2.083491571
2.5435016579
2.6243670903
1.94012975
3.5824708244
3.2481529106
2.3886368208
4.1634456463
2.6576862147
1.9217452128
3.2024296497
2.4022207832
1.9614493224
3.8531867084
1.647461562
2.5251527367
4.0175999983
2.8040638177
2.7327848795
2.4391895141
2.6566926458
3.5754775671
2.2481254721
1.9069369356
2.3459705098
2.0193892461
2.3886771642
2.7597439053
2.5694297413
2.2674514294
3.4117282873
2.082097921
2.2977518922
2.5354894531
1.2733784174
1.9137722034
1.5566603753
1.4724452682
3.4794445167
1.0423076427
3.2904277523
2.5145468742
1.5372489283
2.480872895
2.7011558919
1.4320321483
4.101839488
2.8141973273
2.4220736799
3.3755240955
1.9933156371
3.2426798247
2.1464769274
3.7472950999
1.9466404746
3.8673976282
2.5216713835
2.6298396757
4.4592382903
3.0924011803
2.1126648512
1.2470936526
1.1427055952
3.2093830516
2.3225493665
2.26477944
2.5463191037
3.4874282915
2.3099039999
2.7113936252
1.4540119681
2.1618747179
1.6551622472
1.9486029667
2.2539063191
2.0115098132
1.8716675465
2.7728959003
3.1709642754
1.8521731856
3.5052839128
3.0277494563
2.5729357328
3.9945217803
2.6304549122
1.8773485246
3.3540007886
3.3691442249
2.1115397527
2.1420771285
3.2936249466
2.4850517315
1.2046184654
3.1110863263
2.3523839931
2.0345657436
2.1564535377
2.2285274332
3.1570567408
1.0948889106
2.9812476077
3.4088003426
2.0483733427
2.822496756
1.9151312831
2.7480369876
1.3533216746
3.9592211255
2.7229849244
2.2638429095
1.0115664343
3.3533014892
2.7096410947
3.3196729142
2.5092407181
0.6003808028
3.615130311
2.319740701
2.9949832991
1.6767516281
3.2161985239
3.5670836521
3.1108829258
3.0564944096
2.3084147322
2.9230727226
2.6316270698
2.6709111555
2.1813292144
2.9284513385
1.7092417171
0.2439020893
2.6246114751
2.5932597954
2.6020196589
2.9062118712
3.6615124757
3.7673219316
3.5369581488
2.7108078726
3.6541851745
1.5504549087
2.1723960474
1.0761581575
2.5769247291
3.0068259476
1.7731462151
2.3515170866
1.4696434486
2.0886751654
3.1167406308
2.574090817
3.0873769016
2.7839816166
3.4917271231
1.265969907
1.7565020098
2.3312758441
3.0131123526
3.4908926658
0.9546152671
1.6292733975
2.3471175191
3.075633303
2.5489473469
3.0497783608
1.737885812
2.8572840686
2.7411126959
0.5625983352
3.0141791842
4.387955017
1.5944960972
2.2150084955
1.8024538578
2.9521254626
1.7629381415
4.2574506328
0.8198819254
1.105122779
3.1841878516
3.3612157755
2.6332334869
3.0488441748
2.5390789678
2.6733041685
1.8014572664
2.5068889902
1.1972277491
1.2348220451
2.1601582189
2.7669069473
3.4866948623
2.858765655
2.8852410192
2.9089651609
3.1712940173
2.8306684329
2.5399243885
2.1525606392
3.7012859034
1.9526483217
2.5224351491
3.0144065074
1.9719469398
3.3120778926
2.576491511
3.5696892648
2.1938416279
3.7084552102
3.6628083167
2.6769862612
1.4859191289
2.2283916994
2.0247713805
2.0012861928
1.901055541
0.222491026
3.4911193585
2.4067031862
2.6579994064
2.1167192278
4.4715463553
4.1966745119
3.9364898459
2.8430487947
2.9800220236
2.1576265366
2.5456097873
2.0188092444
2.9615063696
3.1110841487
1.385595837
1.8878371921
1.8394363987
2.7525468569
2.977739913
3.2753355495
0.8528616432
1.8342378724
2.4380704377
2.2526961711
2.1715081969
1.2863577764
3.0672863871
2.3031876838
2.8607436021
2.6025199554
1.2013004914
2.0984101424
3.9455827833
3.6848675647
2.2519224093
2.7390552942
2.6256906027
3.2632467103
3.8725024193
1.3554529412
3.469979051
2.6255161165
1.8120117735
1.8874955094
2.9319900437
2.6956231206
2.6741067481
3.9779833801
2.6647867618
1.4770877182
1.7277546731
1.4873999624
1.6600592939
2.8547154291
2.7859215052
2.2401516408
1.7157709191
2.2759509848
3.1717072222
2.2972640717
3.0513960552
2.0702627075
2.7862474147
3.457951782
1.8553059039
2.4606630074
1.5342321952
1.6102296579
1.287312665
1.3761871447
2.7585606835
2.3210322812
2.7832271317
3.3497439125
3.0730644835
4.0722873349
3.1205592619
3.7100759816
3.0115404611
1.9705803216
2.9635676706
2.9038814525
3.0985672731
3.0315067163
2.122945058
2.5208824051
3.0978988501
2.6465734662
3.8400854868
1.7434571046
3.555657546
3.0440586109
2.049219256
2.7595229812
2.4254836637
1.5992580642
2.5991080384
3.9893283055
2.3837728881
2.6836871953
1.5258103822
1.8278052935
1.7160658316
1.0775898217
2.0172979462
1.9105374667
2.2106573194
1.6175236322
4.7679280814
2.5270703615
2.2724670335
1.961156999
2.2238844709
2.2957420215
3.6547011744
2.4909378035
2.7213560426
0.4753009738
2.6770445275
3.10959754
2.8232218969
2.5567260719
3.248273472
3.9157609954
2.1125175069
3.1635083352
2.0468725111
0.7795913735
1.450927605
2.145920039
2.0940228473
0.838024233
1.7136139845
2.3875120588
3.0813615032
2.876248963
2.9524520799
2.4193555179
3.616163691
4.3076052449
3.6916596259
2.4228604877
3.5446987403
2.2695585697
2.7085502839
2.6212048964
3.3129328239
2.0460007518
2.8365932787
2.7069801468
2.8216581805
2.1039364714
2.1523569269
1.79399553
1.4810785127
2.0501309573
2.2026963722
2.5716813171
4.359887279
0.9836472669
2.9407446715
3.5458025334
3.3831095903
1.5593962503
3.8518300574
2.3812644334
3.4206375084
3.3798854411
2.2033919496
2.7674184928
3.3784121198
0.8863337418
1.3627281941
2.2491646663
1.6702265595
1.0496973402
3.1224878296
2.1426541855
3.2229270903
1.7498402183
2.8647990555
3.4200177913
3.056576858
1.9092029504
2.2115096851
2.2205074508
2.004553288
2.1647649274
1.4159310717
2.4027965133
2.4090537873
0.9938682085
2.7800585177
1.2578043884
1.7359856092
2.883921402
2.6095710269
0.5306446938
2.0536931491
2.2489483793
1.6609130698
1.3500120014
2.4212907604
2.2358408499
3.2445130721
2.5752473216
3.2230468006
2.4205624833
0.7617642539
0.483790134
1.7265543594
2.2264037425
2.9611079471
1.7045296922
2.031740529
2.796798938
2.0516311857
2.1308614481
1.6912710896
2.2720852278
3.5029821536
3.4689047995
2.2844624197
2.8633337908
1.9670728806
3.8096217657
2.753773511
1.8478122775
1.5202615511
2.6324157582
2.0211555369
1.3307335539
1.701325808
1.1866027738
2.8754170198
3.1211505188
3.1929860654
1.9987458803
3.503712907
2.7188593911
0.7694682691
2.1794086404
2.56746784
2.760266268
2.3930644856
3.2039472431
1.6551138284
4.054309745
3.2734036359
2.1708709259
2.7360614252
2.0898960417
1.4271454493
2.543109857
3.2467816566
3.0739744903
3.7919906168
2.1565397178
2.2764080575
1.6743945514
2.1568846223
2.6077760295
2.6009424657
1.7077962805
1.5510344916
2.2946931185
3.2658454432
1.7845019361
2.501572881
1.5873689616
3.3787018782
3.0810374377
2.6293806501
2.2760562462
2.4802561908
3.465318513
3.5452912234
2.4967751034
2.5585569165
3.5675622567
2.6583616091
3.1051185259
2.8323904256
2.4392032998
1.8829635667
2.7076665128
1.7822828776
1.8211073669
3.3691183246
1.5848117606
2.7981756376
2.3740086446
2.7284739461
3.0074465896
2.0888073939
1.1332736679
3.2790042641
2.2335436483
2.8322697015
3.502924103
2.020594329
4.6993805816
3.2753009524
3.1474315607
2.8219832282
2.5875966256
2.270037754
3.2373651606
2.6926814288
3.1208407595
4.27639691
3.1388867981
3.3370561134
2.4711944434
3.4129018068
2.1571976803
1.8432494546
2.488703958
1.0187294896
3.2538759655
1.9968050635
2.8678703603
3.1544572308
2.8775639812
2.8093175111
1.9293048593
2.4547435793
3.7153559964
1.9389752199
1.853838438
2.016691129
3.1052046432
2.1518456049
2.7086707087
1.7815517602
1.4184235649
2.1016297794
1.9124916139
3.5650626487
3.7183162036
1.0261112285
2.689205955
1.1405370693
2.3487795069
2.5432210632
3.2946931055
2.7545051266
1.974523119
3.5436152804
3.0827453876
2.6259583442
3.5092522358
2.230942273
2.1657005985
2.7415371537
1.4156040527
2.2466047445
1.7915804411
3.2022420342
2.9730661847
2.8615954649
3.5888110478
3.2334825538
2.5977767988
0.7924400881
1.4534602163
2.5295489369
3.8290775127
3.3036665967
3.7065002572
4.0360035771
2.2403435283
2.1285660894
3.1251959453
1.8624217171
3.8853537606
3.6774716326
2.2259593957
2.1813244263
2.9019930765
2.95731596
3.1727526986
2.6892541946
1.465071127
2.6195653459
1.1343254756
3.0577918564
2.8285816676
2.7011922558
1.9022631828
2.9505217374
2.9760597747
2.1798190371
1.0355358987
3.3055076751
3.0906020526
2.5193119062
2.9347722996
3.1469601378
2.1502111894
3.5872651436
2.6544981909
2.0532817478
2.0031503297
3.4790326417
2.2267482724
1.6730381572
3.7824094489
2.8094816234
4.1660978299
1.8104997657
3.2575292397
2.487592915
2.6833061941
1.1495513655
2.6295928259
2.7724995917
2.4961962104
1.2589048036
2.5303599941
1.2141241973
3.3055610882
2.6913181111
2.8982211547
2.8017115231
2.7511597061
3.8401505005
1.7601090298
2.4497337455
3.3014893432
2.4939215774
3.070040747
1.7690680073
2.899588498
3.5910564978
1.7150730183
2.3552819039
1.1235619401
1.8989542273
2.8427967227
3.4037066375
2.1809255547
0.972317111
3.5463939101
2.4420235168
3.5712959914
2.1442784094
2.8984131039
0.8279480376
2.5247190802
2.1527305955
2.1621617949
3.8359936548
3.0397428563
2.1573669478
2.7709906571
2.3296664447
2.6540797951
3.8884872924
2.7352443837
1.6749569534
3.2879389944
2.9800393823
1.5168247021
1.7108318606
2.074418984
2.3460878993
2.5569261988
2.0229835841
3.2550678262
3.1514419701
2.0197530874
2.7349228728
1.4849733838
2.8511818543
2.1867006016
2.8501514292
2.0704750401
2.8743987736
2.284793975
2.2807341483
1.8478551413
2.976102532
3.2284517824
3.6556713788
2.5282703941
1.8084939807
2.7083108018
1.8230292367
2.3190995911
3.3375889629
2.3572870539
3.65107012
2.2415065574
2.9146821188
2.6788843641
1.4819011369
2.3232093493
3.6457397013
1.230995925
2.264537759
1.9377884239
1.9044147005
2.2076114285
3.6423689521
2.5050010651
3.1810395113
2.1929058505
2.4171453657
3.8181733574
1.6125064155
1.3257127582
2.9327275995
3.686233765
1.5170577237
2.8113410057
1.659416533
2.9049057059
2.7557350023
1.1397380978
3.1658794638
4.2434591058
2.37284641
2.18097001
1.1810697315
1.8975109473
2.6632934129
2.7051533265
1.9678328672
2.8170597303
1.2620425346
3.7419609488
1.4432210985
2.1574847664
2.8099440389
2.507828471
2.5619659075
2.2542254573
3.0869470896
2.0405968132
2.8061134632
3.6318221621
2.1502175049
3.2108528128
3.1371859623
1.5796833929
1.6978198274
2.3285453289
2.8898910004
2.8243532112
2.8733929874
0.6466098409
1.5961207849
3.0739220809
3.2998770486
3.0308367265
3.769525142
3.6185304812
1.8918377397
2.5195532893
3.1374735366
2.544966496
2.7384729496
2.6169983054
2.9916576371
1.2835090775
2.4855597391
1.9099870382
2.164957934
2.6036552149
3.0227239869
2.3230258535
2.5152508227
1.5974943629
1.8695845184
2.0647471363
2.3995816728
1.936870706
1.9943779049
3.4850043057
2.6737865067
3.7298698266
2.7399129574
1.9633306179
1.4893754464
2.5930175026
2.3847946488
2.8993256466
3.062415498
2.2964939715
2.6355902775
1.8439981982
3.7625588103
2.5256399245
2.0257287871
1.907923947
3.8326376948
2.8946045433
2.9368840539
2.8226544995
3.1136327993
2.6621830045
2.5064659487
3.4322664743
2.2830836995
1.9428900514
2.0385070033
3.5439893411
2.9248559781
3.3375228694
2.2533018925
2.7713911093
1.0225786746
3.620231706
2.4393832649
2.5398574288
3.0801685234
2.1623897108
2.7565177482
2.1418952477
2.1065879312
2.7992447779
2.3666531743
1.4909255481
1.9262263946
4.015880974
2.9161734521
2.8281520725
2.1401138941
0.8680085983
2.6418067216
1.0722826522
1.9979884658
1.8012386349
2.3982374115
3.0862864456
2.7606327252
2.1146855504
2.0629204796
1.3704702138
1.7446193502
2.9683825788
1.4282750211
3.6085001661
2.3584973536
1.3784670887
2.6452069404
3.2670786171
2.1866383709
3.1161113872
2.937968383
2.6836428628
2.2497517871
2.2849018115
2.3557147291
2.3449522964
1.8806881288
2.4935236133
1.10579269
2.630319669
1.1836872299
3.4072632543
3.3620469178
2.166851273
4.0438842133
3.8476740394
4.2994126362
1.6989115779
0.3646808873
1.9569484165
2.1843077915
1.9189219128
3.0533576315
1.8994357073
2.396509002
1.9850086484
2.1832351025
3.5355298203
0.7323394197
1.6096838762
2.2729179476
3.2956168407
1.8652902316
3.707888655
3.9926368716
2.2461017192
4.2155431199
1.5709508909
3.0663126688
2.6599199371
2.7463627532
2.4797887938
1.8848020269
1.652684413
2.7759628438
3.1786786289
2.8504767374
2.4431086713
3.7692054774
2.6847497706
1.901609382
2.8820446446
2.1279911379
3.0357612042
4.7216609083
2.0100950129
3.6872374543
2.9104309413
1.4561527339
1.9511174597
3.7042910011
2.4595160473
3.4474187903
3.1145193248
0.8425317371
3.0918162634
2.8864358589
3.389906727
2.6622649712
2.7567699264
1.5265534126
1.8664629767
1.0726256108
2.388634891
2.1411846062
2.0518421565
2.492897722
1.7746049329
3.6989372295
3.7397959079
2.6847132075
0.156204646
3.5357681156
2.8799129843
1.3461591622
4.5897385152
2.1141384818
3.1984046027
2.4227141987
2.6758399691
2.4551285916
2.605301663
1.755098109
2.6760520195
1.6892154613
2.3904691074
2.5754197668
2.4236181571
3.2745212042
4.5771437038
4.0214797875
3.0282967664
1.8281034429
1.0722268937
1.7951965516
2.6562165238
2.761342376
2.2239319017
2.7789013443
3.4837704727
1.9703272321
2.0496511278
1.583925146
2.5572459977
3.2328899063
2.0807820557
3.1373050581
2.3733891669
2.6014383865
4.2413946503
2.8954189422
3.9964929418
1.4594570568
3.5134302268
1.2509716156
1.5757760734
2.7665281305
2.2352276722
2.1256017642
3.1595896603
2.0852061027
2.7177698576
2.4237631971
2.0641970601
3.2691309536
2.6419152379
1.3268923345
2.0018067932
1.7412708891
2.6211814353
1.834161097
2.4847234378
2.9877355373
3.849508908
3.069946863
1.3803105589
3.7270818218
4.0496376546
2.7170402777
3.8707286827
2.1501704928
3.5275327093
0.0821001473
2.4665212255
1.6643117476
2.1153413506
1.7428406674
2.6876827792
2.824144826
2.1900825787
1.2177425735
1.1681348037
1.2331560411
1.3327495106
0.795047069
4.0393796859
3.0008895546
3.0444779114
1.0415123591
1.5531212629
1.9895774968
3.4926331243
4.0192490086
4.4739330204
2.1853810716
2.0635222589
1.7911843625
3.0213931485
2.9606548194
1.7960538458
2.3671528139
1.1553617251
2.819511928
3.1192213673
3.372405984
3.1309303982
2.3662485704
2.1876181808
1.2298541118
3.2288642165
1.5047610335
0.5322239775
2.022852015
3.7573193586
2.8606762643
2.2679029169
3.3511151354
2.8619299161
2.7190897121
2.3782784308
3.9048863921
3.2394320864
0.6777745098
1.6438019959
2.4655791929
2.6624872174
2.0651168855
2.3771465704
2.294102957
1.6283406155
3.8313032147
2.213860517
3.2837449564
1.1190002741
2.3465938765
1.3561894965
2.1126940116
3.7799204066
3.3425523135
1.7495669694
2.5719262953
2.0695197615
3.5351469069
1.3873002963
3.1367443209
1.7522895016
2.9653153224
1.9154451308
1.8483411022
1.8731184001
4.0793952445
2.2599381347
2.7762033249
1.1632763989
1.9156064651
3.4170764214
2.4200831408
0.3747541989
2.4297314014
3.2430154579
3.4057581744
2.0837622447
1.9258489799
3.2664637133
2.374888965
2.5141876677
1.7859143559
1.6780873132
3.5536077264
4.4225570237
2.2771220299
3.2514955948
3.8417766499
3.4947287899
3.2968823346
2.8807897992
1.7441578955
1.9298458019
2.367857727
0.9442546204
2.0074683141
4.1316910516
2.1101659223
2.6444083396
2.7265108197
3.52900928
2.2894951193
2.902186194
1.8409168098
1.2800032556
2.7489443727
2.8914398396
2.0738996837
2.6440221832
2.1181039775
3.1992200438
2.2254670777
2.915927074
2.7722485509
3.9368031693
1.8304921739
2.6985455414
1.3993695957
2.5890903753
3.3139713772
1.1133042497
2.1473267402
2.9403198876
3.3630711392
2.5017987956
4.5041131384
2.3563887088
2.0043159747
2.4458153739
1.7091818529
1.7028022252
2.0067310859
3.0564865783
2.7213290564
3.9610968097
3.0985720781
2.6466733149
2.400101524
2.0512866792
3.0444803785
1.4519124731
1.5079879206
3.0011255664
2.2021939981
2.662518209
2.0786679004
2.9504433484
2.2148025364
2.9616966876
4.5312762198
1.3993523872
2.4362892836
1.4492856892
2.9776569942
3.5791068052
1.4131862159
2.5399530357
2.6056598086
2.8849757911
2.0805049156
2.7061927438
1.8239557557
2.8222973562
2.9149355736
2.4191533208
1.6987182061
2.3424227296
2.6941651232
2.1317531988
3.2637773431
1.5733014704
1.9644873748
3.7229525473
2.818936931
3.0458041059
3.2032190247
1.1781045079
2.3279530659
2.9784194016
1.634614379
2.7704067083
1.9535498108
3.2934902868
3.2827538835
2.4058464102
2.2868390226
3.9077968297
0.6092384124
2.2944619385
2.4755194871
2.7400320675
1.3239625506
1.6475942544
2.8168106789
1.8790535074
1.5592468185
1.1347304408
1.7244158666
2.5222339612
3.3884253068
3.0800347617
1.6197573696
1.2930809135
2.8566603688
2.4643711668
2.4908276658
2.1119484083
2.1343538562
3.5646464408
2.4003297283
3.035053158
1.7852544861
1.4056205074
1.8480390365
2.6183640978
2.83305787
3.7333959946
1.1092133251
1.7183093576
2.3756401615
2.1391618191
1.4306458421
3.2016329664
2.296778844
2.8191668759
2.6344331243
0.3787044549
2.8105954328
2.1200652492
2.000888255
2.4206980192
2.7505732954
3.1770670362
2.6229163917
0.9408174216
3.1535516226
2.0181721448
3.2394469557
2.8926478668
2.7103854633
2.2705983861
1.2969065896
4.7677935305
2.8316252114
1.9080101464
1.4418976411
1.9386555921
3.5337499213
1.876421573
2.4589919838
3.5652628065
1.8103510166
2.3955892002
2.7393271944
2.6903712524
2.8421974776
2.0051280537
2.3466684887
3.1698501461
3.6899124508
2.4393274815
2.0957001197
2.3781690681
2.0969656676
2.0227817569
1.6335477303
1.7275780951
2.4878838095
1.4140372345
3.6577624314
1.6677634615
1.7079863301
2.9599576832
2.8620842001
2.2106035813
1.4332107458
0.611510429
2.2408765447
3.1390336801
2.3941727058
1.4762911052
3.1885280573
2.8281623705
2.4044185237
2.5668604296
2.5534154553
2.7643186236
2.8002884443
1.8046686693
3.1767195242
1.8184099634
2.3209495085
1.9250410915
2.0160504954
0.6248944717
3.6660494177
2.540491395
2.4280921893
2.5471275749
2.163692332
2.1539734905
4.2911419649
2.4473501665
3.0306180738
2.8511721785
3.1593019442
2.0168626494
2.0439067924
2.9588533216
1.7834140748
3.2732225238
1.7374652422
3.8353488749
2.9713979336
1.6171767087
3.3376501952
3.6861734717
2.6290381815
2.2952576227
2.3826844451
2.9225655492
1.9864814519
0.9878656213
3.7944002111
4.5769486653
3.1150194134
4.3195786619
2.4750802636
1.5937409538
2.4285778926
3.0200130377
2.8587545803
3.4137600032
3.0593721435
2.7380194977
2.0223135307
2.1627436018
3.2796992358
2.2683788517
1.3817928116
3.3822081675
2.3700668599
1.7450476479
0.4490211486
2.8130690804
2.2343506178
2.2478707572
2.382158257
2.5322844659
2.0815606735
2.4565846536
0.5392730103
1.7430299796
2.0894423025
3.0246556632
2.6630490211
2.9214760962
3.1851518265
3.3338251476
1.5535842295
2.8233966875
3.0459066857
2.9235970398
2.7129062716
1.0909012672
1.8143122364
2.1502391174
2.7922896818
1.876573286
1.3632203847
4.1386424486
1.8472847363
4.1847312338
2.7238196565
1.9564406828
2.5359591586
2.9484512683
1.9860534842
1.5412407203
2.5996826189
1.8806273047
2.1090004413
4.0324780287
2.1022530446
3.7818305578
2.3194472266
0.6733029599
2.1042417075
1.690570212
4.4742968448
2.400133198
2.5907091157
1.9920985099
3.4474732427
1.4916990748
3.241447922
2.3534087353
3.6218942953
2.5561189688
3.4017760578
2.1983692507
2.2980054624
2.6980194866
3.5764899385
1.612519908
1.1263288967
2.2998370538
2.693450497
3.6183446913
2.0669416098
2.5903486137
3.1209502076
2.1429957899
1.456169076
2.3828465356
0.9943544775
2.8631843088
1.5284107346
1.8272010523
2.5604328977
2.7594101146
2.2426007094
2.7156765776
3.3147763816
2.9231754237
2.2829272048
2.644646438
1.9609585222
2.9828735171
2.1778905542
1.3726176179
2.0864102964
2.0822212311
0.9190805509
1.7575579021
3.3652519876
2.8205412938
3.3496757861
2.0130064328
3.5039257134
1.8529407629
3.9326954535
2.3272379455
1.9090438664
3.2256227508
2.2147114374
2.5030507911
3.0326480437
3.2673245335
2.2862421403
1.4625764687
1.9995689959
3.1491030525
3.7181655683
2.6373069132
3.7256256124
2.6966276209
4.2829912538
3.0698956832
1.7863354999
2.5335789995
2.7865594041
3.3946937062
2.7025541759
4.9247342585
1.5982652785
2.0660022952
2.4536927385
1.599798104
1.9052459063
1.7726910284
2.8557113211
2.1394216043
3.1453336801
2.5923121866
1.9116476339
2.88860589
1.183219241
2.6461317778
4.4610986586
2.2200923744
2.6179694735
3.6602863123
1.9860718594
3.2693091496
1.7545092339
3.436665486
2.0337852285
3.3252266935
3.1910969116
1.7967329103
4.1068474235
1.9708491334
3.1125015895
3.2030010957
2.4959023217
3.597680666
1.4824290666
1.6229539904
3.3559621266
0.8486902547
2.9852322778
3.2204660206
1.5475098293
2.4770897519
2.1868125715
3.100083312
2.0471331927
3.2440168667
1.7481048505
3.3751065268
3.6533074259
1.8025430659
1.1929719128
2.5972218858
0.6504336506
3.256342484
3.5619499609
2.9309105087
1.9446611503
2.68012869
3.7313424035
3.5019677247
2.7152045138
3.1503092809
3.2811295127
2.6208446523
0.1390687158
1.9647238391
2.3631139492
2.3604812524
3.4185943504
1.3098078049
2.1704474393
1.7604714512
1.9515303297
2.9840094252
2.0539731594
1.9293047069
1.6368210168
1.8855548749
3.2231390239
2.252347332
2.8414035998
3.7115237878
2.3519945334
2.7129925083
3.9901796142
2.22366887
2.8390641787
2.1148087099
3.4604108093
2.0710355896
2.070622634
3.5549263583
2.4857560622
1.8483471488
0.9541745452
1.7391783594
2.0866610792
3.9063332611
3.12630909
2.8584554261
3.2959492646
2.3405210651
2.9273060627
2.4625270331
3.2323103102
2.3741545538
3.3618648031
0.6319610753
4.5690271339
2.0232314964
1.0436461955
1.6801252727
2.4591391064
3.4734026664
2.0427381868
3.1275869779
1.739755717
2.9923868716
1.9530147721
1.3896836004
3.3370140994
2.8881322585
3.8761082419
4.2194089862
2.5695932286
3.5496885081
2.4532300489
3.4768904663
0.9278515042
1.5965574508
3.0152001262
2.2790748908
2.2844938319
2.7061319693
0.9283442125
2.272101576
1.23934823
2.8949430792
2.5408349585
1.3586788706
2.3106021634
2.3595869138
2.827851652
1.8792471398
1.3857249029
2.4352164518
2.9860595649
2.7313502418
3.5247193531
1.9684844175
1.8838463948
1.9253303579
3.2010740513
2.9242426122
3.4313731977
2.9441950358
2.8317044858
2.3785854117
2.6262179686
4.3446523124
3.869171437
2.1637057988
1.6914012189
2.3328049971
2.6093885765
1.002225813
3.3863450131
3.4972148252
2.4943758418
1.8543185268
2.9691354637
2.918050849
2.4212995201
1.7403860345
3.1558767811
3.4719660741
1.6469816683
3.7364166982
0.06109172
2.3770210914
0.6952414525
1.9219843514
2.9348208499
2.9053640958
1.9989096727
2.1411684801
1.4465807639
1.1213358165
3.062007286
2.1374033542
2.543703259
3.8243681151
2.8490124435
2.4461559272
2.8063276041
2.8416682509
1.9105738433
3.1858026987
2.505574974
2.3673393426
2.9395838935
2.6109788959
1.9740240692
1.353750947
2.6798634135
2.8606380244
2.6776284912
2.5675432169
2.4451422133
2.1350430836
2.3611584386
3.076492026
4.5945407488
1.9986598712
3.1494424881
1.6185034385
1.064352734
2.4076080025
2.6265898296
1.9125031243
1.6548845621
2.8669728117
2.2010748738
2.5209652048
2.9065987881
2.6925957779
2.5122326018
3.1067563128
2.8850964976
2.1254261354
3.268254121
2.831140285
2.6756897671
0.8559011011
3.2836564097
1.538410043
3.2949587961
2.1651887748
2.358006649
3.1542176323
1.6436271638
2.7190999478
3.6798180053
2.7786583346
1.1729337575
2.9149105331
1.9792450018
2.8979553435
2.2205408068
2.5839952805
1.8893431267
3.5473583849
2.2424837811
1.3735991784
1.0156172438
2.7584481476
3.7190334334
2.1264123465
3.0264195729
2.0556639829
1.5798058382
2.5281922812
2.271769863
4.1076126667
2.0623965774
2.6865217286
2.6436043345
2.7352606098
2.6224103294
2.0343227407
1.6792776275
2.9965520064
1.1042253747
3.1764053695
2.3109256493
3.2615153007
4.0069687921
2.343845508
1.2192691065
3.1355411986
2.7651558465
2.5176555227
2.6361441988
2.1022538978
3.0313042699
2.1633615548
3.4507634006
2.1567781798
3.160490595
3.1854967955
1.1921057047
2.3028638321
3.942997575
2.3272704326
2.1498908098
2.7785064607
3.3549288301
3.1389699145
2.5770049542
3.0177402195
3.0129372094
2.389139524
3.3284155797
2.4890598851
3.7958274254
3.165495633
1.61273308
1.9304093663
1.5927546824
2.5683832526
1.2390055969
2.437030447
4.1744741557
2.8784084161
3.4020257788
2.4924144346
2.0527036363
1.7785641111
3.9042675622
3.0542995661
3.8124259043
2.8540571552
1.7876419928
2.0577960857
1.2493758513
1.1426416866
2.0336098321
1.7399981617
2.8669833316
3.5330503593
2.1965986706
1.4787095977
3.1520486881
2.4367441712
2.8899099544
2.8803288755
2.3417084754
2.827917513
2.7722510441
2.5503689567
1.8030631154
2.5238362276
3.034288502
2.3384227306
3.0074392578
2.8879421625
3.8556072852
2.0993419745
2.1756571498
2.2707724947
0.9587666843
2.7725040506
2.6312012424
2.2254964443
2.3417550435
2.4242217158
2.1140975775
1.898729727
1.5463557047
1.6161371192
3.783828483
2.4848518928
3.033996731
2.106200035
0.5934117276
2.734770878
2.2085805312
2.8051581201
3.3133941165
1.4840885314
2.6782202925
2.6660930338
2.5436670705
2.4089244458
3.9586523505
1.7764201193
2.6193284414
2.757549225
1.0065678872
2.7910909274
3.287582842
2.287621427
2.3740572709
1.4054202467
2.664038589
3.404984974
1.8476982277
1.4531006232
1.7932709375
2.8465002986
2.9951170095
2.7671306344
2.4362898017
2.1139256654
2.7893669385
2.6246642433
2.8374861564
1.5818315398
2.8601619179
2.8741381802
3.6768054852
3.2577709001
1.7636518949
3.8039440062
1.8271513533
1.8773234927
0.6202887033
2.0827352619
2.021484556
2.6744190911
2.2905578464
1.7886774109
2.2828077537
1.6885203443
3.2687671741
1.6721383216
2.8724300096
3.0386992088
0.7794929737
1.6460338379
1.0125352516
3.1968694897
1.1679580934
2.8428649902
2.4118102032
3.1803459227
2.2104312456
0.9478443584
1.8797798144
2.9439700888
2.5981723947
3.3974755273
3.0107634173
1.4924474891
4.0116886163
3.0104614607
0.7580069071
2.8714837569
2.4709739118
1.0560848955
1.5402285917
1.3616541698
2.7185239906
1.9192531842
1.6452015974
2.560456304
3.677876648
2.7374494595
2.895669873
1.9217513739
1.8475217664
1.0823187721
2.8366949072
2.5145225407
2.4715702499
3.3680459684
3.9463017899
3.0630524947
1.9531604595
2.8651316421
3.062072089
2.6738889545
3.2379995976
3.6577409668
2.7810483708
0.8535692233
1.7825272186
0.9659365561
3.7064155346
2.4688999034
3.1570375254
2.4134270233
2.4884080572
2.35043208
3.485814653
3.414935544
2.7716640898
2.063469241
2.0620724741
1.9501744958
2.9287163227
3.1019968435
3.23865631
3.1895679707
1.9709569817
3.1731985695
2.7643771062
1.9141238983
2.2583206231
2.4061068715
2.5011200886
2.5813535659
2.1818287787
2.0614949622
2.9268241874
3.7007033947
2.6902924353
2.688061059
3.0105066736
2.2405899503
2.4062454108
2.518769137
3.6685451996
2.4012398497
2.7807673187
2.4185164565
2.6079692058
1.1180839686
3.1780663159
2.8545980908
1.8291585412
0.7733024626
3.0720067951
2.6357900227
2.8167828985
2.7750382202
2.9997539952
3.4670722233
2.8422672142
1.5653844959
2.9505715397
2.3940538134
2.7883321808
2.8053024862
2.8698206619
1.2535692332
1.8941840763
1.7321408681
3.6674908174
2.5304958232
2.8586923689
2.8464203782
1.3876899361
1.8971668312
2.0445520971
3.5877118443
1.9078239451
1.9580579934
2.865183388
2.8044297207
2.9271664026
3.2841522018
2.9827509638
0.86174465
2.668884498
3.6247490602
1.4391235549
2.6095574841
3.6808521632
1.8266668111
2.5507171041
1.5889964095
3.0352821959
2.1146145137
1.7909671488
4.1354873085
2.9484420843
3.2478917083
2.8806455694
2.8945615286
2.5618670087
1.7959328965
2.4860185695
2.61962749
3.2560815189
1.8363608301
2.5555853295
3.1942862267
2.2032930669
2.5958216502
2.9592830558
1.8353543409
2.7942667696
0.0225051882
2.5263816308
2.640498236
0.5696849041
3.4888167832
3.2715962483
3.1034686584
3.1385614763
2.2426701657
1.6808425021
2.1971857708
2.7971409364
3.6876416659
1.4469955062
3.0106213621
1.2289978241
3.0565845002
2.4268133303
1.1504979892
3.3002533356
1.72170002
1.5428311953
2.0145002718
2.1139795411
2.7149210529
2.8677977709
4.2756369163
4.4414413229
3.0575484234
2.0228932758
3.8414177865
2.3205158613
1.8744540556
2.763154114
0.7790687062
1.1361253216
1.7702367232
1.82954966
2.9638216924
2.3852435393
3.3117692384
2.2765157077
3.2856062932
3.0345096623
2.6691190027
1.708294738
2.5577806666
2.4251679809
2.2551069089
1.4465619473
1.9842718213
2.1615581203
2.2457936296
1.6601028873
2.1193313403
2.0375581446
3.2309346737
2.1751981064
3.4062012715
2.0059744075
3.1041774151
2.7214017783
0.837099996
2.9221759875
0.796532906
2.8821555584
3.4289993344
2.3628244293
2.7678344032
2.6735834324
1.9033647603
3.1290247737
2.0526429845
3.6438860137
2.0777931476
2.5727696607
2.1567596643
1.9291815322
2.5907513003
1.5118620954
1.6277962029
1.452239694
2.106083568
3.2084712685
2.5271441281
3.3854955427
4.1369799268
2.1413433963
1.8825572008
2.5364917889
2.1987883896
3.3600905637
1.9864265111
3.3058572938
2.666950878
2.9639352962
2.178313006
0.6432898731
1.8064651717
2.5147892415
0.9332283223
2.6004329961
2.0255796334
2.9100979724
3.4426932544
0.9391733659
2.1732773544
2.3416468105
1.3800067367
1.3764899669
1.3377423704
3.5235531698
3.9870579551
2.2796711449
2.1121767992
2.6070382787
3.1493897829
3.1669846811
3.373706297
3.1659880944
0.5444574464
3.6195268906
0.8369854105
0.9983317516
2.9452245621
2.57701389
2.5492509669
2.5044837753
1.2977565359
1.9102933074
1.5508356362
4.329548887
1.3269414724
1.2615654942
2.8327886538
2.1794715881
1.5957560231
2.7801304343
3.0296886623
3.1868948897
2.0083886807
2.3672380013
2.3014218987
2.7191841096
3.0900431513
3.7461047968
1.606859751
1.9758090978
2.2525190051
4.4600249739
2.1727219681
3.5199832685
1.929665944
1.8835926
4.3672336796
3.8182386282
2.7824325113
2.5082690052
2.209746021
3.0857548736
3.1282294206
0.9924830196
1.2086030355
2.1341716639
3.1708819158
2.765478889
4.1764449304
1.7006680073
2.7369756096
2.101180685
1.4064184021
3.4248004448
2.6831477636
2.0884502771
1.7324217045
2.1703819879
1.3086269998
2.8152161707
1.9470917297
3.0585234221
2.0790329522
2.3363550522
1.2329763551
1.0147923548
1.7892051542
2.0129225497
1.3012791063
2.1564221052
1.1895617749
1.4838880527
1.3348219399
3.5427804467
2.1081480843
2.6853420146
2.2510787939
3.82182145
3.0195301998
3.4661035782
2.7000289397
2.8950771709
2.2792751419
1.8923704602
1.6060949735
1.7462885947
3.7293694503
1.0536659694
3.4355334096
2.5447169577
3.1955594442
2.3947657049
2.1848461522
3.0565648529
2.2142195442
2.613693244
3.4728947197
3.2941177157
1.9464348405
2.3705620527
3.2569347902
1.6821644944
3.0586146134
3.4235478935
2.5042508964
2.6413881431
3.3320928261
4.2111772914
3.1442977656
2.1937910805
2.5038130059
1.9745419944
2.5197624519
1.3725375244
1.2334467566
2.7755638247
2.7374507302
1.3877532984
2.7220501515
2.5896058859
3.3475116178
2.7919818729
2.0146734173
1.5078363857
1.2648045447
2.7478880067
2.9165691405
2.0226072979
2.3427971767
2.2261572509
1.3913478109
1.3225440809
1.5662356063
2.8686574294
1.8807204197
1.9291453146
0.6238354851
2.9823080536
2.6226532188
2.6043304796
3.0191802584
3.244746812
2.2840085917
1.6233885349
1.816024912
2.9660533619
2.8504583779
1.2604095932
2.2650168533
2.4824552529
3.1008015439
1.6654729227
2.4710363577
1.334620316
3.1366583373
2.284708978
1.9262534065
1.3829671328
1.3746137259
3.6611367471
1.8415616704
3.8628515929
2.1700883656
3.892712638
2.1774931001
1.283640863
2.7281991194
2.6116851106
3.5519156539
1.8317092945
3.1373452782
2.1873974719
4.0203402099
3.2807584818
2.9460511525
1.8697588723
0.7906010105
1.8564141971
2.5731017643
1.5151693115
3.3399712509
3.5731985063
2.1569303432
2.4381713691
0.3631612252
2.1061392561
2.4704120372
1.9916910613
2.8804035489
3.5748478374
2.6418657532
1.9992924028
3.6671565079
1.2888418168
2.7571849165
3.7967288927
2.5328244474
3.863903726
2.0156077231
2.5540680888
3.5748809527
1.8691735399
3.2514170264
1.6320359831
2.3748866018
3.4187864857
2.9286340072
2.4940391377
2.7222086172
1.3682444012
1.9398175437
0.9537199505
3.3150731746
0.7789423623
2.6011885203
1.561398476
2.6774965983
2.7485768264
3.0310091296
2.1039229047
3.6017018009
3.1225318987
1.482713227
2.0372722065
3.5569506512
1.5263014097
3.1432074456
1.4882278522
3.0844256069
2.8338329458
3.0979822062
3.6879109576
1.7599261472
0.877511445
3.2730167693
2.4463003217
1.5159725026
1.4263361547
1.5430590544
1.7321132061
4.0247419669
2.0488166107
2.7002927856
3.3345982815
1.9483592128
2.9824452845
2.2993242739
2.1054438216
2.8158852829
2.280748427
1.5600620416
4.1065346455
2.5365480032
2.5155517872
2.1377302681
1.8204243059
3.3723786052
2.005583898
2.5775501415
2.6033069119
3.9237190926
2.0097138478
2.0003626453
2.1040624934
2.6150905681
2.2522638216
1.9508461181
2.8649354015
1.9895555231
3.9067712672
2.4951492174
2.354622966
2.6363593126
2.7293777394
3.191903222
3.4404149369
1.7063479145
1.4269395635
2.111162254
2.7175435577
2.253416774
3.6504177936
1.2411971923
4.4715061828
2.8445698385
2.7379666001
1.6657302454
0.9934047028
2.6458708236
1.0048675161
2.9454163511
1.8674050775
1.9744791351
3.8803671589
1.7751644693
3.167388585
1.1073705558
2.1021825436
3.9627915897
2.0034545528
1.5701248248
2.7175956022
2.7976868655
3.4154728233
3.5100319702
1.2139975651
3.0626045488
3.3580483755
2.4634018743
1.3531691593
1.4344917823
1.8288405055
3.1118056284
2.3127009458
3.2522150333
1.6660135894
2.9963148207
1.6726157595
3.2884582171
2.5910086209
3.9037924719
1.3553950575
3.6991927856
2.2125358221
1.3054888762
3.9506174307
2.8065015377
2.3400361671
2.6949617299
2.1860344729
1.8771770402
1.0868671684
1.6845983538
2.2421487087
3.4247436918
2.3817653696
2.7814804719
2.272384444
3.284452418
3.0801819638
1.5845614551
1.4438461443
2.8300430534
2.2511738638
1.5123200337
2.7519402547
2.747294903
3.5770322262
2.7150084989
2.4706591108
2.6545716629
4.1641173985
2.5371822117
2.1895194055
4.1778264954
4.3969826946
3.5048486849
3.0175178583
2.8396972691
2.9974021905
2.3711665994
2.2969301711
1.877893913
3.4438050992
3.7525126959
3.8017894611
1.5065054374
1.2477939672
1.7185205254
2.5550389543
1.322415779
0.6681677012
1.4391332879
2.7177144521
1.2347504077
2.8252151327
2.6526935595
1.3460704708
1.9401667726
2.1948937751
1.5889947561
3.0121704609
2.3909283158
0.8308468505
2.8772606279
3.4406133694
1.637401206
3.2032050424
1.9686848629
0.935182899
2.5615612351
3.7055176669
3.0880508919
2.3074974846
2.9601639462
2.4625991833
2.3818209827
3.7545018527
2.6587289506
3.126179283
2.953087183
1.645749578
2.9025312056
2.2845363667
1.5929236084
2.7881656694
2.495012609
1.2871248288
2.5471425021
2.1143248454
3.3439076281
0.6355465239
1.835561
3.4396997892
1.8783230795
2.1213919846
2.1792675128
3.1719944001
2.6430510926
3.2102568783
1.4120022096
1.8055640961
2.763939423
1.2864353958
3.0209327607
2.7093390824
3.1673536143
1.7083638392
3.00854464
3.0562812325
3.4425260525
2.3576129569
1.7918817329
2.0882410172
2.1282458384
2.3835022268
2.2177837949
2.7557064228
3.7308621756
2.050928062
1.9478892445
3.6246260476
3.6542238437
2.1039526348
1.3608285775
3.1187778577
1.6041683353
2.4227769701
2.3797834997
2.7126644536
1.5900729172
2.7003345841
1.6093226278
1.5439059
2.3816136562
2.0133893244
3.7665967092
2.5333245876
2.3901446572
2.100888075
2.4390834492
3.1149115365
1.7347743181
0.908066817
2.9388753417
2.71297112
2.3258443388
3.5928113882
2.4542970683
3.6002447101
2.49380811
3.6618516898
2.9271066942
2.9064524955
0.4645402044
2.5806448445
2.3243894133
2.7610416721
2.5873201047
1.8727534333
2.6045974342
3.3718562164
0.4816795486
1.5826321133
3.1032166077
0.8769568304
1.6473995102
2.1274733181
3.5438909778
2.7317087481
0.7993355777
2.1072374123
1.8074135282
2.0238694961
0.965552995
3.2634974523
3.0748852703
2.968089981
3.238851958
3.0755739223
1.5649581601
2.2651314602
0.98056076
0.2206078023
0.5682574303
1.7315145021
1.6744724472
2.5310226897
2.3364928516
2.6895468006
2.0274799374
2.6875184383
2.6717384283
1.5690019387
1.3723957397
1.02815406
1.7327334448
2.5484138938
3.2980745775
2.0959471535
1.8027093343
1.2943208351
3.7801174649
1.948312755
2.7552938197
1.8470460811
1.9406112507
3.0220474715
1.6932273889
3.2402480064
1.4501498846
4.1259390743
2.8146340893
2.0443757598
3.3882947009
1.0066804641
3.0662635701
3.5049347556
2.7415775754
2.9671123913
2.4275382555
3.0609990156
0.5735348425
1.8094897532
1.4380315748
1.7319854224
3.7537308908
3.3250775189
1.6282594035
2.8309306266
1.0930027075
1.6666857063
1.7837936433
2.7977072426
3.349730965
3.3386316249
2.4880653449
3.1187764632
2.0219225404
3.9658624116
4.350937856
1.403202264
2.1482816393
2.0066264954
1.8725487385
3.0820178648
2.2245260373
1.6865874388
1.7226968956
3.492658921
3.7785341628
2.5349762557
0.8440611784
2.3373580023
1.5709487481
3.824052814
2.0111738707
3.4939104685
3.5006082333
3.1044445155
3.5632873422
0.8140482886
3.8865793431
1.3540417735
2.0467730185
2.4762101258
4.0015309122
2.6370117535
2.0202859382
1.5979140387
1.6905208607
2.0078680361
2.3670546551
2.2892123288
2.3494797419
2.7321965968
2.3932020203
0.716415819
1.0514950933
2.2951482379
4.1204876528
2.5857761827
3.5808075781
2.1358155211
2.0593684074
3.4332244957
3.1141077064
2.2861200034
3.4466048994
2.3503394391
2.432617974
2.3488372587
2.4101537643
2.9082348241
1.4576465345
2.9976392894
1.6014365527
2.4930513108
1.9855353301
2.6851317814
1.9039116672
3.850517567
1.2810057979
1.7792487568
2.7528470771
2.0614385452
1.6279126364
1.7961680402
3.8631632308
2.0735027671
1.9289463193
2.8296927136
0.4489973084
1.3700930353
2.1031449546
1.8942305871
2.90792668
2.919234835
3.3332397254
2.6186553941
2.6415216281
2.561956242
3.3579856852
2.3922737963
2.2631445834
2.6927313357
2.0928239913
1.4829872634
2.2391045982
1.8893790057
2.7931313089
3.1074423454
2.3592233886
2.7461633303
2.0324606433
2.4560353059
2.1147783806
3.2526145909
3.0214251544
1.6533047991
1.3135731116
2.5643983828
3.0233922881
3.2797316696
2.9669165314
3.4683038168
1.7157075198
1.8317504692
3.4451373853
2.4237364373
1.7905985698
2.9769677062
3.4515680538
3.1661269414
3.3033719935
2.5762740546
1.8551556415
2.5610028661
3.3044666904
1.8709615571
2.9576035775
3.3715644333
2.4424290884
2.4208103163
3.7556489075
2.7614907017
3.1901398262
2.3008721494
2.1296663655
2.2535587652
2.9629029995
1.8082634832
2.4799540706
1.5657654058
1.6377550548
3.788727357
2.7669887033
2.3767185956
2.9366258578
2.5593987841
2.8129180168
3.1115310163
2.7397831447
2.5041783688
2.4707129881
1.5223534816
3.6019382106
2.3644746907
2.3530474521
0.9968098399
2.5208732015
3.9280891836
2.0235881919
3.0220446065
1.5498728063
3.0880561748
3.0786265307
2.5817453595
1.7363712618
3.6768074316
1.8513239703
0.8670248707
2.7056412555
2.7175816158
2.4375924576
2.6946995613
2.9735681789
2.3144103548
2.697381691
2.3504232684
1.5699912601
2.1922189919
2.5937868022
1.590373297
1.3878749207
2.0568984342
2.8663511371
2.4138435552
2.4984288058
1.2512096079
1.3447703814
2.1660189922
2.1620714236
4.217479904
3.0426581718
2.8002166846
3.4487827379
2.5238040349
2.2480887239
3.452419397
1.9508379148
1.7194210222
2.8263099584
1.9755498128
1.6985332719
2.0265856267
2.0783305551
0.525150275
1.9066397532
2.8515225995
4.1566044363
1.9768657036
2.7422020037
4.0164440732
2.484327917
2.0836531834
2.6963152368
2.5870122436
1.6005077908
2.6048286859
1.6697825997
1.9828009839
2.5575232011
3.2106673681
2.9618733631
2.5016400489
3.4953329835
3.8152263603
2.4245336221
2.0525518319
3.6550776239
2.4926499172
3.4267574877
1.8652124121
1.5400709489
1.5796564153
2.6491950916
2.4326064186
2.2435322862
3.0501175703
2.4109434956
2.9326045402
3.6732017489
3.231974748
1.1055896302
3.9532687562
3.4697447323
2.7836195335
0.6897505724
4.0877461125
2.2676312558
2.2969852588
2.5205963319
2.6036395344
3.8830396383
3.3456887411
2.4533439587
3.4286611991
2.2766983291
1.183838772
2.0982713208
2.1270247383
2.422402418
2.476243069
2.9342574927
2.2292844666
3.7482332245
2.0063571481
3.0269685722
3.5645105825
2.6705347426
3.5521688668
1.2389111737
2.6139557505
0.3676996394
1.6836920345
2.31313651
1.9192011279
2.5707811271
2.1077155463
2.9386549117
2.6756740267
1.9340697073
1.2876703751
0.394914125
1.7965788014
2.4823906752
2.7365419043
1.5736577039
1.6126847784
2.1135174318
1.4203987802
2.3158138942
2.0401431336
2.7662417304
1.8829306671
2.8168694084
1.8094390937
1.453053561
3.6113717509
2.6169960671
2.33395495
1.5236095296
2.6058888331
1.5271129371
1.9258936499
1.6332120371
2.1448533411
2.1846366241
3.6688120044
3.4712002934
3.1438298053
1.3496559355
2.3383622052
2.2909131161
2.3243079017
4.0429019036
1.930732772
1.5156743704
3.1718568524
1.1489019255
3.8926200242
3.1764682061
3.8984826923
3.0787024027
2.719370612
4.310137836
2.6257366188
2.4917688187
1.969138029
1.8166536162
2.4854556348
2.9438985859
4.2750833179
2.1588920965
1.8840346269
2.1821217089
1.4387774758
2.7683810057
2.2522615561
3.467223368
2.3520888737
3.4815594986
1.8949205686
3.1630694013
3.355835996
2.3532469555
2.6793651911
1.4392271397
1.9629892815
2.6894619694
2.5412127047
3.589178174
2.8365369584
2.4993044936
2.7751704315
1.4129144338
1.1142821027
3.0424058733
2.1349220694
1.3027984476
3.6376962289
1.2225440082
1.311630788
2.6480370479
2.3778181933
0.9737671091
1.1879798196
1.9324273297
1.5911453295
2.765688388
2.4527599307
1.5217092477
2.37018377
