mean = 1.118, std=0.322, 9178, [0-2.5]
1.4063802304
1.5415511254
0.7510250896
1.5565417176
1.2269472585
0.7012199065
0.9290629234
1.1560183698
1.6726408033
1.7009735157
0.794898898
1.7264392614
1.6714356773
1.1062974087
1.3893759735
0.7731694728
1.0545603288
1.5614050405
1.3801939526
1.6798412602
1.247151617
0.5385226032
1.4505746706
1.6030213497
1.267530242
1.3431522
1.3283362924
1.030055374
1.2469218215
0.8125345571
1.2925473728
0.5219682294
0.9275509788
0.576836828
0.7004567482
1.4170642815
1.2821529094
0.9649411567
1.6483512684
0.5332897423
1.0684777896
1.0210843706
1.351236511
1.383572355
0.8318371318
1.1098404734
1.0740571181
1.2389481986
1.2956573244
1.3400166321
0.9266872663
1.2684003859
1.2465897719
0.8015038736
0.7384025246
1.1167805672
1.6807737082
0.9856727462
1.1874392682
0.8736925615
1.3365298402
0.9061401982
1.1229076936
1.2860686555
1.5145283465
1.6790995064
1.156289788
0.7684625024
0.7835942957
0.9085520361
1.4392107726
0.9053250228
1.4058517764
0.8944057423
1.5914697196
0.9940559247
0.8433007119
0.9021045469
1.2131040819
1.0965310237
0.9955108264
1.4263436354
1.1874362455
1.1583287437
1.5644615806
0.9360548863
1.3425962309
1.3390376257
1.0201445709
1.173094847
0.6569418288
0.6010350095
1.1429767929
1.3657959646
1.6030651032
0.7554995004
1.1739154981
1.0933774077
0.3928152792
0.9828024195
0.8009416885
1.3825358879
0.9596037779
1.1411444814
0.8054525549
1.2013120479
0.9139692997
1.245699844
1.2770148845
1.3333753436
1.078089787
0.6741913595
0.8792145716
1.5564632058
0.7878325655
1.4200069928
1.1490881052
1.9754653871
0.662103303
1.0716874914
0.7176641845
1.6889594664
0.2861371494
1.3612025533
1.409502225
1.4787576027
0.6754697123
1.0363673191
0.9109015841
1.3891320578
1.0624833563
1.5510405923
0.8257673105
0.9147888857
0.7783543352
0.764721459
1.4796621272
1.1828515432
1.1584398338
0.7775310263
1.4559887667
1.218182271
0.9948971963
1.12879397
1.0380539002
0.657194502
0.8906848297
0.7453010492
0.8282687175
0.8907224826
1.0508585236
0.5880428516
1.535725415
1.6320201321
1.1107280943
1.1094273874
0.9833281528
1.5307911666
1.0106368564
0.7254976205
1.3669746675
1.0279694562
0.8925188639
1.0398037199
0.699186694
0.7586257696
1.6242742366
1.6678218641
1.1791535112
0.6174218912
0.8853360228
0.9968102182
1.4142638145
0.4247195313
0.5661137293
0.8097432914
1.2413783098
1.3170671839
1.2401898908
1.078400476
1.1561218704
0.9458929384
1.329897258
0.8343226215
1.2747952861
0.8277886355
1.0099864611
1.2212047124
1.366947866
0.6684989116
1.591760929
1.3620644059
1.1074406759
1.0661201564
1.0750322828
0.9551575008
1.124966984
1.1267935168
1.4098968918
1.3831547882
1.2372225669
1.0185915162
1.4026122554
1.1446185151
0.9947016113
1.6159754782
1.4899293514
1.1586806989
1.2185380059
1.1889075833
0.8560297731
0.9504605054
1.0946176196
0.8808169471
1.4440129336
0.841168774
0.8759568192
0.8119283145
0.8778178813
1.0659894365
0.9595010836
1.5778992044
1.0614950204
0.8293659803
1.5398113135
1.7776199424
1.0685803529
0.725355896
0.9091065098
1.0437933333
1.1954133799
0.9132196081
1.2020307845
1.297399033
0.8714644457
0.735836164
0.9462233515
0.966456161
1.0565382078
1.1244420738
0.6776997171
0.913486716
1.3902219025
0.5098611922
1.5904978819
1.3157096572
1.1089078069
1.1818805541
0.8879512342
1.0848364597
1.6936463935
1.1559567779
1.1351636688
0.8819862079
1.1091409115
1.2198817387
1.2678901976
1.0328063323
1.0090914947
1.844552078
0.5465985112
1.5048306399
1.556360179
1.3846895894
0.7033956524
0.912883098
0.9812446764
1.2684231313
0.7654343936
1.3069132852
0.7178547808
1.2454190256
1.1133993311
1.3656706592
1.3010115502
1.5376127889
1.5145615076
0.9801897369
1.285762766
0.8447083224
0.5160876921
1.329277869
1.1181187509
1.1018927322
1.5395094193
1.2079088377
1.2144718746
1.4650984976
1.3954192414
1.1803969903
0.8270749008
0.8907012455
1.5070714849
0.5072185669
1.1099510504
0.8083843505
1.770748757
1.2987942324
1.1184812097
1.0947511317
0.6169873554
1.2704455529
0.5640247322
0.6467985097
1.1355790385
0.6997041239
1.4105313026
1.4097987992
1.3080762578
0.7843839681
1.2505383924
1.1331107987
1.738301526
1.241270653
1.3894336491
1.0807361441
1.0632839039
1.4193772317
0.6734568022
0.7604218008
0.8153096669
1.028975051
1.4270477541
1.3929421533
0.6192820466
1.0359298778
1.1398039088
1.0504728669
1.2481309567
1.2232069982
0.9418425399
1.0626777303
0.4254036128
1.8089765998
0.8074108925
0.7169002888
1.013331264
0.8450651091
1.1097785161
0.9848888883
1.6528139494
1.5711803418
0.5972724017
1.3230958883
0.9199977259
1.055443979
1.1568224241
1.6261895367
1.0512518619
1.8010311804
0.9506532141
1.2879412245
1.2564749963
1.1497237699
1.2851712627
1.2566423524
0.8212133209
0.752608066
2.1201567722
0.8124515055
0.5253718676
1.1676803048
1.499403785
1.2589897654
0.8360767993
1.0103551107
1.0863588239
1.7905711776
0.7932820336
1.4594967714
1.2376084232
1.0166116696
0.8366569229
1.0598928045
1.1035891025
0.7409992902
1.1909450516
0.8762413291
1.0236654285
1.18555626
0.9028336931
0.9403943081
1.2139862815
0.916242233
1.4182069251
1.7980820102
1.3156297015
0.9887322084
1.1864498197
0.7196078212
1.5425425286
1.495826336
1.410058602
0.911751878
1.1949650891
0.4740876338
1.0574357847
0.9609719013
0.8000264057
0.8219944501
1.055485154
0.6949672306
1.1984298203
1.0946183541
1.2831835429
1.2868191399
1.2322354287
0.5297198167
0.6404952457
0.9671962172
1.1430307993
1.2460199336
1.0428809998
1.4127726547
1.3041707308
1.7173375016
1.1434109134
0.972172199
0.7158690119
1.2088253943
1.3654001421
1.0559515048
0.6883642418
0.9174099776
0.7895731643
0.9314607336
1.0695722767
1.1400197837
1.0836807058
1.4890326669
1.1326723069
1.6286876894
1.2315296252
1.6733075423
0.8915028619
1.26518579
0.9391000448
1.2613317496
1.2824395548
0.6385155201
0.9058345588
0.8739379277
1.2577983879
1.4441252589
0.9892440621
1.3672659174
1.264478267
0.3262939031
1.2014693779
1.025476635
1.5619381882
0.1562105558
1.0877557601
1.0566879903
1.0865132245
1.3561338364
0.9697775426
1.3718860797
1.0949685755
0.5387305119
0.8184157783
1.3074220155
1.0966904543
0.7883006592
0.9863212269
1.2058321387
0.8376266997
1.3236583395
0.8937116755
1.5649488264
0.9199413379
1.3512189187
0.8339738853
0.9376232647
0.6889338357
1.17997596
1.2717025561
1.155784033
1.0578213684
1.2373302933
1.240078613
1.2677833862
1.2298804224
1.633139606
0.8573673915
1.2955792246
0.8868531757
0.7390460979
1.2057607244
1.0777613375
1.084736408
1.2525957806
1.3562672787
0.9942594531
1.2526528854
1.0499441418
1.4408231456
1.4290194175
0.9074868065
1.2109282536
1.1849482675
1.1510318235
1.4806475889
0.9157491809
0.9658210625
0.7387528801
1.6181961143
1.2382893864
1.1015219498
1.2329112885
1.154259398
1.2398132087
1.1535853313
1.3067399489
1.1362623161
1.9213048616
0.8681301594
0.7161663951
0.7229319032
0.6274737115
1.0403586321
1.0763257324
1.0077059217
1.3491308278
1.2231414785
1.3580693198
1.6001807631
1.7370999038
0.8379602776
0.7688255497
1.2834753981
0.6941831304
1.1386140081
1.1426099027
1.467557446
1.1058756543
1.0310846019
1.2609959148
1.3264675244
1.1342883022
0.9920800758
0.7845658345
1.1881202278
0.9131539863
0.5710616627
1.3402690651
0.8936456024
1.0714624903
1.2757231856
1.0020515307
1.3215977167
1.0321311472
1.2717501447
1.2906823
1.0713834779
0.4555625024
0.9772612085
1.0566554983
0.921118576
0.8438327527
1.4149139237
1.0612606606
1.5091879941
1.0291805918
1.3550264472
1.0338724227
1.3989736057
1.3404163709
1.0175637335
0.8652219618
1.378175593
1.6454960347
0.974332336
1.2608474151
1.0683966449
1.4297713109
1.354751307
0.8075202627
1.4687827879
1.8654744993
1.1297418058
1.5033618943
1.1897191142
0.7910569683
0.8470758072
1.042330017
1.3339348932
1.4197150341
1.3776791225
0.9662271112
1.1456214665
0.6866432382
0.7263494152
0.7650512188
1.2674557813
1.114208806
0.8352200598
1.1140706564
0.7812528945
0.6040110178
1.4527603199
1.167157542
1.5922924587
1.2838446317
1.1853950735
1.4071927704
1.4948005756
1.8544540885
0.099480921
1.473877589
1.2101762205
1.8664094981
1.1404543986
1.1015705577
1.3906062018
0.8780082184
1.1165628903
1.5322611697
1.178703845
1.4451863194
1.3238695916
1.188033445
0.8976900793
1.2565434753
0.673484003
1.2214946067
1.2517155284
1.3151458303
1.5142681618
1.7954017704
1.3549362056
1.1842865619
1.5892202946
1.1831692445
0.4371337177
0.7413960784
1.4698513106
1.1054260133
1.444750533
0.8578934761
1.1604178733
1.2248340835
0.5226746851
1.2119825495
1.0047880433
0.5876615383
1.1096835517
0.8385275967
0.7449299898
0.853495968
0.7797248175
0.8344619565
0.5648073926
1.229375889
0.9322823464
1.1492942232
1.2824602762
1.1173873415
1.1470284607
1.0737288359
0.7462664111
1.1103190385
1.4559426283
1.4867783222
0.9211418333
0.8568367959
1.1707691286
1.2337672509
1.050662147
0.8540398544
1.641308799
0.6705113813
0.7160101622
0.7733909991
0.806500001
1.217254034
1.1779225118
0.5954769127
1.5961282296
1.3140858756
1.3230796379
0.6269919951
1.4665420769
1.6040572622
1.8117006203
1.4643730425
1.372789643
1.1288972163
0.8205587146
1.0353727093
0.7615560738
0.5176942753
1.6163497119
0.9505156903
0.9451599644
0.9791041066
1.0914974588
1.2405823219
0.4895134383
1.4411934331
1.1659113142
1.4574886215
0.9922251109
1.0744158211
0.6018804326
0.8199463086
1.2533563732
0.977235564
1.5279303515
0.7370371355
1.8491094753
1.1504176301
1.2933622996
2.1744992263
0.9379546738
1.0485935614
1.0896929199
1.3496034335
1.4105989526
0.7061702162
0.8211941933
1.0024016197
0.608942712
1.1357696219
0.9816791441
0.8181601979
0.8573805493
1.5403306276
1.2645311668
1.0926308265
1.554018839
0.7130061933
1.3307529758
1.3215261581
1.168220651
0.8286148648
1.1973377919
0.9492496437
0.7618413633
0.8614519067
1.521578807
0.6468158077
0.8933381552
0.6004611402
1.0709077469
0.4062437317
1.5255917414
0.843373785
0.6933191194
0.9560897936
1.0825714035
0.7088034551
1.956230531
0.9783567811
0.9468472135
0.6234544945
0.9476804129
0.5774317519
1.1224808615
1.3469657711
1.2258462921
0.6865263743
0.6679352139
1.363710706
1.5402947481
1.1453848429
0.721999762
1.4199968214
0.9836612463
0.9437036156
1.3315238193
0.3758913948
0.5842321825
1.2578723347
1.2025525998
1.1391784747
1.3151045588
1.2936769108
1.3682005233
0.9380750748
1.280046055
1.1639844242
1.0336463649
0.6222581028
1.3668913991
0.9832087724
1.2062314386
1.3264636498
0.7144289413
0.7524144094
1.1581795115
1.1061793261
1.5137929368
1.3878594765
1.3196315591
0.5932182241
0.6501623057
0.683809554
1.3871614605
1.6269511421
1.2720212385
0.7587906797
1.3083500171
0.7240531359
0.73595886
1.2341168847
0.9754446046
1.2454667374
1.3343652489
1.1857207066
1.3252494622
0.8853852593
1.3202370872
1.7264668889
1.476103027
0.6791722118
1.008236664
1.0105959293
1.2732100924
1.1979453755
1.3770104978
1.0092762617
0.8540989542
0.6800529046
1.3580198129
0.8536998401
1.0267376862
1.1600005072
0.8791893767
1.2351704069
1.1055744862
0.7871048686
1.3688065319
0.7068727111
0.9437907548
0.8880443777
1.143037255
0.689688014
1.0409694243
0.714487348
0.727325234
1.3715433375
0.9414546456
1.2026072705
1.6990481498
1.0633604384
1.282082684
1.343522405
1.0634892293
1.2469394377
0.7230305187
1.6024365397
0.8325409113
0.917123184
1.3865661676
1.1080963404
1.3548612975
1.0332170153
0.9237079398
0.5446232766
1.2626575928
1.0609681009
1.0790634529
1.2079008847
0.6164029216
0.963776501
1.3588603354
1.283628874
0.7484573463
0.7558721913
0.6913506708
0.3434476349
1.0556690824
1.2470051292
1.3085403097
1.1433100485
0.7214210989
1.226440811
0.7502718429
0.7621095638
0.7031770817
0.77337115
0.8087993769
0.8428983788
0.9652846388
0.9643351543
0.8669144027
0.9020621006
1.5180295011
1.2899148694
1.163224883
0.8289042481
0.8608188938
0.6602740557
1.557409353
1.2931730873
1.1648969141
0.9616169324
0.8061688782
1.2185567918
1.8440665613
0.8115782108
0.9088351056
1.0338789366
0.6527198875
1.2723655662
1.0385367215
1.7993772435
1.0383667204
1.2170114657
0.7905396833
1.0209043045
0.7995651804
1.3435359719
1.4824334074
0.9947447136
1.2736699698
0.9438676257
1.1428406227
1.4283852052
1.1975697494
0.9812044873
0.9485902238
1.0797569646
1.0552877678
1.0023770092
1.1653293734
1.3277502336
1.0566762763
1.0607970507
0.7477402112
0.4851510013
0.9401543137
0.9653214859
1.2453603739
1.6706209472
1.6074263451
1.0840555767
0.8912665247
1.3495416349
1.3447905941
1.3258610327
1.3288918204
0.7163810246
1.2700742532
1.0884133414
0.8609657996
0.7030376219
1.4172091932
0.8173385013
0.802754805
1.256163831
1.5206031561
1.1314656992
1.2894303385
0.7894830952
1.6587592014
1.1511492386
1.2684284832
0.541958372
1.3997889545
1.3338471536
0.7403185097
1.1383235451
0.9727869999
1.1556673008
1.0356155719
1.0490649407
0.824413523
0.9064322955
0.4618513819
1.5785624596
1.2453688859
1.5995873407
0.8026798171
1.5728487929
1.3829582964
1.180950169
1.0695318442
0.9086571933
1.3372204689
0.8788878075
0.629002074
1.3531420749
1.2607920502
1.3011779522
1.2352740503
1.0523267216
1.0288277257
1.4080911349
0.9652377626
1.4061586763
1.3766867595
1.454916648
1.1226491009
1.2297730121
1.6504689613
1.0727356406
0.6180673147
1.4758329909
1.2259476343
0.9984673508
2.0026173407
0.8740792885
1.2442799198
1.2038250219
1.0258753629
0.7735998587
0.489007453
1.0540262643
0.8285014879
1.3112896584
1.0115883036
1.4403312654
1.3195222177
1.1757203871
0.8196334874
1.6722044541
0.9162826147
1.5806033797
0.8736478657
1.0143125396
0.6817434567
1.233599174
0.8242656926
0.5730893027
1.3087816092
0.9918404832
1.2514273138
1.0230330799
1.2226735875
0.4688621291
1.5508859531
1.3896962943
1.3310556114
1.4044442811
1.0225590925
1.2141451794
1.1793887235
1.1423731843
0.925766813
0.8996179272
1.0789817901
0.877869596
1.3942050873
1.8264230984
0.513526773
1.1469175737
0.6808870578
1.3914660766
1.8570519857
0.6359412435
1.6170368231
0.4458923674
1.2721325652
1.3707833713
1.1456809459
1.5051487048
1.5288734181
1.2214757785
0.7673616767
0.8671749115
0.8261253104
0.5618454329
0.7181686027
1.2134402871
1.6177423378
0.9979330075
1.0453745079
1.8112994374
1.6343183102
1.2656538773
1.8478859288
1.352617621
0.9824292152
1.2529807873
0.8950628284
0.9451351891
1.2688286058
1.1405892908
1.0461725448
1.2018597557
1.3357715762
1.1860073609
1.1600118867
1.1860382574
1.1276398015
0.6716140539
1.3053270626
1.9760652514
0.9980009722
1.7296734152
0.9909784238
1.5071249519
1.0814648454
1.0476887377
0.8670989186
0.7489595136
0.9575053871
1.3116077973
1.3698352314
1.2811970595
0.3696135591
1.4425405756
1.5755670212
1.3569773741
0.5648336694
1.0182332605
1.2909546019
1.3149134578
0.8741927701
0.9199346546
1.2624222099
1.0999291991
1.2195902277
0.8870769207
0.8199663967
1.4248343117
1.3527126277
1.6042417819
0.7198157148
0.8262304691
0.7041026624
1.1098399941
0.839390873
1.5232655448
0.7040922791
0.5700739389
1.1644942368
1.3586180349
0.9602637165
0.8222606507
0.9844161308
0.8587207087
1.1262938223
1.5426506528
1.2240164258
0.7085581701
1.0289054238
0.6029769611
1.1191358562
1.0627350549
2.0240490369
1.4026386389
1.1065202797
1.5207061114
0.7668906362
1.0281926959
1.5869790054
1.5650958069
1.2996257217
1.2150383154
0.9882167838
1.6081870844
0.7475858774
1.3159576751
1.2390905833
1.4293221036
1.0351164435
1.3350642995
1.431996479
0.9697673068
1.160393679
1.773598595
1.1579911965
0.9768755641
1.2159964464
1.0032632625
1.3418859649
1.0480799468
1.111923408
1.2820744504
1.7370642037
0.9745012541
1.4353663084
1.3242973465
1.661145408
0.5223695931
1.0000179955
1.2532204403
0.9319341323
0.8807057033
1.2973168344
1.2203168837
1.1918569935
1.2512700678
0.581365276
0.9930134198
1.0787393909
0.8917073906
1.3010190754
1.460432057
0.9319399832
1.3164115944
0.7672067419
1.4339524082
0.7684294446
1.1898707698
1.0079973382
1.3969076505
1.1211514843
1.1097032064
1.4916736484
0.996795703
1.0771967699
1.6954170346
0.5635515154
1.7382178448
0.8346220492
1.2571669712
1.1884074273
1.2642817343
1.0035946383
1.2166786077
1.4021003257
0.4534037215
0.6743000842
1.74800768
1.2433205756
0.88160966
1.0394537926
0.7432462954
0.9193338177
0.9088888309
0.9779776296
0.7876359357
0.9923369818
0.7426705987
1.5031506593
0.6950610274
1.5933257482
1.0357316407
0.5808689205
0.9874161131
1.3212293673
1.3829857739
1.1544135194
1.2742940187
1.5192724353
0.6034842661
0.9526877297
0.5769036169
0.8419998038
1.3058966365
1.3074174491
1.4928634044
1.1850998271
0.6449993577
1.5764825876
1.3894814443
0.9361569547
1.1534045345
1.814838392
1.3016197678
1.4368996735
1.0639952273
1.0943760044
1.1672831728
0.9199705436
1.3342509921
1.1212378189
1.2393783599
0.9564364426
0.7686081951
1.0983778527
1.0048290882
1.3756184149
1.3670222756
1.2584011116
0.7609189569
0.468282816
1.1665707942
0.9500655935
1.6170672669
1.7854092907
0.9367940414
1.3899977963
1.5236573922
1.1976000197
1.502925812
1.6289970443
1.1578688622
1.3138189729
1.1804272333
0.4928900573
1.0748264842
1.2389386281
1.1352179079
1.0132486757
1.6110531432
1.4246938634
1.4505143921
1.0134371698
1.193992595
1.4846489004
1.6017913454
1.2583585715
0.8549431995
1.2455003971
0.6482207231
1.0421409402
1.2569997589
1.6023510096
1.4018612121
1.1056293161
1.3421323023
1.0506774067
1.732277774
1.8444769681
1.4719651121
1.0272517643
1.0815029852
0.8976418152
1.3715380592
1.5009887556
1.5572277585
1.1653014151
1.1987165893
0.7830163735
1.5301672939
1.0779694249
0.8536973741
1.5300529122
1.3481722854
1.5004143212
0.9352129372
1.2625960708
1.2546548406
0.7445053646
1.0426315821
0.9259762189
1.3025620346
0.9337265907
1.5238135753
1.4209627779
1.0282108151
1.1164084861
1.2821313799
1.4308929572
1.2077100476
1.1787662236
0.9729732641
1.0828692719
1.2998353795
1.5035667786
1.3065570201
0.4489635068
1.2639812468
1.0682854618
1.0677230425
0.7352139582
1.4063296262
0.9719126566
0.8971733978
0.9877136765
1.0161196938
1.1557520847
1.168268621
1.0330628641
1.0349901974
1.1305038857
1.2487183812
1.6505347871
1.3079887848
1.0366148566
1.4276770798
0.7621616335
0.6192702459
0.6750776851
0.8031824607
0.971344029
0.9509042224
0.3905443116
1.1503551781
0.6971443172
0.7797247416
1.2259070678
1.464922704
1.7448643314
1.1755666908
1.997359245
1.1614357139
1.1305775613
0.9771051049
1.0613265418
1.1114885161
0.6458350152
1.5091344312
0.6301404362
1.0663869308
1.4210263656
1.0319866633
1.2109401528
1.4111318445
1.5066082549
1.5959102302
0.8364925378
0.9096216794
1.5268070146
1.1941396975
1.1211993337
1.2103806215
1.4120875121
1.1438603877
0.8496106837
1.0808139302
1.059612226
1.705878358
1.2164897152
1.28266892
1.3058954975
0.9913677104
1.1318147723
1.1640046386
0.7934031226
1.1683796216
1.2821296308
1.0584179788
1.4333622182
1.3167397338
1.0027424749
1.0810729713
1.025155947
1.3618944825
1.3195628669
1.061552752
1.2811649102
1.6332538753
1.3713285381
1.2921043113
0.72230903
1.0281303982
1.1921022934
1.0852673608
0.5901744573
0.8789070511
1.4306602322
0.4266831762
1.4713210916
0.6618691009
1.2588719114
1.1182711687
0.8673849237
1.1762041243
0.7435140199
1.2607600428
1.1993141262
0.6068811456
0.6079218863
0.7879998945
0.4558531616
1.0655617176
1.4281260346
1.2142387831
1.1343504727
1.4715530102
0.7015134586
1.5459221727
0.7200371234
1.1318198909
0.7749818532
1.1661871286
0.2848913368
1.3524604571
1.4499973685
1.5636771496
1.8344837545
1.1222427658
0.9222372435
0.7071354539
1.1244344438
1.1877212367
1.3484865573
0.6723930346
1.2522889065
1.1318055603
0.8123590298
1.6147950644
1.1917530499
1.0700207089
1.6239088943
1.2473030269
1.0792312781
1.4378601431
1.1444548932
1.1617170627
1.2687270021
1.0088806493
0.8900367674
1.1822084785
1.4760382817
1.0421822924
0.7278825295
1.0726392174
0.9494786289
1.0377033567
1.4295946635
1.0395681058
1.0283361624
1.0031018818
0.7708252154
0.9111593155
0.6803549838
1.0608311099
0.9083271874
0.9470410154
1.0571064793
0.7387411233
1.1141199618
1.2928849985
0.8944554463
1.3722504711
0.6529370823
1.0314419411
0.2541689263
0.8703055595
0.1661798676
0.8345897529
0.7740240265
0.9189795511
0.817191637
0.7684981767
1.1987311675
1.5326406651
1.6169869621
0.8708557677
1.1041135525
1.0163902567
1.1373007552
0.9158411375
0.639404869
1.0665030909
0.8158921187
0.4942107162
1.662839234
1.0618138597
1.6876447136
1.3479941148
0.3363957752
1.2687027926
1.2924582783
1.2379233936
1.1604329339
0.8675104518
1.3584805953
0.878205659
1.012016045
1.5145723889
1.4607086144
1.0385743356
0.9657714744
1.2068763126
1.5501405961
1.547971917
1.1926738584
0.9787809068
1.4560342809
1.0714588863
1.5388132817
0.527893084
1.1442953799
1.3023981161
0.8226533372
0.9822825399
0.8328421805
0.9692887886
1.0397576495
1.1573877076
0.5851584869
1.1607766823
0.9255176217
0.8923233799
0.8940155673
0.7902548735
1.668801471
1.6072484007
1.411221861
1.3136976575
0.8183377907
1.0030348744
0.8341262504
0.1594675076
0.9643265772
1.2865684253
1.2208960869
1.1529166298
1.0687168883
0.9375563262
1.1194394162
1.3470907818
1.3479874133
1.1798498042
1.3328823434
1.2382743583
0.7451442583
1.1216494409
0.9916868315
0.690953083
0.7815890542
0.8451243899
1.261743552
1.0625630889
1.2817627649
0.9078299742
0.3690885668
1.1441792737
0.9299189104
1.6362271299
1.5428026881
1.0304385533
0.4874792032
1.2610009525
1.4345377649
1.730858155
0.6095841797
1.0779126905
1.1851306168
1.2746702731
1.3051957817
1.2421821872
1.3123915883
1.0145537494
1.1843983234
0.7337077107
0.6115991114
1.7777307844
0.9350930123
1.1954783533
1.6899843284
0.8305241087
0.8391496713
0.9867768459
1.6002905423
1.0287484502
0.9239769012
0.7872437819
1.0341373404
1.0152967516
0.7573313676
1.0654514672
0.6897162273
1.2119097489
0.3830840388
1.1775536031
1.3774187524
0.8859504009
1.0760383162
1.1743534185
0.6217580377
1.1151060406
1.2354934393
0.8709438033
1.4343884164
1.7287757976
1.4468058879
1.1229419144
0.929424534
1.3318293331
0.8875832248
1.6720670199
1.2166630543
1.1998778988
0.8143240291
0.6874258928
0.9063075773
1.4638435076
1.5518781491
1.2865839549
1.3107170808
0.8801792426
1.1798477944
1.4014782867
1.0397465602
1.8493363553
0.6867384965
0.9684029281
1.1273080295
0.6196436947
1.3112052717
1.1638914241
1.1418133911
1.4252653743
1.4641144273
1.3766370767
0.9656035639
1.0794440126
1.3375070221
0.7232130661
0.723008804
0.920742213
1.1379938225
1.7366405795
1.2966389293
0.9601908276
0.9413484872
1.4522684797
1.5530418705
1.2328761905
0.906415831
0.6840865515
1.4359601822
1.1869858082
1.6418403012
0.6207700833
1.1869219736
0.9353625742
1.422414613
0.8367310782
1.0715665718
1.0310470643
1.4209566059
1.2658568592
0.8558732903
0.9658487168
0.7613769337
1.2610241899
1.175691854
0.8107333007
0.7813191884
1.0987875308
1.5460201764
1.1603232006
0.5268537861
0.6007795651
1.3949211242
1.0787672537
1.022002393
1.3773225916
1.0063964228
1.1442334065
1.2978147089
1.4829933856
0.9753336992
1.2422493571
1.7481964406
0.6571960064
1.1888864711
1.0480681731
0.9577080313
0.9148195343
1.3442107277
1.9521464014
0.8314762658
1.3679476609
0.842373871
1.8989470306
1.3916630204
1.0565874713
1.3142822968
1.1167721191
1.3995362873
0.9997072355
0.6509911118
1.192174153
1.5501259097
0.8400011825
1.0632644917
1.3343938347
0.5521453425
1.6365067423
1.3493069716
1.1657383547
0.8281902749
1.1164455016
1.1325055005
1.9314537225
1.4585479313
1.690936254
1.2677152859
1.0394623096
1.6055093126
1.1015391764
0.8821943441
1.0334538254
1.2916427719
1.1655250112
1.3420104782
1.9584326583
1.6910441998
1.14643386
1.6967911958
0.7328961944
0.5935723736
0.9533203734
1.1832528168
1.1431118751
1.532918491
1.1508785864
1.0629474952
1.1525958822
1.2985300978
0.4347899132
1.3901137852
0.7740601018
1.1007230104
0.9078806853
1.010504547
1.252437434
0.8105319095
0.9293367953
0.8451845798
0.8415273689
0.9736851028
1.4969274026
1.0947620459
1.0398512781
0.8225668521
1.7185995834
1.0427454563
1.4442536348
1.2124977221
1.0168989645
1.491884203
1.3720106686
1.0897855403
1.4054814816
1.5278541513
1.0607009359
0.9803368423
1.1968685433
1.5343714377
1.2888394218
1.0176141857
1.3202354986
1.6609056726
1.1527144786
1.1505179817
0.959507781
0.6463014769
0.8259298157
0.6925832519
1.0885986345
0.3638498344
1.5599319002
1.2358613611
0.1734792631
0.5153653816
0.8568467346
1.0816851514
0.7514560958
0.3549882512
1.3125514158
0.9976394897
1.3671856717
1.0667724271
1.0666891865
0.5866584881
0.5879724074
0.6889077813
1.194700067
0.8918923101
1.4400770202
1.4618992878
1.6957472941
1.10914256
0.8699075007
0.8762637493
1.1478280192
1.3476768369
0.9919533119
1.086768931
1.2329171373
1.564762193
0.8001417894
1.3015792657
1.1812336878
1.0640266648
1.5032987526
1.0307459569
0.8222516367
1.2277801467
1.2198312352
0.974667558
1.3924787763
2.172112164
1.7859253923
0.7511025135
0.8826673266
0.4806269623
1.2058684841
0.7248294338
1.0427485827
1.5030248689
1.1570352869
1.0104289438
0.8567074177
1.0702724857
1.6680355923
0.7464134991
1.0944880868
1.4614479734
0.5673946108
1.2792160622
1.7726800941
0.9336158642
0.7613315071
1.2734378098
1.548674261
1.2087500986
1.5306608062
0.8396118762
1.3397484654
0.9908143931
1.0519782824
0.7923614725
1.4115715652
1.2206144912
1.323790534
1.3949785837
0.6366241419
1.650139582
1.1161454818
1.340486855
1.3276102908
1.4267279511
0.7934120114
1.0835868566
1.2148383051
1.5985276566
1.4318248142
1.5224330266
1.1851703842
1.1853586523
1.4586527695
0.5350418404
1.5052495391
1.0429735448
0.5412334387
1.3313574784
0.7911602071
0.7760506075
1.2046349796
0.9055243607
0.9712852044
1.0380396566
1.0418475586
1.0249887439
1.2078544514
0.8070539094
0.8332947039
0.6957301818
0.970418198
1.355537282
0.8846420563
1.3255802566
1.2803084334
1.4178356985
1.422724309
0.9431380265
0.9579206402
1.136694319
0.9723092549
1.4276401414
1.4010822386
1.1642521697
0.9139621481
1.2691779287
0.8841540383
1.0828698919
1.0236214344
1.1492980829
1.8892932274
1.3405631812
1.7823370326
0.8853388799
1.1411654777
0.5935351663
1.3422621303
1.201310233
1.4618364144
1.8476215594
1.5919956618
1.0444520144
0.0750226281
1.1511445673
0.8560166612
0.8687914611
0.9727625537
0.698235208
1.3327521298
1.3337361318
1.1531092126
0.9836917018
1.4282700108
1.160646471
1.6727699053
1.5178740302
0.9997026461
1.1556286712
0.9911816145
1.2188156829
1.3851911439
1.3310831494
0.7487752712
1.4157454536
0.4890917999
1.0485162088
1.3167596509
1.3681971933
1.0089626965
1.3300726878
1.5168882016
0.8934583883
0.7550288702
0.8750418723
0.9940821262
0.9372327332
1.5872863428
0.5931630115
1.1935630242
0.8018792785
1.4361575663
0.8079148499
1.1198763755
2.1494780883
0.9987556056
0.5798158463
0.862623993
1.0347467965
0.979751989
0.8798785959
1.6084259153
1.2715448136
1.6897997992
1.0678480102
1.619568334
0.3108017172
1.208278375
1.3902924291
0.8834480137
1.5992298592
1.3488783849
1.4208003233
1.1777204098
1.3806149664
0.97564659
0.873315817
0.9606696134
1.1868246986
1.425178505
0.9404148143
1.0386748536
1.4688950124
1.2120045529
1.882152081
0.8514607118
1.4217553455
1.2649523129
0.899943316
1.0985497946
1.0357777076
1.1991914229
1.3896549529
0.7148807862
1.4145697035
1.4397009545
0.9979767011
1.0613819927
1.1767155927
1.2876871192
1.3276748098
1.3433006196
1.0274574396
1.0607533544
1.6685517466
1.1773163839
1.4513910895
0.9269954674
1.2184096839
1.1899967681
1.6951681875
0.6784935112
1.1185032123
1.1355304172
0.6870690555
1.5394034587
1.5035401614
1.0686780779
1.3685777977
0.7824451308
1.2162875382
0.9116485235
1.0741141389
1.443596551
0.8428472287
0.9528628401
1.1046168692
0.9834097286
1.3873159391
1.8395532755
0.7968081665
0.8875304769
1.2889975205
1.0159326377
1.742113513
1.7348844412
1.2366868774
1.4660471773
1.038116615
1.2265812398
1.8187526061
1.1662743071
1.6020167511
1.3060663822
1.1052176714
1.2326654831
1.5089617773
0.8457790588
1.0326818611
1.8961698522
1.0385061785
1.2498810573
1.5331778072
1.9560406607
1.2449007867
0.7207630375
0.5401545853
1.2148304899
1.1725403609
1.6892184068
1.3313147946
1.2530990634
1.1369234872
0.9109252789
1.6893317382
1.1505976314
0.5148293306
1.2835197156
1.1340165861
0.6153884668
1.5130392516
0.9766789061
0.8799832356
0.7301147607
0.9593375004
0.8786356108
1.2438844729
0.6339869971
0.9261154226
0.9322379202
1.4964897515
1.0730340519
1.3412745357
1.2024092773
1.3702669772
0.7300847479
1.7700151112
1.4498428743
0.5911200567
1.0907959468
0.9726258735
1.2251084302
0.8806168687
1.1830000891
1.202292319
1.1995586931
1.07637046
0.5373443455
1.1292503846
1.0429730062
0.7200879359
1.0856693005
1.0783671794
1.1594811897
1.3953197188
1.2877106146
1.4841600915
0.5958206039
0.8692242263
1.0854798309
1.6763293346
1.3777710931
1.0791734881
0.9795396063
0.6155650681
1.3261167521
1.1235835556
0.8471477552
1.0590236749
0.8093606042
1.3369643621
1.0098722786
1.623628698
0.4385577661
1.4240886942
1.2220310684
1.1494157042
1.2425881076
1.3121157015
0.6954625213
1.492505889
0.4159342066
0.9440114335
0.8234058888
1.5845177979
0.6389739315
1.1839954322
1.2310507228
1.2432507132
1.4726665204
0.6068139327
1.4089579946
1.1414594635
1.2817137751
0.861233908
1.1530933946
1.2892611106
1.6688648964
1.0732066288
0.6774571539
0.610724019
1.2244650741
1.3846841235
1.2788193912
0.9899827128
1.6379626951
1.1343996799
1.6599394777
0.6518031786
0.8552309194
1.3613285177
1.5582038726
1.3694832272
0.9451603015
0.7871051384
1.4489026672
1.3720130519
0.9216640944
0.8779738829
0.9684767977
1.4247306716
1.4154834643
1.175439135
1.1763795846
0.9362245401
1.286121213
1.3847738205
1.0707992694
1.0745696976
1.090359093
0.9295811958
1.264516974
1.5375071201
1.546848289
1.332412872
0.9115373653
1.2774008967
0.7584111476
0.7455876933
0.8366322877
0.778626017
1.1872541656
0.6512641035
1.4156615898
1.3085215149
1.5835146369
1.1121602744
1.2464018138
1.5131887112
1.1492365773
0.9326046409
1.7544567427
0.541407882
0.9731539979
1.7385032532
1.0070352198
0.9577200805
0.741480518
1.561467897
0.7638505572
0.9783789945
1.5261110345
1.1178172394
1.212466675
1.1856771793
1.2853083063
0.5103984265
1.1406182961
0.5230390557
1.4216712944
0.9853218826
1.4472656978
0.8970115186
1.1843234572
1.61247088
0.58211646
0.6011156265
0.4623797763
1.270000359
1.1985171162
0.730250406
1.3847594991
1.214627341
0.6438790228
0.6416380171
0.7646313396
1.3764838014
0.6914401783
0.888560331
0.8945319779
0.7144448173
1.4635308276
1.2852582892
1.3190439103
1.2426081
1.1312333954
0.9732821631
1.252447368
0.7360773121
0.7815444105
0.4568100855
1.6985107282
1.7253849121
0.7461536217
1.0917742218
1.2479857222
0.940154597
1.3398630984
1.1651653062
1.0595151627
0.9181173994
1.3390447542
1.5277311708
1.3138745156
1.0422265711
1.6141539873
0.9064730621
1.1448919149
1.6630980736
0.9186586259
0.9010939593
1.5877178444
0.6399524156
0.9487527102
1.1926648442
0.8510061036
1.2299631288
1.3871836544
1.1194732633
1.2428529549
1.3844294163
0.8838604827
1.2003587078
0.7276256115
1.1308256383
1.435415504
1.5721776328
1.1166707265
0.9282119829
1.2443399522
1.5646835337
1.126041122
1.7447025798
0.8440937076
0.7254674748
0.9468541626
1.0335609684
1.0537327794
0.9598408042
1.2812480344
0.6904161448
1.0382873756
0.9448308657
0.955292566
0.7157491796
1.1945262249
0.9331019021
0.7916903805
0.1146615337
0.9339271413
1.1592131408
1.4821137113
0.563393773
1.5395089315
0.7571188121
1.4300658877
1.3895923097
1.5659144956
0.7665351961
1.1219193395
1.0406730096
0.8155399801
1.1791329856
1.2048515931
0.8634907695
1.1341911771
1.8575124298
1.1099621683
1.2821938824
1.0460305112
0.5346718338
0.9426362364
1.3907149114
0.9910248495
0.6731345765
1.1270637825
1.0085759349
1.3247010161
1.1380769494
1.394288207
1.4090259772
0.8349364448
0.7458909203
1.4140204801
1.2316915166
0.4304767057
1.5233779038
1.130510215
1.1541017246
1.2050392843
1.3459386467
1.4592477476
1.0221898376
0.6759119291
1.3191725435
0.9782650239
1.4379290245
1.0127471468
1.4230246127
0.8192162096
0.7549113861
1.4961957823
0.569777002
1.2747449444
1.319074085
1.067193889
1.019631558
1.7770229246
1.035709509
1.0696553335
0.7938221987
0.9729662207
0.9621913418
1.5207994524
0.8979853517
0.9591154371
1.0439168456
1.294386582
0.7756664278
1.4827565505
0.6727989398
1.0871791957
0.5153828223
1.338498116
1.2869624888
0.8635641042
1.2685822015
1.1644922186
1.4527135411
1.1655302787
1.5339675054
1.0527134109
1.0011040879
1.1092133785
0.907008118
1.5912454041
1.0912453456
0.9050496312
1.0623233328
1.2892701633
1.0384880857
0.825758845
1.4605298302
1.1865586811
1.0143252661
0.871407989
0.8684762031
1.1360498698
1.0641279198
1.3265133436
0.6444415788
1.4481140892
1.2685601921
0.7655789305
1.4636017693
0.8470428139
1.2057908573
1.1529026757
0.8011281976
0.3073699913
1.3575419909
1.3504722322
1.053990956
0.6092479382
1.1878351292
0.8162705976
1.3140363209
1.145805254
0.9041012194
1.564172866
1.3436206429
1.5079415848
0.6404760351
0.8278092736
1.3223201655
1.2838885383
1.363443443
1.1196365587
1.0576308433
1.2090592417
1.4598496864
1.2604315038
1.1371487901
0.9482105201
1.2906093034
1.0211286274
1.1729829647
1.5093399408
1.4421866914
1.5284978809
1.6159795587
1.4072386013
0.1697681747
0.2448697532
0.6816797409
0.9117512362
0.4757834539
1.0564708713
0.9862689052
1.1515304087
1.5842294562
0.9479174671
0.9836498685
1.4651530353
0.9857540323
0.7677284813
1.1243941904
1.4611063372
1.02340807
1.2829457702
1.2231481156
1.0779650124
1.0967971588
1.646742437
0.6735148608
0.9303369209
1.0752142839
1.1893429669
1.4926014474
1.0931426118
1.0673948989
1.3313946621
1.0921793563
1.4671032975
1.0910471223
1.1165711177
1.1079565788
0.8797367002
0.6777745852
0.6370200813
1.5102364657
0.883643817
1.4682213992
1.2978886385
1.4850510328
1.6133256181
0.7700072555
1.0314559273
1.7830707165
1.2376339185
1.5241904312
1.103757386
0.413576769
1.2188814083
0.8814591354
1.1402553314
1.3105333462
1.2058543976
1.1900007072
1.0641378428
0.8950706287
1.060472863
0.3740509423
1.2070322527
1.674314261
0.6972842402
0.5380284204
1.5066083757
0.8979009498
0.3585166883
1.4066172004
0.7711772052
1.4961682128
0.6971520771
0.996291701
1.1941884136
1.1873681494
1.2576645463
1.2404337293
1.0640840211
0.7701077725
1.3372032901
0.8926173331
1.242546094
1.462129596
0.6753340371
1.7337938772
0.5202911913
1.4322354724
1.4326368649
0.588676682
1.1552097368
1.6274066746
0.9688809981
1.3965640701
1.2008255413
1.3772966579
1.3881172298
0.587762333
0.9335500122
1.2451568197
1.10975245
1.737671527
1.3337168951
1.1731108214
0.948348439
0.9071557576
1.507158336
1.0750462154
1.4079061124
0.7027015178
1.465316624
0.5020434379
1.5291495635
1.5305740666
1.137564268
0.7403385673
0.8207955442
1.2926048611
1.427022193
0.5349093342
1.3432537861
1.6712422041
0.9878514146
1.2319887924
0.9879698716
0.8657185389
1.3734983334
1.3087012909
0.929389373
1.1850985606
1.0539386349
0.6907994755
0.4828712587
1.1109554688
0.9288412752
0.9851206637
0.9374830042
0.8121756692
1.0359344987
1.2847504104
0.8514352073
1.2564640539
1.0720036617
1.0640236275
0.8176250119
0.8393403971
1.2134216085
0.9198916336
1.1664379499
1.6320109054
1.3004755579
1.2679658421
1.6794281511
1.361657693
1.2061150414
1.6415181801
0.6170489529
0.9196007328
1.831744862
1.3583105476
1.0982011021
1.2694783251
1.0505844556
1.019893861
0.862192545
1.0222484896
0.5119963301
1.095748299
0.9794904833
1.7538165455
1.1629849807
1.446711784
1.0432493523
1.0874064264
1.4206210459
1.882360022
1.1374362496
1.5825504262
1.3242474494
1.1727742381
1.7179239011
1.4183604294
1.680273855
1.2389768216
1.0194071213
1.0991876222
1.5535295784
0.4201475297
0.7936694117
1.0951390439
1.1528594229
0.6171826331
1.249156408
1.5123535078
0.7228207898
1.0676845988
0.9307204194
1.8188359624
1.2069796537
0.9047898425
0.7595890178
1.1544939123
1.4225051518
1.4343228149
1.4295754405
0.8514795328
1.1540170831
1.4883613062
0.7416206805
1.4606714548
1.5302818015
0.8672443394
0.6594576227
1.0972800877
1.4317459778
1.093379723
1.0479718722
1.1203166788
0.7486253184
0.7590947536
1.4814617134
1.2021201955
0.9162626727
1.472933888
0.6128599738
1.0839481039
1.3078554382
0.9844543617
1.0375643407
1.1398879583
1.5203323669
1.3649217528
0.6418515389
0.9293372821
1.0192348911
1.4727413216
1.0530779821
0.8906447842
1.197706464
1.1014744234
1.528041723
1.6048254041
1.4102123753
1.2952291748
1.3284242981
1.5301605167
0.6316762878
0.981734035
0.2791528178
1.4228734089
1.1241007572
1.008002159
0.876724574
1.1462431778
0.9394956524
0.639438173
0.67657688
0.6393616336
1.0447017625
0.7453994907
1.0719633119
1.5287547653
0.9972262381
0.7403042242
1.1741509156
1.4885020655
0.9928308349
0.5622077791
0.7738178924
0.6585968692
1.3257403197
1.0829508717
1.2581678548
1.2862252715
1.1759921021
1.2238200091
1.4928075623
1.2529542507
1.4890985209
1.0918608416
0.7723805422
0.6388617084
1.3002584122
0.9566564517
1.2607580297
1.2442535707
1.1431801757
1.3010778953
1.1219825304
1.10841569
1.1163563311
1.60805403
1.0275858016
0.7353911207
0.891209817
1.2731013626
1.4372741385
1.7242971808
0.8642882617
1.3458423795
1.1864774831
1.0390051827
1.1262032709
1.1145858221
1.2433369482
1.3289096229
0.9511134736
0.6859718179
1.4201930762
1.0278420527
1.3616260436
0.8227359728
0.7223553305
1.5403397421
1.4905718992
2.2512568169
1.4721233708
0.5432111954
1.1542320576
2.0264341982
1.1269844985
1.4861334963
0.6438979842
1.8400625213
1.576413352
1.1701814837
1.0625228533
0.9834383656
1.3064303678
0.4096610025
1.0147343072
1.5763506523
1.1556918437
1.0970146277
1.1153065132
0.9575569945
1.6502889925
1.7931323423
1.129047136
1.9025220011
1.0823976979
1.0580775754
0.8621310182
0.839395742
1.4288103281
1.3121230245
1.1421255572
1.4241201733
1.1276838076
1.1601496951
0.8622085917
1.1895491965
0.7744223272
0.5959148746
1.2716525255
1.2068126475
0.8691966272
1.0417700701
1.2248550228
1.1628742364
0.751938515
0.8100089713
0.1450594281
1.0515967433
1.1088082778
0.7978962264
1.2569174309
0.4440486288
0.7394958809
1.6544065681
1.7538685178
0.5178088724
1.1131636106
1.4698680361
0.8937389987
1.4307651059
1.4050181142
1.2240583088
0.2139628586
1.0195343444
1.5389084835
1.2689846711
1.0187723962
1.2266016645
0.8941433468
1.1760379135
1.7912217713
1.4513358796
0.9337834308
1.2708841474
1.0011007939
1.8340861534
0.6745351448
0.9013179223
1.4023334916
0.6754432751
1.1433462054
1.3897703976
1.3240507265
0.7728495138
1.0677835503
0.9944004914
1.1007416158
1.1892041552
0.7787294887
1.540668513
1.2336660475
0.8019324124
1.1715306906
1.5971384251
1.3700870899
1.2738073212
1.0908100788
0.9113456446
1.1742796665
0.8997618147
0.9669277021
1.5513490249
1.5049170504
1.3828808041
1.5834040016
0.8220852574
1.1322595873
1.2223833831
1.5561473072
1.2543797159
1.0275112135
1.3252248987
1.4099055948
1.1999467818
0.6766312219
1.5756246176
0.6000008709
1.139924516
0.7381689764
1.0198886097
1.4041084964
0.8949916854
1.5035958892
1.2987491947
1.0182013443
0.8999130119
0.9038893417
1.3530515727
0.5886903419
1.2734458636
1.2166783498
1.3318971489
1.7620178866
1.0230709302
0.911234101
1.492340262
1.3961293052
1.0866791993
0.6886360807
1.1701879472
0.8324477622
1.143698823
0.9984324857
0.9628455878
1.3122240347
1.1308314567
1.3784415029
0.8523618139
1.2669650649
0.5967003835
1.3904039033
1.2673805955
1.6355764401
0.6898041058
1.5466768964
1.1261328036
1.21214267
0.964011542
0.6605856073
1.4526237528
0.7769265686
1.0116932098
1.2184671354
2.0236924731
1.132100458
1.8733228128
0.876612101
1.0348853421
1.2837538734
0.6301586624
1.3328810779
1.0534403265
1.4022987032
1.0194340127
0.9667170887
1.8259412783
1.3040009595
1.047487143
0.703243947
1.319845653
1.231183814
0.6523691773
0.7408335826
1.7902730841
1.1155180161
0.4734969659
0.6006875598
0.7717162766
1.5189947618
1.090486783
1.167400192
1.1136272357
0.6380080719
1.5264114415
0.9386297563
0.9199269358
1.1948305246
1.0986252959
1.0098382969
1.2470382813
1.6138489142
1.2168027308
0.9332090123
0.8531419859
1.0687959807
0.5001279157
1.4903093631
1.2080981287
0.8513396483
1.1341787104
0.6006663046
1.4690852182
1.0718965237
1.1569348017
1.1723082837
1.2690236954
1.0124536694
0.6622201874
1.0828093026
0.5822984977
1.3234903053
0.5476190085
1.6613794061
1.3275776425
1.6118753559
1.1288863712
0.8917071861
0.9109957231
1.3444254847
1.9149067522
0.9998771206
1.3381486568
0.7235324669
1.1971996221
1.0618127786
1.3160869994
0.9121956615
0.696070877
1.078432821
1.2335629955
0.7587243163
1.0799437722
1.2440608098
1.4214900849
0.9567395878
1.0385161295
1.5032798222
1.287459814
0.892705468
1.3453125094
0.940849852
0.9280464526
0.3158120391
1.0152871357
1.0669980741
0.9532739503
0.9407884478
0.8933687754
1.609880996
1.4661794286
1.0342370209
1.1014863013
1.1707826411
1.1097234271
0.9206720885
1.8639073112
0.8279878727
1.4683102894
0.5255111716
0.9782372615
1.3339766009
1.2372643315
0.8100594951
1.6546646042
1.1530855121
0.9024374428
1.1819194383
1.5608664417
1.5227404382
1.1039804813
1.0717378019
0.9600952892
0.6049883998
1.3391016442
0.7585869389
0.999200522
1.0331035811
1.5054177769
0.4663161192
1.4437058276
0.938163421
0.9013553592
1.1087226738
1.3144496901
0.8502280452
0.8655043993
1.7566165092
1.1940350909
0.9533706146
1.713073028
1.5234050022
0.8355937294
0.194094638
1.2979156808
1.4772983405
0.7372851387
0.5515339271
1.1981558416
1.2032590029
1.1313641024
0.3388112252
1.2767586588
1.6356100109
1.4861711618
0.7289918772
0.998031276
0.89277198
1.1669728714
1.2103112717
0.9500564158
1.3869221942
1.3840735084
1.3678898597
0.9950239735
0.6020490801
1.2950373338
1.9079476304
0.801326915
0.7294767076
1.5555230912
1.1032942108
1.4542785041
1.4006300684
0.8317016992
0.8981643471
0.6017327284
1.2071496353
1.3637019533
1.127029651
0.5026511651
1.8717404642
1.1188590902
0.9782722534
0.8159298374
1.2212198617
1.179092909
1.3362437773
0.7893858888
0.9999474129
0.7761108319
1.4526148763
0.983460533
0.9258890145
0.3140602321
1.3912584283
1.1160093309
1.1486831147
1.4821295141
1.3084644134
1.2580229299
0.8220702913
1.1589564608
1.6812616575
1.1963486051
1.399040459
1.8128059891
1.506089606
0.8628189116
0.534060073
1.0785631488
0.4109163467
1.0968722085
1.6514298348
0.8999461664
1.0251836227
1.0624993669
1.4264174855
1.4185442458
1.0800869298
1.0202411755
1.5835387409
1.3260554288
1.3228735289
1.6382581304
1.1262511914
1.379825257
1.0794164193
1.4506701501
1.0285499498
1.3236085426
1.7572176451
1.1369119605
1.0612556551
0.8553728883
0.9706109679
0.7249329688
1.0157106407
0.9764138516
0.9871809996
1.4092781758
1.1436953651
1.1351525318
1.3605582751
0.7404400926
1.2210616681
0.9911527809
0.9805931686
1.1786671658
1.471655379
0.8455786639
1.2619046806
1.5340747879
0.8462637294
0.9477176999
1.1152927562
1.5128132806
1.1192421093
0.9276204216
1.1455356603
1.1783657423
1.0471739017
0.4193836103
1.289488449
1.1235453241
1.0208375013
0.6308966661
1.0014932354
0.8847818361
0.851239209
1.4052443462
1.0310663854
0.5999342182
1.0155761368
1.3612924079
0.8049984523
1.5541933301
0.9668413913
0.9763033532
0.8520703681
1.3530211784
0.6433048104
1.6477629113
0.7956944802
0.9366290308
1.2751166787
0.772113127
1.12785513
1.3070085915
1.5904765612
1.3174399465
1.335090441
1.0426325607
0.8902451951
1.134933087
0.8685668856
1.441435609
1.2534664282
1.4082064003
1.3820759864
1.0931464021
0.9580628212
1.2755259439
1.8333747541
1.3558943396
1.4247548599
1.2925835228
1.1957791707
1.3381652514
1.1154557056
1.4734232644
0.6386009054
1.7168665161
0.7034770379
1.1560960253
1.0390204264
0.7183403606
1.3097371618
1.2111146955
1.3699405538
1.1721116551
1.4023007746
1.1804416737
1.6298448788
1.4829560051
1.1242354007
1.3764079063
1.0963222027
1.4237665623
0.969786317
1.7555360134
0.9287875943
0.6500359216
1.3364856986
1.426803404
1.5755805213
0.9738498187
1.3937619913
1.14901344
1.0884411361
1.4137174396
1.6537007515
0.6578813807
1.2950058428
0.8854895035
1.035627916
0.9190268508
1.4285007034
1.9558507232
1.2419303538
1.2905941674
1.5988223232
1.2755926135
1.173530736
1.0204839597
1.2288462529
1.0054891968
1.0428812053
1.0101700801
1.0925746199
1.1208553786
1.550817825
0.854553853
0.9841065064
1.1782639696
1.1075543562
0.9132267574
1.1827600402
1.4937046823
0.6205607424
1.0702179813
0.6751004386
1.1693450216
1.1498730621
1.3539100916
0.8835624006
1.1891697093
1.0849378907
1.4673272916
1.2516201318
0.9974341283
0.9916214569
0.9047585908
1.6557128252
0.947640521
0.795955767
1.0038309741
1.326836975
1.2924108605
1.2877496489
0.3179149684
1.0149767324
1.5334512407
0.9660653076
1.1972309722
0.9472637597
0.7479614726
1.0268082745
1.4099699598
1.7873017886
1.4687964545
0.674190325
0.9833216187
0.8867472841
0.9655785938
1.8121127523
1.1571312998
1.3344864122
1.4407199026
0.807052603
1.5364405638
0.7149785669
1.3302985105
1.3147762019
1.3033231985
0.7608113509
1.0742222854
1.1251918264
1.1427281177
1.4654950994
1.2666228395
1.3958274366
1.1433372255
1.6669961015
0.6352737588
1.1516635421
0.932085518
1.1026829967
1.2730608458
0.8566091649
1.2064786799
0.973092925
1.4977500373
0.7607558778
0.710135916
1.6784578746
0.7885469862
0.7880509743
0.7921363536
0.6858873823
1.0812453154
1.2587414847
1.4269479317
1.3779831841
1.298809769
1.0959718914
1.2949280329
1.6746170459
1.12276123
0.9539676364
1.3775095451
0.8870164235
0.8848359472
1.0895790722
1.2159248176
1.2125013471
0.7442030472
0.7460483213
0.9347470683
1.3209996237
1.0459364208
1.4239948704
1.605852362
1.0357705643
0.5958783809
1.1758517781
1.3328895399
0.9677757018
1.1123989342
0.8713627722
1.6167029126
1.1038178701
1.1504289745
0.8707177792
0.6982268756
0.6184617533
1.4121936106
1.3575347096
0.8422548382
1.5218913437
1.27255032
1.2481192155
1.8716895016
0.5300960221
1.0566092967
1.1100174678
1.1859836771
0.6730377459
1.2510210333
0.5961601197
1.1641154282
1.2981623775
1.1083440575
1.2144163911
0.8627532616
1.2383817872
1.0203105639
0.712473991
1.0176619752
0.9138603235
0.8921003763
1.2189184501
1.1366118458
1.0475320939
0.867164465
1.4638192103
1.4673661469
0.9342535123
1.2125547995
1.3661457733
1.6634109267
1.5696025386
1.0238309948
0.8015447878
1.385335462
0.7298955258
0.7965117578
0.9991193234
1.448694827
1.1853870168
1.1881909575
1.5834686403
1.1790464373
0.3717025512
1.3999942531
1.207021279
1.1018858965
0.9193351226
0.9091380672
1.102771211
0.8774737129
0.5847255643
0.8100644053
0.9094864141
0.8448242498
1.2044124578
1.4173697369
1.4014626627
1.3916345903
1.2944826709
1.4650055342
1.367881411
0.8515720576
1.9149151386
0.6938077345
1.2426845634
0.8642958706
0.8947631076
0.9850597199
0.8447690645
1.1236149112
1.6500373881
1.0320473167
1.1867762899
1.2051188281
1.3006378174
1.0378277948
1.4640166507
1.5715128392
1.3360950681
0.9358207345
1.3854087814
0.7744260411
1.1217723674
1.2085981134
1.2904487705
1.0225874326
1.3141070067
1.5083685312
0.6065172325
0.7678683359
1.4703710794
1.0545481523
1.0459414443
1.6785475851
1.3354929751
1.7860569225
0.8840097529
0.6987581023
1.023634326
1.1183205737
1.1750891039
1.7583389233
1.1123350668
1.0372837684
1.9470333435
0.9120192905
1.2555779236
1.6983668793
1.2607465141
0.9485437327
1.1432430564
0.1760774599
1.5025502927
1.0401956859
0.9504228618
1.6494808275
1.0862957866
0.9377642218
0.6758652269
1.1848923399
0.7887739303
0.6506463714
1.1835600248
0.9371667362
1.0043661639
1.3103719806
1.4634718777
0.9922568909
1.6883678243
1.6591297267
0.8541096989
1.3541074381
1.212671935
1.56813846
1.2017754846
1.2889060987
1.3288784351
1.0240723129
0.9025286137
0.5427430206
1.09558799
1.2378745661
0.9295148814
1.1325178667
0.8965998703
0.9469971534
1.2425589386
1.5153737708
1.4675089477
0.8584633457
1.0357932843
1.5093772112
0.9075737466
1.709106865
1.2157309266
0.8050607578
1.4204859245
1.2471099933
1.1556698553
0.9023524348
0.5557821922
0.8838622113
1.0036727516
1.227884021
1.8263673314
0.8553712718
1.3424765703
1.5067638676
1.0956745269
0.7966302543
1.4018264073
1.0991335241
0.7339855752
1.4895802036
1.2293660054
0.7007363577
1.5466790215
0.5356653211
0.554269097
1.8507116947
1.2742560153
1.0169651793
1.121590042
1.3491214718
0.5855901618
1.3114369198
1.2881539397
1.0848705285
1.1849859041
0.9845340739
0.8118235418
1.0358762232
1.569978143
0.8760891542
1.0035814424
0.9716501716
0.6736916911
1.128322471
1.4289525321
1.5393028181
1.3091880324
1.0222972664
0.9474697814
1.279295177
1.4971194844
1.5805295895
0.6687702804
1.1041148764
0.7529928602
0.903947129
1.5028348178
0.8429309122
0.7421850229
1.1534303182
0.962698074
1.0214916364
1.3794436901
1.4371763524
1.2688808488
1.0505739413
1.2359891274
0.8630888405
1.2141380699
1.2643521717
1.2005125824
0.9908569533
1.0064945283
0.8129068907
1.3837556971
1.1121831251
0.9980775592
1.3613643615
0.8874523082
1.4447205232
1.4085598622
1.4466095261
1.0114384439
1.0224943473
1.4678411311
1.0889388953
1.1753287602
1.2825924626
1.6851868629
1.1555564344
1.2305576826
1.1756110176
1.586410902
1.4714016963
0.8108251228
0.8219117552
0.8943845863
1.3370505596
0.846237454
1.8001766724
1.2959147038
0.8178701703
1.4634513813
1.5485892627
1.6880484082
1.175370968
1.1690521552
0.8193931098
1.1291407593
1.1573109767
0.8049723361
1.1131726449
1.1464744952
0.8458602696
1.219126001
0.4953046378
0.9664675723
1.1447593581
0.9736262967
1.2014860286
1.0043770212
0.7630256335
1.5574361606
1.2339799021
1.249808807
1.2644767149
1.3297619143
1.4411546584
1.1315456216
0.7871365762
1.0203291376
1.4140487048
0.8127593443
0.9764772237
1.7076784911
1.3963597591
0.8719414335
2.2438835786
0.6278527189
1.0576195843
1.0401577125
1.0367924117
0.7267158832
1.0566565471
1.2109998833
1.8453701592
0.8694628379
0.9976088676
0.9171849758
0.9413868545
0.833649369
0.4761424805
1.0771647415
0.894524053
1.4788057307
1.1412072866
1.5580957318
1.7433071593
1.1875699378
0.7383664734
1.5850677615
1.1943047639
1.5022647862
1.0567922511
1.2057217376
0.6451873707
1.5810375787
1.2352900777
0.7138733693
1.2871314214
1.033047909
0.6764405622
0.8635272998
0.8997904794
0.8767389119
1.2897112743
1.3394703365
1.1563475708
1.1613883603
1.2254220338
1.8206628672
1.2285883385
1.2000391506
1.5481466757
1.1755652202
0.9813003799
1.6713374858
1.0694400513
1.2009455167
1.305989021
1.2675690588
0.8616264062
0.6695603047
0.9251972262
1.4769851104
1.1661761085
1.0895210486
1.061571644
1.3602114313
1.2455613408
1.2488925323
0.7994163706
1.0632718886
1.1222048233
1.0158143665
1.1022563603
0.9874580757
1.3636091297
1.0230965073
1.2977201461
1.1027097125
1.3145897768
1.6121624692
1.1320279835
1.5363863902
0.8676020772
1.485679627
0.671825323
1.0901493304
0.4705767693
1.398697943
0.8225398386
0.8051208971
0.8254705035
1.279043596
0.862737733
0.9475512927
1.3542027744
1.1190286818
1.5486944939
0.6121501326
1.0668502933
1.176728332
1.1708407626
1.4175101453
0.7496499777
0.94941605
0.209032175
1.6511444735
1.3520581613
1.336567534
0.7688119439
0.9934785374
0.786413228
1.1154544746
1.3991367745
1.2273827425
1.2762742
1.2331291086
1.3147273696
1.4656810162
1.222340915
0.8242344793
1.1775914959
0.8027499141
1.5420495735
0.6602651396
0.9840457769
1.1836034987
1.098104781
1.3952217151
1.1429610818
0.8774404853
1.2957702198
0.7826777115
1.2492316996
1.2283353099
0.8795642258
0.8262310892
0.8063609124
0.7840272001
0.8503777316
1.6637892751
0.4288000741
1.672667536
0.4920103571
1.7289486683
0.9470784482
1.1383461147
1.4693072197
1.5241817129
0.834388681
1.2515176475
1.6220103074
1.7530379472
0.7198960394
0.8221582137
1.3317631496
0.5874607856
0.6464201499
1.109324776
1.4516280728
2.00396624
0.2805271173
1.152547574
1.467860683
1.5480522958
1.445419487
1.4945750058
1.331391946
0.7359531965
1.1253815215
0.8095412905
1.4267048598
1.5885099458
0.8103735339
1.502465534
1.0263943006
1.0219376294
0.9222676255
1.4775335648
1.3267108881
1.0759186983
1.2959148498
1.6307089937
0.8162238175
0.8955045897
1.2342987747
1.3990898291
1.4564649247
1.034979159
0.7326782183
0.6666856515
1.0031179858
1.4238981241
0.8636715478
1.3788842887
1.2462318248
0.4944178824
1.3730295093
1.5760792975
1.1118976034
1.4304309445
0.7576922357
1.3452624635
1.5832352179
1.4287503268
0.910435726
0.8619173991
1.1361164153
1.0343445577
1.1012363703
1.9249635647
1.2033968623
1.6323708697
1.1103875827
1.0678262695
1.3587892965
1.3292701704
1.0718715786
0.5982338968
0.6823920927
1.3867441061
1.2470131715
0.5242037017
1.1643080732
1.3055482753
0.7241461865
0.8659115073
1.401944747
0.768516953
1.4994570059
1.5782943168
0.4012598723
1.0173635415
0.8082364022
1.1506128455
0.7087908646
0.5524597351
1.6011126309
1.7313141618
1.0035138175
1.2371251577
0.6384043144
0.8562203833
0.5537234257
1.0933520546
0.784703006
1.8837678453
1.0589160104
1.66519684
1.3098150739
1.1838293832
1.1506413236
1.2919822907
0.2947908272
1.3694450591
1.5858245553
0.3501981757
1.4185211985
1.3531487722
2.0074089357
0.8778059175
1.5694708812
1.2352210037
0.7153245766
0.9190624849
1.3494850216
1.3954434878
0.7134354865
1.0936753222
0.8685500353
1.5764010748
0.9678468402
1.4623721616
0.9108780305
1.4932830191
0.8335040425
1.3446525196
0.5213245945
1.2355140719
1.1723165348
1.0167281132
0.8613929901
1.3801372009
0.7782198951
1.1093384428
0.4021239399
0.8315249126
1.1061801726
1.4359214102
0.7719796853
1.3175505545
1.2787056715
0.5334849193
1.1091082347
1.730319775
0.7276071036
1.3284175088
1.2322445488
1.1948211743
1.1169891253
1.1731202457
1.0584579666
0.6578064523
0.9405314475
1.1677907539
1.2277800509
1.5950966621
1.7651095003
0.6937539559
1.2524110497
1.2019721866
1.0969588263
0.9994891595
1.0983823053
1.2606316668
1.6804070295
0.6849221715
1.3864658613
1.1919954248
1.5541486107
0.7078244174
0.9430694867
0.5939971957
1.1214318183
1.3542456563
0.9333472135
0.8753553585
0.9776444255
1.0802922806
1.3226281468
1.1260784143
1.0218910019
1.5409601328
1.7025143649
1.2234572651
0.7587128168
1.2150082506
1.0223177428
1.8822324485
0.9369895994
1.2926832281
1.1465462933
0.8393506373
1.2772160041
0.5905298213
0.8289047889
0.57512966
1.5046206682
1.4379883176
0.7370372114
1.0451971722
0.7403852393
1.1765952406
1.6457624102
0.907431017
1.8653943115
0.9939032117
0.856905199
1.2560222384
1.7402226026
1.2187284251
0.6273359663
1.014266413
0.8062307412
0.8816521939
0.595870128
1.5339352641
1.3814147791
1.0138454484
1.4279121221
1.3391453467
1.2180196436
1.0316174097
1.0020943637
0.6844596049
0.9868056907
1.1574724979
1.086214108
1.2382032986
1.1290130137
1.4060222505
0.7005529197
1.0887803882
1.1912017254
0.8321956114
1.2091373626
0.5950673331
1.1795794456
1.4413778815
1.1178795301
1.0687068334
0.7832663007
0.5052827304
1.342050655
1.3846013206
0.9433134855
0.7322038246
1.0156101326
1.4238831672
1.4406197122
1.2555016711
1.6822514083
1.62726022
0.7280242862
1.2406595755
1.1026052144
0.6348855393
1.5266364309
1.1158655707
1.3573486587
0.61899013
0.9134622615
1.2430767555
0.761068229
1.2322483003
1.0239382753
1.3514267677
1.2446848891
1.0210257809
0.9493251692
0.9854565742
1.5681471411
1.0827411874
1.0715396572
1.0810514044
1.6334528913
0.8686121882
1.5002779442
0.4575442103
0.9868827356
1.3517724939
0.9877929107
1.2154344322
1.0801052521
0.373877948
1.1988940149
1.200967
1.2416405807
0.9877201671
1.1126934509
1.2885677843
1.5092414134
0.6042523294
0.7027472055
1.2419579893
1.3497223981
1.8443149942
0.7484458258
1.0065594759
1.2652823493
1.0161757089
1.4709495181
0.9418356713
0.7608758711
1.2620826343
0.8501925647
1.4784864126
1.3364183727
1.052599695
0.0564837084
0.7838290521
0.924574116
1.4844521631
1.2007024308
0.9686252922
0.9345896296
1.0656764036
1.5376854004
1.5817949644
1.1223713602
1.2228737832
1.3050344963
0.4822239578
1.1789266875
0.578035782
1.0551937973
1.0920367132
0.4747738173
0.6312574257
1.5791933569
1.1456852352
1.008544356
1.0061044497
0.7864586186
0.7840292824
0.9947667207
0.9817825046
1.3711034555
1.1073983538
1.0896589556
0.7575395744
1.5068698587
1.2637853951
1.4319174684
1.2478053464
1.8077973004
1.7778931055
0.9011631972
1.2203150052
1.3136788044
1.1166242361
1.4515376463
0.836650432
0.7465985399
0.2348891151
0.78861615
1.1456997817
1.126682154
1.0241679613
0.9590401873
0.2588340881
1.4070058978
1.2321389309
1.0762984476
0.8949812801
1.3929661976
1.4177021209
1.4548144968
1.0916460833
1.7269508066
1.4399106097
0.6629211446
0.888279513
1.4098277427
1.0413955671
1.0908853374
1.6525121022
1.7014593941
1.3509933012
1.1785990156
1.5618000123
1.1144148983
0.8059222202
0.9729335212
0.9460002527
1.1653124821
0.6372501532
0.640910994
0.8069173588
1.6398187118
1.4020259419
1.2966831727
1.7247772655
2.0683531789
1.839228055
0.7846890189
1.6761306441
1.1427028339
0.6529300766
0.9601553036
1.5219846147
1.4314099891
0.2184661214
1.2336794726
1.3927309709
0.8960518285
0.6288362152
0.9141438808
0.7106978631
1.10495966
1.0521917392
1.0208568484
1.5074957517
1.0535696484
0.9341669569
0.5833816929
0.8686634074
0.8899179508
0.5100445565
1.2890665441
0.3407296852
1.2087935055
1.0432709407
0.8999404792
1.2442874587
0.967805868
0.7124013692
1.146837127
0.8044448656
1.5019744916
1.2565795866
1.4486728519
1.3482509737
1.3972062898
1.2274542532
1.2966564564
1.2765128399
0.9684090661
1.14366556
1.4856403207
0.6027537348
1.1184240405
1.0635881816
1.5386749822
1.2250898615
1.8009068947
1.187383594
1.43910364
1.0929105392
1.1546705034
0.8224102715
1.2287454112
1.6931295582
1.1455806676
1.1016439751
1.3818371542
0.6920511517
1.4976729577
0.2675363589
1.1274050245
1.2672862455
1.171397383
1.1007102215
0.9680179334
1.2009765512
1.5560870276
1.2709384788
1.6377155878
0.7040910974
1.1270012646
0.7236688749
1.1547026229
1.2766243022
0.7809861626
1.364056868
1.0357577049
1.5275927295
0.955793945
0.6208291372
0.8689955983
0.6721201844
1.6488948588
0.4324418252
0.7313119557
0.3978997742
0.8654507608
0.3878953646
1.2356090439
1.1318151915
0.8964726087
0.8399793993
0.6884571642
1.0099498136
0.3430482382
1.2019124307
1.1010302925
0.9567768898
1.3296484663
1.4374003626
0.9134370407
1.1295921087
1.0750244494
0.9863971427
1.4371266705
1.796804414
1.2219235525
0.825070043
0.7448246172
1.1830690498
0.9751967759
0.9190873474
1.1587480162
0.8241433533
1.2673116144
0.606061318
0.5316503259
0.9366976687
0.6603698632
1.5317444467
1.4471227996
1.0329594634
0.8100305602
1.061695708
1.0499932758
1.3141847653
1.0419308331
1.653382082
1.55372142
1.6521223791
0.9905879658
0.9402097108
1.5073878502
0.8585925388
0.756971285
1.1346627342
1.5409210023
1.0386547606
0.8649389183
0.6633397644
1.6006921539
1.2020545548
1.0176455882
1.2552303389
1.3801747702
0.9795961989
1.2801622668
0.8515934491
1.6769835668
1.2979804785
0.8070743208
1.0717681267
1.2274894117
1.5931496108
1.1417899806
1.2219319876
1.2694056519
1.5774920527
0.7884545576
1.0413059811
0.9607511264
1.2812992258
1.5141576444
1.1105722166
1.3958101683
0.9733274863
1.1584552406
1.0271682696
1.5249411228
1.2651837988
1.4232542989
0.7236014129
0.9297613351
1.3534652498
0.865263337
0.5316712619
1.0666868291
1.6103482354
0.9130983105
1.1746708019
1.0023311585
0.4980214202
1.1184389014
1.4215109405
0.9100196383
0.5758857998
0.8974218964
1.2515287162
0.9759743865
1.250442664
0.4036290178
1.3038931868
1.0291267916
0.5292972342
1.0415505239
1.3022177886
1.5733727595
1.8085899926
1.8038775629
1.5240051048
1.4742711268
1.39016002
1.1626063699
1.0521815922
0.7512346265
1.246172803
1.4716956045
0.9253121158
1.4384772796
0.6451675959
1.0187461179
0.9190708055
0.7885731052
1.2257861932
0.9642861583
1.6784393392
1.1170306628
1.3238381382
0.4012608915
1.2041281839
1.1801748482
1.3976355234
1.2464762236
1.4935464509
1.5350838461
0.7876343565
0.8386095437
1.3788118336
0.6199074371
1.0280435915
0.9492763626
1.3194733572
0.7133577555
1.380608016
1.3696784473
1.1442720718
0.9043909502
0.6456398611
1.2213616776
0.4865227549
0.6234473326
0.7550517269
1.0781487177
1.26180204
1.4603305748
1.1168462284
0.5853041016
0.9619830592
1.2349036527
1.3737040207
0.9391809414
1.1163802983
1.4108802214
1.1956062695
1.1475337021
0.9772747564
1.0462525479
1.3822213105
0.988147054
1.0878834714
1.0094221137
1.2682815552
1.1730599585
1.2436925955
1.1109295963
1.0352632417
1.0999227427
0.6350519195
1.0457050532
1.7193684969
1.3674852403
1.3144319746
1.3513769134
1.341959195
1.4426169916
1.3561307831
1.7706246101
0.7257632595
1.0332756542
1.1116938347
0.9091363088
0.5435629587
1.7457237832
1.3119187571
0.7817496742
0.7816518425
1.2914063669
1.0206072851
0.658191507
1.0455493526
0.7747462758
1.3878134407
1.5938241739
0.2880578269
1.242182039
1.2673480871
0.9046628674
1.4424970976
0.9436902757
0.4981334278
0.6931970998
1.3866286858
1.2975751425
1.3704214801
1.2197651464
1.4195043778
0.5356924948
1.0411019008
0.9006727404
1.1026801736
1.4977369763
0.9311547961
1.1989451007
0.4948367483
0.7916594262
1.4303007565
0.8413194669
1.4250181513
0.9836411228
1.2607158134
0.5963433413
1.3196001289
1.1176824839
1.6277739205
0.9397661572
1.0168560272
0.729792372
1.7008163993
1.0633821916
0.6757337946
1.3025683795
1.1235777897
0.9747977543
1.3388283537
1.4330174935
0.9047568324
1.1459137597
1.065553285
0.7950204408
1.200060482
1.611878477
0.7195897161
1.5306583085
1.1589317609
1.0591575336
0.7878364031
0.8985168318
1.075508541
1.1445843864
0.998102017
1.3592796895
1.4991023051
1.3193871856
1.0418964207
1.2031463884
1.2344503144
0.7517656542
1.115027856
0.9589243289
1.181921211
1.6286488462
1.0588152861
0.5276724518
1.5918750638
1.581514195
1.001257978
0.9110193727
1.3742275117
1.1274479316
1.1687644848
1.2729974049
0.6914365641
1.4846896428
1.6267535284
0.6994492273
1.4461401089
1.5485579565
0.3869811163
1.1372220745
1.2424469238
1.0241085801
1.241540343
1.3484515128
1.1795457787
1.2265712899
0.9287808465
1.4380439005
1.0587293989
1.2263178471
1.4297279705
0.9210359231
1.037215379
1.1620163917
1.0726551255
0.687499636
1.3295852389
0.5254360623
1.0611140663
0.5447321324
1.7535500444
1.1361367223
1.549020745
1.0225098535
1.50364478
0.9060625372
1.5478767926
1.5209049588
1.0353123851
1.2206963962
1.1729111506
1.5208192539
0.8631819438
0.2671562043
1.4973205314
0.8856938709
0.8957794185
1.2342883623
0.9534817855
1.4197613431
1.502385541
1.6337173483
1.0288556094
1.3905744019
0.7942310039
1.2208198469
1.285984174
0.6784243488
1.1432859921
1.5105341646
0.9146540511
0.8853419019
1.4378070283
1.1145017449
0.7878166594
0.8811131924
1.2490894752
1.1691086609
0.9416969393
1.2183939018
1.3018356433
0.9311989251
1.0467346695
1.0046114184
1.3682168603
0.7638637733
1.5345180081
0.9396379237
1.1177439294
1.3706229741
1.2660281096
0.784309828
1.2838006647
0.7541380452
1.6353925147
1.5069039567
1.1302110763
1.2681359223
1.7592845361
0.748657095
1.3375223748
1.4215575001
1.3682586653
0.8366084257
1.0602112852
0.4167542019
0.9722971839
0.7627015663
1.0780701607
1.1767448926
1.3799871188
1.0528937083
1.1443844885
1.5831623841
1.5290135873
1.1543546434
1.5327628006
0.5947192798
1.3990780282
0.9808451909
0.8789023027
1.4157551063
0.9925345518
0.8052222448
0.5045616006
1.6651888472
1.2689297736
1.4667183315
1.6162209499
1.2688426473
1.5649475713
0.9077372145
1.5055790853
1.5705528293
0.949366687
0.6513315904
1.3532150076
0.6765386133
1.3141853446
1.0759324631
1.2432327832
0.8103957465
1.1435042706
1.2281798494
0.4136026354
1.0941709912
1.5067602911
0.7302477421
1.0715756951
1.2504880133
0.9444504535
1.6488102701
1.2816547222
0.8549770727
1.1624299735
1.4952242864
1.1649529607
1.3376150325
1.5215064588
1.4407098203
0.7569412297
0.8345591595
0.7895502402
0.5083264037
0.360711598
1.1967061114
1.2072233101
1.568140485
1.3188795046
0.9503686849
1.1145295443
0.9092044252
1.3181741217
0.7347620198
1.3312505788
1.4004821955
1.3304395118
0.9828206349
1.1866608348
1.0930224936
0.6812675689
1.4236598411
1.274041014
0.9182455482
1.7211855417
0.8281070981
0.9492532844
1.0458344736
0.8871230998
0.8415084576
1.2919244841
0.8241817237
1.1361310729
0.9457542469
1.0880254217
1.5820837879
0.8650794299
0.1457901608
1.5431168616
1.2687057683
1.1301684344
1.1359176826
0.7110535814
1.9983807804
1.001828176
1.220885403
1.0310094164
0.3411287679
1.1547213491
1.1254526441
0.8977353469
0.5742484472
1.4405572866
0.5836017808
0.9642370359
1.3704353558
1.7353629428
1.1884276472
1.3645788734
1.3131501336
1.2430049091
1.2549507915
1.6153846681
1.146445331
1.0352481324
1.2601295091
1.0699389442
0.7599773793
1.0688528551
1.1566369818
1.0324897093
1.0351079075
1.3366127354
1.1361451583
1.1103801719
0.6841127464
0.9018698742
1.0756633778
1.2317458607
1.2957329281
1.9029936215
1.598555952
0.6911120991
1.659033442
0.8017443627
1.7257782378
1.1971675485
0.8910066452
0.6440736974
0.949346117
1.4049624536
0.6588580364
0.9979480279
0.7586822953
0.7956543224
0.6237215789
1.2886323466
0.6796764778
1.2137301635
0.8157900355
1.2433654309
1.1170487514
0.9347961149
1.4260006303
1.4107890335
1.613767057
0.0726414904
1.2338338782
0.336503705
0.7172589738
0.7179116254
1.008811542
0.89036539
0.990709251
0.9006231663
1.0257231002
1.053965457
1.233565387
1.3749960724
0.920850023
1.4435734771
1.3256824864
1.4203641637
0.8261875744
0.6321714493
1.2083146587
1.2883625043
0.7262005349
0.6979978833
1.1978556176
1.4033908143
1.4062049255
0.6856242746
1.3166339599
1.5378694743
1.0794637889
0.6450072874
0.8920926795
1.3172065722
0.5570201539
1.056830729
1.1506065933
1.6599887517
0.8573347173
0.7340587898
1.2388677239
0.7207192735
1.8044718775
0.8993284818
1.2049669008
1.4087639684
1.4253567066
1.1092552046
1.346241496
1.5601017066
1.5324873519
0.8632610724
1.1561642992
1.3718532532
0.8407911906
1.3321029659
1.0983659614
1.1857808061
0.9115736121
0.6762704721
0.9475772758
1.5643259357
1.0942898166
0.9203369871
1.3485734929
1.3582736354
0.4666914848
1.4963608663
1.3869547549
0.9712950813
1.2588735333
0.9458678595
1.593113353
0.9323715144
0.8096028325
1.3303722308
1.0996399839
1.2451461047
1.7081276817
0.9612523006
0.658254158
1.3793044599
1.00733603
1.1873002244
0.8275772782
0.6593238108
0.7895813754
1.4213361968
0.9501929029
1.0230464708
1.2427979879
1.4095840485
1.3520233315
1.0148323048
0.8354004624
1.2391116481
0.26024007
0.9332544986
1.2322954432
1.1930719345
0.9723005056
1.8548920839
0.7451700154
1.3211415615
0.7935664403
1.0651298202
1.4281539337
1.0026379587
0.6578033271
1.1641928865
0.9246668138
0.758748167
1.2866034652
1.1067247495
0.8268245392
0.7079791534
0.8490497878
0.7627667949
0.9709583423
1.6493657221
1.1440558047
0.8986590231
1.0672787076
1.258912042
1.1566800324
1.2072276451
1.4704735708
1.0203559001
1.3341874501
0.7936733653
0.6128996319
0.9850765531
1.4093481134
1.0176925969
1.7364049788
1.2040992498
0.98378311
1.5884462769
1.5278188847
1.4527517126
0.9078373168
0.9357296241
1.3666427694
1.2882162645
1.1120579221
1.7129167153
1.0988536346
1.9451664652
1.1104976821
1.1208872961
1.354665272
1.0265804724
1.0802987057
0.7599474687
1.3439423543
1.1709796186
1.2409625662
1.3868265394
0.8700574635
1.4628685709
1.5395221187
0.9418760945
1.3113809648
0.9848470438
0.9234585486
0.8113783633
1.2544238244
1.1470694588
1.4241565397
0.9182817628
0.8187656001
1.0622970561
1.0984442266
1.3724167274
0.7566307584
0.5932908251
1.2228096871
0.5092227149
0.7649070775
1.2819020798
1.1307556267
1.1525272492
1.3989374912
1.3818596706
1.1196072413
0.9272712815
0.7394791097
1.507215233
1.7249842606
1.6255997715
1.231889506
0.6879056447
0.654348931
0.8265021722
0.5213172357
1.3104796512
0.7764056156
1.2300005188
1.377550161
1.1718109553
1.0175793031
1.414747232
0.953809335
0.9669921116
1.372151086
1.1211156968
0.9120180267
1.3178033995
0.8019459895
1.5728005803
0.8719798253
0.6737473018
0.6520468134
1.3554893306
1.409956915
1.3256399224
1.3436766092
1.6862471418
1.0909766326
1.3743790873
1.0552239759
1.6289925454
0.1670573757
1.7879484271
1.1750385401
0.9909974317
1.1646637574
0.9491086553
0.7968416965
1.2555174359
1.2724621705
1.380421123
0.9928738767
0.9010839491
0.9897167763
0.9752829429
1.5872805684
1.3414370245
0.938321832
1.2048197474
1.3517745088
1.4465062883
1.5343535346
1.1960872101
0.6398401532
0.8674390757
1.4798384947
1.0483419061
1.2519482953
1.37050713
0.8988628074
1.1621554268
0.879860419
0.3295271347
1.3524156487
0.4699874733
1.0307892165
0.9035735916
0.8520490906
1.2528905818
1.5593452542
0.329361783
1.3316341911
1.3886748965
1.5454284721
1.7467663973
0.7397986431
1.1334135886
1.4152271442
1.2309405142
1.6602635478
1.6382890109
1.7082545589
0.6369237238
1.0674899221
0.9683120551
0.76173591
0.7625281566
1.3959555469
1.1380964344
1.6304960835
1.8482847783
1.0447660882
1.0122912831
0.8769535585
1.0744193315
0.9171649399
1.0850372811
1.0637045012
0.9106564506
0.7612331478
1.0524751155
1.12363681
0.9714376819
1.272902311
1.0720260155
1.0659603293
1.3811124948
1.4073850478
1.3373896465
1.376890078
1.1191233811
1.1627718176
1.2255729978
0.7020553357
0.8966096244
1.2128347823
0.9538820452
1.3527609749
0.9181516756
0.5533575751
0.9461171979
1.1637359194
1.7192878012
1.2769330387
1.3037154759
1.1659085194
1.1450465513
1.4895855267
1.0307851635
1.0842021181
0.8565943747
1.3426712962
1.1558644008
1.0004659274
1.2878475856
0.7221171107
0.3245490684
1.1974132617
1.2501615491
1.1831001157
1.5496573107
1.2300685307
1.1387408324
0.910656099
0.5927273022
1.3172897001
0.8036935934
0.9308799047
0.910461835
1.1561926217
1.1514610706
1.3756181434
1.4801376291
1.3749822666
1.720925881
0.8240836479
1.594669264
0.5734294191
0.8914396647
0.3577324443
1.2611405484
1.5396824341
1.1768608941
0.7920133938
1.1200109868
1.1730221682
0.8335090006
0.9713230323
1.3019609618
1.1609367139
0.7737350486
1.0200750312
1.0336868264
1.1804135827
0.4543785923
1.1811030473
1.5985589567
0.7180484258
1.317484826
1.7261029203
1.2070859842
1.305418318
0.9518503091
1.0849772549
0.5828926735
1.0242826457
1.0041912137
0.9377043314
1.4087851532
1.0780788067
1.3967585272
1.3779136572
0.933321054
0.6392879906
0.6038857245
1.2313695337
1.0566358469
1.5410521781
1.0509029013
0.7901178695
1.150431551
1.6109403413
1.2517247702
1.0320893119
0.9100277118
1.4489049079
1.6327974298
1.0172284586
0.6367660017
0.8254440494
1.1795964298
0.8306524226
0.9413402596
1.0871194267
0.9914394129
0.9659037414
1.0857008892
0.8865025916
0.5026609303
1.2495274755
0.7964842136
1.3921276645
1.0436772583
0.9741776178
1.3312236166
1.3315625192
0.8160198166
0.736043587
0.8161232167
1.2227268951
1.440771269
1.1262375899
0.8056011724
1.3003179651
1.543949769
0.8679786838
1.4822043463
0.8606024833
1.433876884
1.4648957123
1.1369753445
1.0998246155
1.5127771797
0.6312628839
1.1257317144
1.2171180647
1.3188726393
0.8802959816
0.470223433
0.7689921082
1.3554425079
1.7225042085
1.0254961624
1.9163819859
0.9732869233
0.7663263258
1.0237787168
1.1688532786
1.2282094256
1.1517352309
0.9630357996
0.7971784259
0.7881575602
0.766018126
1.2960692715
1.0897127857
0.7289830564
1.2877372981
0.8234932608
1.3932951561
1.1293644481
1.1572836988
0.8561448741
1.3717204861
1.1394915735
1.1757183296
1.0547902467
1.3068450582
0.6507481536
1.1953850112
1.4687782393
1.0766740947
1.2443900027
0.9525143955
1.205874632
0.9294501073
1.3885503176
1.3846728117
1.6608525845
1.0730404129
1.0832411953
1.1995070698
1.4417483688
0.5191146201
0.8323129317
1.6286075985
1.6412756074
1.0800753747
1.4017214244
1.5905572368
1.2621421847
1.0132653666
1.0412851422
1.0685427526
1.2674529917
1.0898795385
1.6581226015
0.9981425321
0.9844734532
1.5232093835
1.1548426303
1.3345192459
0.7477471513
1.0802788477
0.6544429372
1.2538259379
1.2903136532
1.5681986685
1.2509483413
1.2778270604
1.4569596783
1.0921722786
1.084536179
1.3961389183
1.4186944852
0.8360801566
0.4919084603
0.6092529408
0.7746679688
0.81282808
1.2213968935
0.5112714561
1.0957573582
1.2672675
0.7315119157
0.8866791457
0.9391151386
0.8145150563
0.970883976
1.3903320531
0.948968824
1.3619709015
1.1608081849
1.1623724574
1.3160180411
1.3598249537
1.532251231
0.7677966436
1.3823010621
0.8348674352
0.5086764167
0.7516429158
0.7612647167
0.7530632731
1.6062230828
0.923989815
1.6260277594
1.2319087213
1.4846153513
1.0087809395
0.8868232393
0.8323704546
1.155017268
0.9061615782
0.9546751039
0.4259042825
1.1892741893
1.6915438255
1.451564387
0.3451840478
1.2283720986
1.0021057052
0.730299687
1.1510955738
1.0501609687
1.1319020624
1.5064208409
0.783735263
1.0651536293
0.6154109811
1.0206381449
1.3080089082
0.6966633515
1.2572290741
0.9459671655
1.1984623671
0.7871137133
1.0665439795
0.4005541155
0.879263411
0.9146674914
1.1272888921
0.8641950007
0.9906827172
1.3330378822
1.0478475311
0.6062442032
1.0282121813
1.0974974161
1.419385886
0.9526713352
1.4149990522
1.1713418489
0.6022943928
0.9110442384
1.1906106776
1.1017404151
0.845679689
0.8897485232
1.3669109239
1.2141710703
0.7763631037
1.3020509086
1.0378028872
1.0877040574
1.2937036189
1.0375565895
0.4161362111
0.6541948968
1.1922377255
1.0743953583
1.5852712119
0.6962339474
1.0158877693
1.1553012508
0.7263031353
1.5390176069
1.227731759
1.540823321
1.2254050981
0.4147660458
0.9643792685
0.7266282311
1.2244758509
0.619919032
1.2632826902
1.099886275
0.9544201137
1.1312838032
1.2934660361
1.4050418738
0.963773697
0.9596831307
0.9896936141
1.2564449405
1.4674582876
1.3473330771
1.4897639381
1.482623892
0.8145579666
1.4520840971
1.6801963975
1.3561839687
1.4884748859
0.6370943369
1.2393632423
0.9712336271
1.2337974543
1.4959826741
1.0143753147
1.3525189013
0.8085886459
1.1340234741
1.2227664091
1.2999471631
0.9552002618
0.914674835
1.5619637863
1.2122527439
0.692942473
1.2229719726
0.837959893
1.3634130012
1.4724867415
0.9796753871
0.7637556823
1.3511844544
0.9663077998
0.9034117601
0.8473192052
0.6409883835
1.1601080981
1.0397201764
1.3353617305
1.1077570482
1.0238060823
0.6217767376
0.8626581465
1.1535751266
1.0453873557
1.5324656419
0.6077704972
1.0723648923
1.1486585425
0.7617486215
1.151200461
1.4621212138
0.8449483208
0.7922124419
0.6216953887
1.2518293818
0.4488926967
0.9410161758
1.7427425774
1.3503182193
0.8945689533
1.2705756831
0.7673405336
1.2247729403
1.4616167112
1.5303226741
0.9926510444
1.107051977
1.2682337548
1.2907516799
1.0864870285
1.0063839361
0.9307539937
0.6577279986
1.0732740969
0.8055269493
1.0355056943
1.5717298236
1.1272478461
1.558110439
0.6905371354
1.9097384144
0.6991473923
0.9613613068
1.3725867765
1.2016611338
1.0905582779
0.9475758788
0.7604244571
0.9446706004
0.8067146312
0.964945187
0.7231753782
1.427954768
1.7313184749
0.8676879166
1.292576852
0.5514987181
1.213315203
1.2591575161
0.5444928514
0.2523997101
0.7739958991
1.4694041688
0.9266991448
1.1437004024
1.1360408658
1.1729278765
0.9791893592
1.047679865
1.0484495317
1.8078357906
0.6118350207
1.0336648146
1.3791984122
1.1948232912
0.9580976121
1.5340218638
0.6928497523
0.9666804284
1.5078255005
1.2486317547
1.272746595
1.0970645648
0.7722486343
1.6505654648
1.5006427993
1.0674112953
1.4316543283
0.9721701595
1.0092646279
1.3831639047
0.7044957886
1.6532988427
0.1767012415
0.9450313545
0.5842551766
1.071738133
1.3775488319
1.5568371953
1.1449656984
1.3937703538
1.168873316
1.3361331938
0.3625637812
1.0993575002
0.9013418444
0.9565944497
1.7097498309
0.8572211766
1.1346307096
0.8755545522
1.172584165
2.0529403861
0.7584633348
1.6628335298
0.7461803486
0.8310765424
1.2391124755
0.7528455809
0.6689148601
1.2502063088
0.5008821454
1.8182637521
1.1498895773
1.014542917
1.2931914896
1.6397380671
1.021691165
1.2803910284
1.2013866199
1.3615754018
1.1928726429
1.0165333159
1.452672404
0.8757570561
1.3855711433
1.9983983402
0.9317522267
1.2966128501
1.2549746826
1.0488520358
1.1167045954
1.6449383768
1.6578510101
1.3182416207
1.0237167068
0.5555090754
1.1855127099
1.1705508389
0.998561544
1.496706493
1.2202805735
1.2198439529
0.9453533854
0.6542847839
0.9434540692
0.8852940065
0.990497363
1.4496970082
0.798550962
0.7952341883
1.1250885464
1.2024131391
0.7999110518
1.2295955696
1.4435172683
1.3691752635
0.915540108
0.9627689671
0.8274061926
1.0755935827
0.9735414207
0.9303248428
1.5974994879
1.0362921257
1.0192799891
1.1937120789
0.6397685466
0.8532058222
1.309209559
1.1791034088
0.8475005622
1.4428988236
1.0561792618
1.1542876998
1.1406868083
0.8297173253
0.6697014379
1.0890883196
0.5161517128
1.0654052153
1.1649588902
1.2324514651
0.5323276205
1.2961607929
0.8101690886
1.1941568021
1.2063981801
1.3584735283
0.6077254075
1.4583693644
1.023383391
1.0362309153
0.9724151665
1.1629414462
0.9450539626
1.0079658601
0.9932426651
1.2251245746
1.2547980491
1.8949934328
1.6307949499
0.994372252
0.8391005102
1.5695440603
0.9387491786
1.1592526413
1.5690011787
0.6868368239
0.9087394885
1.0589042016
1.1812208663
1.5298158814
0.8676380774
1.7101117127
1.064585016
1.3719776224
1.1384761002
0.9776330765
1.0626306228
1.303734728
1.5623995857
1.51302513
0.7627075433
0.7398778682
1.5189564073
1.2448329946
0.5562325446
1.1219061422
1.5207161831
1.0245994307
0.9419060748
0.8845566053
0.8483217271
1.0200264395
1.1953253981
0.9192822324
1.2185105188
1.3943423513
0.7129344336
1.314648197
1.2409223509
1.0976354209
1.6003257579
0.6991663018
1.1989154601
0.884061135
0.5241718183
1.1829789167
1.4411821363
1.1641696046
1.4381054845
0.8528827568
1.2175047382
0.8161023826
0.9395473571
0.4481941938
1.2883101417
1.6542969244
1.3342417587
1.3421098689
1.1521268914
0.9324691074
0.8957898871
0.9365083091
1.6938294477
0.8810361759
1.1482604766
0.8529461466
1.0646340329
0.7736353316
1.0160277597
1.3817181337
1.404088281
1.5377455107
1.1507368914
1.4101837264
1.2947671123
0.5667612522
0.7789266251
0.8838204285
0.8976559737
0.8113887158
0.8856260349
0.92614404
1.6527375562
0.9911722248
0.9468240926
1.0402308715
0.9513754846
1.3427103299
1.0024954067
0.7477821152
1.2140636194
0.9988526508
1.0052400542
0.6397238099
1.4764500529
1.0840635806
0.6608685065
1.5398878817
0.9321193938
1.2112791915
1.2525193411
0.8472617388
1.6816763012
1.2553845862
1.1514865223
1.4791722935
1.1642922868
0.4673049827
1.1041209641
1.3983500717
1.3212719178
1.1767690676
0.3594229617
1.3040958889
1.0771829703
1.2505485063
1.3385060866
1.394542641
0.5095502738
1.3665018461
1.1727091071
0.6575311062
0.9026477439
0.7608453286
1.1703556385
1.1512280901
0.6407745578
1.8492470009
0.9021162484
0.9634701408
0.9499157469
0.5626297556
1.1406333524
0.9070683159
1.0437851682
1.6400419675
1.568908271
0.7420096081
1.1929643608
1.0024164738
1.3050755767
1.1371156858
0.9118661389
1.1125159446
1.459940444
1.3099685453
0.8462097172
0.7944617953
1.0116844561
1.4692088995
1.2729691952
1.2285195888
0.7723622575
0.6645669641
1.4902479841
1.0534636011
1.1081446425
1.0860341191
1.1307542475
0.9227929428
0.8819708504
1.529839067
1.547184321
1.2026986626
1.0072097636
1.1984854583
1.2583788669
1.5209113952
0.6814102227
1.1496296195
1.0600543229
1.2140390993
1.1657834925
0.8758807184
0.7139085954
0.3717056419
0.6157230904
0.9699395076
1.3661316623
0.98135218
1.2160784792
1.9072506234
1.2404151495
1.1502503386
0.8826827213
1.3250508762
1.5112575217
1.4656259764
1.1972125625
1.2462875822
1.5599072377
1.0639318203
0.9397551903
1.2265398178
0.945055581
1.2181599621
0.5812990045
1.9388631289
0.8549293326
1.2058109856
0.9920083466
1.3035779553
0.5038652888
0.6356824969
1.5862993367
0.6822911622
0.9786277542
1.1392418985
0.8975958459
1.1527845577
1.3676452161
1.1357669613
1.5979548791
0.7805602594
1.0504450144
0.9307804071
1.1980774334
0.5416056127
0.6277185229
0.9701458836
0.7027779322
0.8110862323
1.0122707779
0.5543136546
1.2955409442
1.2346539057
0.8161524372
0.6237343987
1.0420849437
1.0882531734
0.8502944052
1.4800530999
1.1979443218
0.4770455304
1.5296423449
1.0800442743
0.6126298176
0.7169932332
2.0682590693
1.475201536
1.2123972248
0.4985657181
0.9698231394
1.0888311688
0.703958748
1.1756894505
0.9728240396
1.0780497299
1.1813199994
0.6546586039
0.6107310573
0.9501926185
1.1356367438
1.1682360148
0.8923780784
1.555207941
1.4199034
1.0732096606
1.7936367285
1.1816686574
0.8849624795
1.4014335141
1.0786853983
0.9009770591
1.6654206839
0.7742613437
1.1282400032
1.7329719238
1.2406883574
1.2119468347
1.0935875978
1.1812680917
1.552371068
1.0165676385
0.8789890984
1.0560106514
0.9243439702
1.0732259231
1.2228169786
1.1460889062
1.0243584539
1.4860372216
0.9496306767
1.0365731757
1.1324068879
0.6228749716
0.8817463518
0.7375740585
0.7035208751
1.5134492684
0.5287978727
1.4369858552
1.1239646445
0.7297274059
1.1103903607
1.1991943142
0.6871680849
1.7678988337
1.2447747734
1.0866881554
1.471390704
0.9138290149
1.4176922354
0.975587961
1.6222015616
0.8950041521
1.6712350977
1.1268366228
1.1704422608
1.9215136093
1.3570089599
0.9619554376
0.6122047863
0.5697586551
1.4042419637
1.0465693735
1.0232813096
1.1367725077
1.516682809
1.0414718707
1.2033220089
0.6960630226
0.9817959019
0.777371571
0.8957957055
1.0188980664
0.921166423
0.8647609133
1.2281201779
1.3887263417
0.8568958418
1.5239159614
1.3309170136
1.1475022603
1.723446963
1.1706902912
0.8670528196
1.4626860802
1.4688103057
0.9615018026
0.9738140662
1.4382780164
1.1120748783
0.594948144
1.3645513084
1.0585959715
0.9304640549
0.9796102544
1.0086670133
1.3831106119
0.5502699176
1.3121542208
1.4848524899
0.9360319441
1.2481216479
0.8822945788
1.2180965734
0.655292697
1.7089080066
1.207995516
1.0229037708
0.5162211148
1.462403296
1.2026154115
1.4488067474
1.1218256732
0.3447598566
1.5684617405
1.0454371685
1.3176960248
0.7860904442
1.4069948302
1.5489665011
1.3644692011
1.3425168986
1.0408715265
1.2886858348
1.1711628427
1.1870004493
0.9896392122
1.2908554452
0.7992093303
0.1789928365
1.168334537
1.1556954811
1.1592268792
1.281884777
1.587300544
1.6303625088
1.5367518623
1.2030858409
1.5843231011
0.7350657881
0.9860377238
0.5426263935
1.1491103305
1.3224742856
0.8250057558
1.0582465157
0.7023874036
0.9522827139
1.3668338349
1.1479679049
1.3549810031
1.2325903047
1.5184240513
0.6198681476
0.8182877915
1.050087107
1.3250108054
1.5180860457
0.4928679365
0.7669146648
1.0564730193
1.3502411056
1.1378320023
1.3398065439
0.8107732171
1.262150859
1.2153046395
0.3284442238
1.3254412705
1.8897453903
0.7528644285
1.0032169946
0.8368336667
1.3004054732
0.8208856202
1.8333416924
0.4372558487
0.5544437597
1.394066329
1.4656038081
1.1718104655
1.3394295464
1.1338538804
1.1879652302
0.8364314905
1.1208776667
0.5919435546
0.6072209824
0.9811038658
1.2257052729
1.5163857443
1.2627483866
1.2734263466
1.2829953318
1.3888594939
1.2514170641
1.1341946838
0.9780407519
1.6034721113
0.8974273489
1.1271445068
1.3255329953
0.9052109552
1.4457365499
1.1489356885
1.550023279
0.994683643
1.6063889333
1.5878271633
1.1894497296
0.7089711937
1.0086122939
0.9265143967
0.9170434464
0.8766165756
0.1674599675
1.5181778695
1.0804922677
1.1817949234
0.9635901386
1.9270927236
1.8076045656
1.6995636412
1.2564098452
1.3116597598
0.9800831716
1.1364865691
0.9241100742
1.3041898867
1.3645504294
0.6683672872
0.8712841965
0.8517568247
1.2199150091
1.3107390494
1.4308867297
0.4509255154
0.8496592582
1.0931364946
1.0184102214
0.9856797765
0.6281416438
1.346872318
1.038764428
1.2635461012
1.1594285665
0.5935993433
0.9562079371
1.7032999864
1.5967944998
1.0180982957
1.2144750836
1.1687695812
1.4260018682
1.6733246736
0.656156304
1.5096160982
1.1686992381
0.8406906905
0.871146356
1.2922828971
1.1969636121
1.1882888034
1.716631062
1.1845313166
0.7053988896
0.8066833921
0.7095701559
0.7793493529
1.2611149251
1.2333725415
1.0133531365
0.8018453931
1.0277848189
1.3890263495
1.0363765273
1.3404593798
0.9448584732
1.2335039609
1.5047462143
0.858159787
1.102243644
0.7285078286
0.7592213475
0.6285290556
0.6645564168
1.2223398814
1.0459578194
1.2322860684
1.4609647057
1.349204325
1.7556148675
1.3683753753
1.6070484237
1.3243765526
0.9046597779
1.3050214655
1.2809447963
1.3594978559
1.3324331588
0.9661003367
1.1265185753
1.3592280484
1.1771884855
1.6600636122
0.8130221896
1.5443329236
1.337498321
0.936373052
1.2227278978
1.0880627292
0.7547885167
1.1580531032
1.7213057364
1.0712489919
1.1921513452
0.7251029459
0.8470637
0.801964457
0.5432108184
0.923500615
0.8804415108
1.001462848
0.7621681083
2.0794487674
1.1290130246
1.026380361
0.9008591576
1.0067952594
1.0357629638
1.5845327599
1.1144475981
1.2073387606
0.2900315757
1.1894732207
1.363950327
1.2484140753
1.1409677641
1.4199521086
1.6910534981
0.9618960291
1.3857156471
0.9354267442
0.4204936649
0.6948149707
0.9753634374
0.9544389516
0.4447808653
0.8009745755
1.0727562651
1.3525530631
1.2697996173
1.3005372341
1.0855924569
1.5688812503
1.8548054318
1.5995565849
1.0870053197
1.5398897353
1.0252078922
1.2021756118
1.1669611973
1.4460821354
0.9350752125
1.253806432
1.2015425556
1.2477834765
0.9584361697
0.9779586209
0.8334202374
0.7070132095
0.9367406876
0.9982534267
1.1469965731
1.8774506785
0.5047819733
1.295814428
1.5403372237
1.4744589552
0.7386798634
1.6648658064
1.0702378243
1.4896424037
1.4731547911
0.9985338468
1.2259115406
1.4725588495
0.4647582833
0.659104069
1.0169865688
0.7834554247
0.5318184289
1.3691539291
0.9740467225
1.4097127189
0.8155987904
1.2651816952
1.4893916182
1.3425501723
0.8799031844
1.0018064739
1.0054338496
0.9183610098
0.9829611361
0.6806505784
1.0789174768
1.0814398015
0.5089717115
1.2310083709
0.6165535188
0.810006144
1.2728941054
1.1622711139
0.314512272
0.9381771042
1.0168993771
0.7796941628
0.6539515289
1.0863725584
1.0116153121
1.4184328701
1.1484341224
1.409761075
1.0860789879
0.4130524488
0.2938192523
0.8061988243
1.0078108742
1.3040291541
0.7973068623
0.9293247723
1.2377587913
0.9373456403
0.9692921187
0.7919534502
1.0262264465
1.5229834301
1.5091810974
1.0312159531
1.2645907413
0.9032451658
1.6476185501
1.2204096139
0.8551363386
0.7228594356
1.1714808002
0.9250562563
0.6461378769
0.7960132722
0.5876230599
1.2694640774
1.3686140621
1.3976194942
0.916018975
1.5232794829
1.2063321288
0.4162701521
0.9888649184
1.1452980155
1.2230276054
1.0749944669
1.4020464527
0.7773520157
1.7481593463
1.4301060502
0.9854228531
1.213267944
0.9527749849
0.6851901612
1.1354788018
1.4193493955
1.3495716041
1.6404227377
0.9796449997
1.0279690748
0.7851385982
0.9797840546
1.1615474824
1.1587926246
0.7986257445
0.7353000635
1.0353401334
1.4270519259
0.8295888619
1.1187346902
0.7499845475
1.4726760527
1.3524222654
1.1702572064
1.0278272521
1.1101417632
1.507728935
1.5401299326
1.1168006623
1.141705817
1.5491606085
1.1819409486
1.3621423012
1.2521115049
1.0935931549
0.8693180797
1.2018192881
0.8286932815
0.8443610007
1.4687998304
0.7489512112
1.2383139427
1.0673129859
1.210208669
1.3227247076
0.9523360299
0.5659170249
1.4323692775
1.0106892304
1.2520628195
1.522959912
0.9248299402
2.0393250475
1.430872749
1.3792243206
1.2479145581
1.1534124792
1.0254010626
1.4155451589
1.1957775883
1.3684890141
1.8414232529
1.3757744379
1.4558345001
1.1064889185
1.4865120732
0.97991027
0.8532953368
1.1135471177
0.519153319
1.4222156496
0.9152362672
1.266420386
1.382061005
1.2703299929
1.242806939
0.888011793
1.0998574972
1.6091970688
0.8919123983
0.8575677163
0.9232559041
1.3621770635
0.9777524701
1.2022241653
0.8283982108
0.6816596
0.957506107
0.8812297841
1.5481468625
1.6104018368
0.5221739568
1.1943763616
0.5688755188
1.0571429785
1.135523631
1.4387097256
1.2207046124
0.9062499611
1.5394504984
1.3531116215
1.1688775197
1.5255237594
1.0096405234
0.983338366
1.2154757836
0.6805181906
1.0159545871
0.8324455841
1.4013577388
1.3088534713
1.2638896623
1.5577802364
1.4139766725
1.157516435
0.4258471752
0.6958397661
1.1300121743
1.6555648178
1.4423366239
1.6055935052
1.7405799185
1.0134304927
0.9683666649
1.370247196
0.8610307202
1.6785874858
1.5937874048
1.0076317411
0.9896372818
1.2801831193
1.3024993915
1.3894485234
1.1943958106
0.7005375984
1.166300225
0.5663454864
1.3430405104
1.2505755225
1.1992089755
0.8771037355
1.2997585156
1.3100612076
0.989030373
0.5260290142
1.443080784
1.3562827698
1.125885487
1.2934052214
1.3790339829
0.9770935186
1.5571530174
1.1803833804
0.9380112115
0.917795222
1.5132824634
1.0079497671
0.7845908462
1.6365143545
1.2428731186
1.7947491983
0.840080542
1.4236917109
1.1130992479
1.1919977363
0.5725462013
1.1703427443
1.2279603749
1.1165673055
0.6170002454
1.1303391235
0.5988116959
1.4431023737
1.1952279308
1.2786617257
1.2397397887
1.2193556911
1.6600901886
0.8197437105
1.0978380137
1.4414565978
1.1156503816
1.3479839544
0.823359753
1.2792132378
1.5586913157
0.8015636313
1.059764138
0.56196016
0.8757689059
1.2563081876
1.4827915243
0.9894764739
0.5001347542
1.540576977
1.0947299935
1.5506749567
0.9747015719
1.2787391474
0.4406031287
1.1280651903
0.9781092734
0.9819116418
1.6583910957
1.3357567217
0.9799785134
1.2273519304
1.0494383424
1.1802147012
1.6798712225
1.2129385107
0.7853657114
1.4359800358
1.3116667631
0.7214697819
0.7998513349
0.9465343819
1.056057972
1.1410484395
0.9257934438
1.4226972021
1.3808435495
0.9244906955
1.2128088768
0.708588657
1.2596898429
0.9918047179
1.2592742772
0.9449440911
1.2690533985
1.0313496095
1.0297130127
0.8551536331
1.3100784577
1.4119444177
1.5849269763
1.129496775
0.8392711308
1.202079056
0.8451365074
1.0451787297
1.4560499408
1.0605724262
1.5830574604
1.0138993475
1.2853013268
1.1902149853
0.7073459609
1.0468354199
1.5808919385
0.6056668009
1.023183882
0.8914337021
0.8779716479
1.0002349134
1.5795226863
1.1201166248
1.3927949169
0.994306383
1.0847015386
1.6511104892
0.7601411737
0.6441024878
1.2925804162
1.5973500438
0.7215640032
1.2436229308
0.7790897633
1.2813579309
1.2212005178
0.5685501203
1.38667309
1.8273925008
1.066844484
0.9894943964
0.5853726174
0.8751866835
1.1839292554
1.2008060103
0.9035516828
1.2459290754
0.6182739843
1.6200287894
0.6916964124
0.9800260143
1.2430595914
1.1212563813
1.1430800572
1.01902672
1.3548075198
0.9328960925
1.2415148857
1.5752390966
0.9770960648
1.4048356106
1.3750877579
0.7468788286
0.7945976804
1.0489864094
1.2753018385
1.2488703009
1.2686477462
0.364526862
0.7535208972
1.3495504516
1.4408049335
1.3321628
1.6312606533
1.5698421047
0.8728980718
1.1259827916
1.3752038601
1.1362272465
1.2142402796
1.1652653442
1.3163542275
0.6269858411
1.1122796598
0.8802194754
0.9830389497
1.1598862303
1.3288891512
1.0467614507
1.1242484145
0.754075896
0.8639205348
0.9426344445
1.0776215652
0.8910635379
0.9142574186
1.5157010214
1.1881596928
1.6151050278
1.2148208979
0.9017358315
0.7103691773
1.155597805
1.0716608674
1.2791072176
1.3449065019
1.0360660873
1.1727606013
0.8535974411
1.6284210404
1.1284363953
0.9269004826
0.8793872489
1.6570195814
1.277202991
1.2942570809
1.2481852611
1.3655792591
1.183481582
1.1207071343
1.4943487332
1.030660164
0.8934914405
0.9320533771
1.5396021424
1.2894051553
1.4560232179
1.0186544049
1.2275134037
0.5207285569
1.5705327874
1.0936656994
1.1341676912
1.3520715597
0.9820035298
1.221516134
0.9737407359
0.9595052391
1.2387450725
1.0643479611
0.7109961326
0.8867700498
1.7322618583
1.285902878
1.2504022777
0.9730225329
0.4571899973
1.1752667608
0.5410441881
0.9157135194
0.8363432612
1.0770796894
1.3545408673
1.2231753681
0.962770173
0.9418978816
0.6622405762
0.8134913467
1.3069639387
0.6856473742
1.5657703927
1.0610603052
0.6654799295
1.1766375662
1.4275502161
0.9917796293
1.3665798189
1.2946944901
1.1921334716
1.0172232546
1.0313930805
1.0599386125
1.0556002019
0.8684001118
1.115489959
0.5547169247
1.1706357684
0.5864372711
1.4842305553
1.4659399342
0.9838022771
1.7438413157
1.6631661828
1.8512834658
0.7950384941
0.239244814
0.8991617182
0.9908400444
0.8838236347
1.3412509985
0.8759631354
1.0763829623
0.910478837
0.9904075835
1.536172893
0.40073331
0.7590008454
1.0265621347
1.4390830673
0.8621880244
1.6061584098
1.722669738
1.0157518021
1.8155668495
0.7433498013
1.3464793368
1.1825692031
1.2174215048
1.1099533524
0.8700597547
0.7763708173
1.2293568614
1.3918415245
1.2594054724
1.0951674228
1.6311303369
1.1925797459
0.876839994
1.272137156
0.9681348526
1.3341499754
2.0518357145
0.9205958689
1.5977581912
1.2835865661
0.696929231
0.8968098971
1.6046946595
1.1017812993
1.5004820134
1.3659371315
0.4466484529
1.3567728665
1.2739082629
1.4772085375
1.1835146277
1.2216178165
0.7254033594
0.8626611658
0.5411842138
1.0732088826
0.973454221
0.9374307121
1.115237657
0.8255945001
1.6025166836
1.6191470028
1.1925650047
0.1291323061
1.5362694844
1.2712774017
0.6523901613
1.9826519921
0.9625495981
1.3998078731
1.0869463503
1.1889875813
1.1000126972
1.1605499734
0.8177211211
1.1890730732
0.7911234129
1.0739482615
1.1485036397
1.0873107384
1.4305576542
1.9765214069
1.7345748762
1.331137865
0.8471840054
0.5410214225
0.8339049276
1.1810761393
1.2234615135
1.0068143806
1.2305417595
1.515201295
0.9045577029
0.9365472006
0.748592935
1.1411773573
1.41373726
0.9491000977
1.3751358403
1.0670632717
1.1589925478
1.8265159917
1.2775314718
1.7242598677
0.6982661999
1.5272166133
0.6137794252
0.7452998135
1.2255525248
1.0113681191
0.9671714891
1.3841333466
0.950883943
1.205892838
1.0873692044
0.9424126375
1.4283795169
1.1753105093
0.6445806949
0.9172533963
0.8121396844
1.1669517391
0.8496282796
1.1119425408
1.3147718077
1.6639165223
1.3479460634
0.6662266206
1.6139699521
1.746223776
1.2055986779
1.6725985612
0.9770771108
1.5329315394
0.0786551449
1.1046051197
0.7810667489
0.9630345877
0.8127733546
1.1937622562
1.2487862652
0.9931681745
0.6002821143
0.5801102153
0.6065442643
0.6469550775
0.4269324461
1.741976851
1.3200790489
1.3376675292
0.5284727386
0.7361435548
0.9123214452
1.5187910413
1.7336531595
1.9281782337
0.991272743
0.9421405374
0.8322857383
1.328352142
1.3038463524
0.8342509
1.0645493683
0.5749116591
1.2469179624
1.3678352781
1.4701295331
1.3725622476
1.0641848632
0.9921746439
0.6052029649
1.4121110239
0.7165915762
0.3152040252
0.9257403868
1.6262857772
1.2635189435
1.0245404593
1.4615191861
1.2640245486
1.2064249924
1.0690341548
1.6865929401
1.4163801685
0.377749309
0.7727832247
1.1042253817
1.1836042287
0.9427835382
1.0685778973
1.0351022293
0.7665378637
1.6564742599
1.0027541957
1.4342850824
0.5601011357
1.0562619351
0.6564547553
0.961967195
1.6354992372
1.4580567656
0.8154884928
1.1470953301
0.9445588985
1.5360176824
0.6690575983
1.3749094546
0.8165874428
1.3057265151
0.8824211787
0.855349706
0.8653462431
1.7585660998
1.0213296556
1.2294538309
0.5781331164
0.8824862577
1.4882013377
1.0858857637
0.2440020388
1.0897750042
1.417827831
1.4836215827
0.9503017583
0.8866178133
1.4273017505
1.0676678469
1.1238198442
0.8301588896
0.7866298205
1.5435017702
1.9050591551
1.0282568924
1.4212539115
1.6607549532
1.5196399423
1.4395945408
1.2716310435
0.8133050742
0.8882299888
1.0648335223
0.4886111135
0.9195365811
1.7803466429
0.9609478788
1.1763156082
1.2094171416
1.5335299842
1.0332447289
1.2802610131
0.8523541516
0.6255633302
1.2184624413
1.275926542
0.9463249885
1.1761599283
0.9641484592
1.4001372111
1.007433269
1.2858034976
1.2278591482
1.6996923537
0.8481478698
1.1981418713
0.6739452004
1.1540146557
1.4465019491
0.5577794047
0.9759305842
1.2956430722
1.4663541482
1.1188257586
1.942015401
1.0602102978
0.9182653057
1.0962585039
0.7991851606
0.7966093887
0.9192392726
1.3425137381
1.2073278799
1.7096796593
1.3594997954
1.1772287399
1.0778311188
0.9372067215
1.3376685247
0.6952134913
0.7178964978
1.3201742747
0.9980508959
1.1836167233
0.948247632
1.2997268928
1.0031339638
1.3042666654
1.9546633566
0.6739382323
1.0924185058
0.694150569
1.3107055962
1.5538432513
0.6795393543
1.134206232
1.160694355
1.273319372
0.9489883499
1.2012250868
0.8455103713
1.2480412362
1.2854035613
1.0855109507
0.7949604169
1.054580514
1.1963757798
0.9696516582
1.4262162768
0.7442997566
0.9022023778
1.612288982
1.2466860854
1.338202715
1.4017523329
0.5841664315
1.0487476622
1.3110131862
0.7690721271
1.2271164663
0.8977909508
1.4382235923
1.4338845647
1.0801468989
1.0321740072
1.6877864882
0.3485628611
1.0352469408
1.1082323684
1.2148689237
0.6433929247
0.7743149382
1.2458286419
0.8677406606
0.7386194657
0.5665104479
0.8053355046
1.1270634052
1.476609255
1.3520175718
0.763070504
0.6308691558
1.2618993198
1.1037384204
1.1144032007
0.9616665709
0.9707001986
1.5479780689
1.0779231086
1.333864255
0.8298925782
0.6764762418
0.8552278302
1.1658159516
1.2523806709
1.6165407685
0.5561116291
0.8028702212
1.0679706574
0.9726386763
0.6866069813
1.4011117453
1.0361809241
1.2467788145
1.1722940968
0.2458590554
1.2433222717
0.964939227
0.9168829642
1.0861336228
1.2191192427
1.3911907248
1.1676511748
0.4871982714
1.3816953503
0.9238531522
1.4163861756
1.2764137854
1.202915531
1.0256270665
0.6324210309
2.079364619
1.2518029109
0.8794220209
0.6911608243
0.8917834761
1.5354514349
0.8666788579
1.101570047
1.5482280372
0.8400205163
1.0760121874
1.2145847152
1.1948461805
1.2560665195
0.9185928018
1.0562920118
1.3882764499
1.5988460243
1.0936432129
0.9551152401
1.0689900703
0.955625517
0.9257120542
0.7686412665
0.8066121076
1.1132165096
0.6798838841
1.5857766504
0.7824607226
0.7987024761
1.3035651129
1.2640867723
1.0014411838
0.687645111
0.3495370971
1.013645369
1.375833739
1.075441194
0.7050766422
1.3958190997
1.2504064306
1.0795713138
1.1450531537
1.1396331855
1.2246616002
1.2391659309
0.8377274513
1.391050392
0.8432725425
1.0459244528
0.8862919375
0.9229975557
0.3552661349
1.5891443945
1.1344232539
1.0891142331
1.1370984175
0.9825287026
0.9786103731
1.8477345472
1.0968771843
1.332074568
1.2596859407
1.3840171726
0.9233250731
0.9342308333
1.3031195913
0.8291498177
1.4300328641
0.8106034423
1.6581275718
1.3081804362
0.7620279551
1.4560746982
1.5973255261
1.1701191416
1.0355676945
1.0708102365
1.2884812544
0.9110728182
0.5065114333
1.6414058841
1.9764269443
1.3661390078
1.8599649457
1.1080553148
0.7525593037
1.0893100215
1.3277952539
1.2627439201
1.486859337
1.3436782723
1.2140574458
0.9255232351
0.9821462068
1.4326501243
1.02473232
0.6668269865
1.4740943263
1.0657240345
0.8136642346
0.2782208108
1.2443197948
1.0110145481
1.0164649553
1.0705981281
1.1311149072
0.9494140496
1.1005996418
0.3182874491
0.8128497737
0.9525920323
1.3296686106
1.1838307261
1.288041799
1.3944556215
1.4545281857
0.7363306878
1.2484845631
1.3382441112
1.2888973308
1.2039318896
0.5486431352
0.8416190009
0.9771047784
1.2359404534
0.8667400638
0.6593034807
1.7832514785
0.8549234886
1.8025765281
1.2083320756
0.8989569336
1.1325962337
1.298923274
0.9109002192
0.7313411169
1.1582847365
0.8683755737
0.9604779599
1.7391215759
0.9577574091
1.6362782546
1.0453188656
0.3758567351
0.9585592413
0.7916704456
1.9283438164
1.0778438866
1.1546672205
0.9133381563
1.5005040565
0.7113089897
1.4171945504
1.0590090517
1.5712078089
1.140723028
1.4820104233
0.9965089551
1.0366753939
1.1979297766
1.5527817215
0.7601466248
0.5630876394
1.0374137376
1.1960876588
1.5697666772
0.9435193189
1.1545218908
1.3685331976
0.9741844496
0.6969358433
1.0708755758
0.5091709835
1.2645304541
0.726154281
0.846819884
1.1424620664
1.2226823878
1.0143404354
1.2050488471
1.4468273583
1.2887272617
1.0305970779
1.1764115982
0.9007791068
1.3128101963
0.9882528893
0.6631104808
0.9513694904
0.9496803974
0.4782559946
0.8187139892
1.467236138
1.2473330718
1.4609371576
0.9217699708
1.5233656985
0.8572055345
1.698005104
1.0484593899
0.8798390118
1.41080162
1.0030972379
1.1193304501
1.3328937165
1.4276495844
1.0319333927
0.6995283026
0.9163509263
1.3798991918
1.6103405276
1.1734526613
1.6133771258
1.1973686052
1.8442433763
1.3479254075
0.8303288551
1.1316367538
1.2336297673
1.4791450929
1.199758077
2.2121594665
0.7543873845
0.9431405609
1.099433899
0.7550067168
0.8783069509
0.8248220398
1.2615165682
0.9727434163
1.3783773021
1.1553134694
0.880889336
1.2747835084
0.5862469249
1.1770104173
1.9223549081
1.0052665156
1.1656568622
1.5868022566
0.9109076299
1.4284515224
0.8174834264
1.4961292223
0.9301493088
1.4510519299
1.3968565414
0.8345249444
1.7699842107
0.9047681938
1.3651226149
1.4016643139
1.1164488364
1.5613792737
0.7075595067
0.7643618635
1.4634792209
0.4491988478
1.3137618483
1.4087185976
0.7338753271
1.1088653516
0.991849859
1.3601098048
0.9355318624
1.4182324014
0.8148983021
1.4712218091
1.5839664639
0.8368696667
0.590213132
1.1572927308
0.3661533765
1.4232122121
1.5468845395
1.2918474299
0.8942058051
1.1907166597
1.6157045944
1.5225724563
1.2048585157
1.3803862152
1.4332281222
1.1668159675
0.1183673939
0.9022977491
1.062921281
1.0618600263
1.4888155909
0.6376535132
0.9852521193
0.819889995
0.8969764227
1.3132684822
0.938290015
0.8880117315
0.7699634629
0.8703634687
1.4097983279
1.0182695943
1.255746359
1.6076375603
1.0584389777
1.2039666593
1.7216566691
1.0067083423
1.2548029045
0.9628198302
1.5057418185
0.9451701185
0.9450036046
1.5440364408
1.1123587991
0.8553521457
0.4926869156
0.8112949876
0.9514706094
1.6871862666
1.3706965773
1.2626232703
1.4392174222
1.0538139377
1.2903934642
1.1029950414
1.4135031209
1.0673718026
1.4658662841
0.3582843097
1.9726020533
0.925893418
0.529345084
0.7874527804
1.1016293527
1.5110024795
0.9337595971
1.3712124693
0.811528052
1.3166484488
0.8975751512
0.6700228139
1.4558175131
1.2745924767
1.6748009763
1.8172011538
1.146154812
1.5419127037
1.099247387
1.5124149204
0.4818658349
0.7536973342
1.3258532208
1.0290441318
1.031228616
1.2012005835
0.4820685533
1.0262330368
0.6090593471
1.2773395365
1.1345617503
0.6574634197
1.0417533098
1.0614995133
1.2502811258
0.8678187774
0.6684195599
1.0919860441
1.3140956226
1.2113683884
1.5317913439
0.9038144648
0.8696742325
0.8864086182
1.4008860086
1.2891577384
1.4939871936
1.2972062977
1.2518348805
1.0691579001
1.1689821859
1.8708195999
1.6719611242
0.982534132
0.7920059944
1.0507035231
1.1621975611
0.5123959204
1.4757677252
1.5206470066
1.1158334994
0.8577614156
1.3072676771
1.2866601574
1.0863760895
0.8117824941
1.3826341764
1.5104207283
0.7740675142
1.6177708241
0.0618400743
1.0685273161
0.3851283477
0.8850589412
1.2934248061
1.2815428238
0.9160850303
0.9734477193
0.6930559906
0.5610529807
1.3447417557
0.9719296988
1.1357180128
1.6536407926
1.2588149307
1.0963957822
1.2416012392
1.2558530892
0.8804561846
1.3947184715
1.1203479733
1.064624559
1.295346176
1.1628386801
0.9060486885
0.6554666442
1.1906097082
1.2635035211
1.1897086564
1.1453284018
1.0959871505
0.9709780826
1.0621330039
1.3505876907
1.985005901
0.9159842886
1.3800362411
0.7625639369
0.5378059471
1.0808570016
1.1691320998
0.8812344272
0.7772594198
1.2660583939
0.9975997234
1.1265519529
1.2820408415
1.1957430558
1.1230317346
1.3628034154
1.2733680566
0.9671006779
1.4280252079
1.2516073512
1.1889270247
0.4521832375
1.4342492983
0.7301968013
1.4388171082
0.9831320166
1.0608624993
1.3819642629
0.7727126081
1.2064291193
1.5947413484
1.2304437699
0.5820628387
1.2853934609
0.9081543384
1.2785545121
1.0054472967
1.1519606692
0.8718917135
1.5409679955
1.0142932978
0.6635080972
0.5178794468
1.2222945049
1.6106937562
0.9674983055
1.330380379
0.9389718179
0.74692831
1.1294652866
1.0260993157
1.7703029683
0.941686628
1.1932941512
1.1759914716
1.2129450531
1.1674471591
0.930366063
0.7871104893
1.3183289533
0.5540778207
1.3909235298
1.0418837113
1.4253022774
1.7285820863
1.0551540471
0.6009024187
1.3744237219
1.2249991876
1.1252177781
1.172983914
0.9577577531
1.3323514662
0.9823953445
1.5018359892
0.9797411402
1.3844971269
1.3945949346
0.5898609071
1.0386338785
1.7022374983
1.0484724858
0.9769643502
1.2303825293
1.4630613667
1.3758079948
1.1491426714
1.3268781562
1.3249401355
1.0734123019
1.4523411274
1.1136905946
1.6419882481
1.3865181012
0.7602327469
0.8884573091
0.7521607858
1.1456670407
0.6089201895
1.0927172711
1.7982653196
1.2706705729
1.482111458
1.1150428399
0.9377780946
0.8271924194
1.6863391868
1.3416311304
1.6487634557
1.2608494439
0.8308561282
0.9398315578
0.6131314854
0.5697326291
0.9300785793
0.8116259204
1.2660626367
1.5351678828
0.9957951465
0.7060549664
1.3810885191
1.0926018724
1.2753094833
1.2714451411
1.0542925925
1.2503076859
1.2278601535
1.1384050809
0.8370795327
1.1277093003
1.3335556915
1.0529680816
1.3227217493
1.2745158045
1.6664107972
0.9565836561
0.9873524717
1.0256972536
0.4945728374
1.2279621729
1.1709911717
1.0074451078
1.0543113644
1.0875540345
0.9625331057
0.8756783422
0.7334087976
0.7616079706
1.637093126
1.1119943219
1.3334379526
0.9593488395
0.341762087
1.2127475921
1.0006256024
1.2411296391
1.4462686029
0.7082307466
1.1899472522
1.1850579563
1.1357034245
1.0813876635
1.7086740322
0.8263271107
1.1662047188
1.2219320432
0.514174326
1.2354570636
1.4358361002
1.032489409
1.0673325874
0.6763951582
1.1842296818
1.483308741
0.8550903223
0.6956942623
0.833127816
1.2578018013
1.317749973
1.225795469
1.0924187147
0.9624637917
1.2347618785
1.1683558102
1.2541665139
0.7477469095
1.263311505
1.2689482963
1.5935165858
1.4237893523
0.8211737088
1.6453007535
0.84679983
0.8670427209
0.3532965375
0.9498876629
0.9251889385
1.1884147298
1.0336731333
0.831273999
1.0305489248
0.7908427309
1.4282325212
0.7842274634
1.2682593602
1.3353355681
0.4204526354
0.7736846825
0.5166177628
1.3991878809
0.5800383092
1.2563357191
1.0825509202
1.3925148244
1.0013717077
0.4900863243
0.8680336732
1.2971155541
1.1576759132
1.4802705162
1.3240630195
0.7116116876
1.7305305503
1.3239411819
0.4114820141
1.2678777207
1.106400021
0.5344285574
0.7309319624
0.6586689211
1.206196898
0.8839572613
0.773348536
1.142471502
1.5939520641
1.2138276041
1.2776326827
0.8849649647
0.8550191245
0.5451410012
1.2538474169
1.1239548354
1.1066404082
1.4683661229
1.7035955191
1.3451635816
0.897633912
1.2653158306
1.3447679089
1.1882009963
1.4158014614
1.5857679283
1.231407514
0.4512183409
0.8287918944
0.497516345
1.6055590345
1.105563977
1.3831028532
1.0832026648
1.1134278378
1.0578091422
1.5160292327
1.4873350178
1.227623477
0.942119159
0.9415559394
0.8964295643
1.2909623347
1.3608822081
1.416066764
1.3962390707
0.9048116906
1.3896285714
1.2246851817
0.8818882191
1.0206775937
1.0802518915
1.1185521653
1.1508957177
0.989840615
0.9413230683
1.290199086
1.6032351442
1.1948144034
1.1939147688
1.323959425
1.0135298335
1.0803077371
1.1256666899
1.5901587892
1.0782899812
1.231294184
1.085254229
1.161625359
0.5597276762
1.3915942571
1.2610676027
0.8476097438
0.4178704361
1.3487774433
1.1728411283
1.2458174391
1.2289840247
1.3196208755
1.50843904
1.2560946434
0.7411001396
1.2997786062
1.0753932681
1.2343446217
1.2411878553
1.267206969
0.614834104
0.8738446057
0.8084540765
1.5897302345
1.1303938782
1.26271883
1.2577695701
0.6692154011
0.8750478659
0.9344910497
1.5573342551
0.8793469092
0.8996092436
1.2653367002
1.240835909
1.2903371283
1.4344496616
1.3127607518
0.454600346
1.1861833726
1.5723669182
0.6900381538
1.1622656542
1.595161815
0.846604313
1.138545426
0.7506421696
1.3339566794
0.9627415315
0.8321980771
1.7819327137
1.2989195691
1.4197978704
1.2715728719
1.2771856414
1.1430401888
0.8342020894
1.1124646176
1.1663252779
1.423106772
0.850515861
1.1405079067
1.398144582
0.9984939825
1.1567282489
1.3032929545
0.8501097486
1.2367377034
0.0258574391
1.1287353875
1.1747392434
0.3315166881
1.5172452057
1.4293757022
1.361476316
1.3756430949
1.0143684354
0.7877424064
0.9960318358
1.2378967013
1.5979225658
0.6932238231
1.3240057011
0.6048551086
1.3425532565
1.0885987215
0.5729316112
1.440957022
0.8042390896
0.731984061
0.9223723951
0.9624855141
1.2047442272
1.2663911098
1.8410984839
1.9134994895
1.3429422677
0.9257570257
1.6606082469
1.0457496446
0.8658850948
1.2241920443
0.4202757241
0.5670786319
0.823831461
0.847767562
1.3051239445
1.0718418168
1.4456117845
1.028012471
1.4350373047
1.3336449367
1.1862779165
0.7988269941
1.1413928939
1.0879354766
1.0193820577
0.6930483761
0.9101816739
0.9816682602
1.0156276017
0.7793669588
0.9646433216
0.9316707488
1.4129474095
0.9871674038
1.4838008638
0.9189341196
1.3617624119
1.2073572009
0.4443978303
1.2883241158
0.4275508517
1.2721818906
1.4930264295
1.0628045739
1.2260792461
1.18807782
0.8775481076
1.3717929215
0.9377536374
1.5801389277
0.9478949148
1.1474353124
0.9797336754
0.8879620475
1.1546842265
0.7194631181
0.7663179448
0.6953458982
0.9593018801
1.403873691
1.129042761
1.4754240991
1.7825565257
0.9735182417
0.8691541422
1.1328109457
0.9966779306
1.4651487604
0.9110506607
1.4432221005
1.1854038073
1.3051697752
0.9884232044
0.363113674
0.8384524213
1.1240623456
0.4840776927
1.1585872396
0.9268403346
1.2834522602
1.4985691071
0.4865223802
0.9863930325
1.0542677348
0.6661035599
0.6646790796
0.6489788886
1.5313187291
1.7203699402
1.0292844942
0.9617586572
1.1612500674
1.380014961
1.3871193725
1.4706554608
1.3867169544
0.3205509917
1.5702466353
0.4443503399
0.5108006664
1.2976216094
1.1491462736
1.1379543974
1.1199081001
0.6327657932
0.8803430203
0.7352196835
1.8642727906
0.6446006154
0.618080339
1.2522721017
0.9888902963
0.7533735128
1.2310373702
1.3316995272
1.3951595475
0.9199077447
1.0645837078
1.0380526132
1.2064630527
1.3560571792
1.6217166807
0.7578598514
0.90676861
1.0183388007
1.92186928
0.9861691224
1.5298720238
0.888157441
0.869571846
1.8806585621
1.6511371463
1.2319656486
1.1214339653
1.0010954633
1.3543263121
1.3714718292
0.5084040358
0.5965677676
0.970626742
1.3886930843
1.2251294458
1.7990931813
0.7957476776
1.2136365461
0.9573250308
0.6767992991
1.4913270984
1.1919338617
0.9521920363
0.8085674472
0.9852257317
0.6371746559
1.2451856348
0.8951861621
1.3433357503
0.9483948277
1.0521345826
0.6064712756
0.5175417788
0.8314869832
0.9217361429
0.6341945861
0.9795975818
0.5888264237
0.7081496553
0.6477951398
1.5391120607
0.9601342911
1.1928185224
1.0177582099
1.6526005076
1.3276004248
1.5080468182
1.1987399484
1.2773936212
1.0291248572
0.8731129768
0.7575508641
0.8141651564
1.6149013034
0.5334402047
1.4956710078
1.1361266531
1.3986587925
1.0756802338
0.9910570874
1.3425453274
1.0028989349
1.1639329404
1.510796784
1.4384771744
0.8949212112
1.065923649
1.423451528
0.7882762395
1.3433725527
1.4908201957
1.1198142243
1.1750980103
1.4538278057
1.8137224201
1.3779590557
0.9946632648
1.1196377063
0.9062575737
1.1260671077
0.6630780358
0.6066623527
1.2291959645
1.2138281164
0.6692410625
1.207618621
1.154222474
1.4600620502
1.2358163314
0.9224422198
0.7178352196
0.6193951287
1.2180365027
1.2860624852
0.925641701
1.0547314566
1.0077115041
0.6706967832
0.642817837
0.7414441234
1.2667378211
0.8684131388
0.8879474386
0.3548134465
1.3125820588
1.1675450784
1.160158454
1.3274592208
1.4185273021
1.0310330062
0.7645374068
0.8423101145
1.3060242613
1.2593980681
0.6176111148
1.0233770168
1.1110282198
1.3603997206
0.7815356927
1.1064251933
0.6477134126
1.3748747406
1.0313153456
0.8867809454
0.6673026194
0.6639190697
1.5871478541
0.8526143435
1.6693746657
0.9851073542
1.6816025739
0.9880926522
0.6270393119
1.2100978594
1.1631233827
1.5428156976
0.8486389802
1.3751520784
0.9920856641
1.7341040033
1.433078182
1.2979550576
0.8639908766
0.4250813885
0.858606942
1.1475691919
0.7208004248
1.4570131561
1.5514466294
0.9798024879
1.0931771803
0.2385243456
0.9593243335
1.1061735263
0.9131738349
1.2714752588
1.5521156314
1.1752905595
0.9162393801
1.5895943565
0.6291494385
1.2217851476
1.642356101
1.1313325821
1.6698052083
0.9228189985
1.1398962755
1.5521290639
0.8637547286
1.4212221679
0.7680306077
1.0676668943
1.4888933422
1.2909291302
1.1156977711
1.2076825133
0.6613388774
0.89225215
0.4925001914
1.4469473323
0.4202230395
1.1588918179
0.7394891197
1.1896554814
1.2183142425
1.3322323692
0.9584306996
1.5630111467
1.3691717196
0.7076744481
0.9315554438
1.5448572627
0.7253014727
1.3775188459
0.7099050135
1.3537897905
1.2526932428
1.3592616949
1.5980320755
0.8196698934
0.4611160829
1.4299497203
1.0964539881
0.7211251965
0.6848625814
0.7320761715
0.8084429096
1.735923045
0.9362106885
1.198846326
1.4548407684
0.8956973898
1.3126374249
1.0372070279
0.9590439343
1.2454554631
1.0297187688
0.7389489635
1.7698539324
1.1328336065
1.1243697368
0.9720615041
0.8440853725
1.4701184595
0.9187766349
1.1493624512
1.1597458169
1.6943194639
0.9204421541
0.9166709937
0.9584869819
1.1644962577
1.0182359289
0.8967004549
1.2652366849
0.9123125834
1.6873658915
1.1161452536
1.0594985159
1.1730706369
1.2105730769
1.3971821764
1.4976468811
0.7980409711
0.6851068247
0.9613495965
1.2058015959
1.0187007169
1.5827924334
0.6098102684
1.9270744626
1.2570232652
1.2140361172
0.7816396126
0.5087817631
1.1769052128
0.513477944
1.2976989774
0.8630412528
0.9062322219
1.6765450042
0.8258203301
1.387282468
0.5553602937
0.9577289829
1.7103769691
0.9179179099
0.7430159531
1.2058225797
1.2381168461
1.4875524293
1.5258396867
0.5987602333
1.3449827991
1.4643228911
1.103347694
0.6552308954
0.68816359
0.8474814146
1.3648416723
1.0425993567
1.4215445835
0.7817540412
1.3182332554
0.7844202686
1.4361898754
1.1547879605
1.6861443801
0.6561328495
1.6026206394
1.0022201543
0.6359019855
1.7053696495
1.2416713789
1.0536184713
1.1966969539
0.991536165
0.8669836374
0.5469971459
0.7892590436
1.0141582194
1.4913041305
1.0704397537
1.2315817523
1.0263470673
1.4345709876
1.3520769845
0.7488500643
0.6919493583
1.2511648634
1.0177965354
0.7196482929
1.2196704187
1.217797357
1.5530016957
1.2047794845
1.106273123
1.1804130012
1.7939184604
1.1330892664
0.9929411295
1.7996736706
1.8937231165
1.5237396313
1.3267884323
1.2550582201
1.3186719798
1.0661673446
1.0362419265
0.867272846
1.4990191736
1.6243272168
1.6444213498
0.7172970016
0.612489158
0.8029554741
1.1402876515
0.642765819
0.373681403
0.6900420929
1.205870499
0.6071918844
1.2492178891
1.1796558311
0.6523542178
0.8923930115
0.9951078172
0.7506415015
1.3246307549
1.0741333699
0.4418054325
1.2702076437
1.4977272023
0.7701978187
1.4017466856
0.903895308
0.4848815485
1.1429169246
1.6051937271
1.355253044
1.0405017712
1.3036483237
1.1030241255
1.0704621715
1.6251376967
1.1820890457
1.3706441735
1.3007934418
0.7735698686
1.2804001735
1.0312457626
0.7522290432
1.2342774776
1.1160901856
0.6284528484
1.137104435
0.9626247388
1.4586047747
0.3598139627
0.8501931344
1.4973574064
0.8674459846
0.9654741539
0.9888080217
1.3891423146
1.175768431
1.4045949077
0.6790600095
0.8380887972
1.2245086981
0.6281731354
1.3281663707
1.2024936443
1.3872683469
0.7988548933
1.3231677598
1.3424308668
1.4985014256
1.0607037997
0.8325671765
0.9521076602
0.9682375442
1.0711398874
1.0043358334
1.2211889941
1.6155090644
0.9370621126
0.8955078326
1.5723169703
1.5843388128
0.9584426868
0.6583344219
1.3676562378
0.7567724509
1.0869716536
1.0696408542
1.2038343914
0.751077162
1.1988631783
0.7588548964
0.7324185013
1.0703785974
0.9219243806
1.6300668848
1.1315341964
1.0738174745
0.9572070496
1.0935448427
1.3660954599
0.8095171664
0.4737199493
1.2950603506
1.2039580357
1.0478976125
1.5594033813
1.0996775068
1.5624198089
1.1156046419
1.5874383963
1.2903130432
1.2819818338
0.2852115165
1.150610012
1.0473111165
1.2233402636
1.1533010052
0.8651990018
1.1602660731
1.4699071749
0.2928787462
0.7480704227
1.3613745738
0.4608870292
0.774236281
0.9679260749
1.5395622659
1.2115129381
0.4287170502
0.9597671093
0.8388351238
0.9261507001
0.4973589104
1.4261031834
1.3499391969
1.3068458954
1.4161458033
1.3502171393
0.7409278312
1.0234232177
0.5035162959
0.1664289496
0.3308982677
0.8082012183
0.7851700547
1.130606266
1.0521901307
1.194513782
0.9276066532
1.1936959982
1.187333977
0.7425621436
0.6630206003
0.5230097011
0.8086932934
1.1376169571
1.4400764136
0.9552148458
0.8369367643
0.6313721396
1.635579601
0.8956786515
1.2210226259
0.8548271969
0.8925722914
1.3286161688
0.79274337
1.4167097924
0.6945002676
1.7779448347
1.2449509031
0.9344199425
1.4765564212
0.5142204294
1.3464595212
1.5237745023
1.2154920819
1.3064515053
1.0888909409
1.3443348393
0.3331834046
0.8396729641
0.6895962195
0.8083913246
1.6248235628
1.4509916228
0.7665050576
1.2515228008
0.5495004611
0.7820254748
0.829303006
1.2381250632
1.4609594701
1.456471511
1.1132896879
1.3676556748
0.9253655624
1.7116406419
1.8735519865
0.6754971037
0.976315575
0.9191970934
0.8651164202
1.3528179809
1.0070538996
0.7900622346
0.8046415404
1.5188014908
1.6349339181
1.1322000098
0.4472819667
1.0525388805
0.7433489353
1.6535119897
0.9210309458
1.5193084579
1.5220216979
1.3618702297
1.5474268939
0.434833316
1.6790895549
0.6555844905
0.9353866245
1.108510769
1.7263380563
1.1733336679
0.9247055766
0.7542454663
0.7916505182
0.9196977803
1.0645098
1.0331307309
1.0574252481
1.2117096388
1.0750499076
0.3940458139
0.5325531139
1.0355235997
1.7756700108
1.1526786037
1.5545331969
0.9712895151
0.9404655717
1.4947364817
1.3657709693
1.0318841569
1.5001525404
1.057771798
1.09093859
1.0571662586
1.0818832052
1.2827007455
0.6975336474
1.318767643
0.7556687175
1.1152995699
0.9106912478
1.1927337621
0.8777687271
1.664329023
0.6259701291
0.8274687384
1.2200360622
0.9413003191
0.7663649789
0.8342969845
1.6695021886
0.9461649428
0.8878671713
1.2510235798
0.2782100345
0.6620877796
0.958117029
0.8738633685
1.2825764536
1.2871377401
1.4542914974
1.1659333853
1.175151825
1.1430761608
1.4642975391
1.0746757375
1.0226222579
1.1957977096
0.9539555628
0.7077852941
1.0129310392
0.8719061876
1.2362798346
1.3630803431
1.0613529742
1.2173410955
0.9296151628
1.1003781975
0.9628076017
1.421706016
1.3283650568
0.776621382
0.6391804036
1.1440606441
1.3291588197
1.4326632313
1.3063724894
1.5089377419
0.8018197971
0.8486555942
1.4995584816
1.0873584174
0.8320493289
1.3104275067
1.5021617403
1.3867730202
1.442217547
1.148848026
0.8580991616
1.1426918335
1.4426600187
0.8644760891
1.3026154214
1.4697891613
1.0948934807
1.0861788901
1.625605087
1.2235213215
1.3964700168
1.0378310007
0.9688102799
1.0187579576
1.3047533205
0.8391781157
1.1100199766
0.741254088
0.7703407483
1.639091424
1.225738239
1.0684053788
1.294152927
1.1420451923
1.2442588768
1.3647308183
1.2147685567
1.1197849877
1.1062948412
0.7237052622
1.5631070916
1.0634698031
1.0588634161
0.5101771059
1.1265148652
1.6961135576
0.9260372604
1.3286150128
0.7348304931
1.3552551763
1.3514491938
1.1510536609
0.8101618247
1.5935173771
0.8565532097
0.4567833942
1.2010027354
1.2058169405
1.0929438193
1.1965912533
1.3090559954
1.0432884414
1.1976726305
1.0578055902
0.7429619737
0.9940294747
1.1559079346
0.751198538
0.6692903189
0.9394695932
1.2658076655
1.0833705699
1.1174672844
0.6138760569
0.6518273312
0.9834667311
0.9818752071
1.8163855002
1.336933178
1.2391369938
1.5010341639
1.127696323
1.0165528242
1.5025063968
0.8966971462
0.8033190221
1.2496594019
0.9066640378
0.7948857466
0.9272460129
0.9481116079
0.3121028983
0.8788692177
1.2598272641
1.7907689644
0.9071947491
1.2157438556
1.7324944432
1.1117831035
0.9502577831
1.1972426585
1.153176897
0.7552934606
1.1603592991
0.7832761363
0.9095884822
1.141289104
1.4047607078
1.3043379404
1.1187617663
1.5198846908
1.6499069844
1.0876797648
0.9377168811
1.5846857189
1.1151377649
1.4921191216
0.8621566283
0.7308682347
0.7468679267
1.1782454045
1.0909339319
1.0147159836
1.3399434347
1.082201548
1.2925307758
1.5920515845
1.4133675644
0.5546341251
1.7064598285
1.509521214
1.2324442993
0.3828110012
1.7620360514
1.0244309462
1.0362641333
1.1264032555
1.1598799089
1.6776395724
1.4593249625
1.0992933045
1.4928895796
1.0280860896
0.5864989076
0.9561519635
0.9677452137
1.0868206706
1.1085240486
1.2931975546
1.0089722013
1.6225837283
0.9190884712
1.3306019109
1.5479229717
1.1868486927
1.5429183647
0.6088818401
1.1640387672
0.2406737977
0.7888930693
1.0427749382
0.8839362631
1.1466336837
0.9599598924
1.2949714307
1.1889206787
0.8899337406
0.6286741818
0.253431589
0.834462752
1.111002188
1.2134616746
0.7444437219
0.760213233
0.962299194
0.6824591905
1.0438542257
0.9327131466
1.2254370415
0.8693048073
1.2458523254
0.839652521
0.6956752193
1.5669359972
1.1652644419
1.0511670797
0.7242131093
1.1607866833
0.7256295785
0.8866358317
0.7685056664
0.9749333707
0.9909726151
1.5902672341
1.5101106285
1.3777701194
0.6538072371
1.0529436833
1.0338163488
1.0472782584
1.7434346672
0.8885877583
0.7210046465
1.3890867715
0.5722817805
1.6815646211
1.3909489045
1.6839674848
1.3514798166
1.2065382491
1.8558955349
1.1687881323
1.1147825869
0.9040780777
0.8425638133
1.1122376946
1.2970867098
1.8408619459
0.9805934057
0.8697501694
0.9899587118
0.6898980931
1.22629965
1.0182350156
1.5085002417
1.0584770069
1.5143058296
0.874141712
1.3855384106
1.4634282148
1.0589438372
1.19040884
0.6900800753
0.9015981625
1.1944795802
1.1347140263
1.5579291931
1.253783719
1.1178202821
1.2290373364
0.679429324
0.5581780165
1.336831364
0.9709292919
0.634810817
1.5776247279
0.6022330891
0.6383927748
1.1777785341
1.0688486312
0.5007296587
0.588183088
0.8892712748
0.7515104957
1.2252139207
1.0990578805
0.7234447821
1.0657711615
