lambda mu =0.53 and sigma =0.165
0.669110550109504
0.734129337003591
0.352142204099034
0.741313469497131
0.582457930981398
0.328035145293293
0.438326395940760
0.548156684142539
0.796616794191375
0.809978116736705
0.373380075553916
0.821919278447291
0.796046941921666
0.524102788332865
0.660910332586822
0.362861430134740
0.499067967973805
0.743642592379505
0.656481011043560
0.800019118782392
0.592225264198609
0.249324591252127
0.690405560652184
0.763536303987022
0.602074909077983
0.638604051377154
0.631450339200097
0.487208825656631
0.592114185186068
0.381917176701876
0.614163481056238
0.241322361289868
0.437594519589327
0.267851628946464
0.327665779850342
0.674261100148281
0.609141184929424
0.455693269438193
0.785110263752339
0.246794874690030
0.505802895208434
0.482867110642677
0.642506729023539
0.658110824933026
0.391261286455453
0.525817036126056
0.508502748539165
0.588259727723656
0.615665991607564
0.637090219041552
0.437176427759499
0.602495430870841
0.591953677864389
0.376577412130696
0.346032289436864
0.529174795895119
0.800459398586997
0.465727931073625
0.563353954215749
0.411522965898083
0.635406724985910
0.427230222677667
0.532139135576064
0.611033231720568
0.721162117446954
0.799668827669987
0.548287972900983
0.360582942611523
0.367907784777277
0.428397730064378
0.684932575824241
0.426835617090052
0.668855756966971
0.421549846368732
0.758021539901278
0.469785503492475
0.396810666687411
0.425276664266842
0.575764771668833
0.519377363461708
0.470489688286373
0.678733270221681
0.563352492405806
0.549274237344008
0.745105997465206
0.441710928080330
0.638335638871076
0.636617544624887
0.482412267805673
0.556416397856295
0.306606381824481
0.279556394748583
0.541848055635807
0.649533820192252
0.763557180269749
0.354308061829053
0.556813316315471
0.517851458090410
0.178991390140848
0.464338637634122
0.376305268966253
0.657610823608067
0.453109769711440
0.540961671667913
0.378488896893070
0.570062753066956
0.431020075346821
0.591523498917219
0.606658413475662
0.633883587119917
0.510454134778435
0.314954010674014
0.414196083750162
0.741275862352513
0.369959424337025
0.675679460198528
0.544804350249797
0.930199458048374
0.309104127670689
0.507356085861921
0.335994304116293
0.804321275016897
0.127810876484216
0.647317027218314
0.670615744391185
0.703969376457992
0.315572672450427
0.490263566101199
0.429535081999966
0.660792681630769
0.502902112404713
0.738677933250578
0.388322963565977
0.431416812714759
0.365371264383198
0.358772038249859
0.704404460957738
0.561135212367197
0.549327972491414
0.364972724544487
0.693012323665724
0.578220158809469
0.470192686368117
0.534986868384299
0.491079797596217
0.306728654333028
0.419748628618284
0.349371481975421
0.389533862209253
0.419766855637871
0.497276540960890
0.273271731601626
0.731335529521414
0.777351263761098
0.526246491220966
0.525617173299150
0.464593103297195
0.728968462773042
0.477810677149641
0.339785868789498
0.650102633564231
0.486199309154787
0.420636447698063
0.491926629583138
0.327051080725163
0.355821355130556
0.773665550342228
0.794337438296999
0.559346699125347
0.287484060344566
0.417159372556355
0.471118603036824
0.672911195572693
0.194365956844115
0.262665641700615
0.380565969654506
0.589434476569015
0.626008050686426
0.588859981960822
0.510604474243969
0.548206748833272
0.446473085756698
0.632204116101609
0.392464481326725
0.605585824324370
0.389301460683771
0.477495891633345
0.579681510140877
0.650089699946664
0.312199175916478
0.758160636991815
0.647732974602845
0.524655940430494
0.504662013557800
0.508974628009451
0.450957580460908
0.533135412853247
0.534019074516350
0.670806014888680
0.657909388176560
0.587425517889176
0.481660620356959
0.667293754008926
0.542642234291366
0.470098021552609
0.769713083767969
0.709341933199704
0.549444480636839
0.578392158587418
0.564064054484693
0.402972651030671
0.448684016238838
0.518451548095744
0.414971767063860
0.687245598182924
0.395778621023024
0.412619058176507
0.381623704230607
0.413519968732144
0.504598756680590
0.453060061438533
0.751535584194504
0.502423838279040
0.390065033127131
0.733295089686798
0.845660325953369
0.505852526325509
0.339717270192140
0.428666135861399
0.493857401854569
0.567210271805724
0.430657171511535
0.570410311656009
0.616507436998394
0.410444368320587
0.344790068347655
0.446633022702895
0.456426586379154
0.500025120778856
0.532881464156744
0.316651895713348
0.430786470697519
0.661318355293590
0.235471189713990
0.757557311916112
0.625352387095160
0.525365784893692
0.560665608261420
0.418425347937562
0.513718746626281
0.806529755312582
0.548126891240019
0.538068383107125
0.415537786290297
0.525478567843836
0.579041856450024
0.602248868345931
0.488540191157682
0.477062735046104
0.875938938731026
0.253229057729961
0.716503898739325
0.741226512178094
0.658649776441947
0.329088202009275
0.430494276725469
0.463584656622875
0.602506423188617
0.359117143483049
0.621103574402214
0.336086556250888
0.591387754369664
0.527538897749987
0.649473350098414
0.618252637280901
0.732240758262647
0.721178042139130
0.463074041965748
0.610885432368192
0.397492074108915
0.238480233626435
0.631905020689592
0.529822224305184
0.521971628228103
0.733150320833298
0.573252683769185
0.576426131584261
0.697397326809747
0.663825048735889
0.559948099241567
0.388955950972569
0.419756575169760
0.717580472648469
0.234194198258550
0.525870536379472
0.379908128878993
0.842497002000632
0.617181464998294
0.529997585294792
0.518516149210039
0.287273828423290
0.603483800233031
0.261655410202974
0.301697993356141
0.538269325989357
0.327301513613794
0.671111862899605
0.670758724229292
0.621665341921511
0.368290044649275
0.593862342306639
0.537075262311709
0.827455519280199
0.589382434351103
0.660938151903967
0.511734676491095
0.503289511054185
0.675375930681304
0.314598521387114
0.356690740297258
0.383260564828838
0.486685985092172
0.679072571294450
0.662630378789468
0.288384025291107
0.490051862983351
0.540313161757157
0.497089907626954
0.592698656790540
0.580649595690774
0.444512478267532
0.502996173395700
0.194695827605112
0.859978748802600
0.379436894247026
0.335624564780943
0.479114741065075
0.397664790312692
0.525787059426921
0.465348529551425
0.787227509386850
0.748321612264758
0.277736250814126
0.628919660142189
0.433938250387760
0.499495592601723
0.548545615744540
0.774577220674178
0.497466891462521
0.856370352520842
0.448777296530123
0.611938005547418
0.596731808022876
0.545111841865017
0.610599628940224
0.596812697308951
0.386118438661711
0.352908448785071
0.974006250452567
0.381876972745893
0.242967493323708
0.553797533516061
0.713896179410764
0.597947273138739
0.393313657348609
0.477674314821115
0.514455383706216
0.851598849689184
0.372597386349459
0.694701085013893
0.587612050796506
0.480702409758939
0.393594488171988
0.501648492904805
0.522792405372276
0.347289234196490
0.565049394105937
0.412756784942455
0.484116281287785
0.562443291434732
0.425629626316192
0.443811454642995
0.576191336718733
0.432120334343132
0.674811857523935
0.855027399238570
0.625313769393480
0.467208760691465
0.562875437339192
0.336935062542927
0.734604678181339
0.712176773839096
0.670883975489095
0.429946685397323
0.566993482087433
0.218189808474745
0.500459482181342
0.453771997086398
0.375862198107611
0.386496572534207
0.499515518355737
0.325008901616026
0.568668979201301
0.518451903484636
0.609639184662483
0.611395847609095
0.585014547729803
0.245069173094673
0.298647947512391
0.456784799638793
0.541874181194465
0.591678226245748
0.493415880329926
0.672192373074807
0.619778763325414
0.817659666533288
0.542058060938219
0.459193337876265
0.335125409302774
0.573695879371962
0.649342802943945
0.499741198897884
0.321813175614896
0.432685603561901
0.370802006699882
0.439487084216316
0.506332524914508
0.540417592838653
0.513159500915582
0.708910807397330
0.536863131000208
0.775766014601767
0.584673327097986
0.796932016468757
0.420144621680342
0.600941866313889
0.443184958992322
0.599079197618637
0.609279691936821
0.297690011891456
0.427082270508794
0.411641743956601
0.597371447708226
0.687299696846328
0.467456505303439
0.650243181688118
0.600599924138720
0.147021695070474
0.570138833082577
0.484992857054477
0.743897875634792
0.0666890065969855
0.515131325202636
0.500097604626924
0.514530094352803
0.644870625943180
0.458034248431961
0.652472618384831
0.518621361336476
0.249425103972148
0.384764187744326
0.621349314875608
0.519454504853495
0.370186017184387
0.466041807090502
0.572248496581104
0.394063945382853
0.629191286935983
0.421213863181048
0.745339249563374
0.433910954776602
0.642498236983689
0.392295662399074
0.442470113687424
0.322088845860970
0.559744471400826
0.604091261981295
0.548043332023569
0.500646075991049
0.587477595659966
0.588806188748368
0.602197248636840
0.583876011886872
0.777883653936343
0.403620175325978
0.615628259985373
0.417893798420582
0.346343805604696
0.572213963930297
0.510295200927960
0.513670333715136
0.594856803014622
0.644935034409024
0.469884013111372
0.594884404957797
0.496834037838747
0.685709235234511
0.680022640677877
0.427882080702006
0.574712692729170
0.562149250817107
0.545744586296221
0.704878458631080
0.431881662818499
0.456119175958999
0.346201875975064
0.770771071479308
0.587941244390758
0.521792226898943
0.585341290109668
0.547305840147504
0.588677888398567
0.546979780579474
0.621019844499866
0.538599873464861
0.908856934560378
0.408830288310514
0.335269347676640
0.338543994224159
0.292347375812413
0.492195180555084
0.509600522010930
0.476392126956344
0.641490269783903
0.580617917818987
0.645804808654508
0.762180768911143
0.826895538953594
0.394225426394916
0.360758681256861
0.609780207286241
0.324629407801170
0.539737536447655
0.541670572548030
0.698580700076538
0.523898728270781
0.487706936382483
0.598916884118261
0.630547903137671
0.537644906641035
0.468829172254236
0.368378081466706
0.563683277908016
0.430625405926736
0.265058530923537
0.637212095045415
0.421181878553221
0.507247207275815
0.606034221764780
0.473655416541748
0.628196130879131
0.488213426650898
0.604114259599426
0.613262380401270
0.507208972960476
0.209246107992507
0.461656562280677
0.500081880872949
0.434480817213422
0.397068221286826
0.673224575655880
0.502310427033547
0.718597201920238
0.486785460183645
0.644336117095385
0.489056138069206
0.665539154009906
0.637283214850527
0.481163192391934
0.407422470109336
0.655507254594750
0.783754947560887
0.460238908107391
0.598845112037361
0.505763628615985
0.680384935010439
0.644203312209247
0.379489838545248
0.699170357093441
0.885147547894517
0.535445415947813
0.715798202265566
0.564456520419466
0.371520281907857
0.398638145221932
0.493149233005669
0.634153769383911
0.675538743885496
0.655267726310627
0.456315718088029
0.543127405784012
0.320980253046757
0.340198161477316
0.358931662745714
0.602038923673082
0.527930537473090
0.392898920215790
0.527863698086761
0.366774375255545
0.280996061967342
0.691457958886047
0.553544682949675
0.758414514313646
0.609958617971230
0.562365337651595
0.669502308172538
0.711683717125023
0.880315536402482
0.0410651968338123
0.701621771164279
0.574349057694365
0.885555512424457
0.540627840596648
0.521815745598636
0.661503714404067
0.413612107861163
0.529069480974839
0.729673727929049
0.559129219916566
0.687810720418258
0.629293307149724
0.563641308355388
0.423139722702352
0.596764906450017
0.314611685218760
0.579821672193128
0.594431326133242
0.625080064013925
0.721037169798561
0.853805280175266
0.644292559306573
0.561829231796426
0.756946971346124
0.561288863126432
0.200353415768156
0.347481297093489
0.699684527367518
0.523681175311472
0.687600840917835
0.403874846236202
0.550284759263521
0.581436263474138
0.241663816302645
0.575222478998779
0.474979886004371
0.273087290102411
0.525741112978165
0.394500058731846
0.349191871598582
0.401746067344700
0.366034675675311
0.392531931662466
0.262033899351714
0.583632090428195
0.439884794746858
0.544904056332994
0.609289704513172
0.529468360693341
0.543808026056670
0.508343893314347
0.349838763465819
0.526048579093152
0.692990111119069
0.707826844368438
0.434492075313138
0.403363320690877
0.555291523072180
0.585755099690514
0.497181507176042
0.402009356095194
0.781766403556226
0.313173094356718
0.335193728376477
0.362968663940452
0.378995947320320
0.577771348605137
0.558751329831509
0.276867710339692
0.760246244761207
0.624568109888791
0.628911812200179
0.292114302732594
0.698092065108474
0.764030549487186
0.861212487060246
0.697048179515202
0.652908604127185
0.535036817363265
0.385801552872843
0.489782216582601
0.357239796688311
0.239256686825531
0.769891399727104
0.448710728418208
0.446118288337160
0.462548571174233
0.516941818631850
0.589049688118461
0.225640148974767
0.685887592398044
0.552941902609415
0.693734382755645
0.468899370865200
0.508676324084437
0.279965371451279
0.385505095720569
0.595224438471602
0.461644149715953
0.727595752631258
0.345371385721835
0.877957204368884
0.545447483264278
0.614557202234877
0.984106834651446
0.442630534619824
0.496180439803079
0.516068660876273
0.641718410161512
0.671144476490999
0.330431095159556
0.386109179262537
0.473824859738272
0.283381877269812
0.538361524190267
0.463794948508267
0.384640464956262
0.403626544862264
0.733544112582729
0.600625490428165
0.517490215190865
0.740104906861964
0.333739763659794
0.632617327049396
0.628161571882318
0.554058888030466
0.389701427712885
0.568140893599163
0.448097900216829
0.357377894066296
0.405597436734025
0.724547280891970
0.301706363713652
0.421033049746644
0.279278784721901
0.506978765231794
0.185460000680834
0.726473445615564
0.396846040503442
0.324211239366637
0.451408851556564
0.512622729857544
0.331705596782488
0.922847755443361
0.462186847294316
0.446935003777963
0.290402743751110
0.447338314465386
0.268139366433033
0.531932634488266
0.640445110309887
0.581925643447170
0.320923694042371
0.311926380382090
0.648527493030645
0.733526907810390
0.543012940852877
0.338092815234354
0.675674557895254
0.464754327216214
0.445413338924472
0.632989548940622
0.170845065863690
0.271428535445087
0.597407188451836
0.570662644070926
0.540010602788031
0.625060130190775
0.614709201471316
0.650694187776845
0.442688815539367
0.608123138977205
0.552009887844742
0.488946734882362
0.289823898696885
0.650062450690977
0.464535320768846
0.572441579159713
0.630546032014479
0.334428392958044
0.352814708599182
0.549202052552421
0.524045655715996
0.720808949637277
0.660178850744142
0.627246567235319
0.275775121872802
0.303325719356739
0.319608831885518
0.659842154545363
0.774939682705410
0.604245267720305
0.355901181220977
0.621797578547649
0.339086699369253
0.344849457957957
0.585924127031895
0.460777277369664
0.591410817730563
0.634361567860902
0.562522821730562
0.629959681650345
0.417183207047516
0.627539012392902
0.821932193057016
0.702692409145928
0.317364522797144
0.476649002972144
0.477790868809088
0.604819785665615
0.568434710801074
0.654945136118463
0.477152160905402
0.402037965533400
0.317790743920539
0.645780914024483
0.401844759329172
0.485603169727313
0.550082878274588
0.414183887349890
0.586433439701533
0.523753012031038
0.369607164003941
0.650986620546474
0.330771105513503
0.445455518933555
0.418470436965413
0.541877304151033
0.322453851558390
0.492490774258130
0.334456662652017
0.340670486269110
0.652307236900423
0.444324716295890
0.570689080916598
0.809072489126654
0.503326547340899
0.609107251973317
0.638782778685574
0.503388871341068
0.592122700524649
0.338591726581909
0.763257262117572
0.391601977393367
0.432546775707662
0.659555003855635
0.524973172236166
0.644256402605224
0.488738946175313
0.435734240927412
0.252274052536630
0.599719989967127
0.502168851544809
0.510925281942107
0.573248838168538
0.286991075639991
0.455129532620650
0.646186591533014
0.609854365697850
0.350899284313183
0.354488465177922
0.323258544030433
0.155251323042533
0.499604526638404
0.592154454662342
0.621889497099871
0.542009267703548
0.337812728781958
0.582213077937186
0.351777593430486
0.357507719463432
0.328982413933536
0.362959055623481
0.380109036240390
0.396615902039757
0.455859527365923
0.455399941824371
0.408241757526315
0.425256117032057
0.722843299217699
0.612891594045317
0.551642503450806
0.389841514435344
0.405291003426312
0.308218909788972
0.741729053189926
0.614465787166810
0.552451250158241
0.454084217855764
0.378835656504062
0.578401241678117
0.875723540020564
0.381454224581605
0.428534756394801
0.489059290504148
0.304563339971381
0.604411666099394
0.491313461278156
0.855617438595110
0.491231188472310
0.577654064294718
0.371269876105178
0.482779962613282
0.375638927878823
0.638789328459572
0.705737371022982
0.470118883448749
0.605042021015315
0.445492728509070
0.541782183355738
0.679717043893730
0.568253064508370
0.463565204173646
0.447778708404696
0.511260864283742
0.499419997448324
0.473812948265172
0.552660425620204
0.631167331713949
0.500091935873040
0.502086076843848
0.350552155071089
0.223532934046647
0.443695284015512
0.455877362748564
0.591359402713021
0.795661625706098
0.765637621068771
0.513340893547463
0.420030215581644
0.641688578342060
0.639395025597202
0.630255020090091
0.631718601051435
0.335373231976151
0.603304363610573
0.515449510637942
0.405362118620537
0.328914915468321
0.674330948946063
0.384242693543348
0.377182964701553
0.596581410109667
0.724078914603034
0.536279401976305
0.612657489685927
0.370758406399224
0.790045999935402
0.545801383247168
0.602509009619232
0.250985636488883
0.665932338364776
0.634111403883872
0.346959706909374
0.539597021763831
0.459490920105802
0.547986866893940
0.489899752042613
0.496408558795137
0.387667612999594
0.427371619462143
0.212281829098084
0.751852757826161
0.591363517335782
0.761897538779943
0.377146664460284
0.749119877904068
0.657814598743370
0.560215638769256
0.506312959416888
0.428448633832581
0.635740182261511
0.414037902630724
0.293086861383396
0.643426553300177
0.598818353313466
0.618333023814526
0.586483544570511
0.497987053485141
0.486614684437936
0.669935436278662
0.455836837594659
0.669003728639035
0.654788941048496
0.692496161728360
0.532014028634459
0.583824083463834
0.786115136189686
0.507863286597094
0.287796322551331
0.702562502284287
0.581974639871543
0.471920664257271
0.940072324660434
0.411710174546760
0.590837119396510
0.571277940633251
0.485185830159088
0.363069766285235
0.225395730152875
0.498809517656885
0.389646543375489
0.623217510369952
0.478271168236962
0.685472307014464
0.627193759554091
0.557686266701254
0.385353663345437
0.796410476784249
0.432139881908545
0.752828631775003
0.411501329353390
0.479589665553585
0.318608909377949
0.585673844212378
0.387596050273456
0.266039159891409
0.622006053661898
0.468713206683118
0.594292014514519
0.483810240415775
0.580391698424375
0.215666584091838
0.738603832759916
0.661064836039547
0.632763463113113
0.668177119123726
0.483580842040287
0.576268167444088
0.559460458278967
0.541556059826653
0.436730869346541
0.424072950151548
0.510885766222182
0.413545002978415
0.663239485399642
0.867848591915237
0.237242596172741
0.543754385717030
0.318194442970852
0.661918451910651
0.881458423158164
0.296444404761910
0.770218777460510
0.204579239255808
0.604299067070175
0.651940530633588
0.543156178505294
0.716656714552370
0.728048291130364
0.579812568859400
0.360050071619138
0.408367866205955
0.388496266652487
0.260601532540454
0.336238452024997
0.575927335436423
0.770554897775344
0.471662039521574
0.494622604414986
0.861030898028531
0.778444132183105
0.601168089017716
0.877415999093789
0.643173400167423
0.464157998969511
0.595042897923433
0.421867927797315
0.446106295820182
0.602702378850419
0.540693095469832
0.495008809479272
0.570327607634997
0.635040606933863
0.562661454483597
0.550088382594648
0.562676396706484
0.534428497491134
0.313706727271770
0.620337343908513
0.930424206870581
0.471694934778670
0.823430462251332
0.468295959587754
0.717606158418450
0.512087284413413
0.495742559134701
0.408331079084575
0.351142358688044
0.452094060278392
0.623371177183044
0.651483017068113
0.608679315067127
0.167825151937634
0.686536455700574
0.750420179806374
0.645277772956378
0.262046606696866
0.481487231335561
0.613393943013679
0.624967829615759
0.411765109268391
0.433907719623807
0.599606227896486
0.521021578747849
0.578900910819333
0.418002109231751
0.385514820065505
0.678005933460095
0.643219259923323
0.764118580545379
0.337035687419711
0.388547172606386
0.329430394926284
0.525816804200873
0.394917960423375
0.725356948955076
0.329425369370398
0.264580844460972
0.552256479439845
0.646069646029947
0.453429207008164
0.386625436591210
0.465119705987514
0.404275299013810
0.533777327211985
0.734656517912300
0.581040941359160
0.331586877112822
0.486652287799384
0.280495825312302
0.530314308661953
0.503023913770879
0.947393005027606
0.667306475871180
0.524210621230064
0.724128340015341
0.359822057716122
0.486307350177657
0.755876074371650
0.745409609731668
0.617583155902632
0.576700016924097
0.466959287431388
0.766000421783357
0.350477449866081
0.625472176711222
0.588328559148633
0.680168488704480
0.489658194416993
0.634699103366739
0.681457068861817
0.458029293946375
0.550273056436438
0.843810016546105
0.549110963026004
0.461469900335359
0.577163289356665
0.474241894617648
0.637992730709117
0.495931881129427
0.526824813725071
0.609103273463798
0.826878899054984
0.460320669308737
0.683080589293281
0.629499882327763
0.791176529738222
0.241516354082883
0.472671181975023
0.595158735010372
0.439716238019614
0.414917915801677
0.616467726035539
0.579252248475118
0.565490413584048
0.594216007819631
0.270041871971462
0.469280920893378
0.510768471769912
0.420243629927694
0.618256272615464
0.695151298012824
0.439719070174263
0.625691413092579
0.359975073170989
0.682399418897992
0.360566940476253
0.564529862665060
0.476533170808377
0.664542857162733
0.531289479992996
0.525750622453421
0.710180542088025
0.471111577601927
0.510022011215176
0.807363546527638
0.261426567306778
0.827416528414006
0.392609430562987
0.597066263869329
0.563822171969809
0.600504940444955
0.474402280165098
0.577493123607029
0.667046904865485
0.208204155963436
0.315006628150078
0.831971530456717
0.590373375150061
0.415355505909575
0.491757281261137
0.348376885184737
0.433616873841115
0.428560763358391
0.462003328461472
0.369864240614112
0.468953517628413
0.348098221787293
0.715696704852885
0.325054298089968
0.758908014460862
0.489955924516905
0.269801798693187
0.466571750224031
0.628018237207241
0.657827854154116
0.547380391609659
0.605343590312391
0.723440055105044
0.280741239382128
0.449762098490700
0.267883931595558
0.396180912599676
0.620612480514055
0.621347109115753
0.710752505959127
0.562222548984634
0.300827403067389
0.750858089552791
0.660961205469291
0.441760335139457
0.546892325300128
0.862631405753822
0.618546457929772
0.683819280740847
0.503633731701448
0.518334640165543
0.553605448297269
0.433925092323190
0.634306398755436
0.531331248919225
0.588467675490237
0.451576644839732
0.360653467408704
0.520270958970928
0.474999751631282
0.654273485873243
0.650125607811915
0.597662761497551
0.356931393675905
0.215386872239783
0.553260883020819
0.448492859780823
0.770233281957202
0.849235863554807
0.442068722005768
0.661210261403705
0.725545032795594
0.568267702710800
0.715588665659647
0.775913202340067
0.549051788811621
0.624439195657061
0.559962726035875
0.227271305815710
0.508875042783382
0.588255101159736
0.538094622331782
0.479074769331374
0.767367003925303
0.677938250410003
0.690376535207545
0.479165998143087
0.566523189578234
0.706802851667028
0.762949389220369
0.597642200697171
0.402446654268873
0.591427088478335
0.302386192786311
0.493057729498441
0.596985444468431
0.763216450084762
0.666931604809417
0.523779540800788
0.638111659982637
0.497188891886635
0.824646419724454
0.875905621128936
0.700701620788235
0.485851968211874
0.512105739690251
0.423116359128989
0.652304689986806
0.714657861362944
0.741642074388293
0.552646902510069
0.568807654912696
0.367628027904046
0.728669128199942
0.510395892632721
0.401843565594567
0.728614246645901
0.641027547911008
0.714381814691411
0.441303375485933
0.599690256041768
0.595852051395075
0.348986333026609
0.493295175046568
0.436832235272280
0.619001647970801
0.440583895798374
0.725619998363981
0.676140115219694
0.486316119296156
0.528994778151157
0.609130781855350
0.680925377157934
0.573156559565979
0.559159389108418
0.459581077581554
0.512766863153075
0.617684440468879
0.715896647164353
0.620931480739160
0.206061250600711
0.600359715314338
0.505709826241682
0.505437666764526
0.344488896844884
0.669086151548398
0.459067711374999
0.422889608664790
0.466715775688414
0.480464301442573
0.548027878169000
0.554082090088341
0.488664342866256
0.489597096485431
0.535814096234477
0.592982603521206
0.786146366587601
0.621623088863963
0.490383363681238
0.679375825243980
0.357532924375870
0.288378315967079
0.315382949678933
0.377389984995661
0.458792477938163
0.448898796605971
0.177897845980672
0.545417273367113
0.326062586909695
0.366034638932469
0.581955026973414
0.697312721674335
0.830510457881597
0.557611930531492
0.938210228125813
0.550777089077553
0.535849739062044
0.461581004094616
0.502342308206561
0.526614402565679
0.301231767726686
0.718571472649453
0.293637652943596
0.504791108763458
0.676170761856996
0.488143501740065
0.574718446399717
0.671401378097614
0.717357931791844
0.760142159083808
0.393514911335146
0.428915515439032
0.727056678047913
0.566594327704152
0.531312629685184
0.574447893143384
0.671862086515480
0.542275493094252
0.399865248469182
0.511772316113801
0.501512714755268
0.812283504850809
0.577401791705634
0.609390520825449
0.620611930346433
0.468484379078518
0.536448275894604
0.552019665363618
0.372656002856614
0.554135778701377
0.609129936686798
0.500934790580517
0.682115076206782
0.625849898697617
0.473989833640964
0.511897662379468
0.484837652900932
0.647650966717399
0.627213391561258
0.502451775729296
0.608663780309616
0.777937993066186
0.652203590403897
0.613949420007760
0.338242508366164
0.486277200043265
0.565609041303562
0.513927250223703
0.274302801929741
0.414047218146778
0.680813244885639
0.195312867128823
0.700391747594179
0.308990791098623
0.597890311386642
0.529895965528629
0.408469530188558
0.557920228684595
0.348506476122278
0.598802883657273
0.569096610774099
0.282384538906062
0.282888023437520
0.370040424245031
0.209386401616166
0.504391778247526
0.679592160268188
0.576313426894527
0.537674982956828
0.700503337135475
0.328177223548217
0.736224865955194
0.337142853872625
0.536450752165996
0.363738746612563
0.553075309995371
0.127216363200079
0.643097536948907
0.690127574522644
0.744730460410582
0.871457529201171
0.531817443779438
0.435022326884102
0.330898274245820
0.532877772799715
0.563490319173436
0.641179258782677
0.314083712506598
0.594708473438414
0.536443819317350
0.381832206723568
0.769150589060921
0.565440146097261
0.506549523728319
0.773491626620528
0.592298452910944
0.511006490736401
0.684281964668959
0.542563082941399
0.550913177051448
0.602653276424548
0.476960687457596
0.419434914437238
0.560824204236755
0.702661262112532
0.493077741827632
0.340940234042310
0.507816627338820
0.448208740271782
0.490910150239416
0.680299819442332
0.491812603513128
0.486376783446466
0.474163786438890
0.361726651550709
0.429659842574371
0.317936938834391
0.502102558776689
0.428288886809071
0.447028813739856
0.500300122652174
0.346196185181055
0.527887552966052
0.614326600954840
0.421573907036302
0.652648444839908
0.304668441829662
0.487879875871506
0.112590946989393
0.409883368421716
0.0712858591293598
0.392593796321113
0.363275092536584
0.433445384687218
0.384171598665249
0.360600211307518
0.568814704634163
0.729855788969985
0.770195021738153
0.410149716217921
0.523046155706029
0.480595249511934
0.539102234196273
0.431926176213020
0.298120342469130
0.504847319916561
0.383542521059504
0.227909311304556
0.791978772645285
0.502578130751018
0.803701401641047
0.640941537876561
0.151866711570827
0.602641576562260
0.614120435947867
0.587764315119500
0.550292044077237
0.408530296588236
0.646003311066926
0.413707685643631
0.478478190501549
0.721183267614412
0.695284419906355
0.491331664790995
0.456095173526094
0.572753408564349
0.738246659360310
0.737207331811129
0.565885450944432
0.462392134588834
0.693034235604466
0.507245463292792
0.732816488168263
0.244186164359928
0.542485919047685
0.618922462668387
0.386815530789546
0.464087005052176
0.391747818043698
0.457797675380185
0.491904333671102
0.548819049698923
0.271876577305369
0.550458315635787
0.436610244698307
0.420541817852511
0.421360970832979
0.371132006255873
0.794800939162814
0.765552754374946
0.671444773746269
0.624380600032564
0.384726435070597
0.474131354896788
0.392369420457411
0.0681882884608620
0.455395790175805
0.611274708766657
0.579532291280517
0.546656314997660
0.505918596854399
0.442437711641578
0.530461173183883
0.640505459024674
0.640938302781427
0.559683457074171
0.633645536665286
0.587933979470886
0.349295587724417
0.531530392558702
0.468638837482398
0.323066119095098
0.366937101004437
0.397693487418743
0.599278226498708
0.502940696393635
0.608952666439821
0.428048199158277
0.167572658459758
0.542429753136622
0.438740746918939
0.779351606584362
0.734729410076855
0.487394271335075
0.224657516310051
0.598919318920171
0.682681427973852
0.823983715471486
0.283692207605487
0.510368439366383
0.562237439693056
0.605525412798210
0.620273927458060
0.589823076004450
0.623749759398355
0.479706407790808
0.561883282840543
0.343759816881903
0.284667003758163
0.845711285257684
0.441245324785492
0.567241692354294
0.804804363157832
0.390625668410688
0.394801197585201
0.466262334419388
0.762233162802920
0.486576317624565
0.435864435832627
0.369674408531112
0.489184347807432
0.480066010095494
0.355194789540802
0.504338426664681
0.322467506149199
0.575187277697518
0.174306362960103
0.558572907262795
0.655142106550782
0.417456781782614
0.509461442963880
0.557025121247488
0.289581955606605
0.528364635312395
0.586589604851651
0.410192332969767
0.682609476370075
0.823011173147945
0.688590696175046
0.532155691540402
0.438501438014208
0.633137072994172
0.418247201525018
0.796345491098281
0.577485603351058
0.569369237774855
0.382783432476263
0.321359037645265
0.427311246589216
0.696793318837797
0.739079262952177
0.611282212265816
0.622940943375158
0.414663065006025
0.559682485052506
0.666746957589077
0.491898967010868
0.878057506145964
0.321026355518095
0.457368889251173
0.534267990180284
0.288558996134836
0.623176749972073
0.551964904492803
0.541285258946933
0.678213663907860
0.696923710790880
0.654764970365089
0.456013898760177
0.511109430535190
0.635878538045759
0.338680084073890
0.338581216089508
0.434298632296842
0.539437514566066
0.826681433808979
0.616140221865821
0.453393925804115
0.444273329828384
0.691221142827883
0.739636841945581
0.585324322127087
0.427363649403742
0.319742890087665
0.683366689308379
0.563134652420861
0.782018879188959
0.289103962726159
0.563103780730067
0.441375808592272
0.676839825608240
0.393630385828261
0.507297572568995
0.487688769482276
0.676137140566056
0.601266188158207
0.402896899663692
0.456132561618736
0.357153082028026
0.598930549859970
0.557672466457305
0.381045217123378
0.366806466314530
0.520469182405070
0.736271843259288
0.550238965905293
0.243683797355469
0.279432823023283
0.663584818324749
0.510781954294737
0.483311412618026
0.655095712024756
0.475758336186091
0.542455939647270
0.616708253452159
0.706006686586171
0.460723596110827
0.589855546220335
0.832059223893742
0.306729382325360
0.564053844329181
0.495926183358798
0.452192148747783
0.431431648785409
0.639115083679269
0.921252295564394
0.391086595717688
0.650572166576440
0.396361994081787
0.899534424797455
0.662013441314474
0.500048960739620
0.624662981139514
0.529170708613798
0.665810495865329
0.472520773204149
0.303726779129985
0.565643792771061
0.738239621482682
0.395213403927349
0.503280117169610
0.634375370526620
0.255911014570074
0.779484518998058
0.641575299705749
0.552858244502045
0.389495889167858
0.529012686735289
0.536782434125224
0.912999815807409
0.694244331983609
0.805252985179327
0.602164337139153
0.491761403122075
0.764723252863307
0.521800561903244
0.415638541426657
0.488853553171313
0.613726430258250
0.552755053087661
0.638052844557615
0.923703180107312
0.805303852433897
0.543520394172346
0.808010429868485
0.343367013656750
0.275946432206717
0.450068327370868
0.561329281365904
0.541913401525512
0.729989072013124
0.545670461219666
0.503126717286198
0.546501161932353
0.617053861141122
0.199222788690793
0.661266206763528
0.363292555433998
0.521405662848245
0.428072747027661
0.477746640627740
0.594780265219876
0.380947726858712
0.438458967009644
0.397722624635223
0.395952212528703
0.459925628525438
0.712706002506670
0.518521430105885
0.491949645519124
0.386773664521638
0.818250896315679
0.493350284313997
0.687361525639212
0.575471580134797
0.480841455660318
0.710281766422356
0.652532735275761
0.516113477074552
0.668677217978807
0.727559186291186
0.502039564906852
0.463145244411787
0.567913971969511
0.730686066455387
0.612371982421125
0.481187610357001
0.627538245194985
0.791062967349225
0.546558529807070
0.545496026284117
0.453063303229919
0.301457483755622
0.388401630205771
0.323855091404078
0.515539168694361
0.165053552310385
0.742937167859596
0.586767470572624
0.0746653667225681
0.238131151215048
0.403368131859205
0.512193887071235
0.352350833799098
0.160794290245386
0.623826957799113
0.471519975353403
0.650204457703916
0.504977654628210
0.504937373604117
0.272602116819649
0.273237657671377
0.322076236125582
0.566865319254811
0.420333145695961
0.685349841054902
0.695857539763449
0.807519031988299
0.525479365459094
0.409690673928772
0.412767638206119
0.544194802610329
0.640788374570768
0.468767817089926
0.514653824383968
0.585344117698635
0.745249906275903
0.375918053116344
0.618526892051443
0.560352759499370
0.503648944812970
0.715767863077280
0.487543044040887
0.386621073055684
0.582860606609800
0.579017438003920
0.460401165097683
0.662406889952336
0.983736425483143
0.849472359511190
0.352179681369933
0.415867504076444
0.221347863108651
0.572266071512358
0.339462448173396
0.493351797314299
0.715636262662472
0.548648579965559
0.477710049355008
0.403300690299958
0.506671359726217
0.794438570063474
0.349909961216524
0.518388872393506
0.695640306564357
0.263285082222437
0.607722074072325
0.843386988561611
0.440530297549053
0.357131092800114
0.604929830065120
0.737543942736205
0.573659470709954
0.728905916679502
0.395024945422219
0.636960746169891
0.468216566671210
0.497818431838562
0.372151763008881
0.671613360148537
0.579396140868231
0.629255127821937
0.663612529885054
0.296774834951175
0.785958861303657
0.528867532973932
0.637317244755648
0.631099753043177
0.678918465340110
0.372660305761864
0.513114089090787
0.576603308131414
0.761391729791122
0.681374359609645
0.724957332908554
0.562256672225384
0.562347723433519
0.694294799792651
0.247641869803578
0.716705160381047
0.493460667317174
0.250635156536553
0.632909227296536
0.371570257502126
0.364256097974312
0.571669603340158
0.426932111505646
0.458764005000253
0.491072904367602
0.492915747625227
0.484756731138991
0.573226385529784
0.379264084837664
0.391966879031043
0.325378160536003
0.458344346367109
0.644582685542769
0.416823435904716
0.630119428588747
0.608249923314655
0.674632927140583
0.676989079590926
0.445139563666912
0.452295060553480
0.538808861794047
0.459259677087364
0.679358025851581
0.666555980777394
0.552139393933928
0.431016613471053
0.602871197141907
0.416587195101606
0.512767163146520
0.484094989249163
0.544905923370296
0.895433868726328
0.637354095213481
0.847826979713620
0.417160755642756
0.540971828673619
0.275928434137200
0.638174339469000
0.570061875440367
0.695827276804681
0.877298998846234
0.758272755169022
0.494176168136195
0.0303971552630732
0.545799123605758
0.402966303733662
0.409150415104704
0.459479087407146
0.326590568438466
0.633582661273093
0.634057796366981
0.546749471669310
0.464769068245508
0.679661536605699
0.550395332314666
0.796677834072165
0.722768651938878
0.472518551945155
0.547968181153658
0.468394306369866
0.578526416673692
0.658891720927533
0.632776760552752
0.351053176047547
0.673625400313797
0.225436474169560
0.496143005832399
0.625859518307759
0.650692580837252
0.477000397706630
0.632288828523653
0.722295305074400
0.421091252106572
0.354080250558366
0.412176146602480
0.469798185283713
0.442281074052086
0.756022933967816
0.275748414318903
0.566315450559466
0.376759138603119
0.683461778414135
0.379680851495747
0.530672576847832
0.979896714875983
0.472060180811919
0.269292459794414
0.406164828285191
0.489479300275532
0.462862161759721
0.414517526966915
0.766114315650693
0.604015031531492
0.804717388915770
0.505498139732437
0.771424714077371
0.139600247275529
0.573431371752324
0.661352372527122
0.416245421058570
0.761726911288522
0.641368407562063
0.676061818656714
0.558653583316620
0.656684123599253
0.460875043862390
0.411340589581991
0.453625677586461
0.563056736609759
0.678171801528138
0.443821380758141
0.491380310896286
0.699224360227641
0.575233118324726
0.892374098994763
0.400760824680200
0.676522095851382
0.600829028329326
0.424230463379282
0.520354153414051
0.489978218982643
0.569037274205485
0.661044895483458
0.334647092566948
0.673058647645503
0.685168694334667
0.471683187432827
0.502369142008859
0.558167602275146
0.611815230067791
0.631130909415730
0.638675705394380
0.485951508834331
0.502064931321796
0.794682789152932
0.558458176045158
0.690798678526575
0.437325616755550
0.578330114258283
0.564590796642829
0.807246382962076
0.317036059071804
0.530008230369463
0.538245804570008
0.321186337472535
0.733099508398031
0.715883857934908
0.505899816201191
0.650876244032925
0.367351504542058
0.577304036396260
0.429896654415738
0.508530340785311
0.687045056240263
0.396591140881069
0.449846860052082
0.523289680310302
0.464632587598083
0.659916669551168
0.873717765674891
0.374304312609072
0.418221667288695
0.612448369579294
0.480373769261841
0.829230693678229
0.825862587490593
0.587166550629741
0.697853893487461
0.491110148756735
0.582280971382595
0.864398029534356
0.553117476912793
0.763056950188728
0.620694476966496
0.523580371614019
0.585222456473300
0.718488536947554
0.398010404814130
0.488479951773530
0.898359155444629
0.491298679855208
0.593544608079413
0.730113473262774
0.922773839708126
0.591137242390553
0.337494212177621
0.250113574652621
0.576599529326767
0.556148212341245
0.804443340536977
0.632888616368584
0.595100067098861
0.538919725396297
0.429546552010514
0.804496763476513
0.545534555168805
0.237872087995999
0.609801621160890
0.537513458068078
0.286500278513078
0.720446991438965
0.461374712667498
0.414568181282354
0.342020704487837
0.452980880370344
0.413915818338478
0.590645961963122
0.295498821712988
0.436899618826731
0.439863289788827
0.712495648310268
0.508007687849728
0.637697536545399
0.570593338175109
0.651691351897415
0.342006177286686
0.842158757910318
0.690053180615301
0.274760199876974
0.516602380529340
0.459412930092523
0.581568904315973
0.414874912453317
0.561207054076092
0.570536781118281
0.569214877676465
0.509622165429690
0.248754971874681
0.535207674627449
0.493460406670427
0.337167448216821
0.514121739707731
0.510588362343099
0.549831682488101
0.663777051525015
0.611826582293167
0.706567780977366
0.277033964772944
0.409359910590056
0.514030059689588
0.798360214517283
0.655312098837455
0.510978526766003
0.462759363480634
0.286585718642974
0.630378510772149
0.532466116252835
0.398672974379090
0.501227901356353
0.380380717086968
0.635616526286615
0.477440628282173
0.773358232245893
0.201040403778693
0.677646611932009
0.580081047142866
0.544962820619431
0.590019299383136
0.623616502608019
0.325248616111431
0.710580637068537
0.190130329972434
0.445562339127886
0.387179830798244
0.754699856402465
0.297911823857782
0.561688433022881
0.584441800566502
0.590339603679788
0.701039097500353
0.282352023064787
0.670353365523960
0.541114045404658
0.608928994420553
0.405491906409859
0.546741820150697
0.612575725751824
0.794830946355643
0.508091197757805
0.316534505456560
0.284243644439228
0.581257854733016
0.658647139724175
0.607530395346845
0.467814022535505
0.780176522146790
0.537698788024279
0.790605239427322
0.304119740353605
0.402585935905803
0.647377820613894
0.742109593151818
0.651313159402192
0.446118451500527
0.369607294607741
0.689600432373887
0.652533885268685
0.434744884573795
0.413595486584719
0.457404644624804
0.677955988539672
0.673499113862894
0.557550237324102
0.558005090801549
0.441793050380887
0.611058626360877
0.658690408790437
0.506926272576852
0.508750784509927
0.516391001139921
0.438577272103584
0.600618631117837
0.732190079787761
0.736668780420014
0.633418845556271
0.429842845867504
0.606844945529187
0.355717465549796
0.349510231382656
0.393582562545447
0.365502777712700
0.563264435215669
0.303858880367760
0.673584975619426
0.621880418537246
0.754220370996588
0.526939415222603
0.591862821807437
0.720518770672974
0.544876171118625
0.440040804751627
0.834964630260766
0.250719493500921
0.459668558101078
0.827549509362557
0.476067510929689
0.452197981111681
0.347522169581470
0.743672690041907
0.358350467421086
0.462197599153990
0.726722669015607
0.529676350012375
0.575456567979112
0.562501770929707
0.610665846064964
0.235730803553372
0.540707126954564
0.241839930947828
0.676481587535983
0.465558106739211
0.688812130674843
0.422811246493599
0.561847075405833
0.768042851368055
0.270405200715771
0.279595393427066
0.212536914554051
0.603268652907118
0.568711193747496
0.342086361246457
0.658683500287243
0.576501302780151
0.300285289138748
0.299200908280692
0.358728414795186
0.654691018677097
0.323301864001592
0.418720200131447
0.421610954349081
0.334436077200260
0.696642826274284
0.610641678658108
0.626962754564191
0.590028963761227
0.536167018373721
0.459730593846379
0.594785066888470
0.344906793394567
0.366915490202023
0.209848291554624
0.808819638698406
0.821426348126043
0.349784167925648
0.517075734703839
0.592628453741261
0.443695421184713
0.637016091872981
0.552581068326595
0.501465743611889
0.433028044352457
0.636620986403452
0.727500170990695
0.624466022834204
0.493099170467891
0.768845070687886
0.427391353488424
0.542774489980380
0.792101347542076
0.433290035020657
0.424787462892645
0.756229118119485
0.298385285710994
0.447857359860325
0.565881091685068
0.400540754375008
0.583915996986766
0.659852860080138
0.530477548615630
0.590147327088573
0.658524270652381
0.416445090046308
0.569601744685092
0.340815877959831
0.535969753841302
0.683104289596306
0.748798775885232
0.529121653554492
0.437914487345685
0.590866138708470
0.745212250904504
0.533655073039576
0.830435235447273
0.397194546415728
0.339771277433579
0.446938367522832
0.488905406268606
0.498667491057959
0.453224500178454
0.608703946436130
0.322806251647245
0.491192789183935
0.445958987404231
0.451022958070751
0.335067408547443
0.566781250300095
0.440281509115831
0.371826902426296
0.0478167970960415
0.440680974232256
0.549702025950826
0.705583613733668
0.261350284930248
0.733150086944206
0.355091900494105
0.680526872498558
0.661014680267869
0.745801505210652
0.359650001896063
0.531660969901383
0.492347324050715
0.383372056003884
0.559336771987270
0.571774348440167
0.406584423271088
0.537597920310923
0.881660744919157
0.525875915522876
0.609160983104393
0.494940073260751
0.247463000405417
0.444896670353220
0.661556147996034
0.468318430213061
0.314442580482850
0.534149826204157
0.476813207814884
0.629694824797684
0.539477728242587
0.663279572965024
0.670386140820434
0.392761625645338
0.349657007784267
0.672793896717310
0.584751593673529
0.197142371362149
0.725410880847930
0.535817158241414
0.547229570492688
0.571865107819100
0.639949262398377
0.694581211334220
0.483402131457775
0.315786685019362
0.627024879874319
0.462142434522546
0.684315146187311
0.478832035445932
0.677133805844223
0.385151665125170
0.354023381713983
0.712354351518053
0.264437239718849
0.605561497098710
0.626977327894574
0.505181604390327
0.482163980137931
0.845385810001045
0.489945213711545
0.506372716590572
0.372858868486883
0.459577668343881
0.454362254576614
0.724173149708121
0.423282657462337
0.452873392541961
0.493917175194174
0.615052065132603
0.364070128214136
0.705892784039751
0.314280149528660
0.514852340977806
0.238139580016937
0.636357060517416
0.611465109937360
0.406619923594441
0.602583297922370
0.552255503283645
0.691435435569846
0.552757600926796
0.730492301793678
0.498174185447525
0.473196853134450
0.525513629559547
0.427650360171052
0.757914392377753
0.516819829637410
0.426702307006522
0.502824674161536
0.612580099654350
0.491289923766989
0.388318865537220
0.695198361652425
0.562928085046577
0.479595825035496
0.410417038460835
0.408997803203289
0.538497098979126
0.503697943629536
0.630570029719592
0.300557501503321
0.689220688745604
0.602572661341293
0.359187108512721
0.696676970557390
0.398622173559881
0.572228534770973
0.546649565098950
0.376395554471377
0.137957888213983
0.645550290809798
0.642137799362856
0.498792430844653
0.283529539939396
0.563545399548492
0.383725737071688
0.624544174946212
0.543216311565042
0.426243204604392
0.744967781348449
0.638830205728188
0.717998464466490
0.298638651983902
0.389311451339075
0.628545033447135
0.609979833248357
0.648398511346009
0.530556552024849
0.500553876028059
0.573808954379924
0.694870967445935
0.598644095340011
0.539028718941027
0.447594912924981
0.613227112037357
0.482888529945286
0.556362284406743
0.718670189968900
0.686366006875899
0.727868089379741
0.769715028109449
0.669524404868865
0.0729458024929645
0.108179551491547
0.318578073181157
0.429946374724194
0.219008730461924
0.499992534794770
0.466016482459092
0.545985765593677
0.754562040654704
0.447453060567673
0.464748820141164
0.697423574368349
0.465767274988163
0.360227628721317
0.532858298374022
0.695475862929918
0.483991726289991
0.609524293969524
0.580621126752177
0.510393757437243
0.519506134385027
0.784346653055004
0.314626618854898
0.438943089835417
0.509062697629430
0.564274611398042
0.710626575255580
0.517737849187420
0.505278875026504
0.632927182323155
0.517271765061776
0.698362148548152
0.516723916030915
0.529073461483583
0.524905551091489
0.414448837590781
0.316688128712594
0.296966416483598
0.719100827028957
0.416340205997435
0.698900209970590
0.616743969312558
0.706996235541244
0.768450263199420
0.361330704605135
0.487886644687526
0.848163599101764
0.587624375845317
0.725800880907152
0.522873827859478
0.188993992654055
0.578558195117633
0.415282639535662
0.540531540629782
0.622852195260007
0.572259259923012
0.564592701647217
0.503702745528305
0.421871703771307
0.501929195671227
0.169959613166130
0.572828813302021
0.797407907206621
0.326130308333759
0.249085681401161
0.717357989820299
0.423241800412560
0.162489909352709
0.669224803704853
0.361897038126977
0.712341100139115
0.326066342645377
0.470867637318722
0.566617886537640
0.563319559893596
0.597306757950594
0.588977856633898
0.503676700398443
0.361379361483444
0.635731887822756
0.420684114615508
0.589998989870996
0.695968393658975
0.315507012000445
0.825353880193655
0.240511804085474
0.681572216793658
0.681765607424754
0.273578317178264
0.547765535927868
0.775156463376965
0.457600291238308
0.664377162414247
0.569827492627513
0.655083199839032
0.660303179704562
0.273136044500063
0.440498421283928
0.591261006559418
0.525774447912611
0.827161950968612
0.634048507797571
0.556424124091991
0.447661672503281
0.427721828617913
0.717622196280728
0.508981369913224
0.669846232286693
0.328752241505626
0.697502304911991
0.231693599178771
0.728180797161278
0.728864299285553
0.539229712135563
0.346969415647022
0.385916198736551
0.614191255869821
0.679060254053781
0.247577813263671
0.638653095125751
0.795955445963677
0.466782443095002
0.584895311698044
0.466839778103905
0.407662856322373
0.653250554560996
0.621967257017610
0.438484417932680
0.562221936495451
0.498767111039617
0.322991776070680
0.222431812047894
0.526356500902663
0.438219104333693
0.465460713110209
0.442402219593372
0.381743444701970
0.490054099335640
0.610396279656396
0.400748478276771
0.596726519151035
0.507509081245803
0.503647474988489
0.384381389137403
0.394893525654095
0.575918303874467
0.433886894509491
0.553196628381675
0.777346875483966
0.617993705618415
0.602285425747968
0.799824034946058
0.647536687628937
0.572385295049276
0.781865866440788
0.287303629785798
0.433746078827516
0.870233303578080
0.645921237600835
0.520185437804139
0.603016370102474
0.497143909467534
0.482290929439405
0.405955970014771
0.483430517634202
0.236502990478527
0.518998636919874
0.462735586784544
0.834667783745323
0.551526464138955
0.688545377338183
0.493594143736201
0.514962291983031
0.675975413751376
0.892463501014733
0.539167781477633
0.753759463931055
0.629475785677449
0.556261330675172
0.817934391476025
0.674885845700358
0.800223388959049
0.588273564627883
0.482055357311102
0.520662766988413
0.739870506395327
0.192161504891736
0.372784907617273
0.518703844002622
0.546628642742198
0.287368305287374
0.593194333932413
0.720117649874756
0.338490212567906
0.505419063502149
0.439128726740452
0.864435609291367
0.572803379098650
0.426576549826971
0.356287623855322
0.547419279108666
0.676883459748333
0.682577871420469
0.680290557020547
0.400769935709143
0.547188627707439
0.708588006223759
0.347590014406091
0.695266533066456
0.728724069856248
0.408401475282367
0.307823820065937
0.519739801851236
0.681336375535777
0.517852578395616
0.495879579475786
0.530885597921289
0.350980591295742
0.356048370847072
0.705270030197680
0.570453547854874
0.432130228594869
0.701167736750406
0.285276998588059
0.513288889620396
0.621558676917981
0.465138210473515
0.490842872658489
0.540353821364746
0.723948916421010
0.649111938365439
0.299304226925252
0.438459202674553
0.481972001317815
0.701075086917251
0.498350613482095
0.419729243372573
0.568319177381774
0.521769231446237
0.727649196490143
0.764397005605525
0.670958109387291
0.615459143267267
0.631492836921504
0.728665876442996
0.294380773851567
0.463821516920054
0.124479223260190
0.677060935931647
0.532716336673095
0.476535504042712
0.412990716131140
0.543428153457427
0.443376455262820
0.298136457381346
0.316108491283190
0.298099422065090
0.494297032625640
0.349419132327454
0.507489555918067
0.727991355922897
0.471319959211892
0.346952792117996
0.556927178587483
0.708655686376398
0.469192547906994
0.260776756249732
0.363175309504811
0.307407284279321
0.630196725817233
0.512806347820180
0.597550021978495
0.611108905035752
0.557817683131865
0.580945977194445
0.710725661095195
0.595030071316136
0.708942470570646
0.517117646993353
0.362479534170552
0.297857522323799
0.617888804525759
0.451683138866790
0.598801910693096
0.590824382348025
0.541946441870211
0.618284687731741
0.531691541725311
0.525127683630486
0.528969544851974
0.765936969455370
0.486013632158329
0.344574650250212
0.420002764541877
0.604767241904295
0.683999672211601
0.820917670163404
0.406970478526738
0.639902788618612
0.562888815968411
0.491540174972894
0.533733519229622
0.528112944672366
0.590381289647692
0.631727197729170
0.449000084230022
0.320655303813013
0.675769146839264
0.486137649818300
0.647521413020474
0.386855533543170
0.338264918921274
0.733548483110679
0.709650859617664
0.992926968264547
0.700777766433694
0.251591340538643
0.547292615061301
0.948179757659340
0.534111469456943
0.707516771445886
0.300294464275127
0.873944391733304
0.750824975719464
0.555007295611311
0.502921225664043
0.464646448507429
0.620870301184034
0.187106743872893
0.479793795213056
0.750794987710947
0.547998738697178
0.519611357811912
0.528461627244726
0.452119040502208
0.786029750408504
0.852769293860328
0.535109346174973
0.901041946111062
0.512538676709971
0.500770060979105
0.405926185680048
0.394920317439392
0.679921891038895
0.623620039718234
0.541436269895898
0.677661782193823
0.534449787076843
0.550155040892535
0.405963737979311
0.564374346427536
0.363467897446062
0.277079566560194
0.604067084258529
0.572722623315164
0.409346550286533
0.492878247094355
0.581446387168882
0.551472897729243
0.352584350292953
0.380694580992866
0.0615755007198343
0.497633791769692
0.525317629711028
0.374831020317739
0.596945652521784
0.203689588191836
0.346561519487511
0.787982771879379
0.834691884592693
0.239312071747069
0.527424851300427
0.699692575512075
0.421227089743074
0.680863775548122
0.668453801349264
0.581061191073388
0.0935832477839000
0.482116930743434
0.732862143039774
0.602777801078345
0.481748162810674
0.582290846147984
0.421422826226586
0.557839840044786
0.851896296262770
0.690772094471441
0.440611409783335
0.603695757208243
0.473195258855503
0.871279942943440
0.315120386064237
0.424895878076971
0.667159336324665
0.315559878059034
0.542026758535158
0.661100578841133
0.629380782579100
0.362706548201376
0.505466947003251
0.469952276929596
0.521414665053607
0.564207480406205
0.365552865346071
0.733706131949295
0.585706173707180
0.376784859739952
0.555659867819500
0.760728543289412
0.651604549228180
0.605108395776732
0.516609218545238
0.429750039289720
0.556989450360553
0.424142602804684
0.456654828916286
0.738825726681079
0.716545415292506
0.657777215626101
0.754167487620379
0.386540531098203
0.536663467172856
0.580251387820173
0.741124544764158
0.595719070864584
0.485977533777771
0.629947819442249
0.670810210620732
0.569402547911704
0.316134790352905
0.750447728780762
0.279056129737727
0.540371506380623
0.345919242474891
0.482288387927272
0.668015213660876
0.421833489002263
0.715910634465823
0.617159707207931
0.481471784474109
0.424215793857522
0.426140639879527
0.643382868196133
0.273584924539879
0.604933722070145
0.577492998921342
0.633169819250597
0.838465770256702
0.483828559003232
0.429696044131976
0.710501014015641
0.664167491188867
0.514610405449316
0.321944739277800
0.555010421862173
0.391556885069443
0.542197336599212
0.471903789363392
0.454678935058386
0.623668828947707
0.535972568673884
0.655635545039967
0.401197037253665
0.601801769093528
0.277459544335649
0.661406139930344
0.602002587766669
0.779042285988152
0.322510037498048
0.736586629007100
0.533699427801565
0.575299902114769
0.455243301309662
0.308369676796602
0.691392203617240
0.364680124464672
0.478321941721712
0.578357892373186
0.947274894706953
0.536586484124207
0.888561809890991
0.412936269769606
0.489546350739344
0.609914764374895
0.293646471632595
0.633644925594359
0.498525963723840
0.667142561552134
0.482068372221778
0.456552884624442
0.867632303315676
0.619696752409450
0.495644999151909
0.329014776665323
0.627349966107963
0.584506143934228
0.304393629491194
0.347209024478921
0.851462534838400
0.528563955718720
0.217904578818304
0.279388315342668
0.362157984810538
0.723306742334235
0.516452786257783
0.553662048292560
0.527649162596376
0.297444473130111
0.726866839499195
0.442957312837280
0.433903983161693
0.566928407636661
0.520390684825860
0.477424181417077
0.592170479779409
0.768699674465744
0.577553138627839
0.440333356875107
0.401574708950057
0.505956870212882
0.230768086163716
0.709524637650069
0.573344214596820
0.400702219314477
0.537591889269525
0.279378033118916
0.699315887881074
0.507457236980559
0.548599974124714
0.556035964482281
0.602796660464448
0.478689995784321
0.309160691194489
0.512737845049348
0.270493248133837
0.629110137754313
0.253722466486789
0.791287370325031
0.631083987075937
0.767758972233312
0.535031570679147
0.420243530901159
0.429580652052965
0.639218762150308
0.906215557064924
0.472602998111511
0.636188334643612
0.338834682159067
0.568074076802410
0.502577607589082
0.625534638614592
0.430161508394565
0.325543053102419
0.510620125679027
0.585656354023523
0.355869057470767
0.511351258201592
0.590731202601731
0.676394253559918
0.451723380380000
0.491303495710923
0.715758767104444
0.611705403202179
0.420726778925985
0.639646988145947
0.444031963020836
0.437834360253645
0.141999163582379
0.480061356123956
0.505086847561009
0.450045856446711
0.444002239992294
0.421047872349742
0.766808154932387
0.697917540213088
0.489232589229803
0.521774978535625
0.555298058669547
0.525760405789082
0.434264687338917
0.884463025522318
0.389397908875867
0.698942985398446
0.243034827003848
0.462128996843062
0.634173908133288
0.587445707974739
0.380719038739561
0.788105122935134
0.546738007191144
0.425437811138956
0.560684414039330
0.743384688981756
0.725104895321525
0.522981770478154
0.507380431202323
0.453347681357077
0.281468885108547
0.636648453674108
0.355802558783409
0.472275522149736
0.488684048361184
0.716785989635921
0.214437314382749
0.687097687250127
0.442731580137338
0.424914000405382
0.525276211907878
0.624743831799800
0.400164105738767
0.407559194267553
0.835965608096589
0.566543740414699
0.450092646416265
0.815660621179447
0.725423887946188
0.393079809104458
0.0842653001780668
0.616757033639109
0.703267424301515
0.345491429216142
0.255615379525984
0.568536488351021
0.571004235397031
0.536230251617708
0.153025815306032
0.606534597432025
0.779058245264179
0.707534883624198
0.341477192702055
0.471709601977227
0.420758975987324
0.553455361018728
0.574414359981409
0.448488417339192
0.659726740425782
0.658352581907365
0.650544273958956
0.470254047581670
0.280046955678022
0.615366460349311
0.903317994146469
0.376491749790690
0.341711866059540
0.740825531145407
0.522649724484743
0.692188923934644
0.666337939220657
0.391195725253099
0.423369305126123
0.279893918813421
0.572885573542611
0.648523268949736
0.534133313772664
0.231987238300226
0.887875321452664
0.530180407137508
0.462145933792613
0.383560780102524
0.579688834726085
0.559317389149785
0.635268603680525
0.370711351049529
0.472637019797808
0.364285250773224
0.691387929703945
0.464657177988498
0.436790022757927
0.141160265976550
0.661818299101380
0.528801661244847
0.544608442682765
0.705591214132701
0.621852836347231
0.597479975594499
0.386533286223087
0.549577868424623
0.800689767129011
0.567662536750811
0.665571392845807
0.861712614220174
0.717108761056005
0.406259185814053
0.247167263606548
0.510683190011493
0.187711738660431
0.519542447566210
0.786570983366652
0.424231843207272
0.484851047201728
0.502909860198857
0.678768857479343
0.674974443717252
0.511420530334515
0.482459022427607
0.754231892571515
0.630348896877576
0.628812274581487
0.780316924398713
0.533756702750453
0.656303137156973
0.511096078461036
0.690451536021942
0.486480249797860
0.629167238430577
0.836244085964197
0.538914149185320
0.502308004767199
0.402654661283956
0.458437653181645
0.339512561899328
0.480266326162455
0.461246419234427
0.466457951481161
0.670507728499567
0.542195663861259
0.538062995372116
0.647006081182884
0.347018558298010
0.579612348977213
0.468380350583270
0.463269312181701
0.559111480140306
0.700552592390058
0.397913396070615
0.599356101612869
0.730543765229666
0.398245028069811
0.447356363260682
0.528454971397418
0.720338465832196
0.530365714690627
0.437628134324906
0.543085897702460
0.558965697516569
0.495493408691366
0.191793207426436
0.612685566246392
0.532447619947166
0.482747631327168
0.294003553519805
0.473385201080814
0.416891100789658
0.400653597885034
0.668562881407852
0.487698120233963
0.279023886597745
0.480201228301889
0.647360393195908
0.378269073848043
0.740188502105259
0.456613051474140
0.461192935095713
0.401055951890916
0.643368196934473
0.300007437247951
0.784831027635126
0.373765200108691
0.441988847311417
0.605741134373974
0.362350087127226
0.534532670704573
0.621149611943751
0.757547126946060
0.626188086768166
0.634711725679260
0.493295648661377
0.419535810181822
0.537956834626325
0.409041701334970
0.686004240666325
0.595277633807963
0.669991008397665
0.657388959240933
0.517739683189125
0.452363882179108
0.605938907225581
0.870962087452079
0.644755027793015
0.677967645093013
0.614180946518685
0.567387164704434
0.636196346866914
0.528533808914506
0.701403188149338
0.297731327353871
0.817438984116542
0.329127592554573
0.548194247200838
0.491547552245848
0.336321586154653
0.622467616808462
0.574802843748397
0.651533839560722
0.555940861766892
0.667143560389165
0.559969709970443
0.776316564654103
0.705988709023289
0.532781476627404
0.654654401020908
0.519276324152452
0.677491370581628
0.458038495521449
0.835464924859942
0.438193119407807
0.303264562171573
0.635385411885917
0.678954824554969
0.750426637053502
0.460005355822401
0.663025784486738
0.544768232230918
0.515462959695335
0.672647815554149
0.787648076389170
0.307061046383593
0.615351246252845
0.417233669756384
0.489905726088934
0.433468280984136
0.679772697429118
0.922699872532854
0.589701338428438
0.613219799051023
0.761532385421710
0.605971124517986
0.556627221403329
0.482576524822435
0.583376031674870
0.475319242264424
0.493415979808921
0.477584761642232
0.517463018861452
0.531146223123545
0.738571186647065
0.402258176461753
0.464969841822634
0.558916475360246
0.524710942716832
0.430660632293046
0.561090958498392
0.711156923921965
0.289002679608103
0.506644984779895
0.315393961284767
0.554602720454934
0.545184059192323
0.643797269443505
0.416300793732577
0.564190821945079
0.513767826857264
0.698469942516917
0.594385215220373
0.471420579282122
0.468607195403537
0.426561421683442
0.788602102271325
0.447319004773268
0.373891683598515
0.474516666371744
0.630726314461488
0.614097526527446
0.611845442432479
0.143006401339765
0.479911125506977
0.730244644865555
0.456237399340265
0.568089237245630
0.447136633312519
0.350659256586488
0.485637332417273
0.670841241082079
0.850102817324138
0.699176933550043
0.314953510021104
0.464589940637929
0.417842538264886
0.456001812312796
0.861398991769103
0.548695022467652
0.634420071653704
0.685659505584708
0.379263452424028
0.731678543908620
0.334694419933676
0.632397874541278
0.624901535784201
0.619369346689735
0.356879305870489
0.508582672652808
0.533244190193853
0.541727759075265
0.697588199498716
0.601636376792973
0.664021909728169
0.542022414497144
0.793946671253612
0.296121433953500
0.546050165713029
0.439789517887855
0.522353993025919
0.604747662123192
0.403253127338140
0.572561133109174
0.459638997018567
0.713101385126087
0.356852453584493
0.332350518511100
0.799365781529773
0.370305258214510
0.370065150741125
0.372042787992856
0.320614439309257
0.511981057131676
0.597827272845266
0.679024469240876
0.655414424845064
0.617188970723040
0.519106823743394
0.615313654411566
0.797551022047682
0.532068276598775
0.450381632333549
0.655185911031617
0.417972823634612
0.416917295012081
0.516013573498431
0.577128655769185
0.575473332923182
0.348839997239014
0.349733197444399
0.441077867500674
0.627907282413448
0.494894538808569
0.677601396656123
0.764886890429489
0.489974761932486
0.277061913360532
0.557749814689552
0.633649011543039
0.457065290305235
0.527054884282986
0.410395149673014
0.770059687160164
0.522903092557352
0.545452970892866
0.410082917990870
0.326586535617175
0.287987156469980
0.671913233792229
0.645546776430073
0.396304371721282
0.724697310493887
0.604500949193168
0.592692981372398
0.887853195709205
0.245251026657534
0.500059522647323
0.525902670922205
0.562650000439639
0.314395719425537
0.594095633793214
0.277198199848513
0.552073253341347
0.616876214147323
0.525093025598321
0.576399304135951
0.406227405495160
0.587985912938809
0.482492604923563
0.333482171171273
0.481210739622586
0.430967323157227
0.420433866335490
0.578576104956190
0.538768964073356
0.495666752764614
0.408362809197960
0.696781624615749
0.698488640978507
0.440838957210547
0.575499178658793
0.649702630772014
0.792249494162048
0.747566620893542
0.484196411155002
0.376597217904410
0.658961337963053
0.341914587600902
0.374160827215026
0.472236221706319
0.689500346837851
0.562361441248436
0.563717483862926
0.754198384792947
0.559294913297342
0.168829925084790
0.666031337931280
0.572823507011992
0.521968320807399
0.433617505512953
0.428681411924330
0.522396674935453
0.413353362346899
0.271667177599876
0.380721415687408
0.428850037212385
0.397548193174975
0.571562001070900
0.674408332153889
0.666739423633388
0.661999729038307
0.615098488356972
0.697352585867421
0.650540196946671
0.400814725817330
0.906219033708038
0.324447721647852
0.590065926349335
0.406974161897857
0.421722839350998
0.465431215207167
0.397521478630733
0.532481286011424
0.785910373591357
0.488172855779849
0.563033325151604
0.571903571737857
0.618072091513952
0.490970372719179
0.696876651709573
0.748480703031313
0.635196801374857
0.441597584983073
0.658996706113851
0.363469695201273
0.531589864598385
0.573585979288888
0.613149550285516
0.483594557944505
0.624578316194291
0.718203560824776
0.282208487649290
0.360295327423482
0.699934631139976
0.499062075371565
0.494896969891992
0.799408154353951
0.634906086824886
0.849532622938189
0.416517349091605
0.326843645305518
0.484101228459056
0.529919868112773
0.557380942202427
0.836763370643612
0.527023983788162
0.490707088007461
0.919238863160604
0.430076132212435
0.596298217660980
0.808751954698985
0.598796345033095
0.447756204406464
0.541976860347282
0.0758709151922354
0.715408225955653
0.492116322438347
0.448665794942805
0.785646291429361
0.514424881468591
0.442538344991129
0.315764083269457
0.562122202726284
0.370415116408681
0.303559958840135
0.561477856825415
0.442249127754122
0.474775697343000
0.622774251707992
0.696614453513737
0.468914752737496
0.804042349799039
0.790221573383002
0.402043166917761
0.643892526367471
0.575555816990472
0.746865965152282
0.570286856786275
0.612404198151576
0.631712137361916
0.484313202874776
0.425481944753222
0.251364990351163
0.518921070215389
0.587740710773585
0.438545171808578
0.536788416587321
0.422611976595909
0.447007582348098
0.590005199015538
0.721568101048836
0.698557361245320
0.404150712851101
0.489985757465053
0.718688092810398
0.427924166129186
0.813799620895649
0.577034906426868
0.378299234833966
0.675910290062428
0.592205144081224
0.547988102543260
0.425396660813064
0.257669568091323
0.416445926796519
0.474440086890042
0.582910826400503
0.867823561338961
0.402653878766631
0.638277868389421
0.717432690435091
0.518962941779995
0.374218188967141
0.666914821974954
0.520636591594696
0.343894313454619
0.709174064970175
0.583627312104875
0.327801109586365
0.736587647625560
0.247943276237334
0.256937920769810
0.878665175087807
0.605325225345772
0.480873502532327
0.531501655285235
0.641485753351240
0.272085374311719
0.623288640363187
0.612040782397786
0.513735231737699
0.562167452839890
0.465176792693801
0.381572985389181
0.490025896424290
0.747746358972491
0.412683119441914
0.474395893363460
0.458940660529514
0.314712195854297
0.534758764011466
0.679990412022517
0.733051246794963
0.622202370073398
0.483454124459382
0.447236358180678
0.607760303678838
0.712798324069369
0.752793351582012
0.312330502144116
0.523046796268245
0.353094709934328
0.426168613271881
0.715544942585941
0.396631651040817
0.347863181265370
0.546904797446400
0.454607532711388
0.483064218152472
0.656119052215918
0.683952565806365
0.602727626543725
0.497138821227409
0.586829236959261
0.406389854791757
0.576264729860719
0.600538982671143
0.569676154340780
0.468237166344581
0.475805818791802
0.382097417595506
0.658199269643952
0.526950470922195
0.471732003247120
0.647395119656741
0.418183827285980
0.687586387738877
0.670161419628388
0.688496131543933
0.478198637662458
0.483549506893788
0.698717217012018
0.515703811019517
0.557496853780732
0.609353576777467
0.802542170034206
0.547933239111799
0.584203438076460
0.557633369437812
0.755604598572821
0.700430531310113
0.381089666717433
0.386456541066185
0.421539605177966
0.635658145065847
0.398232308469768
0.855981433757156
0.615790336609915
0.384500066811195
0.696604588547682
0.737503206634240
0.803891750298675
0.557517267841318
0.554461068019987
0.385237299963426
0.535154639640699
0.548781934130708
0.378256431438697
0.527429222280196
0.543540051045488
0.398049718012633
0.578676456444225
0.228437793136987
0.456432109837659
0.542710366345811
0.459897164647703
0.570146884860737
0.474780952261248
0.357951153283013
0.741741893203590
0.585857904066535
0.593509684506286
0.600599174007832
0.632138760531409
0.685868915799964
0.536318066714787
0.369622512854559
0.482501594224847
0.672807502420359
0.382025992707997
0.461277093048157
0.813128987608761
0.664278630974789
0.410675271114562
0.992310546795710
0.292530754804601
0.500548427524595
0.492097945122561
0.490469292741088
0.340375542555448
0.500082388423387
0.574747328142209
0.876301712962359
0.409475419071519
0.471505154089861
0.432576687201471
0.444291901679273
0.392138568024432
0.219182110707434
0.510006512893292
0.421607118079574
0.703992526872144
0.540992053905258
0.742057799700500
0.829786143819826
0.563417148408705
0.346014839131023
0.754962707407650
0.566674152994450
0.715271035845193
0.500148059244815
0.572195111717954
0.300918380135770
0.753036224223518
0.586491292781219
0.334159488274716
0.611546733503397
0.488657105160801
0.316042519561299
0.406602107112954
0.424156478713269
0.412997656910794
0.612793225869566
0.636826462820581
0.548315923198982
0.550754184189819
0.581720524638734
0.865258792156679
0.583251339530977
0.569447215123312
0.737291089481691
0.557611219268586
0.463611618340866
0.796000506253481
0.506268540277326
0.569885509323521
0.620657107308561
0.602093668521307
0.405681909627589
0.312712827500871
0.436455152547910
0.703116745112025
0.553069979727483
0.515985497611212
0.502460917956290
0.646838683450830
0.591456548029383
0.593066783610783
0.375566892001510
0.503283696664008
0.531799087173423
0.480316527833095
0.522147567675057
0.466592060820513
0.648478472174819
0.483840937723180
0.616662569475497
0.522366919278510
0.624811493220559
0.767895837906089
0.536551422642565
0.731652560560005
0.408574651132984
0.707298517369377
0.313808970177852
0.516289503692105
0.216494492947008
0.665406219831625
0.386760587635415
0.378328347185873
0.388179283216995
0.607638735310532
0.406219888308734
0.447275813762248
0.643938543989714
0.530262456877969
0.737553639496994
0.284933582619309
0.505015334935171
0.558173763644904
0.555326170372866
0.674476009772897
0.351476578572775
0.448178449000908
0.0912654766564081
0.786435611904406
0.642903347155738
0.635424924816131
0.360752095152946
0.469506042521721
0.369272357896270
0.528533213314401
0.665617839268173
0.582668474368361
0.606300491294618
0.585446594168482
0.624877949995622
0.697677674776474
0.580230854958777
0.387580940345361
0.558591234132352
0.377180597098730
0.734368328185450
0.308214595105031
0.464940447551673
0.561498882171251
0.520138832604363
0.663729786720650
0.541840455401056
0.413337277379757
0.615720533628025
0.367464090637899
0.593230727801316
0.583129009202247
0.414365345596565
0.388547472751555
0.378928616906732
0.368117342517929
0.400236567090797
0.792428645318089
0.196333752974461
0.796629433599665
0.226846335006951
0.823091931161439
0.447046933115019
0.539607940091912
0.699422714923574
0.725796696394350
0.392496459907620
0.594335678300996
0.772587672942351
0.834306679767699
0.337074566245486
0.386575848231141
0.633105114916299
0.272990186084394
0.301514908471462
0.525567526936729
0.690912787467362
0.940545966841956
0.125134528713286
0.546477794127194
0.698726625839386
0.737245855562143
0.687923015223696
0.711575288442873
0.632925870822975
0.344846716602294
0.533335963421140
0.380468184362710
0.678907338082593
0.756607586899991
0.380871059811265
0.715367498325521
0.485436981156951
0.483280068550869
0.435037033778751
0.703380577578013
0.630665425967913
0.509403560517313
0.615790407159159
0.776727629718764
0.383703091492213
0.422081775015412
0.586012059920033
0.665595200697615
0.693241559441649
0.489591754320132
0.343261505463337
0.311321670278495
0.474171580795975
0.677554772834736
0.406671935611479
0.655849169194911
0.591780651569574
0.228009394015507
0.653024342638356
0.750665202389622
0.526812328871299
0.680702768007953
0.355369470480985
0.639622827809777
0.754086808486983
0.679892979332991
0.429309573046135
0.405822775482346
0.538529291476501
0.489284632786009
0.521654050416862
0.910357254129679
0.571070899039959
0.777518072592402
0.526081742633163
0.505487619231503
0.646152304896605
0.631901303101179
0.507445166021682
0.278201364504020
0.318922826858599
0.659640836220725
0.592158342172390
0.242402856566057
0.552166433962837
0.620444202510193
0.339131738313863
0.407756269686194
0.666971885237163
0.360609300247330
0.713921756429389
0.751724532003666
0.183058770202776
0.481066302949062
0.379836509571195
0.545541914704226
0.331699502864826
0.256063032324702
0.762625500146881
0.824196615715546
0.474363162972011
0.587378427669415
0.297636202816190
0.403064923054705
0.256674068075352
0.517839190682492
0.368444482647173
0.893068304348946
0.501175799986435
0.793095044792431
0.622505250625915
0.561608126776562
0.545555690382867
0.613890466644927
0.131943201325901
0.651294741541369
0.755324390865749
0.158493046371415
0.674963335152333
0.643429786071040
0.941747173457166
0.413514177273315
0.747503617588761
0.586457899987575
0.334861893956368
0.433485530301607
0.641661249515655
0.663836742128751
0.333947547128159
0.517995607518905
0.409033544320525
0.750819103795424
0.457099723715451
0.696085146365466
0.429523680351158
0.710954224506848
0.392068217287156
0.639328367660819
0.241011272902341
0.586599579331229
0.556039955246570
0.480758766522838
0.405568915937928
0.656453631751156
0.365306185838803
0.525574139307857
0.183475041453194
0.391110145043935
0.524046065290551
0.683348010967116
0.362285492377917
0.626241507773212
0.607475443716167
0.246889225673684
0.525462757871829
0.823732323092390
0.340806919581992
0.631489558382168
0.585018956863743
0.566923885911235
0.529275698916663
0.556428682296887
0.500954141669091
0.307024787228676
0.443877837684699
0.553850955605359
0.582860560302581
0.759753695193519
0.839894690184976
0.324421693619668
0.594767512199956
0.570381975587482
0.519584358052471
0.472415223704842
0.520273113386977
0.598740837465430
0.800286270443111
0.320147304912349
0.659506618862249
0.565557359368439
0.740167078030568
0.331231736218834
0.445106386713248
0.276151929118430
0.531425106317705
0.643959242534347
0.440400254575708
0.412327900433472
0.461842049178072
0.511519896916884
0.628693770100941
0.533673114726522
0.483257501920233
0.733845963709752
0.810702614246163
0.580770596158364
0.355863491028944
0.576685479999150
0.483464034516045
0.892408654304622
0.442163383352204
0.614229118023435
0.543574782674334
0.394898482791483
0.606755600273435
0.274474695385870
0.389841776259691
0.267025958894829
0.716403015532434
0.684343708736236
0.345371422454004
0.494536783721422
0.346992006898910
0.558109393583190
0.783881412736429
0.427855074483033
0.885112544884777
0.469711588967664
0.403396433750509
0.596512972884430
0.828350377416984
0.578484227146349
0.292280729297335
0.479567340930867
0.378865603288056
0.415376095821752
0.277057921169947
0.730476835587633
0.657069977688919
0.479363599695233
0.679489083947609
0.636669553809823
0.578141527346096
0.487964796345633
0.473676147701355
0.319923436524997
0.466276295788283
0.548860063629403
0.514385359168426
0.587899627630626
0.535092838372756
0.668937951133197
0.327712326392909
0.515627114069904
0.565173523044417
0.391434821986138
0.573846729078399
0.276669584167004
0.559552699894265
0.685976435269334
0.529706486912410
0.505913731215725
0.367749011054016
0.233258784041343
0.638072241559347
0.658607196194848
0.445224495179393
0.343031882200321
0.480217681747791
0.677547564780978
0.685611246117229
0.596261361690571
0.801156981339731
0.775086769246520
0.341008848618535
0.589087033369293
0.522316358570528
0.295933589674692
0.726974814149673
0.528732107944579
0.645456977446265
0.288242791898049
0.430774632982060
0.590255512544298
0.357003650340613
0.585020770490664
0.484248332158084
0.642598568168417
0.591032879118047
0.482838754535384
0.448134458248699
0.465623299940545
0.746870119841869
0.512704885318640
0.507284548520073
0.511887226453316
0.778032630341307
0.409063631647413
0.714316277079355
0.210202648468725
0.466313586811409
0.642765453540030
0.466754126294163
0.576891546483591
0.511429396286954
0.169876389366452
0.568893454193690
0.569895898037799
0.589561260325006
0.466718917219196
0.527197378004313
0.612240737416822
0.718622862083936
0.281112799759937
0.328774354261989
0.589714697581815
0.641775837522880
0.875833766043829
0.350893707842786
0.475837253147326
0.600988532725303
0.480491411865847
0.700212959966556
0.444509153513869
0.356910537529047
0.599442108301287
0.400146930048597
0.703838928406773
0.635352904620089
0.498119154533589
0.0225182332468276
0.368021424217044
0.436153526786692
0.706708240304908
0.569767959799296
0.457476520972581
0.441001657902191
0.504447276216482
0.732275582344947
0.753398315548506
0.531879657743143
0.580488490623377
0.620196016924752
0.222119173640034
0.559236996839748
0.268431509767319
0.499374522337165
0.517202745107722
0.218521166904014
0.294178106996441
0.752154441519550
0.543158253427816
0.476797923842609
0.475617022405656
0.369294330359063
0.368118350500430
0.470129535077412
0.463844977224065
0.652094981441092
0.524635463565732
0.516052226624107
0.355295573609001
0.717483609804993
0.600265060254286
0.681419001066437
0.592541264001055
0.859444088000857
0.845785907871494
0.424820979331568
0.579251340197276
0.624371493930880
0.529099160900197
0.690869246637317
0.393591345990037
0.349999529930826
0.103454305042775
0.370338738744018
0.543165290194797
0.533965198365757
0.484359494250170
0.452836968478890
0.114806978666347
0.669412210134179
0.584967896030536
0.509587319060631
0.421828452001295
0.662641975409427
0.674568542606825
0.692446980933551
0.517013732933175
0.822158387727626
0.685269683194656
0.309499903725162
0.418584261511321
0.670772677967934
0.492697006351072
0.516645633703871
0.787084345639501
0.810206599405172
0.642389328271012
0.559078519513154
0.743831714824237
0.528030248682087
0.378716253656033
0.459561840792339
0.446525031382897
0.552652255477239
0.297077740602092
0.298849118170671
0.379197983042652
0.781058483520653
0.667011037243812
0.616161596498710
0.821142199508393
0.961007359092601
0.873572994489068
0.368437711852910
0.798266329788770
0.541715528039773
0.304665051745236
0.453376730759280
0.724742083658560
0.681174492293637
0.0957029372304595
0.585712663950394
0.662528524858880
0.422346681481451
0.293006611663800
0.431104584929382
0.332622506078309
0.523455535832892
0.497921730908027
0.482756994879768
0.717784290637585
0.498588546760869
0.440797059252531
0.271017167462533
0.409088426127397
0.419377397645636
0.235559798657863
0.612481719075316
0.153946589813451
0.573680459799146
0.493604591393174
0.424229090145410
0.590840763631376
0.457079891779621
0.333447021384259
0.543715470458686
0.378001092381490
0.715131543060743
0.596782360365244
0.689489764700566
0.641065533793282
0.664686877530322
0.582703047546037
0.616148689453389
0.606415809963272
0.457371860216580
0.542181245681036
0.707279615774736
0.280387837583316
0.529969926342853
0.503436755973439
0.732750164927792
0.581559926744844
0.856313795444315
0.563327029167638
0.684880970001678
0.517625557936010
0.547504699464262
0.386697865991984
0.583327278435322
0.806286322720981
0.543107669629278
0.521851268288702
0.657273741660866
0.323597564046535
0.713064339005958
0.118945583175650
0.534314915206562
0.601956990127370
0.555595391041596
0.521399475006031
0.457182538671009
0.569900516713946
0.741095670030201
0.603722013549752
0.780059083063966
0.329424797414806
0.534119580748188
0.338900707125171
0.547520236253149
0.606469672145895
0.366645257675630
0.648694550500529
0.489968538531508
0.727433735906782
0.451265647771995
0.289132534150465
0.409249235038296
0.313951667381331
0.785368233003143
0.198090182804614
0.342600186883712
0.181440171143806
0.407533228613549
0.176622447944684
0.586645492026677
0.536448478685221
0.422550372052229
0.395202858969293
0.321858147902821
0.477478154553029
0.155059578008987
0.570353079589440
0.521554340368321
0.451741436137487
0.632083977952342
0.684060477826556
0.430762424345824
0.535372995078897
0.508970837414136
0.466078551652941
0.683928632517234
0.854445040010163
0.580029064134742
0.387985425595611
0.349140866312978
0.561240405730367
0.460657321426565
0.433497565450086
0.549477042462300
0.387536827467986
0.601969250460839
0.281987929285880
0.246002370321293
0.442022072040418
0.308265273238353
0.729425826072001
0.688743314354345
0.488614300822619
0.380705031826306
0.502520954884124
0.496857815624971
0.624615873536247
0.492956048259614
0.787496953255126
0.739962416992623
0.786899493793421
0.468106972970133
0.443722099318996
0.717732455101382
0.404213253614509
0.355020488935239
0.537826046014279
0.733827200773558
0.491370586799890
0.407285452612364
0.309702485928630
0.762424833683871
0.570421806182236
0.481202808610009
0.596130215326073
0.656471756685468
0.462786755664282
0.608179293901905
0.400825081185416
0.798669327583079
0.616788337800895
0.379273965649237
0.507395105432770
0.582720045604099
0.758823894342974
0.541273934052268
0.580033142411303
0.602981249288985
0.751340872607852
0.370260515708747
0.492653651142932
0.453665133142062
0.608728682414528
0.720984095850314
0.526171073464261
0.664013581749575
0.459752531644631
0.549335424857925
0.485811559330084
0.726161185087918
0.600940903988351
0.677244498376572
0.338868053746718
0.438664470702602
0.643582548111673
0.407442499278300
0.246012490815957
0.504936232830832
0.767030930669260
0.430598454848194
0.557178626853486
0.473790756470611
0.229750339124484
0.529977116146400
0.676404304956076
0.429108156450923
0.267391663479120
0.423009901324218
0.594341028479416
0.461033706321061
0.593816070475535
0.184200162494128
0.619644690921385
0.486759422645846
0.244864902527335
0.492771997715776
0.618835350325583
0.749370546470404
0.859803507982992
0.857664679741871
0.725711928812748
0.701811105516389
0.661288507368423
0.551343332014766
0.497916820398554
0.352243630984644
0.591752121245419
0.700571947033740
0.436510766546923
0.684579248638585
0.300908811392167
0.481735444626596
0.433489558060644
0.370317901781613
0.581896587107223
0.455376225923235
0.799357026608813
0.529295795295656
0.629278117347635
0.183059261189532
0.571424537780768
0.559840662133052
0.664893875947881
0.591898790388619
0.711080860315048
0.731027794424137
0.369863476165661
0.394539728305823
0.655814213021672
0.288686598998535
0.486235188316292
0.448110833480314
0.627170161834171
0.333909924262454
0.656680770475054
0.651407361908460
0.542474643832724
0.426383456085775
0.301137334836531
0.579757401840730
0.224195520266649
0.290399278622225
0.354091314444765
0.510482650809420
0.599306494391868
0.695102448814423
0.529206563647623
0.271947009661032
0.454261437627123
0.586304481029048
0.653349799836620
0.443224117502530
0.528981140479283
0.671280073672472
0.567303551413529
0.544052430575087
0.461663119859325
0.495047526443653
0.657459066332842
0.466925537161634
0.515193121254903
0.477222752124045
0.602438002791372
0.556399523519902
0.590553208986661
0.526343983092132
0.489729238754551
0.521018454816905
0.296014094526681
0.494782569881071
0.818611009025720
0.650349019521640
0.624735275235790
0.642574502928502
0.638028085540305
0.686573261306188
0.644869152164320
0.842439771179605
0.339914445458461
0.488767325172614
0.526713740675883
0.428680560743062
0.251761409648903
0.830910083113208
0.623521375684401
0.367014852764150
0.366967495076151
0.613612212187965
0.482636211686087
0.307211121987299
0.494707219513380
0.363624710902536
0.660156644994369
0.759146046295232
0.128727638164152
0.589823004362305
0.601986877071391
0.426515084389533
0.686515514572364
0.445406881735114
0.229804454241947
0.324152183786110
0.659585160873354
0.616592517083116
0.651765905403049
0.578985484083640
0.675437212462275
0.247956412763642
0.492554886373651
0.424583560722856
0.522352627063521
0.713095107712028
0.439338991745227
0.568918158189840
0.228211750812561
0.371811918157029
0.680640039690789
0.395851569645234
0.678094526650083
0.464744587047803
0.598781506873952
0.277286830420328
0.627231387694561
0.529611153873334
0.775331221250344
0.443507394695685
0.480820674758839
0.341864657806683
0.809904228253167
0.503337074098660
0.315700476086138
0.619004713041022
0.532463326719857
0.460464183777744
0.636516504970500
0.681948991841754
0.426560570500167
0.543268800324672
0.504387697588053
0.373438911846025
0.569457530431884
0.767760460049450
0.336926299297493
0.728904718268554
0.549565920935156
0.501292678725906
0.369961281991019
0.423539934994538
0.509205087374061
0.542625724659592
0.471743840971518
0.646388990058539
0.713751292184974
0.627128544176339
0.492939394397755
0.570949779132844
0.586085320135407
0.352500676462139
0.528326808327827
0.452780888185086
0.560685271388252
0.775747533048205
0.501127057134686
0.244079516410035
0.758215152802602
0.753264087891214
0.473271336217224
0.429592100203053
0.653602385395652
0.534335673136892
0.554321928517380
0.604717004211678
0.323300114784506
0.706822444667501
0.774845637844206
0.327178145177698
0.688270065466420
0.737488202828683
0.176182301104755
0.539064171331390
0.589951050688176
0.484330755256076
0.589512804695940
0.641162341535355
0.559536417145434
0.582276160891652
0.438189853059806
0.684370483985007
0.501085494288248
0.582153628181559
0.680364051965250
0.434440807680527
0.490673990512611
0.551057961729250
0.507824325301644
0.321394727485334
0.632053446228622
0.242998522334374
0.502239487112432
0.252326682581583
0.834544194253025
0.538539115358210
0.737709995636195
0.483557011537429
0.715934125852104
0.427192628995459
0.737161740507548
0.724223799225616
0.489753022143611
0.579435741629961
0.556327550448329
0.724182655634573
0.406434924884066
0.118764663131408
0.712894953758726
0.417332600317357
0.422214813679787
0.586007026125883
0.450146458223878
0.675561063639629
0.715329060545935
0.778158382895758
0.486628179255494
0.661488376418327
0.373056762274083
0.579495429544827
0.610992412106204
0.317002587265242
0.541997630456822
0.719243819481172
0.431351543284543
0.417162218516685
0.684256378219458
0.528072266631203
0.369951724561906
0.415115174384218
0.593161980493036
0.554488398476824
0.444441999679051
0.578322483529363
0.618650743528368
0.439360352900097
0.495280845696417
0.474894399986435
0.650702071307791
0.358356864839269
0.730756374531768
0.443445322526162
0.529640881867076
0.651863133499787
0.601348951584855
0.368254155319261
0.609937373526378
0.353649041939137
0.778954848107629
0.717499990824481
0.535672440600365
0.602367621754589
0.837201148019662
0.350995972782441
0.635885950719140
0.676426744409161
0.650722244643634
0.393571011234047
0.501802612627236
0.190525610593653
0.459253834369756
0.357794284864192
0.510444637753253
0.558181773214074
0.656381226097291
0.498261437343189
0.542529024960080
0.754051993344426
0.728115550373418
0.547351912142659
0.729914382005724
0.276501220688440
0.665589509909579
0.463391296708159
0.414044919517760
0.673630053148378
0.469049143672803
0.378377407816749
0.232910335510066
0.793091261099971
0.602751270566659
0.698176886994490
0.769830047658874
0.602709164750226
0.745338648720066
0.428003296605094
0.716863489103083
0.748021353639935
0.448154554889525
0.303891537404871
0.643461757602920
0.316089971920737
0.624616153353908
0.509410221229136
0.590330936328071
0.380881812581427
0.542103222272909
0.583053849434807
0.189006460253001
0.518235442429135
0.717430972238714
0.342085071835504
0.507301987366583
0.593837990764185
0.445774847929624
0.785328091401885
0.608900459878799
0.402463051848864
0.551258009863859
0.711887386852751
0.552478359283024
0.635930688272897
0.724512550644303
0.685654649179509
0.355005940468015
0.392578986465036
0.370790909683293
0.234729529368854
0.163544894035441
0.567835422156102
0.572921198876991
0.746866934289968
0.626883352218956
0.448639570701620
0.528085716485729
0.428713534056012
0.626542674257844
0.344270141571267
0.632857608159028
0.666266632766095
0.632465961511517
0.464347454287225
0.562977488732025
0.517679728490526
0.318378596546928
0.677439939312904
0.605221327005492
0.433090077163459
0.819461731577037
0.389455624344282
0.448099662457163
0.494845202096165
0.418024463654446
0.395943057749390
0.613862537777841
0.387555402028291
0.538536382371863
0.446405951890625
0.515261807110424
0.753536390299968
0.407353472382878
0.0619096099539593
0.734880035920423
0.602643014641913
0.535651811199385
0.538433151155768
0.332794677286418
0.938573944279035
0.473547312703772
0.579527125657936
0.487670549234433
0.154138149281261
0.547529294449926
0.533370372039786
0.423161635726128
0.266599766482967
0.685581177071833
0.271123620093104
0.455352448835720
0.651772600920469
0.826085741715262
0.563831950609077
0.648946467815191
0.624116143565670
0.590220781915200
0.595995097862549
0.769431558041471
0.543525943155340
0.489721926493128
0.598498135886533
0.506509957371861
0.356475613834326
0.505984392176231
0.548455915049319
0.488386957466454
0.489654063373726
0.635446749570934
0.538543196429258
0.526078157094977
0.319755567566110
0.425163064831068
0.509280012196364
0.584777866390638
0.615702517232068
0.901240364216912
0.761405236447331
0.323143079836131
0.790175949829540
0.376693828360900
0.821610251869774
0.568058566515449
0.419904413100512
0.300379489149283
0.448144598008249
0.668426963919357
0.307533668142916
0.471669309437550
0.355848716853900
0.373745760573525
0.290531966637917
0.612271931505819
0.317608567797756
0.576067497754974
0.383493104112615
0.590395058132171
0.529304546766434
0.441101608965330
0.678567980258442
0.671236112900245
0.768660660929883
0.0293743469411482
0.585787310094194
0.151918499009642
0.335798174733151
0.336114070111839
0.476927239993257
0.419593994181424
0.468165676535665
0.424559563066630
0.485112139299392
0.498780091099603
0.585657510173005
0.653973212631966
0.434350819583581
0.687033943067168
0.630168797151215
0.675851605529038
0.388526407797826
0.294620358862607
0.573448916529208
0.612141553533751
0.340126099110417
0.326475705234402
0.568391305458218
0.667669164008256
0.669026027576424
0.320487102549347
0.625798811840410
0.732363862493649
0.511119000062432
0.300831240136508
0.420430140506357
0.626075372265256
0.258268185718219
0.500166679744291
0.545538890296297
0.790628584267187
0.403604358154016
0.343929752026917
0.588220824729910
0.337473029418224
0.857934701228014
0.423932836316636
0.571830106324583
0.670259822657581
0.678257676896655
0.525533866231466
0.640095464884329
0.743018484797357
0.729782238217166
0.406473229947947
0.548227272253880
0.652456778834299
0.395595837378170
0.633269202012275
0.520265205327364
0.562551887302571
0.429860391926771
0.315960203537626
0.447288390893101
0.745041060650569
0.518292937328753
0.434102475704731
0.641221225723551
0.645903421903512
0.214618544356610
0.712433699685056
0.659742446671234
0.458768785749273
0.597891095293488
0.446460946282121
0.758806578113006
0.439927957441332
0.380497975806205
0.632433472756024
0.520881642187555
0.591255827053012
0.813339909518362
0.453907721539415
0.307241439931871
0.656051880956902
0.476213101479582
0.563286710109323
0.389199145378740
0.307759065713461
0.370805981536691
0.676320086770529
0.448554483682706
0.483816721284061
0.590120755971996
0.670655192015309
0.642886534623308
0.479841224640030
0.392986250888607
0.588338742261319
0.115475210673780
0.440355374992278
0.585043561674550
0.566077960452164
0.459255442177528
0.880508383052108
0.349308055367837
0.627975831395844
0.372735061438849
0.504182777473886
0.679605603775810
0.473939247815036
0.307023274892051
0.552110719204135
0.436198398554032
0.355880602591973
0.611291639172952
0.524309550865738
0.388834754142458
0.331306629333435
0.399593725526115
0.357825859481774
0.458605793464348
0.785591672564954
0.542370025442343
0.423608766611254
0.505222648910335
0.597909707484785
0.548476739142452
0.572923295053765
0.699983947662599
0.482514546723473
0.634275717348250
0.372786821495829
0.285296184936928
0.465439362766570
0.670541446056825
0.481225559959770
0.826571602258664
0.571410546420754
0.464813311636195
0.756577166666896
0.727542262731584
0.691453814621347
0.428051753495286
0.441553482230529
0.649942468938001
0.612070895566517
0.526889894791847
0.815587308572191
0.520501166804928
0.918499384908804
0.526135011697628
0.531161664919412
0.644161784621171
0.485527082892746
0.511523005945499
0.356461135349651
0.638985520183861
0.555393330982710
0.589233502346043
0.659680599562531
0.409763268771947
0.696324077032401
0.733156410717664
0.444528720507822
0.623261613079493
0.465328276004293
0.435613519189963
0.381357481569933
0.595740390564564
0.543827858404961
0.677679307752179
0.433107607494085
0.384933531451867
0.502811958382660
0.520303074148325
0.652728666537254
0.354855654612559
0.275810240604201
0.580457500973513
0.235162654106193
0.358861889289470
0.609019983746408
0.535935883610219
0.546467962515062
0.665521738352333
0.657284604042099
0.530542368062053
0.437459128367506
0.346553401540929
0.717649529776729
0.821238999876015
0.774296518128243
0.584847311741464
0.321591225664627
0.305351646424112
0.388678700524208
0.241007716209591
0.622826259282836
0.364427946659740
0.583934073476691
0.655205506819926
0.555795422993268
0.481170727776645
0.673144223744050
0.450305007231880
0.456686005401197
0.652600489555918
0.531272165893144
0.430075520441957
0.626363625561706
0.376791432137951
0.749096812171075
0.410693856000008
0.314739108686687
0.304237636168520
0.644559540568512
0.670834952142717
0.630148242236355
0.638857224938312
0.803042310703792
0.516689808433845
0.653675520403303
0.499389126641945
0.775911061854125
0.0716915392633908
0.850398880742049
0.557356486596112
0.468305159658899
0.552338474807880
0.448029654896960
0.374320543786300
0.596268981456880
0.604458350616033
0.656590606636424
0.469213380563788
0.424782617186246
0.467685305601352
0.460699028643622
0.756020174747662
0.637775985389226
0.442808260045726
0.571758949255505
0.642766426153879
0.688446413679596
0.730677478519690
0.567536129225268
0.298330964830807
0.408495744402425
0.704489293472917
0.496058653804157
0.594543836207900
0.651807234608860
0.423707413968122
0.551125212622181
0.414508727807877
0.148571937653049
0.643075907813498
0.216209949306717
0.487563980181143
0.425987793049226
0.401045651727305
0.594999296677947
0.742656227037967
0.148492645336673
0.633042844497718
0.660572171463243
0.735988209937010
0.831394733666816
0.346708069257959
0.537221744221059
0.673375559257285
0.584388519808215
0.790758772904805
0.780331599703744
0.813399482141819
0.296919792327891
0.505324857667512
0.457324903613573
0.357326848278396
0.357710343930924
0.664083693315622
0.539487154335599
0.776626350995538
0.877592472971699
0.494328162789853
0.478611402673976
0.413101563896446
0.508678022781086
0.432566988407716
0.513815919715430
0.503493044841890
0.429416419715771
0.357083480974411
0.498058866314845
0.532491880570874
0.458837808879001
0.604671049933280
0.507519898291794
0.504584671361657
0.656924147272396
0.669595011623300
0.635821865935647
0.654887036914023
0.530308273097506
0.551423358275710
0.581793512248664
0.328439490565886
0.422616698316462
0.575634558121813
0.450340202294411
0.643242597116116
0.433044636399492
0.256497166407148
0.446581638911003
0.551889688124908
0.818573219240248
0.606618863133231
0.619558844331822
0.552940550804615
0.542849294461750
0.709176624346499
0.487562018684644
0.513411801953455
0.403245967590556
0.638371879264035
0.548082207110239
0.472887982174008
0.611892762283013
0.338149614819461
0.146185285792622
0.568177389604492
0.593680188855962
0.561255430193922
0.738015060493420
0.583966954342194
0.539798889032479
0.429416249498920
0.275537652392862
0.626115521208675
0.377637415043428
0.439205927448503
0.429322211708782
0.548240972228963
0.545952224896345
0.654273354858645
0.704633175216237
0.653966551411386
0.819340184507465
0.387507924856490
0.759549608614081
0.266203652556865
0.420114029166070
0.162112999390346
0.598986787541329
0.733233287828883
0.558237877670660
0.371983265892207
0.530737702543798
0.556381245711374
0.392070617447357
0.458782314901475
0.618711282514570
0.550535722969181
0.363135207420571
0.482378612047227
0.488966316688247
0.559956124001472
0.208674677129904
0.560289576684514
0.761406670742753
0.336180284069917
0.626209762501091
0.821762046627253
0.572854795109286
0.620381425587269
0.449356747597971
0.513786874367280
0.270780638172021
0.484414998498284
0.474691021768596
0.442509354601851
0.670270036209481
0.510448821474126
0.664470941295864
0.655380880735946
0.440387591805064
0.298063788222644
0.280935449690818
0.584595930615919
0.500072370990947
0.733890098943594
0.497298016912967
0.371065685824925
0.545454217237535
0.767313225917294
0.594435793242581
0.488193179920389
0.429112064605803
0.689601511357661
0.777720932458286
0.481000925207810
0.296843476005914
0.388166477119954
0.559560914215983
0.390687783574634
0.444269347237913
0.514823420320535
0.468519083962578
0.456159195524036
0.514137024748419
0.417724087180308
0.231991956652811
0.593373697342604
0.374147493644570
0.662237545497140
0.493801227697327
0.460164020038387
0.632844588784347
0.633008236075833
0.383604337720562
0.344890469120375
0.383654392134090
0.580417472017076
0.685684247568824
0.533750122464256
0.378560840039819
0.617917574042205
0.735279346361048
0.408756961107693
0.705627204720963
0.405186241890310
0.682363032992949
0.697299731170363
0.538944812103535
0.520970976075866
0.720321127761161
0.294180747942536
0.533505384159445
0.577705606073862
0.626880036536942
0.414719576415726
0.216323882783046
0.360839306474299
0.644536940387907
0.820078876804697
0.485002307785053
0.906826547406880
0.459732897941509
0.359548895322176
0.484171109963697
0.554364876034661
0.583068148508838
0.546084843468012
0.454771004891389
0.374483547617696
0.370116746413984
0.359399707024030
0.615865011072231
0.516078273324855
0.341472923149567
0.611839474907657
0.387222126405193
0.662800632014609
0.535262856696299
0.548768739541058
0.403028369993115
0.652392715567185
0.540162067069406
0.557685271546820
0.499179232199972
0.621070617458287
0.303609211342123
0.567196552946325
0.699168168266847
0.509769092364416
0.590890332862270
0.449678196643580
0.572269044369243
0.438513817080552
0.660512080842201
0.658641682988186
0.791037819014806
0.508010765951839
0.512946830129418
0.569189913840728
0.686154885558195
0.239943148383411
0.391491615273363
0.775727907319597
0.781750636158384
0.511414938962285
0.666864199179326
0.757585665749341
0.599470889509428
0.479082847533574
0.492643566192721
0.505834331274615
0.602037575502435
0.516158959881420
0.789744323969899
0.471763450441427
0.465147451129572
0.725329991632862
0.547587960310959
0.634435925385868
0.350555514404468
0.511513396940760
0.305397136925351
0.595451403071531
0.613084268060451
0.746894780307931
0.594060497143978
0.607050879015664
0.693479743626499
0.517268340407164
0.513573447163489
0.664172127282339
0.675046857577258
0.393315282587657
0.226797110593533
0.283531960113579
0.363586804887003
0.382059266598152
0.579774428491541
0.236152692563801
0.519003020289725
0.601947930799821
0.342696974321257
0.417809553715982
0.443192265257158
0.382875905824302
0.458569797817197
0.661371484387319
0.447961969624716
0.647687847838683
0.550473553470606
0.551230189517269
0.625501332682185
0.646652155860434
0.729668959835226
0.360260623688275
0.657497539913918
0.392728218921200
0.234898665499936
0.352441264589568
0.357098762239649
0.353128793619494
0.765063721127752
0.435870686952583
0.774500223653027
0.584856601332280
0.706786717888728
0.476912428594266
0.417879306775174
0.391519461406837
0.547672435579448
0.427240572215350
0.450724078692873
0.194937260490936
0.564241349751258
0.805539276830203
0.690882122422389
0.156085020302277
0.583146795241995
0.473681636998020
0.342110214862467
0.545775424116250
0.496938968504118
0.536490504862277
0.717267894594326
0.367976023366839
0.504194298988223
0.286511170990720
0.482651147143270
0.621632809302593
0.325829804341553
0.597096280239076
0.446509015495689
0.568684718170671
0.369611445487781
0.504867106392805
0.182718778301849
0.414219726135311
0.431358049322615
0.534258731724179
0.406925332155681
0.468152833856226
0.633720640445676
0.495819405755695
0.282076403807016
0.486316780493893
0.519844957096013
0.675380101879141
0.449754162781220
0.673265610795926
0.555568530904697
0.280165627306309
0.429604136966805
0.564887688538190
0.521897930313662
0.397962301080457
0.419295381054486
0.650071872782898
0.576280686257738
0.364407367942094
0.618754734030911
0.490958318559876
0.515106307695272
0.614722105016868
0.490839121399700
0.190227705539514
0.305277107849285
0.565674536536570
0.508666422209257
0.755059941840547
0.325621977327403
0.480352053633023
0.547809802756414
0.340175760641101
0.732914473777907
0.582837212742908
0.733780362724273
0.581712336635101
0.189567237282736
0.455421294729379
0.340333116380788
0.581263065085733
0.288692208805710
0.600022102256492
0.521000809977500
0.450600651936424
0.536191404581079
0.614607320882416
0.668465257288016
0.455128175398987
0.453148179717876
0.467674094780812
0.596717280930128
0.698532982036458
0.640622426384662
0.709262403768142
0.705828983262557
0.382896678050735
0.691132363448224
0.800186814883607
0.644894823266884
0.708642617880657
0.297002346260596
0.588460367355475
0.458739039963400
0.585769701263138
0.712251919511015
0.479620047879495
0.643125748042619
0.380007024852300
0.537516790312130
0.580436576546936
0.617738442477409
0.450978278706499
0.431361604175329
0.743910132333855
0.575353126074356
0.324028948521318
0.580535963936759
0.394225240217339
0.648383820005841
0.700952599270616
0.462825084608430
0.358304542077364
0.642481600591444
0.456354774250076
0.425909454429948
0.398755971285510
0.298886565118623
0.550134920299231
0.491886198506753
0.634842716311227
0.524809011761265
0.484184354146644
0.289591003079652
0.406181361536561
0.546974844351111
0.494628822018888
0.729771822963233
0.282814784927624
0.507683881231886
0.544596556231891
0.357333001411303
0.545826160925150
0.695964359061940
0.397608254473519
0.372079620614509
0.289551644651445
0.594486358287805
0.206027078906871
0.444112472908792
0.829523446478804
0.642063454223962
0.421628853368309
0.603546687579748
0.360039836962629
0.581406701991505
0.695721526310755
0.728743680786321
0.469105527382489
0.524467874782269
0.602414901966687
0.613295901341250
0.514517418748417
0.475752292694958
0.439144978778631
0.306986822134834
0.508123845561268
0.378524909928292
0.489846575831025
0.748584521817634
0.534238874128981
0.742064843644050
0.322864808686072
0.904066001352136
0.327032058984466
0.453960484872475
0.652810718053054
0.570231560330832
0.516487380321145
0.447287714680798
0.356692026105850
0.445881410596925
0.379099846087506
0.455695220240377
0.338661842164993
0.679509633460318
0.824198629295571
0.408616204779812
0.614177723577837
0.255598355124030
0.575866854132437
0.598028351067933
0.252210994158342
0.111751040759269
0.363261476953371
0.699469366522503
0.437182177717493
0.542198100632224
0.538492743159706
0.556335640161279
0.462589835509893
0.495738265259173
0.496110738106948
0.859461543475751
0.284781134339158
0.488955663825338
0.656000718367273
0.566924909624739
0.452380722466656
0.730518377548880
0.323984073193407
0.456535139729714
0.717942699173909
0.592940730465646
0.604595799775733
0.519635520141400
0.362415681849860
0.786160921180783
0.714491611605551
0.505286809375826
0.681292217891173
0.459192350669162
0.477146530236616
0.657913786055122
0.329620668350283
0.787457477370629
0.0761605441534194
0.446056034475348
0.271439657345004
0.507380591400373
0.655204865596395
0.741455001529606
0.542810182328258
0.663029817666620
0.554374567652591
0.635215209920893
0.164435265314207
0.520744962489693
0.424907458216353
0.451653127213737
0.814101427976729
0.403549394556819
0.537810553440754
0.412424327005651
0.556169398909464
0.956518282898943
0.355742727197394
0.791976071324266
0.349797105073274
0.390893094631686
0.588339142244644
0.353023418827227
0.312400470147685
0.593701824250954
0.231132499562324
0.864177602655015
0.545192048075180
0.479701165065848
0.614474677968655
0.781020166397740
0.483160785459847
0.608289834098607
0.570098813849812
0.647496972243803
0.565981583153184
0.480664487860006
0.691415628570760
0.412522355984719
0.659075026795572
0.938580188253104
0.439628184653020
0.616127622635089
0.596006645481564
0.496305525764410
0.529138039786317
0.783490177473086
0.789615611690446
0.626575274315549
0.484141098670729
0.257537503324660
0.562422229523642
0.555185942545105
0.471966254155265
0.712599824267867
0.579234692585725
0.579023587030246
0.446211914158717
0.305320605060649
0.445292545195867
0.417139033235672
0.468063120043797
0.689982941036916
0.375147964719118
0.373542382496878
0.533194224003186
0.570595205624805
0.375806357542737
0.583738297246568
0.687006871053353
0.651164552261426
0.431780456918140
0.454641847705689
0.389116325037781
0.509246238661492
0.459856082190862
0.438937243328211
0.760900914646975
0.490227175713067
0.481993827856857
0.566387532992762
0.298296316300181
0.401605611319328
0.622212768166688
0.559322467311292
0.398843764032285
0.686709004374138
0.499851416919888
0.547319530266761
0.540740270100355
0.390235114790101
0.312781127816745
0.515776113043980
0.238511174107531
0.504316044749200
0.552481227313368
0.585118990102973
0.246329776672727
0.615909226678390
0.380772091131101
0.566602599378584
0.572522207335228
0.645999900188138
0.282792971591313
0.694158371615552
0.483979782263611
0.490197552452713
0.459310941503487
0.551505406730424
0.446066977972299
0.476517935596235
0.469391877944586
0.581576709799992
0.595921270586599
0.897860230062737
0.776768517286473
0.469938608793512
0.394777399275996
0.747538636771268
0.443015119988667
0.549721132534250
0.747278841054407
0.321073943406564
0.428488470728752
0.501170085443855
0.560346558495804
0.728500515499675
0.408592078360380
0.814271275226977
0.503919139175441
0.652516789778915
0.539670822025180
0.461836556013193
0.502973377244908
0.619568144442321
0.744118795204401
0.720440209372325
0.357797178102803
0.346746417548399
0.723288327960136
0.591104472212745
0.257887335504631
0.531654585020597
0.724133175087853
0.484568314047581
0.444543232608004
0.416782070595159
0.399241280113496
0.482355094708460
0.567167724611343
0.433591903049544
0.578378868466922
0.663305686022102
0.333705031044215
0.624839709943843
0.589214061857999
0.519911731218747
0.762249969915445
0.327041211053435
0.568903824647863
0.416542222276983
0.242387445776029
0.561196814431107
0.685882151063170
0.552099457963984
0.684400150018694
0.401449219308705
0.577892566504667
0.383644306658797
0.443401483226764
0.205689997817135
0.612116253753364
0.787930781518156
0.634301940410142
0.638100829397986
0.546274299672767
0.439975198353411
0.422219881324006
0.441930411054993
0.806615968914534
0.415077892028030
0.544403997852760
0.401479905569148
0.503942859175581
0.363086937593628
0.480419806779793
0.657216323469004
0.668005466345160
0.732304410774387
0.545601919293408
0.670944297795600
0.615235909581209
0.262978785904185
0.365648293447481
0.416425700499233
0.423123212946745
0.381362493054426
0.417299762163539
0.436913471470796
0.787191277311010
0.468389761644683
0.446923812095609
0.492133350563962
0.449126910014035
0.638390724113720
0.473870252649309
0.350572438707943
0.576228731338658
0.472107151124653
0.475198658030607
0.298274669394708
0.702859351576239
0.513344766482300
0.308506578401569
0.733331806370469
0.439805915825155
0.574882383027561
0.594819855528678
0.398728152482423
0.800885510906053
0.596204769611516
0.545964536579795
0.704168848517369
0.552158798222891
0.214914750382321
0.523049741722645
0.665238462933119
0.628038786945839
0.558193465559485
0.162925491573483
0.619742609674483
0.510015333673578
0.593867231015634
0.636360908855152
0.663402282787310
0.235320942128263
0.649874463027565
0.556229829107932
0.306891542558551
0.425539612833653
0.356895753133728
0.555091529553814
0.545839525891380
0.298783099865613
0.878018005295121
0.425282328700099
0.454981242662686
0.448420326716035
0.260980816852635
0.540714410511363
0.427679500408003
0.493853450379078
0.781164558117225
0.747234379030038
0.347778272686944
0.566025937869324
0.473832049108441
0.620215861245050
0.539012704262056
0.430001995877686
0.527111496527888
0.694914654975403
0.622579381714400
0.398218881403950
0.373168483458833
0.478317705020998
0.699375403391734
0.604703371835908
0.583218101542061
0.362470683147846
0.310296365354547
0.709495127658293
0.498537227035438
0.524996542333652
0.514298266854293
0.535935216392682
0.435291322156103
0.415530352013732
0.728511640358271
0.736829843675413
0.570733274969433
0.476151989188996
0.568695884620943
0.597652010014448
0.724226889115016
0.318447635923424
0.545066298321381
0.501726655206401
0.576216875319669
0.552880077010561
0.412582218971622
0.334176538194077
0.168831411785493
0.286662170318611
0.458112644743870
0.649695821094641
0.463636690730753
0.577202953406733
0.903026417799141
0.588968874939481
0.545366559381378
0.415874956401014
0.629863780313881
0.719591257533181
0.697651186099877
0.568080334618832
0.591807603908440
0.742925357373168
0.503603048115678
0.443502086117365
0.582260944999965
0.446067761364870
0.578209372295807
0.270009818271478
0.915985970415509
0.402439941499672
0.572238267885679
0.468794454491162
0.619492412279830
0.232573883237986
0.296319206837344
0.755551284020056
0.318873979926428
0.462318004976722
0.540041284618546
0.423094106389776
0.546592428683028
0.650426218133339
0.538360237064398
0.761118309904693
0.366439089746928
0.497076428734151
0.439157764478185
0.568498571583776
0.250815089302548
0.292465825352416
0.458212537451275
0.328789225974690
0.381216065605345
0.478601478385330
0.256959466129619
0.615609765883144
0.586183743998715
0.383668537344468
0.290538169214668
0.493030630032485
0.515372009849370
0.400196229812714
0.704592517406109
0.568434201219424
0.219618215559489
0.728417248915887
0.511399889882931
0.285165650535664
0.335669551523527
0.960980785756336
0.702258721406372
0.575422986832017
0.230013311241136
0.458056318769668
0.515651685299275
0.329360740269588
0.557671303989105
0.459508848420685
0.510434751499272
0.560394503099861
0.305501500200017
0.284247049471824
0.448554346051008
0.538297241981333
0.554066319151984
0.420568296289650
0.740674562143254
0.675629531342067
0.508092664831164
0.852999637421435
0.560563127208526
0.416978546983816
0.666725368068280
0.510742345312258
0.424730874268966
0.793201007981452
0.363389970357059
0.534718867221613
0.824970368033695
0.589100946855870
0.575205209814705
0.517953161065782
0.560369398544543
0.739315442755255
0.480681099430586
0.414086935878989
0.499769821601981
0.436042121225544
0.508100534282125
0.580461026308254
0.543353525938339
0.484451687662828
0.707470475790119
0.448282338858370
0.490363191917780
0.536734727677591
0.290122355116108
0.415421676080821
0.345631277995704
0.329148809756243
0.720643904263401
0.244623519596622
0.683860797320743
0.532650485850494
0.341833212115530
0.526083086727477
0.569038672399645
0.321234265167886
0.841182539891910
0.591076328542556
0.514614739083152
0.700425242289338
0.430952167581386
0.674563777781732
0.460846665837536
0.772678741673253
0.421839523856676
0.795952085202747
0.534039928763080
0.555133426379396
0.908942736801805
0.645293018217359
0.454248067725510
0.284960023611261
0.264428366782527
0.668079567781619
0.495200851961885
0.483930377431738
0.538846686753677
0.722196682444371
0.492733933485555
0.571034702732410
0.325539251661137
0.463851461822919
0.364895536967190
0.422222697897235
0.481808984750794
0.434503978392008
0.407199282810167
0.583025000329683
0.660596985946287
0.403391904055985
0.725669141822922
0.632696537386056
0.544037221000465
0.820519966611418
0.555253391669550
0.408308763189304
0.696236241510340
0.699183598843404
0.454028490449133
0.459988050549909
0.684483261160611
0.526898098615836
0.276611928868023
0.648933165155332
0.501020925542268
0.439004630555667
0.462793558872377
0.476857289118968
0.657888077150930
0.255004205180365
0.623635107972690
0.706900757469146
0.441699822722556
0.592694157160960
0.415687063350187
0.578178723455144
0.305808344730325
0.813706268176556
0.573294596702893
0.483747657956380
0.238544715345956
0.696100132040410
0.570693017621688
0.689554242218370
0.531615653993549
0.155881344800472
0.747020682410832
0.494652928668807
0.626311766351086
0.369116106280767
0.669406874023020
0.737683999395300
0.648893540693448
0.638297338345165
0.492443396515628
0.612297775006791
0.555481951008257
0.563141733128494
0.467647763521560
0.613346035513699
0.375466667823481
0.0772252035283891
0.554113972264133
0.548000498134968
0.549708671293703
0.609011622970881
0.756029719862807
0.776562809802660
0.731827850615902
0.570920500570746
0.754606799522563
0.344417176903966
0.465904586661152
0.251308604433684
0.544815101356349
0.628619464387575
0.387954304994542
0.500851815368130
0.328600210740687
0.449566051872084
0.650034671879909
0.544262470429825
0.644314182168198
0.585186111699037
0.723032734437078
0.288667590103418
0.384702231204628
0.496903224080441
0.629844429262308
0.722870448183738
0.227260619456453
0.359833689086737
0.499993574271439
0.642026229864479
0.539359232053426
0.636988786947953
0.381064539986659
0.599475081850549
0.576828789429621
0.148052662592162
0.630052309628703
0.895626866121058
0.353032542083876
0.474219500954577
0.393680047672104
0.617959848412019
0.385959803284511
0.870947311840481
0.200412332860426
0.257022377131569
0.663172563856359
0.697640517244154
0.555795186081604
0.636806768923438
0.537434745539279
0.563608318523092
0.393485359075505
0.531157006202044
0.275158538812871
0.282548943104981
0.463516501136606
0.581857464106141
0.722054040043832
0.599763871128900
0.604924290453325
0.609548241911978
0.660661211623441
0.594287060219560
0.537599616751644
0.462033881228953
0.763751373672131
0.423012540762321
0.534188879723735
0.630096605256100
0.426780399882710
0.688075713192775
0.544730621206598
0.738190439633029
0.470089324765422
0.765142828273001
0.756281352649651
0.564326243080691
0.331786783479275
0.476830805343622
0.437092747863850
0.432508177182894
0.412938435827139
0.0718777165118550
0.722914535732641
0.511616668022177
0.560624194098316
0.455039326139770
0.911226864877942
0.859356676651913
0.809314994963737
0.596700318070844
0.623396275932964
0.463022461913272
0.538708359480851
0.435928900305726
0.619788016885725
0.648932740936874
0.312135477611614
0.410357112323930
0.400904169353988
0.579057942672060
0.622951554735910
0.680922376601163
0.207008108133533
0.399888762823161
0.517734889309504
0.481572877064185
0.465731333858450
0.292670548527082
0.640399995830922
0.491423660781708
0.600149409323601
0.549806228427115
0.275959478079121
0.451466038178846
0.811071916325396
0.760564347914952
0.481421910859876
0.576427683221289
0.554324393511775
0.678568576789106
0.796940115394070
0.306226255027251
0.718802841564596
0.554290370131358
0.395547186510798
0.410290385772423
0.614035702193839
0.567959945917861
0.563764803692272
0.817328651628302
0.561947602035970
0.330057770822885
0.379084723790594
0.332076685796695
0.365852923932087
0.598974403475202
0.585564280335643
0.479125327094368
0.376742735294322
0.486109950432815
0.660741693776061
0.490268022498070
0.637303979643046
0.445972350872222
0.585627814160368
0.716463335641980
0.404003763978383
0.522141414994413
0.341242898044385
0.356109649733855
0.292857994652989
0.310291261181701
0.580230355208102
0.494904894519591
0.585039029448283
0.695407689203620
0.641525749109811
0.835501470547470
0.650778563944669
0.765457377788896
0.629538133114436
0.426513588827109
0.620189722256259
0.608557419782651
0.646494285981434
0.633428641369561
0.456254354700085
0.533886060584033
0.646364065901831
0.558396317853303
0.790664051053469
0.382153231988864
0.735463030259802
0.635874336940105
0.441864938736563
0.580417956825408
0.515279859180250
0.353963906061802
0.549140907834440
0.819517991976285
0.507143894811874
0.565632762874501
0.339594835418579
0.398632284255316
0.376800371932809
0.251591158237170
0.435633882118764
0.414790024669121
0.473370493533106
0.357536058536289
0.964066764187769
0.535092843632158
0.485430234787610
0.424673800930981
0.475951371265392
0.489971083594605
0.754707007568761
0.528046069458871
0.572977024759274
0.129669975792518
0.564337603651547
0.648643134033217
0.592835509627104
0.540876183889578
0.675653007565305
0.805308234036575
0.454219311630662
0.659144732803368
0.441406870641407
0.192328385542634
0.324935209844122
0.460737990205200
0.450609770299154
0.204042905174234
0.376321188940831
0.507873266795379
0.643142237984299
0.603171640843714
0.618023500791925
0.514084556864250
0.747221447897673
0.880470235761817
0.761882859140801
0.514768206884274
0.733332695212087
0.484862792960151
0.570480345356064
0.553449714479624
0.688242145821774
0.441236708643106
0.595441974885019
0.570174219582535
0.592530692572708
0.452544598668722
0.461994127740355
0.392027648260671
0.330839107353979
0.442042895670161
0.471817123970275
0.543792600779065
0.890348034924724
0.233016818724510
0.615741891459949
0.733547275485311
0.701901470266772
0.346166532859844
0.792938333198613
0.506654586935617
0.709203970604557
0.701274019357671
0.471952848586039
0.581957189489780
0.700987293162265
0.213685195011848
0.307652728195487
0.480883854667468
0.367840560983435
0.246083631568402
0.651154257362219
0.460100662977616
0.670717224646588
0.383400525174311
0.600939887327406
0.709083393173934
0.638313402416540
0.414529429838621
0.473536808867181
0.475292454398601
0.433145968457676
0.464415459752482
0.318079995626811
0.510854645671222
0.512075166025555
0.235041361022595
0.584421325427030
0.287063935407357
0.380693212311100
0.604667084539075
0.551181170041659
0.141376722488831
0.442738203603721
0.480841655348291
0.366019836595576
0.305159340019258
0.514462029491038
0.478284240062997
0.674920761601830
0.544487996478084
0.670740537266475
0.514319977833338
0.188741273119384
0.131479023275290
0.378850152859555
0.476442923337607
0.619710372304023
0.374545721046292
0.438453147122532
0.587684742449634
0.442335727596448
0.457799287269363
0.371954248541663
0.485355744601436
0.725221533494437
0.718593889018114
0.487770505714087
0.600654282574207
0.425828810221457
0.784762509823540
0.579297083292818
0.402540150523674
0.338508918114250
0.555635737360873
0.436386914016559
0.301378319310273
0.373919520662016
0.273068678103892
0.603009484593919
0.650893743596872
0.664886145864744
0.432012261933726
0.725363639227007
0.572490268094443
0.190292271762530
0.467272994281716
0.542970938682840
0.580562861680789
0.508956329036133
0.667020927487026
0.364886070809543
0.832041991184915
0.680546224113652
0.465606978307233
0.575844003205578
0.449804334046469
0.320277004093511
0.538220834672340
0.675362514219525
0.641703045272692
0.781345464743175
0.462810376385706
0.486199124581709
0.368655341716913
0.462877682278140
0.550831151332180
0.549498619849112
0.375184165460970
0.344530575096167
0.489766451188596
0.679074581593853
0.390172927254051
0.530120221386149
0.351638527582681
0.701043683834426
0.643079101708905
0.555043920662490
0.486130486768881
0.525962808477405
0.717896310180266
0.733447875709603
0.529184518178189
0.541233219698688
0.737777024292833
0.560694817222278
0.647770568125730
0.594622724984579
0.517955849921385
0.409405343699334
0.570308038769614
0.389739388192826
0.397323939813353
0.699178558065339
0.351138339903283
0.587953115464701
0.505239236535452
0.574364747777411
0.628740403069798
0.449591859345561
0.262570515219771
0.681636684261700
0.477836025702542
0.594599192493789
0.725210244668811
0.436277362332315
0.952329611780220
0.680915640415433
0.656013217821512
0.592594054569231
0.546896168341053
0.484956282125854
0.673528852510644
0.567386399446789
0.650833401039641
0.874549565125380
0.654348764622427
0.692938054579526
0.524195447540305
0.707698816118028
0.462938773489704
0.401648944238193
0.527610399884698
0.239961852006214
0.676743937128651
0.431633376735651
0.601538533895533
0.657381731944294
0.603427954029919
0.590125082933218
0.418454663309469
0.520986885840980
0.766482044802342
0.420342870002346
0.403717150050840
0.435515425950135
0.647787344907407
0.461894345549777
0.570503824251061
0.389596548278526
0.318568325674481
0.452094408763710
0.415171614464360
0.737291179026497
0.767056486633730
0.241421796242317
0.566708777252433
0.264001266626238
0.500317785571026
0.538242521624574
0.684691219859021
0.579439714153221
0.427283356056922
0.733122065907577
0.643411853554363
0.554376600907067
0.726440818599724
0.477328460658554
0.464598046680593
0.576911540573240
0.318015924848370
0.480384392403263
0.391555830662116
0.666688828832113
0.622040765616788
0.600315452594846
0.741906692666200
0.672772779268601
0.548881316448598
0.194909721976700
0.325431198070784
0.535576215421404
0.788531934131891
0.686438222332490
0.764763414026100
0.828516763878947
0.479162766497942
0.457351336603924
0.651681806708864
0.405393545836580
0.799427000366741
0.759128486927775
0.476356224008962
0.467646829198091
0.608189370122613
0.618971386543537
0.660945326419654
0.566718182689138
0.327704910967907
0.553130012973128
0.262777719965201
0.638550129700424
0.593880289705463
0.569045762265765
0.413174262192686
0.617647307945932
0.622624140152467
0.467353076745085
0.243285131528012
0.686796644114884
0.644942511474761
0.533579778129363
0.614577939261641
0.655921389416108
0.461575396027668
0.741606275110448
0.559941516956938
0.442657902075537
0.432872088402271
0.720563795711934
0.476510146699788
0.368390188976919
0.779488137331894
0.590157074244010
0.853507493653742
0.395251820920080
0.677455298077709
0.527393711290837
0.565558477221353
0.265776497466464
0.555085292970390
0.582947741006656
0.529071617108570
0.287280064713317
0.535734387414319
0.278480870756291
0.686807042551138
0.567120590258711
0.607454208234929
0.588642396071071
0.578787512104036
0.790676642118596
0.385407020811119
0.520009756432328
0.686014350216293
0.528627996182492
0.640936633049665
0.387157497069278
0.607720709249265
0.742343046275555
0.376606339719012
0.501586228316078
0.260657012283943
0.412528092273634
0.596651183145516
0.705909604236332
0.467568995917571
0.230771390186101
0.733662239878737
0.518505921251932
0.738502725553785
0.460417628808229
0.607491619976226
0.202027179955942
0.534634295109378
0.462067047392091
0.463907482431787
0.789871563241106
0.635033434576100
0.462971804900518
0.582653577651768
0.496589262310790
0.559859936690211
0.800033267418482
0.575684713588471
0.368765281422643
0.683376253735889
0.623399658648407
0.337836292467638
0.375777449719516
0.446783577365354
0.499792721364145
0.540915210991491
0.436743760391241
0.676976015828701
0.656794399775207
0.436113145823829
0.575622032095929
0.331601632976975
0.598285636475879
0.468695895856682
0.598084784445775
0.446013794391645
0.602811015183413
0.487835190648756
0.487043134293254
0.402548522556638
0.622632472440746
0.671793104282348
0.754895421351976
0.535326874224446
0.394859994647838
0.570433654175895
0.397699353385507
0.494527858578837
0.693041774771907
0.501977376397536
0.754001838566935
0.479389686181847
0.610662473666054
0.564696328503828
0.331000160649813
0.495329603117493
0.752966593826635
0.281797073816741
0.483883224884466
0.420111142834207
0.413594404676856
0.472776170860045
0.752311914612150
0.530788810775246
0.662559366233755
0.469906727598144
0.513653461174661
0.786419489842408
0.356554900083842
0.300393420374416
0.614179445596722
0.760829570789626
0.337881897793965
0.590519533248703
0.365727263968088
0.608757049038505
0.579679482061279
0.263843899216721
0.659606580149187
0.868283565563018
0.505012523718639
0.467577670653171
0.271980150043295
0.412246247483857
0.561656427971832
0.569818047982803
0.425977187540624
0.591634306588813
0.287896311591616
0.771644024702240
0.323425876599291
0.462994796416660
0.590247215389773
0.531340229465741
0.541898009672203
0.481871250587049
0.644230445090957
0.440181884894328
0.589500498448182
0.750263327615954
0.461576628471685
0.668365804913399
0.654017450080238
0.350135203373220
0.373234262500008
0.496370554457097
0.605830610900032
0.593056037514315
0.602614974036200
0.165379062638365
0.353350308496538
0.641692834382537
0.685700462938598
0.633298094013906
0.776990035065434
0.747681261132285
0.411138365427351
0.533626853295406
0.654073468266901
0.538582907954845
0.576314150459653
0.552629455502420
0.625663705815171
0.292111325187974
0.526997176614232
0.414682541054619
0.464453123106229
0.550027602222368
0.631717312068475
0.495293806294139
0.532787772629532
0.353618958326916
0.406792466911460
0.444895802971316
0.510227566295630
0.419931953736446
0.431159545244757
0.721725246176478
0.563702363766446
0.769298300877181
0.576594891390251
0.425098177978304
0.332463419053889
0.547953250714207
0.507343202443723
0.607669478446648
0.639450982033640
0.490117782680068
0.556254735024375
0.401795189228613
0.775639141511884
0.534813878991043
0.437279638075363
0.414279674031265
0.789221549228739
0.606749311987211
0.614989499462570
0.592724906286141
0.649429241944537
0.561439919441864
0.531074501976822
0.711466520772536
0.487501523264362
0.421107251985252
0.439773959729645
0.733194785132010
0.612645322215350
0.693028909571663
0.481691057289115
0.582731644947763
0.240723192540793
0.748011763542543
0.517990951422585
0.537586558501727
0.642909814671511
0.463951958227741
0.579832080469393
0.459952556570990
0.453062072855071
0.588161532611910
0.503804424886822
0.332766871447344
0.417853558701688
0.824638991387664
0.610953131631514
0.593796549080406
0.459604925152703
0.210031671442348
0.557466867304907
0.250543661056164
0.431864400137413
0.393442648304971
0.509965356844168
0.644101736501827
0.580634302977820
0.454642431417238
0.444539266673811
0.309170557843674
0.382380343720045
0.621128042494517
0.320498282104587
0.745732526782890
0.502213471063896
0.310738179222433
0.558129864531993
0.679314693723932
0.468683752699177
0.649912090714974
0.615200823889826
0.565624119158060
0.480998406538918
0.487856229061526
0.501670660381421
0.499571193403618
0.408960968456591
0.528550381222708
0.257154463626684
0.555227020544649
0.272495115189465
0.706601667696880
0.697802281914083
0.464822588898468
0.830034643412682
0.792133600179072
0.878917620356672
0.373447651039478
0.105515212001079
0.423852109880053
0.468228982194833
0.416427252561500
0.637686172841403
0.412622115728103
0.509628215247910
0.429330441864716
0.468019665589410
0.731550159861209
0.182805102620077
0.356002913774378
0.485518207955718
0.684871060129451
0.405953781657548
0.765032873120059
0.820156331292190
0.480286247651900
0.862960473807675
0.348426986785122
0.640210283546878
0.560998663212414
0.577852322351432
0.525871650150283
0.409764377912397
0.364411101860179
0.583622891344711
0.662099536558433
0.598148194057551
0.518717575380199
0.776928049710460
0.565839938082405
0.413046589141180
0.604301285613838
0.457239131596886
0.634257622631997
0.956186107855631
0.434227791918302
0.761024415958006
0.609833922833276
0.325958487305641
0.422713645943731
0.764334633516517
0.521917711947870
0.714414344846486
0.649601944607178
0.204944084033521
0.645179064663162
0.605157175515941
0.703224224798543
0.561455901397707
0.579881243219547
0.339740243828515
0.406182823140996
0.250611358164949
0.508092288391499
0.459813874937227
0.442376907220621
0.528428313505955
0.388239308329273
0.763295503690072
0.771224028026386
0.565832809223543
0.0543305575988445
0.731596488634034
0.603885802005464
0.304403783757133
0.932873072312473
0.454535664602351
0.665941461363599
0.514739673066413
0.564102742548038
0.521061979199214
0.550348656285236
0.384427914226770
0.564144087526193
0.371552446236139
0.508450072999126
0.544521624396277
0.514915991049812
0.680763820172321
0.930594922183060
0.825718202709533
0.632803181441686
0.398690522652351
0.250532654723600
0.392262280839611
0.560276562925877
0.580772650197012
0.475960625837621
0.584195739970262
0.721485277398756
0.426464176896283
0.441949236786533
0.350964916088809
0.540977575513165
0.672657370074526
0.448025512555094
0.654040649411460
0.505118397341603
0.549595323885809
0.867890284440365
0.606908042962589
0.820900218123223
0.326605568259914
0.727253243086496
0.285721824913643
0.349370883822369
0.581783614033123
0.478164601194531
0.456772830406507
0.658381447712187
0.448888980428558
0.572277847921867
0.514944281224227
0.444788436421074
0.679714302958586
0.557488026580382
0.300624817770214
0.432609807429202
0.381726025061729
0.553445139714296
0.399873766450608
0.526834070622442
0.624899413366107
0.792488895511997
0.640918341520803
0.311099528815326
0.768757361047900
0.831142520009406
0.572135605660418
0.796596821684930
0.461567454239131
0.729995331718227
0.0319632358579385
0.523283995473595
0.366684267278938
0.454770418315851
0.382032774878061
0.566411798567936
0.593015416886101
0.469355823754700
0.279192180950336
0.269434836336953
0.282221564884667
0.301773755237168
0.195433075019532
0.829167086916882
0.627462686666569
0.635956034999445
0.244466356139233
0.344938857438384
0.430222396713526
0.723208933594691
0.825288229441472
0.911669214585555
0.468438413701646
0.444656725250449
0.391478451308385
0.631457992953172
0.619622066683457
0.392429761781181
0.503901888764924
0.266920523964791
0.592112319747940
0.650517935010448
0.699818403847261
0.652798882471524
0.503725499404885
0.468874944273991
0.281572684659930
0.671873420940974
0.335475142537454
0.141707983584391
0.436718077342000
0.774623025097574
0.600136283976822
0.484539773476032
0.695674583931848
0.600380643038317
0.572535172442487
0.506072124351782
0.803205404473480
0.673931347651715
0.171739013357771
0.362674459782972
0.523100263138360
0.561499235206858
0.444967972332642
0.505851338041913
0.489651315340795
0.359651293187553
0.788963062948727
0.473995506512139
0.682559692966893
0.259758033371021
0.499891424825473
0.306370679739729
0.454253758728520
0.779005584057663
0.694007888339272
0.383347131750147
0.543840373352300
0.445827341014582
0.731475714630489
0.312469546988605
0.653931420207692
0.383879117146230
0.620530302443991
0.415748348177106
0.402643439017696
0.407482632996393
0.836868556283640
0.482985823126211
0.583669772258152
0.268478586384801
0.415779851776969
0.708511089370359
0.514226481187409
0.107768339125159
0.516108378953767
0.674629134991072
0.706308803725222
0.448607174988936
0.417779863849088
0.679194965531410
0.505410957100875
0.532580431951325
0.390448870452144
0.369377204929844
0.735064570507246
0.902108089047917
0.486338419302687
0.676280429039961
0.790991569583036
0.723616494430323
0.685117435602161
0.604056702882814
0.382290172080076
0.418560287783549
0.504039394876012
0.225204278043024
0.433715025067930
0.846913260897037
0.453760369230501
0.557974148361762
0.573982013639419
0.730282419355487
0.488752358479093
0.608227009304743
0.401193328006268
0.291423063250062
0.578355622752657
0.606132490924881
0.446682220224107
0.557898853087872
0.455309574384669
0.666100275203555
0.476260164620612
0.610905113066621
0.582898801220842
0.809375541902987
0.399157117842624
0.568529732543663
0.314834881791281
0.547187453521240
0.688444323983700
0.258635326322192
0.461012504799267
0.615659106038266
0.698001624529320
0.530164280998521
0.917246091662630
0.501802134822439
0.433099641154501
0.519245503102085
0.375454967746941
0.374208088361627
0.433571107554652
0.638295812506072
0.572971763426040
0.814068491669924
0.646495222075267
0.558415786926599
0.510328967496537
0.442268482935226
0.635956515694094
0.325128088685499
0.336106748073822
0.627508676702275
0.471719098065406
0.561505277990158
0.447612876898776
0.617632031143387
0.474179314096868
0.619825106054597
0.922236907003021
0.314831509545292
0.517387480939616
0.324613648552163
0.622935396071822
0.740020785245472
0.317542205340156
0.537605203434855
0.550418493859388
0.604872595034422
0.447971421141420
0.570020701281284
0.397880336396100
0.592655287932475
0.610711871569489
0.514045117881218
0.373409855560224
0.499077736182426
0.567675678109141
0.457973316227050
0.678671897852914
0.348886809106822
0.425324021863079
0.767956144696509
0.592000234300653
0.636214435069359
0.666879103246425
0.271396732638973
0.496255015312239
0.623083968786488
0.360878040867653
0.582539737958978
0.423188552320925
0.684457044313889
0.682366733397886
0.511449548599226
0.488234169306174
0.803768252382474
0.157707591113820
0.489721349803541
0.525038986907227
0.576618112819082
0.300050074236779
0.363415913782735
0.591585758260265
0.408641737421393
0.346137297886376
0.262857495885762
0.378432234890978
0.534149643691830
0.702935937545880
0.642883754373972
0.357972873382972
0.293990242661518
0.599353510692091
0.522864651532607
0.528024589188033
0.454108244847414
0.458480843708754
0.737210280267020
0.510373480559919
0.634119661362816
0.390319952495124
0.316059786869719
0.402584440462084
0.552895777058891
0.594752828374074
0.769982432143689
0.257828866808678
0.377238835590880
0.505557489795019
0.459419127038559
0.320962705657555
0.666570209132917
0.490173358824390
0.592045057988135
0.556029102747032
0.108648474390689
0.590374195010252
0.455692335401993
0.432430492712013
0.514346414341110
0.578673188797813
0.661785644260028
0.553783443895925
0.224521816073437
0.657205332213622
0.435804533224074
0.673934243158117
0.606367943612956
0.570838144831889
0.485065661677356
0.294741119741873
0.964044115430127
0.594473563354134
0.414296506558559
0.323166661902793
0.420280461356130
0.731204113640394
0.408127733525705
0.521815498499763
0.737330083796071
0.395222763185602
0.509448799375063
0.576480692329152
0.566935978737280
0.596534375678744
0.433258171664931
0.499905979780457
0.660379980200348
0.761543698643108
0.517980071075298
0.450937124397951
0.506050791534894
0.451184121165910
0.436704362542081
0.360669476106399
0.379050216181219
0.527450444965857
0.317708944468789
0.755301497063620
0.367359052096827
0.375221309708022
0.619486208493490
0.600410715703791
0.473360008043161
0.321465133758742
0.158175513495594
0.479266763885142
0.654377376452279
0.509172498494528
0.329901802368528
0.664017889122978
0.593798556474689
0.511171030071494
0.542852488330204
0.540230573043840
0.581352871285701
0.588364983555852
0.394112717981987
0.661717958620526
0.396797030181668
0.494888746969170
0.417622113415335
0.435390368281916
0.160927814637606
0.756910709455983
0.537710192407431
0.515788651844281
0.539004350500021
0.464206152975763
0.462309592087475
0.877349005835357
0.519544855133849
0.633255489526623
0.598283750460649
0.658325405586781
0.435548908287458
0.440827979239366
0.619270989615608
0.389960391559939
0.680510960605609
0.380982354740862
0.789746679442494
0.621715664284581
0.357468215886193
0.693053693743441
0.760817866032480
0.554977142433584
0.489876581387406
0.506931579587429
0.612198929316198
0.429617971677790
0.233852501055944
0.781812522519235
0.930559583297376
0.649699365887377
0.882737157720896
0.524953322747064
0.352884845208533
0.515883388009393
0.631189072075209
0.599761712453482
0.707865800770752
0.638858027861000
0.576225746268287
0.436612961943072
0.464021016915865
0.681771995752371
0.484632628927968
0.311390067420640
0.701726045654373
0.504470325397120
0.382464036053007
0.124034890087151
0.590856394740888
0.477993476331987
0.480631402425650
0.506828939499272
0.536109696238549
0.448177480749232
0.521345971302037
0.143184830046913
0.382069768152691
0.449715776448267
0.632093705410586
0.561608776252806
0.611986599794126
0.663360314592771
0.692309135278661
0.345029437117031
0.592869581709739
0.636234422021042
0.612399961827713
0.571329617678833
0.254217636250980
0.395996570480810
0.461580846073850
0.586805706336248
0.408157362471502
0.307749227551499
0.848246518248864
0.402437112484100
0.857073288473055
0.573457338398777
0.423752978331857
0.536826328644679
0.617243804992128
0.429534421290549
0.342614301893372
0.549252950732366
0.408949089945036
0.453532909495757
0.827837568262751
0.452216049726459
0.779375908828920
0.494595676609319
0.170828390017004
0.452604170470801
0.371817252401942
0.911736630114972
0.510335145751949
0.547503111481410
0.430714557246647
0.714424937851624
0.332918297528259
0.674323890989345
0.501220824887799
0.748334754668214
0.540757791571341
0.705533937150349
0.470972789762344
0.490412661165543
0.568427167428657
0.739512199441588
0.356557538712256
0.261202242657388
0.490769987378261
0.567536346178346
0.747645166789425
0.445324129523466
0.547432812858474
0.650854722037985
0.460167326850229
0.325961687600899
0.506963197504877
0.235137655730654
0.600625145964909
0.340103710907738
0.398514255847235
0.541599056654239
0.580395953288861
0.479603166750084
0.571869731953543
0.688601035895541
0.612317790936291
0.487470991778404
0.558020574298851
0.424635050210706
0.623951951265450
0.466976763064125
0.309591528941231
0.449124008573491
0.448306406088126
0.220202792173333
0.384908547377321
0.698426076260719
0.592312976048058
0.695394429025660
0.434796135819616
0.725405022397487
0.403541822397708
0.808581722751186
0.496115508896844
0.414498364965425
0.671242180736740
0.474161538796611
0.530408454591255
0.633651028305844
0.679362576133615
0.488117720678490
0.327216417164145
0.432172949465307
0.656338806482559
0.767027255710848
0.556589459600509
0.768474813230279
0.568155794413332
0.875801992185885
0.640908370092790
0.390531148634265
0.536362154462665
0.585688634316115
0.704155764734593
0.569311294897484
0.989137786492753
0.353769735875033
0.445140790438044
0.520781928073266
0.354069527071190
0.413756719437625
0.387865370528948
0.599168522699783
0.459469824346126
0.655604570927731
0.547815713098636
0.415006809292443
0.605580132863152
0.272403045797061
0.558310194877596
0.909288293065097
0.475211465293381
0.552818827669474
0.755791614014896
0.429538008618848
0.679748999260848
0.384312849674312
0.712322359109356
0.438852274002042
0.690635369448008
0.664518209427100
0.392562423323648
0.842144509335212
0.426566070260877
0.649208872120340
0.666836660412216
0.529014300163324
0.743630254391681
0.331103517958047
0.358597971501958
0.696617987815133
0.206174822392559
0.624411604332194
0.670237948678590
0.343840949353064
0.525345243750609
0.468717744710240
0.646789635066000
0.441457753976461
0.674824136969612
0.383061429343036
0.700343976756595
0.754436337934760
0.393697474826714
0.274321509305461
0.548773108411248
0.166161136645132
0.677224215591875
0.736686155813796
0.613825309578809
0.421453060950535
0.564938942223218
0.769584007720183
0.725024261681616
0.571777695928631
0.656573765819755
0.682050470529556
0.553379469317638
0.0494781274127166
0.425370188798616
0.503114031746348
0.502600471622798
0.708806434782729
0.297272913377299
0.465524340026018
0.385477835061982
0.422794257325851
0.624173306618306
0.442792858823277
0.418454633558056
0.361309506095097
0.409911401459089
0.670758497022474
0.481504816200909
0.596379629375306
0.765738353613444
0.500944952447052
0.571346430901015
0.819682245933895
0.475909303820825
0.595923617419746
0.454666467408526
0.716941672485553
0.446123203452259
0.446042602045538
0.735320897135994
0.527035465990516
0.402644620031602
0.227173170245388
0.381317120744365
0.449172954944651
0.803485218593774
0.651898649573595
0.599703401690853
0.684935778935096
0.498706766142731
0.613122828950729
0.522504973634028
0.672544502187542
0.505267698477092
0.697766837109211
0.162378225442153
0.929122768926256
0.436792154310414
0.244888032391459
0.369775579612605
0.521844193321168
0.719468758815440
0.440599872864435
0.652147583887105
0.381429943480445
0.625805809706643
0.423084088551086
0.312936655381510
0.692929876453428
0.605487818241148
0.797637955248161
0.863698263066280
0.543385407292798
0.734302703881131
0.520691684199669
0.720147144898150
0.221946206548857
0.353435713634803
0.630251247602261
0.486719417995935
0.487776634089563
0.570008852186102
0.222044115840560
0.485358934129188
0.283438303110118
0.606815294576904
0.537777192939030
0.306858787932628
0.492870135947092
0.502426012509230
0.593737988325842
0.408679552676200
0.312160774446364
0.517178228112454
0.624572817677074
0.574925512665988
0.729448325700929
0.426104393854026
0.409577752126530
0.417678596378286
0.666461356761807
0.612525780526556
0.711292728910170
0.616414324624806
0.594489016165947
0.506132005502889
0.554427225519881
0.887475368606030
0.796295417400230
0.464208780899456
0.371979684024667
0.497201530567187
0.551145592850798
0.236696095678096
0.702531104555873
0.724099965839985
0.528716591328968
0.403810917419752
0.621274762415532
0.611319031417985
0.514463738100486
0.381553114851799
0.657658239349950
0.719189333343515
0.363296143542939
0.770568468627900
0.0247740991283234
0.505826861443596
0.175290385482978
0.417025242392702
0.614587401259108
0.608846390118927
0.432044237302862
0.459810727930652
0.324083889185571
0.260218320170114
0.639371448024744
0.459075960342458
0.538336557338481
0.787619642534099
0.597862771182447
0.519311926033872
0.589542242341870
0.596431216404850
0.414797128004509
0.663487082841709
0.530900738338942
0.503938274594076
0.615515669181045
0.551455699318726
0.427185925182841
0.305892519851024
0.564887219697533
0.600128830336019
0.564451462935894
0.542985637839940
0.519114206960822
0.458615348391014
0.502732570542037
0.642193533356141
0.933739638011535
0.431995471322211
0.656404924700566
0.357727663773899
0.248978128495583
0.511793157741237
0.554499735300234
0.415173862107975
0.364841247842227
0.601363587610223
0.471500728221239
0.533902208354978
0.609087033628879
0.567369699911244
0.532199146429762
0.648089629977982
0.604896121851296
0.456738555261950
0.679543575793094
0.594379037561427
0.564073456595039
0.207615107696400
0.682542453162675
0.342060414816439
0.684742946721634
0.464498169419574
0.502117748761064
0.657335061579924
0.362640276542083
0.572537168026888
0.759584030139935
0.584148366332074
0.270379265350136
0.610706991224131
0.428205215214851
0.607402400419940
0.475298962767272
0.546193893806189
0.410651202391606
0.733849733837959
0.479580352824981
0.309783947114618
0.239346180535095
0.580208416122030
0.767195664953798
0.456931020875707
0.632437407387889
0.443122889986001
0.350159154801981
0.535311640646545
0.485294216971063
0.842291484254515
0.444437008427462
0.566185424161229
0.557817378211149
0.575687877017185
0.553684765432374
0.438957196419516
0.369609884849150
0.626617453404142
0.256845431280105
0.661656769987693
0.492933243691150
0.678231447537115
0.822920674883226
0.499355286053478
0.279492253644565
0.653697056520964
0.581516087842222
0.533256745494367
0.556362743505303
0.452216216245521
0.633389194770437
0.464141604871507
0.715064989007120
0.462856910700973
0.658556933858321
0.663427503096880
0.274151134673228
0.491360480814092
0.810572450899441
0.496121846517412
0.461512875129674
0.584118759188792
0.696416871939080
0.654364955264145
0.544830745724934
0.630746201196568
0.629810301192262
0.508190722872177
0.691256122224858
0.527679816874038
0.782089154120499
0.659531817984830
0.356599226974937
0.418670329174709
0.352691941233598
0.543149451973576
0.283370981348816
0.517532042602650
0.855110927302674
0.603592544424635
0.705582529997586
0.528334057793323
0.442545060207969
0.389012840169705
0.803085724212866
0.637869698578362
0.785305875459452
0.598846092566399
0.390786394908648
0.443539052250023
0.285408354355649
0.264415780091051
0.438818036565535
0.381477320037805
0.601365638113383
0.731068104154366
0.470627301344729
0.330375313869915
0.656912580705067
0.517476205400391
0.605834305183251
0.603966863822255
0.498938402120480
0.593750826581142
0.582899287262154
0.539636465630816
0.393799068456384
0.534462120156212
0.633970669537528
0.498297429035657
0.628738974388711
0.605450766964839
0.793669662085570
0.451647902609272
0.466540946788700
0.485099630311414
0.228084253566209
0.582948610255708
0.555398918853271
0.476265894534081
0.498947486450105
0.515033715629865
0.454527681636053
0.412484251788001
0.343615132073227
0.357264917855021
0.779763238241799
0.526859123543026
0.633913818419629
0.452986368995678
0.154442154476815
0.575592399293055
0.472965265250118
0.589314266979681
0.688331947098317
0.331428401988145
0.564566850282236
0.562202299200027
0.538329500010948
0.512049937275594
0.813596425115022
0.388593955529792
0.553083818110675
0.580033169308331
0.237555539877080
0.586572019594569
0.683306912981637
0.488386812141921
0.505248721873619
0.316020546042909
0.561801722945080
0.706158350621428
0.402517874605547
0.325360775963366
0.391886090649995
0.597373097523994
0.626337821954344
0.581901071733268
0.517387582002352
0.454494130945312
0.586235942113163
0.554124261662787
0.595616020171040
0.350555397352298
0.600036028533590
0.602760222096860
0.758999153521271
0.677502353546213
0.386099262971397
0.783662232389353
0.398504547961430
0.408303874586932
0.159981469607012
0.448406732694671
0.436451140772405
0.563825703565645
0.488959689728669
0.390988680895382
0.487447687330903
0.371416574482779
0.679643471912580
0.368214284748177
0.602427276484986
0.634830083967285
0.192308604038399
0.363110826794432
0.238736411801326
0.665642484346042
0.269400057684150
0.596664490136378
0.512612818363474
0.662424276164374
0.473326381509756
0.225916887582510
0.408783580733729
0.616370485387209
0.548958457596241
0.704697092515286
0.629386719263435
0.333064806493495
0.823830747368561
0.629327880277672
0.187984363984956
0.602242838537046
0.524152435794400
0.247345395702829
0.342416257218460
0.307442151571025
0.572424876998140
0.416491938858973
0.362948108901779
0.541603621128489
0.759207120690949
0.576114612558603
0.606956950739217
0.416979750028570
0.402483408646749
0.252524364690146
0.595461784960358
0.532645740232292
0.524268743579861
0.698969853326385
0.811210823020251
0.639575091190394
0.423112533347814
0.601004713959426
0.639384073915312
0.563722338798664
0.673652397573275
0.755297328755399
0.584614292241125
0.207149429140040
0.389787125476822
0.229506319474499
0.764746970985414
0.523747927331012
0.657884334304444
0.512928185894076
0.527552689876714
0.500640159413318
0.721882849899283
0.708094531769723
0.582784861907833
0.444646376925073
0.444373748011232
0.422529535201020
0.613397679096218
0.647162420476129
0.673780280055613
0.664220427305369
0.426587125984347
0.661032170687543
0.581364272463419
0.415490351601593
0.482670239529354
0.511500353195264
0.530031914267692
0.545678748088953
0.467745245235690
0.444261025682101
0.613028914542394
0.763638311892757
0.566920611537323
0.566485553111194
0.629336690437851
0.479210846164111
0.511527376142268
0.533473925823333
0.757395324322321
0.510551006865336
0.584559502602027
0.513920896024118
0.550868820126262
0.259577439595486
0.661980275651407
0.598951531887638
0.398896617501917
0.191063714116161
0.641319679675038
0.556293683126334
0.591580342950766
0.583442639193014
0.627241407478379
0.718237431415458
0.596547969056435
0.347338049716671
0.617657013625772
0.509149307347516
0.586034224153428
0.589342409252045
0.601918677211390
0.286232077087263
0.411596568203816
0.379941882055480
0.757190592861367
0.535760876720817
0.599749586294145
0.597357519202887
0.312545914261992
0.412179048036313
0.440953939406303
0.741693083473977
0.414260146243336
0.424068746661024
0.601014800090358
0.589172274959702
0.613095610109714
0.682638982469393
0.623928069166004
0.208781708232016
0.562746577729113
0.748889337084032
0.322623311814345
0.551178529233396
0.759784805632537
0.398409900519878
0.539704359113287
0.351956850814666
0.634164288921856
0.454628567792568
0.391436015579958
0.847641431515381
0.617242015174663
0.675578668897232
0.604028590925578
0.606740928169974
0.541878723369261
0.392406133174079
0.527086663396617
0.553142130688654
0.677173400897072
0.400303433885255
0.540653725487587
0.665139367284985
0.471933554101562
0.548500062045169
0.619354736619494
0.400106839771153
0.587191121383225
0.00999117753156165
0.534958527059202
0.557211729198044
0.149526093417425
0.722466723935495
0.680194314812656
0.647449151369537
0.654285393641624
0.479616718386138
0.369915780472015
0.470741860726866
0.587751411462170
0.761102884478807
0.324165117457842
0.629359038536487
0.281404403334329
0.638314891407601
0.515539210783948
0.265962894762501
0.685773720018463
0.377901479898481
0.342925508968836
0.435087749244438
0.454504645443859
0.571722430885648
0.601524385085889
0.874405177834023
0.905631643907428
0.638502699880687
0.436726131682372
0.790922071318364
0.494804149650760
0.407743483761375
0.581125849831903
0.192223310451271
0.263132272531110
0.387385844555823
0.398973015422211
0.620239225782500
0.507430764232897
0.688015626176913
0.486220126950344
0.682922088799985
0.634013762229142
0.562792301259800
0.375281586399830
0.541081842135870
0.515218285153761
0.482043227051520
0.324080203883509
0.429186593438157
0.463789680495605
0.480226136569463
0.365861446435640
0.455549106233148
0.439588744374967
0.672276616134660
0.466451370918728
0.706395023445688
0.433423392775661
0.647587227036225
0.572985941550328
0.203858083069138
0.612123005541028
0.195731299308760
0.604322903861720
0.710830876353400
0.503057555205605
0.582038270817931
0.563662768801197
0.413389375632384
0.652427667399793
0.442533221535548
0.752606566787735
0.447442144155923
0.544004835745574
0.462853297519790
0.418430582446728
0.547511337548401
0.336865023257572
0.359544838389627
0.325192171923522
0.452963638666711
0.667901996612934
0.535107229624287
0.702365793136694
0.847927695452043
0.459844862840951
0.409325983891603
0.536930200991922
0.471054575012491
0.697421516973219
0.429607245817349
0.686864707690101
0.562369561548986
0.620261364769750
0.467059198131786
0.164699627271132
0.394463667250751
0.532697753279948
0.223014516398970
0.549399273739611
0.437250522623259
0.609769027187149
0.713495039285670
0.224195339253989
0.466076562243463
0.498926372737098
0.311039975433531
0.310350621636883
0.302753065916681
0.729221579100512
0.819079922427061
0.486835745544736
0.454152818246389
0.550687292031780
0.656394658318521
0.659821852708397
0.700071468425923
0.659627739084794
0.144269270741934
0.747874837464451
0.203835168137153
0.235925184046680
0.616614965606766
0.544832488247557
0.539418442204850
0.530687925374177
0.294907934443383
0.414742347061745
0.344491668129120
0.884622740862491
0.300634457037846
0.287802623829876
0.594700350698444
0.467285277555527
0.353278966467815
0.584435345208185
0.633074393452265
0.663699804717544
0.433894693390744
0.503918506128118
0.491079174769637
0.572553576552576
0.644833625790356
0.772447853987664
0.355450606181342
0.427534420594400
0.481538310793441
0.909088873533223
0.465968185867326
0.728527453618686
0.418525168734158
0.409528188333267
0.891731449735383
0.786432135891763
0.584884122833258
0.531426145026517
0.473192678844913
0.643998173958317
0.652272732272595
0.234767043298806
0.277395393287259
0.458445288349040
0.660580944294621
0.581579064894490
0.855488066129814
0.373790951876408
0.576022231473042
0.452006760123623
0.316216132307595
0.710013935776243
0.565527587256542
0.449522159647637
0.379996762939568
0.465511567984155
0.297041209931675
0.591274935508613
0.421927631038719
0.638692665813290
0.447684126960066
0.497894070840095
0.282186254993188
0.239182985206337
0.391091783896284
0.434779760892985
0.295599265376247
0.462787425021319
0.273650747913834
0.331389153296535
0.302180255399617
0.732959769362922
0.453366559863922
0.565955410485388
0.481257315497527
0.787126276272446
0.631094988702280
0.718049016840913
0.568818950863993
0.606841429821574
0.486758486452715
0.411242397739502
0.355301038500575
0.382706524611908
0.769201217390850
0.246867610049675
0.712102113062327
0.538534244188866
0.665387340030489
0.509288168760372
0.468334033752424
0.638311063365496
0.474065560232469
0.551984985572372
0.719369960570229
0.684579197953217
0.421799373939059
0.504566921313155
0.677339548301967
0.370174196190942
0.638710433231962
0.709770234136608
0.530642507725567
0.557385249854496
0.691971928716931
0.862127031503285
0.655402783830685
0.470079461518043
0.530557107214937
0.427287041150055
0.533667644700018
0.309575827856941
0.282278692787376
0.583545103990139
0.576114860288468
0.312558332902038
0.573112350528869
0.547287979295135
0.694973191779634
0.586745701709241
0.435121549025774
0.336077088248016
0.288438736107839
0.578149678857623
0.611030250388796
0.436670307091609
0.499150781885936
0.476394828793389
0.313262818489929
0.299771799521416
0.347504553011872
0.601691945739076
0.408967274652059
0.418423510590431
0.160710297064158
0.623841758698141
0.553732127113678
0.550159277577156
0.631026800804698
0.674966277032289
0.487681965881693
0.358682945475181
0.396331130281299
0.620674130279976
0.598144615397386
0.287575608432772
0.483976697314407
0.526391699665886
0.646929557942209
0.366911270123020
0.524164615031987
0.302140708113714
0.653914670940451
0.487818608132431
0.417858833095750
0.311620243778192
0.309982829073064
0.755956758341327
0.401319283714347
0.795072111617337
0.465454271087696
0.800850707022794
0.466899205837360
0.292137196431256
0.574311167195283
0.551593408355693
0.734735647337829
0.399394858488638
0.654048484098276
0.468831877083954
0.825498558112334
0.681978230997525
0.616776056777406
0.406826518400335
0.194540446894243
0.404220226029396
0.544069598318259
0.337512308440591
0.693505488669045
0.738872495728540
0.462886604407301
0.517754575627891
0.105174183393595
0.452974507059829
0.524042849564188
0.430635014032220
0.603981418476958
0.739193052477412
0.557478377700898
0.432118953375526
0.757125678813309
0.293158162849881
0.579962146542922
0.782263878715235
0.536215002768743
0.795275779950406
0.435303934851430
0.540357844830579
0.739199488582843
0.406712202333969
0.676265130064978
0.360373877484030
0.505410496132700
0.708843818603930
0.613381636369289
0.528650923969607
0.573143245491343
0.308734202389899
0.420507336931903
0.227082966191624
0.688658813057892
0.192197909921501
0.549546600238010
0.346558246765871
0.564425746924530
0.578283967792321
0.633331686737841
0.452541950897756
0.744411602309327
0.651162842191860
0.331159150248758
0.439532929727281
0.735714390517847
0.339690927850220
0.655190398356303
0.332238759670292
0.643739201331797
0.594903911919079
0.646380305100073
0.761155161126500
0.385371286976474
0.211926865116288
0.680470899070722
0.519340089309283
0.337669505247916
0.320118465097719
0.342970093631234
0.379936476348645
0.826346913121265
0.441786345396977
0.568870392855192
0.692459629465261
0.422175105396092
0.623868501076806
0.490669948968222
0.452838782214073
0.591405367869859
0.487045920023803
0.346296788484092
0.842084434729475
0.536941163769606
0.532846467862746
0.459139758114627
0.397190511531329
0.699813075421085
0.433347159444303
0.544937060432979
0.549959683728214
0.806846737783649
0.434153383613025
0.432327884311077
0.452569193910601
0.552257456955924
0.481488522750767
0.422660667396544
0.600966463430827
0.430218106934727
0.803569923920410
0.528867422583471
0.501457687867698
0.556404688282696
0.574540952308866
0.664675248784621
0.713051806013057
0.374901088294686
0.320236671676544
0.453954816655574
0.572233727473116
0.481713471399386
0.753875150534590
0.283801585498754
0.911219417625882
0.596996805857532
0.576215433450634
0.366961574955035
0.234949572040219
0.558259312491058
0.237218998656453
0.616652342692294
0.406366818199072
0.427274768974681
0.798462118443818
0.388348629656462
0.659900524307831
0.257465560536400
0.452202290246248
0.814395762933892
0.432931477743639
0.348265389004222
0.572243874290905
0.587857834574771
0.708199072470834
0.726592442482422
0.278455976003487
0.639487815737595
0.697024042258949
0.522675601874183
0.305778438212868
0.321716064947693
0.398834494913907
0.649073292295822
0.493279579620179
0.676420519244086
0.367016966700284
0.626571234140244
0.368307616751922
0.683477343138621
0.547561515562763
0.802993841662808
0.306214905062185
0.763345106958164
0.473737030422900
0.296425409265282
0.812044514619809
0.589576148347729
0.498612173736610
0.567830993723059
0.468565913103410
0.408275273068287
0.253421796230261
0.370649948277212
0.479514976709469
0.710002893708420
0.506752301453004
0.584698528043391
0.485414121609133
0.682697433618326
0.642912433215302
0.351089379694673
0.323548297827511
0.594165155946418
0.481275864325924
0.336954651694113
0.578939683236497
0.578034050127844
0.739617593557818
0.571739479830561
0.524091038025362
0.559955842767793
0.853128275944923
0.537064845544554
0.469245931630562
0.855752423769242
0.897320770993263
0.725584506413778
0.630702872797145
0.596047022831581
0.626783124577334
0.504684848500608
0.490202881423368
0.408415274917965
0.713711339917466
0.773690771331398
0.783244680447612
0.335816580848624
0.285097600426352
0.377280104912700
0.540547175659051
0.299746628983691
0.169781836876184
0.322625218217344
0.572267045823037
0.282534866236469
0.593224052208103
0.559589643287520
0.304386390518577
0.420575525083206
0.470294628631461
0.351956527422204
0.629660893951313
0.508539646631298
0.202607255639822
0.603368826797598
0.713090410145484
0.361422949810461
0.666876380129841
0.426143528024215
0.223402784845404
0.541819094360359
0.764572710815752
0.644445490542686
0.492264452956340
0.619526405127660
0.522519045757230
0.506763149537351
0.774076577052220
0.560766442293813
0.651873362928371
0.618147271901470
0.363055248994737
0.608294253098239
0.487784932451197
0.352724981416674
0.586001764026221
0.528840779903770
0.292821122369432
0.539007261525400
0.454572035633718
0.694271695704606
0.163113426525115
0.400147205850097
0.712912676977652
0.408499088918543
0.455951259613678
0.467245455449163
0.660797628922811
0.557709503420122
0.668249746374471
0.317310221380799
0.394287641213281
0.581278946072447
0.292685785463169
0.631368284399630
0.570634135181335
0.659893712784320
0.375295091853675
0.628954369431541
0.638255803372027
0.713462511351411
0.502040950750989
0.391614692031739
0.449481317654281
0.457288837831644
0.507091098784097
0.474761017425675
0.579673910408814
0.769490835355364
0.442198483915419
0.422083344835274
0.748865440311188
0.754614309151504
0.452547753219736
0.307280281109402
0.650431536792276
0.354924241847649
0.514751916695045
0.506365709949926
0.571282471381325
0.352167409900003
0.568878542296640
0.355932265886866
0.343135793239490
0.506722707674460
0.434870880473809
0.776422178482509
0.536312539431078
0.508386785400839
0.451949652096625
0.517932473513831
0.649678350618437
0.380456506261471
0.218012255574790
0.615377580327808
0.571342260914327
0.495843642208526
0.742684064213735
0.520899797616693
0.744128477992144
0.528605866621449
0.756095590488964
0.613083973320238
0.609058521000625
0.127369146242526
0.545540544037721
0.495559812660420
0.580714027646620
0.546842245960793
0.407411355496936
0.550211333183592
0.699711408568575
0.131029742657390
0.350711993890503
0.647400048313260
0.211816291309099
0.363377838279925
0.457138076040262
0.733175662848783
0.574995407161129
0.196293712807333
0.453188828845047
0.394648928927399
0.436916695388177
0.229430257746780
0.678617399525308
0.641880491676382
0.621071021845766
0.673818378801378
0.642014660814027
0.347254644937826
0.483999057394586
0.232405254218065
0.0714009951958636
0.149229491754383
0.379819477658288
0.368670569009109
0.535863625866038
0.497920952489699
0.566775232976722
0.437621469517744
0.566379756429695
0.563303033481101
0.348045724632500
0.309548033149076
0.241825742665723
0.380057682962040
0.539255201181815
0.685349548876487
0.450985338004294
0.393729956002078
0.294233611386990
0.779043788655264
0.422166034574614
0.579593472273377
0.402390498868146
0.420662310840044
0.631585490476790
0.372336631132588
0.674090231974143
0.324782897791445
0.845809687899983
0.591161468245016
0.440919519289039
0.702910521291038
0.237577820431179
0.640200717480477
0.725601243937305
0.576919421065775
0.620880511662802
0.515680607295072
0.639175001218965
0.150325549136130
0.395054517335747
0.322409424963329
0.379911504896354
0.773927046958268
0.690606330703449
0.359635412968487
0.594338169220149
0.254632161769379
0.367148360377525
0.390034548063554
0.587861806889246
0.695405169081297
0.693244730245522
0.527485850130431
0.650431265133308
0.436536638170953
0.814988714349500
0.888661154469660
0.315585928594030
0.461198850754992
0.433550689955616
0.407371378854890
0.643270113899412
0.476076551844545
0.371038754224240
0.378096299130480
0.723213950524621
0.778736823080080
0.536634644949934
0.205249788793802
0.498089724328032
0.348426567608445
0.787558560418659
0.434438398359283
0.723457349646730
0.724759884717958
0.647639261856150
0.736946108901119
0.199243724990157
0.799664127804689
0.305949547094308
0.441387450320032
0.525173685832326
0.821871968790275
0.556531906843096
0.436217162247133
0.353701039658455
0.371807605994439
0.433793056404409
0.503882741096788
0.488697187794721
0.500454383230386
0.575090518213093
0.508983156571648
0.179583982755958
0.246438781565093
0.489855241309801
0.844763484066088
0.546541176255256
0.740351322685407
0.458766091514161
0.443845950169355
0.711652908050948
0.649521757922509
0.488093892379478
0.714256012439773
0.500622087604452
0.516671400843947
0.500329051457200
0.512289722170562
0.609405898810493
0.326251019068771
0.626829326805436
0.354389972412528
0.528458267977688
0.429433264062349
0.565914420414366
0.413496173999646
0.792684201918463
0.291619886583573
0.389146602649242
0.579116471733692
0.444250013849668
0.359567605909851
0.392452070736782
0.795132437876939
0.446604749879171
0.418384654694052
0.594096864671428
0.124029752861933
0.309096615514179
0.452390121065023
0.411605651007153
0.609345841262220
0.611549786544900
0.692195179695666
0.552952578065703
0.557411277717614
0.541896124794718
0.697011840663891
0.508802096932185
0.483611412551602
0.567396129899789
0.450375788179501
0.331212800326260
0.478921037156215
0.410658209089180
0.586969773945941
0.648223277487614
0.502355099360761
0.577813443698436
0.438593714227363
0.521238825927581
0.454660548312255
0.676498321577851
0.631464229443889
0.364532392708334
0.298011729875038
0.542372366501315
0.631847532897384
0.681778310640168
0.620842342936889
0.718476991283407
0.376730344755914
0.399402901133468
0.713970523732405
0.514939061701293
0.391364008453232
0.622801072174330
0.715221520285784
0.659654783510147
0.686380868615712
0.544688215880200
0.403974415980679
0.541710206557277
0.686593985201034
0.407061403250102
0.619027437886570
0.699654621879311
0.518585026063480
0.514368318093974
0.774299048166892
0.580801566430983
0.664331804151273
0.490971924261986
0.457566061236422
0.481741174795054
0.620060191661745
0.394814967194727
0.525903884768633
0.347412567516646
0.361492137216648
0.780712908754938
0.581873402389677
0.505767855047167
0.614939179662210
0.541397393267178
0.590826947278495
0.649019795185263
0.576569583396058
0.530628362883852
0.524101546066566
0.338918319488384
0.744457538223125
0.503379470715146
0.501150348391852
0.235623851973788
0.533884265671306
0.807691455843594
0.436861783272158
0.631584932230886
0.344303285203103
0.644446519768475
0.642609393529986
0.545755149666186
0.380768574822951
0.758999531424246
0.403226040163415
0.209835407989643
0.569913178650569
0.572241147439005
0.517641660930481
0.567779878324757
0.622138591774934
0.493613060807237
0.568302816057217
0.500638440500138
0.348239260541552
0.469772701453930
0.548103265066882
0.352226162249476
0.312582170089563
0.443363841152833
0.601242413335968
0.513009432066661
0.529507037984124
0.285768575038542
0.304131427890395
0.464660177959724
0.463889847247668
0.863330128176890
0.635601469600840
0.588350994827188
0.714679682174772
0.534455841891651
0.480673929548389
0.715387133462990
0.422659065736950
0.377456091875307
0.593437466616630
0.427483799885605
0.373373709239196
0.437446896745739
0.447547034466768
0.140223125741585
0.414028903601933
0.598352054968398
0.851689285436334
0.427740703418540
0.577041157807922
0.824747542314502
0.526756931107242
0.448585888860233
0.568094888576885
0.546782212118200
0.354208327031214
0.550256426793319
0.367753772210994
0.428899445610162
0.541031633393712
0.668329689494576
0.619859536531791
0.530133321000904
0.723733995688898
0.785848500305518
0.515094553155358
0.442515429398331
0.754780114341976
0.528379984059974
0.710394702689559
0.405938583179310
0.342385410878459
0.350129926299320
0.558907496406270
0.516669146980713
0.479784926843413
0.637054878863397
0.512443763073809
0.614155462393016
0.758299465810569
0.672479156260070
0.257114426589352
0.812556645691260
0.718757264375124
0.585115525811995
0.174174945111909
0.838474170464221
0.484486772035339
0.490213628555861
0.533830269960998
0.550024544541051
0.798979242913956
0.694618380699880
0.520713901399419
0.710765089115562
0.486255756061131
0.272524928476976
0.451438944517654
0.457050532974234
0.514678859865232
0.525180110909811
0.614477608177509
0.477004997932981
0.772860710479904
0.433498109423394
0.632544380924317
0.737183873300369
0.563068340643803
0.734784869855782
0.283352428649955
0.552036173090819
0.106191769642970
0.370472788761863
0.493364552044680
0.416481774001081
0.543617056887617
0.453282143762180
0.615334620938583
0.564070387568243
0.419385041168786
0.292928212891759
0.112240874133281
0.392532316752423
0.526379104853432
0.575937676842961
0.348956495054787
0.356589781041017
0.454414459271570
0.318955299938925
0.493886870495348
0.440093328064077
0.581727780516906
0.409398918681868
0.591597206571241
0.395044621098781
0.325351559367532
0.746290450621078
0.552629019047811
0.497425862372373
0.339164130696930
0.550463153098562
0.339849740143155
0.417788586217336
0.360603836798935
0.460529825943270
0.468293148074758
0.757447129948526
0.719040383525958
0.655311629050798
0.305089515982645
0.498285621883601
0.489029000483673
0.495543911223072
0.829845466526653
0.418733477157423
0.337611156346127
0.660770838035677
0.265648614999764
0.800832790714536
0.661669008823933
0.801966858632551
0.642624175453532
0.572589937827476
0.880949951787752
0.554333366277268
0.528208142968826
0.426232002321384
0.396453942849693
0.526976872907080
0.616356550405120
0.874299996592952
0.463269426976095
0.409614512112714
0.467802405688182
0.322555525372925
0.582144830354906
0.481488080743463
0.718266830991397
0.500963355703061
0.721055258960893
0.411740392835606
0.659059237088785
0.696593438418163
0.501189266062105
0.564790078291442
0.322643600899941
0.425031535684947
0.566758693174277
0.537850859611475
0.741978036148104
0.595430996583266
0.529677822101519
0.583468413345265
0.317488955003715
0.258828078834163
0.635552310641482
0.458591732142869
0.295897434525387
0.751404322401130
0.280135971186514
0.297630619131120
0.558681695099258
0.505982348192747
0.231058823739210
0.273339564244371
0.419064354340832
0.352377166237020
0.581619906660269
0.520599991391258
0.338792240479933
0.504493130744317